drug,fold,cell_line,y_true,y_pred,y_pred_raw
TEMOZOLOMIDE,1,A4FUK,3.4097700119018555,5.0087819881551425,4.942514896392822
TEMOZOLOMIDE,1,ABC1,6.72040319442749,6.660455858988609,6.674953460693359
TEMOZOLOMIDE,1,BV173,5.567756652832031,4.594252277998562,4.507715225219727
TEMOZOLOMIDE,1,CMK,4.673585891723633,5.116769441395998,5.055782794952393
TEMOZOLOMIDE,1,CORL279,5.2376298904418945,5.86479553867839,5.840386390686035
TEMOZOLOMIDE,1,CORL95,6.537144184112549,6.087226780139162,6.073694229125977
TEMOZOLOMIDE,1,DMS114,6.056763648986816,5.939632562190456,5.918882846832275
TEMOZOLOMIDE,1,DMS273,5.534334659576416,5.6408863684035815,5.605528354644775
TEMOZOLOMIDE,1,DMS53,6.471475601196289,6.096297562552713,6.0832085609436035
TEMOZOLOMIDE,1,EJM,5.6864848136901855,5.052722525666502,4.9886040687561035
TEMOZOLOMIDE,1,EPLC272H,6.2480788230896,6.465236964768487,6.470188617706299
TEMOZOLOMIDE,1,HL60,5.273847579956055,4.7852665079304595,4.708069801330566
TEMOZOLOMIDE,1,L540,2.28165602684021,5.202372023888432,5.145571231842041
TEMOZOLOMIDE,1,LCLC103H,5.686863899230957,6.3163848480106655,6.31405782699585
TEMOZOLOMIDE,1,LXF289,6.039905548095703,6.653959973161554,6.668139934539795
TEMOZOLOMIDE,1,NAMALWA,5.2238030433654785,4.88776003016005,4.815575122833252
TEMOZOLOMIDE,1,NCIH1435,5.31058406829834,6.184802358994333,6.176041126251221
TEMOZOLOMIDE,1,NCIH1436,5.968494415283203,5.790880004463785,5.762856483459473
TEMOZOLOMIDE,1,NCIH1648,6.701506614685059,6.3843923038287125,6.385390758514404
TEMOZOLOMIDE,1,NCIH1781,6.372109889984131,6.421394622465936,6.4242024421691895
TEMOZOLOMIDE,1,NCIH1876,5.214768886566162,5.940118537552562,5.9193925857543945
TEMOZOLOMIDE,1,NCIH1915,6.94765043258667,5.113043933358156,5.051875114440918
TEMOZOLOMIDE,1,NCIH2122,5.8979644775390625,6.476515320950404,6.48201847076416
TEMOZOLOMIDE,1,NCIH2172,6.514775276184082,6.4380523485821755,6.441674709320068
TEMOZOLOMIDE,1,NCIH2227,4.836418151855469,5.954767353355289,5.934757709503174
TEMOZOLOMIDE,1,NCIH23,6.094064712524414,6.025240599972269,6.008677005767822
TEMOZOLOMIDE,1,NCIH2405,7.1152167320251465,6.235582010956123,6.22930383682251
TEMOZOLOMIDE,1,NCIH292,4.507862091064453,6.728468770096034,6.7462921142578125
TEMOZOLOMIDE,1,NCIH358,6.8638176918029785,6.355922966993841,6.355529308319092
TEMOZOLOMIDE,1,NCIH526,6.00433349609375,5.699818950341045,5.667342662811279
TEMOZOLOMIDE,1,NCIH82,5.744772911071777,4.6898812277606226,4.608020305633545
TEMOZOLOMIDE,1,NOMO1,5.3032145500183105,4.4254592601337395,4.3306684494018555
TEMOZOLOMIDE,1,NUDUL1,4.528750419616699,4.789130216632548,4.712122440338135
TEMOZOLOMIDE,1,OCIAML3,5.630563735961914,4.893173495652986,4.821253299713135
TEMOZOLOMIDE,1,OCIM1,3.745516538619995,5.096168904881687,5.034174919128418
TEMOZOLOMIDE,1,SHP77,5.788435935974121,5.705010567399269,5.672788143157959
TEMOZOLOMIDE,1,SIGM5,4.402650833129883,4.549659833406512,4.460942268371582
TEMOZOLOMIDE,1,ST486,5.313599109649658,4.910036704335803,4.8389410972595215
TEMOZOLOMIDE,1,SUDHL1,6.075472831726074,4.656990833492194,4.573521614074707
TEMOZOLOMIDE,1,SUDHL6,4.701321125030518,4.908511496347156,4.83734130859375
TEMOZOLOMIDE,1,WSUDLCL2,4.721316337585449,4.685482446092026,4.6034064292907715
TEMOZOLOMIDE,2,A549,6.627472400665283,6.287881233643111,6.388845920562744
TEMOZOLOMIDE,2,BL41,4.876925945281982,5.053668331837636,4.999870777130127
TEMOZOLOMIDE,2,CAL12T,6.184326171875,6.129880447724456,6.211032867431641
TEMOZOLOMIDE,2,DB,5.102636337280273,4.469740262171099,4.342721939086914
TEMOZOLOMIDE,2,DMS79,5.839200019836426,5.565524254516159,5.5759100914001465
TEMOZOLOMIDE,2,EBC1,6.217489719390869,6.189415102843761,6.2780327796936035
TEMOZOLOMIDE,2,GRANTA519,6.01926326751709,5.116853646975218,5.070979118347168
TEMOZOLOMIDE,2,HCC366,6.407286643981934,6.158819216130704,6.243600368499756
TEMOZOLOMIDE,2,HT,5.770486831665039,5.305427015718699,5.283198356628418
TEMOZOLOMIDE,2,JEKO1,4.716091156005859,5.109073537962267,5.062223434448242
TEMOZOLOMIDE,2,JURLMK1,4.34712553024292,4.836941323867789,4.755967617034912
TEMOZOLOMIDE,2,JVM3,2.5745155811309814,4.991435086461088,4.929833889007568
TEMOZOLOMIDE,2,K562,5.7643327713012695,4.885227403991135,4.810308456420898
TEMOZOLOMIDE,2,KG1,5.898159503936768,4.644777461508375,4.539707660675049
TEMOZOLOMIDE,2,KMH2,5.257656574249268,4.329962269435593,4.1854166984558105
TEMOZOLOMIDE,2,KNS62,5.948481559753418,5.934396840559658,5.991036891937256
TEMOZOLOMIDE,2,KOPN8,4.3948140144348145,5.111734841998339,5.065218448638916
TEMOZOLOMIDE,2,L1236,5.138418197631836,5.182514682457135,5.14487361907959
TEMOZOLOMIDE,2,MEG01,4.864975452423096,5.0778725975693,5.0271100997924805
TEMOZOLOMIDE,2,NALM6,4.402769565582275,4.950558371674277,4.88383150100708
TEMOZOLOMIDE,2,NCIH1155,5.413079261779785,5.9118560487406855,5.965669631958008
TEMOZOLOMIDE,2,NCIH1437,5.781734943389893,5.930981337958993,5.9871931076049805
TEMOZOLOMIDE,2,NCIH146,5.239551544189453,5.541578873797398,5.548962116241455
TEMOZOLOMIDE,2,NCIH1623,7.1330413818359375,6.4617121389840975,6.584474086761475
TEMOZOLOMIDE,2,NCIH1792,5.919497966766357,6.188442695143907,6.276938438415527
TEMOZOLOMIDE,2,NCIH196,6.721863269805908,6.074076533257531,6.148231506347656
TEMOZOLOMIDE,2,NCIH1963,5.833661079406738,5.531840390758859,5.5380024909973145
TEMOZOLOMIDE,2,NCIH1975,6.313241481781006,6.382324689626593,6.495131969451904
TEMOZOLOMIDE,2,NCIH2085,6.765407085418701,6.229018154211939,6.322601795196533
TEMOZOLOMIDE,2,NCIH211,5.616934299468994,5.886305241976283,5.936914920806885
TEMOZOLOMIDE,2,NCIH2228,7.640270233154297,6.300067048653048,6.402559757232666
TEMOZOLOMIDE,2,NCIH2347,7.366124153137207,6.080843134985928,6.15584659576416
TEMOZOLOMIDE,2,NCIH441,6.975308418273926,6.275928033808433,6.375393867492676
TEMOZOLOMIDE,2,NCIH838,6.222471714019775,5.796819582287351,5.836208343505859
TEMOZOLOMIDE,2,OCIAML2,3.69931697845459,4.881318282667015,4.805909156799316
TEMOZOLOMIDE,2,P12ICHIKAWA,4.784165859222412,4.88045561509538,4.804938316345215
TEMOZOLOMIDE,2,PF382,5.364531993865967,4.905045454250516,4.832611560821533
TEMOZOLOMIDE,2,RCHACV,3.9382801055908203,5.3262183210920515,5.306596755981445
TEMOZOLOMIDE,2,SUDHL4,3.8974714279174805,5.0534009726835585,4.999569892883301
TEMOZOLOMIDE,2,SUPB15,5.168129920959473,4.874365673539823,4.798084735870361
TEMOZOLOMIDE,2,SW1271,7.191267967224121,6.222822709598751,6.315629482269287
TEMOZOLOMIDE,3,697,5.206569671630859,4.936698956349968,4.782774925231934
TEMOZOLOMIDE,3,A3KAW,4.904812812805176,5.034713981578016,4.9010210037231445
TEMOZOLOMIDE,3,ALLSIL,4.560120582580566,4.959703515178594,4.810527801513672
TEMOZOLOMIDE,3,AMO1,4.360506057739258,5.092275180622237,4.970463275909424
TEMOZOLOMIDE,3,CA46,5.889260768890381,5.2162251759904725,5.119997501373291
TEMOZOLOMIDE,3,CALU3,6.662729263305664,6.289839897061186,6.415214538574219
TEMOZOLOMIDE,3,CALU6,6.752689361572266,5.9848866083508145,6.047316551208496
TEMOZOLOMIDE,3,CHAGOK1,6.196004390716553,6.028489025916877,6.099918842315674
TEMOZOLOMIDE,3,CORL311,5.846322059631348,5.41667653490774,5.361823558807373
TEMOZOLOMIDE,3,CORL88,6.359736919403076,5.706168287377807,5.711068630218506
TEMOZOLOMIDE,3,EHEB,6.117613792419434,5.051140727478805,4.920838356018066
TEMOZOLOMIDE,3,GA10,5.6260504722595215,5.133383151764337,5.020056247711182
TEMOZOLOMIDE,3,HARA,6.359165191650391,5.8941438568915006,5.9378437995910645
TEMOZOLOMIDE,3,HH,5.643000602722168,4.897912705742546,4.735982894897461
TEMOZOLOMIDE,3,IALM,6.289035320281982,5.981790980971243,6.043581962585449
TEMOZOLOMIDE,3,JVM2,2.919757604598999,5.06096159743542,4.9326863288879395
TEMOZOLOMIDE,3,KARPAS422,5.565334320068359,5.59153916597089,5.572779178619385
TEMOZOLOMIDE,3,KMS11,5.449413776397705,5.198488163904383,5.098599433898926
TEMOZOLOMIDE,3,L428,5.925203800201416,5.111584512130689,4.993758201599121
TEMOZOLOMIDE,3,LP1,5.55292272567749,4.755424914188245,4.564084529876709
TEMOZOLOMIDE,3,MHHCALL2,4.347033500671387,4.860342650927635,4.690658092498779
TEMOZOLOMIDE,3,MM1S,4.9010090827941895,5.219503410603108,5.123952388763428
TEMOZOLOMIDE,3,MOLM16,3.708336591720581,5.124957132295785,5.009891033172607
TEMOZOLOMIDE,3,NCIH1048,5.6473612785339355,5.871262221979504,5.910239219665527
TEMOZOLOMIDE,3,NCIH1341,5.978311061859131,5.784999276536541,5.80617094039917
TEMOZOLOMIDE,3,NCIH1793,7.5977630615234375,6.442986891778445,6.599972248077393
TEMOZOLOMIDE,3,NCIH2066,7.577147483825684,5.669850001193016,5.6672539710998535
TEMOZOLOMIDE,3,NCIH2171,5.356459140777588,5.690464065334252,5.692122936248779
TEMOZOLOMIDE,3,NCIH446,5.63621711730957,5.785677531973638,5.8069891929626465
TEMOZOLOMIDE,3,NCIH650,6.567277908325195,5.929786259161702,5.9808430671691895
TEMOZOLOMIDE,3,OCILY19,4.840954303741455,5.024939356310294,4.889228820800781
TEMOZOLOMIDE,3,PL21,4.809865951538086,5.821051952200511,5.84966516494751
TEMOZOLOMIDE,3,REH,4.8692097663879395,4.7818590898162245,4.595974922180176
TEMOZOLOMIDE,3,RERFLCKJ,6.493074893951416,5.95099280867602,6.006426811218262
TEMOZOLOMIDE,3,RERFLCMS,6.1294379234313965,6.558873710621751,6.739778995513916
TEMOZOLOMIDE,3,RPMI8226,5.3245744705200195,5.253656496738705,5.165154933929443
TEMOZOLOMIDE,3,RS411,4.395728588104248,6.524037626004042,6.697752475738525
TEMOZOLOMIDE,3,SKMES1,6.788904666900635,6.423209579828546,6.576112747192383
TEMOZOLOMIDE,3,SUDHL5,4.24633264541626,5.6600097638025915,5.6553826332092285
TEMOZOLOMIDE,3,SUDHL8,4.12258768081665,5.096485028326503,4.975542068481445
TEMOZOLOMIDE,3,SW1573,7.084134101867676,6.206837399812055,6.315079689025879
TEMOZOLOMIDE,4,BEN,6.89132022857666,6.194309553044606,6.235499858856201
TEMOZOLOMIDE,4,CMLT1,4.776937961578369,4.5518491870881554,4.509815692901611
TEMOZOLOMIDE,4,CORL23,5.6815924644470215,6.169673705004662,6.209615707397461
TEMOZOLOMIDE,4,DAUDI,5.795583724975586,5.049783957236467,5.032980918884277
TEMOZOLOMIDE,4,DOHH2,3.871613025665283,5.154723783680916,5.143238067626953
TEMOZOLOMIDE,4,GDM1,4.800105571746826,5.21317305135898,5.204648971557617
TEMOZOLOMIDE,4,HCC15,6.324864387512207,6.397739218417272,6.44923734664917
TEMOZOLOMIDE,4,HCC827,7.058113098144531,6.179086366212562,6.219505310058594
TEMOZOLOMIDE,4,HEL,4.630255222320557,5.076914115112409,5.061485767364502
TEMOZOLOMIDE,4,JURKAT,5.121821880340576,4.9961658264223425,4.9766459465026855
TEMOZOLOMIDE,4,KCL22,5.400291442871094,5.072568588060064,5.056920051574707
TEMOZOLOMIDE,4,KMS12BM,3.0121359825134277,4.7374633261485695,4.704834938049316
TEMOZOLOMIDE,4,LAMA84,4.924138069152832,4.855125221974883,4.828458786010742
TEMOZOLOMIDE,4,LCLC97TM1,6.298832416534424,6.1504571716939145,6.189425468444824
TEMOZOLOMIDE,4,LOUNH91,6.6301350593566895,6.231014393345962,6.274064540863037
TEMOZOLOMIDE,4,ME1,5.508216381072998,4.959319387746017,4.93793249130249
TEMOZOLOMIDE,4,MOLM13,4.724510192871094,4.680805368682058,4.64530611038208
TEMOZOLOMIDE,4,MOLT13,4.922064781188965,4.404451632518273,4.354949474334717
TEMOZOLOMIDE,4,NCIH1092,6.576354026794434,5.624431462388217,5.636745929718018
TEMOZOLOMIDE,4,NCIH1650,7.607629776000977,6.3928236671374865,6.444072723388672
TEMOZOLOMIDE,4,NCIH1651,5.9918293952941895,6.4932586683577505,6.549596786499023
TEMOZOLOMIDE,4,NCIH1836,5.764304161071777,5.60361740894961,5.614877223968506
TEMOZOLOMIDE,4,NCIH2029,5.960740566253662,5.632457639507876,5.64517879486084
TEMOZOLOMIDE,4,NCIH2081,5.9793477058410645,5.696472358699559,5.712437152862549
TEMOZOLOMIDE,4,NCIH209,5.222054481506348,5.709896520023979,5.726541519165039
TEMOZOLOMIDE,4,NCIH2110,5.48345422744751,6.216863632667933,6.259196758270264
TEMOZOLOMIDE,4,NCIH2196,5.7895379066467285,6.061119489270929,6.0955610275268555
TEMOZOLOMIDE,4,NCIH2291,7.235568523406982,6.6447689295749806,6.708784103393555
TEMOZOLOMIDE,4,NCIH460,5.302921295166016,6.428278175634225,6.481323719024658
TEMOZOLOMIDE,4,NCIH524,5.6545610427856445,5.8176719446953795,5.839777946472168
TEMOZOLOMIDE,4,NCIH596,7.041560649871826,6.481611748175574,6.537359714508057
TEMOZOLOMIDE,4,NCIH647,2.7396130561828613,6.759190854891979,6.829003810882568
TEMOZOLOMIDE,4,NCIH661,6.093578815460205,6.068158562334311,6.102956771850586
TEMOZOLOMIDE,4,NCIH727,7.455270290374756,5.95022027737224,5.9790425300598145
TEMOZOLOMIDE,4,NCIH841,6.1653218269348145,5.954279884628974,5.983307838439941
TEMOZOLOMIDE,4,P31FUJ,4.222895622253418,5.290944597288072,5.286361217498779
TEMOZOLOMIDE,4,RPMI8402,4.487245559692383,5.0081190892426735,4.9892048835754395
TEMOZOLOMIDE,4,SKLU1,4.846196174621582,6.514196166533511,6.571595191955566
TEMOZOLOMIDE,4,SKM1,3.7140910625457764,4.991540733347621,4.9717864990234375
TEMOZOLOMIDE,4,SUPT1,5.063771724700928,4.8802557566453295,4.854862689971924
TEMOZOLOMIDE,5,COLO668,5.88445520401001,5.815719470854592,5.83129358291626
TEMOZOLOMIDE,5,CORL105,7.008891582489014,6.432957482185205,6.484226226806641
TEMOZOLOMIDE,5,DND41,4.966397285461426,4.795860592650972,4.7524566650390625
TEMOZOLOMIDE,5,EM2,5.711075782775879,5.205010402695715,5.185267448425293
TEMOZOLOMIDE,5,HCC33,6.6338300704956055,5.669586811221295,5.67671012878418
TEMOZOLOMIDE,5,HCC44,5.900536060333252,5.857366952042308,5.875349521636963
TEMOZOLOMIDE,5,HCC78,6.7137980461120605,5.8604948405170845,5.878658294677734
TEMOZOLOMIDE,5,HDLM2,5.159648895263672,5.106223399521736,5.080767631530762
TEMOZOLOMIDE,5,JM1,4.65104866027832,5.264422252942729,5.248115062713623
TEMOZOLOMIDE,5,KU812,4.222205638885498,4.9748367574234384,4.9417829513549805
TEMOZOLOMIDE,5,L363,5.397364616394043,4.9580266670644,4.9240007400512695
TEMOZOLOMIDE,5,LOUCY,5.164520263671875,4.590385050480221,4.535098552703857
TEMOZOLOMIDE,5,LU65,7.006933212280273,5.965269412881215,5.989491939544678
TEMOZOLOMIDE,5,MOLP8,4.559380054473877,5.0635499673081386,5.035626411437988
TEMOZOLOMIDE,5,MOLT16,4.227993965148926,4.673107986558709,4.622605323791504
TEMOZOLOMIDE,5,MONOMAC6,3.7168920040130615,4.774595548869795,4.72996187210083
TEMOZOLOMIDE,5,NB4,3.954848051071167,4.833346571259189,4.792110443115234
TEMOZOLOMIDE,5,NCIH1105,4.926669597625732,5.741759040045046,5.753056049346924
TEMOZOLOMIDE,5,NCIH1568,6.067563056945801,6.492979223354019,6.5477190017700195
TEMOZOLOMIDE,5,NCIH1944,6.715048789978027,6.38652959210932,6.435113430023193
TEMOZOLOMIDE,5,NCIH2009,6.380624771118164,6.606898553390406,6.66822624206543
TEMOZOLOMIDE,5,NCIH2023,6.001236915588379,6.127671239661311,6.161285400390625
TEMOZOLOMIDE,5,NCIH2030,6.0082478523254395,6.149079177324388,6.183931350708008
TEMOZOLOMIDE,5,NCIH2087,6.722061634063721,6.026723248254434,6.054499626159668
TEMOZOLOMIDE,5,NCIH2170,5.400665283203125,5.8682877409280865,5.88690185546875
TEMOZOLOMIDE,5,NCIH2342,6.685586929321289,5.776756321107617,5.790077209472656
TEMOZOLOMIDE,5,NCIH2444,6.765665054321289,6.08695955563077,6.118219375610352
TEMOZOLOMIDE,5,NCIH522,6.3025360107421875,5.984641676188896,6.009984493255615
TEMOZOLOMIDE,5,NCIH69,5.979258060455322,5.399077874320328,5.390557765960693
TEMOZOLOMIDE,5,NCIH810,5.180846691131592,6.041260559583378,6.069877624511719
TEMOZOLOMIDE,5,NCIH929,5.515226364135742,5.184800159178406,5.163888454437256
TEMOZOLOMIDE,5,OCIAML5,5.161295413970947,4.066371774009061,3.9807817935943604
TEMOZOLOMIDE,5,OPM2,5.115579605102539,5.290274776333042,5.275462627410889
TEMOZOLOMIDE,5,RAJI,5.537637233734131,4.7893447217902,4.745563983917236
TEMOZOLOMIDE,5,RL,5.917250156402588,4.739201590784915,4.692521095275879
TEMOZOLOMIDE,5,SBC5,5.5000762939453125,6.056515495707227,6.086014747619629
TEMOZOLOMIDE,5,SKMM2,5.849410533905029,5.091459351212994,5.065149784088135
TEMOZOLOMIDE,5,SUDHL10,4.713738441467285,5.060218331090085,5.032102108001709
TEMOZOLOMIDE,5,SUPM2,3.0753250122070312,5.232583963439638,5.214435577392578
TEMOZOLOMIDE,5,THP1,4.884252548217773,4.885162056528983,4.846922397613525
OLAPARIB,1,AMO1,4.40307092666626,3.1492879173366877,3.0294249057769775
OLAPARIB,1,BV173,1.3066129684448242,2.9717255682834764,2.7970328330993652
OLAPARIB,1,CAL12T,3.714121103286743,3.4482357787793827,3.420685291290283
OLAPARIB,1,CORL279,1.8438440561294556,3.7461141378595695,3.8105459213256836
OLAPARIB,1,CORL311,3.2829129695892334,3.284842195567349,3.2068371772766113
OLAPARIB,1,DND41,3.420628070831299,3.0348808577666513,2.879689931869507
OLAPARIB,1,EBC1,4.300568103790283,4.080237533059475,4.2478437423706055
OLAPARIB,1,EHEB,4.513337135314941,3.170116343775478,3.056684970855713
OLAPARIB,1,GDM1,4.192355155944824,3.250315358439825,3.161648750305176
OLAPARIB,1,HARA,3.7808170318603516,3.525243592219675,3.521472454071045
OLAPARIB,1,HCC15,4.488855361938477,3.7197298005786488,3.7760143280029297
OLAPARIB,1,HCC33,4.764308929443359,2.986899895875811,2.8168928623199463
OLAPARIB,1,HH,4.835765838623047,2.5408582064399843,2.2331173419952393
OLAPARIB,1,HL60,3.4739298820495605,3.3172529810098275,3.249256134033203
OLAPARIB,1,JURKAT,2.6650679111480713,3.1027950775373707,2.9685754776000977
OLAPARIB,1,KMS11,4.038886070251465,3.600280905395063,3.619680643081665
OLAPARIB,1,MOLP8,3.392080068588257,3.507720950037816,3.4985389709472656
OLAPARIB,1,MONOMAC6,3.3026649951934814,3.3659522273182065,3.312993288040161
OLAPARIB,1,NB4,2.349273920059204,3.218409539876732,3.1198906898498535
OLAPARIB,1,NCIH1105,2.49530291557312,3.5334099559411696,3.532160520553589
OLAPARIB,1,NCIH1155,2.9632370471954346,3.7819070355252355,3.857391357421875
OLAPARIB,1,NCIH1341,3.4622130393981934,3.528730814792576,3.526036500930786
OLAPARIB,1,NCIH1568,4.2579755783081055,3.659538914424566,3.697237014770508
OLAPARIB,1,NCIH1650,4.470430850982666,3.746698529543938,3.8113107681274414
OLAPARIB,1,NCIH1876,1.3801189661026,3.582586844081349,3.596522808074951
OLAPARIB,1,NCIH1915,3.939929962158203,3.6628246603132673,3.7015373706817627
OLAPARIB,1,NCIH2030,4.026554107666016,4.030783933270744,4.183119297027588
OLAPARIB,1,NCIH2081,3.331890106201172,3.5970492631005815,3.6154510974884033
OLAPARIB,1,NCIH2228,4.738545894622803,3.8767240398130705,3.9814870357513428
OLAPARIB,1,NCIH2342,4.26907205581665,3.399058890639204,3.356323003768921
OLAPARIB,1,NCIH2444,4.85365104675293,3.647542125532493,3.6815357208251953
OLAPARIB,1,NCIH292,2.8764355182647705,4.361600269044832,4.6160888671875
OLAPARIB,1,NCIH441,5.296687126159668,3.7843076320391407,3.8605332374572754
OLAPARIB,1,NCIH650,4.849461078643799,4.03764434188462,4.192098140716553
OLAPARIB,1,OCIAML2,1.7784290313720703,3.16614929336697,3.051492929458618
OLAPARIB,1,OCIAML5,2.77559757232666,3.449594744479317,3.422463893890381
OLAPARIB,1,P12ICHIKAWA,3.0477566719055176,2.483491637204371,2.158036470413208
OLAPARIB,1,SHP77,3.806260108947754,3.692733382231806,3.7406816482543945
OLAPARIB,1,SUDHL6,3.0105090141296387,2.919110278322083,2.728170394897461
OLAPARIB,1,SUDHL8,1.4634560346603394,3.0226312211009176,2.8636577129364014
OLAPARIB,1,SUPT1,3.2643001079559326,2.52107815099357,2.2072293758392334
OLAPARIB,2,A3KAW,2.496955156326294,3.841462859677828,3.8191492557525635
OLAPARIB,2,ALLSIL,3.0693631172180176,2.9396326894745997,2.8087706565856934
OLAPARIB,2,CORL105,3.6286349296569824,4.151005454371912,4.165949821472168
OLAPARIB,2,DAUDI,2.8734850883483887,3.448149578222539,3.37849497795105
OLAPARIB,2,DMS114,3.7119369506835938,3.5140295815949014,3.4523046016693115
OLAPARIB,2,DMS53,4.071601867675781,3.8342307002534155,3.811046600341797
OLAPARIB,2,EPLC272H,4.2327880859375,4.047737410581897,4.0502519607543945
OLAPARIB,2,HCC366,3.9729185104370117,4.094990214344499,4.103192329406738
OLAPARIB,2,HCC44,3.1642885208129883,4.01872194866635,4.017744064331055
OLAPARIB,2,HEL,3.598891496658325,2.963623625388386,2.835649251937866
OLAPARIB,2,JVM3,2.24908709526062,3.7665286651319922,3.7351956367492676
OLAPARIB,2,KNS62,3.732089042663574,3.971611723889017,3.964963436126709
OLAPARIB,2,L428,3.8866350650787354,3.367380711112379,3.2880043983459473
OLAPARIB,2,L540,2.4288530349731445,3.6615596753281667,3.6175920963287354
OLAPARIB,2,LAMA84,3.2450339794158936,3.7124203658314334,3.674574613571167
OLAPARIB,2,LOUCY,3.2427849769592285,3.4220982695693922,3.3493080139160156
OLAPARIB,2,LP1,3.730889081954956,3.5124320585465254,3.450514793395996
OLAPARIB,2,LU65,5.92929220199585,3.75837378558799,3.7260591983795166
OLAPARIB,2,MOLM13,2.2769479751586914,2.7224853205192874,2.565486431121826
OLAPARIB,2,MOLT13,2.2494070529937744,2.4935598633585023,2.309006452560425
OLAPARIB,2,NCIH1092,4.870373249053955,2.9883208592903916,2.863319158554077
OLAPARIB,2,NCIH1651,1.5969610214233398,4.4978694816890386,4.554563999176025
OLAPARIB,2,NCIH1944,4.533949375152588,4.22676937349023,4.250833034515381
OLAPARIB,2,NCIH1963,3.6879215240478516,3.2371907756412552,3.142144203186035
OLAPARIB,2,NCIH1975,4.496391773223877,4.119776826117866,4.130962371826172
OLAPARIB,2,NCIH2009,3.6037750244140625,4.1736993471286645,4.191375255584717
OLAPARIB,2,NCIH2029,4.039730072021484,3.7662052023594423,3.734833240509033
OLAPARIB,2,NCIH2085,3.4979939460754395,4.126582738217663,4.138587474822998
OLAPARIB,2,NCIH2170,4.501124858856201,3.978523612607714,3.9727072715759277
OLAPARIB,2,NCIH2171,2.8820579051971436,3.3136622695745253,3.2278201580047607
OLAPARIB,2,NCIH2172,5.027032375335693,4.198337421392006,4.2189788818359375
OLAPARIB,2,NCIH23,2.598694086074829,4.055872924920437,4.059366703033447
OLAPARIB,2,NCIH522,6.117648601531982,3.872812360862669,3.8542721271514893
OLAPARIB,2,NCIH841,3.9966349601745605,3.7713333641310918,3.7405786514282227
OLAPARIB,2,OPM2,3.7902181148529053,3.396902434827857,3.3210794925689697
OLAPARIB,2,RPMI8226,3.100374937057495,3.3765223649171143,3.298246383666992
OLAPARIB,2,RS411,2.0364019870758057,4.401615898365332,4.446724891662598
OLAPARIB,2,ST486,3.482469081878662,2.745978081202456,2.5918068885803223
OLAPARIB,2,SUPB15,0.3340129852294922,3.0176406315774815,2.8961679935455322
OLAPARIB,2,SW1573,3.743604898452759,4.1747795425454175,4.192585468292236
OLAPARIB,2,THP1,3.860685110092163,3.4935075711122567,3.4293124675750732
OLAPARIB,3,697,0.6951836347579956,3.151484253344005,3.052428722381592
OLAPARIB,3,A4FUK,3.6303229331970215,3.106993537036065,3.0007219314575195
OLAPARIB,3,ABC1,4.859859943389893,3.726516822326631,3.7207274436950684
OLAPARIB,3,BL41,3.0221939086914062,3.1189309513040686,3.0145955085754395
OLAPARIB,3,CMK,3.0633394718170166,3.2696845537067785,3.189800262451172
OLAPARIB,3,COLO668,3.925457000732422,3.390841410426838,3.3306078910827637
OLAPARIB,3,CORL23,3.1534674167633057,3.6143317971170865,3.5903468132019043
OLAPARIB,3,DMS273,2.04447865486145,3.4691985648587402,3.4216740131378174
OLAPARIB,3,DMS79,3.2405529022216797,3.514820042937521,3.4746949672698975
OLAPARIB,3,EM2,3.815643072128296,3.3669659664544533,3.3028600215911865
OLAPARIB,3,GA10,3.877859115600586,3.4411678996112496,3.389096975326538
OLAPARIB,3,HCC78,4.763959884643555,3.753807938193882,3.7524449825286865
OLAPARIB,3,JEKO1,3.4577174186706543,3.0065416012172097,2.8839774131774902
OLAPARIB,3,KARPAS422,4.472655773162842,3.658296110176845,3.641441822052002
OLAPARIB,3,KMS12BM,3.415842056274414,3.3677412111445855,3.3037610054016113
OLAPARIB,3,KOPN8,1.2810114622116089,3.1406154417727197,3.039797067642212
OLAPARIB,3,L363,3.8743364810943604,3.2973754980739147,3.221982479095459
OLAPARIB,3,LCLC103H,4.097171783447266,4.326060170768633,4.4175124168396
OLAPARIB,3,ME1,3.9335389137268066,3.4227831738530448,3.3677303791046143
OLAPARIB,3,MHHCALL2,2.7677578926086426,2.7090320659742684,2.5382139682769775
OLAPARIB,3,NAMALWA,3.1419010162353516,3.3458562935623437,3.2783265113830566
OLAPARIB,3,NCIH1436,4.480844974517822,3.149764108669023,3.050429582595825
OLAPARIB,3,NCIH1793,5.372661113739014,4.1060474099019135,4.161815166473389
OLAPARIB,3,NCIH196,4.580589771270752,3.9362905681816587,3.964524984359741
OLAPARIB,3,NCIH211,2.163992404937744,3.1262091019038323,3.0230541229248047
OLAPARIB,3,NCIH2110,3.834649085998535,3.8933809079273964,3.9146556854248047
OLAPARIB,3,NCIH446,3.707557439804077,3.22219440564059,3.1346075534820557
OLAPARIB,3,NCIH69,3.819581985473633,2.925887227933733,2.7902414798736572
OLAPARIB,3,NCIH929,3.7275400161743164,3.505298216451022,3.4636287689208984
OLAPARIB,3,NOMO1,3.370598077774048,3.4470945519261256,3.3959848880767822
OLAPARIB,3,PF382,3.8372631072998047,2.9696822959896916,2.841139793395996
OLAPARIB,3,PL21,4.570310115814209,3.4625512365458664,3.4139485359191895
OLAPARIB,3,RAJI,3.7070178985595703,2.862806435262978,2.7169294357299805
OLAPARIB,3,RCHACV,1.5713474750518799,3.318629183078348,3.246683359146118
OLAPARIB,3,SBC5,3.4794886112213135,3.9834647922407544,4.019350528717041
OLAPARIB,3,SIGM5,2.6304540634155273,3.1726675734559495,3.077047824859619
OLAPARIB,3,SKLU1,3.452787399291992,3.797974524676363,3.8037750720977783
OLAPARIB,3,SKM1,3.027637481689453,3.3993518697997223,3.340498685836792
OLAPARIB,3,SUDHL1,4.284554958343506,3.329475223503668,3.2592885494232178
OLAPARIB,3,SUDHL5,1.0164320468902588,3.3036199207050156,3.2292397022247314
OLAPARIB,3,SW1271,4.535501956939697,4.085580457733325,4.138028621673584
OLAPARIB,4,CA46,4.079376220703125,3.4662551778400505,3.424372434616089
OLAPARIB,4,CALU3,4.531649112701416,3.565007236377457,3.5820350646972656
OLAPARIB,4,CHAGOK1,4.5495829582214355,4.018344869440705,4.305811405181885
OLAPARIB,4,CMLT1,1.4169410467147827,2.949565012126558,2.5994505882263184
OLAPARIB,4,EJM,3.8657829761505127,3.6087379335353176,3.651853322982788
OLAPARIB,4,GRANTA519,3.692828893661499,3.3938591527274538,3.308788537979126
OLAPARIB,4,HCC827,4.050180912017822,3.8336628324828443,4.01095724105835
OLAPARIB,4,HT,4.060614585876465,3.5223590583638957,3.5139451026916504
OLAPARIB,4,IALM,4.503911018371582,3.8773458922276776,4.080699443817139
OLAPARIB,4,JM1,2.405493974685669,3.5075587562708743,3.4903156757354736
OLAPARIB,4,JURLMK1,3.1844863891601562,3.329766522839088,3.2064614295959473
OLAPARIB,4,JVM2,3.1511659622192383,3.6876580442288396,3.77785325050354
OLAPARIB,4,KMH2,3.4734175205230713,3.199659190513553,2.9987385272979736
OLAPARIB,4,MEG01,3.1140758991241455,3.6231990990609915,3.674941301345825
OLAPARIB,4,MM1S,3.2206454277038574,3.637973267776961,3.698529005050659
OLAPARIB,4,MOLM16,2.0755369663238525,3.633605260469644,3.6915552616119385
OLAPARIB,4,NCIH1048,1.6129440069198608,3.7791911680228956,3.923990488052368
OLAPARIB,4,NCIH1437,4.663337230682373,3.86117694784503,4.054884910583496
OLAPARIB,4,NCIH1623,3.146622896194458,3.7134101726433664,3.818967819213867
OLAPARIB,4,NCIH1781,4.285407066345215,3.9251628042214395,4.157041549682617
OLAPARIB,4,NCIH1836,4.518640995025635,3.448445057378517,3.39593768119812
OLAPARIB,4,NCIH2023,3.167038917541504,3.879006183005208,4.08335018157959
OLAPARIB,4,NCIH2087,3.4920709133148193,3.902548921056939,4.120937347412109
OLAPARIB,4,NCIH209,0.8144919872283936,3.6776132700914252,3.7618162631988525
OLAPARIB,4,NCIH2122,3.2415504455566406,3.7585771602040223,3.8910791873931885
OLAPARIB,4,NCIH2196,3.702558994293213,3.716567084591287,3.824007987976074
OLAPARIB,4,NCIH2227,3.596898078918457,3.5740104087723576,3.5964090824127197
OLAPARIB,4,NCIH2291,5.3564958572387695,3.8700375066680164,4.069031238555908
OLAPARIB,4,NCIH2405,4.284059047698975,3.719864967441707,3.829273223876953
OLAPARIB,4,NCIH460,2.7931559085845947,3.6945748771334657,3.788896322250366
OLAPARIB,4,NCIH596,3.963118553161621,3.779475499165225,3.9244444370269775
OLAPARIB,4,NCIH647,2.7222704887390137,3.725770662654783,3.8387019634246826
OLAPARIB,4,NCIH727,4.363997936248779,3.7820529968104997,3.9285595417022705
OLAPARIB,4,NCIH82,4.242812633514404,3.3877231851291514,3.298992156982422
OLAPARIB,4,OCIAML3,3.8123679161071777,3.58424244722305,3.6127450466156006
OLAPARIB,4,P31FUJ,3.2859749794006348,3.3832779723593425,3.2918951511383057
OLAPARIB,4,RL,3.760345935821533,3.404706445540749,3.3261067867279053
OLAPARIB,4,RPMI8402,2.949899911880493,3.2244367679644026,3.038297176361084
OLAPARIB,4,SUDHL4,3.273993968963623,3.095918942297982,2.8331120014190674
OLAPARIB,4,SUPM2,1.3024330139160156,3.378958498466551,3.284998893737793
OLAPARIB,5,A549,3.2347230911254883,4.0122981168773695,4.202420234680176
OLAPARIB,5,BEN,5.086228847503662,3.096604931333105,2.973806619644165
OLAPARIB,5,CALU6,4.357745170593262,3.822559681131028,3.9478423595428467
OLAPARIB,5,CORL88,3.7056119441986084,3.511587892148424,3.530601978302002
OLAPARIB,5,CORL95,4.626766204833984,3.4621830475344013,3.4643139839172363
OLAPARIB,5,DB,2.959984064102173,3.294713681307822,3.2396152019500732
OLAPARIB,5,DOHH2,0.24862700700759888,3.5486404594400547,3.5803165435791016
OLAPARIB,5,HDLM2,3.5369160175323486,3.5680546840730094,3.606365203857422
OLAPARIB,5,K562,4.2492241859436035,3.3171332583353097,3.2696962356567383
OLAPARIB,5,KCL22,3.6340343952178955,3.3192869194848247,3.272585868835449
OLAPARIB,5,KG1,4.2064127922058105,3.0777321427993725,2.948484420776367
OLAPARIB,5,KU812,2.924823045730591,2.9917511306909015,2.8331210613250732
OLAPARIB,5,L1236,4.1497907638549805,3.7223462028698835,3.813382863998413
OLAPARIB,5,LCLC97TM1,3.125793933868408,3.711490115884036,3.7988169193267822
OLAPARIB,5,LOUNH91,4.451174736022949,3.8673051900188593,4.00787878036499
OLAPARIB,5,LXF289,4.084269046783447,3.882206677147434,4.027872562408447
OLAPARIB,5,MOLT16,1.6349430084228516,2.902141768168904,2.7128894329071045
OLAPARIB,5,NALM6,2.2974350452423096,3.144246865694294,3.037729263305664
OLAPARIB,5,NCIH1435,3.704982042312622,3.641015464052073,3.704258918762207
OLAPARIB,5,NCIH146,3.061906099319458,3.3963234854198645,3.375948190689087
OLAPARIB,5,NCIH1648,4.809979438781738,3.6459713724233582,3.7109084129333496
OLAPARIB,5,NCIH1792,3.3917484283447266,3.8839477309381065,4.030208587646484
OLAPARIB,5,NCIH2066,5.401173114776611,3.3689664802817805,3.339242458343506
OLAPARIB,5,NCIH2347,3.6950790882110596,3.578827787580571,3.6208198070526123
OLAPARIB,5,NCIH358,4.723379135131836,3.797864011226961,3.9147074222564697
OLAPARIB,5,NCIH524,3.035475015640259,3.1286383308995545,3.016786813735962
OLAPARIB,5,NCIH526,2.855201005935669,3.1060826396442995,2.986523151397705
OLAPARIB,5,NCIH661,5.217538833618164,3.4727980026572216,3.4785563945770264
OLAPARIB,5,NCIH810,3.683518886566162,3.2393212322305933,3.1652934551239014
OLAPARIB,5,NCIH838,4.1581220626831055,3.5899344242546043,3.6357219219207764
OLAPARIB,5,NUDUL1,2.265810966491699,2.9217932153789707,2.7392563819885254
OLAPARIB,5,OCILY19,1.495224952697754,3.0076398902078183,2.8544394969940186
OLAPARIB,5,OCIM1,2.8607285022735596,2.7034645724831887,2.4463181495666504
OLAPARIB,5,REH,2.408996105194092,2.3719862688440267,2.001563549041748
OLAPARIB,5,RERFLCKJ,5.036983966827393,4.0754124718055325,4.287102699279785
OLAPARIB,5,RERFLCMS,3.427949905395508,3.9004534468503302,4.05235481262207
OLAPARIB,5,SKMES1,4.334650993347168,3.9242609980724437,4.084298133850098
OLAPARIB,5,SKMM2,4.797709941864014,3.2696409430077753,3.2059743404388428
OLAPARIB,5,SUDHL10,3.10319447517395,3.5641590806587504,3.6011383533477783
OLAPARIB,5,WSUDLCL2,2.5167605876922607,3.3003046709454735,3.247116804122925
PLX-4720,1,A549,3.4421510696411133,4.104324906063814,4.149297714233398
PLX-4720,1,BL41,3.5278968811035156,3.4808885282057482,3.4592125415802
PLX-4720,1,BV173,2.9944260120391846,3.5477735552273773,3.533247947692871
PLX-4720,1,CMK,3.4318225383758545,3.490897362979024,3.4702913761138916
PLX-4720,1,CORL95,5.271581649780273,4.61327247422741,4.7126545906066895
PLX-4720,1,DMS273,4.2695488929748535,3.9135007459923403,3.9380733966827393
PLX-4720,1,EBC1,2.5418694019317627,3.9934660974977323,4.02658748626709
PLX-4720,1,EHEB,4.388335227966309,3.7571339187704575,3.7649900913238525
PLX-4720,1,EJM,4.521431922912598,3.7742857979524906,3.783975601196289
PLX-4720,1,GDM1,4.377754211425781,3.3790477512805266,3.346484422683716
PLX-4720,1,HARA,3.8698859214782715,3.9473728588178507,3.9755666255950928
PLX-4720,1,HCC33,3.9180378913879395,3.8363992463235994,3.852729320526123
PLX-4720,1,HL60,4.560887813568115,3.8119923189004483,3.8257131576538086
PLX-4720,1,IALM,3.536983013153076,3.7800425795438084,3.7903478145599365
PLX-4720,1,JURLMK1,3.3418760299682617,3.47578589207381,3.453564405441284
PLX-4720,1,LOUCY,3.229541063308716,3.501697978690291,3.4822466373443604
PLX-4720,1,MEG01,3.1109800338745117,3.568757473220019,3.5564751625061035
PLX-4720,1,MOLT13,3.92372989654541,3.3319339853742576,3.2943339347839355
PLX-4720,1,MOLT16,2.5611050128936768,3.5257583404090824,3.5088791847229004
PLX-4720,1,NCIH1436,4.293838977813721,4.2994709063204875,4.3653059005737305
PLX-4720,1,NCIH1623,5.5293288230896,4.27634814591374,4.3397111892700195
PLX-4720,1,NCIH1648,2.709777593612671,3.692878827889435,3.6938657760620117
PLX-4720,1,NCIH1651,4.457982540130615,4.280788236298872,4.344625949859619
PLX-4720,1,NCIH1792,3.3833980560302734,3.959752943957379,3.9892702102661133
PLX-4720,1,NCIH1836,5.206600189208984,4.328606549389082,4.397556304931641
PLX-4720,1,NCIH1963,4.953086853027344,4.044456272963583,4.083028793334961
PLX-4720,1,NCIH1975,4.041454315185547,4.386956668992896,4.462144374847412
PLX-4720,1,NCIH2030,3.276132583618164,4.246120465479635,4.3062520027160645
PLX-4720,1,NCIH2122,2.545802593231201,3.878897808160681,3.899771213531494
PLX-4720,1,NCIH2291,5.816341876983643,4.1499824067574185,4.199836254119873
PLX-4720,1,NCIH23,4.546818733215332,4.07840291141601,4.120604515075684
PLX-4720,1,NCIH2342,4.251833915710449,4.235889346177522,4.29492712020874
PLX-4720,1,NCIH2444,5.295472621917725,3.5647468744535904,3.5520358085632324
PLX-4720,1,NCIH460,3.5067224502563477,3.95282249143812,3.9815988540649414
PLX-4720,1,NCIH650,4.195916175842285,4.196303745549741,4.251109600067139
PLX-4720,1,NCIH841,4.407626628875732,4.298770451584266,4.364530563354492
PLX-4720,1,P31FUJ,3.872775077819824,3.652189774120923,3.648826837539673
PLX-4720,1,RS411,2.998745918273926,4.221625227342509,4.279138088226318
PLX-4720,1,SKMES1,2.890096426010132,3.876571143935388,3.897195816040039
PLX-4720,1,SKMM2,5.174736976623535,3.6621529457933133,3.6598551273345947
PLX-4720,1,SW1573,4.599557876586914,4.300322566230394,4.366248607635498
PLX-4720,2,A3KAW,2.658134937286377,3.8676304153841436,3.822620153427124
PLX-4720,2,CA46,4.129932880401611,3.725104368032379,3.6550464630126953
PLX-4720,2,DMS114,5.15036678314209,4.009873176868766,3.989860773086548
PLX-4720,2,GA10,3.5705859661102295,3.6447685922986914,3.5605924129486084
PLX-4720,2,HCC366,4.159908771514893,3.6801756756230604,3.602221965789795
PLX-4720,2,HCC44,3.673405408859253,3.9559478768848995,3.9264585971832275
PLX-4720,2,HDLM2,3.3675990104675293,4.119084238456153,4.118264675140381
PLX-4720,2,HH,3.7508718967437744,3.5816838511316056,3.4864211082458496
PLX-4720,2,JEKO1,3.0493860244750977,3.7900449662188547,3.7313997745513916
PLX-4720,2,JVM2,2.829667091369629,3.796279283111788,3.73872971534729
PLX-4720,2,JVM3,2.0085370540618896,3.9111100306233832,3.8737409114837646
PLX-4720,2,KARPAS422,4.8281660079956055,4.128804776270999,4.129693508148193
PLX-4720,2,KNS62,2.751844882965088,4.0118135938069805,3.9921422004699707
PLX-4720,2,KOPN8,3.6493020057678223,3.786510888844081,3.7272446155548096
PLX-4720,2,L1236,4.006653785705566,3.7080325923824224,3.634974479675293
PLX-4720,2,ME1,4.941098213195801,3.8997216143137283,3.860351085662842
PLX-4720,2,MOLM16,1.8355439901351929,3.715808860409036,3.6441173553466797
PLX-4720,2,NALM6,3.485867977142334,3.9100819280132098,3.8725321292877197
PLX-4720,2,NCIH1092,5.131642818450928,4.514215502690688,4.582836627960205
PLX-4720,2,NCIH1105,4.735436916351318,4.586383033603785,4.667686939239502
PLX-4720,2,NCIH146,3.484513998031616,3.7141600433827398,3.642178773880005
PLX-4720,2,NCIH1781,4.435152053833008,4.19628683599856,4.2090349197387695
PLX-4720,2,NCIH1944,4.441686630249023,4.198320735245117,4.211426258087158
PLX-4720,2,NCIH2009,3.2592129707336426,4.434457046115021,4.48906135559082
PLX-4720,2,NCIH2023,4.100792407989502,4.174008440502684,4.1828413009643555
PLX-4720,2,NCIH2029,5.073337078094482,4.498151551492914,4.5639495849609375
PLX-4720,2,NCIH2066,5.790404796600342,4.088278066398495,4.08204460144043
PLX-4720,2,NCIH2087,4.001265525817871,3.5450876566226097,3.4433934688568115
PLX-4720,2,NCIH2170,4.12122106552124,3.897555907040227,3.857804775238037
PLX-4720,2,NCIH2171,3.4593350887298584,4.347444281299444,4.386756896972656
PLX-4720,2,NCIH596,4.952596187591553,4.683721842031838,4.782132148742676
PLX-4720,2,NCIH727,4.657020092010498,3.7957380590749925,3.738093376159668
PLX-4720,2,NCIH810,4.483374118804932,3.900113185544546,3.860811471939087
PLX-4720,2,OCILY19,2.9199559688568115,3.7453302083763473,3.6788268089294434
PLX-4720,2,P12ICHIKAWA,3.412353038787842,3.4959242764799083,3.385590076446533
PLX-4720,2,PL21,3.8492701053619385,4.133412784893007,4.135111331939697
PLX-4720,2,SUDHL10,2.6785740852355957,3.6817399327305314,3.6040611267089844
PLX-4720,2,SUDHL8,4.197164058685303,3.644928181402085,3.5607800483703613
PLX-4720,2,SUPM2,3.304877996444702,3.767284356125938,3.704639196395874
PLX-4720,2,SW1271,3.7293920516967773,3.6323530872867624,3.545994997024536
PLX-4720,2,THP1,4.307587146759033,3.733605174644032,3.665041208267212
PLX-4720,3,697,2.1396849155426025,3.8118734308441287,3.7834761142730713
PLX-4720,3,A4FUK,2.9833970069885254,3.49943456152248,3.4451141357421875
PLX-4720,3,ABC1,4.865682125091553,4.307715173308138,4.320457935333252
PLX-4720,3,AMO1,4.2208170890808105,3.7206281502272374,3.6846601963043213
PLX-4720,3,CALU3,5.307161808013916,4.1568292628879355,4.157052993774414
PLX-4720,3,CMLT1,2.5262351036071777,3.542624296690558,3.491887331008911
PLX-4720,3,COLO668,4.922050952911377,4.229574689667585,4.235834121704102
PLX-4720,3,CORL88,5.168890953063965,4.693727462915265,4.738497734069824
PLX-4720,3,DMS79,4.954063892364502,4.278676179584942,4.2890095710754395
PLX-4720,3,EM2,3.4089150428771973,3.4274145371894424,3.3671185970306396
PLX-4720,3,EPLC272H,4.301421165466309,3.8412039064608945,3.8152401447296143
PLX-4720,3,GRANTA519,4.547576904296875,3.6375034142676252,3.5946385860443115
PLX-4720,3,HCC78,5.034546852111816,3.7870182149951117,3.756558656692505
PLX-4720,3,JM1,4.074923038482666,3.7912521876364607,3.761143922805786
PLX-4720,3,JURKAT,3.134161949157715,3.992868055924731,3.979487895965576
PLX-4720,3,KCL22,3.8845129013061523,3.5268285758583957,3.474781036376953
PLX-4720,3,KG1,2.7192649841308594,3.8258859165268047,3.7986512184143066
PLX-4720,3,KMS11,4.175826072692871,3.5365185875997107,3.4852750301361084
PLX-4720,3,L363,3.3132119178771973,3.8933450417744204,3.8717074394226074
PLX-4720,3,LOUNH91,4.779232501983643,4.168935007875586,4.170163154602051
PLX-4720,3,MOLP8,4.9314141273498535,3.622732943570174,3.5786426067352295
PLX-4720,3,NAMALWA,3.424791097640991,3.7296431744415988,3.694423198699951
PLX-4720,3,NB4,3.3123960494995117,3.2019739868465678,3.1229732036590576
PLX-4720,3,NCIH1341,4.162496089935303,4.008478188209855,3.9963932037353516
PLX-4720,3,NCIH1437,4.390958309173584,4.504753410921929,4.533844470977783
PLX-4720,3,NCIH2405,4.747439861297607,3.8168594443830886,3.7888758182525635
PLX-4720,3,NCIH446,3.2311766147613525,4.118531536146615,4.115577697753906
PLX-4720,3,NCIH647,2.5095999240875244,4.053690464281431,4.045356750488281
PLX-4720,3,NOMO1,4.88514518737793,3.7952186750053865,3.765439510345459
PLX-4720,3,NUDUL1,3.230210065841675,3.4001301587923467,3.3375704288482666
PLX-4720,3,RCHACV,2.978437900543213,3.6624894006942714,3.6216976642608643
PLX-4720,3,RERFLCKJ,4.575979709625244,4.4231446449918685,4.445464611053467
PLX-4720,3,SHP77,4.374701976776123,4.238175166747812,4.245148181915283
PLX-4720,3,SIGM5,2.2053890228271484,3.240908174429513,3.165137767791748
PLX-4720,3,SKLU1,3.065049409866333,3.792850494696371,3.7628748416900635
PLX-4720,3,SKM1,4.670436859130859,4.009839831345604,3.9978678226470947
PLX-4720,3,ST486,3.5988380908966064,3.4983243325275586,3.4439117908477783
PLX-4720,3,SUDHL1,3.812730073928833,3.4074434042776303,3.3454904556274414
PLX-4720,3,SUDHL4,3.664966106414795,3.615119189939329,3.570397138595581
PLX-4720,3,SUPB15,4.241666793823242,3.839914253188587,3.8138434886932373
PLX-4720,3,SUPT1,3.8078479766845703,3.669945745296489,3.629772663116455
PLX-4720,4,ALLSIL,3.1460020542144775,3.736565481798017,3.664224624633789
PLX-4720,4,BEN,5.743273735046387,4.552514628251997,4.5393524169921875
PLX-4720,4,CALU6,3.037339448928833,3.6309617509244916,3.55096173286438
PLX-4720,4,CORL105,4.15357780456543,4.147638417125115,4.105111598968506
PLX-4720,4,CORL279,3.6875529289245605,4.6001580031080405,4.590451240539551
PLX-4720,4,DOHH2,2.6095681190490723,3.543766132201048,3.457442045211792
PLX-4720,4,HCC827,2.74743390083313,3.6035301982257235,3.521540641784668
PLX-4720,4,HEL,3.145009994506836,3.792043680317306,3.723726511001587
PLX-4720,4,HT,3.800640106201172,3.554645522324551,3.4691104888916016
PLX-4720,4,K562,3.887321949005127,3.653776215029541,3.5754308700561523
PLX-4720,4,KMS12BM,3.197516918182373,3.4699084977198615,3.378227710723877
PLX-4720,4,L428,3.865488052368164,3.859543203678727,3.796121597290039
PLX-4720,4,L540,3.3610448837280273,3.5442545165843122,3.457965850830078
PLX-4720,4,LCLC103H,3.8862454891204834,4.3708187431792265,4.344478607177734
PLX-4720,4,LXF289,3.2282934188842773,4.447484198846126,4.426704406738281
PLX-4720,4,MONOMAC6,2.7387468814849854,3.523334236971659,3.43552827835083
PLX-4720,4,NCIH1435,4.542119979858398,4.50429550667194,4.487636089324951
PLX-4720,4,NCIH1568,4.3156328201293945,3.8641136101056337,3.801023483276367
PLX-4720,4,NCIH1650,5.3787760734558105,4.416126231326422,4.393072128295898
PLX-4720,4,NCIH1915,3.4267749786376953,4.065697876608484,4.017228126525879
PLX-4720,4,NCIH2085,5.08694314956665,3.8820268912875107,3.8202359676361084
PLX-4720,4,NCIH209,2.7464749813079834,4.875747286361583,4.886028289794922
PLX-4720,4,NCIH2172,5.112327575683594,4.067083225482632,4.01871395111084
PLX-4720,4,NCIH2196,4.593578815460205,4.55481450300359,4.541819095611572
PLX-4720,4,NCIH2228,3.9101614952087402,4.184074070617746,4.144189834594727
PLX-4720,4,NCIH2347,5.082534313201904,4.306424028502854,4.275413513183594
PLX-4720,4,NCIH292,4.22825813293457,4.317832260887525,4.287649154663086
PLX-4720,4,NCIH524,3.587606906890869,4.320072560302426,4.2900519371032715
PLX-4720,4,NCIH526,3.4844720363616943,4.417309290811052,4.394340991973877
PLX-4720,4,NCIH838,4.847987174987793,4.093596917863467,4.047150611877441
PLX-4720,4,NCIH929,3.8941490650177,3.6555416901191564,3.577324390411377
PLX-4720,4,OCIAML2,3.4395999908447266,4.260822220408713,4.226504325866699
PLX-4720,4,OCIAML5,4.49058723449707,3.4864059754711465,3.3959217071533203
PLX-4720,4,OPM2,4.54915714263916,4.302893522915689,4.271626949310303
PLX-4720,4,RAJI,4.242185115814209,3.7315422583530364,3.658837080001831
PLX-4720,4,REH,3.612060070037842,3.3750145450970894,3.276451349258423
PLX-4720,4,RL,3.7884368896484375,3.7103203230243658,3.636075973510742
PLX-4720,4,RPMI8226,4.244241237640381,3.489148663919355,3.3988633155822754
PLX-4720,4,SBC5,4.806584358215332,3.8585041920231165,3.7950072288513184
PLX-4720,4,SUDHL6,2.893712043762207,3.119050444771222,3.001922845840454
PLX-4720,5,CAL12T,2.4605519771575928,4.007228003031699,4.047826290130615
PLX-4720,5,CHAGOK1,3.7725510597229004,4.375742510942235,4.529382228851318
PLX-4720,5,CORL23,3.441821575164795,4.012884006097968,4.055217266082764
PLX-4720,5,CORL311,4.7528557777404785,3.936743622626696,3.955720901489258
PLX-4720,5,DAUDI,4.408512115478516,3.754702609614846,3.717839002609253
PLX-4720,5,DB,2.667480945587158,3.629966395153321,3.554840087890625
PLX-4720,5,DMS53,4.8709259033203125,4.085308942909838,4.149858474731445
PLX-4720,5,DND41,4.329945087432861,3.6382053671037577,3.5656063556671143
PLX-4720,5,HCC15,3.0177054405212402,4.236721239704144,4.347716331481934
PLX-4720,5,KMH2,4.07349157333374,3.7286417544543062,3.683784008026123
PLX-4720,5,KU812,2.9614078998565674,3.4974039145134856,3.3816142082214355
PLX-4720,5,LAMA84,2.339747905731201,3.79485220351004,3.7703044414520264
PLX-4720,5,LCLC97TM1,2.779906988143921,3.7829975859865628,3.7548134326934814
PLX-4720,5,LP1,3.3408188819885254,3.5695340093590615,3.475870132446289
PLX-4720,5,LU65,5.194914817810059,3.658706006346731,3.592395544052124
PLX-4720,5,MHHCALL2,3.295759916305542,3.5074174118130363,3.3946993350982666
PLX-4720,5,MM1S,4.443118095397949,3.8860339061033535,3.889456033706665
PLX-4720,5,MOLM13,3.5924930572509766,3.5679191292577856,3.473759889602661
PLX-4720,5,NCIH1048,3.55173659324646,4.059923341534725,4.11668586730957
PLX-4720,5,NCIH1155,4.58354377746582,4.352220471351603,4.498644828796387
PLX-4720,5,NCIH1793,5.5336480140686035,4.241887542375901,4.354467391967773
PLX-4720,5,NCIH1876,3.944298028945923,4.577718745342143,4.793314456939697
PLX-4720,5,NCIH196,5.00089693069458,4.080302832841054,4.143316745758057
PLX-4720,5,NCIH2081,4.953409194946289,4.164833440731858,4.253777027130127
PLX-4720,5,NCIH211,4.251676082611084,4.065843534679704,4.124422073364258
PLX-4720,5,NCIH2110,3.6461215019226074,4.217160956583865,4.322155952453613
PLX-4720,5,NCIH2227,4.458782196044922,3.8247460042323924,3.809368133544922
PLX-4720,5,NCIH358,2.861318588256836,3.6678957341674363,3.6044042110443115
PLX-4720,5,NCIH441,5.169405937194824,4.044508361306888,4.0965423583984375
PLX-4720,5,NCIH522,4.1307573318481445,3.8469759207999497,3.8384170532226562
PLX-4720,5,NCIH661,4.427849292755127,4.1750978091351545,4.267189979553223
PLX-4720,5,NCIH69,4.381549835205078,3.8554115756957232,3.849440336227417
PLX-4720,5,NCIH82,2.8108348846435547,3.7357626623147397,3.693089246749878
PLX-4720,5,OCIAML3,4.458110809326172,3.9410759385237464,3.9613821506500244
PLX-4720,5,OCIM1,3.709338903427124,3.3157867368281826,3.1442861557006836
PLX-4720,5,PF382,3.8432929515838623,3.5502952061550017,3.4507298469543457
PLX-4720,5,RERFLCMS,3.4660589694976807,4.057806536774247,4.113919734954834
PLX-4720,5,RPMI8402,3.848788022994995,3.5194446286558905,3.4104158878326416
PLX-4720,5,SUDHL5,3.3497679233551025,3.4962167012247045,3.3800628185272217
PLX-4720,5,WSUDLCL2,3.213437557220459,3.5995870904258287,3.5151419639587402
NUTLIN-3A (-),1,A549,1.6861070394515991,4.1428449689967595,4.159718036651611
NUTLIN-3A (-),1,ALLSIL,3.3851466178894043,2.4713841482145824,2.020737648010254
NUTLIN-3A (-),1,BL41,3.511749029159546,3.972327361169504,3.9415054321289062
NUTLIN-3A (-),1,BV173,0.2830674946308136,2.767097916925336,2.3991646766662598
NUTLIN-3A (-),1,DMS273,4.724742889404297,4.254306567685202,4.302356243133545
NUTLIN-3A (-),1,DMS53,5.222582817077637,3.7192784859253063,3.6176769733428955
NUTLIN-3A (-),1,DND41,4.008326053619385,2.8907702717291626,2.557429075241089
NUTLIN-3A (-),1,EBC1,4.720058441162109,4.171590669894747,4.19650411605835
NUTLIN-3A (-),1,EM2,4.061418056488037,3.354741928993381,3.151176929473877
NUTLIN-3A (-),1,GDM1,1.2768820524215698,3.102760966262776,2.8287150859832764
NUTLIN-3A (-),1,HCC33,5.321680068969727,4.074193397035182,4.071864128112793
NUTLIN-3A (-),1,HCC44,4.3554511070251465,4.368710701307293,4.448760032653809
NUTLIN-3A (-),1,HCC827,4.587244987487793,4.264076141374625,4.314858436584473
NUTLIN-3A (-),1,KCL22,3.8882083892822266,3.5086012567128426,3.348071813583374
NUTLIN-3A (-),1,KMS11,3.9431440830230713,3.7934464259285745,3.712590217590332
NUTLIN-3A (-),1,LXF289,4.292276382446289,4.79741795723073,4.997379779815674
NUTLIN-3A (-),1,ME1,4.6690993309021,3.102784999883546,2.8287458419799805
NUTLIN-3A (-),1,MOLM13,0.8783599734306335,3.1397192720999967,2.8760108947753906
NUTLIN-3A (-),1,MOLT13,2.9342753887176514,2.4619340912664023,2.0086443424224854
NUTLIN-3A (-),1,NALM6,0.6962040066719055,3.1883715180524788,2.9382715225219727
NUTLIN-3A (-),1,NCIH1648,3.946969509124756,3.8466753067199275,3.780707597732544
NUTLIN-3A (-),1,NCIH1650,3.9575860500335693,4.596139923117841,4.739802837371826
NUTLIN-3A (-),1,NCIH1915,4.747992038726807,4.497830490511843,4.613995552062988
NUTLIN-3A (-),1,NCIH1975,5.1270222663879395,4.77320771729417,4.966397762298584
NUTLIN-3A (-),1,NCIH2029,5.137491226196289,4.621132280418681,4.771785736083984
NUTLIN-3A (-),1,NCIH2081,4.993232727050781,4.479418128702116,4.590433120727539
NUTLIN-3A (-),1,NCIH211,3.742098569869995,4.13048125472128,4.143896102905273
NUTLIN-3A (-),1,NCIH2196,5.876129150390625,4.572811288557122,4.709949016571045
NUTLIN-3A (-),1,NCIH2444,5.863656520843506,4.792769966758101,4.991431713104248
NUTLIN-3A (-),1,NCIH292,1.7120524644851685,4.472519548005446,4.581604957580566
NUTLIN-3A (-),1,NCIH522,4.521843433380127,4.612261452361771,4.760433673858643
NUTLIN-3A (-),1,NCIH524,3.3821964263916016,3.8187629576491036,3.744987964630127
NUTLIN-3A (-),1,NCIH647,4.745840072631836,4.291542284850534,4.350007057189941
NUTLIN-3A (-),1,NCIH838,4.802493572235107,4.181565926664248,4.2092695236206055
NUTLIN-3A (-),1,NOMO1,3.8660778999328613,3.592787863048709,3.455806016921997
NUTLIN-3A (-),1,NUDUL1,2.4308974742889404,3.1119591359607157,2.8404860496520996
NUTLIN-3A (-),1,PF382,3.5392699241638184,3.287020215956322,3.0645129680633545
NUTLIN-3A (-),1,ST486,3.803184986114502,3.053479374798968,2.7656490802764893
NUTLIN-3A (-),1,SUDHL5,0.7758225202560425,3.50398996874635,3.3421707153320312
NUTLIN-3A (-),1,SUDHL8,4.314573764801025,3.174184974741237,2.920116901397705
NUTLIN-3A (-),1,SW1271,6.044585227966309,4.342328120144549,4.4149980545043945
NUTLIN-3A (-),2,A3KAW,0.8924974799156189,3.7026815702720586,3.679823637008667
NUTLIN-3A (-),2,CORL23,3.7384910583496094,4.436896024722184,4.591441631317139
NUTLIN-3A (-),2,DMS79,5.007762432098389,4.515994339828359,4.689651966094971
NUTLIN-3A (-),2,HARA,3.867570400238037,4.123694931761206,4.202563762664795
NUTLIN-3A (-),2,HCC78,4.564342975616455,4.247796970648476,4.356651782989502
NUTLIN-3A (-),2,HEL,3.9703919887542725,3.8012671998065017,3.802229881286621
NUTLIN-3A (-),2,HL60,3.189054489135742,3.167840286843806,3.015752077102661
NUTLIN-3A (-),2,JM1,1.920333981513977,4.098154903748728,4.1708526611328125
NUTLIN-3A (-),2,JURKAT,3.5106256008148193,3.4310353007182663,3.342541217803955
NUTLIN-3A (-),2,JVM3,0.2420254945755005,2.5257324603404574,2.2184958457946777
NUTLIN-3A (-),2,K562,4.460346698760986,3.7868926531169835,3.7843821048736572
NUTLIN-3A (-),2,KARPAS422,4.692560195922852,3.5639753268339494,3.5076026916503906
NUTLIN-3A (-),2,KOPN8,1.6607675552368164,2.77269281406167,2.525127649307251
NUTLIN-3A (-),2,LCLC97TM1,5.046185493469238,4.410476153632303,4.558638095855713
NUTLIN-3A (-),2,LOUCY,2.925230026245117,3.3090585571563365,3.191092014312744
NUTLIN-3A (-),2,MOLM16,3.9316415786743164,2.9637512567782918,2.76235032081604
NUTLIN-3A (-),2,MOLT16,0.005297000054270029,3.132197617192662,2.9714972972869873
NUTLIN-3A (-),2,MONOMAC6,4.314247131347656,2.9822177842577435,2.785278797149658
NUTLIN-3A (-),2,NB4,3.904665470123291,3.4306825569964876,3.3421032428741455
NUTLIN-3A (-),2,NCIH1435,4.898723602294922,4.697359915050178,4.914839744567871
NUTLIN-3A (-),2,NCIH1436,4.787761688232422,4.51261667947665,4.685458183288574
NUTLIN-3A (-),2,NCIH1568,5.751007080078125,4.514731989677584,4.688084602355957
NUTLIN-3A (-),2,NCIH1781,5.041545867919922,4.3832828194442595,4.524874210357666
NUTLIN-3A (-),2,NCIH1792,4.52594518661499,4.572614219682014,4.759952545166016
NUTLIN-3A (-),2,NCIH1793,5.01809549331665,4.19622265096546,4.29261589050293
NUTLIN-3A (-),2,NCIH1876,4.823702812194824,4.542659614552663,4.722760200500488
NUTLIN-3A (-),2,NCIH2085,4.0917277336120605,4.1728528513381455,4.263599395751953
NUTLIN-3A (-),2,NCIH2087,3.928614616394043,4.126458122918745,4.205994606018066
NUTLIN-3A (-),2,NCIH2227,5.650783538818359,3.773219561416936,3.7674052715301514
NUTLIN-3A (-),2,NCIH2228,5.1772379875183105,4.643614982938752,4.848108768463135
NUTLIN-3A (-),2,NCIH650,5.355279445648193,4.453497446175704,4.612054347991943
NUTLIN-3A (-),2,NCIH661,3.8634815216064453,4.417431176823828,4.5672736167907715
NUTLIN-3A (-),2,NCIH810,4.92745304107666,4.464051722672086,4.625158786773682
NUTLIN-3A (-),2,OCILY19,0.035251498222351074,3.430827917365234,3.3422837257385254
NUTLIN-3A (-),2,OCIM1,3.833897590637207,2.786290633285431,2.542011022567749
NUTLIN-3A (-),2,RERFLCKJ,4.456696510314941,3.9745256220977243,4.0173516273498535
NUTLIN-3A (-),2,SBC5,4.13397741317749,4.273262878314407,4.388270854949951
NUTLIN-3A (-),2,SIGM5,3.3479130268096924,2.869005483642549,2.64471173286438
NUTLIN-3A (-),2,SUDHL6,2.9289820194244385,3.218769605894566,3.0789871215820312
NUTLIN-3A (-),2,SW1573,4.107854843139648,4.565394206650502,4.750988006591797
NUTLIN-3A (-),2,WSUDLCL2,3.684530019760132,2.805390640099749,2.5657260417938232
NUTLIN-3A (-),3,697,0.5054064989089966,3.4369643046241944,3.362175226211548
NUTLIN-3A (-),3,A4FUK,3.567193031311035,3.1214822215901035,3.0387635231018066
NUTLIN-3A (-),3,CAL12T,3.9083385467529297,4.312444196593159,4.259660243988037
NUTLIN-3A (-),3,COLO668,5.021295070648193,4.684215660266103,4.64077615737915
NUTLIN-3A (-),3,CORL105,3.1813204288482666,4.681928538602161,4.638431549072266
NUTLIN-3A (-),3,CORL311,5.337561130523682,4.266351973708582,4.212409496307373
NUTLIN-3A (-),3,CORL95,5.280206203460693,5.0166571900010695,4.981573581695557
NUTLIN-3A (-),3,DAUDI,2.451792001724243,2.367739113042543,2.2660751342773438
NUTLIN-3A (-),3,EJM,4.380341053009033,3.7070144391690665,3.6390130519866943
NUTLIN-3A (-),3,HCC15,5.056120872497559,4.466259989393182,4.417342185974121
NUTLIN-3A (-),3,HCC366,5.344211101531982,4.851562077854094,4.812328815460205
NUTLIN-3A (-),3,HT,4.839818477630615,2.7244126433152243,2.631713628768921
NUTLIN-3A (-),3,IALM,4.744051456451416,4.973595391692575,4.937429428100586
NUTLIN-3A (-),3,JURLMK1,3.6165294647216797,3.6480188405434677,3.5785346031188965
NUTLIN-3A (-),3,JVM2,1.6130985021591187,2.422420019670026,2.3221304416656494
NUTLIN-3A (-),3,KG1,3.6511526107788086,2.744205060220338,2.652003526687622
NUTLIN-3A (-),3,KNS62,4.933337211608887,4.377600883280534,4.3264546394348145
NUTLIN-3A (-),3,LOUNH91,5.506997585296631,4.033571875137735,3.973778486251831
NUTLIN-3A (-),3,MEG01,4.081717014312744,3.990400302431704,3.9295217990875244
NUTLIN-3A (-),3,NCIH1048,4.48307991027832,4.877184166472489,4.838594913482666
NUTLIN-3A (-),3,NCIH1341,4.833114147186279,4.990648565262532,4.954911231994629
NUTLIN-3A (-),3,NCIH1437,3.7866430282592773,4.466555356945877,4.41764497756958
NUTLIN-3A (-),3,NCIH1623,5.329571723937988,5.083307459699004,5.049899101257324
NUTLIN-3A (-),3,NCIH2122,2.8311829566955566,4.422570709464866,4.372554779052734
NUTLIN-3A (-),3,NCIH358,4.02947998046875,4.40121261195759,4.3506598472595215
NUTLIN-3A (-),3,NCIH446,5.0275492668151855,4.763246249306629,4.721793174743652
NUTLIN-3A (-),3,NCIH727,5.64237642288208,3.304202171436583,3.226076126098633
NUTLIN-3A (-),3,OCIAML3,1.1853975057601929,3.495554063580932,3.4222376346588135
NUTLIN-3A (-),3,OPM2,4.0415449142456055,3.334812250529513,3.257455587387085
NUTLIN-3A (-),3,P31FUJ,3.7372825145721436,3.276322497909515,3.197495698928833
NUTLIN-3A (-),3,PL21,3.4625134468078613,4.544001194408395,4.497037410736084
NUTLIN-3A (-),3,RAJI,4.160658836364746,2.6125834644173085,2.517073631286621
NUTLIN-3A (-),3,RCHACV,0.5827400088310242,3.899292669079074,3.8361241817474365
NUTLIN-3A (-),3,REH,1.773471474647522,3.478935103570724,3.405200958251953
NUTLIN-3A (-),3,RERFLCMS,4.134206295013428,4.53461687885622,4.487417221069336
NUTLIN-3A (-),3,RL,4.731052398681641,3.1755558804379893,3.094196319580078
NUTLIN-3A (-),3,RPMI8226,3.9001336097717285,3.9491030345344704,3.8871865272521973
NUTLIN-3A (-),3,RS411,0.5840805172920227,4.74694289068934,4.705080032348633
NUTLIN-3A (-),3,SUDHL10,3.2240889072418213,3.5016011909334015,3.428436756134033
NUTLIN-3A (-),3,SUPT1,4.644179344177246,2.6936367397616072,2.6001641750335693
NUTLIN-3A (-),3,THP1,4.710322380065918,3.3908455684317396,3.314897298812866
NUTLIN-3A (-),4,AMO1,1.0484119653701782,3.259639537560111,3.236525535583496
NUTLIN-3A (-),4,BEN,3.8209574222564697,4.83775854566949,4.817969799041748
NUTLIN-3A (-),4,CA46,4.780208110809326,3.3610503436306405,3.3381500244140625
NUTLIN-3A (-),4,CALU3,5.220479965209961,4.4811267535063966,4.4605865478515625
NUTLIN-3A (-),4,CORL279,4.675802707672119,4.8010079418085505,4.781141757965088
NUTLIN-3A (-),4,DMS114,4.795528888702393,4.657826477616872,4.637658596038818
NUTLIN-3A (-),4,EHEB,2.880023956298828,2.0019304888710527,1.9761663675308228
NUTLIN-3A (-),4,GA10,4.277040004730225,2.7518010939896485,2.727617025375366
NUTLIN-3A (-),4,GRANTA519,1.9221374988555908,2.2086452601536717,2.183316707611084
NUTLIN-3A (-),4,HH,4.672770023345947,1.8864239176475646,1.8604164123535156
NUTLIN-3A (-),4,JEKO1,3.3357155323028564,3.4602026011186036,3.4375112056732178
NUTLIN-3A (-),4,KMH2,3.1844229698181152,2.5935725524668394,2.5690550804138184
NUTLIN-3A (-),4,KMS12BM,3.5530009269714355,3.349375029758072,3.3264501094818115
NUTLIN-3A (-),4,L428,4.6389360427856445,3.2015401418092657,3.1783037185668945
NUTLIN-3A (-),4,L540,1.0792690515518188,2.8722114968901162,2.848281145095825
NUTLIN-3A (-),4,LP1,4.353950500488281,2.411819227761999,2.386918783187866
NUTLIN-3A (-),4,MOLP8,2.1637775897979736,3.875047513484504,3.8532302379608154
NUTLIN-3A (-),4,NCIH1105,4.8259406089782715,4.823834675739422,4.804016590118408
NUTLIN-3A (-),4,NCIH146,4.193402290344238,4.590952693187521,4.570643901824951
NUTLIN-3A (-),4,NCIH1836,5.988602161407471,4.881150372024243,4.861453056335449
NUTLIN-3A (-),4,NCIH1944,2.819931983947754,4.727091330544569,4.707069396972656
NUTLIN-3A (-),4,NCIH2009,5.106454372406006,4.9695894530533,4.95007848739624
NUTLIN-3A (-),4,NCIH2023,4.176649570465088,4.963914650483893,4.94439172744751
NUTLIN-3A (-),4,NCIH209,4.395960807800293,5.139956771278008,5.120804786682129
NUTLIN-3A (-),4,NCIH2110,3.928795576095581,4.644762916511683,4.62456750869751
NUTLIN-3A (-),4,NCIH2171,3.7314488887786865,4.456195403462452,4.43560266494751
NUTLIN-3A (-),4,NCIH2172,4.943519592285156,4.222368413539861,4.201282978057861
NUTLIN-3A (-),4,NCIH23,4.000420093536377,4.403025653411679,4.382320880889893
NUTLIN-3A (-),4,NCIH2342,5.566284656524658,4.5307115662304955,4.510275840759277
NUTLIN-3A (-),4,NCIH2347,5.8975372314453125,4.7728290211176,4.752903461456299
NUTLIN-3A (-),4,NCIH441,5.559101581573486,5.006154957283224,4.986721038818359
NUTLIN-3A (-),4,NCIH460,1.1723010540008545,4.4660456540065825,4.445473670959473
NUTLIN-3A (-),4,NCIH69,5.507256507873535,4.383453627645719,4.362707614898682
NUTLIN-3A (-),4,NCIH82,4.378170490264893,4.154224150923329,4.132995128631592
NUTLIN-3A (-),4,NCIH841,4.800590991973877,4.485983120689305,4.465453147888184
NUTLIN-3A (-),4,P12ICHIKAWA,3.4465320110321045,2.7242852487121194,2.700043201446533
NUTLIN-3A (-),4,RPMI8402,3.3021080493927,3.073608222539972,3.0501022338867188
NUTLIN-3A (-),4,SKM1,3.8044369220733643,2.934426385465278,2.9106271266937256
NUTLIN-3A (-),4,SUDHL1,4.976861000061035,3.381552387979689,3.3586952686309814
NUTLIN-3A (-),4,SUPB15,-0.21328699588775635,2.19820568854781,2.1728551387786865
NUTLIN-3A (-),5,ABC1,3.981234073638916,4.234559735429439,4.323357105255127
NUTLIN-3A (-),5,CALU6,4.779769420623779,4.668510841404452,4.8752946853637695
NUTLIN-3A (-),5,CHAGOK1,3.9926705360412598,4.6932144391036354,4.906714916229248
NUTLIN-3A (-),5,CMK,3.3993780612945557,3.3267719710866017,3.1687519550323486
NUTLIN-3A (-),5,CMLT1,1.6271934509277344,3.425953581071205,3.2948999404907227
NUTLIN-3A (-),5,CORL88,5.322666168212891,4.829712004427795,5.080324649810791
NUTLIN-3A (-),5,DB,3.149282455444336,3.3945217555464806,3.2549221515655518
NUTLIN-3A (-),5,DOHH2,0.31648048758506775,3.357627380581361,3.2079966068267822
NUTLIN-3A (-),5,EPLC272H,5.048256874084473,4.113241687918132,4.16905403137207
NUTLIN-3A (-),5,HDLM2,4.455613613128662,2.988124460518007,2.738029956817627
NUTLIN-3A (-),5,KU812,3.1381030082702637,3.7428746124407484,3.697988271713257
NUTLIN-3A (-),5,L1236,4.183867454528809,3.8119129444746047,3.785797357559204
NUTLIN-3A (-),5,L363,3.7452099323272705,3.373700296377567,3.2284395694732666
NUTLIN-3A (-),5,LAMA84,3.0180060863494873,3.826765357906224,3.804687976837158
NUTLIN-3A (-),5,LCLC103H,3.929363489151001,4.652494911127957,4.854924201965332
NUTLIN-3A (-),5,LU65,4.848196506500244,3.462314091693775,3.341146469116211
NUTLIN-3A (-),5,MHHCALL2,2.5323314666748047,3.131295142671672,2.9201271533966064
NUTLIN-3A (-),5,MM1S,1.4574464559555054,3.8075209355048214,3.7802112102508545
NUTLIN-3A (-),5,NAMALWA,3.990572929382324,2.9565306761477896,2.6978461742401123
NUTLIN-3A (-),5,NCIH1092,5.184531211853027,4.5387863050216595,4.710299491882324
NUTLIN-3A (-),5,NCIH1155,4.010498046875,4.359589339816621,4.4823808670043945
NUTLIN-3A (-),5,NCIH1651,4.8800578117370605,4.635856638991466,4.833762168884277
NUTLIN-3A (-),5,NCIH196,3.888110399246216,3.742254332556796,3.6971993446350098
NUTLIN-3A (-),5,NCIH1963,4.5777997970581055,4.596414411447718,4.783596038818359
NUTLIN-3A (-),5,NCIH2030,4.191578388214111,3.993017237518634,4.016141891479492
NUTLIN-3A (-),5,NCIH2066,5.58698034286499,4.225773842966198,4.312182426452637
NUTLIN-3A (-),5,NCIH2170,4.745299339294434,4.120968849409912,4.178882122039795
NUTLIN-3A (-),5,NCIH2291,6.232835292816162,4.391292408917072,4.522703647613525
NUTLIN-3A (-),5,NCIH2405,6.070629596710205,4.523106664292402,4.690356731414795
NUTLIN-3A (-),5,NCIH526,4.552740097045898,4.524302985301585,4.691878318786621
NUTLIN-3A (-),5,NCIH596,5.851844310760498,4.267522109534543,4.365281581878662
NUTLIN-3A (-),5,NCIH929,1.0357069969177246,3.3479280327314465,3.19566011428833
NUTLIN-3A (-),5,OCIAML2,1.0991250276565552,3.0165298675699552,2.774158477783203
NUTLIN-3A (-),5,OCIAML5,0.573049008846283,2.8415391460385386,2.5515897274017334
NUTLIN-3A (-),5,SHP77,3.0055348873138428,4.712229607259625,4.9309000968933105
NUTLIN-3A (-),5,SKLU1,4.680829048156738,3.961365155462134,3.975883960723877
NUTLIN-3A (-),5,SKMES1,4.721282005310059,4.6842853330316485,4.895358085632324
NUTLIN-3A (-),5,SKMM2,5.470673084259033,3.8525539299083142,3.8374881744384766
NUTLIN-3A (-),5,SUDHL4,3.693180561065674,2.9387969323758147,2.675290822982788
NUTLIN-3A (-),5,SUPM2,0.7092509865760803,3.422995395260187,3.291137456893921
JQ1,1,ALLSIL,0.2799130082130432,-0.425763607509556,-0.5417500734329224
JQ1,1,BEN,0.22552800178527832,1.8969789926921083,1.9034606218338013
JQ1,1,BV173,-1.4394429922103882,-0.4806584482856221,-0.5995392799377441
JQ1,1,CORL105,2.106782913208008,1.9043397350635085,1.9112094640731812
JQ1,1,CORL88,3.19427490234375,2.1236028224617436,2.142033338546753
JQ1,1,CORL95,3.6541008949279785,2.421884218665706,2.4560418128967285
JQ1,1,DAUDI,1.3691320419311523,-0.07940786518914686,-0.1771325021982193
JQ1,1,DMS79,3.0621259212493896,1.8963601431634833,1.9028091430664062
JQ1,1,DOHH2,-0.8010395169258118,-0.11090181411892916,-0.21028698980808258
JQ1,1,EHEB,1.8314470052719116,0.3067487485957783,0.22938446700572968
JQ1,1,HARA,1.1733649969100952,1.1145638533932316,1.0797921419143677
JQ1,1,HT,-0.14837400615215302,-0.006080367556532573,-0.09993876516819
JQ1,1,JEKO1,-1.183197021484375,-0.6172674717426181,-0.7433511018753052
JQ1,1,JM1,1.485092043876648,-0.08042554144052019,-0.17820383608341217
JQ1,1,L428,1.1315950155258179,-0.04795298361295569,-0.14401914179325104
JQ1,1,LXF289,0.8183820247650146,2.0264277062874334,2.0397346019744873
JQ1,1,MOLM13,-1.0740150213241577,0.5080120199365463,0.4412594735622406
JQ1,1,MOLT13,-1.9380085468292236,0.2913934101958003,0.2132195085287094
JQ1,1,MONOMAC6,-0.5087059736251831,-0.20049368801926715,-0.30460265278816223
JQ1,1,NAMALWA,0.31081900000572205,-0.2915251514349248,-0.40043380856513977
JQ1,1,NCIH1155,1.232414960861206,1.9225110369864669,1.9303388595581055
JQ1,1,NCIH1435,2.2551019191741943,2.4122795380949946,2.4459307193756104
JQ1,1,NCIH1648,1.4640949964523315,1.8988988417146726,1.9054816961288452
JQ1,1,NCIH1792,1.4801520109176636,1.9397537815197223,1.9484907388687134
JQ1,1,NCIH1975,2.436511993408203,1.8844453929891203,1.8902661800384521
JQ1,1,NCIH2029,2.182905912399292,1.9646078656808914,1.974655270576477
JQ1,1,NCIH211,-0.3718259930610657,1.6336056924056779,1.626200795173645
JQ1,1,NCIH2170,1.800076961517334,1.539033254651482,1.5266419649124146
JQ1,1,NCIH2171,0.7056059837341309,0.5295189094949246,0.4639003276824951
JQ1,1,NCIH2228,2.8908610343933105,1.8512307819207359,1.8553003072738647
JQ1,1,NCIH23,1.6909610033035278,2.2403252040763637,2.2649099826812744
JQ1,1,NCIH2342,2.214982032775879,1.7782972417465088,1.7785212993621826
JQ1,1,NCIH2347,2.796747922897339,2.338486629380468,2.3682470321655273
JQ1,1,NCIH2444,1.146733045578003,1.7585437686224612,1.7577263116836548
JQ1,1,NCIH460,0.7176070213317871,1.9207492691975645,1.9284842014312744
JQ1,1,OCIAML2,-1.7898160219192505,0.5146317565251572,0.44822824001312256
JQ1,1,PF382,-1.2534819841384888,-0.39098845383294006,-0.5051413774490356
JQ1,1,SKM1,0.2716690003871918,0.7787904238574761,0.7263148427009583
JQ1,1,SUDHL4,1.03010094165802,0.10025315279386902,0.012001258321106434
JQ1,1,SUDHL5,-0.39301401376724243,-0.15098470658089092,-0.2524832785129547
JQ1,1,SW1271,1.6623270511627197,1.8585506451192475,1.8630061149597168
JQ1,2,A3KAW,-2.601196050643921,0.6076779585511947,0.6223741173744202
JQ1,2,CHAGOK1,2.2223949432373047,2.2335327106338525,2.331315279006958
JQ1,2,CORL311,-0.18690800666809082,1.1720199371997628,1.2155557870864868
JQ1,2,DMS53,2.8564391136169434,1.556697077125785,1.6198911666870117
JQ1,2,DND41,0.9343960285186768,0.05327048816067179,0.039634641259908676
JQ1,2,EBC1,-0.4006359875202179,1.3090750423130197,1.3596148490905762
JQ1,2,EJM,1.6035139560699463,-0.2538034075533023,-0.2831317186355591
JQ1,2,HCC15,2.2005391120910645,1.2914979920292584,1.341139554977417
JQ1,2,HCC44,-1.0940239429473877,1.5334992540292893,1.5955078601837158
JQ1,2,K562,2.427949905395508,0.6051983993097738,0.6197678446769714
JQ1,2,KG1,-0.9631929993629456,-0.417474731916175,-0.45516717433929443
JQ1,2,KMS12BM,-2.1663994789123535,-0.43716490243897727,-0.47586357593536377
JQ1,2,KNS62,2.3833110332489014,1.3675175833595519,1.4210439920425415
JQ1,2,KU812,-0.9906479716300964,-0.2622437532654998,-0.2920033931732178
JQ1,2,L363,-0.09226199984550476,-0.31220523315512544,-0.3445180654525757
JQ1,2,L540,1.8414549827575684,0.4558840892803162,0.4628230929374695
JQ1,2,LCLC103H,2.724220037460327,1.8277619081842695,1.9048082828521729
JQ1,2,LOUCY,-1.033735990524292,-0.18648455931975122,-0.21237266063690186
JQ1,2,MOLT16,-1.5891599655151367,-0.499516126177561,-0.5414011478424072
JQ1,2,NCIH1437,1.4825060367584229,1.6689364022227224,1.7378662824630737
JQ1,2,NCIH146,1.1824419498443604,1.3050038380826177,1.3553355932235718
JQ1,2,NCIH1651,2.413295030593872,1.976087252537233,2.060713529586792
JQ1,2,NCIH1781,2.570233106613159,1.7487781417483743,1.8217881917953491
JQ1,2,NCIH1836,2.6303510665893555,2.3199206770915266,2.4221179485321045
JQ1,2,NCIH1876,2.6480870246887207,2.144564133510703,2.237800121307373
JQ1,2,NCIH1963,1.2493679523468018,1.8007236773197184,1.8763883113861084
JQ1,2,NCIH2009,2.623872995376587,2.3187690764631874,2.420907497406006
JQ1,2,NCIH2023,2.618849992752075,1.8150600503970418,1.8914573192596436
JQ1,2,NCIH2405,2.7279319763183594,1.4945476159948257,1.554565668106079
JQ1,2,NCIH446,0.1987680047750473,1.540405115153991,1.6027666330337524
JQ1,2,NCIH524,1.8517169952392578,1.1183033364903303,1.1590940952301025
JQ1,2,NCIH526,-1.402927041053772,1.6818594163252212,1.751449704170227
JQ1,2,NCIH647,0.7680580019950867,1.2147050340764867,1.2604222297668457
JQ1,2,NCIH69,0.3583979904651642,1.3197762860482574,1.3708629608154297
JQ1,2,RCHACV,-1.5365519523620605,-0.02804664752157529,-0.04583806172013283
JQ1,2,RL,0.8468120098114014,-0.0461464170596696,-0.06486278772354126
JQ1,2,RPMI8402,0.02241400070488453,-0.12589827639052534,-0.14869022369384766
JQ1,2,SUDHL1,0.7703970074653625,-0.03193105972569464,-0.049920979887247086
JQ1,2,SUDHL6,-1.1371690034866333,-0.29576991652563767,-0.3272428512573242
JQ1,2,THP1,1.745803952217102,0.15937017724937205,0.15115636587142944
JQ1,2,WSUDLCL2,-1.2879430055618286,-0.37285423374709226,-0.40826642513275146
JQ1,3,697,-1.4822200536727905,-0.33243629677903397,-0.36567142605781555
JQ1,3,A4FUK,-0.7941399812698364,-0.19432771289950718,-0.21997620165348053
JQ1,3,ABC1,3.1439049243927,1.1642063376735377,1.213185429573059
JQ1,3,CA46,-0.4105980098247528,0.1870438958214783,0.18234507739543915
JQ1,3,CALU3,0.3831680119037628,1.7505213886936968,1.8317081928253174
JQ1,3,CORL23,1.5130970478057861,1.2125185726715775,1.2641515731811523
JQ1,3,CORL279,0.8404495120048523,1.5762333638243375,1.6478461027145386
JQ1,3,DMS114,2.2492051124572754,1.5338860431294696,1.6031725406646729
JQ1,3,EPLC272H,2.1011500358581543,1.7210122052697594,1.800577998161316
JQ1,3,GA10,-1.0910940170288086,0.3443419692641247,0.34828391671180725
JQ1,3,HCC33,1.6051445007324219,0.8520006596322162,0.8838295340538025
JQ1,3,HCC78,2.826529026031494,1.305984528673644,1.362751841545105
JQ1,3,HCC827,2.0128509998321533,0.5138255238156084,0.5270776152610779
JQ1,3,HEL,-0.7170109748840332,0.2357316358820239,0.23370735347270966
JQ1,3,IALM,2.3420119285583496,1.8685140516779275,1.9561824798583984
JQ1,3,JURLMK1,0.3997119963169098,0.08330856002091128,0.07291130721569061
JQ1,3,KMS11,-1.30207097530365,-0.2845496266517128,-0.31515422463417053
JQ1,3,LCLC97TM1,0.2589170038700104,1.6043147691968866,1.677470088005066
JQ1,3,LU65,2.148845911026001,1.2180294456442797,1.2699651718139648
JQ1,3,MHHCALL2,1.4474090337753296,-0.01386543961291499,-0.02960069663822651
JQ1,3,NB4,-2.265660047531128,-0.43588404293648403,-0.47480180859565735
JQ1,3,NCIH1341,0.8250640034675598,1.8903857807956386,1.9792556762695312
JQ1,3,NCIH1436,2.6559150218963623,1.6978732736931432,1.7761679887771606
JQ1,3,NCIH1623,3.203968048095703,2.0944241349822206,2.194502353668213
JQ1,3,NCIH1650,2.7989959716796875,1.8904891774649712,1.9793647527694702
JQ1,3,NCIH661,1.2815929651260376,1.846860529083147,1.9333394765853882
JQ1,3,NCIH841,2.4595229625701904,1.5298171864380303,1.5988801717758179
JQ1,3,OCILY19,0.9616659879684448,-0.29440654979112596,-0.3255526125431061
JQ1,3,OCIM1,-0.898082971572876,-0.6375044688357637,-0.6874977350234985
JQ1,3,P12ICHIKAWA,0.8134264945983887,0.10992766528471591,0.10099266469478607
JQ1,3,PL21,0.13710300624370575,1.2975965162497034,1.35390305519104
JQ1,3,REH,0.392969012260437,-0.04940360760880963,-0.06709106266498566
JQ1,3,RERFLCKJ,1.5388109683990479,1.5579078579601813,1.6285139322280884
JQ1,3,SBC5,1.1888060569763184,1.6588360024388185,1.7349863052368164
JQ1,3,SHP77,2.209968090057373,1.7056585343856945,1.7843809127807617
JQ1,3,SIGM5,-0.5646384954452515,-0.4634939764471493,-0.5039284229278564
JQ1,3,SKMM2,1.556054949760437,-0.43828939977082104,-0.4773392975330353
JQ1,3,ST486,-0.9947460293769836,0.13100696910876966,0.12322990596294403
JQ1,3,SUDHL10,-1.3175380229949951,0.2492700454588074,0.2479894608259201
JQ1,3,SUDHL8,0.14031900465488434,-0.0513639632586301,-0.06915910542011261
JQ1,3,SW1573,3.0410759449005127,1.9758675928941964,2.0694332122802734
JQ1,4,AMO1,-0.39266398549079895,0.1359169632503294,0.14530006051063538
JQ1,4,CALU6,2.2314629554748535,1.4518294825058735,1.435099720954895
JQ1,4,CMK,-1.475780963897705,-0.6492842372967464,-0.6243196725845337
JQ1,4,COLO668,2.4152920246124268,0.8355065032904537,0.8310070037841797
JQ1,4,DMS273,1.0543899536132812,1.6237095664320709,1.6035690307617188
JQ1,4,GDM1,-1.035491943359375,-0.9450049954383192,-0.9141721725463867
JQ1,4,GRANTA519,1.905379056930542,0.11748035126322873,0.12722930312156677
JQ1,4,HCC366,2.103929042816162,2.3021500332516283,2.2685465812683105
JQ1,4,HL60,-1.7719290256500244,-0.8907918927291681,-0.8610348701477051
JQ1,4,JVM2,-1.4473869800567627,-0.2327231472498204,-0.21602478623390198
JQ1,4,JVM3,-0.5346009731292725,0.6305284875308942,0.6300965547561646
JQ1,4,KARPAS422,0.4210520088672638,-0.17682788012586484,-0.16123870015144348
JQ1,4,L1236,-0.35522300004959106,-0.06317632759088795,-0.04984243959188461
JQ1,4,ME1,1.3729239702224731,-0.21814398357897644,-0.20173493027687073
JQ1,4,MOLM16,-0.09336449950933456,-0.1522001222741546,-0.13709965348243713
JQ1,4,MOLP8,-1.5101959705352783,0.3951005411078248,0.39934042096138
JQ1,4,NALM6,-0.7974860072135925,-1.1194709008975336,-1.0851759910583496
JQ1,4,NCIH1048,2.0424580574035645,1.923588485167798,1.8974971771240234
JQ1,4,NCIH1092,2.5409040451049805,1.853771547021862,1.8290656805038452
JQ1,4,NCIH1568,2.664602041244507,2.3018520574858647,2.268254518508911
JQ1,4,NCIH196,2.698996067047119,1.4315024271248382,1.4151760339736938
JQ1,4,NCIH2066,3.1088340282440186,1.3112497459975363,1.2973096370697021
JQ1,4,NCIH2087,2.594464063644409,1.3063939572432113,1.2925502061843872
JQ1,4,NCIH2110,1.9325220584869385,1.4528424784867071,1.4360926151275635
JQ1,4,NCIH2122,1.5753949880599976,1.758492275634556,1.7356771230697632
JQ1,4,NCIH2196,4.004598617553711,2.5721985372654195,2.533236265182495
JQ1,4,NCIH292,1.5329619646072388,1.8995363678464376,1.873922348022461
JQ1,4,NCIH522,1.4024770259857178,1.8573507832711051,1.8325738906860352
JQ1,4,NCIH650,2.876913070678711,1.347116663242789,1.3324648141860962
JQ1,4,NCIH810,1.9222110509872437,1.5924442463695332,1.5729241371154785
JQ1,4,NCIH838,1.0529229640960693,1.358180442614196,1.3433090448379517
JQ1,4,NCIH929,-0.5762410163879395,0.6758989465511893,0.6745666861534119
JQ1,4,NOMO1,0.9768970012664795,0.3373344118545416,0.3427205979824066
JQ1,4,OCIAML5,0.44308000802993774,-0.5490997983139316,-0.5261232852935791
JQ1,4,P31FUJ,0.24028700590133667,-0.23128945813683396,-0.21461954712867737
JQ1,4,RAJI,-0.19009199738502502,0.03964957533834655,0.05094299465417862
JQ1,4,RERFLCMS,1.2878730297088623,1.2551915043731223,1.2423638105392456
JQ1,4,RS411,0.18162700533866882,1.8882413836053504,1.8628515005111694
JQ1,4,SKMES1,2.1231729984283447,1.6824832794532991,1.6611764430999756
JQ1,4,SUPB15,-1.0319440364837646,0.03518316185507908,0.046565212309360504
JQ1,5,A549,0.9485960006713867,1.5573845978910392,1.612815022468567
JQ1,5,BL41,0.0055229999125003815,-0.619793840641879,-0.6584827303886414
JQ1,5,CAL12T,2.5356640815734863,1.6150890592248321,1.6730140447616577
JQ1,5,CMLT1,0.8354774713516235,0.13516764350470442,0.12911570072174072
JQ1,5,DB,0.24606099724769592,0.04573936078007752,0.03582143783569336
JQ1,5,EM2,-0.9319049715995789,-0.5763392340489487,-0.6131495833396912
JQ1,5,HDLM2,2.4114990234375,0.5335666898920579,0.5447375178337097
JQ1,5,HH,-1.579882025718689,0.7729016641728741,0.7944189310073853
JQ1,5,JURKAT,0.7296329736709595,-0.1846205498226562,-0.20449692010879517
JQ1,5,KCL22,-0.5734320282936096,-0.8478836176545967,-0.8964328169822693
JQ1,5,KMH2,0.3384050130844116,-0.19223740708033588,-0.2124430537223816
JQ1,5,KOPN8,0.13972200453281403,-0.06838540205640599,-0.0832369327545166
JQ1,5,LAMA84,0.3515940010547638,0.13641843666285078,0.13042056560516357
JQ1,5,LOUNH91,0.5208809971809387,1.7209907654884555,1.7834938764572144
JQ1,5,LP1,0.6167780160903931,-0.47147783665722065,-0.5037550330162048
JQ1,5,MEG01,-0.9716240167617798,0.2470669520974935,0.24585241079330444
JQ1,5,MM1S,-0.9589369893074036,-0.5283343045663285,-0.5630694031715393
JQ1,5,NCIH1105,2.69864559173584,2.3103180853653953,2.3982977867126465
JQ1,5,NCIH1793,2.8168389797210693,1.944692710738003,2.016866445541382
JQ1,5,NCIH1915,2.5437610149383545,0.9837662390802292,1.0143991708755493
JQ1,5,NCIH1944,1.4035600423812866,1.7024543216975703,1.7641561031341553
JQ1,5,NCIH2030,1.1450040340423584,1.9538294656566095,2.026398181915283
JQ1,5,NCIH2081,1.2767809629440308,1.6975618761406512,1.7590521574020386
JQ1,5,NCIH2085,0.88229900598526,1.9546663749467852,2.027271270751953
JQ1,5,NCIH209,1.4103009700775146,2.246049988091174,2.331251382827759
JQ1,5,NCIH2172,3.2545509338378906,1.8154833549896117,1.8820713758468628
JQ1,5,NCIH2227,2.199726104736328,0.8174883379883291,0.840933084487915
JQ1,5,NCIH2291,2.78029203414917,1.8472679677161055,1.9152300357818604
JQ1,5,NCIH358,1.8373030424118042,2.094959293857465,2.17362904548645
JQ1,5,NCIH441,3.0864369869232178,2.5110389631552046,2.6076958179473877
JQ1,5,NCIH596,1.6536569595336914,2.1872327710681767,2.2698915004730225
JQ1,5,NCIH727,2.2755250930786133,1.7900084715346805,1.8554952144622803
JQ1,5,NCIH82,2.6744940280914307,0.48511559542807625,0.49419188499450684
JQ1,5,NUDUL1,-1.3059289455413818,-0.21358750699519669,-0.23471611738204956
JQ1,5,OCIAML3,-0.9994840025901794,0.6025568570061514,0.6167101263999939
JQ1,5,OPM2,-1.9824700355529785,-0.04244738461006553,-0.056177616119384766
JQ1,5,RPMI8226,0.23776200413703918,-0.07662051405391311,-0.09182804822921753
JQ1,5,SKLU1,1.3952690362930298,1.7701951811560805,1.8348253965377808
JQ1,5,SUPM2,0.86353600025177,0.4858189808917132,0.49492567777633667
JQ1,5,SUPT1,-0.09787099808454514,-0.532495882862193,-0.5674108862876892
AZD7762,1,A4FUK,-2.3888819217681885,-1.4323326206041014,-1.589429259300232
AZD7762,1,BL41,-2.598510980606079,-1.4149699728528202,-1.5689606666564941
AZD7762,1,CA46,0.3622089922428131,-1.4161716857284032,-1.5703773498535156
AZD7762,1,CORL105,0.3001917600631714,-0.006284364102563805,0.09171991050243378
AZD7762,1,CORL23,-0.9286245107650757,0.16814393367554809,0.29735109210014343
AZD7762,1,DMS114,1.3587859869003296,0.39187177158075237,0.5611008405685425
AZD7762,1,EHEB,0.6107094883918762,-1.615128478807936,-1.8049248456954956
AZD7762,1,EM2,-2.1438939571380615,-1.575426045326899,-1.7581201791763306
AZD7762,1,HCC33,-0.9953140020370483,-0.23846168246406396,-0.1819908171892166
AZD7762,1,HCC78,-0.4348689913749695,-0.4368172778250113,-0.4158295691013336
AZD7762,1,HEL,-1.4511109590530396,-1.0761131320793451,-1.1694868803024292
AZD7762,1,HL60,-0.11007899791002274,-2.094300364720776,-2.369814157485962
AZD7762,1,JURKAT,-1.1665840148925781,-1.257279235451829,-1.383061170578003
AZD7762,1,KU812,-2.099843978881836,-1.5656421569663272,-1.7465860843658447
AZD7762,1,L428,-0.6053959727287292,-0.25512945723883995,-0.20164023339748383
AZD7762,1,LCLC103H,0.38009849190711975,0.5414727890423703,0.7374634742736816
AZD7762,1,LXF289,-0.21095100045204163,0.31601549175386945,0.4716748893260956
AZD7762,1,MEG01,-2.18141508102417,-0.938753224694612,-1.0075551271438599
AZD7762,1,MHHCALL2,-2.0316760540008545,-1.5595768641364431,-1.7394357919692993
AZD7762,1,MOLM16,-1.8537859916687012,-1.6440791010366917,-1.8390543460845947
AZD7762,1,NAMALWA,-2.0074410438537598,-1.4568573112566714,-1.618341088294983
AZD7762,1,NCIH146,0.7324489951133728,-0.2892080888370475,-0.24181507527828217
AZD7762,1,NCIH1836,2.1293981075286865,0.10265934149665287,0.22015218436717987
AZD7762,1,NCIH196,0.5812180042266846,0.374921188788071,0.5411180257797241
AZD7762,1,NCIH2030,0.018087130039930344,-0.5325129938850074,-0.5286439657211304
AZD7762,1,NCIH2066,2.0141170024871826,0.2678319524629654,0.4148719608783722
AZD7762,1,NCIH2081,1.3505229949951172,0.6665471945669486,0.8849120140075684
AZD7762,1,NCIH2085,0.19925999641418457,-0.5737974028862447,-0.5773136019706726
AZD7762,1,NCIH209,-0.671908974647522,0.3919280955517806,0.5611672401428223
AZD7762,1,NCIH2228,0.2920129597187042,-0.3370073080338955,-0.2981649339199066
AZD7762,1,NCIH2405,2.124346971511841,-0.2909320877276411,-0.24384747445583344
AZD7762,1,NCIH650,0.4383549988269806,0.4025306533368489,0.5736664533615112
AZD7762,1,NCIH838,-1.0030674934387207,-0.43212107714008985,-0.4102932810783386
AZD7762,1,NOMO1,-1.8521690368652344,-1.2156381248207853,-1.3339710235595703
AZD7762,1,P12ICHIKAWA,-1.5209150314331055,-1.7652548158916217,-1.981906771659851
AZD7762,1,RPMI8226,-1.4477729797363281,-0.9261173917794707,-0.9926589131355286
AZD7762,1,SBC5,0.07717707753181458,-0.1747488052867659,-0.1068805605173111
AZD7762,1,SKLU1,-0.5714398622512817,-0.3307516563611735,-0.29079023003578186
AZD7762,1,SKM1,-1.9285449981689453,-1.269531064273649,-1.3975046873092651
AZD7762,1,ST486,-1.080644965171814,-1.5591526647496146,-1.7389357089996338
AZD7762,1,SW1573,0.2412164956331253,0.25733279011842913,0.4024946391582489
AZD7762,2,A3KAW,-1.8917920589447021,-0.20890533284070412,-0.22498179972171783
AZD7762,2,DB,0.31213098764419556,-1.3871973594000204,-1.516671061515808
AZD7762,2,DMS53,2.6741650104522705,-0.6309116604962942,-0.6876014471054077
AZD7762,2,GA10,-2.2380740642547607,-1.2414159110301113,-1.356859803199768
AZD7762,2,HARA,-2.310593605041504,-0.168066417283772,-0.18021260201931
AZD7762,2,HCC366,0.7503520846366882,0.2244210467155904,0.25004732608795166
AZD7762,2,HCC44,0.0692640021443367,0.2643274559617871,0.29379427433013916
AZD7762,2,HDLM2,0.110166996717453,-0.97028556211828,-1.0596362352371216
AZD7762,2,JEKO1,-3.3581349849700928,-1.38241317058444,-1.5114264488220215
AZD7762,2,JM1,-1.7699240446090698,-0.8562779457276872,-0.9346566796302795
AZD7762,2,JVM3,-2.2017290592193604,-1.0714830902131625,-1.1705728769302368
AZD7762,2,KG1,-0.033385999500751495,-1.8823648709657146,-2.059492826461792
AZD7762,2,KMH2,-0.06969700008630753,-1.0301111391402225,-1.1252193450927734
AZD7762,2,KMS11,-1.218019962310791,-1.1541144424005445,-1.2611565589904785
AZD7762,2,KOPN8,-1.6748559474945068,-0.7805556385771935,-0.8516469597816467
AZD7762,2,LU65,2.16577410697937,-0.7457050604618702,-0.8134424090385437
AZD7762,2,MOLM13,-5.885913848876953,-1.6755436109491382,-1.832767367362976
AZD7762,2,NCIH1092,2.523176908493042,1.006956440770878,1.1078928709030151
AZD7762,2,NCIH1105,1.731855034828186,0.6677998638755188,0.7360963225364685
AZD7762,2,NCIH1155,-0.43195000290870667,0.5348437823222562,0.5903447270393372
AZD7762,2,NCIH1341,-1.2984850406646729,0.7758995861402506,0.8545994162559509
AZD7762,2,NCIH1568,-0.2713640034198761,0.3287939516830574,0.3644649386405945
AZD7762,2,NCIH1650,-0.045037832111120224,0.7954184675418594,0.8759967684745789
AZD7762,2,NCIH1944,-0.40057724714279175,0.16424641529941203,0.184081569314003
AZD7762,2,NCIH2023,-1.171610951423645,0.6800192008190155,0.7494916319847107
AZD7762,2,NCIH2087,0.9526119828224182,0.0869762471737854,0.09937502443790436
AZD7762,2,NCIH2170,-0.19930832087993622,0.47399622992836643,0.5236412882804871
AZD7762,2,NCIH2171,0.15237200260162354,0.45660122605277415,0.5045722126960754
AZD7762,2,NCIH2172,1.276170015335083,0.24939381637182395,0.2774234414100647
AZD7762,2,NCIH2196,-0.5327320098876953,0.9971156596169752,1.0971050262451172
AZD7762,2,NCIH292,0.1470779925584793,-0.19733976435178796,-0.21230317652225494
AZD7762,2,NCIH526,0.9206330180168152,0.1548504511553999,0.1737813502550125
AZD7762,2,NCIH647,-1.4801759719848633,0.3133813494919299,0.3475690484046936
AZD7762,2,OPM2,-0.518775999546051,0.37421405834056853,0.41425621509552
AZD7762,2,PL21,-2.2342350482940674,0.1609849676131548,0.18050624430179596
AZD7762,2,RERFLCKJ,0.5628893375396729,-0.1142191732626831,-0.12118317186832428
AZD7762,2,RERFLCMS,-0.4815559983253479,0.3379763427657262,0.3745310306549072
AZD7762,2,RS411,-0.9800099730491638,0.6176731571902422,0.6811454892158508
AZD7762,2,SUDHL10,-0.48174551129341125,-0.8984735776321675,-0.9809131622314453
AZD7762,2,SUDHL5,-3.5534420013427734,-1.503439935232191,-1.6441006660461426
AZD7762,2,WSUDLCL2,-1.2391810417175293,-1.4285536513482997,-1.5620074272155762
AZD7762,3,697,-2.325587034225464,-1.504868924984477,-1.6749136447906494
AZD7762,3,A549,-0.12730549275875092,-0.263135052008217,-0.22810709476470947
AZD7762,3,CAL12T,-0.6631850004196167,-0.33001675318484347,-0.3060343265533447
AZD7762,3,CALU3,1.9975589513778687,-0.08535101218688018,-0.020961973816156387
AZD7762,3,CHAGOK1,0.7021999955177307,0.30381528406705777,0.4324752390384674
AZD7762,3,CMLT1,-2.0972750186920166,-1.0992609311184323,-1.2023193836212158
AZD7762,3,CORL88,0.16750800609588623,0.0751442123412325,0.16603907942771912
AZD7762,3,CORL95,1.2695850133895874,0.20429920958993736,0.31652405858039856
AZD7762,3,EBC1,1.1209709644317627,-0.23763972922623453,-0.19840121269226074
AZD7762,3,GDM1,-3.6933228969573975,-1.1518334282963487,-1.263574242591858
AZD7762,3,GRANTA519,-0.658381998538971,-1.3825035303409887,-1.5323395729064941
AZD7762,3,HCC15,0.9041860103607178,0.38797741731676616,0.5305367708206177
AZD7762,3,IALM,1.1114405393600464,-0.23185422025916047,-0.19166022539138794
AZD7762,3,K562,-0.882194995880127,-1.259726226079897,-1.3892855644226074
AZD7762,3,KARPAS422,-1.0321799516677856,-1.2107482695366718,-1.332218885421753
AZD7762,3,KNS62,0.08449459075927734,-0.44936214232966937,-0.4450896382331848
AZD7762,3,L1236,-1.020179033279419,-0.8875660911997825,-0.9556630849838257
AZD7762,3,ME1,1.266903042793274,-0.8721827095867605,-0.9377391338348389
AZD7762,3,MM1S,-0.7805814743041992,-0.9534908647426665,-1.0324753522872925
AZD7762,3,MOLP8,-1.169327974319458,-1.0271354138387163,-1.1182823181152344
AZD7762,3,MONOMAC6,-4.958408832550049,-1.3943295107110705,-1.5461186170578003
AZD7762,3,NALM6,-1.4447799921035767,-1.3122437815129917,-1.4504764080047607
AZD7762,3,NCIH1048,0.07917849719524384,-0.23347530866852967,-0.1935490369796753
AZD7762,3,NCIH1781,-0.026419999077916145,-0.08477044062078687,-0.02028552070260048
AZD7762,3,NCIH441,1.6463969945907593,0.23972246473629516,0.3577974736690521
AZD7762,3,NCIH446,-0.0076385000720620155,-0.0392306402486398,0.032775189727544785
AZD7762,3,NCIH661,-0.43529409170150757,0.4637548724729707,0.6188288927078247
AZD7762,3,NCIH69,0.8499169945716858,-0.3459912189603841,-0.3246469795703888
AZD7762,3,NCIH810,-0.07856699824333191,0.5107471504621843,0.6735819578170776
AZD7762,3,NCIH929,-0.45620501041412354,-1.3181397366877665,-1.4573460817337036
AZD7762,3,OCIAML3,-0.6532610058784485,-1.235820121402792,-1.361431360244751
AZD7762,3,OCIAML5,-2.1156630516052246,-1.3723506642224401,-1.520509958267212
AZD7762,3,PF382,-0.947625994682312,-1.594382225595663,-1.779210090637207
AZD7762,3,RCHACV,-2.5272130966186523,-1.1936328417447102,-1.312276840209961
AZD7762,3,REH,-0.5744609832763672,-1.1814592039278782,-1.2980927228927612
AZD7762,3,RPMI8402,-1.9850800037384033,-1.1619333989175549,-1.2753422260284424
AZD7762,3,SIGM5,-1.9227850437164307,-1.4171396452382077,-1.5726958513259888
AZD7762,3,SKMES1,-0.012991689145565033,0.07004624252723751,0.16009917855262756
AZD7762,3,SUDHL4,-1.0383720397949219,-2.128183326926533,-2.4011685848236084
AZD7762,3,SUPT1,-1.083793044090271,-1.3412913899192158,-1.4843212366104126
AZD7762,3,THP1,-0.87534499168396,-1.770329224361535,-1.9842147827148438
AZD7762,4,ALLSIL,-1.8254300355911255,-2.3604418804011478,-2.424772024154663
AZD7762,4,AMO1,-1.2528489828109741,-1.3215970981334528,-1.356787919998169
AZD7762,4,BEN,1.0605854988098145,0.8149394072066589,0.8396778702735901
AZD7762,4,COLO668,0.26162976026535034,0.5800213847163166,0.5981704592704773
AZD7762,4,DAUDI,-0.9212470054626465,-0.638416491090486,-0.6544442772865295
AZD7762,4,DOHH2,-2.0151960849761963,-1.0108382696542622,-1.037312388420105
AZD7762,4,EJM,-1.5851320028305054,-0.8497736127141342,-0.8717299103736877
AZD7762,4,EPLC272H,-1.9745060205459595,0.1870770760973261,0.1942041665315628
AZD7762,4,HCC827,-0.48162850737571716,0.02260341257625189,0.0251170601695776
AZD7762,4,HH,-0.3834860026836395,-1.817642147910181,-1.8667469024658203
AZD7762,4,JURLMK1,-2.9631950855255127,-1.759762112330089,-1.8072433471679688
AZD7762,4,JVM2,-2.3354570865631104,-0.4204463279501424,-0.4303601086139679
AZD7762,4,L363,-2.292670965194702,-0.7052037431759404,-0.7231048941612244
AZD7762,4,L540,-1.8007160425186157,-2.124477116474967,-2.1821885108947754
AZD7762,4,LOUNH91,-0.9002609848976135,-0.5164305869368842,-0.5290367007255554
AZD7762,4,MOLT13,-1.0760350227355957,-1.740602581207508,-1.7875463962554932
AZD7762,4,MOLT16,-2.076029062271118,-1.3315343583049892,-1.3670039176940918
AZD7762,4,NB4,-2.7893900871276855,-1.4225518135245196,-1.4605743885040283
AZD7762,4,NCIH1435,1.6440634727478027,-0.052155486285415206,-0.05173880606889725
AZD7762,4,NCIH1436,0.08582600206136703,0.005232109129581527,0.00725849624723196
AZD7762,4,NCIH1437,0.20854587852954865,-0.48087468669016525,-0.4924834668636322
AZD7762,4,NCIH1793,0.5533279776573181,-0.05347145026790865,-0.053091682493686676
AZD7762,4,NCIH1975,-0.06693550199270248,-0.4557387165193448,-0.46664243936538696
AZD7762,4,NCIH2009,0.0946694165468216,0.1874479057319567,0.1945853978395462
AZD7762,4,NCIH211,-0.5866090059280396,-0.3153390569764723,-0.3223046064376831
AZD7762,4,NCIH2291,1.7158019542694092,0.17866598047744411,0.18555714190006256
AZD7762,4,NCIH23,-0.29059600830078125,-0.11025323063318022,-0.1114661768078804
AZD7762,4,NCIH2342,1.1460859775543213,0.14142050365199044,0.1472669392824173
AZD7762,4,NCIH2444,0.8690288662910461,-0.25800543851513846,-0.2633627951145172
AZD7762,4,NCIH358,-0.05875450000166893,0.13157044294425715,0.13714058697223663
AZD7762,4,NCIH460,-0.25648948550224304,-0.5008638592537635,-0.5130333304405212
AZD7762,4,NCIH524,-0.4721109867095947,0.26840711442284254,0.27781549096107483
AZD7762,4,NCIH596,0.9130669832229614,0.2999811473990834,0.3102751672267914
AZD7762,4,NCIH727,-0.3054024875164032,-0.4373134524242464,-0.4477003514766693
AZD7762,4,NCIH82,0.28003498911857605,-1.2023221464589093,-1.2341673374176025
AZD7762,4,OCIM1,-1.3764760494232178,-1.2633494797072762,-1.2969064712524414
AZD7762,4,RL,0.22449399530887604,-1.2567131598762744,-1.2900840044021606
AZD7762,4,SKMM2,1.4058010578155518,-0.937977203853376,-0.9624075889587402
AZD7762,4,SUDHL1,-0.83120197057724,-1.640651935174248,-1.684792160987854
AZD7762,4,SUDHL6,-3.0900180339813232,-1.4120082155920441,-1.4497350454330444
AZD7762,5,ABC1,-0.16224592924118042,-0.4780142497387444,-0.4255283772945404
AZD7762,5,BV173,-2.203557014465332,-2.2537735294053123,-2.44755220413208
AZD7762,5,CALU6,-0.1744520217180252,-0.21417275222270843,-0.12509700655937195
AZD7762,5,CMK,-0.9871764779090881,-2.0239955449072,-2.185908317565918
AZD7762,5,CORL279,-0.02459000051021576,0.08955988988492547,0.22075766324996948
AZD7762,5,CORL311,0.7899389863014221,-0.4414114648443901,-0.38384947180747986
AZD7762,5,DMS273,0.042954981327056885,-0.24084547130023215,-0.15546873211860657
AZD7762,5,DMS79,1.2000420093536377,0.8029843674111387,1.0331207513809204
AZD7762,5,DND41,-1.9702539443969727,-1.3833146896473396,-1.4563770294189453
AZD7762,5,HT,-0.8063570261001587,-0.926837044718506,-0.9365944862365723
AZD7762,5,KCL22,-1.9230320453643799,-1.1405147578249735,-1.1799052953720093
AZD7762,5,KMS12BM,-1.7175190448760986,-1.6734599240216257,-1.7867599725723267
AZD7762,5,LAMA84,-1.9916549921035767,-1.1983350934067838,-1.245744228363037
AZD7762,5,LCLC97TM1,-1.0588539838790894,0.2614534157740444,0.4164896011352539
AZD7762,5,LOUCY,-1.5843759775161743,-1.5309950987456737,-1.6245379447937012
AZD7762,5,LP1,2.6704208850860596,-1.4420259427170254,-1.5232304334640503
AZD7762,5,NCIH1623,0.4448375105857849,0.3593644101663151,0.5279790163040161
AZD7762,5,NCIH1648,0.20794381201267242,-0.04589684468908358,0.06651561707258224
AZD7762,5,NCIH1651,0.016424840316176414,0.49872735597713613,0.6866689920425415
AZD7762,5,NCIH1792,-0.19083812832832336,-0.2673664674436426,-0.18566769361495972
AZD7762,5,NCIH1876,-1.1982879638671875,0.38366572883530614,0.5556504726409912
AZD7762,5,NCIH1915,0.5548091530799866,-0.4610841478573649,-0.40625038743019104
AZD7762,5,NCIH1963,-0.15317800641059875,0.4787146900567728,0.6638809442520142
AZD7762,5,NCIH2029,2.4655349254608154,0.4596832896609522,0.6422102451324463
AZD7762,5,NCIH2110,-0.9992009997367859,0.17839378558521468,0.32191115617752075
AZD7762,5,NCIH2122,-1.8219759464263916,-0.48785909736108257,-0.436738520860672
AZD7762,5,NCIH2227,0.37080198526382446,-0.23446570120352,-0.14820420742034912
AZD7762,5,NCIH2347,0.3170536160469055,0.11903512549496206,0.25432056188583374
AZD7762,5,NCIH522,1.9239089488983154,0.09141359499644938,0.2228684425354004
AZD7762,5,NCIH841,0.3300822675228119,0.02513948889220055,0.14740335941314697
AZD7762,5,NUDUL1,-3.121006965637207,-1.5562991445238152,-1.6533511877059937
AZD7762,5,OCIAML2,-1.3338299989700317,-1.1691699515216696,-1.2125344276428223
AZD7762,5,OCILY19,-1.487130045890808,-0.8460275308125094,-0.844578206539154
AZD7762,5,P31FUJ,-2.2074599266052246,-1.200552022751467,-1.2482686042785645
AZD7762,5,RAJI,-1.477774977684021,-2.269792037394133,-2.465792179107666
AZD7762,5,SHP77,1.5568469762802124,0.48842631881855614,0.6749393939971924
AZD7762,5,SUDHL8,-1.0073275566101074,-1.3560982596446358,-1.4253861904144287
AZD7762,5,SUPB15,-0.834663987159729,-1.275155526878084,-1.3332182168960571
AZD7762,5,SUPM2,-2.5612740516662598,-1.1261889930631166,-1.16359281539917
AZD7762,5,SW1271,0.055750008672475815,0.21433330282452367,0.3628348112106323
PALBOCICLIB,1,A549,1.4889991283416748,2.562442746764976,2.5269081592559814
PALBOCICLIB,1,ALLSIL,1.7106125354766846,1.678933081306797,1.5926214456558228
PALBOCICLIB,1,BL41,1.5789974927902222,1.5616205918003887,1.4685667753219604
PALBOCICLIB,1,CALU6,2.489241600036621,2.809340013239259,2.7879951000213623
PALBOCICLIB,1,CMLT1,0.20453152060508728,0.9074679551674708,0.7768186926841736
PALBOCICLIB,1,DAUDI,2.9303998947143555,1.6818167261596806,1.5956708192825317
PALBOCICLIB,1,DMS114,3.8830509185791016,3.5153405956000694,3.5345709323883057
PALBOCICLIB,1,EJM,3.8504064083099365,1.9738439364251745,1.9044814109802246
PALBOCICLIB,1,EPLC272H,3.492993116378784,2.296179742136385,2.245342493057251
PALBOCICLIB,1,GDM1,2.6012380123138428,1.328179169758269,1.2217090129852295
PALBOCICLIB,1,HCC366,3.2575020790100098,3.152883347159758,3.151282548904419
PALBOCICLIB,1,HCC44,3.2775895595550537,3.177717639333353,3.177544116973877
PALBOCICLIB,1,HEL,0.2314130961894989,2.2210469278736964,2.165891647338867
PALBOCICLIB,1,HT,2.125473976135254,1.6842991633491002,1.5982959270477295
PALBOCICLIB,1,JVM2,1.3650020360946655,1.9683953356951347,1.8987196683883667
PALBOCICLIB,1,L540,2.2610321044921875,2.014611099158862,1.9475915431976318
PALBOCICLIB,1,MOLT16,-0.7884014844894409,0.9644949067596613,0.8371230959892273
PALBOCICLIB,1,NAMALWA,1.9791685342788696,1.5597431789239258,1.4665814638137817
PALBOCICLIB,1,NB4,-1.2053710222244263,1.5798879972024813,1.4878840446472168
PALBOCICLIB,1,NCIH1155,3.809638500213623,3.7915223014024604,3.826625347137451
PALBOCICLIB,1,NCIH1648,5.3365325927734375,2.038833039540398,1.97320556640625
PALBOCICLIB,1,NCIH1781,4.752129554748535,3.878627765596555,3.9187369346618652
PALBOCICLIB,1,NCIH1792,1.3918304443359375,2.512264846254951,2.473846435546875
PALBOCICLIB,1,NCIH1876,4.4407196044921875,4.280846395715924,4.344071865081787
PALBOCICLIB,1,NCIH1944,1.9491093158721924,2.9988861153536863,2.9884347915649414
PALBOCICLIB,1,NCIH2009,4.292317867279053,3.4919905125012622,3.5098788738250732
PALBOCICLIB,1,NCIH2029,4.307912826538086,3.934800671316758,3.9781382083892822
PALBOCICLIB,1,NCIH209,1.5118584632873535,4.3045977992086435,4.36918830871582
PALBOCICLIB,1,NCIH2291,3.155041456222534,2.9285012820884075,2.9140048027038574
PALBOCICLIB,1,NCIH2347,1.6962225437164307,3.371659327065592,3.38263201713562
PALBOCICLIB,1,NCIH524,3.1257808208465576,3.3606115177273472,3.3709492683410645
PALBOCICLIB,1,NCIH661,1.186929702758789,3.0507698529987324,3.0433003902435303
PALBOCICLIB,1,NCIH727,2.9985404014587402,2.4402113769024014,2.3976519107818604
PALBOCICLIB,1,NCIH838,0.25696951150894165,2.1327413353330895,2.0725109577178955
PALBOCICLIB,1,OCIAML3,0.8259180188179016,1.6975462309920715,1.6123043298721313
PALBOCICLIB,1,P12ICHIKAWA,-0.17164599895477295,0.777448151401813,0.6393263936042786
PALBOCICLIB,1,PF382,1.2126350402832031,1.3250488706857564,1.2183988094329834
PALBOCICLIB,1,SKM1,0.7306789755821228,1.9672799806453132,1.8975402116775513
PALBOCICLIB,1,SUDHL4,1.8561245203018188,1.0745005468356803,0.9534509778022766
PALBOCICLIB,1,SUPT1,2.526287078857422,0.8004246457968495,0.6636233925819397
PALBOCICLIB,1,SW1271,2.3768293857574463,2.762679979081036,2.7386534214019775
PALBOCICLIB,2,A3KAW,0.6165364980697632,1.9822994197706396,1.9400302171707153
PALBOCICLIB,2,DMS53,3.072093963623047,3.107145348778499,3.0961811542510986
PALBOCICLIB,2,DMS79,4.231515407562256,3.7059087289688044,3.711608409881592
PALBOCICLIB,2,EBC1,1.4803210496902466,2.727237840748441,2.705700635910034
PALBOCICLIB,2,EM2,1.0740950107574463,1.7020516565398396,1.6519830226898193
PALBOCICLIB,2,GRANTA519,3.582771062850952,1.4761357603995298,1.4197797775268555
PALBOCICLIB,2,HDLM2,2.232173442840576,2.073141789371772,2.033400774002075
PALBOCICLIB,2,JEKO1,0.5465354919433594,1.7158151774643047,1.6661295890808105
PALBOCICLIB,2,JM1,0.5192750096321106,2.0534629815661276,2.013174295425415
PALBOCICLIB,2,JVM3,0.9007980227470398,1.2962349321717246,1.2348722219467163
PALBOCICLIB,2,KOPN8,0.2958313226699829,1.751391217279334,1.7026957273483276
PALBOCICLIB,2,L1236,3.171961545944214,2.123470092134365,2.085129737854004
PALBOCICLIB,2,L428,3.2515065670013428,1.4423215950798536,1.3850245475769043
PALBOCICLIB,2,LCLC97TM1,2.270002603530884,2.4007653151092105,2.3701422214508057
PALBOCICLIB,2,LU65,4.279881477355957,2.4117721884788375,2.381455421447754
PALBOCICLIB,2,MHHCALL2,2.614732027053833,1.0782043841447755,1.010773777961731
PALBOCICLIB,2,MOLM13,-1.412693977355957,1.0072739451019477,0.9378693103790283
PALBOCICLIB,2,MOLP8,1.9861584901809692,2.4106093582707926,2.3802602291107178
PALBOCICLIB,2,NCIH1105,4.327730655670166,4.449542474401992,4.475937843322754
PALBOCICLIB,2,NCIH1435,4.287580966949463,3.287445037278144,3.281498670578003
PALBOCICLIB,2,NCIH1436,4.437455654144287,4.126093353696266,4.143486976623535
PALBOCICLIB,2,NCIH1793,1.5169873237609863,3.0732286558402397,3.0613205432891846
PALBOCICLIB,2,NCIH1915,1.895946979522705,3.1743517388336833,3.1652579307556152
PALBOCICLIB,2,NCIH196,3.0411036014556885,2.905952062567059,2.8893885612487793
PALBOCICLIB,2,NCIH2030,1.9046931266784668,3.0842526944672763,3.0726513862609863
PALBOCICLIB,2,NCIH2066,5.989119529724121,3.025258720267991,3.0120155811309814
PALBOCICLIB,2,NCIH2081,4.418533802032471,3.545334240862398,3.546565055847168
PALBOCICLIB,2,NCIH2087,4.368855953216553,2.4866781243340688,2.4584460258483887
PALBOCICLIB,2,NCIH211,1.0500149726867676,2.7259933595862305,2.7044215202331543
PALBOCICLIB,2,NCIH2110,3.336752414703369,2.9788197400863456,2.9642841815948486
PALBOCICLIB,2,NCIH2171,3.4219648838043213,3.925017672694377,3.9368152618408203
PALBOCICLIB,2,NCIH460,0.6316275000572205,2.1178308411493703,2.079333543777466
PALBOCICLIB,2,NCIH522,3.935699462890625,2.840223276426745,2.8218305110931396
PALBOCICLIB,2,NCIH69,3.5459964275360107,3.438119115229042,3.436366081237793
PALBOCICLIB,2,OPM2,2.670811414718628,1.8713935318312387,1.8260377645492554
PALBOCICLIB,2,RPMI8226,0.8826280236244202,2.018980183077752,1.9777318239212036
PALBOCICLIB,2,ST486,1.9474685192108154,1.443136132936536,1.3858617544174194
PALBOCICLIB,2,SUDHL10,-0.23044849932193756,1.942787780768538,1.8994189500808716
PALBOCICLIB,2,SUDHL8,2.680510997772217,1.7700662054709124,1.7218904495239258
PALBOCICLIB,2,THP1,2.338123083114624,1.6268191168679462,1.5746567249298096
PALBOCICLIB,2,WSUDLCL2,0.8497740030288696,1.6558278219831617,1.6044727563858032
PALBOCICLIB,3,697,-1.5424449443817139,1.0443872013739495,0.9918287396430969
PALBOCICLIB,3,A4FUK,1.2876604795455933,1.8392957852167393,1.813126564025879
PALBOCICLIB,3,AMO1,2.2449300289154053,2.1933827322569286,2.1789684295654297
PALBOCICLIB,3,COLO668,4.025798797607422,3.8355795241113837,3.8756825923919678
PALBOCICLIB,3,CORL105,0.9424435496330261,2.650102493431012,2.650850296020508
PALBOCICLIB,3,CORL23,1.9255143404006958,2.718690899816942,2.7217156887054443
PALBOCICLIB,3,CORL311,4.426292896270752,3.0469588050556067,3.0608813762664795
PALBOCICLIB,3,CORL95,4.36765718460083,3.136830937145113,3.1537370681762695
PALBOCICLIB,3,DOHH2,0.1339409351348877,1.75891657231098,1.730078935623169
PALBOCICLIB,3,HCC33,4.3340630531311035,3.4480726002462503,3.475311279296875
PALBOCICLIB,3,IALM,5.082275867462158,3.5012745302518526,3.5302793979644775
PALBOCICLIB,3,JURKAT,1.5078200101852417,1.5108710799735687,1.4737988710403442
PALBOCICLIB,3,JURLMK1,-1.3133740425109863,1.2114329150776884,1.1644200086593628
PALBOCICLIB,3,K562,2.856861114501953,1.1193461992600857,1.069276213645935
PALBOCICLIB,3,KARPAS422,1.5143954753875732,1.0910835464979824,1.0400753021240234
PALBOCICLIB,3,LCLC103H,2.9839630126953125,2.370584967223822,2.362053394317627
PALBOCICLIB,3,LOUCY,1.5779509544372559,1.4183804224225045,1.3782377243041992
PALBOCICLIB,3,LOUNH91,3.3807995319366455,2.6094355642271094,2.6088333129882812
PALBOCICLIB,3,LP1,3.4311320781707764,1.9005457437096762,1.876409888267517
PALBOCICLIB,3,NCIH1048,3.9747469425201416,3.437765797889741,3.4646623134613037
PALBOCICLIB,3,NCIH1341,3.4334049224853516,3.631027168564606,3.664339542388916
PALBOCICLIB,3,NCIH1623,3.372220039367676,3.215100099659113,3.234604597091675
PALBOCICLIB,3,NCIH1651,3.748025894165039,3.627660641315549,3.6608612537384033
PALBOCICLIB,3,NCIH2444,3.883344888687134,3.7474376148824864,3.7846145629882812
PALBOCICLIB,3,NCIH596,5.393075942993164,2.9555290570273014,2.966416358947754
PALBOCICLIB,3,NCIH647,2.959080934524536,2.813320106362497,2.819486379623413
PALBOCICLIB,3,NCIH929,2.073625087738037,1.4595425581159864,1.4207663536071777
PALBOCICLIB,3,NOMO1,1.5410255193710327,1.9915422437490782,1.9704272747039795
PALBOCICLIB,3,OCIAML2,1.3276159763336182,1.27125944336048,1.226232647895813
PALBOCICLIB,3,OCIM1,2.2512850761413574,0.8747876321148521,0.8165988326072693
PALBOCICLIB,3,P31FUJ,2.9543330669403076,1.4442054639298672,1.4049201011657715
PALBOCICLIB,3,RAJI,2.676600933074951,1.9009125334185235,1.876788854598999
PALBOCICLIB,3,RCHACV,-1.033139944076538,1.7502509202591725,1.721125602722168
PALBOCICLIB,3,RL,1.333801507949829,1.287409266929777,1.242918610572815
PALBOCICLIB,3,RPMI8402,-1.540902018547058,1.2748583438318137,1.229951024055481
PALBOCICLIB,3,RS411,-0.40347549319267273,2.8494653341855467,2.8568315505981445
PALBOCICLIB,3,SIGM5,-1.2262660264968872,1.1702992779869383,1.1219208240509033
PALBOCICLIB,3,SKMES1,2.217633008956909,2.968819328490881,2.9801478385925293
PALBOCICLIB,3,SKMM2,3.466576099395752,2.034308608480564,2.014613389968872
PALBOCICLIB,3,SUPB15,1.7490555047988892,1.2127118908318795,1.1657414436340332
PALBOCICLIB,3,SW1573,2.9754693508148193,2.60946787033547,2.6088666915893555
PALBOCICLIB,4,BEN,1.8081190586090088,3.167201340671703,3.1791040897369385
PALBOCICLIB,4,BV173,0.09903199970722198,1.1041113435749135,1.0166910886764526
PALBOCICLIB,4,CA46,3.3885724544525146,1.9242679899751516,1.876332402229309
PALBOCICLIB,4,CALU3,4.827610015869141,3.508600700024045,3.5369393825531006
PALBOCICLIB,4,CORL279,3.711009979248047,3.569647783292351,3.6009254455566406
PALBOCICLIB,4,DMS273,3.4413435459136963,2.2575284433747416,2.2256369590759277
PALBOCICLIB,4,EHEB,1.9867019653320312,1.7757540255277424,1.7206685543060303
PALBOCICLIB,4,HARA,1.1465853452682495,2.66410615330339,2.6517884731292725
PALBOCICLIB,4,HCC827,3.337791919708252,2.323253171226338,2.2945258617401123
PALBOCICLIB,4,HH,2.4205191135406494,1.3630605068513504,1.2881067991256714
PALBOCICLIB,4,HL60,0.8921260237693787,1.408516161822891,1.3357508182525635
PALBOCICLIB,4,KCL22,1.530921459197998,1.5022440898389435,1.4339910745620728
PALBOCICLIB,4,KG1,1.8704334497451782,0.5905763013245418,0.4784330129623413
PALBOCICLIB,4,KNS62,1.174725890159607,2.4522411995790256,2.4297237396240234
PALBOCICLIB,4,LAMA84,1.039250135421753,2.340314154222109,2.312408208847046
PALBOCICLIB,4,ME1,3.3842926025390625,1.4942493983710101,1.4256114959716797
PALBOCICLIB,4,NALM6,0.3954299986362457,1.3484717559190629,1.2728157043457031
PALBOCICLIB,4,NCIH1437,0.9984815120697021,2.9393513258966637,2.9402847290039062
PALBOCICLIB,4,NCIH146,2.870910882949829,2.5737143794538815,2.5570449829101562
PALBOCICLIB,4,NCIH1568,5.782299995422363,3.0635745895593027,3.070488452911377
PALBOCICLIB,4,NCIH1650,3.1093928813934326,3.6263288526464557,3.6603353023529053
PALBOCICLIB,4,NCIH1836,5.1856689453125,3.927680941409409,3.9761953353881836
PALBOCICLIB,4,NCIH1975,2.770841598510742,2.8757629741356268,2.8736350536346436
PALBOCICLIB,4,NCIH2122,1.6187820434570312,2.1979025779315853,2.1631405353546143
PALBOCICLIB,4,NCIH2170,1.8890299797058105,3.125007912883164,3.1348793506622314
PALBOCICLIB,4,NCIH2196,5.442220211029053,3.4362502947059026,3.4611058235168457
PALBOCICLIB,4,NCIH2227,4.8455281257629395,2.2658523942539914,2.2343616485595703
PALBOCICLIB,4,NCIH2405,3.9263994693756104,3.0037819903348026,3.007817268371582
PALBOCICLIB,4,NCIH292,2.0046770572662354,2.4720188286192544,2.450453519821167
PALBOCICLIB,4,NCIH358,2.3970463275909424,2.9366824480569567,2.9374873638153076
PALBOCICLIB,4,NCIH441,2.7466835975646973,3.690666937754435,3.7277708053588867
PALBOCICLIB,4,NCIH526,3.9714064598083496,3.6864806232771516,3.7233829498291016
PALBOCICLIB,4,NCIH82,3.0309510231018066,1.6825706550458466,1.6229990720748901
PALBOCICLIB,4,NCIH841,1.2463326454162598,2.496962702737078,2.4765982627868652
PALBOCICLIB,4,NUDUL1,0.7091140151023865,1.2398440149707401,1.1589583158493042
PALBOCICLIB,4,OCIAML5,0.6808810234069824,1.2096744129870245,1.1273362636566162
PALBOCICLIB,4,RERFLCKJ,3.84242844581604,2.972149657681332,2.9746620655059814
PALBOCICLIB,4,SHP77,1.7733299732208252,3.5885130396218443,3.620698928833008
PALBOCICLIB,4,SUDHL1,1.2701685428619385,1.3382110318048193,1.2620609998703003
PALBOCICLIB,4,SUDHL5,0.6707894802093506,1.4854681237981842,1.4164074659347534
PALBOCICLIB,5,ABC1,2.346066951751709,2.5667834433458467,2.592134952545166
PALBOCICLIB,5,CAL12T,3.8894131183624268,2.069875192464897,2.0350160598754883
PALBOCICLIB,5,CHAGOK1,4.558003902435303,3.760763045116674,3.9307897090911865
PALBOCICLIB,5,CMK,1.9712049961090088,1.8452073050584985,1.7831250429153442
PALBOCICLIB,5,CORL88,4.847788333892822,3.917238599013014,4.106225490570068
PALBOCICLIB,5,DB,0.8019390106201172,1.5410766618321234,1.4421427249908447
PALBOCICLIB,5,DND41,1.4825409650802612,1.9882950658218028,1.9435508251190186
PALBOCICLIB,5,GA10,0.45204150676727295,1.3491660342765601,1.2269781827926636
PALBOCICLIB,5,HCC15,4.328616619110107,3.320707381052182,3.4374122619628906
PALBOCICLIB,5,HCC78,1.0728850364685059,2.349536986394546,2.348564624786377
PALBOCICLIB,5,KMH2,2.4988694190979004,2.369651052282492,2.3711159229278564
PALBOCICLIB,5,KMS11,2.7782344818115234,1.7477163817541082,1.6738210916519165
PALBOCICLIB,5,KMS12BM,4.1785407066345215,2.0755506479131447,2.04137921333313
PALBOCICLIB,5,KU812,1.1007695198059082,1.5620810994822865,1.4656922817230225
PALBOCICLIB,5,L363,2.4798269271850586,1.7790640812452931,1.7089672088623047
PALBOCICLIB,5,LXF289,1.8253024816513062,3.133151111602431,3.2271296977996826
PALBOCICLIB,5,MEG01,3.2448151111602783,1.3123895550582099,1.1857454776763916
PALBOCICLIB,5,MM1S,2.3437039852142334,1.8283316022899514,1.764204502105713
PALBOCICLIB,5,MOLM16,0.8805354833602905,1.7355248595425798,1.6601523160934448
PALBOCICLIB,5,MOLT13,0.17993800342082977,1.4315975111346142,1.3193979263305664
PALBOCICLIB,5,MONOMAC6,2.152620553970337,1.3219406901224804,1.1964539289474487
PALBOCICLIB,5,NCIH1092,4.2433929443359375,4.279533782384482,4.512420177459717
PALBOCICLIB,5,NCIH1963,4.180132865905762,3.419715147389745,3.54841685295105
PALBOCICLIB,5,NCIH2023,2.407521963119507,3.7055923188847344,3.868933916091919
PALBOCICLIB,5,NCIH2085,3.0417890548706055,2.354868159090697,2.354541778564453
PALBOCICLIB,5,NCIH2172,4.6599884033203125,2.7966505532027655,2.8498551845550537
PALBOCICLIB,5,NCIH2228,4.657900810241699,2.708994548367632,2.751577854156494
PALBOCICLIB,5,NCIH23,2.618976593017578,1.7053632237016851,1.6263359785079956
PALBOCICLIB,5,NCIH2342,3.6758105754852295,3.9156101139509034,4.104399681091309
PALBOCICLIB,5,NCIH446,4.212732315063477,3.042714688618029,3.12573504447937
PALBOCICLIB,5,NCIH650,3.2084872722625732,3.7380956728640418,3.9053757190704346
PALBOCICLIB,5,NCIH810,4.746111869812012,2.7436646083142744,2.7904489040374756
PALBOCICLIB,5,OCILY19,0.47683000564575195,1.5914295560495442,1.4985969066619873
PALBOCICLIB,5,PL21,0.6270018815994263,2.502267322360108,2.519801378250122
PALBOCICLIB,5,REH,0.6807184815406799,0.4294203238955866,0.19578638672828674
PALBOCICLIB,5,RERFLCMS,2.4079554080963135,2.5909423531050924,2.6192212104797363
PALBOCICLIB,5,SBC5,1.882981538772583,2.3049107966329427,2.2985310554504395
PALBOCICLIB,5,SKLU1,1.942820429801941,2.3528471193896907,2.352275848388672
PALBOCICLIB,5,SUDHL6,-0.4735009968280792,1.4936064711276273,1.388920545578003
PALBOCICLIB,5,SUPM2,1.9414600133895874,1.1258611897177542,0.9766153693199158
SELUMETINIB,1,A3KAW,2.280535936355591,3.3156925884630284,3.3163225650787354
SELUMETINIB,1,ABC1,3.9427359104156494,2.1347730728906025,1.9478299617767334
SELUMETINIB,1,ALLSIL,3.4148690700531006,2.963627035714252,2.9083361625671387
SELUMETINIB,1,CAL12T,1.9615869522094727,2.293773385925911,2.1320853233337402
SELUMETINIB,1,CMLT1,2.802164077758789,3.2903360028278317,3.286938428878784
SELUMETINIB,1,DB,4.246201515197754,2.8408543842791056,2.7660627365112305
SELUMETINIB,1,DMS273,4.341040134429932,3.921799256094007,4.018701076507568
SELUMETINIB,1,EHEB,3.1203033924102783,3.1250038471403574,3.0953454971313477
SELUMETINIB,1,EJM,3.7665135860443115,3.7456028138491417,3.8145182132720947
SELUMETINIB,1,HARA,4.028369903564453,1.9817051590284764,1.7704492807388306
SELUMETINIB,1,HCC78,3.174166440963745,1.8318023435339397,1.5967364311218262
SELUMETINIB,1,KG1,2.1393940448760986,1.8738167406538622,1.645424246788025
SELUMETINIB,1,KU812,-1.203402042388916,2.9990146624317524,2.9493446350097656
SELUMETINIB,1,L1236,3.586411476135254,3.544340290317431,3.5812878608703613
SELUMETINIB,1,MHHCALL2,2.8225948810577393,2.8917183626935086,2.8250057697296143
SELUMETINIB,1,NCIH1105,3.601003885269165,3.939887060831718,4.039661884307861
SELUMETINIB,1,NCIH1436,4.216794013977051,3.907003696811194,4.001555442810059
SELUMETINIB,1,NCIH1568,2.9742074012756348,2.858081374432184,2.7860260009765625
SELUMETINIB,1,NCIH1648,1.155595302581787,2.3734156056535767,2.2243776321411133
SELUMETINIB,1,NCIH1781,4.156508922576904,3.0720966685251923,3.0340347290039062
SELUMETINIB,1,NCIH1836,4.295496940612793,3.5610247450833974,3.6006224155426025
SELUMETINIB,1,NCIH1944,1.8540431261062622,2.7571720555651975,2.66908860206604
SELUMETINIB,1,NCIH196,4.3797173500061035,2.5462679560584274,2.42468523979187
SELUMETINIB,1,NCIH2009,1.4739810228347778,2.895913599355853,2.829867362976074
SELUMETINIB,1,NCIH2085,3.4854280948638916,2.2903974044442568,2.1281731128692627
SELUMETINIB,1,NCIH2087,1.7347478866577148,3.1505320196215347,3.1249284744262695
SELUMETINIB,1,NCIH2172,4.582716941833496,2.185185247091847,2.00624942779541
SELUMETINIB,1,NCIH2228,2.811908006668091,2.80898655104007,2.729133129119873
SELUMETINIB,1,NCIH2291,-0.3539170026779175,2.8454172776486053,2.771350383758545
SELUMETINIB,1,NCIH596,3.107870101928711,3.137444510692838,3.109762191772461
SELUMETINIB,1,NCIH647,2.701663017272949,3.1882113800049594,3.168592691421509
SELUMETINIB,1,NCIH661,3.833897590637207,3.764995419278952,3.83699107170105
SELUMETINIB,1,NCIH838,2.5798990726470947,2.9730044420127655,2.919203042984009
SELUMETINIB,1,NCIH929,1.367113471031189,2.749134014215527,2.659773826599121
SELUMETINIB,1,OCIM1,2.2372090816497803,1.6208765384968922,1.352307915687561
SELUMETINIB,1,PL21,0.40791916847229004,3.43950011020427,3.4597952365875244
SELUMETINIB,1,RCHACV,3.14077091217041,3.334862172140988,3.3385369777679443
SELUMETINIB,1,RPMI8402,3.0418450832366943,3.0528221576392585,3.0116987228393555
SELUMETINIB,1,SKM1,-1.9079220294952393,0.9438614010247097,0.5677580833435059
SELUMETINIB,1,SUDHL6,2.7496345043182373,3.251776488335167,3.2422542572021484
SELUMETINIB,1,SW1573,4.674265384674072,2.142558671722265,1.9568521976470947
SELUMETINIB,2,BV173,1.9124490022659302,2.4936979253538087,2.4363162517547607
SELUMETINIB,2,DMS53,4.296433448791504,3.218438032664963,3.1779990196228027
SELUMETINIB,2,DND41,3.0856430530548096,3.5481205646852625,3.5153887271881104
SELUMETINIB,2,EBC1,0.7091119885444641,2.5618758578190493,2.5060880184173584
SELUMETINIB,2,EPLC272H,1.6855930089950562,3.1158701338142034,3.073033332824707
SELUMETINIB,2,GDM1,3.2719509601593018,2.0821314701598914,2.0151283740997314
SELUMETINIB,2,HCC44,0.7247059941291809,3.4243300583048044,3.388704299926758
SELUMETINIB,2,HDLM2,4.285719394683838,3.034796488141966,2.9900643825531006
SELUMETINIB,2,HT,3.604063034057617,3.214504995063378,3.17397403717041
SELUMETINIB,2,JURLMK1,0.23702800273895264,1.865368842635869,1.793298363685608
SELUMETINIB,2,JVM2,3.1647675037384033,3.138017874166784,3.095698833465576
SELUMETINIB,2,KARPAS422,3.273373603820801,3.340668556828847,3.303086996078491
SELUMETINIB,2,KOPN8,2.3674230575561523,1.8935740945794224,1.8221629858016968
SELUMETINIB,2,L363,3.2766284942626953,3.1107612852438233,3.067805051803589
SELUMETINIB,2,L428,4.282098770141602,3.38985412515735,3.3534224033355713
SELUMETINIB,2,LP1,4.206047534942627,2.907339231446892,2.8596274852752686
SELUMETINIB,2,ME1,2.4117350578308105,2.0930953774320264,2.02634859085083
SELUMETINIB,2,MM1S,2.7252728939056396,3.251232605051214,3.2115602493286133
SELUMETINIB,2,MOLP8,2.513029098510742,2.666262338088952,2.612914800643921
SELUMETINIB,2,NCIH1092,4.637235164642334,4.151562735767561,4.132937908172607
SELUMETINIB,2,NCIH1155,3.5087029933929443,3.6844934365903264,3.65494966506958
SELUMETINIB,2,NCIH1341,3.314255952835083,3.6158111191939506,3.5846617221832275
SELUMETINIB,2,NCIH1437,0.3854140043258667,3.4601323024975033,3.4253435134887695
SELUMETINIB,2,NCIH1792,2.1413910388946533,2.7555894918237023,2.7043302059173584
SELUMETINIB,2,NCIH1963,5.203125,4.069458653813378,4.048914432525635
SELUMETINIB,2,NCIH1975,3.1073920726776123,3.392905362775402,3.3565449714660645
SELUMETINIB,2,NCIH2023,3.176516532897949,3.4785096198821863,3.444150447845459
SELUMETINIB,2,NCIH2029,3.8731555938720703,3.610568311577195,3.579296350479126
SELUMETINIB,2,NCIH2122,0.3854284882545471,3.0311199529926585,2.986301898956299
SELUMETINIB,2,NCIH2171,3.9626450538635254,3.7821467857310145,3.7548859119415283
SELUMETINIB,2,NCIH2405,3.5945138931274414,2.8797718575363405,2.8314156532287598
SELUMETINIB,2,NCIH292,0.781965970993042,2.8645252213085173,2.815812587738037
SELUMETINIB,2,NCIH524,3.9839439392089844,3.855681915190002,3.8301401138305664
SELUMETINIB,2,NCIH526,4.541496276855469,4.2927504452577425,4.277426242828369
SELUMETINIB,2,NCIH69,4.038931846618652,2.847389879012926,2.798276662826538
SELUMETINIB,2,OCIAML3,-1.9074499607086182,2.466344187000695,2.408323049545288
SELUMETINIB,2,PF382,4.054419994354248,3.092216926752617,3.0488271713256836
SELUMETINIB,2,RL,3.152527093887329,3.3067105210032928,3.2683351039886475
SELUMETINIB,2,SKMES1,2.70259690284729,2.9901368718029184,2.9443607330322266
SELUMETINIB,2,SUDHL8,4.229053020477295,3.0770185157814884,3.033273458480835
SELUMETINIB,2,SUPB15,3.067173957824707,2.889845810796033,2.8417251110076904
SELUMETINIB,3,697,2.130647897720337,2.795882368170188,2.751504421234131
SELUMETINIB,3,A4FUK,1.961698055267334,3.3932470900301857,3.38059401512146
SELUMETINIB,3,A549,0.5238671898841858,2.2124373272002855,2.1370737552642822
SELUMETINIB,3,AMO1,2.631850481033325,3.110670368594705,3.083010196685791
SELUMETINIB,3,CALU3,4.078363418579102,2.452549332207519,2.38993763923645
SELUMETINIB,3,CORL279,3.0964860916137695,4.052368340296956,4.0747199058532715
SELUMETINIB,3,CORL311,4.526618480682373,4.175482036023228,4.204371929168701
SELUMETINIB,3,DMS114,4.708415508270264,3.272396893255499,3.2533257007598877
SELUMETINIB,3,GA10,4.025158882141113,3.3208237265961245,3.3043243885040283
SELUMETINIB,3,GRANTA519,4.6511712074279785,3.7243984808550397,3.729332208633423
SELUMETINIB,3,HCC15,2.277010440826416,3.083907515867802,3.054826021194458
SELUMETINIB,3,HCC33,4.100644111633301,3.9044505628909034,3.9189465045928955
SELUMETINIB,3,IALM,4.735693454742432,2.3744047363264214,2.307642936706543
SELUMETINIB,3,JM1,3.1745290756225586,3.4969661903688456,3.489821434020996
SELUMETINIB,3,L540,3.819622039794922,2.879238354566039,2.839287281036377
SELUMETINIB,3,LAMA84,0.6608989834785461,0.8300518101300052,0.6812724471092224
SELUMETINIB,3,LCLC103H,4.572504043579102,2.652648480523018,2.600663661956787
SELUMETINIB,3,LOUCY,3.1043310165405273,3.0782084701478363,3.0488243103027344
SELUMETINIB,3,LU65,1.309872031211853,2.846752458230706,2.8050761222839355
SELUMETINIB,3,MOLT16,2.593161106109619,2.905505854651807,2.8669497966766357
SELUMETINIB,3,NAMALWA,3.521089553833008,3.378041937341021,3.364581346511841
SELUMETINIB,3,NCIH1048,3.1799559593200684,3.389979981271403,3.3771533966064453
SELUMETINIB,3,NCIH1651,3.481717586517334,3.083934456893531,3.054854393005371
SELUMETINIB,3,NCIH1876,3.5643320083618164,4.046759173461146,4.068812847137451
SELUMETINIB,3,NCIH211,3.7908365726470947,3.176416432761111,3.152247905731201
SELUMETINIB,3,NCIH23,2.662818431854248,2.478666958687971,2.4174423217773438
SELUMETINIB,3,NCIH2342,3.860917091369629,2.5189564702825695,2.459871530532837
SELUMETINIB,3,NCIH358,1.3048579692840576,3.0495072219394914,3.018598794937134
SELUMETINIB,3,NCIH727,0.13171522319316864,2.8288581836624744,2.786231517791748
SELUMETINIB,3,NCIH82,4.598150730133057,3.6125696789816044,3.6115643978118896
SELUMETINIB,3,OCIAML5,0.8769789934158325,1.2511245908035207,1.124707579612732
SELUMETINIB,3,P31FUJ,2.3728010654449463,1.8432387557836292,1.7482677698135376
SELUMETINIB,3,RERFLCMS,0.49899399280548096,3.03371049866016,3.0019631385803223
SELUMETINIB,3,RS411,3.8749709129333496,2.4490361318943887,2.386237859725952
SELUMETINIB,3,SIGM5,3.880620002746582,1.0208774725177887,0.8822324872016907
SELUMETINIB,3,ST486,3.1991639137268066,3.351851638009653,3.3370001316070557
SELUMETINIB,3,SUDHL1,5.1152119636535645,2.0539673839226738,1.970187783241272
SELUMETINIB,3,SUDHL10,2.6221156120300293,3.1717757844804986,3.1473608016967773
SELUMETINIB,3,SUDHL4,2.5606329441070557,3.4080051122503185,3.3961358070373535
SELUMETINIB,3,SUPT1,4.127771854400635,2.8344012431074215,2.7920689582824707
SELUMETINIB,3,WSUDLCL2,3.1117660999298096,3.430660703727008,3.419994592666626
SELUMETINIB,4,BL41,2.9017789363861084,3.29687659637545,3.3536393642425537
SELUMETINIB,4,CA46,3.814857006072998,3.328959276846599,3.3889269828796387
SELUMETINIB,4,CALU6,1.4540419578552246,2.5560527417552112,2.5388100147247314
SELUMETINIB,4,CMK,2.624999523162842,1.8028801321272998,1.7103983163833618
SELUMETINIB,4,COLO668,2.971575975418091,3.285325426771127,3.3409342765808105
SELUMETINIB,4,CORL105,1.7433340549468994,2.779421308203979,2.784492254257202
SELUMETINIB,4,CORL23,3.498180389404297,2.929735213586527,2.949821949005127
SELUMETINIB,4,CORL88,3.9931108951568604,3.4447831139363916,3.5163211822509766
SELUMETINIB,4,DOHH2,3.1661128997802734,3.4582327080447333,3.531114339828491
SELUMETINIB,4,HCC827,3.357480049133301,2.457422890744807,2.4303274154663086
SELUMETINIB,4,HEL,3.7958695888519287,2.3049172783332414,2.262587070465088
SELUMETINIB,4,HH,4.0631890296936035,2.173266156065847,2.1177845001220703
SELUMETINIB,4,HL60,0.22130900621414185,0.9940727162420825,0.8207941055297852
SELUMETINIB,4,K562,3.181072950363159,2.449730348063987,2.4218664169311523
SELUMETINIB,4,KNS62,1.8838218450546265,2.003821255998303,1.931412696838379
SELUMETINIB,4,LCLC97TM1,1.3416454792022705,2.4481258563788137,2.4201016426086426
SELUMETINIB,4,LXF289,4.292840003967285,3.05167094577969,3.0839385986328125
SELUMETINIB,4,MOLM13,1.5682220458984375,0.11407275572154008,-0.14711451530456543
SELUMETINIB,4,MONOMAC6,2.63032603263855,1.314530045666164,1.1732639074325562
SELUMETINIB,4,NCIH1435,4.223591327667236,2.935096886355071,2.955719232559204
SELUMETINIB,4,NCIH146,3.486780881881714,3.422838514540027,3.4921844005584717
SELUMETINIB,4,NCIH1650,4.626568794250488,3.043806942287876,3.075289011001587
SELUMETINIB,4,NCIH2030,1.3637230396270752,2.1097901066013733,2.0479674339294434
SELUMETINIB,4,NCIH2081,4.00072717666626,3.9481482685602223,4.069970607757568
SELUMETINIB,4,NCIH209,4.479588985443115,4.003787410109841,4.131167888641357
SELUMETINIB,4,NCIH2110,2.9210169315338135,2.428075562958771,2.3980484008789062
SELUMETINIB,4,NCIH2227,3.891920566558838,3.358877996159536,3.4218344688415527
SELUMETINIB,4,NCIH2347,0.5803171992301941,2.478751661868059,2.453786849975586
SELUMETINIB,4,NCIH2444,2.936598062515259,3.3257229811346782,3.3853673934936523
SELUMETINIB,4,NCIH441,4.929890155792236,2.4992807883241124,2.4763667583465576
SELUMETINIB,4,NCIH460,1.4139469861984253,2.5079338150169566,2.485884189605713
SELUMETINIB,4,NCIH810,4.3458991050720215,3.477757780801013,3.5525898933410645
SELUMETINIB,4,NOMO1,-0.6419410109519958,1.2631183560336068,1.1167163848876953
SELUMETINIB,4,NUDUL1,2.6225039958953857,3.150048916306688,3.1921441555023193
SELUMETINIB,4,RAJI,4.029435634613037,2.223456702236039,2.1729888916015625
SELUMETINIB,4,REH,3.206631898880005,2.8418991566133025,2.8532114028930664
SELUMETINIB,4,RERFLCKJ,3.5188000202178955,2.532109355837774,2.512474775314331
SELUMETINIB,4,SHP77,3.1335384845733643,3.1059208429074934,3.1436078548431396
SELUMETINIB,4,SKMM2,5.090573310852051,2.9395305898039408,2.9605958461761475
SELUMETINIB,4,SW1271,2.5586795806884766,2.5248223797528686,2.504459857940674
SELUMETINIB,5,BEN,3.4328930377960205,2.8540240618925727,2.8286337852478027
SELUMETINIB,5,CHAGOK1,3.2800140380859375,3.489160153869649,3.5606837272644043
SELUMETINIB,5,CORL95,4.211582183837891,3.6583067886276015,3.7556400299072266
SELUMETINIB,5,DAUDI,3.7350006103515625,3.2199767507107997,3.2504262924194336
SELUMETINIB,5,DMS79,4.621129035949707,3.6796658161002713,3.7802581787109375
SELUMETINIB,5,EM2,1.9603029489517212,2.902716505071678,2.884756088256836
SELUMETINIB,5,HCC366,3.9840304851531982,3.1905276213122744,3.2164835929870605
SELUMETINIB,5,JEKO1,3.632072925567627,3.1745135220846104,3.198025941848755
SELUMETINIB,5,JURKAT,3.610649585723877,3.781529528510607,3.897665023803711
SELUMETINIB,5,JVM3,1.5802680253982544,3.006949121784108,3.0048933029174805
SELUMETINIB,5,KCL22,2.515523910522461,1.8215614686670607,1.6386302709579468
SELUMETINIB,5,KMH2,2.2936179637908936,3.1289795490232724,3.1455440521240234
SELUMETINIB,5,KMS11,3.0736870765686035,2.913622938823678,2.897326707839966
SELUMETINIB,5,KMS12BM,4.3519110679626465,2.9215055651107806,2.906412124633789
SELUMETINIB,5,LOUNH91,4.036895275115967,1.6591779605382528,1.45146906375885
SELUMETINIB,5,MEG01,1.382343053817749,3.15716044996597,3.178025007247925
SELUMETINIB,5,MOLM16,1.8155909776687622,2.9011216524547425,2.882917881011963
SELUMETINIB,5,MOLT13,1.0366164445877075,2.062316675642804,1.9161217212677002
SELUMETINIB,5,NALM6,2.6777539253234863,3.2793966980033,3.318912982940674
SELUMETINIB,5,NB4,-1.3350732326507568,2.5046975564645924,2.426004409790039
SELUMETINIB,5,NCIH1623,2.4379405975341797,3.2756631707811117,3.3146097660064697
SELUMETINIB,5,NCIH1793,4.453848838806152,2.4923714763429388,2.411797523498535
SELUMETINIB,5,NCIH1915,1.6559510231018066,2.6402573397881492,2.5822489261627197
SELUMETINIB,5,NCIH2066,4.9108781814575195,2.951786045049833,2.9413130283355713
SELUMETINIB,5,NCIH2170,5.012014389038086,2.7968108445245172,2.762690544128418
SELUMETINIB,5,NCIH2196,3.360954999923706,3.597822571981777,3.685926675796509
SELUMETINIB,5,NCIH446,3.911712884902954,3.7771146206762034,3.8925764560699463
SELUMETINIB,5,NCIH522,3.819171905517578,3.1672678025689143,3.1896746158599854
SELUMETINIB,5,NCIH650,3.9747560024261475,3.1194960713221023,3.134613513946533
SELUMETINIB,5,NCIH841,4.242900848388672,3.491090525415854,3.56290864944458
SELUMETINIB,5,OCIAML2,-2.892664909362793,1.5587887110920566,1.3357616662979126
SELUMETINIB,5,OCILY19,1.2150084972381592,2.9564386293637255,2.9466755390167236
SELUMETINIB,5,OPM2,3.5362064838409424,3.216673688896633,3.24661922454834
SELUMETINIB,5,P12ICHIKAWA,2.3851425647735596,3.1638333877830545,3.185716152191162
SELUMETINIB,5,RPMI8226,1.7924234867095947,3.2733679068851953,3.311964273452759
SELUMETINIB,5,SBC5,3.7687408924102783,3.153219240249956,3.1734824180603027
SELUMETINIB,5,SKLU1,0.4547461271286011,2.5801438074340948,2.512962818145752
SELUMETINIB,5,SUDHL5,3.7686209678649902,3.175433406596609,3.1990861892700195
SELUMETINIB,5,SUPM2,3.4067699909210205,2.6903576385977166,2.639993906021118
SELUMETINIB,5,THP1,1.888396978378296,2.80068751545759,2.7671587467193604
REFAMETINIB,1,A3KAW,0.2787399888038635,2.6317828784474653,2.632894992828369
REFAMETINIB,1,AMO1,1.0856289863586426,2.9220066133589486,2.9168169498443604
REFAMETINIB,1,BEN,4.1428422927856445,3.526667685138824,3.5083487033843994
REFAMETINIB,1,BL41,3.0221939086914062,3.244127163940866,3.231943130493164
REFAMETINIB,1,BV173,0.25782299041748047,2.224292528394065,2.234252691268921
REFAMETINIB,1,COLO668,2.2131896018981934,3.7997127621730336,3.7754650115966797
REFAMETINIB,1,CORL95,4.4595160484313965,3.2920311216501887,3.2788069248199463
REFAMETINIB,1,DAUDI,3.819899082183838,2.522165601275046,2.525657892227173
REFAMETINIB,1,DMS53,3.518580913543701,2.1637499936381874,2.1750247478485107
REFAMETINIB,1,GA10,2.864650011062622,2.9051808481244836,2.9003565311431885
REFAMETINIB,1,HARA,1.601686954498291,1.2878356036016774,1.318129539489746
REFAMETINIB,1,HCC827,3.048766613006592,1.6088685965741103,1.632191777229309
REFAMETINIB,1,K562,1.6582109928131104,2.7878189422205923,2.7855429649353027
REFAMETINIB,1,KU812,-1.4026329517364502,2.0023488893686596,2.0171282291412354
REFAMETINIB,1,LCLC103H,3.9052155017852783,1.9919037058202251,2.0069098472595215
REFAMETINIB,1,MOLT16,2.417440891265869,3.0362192936203174,3.0285496711730957
REFAMETINIB,1,MONOMAC6,2.0714709758758545,0.6072258448455199,0.6522982120513916
REFAMETINIB,1,NCIH1048,3.6696999073028564,3.0193043303835956,3.0120019912719727
REFAMETINIB,1,NCIH1105,3.806654930114746,4.5300362719848515,4.489930629730225
REFAMETINIB,1,NCIH1341,2.311152935028076,1.868284291976587,1.885974645614624
REFAMETINIB,1,NCIH1651,3.169208526611328,2.259078774432689,2.2682836055755615
REFAMETINIB,1,NCIH1876,3.444648027420044,4.115230467194445,4.084131717681885
REFAMETINIB,1,NCIH1915,0.021847499534487724,1.4851731450892038,1.511182188987732
REFAMETINIB,1,NCIH196,4.325761318206787,0.6357690837125234,0.680221676826477
REFAMETINIB,1,NCIH2085,2.360511064529419,0.9423845356562324,0.9801794290542603
REFAMETINIB,1,NCIH2122,0.20165300369262695,1.3334619658735918,1.3627651929855347
REFAMETINIB,1,NCIH2170,4.375984191894531,2.1760702849171256,2.187077522277832
REFAMETINIB,1,NCIH2172,3.772308111190796,1.9087660497986616,1.9255774021148682
REFAMETINIB,1,NCIH2347,0.61477130651474,1.6159488707860405,1.6391183137893677
REFAMETINIB,1,NCIH2405,1.029034972190857,1.3572139803543415,1.386001467704773
REFAMETINIB,1,NCIH2444,4.36718225479126,2.1164314282824734,2.1287336349487305
REFAMETINIB,1,NCIH596,2.2218990325927734,2.0999558748765415,2.1126158237457275
REFAMETINIB,1,NOMO1,-2.6669299602508545,-0.6674343227881646,-0.5946846008300781
REFAMETINIB,1,OCILY19,1.7965209484100342,1.9643004579223602,1.9799059629440308
REFAMETINIB,1,P31FUJ,0.67495197057724,0.3739166804526287,0.4240550100803375
REFAMETINIB,1,RERFLCMS,0.37159499526023865,0.8259129038021891,0.8662368059158325
REFAMETINIB,1,RL,3.2665319442749023,3.4553360914760844,3.438565969467163
REFAMETINIB,1,RS411,3.4412240982055664,1.0295947141278325,1.0654959678649902
REFAMETINIB,1,SIGM5,2.6752889156341553,0.889735049258533,0.9286731481552124
REFAMETINIB,1,SUPB15,1.8678745031356812,1.8197403507865901,1.838484764099121
REFAMETINIB,1,WSUDLCL2,3.7229859828948975,2.2471606052950723,2.256624221801758
REFAMETINIB,2,ABC1,4.327076435089111,1.2894544487362685,1.4320722818374634
REFAMETINIB,2,ALLSIL,2.8458058834075928,1.8911260324747245,1.9578065872192383
REFAMETINIB,2,CORL279,3.1431260108947754,3.769495761381304,3.5991063117980957
REFAMETINIB,2,DMS79,4.955769062042236,4.209479922501303,3.9835598468780518
REFAMETINIB,2,DOHH2,3.3414053916931152,3.5402035253872812,3.3987531661987305
REFAMETINIB,2,EM2,0.06830299645662308,1.6220830639116368,1.722719669342041
REFAMETINIB,2,HCC15,-0.02788049913942814,2.0870057045856525,2.1289641857147217
REFAMETINIB,2,HEL,3.4521219730377197,0.6103220888089425,0.838653564453125
REFAMETINIB,2,HL60,-1.1635669469833374,-1.9985142822614899,-1.4409202337265015
REFAMETINIB,2,IALM,2.4024219512939453,1.554837874554674,1.6639615297317505
REFAMETINIB,2,JVM3,1.7835030555725098,2.6917096718830877,2.657348155975342
REFAMETINIB,2,KMH2,0.9224460124969482,2.028918239905725,2.0782079696655273
REFAMETINIB,2,KMS11,2.6232850551605225,2.2453150352752003,2.2672932147979736
REFAMETINIB,2,KMS12BM,2.8918368816375732,2.7250523846669705,2.6864826679229736
REFAMETINIB,2,L1236,3.0552940368652344,3.160797184347651,3.0672318935394287
REFAMETINIB,2,L428,4.034764766693115,2.98003509095497,2.9092838764190674
REFAMETINIB,2,L540,3.442636013031006,1.6402585382114265,1.7386012077331543
REFAMETINIB,2,LOUCY,2.735785961151123,2.226806676830726,2.2511208057403564
REFAMETINIB,2,LU65,2.460066080093384,1.7870873223192656,1.8668986558914185
REFAMETINIB,2,LXF289,1.1096999645233154,1.2769183592744666,1.4211183786392212
REFAMETINIB,2,NCIH1155,2.999216079711914,3.790267186297923,3.6172561645507812
REFAMETINIB,2,NCIH1437,-0.35660800337791443,1.9866796076389255,2.0413002967834473
REFAMETINIB,2,NCIH1781,3.4278860092163086,1.9963629891231212,2.0497615337371826
REFAMETINIB,2,NCIH1963,4.117481231689453,4.31636601994517,4.076955795288086
REFAMETINIB,2,NCIH1975,1.2918949127197266,1.9917151624669236,2.0457003116607666
REFAMETINIB,2,NCIH2030,2.0751705169677734,0.47135332692558096,0.71722412109375
REFAMETINIB,2,NCIH209,4.20845890045166,4.44697666123838,4.191082000732422
REFAMETINIB,2,NCIH2110,1.66280198097229,1.9380015771634693,1.9987659454345703
REFAMETINIB,2,NCIH2196,3.740525960922241,3.8359713607955754,3.6571919918060303
REFAMETINIB,2,NCIH2228,1.7968080043792725,1.3318366031834812,1.4691053628921509
REFAMETINIB,2,NCIH2291,-0.8400350213050842,0.7615386679419258,0.9707850217819214
REFAMETINIB,2,NCIH441,3.621634006500244,1.675117374560835,1.769060492515564
REFAMETINIB,2,NCIH446,3.882235050201416,4.1786668563611675,3.9566357135772705
REFAMETINIB,2,NCIH460,1.0812300443649292,1.7367905744763155,1.8229498863220215
REFAMETINIB,2,OCIAML5,-0.6943020224571228,0.0010977185402013534,0.3063197135925293
REFAMETINIB,2,OPM2,2.048548936843872,1.6593772752064417,1.7553069591522217
REFAMETINIB,2,RAJI,4.031009197235107,2.946777509198253,2.8802237510681152
REFAMETINIB,2,RPMI8226,1.1747089624404907,3.527955025998019,3.3880505561828613
REFAMETINIB,2,SUDHL1,-1.8293590545654297,1.3557671532043296,1.4900156259536743
REFAMETINIB,2,SUDHL10,2.782172918319702,3.2593322554536313,3.1533308029174805
REFAMETINIB,2,SUDHL6,2.728851079940796,2.477699819544516,2.470348596572876
REFAMETINIB,3,697,2.0089669227600098,2.881459193547737,2.773411989212036
REFAMETINIB,3,A4FUK,0.30861398577690125,2.50981808289245,2.450831651687622
REFAMETINIB,3,A549,-0.7372174859046936,1.2071182042101956,1.3201026916503906
REFAMETINIB,3,CAL12T,1.352236032485962,1.9054892591079233,1.9262809753417969
REFAMETINIB,3,CHAGOK1,3.96488094329834,3.503424351989946,3.3132708072662354
REFAMETINIB,3,CORL105,1.718714952468872,1.0780095879457852,1.2080378532409668
REFAMETINIB,3,CORL311,5.064395904541016,4.192596396691187,3.9114644527435303
REFAMETINIB,3,DMS114,2.8230419158935547,2.685429082830628,2.603260040283203
REFAMETINIB,3,DMS273,3.504228115081787,3.5083430344500375,3.317540168762207
REFAMETINIB,3,EJM,3.6698389053344727,3.059659320691412,2.9280877113342285
REFAMETINIB,3,GDM1,2.497941017150879,0.12224046290079715,0.3784409165382385
REFAMETINIB,3,HCC44,-0.010404500178992748,1.9584416624124432,1.972243070602417
REFAMETINIB,3,HH,3.5556039810180664,2.8429076772716244,2.7399497032165527
REFAMETINIB,3,JURKAT,3.4381051063537598,2.953221910894227,2.8357012271881104
REFAMETINIB,3,JVM2,2.7459540367126465,2.577169999828812,2.5092923641204834
REFAMETINIB,3,KG1,2.029263973236084,0.2052729977854063,0.45051223039627075
REFAMETINIB,3,KOPN8,1.0797920227050781,1.959979454546962,1.973577857017517
REFAMETINIB,3,LAMA84,-1.092918038368225,-0.4267097237901231,-0.09804172068834305
REFAMETINIB,3,MEG01,-0.3031269907951355,1.9604893966917745,1.9740204811096191
REFAMETINIB,3,MOLM16,1.790855050086975,1.7050322792408692,1.7522865533828735
REFAMETINIB,3,NAMALWA,3.3867340087890625,3.2168920771471634,3.0645639896392822
REFAMETINIB,3,NCIH1092,4.225751876831055,4.086339176523411,3.8192343711853027
REFAMETINIB,3,NCIH146,3.8160629272460938,3.245384012938776,3.089294672012329
REFAMETINIB,3,NCIH1568,1.867805004119873,2.912372427484528,2.8002443313598633
REFAMETINIB,3,NCIH1650,3.5855300426483154,1.9696539346344637,1.9819751977920532
REFAMETINIB,3,NCIH1793,3.3615639209747314,1.8086211272213135,1.842200517654419
REFAMETINIB,3,NCIH1944,0.7276820540428162,2.6048365242844898,2.53330659866333
REFAMETINIB,3,NCIH2023,2.379539966583252,2.050372158966356,2.0520377159118652
REFAMETINIB,3,NCIH526,3.935107946395874,4.490126007193472,4.169716835021973
REFAMETINIB,3,NCIH647,1.8311740159988403,1.4666342578711182,1.54535973072052
REFAMETINIB,3,NCIH810,3.85396409034729,4.2346541943993135,3.947970151901245
REFAMETINIB,3,NCIH82,3.829425096511841,2.788890342270127,2.693063259124756
REFAMETINIB,3,NCIH841,3.1553308963775635,3.0147665577925444,2.8891212940216064
REFAMETINIB,3,NCIH929,-0.482573002576828,1.0259660984883887,1.1628646850585938
REFAMETINIB,3,P12ICHIKAWA,2.6757194995880127,2.934740113310752,2.8196592330932617
REFAMETINIB,3,PL21,-0.7987930178642273,2.3821814730670647,2.3400444984436035
REFAMETINIB,3,RERFLCKJ,2.1812379360198975,2.1646101865769185,2.1511950492858887
REFAMETINIB,3,SBC5,2.485546112060547,1.7002363784337433,1.7481237649917603
REFAMETINIB,3,SKM1,-2.956623077392578,-1.2659588455772228,-0.8265005946159363
REFAMETINIB,3,SKMM2,4.270845890045166,3.085843675573479,2.950815439224243
REFAMETINIB,3,SUDHL8,3.62648606300354,2.5246603795770457,2.463714599609375
REFAMETINIB,4,CA46,4.209004878997803,2.9469191967230457,2.9450314044952393
REFAMETINIB,4,CALU6,0.6490175127983093,1.8176446045350683,1.7366641759872437
REFAMETINIB,4,CMK,2.59010910987854,0.8894342666390941,0.7434434294700623
REFAMETINIB,4,CMLT1,1.6994229555130005,2.955439346713526,2.954148292541504
REFAMETINIB,4,DND41,1.377540946006775,2.697309483365341,2.6779394149780273
REFAMETINIB,4,EBC1,-0.7780960202217102,1.3881573214791594,1.2770962715148926
REFAMETINIB,4,GRANTA519,4.434629440307617,2.9553760677941687,2.954080581665039
REFAMETINIB,4,HCC33,5.396549224853516,3.504886861294831,3.5420782566070557
REFAMETINIB,4,HCC78,2.2528605461120605,1.2356000909937415,1.113854169845581
REFAMETINIB,4,HT,3.1424810886383057,2.775321250277836,2.7614150047302246
REFAMETINIB,4,JEKO1,3.312056064605713,2.5579644010528746,2.528834819793701
REFAMETINIB,4,JURLMK1,-2.046921968460083,0.7689461908884971,0.61451655626297
REFAMETINIB,4,KARPAS422,3.9810690879821777,2.793730068296442,2.7811131477355957
REFAMETINIB,4,L363,2.674923896789551,2.547616292420121,2.5177619457244873
REFAMETINIB,4,LCLC97TM1,0.6638240218162537,1.3434221334704861,1.229227900505066
REFAMETINIB,4,LP1,3.433098077774048,2.1348057897785138,2.0760388374328613
REFAMETINIB,4,ME1,1.6185489892959595,1.2245731822630248,1.1020549535751343
REFAMETINIB,4,MM1S,1.3858959674835205,2.7549496716936783,2.739616632461548
REFAMETINIB,4,NALM6,3.116507053375244,2.3929459025291298,2.3522586822509766
REFAMETINIB,4,NCIH1435,3.2891924381256104,2.2748981872160634,2.225943088531494
REFAMETINIB,4,NCIH1623,1.4454129934310913,1.7166046584908985,1.6285475492477417
REFAMETINIB,4,NCIH1648,1.8254565000534058,1.603813772559495,1.5078569650650024
REFAMETINIB,4,NCIH2009,0.5722770094871521,2.1799274471027674,2.1243207454681396
REFAMETINIB,4,NCIH2066,4.263538837432861,3.417554154123654,3.4486289024353027
REFAMETINIB,4,NCIH2087,1.3364784717559814,2.388550914204063,2.3475558757781982
REFAMETINIB,4,NCIH211,2.528630018234253,3.306468234005351,3.3297626972198486
REFAMETINIB,4,NCIH23,1.7935645580291748,1.8590593203757162,1.7809795141220093
REFAMETINIB,4,NCIH2342,3.5333609580993652,2.2854775758428056,2.2372634410858154
REFAMETINIB,4,NCIH292,-0.34092050790786743,1.8112069771494164,1.7297756671905518
REFAMETINIB,4,NCIH522,3.9251060485839844,2.844265861048366,2.835188388824463
REFAMETINIB,4,NCIH69,3.507519006729126,2.8592925990778117,2.8512675762176514
REFAMETINIB,4,NCIH727,0.1750664860010147,1.865657150377628,1.7880394458770752
REFAMETINIB,4,NCIH838,2.233041524887085,2.7741443515030326,2.76015567779541
REFAMETINIB,4,OCIAML2,-4.434335231781006,-0.021105140584219445,-0.23086874186992645
REFAMETINIB,4,PF382,3.3131260871887207,2.5549804880668523,2.525641918182373
REFAMETINIB,4,REH,3.330821990966797,2.836965612760281,2.8273768424987793
REFAMETINIB,4,SHP77,3.7882239818573,3.3207786279301024,3.3450753688812256
REFAMETINIB,4,SUDHL4,2.77236008644104,2.742285420924597,2.7260653972625732
REFAMETINIB,4,SUPM2,3.1186559200286865,1.8831623498840764,1.8067706823349
REFAMETINIB,4,SW1573,2.6510300636291504,1.790094990646161,1.7071850299835205
REFAMETINIB,5,CALU3,1.5286500453948975,1.3924130437985802,1.413751482963562
REFAMETINIB,5,CORL23,1.308251976966858,1.8857705596996377,1.8716213703155518
REFAMETINIB,5,CORL88,4.3934807777404785,3.7223775651885136,3.5761196613311768
REFAMETINIB,5,DB,4.098886013031006,2.6807075486776304,2.609377861022949
REFAMETINIB,5,EHEB,3.645310401916504,2.1473874537097393,2.114419937133789
REFAMETINIB,5,EPLC272H,0.5135650038719177,2.0733077397278654,2.045668840408325
REFAMETINIB,5,HCC366,2.9862589836120605,1.69542356401657,1.694966197013855
REFAMETINIB,5,HDLM2,3.9522769451141357,1.8372410935425378,1.826582670211792
REFAMETINIB,5,JM1,3.564650058746338,3.547433497242597,3.413759469985962
REFAMETINIB,5,KCL22,0.7016100287437439,1.6425515036807798,1.6458972692489624
REFAMETINIB,5,KNS62,0.9643840193748474,1.4044878653132442,1.4249577522277832
REFAMETINIB,5,LOUNH91,2.1998839378356934,1.3854389207823719,1.4072790145874023
REFAMETINIB,5,MHHCALL2,2.0201644897460938,1.1810231941716074,1.2175670862197876
REFAMETINIB,5,MOLM13,0.5264700055122375,-1.2098946100505106,-1.0013699531555176
REFAMETINIB,5,MOLP8,0.9765470027923584,2.3698590878306867,2.3208889961242676
REFAMETINIB,5,MOLT13,0.1854570060968399,-0.04576062467369542,0.07902687788009644
REFAMETINIB,5,NB4,-2.824605941772461,1.7877731810689,1.7806730270385742
REFAMETINIB,5,NCIH1436,4.2580060958862305,4.20903917799146,4.027775287628174
REFAMETINIB,5,NCIH1792,0.18413099646568298,1.5830608663737,1.5906858444213867
REFAMETINIB,5,NCIH1836,4.458174228668213,3.643548331496771,3.502960681915283
REFAMETINIB,5,NCIH2029,3.9930338859558105,3.390782067789807,3.268376111984253
REFAMETINIB,5,NCIH2081,4.339649200439453,3.3227479210587085,3.205235719680786
REFAMETINIB,5,NCIH2171,3.888317108154297,4.143259563117448,3.9667272567749023
REFAMETINIB,5,NCIH2227,1.835508942604065,3.636666049312252,3.4965734481811523
REFAMETINIB,5,NCIH358,1.5593459606170654,2.776620975345665,2.698392152786255
REFAMETINIB,5,NCIH524,2.9841670989990234,3.523858790664518,3.391880512237549
REFAMETINIB,5,NCIH650,2.2444651126861572,1.873398636305676,1.8601393699645996
REFAMETINIB,5,NCIH661,3.6976680755615234,3.152576493591478,3.04730486869812
REFAMETINIB,5,NUDUL1,2.673485040664673,2.513014667627579,2.453747272491455
REFAMETINIB,5,OCIAML3,-2.6772170066833496,0.3133896912062166,0.41234320402145386
REFAMETINIB,5,OCIM1,1.332298994064331,0.5369234677568729,0.6197980046272278
REFAMETINIB,5,RCHACV,2.9266469478607178,2.04777496092842,2.02197265625
REFAMETINIB,5,RPMI8402,3.102200984954834,1.9042055193697038,1.8887302875518799
REFAMETINIB,5,SKLU1,0.9142493605613708,2.296064786894987,2.2524027824401855
REFAMETINIB,5,SKMES1,0.527970016002655,1.9410370325438566,1.9229124784469604
REFAMETINIB,5,ST486,3.1844539642333984,3.038991349521768,2.941890001296997
REFAMETINIB,5,SUDHL5,2.1119120121002197,2.770329300355704,2.6925530433654785
REFAMETINIB,5,SUPT1,3.4648380279541016,2.671687879864698,2.6010069847106934
REFAMETINIB,5,SW1271,0.7295529842376709,1.8315433654137419,1.8212947845458984
REFAMETINIB,5,THP1,2.2897469997406006,1.0595626024479745,1.104843258857727
NAVITOCLAX,1,A549,2.17195200920105,2.691147991310574,2.8083877563476562
NAVITOCLAX,1,BL41,1.9493160247802734,0.2752237113091962,0.24859608709812164
NAVITOCLAX,1,BV173,-3.231868028640747,-0.18271136110436337,-0.2366088479757309
NAVITOCLAX,1,CORL311,-1.9186869859695435,0.1506718077690153,0.11662716418504715
NAVITOCLAX,1,DB,-0.9773774743080139,0.09026489374434267,0.05262304097414017
NAVITOCLAX,1,DMS114,2.7091939449310303,1.2029158794666637,1.2315319776535034
NAVITOCLAX,1,DOHH2,-1.0459840297698975,-0.31576656313384244,-0.3775874376296997
NAVITOCLAX,1,EBC1,-0.05490272864699364,2.0526407372417204,2.1318576335906982
NAVITOCLAX,1,GA10,3.5636725425720215,0.9068536456616502,0.9178393483161926
NAVITOCLAX,1,GRANTA519,-0.6392170190811157,1.1658486460565856,1.1922574043273926
NAVITOCLAX,1,HCC33,1.6086245775222778,-0.34252141023818605,-0.40593552589416504
NAVITOCLAX,1,HCC78,3.0594000816345215,2.474645033663804,2.5789921283721924
NAVITOCLAX,1,JVM2,1.082252025604248,0.3251470137896498,0.301492303609848
NAVITOCLAX,1,KMS11,1.989248514175415,0.12950963402301022,0.09420479089021683
NAVITOCLAX,1,LAMA84,-0.04683699831366539,0.02509174413663501,-0.01643114537000656
NAVITOCLAX,1,LCLC103H,2.7653872966766357,2.8116219284717303,2.9360358715057373
NAVITOCLAX,1,ME1,-2.996201992034912,-0.1664446399837915,-0.2193734496831894
NAVITOCLAX,1,MOLT16,-1.7866405248641968,-0.39083497045808857,-0.4571261405944824
NAVITOCLAX,1,NCIH1048,-0.3216380476951599,0.31700830903300864,0.2928689420223236
NAVITOCLAX,1,NCIH1436,0.2534410059452057,-0.6614896009325482,-0.7438981533050537
NAVITOCLAX,1,NCIH146,-2.9857735633850098,-0.5286318669583927,-0.6031287908554077
NAVITOCLAX,1,NCIH1568,3.742185115814209,1.542663880721493,1.591511845588684
NAVITOCLAX,1,NCIH1650,1.3836499452590942,2.2651298096428665,2.3570003509521484
NAVITOCLAX,1,NCIH1876,-1.0367029905319214,-0.4779138684162505,-0.5493905544281006
NAVITOCLAX,1,NCIH2030,2.8197906017303467,2.170256710701527,2.2564775943756104
NAVITOCLAX,1,NCIH2066,0.9605699777603149,0.5584505777728732,0.5486890077590942
NAVITOCLAX,1,NCIH2081,2.387655019760132,0.5072504202100975,0.49443989992141724
NAVITOCLAX,1,NCIH2085,1.117376446723938,2.223072671968615,2.312438726425171
NAVITOCLAX,1,NCIH211,-1.1578949689865112,-0.07508420395649681,-0.12257253378629684
NAVITOCLAX,1,NCIH2110,6.159334182739258,0.8903885704742537,0.9003937840461731
NAVITOCLAX,1,NCIH2122,1.1566979885101318,2.3291550821281817,2.4248383045196533
NAVITOCLAX,1,NCIH23,1.9687241315841675,1.4070043252350668,1.447773814201355
NAVITOCLAX,1,NCIH292,1.7893290519714355,2.5759230675547693,2.6863012313842773
NAVITOCLAX,1,OCIAML3,1.901515007019043,-0.6901641958770667,-0.774280309677124
NAVITOCLAX,1,OCIM1,-0.5007835030555725,0.17731769655424923,0.14485980570316315
NAVITOCLAX,1,OPM2,1.0994269847869873,0.8590057055810293,0.8671420812606812
NAVITOCLAX,1,RCHACV,0.3862999975681305,-0.7798835768722714,-0.8693424463272095
NAVITOCLAX,1,REH,-2.047804594039917,-0.4211993440354141,-0.4892987012863159
NAVITOCLAX,1,RPMI8226,-1.3481504917144775,0.471657116154776,0.4567270278930664
NAVITOCLAX,1,SW1271,2.7747154235839844,1.220875979520745,1.2505615949630737
NAVITOCLAX,1,THP1,0.5032140016555786,0.06905957264460687,0.03015495091676712
NAVITOCLAX,2,ALLSIL,-2.6583070755004883,-0.5290694464693451,-0.43196943402290344
NAVITOCLAX,2,CORL23,1.7016379833221436,0.8733688550591133,0.9302784204483032
NAVITOCLAX,2,EHEB,-1.0371379852294922,1.0775744152784594,1.1286319494247437
NAVITOCLAX,2,EPLC272H,2.1409859657287598,1.9247252766122658,1.9515055418014526
NAVITOCLAX,2,GDM1,-2.6339919567108154,-1.3274790260542924,-1.207498550415039
NAVITOCLAX,2,HARA,3.008707046508789,1.4681310644345515,1.5079962015151978
NAVITOCLAX,2,HH,0.5478410124778748,-0.3573113767157289,-0.2651335299015045
NAVITOCLAX,2,HL60,-2.1056950092315674,-0.34636609074149816,-0.25450190901756287
NAVITOCLAX,2,HT,2.158629894256592,0.1991720928838292,0.2754024863243103
NAVITOCLAX,2,JEKO1,0.02106558158993721,0.7042357173178966,0.7659922242164612
NAVITOCLAX,2,JM1,-0.7840579748153687,-0.15648790090339837,-0.07006516307592392
NAVITOCLAX,2,KCL22,0.704039990901947,0.9191935150015029,0.9747898578643799
NAVITOCLAX,2,KG1,-2.30017352104187,-0.6199536597595382,-0.5202491283416748
NAVITOCLAX,2,KNS62,2.295171022415161,2.607631619290622,2.6148414611816406
NAVITOCLAX,2,KOPN8,-1.1647100448608398,-0.09445637347429475,-0.009811307303607464
NAVITOCLAX,2,LOUNH91,1.145208477973938,2.37627899587644,2.3901188373565674
NAVITOCLAX,2,MOLM16,0.32099398970603943,-0.5495355339580305,-0.4518490135669708
NAVITOCLAX,2,MOLP8,1.528199553489685,1.2769344947154433,1.3222788572311401
NAVITOCLAX,2,NALM6,-1.1000360250473022,-0.7733810800877154,-0.6692796945571899
NAVITOCLAX,2,NB4,0.18463249504566193,0.709806449320647,0.7714033126831055
NAVITOCLAX,2,NCIH1092,0.14270634949207306,-0.08450928170875655,-0.00014927482698112726
NAVITOCLAX,2,NCIH1435,-0.2871219515800476,0.8886264372946847,0.9450987577438354
NAVITOCLAX,2,NCIH1781,2.858140468597412,1.307941914478062,1.3523976802825928
NAVITOCLAX,2,NCIH1793,4.378100872039795,2.5151293514437993,2.5249900817871094
NAVITOCLAX,2,NCIH1836,-1.1612850427627563,0.5894461033123548,0.654492199420929
NAVITOCLAX,2,NCIH1975,2.83661150932312,1.8370737667798005,1.866365909576416
NAVITOCLAX,2,NCIH2227,0.46091151237487793,-0.15406074236450024,-0.06770756095647812
NAVITOCLAX,2,NCIH2291,2.22506046295166,2.0949686580568825,2.116870164871216
NAVITOCLAX,2,NCIH2342,1.1329704523086548,0.911072284502753,0.9669013619422913
NAVITOCLAX,2,NCIH2347,2.242053508758545,1.5445787652881753,1.582253098487854
NAVITOCLAX,2,NCIH358,3.3064358234405518,2.061207873182256,2.0840768814086914
NAVITOCLAX,2,NCIH441,3.1656603813171387,1.8602334516599879,1.888861894607544
NAVITOCLAX,2,NCIH841,2.108186960220337,1.786813900161108,1.8175463676452637
NAVITOCLAX,2,OCIAML2,-2.64837908744812,0.4424941534583219,0.5117515325546265
NAVITOCLAX,2,RERFLCKJ,2.367464542388916,2.0520272076788526,2.0751593112945557
NAVITOCLAX,2,RL,-0.2243890017271042,-0.025265726657395418,0.057396505028009415
NAVITOCLAX,2,RS411,-3.1500325202941895,1.3889752844830197,1.431108832359314
NAVITOCLAX,2,SIGM5,0.356891006231308,-0.01805481484265084,0.06440076977014542
NAVITOCLAX,2,SUDHL10,1.8802729845046997,1.263574016019048,1.3093012571334839
NAVITOCLAX,2,SUDHL5,2.789731025695801,0.14888660714469418,0.22655805945396423
NAVITOCLAX,2,SW1573,3.0785107612609863,2.76129872413245,2.7641048431396484
NAVITOCLAX,3,697,-1.781980037689209,0.06697795501116251,0.027463002130389214
NAVITOCLAX,3,A3KAW,2.226543426513672,0.3118091665609282,0.3013748228549957
NAVITOCLAX,3,AMO1,3.3735454082489014,0.4343069306063099,0.43842265009880066
NAVITOCLAX,3,CALU6,0.6898720264434814,1.5831403642117068,1.72371244430542
NAVITOCLAX,3,CHAGOK1,2.5408945083618164,2.082438620943176,2.2823164463043213
NAVITOCLAX,3,COLO668,0.3629831373691559,-0.2993565837705205,-0.3823840916156769
NAVITOCLAX,3,DMS273,2.5496275424957275,0.3624269789899349,0.35800492763519287
NAVITOCLAX,3,DMS53,-2.0697379112243652,1.203137684360176,1.2985737323760986
NAVITOCLAX,3,EJM,1.125150442123413,0.17095188976016343,0.14378677308559418
NAVITOCLAX,3,HCC366,0.35435086488723755,2.0577532501756,2.2546989917755127
NAVITOCLAX,3,HDLM2,-2.5409159660339355,0.6422184355277023,0.6710295081138611
NAVITOCLAX,3,HEL,-0.11579199880361557,-0.03560370027138425,-0.08730311691761017
NAVITOCLAX,3,JURKAT,0.5564329028129578,-0.8848457264438405,-1.0374165773391724
NAVITOCLAX,3,JURLMK1,0.0752328634262085,-0.630596167802155,-0.7529677152633667
NAVITOCLAX,3,K562,2.3642280101776123,0.3816259836962818,0.3794843554496765
NAVITOCLAX,3,KARPAS422,0.30656200647354126,1.0776330449894393,1.1581618785858154
NAVITOCLAX,3,KU812,0.4398669898509979,-0.03676305132216558,-0.08860017359256744
NAVITOCLAX,3,L363,2.4101738929748535,0.929982834644006,0.992974042892456
NAVITOCLAX,3,LP1,1.408262014389038,-0.12192641904146712,-0.183879092335701
NAVITOCLAX,3,MEG01,0.007258316036313772,0.4198485001462775,0.42224687337875366
NAVITOCLAX,3,MOLM13,-0.3415369987487793,0.06603575918684065,0.02640889398753643
NAVITOCLAX,3,NCIH1341,-1.6103049516677856,0.2947389064095441,0.28227698802948
NAVITOCLAX,3,NCIH1651,2.898348093032837,2.011970790979137,2.2034785747528076
NAVITOCLAX,3,NCIH1915,2.113208532333374,2.2212502512911545,2.4376158714294434
NAVITOCLAX,3,NCIH2196,-1.7002760171890259,1.2948462363376292,1.4011752605438232
NAVITOCLAX,3,NCIH2444,1.8396861553192139,1.756416383022818,1.917569875717163
NAVITOCLAX,3,NCIH650,4.106070041656494,1.0152766766394605,1.0883989334106445
NAVITOCLAX,3,NCIH727,3.9912824630737305,1.3924047668445616,1.5103216171264648
NAVITOCLAX,3,NCIH838,2.5018534660339355,2.0040053071178985,2.1945669651031494
NAVITOCLAX,3,OCIAML5,-1.2245509624481201,-0.24536548652892265,-0.3219800293445587
NAVITOCLAX,3,OCILY19,-2.3240950107574463,-0.5198139708455038,-0.6290270090103149
NAVITOCLAX,3,P12ICHIKAWA,-1.7882939577102661,-0.17440174509857073,-0.24258734285831451
NAVITOCLAX,3,PL21,1.610079050064087,0.3173770723851841,0.3076040744781494
NAVITOCLAX,3,RAJI,3.6066393852233887,1.2314963668436327,1.3303008079528809
NAVITOCLAX,3,RERFLCMS,2.3493669033050537,1.6399311442674476,1.7872487306594849
NAVITOCLAX,3,SKM1,0.04906483739614487,0.4573675530020212,0.46422237157821655
NAVITOCLAX,3,SKMES1,3.307007074356079,1.7838135302935316,1.948221206665039
NAVITOCLAX,3,SUDHL1,3.598475933074951,0.994167228050481,1.0647821426391602
NAVITOCLAX,3,SUDHL4,0.45387399196624756,-0.3422691416571405,-0.4303937256336212
NAVITOCLAX,3,SUDHL8,-0.888338029384613,0.4596591373385525,0.46678614616394043
NAVITOCLAX,3,WSUDLCL2,-0.185916006565094,-0.3159178131046311,-0.40091243386268616
NAVITOCLAX,4,ABC1,2.4376180171966553,1.3357012919279594,1.3970324993133545
NAVITOCLAX,4,BEN,-0.4416349232196808,1.5589798989852957,1.6299182176589966
NAVITOCLAX,4,CALU3,0.33936598896980286,1.4100999880991607,1.4746323823928833
NAVITOCLAX,4,CMLT1,-1.3352710008621216,-1.2173451900363481,-1.2658650875091553
NAVITOCLAX,4,CORL279,-1.117779016494751,-0.10641545808877492,-0.1071348711848259
NAVITOCLAX,4,CORL88,-0.8531579971313477,-0.5491173375510113,-0.568885087966919
NAVITOCLAX,4,DND41,-1.9551249742507935,-1.001001226526089,-1.0402123928070068
NAVITOCLAX,4,EM2,-1.7942994832992554,0.5609653149723445,0.5889616012573242
NAVITOCLAX,4,HCC15,-0.5703726410865784,2.199462434077226,2.297959089279175
NAVITOCLAX,4,HCC44,2.153434991836548,2.243421502398016,2.3438096046447754
NAVITOCLAX,4,HCC827,2.110140562057495,2.3071477621492336,2.410277843475342
NAVITOCLAX,4,JVM3,-0.3088879883289337,1.1484174565134644,1.2016903162002563
NAVITOCLAX,4,KMS12BM,-1.0749508142471313,0.6756243171768647,0.7085540890693665
NAVITOCLAX,4,LXF289,2.762836456298828,1.9475324057279884,2.035189151763916
NAVITOCLAX,4,MHHCALL2,2.171461582183838,-1.594097887900081,-1.6588284969329834
NAVITOCLAX,4,MM1S,-0.6992924809455872,1.6909046492581816,1.7675193548202515
NAVITOCLAX,4,MOLT13,-2.0882749557495117,-1.375408431932086,-1.4307293891906738
NAVITOCLAX,4,MONOMAC6,1.1652050018310547,0.5467670394735711,0.574152410030365
NAVITOCLAX,4,NCIH1105,-2.5925049781799316,-0.5429037597828961,-0.5624041557312012
NAVITOCLAX,4,NCIH1437,3.3150064945220947,1.7407800228647472,1.8195407390594482
NAVITOCLAX,4,NCIH1648,1.0271024703979492,2.1580783557707037,2.2547943592071533
NAVITOCLAX,4,NCIH1963,-3.078207015991211,-0.45710218950058007,-0.4729107618331909
NAVITOCLAX,4,NCIH2023,2.5769379138946533,1.9842785304269233,2.073516368865967
NAVITOCLAX,4,NCIH2087,1.8118809461593628,1.9451222242179635,2.032675266265869
NAVITOCLAX,4,NCIH2172,3.2399868965148926,2.3293694802350715,2.4334557056427
NAVITOCLAX,4,NCIH2405,2.3944449424743652,1.3008646371876733,1.3606969118118286
NAVITOCLAX,4,NCIH460,3.342432975769043,2.2734612238986753,2.3751418590545654
NAVITOCLAX,4,NCIH522,3.006845474243164,1.3322239696383869,1.393405556678772
NAVITOCLAX,4,NCIH596,1.3360910415649414,2.04526613457575,2.1371281147003174
NAVITOCLAX,4,NCIH647,2.5474627017974854,2.679443315735275,2.7985923290252686
NAVITOCLAX,4,NCIH661,1.584867238998413,1.3000845969370132,1.3598833084106445
NAVITOCLAX,4,NCIH69,-1.115887999534607,0.3859283686493397,0.40639325976371765
NAVITOCLAX,4,NCIH810,2.5286624431610107,-0.0026875372353317864,0.0010561986127868295
NAVITOCLAX,4,NCIH929,2.254686117172241,0.5395062076663644,0.5665791630744934
NAVITOCLAX,4,NOMO1,0.949921190738678,0.14139875073824154,0.15134215354919434
NAVITOCLAX,4,P31FUJ,0.4067144989967346,-0.7721763904220446,-0.801541805267334
NAVITOCLAX,4,RPMI8402,-0.8122159838676453,-0.8933380710267746,-0.9279167652130127
NAVITOCLAX,4,SKLU1,1.3233890533447266,2.259164257593097,2.360229730606079
NAVITOCLAX,4,SKMM2,-2.7632415294647217,0.2075179911119051,0.22030633687973022
NAVITOCLAX,4,SUPT1,0.46744048595428467,-1.3689726712705959,-1.4240167140960693
NAVITOCLAX,5,A4FUK,2.7260875701904297,-0.27159502877567454,-0.2305474728345871
NAVITOCLAX,5,CA46,3.2268614768981934,0.2503708452487626,0.2921786606311798
NAVITOCLAX,5,CAL12T,2.5819740295410156,1.8282763189063695,1.872382402420044
NAVITOCLAX,5,CMK,-0.6631159782409668,-0.40861460142377803,-0.3677666187286377
NAVITOCLAX,5,CORL105,1.5234639644622803,1.8100745378982284,1.854154109954834
NAVITOCLAX,5,CORL95,-1.5506930351257324,0.4633451638608318,0.505463182926178
NAVITOCLAX,5,DAUDI,1.959581971168518,0.3240125598057761,0.36592763662338257
NAVITOCLAX,5,DMS79,-1.3107019662857056,0.08115009483537967,0.1227114349603653
NAVITOCLAX,5,IALM,1.6249505281448364,2.465549823895775,2.5105841159820557
NAVITOCLAX,5,KMH2,2.6510629653930664,-0.0713094341339239,-0.029970156028866768
NAVITOCLAX,5,L1236,-2.3862979412078857,1.2860584637562638,1.3293747901916504
NAVITOCLAX,5,L428,-0.4366615116596222,0.8512135587574575,0.8938965201377869
NAVITOCLAX,5,L540,0.6349520087242126,-0.17897372281517307,-0.13779126107692719
NAVITOCLAX,5,LCLC97TM1,3.877685546875,1.508567886113346,1.5522083044052124
NAVITOCLAX,5,LOUCY,-3.7334394454956055,-0.6293672918201109,-0.5888408422470093
NAVITOCLAX,5,LU65,3.966174602508545,1.9846330817112872,2.0289669036865234
NAVITOCLAX,5,NAMALWA,2.4797544479370117,-0.9476055120879137,-0.9075425863265991
NAVITOCLAX,5,NCIH1155,-0.455051988363266,1.1210964759767892,1.1641725301742554
NAVITOCLAX,5,NCIH1623,2.378549098968506,1.5919631353103427,1.6357250213623047
NAVITOCLAX,5,NCIH1792,1.640181064605713,1.4392525614666467,1.4827920198440552
NAVITOCLAX,5,NCIH1944,1.6497119665145874,2.070464400807778,2.1149232387542725
NAVITOCLAX,5,NCIH196,2.0641849040985107,1.5923995209566435,1.6361620426177979
NAVITOCLAX,5,NCIH2009,2.9240028858184814,2.0156145580240787,2.0599935054779053
NAVITOCLAX,5,NCIH2029,1.6254860162734985,-0.6528112952716343,-0.6123189926147461
NAVITOCLAX,5,NCIH209,-1.877692461013794,0.6741125864592611,0.716537594795227
NAVITOCLAX,5,NCIH2170,-0.038617439568042755,1.18698904206546,1.2301610708236694
NAVITOCLAX,5,NCIH2171,-0.9022607207298279,0.4042892467129174,0.4463212490081787
NAVITOCLAX,5,NCIH2228,1.9877970218658447,1.919149999153242,1.963388442993164
NAVITOCLAX,5,NCIH446,1.6401604413986206,0.40260595990867876,0.4446355104446411
NAVITOCLAX,5,NCIH524,-0.8798530101776123,0.3438364134014048,0.38578036427497864
NAVITOCLAX,5,NCIH526,-0.9932649731636047,-0.6214141455608934,-0.5808761119842529
NAVITOCLAX,5,NCIH82,1.641337513923645,0.32223246704767655,0.3641449511051178
NAVITOCLAX,5,NUDUL1,0.3401404917240143,-0.4098567411453133,-0.3690105676651001
NAVITOCLAX,5,PF382,-0.1580670028924942,-1.2602224995746854,-1.2206149101257324
NAVITOCLAX,5,SBC5,2.5430195331573486,1.35752560054922,1.400946021080017
NAVITOCLAX,5,SHP77,1.3253437280654907,0.03788441019358625,0.07938273251056671
NAVITOCLAX,5,ST486,-0.38733649253845215,-0.5059402660680298,-0.46523404121398926
NAVITOCLAX,5,SUDHL6,-1.115159511566162,0.20507260756310913,0.24681444466114044
NAVITOCLAX,5,SUPB15,-3.7644619941711426,-1.102593719034806,-1.0627565383911133
NAVITOCLAX,5,SUPM2,1.1739239692687988,0.5816036503978615,0.6238939166069031
SN-38,1,A3KAW,-6.780488967895508,-3.359273667671727,-3.227151870727539
SN-38,1,A549,-3.1669609546661377,-2.8324327356816807,-2.5962657928466797
SN-38,1,BEN,-0.7349788546562195,-3.5031384847317364,-3.399428367614746
SN-38,1,BV173,-7.076459884643555,-5.685195325300857,-6.012416839599609
SN-38,1,CORL311,-5.988671779632568,-4.252304295847916,-4.29654598236084
SN-38,1,DMS53,-4.684045791625977,-4.678322785796546,-4.806698322296143
SN-38,1,DMS79,-3.6929030418395996,-4.529823744869438,-4.628872394561768
SN-38,1,EPLC272H,-2.9718050956726074,-3.8309230162485126,-3.7919466495513916
SN-38,1,HCC33,0.9293839931488037,-5.069189186508211,-5.27475643157959
SN-38,1,HCC78,-5.808980941772461,-3.7716063046215367,-3.7209155559539795
SN-38,1,HDLM2,-3.711219072341919,-3.9509479410752073,-3.9356751441955566
SN-38,1,IALM,-2.512993097305298,-2.999813511213543,-2.7967023849487305
SN-38,1,KG1,-6.4982500076293945,-5.319755833425216,-5.574807167053223
SN-38,1,LAMA84,-3.038710117340088,-4.075264042521923,-4.084542274475098
SN-38,1,MM1S,-5.170550346374512,-4.4115120652900535,-4.4871954917907715
SN-38,1,NALM6,-5.327868938446045,-5.152022254804656,-5.373948097229004
SN-38,1,NAMALWA,-6.172102928161621,-5.356197684743771,-5.618445873260498
SN-38,1,NCIH1048,-6.495160102844238,-4.443218152349164,-4.525163173675537
SN-38,1,NCIH1092,-2.4315450191497803,-3.812784915693579,-3.77022647857666
SN-38,1,NCIH1341,-5.355515956878662,-2.9487277434295716,-2.735527753829956
SN-38,1,NCIH1623,-5.716139793395996,-2.555153399823234,-2.2642269134521484
SN-38,1,NCIH1793,-0.13006800413131714,-2.6832963794685014,-2.4176766872406006
SN-38,1,NCIH1915,-2.975454568862915,-3.4051458340558076,-3.28208327293396
SN-38,1,NCIH2081,-4.76945686340332,-4.483555969152828,-4.573467254638672
SN-38,1,NCIH2170,-4.202756881713867,-3.9706617096007637,-3.959282159805298
SN-38,1,NCIH2171,-3.964747905731201,-3.884406331884676,-3.855992317199707
SN-38,1,NCIH2196,-1.9711270332336426,-3.5701836148090127,-3.4797141551971436
SN-38,1,NCIH2347,-1.277787685394287,-3.1313865651319848,-2.9542596340179443
SN-38,1,NCIH2405,-3.4950668811798096,-3.099481180165546,-2.916053295135498
SN-38,1,NCIH292,-4.9809675216674805,-3.249867677797419,-3.096139430999756
SN-38,1,NCIH460,-4.606598377227783,-3.3193708817646774,-3.179368734359741
SN-38,1,NCIH522,-2.522813081741333,-3.94109693022728,-3.9238786697387695
SN-38,1,NCIH524,-3.7603940963745117,-4.912944803732078,-5.087655544281006
SN-38,1,NCIH727,-1.0441080331802368,-3.9020257800434166,-3.877091407775879
SN-38,1,NOMO1,-5.648194789886475,-4.866132691872975,-5.0315985679626465
SN-38,1,OCIM1,-4.719607830047607,-5.210418731738656,-5.443877220153809
SN-38,1,P12ICHIKAWA,-6.4405388832092285,-5.9853901376246625,-6.371896743774414
SN-38,1,SKLU1,-5.01230001449585,-3.521227208782157,-3.4210894107818604
SN-38,1,SUDHL6,-5.507805824279785,-5.207929598434545,-5.440896511077881
SN-38,1,SUPT1,-7.776179313659668,-5.350835953830341,-5.612025260925293
SN-38,1,WSUDLCL2,-5.012693881988525,-4.713654462158797,-4.849007606506348
SN-38,2,ABC1,-4.793377876281738,-3.8814058094664996,-3.754335641860962
SN-38,2,CORL279,-6.386270046234131,-3.270996822828309,-2.9699432849884033
SN-38,2,DND41,-6.231439113616943,-5.376243979729722,-5.675243854522705
SN-38,2,EBC1,-6.3149261474609375,-4.049872663576691,-3.970820188522339
SN-38,2,EJM,-3.564965009689331,-4.4966838114289,-4.544984817504883
SN-38,2,EM2,-5.914794921875,-4.862080562780296,-5.014529705047607
SN-38,2,HCC366,-1.935238003730774,-3.7572777380844196,-3.594827651977539
SN-38,2,HL60,-4.950310230255127,-4.651983562710583,-4.74454927444458
SN-38,2,HT,-3.459357976913452,-4.1609690732454805,-4.113582134246826
SN-38,2,JEKO1,-5.893331050872803,-4.8235637071130535,-4.965034484863281
SN-38,2,JVM2,-8.157926559448242,-4.680385007964537,-4.781045913696289
SN-38,2,KMS11,-3.1557838916778564,-4.370525793140514,-4.38286828994751
SN-38,2,KMS12BM,-4.31851863861084,-4.790378407455281,-4.922390460968018
SN-38,2,KU812,-4.163053035736084,-4.362578553785363,-4.372655868530273
SN-38,2,L363,-2.5082879066467285,-4.703319456093801,-4.810517311096191
SN-38,2,LCLC97TM1,-5.034012794494629,-3.607274476550869,-3.402069330215454
SN-38,2,LOUNH91,-4.273408889770508,-3.149730084157046,-2.8141121864318848
SN-38,2,MOLT16,-7.18423318862915,-5.858075190511476,-6.294410228729248
SN-38,2,NCIH1105,-6.518280029296875,-3.784080978178797,-3.629270553588867
SN-38,2,NCIH1155,-5.9251298904418945,-3.373330377878249,-3.101444721221924
SN-38,2,NCIH1435,-1.968479037284851,-2.7658257682505063,-2.320784568786621
SN-38,2,NCIH1437,-2.58427357673645,-4.027813944301989,-3.942474126815796
SN-38,2,NCIH1651,-4.370110511779785,-3.2465172327709095,-2.938486337661743
SN-38,2,NCIH1836,-0.7497400045394897,-3.4564691438651423,-3.208280324935913
SN-38,2,NCIH1944,-4.27908992767334,-2.9784454982429907,-2.5940067768096924
SN-38,2,NCIH2023,-2.821413040161133,-3.455916432793587,-3.2075700759887695
SN-38,2,NCIH2030,-2.308422565460205,-3.8095901062476294,-3.662050485610962
SN-38,2,NCIH2085,-2.1462719440460205,-3.4948075141175354,-3.2575461864471436
SN-38,2,NCIH209,-7.351658821105957,-2.7192497951562267,-2.2609331607818604
SN-38,2,NCIH2110,-3.9479219913482666,-3.148124272030725,-2.8120486736297607
SN-38,2,NCIH2172,0.15724213421344757,-3.4211384940494662,-3.162879467010498
SN-38,2,NCIH358,-2.352015495300293,-4.158686983221939,-4.110649585723877
SN-38,2,NCIH441,-2.93210506439209,-3.879840073067421,-3.752323627471924
SN-38,2,NCIH596,-0.10654798895120621,-3.4888866964889793,-3.2499377727508545
SN-38,2,NCIH647,-4.441120147705078,-3.305483284871049,-3.0142593383789062
SN-38,2,NCIH661,-4.034582138061523,-3.1997857806977903,-2.8784351348876953
SN-38,2,P31FUJ,-4.337360858917236,-4.787809479124715,-4.919089317321777
SN-38,2,RPMI8402,-6.534286975860596,-5.31792674623221,-5.60030460357666
SN-38,2,SKM1,-5.674411773681641,-4.33617161810483,-4.338722229003906
SN-38,2,SKMES1,-3.667543888092041,-3.3689346643142053,-3.0957961082458496
SN-38,2,SUDHL10,-3.7853739261627197,-4.24784694169127,-4.225222587585449
SN-38,3,697,-6.071026802062988,-4.594691144440757,-4.678102016448975
SN-38,3,A4FUK,-5.063316822052002,-4.4963524480724075,-4.562389373779297
SN-38,3,ALLSIL,-6.834723949432373,-5.253729841506262,-5.45357608795166
SN-38,3,BL41,-6.361566066741943,-5.356790004540404,-5.5748443603515625
SN-38,3,CALU3,-4.208014965057373,-3.218110073468819,-3.058314085006714
SN-38,3,COLO668,-4.625886917114258,-4.697435624483512,-4.798998832702637
SN-38,3,CORL88,-3.103142023086548,-3.441730746113551,-3.3214428424835205
SN-38,3,DMS114,-3.8699951171875,-4.101749924562446,-4.0980706214904785
SN-38,3,DOHH2,-6.257994174957275,-4.810669776197712,-4.932238578796387
SN-38,3,HCC15,-3.4396491050720215,-3.3768226353883057,-3.2450671195983887
SN-38,3,HCC44,-4.236376762390137,-3.1364480706859115,-2.9622244834899902
SN-38,3,HH,-3.960513114929199,-5.3866388647414345,-5.60996675491333
SN-38,3,K562,-3.7349419593811035,-4.528754733855891,-4.600516319274902
SN-38,3,KOPN8,-6.301623821258545,-4.681911234602832,-4.780731678009033
SN-38,3,L1236,-4.713565826416016,-4.356818539672669,-4.398203372955322
SN-38,3,LCLC103H,-2.3948800563812256,-2.9158020719799174,-2.7025959491729736
SN-38,3,LOUCY,-4.863663196563721,-4.766209940060271,-4.8799238204956055
SN-38,3,LU65,-2.149200916290283,-4.004997342736188,-3.984224319458008
SN-38,3,ME1,-2.1990010738372803,-4.311999659722174,-4.345466136932373
SN-38,3,MHHCALL2,-5.860063076019287,-5.162591472982542,-5.3463358879089355
SN-38,3,NCIH1568,-2.8678109645843506,-2.7134257705039655,-2.4644649028778076
SN-38,3,NCIH1648,-2.9121949672698975,-3.717533938806976,-3.6459734439849854
SN-38,3,NCIH1650,-1.1830854415893555,-2.9216235662196763,-2.7094459533691406
SN-38,3,NCIH1975,-1.9592524766921997,-3.4488887262398245,-3.3298654556274414
SN-38,3,NCIH2009,-4.993350028991699,-2.9669192125878436,-2.762744188308716
SN-38,3,NCIH2066,0.4920879900455475,-3.65356456960875,-3.570702314376831
SN-38,3,NCIH2291,-0.03152000159025192,-3.0201369215986653,-2.825364112854004
SN-38,3,OCIAML2,-6.462464809417725,-5.215806142683434,-5.408952236175537
SN-38,3,OCIAML5,-5.332466125488281,-5.68018635928835,-5.955376625061035
SN-38,3,OPM2,-1.870100975036621,-4.211795637539504,-4.227558612823486
SN-38,3,PL21,-4.082837104797363,-3.327689353681966,-3.18725323677063
SN-38,3,RCHACV,-5.7396039962768555,-4.9530553677943585,-5.099780082702637
SN-38,3,RL,-3.7071170806884766,-4.438952040736037,-4.494847774505615
SN-38,3,RS411,-5.699379920959473,-3.569627744653632,-3.471935987472534
SN-38,3,SBC5,-4.829714775085449,-2.9934637350330715,-2.793978452682495
SN-38,3,SIGM5,-3.498589038848877,-5.093357208503056,-5.264869689941406
SN-38,3,SKMM2,-2.519892930984497,-4.4528805902828505,-4.511237144470215
SN-38,3,SUDHL5,-7.601734161376953,-4.533691383664721,-4.606325149536133
SN-38,3,SUDHL8,-3.6333510875701904,-4.9406695719679705,-5.085206031799316
SN-38,3,SUPB15,-6.864811420440674,-5.5638658896506525,-5.81850528717041
SN-38,3,SW1271,-2.554995059967041,-4.062740178991328,-4.052168846130371
SN-38,4,CA46,-3.0820770263671875,-4.814411083587836,-5.194790363311768
SN-38,4,CAL12T,-0.5200614929199219,-3.5033514780060186,-3.141659736633301
SN-38,4,CALU6,-3.807451009750366,-3.892270332703749,-3.7507100105285645
SN-38,4,CHAGOK1,-2.0714468955993652,-3.237209295411162,-2.7248787879943848
SN-38,4,CMK,-6.839783668518066,-4.547015307256967,-4.776046276092529
SN-38,4,CMLT1,-7.816985130310059,-4.971406571346064,-5.440646648406982
SN-38,4,CORL105,-0.4011540114879608,-3.828591303021993,-3.6509881019592285
SN-38,4,CORL95,-2.0198960304260254,-3.44347920783061,-3.0478992462158203
SN-38,4,EHEB,-1.5297105312347412,-5.146740396812598,-5.715220928192139
SN-38,4,GDM1,-4.581751823425293,-4.599260660769843,-4.857862949371338
SN-38,4,HEL,-4.984799861907959,-4.262408118264423,-4.330348968505859
SN-38,4,JM1,-6.901670932769775,-4.780532994527234,-5.14173698425293
SN-38,4,JURKAT,-5.724452018737793,-5.026576875412291,-5.52704381942749
SN-38,4,KARPAS422,-3.7804439067840576,-4.153084513551521,-4.159147262573242
SN-38,4,KMH2,-3.217463970184326,-4.232324609028497,-4.283237934112549
SN-38,4,L428,-2.149665117263794,-4.60196972646557,-4.862105369567871
SN-38,4,L540,-6.1746392250061035,-5.020106419524442,-5.516911029815674
SN-38,4,MEG01,-4.476912021636963,-4.17680870649485,-4.1962995529174805
SN-38,4,NB4,-6.093206882476807,-5.26310385753148,-5.897447109222412
SN-38,4,NCIH146,-2.7319231033325195,-4.04650346865894,-3.9922404289245605
SN-38,4,NCIH1781,-4.9251251220703125,-3.9081192957244735,-3.775529623031616
SN-38,4,NCIH1792,-2.9302210807800293,-3.684542207896212,-3.425405979156494
SN-38,4,NCIH1876,-8.044732093811035,-3.3929973199777077,-2.968844175338745
SN-38,4,NCIH1963,-3.546626567840576,-4.371081327976082,-4.500532150268555
SN-38,4,NCIH2087,-5.301942825317383,-3.7148170903803974,-3.4728167057037354
SN-38,4,NCIH2122,-4.531558990478516,-4.034550024574741,-3.9735212326049805
SN-38,4,NCIH2227,-4.8477911949157715,-4.222455412970289,-4.267782688140869
SN-38,4,NCIH2342,-2.4518918991088867,-3.2062992425278214,-2.676473379135132
SN-38,4,NCIH526,-6.520318031311035,-4.178729137802362,-4.199306964874268
SN-38,4,NCIH650,-3.403421401977539,-3.429004874132506,-3.0252323150634766
SN-38,4,NCIH810,-4.326369762420654,-3.983823020628205,-3.8940823078155518
SN-38,4,NCIH838,-2.8119986057281494,-3.8038628953248703,-3.6122632026672363
SN-38,4,NCIH841,-2.725865602493286,-3.838349054992909,-3.666268825531006
SN-38,4,NCIH929,-4.836305141448975,-4.233919538343346,-4.285735607147217
SN-38,4,PF382,-5.527194976806641,-4.779077522567521,-5.139457702636719
SN-38,4,RAJI,-5.714733123779297,-4.912020879453422,-5.3476481437683105
SN-38,4,RERFLCMS,-3.9266209602355957,-3.450426954993949,-3.05877947807312
SN-38,4,ST486,-4.422721862792969,-4.937866163959797,-5.388122081756592
SN-38,4,SUDHL4,-2.8472180366516113,-5.042151643349391,-5.55143404006958
SN-38,4,THP1,-4.313282012939453,-4.912955974513731,-5.349112510681152
SN-38,5,AMO1,-3.3313310146331787,-4.28141148270301,-4.3420538902282715
SN-38,5,CORL23,-3.5729284286499023,-3.4714216543429957,-3.2295377254486084
SN-38,5,DAUDI,-4.528103828430176,-4.750754611613058,-4.986693859100342
SN-38,5,DB,-6.328969955444336,-4.68595689734891,-4.8976945877075195
SN-38,5,DMS273,-4.378851890563965,-4.507306219413857,-4.652318954467773
SN-38,5,GA10,-4.330904006958008,-4.527699732935808,-4.680329322814941
SN-38,5,GRANTA519,-5.968767166137695,-4.637059610705635,-4.8305344581604
SN-38,5,HARA,-4.2667012214660645,-3.545865685892292,-3.3317861557006836
SN-38,5,HCC827,-2.0500850677490234,-3.7303196727380548,-3.585132598876953
SN-38,5,JURLMK1,-5.136891841888428,-4.574348046432182,-4.744400501251221
SN-38,5,JVM3,-7.215719223022461,-4.753976010475374,-4.991118431091309
SN-38,5,KCL22,-3.59238600730896,-4.3454728474696935,-4.430041790008545
SN-38,5,KNS62,-3.2710158824920654,-3.5442150618066273,-3.329519033432007
SN-38,5,LP1,-1.3928649425506592,-4.612362913769694,-4.796613693237305
SN-38,5,LXF289,-3.7141144275665283,-3.3914414618972746,-3.119685411453247
SN-38,5,MOLM13,-6.537460803985596,-4.952063398907855,-5.263190269470215
SN-38,5,MOLM16,-4.981479167938232,-4.487726821672931,-4.625426769256592
SN-38,5,MOLP8,-4.990202903747559,-4.105284042932771,-4.100143909454346
SN-38,5,MOLT13,-6.510457992553711,-5.690508419977567,-6.277440071105957
SN-38,5,MONOMAC6,-5.372129917144775,-4.664496874795271,-4.868219375610352
SN-38,5,NCIH1436,-0.7870650291442871,-4.6242969137580685,-4.813004970550537
SN-38,5,NCIH196,-1.5935510396957397,-3.510122531396203,-3.2826931476593018
SN-38,5,NCIH2029,-2.5263259410858154,-3.489748112274233,-3.254709005355835
SN-38,5,NCIH211,-4.74910306930542,-3.6894015886760982,-3.5289318561553955
SN-38,5,NCIH2228,-2.7690439224243164,-3.0828651958997018,-2.6958577632904053
SN-38,5,NCIH23,-3.7548234462738037,-3.112251477471074,-2.736219644546509
SN-38,5,NCIH2444,-0.4162437915802002,-3.6517172280437187,-3.477172613143921
SN-38,5,NCIH446,-3.9551260471343994,-4.506469190352854,-4.651169300079346
SN-38,5,NCIH69,-2.935089111328125,-3.9573940961968432,-3.8970179557800293
SN-38,5,NCIH82,-2.140842914581299,-5.0309788181764326,-5.371580123901367
SN-38,5,NUDUL1,-5.760293960571289,-4.910694166249975,-5.206369876861572
SN-38,5,OCIAML3,-4.833767890930176,-4.034390354681835,-4.002771854400635
SN-38,5,OCILY19,-5.634760856628418,-5.025224113192948,-5.363676071166992
SN-38,5,REH,-6.678639888763428,-5.231696026242716,-5.647264003753662
SN-38,5,RERFLCKJ,-1.484213948249817,-3.76547246310381,-3.6334147453308105
SN-38,5,RPMI8226,-4.224857807159424,-4.434661053928263,-4.552541255950928
SN-38,5,SHP77,-2.0427420139312744,-3.6346740873766854,-3.453763961791992
SN-38,5,SUDHL1,-5.852482795715332,-4.063190958930141,-4.04232931137085
SN-38,5,SUPM2,-6.99745512008667,-4.436932246013322,-4.555660724639893
SN-38,5,SW1573,-4.526670932769775,-3.21947139375935,-2.8834855556488037
PD0325901,1,ALLSIL,1.2877860069274902,0.279088376872532,0.3151755630970001
PD0325901,1,AMO1,-0.6095715165138245,1.3709611494081244,1.302763819694519
PD0325901,1,CALU3,1.322532057762146,-0.5050422580948443,-0.39406293630599976
PD0325901,1,CALU6,-0.7083579897880554,-0.7581649956239935,-0.623009979724884
PD0325901,1,CORL105,-1.6355880498886108,0.1976731541382699,0.24153628945350647
PD0325901,1,DAUDI,1.8725974559783936,-0.1455207609186559,-0.06887925416231155
PD0325901,1,DMS114,1.416791558265686,0.476672560615516,0.4938885271549225
PD0325901,1,DOHH2,1.4946424961090088,1.2660988075069541,1.2079168558120728
PD0325901,1,EM2,-2.362565517425537,-0.2037000036174768,-0.12150181084871292
PD0325901,1,GRANTA519,2.1724610328674316,1.0582582966281173,1.0199271440505981
PD0325901,1,HCC15,-1.7001014947891235,0.030866345637698106,0.09066116064786911
PD0325901,1,HCC366,0.945468008518219,-0.5541365872661015,-0.4384682774543762
PD0325901,1,JEKO1,2.3185079097747803,1.5197750933208485,1.4373645782470703
PD0325901,1,JURLMK1,-4.110527038574219,-0.8266833341069577,-0.6849841475486755
PD0325901,1,KARPAS422,2.041069984436035,1.275451137574934,1.2163759469985962
PD0325901,1,KMH2,-1.0599185228347778,0.38060033483097977,0.4069921374320984
PD0325901,1,KU812,-3.225461483001709,0.2769013998575514,0.31319746375083923
PD0325901,1,MOLT13,-1.027543544769287,-1.655156316866173,-1.434329867362976
PD0325901,1,NCIH1568,0.5854405164718628,1.1223367824757935,1.0778855085372925
PD0325901,1,NCIH1651,2.321887493133545,0.480613659656388,0.4974532127380371
PD0325901,1,NCIH1781,1.2926039695739746,-0.19480659143699283,-0.1134578064084053
PD0325901,1,NCIH1792,-0.8290539979934692,-0.3661530395359687,-0.26843899488449097
PD0325901,1,NCIH1944,-1.7628154754638672,0.7662495169802804,0.7558080554008484
PD0325901,1,NCIH196,3.0530154705047607,-0.7904862845786303,-0.6522442698478699
PD0325901,1,NCIH2009,-1.8045464754104614,0.8820496434949882,0.8605481386184692
PD0325901,1,NCIH2023,0.7955759763717651,1.273198327853232,1.2143383026123047
PD0325901,1,NCIH2029,2.6015539169311523,1.8987758969759387,1.7801671028137207
PD0325901,1,NCIH2081,3.377523899078369,1.942797219711928,1.819983959197998
PD0325901,1,NCIH2085,0.9580519795417786,0.30474916198957824,0.3383854925632477
PD0325901,1,NCIH2110,0.06890399754047394,-0.3118654389747222,-0.2193363904953003
PD0325901,1,NCIH2228,0.5935369729995728,-0.04166211861588663,0.02505987323820591
PD0325901,1,NCIH441,1.8220914602279663,0.14435182482693024,0.19330766797065735
PD0325901,1,NCIH526,2.3820390701293945,2.53715888308575,2.3575782775878906
PD0325901,1,NCIH650,2.0152740478515625,-0.014287111019142852,0.049820300191640854
PD0325901,1,NCIH838,-0.8340204954147339,0.5540991055158601,0.5639200806617737
PD0325901,1,PF382,1.6735254526138306,0.6342349068277022,0.6364021301269531
PD0325901,1,REH,1.9017845392227173,1.3233914503697082,1.259737491607666
PD0325901,1,SKM1,-4.884747505187988,-2.9684819127406303,-2.622220039367676
PD0325901,1,SKMES1,-0.9797459840774536,-0.21904633079144625,-0.13538241386413574
PD0325901,1,SUDHL1,0.5339000225067139,0.13946083033957496,0.18888381123542786
PD0325901,1,WSUDLCL2,2.295907497406006,1.3404324343155873,1.2751508951187134
PD0325901,2,ABC1,0.41464149951934814,0.346115550560071,0.36239075660705566
PD0325901,2,CORL23,-0.04751100018620491,-0.7339631380672579,-0.5561637878417969
PD0325901,2,DMS273,1.418442964553833,1.4908780427323785,1.3359557390213013
PD0325901,2,EHEB,-0.6251929998397827,0.5140696415346069,0.5052275657653809
PD0325901,2,HCC33,3.8037750720977783,1.600439799729923,1.4291326999664307
PD0325901,2,HDLM2,1.9016159772872925,-0.2517832647602013,-0.1460931897163391
PD0325901,2,HEL,1.8254444599151611,-1.4601856312464117,-1.1737807989120483
PD0325901,2,HL60,-4.152990341186523,-2.4889018803307055,-2.048654079437256
PD0325901,2,IALM,0.17741550505161285,-0.5125844706066903,-0.36789196729660034
PD0325901,2,KCL22,-0.9065219759941101,-1.341575506377183,-1.072908639907837
PD0325901,2,KMS11,1.3451509475708008,0.6354436032099756,0.6084502339363098
PD0325901,2,L428,2.2052035331726074,0.8167339864795876,0.7626289129257202
PD0325901,2,LCLC97TM1,-1.5441689491271973,-0.3614228871740413,-0.23933637142181396
PD0325901,2,ME1,-1.3676685094833374,-0.27598686385506516,-0.16667717695236206
PD0325901,2,MOLT16,0.847055971622467,1.3073089571405139,1.1798391342163086
PD0325901,2,MONOMAC6,0.8418490290641785,-1.0180245870200055,-0.7977442741394043
PD0325901,2,NAMALWA,1.717872977256775,1.3041183673912378,1.1771256923675537
PD0325901,2,NB4,-5.221301555633545,-0.3471308336890241,-0.22718167304992676
PD0325901,2,NCIH1048,1.188035488128662,1.0022473245588142,0.920399010181427
PD0325901,2,NCIH1092,3.2230710983276367,1.8870515338025338,1.672882080078125
PD0325901,2,NCIH1435,2.4340755939483643,-0.2548788881376678,-0.14872586727142334
PD0325901,2,NCIH1436,2.6357696056365967,2.377537495391727,2.0900166034698486
PD0325901,2,NCIH1650,1.9618910551071167,0.2347113758635333,0.2676469087600708
PD0325901,2,NCIH1793,1.35183846950531,0.3460611288717239,0.3623444736003876
PD0325901,2,NCIH1975,-0.8042964935302734,0.09725505185835351,0.15074697136878967
PD0325901,2,NCIH209,2.490216016769409,2.64595409314088,2.3182919025421143
PD0325901,2,NCIH2170,3.3567121028900146,0.06175192632167156,0.12055328488349915
PD0325901,2,NCIH2291,-2.9845991134643555,-0.5255843506621449,-0.37894773483276367
PD0325901,2,NCIH23,-0.49132201075553894,-0.7698569223172003,-0.5866897106170654
PD0325901,2,NCIH2342,1.8335144519805908,-0.32072562674348765,-0.20472532510757446
PD0325901,2,NCIH2444,2.097825527191162,0.15564773626476133,0.20040711760520935
PD0325901,2,NCIH292,-2.348602056503296,-0.6373896969544313,-0.47403275966644287
PD0325901,2,OCIAML5,-2.1597185134887695,-1.71943541598118,-1.3942601680755615
PD0325901,2,OPM2,1.2488130331039429,0.8766915484873011,0.8136199116706848
PD0325901,2,RAJI,2.3023204803466797,1.202159807352671,1.0904148817062378
PD0325901,2,RCHACV,1.8680005073547363,0.6219911085204637,0.597009539604187
PD0325901,2,RERFLCMS,-1.191643476486206,0.1310994898389936,0.17953002452850342
PD0325901,2,RPMI8226,-0.21450650691986084,1.0030440608796511,0.9210765957832336
PD0325901,2,SUDHL10,1.1197479963302612,1.4580521979360173,1.3080389499664307
PD0325901,2,SW1271,-1.3322269916534424,-0.6891321421564726,-0.5180371999740601
PD0325901,2,THP1,-0.420461505651474,-0.36004773205870544,-0.23816686868667603
PD0325901,3,697,0.36041900515556335,1.1920870171603668,1.328454852104187
PD0325901,3,A3KAW,-0.7778475284576416,1.4791443038579342,1.6597844362258911
PD0325901,3,A549,-3.0224764347076416,-0.7609937221716383,-0.9258458018302917
PD0325901,3,COLO668,0.28847599029541016,1.470894874767391,1.650262713432312
PD0325901,3,CORL311,2.601304054260254,2.0576477833952764,2.3275094032287598
PD0325901,3,CORL88,2.844585418701172,2.030128892613331,2.295746326446533
PD0325901,3,DMS53,1.2261489629745483,0.5484454365820872,0.5855456590652466
PD0325901,3,DMS79,3.405984401702881,2.1671902124247846,2.453946352005005
PD0325901,3,EBC1,-2.8435099124908447,-1.0536754083571274,-1.2636672258377075
PD0325901,3,GA10,1.9116874933242798,1.1118056149007258,1.235791802406311
PD0325901,3,HCC827,2.0442054271698,-0.2205834072476031,-0.30208903551101685
PD0325901,3,HT,2.809283971786499,1.5861237232433667,1.783263087272644
PD0325901,3,JM1,1.5964970588684082,1.4963576567487933,1.6796525716781616
PD0325901,3,KG1,0.141184002161026,-1.3703636726846962,-1.6291977167129517
PD0325901,3,KMS12BM,3.050678014755249,0.8736495937688045,0.9609054327011108
PD0325901,3,L1236,2.0526585578918457,1.0302966202559505,1.1417118310928345
PD0325901,3,L540,1.8540664911270142,0.21051940312353795,0.19550193846225739
PD0325901,3,LAMA84,-2.597193479537964,-1.3115357022137175,-1.561296820640564
PD0325901,3,LCLC103H,2.653895616531372,0.10001403806821806,0.06795354187488556
PD0325901,3,LOUCY,1.3894239664077759,0.5106499264575871,0.5419210195541382
PD0325901,3,LOUNH91,-0.0018070000223815441,-0.7830244921256132,-0.9512743353843689
PD0325901,3,MOLM16,-0.8209819793701172,-0.9342948891174284,-1.1258748769760132
PD0325901,3,NCIH1105,2.8368570804595947,2.247864287261262,2.547062635421753
PD0325901,3,NCIH2066,0.7575454711914062,1.667500622089674,1.8771905899047852
PD0325901,3,NCIH2405,-0.19616200029850006,0.703795879289747,0.7648555040359497
PD0325901,3,NCIH810,2.946939468383789,1.649873733954824,1.8568451404571533
PD0325901,3,NCIH841,0.9386914968490601,0.6680936073164924,0.7236469388008118
PD0325901,3,NCIH929,-1.7109839916229248,0.9734103237577569,1.0760520696640015
PD0325901,3,OCIAML2,-5.954269886016846,-1.0081289009821193,-1.211096167564392
PD0325901,3,OCIAML3,-4.839598655700684,-0.5696865759039179,-0.7050337195396423
PD0325901,3,OCILY19,-0.44704800844192505,0.6101705292132031,0.6567904949188232
PD0325901,3,OCIM1,-1.2057820558547974,-1.2304590398694786,-1.467715859413147
PD0325901,3,PL21,-2.6493070125579834,0.9312639147262618,1.0274055004119873
PD0325901,3,RERFLCKJ,0.659711480140686,0.30160675035444523,0.30063751339912415
PD0325901,3,RS411,1.894950032234192,0.4462433097736841,0.4675810933113098
PD0325901,3,SHP77,0.44804251194000244,1.410361949299459,1.58039391040802
PD0325901,3,SKMM2,2.1439321041107178,0.84324421872136,0.925810694694519
PD0325901,3,ST486,0.5545294880867004,1.276277897339786,1.4256303310394287
PD0325901,3,SUDHL4,1.7174625396728516,1.6591639209508862,1.8675681352615356
PD0325901,3,SUDHL5,0.21812599897384644,1.3270722950288971,1.4842586517333984
PD0325901,3,SUDHL8,2.2447025775909424,0.8361794173152763,0.9176563024520874
PD0325901,4,BEN,2.1084349155426025,1.2813380550330784,1.3483741283416748
PD0325901,4,BL41,1.1161905527114868,2.043969166125617,2.152599811553955
PD0325901,4,CA46,2.6156818866729736,1.3134897414682174,1.382279396057129
PD0325901,4,CAL12T,-0.37115898728370667,0.7578729390774928,0.7963587641716003
PD0325901,4,CORL279,2.114794969558716,2.1086306616977866,2.22078800201416
PD0325901,4,CORL95,1.9406354427337646,1.5161220775201694,1.595963478088379
PD0325901,4,EJM,1.9765679836273193,0.8335284511620006,0.8761405944824219
PD0325901,4,EPLC272H,-1.1166654825210571,-0.14937282166009216,-0.16036897897720337
PD0325901,4,HARA,0.43476051092147827,-0.07152957325939041,-0.07828009128570557
PD0325901,4,HCC78,0.7499439716339111,-0.6046906239767404,-0.6405202150344849
PD0325901,4,JURKAT,1.8869580030441284,0.7701132632881744,0.8092666864395142
PD0325901,4,K562,-0.03719799965620041,0.7118634414745977,0.7478398680686951
PD0325901,4,KOPN8,-1.925268530845642,0.03039635292757092,0.029204964637756348
PD0325901,4,L363,1.8294529914855957,1.099089660736915,1.1561857461929321
PD0325901,4,LU65,0.3183155059814453,0.48518369729642097,0.5087968111038208
PD0325901,4,LXF289,0.07433699816465378,0.3402271467322238,0.355934202671051
PD0325901,4,NALM6,1.0500965118408203,1.2499932751150162,1.3153197765350342
PD0325901,4,NCIH146,2.3689000606536865,1.3405812490824094,1.4108484983444214
PD0325901,4,NCIH1623,-0.3868350088596344,0.3757538965885568,0.39339861273765564
PD0325901,4,NCIH1648,0.9831234812736511,-0.48224928611533546,-0.5114008188247681
PD0325901,4,NCIH1836,4.122115612030029,2.125164897452026,2.2382240295410156
PD0325901,4,NCIH1915,-1.9041069746017456,0.5738304269146258,0.6022784113883972
PD0325901,4,NCIH2030,0.7923055291175842,-0.788254056590802,-0.8340953588485718
PD0325901,4,NCIH2087,-1.5885870456695557,0.2269333965062578,0.2364613115787506
PD0325901,4,NCIH211,0.46995899081230164,1.7418833974901655,1.8340380191802979
PD0325901,4,NCIH2172,3.0094549655914307,0.11607701152844642,0.11955872178077698
PD0325901,4,NCIH2196,2.5498900413513184,1.3502489794205244,1.4210435152053833
PD0325901,4,NCIH2347,-0.5931640267372131,-0.07641063420750077,-0.08342736959457397
PD0325901,4,NCIH358,-1.040440559387207,-0.06369179566692462,-0.0700148344039917
PD0325901,4,NCIH460,-1.8176145553588867,-0.33816628137780025,-0.35945940017700195
PD0325901,4,NCIH596,1.451272964477539,0.07834446661171901,0.07976821064949036
PD0325901,4,NCIH69,2.9529941082000732,1.437288169934485,1.5128298997879028
PD0325901,4,NCIH727,-1.441027045249939,0.0653259772655752,0.06603968143463135
PD0325901,4,NOMO1,-4.5301079750061035,-1.989130024101854,-2.100468158721924
PD0325901,4,P12ICHIKAWA,-0.34934350848197937,1.1539727561082322,1.214062213897705
PD0325901,4,RL,2.64251446723938,1.5610668157388743,1.6433595418930054
PD0325901,4,RPMI8402,1.9331719875335693,-0.12796487280358324,-0.1377934217453003
PD0325901,4,SKLU1,-0.3142090141773224,0.44807942146000806,0.46966883540153503
PD0325901,4,SUDHL6,0.5721150040626526,1.1531884583475878,1.2132351398468018
PD0325901,4,SW1573,2.559927463531494,0.5479612617169587,0.5749983191490173
PD0325901,5,A4FUK,-1.067665457725525,1.2269811935225123,1.0811269283294678
PD0325901,5,BV173,-1.3749079704284668,1.073933110897482,0.9479962587356567
PD0325901,5,CHAGOK1,1.6254714727401733,1.4961271570932748,1.3152467012405396
PD0325901,5,CMK,1.103013038635254,-0.6117728782116512,-0.5183348655700684
PD0325901,5,CMLT1,-0.48006200790405273,1.3037603421531199,1.147914171218872
PD0325901,5,DB,2.3821585178375244,1.2777165093675864,1.1252596378326416
PD0325901,5,DND41,-0.09599850326776505,1.690837834757756,1.484618067741394
PD0325901,5,GDM1,1.1804344654083252,-1.5797130832723087,-1.3603090047836304
PD0325901,5,HCC44,-2.129000425338745,0.39229793716872874,0.3550679087638855
PD0325901,5,HH,2.3099894523620605,1.1109610164980042,0.9802054166793823
PD0325901,5,JVM2,1.5698845386505127,0.16285859169092884,0.15548740327358246
PD0325901,5,JVM3,-1.325091004371643,0.39780302701272513,0.35985657572746277
PD0325901,5,KNS62,-1.3972795009613037,-0.5843435310635533,-0.4944751262664795
PD0325901,5,LP1,2.9725840091705322,0.6832199792696537,0.6081298589706421
PD0325901,5,MEG01,-2.0167200565338135,0.18175938530888822,0.17192848026752472
PD0325901,5,MHHCALL2,0.23731550574302673,1.0064419106003322,0.8892882466316223
PD0325901,5,MM1S,0.07331199944019318,1.7566164652990415,1.5418363809585571
PD0325901,5,MOLM13,-0.6590055227279663,-3.812868002359547,-3.302845001220703
PD0325901,5,MOLP8,-0.2659609913825989,0.2405861529967221,0.22309963405132294
PD0325901,5,NCIH1155,0.7669064998626709,1.9839329142958722,1.7395702600479126
PD0325901,5,NCIH1341,0.7586789727210999,1.5090262821043543,1.3264671564102173
PD0325901,5,NCIH1437,-2.5684075355529785,0.9241751794906954,0.8177275657653809
PD0325901,5,NCIH1876,2.134458541870117,2.8702412443581276,2.510535955429077
PD0325901,5,NCIH1963,2.2900490760803223,2.8763786207392434,2.5158746242523193
PD0325901,5,NCIH2122,-1.6554515361785889,-0.021944075851824563,-0.005265364423394203
PD0325901,5,NCIH2171,2.2230100631713867,3.0708258999264895,2.6850168704986572
PD0325901,5,NCIH2227,0.8720325231552124,2.1976755709021076,1.9254968166351318
PD0325901,5,NCIH446,1.9471490383148193,2.4831611479183886,2.1738297939300537
PD0325901,5,NCIH522,2.413440465927124,1.3975312964005067,1.2294819355010986
PD0325901,5,NCIH524,2.1219615936279297,2.3854087927549563,2.088798761367798
PD0325901,5,NCIH647,1.2986249923706055,-0.5460049370986821,-0.46112585067749023
PD0325901,5,NCIH661,1.586463451385498,1.266460678394243,1.1154686212539673
PD0325901,5,NCIH82,2.7105023860931396,1.646772585138238,1.4462873935699463
PD0325901,5,NUDUL1,0.4664449989795685,1.1128391353488216,0.981839120388031
PD0325901,5,P31FUJ,-1.0295820236206055,-1.5505527339566985,-1.3349435329437256
PD0325901,5,SBC5,1.526876449584961,0.703348652443497,0.625639021396637
PD0325901,5,SIGM5,1.7344739437103271,-3.2267951529068912,-2.7930426597595215
PD0325901,5,SUPB15,-0.06355399638414383,0.39744287550483004,0.3595432937145233
PD0325901,5,SUPM2,1.3233784437179565,0.40268614287704807,0.3641042113304138
PD0325901,5,SUPT1,2.6278140544891357,0.8837613974709151,0.7825731635093689
GEMCITABINE,1,A4FUK,-3.9603559970855713,-3.2267865596705825,-3.4126315116882324
GEMCITABINE,1,ABC1,-2.3829050064086914,-2.4442991474062596,-2.3831851482391357
GEMCITABINE,1,ALLSIL,-3.8079400062561035,-2.4411580061388958,-2.3790526390075684
GEMCITABINE,1,BL41,-4.694701194763184,-2.8999328062790823,-2.9826202392578125
GEMCITABINE,1,CORL105,-0.0960799977183342,-2.431480688670643,-2.366321086883545
GEMCITABINE,1,CORL23,-1.7715888023376465,-2.8836455547783,-2.9611926078796387
GEMCITABINE,1,DAUDI,-2.2215518951416016,-2.9778497097524035,-3.0851283073425293
GEMCITABINE,1,DMS53,-0.3459329903125763,-2.470591186649923,-2.4177751541137695
GEMCITABINE,1,HCC33,1.5660054683685303,-2.35868333985047,-2.2705483436584473
GEMCITABINE,1,HCC366,-3.1653525829315186,-3.0981605126636156,-3.243410110473633
GEMCITABINE,1,HCC44,-2.7534019947052,-1.9645527485634535,-1.752027153968811
GEMCITABINE,1,HCC78,-5.406406879425049,-2.937058366838329,-3.0314629077911377
GEMCITABINE,1,K562,-1.1583549976348877,-3.420943631130548,-3.6680660247802734
GEMCITABINE,1,KG1,-2.6212356090545654,-2.9049506947318617,-2.9892218112945557
GEMCITABINE,1,KMS11,-1.1095130443572998,-2.641688515389892,-2.6428720951080322
GEMCITABINE,1,MM1S,-3.1703319549560547,-3.047638935114607,-3.17694354057312
GEMCITABINE,1,MOLT16,-4.491506099700928,-3.2956131275348204,-3.5031802654266357
GEMCITABINE,1,NALM6,-5.251550197601318,-3.051099391613789,-3.1814961433410645
GEMCITABINE,1,NB4,-5.731371879577637,-3.060769822601446,-3.194218635559082
GEMCITABINE,1,NCIH1651,-1.9376715421676636,-1.797701388168474,-1.5325162410736084
GEMCITABINE,1,NCIH1792,-3.1622300148010254,-2.8537935675131694,-2.921919107437134
GEMCITABINE,1,NCIH1793,-0.6104323863983154,-2.0650297624672596,-1.8842154741287231
GEMCITABINE,1,NCIH1915,0.3493284285068512,-2.1007486687533117,-1.931207537651062
GEMCITABINE,1,NCIH2023,-2.3113861083984375,-1.954057842747672,-1.738219976425171
GEMCITABINE,1,NCIH2029,0.7794010043144226,-1.329002263374469,-0.9158921241760254
GEMCITABINE,1,NCIH2081,-1.6466829776763916,-1.9054579557311238,-1.6742815971374512
GEMCITABINE,1,NCIH2085,-1.010511040687561,-2.2018239909646353,-2.064182996749878
GEMCITABINE,1,NCIH209,-3.040226936340332,-1.609507193399831,-1.2849265336990356
GEMCITABINE,1,NCIH2170,-4.841003894805908,-2.5948854561392185,-2.5812976360321045
GEMCITABINE,1,NCIH2171,-0.22226500511169434,-0.8386474903563341,-0.2707776725292206
GEMCITABINE,1,NCIH23,-2.6425058841705322,-2.8944585978752704,-2.9754183292388916
GEMCITABINE,1,NCIH2405,-3.7806150913238525,-1.9601117840837106,-1.7461845874786377
GEMCITABINE,1,NCIH446,-0.7017243504524231,-1.8690556568575662,-1.6263904571533203
GEMCITABINE,1,NCIH524,-1.745000958442688,-1.7597177358824074,-1.4825446605682373
GEMCITABINE,1,NCIH838,-1.313627004623413,-2.053392878823272,-1.8689059019088745
GEMCITABINE,1,NOMO1,-4.254693984985352,-3.170614806016234,-3.338731527328491
GEMCITABINE,1,P12ICHIKAWA,-3.9906539916992188,-3.690784211672848,-4.023070335388184
GEMCITABINE,1,RCHACV,-3.983320951461792,-3.3179323923676405,-3.532543659210205
GEMCITABINE,1,SIGM5,-5.091703414916992,-3.1037956472455503,-3.250823736190796
GEMCITABINE,1,SKMM2,-1.3354049921035767,-2.893597606577674,-2.97428560256958
GEMCITABINE,1,SUDHL6,-2.9015140533447266,-3.336736108856515,-3.557281970977783
GEMCITABINE,2,A3KAW,-5.063676834106445,-2.3468899804139243,-2.220028877258301
GEMCITABINE,2,CORL311,-1.6676950454711914,-2.195942201281663,-2.006620407104492
GEMCITABINE,2,EJM,-3.1466619968414307,-3.41879914888613,-3.735483407974243
GEMCITABINE,2,EPLC272H,-3.869805097579956,-1.9503731331146692,-1.6594372987747192
GEMCITABINE,2,GRANTA519,-2.9856200218200684,-3.2895641731885634,-3.552772283554077
GEMCITABINE,2,HCC827,1.1757087707519531,-2.538181677536273,-2.4904751777648926
GEMCITABINE,2,HT,-2.7746400833129883,-2.483259013589327,-2.4128260612487793
GEMCITABINE,2,IALM,-1.1872014999389648,-2.146685180348477,-1.9369813203811646
GEMCITABINE,2,JEKO1,-4.279512405395508,-3.06925394177735,-3.241299867630005
GEMCITABINE,2,JURKAT,-2.4281504154205322,-3.2176271261782823,-3.45106840133667
GEMCITABINE,2,JURLMK1,-4.535852909088135,-3.4407571518190467,-3.7665274143218994
GEMCITABINE,2,KOPN8,-4.0490241050720215,-2.6318117973476225,-2.6228485107421875
GEMCITABINE,2,LCLC97TM1,-5.0579118728637695,-2.2632970194297144,-2.1018459796905518
GEMCITABINE,2,LOUNH91,-0.613299548625946,-1.4017978153522295,-0.8838669657707214
GEMCITABINE,2,LP1,1.1605249643325806,-3.3042252144378104,-3.573499917984009
GEMCITABINE,2,MHHCALL2,-3.5627450942993164,-3.4254043579276363,-3.744821786880493
GEMCITABINE,2,MOLM13,-4.426741123199463,-3.6957560294370833,-4.127042293548584
GEMCITABINE,2,MOLT13,-2.107386589050293,-3.3941328213717545,-3.700610399246216
GEMCITABINE,2,NAMALWA,-4.690575122833252,-3.1252543705063696,-3.3204727172851562
GEMCITABINE,2,NCIH1092,0.9847429990768433,-1.6778049694423083,-1.274083137512207
GEMCITABINE,2,NCIH1436,3.067039966583252,-1.7154714235855821,-1.3273355960845947
GEMCITABINE,2,NCIH1437,-1.9501044750213623,-2.6418769500652064,-2.6370785236358643
GEMCITABINE,2,NCIH146,-1.9197520017623901,-2.0227212349921553,-1.7617223262786865
GEMCITABINE,2,NCIH1648,-0.7204362750053406,-2.3178383930977886,-2.1789560317993164
GEMCITABINE,2,NCIH1650,-1.7920430898666382,-1.5530019662432055,-1.0976378917694092
GEMCITABINE,2,NCIH2087,-1.9328889846801758,-2.2784380041259618,-2.1232521533966064
GEMCITABINE,2,NCIH2172,0.5309751033782959,-2.5758747764668364,-2.5437653064727783
GEMCITABINE,2,NCIH2196,0.23285099864006042,-1.4838967289124394,-0.9999375939369202
GEMCITABINE,2,NCIH2228,-1.9240994453430176,-2.014515230739596,-1.750120759010315
GEMCITABINE,2,NCIH441,-3.9737019538879395,-2.0247788702586975,-1.7646313905715942
GEMCITABINE,2,NCIH522,-1.2659120559692383,-2.1514943958163513,-1.943780541419983
GEMCITABINE,2,NCIH647,-3.2815868854522705,-1.9809030845306406,-1.7026002407073975
GEMCITABINE,2,NCIH841,0.6297454237937927,-2.0800184048089165,-1.8427284955978394
GEMCITABINE,2,OCILY19,-5.718118190765381,-3.36472152942721,-3.659029006958008
GEMCITABINE,2,OCIM1,-3.5479800701141357,-3.157079207993246,-3.365466356277466
GEMCITABINE,2,REH,-3.7933828830718994,-3.551503343343957,-3.9230992794036865
GEMCITABINE,2,RERFLCMS,-2.654792070388794,-1.6889198087325752,-1.2897971868515015
GEMCITABINE,2,SKLU1,-4.530402183532715,-2.626136626292838,-2.6148250102996826
GEMCITABINE,2,SUDHL1,-5.165506839752197,-3.3376664461409558,-3.620778799057007
GEMCITABINE,2,SUPM2,-3.9251089096069336,-3.407277639313909,-3.7191944122314453
GEMCITABINE,2,WSUDLCL2,-1.5174269676208496,-3.017264565362776,-3.167797803878784
GEMCITABINE,3,697,-5.604207992553711,-3.26187974914138,-3.4325485229492188
GEMCITABINE,3,AMO1,-3.246645927429199,-2.920982921786595,-2.986196279525757
GEMCITABINE,3,CALU6,-2.023819923400879,-2.93700298974842,-3.007172107696533
GEMCITABINE,3,CMLT1,-4.524988174438477,-3.343869633560466,-3.5399017333984375
GEMCITABINE,3,CORL88,0.8413490056991577,-1.4995892404465554,-1.125098705291748
GEMCITABINE,3,CORL95,0.05089600011706352,-2.104922437006522,-1.9176899194717407
GEMCITABINE,3,DMS79,-1.318444013595581,-1.3021826772486729,-0.8666250109672546
GEMCITABINE,3,GA10,-3.1275315284729004,-3.859500264167969,-4.215041160583496
GEMCITABINE,3,GDM1,-1.7831859588623047,-2.8098060646406893,-2.8406271934509277
GEMCITABINE,3,HCC15,-1.5662410259246826,-2.069626628648275,-1.8714754581451416
GEMCITABINE,3,HH,-2.7012031078338623,-3.8312628891226512,-4.1780686378479
GEMCITABINE,3,HL60,-3.0045740604400635,-3.6141247695367413,-3.8937594890594482
GEMCITABINE,3,JM1,-5.49085807800293,-3.0124651412271057,-3.10597825050354
GEMCITABINE,3,JVM2,-4.792754173278809,-3.0024181610402243,-3.0928232669830322
GEMCITABINE,3,KMS12BM,-0.4056355059146881,-3.1644526658263357,-3.3049826622009277
GEMCITABINE,3,KNS62,6.936003774171695e-05,-2.3980229994670768,-2.3014602661132812
GEMCITABINE,3,L1236,-3.1292591094970703,-2.7236763713454843,-2.727853536605835
GEMCITABINE,3,LCLC103H,-1.6576848030090332,-1.7116557982634895,-1.4027674198150635
GEMCITABINE,3,LOUCY,-3.0273659229278564,-2.403797245311397,-2.309020757675171
GEMCITABINE,3,LU65,0.5595089793205261,-2.987363168382707,-3.073111057281494
GEMCITABINE,3,NCIH1048,-3.456300973892212,-2.5778658749628627,-2.5369369983673096
GEMCITABINE,3,NCIH1435,-0.024308107793331146,-2.169735710860894,-2.0025529861450195
GEMCITABINE,3,NCIH1781,-3.4590630531311035,-2.44947043558099,-2.3688228130340576
GEMCITABINE,3,NCIH1944,-3.011251449584961,-1.916123480597082,-1.670486569404602
GEMCITABINE,3,NCIH1975,-0.9794989824295044,-2.0104036900613638,-1.7939320802688599
GEMCITABINE,3,NCIH211,-3.5596890449523926,-2.1898203846609743,-2.028850793838501
GEMCITABINE,3,NCIH2122,-4.67613410949707,-2.877228228386093,-2.928906202316284
GEMCITABINE,3,NCIH661,-1.8640813827514648,-1.8243113146563066,-1.5502725839614868
GEMCITABINE,3,NCIH727,-1.022606611251831,-2.2844631346782514,-2.15277099609375
GEMCITABINE,3,NCIH82,-2.988800048828125,-2.7284276373672385,-2.734074592590332
GEMCITABINE,3,OCIAML2,-5.0584611892700195,-3.5134402839351386,-3.7619285583496094
GEMCITABINE,3,P31FUJ,-2.2965569496154785,-3.3158476706066566,-3.503211259841919
GEMCITABINE,3,RPMI8226,-4.052393913269043,-3.2742261578080343,-3.448714256286621
GEMCITABINE,3,RS411,-4.028273105621338,-2.895836336970582,-2.953270673751831
GEMCITABINE,3,SBC5,-5.203776836395264,-1.7395466566476567,-1.439286231994629
GEMCITABINE,3,SUDHL10,-3.6205334663391113,-2.6703909220010655,-2.6580843925476074
GEMCITABINE,3,SUDHL4,-1.8366889953613281,-3.0026226477509295,-3.0930910110473633
GEMCITABINE,3,SUDHL8,-3.750312089920044,-3.377330251078248,-3.5837132930755615
GEMCITABINE,3,SUPT1,-3.795620918273926,-3.4146360563698153,-3.6325595378875732
GEMCITABINE,3,SW1271,-1.969796895980835,-2.550328452647688,-2.5008809566497803
GEMCITABINE,3,SW1573,-0.3472859263420105,-1.928586153524453,-1.6868045330047607
GEMCITABINE,4,A549,-3.659730911254883,-1.333440776914338,-1.072225570678711
GEMCITABINE,4,BEN,-1.000626564025879,-0.3731572367729004,0.09486609697341919
GEMCITABINE,4,CAL12T,-1.763534426689148,-2.460332812337876,-2.4418067932128906
GEMCITABINE,4,CALU3,-2.6983890533447266,-2.3130188542627286,-2.2627670764923096
GEMCITABINE,4,CHAGOK1,-1.2498810291290283,-1.9485869519632448,-1.8198505640029907
GEMCITABINE,4,CORL279,-3.1781206130981445,-0.7356491068352431,-0.34569257497787476
GEMCITABINE,4,DMS273,-2.7578139305114746,-1.902003716702408,-1.763235092163086
GEMCITABINE,4,DND41,-2.6391990184783936,-3.314862918669331,-3.480369806289673
GEMCITABINE,4,EBC1,-4.921037197113037,-2.0064400099645137,-1.8901629447937012
GEMCITABINE,4,EHEB,-1.2940094470977783,-3.5741518219951662,-3.795499563217163
GEMCITABINE,4,HARA,-2.186556577682495,-2.3365723110183323,-2.2913930416107178
GEMCITABINE,4,HEL,-5.237459182739258,-2.537827384847219,-2.5359907150268555
GEMCITABINE,4,KARPAS422,-1.7287310361862183,-2.629276575202663,-2.64713454246521
GEMCITABINE,4,KU812,-3.8348429203033447,-2.6615054943835985,-2.6863043308258057
GEMCITABINE,4,L363,-2.0435659885406494,-3.052273243573221,-3.1612284183502197
GEMCITABINE,4,L428,-3.0965359210968018,-3.063960125673192,-3.1754322052001953
GEMCITABINE,4,L540,-4.955411911010742,-3.8622384190749863,-4.145628929138184
GEMCITABINE,4,LAMA84,-3.087385892868042,-1.4664327871101126,-1.2338589429855347
GEMCITABINE,4,MONOMAC6,-4.842422962188721,-3.4890672007182193,-3.6920909881591797
GEMCITABINE,4,NCIH1836,0.4759019911289215,-0.3252868260710403,0.15304595232009888
GEMCITABINE,4,NCIH1876,-3.510585069656372,0.19804204390550129,0.7890797257423401
GEMCITABINE,4,NCIH196,1.4554710388183594,-1.342196571328254,-1.0828670263290405
GEMCITABINE,4,NCIH2009,-2.1925246715545654,-1.756353484134434,-1.5862174034118652
GEMCITABINE,4,NCIH2030,-1.6896133422851562,-1.820966984115211,-1.6647461652755737
GEMCITABINE,4,NCIH2110,-4.784646034240723,-2.1113084677464053,-2.017616033554077
GEMCITABINE,4,NCIH2291,2.502293109893799,-2.3983963587117314,-2.3665316104888916
GEMCITABINE,4,NCIH2347,-0.38733020424842834,-2.354254764710774,-2.3128836154937744
GEMCITABINE,4,NCIH292,-4.377070426940918,-1.5132271022725787,-1.2907309532165527
GEMCITABINE,4,NCIH358,-3.949457883834839,-2.418938984305433,-2.391498327255249
GEMCITABINE,4,NCIH596,-0.9337882399559021,-2.3992430323691964,-2.367560625076294
GEMCITABINE,4,NCIH650,-1.1757349967956543,-2.11654878132654,-2.023984909057617
GEMCITABINE,4,NCIH810,-4.147688865661621,-1.2621864501678246,-0.9856258034706116
GEMCITABINE,4,NCIH929,-3.619882583618164,-3.5556142592960316,-3.7729697227478027
GEMCITABINE,4,OPM2,-1.0559489727020264,-2.878965854935345,-2.9505972862243652
GEMCITABINE,4,PF382,-3.28511905670166,-3.5871858097498666,-3.811340570449829
GEMCITABINE,4,SHP77,0.23872500658035278,-0.9300636028669491,-0.5819764733314514
GEMCITABINE,4,SKM1,-4.018045425415039,-2.6067891111844697,-2.6198041439056396
GEMCITABINE,4,SKMES1,-2.534069061279297,-1.995365867709096,-1.8767038583755493
GEMCITABINE,4,ST486,-3.679316997528076,-3.392633895994098,-3.574889659881592
GEMCITABINE,4,SUDHL5,-5.921642780303955,-3.4716876349143617,-3.670968532562256
GEMCITABINE,5,BV173,-4.538396835327148,-3.5846050674858247,-3.9387214183807373
GEMCITABINE,5,CA46,-2.1270930767059326,-3.04292781360574,-3.1644763946533203
GEMCITABINE,5,CMK,-3.5058178901672363,-3.1051379329575557,-3.2533962726593018
GEMCITABINE,5,COLO668,-2.757281541824341,-2.2576313307624503,-2.0420148372650146
GEMCITABINE,5,DB,-4.805051803588867,-3.332423538186206,-3.5782663822174072
GEMCITABINE,5,DMS114,0.9053630232810974,-2.0451269194150283,-1.7382721900939941
GEMCITABINE,5,DOHH2,-3.6980395317077637,-3.264683752769316,-3.48144268989563
GEMCITABINE,5,EM2,-2.924617052078247,-3.517575526649945,-3.8429129123687744
GEMCITABINE,5,HDLM2,-0.08038300275802612,-3.3388659469350035,-3.587474822998047
GEMCITABINE,5,JVM3,-5.519795894622803,-3.001433717208042,-3.1051669120788574
GEMCITABINE,5,KCL22,-3.8711180686950684,-3.1554361931586623,-3.3252899646759033
GEMCITABINE,5,KMH2,-2.3069543838500977,-3.0935786940614864,-3.2368741035461426
GEMCITABINE,5,LXF289,-2.4091711044311523,-2.3581821473095204,-2.185736894607544
GEMCITABINE,5,ME1,-0.25008898973464966,-2.6233750971215253,-2.5647897720336914
GEMCITABINE,5,MEG01,-3.5743401050567627,-3.441092960709546,-3.7335927486419678
GEMCITABINE,5,MOLM16,-4.880643367767334,-2.8025627324891618,-2.820911169052124
GEMCITABINE,5,MOLP8,-5.381662845611572,-2.5108517053534105,-2.4039547443389893
GEMCITABINE,5,NCIH1105,-1.9679310321807861,-1.1514140949761908,-0.4608460068702698
GEMCITABINE,5,NCIH1155,-2.8590850830078125,-1.4722708375016023,-0.9194617867469788
GEMCITABINE,5,NCIH1341,-3.061779499053955,-1.7987039090609793,-1.3860480785369873
GEMCITABINE,5,NCIH1568,-2.606917142868042,-2.1170221693984828,-1.8410354852676392
GEMCITABINE,5,NCIH1623,-2.455897569656372,-2.6326891758343156,-2.5781028270721436
GEMCITABINE,5,NCIH1963,-1.1543630361557007,-1.14425777199378,-0.45061713457107544
GEMCITABINE,5,NCIH2066,2.3724775314331055,-1.8458557757600644,-1.453444480895996
GEMCITABINE,5,NCIH2227,-1.695557951927185,-1.626799783498915,-1.140337347984314
GEMCITABINE,5,NCIH2342,-3.3980228900909424,-1.7760294592337649,-1.3536384105682373
GEMCITABINE,5,NCIH2444,1.5368050336837769,-2.4253424612199685,-2.2817323207855225
GEMCITABINE,5,NCIH460,-4.294601917266846,-2.23995911783987,-2.0167551040649414
GEMCITABINE,5,NCIH526,-1.8103810548782349,-1.9378105144865378,-1.584879755973816
GEMCITABINE,5,NCIH69,-0.5005559921264648,-2.3452594656691614,-2.1672658920288086
GEMCITABINE,5,NUDUL1,-6.266263008117676,-3.874202875129602,-4.352657318115234
GEMCITABINE,5,OCIAML3,-4.8830790519714355,-2.9906856383395564,-3.089804172515869
GEMCITABINE,5,OCIAML5,-3.3067939281463623,-3.4335598311257955,-3.722825288772583
GEMCITABINE,5,PL21,-1.1996209621429443,-3.308631345536692,-3.5442590713500977
GEMCITABINE,5,RAJI,-5.168655872344971,-2.5293727756439486,-2.4304277896881104
GEMCITABINE,5,RERFLCKJ,-0.31465277075767517,-1.5658399314690734,-1.0532045364379883
GEMCITABINE,5,RL,-1.3100450038909912,-3.3919901732449604,-3.663407802581787
GEMCITABINE,5,RPMI8402,-3.2510790824890137,-3.1886303693810403,-3.3727359771728516
GEMCITABINE,5,SUPB15,-4.357687950134277,-3.3025333837253736,-3.5355429649353027
GEMCITABINE,5,THP1,-3.541110038757324,-2.4231141480781826,-2.2785472869873047
TALAZOPARIB,1,A4FUK,1.7431750297546387,2.1215184786812045,2.6076273918151855
TALAZOPARIB,1,ALLSIL,0.6905894875526428,1.230403755287051,0.808182954788208
TALAZOPARIB,1,BV173,-1.7352349758148193,1.3131878952093443,0.9753504991531372
TALAZOPARIB,1,CAL12T,4.741016864776611,1.4997409621261673,1.3520605564117432
TALAZOPARIB,1,CALU6,0.007818717509508133,1.6815768249261687,1.7192450761795044
TALAZOPARIB,1,CORL279,-1.0329769849777222,1.8843597518060071,2.1287283897399902
TALAZOPARIB,1,CORL95,3.2713561058044434,1.9755571816528215,2.312885046005249
TALAZOPARIB,1,EM2,1.886459469795227,1.6320065696058057,1.6191469430923462
TALAZOPARIB,1,GDM1,3.0527889728546143,1.2788729596978097,0.9060577154159546
TALAZOPARIB,1,GRANTA519,0.19385884702205658,1.2372154414810717,0.8219379186630249
TALAZOPARIB,1,HCC33,4.639098167419434,1.453837275405054,1.2593663930892944
TALAZOPARIB,1,HCC827,2.0545830726623535,1.6232645760479847,1.6014940738677979
TALAZOPARIB,1,IALM,4.842329025268555,1.5773287746040778,1.5087350606918335
TALAZOPARIB,1,JVM2,-0.24480600655078888,1.5976211470004924,1.54971182346344
TALAZOPARIB,1,KG1,2.5875279903411865,1.7215372807602791,1.7999379634857178
TALAZOPARIB,1,L1236,3.6670451164245605,1.9036257518301962,2.167632579803467
TALAZOPARIB,1,ME1,4.016727924346924,1.7285783156639567,1.8141560554504395
TALAZOPARIB,1,MOLP8,1.2963509559631348,2.1158386593624097,2.596158027648926
TALAZOPARIB,1,MONOMAC6,0.8623819947242737,1.6684191750530524,1.6926755905151367
TALAZOPARIB,1,NCIH1155,0.574352502822876,1.6084236778457952,1.5715255737304688
TALAZOPARIB,1,NCIH1623,0.004558546468615532,1.6169505499884322,1.588744044303894
TALAZOPARIB,1,NCIH1781,-1.8930339813232422,2.099516587640196,2.5631985664367676
TALAZOPARIB,1,NCIH1963,3.4058690071105957,2.017701615740152,2.3979880809783936
TALAZOPARIB,1,NCIH1975,0.2053060084581375,1.5378657427667681,1.429046630859375
TALAZOPARIB,1,NCIH2029,4.2852654457092285,1.8607848296922782,2.081123113632202
TALAZOPARIB,1,NCIH2030,1.3916529417037964,1.7467938572738249,1.8509390354156494
TALAZOPARIB,1,NCIH2087,0.6664466261863708,1.7441132224712241,1.8455259799957275
TALAZOPARIB,1,NCIH209,-3.1417670249938965,2.0428760163453727,2.4488232135772705
TALAZOPARIB,1,NCIH2110,1.2006514072418213,1.9183688890379993,2.1974036693573
TALAZOPARIB,1,NCIH2171,1.5838984251022339,1.8881452747553107,2.1363725662231445
TALAZOPARIB,1,NCIH2196,1.602813959121704,1.8731153483502068,2.106022357940674
TALAZOPARIB,1,NCIH2347,0.1486855298280716,1.4938891755509425,1.340243935585022
TALAZOPARIB,1,NCIH292,0.25967058539390564,2.0325897414758614,2.4280519485473633
TALAZOPARIB,1,NCIH358,4.015998840332031,1.8178271374777317,1.994377851486206
TALAZOPARIB,1,NCIH522,2.0194356441497803,1.6157051599295071,1.5862292051315308
TALAZOPARIB,1,NCIH838,0.2355351746082306,1.7944110179454642,1.9470932483673096
TALAZOPARIB,1,OCIAML2,-0.5813419818878174,1.3261592914971407,1.0015438795089722
TALAZOPARIB,1,RL,0.6604681015014648,1.8290668181801801,2.0170743465423584
TALAZOPARIB,1,SUDHL5,-1.4298030138015747,1.4678800873251707,1.2877233028411865
TALAZOPARIB,1,SW1271,2.012953996658325,1.861095704931674,2.0817508697509766
TALAZOPARIB,1,SW1573,0.4632887542247772,2.1115084848827856,2.587414026260376
TALAZOPARIB,2,AMO1,3.59910249710083,1.6977090328795197,1.8213551044464111
TALAZOPARIB,2,BL41,0.21671150624752045,1.2893798258067597,1.137272596359253
TALAZOPARIB,2,CORL311,0.6317930221557617,2.0262164796966537,2.3717105388641357
TALAZOPARIB,2,DMS273,0.05728635936975479,2.254967361459578,2.754941701889038
TALAZOPARIB,2,DMS53,1.2687159776687622,2.035428631385156,2.387143850326538
TALAZOPARIB,2,DND41,0.8253024816513062,1.3386256730297847,1.2197751998901367
TALAZOPARIB,2,HH,4.841253280639648,1.079283010426788,0.7852929830551147
TALAZOPARIB,2,HL60,1.951095461845398,1.480571891908158,1.4575806856155396
TALAZOPARIB,2,KOPN8,-0.6670809984207153,1.657617914382531,1.7541896104812622
TALAZOPARIB,2,L363,3.4504990577697754,1.8434852281577696,2.0655770301818848
TALAZOPARIB,2,L428,2.3679850101470947,1.9301939014805287,2.2108418941497803
TALAZOPARIB,2,LAMA84,2.2886950969696045,2.08802237251648,2.475255250930786
TALAZOPARIB,2,LCLC103H,0.5925946235656738,1.2950035048557413,1.1466940641403198
TALAZOPARIB,2,LOUNH91,1.3762776851654053,1.3556928163533777,1.2483681440353394
TALAZOPARIB,2,MHHCALL2,1.9194375276565552,1.0146234027250849,0.6769673824310303
TALAZOPARIB,2,MOLM13,0.13642647862434387,0.9241078075747402,0.5253247022628784
TALAZOPARIB,2,MOLT16,-1.5258090496063232,1.2745087016499665,1.1123586893081665
TALAZOPARIB,2,NAMALWA,-0.5117675065994263,0.8086473786738576,0.33189141750335693
TALAZOPARIB,2,NCIH1092,3.6192209720611572,1.9545919007000299,2.251716375350952
TALAZOPARIB,2,NCIH1105,0.8031665086746216,2.111869054371444,2.5152060985565186
TALAZOPARIB,2,NCIH1341,1.2519110441207886,1.4753562930199435,1.4488428831100464
TALAZOPARIB,2,NCIH1568,2.640388011932373,1.701436829138008,1.827600359916687
TALAZOPARIB,2,NCIH1650,2.311863899230957,1.6298872486574167,1.70773184299469
TALAZOPARIB,2,NCIH1836,5.052521705627441,0.7864091090166239,0.29463517665863037
TALAZOPARIB,2,NCIH1876,-2.6870880126953125,1.9833324136163573,2.299865961074829
TALAZOPARIB,2,NCIH1915,1.5656709671020508,1.3739809981353424,1.2790067195892334
TALAZOPARIB,2,NCIH1944,0.13155411183834076,1.584235780029159,1.6312509775161743
TALAZOPARIB,2,NCIH196,3.158003807067871,1.9968654475511407,2.322538137435913
TALAZOPARIB,2,NCIH2342,2.6262590885162354,2.1763077224220253,2.623161554336548
TALAZOPARIB,2,NCIH2405,2.5958709716796875,0.8894111032133956,0.46719658374786377
TALAZOPARIB,2,NCIH441,3.0426979064941406,1.7252754703551045,1.8675377368927002
TALAZOPARIB,2,NCIH446,0.07737557590007782,2.0923157885130568,2.482448101043701
TALAZOPARIB,2,NCIH647,1.5296859741210938,1.4097187160541456,1.338878870010376
TALAZOPARIB,2,P12ICHIKAWA,0.570285975933075,1.0989867002537645,0.8183029890060425
TALAZOPARIB,2,RCHACV,-1.4487395286560059,1.617857529379395,1.6875782012939453
TALAZOPARIB,2,RERFLCMS,0.030745375901460648,1.6428386527344652,1.7294296026229858
TALAZOPARIB,2,SHP77,3.2973310947418213,1.7175604427437676,1.8546125888824463
TALAZOPARIB,2,SUDHL6,3.2503299713134766,1.2777375514241829,1.1177680492401123
TALAZOPARIB,2,SUDHL8,0.05241861194372177,1.6140729505632272,1.681237816810608
TALAZOPARIB,2,THP1,1.2680134773254395,1.2342396929346835,1.0448951721191406
TALAZOPARIB,2,WSUDLCL2,2.432223081588745,1.642933788423209,1.7295889854431152
TALAZOPARIB,3,697,-3.487809896469116,0.8221816464123705,0.9137496948242188
TALAZOPARIB,3,A3KAW,0.06309341639280319,1.783204993279398,1.9003863334655762
TALAZOPARIB,3,ABC1,3.5319631099700928,1.410897604957638,1.5181561708450317
TALAZOPARIB,3,BEN,3.5470709800720215,2.3476884171162578,2.479914426803589
TALAZOPARIB,3,CHAGOK1,3.5998730659484863,1.7864147489369104,1.9036816358566284
TALAZOPARIB,3,COLO668,0.15642857551574707,2.177539900213767,2.3052310943603516
TALAZOPARIB,3,DB,2.3551089763641357,1.3911158586625032,1.4978471994400024
TALAZOPARIB,3,DMS114,2.842599391937256,0.9832387391309363,1.0790992975234985
TALAZOPARIB,3,EHEB,2.5159659385681152,0.4613929997560846,0.5433452725410461
TALAZOPARIB,3,EPLC272H,3.066314458847046,1.293578208285259,1.3977099657058716
TALAZOPARIB,3,GA10,1.706460952758789,1.348998077284694,1.4546068906784058
TALAZOPARIB,3,HARA,0.837272047996521,1.5351209430214858,1.6456903219223022
TALAZOPARIB,3,HCC78,0.3043714165687561,1.9178296442357912,2.0385990142822266
TALAZOPARIB,3,KARPAS422,4.532739639282227,1.9057929734341765,2.0262415409088135
TALAZOPARIB,3,KCL22,2.1967079639434814,1.4758562876626995,1.5848461389541626
TALAZOPARIB,3,KMH2,1.5121829509735107,1.1158585555475684,1.2152537107467651
TALAZOPARIB,3,KMS12BM,2.0370676517486572,0.6498816422408409,0.736857533454895
TALAZOPARIB,3,KNS62,2.842182159423828,0.7161984012100655,0.8049417734146118
TALAZOPARIB,3,L540,-0.003315499983727932,1.5143105375587533,1.6243252754211426
TALAZOPARIB,3,LOUCY,4.058650970458984,0.8196778094149113,0.9111791253089905
TALAZOPARIB,3,LXF289,0.05645279958844185,2.737709666970116,2.8803305625915527
TALAZOPARIB,3,MM1S,1.3309040069580078,1.3592175547266854,1.4650987386703491
TALAZOPARIB,3,NCIH1436,4.505195617675781,1.5620291062657274,1.6733156442642212
TALAZOPARIB,3,NCIH146,2.6126549243927,1.2318591226877686,1.3343459367752075
TALAZOPARIB,3,NCIH2023,0.5544417500495911,1.8943877337820592,2.0145323276519775
TALAZOPARIB,3,NCIH2170,0.03958946466445923,0.8586197405959758,0.9511589407920837
TALAZOPARIB,3,NCIH2227,0.8975080251693726,0.8357168921340681,0.9276456832885742
TALAZOPARIB,3,NCIH661,1.3283476829528809,0.9341013662283559,1.028652310371399
TALAZOPARIB,3,OCIAML3,1.6610629558563232,0.803643835737788,0.894717812538147
TALAZOPARIB,3,OCIM1,0.06610697507858276,0.4337808337425525,0.5149971842765808
TALAZOPARIB,3,RERFLCKJ,3.201093912124634,1.4027593654567259,1.5098010301589966
TALAZOPARIB,3,RPMI8226,3.203223466873169,1.9256209333367957,2.046597957611084
TALAZOPARIB,3,RPMI8402,0.029776999726891518,1.2934129772213137,1.3975403308868408
TALAZOPARIB,3,RS411,-0.05602499842643738,1.0904770669545938,1.1891957521438599
TALAZOPARIB,3,SBC5,0.23888938128948212,1.4323704441658436,1.5402013063430786
TALAZOPARIB,3,SIGM5,3.125432014465332,0.7758700962699482,0.8662038445472717
TALAZOPARIB,3,SKM1,2.254518508911133,1.7752405773222146,1.8922096490859985
TALAZOPARIB,3,SKMM2,4.8356733322143555,2.319439594796604,2.4509127140045166
TALAZOPARIB,3,ST486,3.9090890884399414,0.42925073906316963,0.5103463530540466
TALAZOPARIB,3,SUDHL1,-1.5678625106811523,0.9943610075231557,1.0905179977416992
TALAZOPARIB,3,SUDHL10,3.468886613845825,1.3432002434934665,1.4486545324325562
TALAZOPARIB,4,A549,1.1807485818862915,1.8597080778668698,2.0653316974639893
TALAZOPARIB,4,CMLT1,-1.6955139636993408,1.5352874054350698,1.4247820377349854
TALAZOPARIB,4,CORL23,0.5976388454437256,1.499105696400641,1.3533433675765991
TALAZOPARIB,4,CORL88,4.287561893463135,1.6939979745240943,1.7381467819213867
TALAZOPARIB,4,DMS79,0.7354220151901245,2.0347802363838423,2.411001443862915
TALAZOPARIB,4,EJM,4.647781848907471,1.458152818104331,1.272484302520752
TALAZOPARIB,4,HCC15,1.7819530963897705,1.8230543476579952,1.992961049079895
TALAZOPARIB,4,HCC44,0.13081815838813782,1.6452974404119267,1.6419904232025146
TALAZOPARIB,4,JEKO1,0.9410549998283386,0.9245083827482531,0.2188345491886139
TALAZOPARIB,4,JM1,0.05593499913811684,1.7458868552952698,1.8405983448028564
TALAZOPARIB,4,JVM3,0.07678113877773285,1.3886200780532154,1.1351959705352783
TALAZOPARIB,4,K562,3.606635093688965,1.2789903527946795,0.9187384843826294
TALAZOPARIB,4,LP1,4.301325798034668,1.5737538104610813,1.5007317066192627
TALAZOPARIB,4,MOLT13,1.7172679901123047,1.0295970928401992,0.42632606625556946
TALAZOPARIB,4,NALM6,0.022734493017196655,1.2842631577597943,0.929149329662323
TALAZOPARIB,4,NCIH1435,5.13666296005249,1.9543452441567246,2.2521872520446777
TALAZOPARIB,4,NCIH1648,1.5593922138214111,1.8088765052060665,1.9649677276611328
TALAZOPARIB,4,NCIH1651,0.002497681649401784,1.6404832832917435,1.6324851512908936
TALAZOPARIB,4,NCIH1792,0.007193789351731539,1.8855023626294276,2.1162610054016113
TALAZOPARIB,4,NCIH2009,0.0333387590944767,1.925629958573026,2.195490598678589
TALAZOPARIB,4,NCIH2066,5.04068660736084,1.654151188312185,1.6594716310501099
TALAZOPARIB,4,NCIH2081,2.5355589389801025,1.379979397782097,1.1181354522705078
TALAZOPARIB,4,NCIH211,0.05184505134820938,1.6004521081482972,1.5534459352493286
TALAZOPARIB,4,NCIH2172,3.818892478942871,1.8193592031301855,1.985665202140808
TALAZOPARIB,4,NCIH2228,0.3339781165122986,1.3694032374918947,1.097253441810608
TALAZOPARIB,4,NCIH23,0.04132883623242378,1.8229476629029113,1.9927504062652588
TALAZOPARIB,4,NCIH460,0.006235490553081036,1.5539298871536555,1.4615905284881592
TALAZOPARIB,4,NCIH596,0.04298308491706848,1.2432368921857229,0.8481453657150269
TALAZOPARIB,4,NCIH650,1.6388217210769653,1.8153088653855347,1.977668046951294
TALAZOPARIB,4,NCIH69,2.781569004058838,1.7418094690105637,1.8325477838516235
TALAZOPARIB,4,NCIH82,2.840585947036743,1.4763575723331843,1.3084285259246826
TALAZOPARIB,4,NCIH841,1.462195873260498,1.593040385539732,1.5388119220733643
TALAZOPARIB,4,NCIH929,1.8299365043640137,1.900889238596101,2.146641492843628
TALAZOPARIB,4,OPM2,3.596977472305298,1.6149189714958603,1.5820099115371704
TALAZOPARIB,4,PF382,2.4590320587158203,1.2918887932643763,0.9442057013511658
TALAZOPARIB,4,PL21,1.4663599729537964,1.335111484817618,1.0295463800430298
TALAZOPARIB,4,REH,0.6687840223312378,1.0274756541082353,0.42213740944862366
TALAZOPARIB,4,SKLU1,0.026547173038125038,1.7288482070990647,1.8069565296173096
TALAZOPARIB,4,SUDHL4,2.7644848823547363,1.5792313813270829,1.5115468502044678
TALAZOPARIB,4,SUPB15,-0.08675098419189453,1.292694151469279,0.9457958340644836
TALAZOPARIB,5,CA46,3.791032552719116,1.796906687893733,1.900841236114502
TALAZOPARIB,5,CALU3,3.1884210109710693,1.7125881400853356,1.7665208578109741
TALAZOPARIB,5,CMK,0.5257120132446289,1.206994218640085,0.961104154586792
TALAZOPARIB,5,CORL105,4.641374111175537,1.2412365315164675,1.0156525373458862
TALAZOPARIB,5,DAUDI,1.3118289709091187,1.0511713592711618,0.7128766179084778
TALAZOPARIB,5,DOHH2,-2.4028873443603516,1.958900287651749,2.1588988304138184
TALAZOPARIB,5,EBC1,2.1148650646209717,1.7061963813694176,1.7563387155532837
TALAZOPARIB,5,HCC366,0.8469054102897644,1.4044650201958557,1.2756773233413696
TALAZOPARIB,5,HDLM2,3.390498399734497,1.7896301823763738,1.8892496824264526
TALAZOPARIB,5,HEL,0.21559879183769226,1.330373331232536,1.1576484441757202
TALAZOPARIB,5,HT,0.022073131054639816,2.0036851036266548,2.230241537094116
TALAZOPARIB,5,JURKAT,0.5473105907440186,1.1626268193663924,0.8904263973236084
TALAZOPARIB,5,JURLMK1,0.44374561309814453,1.5500356898567822,1.5075730085372925
TALAZOPARIB,5,KMS11,3.254318952560425,1.3866079217447427,1.2472307682037354
TALAZOPARIB,5,KU812,1.2809665203094482,1.6103760503096023,1.6036958694458008
TALAZOPARIB,5,LCLC97TM1,3.4009764194488525,1.2506476392930765,1.0306445360183716
TALAZOPARIB,5,LU65,4.223133563995361,1.2042187867069671,0.9566828608512878
TALAZOPARIB,5,MEG01,1.8993430137634277,1.2598506373805365,1.0453050136566162
TALAZOPARIB,5,MOLM16,1.7782779932022095,1.9813418607113955,2.194648504257202
TALAZOPARIB,5,NB4,0.03655274957418442,1.4985162318161995,1.4255019426345825
TALAZOPARIB,5,NCIH1048,0.0030440804548561573,1.6144825685770376,1.6102375984191895
TALAZOPARIB,5,NCIH1437,0.09325682371854782,1.056150276947478,0.7208080887794495
TALAZOPARIB,5,NCIH1793,4.036348819732666,1.1045122447960614,0.7978492379188538
TALAZOPARIB,5,NCIH2085,4.397261142730713,1.6605156685234257,1.6835688352584839
TALAZOPARIB,5,NCIH2122,0.2159220278263092,1.7244019756214533,1.785340428352356
TALAZOPARIB,5,NCIH2291,3.471540927886963,1.1168919276585005,0.8175702095031738
TALAZOPARIB,5,NCIH2444,2.795137882232666,1.2516968683299545,1.032315969467163
TALAZOPARIB,5,NCIH524,3.966315507888794,0.960107168992806,0.5678103566169739
TALAZOPARIB,5,NCIH526,2.1468119621276855,1.5730800401714071,1.5442829132080078
TALAZOPARIB,5,NCIH727,6.02353572845459,1.813874549582474,1.9278712272644043
TALAZOPARIB,5,NCIH810,2.777463436126709,1.2834697775270034,1.082930564880371
TALAZOPARIB,5,NOMO1,1.0219253301620483,1.6983642431868549,1.7438620328903198
TALAZOPARIB,5,NUDUL1,0.19995750486850739,1.9465168257388594,2.139171838760376
TALAZOPARIB,5,OCIAML5,0.9817959666252136,1.2239315860108366,0.9880855679512024
TALAZOPARIB,5,OCILY19,0.049830250442028046,2.1928274018189473,2.5315473079681396
TALAZOPARIB,5,P31FUJ,4.525211811065674,1.649103010996487,1.6653883457183838
TALAZOPARIB,5,RAJI,-0.3266400098800659,1.3058798460274512,1.118630051612854
TALAZOPARIB,5,SKMES1,1.1308526992797852,1.961961992010555,2.163776159286499
TALAZOPARIB,5,SUPM2,-3.5092239379882812,1.2581162403055977,1.0425420999526978
TALAZOPARIB,5,SUPT1,1.4932700395584106,1.5413107229431027,1.4936740398406982
TRAMETINIB,1,ALLSIL,1.4398829936981201,0.028892279848590205,0.07925772666931152
TRAMETINIB,1,AMO1,-0.18100300431251526,1.334065115214862,1.4087711572647095
TRAMETINIB,1,CAL12T,-0.10257799923419952,0.030531591516969075,0.08092761039733887
TRAMETINIB,1,CMK,0.7234309911727905,-0.9066646915082266,-0.8737467527389526
TRAMETINIB,1,CORL105,-0.8996325135231018,-0.04920079758829702,-0.0002917341189458966
TRAMETINIB,1,CORL88,2.871870517730713,1.8737958431322448,1.958567500114441
TRAMETINIB,1,CORL95,2.869374990463257,1.105840701790811,1.176290512084961
TRAMETINIB,1,DMS273,1.916787028312683,1.8752041438616331,1.960002064704895
TRAMETINIB,1,EHEB,0.02681400068104267,-0.045873227670572,0.003097892738878727
TRAMETINIB,1,EJM,2.0401198863983154,1.366891254727422,1.4422094821929932
TRAMETINIB,1,EM2,-0.9754350185394287,-0.3473434986954894,-0.3039945960044861
TRAMETINIB,1,HCC15,-2.9562854766845703,0.5176394552594816,0.5771197080612183
TRAMETINIB,1,HCC827,1.1258745193481445,-0.27299776545869103,-0.22826236486434937
TRAMETINIB,1,JURLMK1,-4.589414119720459,-1.1210437791060188,-1.0921238660812378
TRAMETINIB,1,KMH2,-0.9593870043754578,0.2298959042949194,0.2840099334716797
TRAMETINIB,1,L540,2.5551459789276123,-0.028365021864494272,0.02093261480331421
TRAMETINIB,1,MEG01,-3.1895859241485596,-0.7956424023887225,-0.7606539726257324
TRAMETINIB,1,MOLT16,0.46248599886894226,0.5684284506808303,0.6288558840751648
TRAMETINIB,1,NCIH1341,0.8696050047874451,0.9370290485295899,1.0043306350708008
TRAMETINIB,1,NCIH1435,2.067578077316284,0.4638419929110307,0.522318959236145
TRAMETINIB,1,NCIH1623,-0.23491400480270386,-0.14687781727540386,-0.09979036450386047
TRAMETINIB,1,NCIH1793,0.09792724251747131,0.04135162781101932,0.09194943308830261
TRAMETINIB,1,NCIH1836,3.161149501800537,1.5975934769717606,1.6772141456604004
TRAMETINIB,1,NCIH1876,1.9129395484924316,2.08870634951117,2.177485942840576
TRAMETINIB,1,NCIH1944,-0.18420150876045227,0.6248199294799726,0.6862990260124207
TRAMETINIB,1,NCIH2009,-0.9528569579124451,0.1616840000752863,0.21452592313289642
TRAMETINIB,1,NCIH2030,-0.2472483366727829,-0.5268179334638972,-0.4868161082267761
TRAMETINIB,1,NCIH2081,2.78597354888916,1.312115448179396,1.3864121437072754
TRAMETINIB,1,NCIH2087,-0.8508210778236389,-0.2722169625281211,-0.22746700048446655
TRAMETINIB,1,NCIH209,1.4042270183563232,2.4668988749678085,2.5627315044403076
TRAMETINIB,1,NCIH2171,2.1262340545654297,2.2068570932034866,2.297840118408203
TRAMETINIB,1,NCIH2444,0.31387901306152344,0.2958239277602604,0.3511674702167511
TRAMETINIB,1,NCIH441,0.8095871806144714,0.028936925579707173,0.07930320501327515
TRAMETINIB,1,NCIH460,-0.1341586858034134,0.06954508518763695,0.1206686794757843
TRAMETINIB,1,NCIH650,0.3148573338985443,0.05394775086713903,0.10478046536445618
TRAMETINIB,1,RAJI,1.6792620420455933,0.35504011212533493,0.41148799657821655
TRAMETINIB,1,REH,1.4273960590362549,1.342140901880445,1.4169975519180298
TRAMETINIB,1,SKLU1,-0.21268145740032196,-0.336877556296399,-0.2933334708213806
TRAMETINIB,1,SKMES1,-1.1702419519424438,-0.1625643260313176,-0.1157694160938263
TRAMETINIB,1,SUDHL4,1.260285496711731,1.2767265383765856,1.3503632545471191
TRAMETINIB,1,SUDHL8,0.910259485244751,0.29164255954844026,0.3469081223011017
TRAMETINIB,2,ABC1,2.6966331005096436,-1.4674599374749724,-1.3285331726074219
TRAMETINIB,2,CORL23,0.11571499705314636,-0.872221881832284,-0.7847161889076233
TRAMETINIB,2,CORL279,1.925971508026123,0.8966033173714516,0.8313047885894775
TRAMETINIB,2,DMS79,2.6327950954437256,2.2779020863049992,2.0932767391204834
TRAMETINIB,2,GA10,1.5566380023956299,0.6411385650416377,0.5979089736938477
TRAMETINIB,2,HARA,-0.10663184523582458,-1.18331019283609,-1.0689303874969482
TRAMETINIB,2,HCC78,0.5355073809623718,-1.0477617956249603,-0.9450916647911072
TRAMETINIB,2,HEL,1.635174036026001,-0.8711364085288855,-0.7837244868278503
TRAMETINIB,2,HH,2.775484085083008,-0.05616050958439274,-0.03915224224328995
TRAMETINIB,2,HL60,-3.320143938064575,-0.34037653053004807,-0.2988155782222748
TRAMETINIB,2,IALM,0.9863874912261963,-0.7449985129226431,-0.668483316898346
TRAMETINIB,2,JEKO1,2.258939027786255,1.1923471016601452,1.1015000343322754
TRAMETINIB,2,K562,0.02950969710946083,0.580419714566021,0.5424354672431946
TRAMETINIB,2,KG1,0.24519449472427368,-0.4935340865820007,-0.4387422502040863
TRAMETINIB,2,KMS11,0.6786580085754395,0.13538241257595993,0.13584378361701965
TRAMETINIB,2,L363,1.5119119882583618,1.0096545986052503,0.9345898628234863
TRAMETINIB,2,LOUNH91,0.8181126713752747,-0.8856084725389641,-0.7969463467597961
TRAMETINIB,2,MHHCALL2,1.5755754709243774,-0.04643313432674608,-0.030265189707279205
TRAMETINIB,2,MOLT13,-3.0445475578308105,-0.4574426537892011,-0.40576866269111633
TRAMETINIB,2,NB4,-5.629967212677002,-0.6925410159111482,-0.6205574870109558
TRAMETINIB,2,NCIH1092,2.5834219455718994,2.057173393052508,1.8916162252426147
TRAMETINIB,2,NCIH1105,2.267302989959717,2.619874585409691,2.4057071208953857
TRAMETINIB,2,NCIH146,2.1562209129333496,1.1655937533928504,1.0770578384399414
TRAMETINIB,2,NCIH1650,2.705922842025757,-0.04427083210104647,-0.028289683163166046
TRAMETINIB,2,NCIH1781,0.327505499124527,-0.4424359429633182,-0.3920583426952362
TRAMETINIB,2,NCIH1792,-1.1644765138626099,-0.5656244083593975,-0.5046048760414124
TRAMETINIB,2,NCIH2023,0.42911800742149353,0.6645532902275455,0.6193009614944458
TRAMETINIB,2,NCIH2110,-0.2231750339269638,-0.4381588336774962,-0.38815072178840637
TRAMETINIB,2,NCIH2172,1.0321489572525024,-1.2114037137562528,-1.0945969820022583
TRAMETINIB,2,NCIH2196,2.796905040740967,1.8976214741316584,1.7458475828170776
TRAMETINIB,2,NCIH2342,1.9375834465026855,0.7851919241623087,0.729517936706543
TRAMETINIB,2,NCIH2347,0.028167661279439926,-0.923337770897446,-0.8314163088798523
TRAMETINIB,2,NCIH2405,-2.028916597366333,-0.2530806119209136,-0.21906092762947083
TRAMETINIB,2,OCIAML5,-2.6397149562835693,-0.5940986082509108,-0.5306192636489868
TRAMETINIB,2,P31FUJ,-1.2861089706420898,0.4291349881440727,0.4042198359966278
TRAMETINIB,2,RPMI8402,1.668995976448059,0.4767591670316566,0.4477298855781555
TRAMETINIB,2,SBC5,0.7819769978523254,0.2111322923156035,0.20504982769489288
TRAMETINIB,2,SKM1,-4.869623184204102,-0.6072843883536805,-0.542665958404541
TRAMETINIB,2,SUPM2,0.18683350086212158,-0.26349901574146434,-0.2285793125629425
TRAMETINIB,2,SW1271,0.34471380710601807,-0.8914357640078643,-0.802270233631134
TRAMETINIB,2,THP1,0.7297620177268982,-0.6498414267637425,-0.5815466046333313
TRAMETINIB,3,697,0.5100989937782288,0.9022485439884194,0.9142012000083923
TRAMETINIB,3,A3KAW,-0.0835125744342804,0.8707869404227779,0.8812912702560425
TRAMETINIB,3,A549,-1.5725111961364746,-0.6267770586040484,-0.6852126717567444
TRAMETINIB,3,BEN,2.7813880443573,0.6220896302190875,0.6211452484130859
TRAMETINIB,3,CMLT1,-0.5171459913253784,0.5070744905354236,0.5008354187011719
TRAMETINIB,3,DAUDI,1.9145410060882568,0.334692895735495,0.32051828503608704
TRAMETINIB,3,DB,1.4635499715805054,0.9856705667664019,1.001463532447815
TRAMETINIB,3,DMS114,1.0139034986495972,1.4370415582006344,1.4736132621765137
TRAMETINIB,3,EBC1,-1.8755230903625488,-1.6952541697362289,-1.8028768301010132
TRAMETINIB,3,HCC33,2.858551025390625,1.7375277732520562,1.787932276725769
TRAMETINIB,3,HCC366,1.7084790468215942,-0.22616557243154722,-0.26615914702415466
TRAMETINIB,3,HDLM2,2.1646006107330322,0.533507532253074,0.5284852981567383
TRAMETINIB,3,HT,0.9143319725990295,1.1915885476193444,1.2168608903884888
TRAMETINIB,3,JVM2,0.6348974704742432,0.8463997630728857,0.8557814359664917
TRAMETINIB,3,KARPAS422,2.1994595527648926,0.5328346945064584,0.5277814865112305
TRAMETINIB,3,KCL22,-1.1205699443817139,-0.5587822685798305,-0.6140877604484558
TRAMETINIB,3,KMS12BM,1.7688440084457397,0.46093798117812507,0.45257502794265747
TRAMETINIB,3,KOPN8,0.02559487521648407,-0.09192015386647816,-0.12573377788066864
TRAMETINIB,3,LCLC103H,3.352705717086792,-0.29485029465732515,-0.33800575137138367
TRAMETINIB,3,MOLM13,-2.907633066177368,-2.3272148579473004,-2.4639296531677246
TRAMETINIB,3,MONOMAC6,-0.8785495162010193,-1.5986789325642323,-1.7018557786941528
TRAMETINIB,3,NAMALWA,2.061216115951538,1.3792401916598231,1.4131510257720947
TRAMETINIB,3,NCIH1048,0.9158180952072144,1.0147052705635724,1.0318348407745361
TRAMETINIB,3,NCIH1651,1.6300605535507202,0.49402119323056026,0.4871812164783478
TRAMETINIB,3,NCIH2227,0.571707010269165,1.4112855708618195,1.4466716051101685
TRAMETINIB,3,NCIH23,0.26336121559143066,-0.18878628168011363,-0.22705911099910736
TRAMETINIB,3,NCIH69,2.8642029762268066,0.6205334080224565,0.6195173859596252
TRAMETINIB,3,NCIH838,0.14695000648498535,0.4995932732735119,0.4930098056793213
TRAMETINIB,3,NCIH841,1.1651500463485718,0.7521359241354517,0.7571781873703003
TRAMETINIB,3,NCIH929,-3.8262484073638916,0.05642225148538414,0.029437528923153877
TRAMETINIB,3,OCIAML2,-6.6227498054504395,-0.8850248128591662,-0.955348789691925
TRAMETINIB,3,OCIAML3,-5.920936107635498,-0.07312878936115202,-0.10607735812664032
TRAMETINIB,3,PL21,-2.008626937866211,0.6294531236679481,0.6288477182388306
TRAMETINIB,3,RERFLCMS,-1.860748052597046,-0.6216955609272456,-0.6798972487449646
TRAMETINIB,3,SHP77,1.4450269937515259,1.5109656169038692,1.5509403944015503
TRAMETINIB,3,SKMM2,3.320274591445923,0.8670323713202841,0.8773638606071472
TRAMETINIB,3,SUDHL1,-0.5083431005477905,-0.5138163874971313,-0.567051887512207
TRAMETINIB,3,SUDHL10,1.0030659437179565,1.3154597545945899,1.346434473991394
TRAMETINIB,3,SUDHL5,0.4595760107040405,1.3976773590586993,1.4324369430541992
TRAMETINIB,3,SUDHL6,1.024625539779663,-0.371617674051479,-0.4183070957660675
TRAMETINIB,3,SUPT1,2.7225794792175293,0.09405831341479087,0.06880615651607513
TRAMETINIB,4,BL41,1.1942775249481201,1.3921538074418278,1.4912561178207397
TRAMETINIB,4,BV173,-1.8400330543518066,0.044977897493994105,0.008549016900360584
TRAMETINIB,4,CHAGOK1,2.6126580238342285,0.6298758359347774,0.6522899866104126
TRAMETINIB,4,CORL311,3.006347894668579,2.0972365445006207,2.26727294921875
TRAMETINIB,4,DOHH2,0.8057878613471985,1.3481043667426365,1.4427751302719116
TRAMETINIB,4,EPLC272H,-2.8177719116210938,0.6464071570855239,0.6704844236373901
TRAMETINIB,4,GDM1,0.5748664736747742,-1.1651449380636993,-1.3233169317245483
TRAMETINIB,4,GRANTA519,2.0604214668273926,1.3099405252205867,1.4007718563079834
TRAMETINIB,4,JM1,1.381173014640808,1.4625700045938417,1.5687564611434937
TRAMETINIB,4,JVM3,-0.240665003657341,0.9484512891113226,1.002915382385254
TRAMETINIB,4,L1236,2.1967239379882812,1.511133481828607,1.6222056150436401
TRAMETINIB,4,LAMA84,0.015316503122448921,-2.794400728638264,-3.1164822578430176
TRAMETINIB,4,LCLC97TM1,-3.390101909637451,-0.9065723989369845,-1.0387309789657593
TRAMETINIB,4,LOUCY,0.7244064807891846,0.48949071857368187,0.49778157472610474
TRAMETINIB,4,LP1,1.9423409700393677,0.1833648933534723,0.16085828840732574
TRAMETINIB,4,LU65,-1.7520450353622437,0.6322257864260867,0.6548763513565063
TRAMETINIB,4,NALM6,0.930571973323822,0.8476767990248424,0.8920025825500488
TRAMETINIB,4,NCIH1155,1.8234765529632568,1.2462860679870584,1.3307135105133057
TRAMETINIB,4,NCIH1648,-0.49318113923072815,-0.5180597611475024,-0.6111324429512024
TRAMETINIB,4,NCIH196,2.7592859268188477,-0.5472842376299485,-0.643297016620636
TRAMETINIB,4,NCIH1975,-0.8305590152740479,0.27869349286178213,0.2657773196697235
TRAMETINIB,4,NCIH2066,2.3952784538269043,1.5423603336213794,1.656574010848999
TRAMETINIB,4,NCIH2085,1.2440979480743408,0.4243539219717706,0.4260917603969574
TRAMETINIB,4,NCIH211,0.6974939703941345,1.7125165270756506,1.8438485860824585
TRAMETINIB,4,NCIH2122,-1.9659115076065063,0.23965566331160798,0.22281213104724884
TRAMETINIB,4,NCIH2228,0.27340176701545715,-0.32302990063581316,-0.39648181200027466
TRAMETINIB,4,NCIH292,-1.8810019493103027,-0.5613510135428974,-0.658778965473175
TRAMETINIB,4,NCIH358,-1.0874302387237549,0.921715565736088,0.9734899401664734
TRAMETINIB,4,NCIH526,2.57206392288208,2.126670064329685,2.2996675968170166
TRAMETINIB,4,NCIH596,0.3021567165851593,0.3429249313944994,0.33647069334983826
TRAMETINIB,4,NCIH727,-3.8684890270233154,0.43139792456449816,0.4338444173336029
TRAMETINIB,4,NOMO1,-2.000136375427246,-2.825708923204772,-3.150940179824829
TRAMETINIB,4,NUDUL1,1.2304054498672485,1.1634119705027515,1.239501953125
TRAMETINIB,4,OCILY19,-0.2090969979763031,0.24518314036689745,0.22889569401741028
TRAMETINIB,4,PF382,0.8938300013542175,0.8610146851963059,0.9066823124885559
TRAMETINIB,4,RERFLCKJ,1.4702785015106201,0.35529320303802225,0.35008326172828674
TRAMETINIB,4,RPMI8226,-0.11123800277709961,1.4105087880884342,1.5114576816558838
TRAMETINIB,4,RS411,1.620023488998413,-0.12789593816219727,-0.18171660602092743
TRAMETINIB,4,ST486,1.4234035015106201,1.4037883152761979,1.5040611028671265
TRAMETINIB,4,SW1573,0.8184935450553894,0.12192204432396435,0.09323404729366302
TRAMETINIB,5,A4FUK,-2.676455020904541,1.045024568866586,0.937126636505127
TRAMETINIB,5,CA46,2.072065591812134,1.6337746374355537,1.4322675466537476
TRAMETINIB,5,CALU3,-0.34349700808525085,-0.7139900464057969,-0.5422109365463257
TRAMETINIB,5,CALU6,-1.692241907119751,-1.1964850456218716,-0.9479909539222717
TRAMETINIB,5,COLO668,2.688408136367798,2.4846924611769152,2.147892475128174
TRAMETINIB,5,DMS53,0.3388589918613434,0.8517943601089294,0.7746193408966064
TRAMETINIB,5,DND41,-0.797540009021759,0.8178404809628663,0.7460640072822571
TRAMETINIB,5,HCC44,-2.292491912841797,0.3788059069996922,0.37683436274528503
TRAMETINIB,5,JURKAT,1.7511789798736572,1.2839490209736681,1.1380629539489746
TRAMETINIB,5,KNS62,-0.7239575386047363,-0.7520834186611052,-0.5742475986480713
TRAMETINIB,5,KU812,-5.543590068817139,-0.011069293777240405,0.04894792661070824
TRAMETINIB,5,L428,2.424406051635742,0.6808900712466548,0.6308882236480713
TRAMETINIB,5,LXF289,0.24665190279483795,0.728557496366322,0.6709766983985901
TRAMETINIB,5,ME1,0.11574850231409073,-1.9843413520921673,-1.6105809211730957
TRAMETINIB,5,MM1S,0.7378460168838501,1.1842530570153564,1.0542182922363281
TRAMETINIB,5,MOLM16,-0.6397429704666138,-0.9227487938440047,-0.7177777886390686
TRAMETINIB,5,MOLP8,-0.46449801325798035,-1.2978943700663579,-1.0332765579223633
TRAMETINIB,5,NCIH1436,2.515549421310425,2.953604250300837,2.5422489643096924
TRAMETINIB,5,NCIH1437,-3.142927885055542,0.020863568593694384,0.07580357789993286
TRAMETINIB,5,NCIH1568,1.7242792844772339,1.425698611882075,1.257274866104126
TRAMETINIB,5,NCIH1915,-1.056755542755127,0.9890072842921851,0.8900159001350403
TRAMETINIB,5,NCIH1963,1.759634017944336,2.3164748349541404,2.006420850753784
TRAMETINIB,5,NCIH2029,2.0424070358276367,2.100482694151735,1.8247706890106201
TRAMETINIB,5,NCIH2170,3.9143259525299072,0.1355044301320963,0.17221695184707642
TRAMETINIB,5,NCIH2291,-4.616305351257324,0.05553039705974398,0.10495850443840027
TRAMETINIB,5,NCIH446,1.5607404708862305,1.7703392841268948,1.547118902206421
TRAMETINIB,5,NCIH522,1.3312009572982788,1.2402803347160676,1.1013374328613281
TRAMETINIB,5,NCIH524,2.288459062576294,2.4064469908999118,2.082087755203247
TRAMETINIB,5,NCIH647,0.7658380270004272,0.2793257166091223,0.2931711673736572
TRAMETINIB,5,NCIH661,1.1344624757766724,0.9155690038830723,0.8282540440559387
TRAMETINIB,5,NCIH810,2.5014915466308594,2.016209171639319,1.7538963556289673
TRAMETINIB,5,NCIH82,2.6035335063934326,1.6712393640853866,1.4637755155563354
TRAMETINIB,5,OCIM1,0.19099299609661102,-1.3740955727171682,-1.0973620414733887
TRAMETINIB,5,OPM2,0.5325915217399597,0.9838564301017523,0.8856840133666992
TRAMETINIB,5,P12ICHIKAWA,0.5016869902610779,1.0138515428909898,0.9109100103378296
TRAMETINIB,5,RCHACV,1.4267610311508179,0.7485415519165263,0.6877833604812622
TRAMETINIB,5,RL,1.7791515588760376,1.3601336392871974,1.2021344900131226
TRAMETINIB,5,SIGM5,1.7017990350723267,-2.419535907805841,-1.97658109664917
TRAMETINIB,5,SUPB15,-0.3954159915447235,0.7484224140064017,0.6876831650733948
TRAMETINIB,5,WSUDLCL2,0.02573252283036709,1.3109418017291794,1.1607639789581299
