drug,fold,cell_line,y_true,y_pred,y_pred_raw
AFATINIB,1,A4FUK,1.5269980430603027,1.528797805239766,1.284743309020996
AFATINIB,1,A549,0.9805520176887512,1.6511934247727185,1.5811623334884644
AFATINIB,1,BEN,3.902554988861084,1.6723533491086209,1.6324076652526855
AFATINIB,1,BL41,1.0581289529800415,1.5887149994546195,1.4298514127731323
AFATINIB,1,BV173,0.5762389898300171,1.6096079371185248,1.48045015335083
AFATINIB,1,COLO668,2.21626353263855,1.7225067265307152,1.753869652748108
AFATINIB,1,DAUDI,1.4660580158233643,1.3726458951607383,0.9065729379653931
AFATINIB,1,DMS114,2.2151501178741455,1.9059923816195363,2.198237180709839
AFATINIB,1,DND41,0.9454920291900635,1.4588377970977733,1.1153134107589722
AFATINIB,1,EBC1,2.749345541000366,1.6947095942550332,1.686550259590149
AFATINIB,1,EHEB,4.0397138595581055,1.4894394707863765,1.1894248723983765
AFATINIB,1,JURLMK1,1.0824209451675415,1.6434321556895544,1.562366008758545
AFATINIB,1,KMS11,1.413856029510498,1.5960836150196203,1.4476968050003052
AFATINIB,1,KMS12BM,1.1434085369110107,1.5010190332201043,1.2174683809280396
AFATINIB,1,MOLM16,-0.07336200028657913,1.2425095080101243,0.5914072394371033
AFATINIB,1,MOLT16,0.6481480002403259,1.3191159534431132,0.7769335508346558
AFATINIB,1,NCIH1048,2.1855850219726562,1.7833635425342385,1.901253342628479
AFATINIB,1,NCIH1092,3.132601022720337,2.159451138223276,2.8120663166046143
AFATINIB,1,NCIH1435,1.5311750173568726,1.7416586886043086,1.800252079963684
AFATINIB,1,NCIH1437,3.9053006172180176,1.6054190914695115,1.4703055620193481
AFATINIB,1,NCIH1568,-0.0998539999127388,1.8350720779421485,2.0264816284179688
AFATINIB,1,NCIH1650,0.9016550183296204,1.8280629886773438,2.009506940841675
AFATINIB,1,NCIH1876,1.5338480472564697,1.9508807956523535,2.30694842338562
AFATINIB,1,NCIH1944,2.333141565322876,1.784891627756485,1.9049540758132935
AFATINIB,1,NCIH1963,1.4693634510040283,1.9315687597112574,2.260178327560425
AFATINIB,1,NCIH2066,2.9686830043792725,1.6790101478845831,1.6485291719436646
AFATINIB,1,NCIH2087,2.359395980834961,1.7850410201881795,1.90531587600708
AFATINIB,1,NCIH209,0.7475870251655579,1.8021652814936622,1.9467875957489014
AFATINIB,1,NCIH2171,1.0782849788665771,1.9725976805696792,2.3595426082611084
AFATINIB,1,NCIH2196,1.4083759784698486,1.8609726400718065,2.089207887649536
AFATINIB,1,NCIH2405,4.612391948699951,1.7045786994864724,1.710451364517212
AFATINIB,1,NCIH460,2.8672103881835938,1.6954591160202424,1.6883654594421387
AFATINIB,1,NCIH596,2.1247119903564453,1.5752051489784225,1.3971331119537354
AFATINIB,1,NCIH650,2.392672061920166,1.710538940667408,1.7248859405517578
AFATINIB,1,P31FUJ,1.1600979566574097,1.5654366067578405,1.3734755516052246
AFATINIB,1,RCHACV,0.6603130102157593,1.6169293476285027,1.4981812238693237
AFATINIB,1,RPMI8402,1.082474946975708,1.636599531620013,1.5458186864852905
AFATINIB,1,SHP77,1.2961070537567139,1.7725747509127574,1.8751249313354492
AFATINIB,1,SUDHL1,1.51459801197052,1.4800960694002407,1.1667969226837158
AFATINIB,1,SUDHL4,1.2161879539489746,1.5955568282637742,1.4464210271835327
AFATINIB,1,SUPT1,1.9315890073776245,1.5295847366419066,1.2866491079330444
AFATINIB,2,A3KAW,0.8494859933853149,1.4716252384232138,1.3744529485702515
AFATINIB,2,ABC1,3.0832955837249756,1.4593478149143366,1.358489990234375
AFATINIB,2,CA46,1.9603090286254883,1.4952382848309684,1.4051543474197388
AFATINIB,2,CORL88,2.0259180068969727,2.1407532089439902,2.2444450855255127
AFATINIB,2,EPLC272H,0.22959600389003754,1.4346139964410998,1.326331377029419
AFATINIB,2,GA10,1.494884967803955,1.4732923685333792,1.3766205310821533
AFATINIB,2,GDM1,1.981909990310669,1.2733805192695802,1.1166975498199463
AFATINIB,2,HCC15,2.6822867393493652,2.3005738018281177,2.452241897583008
AFATINIB,2,HCC33,1.0045900344848633,1.3397617839349416,1.2030056715011597
AFATINIB,2,HCC827,-3.6543500423431396,1.6202912886464649,1.5677467584609985
AFATINIB,2,HEL,1.8159470558166504,1.3463833610430176,1.211614966392517
AFATINIB,2,JVM2,1.6433360576629639,1.649957824489052,1.6063188314437866
AFATINIB,2,KARPAS422,1.8379420042037964,1.3874633613652736,1.2650266885757446
AFATINIB,2,KCL22,1.2789989709854126,1.4450696152263898,1.3399256467819214
AFATINIB,2,KG1,1.6623140573501587,1.438914812544473,1.331923246383667
AFATINIB,2,KNS62,2.309061050415039,1.4253104147142837,1.314234972000122
AFATINIB,2,KU812,0.9439039826393127,1.5953664878260094,1.5353398323059082
AFATINIB,2,LOUCY,1.249587059020996,1.4957148696801486,1.4057739973068237
AFATINIB,2,LXF289,2.5177910327911377,2.1573595962185528,2.2660365104675293
AFATINIB,2,MEG01,1.1585240364074707,1.7447501659089242,1.7295666933059692
AFATINIB,2,MONOMAC6,1.5723990201950073,1.5381673206771596,1.460970163345337
AFATINIB,2,NB4,1.004315972328186,1.4817040269410682,1.3875572681427002
AFATINIB,2,NCIH1836,2.6076290607452393,1.578274072024032,1.513116478919983
AFATINIB,2,NCIH1915,1.7933809757232666,2.5025341040931437,2.7148282527923584
AFATINIB,2,NCIH2023,1.4721934795379639,2.345776930405015,2.511014461517334
AFATINIB,2,NCIH2081,4.681399822235107,2.4278056364162017,2.6176671981811523
AFATINIB,2,NCIH2122,1.8306025266647339,1.6563926368149462,1.614685297012329
AFATINIB,2,NCIH2228,2.4284725189208984,1.6358387003519568,1.5879613161087036
AFATINIB,2,NCIH2347,2.9107816219329834,1.9735538943414506,2.02705454826355
AFATINIB,2,NCIH727,3.2702879905700684,1.634242443671652,1.5858858823776245
AFATINIB,2,NCIH82,0.8374559879302979,1.5319389856656849,1.4528721570968628
AFATINIB,2,NCIH838,1.966441035270691,1.4879718787032155,1.3957066535949707
AFATINIB,2,NCIH841,1.6254342794418335,1.849152412637973,1.865309238433838
AFATINIB,2,NOMO1,1.2719030380249023,1.8301856559218388,1.840648889541626
AFATINIB,2,OCIAML2,1.1199549436569214,1.5481546063709506,1.473955512046814
AFATINIB,2,OCILY19,1.3835539817810059,1.5116364527533788,1.4264750480651855
AFATINIB,2,OCIM1,1.0693989992141724,1.4604203600404828,1.35988450050354
AFATINIB,2,SIGM5,0.7210879921913147,1.6482841846589382,1.6041427850723267
AFATINIB,2,SKM1,1.1005580425262451,1.8325309888271917,1.843698263168335
AFATINIB,2,SW1271,3.3303775787353516,2.0199902022606855,2.087430477142334
AFATINIB,2,WSUDLCL2,1.485031008720398,1.7536749002719827,1.7411705255508423
AFATINIB,3,697,0.8402929902076721,1.5054944383972766,1.4038264751434326
AFATINIB,3,AMO1,1.5320169925689697,1.2963881033647149,1.0893054008483887
AFATINIB,3,CALU3,-0.608788013458252,1.8683503918463398,1.9496054649353027
AFATINIB,3,CALU6,2.2652530670166016,1.9662141862076812,2.09680438041687
AFATINIB,3,CMK,1.9618644714355469,0.840163965731803,0.4030894339084625
AFATINIB,3,CMLT1,1.26065194606781,1.2048991580612385,0.9516950249671936
AFATINIB,3,CORL23,3.2055509090423584,1.9070411751926466,2.007801055908203
AFATINIB,3,CORL311,1.5012439489364624,1.52197229917557,1.428611159324646
AFATINIB,3,CORL95,2.2252719402313232,1.9202641058606336,2.0276899337768555
AFATINIB,3,DMS53,2.5971710681915283,1.887833925261008,1.97891104221344
AFATINIB,3,HARA,0.41182056069374084,1.557329452039038,1.4817925691604614
AFATINIB,3,HCC78,1.1319199800491333,2.209623739004077,2.462921619415283
AFATINIB,3,HH,2.153275966644287,1.5727999797509797,1.5050621032714844
AFATINIB,3,HL60,1.5184839963912964,1.4143076533861263,1.26667058467865
AFATINIB,3,K562,2.0395209789276123,1.4251242389273964,1.2829400300979614
AFATINIB,3,L1236,1.4711840152740479,1.3645189286853667,1.1917823553085327
AFATINIB,3,L428,1.8102530241012573,1.5757176791612606,1.5094506740570068
AFATINIB,3,L540,1.338320016860962,1.394398440514387,1.2367247343063354
AFATINIB,3,LCLC97TM1,1.1604130268096924,2.221644844446402,2.4810028076171875
AFATINIB,3,LU65,1.8572299480438232,1.0451448121777345,0.7114052772521973
AFATINIB,3,NAMALWA,1.243075966835022,1.5683754020094207,1.498407006263733
AFATINIB,3,NCIH1341,1.864366054534912,1.7948345747716938,1.8390288352966309
AFATINIB,3,NCIH1436,3.2939980030059814,1.7168173817067638,1.7216815948486328
AFATINIB,3,NCIH1648,-0.17881500720977783,1.1406321406071673,0.8550297021865845
AFATINIB,3,NCIH1792,2.5344300270080566,1.9794933880383045,2.1167778968811035
AFATINIB,3,NCIH1793,3.452984094619751,1.8100582226644628,1.8619270324707031
AFATINIB,3,NCIH211,1.800894021987915,1.586828539106572,1.5261627435684204
AFATINIB,3,NCIH292,-1.5684930086135864,1.4800859478327801,1.365609049797058
AFATINIB,3,NCIH524,1.083387017250061,1.331405568618239,1.1419758796691895
AFATINIB,3,NCIH929,1.0340549945831299,1.642702633398253,1.6102041006088257
AFATINIB,3,NUDUL1,1.0158809423446655,1.5080401933480463,1.4076555967330933
AFATINIB,3,OCIAML3,0.7931399941444397,1.705970282929416,1.7053662538528442
AFATINIB,3,OPM2,1.7780250310897827,2.226523950522779,2.4883415699005127
AFATINIB,3,PF382,0.8147479891777039,1.5278511298230684,1.4374536275863647
AFATINIB,3,REH,1.216163992881775,1.3708607679696572,1.2013212442398071
AFATINIB,3,RERFLCMS,2.4884097576141357,1.6156265350407506,1.5694783926010132
AFATINIB,3,RL,2.027601957321167,1.434356117571601,1.296825885772705
AFATINIB,3,SKMM2,4.162967205047607,1.5961659063669305,1.5402072668075562
AFATINIB,3,SUDHL8,2.5296075344085693,1.3628460107967317,1.1892660856246948
AFATINIB,3,SUPB15,1.5842070579528809,1.6248950295682485,1.5834193229675293
AFATINIB,3,SW1573,3.055593490600586,1.9229018760505876,2.0316574573516846
AFATINIB,4,ALLSIL,0.805042028427124,1.292332098670638,1.0046035051345825
AFATINIB,4,CHAGOK1,2.8787429332733154,2.0062523212581462,2.182569742202759
AFATINIB,4,CORL279,1.0051239728927612,2.086804423565198,2.3154804706573486
AFATINIB,4,DMS273,1.2856630086898804,1.3569793410520266,1.1112712621688843
AFATINIB,4,DOHH2,0.8539519906044006,1.5354161742222727,1.4056915044784546
AFATINIB,4,EJM,1.773421049118042,1.7610029676043222,1.7779090404510498
AFATINIB,4,EM2,1.7624319791793823,1.4722310906073872,1.3014363050460815
AFATINIB,4,HCC44,2.6762325763702393,1.7729629321367344,1.7976429462432861
AFATINIB,4,HT,1.832435965538025,1.2643835746903276,0.9584885239601135
AFATINIB,4,IALM,3.1093645095825195,2.270204273550652,2.6180896759033203
AFATINIB,4,JEKO1,1.0206869840621948,1.7299900007363442,1.7267377376556396
AFATINIB,4,JURKAT,1.1760940551757812,1.458773421201489,1.2792311906814575
AFATINIB,4,JVM3,1.5878969430923462,2.142630307063668,2.407593011856079
AFATINIB,4,L363,1.5027079582214355,1.7179530918869876,1.7068768739700317
AFATINIB,4,LP1,3.6887779235839844,1.3133755385008754,1.0393251180648804
AFATINIB,4,ME1,2.1010890007019043,1.3579257922745385,1.1128329038619995
AFATINIB,4,MOLP8,1.284767985343933,1.2794250326820498,0.983306884765625
AFATINIB,4,MOLT13,0.5380899906158447,1.5516520753312601,1.4324806928634644
AFATINIB,4,NALM6,1.1310490369796753,1.6345096894674396,1.5691955089569092
AFATINIB,4,NCIH1105,3.0198230743408203,2.0349920712356577,2.229990243911743
AFATINIB,4,NCIH146,1.7440320253372192,1.776983688124156,1.8042771816253662
AFATINIB,4,NCIH1623,-1.3181350231170654,1.9043976971297174,2.014509916305542
AFATINIB,4,NCIH1781,-0.5417659878730774,1.8248816337944838,1.8833086490631104
AFATINIB,4,NCIH2009,1.747846007347107,2.14211142059954,2.4067368507385254
AFATINIB,4,NCIH2030,1.7584095001220703,1.3716310562101732,1.135446548461914
AFATINIB,4,NCIH2085,2.3315930366516113,1.047432679100496,0.6005201935768127
AFATINIB,4,NCIH2172,4.12870979309082,1.7329768129493106,1.7316659688949585
AFATINIB,4,NCIH2291,1.7267500162124634,1.5891722917190236,1.4943889379501343
AFATINIB,4,NCIH441,2.0546209812164307,2.1638182432637545,2.4425530433654785
AFATINIB,4,NCIH522,2.264801025390625,2.0212871685409475,2.2073771953582764
AFATINIB,4,NCIH661,1.070096492767334,1.9351871281135387,2.065312385559082
AFATINIB,4,NCIH69,2.204869031906128,2.0692088116159306,2.286447763442993
AFATINIB,4,OCIAML5,1.2045550346374512,1.6803703085710795,1.6448653936386108
AFATINIB,4,P12ICHIKAWA,1.395372986793518,1.3519296264149094,1.102939248085022
AFATINIB,4,PL21,2.0336849689483643,1.666709838510098,1.6223256587982178
AFATINIB,4,RERFLCKJ,2.5002965927124023,2.1065446506357666,2.3480517864227295
AFATINIB,4,RPMI8226,1.400629997253418,1.6769400369990461,1.6392054557800293
AFATINIB,4,SKLU1,4.6919169425964355,1.5420972528749868,1.4167152643203735
AFATINIB,4,SUDHL10,2.018920421600342,1.6145094411793277,1.536195158958435
AFATINIB,4,SUDHL5,0.47519001364707947,1.537059386940197,1.4084028005599976
AFATINIB,5,CAL12T,1.0266480445861816,1.4573800914653,1.2890993356704712
AFATINIB,5,CORL105,-1.7695624828338623,1.7962841317839633,1.8377763032913208
AFATINIB,5,DB,1.1737749576568604,1.4673468524886468,1.3052352666854858
AFATINIB,5,DMS79,3.0310819149017334,2.2258227562714303,2.5331883430480957
AFATINIB,5,GRANTA519,3.16753888130188,1.200554748477352,0.8733056783676147
AFATINIB,5,HCC366,3.29313588142395,2.0288766190368337,2.2143375873565674
AFATINIB,5,HDLM2,1.637326955795288,1.4704543689669363,1.3102662563323975
AFATINIB,5,JM1,1.8692840337753296,1.6591309028993928,1.615728735923767
AFATINIB,5,KMH2,1.7836494445800781,1.1346896544083345,0.7666717767715454
AFATINIB,5,KOPN8,1.173313021659851,1.3882083047439346,1.1771119832992554
AFATINIB,5,LAMA84,0.937188982963562,1.611296738211085,1.5382864475250244
AFATINIB,5,LCLC103H,2.7562854290008545,2.051703607603227,2.251293897628784
AFATINIB,5,LOUNH91,0.09980687499046326,1.1121328974718092,0.73015296459198
AFATINIB,5,MHHCALL2,1.4774949550628662,1.4547907275699483,1.2849072217941284
AFATINIB,5,MM1S,1.464455485343933,1.7274337513471687,1.7263092994689941
AFATINIB,5,MOLM13,1.5132379531860352,1.5757713665491795,1.480771780014038
AFATINIB,5,NCIH1155,1.5556540489196777,1.8653459850384642,1.9495856761932373
AFATINIB,5,NCIH1651,3.318885087966919,2.1745345601047896,2.4501540660858154
AFATINIB,5,NCIH196,2.555250883102417,2.5898228472562184,3.122495174407959
AFATINIB,5,NCIH1975,-0.10283800214529037,2.1556971328924868,2.419656753540039
AFATINIB,5,NCIH2029,2.3087079524993896,1.8134938368137419,1.8656383752822876
AFATINIB,5,NCIH2110,1.1463948488235474,1.4234241986019336,1.2341256141662598
AFATINIB,5,NCIH2170,-1.8132590055465698,1.6113113910978272,1.538310170173645
AFATINIB,5,NCIH2227,4.000690937042236,1.594555115598492,1.511182188987732
AFATINIB,5,NCIH23,2.140023946762085,1.6480486816687239,1.5977869033813477
AFATINIB,5,NCIH2342,1.8437589406967163,1.400630344704053,1.1972229480743408
AFATINIB,5,NCIH2444,3.602910280227661,1.8589543811150122,1.9392378330230713
AFATINIB,5,NCIH358,-0.11847399920225143,1.796735867764683,1.8385076522827148
AFATINIB,5,NCIH446,2.448420524597168,1.6113271484735197,1.5383356809616089
AFATINIB,5,NCIH526,1.5921030044555664,1.7462385593191356,1.7567538022994995
AFATINIB,5,NCIH647,2.0768110752105713,2.3763151191079466,2.77683162689209
AFATINIB,5,NCIH810,2.225909948348999,1.5335207616682005,1.4123691320419312
AFATINIB,5,RAJI,1.3707669973373413,1.4056941320113165,1.2054210901260376
AFATINIB,5,RS411,1.055055022239685,1.824294928790232,1.8831250667572021
AFATINIB,5,SBC5,1.9176262617111206,1.70503633534989,1.6900484561920166
AFATINIB,5,SKMES1,1.0732970237731934,2.1671774855734816,2.4382431507110596
AFATINIB,5,ST486,1.4020299911499023,1.2472797853616537,0.948952317237854
AFATINIB,5,SUDHL6,0.1178399994969368,1.539984746434203,1.4228341579437256
AFATINIB,5,SUPM2,1.1358389854431152,1.7167208712215183,1.7089654207229614
AFATINIB,5,THP1,1.5580999851226807,1.9473878660708328,2.082409381866455
AVAGACESTAT,1,A3KAW,3.3273909091949463,4.2335097044509915,4.255307197570801
AVAGACESTAT,1,ABC1,4.774716854095459,4.534346527108659,4.574650287628174
AVAGACESTAT,1,CAL12T,3.3516390323638916,4.683435070160761,4.73291015625
AVAGACESTAT,1,CALU6,4.157601833343506,4.4567240855551455,4.492252826690674
AVAGACESTAT,1,CORL279,3.807586431503296,4.662677355900415,4.710875511169434
AVAGACESTAT,1,DAUDI,4.2805681228637695,3.8097879770187792,3.8055198192596436
AVAGACESTAT,1,DMS114,4.846634864807129,4.567169410105613,4.609492301940918
AVAGACESTAT,1,EBC1,4.762914180755615,4.250659412631721,4.27351188659668
AVAGACESTAT,1,EM2,4.09800910949707,3.7787477598742854,3.7725701332092285
AVAGACESTAT,1,HCC78,5.106057167053223,4.476352501099835,4.513088703155518
AVAGACESTAT,1,JVM3,4.350189208984375,3.765118463004059,3.7581024169921875
AVAGACESTAT,1,KG1,3.7457571029663086,3.7052694493077625,3.6945717334747314
AVAGACESTAT,1,KMS11,2.934683084487915,3.8128284139149304,3.8087472915649414
AVAGACESTAT,1,KNS62,5.250986099243164,4.605151400401422,4.649810791015625
AVAGACESTAT,1,L1236,4.301351070404053,4.191015909739885,4.210199356079102
AVAGACESTAT,1,MOLT13,2.2874789237976074,3.2659039699176686,3.2281782627105713
AVAGACESTAT,1,NALM6,3.4153990745544434,3.5033942769696895,3.4802780151367188
AVAGACESTAT,1,NCIH1436,4.6392011642456055,4.493716479561936,4.531520843505859
AVAGACESTAT,1,NCIH1648,3.146311044692993,4.6023398329148275,4.646826267242432
AVAGACESTAT,1,NCIH1781,4.285407066345215,4.428058585061535,4.4618239402771
AVAGACESTAT,1,NCIH196,5.047163009643555,4.550525505566025,4.591824531555176
AVAGACESTAT,1,NCIH1963,3.8656206130981445,4.384799346829554,4.415903568267822
AVAGACESTAT,1,NCIH2023,5.164332866668701,4.783301192621953,4.838919639587402
AVAGACESTAT,1,NCIH2066,5.6813063621521,4.78876710621468,4.844721794128418
AVAGACESTAT,1,NCIH2085,4.901697158813477,4.616755685891306,4.662128925323486
AVAGACESTAT,1,NCIH211,3.5881550312042236,4.568424935129583,4.610825061798096
AVAGACESTAT,1,NCIH2171,3.7641758918762207,4.475974271378839,4.5126872062683105
AVAGACESTAT,1,NCIH23,4.711726188659668,4.8035885903527475,4.86045503616333
AVAGACESTAT,1,NCIH292,4.278947830200195,4.9179810699606845,4.981884479522705
AVAGACESTAT,1,NCIH358,5.10493803024292,4.766575083760581,4.821164608001709
AVAGACESTAT,1,NCIH526,4.447299003601074,4.491090882508231,4.528733730316162
AVAGACESTAT,1,NCIH841,4.635603904724121,4.696556766574069,4.7468390464782715
AVAGACESTAT,1,NCIH929,3.7311325073242188,3.7609103204550234,3.7536354064941406
AVAGACESTAT,1,OCILY19,3.605997085571289,3.8030018530341207,3.798316240310669
AVAGACESTAT,1,PF382,2.985635995864868,3.6474184947551582,3.633162021636963
AVAGACESTAT,1,RERFLCKJ,4.850442886352539,4.914217639316383,4.977889537811279
AVAGACESTAT,1,SBC5,4.560507774353027,4.640403578328477,4.687231540679932
AVAGACESTAT,1,SUDHL4,3.4893879890441895,3.8093540460087056,3.8050591945648193
AVAGACESTAT,1,SUDHL8,3.8099679946899414,3.4798074762689266,3.455240249633789
AVAGACESTAT,1,SUPM2,3.4085540771484375,3.8419006685799917,3.8396079540252686
AVAGACESTAT,1,SW1573,5.579990863800049,4.78885425177985,4.844814300537109
AVAGACESTAT,2,A549,4.355388164520264,4.493672009076204,4.4780097007751465
AVAGACESTAT,2,AMO1,3.814332962036133,4.038046035256543,4.052701473236084
AVAGACESTAT,2,DMS273,4.548980236053467,4.178899221910254,4.184182167053223
AVAGACESTAT,2,DND41,2.790998935699463,3.3115312394275267,3.3745296001434326
AVAGACESTAT,2,EHEB,3.8803319931030273,4.217555116858832,4.220265865325928
AVAGACESTAT,2,GA10,3.1880335807800293,3.8732848163676774,3.8989036083221436
AVAGACESTAT,2,HARA,4.340435981750488,4.751700989036441,4.718869209289551
AVAGACESTAT,2,HCC827,5.204944133758545,4.482178887613489,4.467281341552734
AVAGACESTAT,2,JEKO1,2.933891534805298,3.8471347595936614,3.8744935989379883
AVAGACESTAT,2,JURKAT,3.4073145389556885,3.5629807534363973,3.6092474460601807
AVAGACESTAT,2,JURLMK1,4.179197788238525,3.921465356688631,3.943878173828125
AVAGACESTAT,2,JVM2,4.824929237365723,3.818274248911419,3.8475534915924072
AVAGACESTAT,2,K562,4.716153144836426,4.0304101767906255,4.045573711395264
AVAGACESTAT,2,L428,3.978543996810913,3.8429033150122844,3.8705437183380127
AVAGACESTAT,2,L540,3.9375100135803223,4.113484618504348,4.123120307922363
AVAGACESTAT,2,LOUNH91,4.930431842803955,4.66498332130058,4.6379218101501465
AVAGACESTAT,2,MOLM13,3.0686819553375244,3.988441050773681,4.006397247314453
AVAGACESTAT,2,MOLP8,4.471475124359131,3.9907530587624915,4.0085554122924805
AVAGACESTAT,2,NB4,3.3206229209899902,3.6356945795891256,3.6771228313446045
AVAGACESTAT,2,NCIH1048,4.031063079833984,4.748948136395764,4.716299533843994
AVAGACESTAT,2,NCIH1105,4.073551177978516,4.525959920907568,4.508149147033691
AVAGACESTAT,2,NCIH1568,5.071149826049805,4.891479904192036,4.849347114562988
AVAGACESTAT,2,NCIH1650,5.356450080871582,4.975183175299091,4.927480697631836
AVAGACESTAT,2,NCIH1792,4.459819793701172,4.680178414017143,4.652105808258057
AVAGACESTAT,2,NCIH1793,6.1216278076171875,4.861201590113209,4.8210835456848145
AVAGACESTAT,2,NCIH2081,4.615508079528809,4.851754335198259,4.812264919281006
AVAGACESTAT,2,NCIH2087,4.318975925445557,4.735522552223886,4.7037672996521
AVAGACESTAT,2,NCIH209,4.824819087982178,4.65307489659109,4.626805782318115
AVAGACESTAT,2,NCIH2122,3.8509209156036377,4.6571324042038,4.630593299865723
AVAGACESTAT,2,NCIH2170,5.1129350662231445,4.527435192465607,4.509526252746582
AVAGACESTAT,2,NCIH2172,4.739482879638672,4.716136625760041,4.685671329498291
AVAGACESTAT,2,NCIH2196,4.785963535308838,4.738661080081432,4.7066969871521
AVAGACESTAT,2,NCIH2228,5.033458232879639,4.400533232100541,4.391068458557129
AVAGACESTAT,2,NCIH596,4.39796781539917,4.741572800261772,4.709414958953857
AVAGACESTAT,2,NCIH69,5.148043155670166,4.167484767975218,4.173527240753174
AVAGACESTAT,2,OCIAML2,2.9783639907836914,4.10330023863848,4.113613605499268
AVAGACESTAT,2,RERFLCMS,4.625744819641113,4.616328477087093,4.592504501342773
AVAGACESTAT,2,SHP77,3.9307520389556885,4.565091907647037,4.544677257537842
AVAGACESTAT,2,SIGM5,2.7975449562072754,3.8536133369949184,3.8805410861968994
AVAGACESTAT,2,ST486,4.439184188842773,3.4980555233520287,3.54864239692688
AVAGACESTAT,2,SUPT1,3.5999019145965576,3.5895302777860327,3.634030342102051
AVAGACESTAT,3,697,3.6254990100860596,3.608005153427131,3.622927188873291
AVAGACESTAT,3,A4FUK,3.6727359294891357,3.962883015305688,3.969679832458496
AVAGACESTAT,3,ALLSIL,2.819772958755493,3.5015756627963057,3.518934488296509
AVAGACESTAT,3,BEN,4.70873498916626,4.986052295849901,4.969422817230225
AVAGACESTAT,3,BL41,3.3609468936920166,3.8760549567571494,3.8848397731781006
AVAGACESTAT,3,COLO668,4.5013017654418945,4.333040975773313,4.331362724304199
AVAGACESTAT,3,CORL23,4.195878982543945,4.268601133599892,4.268398284912109
AVAGACESTAT,3,CORL88,4.926860809326172,4.221886810922882,4.222753524780273
AVAGACESTAT,3,CORL95,4.851770877838135,4.601887944350217,4.594054222106934
AVAGACESTAT,3,DMS53,5.075562000274658,4.486011789338252,4.480831146240234
AVAGACESTAT,3,GDM1,4.866032123565674,3.4891514019940617,3.5067946910858154
AVAGACESTAT,3,HCC15,4.985690116882324,4.737856470066059,4.726909637451172
AVAGACESTAT,3,HDLM2,4.811062812805176,4.006363292013239,4.01216459274292
AVAGACESTAT,3,HEL,3.5293750762939453,3.912391246902618,3.920344114303589
AVAGACESTAT,3,KARPAS422,5.0489959716796875,4.106186827722442,4.1097025871276855
AVAGACESTAT,3,KOPN8,3.4588799476623535,3.461027841533222,3.4793150424957275
AVAGACESTAT,3,KU812,4.108720779418945,3.9841158666841725,3.990426540374756
AVAGACESTAT,3,LCLC103H,5.147099018096924,4.987370412367709,4.970710754394531
AVAGACESTAT,3,LOUCY,3.1593151092529297,3.5758957667318625,3.591552972793579
AVAGACESTAT,3,LU65,5.730024814605713,4.5462532766791295,4.539693355560303
AVAGACESTAT,3,MONOMAC6,4.069383144378662,3.981531118762452,3.987900972366333
AVAGACESTAT,3,NCIH1155,4.581010818481445,4.657028257325807,4.647932052612305
AVAGACESTAT,3,NCIH1341,3.686948537826538,4.4773008008736594,4.472319602966309
AVAGACESTAT,3,NCIH1623,5.295770168304443,4.738347408687648,4.727389335632324
AVAGACESTAT,3,NCIH1651,4.550137996673584,5.09303299440626,5.073954105377197
AVAGACESTAT,3,NCIH1944,4.8260722160339355,4.72389155993145,4.713264465332031
AVAGACESTAT,3,NCIH522,4.806486129760742,4.7620617937547856,4.750560760498047
AVAGACESTAT,3,NCIH650,5.013851165771484,4.838811702259822,4.8255534172058105
AVAGACESTAT,3,NCIH727,4.513605117797852,4.220612615355317,4.221508502960205
AVAGACESTAT,3,NCIH838,3.628570079803467,4.28582253818964,4.2852253913879395
AVAGACESTAT,3,OPM2,4.092662811279297,3.7460355237515386,3.7577972412109375
AVAGACESTAT,3,P12ICHIKAWA,3.4763710498809814,3.450030523603273,3.46856951713562
AVAGACESTAT,3,PL21,5.113812446594238,4.305569885428841,4.304520606994629
AVAGACESTAT,3,RAJI,4.0454511642456055,3.5425075483687243,3.558929204940796
AVAGACESTAT,3,REH,3.825690984725952,3.932982852407574,3.9404642581939697
AVAGACESTAT,3,SKLU1,3.9894559383392334,4.714526637318815,4.704113960266113
AVAGACESTAT,3,SKM1,3.6742160320281982,4.002087343501936,4.007986545562744
AVAGACESTAT,3,SUDHL1,3.8546996116638184,3.7010795031158685,3.7138705253601074
AVAGACESTAT,3,SUDHL10,3.49904203414917,4.279515977745499,4.2790632247924805
AVAGACESTAT,3,SUDHL5,2.9517838954925537,4.123304774073843,4.126428604125977
AVAGACESTAT,3,SUPB15,4.0526251792907715,3.3717380137236392,3.3920695781707764
AVAGACESTAT,4,BV173,3.8341429233551025,3.369286993198138,3.3377230167388916
AVAGACESTAT,4,CALU3,4.655624866485596,4.439933378942729,4.44106912612915
AVAGACESTAT,4,CHAGOK1,4.548038959503174,4.837222704173603,4.850492477416992
AVAGACESTAT,4,CMK,3.358673095703125,3.9112864436962194,3.8962762355804443
AVAGACESTAT,4,CMLT1,3.466904401779175,3.180860249470354,3.1435413360595703
AVAGACESTAT,4,CORL105,4.896976947784424,4.7050565168244445,4.714289665222168
AVAGACESTAT,4,DB,4.625673294067383,3.683106845586611,3.6611275672912598
AVAGACESTAT,4,HCC366,4.210575580596924,4.8118974605709255,4.8243937492370605
AVAGACESTAT,4,HCC44,4.279163837432861,4.748307885208422,4.758862018585205
AVAGACESTAT,4,HL60,3.682234048843384,3.5039277279462535,3.476475954055786
AVAGACESTAT,4,HT,4.189726829528809,3.426929650003219,3.3971261978149414
AVAGACESTAT,4,JM1,3.265023946762085,3.8124412771239484,3.794412136077881
AVAGACESTAT,4,KMS12BM,4.1219940185546875,3.7145046322079702,3.693484306335449
AVAGACESTAT,4,L363,3.8988571166992188,4.057654210335297,4.047114372253418
AVAGACESTAT,4,LCLC97TM1,2.8827619552612305,4.811213119583069,4.823688507080078
AVAGACESTAT,4,LXF289,4.866419792175293,4.805520920237151,4.817822456359863
AVAGACESTAT,4,ME1,3.833728075027466,4.226567519100008,4.221186637878418
AVAGACESTAT,4,MEG01,4.830358982086182,4.227308772827219,4.221950531005859
AVAGACESTAT,4,MOLT16,2.879625082015991,3.280819610159433,3.246553659439087
AVAGACESTAT,4,NCIH146,3.8068394660949707,4.0595966467565425,4.049116134643555
AVAGACESTAT,4,NCIH1836,5.227035999298096,4.519392817186577,4.522955417633057
AVAGACESTAT,4,NCIH1876,4.757104873657227,4.5140851258602055,4.517485618591309
AVAGACESTAT,4,NCIH1915,4.534286975860596,4.52020347669349,4.5237908363342285
AVAGACESTAT,4,NCIH2009,5.05462121963501,5.1440628800026955,5.166704177856445
AVAGACESTAT,4,NCIH2110,4.84404182434082,4.514130008264412,4.517531871795654
AVAGACESTAT,4,NCIH2227,4.679780960083008,4.524375226758748,4.528090000152588
AVAGACESTAT,4,NCIH2342,5.301384925842285,4.755109651619168,4.765871524810791
AVAGACESTAT,4,NCIH2405,5.134490013122559,4.793943110772547,4.805891036987305
AVAGACESTAT,4,NCIH441,6.047603130340576,5.031095719434562,5.050286769866943
AVAGACESTAT,4,NCIH446,3.661259889602661,4.481968758066336,4.48438835144043
AVAGACESTAT,4,NCIH524,4.653654098510742,4.381956417632086,4.381321430206299
AVAGACESTAT,4,NCIH647,4.349093914031982,4.925079316350935,4.941032409667969
AVAGACESTAT,4,NCIH810,5.33837890625,4.466374204777808,4.46831750869751
AVAGACESTAT,4,NCIH82,4.438591957092285,3.8452301869231245,3.828202486038208
AVAGACESTAT,4,NUDUL1,3.4488730430603027,3.4856883517459,3.457679510116577
AVAGACESTAT,4,OCIAML3,3.8104910850524902,3.838212105832309,3.820970058441162
AVAGACESTAT,4,OCIM1,3.5040900707244873,3.8367404719500384,3.819453477859497
AVAGACESTAT,4,RCHACV,2.8543319702148438,3.6002634128771174,3.575753927230835
AVAGACESTAT,4,SW1271,5.160974025726318,4.6954775938152435,4.704418182373047
AVAGACESTAT,4,THP1,3.8606479167938232,3.97172152637129,3.95855712890625
AVAGACESTAT,5,CA46,4.690338134765625,3.799829265676485,3.7689623832702637
AVAGACESTAT,5,CORL311,4.512478351593018,4.022526283701582,3.9971065521240234
AVAGACESTAT,5,DMS79,5.281160831451416,4.259851534557265,4.240236759185791
AVAGACESTAT,5,DOHH2,2.5402019023895264,3.6808664235572937,3.647089719772339
AVAGACESTAT,5,EJM,4.029489040374756,3.5166616242301023,3.4788684844970703
AVAGACESTAT,5,EPLC272H,4.582190990447998,4.199882203192698,4.178800582885742
AVAGACESTAT,5,GRANTA519,4.540915012359619,3.920196609913733,3.8922739028930664
AVAGACESTAT,5,HCC33,4.349639415740967,4.268366983190191,4.248960494995117
AVAGACESTAT,5,HH,4.344141006469727,3.754467919970297,3.722491502761841
AVAGACESTAT,5,IALM,5.34453821182251,4.827766096882199,4.822042465209961
AVAGACESTAT,5,KCL22,3.536129951477051,4.071625909030363,4.047407150268555
AVAGACESTAT,5,KMH2,3.51621150970459,3.889357839380866,3.8606808185577393
AVAGACESTAT,5,LAMA84,4.137417793273926,3.6470818058313257,3.612478733062744
AVAGACESTAT,5,LP1,2.818458080291748,3.8301825695286116,3.800058126449585
AVAGACESTAT,5,MHHCALL2,2.8840229511260986,3.5792970659947465,3.5430359840393066
AVAGACESTAT,5,MM1S,2.96801495552063,3.6716325494001856,3.637629985809326
AVAGACESTAT,5,MOLM16,3.2546885013580322,4.097585576513509,4.074001789093018
AVAGACESTAT,5,NAMALWA,3.545660972595215,3.562268030537834,3.525590419769287
AVAGACESTAT,5,NCIH1092,5.028538227081299,4.18670618133422,4.165302276611328
AVAGACESTAT,5,NCIH1435,4.619600772857666,4.803690580044917,4.797378063201904
AVAGACESTAT,5,NCIH1437,4.1781110763549805,4.547383256155729,4.534801483154297
AVAGACESTAT,5,NCIH1975,4.150026798248291,4.934767980201466,4.931661605834961
AVAGACESTAT,5,NCIH2029,3.9584970474243164,4.665680734305487,4.65599250793457
AVAGACESTAT,5,NCIH2030,4.883420944213867,4.844619656846648,4.839308261871338
AVAGACESTAT,5,NCIH2291,5.820251941680908,4.946522976387557,4.943704128265381
AVAGACESTAT,5,NCIH2347,4.87268590927124,4.793378485786241,4.786813735961914
AVAGACESTAT,5,NCIH2444,5.376079082489014,4.6855490283937655,4.676346778869629
AVAGACESTAT,5,NCIH460,4.098550796508789,4.855951556951442,4.850917339324951
AVAGACESTAT,5,NCIH661,5.256793022155762,4.819484770723302,4.813558578491211
AVAGACESTAT,5,NOMO1,4.7836689949035645,3.7999919412324954,3.7691290378570557
AVAGACESTAT,5,OCIAML5,3.991934061050415,3.8601781733384097,3.830787420272827
AVAGACESTAT,5,P31FUJ,3.7414278984069824,3.605218333668534,3.5695912837982178
AVAGACESTAT,5,RL,4.708553791046143,3.6052115846111317,3.569584369659424
AVAGACESTAT,5,RPMI8226,4.579052925109863,4.009705169172024,3.9839718341827393
AVAGACESTAT,5,RPMI8402,1.7317290306091309,3.533159345961162,3.495769739151001
AVAGACESTAT,5,RS411,4.01568603515625,4.733157344762728,4.725119590759277
AVAGACESTAT,5,SKMES1,4.845795154571533,4.6782982134823845,4.668918609619141
AVAGACESTAT,5,SKMM2,4.995851039886475,3.800048260952888,3.7691867351531982
AVAGACESTAT,5,SUDHL6,2.375368118286133,3.7069643303541313,3.673825979232788
AVAGACESTAT,5,WSUDLCL2,3.9755001068115234,3.7994869255578996,3.7686116695404053
AXITINIB,1,A4FUK,-0.13293349742889404,2.2800918635554797,2.302004814147949
AXITINIB,1,BL41,0.16716749966144562,2.291327783509145,2.313356876373291
AXITINIB,1,CA46,2.8784844875335693,2.377369859909902,2.4002883434295654
AXITINIB,1,COLO668,3.06780743598938,1.966332208750731,1.9850019216537476
AXITINIB,1,CORL23,3.478729009628296,2.7081486981678005,2.7344863414764404
AXITINIB,1,CORL311,1.6770210266113281,1.695915349966683,1.711789846420288
AXITINIB,1,CORL95,3.4131650924682617,2.133890159958779,2.154291868209839
AXITINIB,1,DOHH2,1.6116670370101929,2.5953489252167405,2.62052059173584
AXITINIB,1,EBC1,3.86199688911438,2.682357572964795,2.7084286212921143
AXITINIB,1,EPLC272H,2.4572560787200928,2.6121414505207015,2.637486696243286
AXITINIB,1,HCC78,2.474123001098633,2.705439891406173,2.7317495346069336
AXITINIB,1,HL60,1.3813409805297852,0.9385515391901963,0.9465973973274231
AXITINIB,1,IALM,3.079010486602783,2.640801140493665,2.666442632675171
AXITINIB,1,JEKO1,0.6900370121002197,2.4362556706671956,2.459782838821411
AXITINIB,1,KMS12BM,1.4211039543151855,1.8973331497157404,1.9152896404266357
AXITINIB,1,MM1S,2.6979620456695557,2.22893909553523,2.2503232955932617
AXITINIB,1,MOLM13,0.8705490231513977,0.8338721690510311,0.8408359885215759
AXITINIB,1,MOLT13,1.0644475221633911,0.6610794883026764,0.6662572026252747
AXITINIB,1,NALM6,-0.05764500051736832,1.512074706803267,1.5260488986968994
AXITINIB,1,NAMALWA,1.4816075563430786,1.5155240167113344,1.529533863067627
AXITINIB,1,NCIH146,2.3355956077575684,2.3270121062619777,2.349410057067871
AXITINIB,1,NCIH1648,3.357145309448242,3.1429786115911877,3.1738109588623047
AXITINIB,1,NCIH1650,4.753750324249268,3.0885384154851967,3.1188080310821533
AXITINIB,1,NCIH1944,3.226557493209839,3.3296677612812706,3.3624298572540283
AXITINIB,1,NCIH1963,0.9062054753303528,1.9968142491215222,2.015799045562744
AXITINIB,1,NCIH2029,2.327343463897705,2.50761841668954,2.5318832397460938
AXITINIB,1,NCIH2087,3.406688928604126,2.905711539535645,2.934091329574585
AXITINIB,1,NCIH209,1.2799384593963623,2.093357877792158,2.1133406162261963
AXITINIB,1,NCIH211,1.181149959564209,2.0268407313902728,2.046135902404785
AXITINIB,1,NCIH2122,1.9877010583877563,2.380952262161689,2.4039077758789062
AXITINIB,1,NCIH2170,2.8266870975494385,2.3217941312543027,2.3441381454467773
AXITINIB,1,NCIH2196,2.2112410068511963,2.9435694679232327,2.9723405838012695
AXITINIB,1,NCIH2347,4.01324462890625,3.250069808501606,3.2820091247558594
AXITINIB,1,NCIH2444,5.554210186004639,3.2758654173119357,3.3080713748931885
AXITINIB,1,NCIH441,5.533981800079346,3.142064663635113,3.1728875637054443
AXITINIB,1,NCIH524,0.43188199400901794,1.470673902702142,1.4842201471328735
AXITINIB,1,NCIH841,2.3729920387268066,2.6992154645439514,2.7254607677459717
AXITINIB,1,RERFLCMS,2.878828763961792,2.833343049596752,2.8609747886657715
AXITINIB,1,ST486,0.3130509853363037,1.3999805120573874,1.4127960205078125
AXITINIB,1,SUDHL6,1.2622090578079224,1.333584895011913,1.3457140922546387
AXITINIB,1,THP1,2.4672024250030518,1.6707042619637889,1.6863181591033936
AXITINIB,2,A3KAW,1.122441053390503,2.2022329901921136,2.2204556465148926
AXITINIB,2,CORL105,1.9677900075912476,2.814221946341047,2.962661027908325
AXITINIB,2,DMS53,3.216116189956665,2.336633139808414,2.383452892303467
AXITINIB,2,DMS79,4.100135326385498,1.6022255539780383,1.492781162261963
AXITINIB,2,GA10,2.0639920234680176,1.7737634613453994,1.7008181810379028
AXITINIB,2,GRANTA519,3.253937005996704,1.9627973130644507,1.930073857307434
AXITINIB,2,HCC15,2.929391384124756,3.1217072583601864,3.335571765899658
AXITINIB,2,HEL,2.380729913711548,1.1482387513107175,0.9421969652175903
AXITINIB,2,HH,2.921640396118164,2.0388088092019565,2.022258758544922
AXITINIB,2,JVM3,0.7879340052604675,2.237500496907024,2.2632272243499756
AXITINIB,2,KCL22,-0.640064001083374,1.2082907457278496,1.015026569366455
AXITINIB,2,KG1,-0.41345998644828796,0.5774282589293195,0.24993182718753815
AXITINIB,2,KMH2,1.9939069747924805,1.7834083224464223,1.7125152349472046
AXITINIB,2,KU812,-2.116285562515259,0.1602424444839042,-0.25602102279663086
AXITINIB,2,LCLC97TM1,2.1258366107940674,2.8027376004084417,2.94873309135437
AXITINIB,2,LU65,4.378378391265869,2.632659662486602,2.742466688156128
AXITINIB,2,MOLT16,0.3542635142803192,1.4695416277858822,1.3318653106689453
AXITINIB,2,MONOMAC6,2.1346664428710938,1.3770604810407578,1.219706416130066
AXITINIB,2,NCIH1048,1.6657825708389282,2.09075081243605,2.0852527618408203
AXITINIB,2,NCIH1092,3.506700038909912,1.6969762243566142,1.6076924800872803
AXITINIB,2,NCIH1341,1.6950374841690063,2.652376179769268,2.766378402709961
AXITINIB,2,NCIH1651,3.6765244007110596,2.9856317758663886,3.1705427169799805
AXITINIB,2,NCIH1781,2.5954654216766357,2.5790151970700244,2.67740797996521
AXITINIB,2,NCIH1836,3.6060988903045654,2.2988463429239276,2.3376259803771973
AXITINIB,2,NCIH1915,3.75639009475708,3.1591323311781867,3.380959987640381
AXITINIB,2,NCIH1975,3.100449562072754,2.6596261916431523,2.7751710414886475
AXITINIB,2,NCIH2023,3.6353800296783447,3.2795760260922817,3.527031183242798
AXITINIB,2,NCIH2066,3.9610118865966797,2.164054391098656,2.1741535663604736
AXITINIB,2,NCIH2228,2.156121015548706,3.071637766937659,3.274848699569702
AXITINIB,2,NCIH23,2.4904801845550537,2.6393053592624547,2.7505264282226562
AXITINIB,2,NCIH358,3.9323649406433105,2.7428710878699665,2.8761284351348877
AXITINIB,2,NOMO1,1.95763099193573,1.4798393615090795,1.3443541526794434
AXITINIB,2,NUDUL1,1.2664339542388916,1.4219689170733594,1.2741702795028687
AXITINIB,2,RAJI,2.885274887084961,1.8283489008077578,1.7670180797576904
AXITINIB,2,RCHACV,0.39010199904441833,1.6577387960120176,1.5601062774658203
AXITINIB,2,REH,1.8061234951019287,1.4828692920388182,1.3480287790298462
AXITINIB,2,SBC5,2.3171870708465576,2.451034666688022,2.5221962928771973
AXITINIB,2,SUDHL10,1.1313860416412354,2.4259933352396787,2.4918267726898193
AXITINIB,2,SUDHL5,0.6500675082206726,2.09030219595794,2.0847086906433105
AXITINIB,2,SUPT1,1.5408635139465332,1.4457833355331484,1.3030518293380737
AXITINIB,2,WSUDLCL2,2.691122055053711,1.6542025500837811,1.5558176040649414
AXITINIB,3,697,0.44500699639320374,0.9206697671148898,0.9532206654548645
AXITINIB,3,A549,2.8451380729675293,2.874161682580371,2.791260004043579
AXITINIB,3,ABC1,1.5819084644317627,2.595410169973514,2.5289828777313232
AXITINIB,3,AMO1,3.567551374435425,1.8955052265400332,1.8704427480697632
AXITINIB,3,CMK,2.394115924835205,-0.4103639544389587,-0.2991481423377991
AXITINIB,3,CMLT1,-0.7640550136566162,0.6367428017920799,0.6860739588737488
AXITINIB,3,DAUDI,2.4508614540100098,1.5056321868244378,1.503611445426941
AXITINIB,3,DB,2.720996618270874,1.242920029208617,1.2564257383346558
AXITINIB,3,DND41,2.2117464542388916,0.22345131048375588,0.2972082495689392
AXITINIB,3,HCC33,1.765720009803772,1.0650772381943894,1.089093565940857
AXITINIB,3,HCC44,2.2425665855407715,3.6586999557868856,3.5294315814971924
AXITINIB,3,HCC827,4.45009183883667,3.1201062298693754,3.0226690769195557
AXITINIB,3,HDLM2,1.980828046798706,2.077989568393913,2.042142152786255
AXITINIB,3,HT,3.3085970878601074,2.1054805738337765,2.0680084228515625
AXITINIB,3,JM1,2.079123020172119,1.3528974808681389,1.3599034547805786
AXITINIB,3,JVM2,2.797133445739746,2.339278916785514,2.2879891395568848
AXITINIB,3,K562,-0.10521899908781052,1.3230143061528974,1.3317863941192627
AXITINIB,3,KMS11,1.3895374536514282,1.7079249977932462,1.6939486265182495
AXITINIB,3,KNS62,3.7526841163635254,3.151583888474804,3.052286386489868
AXITINIB,3,L428,2.2196240425109863,1.9465639328394224,1.918483853340149
AXITINIB,3,LP1,3.0922625064849854,0.9847058745383217,1.0134721994400024
AXITINIB,3,MOLP8,1.6355270147323608,2.3400276970629084,2.28869366645813
AXITINIB,3,NCIH1155,0.9676160216331482,2.6692829823625575,2.598489761352539
AXITINIB,3,NCIH1435,3.57852840423584,3.8072513745690717,3.669203519821167
AXITINIB,3,NCIH1793,4.763510227203369,3.417138117018292,3.3021461963653564
AXITINIB,3,NCIH2110,2.642061471939087,3.3974574853483532,3.2836287021636963
AXITINIB,3,NCIH647,2.813749074935913,3.754489858298755,3.6195602416992188
AXITINIB,3,NCIH650,3.7694220542907715,3.548963482145571,3.426180601119995
AXITINIB,3,OCILY19,1.088215947151184,1.1645702456043439,1.1827064752578735
AXITINIB,3,P12ICHIKAWA,1.1720739603042603,1.0107982699135225,1.038022518157959
AXITINIB,3,PF382,1.7566930055618286,-0.06516384013565041,0.02565043233335018
AXITINIB,3,PL21,2.2569870948791504,2.874101121332893,2.791203022003174
AXITINIB,3,RPMI8226,1.7808115482330322,1.9542995552787779,1.9257622957229614
AXITINIB,3,RPMI8402,1.0222749710083008,0.6569237605881488,0.705062210559845
AXITINIB,3,RS411,0.5272489786148071,3.684166087048523,3.5533926486968994
AXITINIB,3,SHP77,2.6083309650421143,2.2670250408405566,2.220005512237549
AXITINIB,3,SIGM5,0.5789600014686584,1.1520135424348001,1.1708918809890747
AXITINIB,3,SKM1,1.1812000274658203,2.0256300622454533,1.9928771257400513
AXITINIB,3,SKMM2,3.662992000579834,1.2586539173216837,1.2712297439575195
AXITINIB,3,SUDHL4,1.9946324825286865,1.3239426163208279,1.3326598405838013
AXITINIB,3,SUDHL8,4.53542947769165,1.0408062413416628,1.0662569999694824
AXITINIB,4,ALLSIL,-1.0439989566802979,1.8103839209356118,1.7113957405090332
AXITINIB,4,BEN,2.502849578857422,2.6674790945192886,2.6933772563934326
AXITINIB,4,CAL12T,2.7561941146850586,2.898816582289102,2.9584226608276367
AXITINIB,4,CALU6,3.456624984741211,3.17370877342276,3.273369073867798
AXITINIB,4,CHAGOK1,3.4925074577331543,2.727872383320745,2.762570381164551
AXITINIB,4,EHEB,3.6872498989105225,2.346890049441627,2.326075553894043
AXITINIB,4,GDM1,-0.3650214970111847,0.9311724056471761,0.7040753364562988
AXITINIB,4,HCC366,3.033844470977783,3.027172272292651,3.105480909347534
AXITINIB,4,JURLMK1,-2.1777853965759277,0.7305976901830185,0.4742751121520996
AXITINIB,4,KARPAS422,3.02205753326416,2.166055207873269,2.118891477584839
AXITINIB,4,KOPN8,1.0367729663848877,2.671730516352654,2.6982481479644775
AXITINIB,4,L1236,2.7644410133361816,1.7451639261275969,1.6366726160049438
AXITINIB,4,L540,1.435312032699585,1.399810296846331,1.2409979104995728
AXITINIB,4,MOLM16,0.8278915286064148,1.5445978466891899,1.4068822860717773
AXITINIB,4,NB4,0.6892189979553223,1.377838998754781,1.2158252000808716
AXITINIB,4,NCIH1436,2.2099854946136475,1.4786023783881728,1.331270694732666
AXITINIB,4,NCIH1437,2.8038880825042725,2.433206398479303,2.424968957901001
AXITINIB,4,NCIH1568,3.745048999786377,3.283277881915171,3.3989033699035645
AXITINIB,4,NCIH1792,3.4814069271087646,2.8957941813734,2.9549598693847656
AXITINIB,4,NCIH2009,2.0941333770751953,4.031779505770745,4.256468296051025
AXITINIB,4,NCIH2030,3.3990840911865234,3.167878311507575,3.2666890621185303
AXITINIB,4,NCIH2081,1.275954008102417,2.33049138107478,2.3072874546051025
AXITINIB,4,NCIH2171,0.6777719855308533,1.834804104594222,1.7393741607666016
AXITINIB,4,NCIH2172,4.12497615814209,3.1420176803731668,3.237060308456421
AXITINIB,4,NCIH2227,1.3476035594940186,2.572459920592079,2.584512948989868
AXITINIB,4,NCIH2342,3.723646402359009,2.335313821092715,2.312812566757202
AXITINIB,4,NCIH596,3.515047073364258,2.5516726944648878,2.560696840286255
AXITINIB,4,NCIH661,3.2973074913024902,2.117337409692605,2.063075065612793
AXITINIB,4,NCIH69,2.014709949493408,1.5670643116066083,1.4326223134994507
AXITINIB,4,NCIH810,2.0671825408935547,1.8794578722954585,1.7905343770980835
AXITINIB,4,NCIH929,2.4588494300842285,2.1315629210253926,2.079373359680176
AXITINIB,4,OCIAML2,1.306130051612854,1.4589810157373118,1.3087903261184692
AXITINIB,4,OCIAML3,1.7058769464492798,2.0457036570614795,1.9810036420822144
AXITINIB,4,OCIAML5,1.362373948097229,2.0965888896085367,2.0393033027648926
AXITINIB,4,OCIM1,1.4962559938430786,0.8514173552098915,0.6126992702484131
AXITINIB,4,OPM2,1.3821325302124023,2.3738579647451656,2.3569729328155518
AXITINIB,4,RERFLCKJ,2.6341404914855957,2.8664325262094006,2.9213199615478516
AXITINIB,4,SUDHL1,2.3192451000213623,1.0337930510594608,0.8216487169265747
AXITINIB,4,SUPB15,-0.247406005859375,1.3864966665940042,1.225744366645813
AXITINIB,4,SW1573,2.503971815109253,3.6238789917725307,3.789133071899414
AXITINIB,5,BV173,-1.320652961730957,0.6112948650414115,0.347209632396698
AXITINIB,5,CALU3,3.7428483963012695,2.811294103139277,2.9241151809692383
AXITINIB,5,CORL279,1.139523983001709,1.8459357848802078,1.7933706045150757
AXITINIB,5,CORL88,2.829132080078125,2.618421365704584,2.6981992721557617
AXITINIB,5,DMS114,2.1323630809783936,2.3079661970904146,2.3345565795898438
AXITINIB,5,DMS273,1.5164482593536377,2.0565135255694846,2.040024757385254
AXITINIB,5,EJM,2.903726577758789,2.1065200714789842,2.0985984802246094
AXITINIB,5,EM2,-1.4406825304031372,1.5210988186635803,1.4128822088241577
AXITINIB,5,HARA,2.2165091037750244,2.8771443192506023,3.001246929168701
AXITINIB,5,JURKAT,2.2966744899749756,1.1119125464090471,0.9335936903953552
AXITINIB,5,L363,2.638242721557617,2.18841730097325,2.194526433944702
AXITINIB,5,LAMA84,-1.8726530075073242,0.6150336113384274,0.3515889048576355
AXITINIB,5,LCLC103H,2.9865479469299316,3.131057260070968,3.2986605167388916
AXITINIB,5,LOUCY,1.3167284727096558,1.377616287646479,1.244818091392517
AXITINIB,5,LOUNH91,2.764007568359375,3.041751540323409,3.1940548419952393
AXITINIB,5,LXF289,1.6563609838485718,2.9625891646644393,3.101330280303955
AXITINIB,5,ME1,3.0665814876556396,0.842148302384562,0.6176131367683411
AXITINIB,5,MEG01,-1.3324520587921143,1.8171021696009129,1.7595971822738647
AXITINIB,5,MHHCALL2,1.4884874820709229,0.704371898562441,0.4562327265739441
AXITINIB,5,NCIH1105,1.5012915134429932,2.233391561130293,2.2472057342529297
AXITINIB,5,NCIH1623,3.611125946044922,2.8893801237014145,3.0155789852142334
AXITINIB,5,NCIH1876,1.2842350006103516,2.563755635194763,2.6341681480407715
AXITINIB,5,NCIH196,3.9726874828338623,2.7270450947515164,2.825432538986206
AXITINIB,5,NCIH2085,2.092747449874878,2.8495934554501723,2.9689760208129883
AXITINIB,5,NCIH2291,6.012119770050049,2.962573898659851,3.1013123989105225
AXITINIB,5,NCIH2405,3.5069849491119385,3.0123095238745923,3.1595687866210938
AXITINIB,5,NCIH292,2.20878005027771,2.9958189821716825,3.1402530670166016
AXITINIB,5,NCIH446,0.8975503444671631,2.090141887569844,2.0794143676757812
AXITINIB,5,NCIH460,1.7202565670013428,2.4909656969443668,2.54890775680542
AXITINIB,5,NCIH522,3.7603580951690674,2.4319829438837286,2.4798200130462646
AXITINIB,5,NCIH526,0.9533560276031494,1.8364126476713563,1.78221595287323
AXITINIB,5,NCIH727,4.236548900604248,2.41425341324844,2.4590530395507812
AXITINIB,5,NCIH82,2.100334882736206,1.4809281595102626,1.3658294677734375
AXITINIB,5,NCIH838,3.1674981117248535,2.1127864610423517,2.10593843460083
AXITINIB,5,P31FUJ,0.270424485206604,1.3232211725113252,1.1811039447784424
AXITINIB,5,RL,2.1033434867858887,1.983244641868474,1.9542033672332764
AXITINIB,5,SKLU1,4.190506935119629,2.926376980500844,3.0589141845703125
AXITINIB,5,SKMES1,3.386260986328125,3.399394132666456,3.612969160079956
AXITINIB,5,SUPM2,-0.18160800635814667,1.9019219230135447,1.8589483499526978
AXITINIB,5,SW1271,2.3201210498809814,3.326574680140522,3.5276741981506348
AZD4547,1,A4FUK,1.0284429788589478,1.8475090821342928,1.7684605121612549
AZD4547,1,BEN,2.875396966934204,3.1024381307845723,3.198035478591919
AZD4547,1,BL41,1.3882410526275635,1.9591747646146556,1.895666480064392
AZD4547,1,CALU6,2.9017128944396973,2.5211601336485896,2.5358622074127197
AZD4547,1,COLO668,3.3060789108276367,2.7557779806273035,2.803131341934204
AZD4547,1,CORL88,3.387155055999756,3.020403884891926,3.1045846939086914
AZD4547,1,DND41,1.9718509912490845,1.6817688716344656,1.579654574394226
AZD4547,1,DOHH2,1.7457220554351807,2.3192062576318317,2.305802822113037
AZD4547,1,EHEB,3.4856200218200684,2.3629007466696326,2.3555781841278076
AZD4547,1,EM2,1.8114299774169922,1.8717086624894381,1.7960278987884521
AZD4547,1,HCC78,3.605844020843506,2.4916261224207,2.502218008041382
AZD4547,1,HCC827,3.055497884750366,2.75124262606781,2.7979648113250732
AZD4547,1,HH,2.27655291557312,2.2428978183860995,2.21887469291687
AZD4547,1,JURKAT,1.2431670427322388,1.9100556399133792,1.8397115468978882
AZD4547,1,JURLMK1,2.259744882583618,2.1715025055032697,2.1375434398651123
AZD4547,1,LU65,3.4753479957580566,2.297274773140149,2.2808191776275635
AZD4547,1,MEG01,1.8509210348129272,2.2512753528719047,2.2284181118011475
AZD4547,1,MOLT16,1.2415180206298828,1.6625979467477539,1.557815670967102
AZD4547,1,NCIH1341,1.509943962097168,2.2516045689642947,2.228793144226074
AZD4547,1,NCIH1650,2.9199719429016113,3.0170382625259258,3.100750684738159
AZD4547,1,NCIH1781,2.570233106613159,3.1164081530038445,3.213949680328369
AZD4547,1,NCIH1836,4.49483585357666,3.0153850661408113,3.098867416381836
AZD4547,1,NCIH1944,2.7694711685180664,2.7175269635201844,2.759557008743286
AZD4547,1,NCIH1975,2.3486709594726562,2.642584362938746,2.674184799194336
AZD4547,1,NCIH2023,3.1804230213165283,2.798018100544942,2.851249933242798
AZD4547,1,NCIH209,1.9846910238265991,3.0492978816185268,3.1374998092651367
AZD4547,1,NCIH211,1.4040240049362183,2.6159909023135737,2.643890380859375
AZD4547,1,NCIH2110,2.489902973175049,2.670074429882925,2.705500602722168
AZD4547,1,NCIH2170,2.264173984527588,2.692562002840901,2.7311177253723145
AZD4547,1,NCIH23,2.382685899734497,2.6534028683625936,2.686508893966675
AZD4547,1,NCIH596,1.26084303855896,2.7297630026972137,2.77349591255188
AZD4547,1,NCIH650,2.9893479347229004,3.0017396555930556,3.0833230018615723
AZD4547,1,NCIH82,2.5095090866088867,2.2252067962262068,2.1987216472625732
AZD4547,1,OCIAML2,1.0021920204162598,1.4903555614543382,1.3616026639938354
AZD4547,1,OCILY19,1.8661470413208008,2.1217843875048423,2.0809061527252197
AZD4547,1,P31FUJ,1.8291070461273193,1.9644030845154727,1.9016224145889282
AZD4547,1,RL,3.0054049491882324,2.2886613667305524,2.2710070610046387
AZD4547,1,RPMI8226,1.8225769996643066,2.338621844700364,2.327920436859131
AZD4547,1,SUDHL5,1.2971669435501099,2.3320848228124444,2.3204736709594727
AZD4547,1,SW1573,3.248431921005249,2.8731009266711363,2.936781883239746
AZD4547,1,WSUDLCL2,2.2152750492095947,1.8831052320246529,1.8090105056762695
AZD4547,2,A3KAW,1.3325179815292358,2.407609833416101,2.414608955383301
AZD4547,2,DMS273,3.1482839584350586,2.3818859088481577,2.384659767150879
AZD4547,2,DMS79,2.963188886642456,3.029171819644422,3.1382651329040527
AZD4547,2,EBC1,2.6496500968933105,2.5580002646613327,2.5897016525268555
AZD4547,2,EJM,2.1546149253845215,2.1495449057864553,2.1141557693481445
AZD4547,2,HCC15,2.931615114212036,3.0219237574058715,3.129826545715332
AZD4547,2,HCC366,3.4785780906677246,2.598180176389353,2.636481285095215
AZD4547,2,HL60,2.500063896179199,1.174504012419371,0.9789602756500244
AZD4547,2,K562,2.1895670890808105,2.0922906613092147,2.047497272491455
AZD4547,2,KCL22,1.840343952178955,1.8171579539617004,1.7271728515625
AZD4547,2,KMS11,1.0937490463256836,1.9241793998155519,1.8517730236053467
AZD4547,2,KOPN8,1.3361819982528687,2.040790797486981,1.9875383377075195
AZD4547,2,KU812,1.923967957496643,1.963063859158392,1.8970444202423096
AZD4547,2,L540,2.23764705657959,2.1792502064645274,2.148740291595459
AZD4547,2,LOUCY,1.2519429922103882,1.073109675064757,0.86091148853302
AZD4547,2,LOUNH91,2.243230104446411,2.6704683034789274,2.7206430435180664
AZD4547,2,MM1S,1.49898099899292,2.245321145059939,2.225663661956787
AZD4547,2,NAMALWA,1.8077260255813599,2.0365923522133533,1.9826502799987793
AZD4547,2,NB4,1.7879199981689453,1.3466155923794116,1.1793419122695923
AZD4547,2,NCIH1105,4.168700695037842,3.0176659252856264,3.1248693466186523
AZD4547,2,NCIH1155,1.66115403175354,2.356612300403359,2.3552348613739014
AZD4547,2,NCIH1436,3.898542881011963,2.2821981242048777,2.2685978412628174
AZD4547,2,NCIH146,3.6644461154937744,2.553751647741425,2.5847551822662354
AZD4547,2,NCIH1792,2.1023809909820557,2.4334689142556565,2.4447154998779297
AZD4547,2,NCIH1876,1.3425140380859375,2.830255986463574,2.9066765308380127
AZD4547,2,NCIH1915,2.927583932876587,2.508042411028856,2.5315380096435547
AZD4547,2,NCIH196,2.331387996673584,2.496958777627734,2.5186338424682617
AZD4547,2,NCIH2009,3.064819097518921,3.0015270377617473,3.106079578399658
AZD4547,2,NCIH2081,5.0257768630981445,2.582128935659792,2.617793560028076
AZD4547,2,NCIH2085,3.861989974975586,2.823474622926545,2.8987812995910645
AZD4547,2,NCIH2444,5.341189861297607,2.3205438015013367,2.313241958618164
AZD4547,2,NCIH292,2.5116748809814453,2.7566453757344966,2.8209750652313232
AZD4547,2,NCIH460,2.19392991065979,2.4700116888016996,2.487260580062866
AZD4547,2,NCIH841,3.4817728996276855,2.52209763936538,2.5479018688201904
AZD4547,2,PL21,2.7906649112701416,2.827258588967228,2.903186798095703
AZD4547,2,RCHACV,1.4299429655075073,1.686074391334047,1.5745582580566406
AZD4547,2,REH,1.8192709684371948,1.731132010991661,1.6270167827606201
AZD4547,2,RERFLCMS,2.5291736125946045,2.971572312327882,3.071204662322998
AZD4547,2,SUDHL6,1.555325984954834,1.7875707102390592,1.6927257776260376
AZD4547,2,SW1271,3.085047960281372,2.598260041458942,2.6365742683410645
AZD4547,2,THP1,3.559900999069214,1.423802212794896,1.2692067623138428
AZD4547,3,697,0.48870399594306946,1.4204575067655516,1.2392932176589966
AZD4547,3,A549,2.901984930038452,2.7747535698474897,2.8635213375091553
AZD4547,3,CALU3,3.7061989307403564,3.036258000031117,3.177147626876831
AZD4547,3,CMK,2.242482900619507,1.8188727391757347,1.717118740081787
AZD4547,3,CORL105,3.7773630619049072,2.6403480886998922,2.702326774597168
AZD4547,3,CORL23,2.332932949066162,2.4539832125331795,2.478816509246826
AZD4547,3,DB,2.8353540897369385,2.0813307916736457,2.031888723373413
AZD4547,3,EPLC272H,2.4786529541015625,3.035957421140311,3.1767871379852295
AZD4547,3,GDM1,-0.5668129920959473,1.447327708998235,1.2715190649032593
AZD4547,3,HARA,1.8867249488830566,2.7199482175527256,2.797792434692383
AZD4547,3,HCC44,2.727031946182251,2.6512872121287225,2.7154462337493896
AZD4547,3,HEL,2.659820079803467,1.974722595865395,1.9040318727493286
AZD4547,3,JM1,2.4360299110412598,2.164896295615706,2.132110118865967
AZD4547,3,JVM2,1.8305519819259644,2.03952776255522,1.9817537069320679
AZD4547,3,JVM3,2.416224956512451,2.329159279916717,2.329113245010376
AZD4547,3,KMH2,2.4132659435272217,1.8905498708770598,1.8030822277069092
AZD4547,3,KMS12BM,0.6054369807243347,1.8865071643139417,1.7982337474822998
AZD4547,3,L363,2.023293972015381,2.2760162561172717,2.265377998352051
AZD4547,3,LCLC97TM1,2.3239810466766357,2.850524100980422,2.9543941020965576
AZD4547,3,MOLM16,1.9465210437774658,1.5363836481887942,1.3783252239227295
AZD4547,3,NALM6,2.1569559574127197,2.132470751383301,2.093221664428711
AZD4547,3,NCIH1092,3.240662097930908,3.116214966919001,3.273041248321533
AZD4547,3,NCIH1568,2.5771849155426025,2.9086509295368197,3.024106502532959
AZD4547,3,NCIH2228,4.315013885498047,2.9068727032284456,3.0219738483428955
AZD4547,3,NCIH2342,3.491331100463867,3.028912901580385,3.1683385372161865
AZD4547,3,NCIH2405,3.369961977005005,2.7310078110925535,2.81105637550354
AZD4547,3,NCIH358,3.0365068912506104,2.698225428825098,2.771739959716797
AZD4547,3,NCIH441,3.232403039932251,3.114505921466448,3.270991563796997
AZD4547,3,NCIH446,1.4608885049819946,2.679434477056207,2.749203681945801
AZD4547,3,NCIH661,2.9201669692993164,2.484726946305121,2.515687942504883
AZD4547,3,NCIH727,3.6082749366760254,2.9141122412353826,3.030656337738037
AZD4547,3,OCIM1,1.576882004737854,1.8088090120072646,1.7050491571426392
AZD4547,3,PF382,2.181166887283325,1.5876025297368423,1.4397528171539307
AZD4547,3,RPMI8402,1.3445830345153809,1.475758456398133,1.3056164979934692
AZD4547,3,RS411,0.41328999400138855,2.990544761592114,3.1223230361938477
AZD4547,3,SIGM5,2.9784460067749023,2.23912954066226,2.2211391925811768
AZD4547,3,SKLU1,2.1256580352783203,2.5568096209543594,2.602137804031372
AZD4547,3,SKM1,1.5478500127792358,1.7123370043500887,1.5893487930297852
AZD4547,3,SKMM2,2.488703489303589,2.057557426716742,2.0033769607543945
AZD4547,3,SUDHL10,1.7634689807891846,2.4370887704324704,2.458554744720459
AZD4547,3,SUDHL8,2.037113904953003,2.155587693392161,2.120946168899536
AZD4547,4,ALLSIL,1.4291880130767822,1.8680634174140867,1.653019666671753
AZD4547,4,AMO1,1.70284903049469,2.285804722590939,2.2462754249572754
AZD4547,4,CA46,2.5104310512542725,2.2621628306286814,2.212700366973877
AZD4547,4,CAL12T,3.063119411468506,2.6722162902775866,2.7950382232666016
AZD4547,4,CMLT1,1.645980954170227,1.8288580577658164,1.5973421335220337
AZD4547,4,CORL95,4.116774559020996,3.098862925221651,3.4009408950805664
AZD4547,4,DAUDI,1.9039649963378906,2.230313832417014,2.1674699783325195
AZD4547,4,GA10,2.0824360847473145,1.981045518323277,1.8134713172912598
AZD4547,4,GRANTA519,3.049222469329834,2.2079636287803095,2.1357293128967285
AZD4547,4,JEKO1,1.1032429933547974,2.142985192162149,2.043450117111206
AZD4547,4,KARPAS422,2.6088709831237793,2.4549116381759104,2.4864327907562256
AZD4547,4,KG1,-2.1283650398254395,1.5568288993225718,1.2110196352005005
AZD4547,4,L1236,2.7511401176452637,2.309734197358196,2.280258893966675
AZD4547,4,LAMA84,1.9660029411315918,2.1024956989029935,1.985948920249939
AZD4547,4,LP1,4.155786991119385,1.975652039639775,1.8058117628097534
AZD4547,4,MHHCALL2,1.4475239515304565,2.0002398658196467,1.8407301902770996
AZD4547,4,MOLP8,1.953529953956604,2.106408033805343,1.9915050268173218
AZD4547,4,MONOMAC6,0.4588870108127594,2.0724730109914984,1.943312168121338
AZD4547,4,NCIH1651,3.097343921661377,2.592249299759591,2.6814730167388916
AZD4547,4,NCIH1793,3.4539709091186523,2.585923821109972,2.672489881515503
AZD4547,4,NCIH1963,2.307018995285034,2.832466394151764,3.0226175785064697
AZD4547,4,NCIH2029,4.545312881469727,3.0386139078677408,3.315378189086914
AZD4547,4,NCIH2030,2.4611239433288574,2.586239608183064,2.672938346862793
AZD4547,4,NCIH2087,3.4557530879974365,2.813004609756173,2.994978904724121
AZD4547,4,NCIH2172,4.34636116027832,2.3762880438083016,2.3747754096984863
AZD4547,4,NCIH2196,4.469573974609375,2.9006411466043662,3.119436025619507
AZD4547,4,NCIH2227,1.3790149688720703,2.096768301831199,1.9778151512145996
AZD4547,4,NCIH2291,4.5974578857421875,2.741289550127947,2.8931326866149902
AZD4547,4,NCIH2347,2.9126689434051514,2.51778197363681,2.5757181644439697
AZD4547,4,NCIH524,2.2886509895324707,2.306217561621863,2.2752647399902344
AZD4547,4,NCIH526,2.4125308990478516,2.601702094516358,2.694897413253784
AZD4547,4,NCIH810,2.592067003250122,2.8386793914941153,3.0314409732818604
AZD4547,4,NCIH838,1.819025993347168,2.5031488270914326,2.5549368858337402
AZD4547,4,NCIH929,1.2795170545578003,2.1612304996137635,2.0693612098693848
AZD4547,4,NUDUL1,2.516282081604004,1.9883516828779795,1.8238471746444702
AZD4547,4,RERFLCKJ,2.5728819370269775,2.5722125176365482,2.65301775932312
AZD4547,4,SBC5,1.99337899684906,2.4560933634324176,2.4881110191345215
AZD4547,4,SHP77,2.1913180351257324,2.6021076987527154,2.6954734325408936
AZD4547,4,SUPB15,1.4248549938201904,1.843630966532538,1.6183218955993652
AZD4547,4,SUPT1,2.322772979736328,2.0474789929863504,1.9078168869018555
AZD4547,5,ABC1,3.708970069885254,2.7247413747371274,2.7996397018432617
AZD4547,5,BV173,1.9991810321807861,1.8471224941496804,1.6490010023117065
AZD4547,5,CHAGOK1,3.841629981994629,3.067856852846874,3.249495506286621
AZD4547,5,CORL279,2.8321990966796875,2.678593234710976,2.739135265350342
AZD4547,5,CORL311,2.4072461128234863,2.465426993920765,2.4596548080444336
AZD4547,5,DMS114,1.3231689929962158,2.1809874863583483,2.086728572845459
AZD4547,5,DMS53,2.744709014892578,2.662475736674149,2.718003749847412
AZD4547,5,HCC33,3.4866819381713867,2.2464043578751607,2.1724960803985596
AZD4547,5,HDLM2,1.4424749612808228,2.3410166463104063,2.296541452407837
AZD4547,5,HT,3.6296210289001465,2.0928613306965658,1.9711871147155762
AZD4547,5,IALM,2.214601993560791,2.8952582193208984,3.023202896118164
AZD4547,5,KNS62,3.380126953125,2.909046979657351,3.041281223297119
AZD4547,5,L428,2.307478904724121,2.3092524531343206,2.2548956871032715
AZD4547,5,LCLC103H,2.7740979194641113,2.907740406146716,3.0395681858062744
AZD4547,5,LXF289,1.7308369874954224,3.0987720005502872,3.2900280952453613
AZD4547,5,ME1,2.655673027038574,1.4014874574637077,1.0647326707839966
AZD4547,5,MOLM13,-0.8373399972915649,2.0746246740785015,1.9472771883010864
AZD4547,5,MOLT13,1.6084890365600586,1.833305183772703,1.6308852434158325
AZD4547,5,NCIH1048,1.6267340183258057,2.376197570132466,2.3426668643951416
AZD4547,5,NCIH1435,2.5752499103546143,2.9473636799049343,3.091517925262451
AZD4547,5,NCIH1437,3.614901542663574,2.6203076905140064,2.662717580795288
AZD4547,5,NCIH1623,3.2867588996887207,3.080038264086528,3.2654664516448975
AZD4547,5,NCIH1648,2.9037530422210693,2.9548774322898934,3.1013691425323486
AZD4547,5,NCIH2066,3.276052951812744,2.6682362983540235,2.7255563735961914
AZD4547,5,NCIH2122,2.439021110534668,2.6459358071459915,2.6963183879852295
AZD4547,5,NCIH2171,2.0691490173339844,2.8672875445867554,2.9865307807922363
AZD4547,5,NCIH522,2.4243030548095703,2.753058650600188,2.836766242980957
AZD4547,5,NCIH647,2.129676103591919,2.8037649773511237,2.9032468795776367
AZD4547,5,NCIH69,2.532352924346924,2.326959842918327,2.278111696243286
AZD4547,5,NOMO1,1.5628410577774048,1.9460972105923553,1.7787659168243408
AZD4547,5,OCIAML3,2.661294937133789,2.3667315041483175,2.3302559852600098
AZD4547,5,OCIAML5,1.6084140539169312,1.8668920333575703,1.674920678138733
AZD4547,5,OPM2,-0.3870930075645447,2.161025552609853,2.060556650161743
AZD4547,5,P12ICHIKAWA,1.932239055633545,1.9844244579886676,1.8290164470672607
AZD4547,5,RAJI,2.342298984527588,1.892954219713966,1.7090905904769897
AZD4547,5,SKMES1,2.838963031768799,2.746811283452259,2.828575372695923
AZD4547,5,ST486,1.6886709928512573,1.866075720415435,1.673850417137146
AZD4547,5,SUDHL1,1.9443830251693726,2.205410136629583,2.118748903274536
AZD4547,5,SUDHL4,2.362746000289917,2.0742330657200947,1.9467637538909912
AZD4547,5,SUPM2,1.5075730085372925,2.1427409792040297,2.03658390045166
AZD6738,1,ALLSIL,0.17643749713897705,0.6763705976498395,0.43983376026153564
AZD6738,1,BV173,-0.7047309875488281,0.9011899884589623,0.722442626953125
AZD6738,1,CAL12T,1.0045645236968994,1.8090208915956247,1.8636300563812256
AZD6738,1,CALU6,1.3668605089187622,1.5791925327821206,1.5747246742248535
AZD6738,1,CORL311,2.8388960361480713,1.7139476081898701,1.744118332862854
AZD6738,1,DB,1.6777969598770142,1.1725764041027746,1.0635885000228882
AZD6738,1,DMS114,2.2964999675750732,2.137758990404695,2.276869773864746
AZD6738,1,DMS53,3.564784049987793,1.9801643144148968,2.078765630722046
AZD6738,1,EHEB,-0.3195120096206665,1.1201171395623686,0.9976446628570557
AZD6738,1,EJM,1.1156140565872192,1.2683877703570894,1.1840280294418335
AZD6738,1,GDM1,1.8261854648590088,0.7712370509524579,0.559085488319397
AZD6738,1,HCC366,2.6134583950042725,2.34531494297217,2.5377776622772217
AZD6738,1,HT,1.1944324970245361,1.5522756005703862,1.540888786315918
AZD6738,1,IALM,4.314212322235107,2.453547495337806,2.6738312244415283
AZD6738,1,KNS62,1.8668899536132812,1.3239239764501596,1.2538397312164307
AZD6738,1,L1236,1.0939569473266602,1.5650562974203546,1.5569547414779663
AZD6738,1,L540,-0.05602150037884712,1.2037350130009283,1.102756381034851
AZD6738,1,MEG01,0.11302199959754944,1.1683212611739688,1.0582395792007446
AZD6738,1,MOLM16,0.18286849558353424,0.9824472865067524,0.8245869874954224
AZD6738,1,NB4,-0.8817154765129089,0.8684443544457302,0.6812797784805298
AZD6738,1,NCIH1437,2.116534471511841,1.8305277135121634,1.8906651735305786
AZD6738,1,NCIH1568,1.0069210529327393,2.2290462682132417,2.391622304916382
AZD6738,1,NCIH1876,0.70084547996521,2.373439854025605,2.573132038116455
AZD6738,1,NCIH1944,1.3782689571380615,2.0578694642860818,2.1764447689056396
AZD6738,1,NCIH2029,4.211040496826172,2.2256497404856264,2.387352705001831
AZD6738,1,NCIH2030,1.9238004684448242,1.7657131715819765,1.8091901540756226
AZD6738,1,NCIH2081,3.7256875038146973,2.5239514761853945,2.7623324394226074
AZD6738,1,NCIH2087,2.9924545288085938,1.6566707480192822,1.6721185445785522
AZD6738,1,NCIH209,1.4438644647598267,2.314180990574161,2.498640775680542
AZD6738,1,NCIH2110,1.048985481262207,2.2682220329661145,2.4408681392669678
AZD6738,1,NCIH2172,3.7054638862609863,2.0713990549115966,2.1934521198272705
AZD6738,1,NCIH358,3.029677391052246,1.8990821723508262,1.9768414497375488
AZD6738,1,NCIH647,0.0005530000198632479,2.2967044632716473,2.4766719341278076
AZD6738,1,NCIH69,2.7924225330352783,1.7404940290705853,1.7774884700775146
AZD6738,1,NCIH810,2.1201789379119873,2.2367387169275945,2.401292085647583
AZD6738,1,NCIH929,2.0054171085357666,1.3123595088861713,1.239302635192871
AZD6738,1,P31FUJ,0.6963974833488464,0.8263951590990795,0.6284219026565552
AZD6738,1,SIGM5,-0.6463410258293152,0.838360958619268,0.6434634923934937
AZD6738,1,SKM1,1.069219946861267,2.0094323387481143,2.1155569553375244
AZD6738,1,SUPT1,1.2353365421295166,0.8767674879839747,0.6917423605918884
AZD6738,1,SW1573,2.984714984893799,2.371035276265347,2.5701093673706055
AZD6738,2,A3KAW,-0.7043225169181824,1.7182017103654723,1.811010718345642
AZD6738,2,DMS79,2.847787618637085,2.930477740933023,3.2080249786376953
AZD6738,2,EBC1,2.1527960300445557,2.0546001483065766,2.1986727714538574
AZD6738,2,GA10,0.34358200430870056,0.8132021441360289,0.7680986523628235
AZD6738,2,HARA,0.642550528049469,1.7595312125282117,1.8586384057998657
AZD6738,2,HDLM2,1.8844770193099976,0.9718580683420517,0.9509320855140686
AZD6738,2,JEKO1,-0.510579526424408,0.8706543727106251,0.834306001663208
AZD6738,2,JM1,0.11236400157213211,1.8514932599005192,1.9646145105361938
AZD6738,2,JURKAT,0.48604100942611694,1.2621984675684437,1.2855173349380493
AZD6738,2,JVM2,1.0393714904785156,0.6466488433916707,0.5761643648147583
AZD6738,2,K562,0.7380895018577576,0.5235099073209107,0.4342603385448456
AZD6738,2,KARPAS422,2.313321590423584,1.4485979049838271,1.5003221035003662
AZD6738,2,KCL22,-0.0008329999982379377,0.5244534319353986,0.43534764647483826
AZD6738,2,LAMA84,1.4872064590454102,2.0928958066042025,2.2428042888641357
AZD6738,2,LOUNH91,2.9820713996887207,2.1027185588565116,2.2541239261627197
AZD6738,2,LU65,2.6283628940582275,1.3853274470287285,1.4274098873138428
AZD6738,2,MM1S,1.2886489629745483,0.9037539734064828,0.8724496364593506
AZD6738,2,MOLM13,-0.49896299839019775,0.8170594126181059,0.772543728351593
AZD6738,2,NCIH1092,4.164103031158447,2.7234027941246914,2.9693939685821533
AZD6738,2,NCIH1436,1.5984630584716797,2.2570810891803177,2.432009696960449
AZD6738,2,NCIH1781,3.200416088104248,2.3593601504657196,2.549875020980835
AZD6738,2,NCIH1793,2.6663544178009033,2.2216998988674064,2.3912367820739746
AZD6738,2,NCIH1836,2.7115468978881836,2.169145753697447,2.330673933029175
AZD6738,2,NCIH1915,3.2232980728149414,1.9573114953593094,2.0865583419799805
AZD6738,2,NCIH1975,2.1234335899353027,1.7233547347209268,1.8169490098953247
AZD6738,2,NCIH2009,1.8969115018844604,2.6183216064543267,2.848299503326416
AZD6738,2,NCIH2023,0.8182024955749512,2.5322143563773576,2.749070405960083
AZD6738,2,NCIH2171,0.4763459861278534,2.6985525426127994,2.9407567977905273
AZD6738,2,NCIH2227,3.2481625080108643,2.0677501153051185,2.2138266563415527
AZD6738,2,NCIH2228,2.9651520252227783,2.0856893929715214,2.23449969291687
AZD6738,2,NCIH292,1.2669310569763184,1.7642432495542546,1.8640685081481934
AZD6738,2,NCIH446,1.8889504671096802,1.886515598455108,2.004973888397217
AZD6738,2,NCIH596,4.278252124786377,1.915379734638786,2.038236618041992
AZD6738,2,NCIH841,2.2309210300445557,1.8359767746906366,1.9467334747314453
AZD6738,2,OCIM1,-0.1447415053844452,0.08348348780028803,-0.07282152026891708
AZD6738,2,RPMI8226,0.5361524820327759,1.2072412879949592,1.2221852540969849
AZD6738,2,SBC5,1.2160085439682007,1.7753640334766212,1.8768839836120605
AZD6738,2,SUDHL1,0.3328010141849518,0.6673365593304482,0.6000046730041504
AZD6738,2,SUDHL4,1.7710089683532715,0.9090069259252521,0.8785030841827393
AZD6738,2,THP1,1.2604949474334717,1.3174276048451938,1.3491628170013428
AZD6738,2,WSUDLCL2,0.8521260023117065,0.8457704497523987,0.8056300282478333
AZD6738,3,697,-0.9059385061264038,1.0713903163951184,1.0990012884140015
AZD6738,3,A4FUK,0.7652465105056763,0.6814878493197712,0.7378638386726379
AZD6738,3,AMO1,1.6181869506835938,1.3995919354872528,1.4029898643493652
AZD6738,3,CHAGOK1,3.185234546661377,3.4465960239529845,3.298976421356201
AZD6738,3,CMLT1,-0.07755699753761292,0.49838157570968,0.5682662129402161
AZD6738,3,CORL105,2.941679000854492,2.1945514322678195,2.139301300048828
AZD6738,3,CORL95,4.325370788574219,2.5100093804486203,2.4314863681793213
AZD6738,3,DAUDI,1.3148189783096313,0.2030047068403275,0.29468074440956116
AZD6738,3,GRANTA519,0.6172195076942444,0.6923299763652309,0.7479060888290405
AZD6738,3,HCC827,2.727293014526367,1.2553387032079855,1.269378900527954
AZD6738,3,HEL,-0.36108699440956116,0.9954996099714586,1.0287094116210938
AZD6738,3,HH,3.446904420852661,0.13926074009852307,0.23563948273658752
AZD6738,3,HL60,2.237494945526123,0.7376356151927946,0.7898693084716797
AZD6738,3,KMS12BM,0.6660299897193909,0.9081354168330409,0.9477905035018921
AZD6738,3,L363,0.7225105166435242,1.0503383872568566,1.0795024633407593
AZD6738,3,L428,1.6988810300827026,1.2441362680605588,1.259002923965454
AZD6738,3,LCLC103H,3.514478921890259,2.5504599013870943,2.4689526557922363
AZD6738,3,LP1,3.5153019428253174,1.3664502827375666,1.37229323387146
AZD6738,3,LXF289,2.0582094192504883,2.8710539292668065,2.765894889831543
AZD6738,3,NALM6,1.0749369859695435,0.5232112378034481,0.5912640690803528
AZD6738,3,NAMALWA,0.33536601066589355,0.6058418100516175,0.6677985787391663
AZD6738,3,NCIH1435,4.370843887329102,2.941170568043189,2.830838680267334
AZD6738,3,NCIH146,2.3035850524902344,1.878688451189397,1.8467410802841187
AZD6738,3,NCIH1651,2.2819700241088867,3.531405562504531,3.3775291442871094
AZD6738,3,NCIH522,5.0352678298950195,2.3377920179508096,2.2719743251800537
AZD6738,3,NCIH838,0.9880045056343079,1.6810787307514885,1.6637099981307983
AZD6738,3,OCIAML2,0.11028800159692764,0.6077434182697152,0.669559895992279
AZD6738,3,OCIAML3,1.501869559288025,0.7369404824695496,0.7892254590988159
AZD6738,3,P12ICHIKAWA,0.40828248858451843,0.2101396953199679,0.3012893497943878
AZD6738,3,PF382,1.685070514678955,0.24814200025000488,0.3364880383014679
AZD6738,3,PL21,1.032738447189331,2.131472610112893,2.080876111984253
AZD6738,3,RCHACV,-0.3228744864463806,1.2001843426162744,1.21829354763031
AZD6738,3,REH,1.5485490560531616,0.5835895832320034,0.6471880078315735
AZD6738,3,RERFLCKJ,3.4666714668273926,2.8810990540184878,2.7751989364624023
AZD6738,3,RL,2.204025983810425,0.8894102067043745,0.9304467439651489
AZD6738,3,RPMI8402,-0.20849549770355225,0.9188832678703951,0.9577454328536987
AZD6738,3,SKMES1,2.0143699645996094,2.791345720213231,2.6920671463012695
AZD6738,3,ST486,1.1181919574737549,0.40535113707523474,0.48209908604621887
AZD6738,3,SUDHL10,1.8470574617385864,0.9790453898264357,1.0134690999984741
AZD6738,3,SUDHL6,2.6102354526519775,0.5042087982939504,0.5736635327339172
AZD6738,3,SUDHL8,0.7716724872589111,0.6368422069011689,0.6965119242668152
AZD6738,4,ABC1,2.6261894702911377,2.0343179123073565,2.154479742050171
AZD6738,4,BL41,0.021541999652981758,0.6419134537879403,0.5330772995948792
AZD6738,4,CALU3,3.37562894821167,2.727892359150627,2.96212100982666
AZD6738,4,COLO668,2.663038492202759,2.720295476655026,2.953274726867676
AZD6738,4,CORL23,0.7955359816551208,2.0407293175053747,2.1619455814361572
AZD6738,4,CORL279,2.01835298538208,2.3455296581637164,2.516874074935913
AZD6738,4,DMS273,1.5248420238494873,1.8553842416868092,1.9461182355880737
AZD6738,4,DOHH2,0.45718199014663696,1.4988380217346016,1.5309336185455322
AZD6738,4,EPLC272H,-0.11730899661779404,1.9404150066173307,2.045133352279663
AZD6738,4,HCC44,2.4202630519866943,2.45808632553784,2.647942066192627
AZD6738,4,JURLMK1,-0.5871220231056213,0.6454222823177045,0.5371631979942322
AZD6738,4,JVM3,0.5164675116539001,0.8534044975740483,0.7793506383895874
AZD6738,4,KMS11,1.3236769437789917,1.0198715128519524,0.9731951951980591
AZD6738,4,LCLC97TM1,0.8756744861602783,2.1346023303309023,2.271257162094116
AZD6738,4,LOUCY,0.10247450321912766,1.0362136449921746,0.9922249913215637
AZD6738,4,MHHCALL2,0.9302434921264648,0.9343112756776399,0.8735635280609131
AZD6738,4,MOLT16,-0.7224940061569214,0.9133775688385783,0.8491870164871216
AZD6738,4,NCIH1048,2.31095290184021,1.9303306692532765,2.033390522003174
AZD6738,4,NCIH1623,2.2654945850372314,2.3562380602605915,2.529343605041504
AZD6738,4,NCIH1648,0.5005205273628235,1.9920952649312529,2.1053130626678467
AZD6738,4,NCIH1792,1.4547704458236694,1.7665890232859305,1.842719554901123
AZD6738,4,NCIH196,3.354851007461548,2.348541671380426,2.520381450653076
AZD6738,4,NCIH2066,4.155270099639893,2.2633674821240053,2.421199321746826
AZD6738,4,NCIH211,1.8108395338058472,2.195866527646997,2.342597007751465
AZD6738,4,NCIH2122,0.3523294925689697,1.7946554542382755,1.8754018545150757
AZD6738,4,NCIH2196,1.0512109994888306,3.2392415419753204,3.557567834854126
AZD6738,4,NCIH2347,2.8939599990844727,2.435782563200198,2.6219701766967773
AZD6738,4,NCIH2405,3.0755574703216553,2.303588331306935,2.4680349826812744
AZD6738,4,NCIH441,4.066784381866455,2.651879923371748,2.8736073970794678
AZD6738,4,NCIH524,1.8941240310668945,1.6798676735460576,1.741735816001892
AZD6738,4,NCIH650,4.403629779815674,2.6174073082353893,2.833465337753296
AZD6738,4,NCIH661,2.004040002822876,1.9321793177023059,2.035543203353882
AZD6738,4,NCIH82,1.705183506011963,1.0053979406749547,0.9563412666320801
AZD6738,4,NOMO1,1.2084925174713135,1.2387153311357268,1.2280305624008179
AZD6738,4,OCIAML5,1.1262710094451904,0.6844625680985857,0.5826241374015808
AZD6738,4,OPM2,2.0145390033721924,2.647942459829464,2.8690223693847656
AZD6738,4,RAJI,0.9185044765472412,1.3222459247088403,1.32529878616333
AZD6738,4,RS411,0.8858014941215515,1.9994996865184385,2.1139352321624756
AZD6738,4,SUDHL5,-1.1179205179214478,0.7635252533437993,0.6746896505355835
AZD6738,4,SW1271,3.1590263843536377,2.6359763052215257,2.855088233947754
AZD6738,5,A549,1.5073014497756958,1.990513937909292,1.9958081245422363
AZD6738,5,BEN,2.2092878818511963,2.576013126136149,2.589005708694458
AZD6738,5,CA46,1.850820541381836,0.7131327984925465,0.7016314268112183
AZD6738,5,CMK,0.06447000056505203,0.4802306491715549,0.4656669795513153
AZD6738,5,CORL88,3.3494346141815186,2.395063463409141,2.40567684173584
AZD6738,5,DND41,-0.003410999896004796,0.6807091511168841,0.6687814593315125
AZD6738,5,EM2,0.5577495098114014,0.47580101972682554,0.46117910742759705
AZD6738,5,HCC15,3.7673819065093994,2.042366735190792,2.048342704772949
AZD6738,5,HCC33,1.1500120162963867,1.735956322478486,1.7379034757614136
AZD6738,5,HCC78,0.9330620169639587,2.2529630405031797,2.2617080211639404
AZD6738,5,KG1,1.5331079959869385,0.26412292800078396,0.24671778082847595
AZD6738,5,KMH2,1.4845105409622192,0.9900249380971,0.9821642637252808
AZD6738,5,KOPN8,-0.22894249856472015,1.7758538149816347,1.7783255577087402
AZD6738,5,KU812,0.4459789991378784,0.4898835397077503,0.47544679045677185
AZD6738,5,ME1,2.8849334716796875,1.4578260233752502,1.4561161994934082
AZD6738,5,MOLP8,1.0979715585708618,1.6968797592561795,1.6983131170272827
AZD6738,5,MOLT13,0.8692175149917603,0.5379228163229094,0.5241177082061768
AZD6738,5,MONOMAC6,0.7173255085945129,0.47236010588291594,0.457692950963974
AZD6738,5,NCIH1105,2.7776060104370117,2.9772730514018297,2.995541572570801
AZD6738,5,NCIH1155,1.0366275310516357,2.839594374572128,2.8560526371002197
AZD6738,5,NCIH1341,1.2578929662704468,1.785013465508472,1.7876056432724
AZD6738,5,NCIH1650,1.7414774894714355,2.055717631512798,2.0618691444396973
AZD6738,5,NCIH1963,1.95318603515625,2.1059248050417025,2.112736463546753
AZD6738,5,NCIH2085,3.4005041122436523,2.0316917129844407,2.037527322769165
AZD6738,5,NCIH2170,2.1767799854278564,1.670322338151167,1.6714065074920654
AZD6738,5,NCIH2291,2.6754939556121826,2.985838154751356,3.0042192935943604
AZD6738,5,NCIH23,1.329703450202942,1.3100176887102308,1.3063644170761108
AZD6738,5,NCIH2342,3.238299608230591,2.625655521028384,2.63930082321167
AZD6738,5,NCIH2444,4.633522033691406,1.8867606901488216,1.8906906843185425
AZD6738,5,NCIH460,0.11764950305223465,2.000948458546195,2.0063798427581787
AZD6738,5,NCIH526,4.72439432144165,2.3286563206606647,2.3383965492248535
AZD6738,5,NCIH727,2.624948024749756,1.8750934224751712,1.8788700103759766
AZD6738,5,NUDUL1,-0.3712719976902008,0.5859108804585663,0.5727367401123047
AZD6738,5,OCILY19,0.36840951442718506,1.1307203564821295,1.1247096061706543
AZD6738,5,RERFLCMS,0.9461255073547363,2.452352019744155,2.4637186527252197
AZD6738,5,SHP77,2.7974069118499756,2.391537832769731,2.4021048545837402
AZD6738,5,SKLU1,2.669049024581909,2.1020544241094923,2.1088151931762695
AZD6738,5,SKMM2,4.139801979064941,1.403320178447994,1.4008936882019043
AZD6738,5,SUPB15,0.7500579953193665,0.6756492051811883,0.6636549830436707
AZD6738,5,SUPM2,-0.8526710271835327,0.3946099725280102,0.3789205253124237
AZD7762,1,A4FUK,-2.3888819217681885,-1.095654656355361,-1.0891319513320923
AZD7762,1,A549,-0.12730549275875092,-0.4039534583198985,-0.3317461907863617
AZD7762,1,ALLSIL,-1.8254300355911255,-1.4479298176914939,-1.4748594760894775
AZD7762,1,BEN,1.0605854988098145,0.5819975849199202,0.7478316426277161
AZD7762,1,BV173,-2.203557014465332,-1.5897828341674687,-1.6301829814910889
AZD7762,1,CALU6,-0.1744520217180252,-0.278991450088652,-0.1949176788330078
AZD7762,1,CORL279,-0.02459000051021576,-0.05458318818864258,0.050800591707229614
AZD7762,1,DMS273,0.042954981327056885,0.010452755491550406,0.12201240658760071
AZD7762,1,DMS53,2.6741650104522705,-0.058869377915439725,0.04610738158226013
AZD7762,1,EBC1,1.1209709644317627,-0.17978566484237513,-0.08629122376441956
AZD7762,1,EPLC272H,-1.9745060205459595,-0.3710166604373329,-0.2956816852092743
AZD7762,1,HCC33,-0.9953140020370483,-0.7009030548875608,-0.6568943858146667
AZD7762,1,HEL,-1.4511109590530396,-1.231483088294784,-1.237858772277832
AZD7762,1,L363,-2.292670965194702,-1.0297923831554538,-1.0170153379440308
AZD7762,1,L540,-1.8007160425186157,-1.0438716663990595,-1.0324316024780273
AZD7762,1,LXF289,-0.21095100045204163,0.004284679214948156,0.1152586042881012
AZD7762,1,MEG01,-2.18141508102417,-1.3361127361135279,-1.352424144744873
AZD7762,1,MOLM13,-5.885913848876953,-1.2933835523744803,-1.3056373596191406
AZD7762,1,MOLT13,-1.0760350227355957,-1.7474654500515348,-1.8028392791748047
AZD7762,1,MONOMAC6,-4.958408832550049,-1.1847376600257946,-1.1866743564605713
AZD7762,1,NCIH1105,1.731855034828186,0.3906811801670947,0.5383476614952087
AZD7762,1,NCIH1623,0.4448375105857849,0.06268010169748486,0.17919930815696716
AZD7762,1,NCIH1650,-0.045037832111120224,0.03776887957776717,0.15192249417304993
AZD7762,1,NCIH1975,-0.06693550199270248,0.22323347778452662,0.35499897599220276
AZD7762,1,NCIH2081,1.3505229949951172,0.40454522580062463,0.5535282492637634
AZD7762,1,NCIH2110,-0.9992009997367859,-0.14204910635990667,-0.04497116804122925
AZD7762,1,NCIH2170,-0.19930832087993622,-0.2406173985228256,-0.1528995931148529
AZD7762,1,NCIH23,-0.29059600830078125,-0.291606801858366,-0.20873099565505981
AZD7762,1,NCIH2342,1.1460859775543213,0.7815944864593631,0.9663824439048767
AZD7762,1,NCIH2444,0.8690288662910461,0.2549442813691341,0.3897210657596588
AZD7762,1,NCIH292,0.1470779925584793,-0.08834468252863054,0.013833075761795044
AZD7762,1,NCIH446,-0.0076385000720620155,-0.1575221810519658,-0.06191357970237732
AZD7762,1,NCIH522,1.9239089488983154,-0.0615539690171359,0.04316785931587219
AZD7762,1,NCIH524,-0.4721109867095947,-0.3442989720279922,-0.26642686128616333
AZD7762,1,NOMO1,-1.8521690368652344,-0.8985080559141327,-0.8732641339302063
AZD7762,1,OCIAML3,-0.6532610058784485,-0.7676403772988916,-0.7299691438674927
AZD7762,1,OCILY19,-1.487130045890808,-1.6496213937973798,-1.6957038640975952
AZD7762,1,P12ICHIKAWA,-1.5209150314331055,-1.5093372058298482,-1.5420981645584106
AZD7762,1,SKM1,-1.9285449981689453,-0.7249265987807976,-0.6831992268562317
AZD7762,1,SUDHL1,-0.83120197057724,-1.2762574103774196,-1.2868849039077759
AZD7762,1,SW1573,0.2412164956331253,0.25755805200277043,0.39258304238319397
AZD7762,2,A3KAW,-1.8917920589447021,0.01663044574606133,0.10990206152200699
AZD7762,2,CA46,0.3622089922428131,-1.3895199080675344,-1.464626669883728
AZD7762,2,CORL88,0.16750800609588623,0.13549977465730112,0.24300530552864075
AZD7762,2,DMS79,1.2000420093536377,0.8899659549689013,1.087814450263977
AZD7762,2,GDM1,-3.6933228969573975,-1.003028354965796,-1.0318549871444702
AZD7762,2,HCC44,0.0692640021443367,-0.4358065216380557,-0.3967116177082062
AZD7762,2,HCC78,-0.4348689913749695,-0.498588568417311,-0.4670114517211914
AZD7762,2,HH,-0.3834860026836395,-1.7094688595586678,-1.822887659072876
AZD7762,2,HT,-0.8063570261001587,-1.0453219745149807,-1.07921302318573
AZD7762,2,IALM,1.1114405393600464,-0.05112432284549125,0.03403405100107193
AZD7762,2,JEKO1,-3.3581349849700928,-1.1995337598868256,-1.251890778541565
AZD7762,2,JURLMK1,-2.9631950855255127,-1.2616889898610508,-1.3214887380599976
AZD7762,2,JVM3,-2.2017290592193604,-1.146467227201417,-1.192469835281372
AZD7762,2,KMS12BM,-1.7175190448760986,-1.2348329864550456,-1.291416883468628
AZD7762,2,L1236,-1.020179033279419,-0.9469440204776973,-0.9690548777580261
AZD7762,2,L428,-0.6053959727287292,-0.02194310083498298,0.06670955568552017
AZD7762,2,LCLC103H,0.38009849190711975,0.22554352177938264,0.34383127093315125
AZD7762,2,LU65,2.16577410697937,-0.5338264201159967,-0.5064688324928284
AZD7762,2,MHHCALL2,-2.0316760540008545,-1.3817966818570278,-1.4559786319732666
AZD7762,2,NCIH1048,0.07917849719524384,-0.3759714267470497,-0.3297116160392761
AZD7762,2,NCIH1836,2.1293981075286865,0.208988808487856,0.32529422640800476
AZD7762,2,NCIH1915,0.5548091530799866,-0.43636169006980485,-0.3973332643508911
AZD7762,2,NCIH2009,0.0946694165468216,0.04908731188030438,0.14624544978141785
AZD7762,2,NCIH2023,-1.171610951423645,-0.115767710258256,-0.03835000842809677
AZD7762,2,NCIH2029,2.4655349254608154,0.7424532392682415,0.922637939453125
AZD7762,2,NCIH2030,0.018087130039930344,-0.0016193956636925272,0.08946690708398819
AZD7762,2,NCIH2066,2.0141170024871826,0.342582257376293,0.4748847186565399
AZD7762,2,NCIH209,-0.671908974647522,0.06723495055848355,0.1665661633014679
AZD7762,2,NCIH2122,-1.8219759464263916,-0.6952187458398048,-0.6871869564056396
AZD7762,2,NCIH441,1.6463969945907593,0.3882141002608309,0.5259807109832764
AZD7762,2,NCIH460,-0.25648948550224304,-0.07883882940465588,0.0030008924659341574
AZD7762,2,NCIH727,-0.3054024875164032,-0.503292156369795,-0.47227826714515686
AZD7762,2,NCIH841,0.3300822675228119,-0.12982915597466427,-0.054095230996608734
AZD7762,2,OCIAML2,-1.3338299989700317,-1.7057977587327404,-1.8187769651412964
AZD7762,2,PF382,-0.947625994682312,-1.7485861033794536,-1.8666889667510986
AZD7762,2,PL21,-2.2342350482940674,0.26589715249927565,0.3890170156955719
AZD7762,2,RAJI,-1.477774977684021,-1.3322698769030012,-1.4005212783813477
AZD7762,2,RERFLCMS,-0.4815559983253479,-0.09752771650753406,-0.01792588084936142
AZD7762,2,SUDHL5,-3.5534420013427734,-1.2814620245853932,-1.3436294794082642
AZD7762,2,SUPT1,-1.083793044090271,-1.9610436513204343,-2.1045870780944824
AZD7762,2,THP1,-0.87534499168396,-1.8421299214438431,-1.9714341163635254
AZD7762,3,697,-2.325587034225464,-1.7595160743427498,-1.8114030361175537
AZD7762,3,ABC1,-0.16224592924118042,-0.40635422300071433,-0.3967287838459015
AZD7762,3,CAL12T,-0.6631850004196167,-0.13867780095826093,-0.1168842539191246
AZD7762,3,COLO668,0.26162976026535034,0.6882699878473825,0.7476551532745361
AZD7762,3,CORL105,0.3001917600631714,0.0395311509155101,0.06942576915025711
AZD7762,3,CORL95,1.2695850133895874,0.30303957106405127,0.3449128270149231
AZD7762,3,DB,0.31213098764419556,-1.4923038587453057,-1.5320438146591187
AZD7762,3,DND41,-1.9702539443969727,-1.0285695378522628,-1.0472289323806763
AZD7762,3,HARA,-2.310593605041504,-0.2620425825611168,-0.24585698544979095
AZD7762,3,HCC366,0.7503520846366882,0.019539910828802624,0.04852576181292534
AZD7762,3,HDLM2,0.110166996717453,-1.640840228949339,-1.6873323917388916
AZD7762,3,HL60,-0.11007899791002274,-1.9021490971845088,-1.9605199098587036
AZD7762,3,JM1,-1.7699240446090698,-0.7517656940886328,-0.7578420639038086
AZD7762,3,KNS62,0.08449459075927734,-0.21058538685820205,-0.19206063449382782
AZD7762,3,LCLC97TM1,-1.0588539838790894,0.3652709572350553,0.40997314453125
AZD7762,3,ME1,1.266903042793274,-1.127461096550431,-1.150615930557251
AZD7762,3,MM1S,-0.7805814743041992,-1.1541665255271252,-1.1785353422164917
AZD7762,3,MOLP8,-1.169327974319458,-1.2496630779600468,-1.2783730030059814
AZD7762,3,MOLT16,-2.076029062271118,-1.3482720805513675,-1.3814646005630493
AZD7762,3,NCIH1341,-1.2984850406646729,0.603228011367823,0.6587473154067993
AZD7762,3,NCIH1435,1.6440634727478027,0.05824992286481333,0.08899546414613724
AZD7762,3,NCIH1436,0.08582600206136703,0.26806019687949695,0.3083433508872986
AZD7762,3,NCIH1568,-0.2713640034198761,0.17005959357292155,0.2058878093957901
AZD7762,3,NCIH1648,0.20794381201267242,-0.1972758311618008,-0.17814604938030243
AZD7762,3,NCIH1793,0.5533279776573181,0.17522718900644899,0.21129031479358673
AZD7762,3,NCIH1876,-1.1982879638671875,0.7453948964513927,0.8073768615722656
AZD7762,3,NCIH196,0.5812180042266846,0.10294687391602567,0.1357242614030838
AZD7762,3,NCIH2172,1.276170015335083,0.179098937435832,0.2153380662202835
AZD7762,3,NCIH69,0.8499169945716858,-0.3205016366084915,-0.30697348713874817
AZD7762,3,NCIH929,-0.45620501041412354,-0.9533971275979856,-0.9686393141746521
AZD7762,3,OCIAML5,-2.1156630516052246,-2.6787832913745486,-2.772458553314209
AZD7762,3,RCHACV,-2.5272130966186523,-0.6736363079502451,-0.6761610507965088
AZD7762,3,RPMI8402,-1.9850800037384033,-1.5019615078904522,-1.5421404838562012
AZD7762,3,SBC5,0.07717707753181458,0.04010652545754123,0.07002729922533035
AZD7762,3,SIGM5,-1.9227850437164307,-1.3584658793391282,-1.3921217918395996
AZD7762,3,SKLU1,-0.5714398622512817,-0.1044715221750088,-0.08112301677465439
AZD7762,3,SKMM2,1.4058010578155518,-1.1850120058062503,-1.2107830047607422
AZD7762,3,SUDHL10,-0.48174551129341125,-1.0630949750467604,-1.0833238363265991
AZD7762,3,SUDHL4,-1.0383720397949219,-1.860873214436546,-1.917367696762085
AZD7762,3,SUDHL8,-1.0073275566101074,-1.1281985018542986,-1.1513868570327759
AZD7762,3,WSUDLCL2,-1.2391810417175293,-1.1474169921806234,-1.1714789867401123
AZD7762,4,BL41,-2.598510980606079,-1.1910191181666512,-1.2802540063858032
AZD7762,4,CALU3,1.9975589513778687,0.20588363450174083,0.2347264140844345
AZD7762,4,CHAGOK1,0.7021999955177307,0.5510971914257974,0.60912024974823
AZD7762,4,CORL23,-0.9286245107650757,-0.1748965512529792,-0.17824043333530426
AZD7762,4,CORL311,0.7899389863014221,0.0061228578577840476,0.018080219626426697
AZD7762,4,DAUDI,-0.9212470054626465,-1.5968182046427681,-1.7203545570373535
AZD7762,4,DMS114,1.3587859869003296,0.5157140021811937,0.5707461833953857
AZD7762,4,EHEB,0.6107094883918762,-1.4314682816411168,-1.5410279035568237
AZD7762,4,EM2,-2.1438939571380615,-1.388630446166821,-1.4945690631866455
AZD7762,4,GA10,-2.2380740642547607,-1.4874663926062497,-1.601759433746338
AZD7762,4,GRANTA519,-0.658381998538971,-1.5567718494935867,-1.676923155784607
AZD7762,4,JVM2,-2.3354570865631104,-1.1614556531815179,-1.2481915950775146
AZD7762,4,K562,-0.882194995880127,-1.1206786723542363,-1.203967809677124
AZD7762,4,KARPAS422,-1.0321799516677856,-0.5914349531043367,-0.6299880743026733
AZD7762,4,KG1,-0.033385999500751495,-1.6574709078998875,-1.786134123802185
AZD7762,4,KMS11,-1.218019962310791,-1.2551154458963456,-1.3497682809829712
AZD7762,4,LAMA84,-1.9916549921035767,-1.3471086602252311,-1.4495375156402588
AZD7762,4,MOLM16,-1.8537859916687012,-1.0943670247394834,-1.1754320859909058
AZD7762,4,NALM6,-1.4447799921035767,-1.2863204279383091,-1.3836109638214111
AZD7762,4,NAMALWA,-2.0074410438537598,-1.318216794893053,-1.4182034730911255
AZD7762,4,NCIH1092,2.523176908493042,0.8223499160039953,0.903301477432251
AZD7762,4,NCIH1155,-0.43195000290870667,0.4126323313399716,0.4589512050151825
AZD7762,4,NCIH1437,0.20854587852954865,-0.057240535913496995,-0.05063916742801666
AZD7762,4,NCIH1781,-0.026419999077916145,0.14757801265043988,0.1714923232793808
AZD7762,4,NCIH2196,-0.5327320098876953,1.023338148183885,1.1212788820266724
AZD7762,4,NCIH2227,0.37080198526382446,0.14182742688224761,0.16525565087795258
AZD7762,4,NCIH2291,1.7158019542694092,0.2079536673109516,0.2369714230298996
AZD7762,4,NCIH2347,0.3170536160469055,0.017798579353070824,0.030742868781089783
AZD7762,4,NCIH596,0.9130669832229614,0.11000085792744262,0.13073883950710297
AZD7762,4,NCIH647,-1.4801759719848633,0.11043921135068077,0.13121424615383148
AZD7762,4,NCIH650,0.4383549988269806,0.7419569094287304,0.8161129951477051
AZD7762,4,NCIH661,-0.43529409170150757,0.738878762672371,0.812774658203125
AZD7762,4,NCIH810,-0.07856699824333191,0.37374583208898715,0.41677770018577576
AZD7762,4,OPM2,-0.518775999546051,0.05861172323858849,0.07500587403774261
AZD7762,4,RL,0.22449399530887604,-1.148606555860487,-1.234256386756897
AZD7762,4,RPMI8226,-1.4477729797363281,-0.9966314685006662,-1.0694351196289062
AZD7762,4,RS411,-0.9800099730491638,0.14023042666002414,0.16352365911006927
AZD7762,4,ST486,-1.080644965171814,-1.3339787221327928,-1.4352977275848389
AZD7762,4,SUDHL6,-3.0900180339813232,-1.8467693490663926,-1.9914336204528809
AZD7762,4,SW1271,0.055750008672475815,0.42516178679671546,0.4725397527217865
AZD7762,5,AMO1,-1.2528489828109741,-0.8194247822796477,-0.9138672351837158
AZD7762,5,CMK,-0.9871764779090881,-1.6110725736846028,-1.921055555343628
AZD7762,5,CMLT1,-2.0972750186920166,-1.117261309590339,-1.292795181274414
AZD7762,5,DOHH2,-2.0151960849761963,-0.8986443936289363,-1.0146558284759521
AZD7762,5,EJM,-1.5851320028305054,-0.9101497876517137,-1.0292937755584717
AZD7762,5,HCC15,0.9041860103607178,0.32591338396561653,0.5433101058006287
AZD7762,5,HCC827,-0.48162850737571716,-0.32781376363127096,-0.2884061634540558
AZD7762,5,JURKAT,-1.1665840148925781,-0.9917533632667652,-1.1331154108047485
AZD7762,5,KCL22,-1.9230320453643799,-1.2497259752817476,-1.461325764656067
AZD7762,5,KMH2,-0.06969700008630753,-0.9844910002470453,-1.1238757371902466
AZD7762,5,KOPN8,-1.6748559474945068,-0.783288463980552,-0.8678921461105347
AZD7762,5,KU812,-2.099843978881836,-1.5241221081263157,-1.8104312419891357
AZD7762,5,LOUCY,-1.5843759775161743,-1.162642739320419,-1.3505325317382812
AZD7762,5,LOUNH91,-0.9002609848976135,-0.31167665489025087,-0.26787543296813965
AZD7762,5,LP1,2.6704208850860596,-1.1584128260706612,-1.3451509475708008
AZD7762,5,NB4,-2.7893900871276855,-1.4764852681128111,-1.7498244047164917
AZD7762,5,NCIH146,0.7324489951133728,-0.423591446479706,-0.4102610647678375
AZD7762,5,NCIH1651,0.016424840316176414,0.3975679869869115,0.634473979473114
AZD7762,5,NCIH1792,-0.19083812832832336,0.012393996971029317,0.14442935585975647
AZD7762,5,NCIH1944,-0.40057724714279175,-0.13751573166011666,-0.046296026557683945
AZD7762,5,NCIH1963,-0.15317800641059875,0.1584230754620945,0.33021751046180725
AZD7762,5,NCIH2085,0.19925999641418457,-0.31812445227917213,-0.2760787606239319
AZD7762,5,NCIH2087,0.9526119828224182,0.15761984731807643,0.3291955888271332
AZD7762,5,NCIH211,-0.5866090059280396,-0.24015547815966246,-0.1768813133239746
AZD7762,5,NCIH2171,0.15237200260162354,0.5107548024289361,0.7784779667854309
AZD7762,5,NCIH2228,0.2920129597187042,-0.12472723396814313,-0.030025627464056015
AZD7762,5,NCIH2405,2.124346971511841,-0.028491457506761644,0.09241209179162979
AZD7762,5,NCIH358,-0.05875450000166893,-0.011438612462618264,0.1141078844666481
AZD7762,5,NCIH526,0.9206330180168152,0.5583503215195464,0.8390322327613831
AZD7762,5,NCIH82,0.28003498911857605,-0.9119790583493708,-1.0316210985183716
AZD7762,5,NCIH838,-1.0030674934387207,-0.3718819891332438,-0.3444727659225464
AZD7762,5,NUDUL1,-3.121006965637207,-1.2448373634198642,-1.4551061391830444
AZD7762,5,OCIM1,-1.3764760494232178,-1.3724883758396738,-1.6175124645233154
AZD7762,5,P31FUJ,-2.2074599266052246,-1.0514247112522184,-1.2090333700180054
AZD7762,5,REH,-0.5744609832763672,-1.3441862609059314,-1.5815045833587646
AZD7762,5,RERFLCKJ,0.5628893375396729,0.08772386652309525,0.24026915431022644
AZD7762,5,SHP77,1.5568469762802124,0.23696524855168644,0.43014422059059143
AZD7762,5,SKMES1,-0.012991689145565033,0.02924979462096214,0.1658744513988495
AZD7762,5,SUPB15,-0.834663987159729,-1.3728189432228288,-1.6179330348968506
AZD7762,5,SUPM2,-2.5612740516662598,-1.328259434435219,-1.5612413883209229
AZD8186,1,A3KAW,2.5974395275115967,2.0816213469249893,1.645907998085022
AZD8186,1,A4FUK,1.7074074745178223,2.22239526397549,1.9755899906158447
AZD8186,1,CAL12T,2.214890956878662,2.578022073903238,2.808441400527954
AZD8186,1,CORL279,1.9001699686050415,2.844902218055802,3.433454751968384
AZD8186,1,DAUDI,2.1665775775909424,2.1097696352066597,1.7118291854858398
AZD8186,1,DB,3.4257514476776123,2.067756589232382,1.6134377717971802
AZD8186,1,DMS114,3.4755001068115234,2.637663845216718,2.948117971420288
AZD8186,1,DMS53,4.414656639099121,2.342120841831919,2.2559783458709717
AZD8186,1,DOHH2,0.3144510090351105,2.2292147416081867,1.991560697555542
AZD8186,1,EHEB,-1.0553799867630005,2.19070066611277,1.9013636112213135
AZD8186,1,HARA,3.105501413345337,2.3710768980841603,2.323791265487671
AZD8186,1,HEL,3.575592041015625,2.5773897660243277,2.8069605827331543
AZD8186,1,HH,0.43111100792884827,2.368653339661147,2.318115472793579
AZD8186,1,L1236,2.0109429359436035,2.342071263030272,2.255862236022949
AZD8186,1,L428,3.0341451168060303,2.321980955279524,2.2088122367858887
AZD8186,1,MHHCALL2,2.242224931716919,2.536531030609545,2.7112724781036377
AZD8186,1,MOLP8,1.334591031074524,1.9067484128386716,1.2363686561584473
AZD8186,1,NCIH146,3.767285108566284,2.644507552325374,2.9641454219818115
AZD8186,1,NCIH1648,0.9330304861068726,2.399685902724873,2.390791416168213
AZD8186,1,NCIH1876,2.531646490097046,2.819057307960298,3.3729279041290283
AZD8186,1,NCIH1915,4.366180419921875,2.5242690832929746,2.682555913925171
AZD8186,1,NCIH1944,1.442054033279419,2.4522510381860254,2.513895034790039
AZD8186,1,NCIH2009,2.8821685314178467,2.495479172018737,2.6151320934295654
AZD8186,1,NCIH2029,4.244915008544922,2.681956447119287,3.0518479347229004
AZD8186,1,NCIH2081,2.7077815532684326,2.652196949588611,2.9821534156799316
AZD8186,1,NCIH2085,0.14362600445747375,2.4165531811504852,2.430293321609497
AZD8186,1,NCIH2087,4.101546764373779,2.249763271507216,2.0396838188171387
AZD8186,1,NCIH2122,2.3990368843078613,2.4378711496179903,2.4802184104919434
AZD8186,1,NCIH2347,2.9417595863342285,2.4144984605064597,2.4254813194274902
AZD8186,1,NCIH292,0.6311309933662415,2.5328876504178788,2.702739953994751
AZD8186,1,NCIH358,3.129828929901123,2.5684638510510203,2.7860567569732666
AZD8186,1,NCIH460,2.015265941619873,2.531508097356035,2.6995091438293457
AZD8186,1,NCIH526,3.474736452102661,2.785024260253983,3.293225049972534
AZD8186,1,NCIH650,4.477086544036865,2.510868859628941,2.6511735916137695
AZD8186,1,NCIH838,1.5183069705963135,2.450401962674088,2.5095646381378174
AZD8186,1,NCIH929,0.13729450106620789,1.7153242779128062,0.788067638874054
AZD8186,1,OCIAML2,2.4376604557037354,2.191033006971038,1.9021419286727905
AZD8186,1,RCHACV,-0.5809419751167297,2.414156091902889,2.4246795177459717
AZD8186,1,RERFLCKJ,2.303112030029297,2.2075127664880894,1.9407362937927246
AZD8186,1,SUDHL4,0.6790000200271606,1.931598285547528,1.294565200805664
AZD8186,1,SW1271,4.815106391906738,2.2234740355805247,1.9781163930892944
AZD8186,2,CORL23,2.6792869567871094,2.619724038248328,2.769742488861084
AZD8186,2,DMS273,1.255884051322937,2.781073909624224,3.061485767364502
AZD8186,2,DMS79,3.9341208934783936,2.953503975696022,3.3732635974884033
AZD8186,2,DND41,3.170036554336548,2.403973998783096,2.37963604927063
AZD8186,2,EJM,2.7237539291381836,2.525145819141991,2.598731756210327
AZD8186,2,HCC366,2.619964599609375,2.5080522213078815,2.567824125289917
AZD8186,2,JEKO1,1.0493954420089722,2.1903172116985026,1.993314504623413
AZD8186,2,JURLMK1,2.9710099697113037,2.388677631181938,2.351978063583374
AZD8186,2,K562,4.161289691925049,2.3091697743488586,2.208216667175293
AZD8186,2,KARPAS422,0.0206300001591444,1.9049402577873114,1.4773128032684326
AZD8186,2,KCL22,2.971798896789551,2.1325109428929165,1.888792634010315
AZD8186,2,KMS11,1.5974664688110352,2.1001454371941297,1.8302712440490723
AZD8186,2,KOPN8,2.1775639057159424,1.5204569018836975,0.7821127772331238
AZD8186,2,LCLC97TM1,2.6760189533233643,2.3857903274100423,2.346757411956787
AZD8186,2,LP1,3.491002082824707,2.164684990169235,1.9469678401947021
AZD8186,2,LU65,4.872079849243164,2.0892370540164618,1.8105473518371582
AZD8186,2,MEG01,3.8154189586639404,2.4669915100429436,2.4935805797576904
AZD8186,2,MM1S,0.8853570222854614,2.0187685532196724,1.6831303834915161
AZD8186,2,MOLT13,3.2129669189453125,2.366145269193864,2.3112363815307617
AZD8186,2,MONOMAC6,0.4732314944267273,2.2195959777686554,2.0462546348571777
AZD8186,2,NCIH1092,4.628054141998291,2.883985185152559,3.2475638389587402
AZD8186,2,NCIH1437,3.02685809135437,2.371247003232244,2.3204610347747803
AZD8186,2,NCIH1650,1.5699604749679565,2.490987500467244,2.53696870803833
AZD8186,2,NCIH1651,3.3331680297851562,2.3567142277278608,2.2941837310791016
AZD8186,2,NCIH1792,2.3520069122314453,2.5066012512797524,2.5652005672454834
AZD8186,2,NCIH1975,1.4676704406738281,2.3209592354734507,2.2295336723327637
AZD8186,2,NCIH209,4.2949323654174805,3.0211833413128772,3.4956374168395996
AZD8186,2,NCIH2110,2.1905195713043213,2.483428980390687,2.523301839828491
AZD8186,2,NCIH2172,4.466663360595703,2.3698395464819493,2.31791615486145
AZD8186,2,NCIH2196,2.4302399158477783,2.789455885519181,3.07664155960083
AZD8186,2,NCIH2228,1.987599492073059,2.5282318335493272,2.60431170463562
AZD8186,2,NCIH2291,1.0764055252075195,2.5588223271585413,2.659623622894287
AZD8186,2,NCIH524,3.5060694217681885,2.799575491642299,3.0949392318725586
AZD8186,2,NOMO1,2.0686850547790527,2.648461393655495,2.8217036724090576
AZD8186,2,OCIAML3,1.7791839838027954,2.386060109732612,2.347245216369629
AZD8186,2,P31FUJ,3.798274040222168,2.39040840477238,2.355107545852661
AZD8186,2,PF382,2.7385220527648926,2.0740998395254415,1.783177137374878
AZD8186,2,SKM1,1.012900948524475,2.5262529024168154,2.600733518600464
AZD8186,2,SUDHL5,-2.2024834156036377,1.9137357416801066,1.4932162761688232
AZD8186,2,SUPM2,2.0395495891571045,1.9991679972194603,1.6476898193359375
AZD8186,2,SW1573,2.619699478149414,2.1478345392573246,1.9164998531341553
AZD8186,3,697,0.8415035009384155,2.086965197581411,1.8900357484817505
AZD8186,3,ALLSIL,2.5339465141296387,1.4569370123441905,0.9489754438400269
AZD8186,3,BL41,2.350926399230957,1.4853154660667738,0.9913637638092041
AZD8186,3,BV173,3.767418384552002,2.117027624130136,1.9349393844604492
AZD8186,3,CALU3,4.26453971862793,2.3513541188796148,2.2849481105804443
AZD8186,3,CORL88,4.328231334686279,2.8075860928892986,2.9664125442504883
AZD8186,3,EM2,2.434560537338257,1.645483867819061,1.2306040525436401
AZD8186,3,EPLC272H,1.3796730041503906,1.5096922895759577,1.0277749300003052
AZD8186,3,GDM1,0.21086299419403076,2.139933405595176,1.9691532850265503
AZD8186,3,HCC33,3.7148170471191406,2.6393133125315056,2.715066909790039
AZD8186,3,HCC827,3.3488705158233643,1.9285497237510845,1.6534137725830078
AZD8186,3,HDLM2,3.322950601577759,1.4394496329223914,0.9228549003601074
AZD8186,3,IALM,4.081694602966309,3.049897013108848,3.3283474445343018
AZD8186,3,JVM2,-0.1567395031452179,1.7827840782106263,1.4356865882873535
AZD8186,3,KG1,2.8243825435638428,2.1138378922845247,1.9301749467849731
AZD8186,3,KU812,3.616758108139038,2.643827636651783,2.7218098640441895
AZD8186,3,L363,2.02720308303833,1.8467903689586236,1.5312914848327637
AZD8186,3,L540,3.510356903076172,1.8802410126808555,1.5812560319900513
AZD8186,3,LOUCY,3.142220973968506,2.474579907855879,2.469007968902588
AZD8186,3,ME1,4.247966289520264,1.817346782471221,1.4873121976852417
AZD8186,3,MOLM13,1.338947057723999,2.0130532359679076,1.779634952545166
AZD8186,3,MOLT16,2.2085413932800293,2.066780109653961,1.8598856925964355
AZD8186,3,NCIH1048,1.9524550437927246,2.713655844448186,2.82611083984375
AZD8186,3,NCIH1341,1.7137614488601685,2.7188455134999714,2.833862543106079
AZD8186,3,NCIH1435,2.48116397857666,2.718239123664283,2.8329567909240723
AZD8186,3,NCIH211,3.0775043964385986,2.566910302303019,2.606920003890991
AZD8186,3,NCIH647,1.0013680458068848,2.560528603955914,2.5973877906799316
AZD8186,3,NCIH661,2.732034921646118,2.8696169478366964,3.0590667724609375
AZD8186,3,NCIH810,4.4921956062316895,2.8638904825181517,3.05051326751709
AZD8186,3,OPM2,3.374006509780884,2.5420109683628986,2.569728374481201
AZD8186,3,RAJI,2.6156725883483887,0.6180378362327846,-0.30407121777534485
AZD8186,3,RL,0.730490505695343,2.0815617996562414,1.8819648027420044
AZD8186,3,RPMI8226,2.3812215328216553,2.4765722631938787,2.4719839096069336
AZD8186,3,RS411,1.4436155557632446,2.005342396225231,1.7681174278259277
AZD8186,3,SBC5,2.117246389389038,2.68379780910362,2.781512498855591
AZD8186,3,SKMES1,1.262223482131958,2.885993942712045,3.083528757095337
AZD8186,3,SKMM2,3.591261386871338,2.169148578327677,2.012791395187378
AZD8186,3,SUDHL1,-0.4002940058708191,1.987907611025822,1.7420754432678223
AZD8186,3,SUDHL10,0.9645264744758606,1.328514770539353,0.7571537494659424
AZD8186,3,SUPB15,3.1603310108184814,1.7080195155686075,1.324012279510498
AZD8186,3,THP1,1.3240070343017578,2.1030669307374534,1.9140865802764893
AZD8186,4,ABC1,3.2477025985717773,1.8492167194978761,1.5810123682022095
AZD8186,4,BEN,3.882387399673462,2.62575969411368,2.7024924755096436
AZD8186,4,CA46,1.8330285549163818,2.0699186424870755,1.8997491598129272
AZD8186,4,CMK,2.315537929534912,2.327179755427414,2.271284580230713
AZD8186,4,COLO668,3.2252988815307617,2.974936289763981,3.2067718505859375
AZD8186,4,CORL105,2.190908908843994,2.305054407416967,2.2393312454223633
AZD8186,4,CORL311,3.030428886413574,3.158024031558359,3.471186399459839
AZD8186,4,EBC1,0.43861299753189087,2.479478525789517,2.4912338256835938
AZD8186,4,HCC15,3.100399971008301,2.6753915801164316,2.7741706371307373
AZD8186,4,HCC78,0.35916998982429504,2.5342925063293444,2.5703959465026855
AZD8186,4,HT,-1.0602965354919434,1.537483357005023,1.1308083534240723
AZD8186,4,JM1,2.2642478942871094,2.4378400082286467,2.4310996532440186
AZD8186,4,JURKAT,1.379220962524414,2.4359091456066126,2.4283111095428467
AZD8186,4,JVM3,1.7251734733581543,2.4459309433437175,2.442784547805786
AZD8186,4,KMH2,2.8623545169830322,2.5692202197190737,2.6208384037017822
AZD8186,4,LCLC103H,3.373650074005127,2.932620748638391,3.145659923553467
AZD8186,4,MOLM16,0.7585185170173645,2.394808482904035,2.3689537048339844
AZD8186,4,NAMALWA,1.7399364709854126,2.1487504508310984,2.0135977268218994
AZD8186,4,NCIH1105,4.100978374481201,2.955037145794071,3.1780335903167725
AZD8186,4,NCIH1155,2.7112374305725098,2.7595721387616328,2.8957438468933105
AZD8186,4,NCIH1836,3.8592374324798584,2.7931950010771014,2.9443018436431885
AZD8186,4,NCIH196,2.4138150215148926,2.4400728157665235,2.434324264526367
AZD8186,4,NCIH2023,2.158281087875366,2.626515959646472,2.703584671020508
AZD8186,4,NCIH2030,1.2671184539794922,1.9474553810851583,1.7228882312774658
AZD8186,4,NCIH2170,2.2146453857421875,2.384011929841588,2.3533613681793213
AZD8186,4,NCIH23,3.4515790939331055,2.2961890471514206,2.2265279293060303
AZD8186,4,NCIH2342,2.3645989894866943,2.7268080612751504,2.848426103591919
AZD8186,4,NCIH2444,3.6285200119018555,2.7632521027414336,2.9010584354400635
AZD8186,4,NCIH441,4.199958324432373,2.687502724411715,2.791661500930786
AZD8186,4,NCIH446,0.42914000153541565,2.8486363138641697,3.024369955062866
AZD8186,4,NCIH727,5.37969970703125,1.796934024575665,1.505505919456482
AZD8186,4,NCIH841,3.202908515930176,2.7814952546660616,2.9274051189422607
AZD8186,4,NUDUL1,0.750544011592865,2.0059617071622977,1.8073828220367432
AZD8186,4,OCILY19,2.1444039344787598,2.457668494777025,2.459735870361328
AZD8186,4,OCIM1,2.7499001026153564,2.620903482170303,2.695479154586792
AZD8186,4,PL21,1.343330979347229,2.2161165242010457,2.1108875274658203
AZD8186,4,RERFLCMS,1.2784265279769897,2.3777869779871916,2.3443713188171387
AZD8186,4,SHP77,3.7373745441436768,3.038487357633537,3.2985520362854004
AZD8186,4,SUDHL6,-2.0774528980255127,2.0871091969358067,1.924575686454773
AZD8186,4,SUPT1,3.515925407409668,2.250905894321515,2.16113018989563
AZD8186,5,A549,1.6507869958877563,2.3764209758812793,2.2972190380096436
AZD8186,5,AMO1,2.1252200603485107,2.7190694878911845,2.8060567378997803
AZD8186,5,CALU6,4.746024131774902,2.820847119304752,2.957197904586792
AZD8186,5,CHAGOK1,2.1303324699401855,2.7438031419503717,2.8427865505218506
AZD8186,5,CMLT1,3.340017080307007,2.5761485718442536,2.5938172340393066
AZD8186,5,CORL95,2.776865005493164,2.537883462785479,2.5369930267333984
AZD8186,5,GA10,0.5001760125160217,1.8339113707817045,1.4915848970413208
AZD8186,5,GRANTA519,3.564399480819702,1.7335503501888212,1.3425474166870117
AZD8186,5,HCC44,0.9996864795684814,2.4180622858748477,2.3590569496154785
AZD8186,5,HL60,1.647017002105713,2.47152294821126,2.4384467601776123
AZD8186,5,KMS12BM,2.080789089202881,2.2116953150743885,2.0525991916656494
AZD8186,5,KNS62,3.464350461959839,2.029025328523046,1.7813317775726318
AZD8186,5,LAMA84,3.5247550010681152,2.8398510734751694,2.9854190349578857
AZD8186,5,LOUNH91,2.4225831031799316,2.4249641595724016,2.3693063259124756
AZD8186,5,LXF289,1.4756795167922974,2.765725088036234,2.8753409385681152
AZD8186,5,NALM6,0.4771294891834259,2.1621175487200954,1.978975534439087
AZD8186,5,NB4,1.0087230205535889,2.368539748638514,2.285515308380127
AZD8186,5,NCIH1436,3.2118194103240967,3.1551040163800517,3.4535739421844482
AZD8186,5,NCIH1568,2.3248953819274902,2.6599547446036738,2.7182705402374268
AZD8186,5,NCIH1623,2.186842441558838,2.8630246655017633,3.019832134246826
AZD8186,5,NCIH1781,2.4897589683532715,2.5342890747247933,2.5316553115844727
AZD8186,5,NCIH1793,2.563497543334961,2.2747387110260493,2.146219491958618
AZD8186,5,NCIH1963,4.47264289855957,3.0690438855187923,3.3257734775543213
AZD8186,5,NCIH2066,2.9624955654144287,2.9974028892885087,3.2193856239318848
AZD8186,5,NCIH2171,1.3765250444412231,3.1348073155299554,3.4234330654144287
AZD8186,5,NCIH2227,4.049190998077393,2.6479478701393857,2.7004401683807373
AZD8186,5,NCIH2405,2.8177599906921387,2.4841500264042615,2.457198143005371
AZD8186,5,NCIH522,4.325348854064941,2.8499565571138943,3.0004258155822754
AZD8186,5,NCIH596,3.0189950466156006,2.610349524240163,2.644606113433838
AZD8186,5,NCIH69,1.7562365531921387,2.771433916456007,2.8838186264038086
AZD8186,5,NCIH82,3.978308916091919,2.247122867648234,2.1052095890045166
AZD8186,5,OCIAML5,0.9980900287628174,2.09299622044695,1.8763294219970703
AZD8186,5,P12ICHIKAWA,2.769805431365967,2.0291474266166745,1.7815130949020386
AZD8186,5,REH,1.119920015335083,2.785999633019242,2.9054489135742188
AZD8186,5,RPMI8402,-0.045503001660108566,2.491142129067784,2.4675815105438232
AZD8186,5,SIGM5,2.602679967880249,2.214564820961857,2.0568604469299316
AZD8186,5,SKLU1,2.967092990875244,2.234503656393547,2.086469888687134
AZD8186,5,ST486,3.9021100997924805,2.001685389910386,1.7407315969467163
AZD8186,5,SUDHL8,2.9804599285125732,2.153221004785541,1.965764045715332
AZD8186,5,WSUDLCL2,0.6508010029792786,1.703236628618592,1.2975311279296875
BMS-536924,1,A4FUK,-0.8984900116920471,1.6128113896480551,1.2691195011138916
BMS-536924,1,ALLSIL,0.31018200516700745,1.919967686261368,1.8596380949020386
BMS-536924,1,BV173,1.5765479803085327,1.867803382823006,1.7593504190444946
BMS-536924,1,CORL105,1.2697429656982422,2.055919825512896,2.1210107803344727
BMS-536924,1,CORL279,2.736694097518921,2.5003668537776296,2.975475549697876
BMS-536924,1,DAUDI,2.0061988830566406,1.958556698404653,1.9338268041610718
BMS-536924,1,DMS114,1.9300800561904907,2.302887271002461,2.5958142280578613
BMS-536924,1,DMS53,2.8577775955200195,2.194766233684648,2.3879477977752686
BMS-536924,1,DMS79,4.442217826843262,2.516449432560295,3.006394863128662
BMS-536924,1,EM2,2.214301109313965,1.8579873485887177,1.740478754043579
BMS-536924,1,HCC78,0.05159199982881546,1.6500213812719027,1.3406569957733154
BMS-536924,1,HH,2.8151910305023193,2.0177833354807104,2.047692060470581
BMS-536924,1,HT,3.031291961669922,1.7506839885905912,1.5341843366622925
BMS-536924,1,JVM2,2.9592220783233643,1.831842012431169,1.6902134418487549
BMS-536924,1,KG1,1.8101409673690796,1.695363315524467,1.4278284311294556
BMS-536924,1,KU812,1.6099499464035034,2.1609050793006284,2.3228485584259033
BMS-536924,1,NAMALWA,1.4102129936218262,1.7830297085548694,1.5963701009750366
BMS-536924,1,NB4,0.2065020054578781,1.6685025504661415,1.3761876821517944
BMS-536924,1,NCIH1436,3.7542829513549805,2.552207732259634,3.075141429901123
BMS-536924,1,NCIH1623,2.760910987854004,2.276872520151294,2.545799970626831
BMS-536924,1,NCIH1648,-0.2258940041065216,1.7857057152346067,1.6015148162841797
BMS-536924,1,NCIH1651,3.5808660984039307,2.193712250285844,2.3859214782714844
BMS-536924,1,NCIH1876,1.8803939819335938,2.4115638849324212,2.804748773574829
BMS-536924,1,NCIH1915,3.460089921951294,2.072477868744439,2.152844190597534
BMS-536924,1,NCIH1944,1.4895344972610474,2.200663902645339,2.3992862701416016
BMS-536924,1,NCIH196,3.974371910095215,2.2021931024677475,2.402226209640503
BMS-536924,1,NCIH1975,0.03691300004720688,1.8481538905789816,1.7215735912322998
BMS-536924,1,NCIH2170,1.8639780282974243,1.7910182925756302,1.6117284297943115
BMS-536924,1,NCIH2171,1.4208869934082031,2.3942873124841855,2.771533966064453
BMS-536924,1,NCIH2172,2.4544460773468018,2.2665953449276595,2.5260417461395264
BMS-536924,1,NCIH2228,0.3479529917240143,1.6703639801421089,1.3797663450241089
BMS-536924,1,NCIH23,2.3539888858795166,1.964122509549695,1.944527268409729
BMS-536924,1,NCIH2444,4.741772174835205,2.349958995517199,2.6863112449645996
BMS-536924,1,NCIH524,2.0078699588775635,2.3702856587635965,2.7253899574279785
BMS-536924,1,NCIH647,1.381248950958252,2.193935969082343,2.3863515853881836
BMS-536924,1,NCIH929,-1.584438443183899,1.31871656897306,0.7037120461463928
BMS-536924,1,NOMO1,1.8751970529556274,1.8203258269548637,1.6680731773376465
BMS-536924,1,RERFLCMS,1.1701414585113525,2.1292106737039838,2.2619149684906006
BMS-536924,1,SUDHL1,0.5741389989852905,1.7770327054722297,1.5848406553268433
BMS-536924,1,SUPT1,3.2141880989074707,2.068580523612752,2.1453514099121094
BMS-536924,1,SW1271,2.651925563812256,2.0255181276405874,2.0625624656677246
BMS-536924,2,A3KAW,0.67917400598526,1.4378740877139957,1.392557144165039
BMS-536924,2,CHAGOK1,2.7561213970184326,2.687127660501326,2.7692477703094482
BMS-536924,2,DOHH2,1.5479304790496826,2.0557015745509952,2.0734095573425293
BMS-536924,2,EBC1,4.030487537384033,1.7007171273525719,1.6822129487991333
BMS-536924,2,EJM,1.9424099922180176,1.7932142122164094,1.784145712852478
BMS-536924,2,HARA,1.2049574851989746,1.2116646204684443,1.1432719230651855
BMS-536924,2,HCC15,1.6165465116500854,2.5086895061889924,2.5726070404052734
BMS-536924,2,HDLM2,1.79578697681427,1.5981540935324634,1.5691874027252197
BMS-536924,2,HL60,1.132925033569336,1.3722176583779313,1.3202030658721924
BMS-536924,2,JM1,1.913830041885376,1.6080043428098547,1.5800424814224243
BMS-536924,2,KARPAS422,3.975411891937256,2.1343397927852594,2.160069704055786
BMS-536924,2,KMH2,1.9766099452972412,1.7327293828040593,1.717490792274475
BMS-536924,2,KMS12BM,1.0557130575180054,1.2977175422077936,1.2381031513214111
BMS-536924,2,L363,-0.7302219867706299,1.383023411799528,1.332111120223999
BMS-536924,2,LOUCY,3.0480740070343018,2.2604706667948715,2.299067258834839
BMS-536924,2,LOUNH91,1.8850024938583374,1.5302628900409432,1.4943705797195435
BMS-536924,2,LU65,0.5674880146980286,1.5084590491811758,1.4703425168991089
BMS-536924,2,MEG01,2.272139072418213,2.2356249628608307,2.2716870307922363
BMS-536924,2,MOLM13,-1.8632299900054932,1.313229421271149,1.2551974058151245
BMS-536924,2,NCIH1092,3.111867904663086,2.7042163972472446,2.7880797386169434
BMS-536924,2,NCIH1105,3.2313685417175293,2.7589597641940857,2.848407506942749
BMS-536924,2,NCIH1650,1.9828410148620605,1.6050283579223608,1.5767629146575928
BMS-536924,2,NCIH1792,0.7552245259284973,2.2747003551391884,2.314748525619507
BMS-536924,2,NCIH1793,2.27195143699646,2.213403136264257,2.2471983432769775
BMS-536924,2,NCIH1836,2.3603920936584473,2.6131498101534714,2.687723398208618
BMS-536924,2,NCIH2029,2.8023529052734375,2.9420688874803558,3.0501956939697266
BMS-536924,2,NCIH2030,1.3591045141220093,1.2553523512162494,1.1914162635803223
BMS-536924,2,NCIH2081,3.772639036178589,2.5087189296156005,2.5726394653320312
BMS-536924,2,NCIH2085,3.074263095855713,1.76232578021722,1.7501063346862793
BMS-536924,2,NCIH358,1.3991190195083618,1.6783212482066916,1.6575324535369873
BMS-536924,2,NCIH446,2.2986199855804443,2.133794810346846,2.1594691276550293
BMS-536924,2,NCIH526,2.6747779846191406,2.6182320580537377,2.693324089050293
BMS-536924,2,NCIH661,2.1653120517730713,2.9951379316439963,3.1086783409118652
BMS-536924,2,NCIH82,3.2935380935668945,2.265839360407111,2.304983615875244
BMS-536924,2,OPM2,-0.6385179758071899,2.2538073424119025,2.29172420501709
BMS-536924,2,RCHACV,1.2241564989089966,1.733211840460932,1.7180224657058716
BMS-536924,2,SHP77,2.530811071395874,2.753052145907734,2.8418972492218018
BMS-536924,2,SUDHL4,1.672258973121643,2.378698538226949,2.4293556213378906
BMS-536924,2,SUDHL5,0.7170534729957581,1.7944446955901596,1.7855017185211182
BMS-536924,2,SUPB15,2.279794454574585,1.3473268457347165,1.2927731275558472
BMS-536924,2,THP1,2.8679580688476562,1.4551350380450585,1.411578893661499
BMS-536924,3,697,0.9869199991226196,2.1511295212237496,2.12802791595459
BMS-536924,3,ABC1,1.631330966949463,1.98147625490805,1.9319350719451904
BMS-536924,3,BEN,2.8043954372406006,2.4817689110503958,2.510195732116699
BMS-536924,3,BL41,1.8288079500198364,1.3037294294998039,1.1485649347305298
BMS-536924,3,CALU6,3.1987550258636475,2.018579559338918,1.9748207330703735
BMS-536924,3,CMK,3.1408300399780273,1.0332574056677573,0.8359412550926208
BMS-536924,3,COLO668,1.0375100374221802,2.415216855055087,2.433271884918213
BMS-536924,3,DB,3.9031529426574707,1.5863968295339466,1.4752845764160156
BMS-536924,3,DND41,1.0902650356292725,2.256332438384961,2.2496261596679688
BMS-536924,3,EHEB,2.7776894569396973,1.665069023968059,1.5662174224853516
BMS-536924,3,HCC33,3.7153913974761963,2.191291738364006,2.1744492053985596
BMS-536924,3,HCC366,1.8204164505004883,2.2503183678529184,2.2426748275756836
BMS-536924,3,HCC827,2.152984619140625,1.1981886385722498,1.0265761613845825
BMS-536924,3,IALM,2.666987895965576,2.3852624273379055,2.398649215698242
BMS-536924,3,JEKO1,1.4443269968032837,1.536619030286347,1.4177491664886475
BMS-536924,3,JURKAT,2.1953070163726807,2.1619478761830724,2.1405322551727295
BMS-536924,3,JURLMK1,3.708846092224121,1.8713253847736129,1.8046177625656128
BMS-536924,3,KNS62,4.2047600746154785,1.7556111487343975,1.670870065689087
BMS-536924,3,L1236,0.06619899719953537,1.3680511679746128,1.2229108810424805
BMS-536924,3,L428,2.1722209453582764,1.806527570198243,1.7297215461730957
BMS-536924,3,L540,1.3195359706878662,1.054557788861116,0.860561192035675
BMS-536924,3,ME1,3.454598903656006,1.1899152692839494,1.017013430595398
BMS-536924,3,MOLT16,1.6512199640274048,1.418877964193357,1.2816587686538696
BMS-536924,3,NCIH1568,2.7950034141540527,2.596031506899968,2.642265558242798
BMS-536924,3,NCIH2122,-0.19447800517082214,1.6051845086462901,1.4970002174377441
BMS-536924,3,NCIH522,3.812502384185791,2.689788176705796,2.750633716583252
BMS-536924,3,NCIH596,1.398398518562317,2.0984696876273468,2.0671613216400146
BMS-536924,3,NCIH727,1.3873175382614136,0.9775121533918965,0.7715083956718445
BMS-536924,3,OCIAML5,-0.868507981300354,1.248546784487496,1.084782361984253
BMS-536924,3,PL21,-0.1866459995508194,1.8098326687074664,1.73354172706604
BMS-536924,3,RAJI,3.3472940921783447,1.2208757893670257,1.0527989864349365
BMS-536924,3,RL,2.353606939315796,1.9694037653337308,1.9179811477661133
BMS-536924,3,RPMI8226,1.8945649862289429,1.5902409171466212,1.4797277450561523
BMS-536924,3,RS411,1.3760169744491577,1.65994161423249,1.5602909326553345
BMS-536924,3,SBC5,2.7162415981292725,1.8403220632213568,1.7687827348709106
BMS-536924,3,SIGM5,0.3693925142288208,1.137793290294225,0.9567685127258301
BMS-536924,3,SKLU1,2.4728055000305176,1.5454976020352393,1.428011417388916
BMS-536924,3,SKM1,-0.11881700158119202,1.8673061721135482,1.7999721765518188
BMS-536924,3,SKMES1,2.6890804767608643,2.120449428115852,2.09256649017334
BMS-536924,3,SW1573,2.279672384262085,1.5965971931599594,1.487074613571167
BMS-536924,3,WSUDLCL2,2.1185450553894043,1.872846951218928,1.8063764572143555
BMS-536924,4,A549,0.6117374897003174,1.9595261676632751,1.948472023010254
BMS-536924,4,CAL12T,1.234753966331482,2.506523121549603,2.613191604614258
BMS-536924,4,CALU3,3.376777410507202,2.525701120772852,2.6364970207214355
BMS-536924,4,CORL23,1.7698609828948975,2.0180739016193274,2.019620180130005
BMS-536924,4,CORL95,1.9306634664535522,2.2131383837238974,2.2566657066345215
BMS-536924,4,GA10,1.8689980506896973,1.6458033333313842,1.5672309398651123
BMS-536924,4,HCC44,1.0140310525894165,1.5719700963627152,1.4775075912475586
BMS-536924,4,HEL,1.082932949066162,1.5818670230309213,1.4895344972610474
BMS-536924,4,JVM3,1.827247977256775,1.6371788252203379,1.5567502975463867
BMS-536924,4,K562,2.509460926055908,1.9888645825875362,1.9841245412826538
BMS-536924,4,KMS11,-0.5034245252609253,1.8304399868148262,1.7916043996810913
BMS-536924,4,KOPN8,2.0574541091918945,0.8999965469039461,0.660914421081543
BMS-536924,4,LAMA84,1.6330749988555908,1.4303983022910611,1.3054672479629517
BMS-536924,4,LCLC97TM1,1.1765915155410767,1.60658643400927,1.5195739269256592
BMS-536924,4,MM1S,-1.3320729732513428,1.4050666667953096,1.2746838331222534
BMS-536924,4,NCIH1341,1.214158058166504,2.269355524812707,2.324981689453125
BMS-536924,4,NCIH1435,3.7654690742492676,2.6815763669608366,2.8259191513061523
BMS-536924,4,NCIH1437,0.3312169909477234,1.6572797227386877,1.5811772346496582
BMS-536924,4,NCIH146,3.6383368968963623,2.465490835763932,2.563328504562378
BMS-536924,4,NCIH2009,1.8873729705810547,2.404770837793559,2.4895405769348145
BMS-536924,4,NCIH2087,2.2550714015960693,1.741084047845705,1.683017611503601
BMS-536924,4,NCIH211,2.463279962539673,2.8039347487262773,2.9746110439300537
BMS-536924,4,NCIH2110,-0.2809720039367676,2.7084628428028203,2.8585920333862305
BMS-536924,4,NCIH2196,4.083503723144531,2.156282826169896,2.1875739097595215
BMS-536924,4,NCIH2227,3.7659010887145996,2.323217352544227,2.3904354572296143
BMS-536924,4,NCIH2342,2.7504489421844482,2.3412550701154498,2.4123551845550537
BMS-536924,4,NCIH292,-0.45972999930381775,1.7780310764566851,1.7279162406921387
BMS-536924,4,NCIH441,3.015477418899536,2.5175078478770763,2.626540422439575
BMS-536924,4,NCIH460,1.10704505443573,1.3173450268904303,1.1680830717086792
BMS-536924,4,NCIH650,2.6112875938415527,2.155096635036354,2.1861324310302734
BMS-536924,4,NCIH69,2.580059051513672,2.173606003862131,2.208625316619873
BMS-536924,4,NCIH841,2.9798359870910645,2.253562466976658,2.3057897090911865
BMS-536924,4,OCIAML3,1.678717017173767,2.049419286805013,2.057711601257324
BMS-536924,4,P12ICHIKAWA,2.3988544940948486,1.5104203924208324,1.4027113914489746
BMS-536924,4,P31FUJ,2.830996036529541,1.9663580478571572,1.9567742347717285
BMS-536924,4,PF382,2.5049169063568115,1.9266587065903884,1.9085309505462646
BMS-536924,4,REH,1.7075680494308472,2.3300568843183616,2.398746967315674
BMS-536924,4,RERFLCKJ,2.0525994300842285,2.090056633333023,2.1070947647094727
BMS-536924,4,SUDHL6,0.8085920214653015,1.774362732308586,1.7234584093093872
BMS-536924,4,SUDHL8,3.1048669815063477,1.8247542741039338,1.784695029258728
BMS-536924,5,AMO1,-0.032281000167131424,1.5599793637955446,1.514095664024353
BMS-536924,5,CA46,2.175563097000122,2.0630948336853647,2.0454161167144775
BMS-536924,5,CMLT1,2.5953705310821533,1.6870303166163791,1.6482691764831543
BMS-536924,5,CORL311,1.495252013206482,2.72752428276994,2.747093915939331
BMS-536924,5,CORL88,4.626126766204834,2.591683165726672,2.603637456893921
BMS-536924,5,DMS273,2.7628273963928223,2.173003323852433,2.1614861488342285
BMS-536924,5,EPLC272H,1.3154784440994263,2.0732780635762627,2.0561702251434326
BMS-536924,5,GDM1,-0.9149159789085388,1.6703794511578296,1.6306848526000977
BMS-536924,5,GRANTA519,3.2800419330596924,1.9554996159227895,1.9317890405654907
BMS-536924,5,KCL22,2.262662887573242,1.7853976172465207,1.7521510124206543
BMS-536924,5,LCLC103H,3.513288974761963,2.3853080669094973,2.385692834854126
BMS-536924,5,LP1,1.5203429460525513,0.8962417065389561,0.8131484389305115
BMS-536924,5,LXF289,1.5554540157318115,1.9582121487818136,1.934653639793396
BMS-536924,5,MHHCALL2,1.740085482597351,1.9081081788496133,1.8817408084869385
BMS-536924,5,MOLM16,1.143265962600708,2.3340665941216834,2.3315787315368652
BMS-536924,5,MOLP8,0.2061839997768402,0.7395802348064366,0.6477044224739075
BMS-536924,5,MOLT13,2.547045946121216,1.8945915700437341,1.8674664497375488
BMS-536924,5,MONOMAC6,-0.5492619872093201,1.5606321552031075,1.5147850513458252
BMS-536924,5,NALM6,1.1726219654083252,2.050686040005514,2.0323116779327393
BMS-536924,5,NCIH1048,2.506309986114502,1.9324698394420405,1.9074681997299194
BMS-536924,5,NCIH1155,2.960200071334839,1.7282534788019766,1.6918033361434937
BMS-536924,5,NCIH1781,3.6508595943450928,2.09389263601824,2.0779404640197754
BMS-536924,5,NCIH1963,2.632049560546875,2.750647750564588,2.7715137004852295
BMS-536924,5,NCIH2023,2.227013111114502,2.510597735910134,2.5180063247680664
BMS-536924,5,NCIH2066,2.400524616241455,2.500696708771943,2.5075502395629883
BMS-536924,5,NCIH209,3.7755820751190186,2.8857747817624047,2.9142160415649414
BMS-536924,5,NCIH2291,2.219461441040039,1.992566157323208,1.9709335565567017
BMS-536924,5,NCIH2347,3.0730528831481934,1.8804239759279093,1.8525046110153198
BMS-536924,5,NCIH2405,2.702430486679077,1.8516800452292383,1.8221492767333984
BMS-536924,5,NCIH810,3.3004300594329834,2.4395496936018946,2.4429752826690674
BMS-536924,5,NCIH838,0.5179665088653564,2.3397357087802733,2.3375656604766846
BMS-536924,5,NUDUL1,1.9405720233917236,1.8062326464789134,1.7741540670394897
BMS-536924,5,OCIAML2,0.494515985250473,1.4707007979002007,1.4198120832443237
BMS-536924,5,OCILY19,1.658041000366211,1.8656820427697745,1.8369362354278564
BMS-536924,5,OCIM1,-0.29204100370407104,1.435379059679222,1.3825101852416992
BMS-536924,5,RPMI8402,2.2172019481658936,2.070841412128286,2.0535969734191895
BMS-536924,5,SKMM2,1.4759019613265991,1.9209012197975504,1.8952510356903076
BMS-536924,5,ST486,3.0169849395751953,2.0236663681258853,2.003777265548706
BMS-536924,5,SUDHL10,2.100189447402954,1.6953033725147513,1.657006025314331
BMS-536924,5,SUPM2,0.4229480028152466,0.9445031182581789,0.8641154170036316
BOSUTINIB,1,A4FUK,0.06999800354242325,0.5840188800565311,0.23905052244663239
BOSUTINIB,1,A549,1.814874529838562,2.2033885219147527,2.1928656101226807
BOSUTINIB,1,ABC1,2.4197895526885986,2.3258409232045323,2.3406078815460205
BOSUTINIB,1,BV173,-2.670542001724243,0.5155908872412069,0.15649022161960602
BOSUTINIB,1,CMK,1.8089560270309448,0.49259860502683944,0.12874938547611237
BOSUTINIB,1,CORL311,2.9927520751953125,1.8075346889821648,1.7152568101882935
BOSUTINIB,1,CORL88,2.6908764839172363,2.671867819699659,2.75809907913208
BOSUTINIB,1,DMS273,3.846276044845581,2.4263079494552624,2.4618241786956787
BOSUTINIB,1,DND41,1.3500374555587769,0.8850837179117528,0.6022937297821045
BOSUTINIB,1,EJM,1.3689899444580078,1.2192316588702221,1.0054526329040527
BOSUTINIB,1,GDM1,1.006862998008728,0.3672880094512819,-0.022441377863287926
BOSUTINIB,1,HCC33,3.22285795211792,2.2807066622936842,2.2861521244049072
BOSUTINIB,1,HCC827,-0.14719699323177338,1.551000706289282,1.4057413339614868
BOSUTINIB,1,L1236,1.2691919803619385,1.576978535958911,1.4370843172073364
BOSUTINIB,1,LAMA84,-3.0326240062713623,0.8401922173708146,0.5481308698654175
BOSUTINIB,1,MEG01,-2.874763011932373,1.2734612823582323,1.0708822011947632
BOSUTINIB,1,MOLM16,0.34987449645996094,0.4560384128860021,0.08463848382234573
BOSUTINIB,1,NB4,0.24709449708461761,1.3402049707267272,1.1514103412628174
BOSUTINIB,1,NCIH1048,2.2572829723358154,2.435199875483118,2.472552537918091
BOSUTINIB,1,NCIH1341,3.057941436767578,2.6459301042791887,2.726804494857788
BOSUTINIB,1,NCIH1437,3.749066114425659,2.562750540951721,2.626446008682251
BOSUTINIB,1,NCIH1651,3.227499485015869,2.5517946083599963,2.613227367401123
BOSUTINIB,1,NCIH1793,2.7423019409179688,2.8986773413728946,3.0317511558532715
BOSUTINIB,1,NCIH1876,3.453028440475464,3.1045719258774938,3.2801687717437744
BOSUTINIB,1,NCIH1915,3.3523430824279785,1.9042935184713559,1.8319990634918213
BOSUTINIB,1,NCIH2029,2.4056684970855713,3.103070111623266,3.2783567905426025
BOSUTINIB,1,NCIH2110,1.8150689601898193,2.858918192242207,2.9837806224823
BOSUTINIB,1,NCIH2291,4.198833465576172,2.8885023521933677,3.019474744796753
BOSUTINIB,1,NCIH23,2.0411179065704346,2.2769080602661833,2.281569004058838
BOSUTINIB,1,NCIH292,0.8416879773139954,2.3519545089784577,2.372114658355713
BOSUTINIB,1,NCIH358,2.4170150756835938,2.5353519159547373,2.593388795852661
BOSUTINIB,1,NCIH460,2.1729209423065186,2.4834926888991724,2.5308191776275635
BOSUTINIB,1,NCIH727,3.1689324378967285,2.265563039218331,2.267880916595459
BOSUTINIB,1,NOMO1,2.370919942855835,1.318930190958493,1.125741720199585
BOSUTINIB,1,OCIAML2,0.8172845244407654,1.3036791684032492,1.107340931892395
BOSUTINIB,1,OCIAML5,0.9744595289230347,1.1941226583877342,0.9751579165458679
BOSUTINIB,1,OCILY19,0.20937450230121613,1.1052596667419259,0.867942214012146
BOSUTINIB,1,PL21,1.290561556816101,2.328975170031676,2.3443894386291504
BOSUTINIB,1,REH,1.9515634775161743,1.196173524076878,0.9776323437690735
BOSUTINIB,1,SUDHL5,-0.6175400018692017,1.546569366203619,1.4003947973251343
BOSUTINIB,1,SW1573,3.2846434116363525,2.6869845682041467,2.7763378620147705
BOSUTINIB,2,A3KAW,0.1361680030822754,1.163202608050546,1.122511863708496
BOSUTINIB,2,DMS53,3.6713414192199707,2.2590321120230277,2.3297483921051025
BOSUTINIB,2,EPLC272H,1.4546810388565063,1.8670975130990017,1.8979679346084595
BOSUTINIB,2,HARA,1.842726230621338,2.5502512606019767,2.650574207305908
BOSUTINIB,2,HH,3.30383038520813,0.16854892002824404,0.026737146079540253
BOSUTINIB,2,HL60,1.2901979684829712,1.1062529933239933,1.0597724914550781
BOSUTINIB,2,JM1,1.5396945476531982,0.7637290802104606,0.6824260354042053
BOSUTINIB,2,JURLMK1,-2.7443885803222656,0.6970890843151226,0.6090111136436462
BOSUTINIB,2,JVM3,-0.14498299360275269,1.3349807454250449,1.311753749847412
BOSUTINIB,2,K562,-0.47774800658226013,0.7362887445452132,0.6521959900856018
BOSUTINIB,2,KMH2,2.1859796047210693,0.8372738500651321,0.7634477019309998
BOSUTINIB,2,KMS12BM,0.015027499757707119,1.1449573839974019,1.1024117469787598
BOSUTINIB,2,KNS62,3.1077284812927246,2.3651567889070977,2.446662187576294
BOSUTINIB,2,LCLC103H,3.2360663414001465,2.893348515587059,3.028552293777466
BOSUTINIB,2,LCLC97TM1,2.141413927078247,3.5617066125998047,3.7648587226867676
BOSUTINIB,2,LU65,3.32879638671875,1.53397587645802,1.5309796333312988
BOSUTINIB,2,ME1,1.859199047088623,0.8220729593542837,0.7467014193534851
BOSUTINIB,2,MOLM13,0.29703450202941895,1.0624754712051145,1.0115443468093872
BOSUTINIB,2,MOLT13,1.0207535028457642,0.8844862294131459,0.8154599070549011
BOSUTINIB,2,NALM6,1.3025469779968262,1.167693254020023,1.1274590492248535
BOSUTINIB,2,NCIH1092,3.574622392654419,3.0635340426632736,3.2160396575927734
BOSUTINIB,2,NCIH1105,2.7356724739074707,2.8822093329993494,3.0162806510925293
BOSUTINIB,2,NCIH1792,1.1509629487991333,2.6279775252084194,2.7362024784088135
BOSUTINIB,2,NCIH2023,2.974255084991455,3.0257751764351974,3.1744420528411865
BOSUTINIB,2,NCIH2030,1.4669090509414673,2.200254209241047,2.2649948596954346
BOSUTINIB,2,NCIH2066,3.685839891433716,2.349257088758397,2.4291460514068604
BOSUTINIB,2,NCIH2081,2.7660930156707764,3.1592151001473887,3.3214480876922607
BOSUTINIB,2,NCIH2085,2.307490587234497,1.9407330697480925,1.979089617729187
BOSUTINIB,2,NCIH2087,3.3924050331115723,2.8390134306897705,2.968693256378174
BOSUTINIB,2,NCIH2342,2.2047009468078613,2.7589966120138847,2.8805415630340576
BOSUTINIB,2,NCIH2347,3.0559821128845215,3.519315347481286,3.7181577682495117
BOSUTINIB,2,NCIH446,3.297893524169922,2.816492029590318,2.9438822269439697
BOSUTINIB,2,NCIH647,1.6882305145263672,3.0609128039171383,3.2131519317626953
BOSUTINIB,2,NCIH810,3.0489308834075928,2.290623535897458,2.364551544189453
BOSUTINIB,2,NCIH841,2.398252487182617,2.617460973389587,2.724616765975952
BOSUTINIB,2,P12ICHIKAWA,2.1067919731140137,0.6502777250626,0.5574406981468201
BOSUTINIB,2,P31FUJ,1.1924035549163818,0.5252699359810471,0.4197240471839905
BOSUTINIB,2,RS411,0.2366960048675537,2.75327845067386,2.874242067337036
BOSUTINIB,2,SUDHL1,2.330657958984375,0.13077577029973456,-0.014876194298267365
BOSUTINIB,2,SUDHL6,-0.4333229959011078,0.8809567980978101,0.8115716576576233
BOSUTINIB,2,SUDHL8,2.432305097579956,1.4817159028319773,1.4734066724777222
BOSUTINIB,3,697,-1.0040684938430786,0.8985148605131018,0.9180569052696228
BOSUTINIB,3,CA46,1.6625055074691772,0.6855040202833572,0.7129911184310913
BOSUTINIB,3,CAL12T,2.3441476821899414,2.103680854429373,2.0782716274261475
BOSUTINIB,3,CHAGOK1,3.6508419513702393,3.2479147792384877,3.1798269748687744
BOSUTINIB,3,CORL23,3.209094524383545,2.377258099902918,2.341644763946533
BOSUTINIB,3,DMS114,3.6963229179382324,3.115033051372267,3.0519015789031982
BOSUTINIB,3,DOHH2,-0.11050350219011307,1.0261813895642105,1.0409616231918335
BOSUTINIB,3,EBC1,3.738395929336548,2.3663401917308615,2.331134080886841
BOSUTINIB,3,HCC15,3.0629544258117676,3.021591508331558,2.9619452953338623
BOSUTINIB,3,HCC78,4.546510696411133,1.8117473573121206,1.797226905822754
BOSUTINIB,3,HDLM2,0.9757339954376221,1.2633116188221443,1.2692471742630005
BOSUTINIB,3,HEL,1.2044775485992432,-0.3155679823026792,-0.2507420778274536
BOSUTINIB,3,HT,3.2862260341644287,0.34270064935334843,0.38297390937805176
BOSUTINIB,3,JURKAT,1.1066315174102783,1.0230766519936312,1.0379726886749268
BOSUTINIB,3,JVM2,0.2133519947528839,1.3274027240451158,1.330947756767273
BOSUTINIB,3,L428,1.6656324863433838,1.264914447486986,1.2707902193069458
BOSUTINIB,3,L540,1.0646259784698486,0.24160579756270073,0.28564977645874023
BOSUTINIB,3,LP1,3.298543930053711,1.2402403712674992,1.2470364570617676
BOSUTINIB,3,MOLP8,1.3242859840393066,1.3012408553033734,1.305761694908142
BOSUTINIB,3,MONOMAC6,0.38032498955726624,0.7533701436364559,0.7783259153366089
BOSUTINIB,3,NCIH1155,2.1841769218444824,3.0056191919053674,2.946568727493286
BOSUTINIB,3,NCIH1435,2.938101053237915,2.794369494342937,2.7431983947753906
BOSUTINIB,3,NCIH1648,2.2592360973358154,1.876606443327687,1.8596668243408203
BOSUTINIB,3,NCIH1781,2.887347936630249,2.7372803629829248,2.6882386207580566
BOSUTINIB,3,NCIH1975,2.841872453689575,3.087748311004073,3.025634527206421
BOSUTINIB,3,NCIH2009,2.7977120876312256,3.5788146955391253,3.498384714126587
BOSUTINIB,3,NCIH2444,3.816958427429199,2.3016777444606418,2.268883466720581
BOSUTINIB,3,NCIH650,3.383992910385132,2.997832396651975,2.939072370529175
BOSUTINIB,3,NCIH82,1.5018349885940552,1.1548855347152143,1.164865255355835
BOSUTINIB,3,NCIH838,1.8387049436569214,1.8700507453074418,1.8533556461334229
BOSUTINIB,3,RAJI,2.376729965209961,0.2451959406003829,0.28910601139068604
BOSUTINIB,3,RCHACV,0.18445000052452087,1.651467710353999,1.642925500869751
BOSUTINIB,3,RERFLCKJ,2.3734889030456543,2.4873247801919005,2.447606086730957
BOSUTINIB,3,SKLU1,0.5051703453063965,2.446348386125348,2.40815806388855
BOSUTINIB,3,SKM1,0.45837050676345825,1.5299202001446308,1.525911569595337
BOSUTINIB,3,SKMES1,2.7065300941467285,3.4550682490326112,3.37925386428833
BOSUTINIB,3,SKMM2,2.6937174797058105,1.1945107184610968,1.203012466430664
BOSUTINIB,3,ST486,0.5709350109100342,0.4154171125397176,0.45297813415527344
BOSUTINIB,3,SUDHL10,0.9661870002746582,2.101213954501918,2.075896739959717
BOSUTINIB,3,SUPT1,1.638564944267273,0.8905814529961763,0.9104194045066833
BOSUTINIB,3,THP1,2.74446439743042,0.7953167294975878,0.8187079429626465
BOSUTINIB,4,ALLSIL,-2.382524013519287,0.539580114449735,0.5346307158470154
BOSUTINIB,4,AMO1,1.534603476524353,1.5495803603851572,1.532213807106018
BOSUTINIB,4,CALU6,4.074760437011719,2.711889223724282,2.6802330017089844
BOSUTINIB,4,COLO668,3.1322929859161377,3.145895392858314,3.108903408050537
BOSUTINIB,4,CORL105,1.7919379472732544,2.174831409960224,2.149777889251709
BOSUTINIB,4,DAUDI,1.2169674634933472,0.7149680919229936,0.7078624367713928
BOSUTINIB,4,DB,1.3843225240707397,0.1649984230015877,0.1646542102098465
BOSUTINIB,4,EHEB,1.6678880453109741,1.1441002506065903,1.1317187547683716
BOSUTINIB,4,GA10,0.026220999658107758,0.956508449054423,0.9464332461357117
BOSUTINIB,4,GRANTA519,1.3882780075073242,1.057577045441827,1.0462592840194702
BOSUTINIB,4,JEKO1,0.32329151034355164,1.6933495174051651,1.6742154359817505
BOSUTINIB,4,KARPAS422,2.862945556640625,1.0520616114263497,1.0408116579055786
BOSUTINIB,4,KCL22,-1.2759469747543335,0.2238651627117459,0.222797229886055
BOSUTINIB,4,KG1,1.0466660261154175,0.6520350804413041,0.645703136920929
BOSUTINIB,4,KMS11,2.3819189071655273,1.165416465290898,1.1527729034423828
BOSUTINIB,4,LOUCY,1.7200310230255127,1.2615216176289017,1.2476965188980103
BOSUTINIB,4,LOUNH91,-0.4931269884109497,2.3158188320424076,2.289031982421875
BOSUTINIB,4,MM1S,1.1668980121612549,1.2681803775323524,1.2542734146118164
BOSUTINIB,4,MOLT16,0.4960010051727295,0.368119641837874,0.3652782142162323
BOSUTINIB,4,NCIH1436,3.737065076828003,3.2241933621669183,3.1862387657165527
BOSUTINIB,4,NCIH1568,2.086738109588623,2.5788984447365326,2.548877239227295
BOSUTINIB,4,NCIH1623,3.524184465408325,2.803985312827743,2.7711968421936035
BOSUTINIB,4,NCIH1963,2.885650396347046,3.3456825699712693,3.306234359741211
BOSUTINIB,4,NCIH209,0.18524199724197388,3.162642045477324,3.125444173812866
BOSUTINIB,4,NCIH2122,2.909214496612549,2.8807572383775026,2.847024917602539
BOSUTINIB,4,NCIH2170,2.1195404529571533,2.6707125947209924,2.6395626068115234
BOSUTINIB,4,NCIH2196,4.6893720626831055,3.323797287244969,3.2846181392669678
BOSUTINIB,4,NCIH2227,4.153347015380859,3.2215697352110677,3.183647394180298
BOSUTINIB,4,NCIH2405,4.340216636657715,2.5743577283259613,2.5443923473358154
BOSUTINIB,4,NCIH524,1.745402455329895,3.0392837840784246,3.0036025047302246
BOSUTINIB,4,NCIH596,3.8219149112701416,2.4645349585014795,2.435919761657715
BOSUTINIB,4,NCIH661,1.889917016029358,2.7225720128086595,2.690784454345703
BOSUTINIB,4,NCIH929,1.0360150337219238,1.3518343452501826,1.336898922920227
BOSUTINIB,4,OCIM1,1.6653685569763184,-0.03891223064822803,-0.036749523133039474
BOSUTINIB,4,RERFLCMS,2.6363489627838135,2.584254081066411,2.5541670322418213
BOSUTINIB,4,SBC5,2.4068734645843506,2.557149303845093,2.527395486831665
BOSUTINIB,4,SHP77,2.545816421508789,3.139469208589417,3.1025562286376953
BOSUTINIB,4,SIGM5,1.070032000541687,0.9136515908365848,0.9041032791137695
BOSUTINIB,4,SUPB15,-0.2438105046749115,0.8256807320918259,0.8172139525413513
BOSUTINIB,4,SW1271,4.581206798553467,2.4201283403275005,2.392059087753296
BOSUTINIB,5,BEN,3.1090478897094727,2.8268258482854467,2.7897884845733643
BOSUTINIB,5,BL41,1.0398759841918945,1.6998849057175969,1.6353768110275269
BOSUTINIB,5,CALU3,2.775130033493042,3.103525556449644,3.073233127593994
BOSUTINIB,5,CMLT1,-2.0043985843658447,1.0074405420714945,0.9260531663894653
BOSUTINIB,5,CORL279,2.522847890853882,2.7089586101929912,2.6690480709075928
BOSUTINIB,5,CORL95,3.9573779106140137,3.2446835965134033,3.217832088470459
BOSUTINIB,5,DMS79,3.9153308868408203,2.83417407652406,2.797315835952759
BOSUTINIB,5,EM2,-2.380760431289673,1.37520886861016,1.3027863502502441
BOSUTINIB,5,HCC366,2.2387194633483887,2.810258121219139,2.7728168964385986
BOSUTINIB,5,HCC44,2.9257121086120605,2.8685668196768495,2.8325469493865967
BOSUTINIB,5,IALM,3.9872488975524902,3.3541196434255793,3.3299357891082764
BOSUTINIB,5,KOPN8,0.8038855195045471,0.3193239280596999,0.22116276621818542
BOSUTINIB,5,KU812,-3.0978593826293945,-0.9339886130211126,-1.0627009868621826
BOSUTINIB,5,L363,0.7495635151863098,0.9615365172958582,0.879030168056488
BOSUTINIB,5,LXF289,2.685698986053467,2.8317516655425727,2.7948343753814697
BOSUTINIB,5,MHHCALL2,1.801946997642517,0.19768621937730657,0.09655997157096863
BOSUTINIB,5,NAMALWA,1.1178815364837646,1.2306917349174324,1.154746413230896
BOSUTINIB,5,NCIH146,3.128612995147705,2.66422732978063,2.6232264041900635
BOSUTINIB,5,NCIH1650,2.0490314960479736,2.803546916314147,2.765942096710205
BOSUTINIB,5,NCIH1836,4.2986979484558105,2.8390687059380353,2.8023297786712646
BOSUTINIB,5,NCIH1944,2.133570909500122,2.6241614248605716,2.582183837890625
BOSUTINIB,5,NCIH196,2.3778610229492188,1.8910776723725837,1.8312301635742188
BOSUTINIB,5,NCIH211,2.2182300090789795,2.5456469607074608,2.501755475997925
BOSUTINIB,5,NCIH2171,2.728916883468628,2.817055441810445,2.7797799110412598
BOSUTINIB,5,NCIH2172,3.8251309394836426,2.549509365611166,2.5057120323181152
BOSUTINIB,5,NCIH2228,3.3445870876312256,2.739474983736187,2.700308322906494
BOSUTINIB,5,NCIH441,5.258869647979736,3.1469983841163387,3.1177656650543213
BOSUTINIB,5,NCIH522,3.113640069961548,3.1307201919521237,3.101090669631958
BOSUTINIB,5,NCIH526,1.5432840585708618,2.6245708234882077,2.5826032161712646
BOSUTINIB,5,NCIH69,3.558265447616577,2.6161684927000985,2.573996067047119
BOSUTINIB,5,NUDUL1,0.26772499084472656,1.032846647867284,0.9520785808563232
BOSUTINIB,5,OCIAML3,1.3015179634094238,1.8564358919647796,1.7957439422607422
BOSUTINIB,5,OPM2,1.9533029794692993,1.5225117283825775,1.4536799192428589
BOSUTINIB,5,PF382,0.6471834778785706,1.662030428347557,1.5965995788574219
BOSUTINIB,5,RL,1.9854979515075684,1.3959245788155956,1.3240070343017578
BOSUTINIB,5,RPMI8226,1.208072543144226,1.0910855227955505,1.0117371082305908
BOSUTINIB,5,RPMI8402,0.6846640110015869,1.0378199451244323,0.9571731090545654
BOSUTINIB,5,SUDHL4,0.7798935174942017,0.8274674856176537,0.7416930198669434
BOSUTINIB,5,SUPM2,1.2468794584274292,1.2404787826669512,1.1647720336914062
BOSUTINIB,5,WSUDLCL2,0.6117225289344788,0.8934091759415564,0.8092421293258667
CCT007093,1,A549,5.363218784332275,4.655200979803185,4.731278419494629
CCT007093,1,ABC1,4.732544422149658,4.724939144494279,4.825765132904053
CCT007093,1,ALLSIL,3.750877618789673,3.9834147699252864,3.82108998298645
CCT007093,1,CMLT1,4.02191686630249,4.104836350109957,3.9856014251708984
CCT007093,1,CORL88,5.340653896331787,4.48702069451803,4.503414630889893
CCT007093,1,DOHH2,2.841146945953369,4.262214158384779,4.198829174041748
CCT007093,1,EHEB,4.691428184509277,4.4208621217234665,4.413777828216553
CCT007093,1,EM2,4.71107292175293,4.122056471229347,4.008932590484619
CCT007093,1,GA10,4.493373870849609,4.177747614844224,4.084387302398682
CCT007093,1,HT,4.642698764801025,4.222213248368478,4.144632816314697
CCT007093,1,JEKO1,3.8049449920654297,4.255321041986644,4.189489841461182
CCT007093,1,JURKAT,4.1323018074035645,4.086136845003047,3.960265874862671
CCT007093,1,KG1,4.4264116287231445,3.8143803238365845,3.592068910598755
CCT007093,1,KNS62,4.671409606933594,4.56904723111545,4.614550590515137
CCT007093,1,LOUNH91,5.362028121948242,4.618065221456302,4.68096399307251
CCT007093,1,MOLP8,4.076300621032715,4.3386567990987706,4.302399635314941
CCT007093,1,MOLT16,4.110215187072754,4.185937633822116,4.095483779907227
CCT007093,1,NALM6,3.6394383907318115,4.370418770338377,4.345433235168457
CCT007093,1,NCIH1048,4.0846848487854,4.489315701769753,4.506524085998535
CCT007093,1,NCIH1568,4.695689678192139,4.8035110282496625,4.932220458984375
CCT007093,1,NCIH1623,4.335447311401367,4.820646331588396,4.955436706542969
CCT007093,1,NCIH1792,4.482779502868652,4.677830434070708,4.761938571929932
CCT007093,1,NCIH2030,4.58380651473999,4.702078113049691,4.794791221618652
CCT007093,1,NCIH2066,5.356537342071533,4.487268460981029,4.503750324249268
CCT007093,1,NCIH2087,4.683917999267578,4.801436336063049,4.929409503936768
CCT007093,1,NCIH209,4.231978416442871,4.533775000356033,4.566761016845703
CCT007093,1,NCIH211,4.275934219360352,4.5036481469958165,4.525942802429199
CCT007093,1,NCIH2170,5.116247177124023,4.436663216736593,4.435186386108398
CCT007093,1,NCIH2171,4.0097270011901855,4.464128340324569,4.472398281097412
CCT007093,1,NCIH2196,5.8483991622924805,4.672503807057241,4.754721641540527
CCT007093,1,NCIH2405,5.493832588195801,4.816642298847581,4.950011730194092
CCT007093,1,NCIH838,4.229939937591553,4.666545445951327,4.746648788452148
CCT007093,1,NCIH929,3.8433754444122314,4.28664766221101,4.23193359375
CCT007093,1,OCIAML2,3.856128454208374,4.24607238448503,4.176959037780762
CCT007093,1,OCIM1,3.784452438354492,3.8764292815907604,3.676137685775757
CCT007093,1,RCHACV,3.742116928100586,4.135036407197878,4.026518821716309
CCT007093,1,RS411,3.9344675540924072,4.704254868125892,4.797740459442139
CCT007093,1,SKLU1,6.177367210388184,4.885247917405253,5.042963981628418
CCT007093,1,SKM1,3.016190528869629,4.144107686436207,4.038809299468994
CCT007093,1,SUPB15,4.237812042236328,4.185778204549761,4.0952677726745605
CCT007093,1,SW1573,5.386300563812256,4.834869323163901,4.974707126617432
CCT007093,2,A4FUK,3.9376564025878906,4.490782816993098,4.4798808097839355
CCT007093,2,CORL279,4.039268493652344,4.573565689555508,4.567720890045166
CCT007093,2,DMS114,5.1103057861328125,4.614444378393014,4.6110968589782715
CCT007093,2,EBC1,5.153332233428955,4.762232032702578,4.767912864685059
CCT007093,2,HCC33,4.374689102172852,4.45904100898408,4.446199893951416
CCT007093,2,HCC366,4.65850830078125,4.835430437710888,4.845582962036133
CCT007093,2,HCC827,5.311761856079102,4.74858108695563,4.753427982330322
CCT007093,2,HDLM2,4.660562992095947,4.326896420857854,4.30598258972168
CCT007093,2,HEL,3.735599994659424,4.127547315018733,4.094455242156982
CCT007093,2,JVM2,5.229118824005127,4.46225770153623,4.449613094329834
CCT007093,2,KMH2,4.022830486297607,4.064036286560674,4.027064323425293
CCT007093,2,KMS11,4.142510414123535,4.136145384116286,4.103578567504883
CCT007093,2,L1236,4.449137210845947,4.253660267571481,4.228272438049316
CCT007093,2,LAMA84,3.6850318908691406,4.1979959377238005,4.169207572937012
CCT007093,2,LCLC97TM1,3.9326865673065186,4.888698650670043,4.902105331420898
CCT007093,2,ME1,4.5487895011901855,4.332919068746079,4.312373161315918
CCT007093,2,MHHCALL2,2.89266300201416,3.9949245820370325,3.953730583190918
CCT007093,2,NAMALWA,4.090837001800537,4.2077619565200175,4.179570198059082
CCT007093,2,NB4,3.1661455631256104,3.9588657641087313,3.91546893119812
CCT007093,2,NCIH1341,4.482038974761963,4.85328222754522,4.864525318145752
CCT007093,2,NCIH1435,4.340704917907715,4.761667606068672,4.7673139572143555
CCT007093,2,NCIH1436,5.0309600830078125,4.556734900765949,4.549861907958984
CCT007093,2,NCIH1651,3.8114004135131836,5.0019210156482705,5.022244453430176
CCT007093,2,NCIH1876,4.626778602600098,4.319451022394035,4.29808235168457
CCT007093,2,NCIH196,5.293245315551758,4.853092587386376,4.86432409286499
CCT007093,2,NCIH2009,5.010273456573486,5.330940399863389,5.371363639831543
CCT007093,2,NCIH2110,3.7994394302368164,4.710667435483183,4.713198184967041
CCT007093,2,NCIH2122,4.700928211212158,4.518558359499843,4.509353160858154
CCT007093,2,NCIH2172,5.290996551513672,4.628541562712788,4.6260552406311035
CCT007093,2,NCIH2228,5.387187957763672,5.349790272145099,5.391365051269531
CCT007093,2,NCIH23,4.391045570373535,4.408267777451236,4.392324924468994
CCT007093,2,NCIH2347,4.84887170791626,4.840257274076163,4.850704669952393
CCT007093,2,NCIH441,6.4296746253967285,5.163189299069233,5.19336462020874
CCT007093,2,NCIH446,4.465426445007324,4.646051820507496,4.644635200500488
CCT007093,2,NCIH460,3.6764423847198486,4.679194359263238,4.679802417755127
CCT007093,2,NCIH522,3.7442824840545654,4.524899620830297,4.516081809997559
CCT007093,2,PF382,4.52284049987793,4.018975178390553,3.979250431060791
CCT007093,2,RERFLCMS,4.063350200653076,4.8716642908094965,4.884030342102051
CCT007093,2,SBC5,3.7322475910186768,4.316144902373615,4.29457426071167
CCT007093,2,SIGM5,3.87504506111145,4.132634344872091,4.099853038787842
CCT007093,2,SKMES1,4.82488489151001,5.093346446350237,5.119255065917969
CCT007093,3,697,3.9416069984436035,3.8028246165543313,3.757880687713623
CCT007093,3,A3KAW,3.9071919918060303,3.8056868087326436,3.7609152793884277
CCT007093,3,BEN,5.373843193054199,4.629023553564528,4.633844375610352
CCT007093,3,CA46,4.444094181060791,4.244606048114678,4.226272106170654
CCT007093,3,CALU3,5.588751792907715,4.774662091867109,4.788255214691162
CCT007093,3,CALU6,4.269638538360596,4.916301476673532,4.9384260177612305
CCT007093,3,CMK,2.957292079925537,4.142309212834061,4.117813587188721
CCT007093,3,EJM,4.380674839019775,4.129875947156901,4.104631423950195
CCT007093,3,EPLC272H,5.0706939697265625,4.6968998743915344,4.705809116363525
CCT007093,3,GDM1,4.812371730804443,3.8578741427670287,3.8162460327148438
CCT007093,3,HL60,4.323789596557617,3.7857004859463426,3.739725112915039
CCT007093,3,JVM3,4.606157302856445,4.046831896723736,4.016585350036621
CCT007093,3,KARPAS422,4.993485450744629,4.297611472590978,4.282470226287842
CCT007093,3,KMS12BM,3.7636144161224365,3.958967004373645,3.9234280586242676
CCT007093,3,KOPN8,4.3267951011657715,4.338952699370149,4.326301574707031
CCT007093,3,L428,4.437846660614014,4.048527444258658,4.018383026123047
CCT007093,3,LP1,4.061011791229248,3.86028771195699,3.818804979324341
CCT007093,3,LU65,5.351126670837402,4.8661096716610155,4.885210990905762
CCT007093,3,MEG01,4.770575046539307,4.2836800984685075,4.267699718475342
CCT007093,3,MOLM13,3.23319411277771,4.03810859699235,4.007336616516113
CCT007093,3,MONOMAC6,4.577422142028809,4.315505570673711,4.3014421463012695
CCT007093,3,NCIH1155,4.365318775177002,4.891712439438322,4.912355899810791
CCT007093,3,NCIH1437,2.8983614444732666,4.580865056351846,4.582785129547119
CCT007093,3,NCIH1650,5.06682014465332,4.9596220415697285,4.984355926513672
CCT007093,3,NCIH2023,4.16340970993042,4.69663947067198,4.705533027648926
CCT007093,3,NCIH2342,5.494854927062988,4.075329238489042,4.046799182891846
CCT007093,3,NCIH292,3.6103274822235107,5.014887446513662,5.04295015335083
CCT007093,3,NCIH69,5.068002223968506,4.04789464972772,4.017712116241455
CCT007093,3,NCIH82,4.756522178649902,4.208871371884664,4.188385009765625
CCT007093,3,OCIAML3,3.511631965637207,4.281039181989713,4.264899730682373
CCT007093,3,OCIAML5,4.299857139587402,4.102043781732219,4.075122833251953
CCT007093,3,RAJI,3.938612937927246,4.191861477105288,4.170350551605225
CCT007093,3,RERFLCKJ,4.31915807723999,4.828511242384659,4.845347881317139
CCT007093,3,RL,3.8821020126342773,4.324738883907644,4.31123161315918
CCT007093,3,RPMI8226,4.12282133102417,4.010491410804191,3.978055953979492
CCT007093,3,RPMI8402,4.009474277496338,3.883074836407408,3.8429646492004395
CCT007093,3,SHP77,4.577150821685791,4.474653620078138,4.4701762199401855
CCT007093,3,SKMM2,5.2126264572143555,3.9345277330082316,3.8975167274475098
CCT007093,3,SUDHL5,3.484760046005249,4.298237520911564,4.2831339836120605
CCT007093,3,SUPT1,4.878239154815674,4.076588531087923,4.0481343269348145
CCT007093,3,WSUDLCL2,3.723311424255371,3.915821391199221,3.877683639526367
CCT007093,4,AMO1,4.254080772399902,4.384945539994396,4.3942999839782715
CCT007093,4,BL41,3.512815475463867,3.9490187041770395,3.8943350315093994
CCT007093,4,BV173,4.17149543762207,4.029767045929944,3.986945390701294
CCT007093,4,CAL12T,3.825765609741211,4.562612430462464,4.598066329956055
CCT007093,4,CHAGOK1,3.054865598678589,4.515988118911246,4.54459285736084
CCT007093,4,CORL311,2.8919520378112793,4.359124264351016,4.364685535430908
CCT007093,4,CORL95,5.2785444259643555,4.594160403215815,4.634248733520508
CCT007093,4,DB,5.254435062408447,3.8155919416840938,3.7413077354431152
CCT007093,4,DMS273,4.812819480895996,4.267597309081629,4.259713172912598
CCT007093,4,DND41,4.058398723602295,4.075761271124971,4.039696216583252
CCT007093,4,HARA,4.669595718383789,4.640598869434656,4.687509059906006
CCT007093,4,HCC15,4.861907482147217,4.636617954317189,4.682943344116211
CCT007093,4,IALM,5.447353839874268,5.11380765093931,5.2302327156066895
CCT007093,4,JM1,3.4496235847473145,4.296427449759484,4.292778491973877
CCT007093,4,KCL22,3.988473892211914,4.059298368158254,4.020814895629883
CCT007093,4,KU812,4.156462669372559,4.1538354357462275,4.129239559173584
CCT007093,4,LXF289,4.680118560791016,4.734810811631311,4.795560836791992
CCT007093,4,MM1S,4.091098308563232,4.27951219842224,4.273378372192383
CCT007093,4,MOLM16,3.0157010555267334,4.188020167107931,4.168446063995361
CCT007093,4,NCIH1092,5.750356197357178,4.600425927061268,4.641434669494629
CCT007093,4,NCIH146,4.468382835388184,4.3488532954672685,4.352905750274658
CCT007093,4,NCIH1648,4.141479969024658,4.681652810151009,4.734593868255615
CCT007093,4,NCIH1781,4.5592122077941895,4.75544795875253,4.819229602813721
CCT007093,4,NCIH1944,5.0315961837768555,4.786137384276893,4.854427337646484
CCT007093,4,NCIH2085,5.269324779510498,4.773771393849864,4.840244770050049
CCT007093,4,NCIH2227,5.497461795806885,4.440343247974727,4.457835674285889
CCT007093,4,NCIH2291,5.9709954261779785,4.650141424398215,4.698453426361084
CCT007093,4,NCIH2444,5.550791263580322,4.63183129366472,4.677453517913818
CCT007093,4,NCIH526,4.53296422958374,4.459822499680579,4.4801764488220215
CCT007093,4,NCIH596,4.770084381103516,4.473664858732373,4.496052265167236
CCT007093,4,NCIH647,4.458669185638428,4.622971418870652,4.66729211807251
CCT007093,4,NCIH650,4.697355270385742,4.713226144347929,4.770805358886719
CCT007093,4,NCIH661,3.9559614658355713,4.434244028677263,4.450840473175049
CCT007093,4,NCIH727,4.676576137542725,4.704725903138885,4.761056423187256
CCT007093,4,NCIH841,4.447320938110352,4.4789184194033185,4.502077579498291
CCT007093,4,OCILY19,3.8318674564361572,4.133691797371163,4.106136798858643
CCT007093,4,PL21,4.4697980880737305,4.483019073795337,4.506780624389648
CCT007093,4,ST486,4.161134719848633,4.052388414189347,4.012889862060547
CCT007093,4,SUDHL4,3.62249755859375,3.891017290617268,3.827813148498535
CCT007093,4,SUDHL8,4.229053020477295,3.927080431848498,3.869174003601074
CCT007093,5,COLO668,4.64783239364624,4.557368707380871,4.6155924797058105
CCT007093,5,CORL105,4.552807807922363,4.543161574582346,4.593175888061523
CCT007093,5,CORL23,4.948492527008057,4.532244890017434,4.575951099395752
CCT007093,5,DAUDI,4.016520977020264,4.241500787388701,4.117203235626221
CCT007093,5,DMS53,4.886361598968506,4.559373862049314,4.618756294250488
CCT007093,5,DMS79,5.223897457122803,4.851690960917571,5.079986095428467
CCT007093,5,GRANTA519,4.755258560180664,4.257638127100164,4.142665386199951
CCT007093,5,HCC44,4.1333208084106445,4.632281104468713,4.733792304992676
CCT007093,5,HCC78,4.803720474243164,4.739408948075937,4.902822971343994
CCT007093,5,HH,4.535707473754883,4.164637330988203,3.995924949645996
CCT007093,5,JURLMK1,3.1819024085998535,4.105218115785782,3.9021708965301514
CCT007093,5,K562,4.794238090515137,4.038076561888147,3.796232223510742
CCT007093,5,L363,4.12420129776001,4.300564756274204,4.210396766662598
CCT007093,5,L540,4.50253963470459,4.427244595598731,4.410277366638184
CCT007093,5,LCLC103H,5.280076503753662,4.64900744892001,4.760183811187744
CCT007093,5,LOUCY,3.516218423843384,4.22688113972621,4.094135761260986
CCT007093,5,MOLT13,4.02469539642334,4.227907138234027,4.095754623413086
CCT007093,5,NCIH1105,3.8315765857696533,4.771347571433859,4.953217029571533
CCT007093,5,NCIH1793,5.490945816040039,4.73348203121723,4.8934712409973145
CCT007093,5,NCIH1836,5.547465801239014,4.82335406074556,5.035274982452393
CCT007093,5,NCIH1915,5.2985029220581055,4.528461841616593,4.569982051849365
CCT007093,5,NCIH1963,4.5938005447387695,4.646167593845501,4.755702972412109
CCT007093,5,NCIH1975,5.365114212036133,4.714825177644303,4.8640336990356445
CCT007093,5,NCIH2029,4.480923175811768,4.677273934466889,4.804783821105957
CCT007093,5,NCIH2081,4.871256351470947,4.6401488055445625,4.746206283569336
CCT007093,5,NCIH358,5.425440311431885,4.608195373960756,4.695788860321045
CCT007093,5,NCIH524,4.495762348175049,4.490610505208468,4.510258674621582
CCT007093,5,NCIH810,4.2089362144470215,4.580066393368531,4.6514058113098145
CCT007093,5,NOMO1,3.62192702293396,3.9988977738023825,3.7344143390655518
CCT007093,5,NUDUL1,4.173523902893066,4.143875140565582,3.963165521621704
CCT007093,5,OPM2,4.080896377563477,4.4039216398282495,4.373477458953857
CCT007093,5,P12ICHIKAWA,3.6064469814300537,4.084616549282721,3.8696649074554443
CCT007093,5,P31FUJ,4.280460357666016,4.201368077568055,4.053880214691162
CCT007093,5,REH,4.146496772766113,4.125160111819532,3.93363618850708
CCT007093,5,SUDHL1,4.500335216522217,4.333367696489962,4.262154579162598
CCT007093,5,SUDHL10,3.5352234840393066,4.246764960586836,4.125509262084961
CCT007093,5,SUDHL6,3.7230989933013916,4.20029584113043,4.052188396453857
CCT007093,5,SUPM2,3.657109022140503,4.284505386405161,4.185057640075684
CCT007093,5,SW1271,6.111413955688477,4.837617102152022,5.057779788970947
CCT007093,5,THP1,4.136926651000977,4.2369304853463685,4.109992027282715
DACTOLISIB,1,A4FUK,-3.384692430496216,-2.3280409832765123,-2.489025115966797
DACTOLISIB,1,ABC1,-0.16095249354839325,-1.9246898973616973,-1.9236456155776978
DACTOLISIB,1,ALLSIL,-1.491263508796692,-2.535210192335295,-2.7794153690338135
DACTOLISIB,1,AMO1,-3.191831588745117,-2.163222750785042,-2.257998466491699
DACTOLISIB,1,BL41,-2.4052274227142334,-2.7943004205961364,-3.1425836086273193
DACTOLISIB,1,COLO668,-0.6638540029525757,-1.500733981009088,-1.329384207725525
DACTOLISIB,1,DB,-3.679781436920166,-2.4668873950650907,-2.6836469173431396
DACTOLISIB,1,EBC1,-2.8360440731048584,-2.156192518270834,-2.2481441497802734
DACTOLISIB,1,EM2,-1.5941599607467651,-2.1038928748169448,-2.174835443496704
DACTOLISIB,1,GDM1,-1.0310825109481812,-2.293123526780052,-2.4400811195373535
DACTOLISIB,1,HCC15,-2.111868381500244,-1.5935545838131118,-1.4594913721084595
DACTOLISIB,1,HCC44,-2.8702499866485596,-1.783528621801656,-1.7257790565490723
DACTOLISIB,1,HH,-1.9325095415115356,-2.304651155449979,-2.4562394618988037
DACTOLISIB,1,L540,-2.5392494201660156,-2.26924264405009,-2.406607151031494
DACTOLISIB,1,LCLC97TM1,-1.738502025604248,-2.166605365563181,-2.262739896774292
DACTOLISIB,1,LXF289,-2.858405113220215,-1.8881477243991642,-1.8724242448806763
DACTOLISIB,1,ME1,-0.6683719754219055,-2.4631851778749168,-2.678457498550415
DACTOLISIB,1,MOLM13,-3.585500478744507,-2.1466597257309425,-2.2347819805145264
DACTOLISIB,1,MONOMAC6,-2.575793504714966,-2.315517977642656,-2.4714715480804443
DACTOLISIB,1,NAMALWA,-3.1646153926849365,-2.4023484590285813,-2.593182325363159
DACTOLISIB,1,NCIH1048,-1.4640995264053345,-1.93247065975515,-1.9345519542694092
DACTOLISIB,1,NCIH146,-2.146462917327881,-1.8107423674707368,-1.7639247179031372
DACTOLISIB,1,NCIH196,0.40536099672317505,-1.799065398237869,-1.7475570440292358
DACTOLISIB,1,NCIH1975,-3.066545009613037,-2.004277106307351,-2.035203456878662
DACTOLISIB,1,NCIH2029,-0.5033435225486755,-1.1606000480845249,-0.852616548538208
DACTOLISIB,1,NCIH2081,-0.8069329857826233,-1.465274442081998,-1.2796803712844849
DACTOLISIB,1,NCIH2087,-1.0191835165023804,-1.9467620243441492,-1.9545842409133911
DACTOLISIB,1,NCIH2347,-1.1659364700317383,-1.8585788882580103,-1.830977439880371
DACTOLISIB,1,NCIH292,-3.2850754261016846,-1.9230804891537847,-1.9213896989822388
DACTOLISIB,1,NCIH441,1.2865054607391357,-1.5443699157571937,-1.3905489444732666
DACTOLISIB,1,NCIH446,-2.4222424030303955,-2.061663343764371,-2.1156420707702637
DACTOLISIB,1,NCIH460,-2.9973204135894775,-2.0562629304689555,-2.108072280883789
DACTOLISIB,1,NCIH524,-1.4306634664535522,-1.8358945159950277,-1.7991806268692017
DACTOLISIB,1,NCIH810,-0.9821125268936157,-1.4503328167047034,-1.2587366104125977
DACTOLISIB,1,NCIH841,-2.7081644535064697,-1.5839636198922118,-1.4460476636886597
DACTOLISIB,1,NUDUL1,-3.183499574661255,-2.3054757602895437,-2.457395315170288
DACTOLISIB,1,OCILY19,-2.1744964122772217,-2.137350603851948,-2.221733331680298
DACTOLISIB,1,RAJI,-2.225484609603882,-2.5150099251423246,-2.751100540161133
DACTOLISIB,1,RERFLCKJ,-1.9298839569091797,-1.7075028791169802,-1.619213342666626
DACTOLISIB,1,SUDHL5,-5.143810272216797,-2.5544940051397393,-2.806445598602295
DACTOLISIB,1,SUPB15,-2.90026593208313,-2.259204678990911,-2.3925368785858154
DACTOLISIB,2,A3KAW,-3.269990921020508,-2.081519134033295,-2.148824691772461
DACTOLISIB,2,CAL12T,-2.683589458465576,-1.9729864029681634,-2.0140292644500732
DACTOLISIB,2,CORL95,0.8998929858207703,-1.6936707805032596,-1.6671249866485596
DACTOLISIB,2,DMS79,-0.7753394842147827,-1.0259708337684124,-0.837855339050293
DACTOLISIB,2,EHEB,-2.5771429538726807,-2.5384806457211946,-2.7163615226745605
DACTOLISIB,2,GA10,-4.364689826965332,-2.428899585067726,-2.580264091491699
DACTOLISIB,2,HCC78,-2.479156970977783,-2.015195442502078,-2.0664520263671875
DACTOLISIB,2,HDLM2,-0.938911497592926,-2.1987362419976693,-2.294405937194824
DACTOLISIB,2,HEL,-2.3965680599212646,-2.2043754527625437,-2.3014097213745117
DACTOLISIB,2,JM1,-1.3606220483779907,-1.8832566081506037,-1.9025866985321045
DACTOLISIB,2,JVM3,-3.6148815155029297,-2.673669090633256,-2.884262800216675
DACTOLISIB,2,KARPAS422,-2.6834044456481934,-2.4128682625532445,-2.5603535175323486
DACTOLISIB,2,KCL22,-3.240267515182495,-2.0973611774827523,-2.1685001850128174
DACTOLISIB,2,KG1,-0.9268454909324646,-1.9284196296851275,-1.9586782455444336
DACTOLISIB,2,KMS12BM,-2.5819199085235596,-2.244868118949211,-2.351700782775879
DACTOLISIB,2,L1236,-3.2104899883270264,-2.392313439137908,-2.534824848175049
DACTOLISIB,2,LCLC103H,-1.4864189624786377,-1.787900752280091,-1.7841566801071167
DACTOLISIB,2,LOUCY,-2.1843299865722656,-2.251230083953252,-2.359602212905884
DACTOLISIB,2,MEG01,-2.035172939300537,-2.04489305905122,-2.1033358573913574
DACTOLISIB,2,NALM6,-2.8076250553131104,-2.0660134160624617,-2.1295669078826904
DACTOLISIB,2,NB4,-2.855884075164795,-2.1597867952874052,-2.2460315227508545
DACTOLISIB,2,NCIH1781,0.2657639980316162,-1.2092000714764426,-1.0654222965240479
DACTOLISIB,2,NCIH1793,-3.275987386703491,-2.0800745853879494,-2.1470305919647217
DACTOLISIB,2,NCIH1944,-1.7293150424957275,-1.8870833662862379,-1.9073394536972046
DACTOLISIB,2,NCIH2066,0.30074501037597656,-1.6582805864751693,-1.623171091079712
DACTOLISIB,2,NCIH211,-1.8586515188217163,-1.1220095148258349,-0.957133412361145
DACTOLISIB,2,NCIH2110,-1.6050695180892944,-0.9382983449750616,-0.7289679050445557
DACTOLISIB,2,NCIH2122,-2.3507330417633057,-2.122380376086948,-2.199573516845703
DACTOLISIB,2,NCIH2196,-1.9961400032043457,-1.2047992372313194,-1.0599565505981445
DACTOLISIB,2,NCIH2228,-2.306278944015503,-2.0416371135929197,-2.099292039871216
DACTOLISIB,2,NCIH23,-1.247889518737793,-1.9165357455072165,-1.9439187049865723
DACTOLISIB,2,NCIH2342,-0.019497500732541084,-1.2531177097104107,-1.1199671030044556
DACTOLISIB,2,NCIH596,-1.340956449508667,-1.956257089905578,-1.9932518005371094
DACTOLISIB,2,NCIH650,-1.5369914770126343,-1.5101472580014332,-1.439192533493042
DACTOLISIB,2,NCIH661,-0.7029809951782227,-1.4317474277450208,-1.341821551322937
DACTOLISIB,2,OCIM1,-2.7292964458465576,-2.5184070825655107,-2.6914305686950684
DACTOLISIB,2,REH,-1.9489660263061523,-2.49978996998421,-2.6683084964752197
DACTOLISIB,2,RPMI8226,-3.070861577987671,-2.528777310123016,-2.704310178756714
DACTOLISIB,2,SUDHL6,-4.146506309509277,-3.1415602205434503,-3.465373992919922
DACTOLISIB,2,SUDHL8,-1.2047539949417114,-2.415162839291825,-2.5632033348083496
DACTOLISIB,2,SW1573,-0.9381355047225952,-1.8829880468808577,-1.9022531509399414
DACTOLISIB,3,697,-3.9874160289764404,-2.499203588091794,-2.490432024002075
DACTOLISIB,3,BV173,-3.487044095993042,-2.068125705409925,-2.060617685317993
DACTOLISIB,3,CALU6,-0.5539504885673523,-2.05176825992008,-2.0443081855773926
DACTOLISIB,3,CHAGOK1,-0.5202879905700684,-0.9706027939082643,-0.9663117527961731
DACTOLISIB,3,CMLT1,-2.747802495956421,-2.0373756591038803,-2.0299577713012695
DACTOLISIB,3,DMS273,-2.562840461730957,-1.306845357316889,-1.3015687465667725
DACTOLISIB,3,EJM,-2.237826108932495,-2.4283362294160105,-2.4197723865509033
DACTOLISIB,3,EPLC272H,-2.963728904724121,-2.4304813701689945,-2.4219112396240234
DACTOLISIB,3,GRANTA519,-1.718564510345459,-2.5848595294238113,-2.5758368968963623
DACTOLISIB,3,HCC33,-0.05564500018954277,-1.4860652794873686,-1.480263352394104
DACTOLISIB,3,HT,-2.6791930198669434,-3.097235640241578,-3.0867111682891846
DACTOLISIB,3,JURKAT,-3.048628568649292,-2.067196726274339,-2.0596914291381836
DACTOLISIB,3,JVM2,-2.793795585632324,-2.686011129680769,-2.676692008972168
DACTOLISIB,3,KOPN8,-2.9407029151916504,-2.3503880650354696,-2.342052698135376
DACTOLISIB,3,L428,-2.3868930339813232,-2.7654906151383476,-2.7559385299682617
DACTOLISIB,3,LAMA84,-3.033235549926758,-1.440382700604982,-1.434714674949646
DACTOLISIB,3,LP1,-1.3596810102462769,-3.175130959219554,-3.1643781661987305
DACTOLISIB,3,MOLT13,-1.0418745279312134,-2.3887593270453507,-2.3803114891052246
DACTOLISIB,3,NCIH1092,-0.07830449938774109,-1.1561413882571434,-1.1513065099716187
DACTOLISIB,3,NCIH1341,-2.0800836086273193,-1.4881344998090662,-1.4823265075683594
DACTOLISIB,3,NCIH1435,0.5558570027351379,-0.628442322550646,-0.6251541972160339
DACTOLISIB,3,NCIH1648,-2.438020944595337,-1.4654556920467998,-1.4597141742706299
DACTOLISIB,3,NCIH1651,-1.3076050281524658,-1.5485167089053595,-1.5425317287445068
DACTOLISIB,3,NCIH1915,-1.4946155548095703,-2.0932526182919164,-2.0856709480285645
DACTOLISIB,3,NCIH2085,-2.2009096145629883,-1.8774567430819504,-1.8705075979232788
DACTOLISIB,3,NCIH209,-3.4687485694885254,-0.8251972340341864,-0.8213323950767517
DACTOLISIB,3,NCIH2170,-2.3090009689331055,-2.0623093634552276,-2.0548183917999268
DACTOLISIB,3,NCIH358,-0.8487250208854675,-2.0761067959140336,-2.068575382232666
DACTOLISIB,3,NCIH727,-0.8911889791488647,-1.7824876962458807,-1.7758169174194336
DACTOLISIB,3,NCIH82,-0.7984449863433838,-1.9257903199531854,-1.9186995029449463
DACTOLISIB,3,OCIAML2,-1.8962630033493042,-2.7395526090187996,-2.730076551437378
DACTOLISIB,3,PL21,-2.730849504470825,-1.437343133479627,-1.4316840171813965
DACTOLISIB,3,RCHACV,-4.032738208770752,-2.1840556061859653,-2.1762077808380127
DACTOLISIB,3,RPMI8402,-3.0532360076904297,-2.125806103630288,-2.118129014968872
DACTOLISIB,3,RS411,-3.041337490081787,-1.515871760370241,-1.5099824666976929
DACTOLISIB,3,SKLU1,-1.9785925149917603,-2.190859272426592,-2.1829915046691895
DACTOLISIB,3,SKMM2,-1.0433224439620972,-2.6413340481639267,-2.632145881652832
DACTOLISIB,3,SUDHL1,-1.1400320529937744,-2.7186703058242703,-2.7092554569244385
DACTOLISIB,3,SUDHL10,-3.9548730850219727,-2.8360640959871986,-2.8263051509857178
DACTOLISIB,3,SUPT1,-2.065242052078247,-2.3163384091819466,-2.30810284614563
DACTOLISIB,3,THP1,-1.3819955587387085,-1.7135154789186395,-1.7070468664169312
DACTOLISIB,4,A549,-3.988443613052368,-2.1327252162654173,-2.1611740589141846
DACTOLISIB,4,CA46,-2.020958423614502,-2.8055681745712757,-3.031222343444824
DACTOLISIB,4,CORL23,-3.0536129474639893,-2.060023638236375,-2.067164182662964
DACTOLISIB,4,CORL279,-1.9671670198440552,-1.7181166199368665,-1.625046730041504
DACTOLISIB,4,CORL311,-0.6541290283203125,-1.5750726799233523,-1.4400776624679565
DACTOLISIB,4,CORL88,-0.22616949677467346,-0.9393584038360362,-0.6180402040481567
DACTOLISIB,4,DAUDI,-1.5506964921951294,-2.780189016985635,-2.9984047412872314
DACTOLISIB,4,DMS114,-1.9685025215148926,-1.5042474304533795,-1.348494052886963
DACTOLISIB,4,DOHH2,-3.682786464691162,-2.809672626008749,-3.036529779434204
DACTOLISIB,4,HARA,-2.3275914192199707,-1.8934660830497063,-1.8517898321151733
DACTOLISIB,4,HCC827,-1.3395304679870605,-2.2217018910280215,-2.2762291431427
DACTOLISIB,4,HL60,-1.6413480043411255,-2.4284024415514898,-2.5435121059417725
DACTOLISIB,4,IALM,-0.7221419811248779,-1.459532860561688,-1.2906739711761475
DACTOLISIB,4,JEKO1,-2.824183464050293,-2.200775291627707,-2.249169111251831
DACTOLISIB,4,KMH2,-2.079185962677002,-2.5579518059177735,-2.711031436920166
DACTOLISIB,4,KMS11,-3.039546012878418,-2.607801319097442,-2.77549147605896
DACTOLISIB,4,KU812,-2.4830009937286377,-2.3869585631853067,-2.4899213314056396
DACTOLISIB,4,MOLP8,-2.9862754344940186,-2.5413027894359894,-2.689502716064453
DACTOLISIB,4,MOLT16,-3.8850295543670654,-2.5503480335229387,-2.7011990547180176
DACTOLISIB,4,NCIH1105,-0.93971848487854,-0.6307109525200805,-0.2189304530620575
DACTOLISIB,4,NCIH1437,-2.4095304012298584,-2.270764660832113,-2.3396718502044678
DACTOLISIB,4,NCIH1623,-1.7367135286331177,-1.369255394958988,-1.1739368438720703
DACTOLISIB,4,NCIH1876,-2.8092925548553467,-0.6889802976634372,-0.2942781150341034
DACTOLISIB,4,NCIH1963,0.294283002614975,-1.3387200905493526,-1.1344518661499023
DACTOLISIB,4,NCIH2023,-3.3076064586639404,-1.3730964616033965,-1.1789036989212036
DACTOLISIB,4,NCIH2171,-2.789057970046997,-0.8690671147165832,-0.5271470546722412
DACTOLISIB,4,NCIH2172,-1.0072879791259766,-1.5675974193946476,-1.430411458015442
DACTOLISIB,4,NCIH2291,-0.36066651344299316,-2.0807970190416327,-2.0940260887145996
DACTOLISIB,4,NCIH2444,0.3247295022010803,-0.8865632585569532,-0.5497711896896362
DACTOLISIB,4,NCIH522,-0.13217400014400482,-1.4403881878905174,-1.2659181356430054
DACTOLISIB,4,NCIH838,-3.3028171062469482,-1.760284184206292,-1.6795732975006104
DACTOLISIB,4,NOMO1,-2.554265022277832,-2.143598020778594,-2.1752336025238037
DACTOLISIB,4,OCIAML5,-1.7977900505065918,-2.7454508029799696,-2.9534850120544434
DACTOLISIB,4,P12ICHIKAWA,-2.914124011993408,-2.7566285696546657,-2.9679388999938965
DACTOLISIB,4,P31FUJ,-1.4209414720535278,-2.385621449766118,-2.488192319869995
DACTOLISIB,4,SHP77,-1.1912845373153687,-1.9151438407608001,-1.8798211812973022
DACTOLISIB,4,SIGM5,-2.130733013153076,-2.392530852450988,-2.497126817703247
DACTOLISIB,4,SKMES1,-1.650910496711731,-1.6219808939000957,-1.5007343292236328
DACTOLISIB,4,ST486,-2.4468369483947754,-2.5941456887657575,-2.757833480834961
DACTOLISIB,4,SUPM2,-3.2143595218658447,-2.2787189368962633,-2.3499574661254883
DACTOLISIB,5,BEN,-3.149125576019287,-1.6123345610148967,-1.5116157531738281
DACTOLISIB,5,CALU3,-1.782170057296753,-1.6604140841943897,-1.5757343769073486
DACTOLISIB,5,CMK,-1.7937569618225098,-2.1727249819159646,-2.2589497566223145
DACTOLISIB,5,CORL105,-3.691351890563965,-2.1703472236702783,-2.2557787895202637
DACTOLISIB,5,DMS53,0.2394859939813614,-1.8978280604405564,-1.8923485279083252
DACTOLISIB,5,DND41,-1.606824517250061,-2.3694621293946048,-2.521317481994629
DACTOLISIB,5,HCC366,-1.5948749780654907,-1.726032524286277,-1.6632428169250488
DACTOLISIB,5,JURLMK1,-2.8941500186920166,-2.1431694469220792,-2.2195346355438232
DACTOLISIB,5,K562,-1.1263015270233154,-2.1339523263119573,-2.207242727279663
DACTOLISIB,5,KNS62,-1.8272144794464111,-2.010472658931216,-2.0425708293914795
DACTOLISIB,5,L363,-3.4394423961639404,-2.305335598517774,-2.4357986450195312
DACTOLISIB,5,LOUNH91,-2.036233901977539,-1.8036238710392742,-1.7667182683944702
DACTOLISIB,5,LU65,-0.7191395163536072,-2.236509687697626,-2.34401273727417
DACTOLISIB,5,MHHCALL2,-1.7763750553131104,-2.339700283647672,-2.4816272258758545
DACTOLISIB,5,MM1S,-3.5176055431365967,-2.4960175075166084,-2.690091133117676
DACTOLISIB,5,MOLM16,-2.956160068511963,-2.077120328663736,-2.1314518451690674
DACTOLISIB,5,NCIH1155,-2.9367098808288574,-1.7437042738585622,-1.686809778213501
DACTOLISIB,5,NCIH1436,-0.4641205072402954,-1.1286599176180854,-0.8665895462036133
DACTOLISIB,5,NCIH1568,-0.3512679934501648,-1.4658531218469997,-1.316268801689148
DACTOLISIB,5,NCIH1650,-0.31557101011276245,-1.933318426382031,-1.9396783113479614
DACTOLISIB,5,NCIH1792,-2.8284175395965576,-2.199165117271554,-2.294210195541382
DACTOLISIB,5,NCIH1836,1.7577509880065918,-1.3748216306943701,-1.1948696374893188
DACTOLISIB,5,NCIH2009,-2.204493999481201,-1.288032203275098,-1.0791276693344116
DACTOLISIB,5,NCIH2030,-2.9309544563293457,-2.4711127246282336,-2.6568782329559326
DACTOLISIB,5,NCIH2227,-1.405295491218567,-1.6428529987088776,-1.5523149967193604
DACTOLISIB,5,NCIH2405,-0.99310302734375,-1.8865037633219541,-1.8772464990615845
DACTOLISIB,5,NCIH526,-0.7544925212860107,-1.6423161259260357,-1.5515990257263184
DACTOLISIB,5,NCIH647,-2.9177188873291016,-1.7529276517272254,-1.6991100311279297
DACTOLISIB,5,NCIH69,-2.0215165615081787,-1.461157943205846,-1.3100073337554932
DACTOLISIB,5,NCIH929,-4.466097354888916,-2.582923498723564,-2.8059885501861572
DACTOLISIB,5,OCIAML3,-2.6116130352020264,-1.9734638351205878,-1.9932160377502441
DACTOLISIB,5,OPM2,-3.1878535747528076,-1.987722697105643,-2.0122315883636475
DACTOLISIB,5,PF382,-2.305542469024658,-2.248063268647062,-2.3594205379486084
DACTOLISIB,5,RERFLCMS,-2.19787859916687,-2.1323992747420113,-2.205171585083008
DACTOLISIB,5,RL,-3.4189274311065674,-2.7144519671553624,-2.9813942909240723
DACTOLISIB,5,SBC5,-2.671684980392456,-1.78557284220998,-1.742645502090454
DACTOLISIB,5,SKM1,-2.102579116821289,-1.7170645319555058,-1.6512831449508667
DACTOLISIB,5,SUDHL4,-2.0952155590057373,-2.8069850215790835,-3.1047959327697754
DACTOLISIB,5,SW1271,-0.2966040074825287,-1.920221179750461,-1.9222118854522705
DACTOLISIB,5,WSUDLCL2,-3.797861099243164,-2.7419628088367727,-3.018082618713379
DOCETAXEL,1,A549,-5.515158176422119,-3.135854723265871,-2.9299252033233643
DOCETAXEL,1,AMO1,-6.063231945037842,-4.167970936165997,-4.187651634216309
DOCETAXEL,1,CMLT1,-4.869332313537598,-4.291890534429475,-4.338658809661865
DOCETAXEL,1,COLO668,0.0003954260901082307,-3.6869834044961216,-3.601525068283081
DOCETAXEL,1,CORL23,-1.0659250020980835,-3.6969533981622416,-3.6136744022369385
DOCETAXEL,1,DMS114,-4.343472957611084,-3.493596479392666,-3.365865707397461
DOCETAXEL,1,DMS53,-0.6898412704467773,-2.829269298508034,-2.556323289871216
DOCETAXEL,1,DOHH2,-5.681868553161621,-4.729429609263741,-4.87183952331543
DOCETAXEL,1,EHEB,-2.7833800315856934,-4.5332321547240095,-4.632755279541016
DOCETAXEL,1,EJM,-4.634497165679932,-4.782587256720669,-4.936616897583008
DOCETAXEL,1,GRANTA519,-2.1767001152038574,-5.034394650812999,-5.243466854095459
DOCETAXEL,1,HCC15,-3.1492185592651367,-2.162768041529011,-1.7441315650939941
DOCETAXEL,1,HCC366,-2.439539909362793,-3.3484949000022044,-3.1890463829040527
DOCETAXEL,1,HH,-0.062150582671165466,-4.91696636794366,-5.100369930267334
DOCETAXEL,1,JM1,-3.65923810005188,-4.413986663542511,-4.487443923950195
DOCETAXEL,1,L540,-4.64836311340332,-4.1090568392086055,-4.115859508514404
DOCETAXEL,1,MOLT16,-6.132631778717041,-4.7342884110751235,-4.877760410308838
DOCETAXEL,1,NB4,-6.283333778381348,-5.068953304237809,-5.285579681396484
DOCETAXEL,1,NCIH1105,-3.9126598834991455,-3.108477838307294,-2.89656400680542
DOCETAXEL,1,NCIH1341,-3.8269500732421875,-3.3539132642352887,-3.1956491470336914
DOCETAXEL,1,NCIH1648,-2.5814108848571777,-2.199643596421582,-1.7890677452087402
DOCETAXEL,1,NCIH1650,-0.9916601777076721,-2.12713252391922,-1.7007064819335938
DOCETAXEL,1,NCIH1651,-4.883975028991699,-3.5958422294214136,-3.4904613494873047
DOCETAXEL,1,NCIH1781,-3.8631250858306885,-2.8663812000458546,-2.6015474796295166
DOCETAXEL,1,NCIH1793,-0.7381830215454102,-2.615348193388874,-2.2956411838531494
DOCETAXEL,1,NCIH1876,-3.6515920162200928,-3.3437622932124995,-3.183279275894165
DOCETAXEL,1,NCIH209,-5.2987165451049805,-3.7456813068814903,-3.673053741455078
DOCETAXEL,1,NCIH2110,-5.547754764556885,-2.8790537236878393,-2.616990089416504
DOCETAXEL,1,NCIH2196,-3.207487106323242,-2.385946969959398,-2.0160951614379883
DOCETAXEL,1,NCIH2342,-2.2512805461883545,-2.9589371289217263,-2.7143352031707764
DOCETAXEL,1,NCIH358,-3.2112109661102295,-3.4752040930239456,-3.3434529304504395
DOCETAXEL,1,NCIH446,-5.315845012664795,-3.7468243011708555,-3.6744465827941895
DOCETAXEL,1,NCIH524,-5.976278305053711,-4.291110277458234,-4.337707996368408
DOCETAXEL,1,NCIH650,-2.433729887008667,-3.152312706255791,-2.9499807357788086
DOCETAXEL,1,NCIH82,-4.520957946777344,-4.808755212936694,-4.968504905700684
DOCETAXEL,1,OCIAML5,-3.8409619331359863,-4.1688795403220755,-4.188758850097656
DOCETAXEL,1,OCILY19,-7.066604137420654,-4.714438814595621,-4.853571891784668
DOCETAXEL,1,RCHACV,-4.597348213195801,-4.4997531046009325,-4.591958045959473
DOCETAXEL,1,SUDHL5,-6.7122578620910645,-4.780589266703039,-4.934182167053223
DOCETAXEL,1,SUPT1,-4.135811805725098,-4.747924908161769,-4.894377708435059
DOCETAXEL,1,SW1271,-0.935575008392334,-2.0224571773335844,-1.5731501579284668
DOCETAXEL,2,A4FUK,-5.924181938171387,-4.613208098053992,-4.836631774902344
DOCETAXEL,2,EBC1,-0.46119099855422974,-2.7912888849600765,-2.544959545135498
DOCETAXEL,2,GDM1,-4.194249153137207,-3.683048337252459,-3.666645050048828
DOCETAXEL,2,HARA,-6.022347927093506,-2.6359337733646866,-2.349548578262329
DOCETAXEL,2,HCC33,-2.6922106742858887,-4.111613142711537,-4.2057085037231445
DOCETAXEL,2,HL60,-5.078877925872803,-4.612855540801279,-4.836188316345215
DOCETAXEL,2,JEKO1,-4.960075855255127,-4.695619303610082,-4.940291404724121
DOCETAXEL,2,JVM2,-6.026538848876953,-3.517116887169515,-3.45793080329895
DOCETAXEL,2,JVM3,-6.20405912399292,-4.003248036948507,-4.069403171539307
DOCETAXEL,2,K562,-3.576016426086426,-4.556437282115601,-4.765223503112793
DOCETAXEL,2,KCL22,-4.651689052581787,-4.258261796087119,-4.390168190002441
DOCETAXEL,2,KNS62,0.003881812561303377,-2.7391557132701356,-2.479384660720825
DOCETAXEL,2,KOPN8,-5.621224403381348,-3.644134167070135,-3.6176974773406982
DOCETAXEL,2,L1236,-5.14663028717041,-4.457800102870694,-4.6411542892456055
DOCETAXEL,2,L428,-2.66441011428833,-4.0170849613829205,-4.086807727813721
DOCETAXEL,2,LP1,-2.0975310802459717,-3.78408290581581,-3.793729782104492
DOCETAXEL,2,LU65,-3.1285650730133057,-3.578257328025529,-3.5348353385925293
DOCETAXEL,2,LXF289,-3.516123056411743,-2.7043132002628205,-2.435558557510376
DOCETAXEL,2,MOLP8,-3.6234750747680664,-3.7473805585269817,-3.7475643157958984
DOCETAXEL,2,NALM6,-4.041693210601807,-3.8732575242166782,-3.9058966636657715
DOCETAXEL,2,NCIH1092,-1.4603124856948853,-3.2674204874988284,-3.1438541412353516
DOCETAXEL,2,NCIH1792,-5.5385918617248535,-2.040375960352871,-1.6004356145858765
DOCETAXEL,2,NCIH1944,-3.960153102874756,-3.103704082606851,-2.9379260540008545
DOCETAXEL,2,NCIH2009,-2.7638611793518066,-2.9784338565762583,-2.7803568840026855
DOCETAXEL,2,NCIH2023,-3.3268840312957764,-3.0390509584135956,-2.8566031455993652
DOCETAXEL,2,NCIH2066,-4.269671440124512,-3.559720777503076,-3.511519432067871
DOCETAXEL,2,NCIH2087,0.0016057102475315332,-3.2417131878218775,-3.111518621444702
DOCETAXEL,2,NCIH211,-4.514971733093262,-3.8303577511565123,-3.851935863494873
DOCETAXEL,2,NCIH2170,-2.475385904312134,-4.093253249909259,-4.182614803314209
DOCETAXEL,2,NCIH2171,-3.427311420440674,-3.4611499396766905,-3.387533664703369
DOCETAXEL,2,NCIH2172,-0.9299870729446411,-2.5348199741929296,-2.2223641872406006
DOCETAXEL,2,NCIH526,-5.036322116851807,-3.4441718438487543,-3.366178035736084
DOCETAXEL,2,NCIH596,-2.991835594177246,-3.296743584032093,-3.1807377338409424
DOCETAXEL,2,OCIAML3,-5.134458065032959,-3.6205755711656296,-3.588064670562744
DOCETAXEL,2,PL21,-4.200437068939209,-3.244156637039467,-3.1145920753479004
DOCETAXEL,2,RERFLCKJ,-0.12428200244903564,-2.9388221537649115,-2.730531930923462
DOCETAXEL,2,SBC5,-5.602900981903076,-2.845726947076353,-2.613433599472046
DOCETAXEL,2,SKM1,-4.840765953063965,-3.690602539806009,-3.676146984100342
DOCETAXEL,2,SUDHL6,-5.943988800048828,-5.355198575737376,-5.769932746887207
DOCETAXEL,2,SUDHL8,0.0019331664079800248,-4.646616878233609,-4.878654479980469
DOCETAXEL,2,SW1573,0.0017087948508560658,-2.6223076250942596,-2.332409143447876
DOCETAXEL,3,697,-6.147263050079346,-4.528393974473039,-4.719725131988525
DOCETAXEL,3,A3KAW,-4.5110249519348145,-3.8647441896770927,-3.9342753887176514
DOCETAXEL,3,BEN,-1.5538488626480103,-3.496666202861408,-3.4986438751220703
DOCETAXEL,3,BV173,-5.726984024047852,-4.69118887835964,-4.912397861480713
DOCETAXEL,3,CHAGOK1,-4.289569854736328,-3.0302484730277723,-2.946624279022217
DOCETAXEL,3,CMK,-3.6549460887908936,-4.669127216476813,-4.886287212371826
DOCETAXEL,3,CORL105,0.025596123188734055,-3.3386371304224847,-3.3116116523742676
DOCETAXEL,3,DAUDI,-4.144010066986084,-4.657124202655762,-4.872081279754639
DOCETAXEL,3,EPLC272H,-5.206958770751953,-2.698656956897114,-2.554175615310669
DOCETAXEL,3,HDLM2,-3.9512109756469727,-4.123527950919526,-4.240553855895996
DOCETAXEL,3,IALM,0.0019809550140053034,-2.185397779884032,-1.9467177391052246
DOCETAXEL,3,JURKAT,-4.209439277648926,-4.444731453259399,-4.620707988739014
DOCETAXEL,3,JURLMK1,-5.57905387878418,-4.497453337745007,-4.683105945587158
DOCETAXEL,3,KG1,-3.3798251152038574,-4.434737671108781,-4.608880043029785
DOCETAXEL,3,KMS11,-3.2964589595794678,-4.511505469728448,-4.699737071990967
DOCETAXEL,3,L363,-4.855724334716797,-4.919239291764043,-5.182302474975586
DOCETAXEL,3,LAMA84,-4.828833103179932,-3.522087395180152,-3.528730630874634
DOCETAXEL,3,LCLC103H,-4.068277835845947,-3.220498780322756,-3.1717913150787354
DOCETAXEL,3,MHHCALL2,-3.9499380588531494,-4.3008701433411956,-4.450443744659424
DOCETAXEL,3,MOLT13,-5.104663848876953,-4.452344132708539,-4.629717826843262
DOCETAXEL,3,NCIH1437,-2.935319662094116,-3.359643210397042,-3.336472988128662
DOCETAXEL,3,NCIH1836,-2.8219635486602783,-3.2028181862531047,-3.1508657932281494
DOCETAXEL,3,NCIH1975,-2.589063882827759,-2.2849818605827803,-2.0645785331726074
DOCETAXEL,3,NCIH441,-0.8453503847122192,-2.271746394449745,-2.0489139556884766
DOCETAXEL,3,NCIH460,-6.387381076812744,-3.8726380890391994,-3.943618059158325
DOCETAXEL,3,NCIH661,0.010002528317272663,-3.924204272492796,-4.004648208618164
DOCETAXEL,3,NCIH727,-1.5431280136108398,-3.4472476451185092,-3.440155506134033
DOCETAXEL,3,NCIH810,-4.8458476066589355,-3.920302245476923,-4.000030040740967
DOCETAXEL,3,NCIH841,-4.527865409851074,-3.2796317133256676,-3.241776943206787
DOCETAXEL,3,OPM2,-4.079564094543457,-4.094072783846376,-4.205692768096924
DOCETAXEL,3,RAJI,-3.495598077774048,-4.888411868210143,-5.145817279815674
DOCETAXEL,3,REH,-5.136889934539795,-4.955566619375114,-5.225296974182129
DOCETAXEL,3,RL,-5.411758899688721,-4.735767472184968,-4.965157985687256
DOCETAXEL,3,SHP77,-3.910132884979248,-3.5297224352384178,-3.537766933441162
DOCETAXEL,3,SIGM5,-5.40165901184082,-5.059497924802956,-5.348302841186523
DOCETAXEL,3,SKLU1,0.002066459273919463,-3.0574486431770365,-2.978816509246826
DOCETAXEL,3,SKMM2,-1.3395434617996216,-4.642674817328217,-4.854979991912842
DOCETAXEL,3,ST486,-6.025451183319092,-5.491541959343536,-5.859640121459961
DOCETAXEL,3,SUDHL1,-2.937028408050537,-4.905852740434215,-5.166459083557129
DOCETAXEL,3,SUDHL10,-6.072745323181152,-4.065529365574147,-4.171910762786865
DOCETAXEL,3,THP1,-2.4617509841918945,-4.212674260436011,-4.3460612297058105
DOCETAXEL,4,ALLSIL,-5.62139892578125,-4.010417832794335,-4.096166133880615
DOCETAXEL,4,CA46,-3.158421039581299,-4.162176760364247,-4.3080339431762695
DOCETAXEL,4,CALU6,-4.177523136138916,-3.2259656591674335,-3.001007080078125
DOCETAXEL,4,CORL279,-5.108078479766846,-3.694730238190792,-3.65544056892395
DOCETAXEL,4,CORL311,-1.5069555044174194,-4.089689098483403,-4.2068352699279785
DOCETAXEL,4,CORL88,-3.4543886184692383,-3.353947818009499,-3.179680585861206
DOCETAXEL,4,DMS273,-6.057017803192139,-4.396651525618894,-4.635379791259766
DOCETAXEL,4,DND41,-3.1475419998168945,-4.0014875621548995,-4.083698749542236
DOCETAXEL,4,GA10,-5.917717933654785,-4.512761780077085,-4.797479152679443
DOCETAXEL,4,HEL,-2.213087558746338,-4.344406060993694,-4.562440872192383
DOCETAXEL,4,KARPAS422,-3.2607920169830322,-4.0552403045408205,-4.1587419509887695
DOCETAXEL,4,KMH2,-4.5658278465271,-4.411056906728386,-4.655490875244141
DOCETAXEL,4,KMS12BM,-5.639196395874023,-4.064993037189732,-4.172357559204102
DOCETAXEL,4,LOUCY,-5.314157009124756,-3.989363761702924,-4.066772937774658
DOCETAXEL,4,LOUNH91,-4.502273082733154,-2.874757986529648,-2.510692596435547
DOCETAXEL,4,NAMALWA,-5.86383581161499,-4.853215966873366,-5.272780895233154
DOCETAXEL,4,NCIH1048,-3.8854949474334717,-3.174447533765315,-2.9290835857391357
DOCETAXEL,4,NCIH1155,-4.360015869140625,-3.1316299839439212,-2.869306802749634
DOCETAXEL,4,NCIH146,-2.6854000091552734,-3.982261829575418,-4.056858062744141
DOCETAXEL,4,NCIH1568,0.002039968967437744,-2.8211334976672147,-2.435828447341919
DOCETAXEL,4,NCIH1915,-3.4949779510498047,-3.467846339601261,-3.3386921882629395
DOCETAXEL,4,NCIH196,-0.9258303642272949,-3.1106939197562786,-2.840078353881836
DOCETAXEL,4,NCIH1963,-4.849371910095215,-3.885529469999542,-3.921811819076538
DOCETAXEL,4,NCIH2085,-3.8052361011505127,-2.8529431039240727,-2.4802372455596924
DOCETAXEL,4,NCIH2122,-6.2244791984558105,-3.3105477478570586,-3.1190905570983887
DOCETAXEL,4,NCIH2227,-4.469565391540527,-3.3929930747812014,-3.2341909408569336
DOCETAXEL,4,NCIH23,-3.313380002975464,-3.1434767841094833,-2.885845899581909
DOCETAXEL,4,NCIH2347,0.03055921196937561,-2.2717119684147367,-1.6687912940979004
DOCETAXEL,4,NCIH2405,0.3349969983100891,-3.0352863128094003,-2.7348031997680664
DOCETAXEL,4,NCIH2444,0.0074997576884925365,-2.9502031644154973,-2.6160202026367188
DOCETAXEL,4,NCIH522,-2.146639108657837,-3.3759278419695518,-3.2103664875030518
DOCETAXEL,4,NCIH647,-5.326291084289551,-3.320092644902661,-3.132416009902954
DOCETAXEL,4,NCIH69,-4.634559154510498,-3.4482122792259617,-3.311281442642212
DOCETAXEL,4,NCIH838,-2.9100284576416016,-3.6218544001995783,-3.5536999702453613
DOCETAXEL,4,NCIH929,-4.929963111877441,-4.619939031463916,-4.947107315063477
DOCETAXEL,4,OCIM1,-3.950869083404541,-4.343649518904412,-4.561384677886963
DOCETAXEL,4,P31FUJ,-4.531772136688232,-4.5137594592837615,-4.798871994018555
DOCETAXEL,4,RPMI8402,-4.118412017822266,-4.311825567379947,-4.516955852508545
DOCETAXEL,4,SUPB15,-3.93996000289917,-4.150473071320766,-4.291694641113281
DOCETAXEL,4,SUPM2,-5.693972110748291,-4.121789708740291,-4.251650333404541
DOCETAXEL,5,ABC1,0.002174880588427186,-3.0520952399097365,-2.992083787918091
DOCETAXEL,5,BL41,-6.440642833709717,-4.561512641321802,-4.792092800140381
DOCETAXEL,5,CAL12T,-2.459188461303711,-2.890173125120556,-2.7989885807037354
DOCETAXEL,5,CALU3,-1.072924017906189,-2.540427554960293,-2.3819103240966797
DOCETAXEL,5,CORL95,-3.5072379112243652,-3.2716033683908194,-3.2538514137268066
DOCETAXEL,5,DB,-5.681747913360596,-4.300088897169777,-4.480340003967285
DOCETAXEL,5,DMS79,-1.0173765420913696,-3.470376709309363,-3.4908924102783203
DOCETAXEL,5,EM2,-4.988746166229248,-4.419486214063342,-4.622723579406738
DOCETAXEL,5,HCC44,-3.913393020629883,-3.1480277451915635,-3.10648512840271
DOCETAXEL,5,HCC78,0.0020243944600224495,-2.9217424394699276,-2.8366355895996094
DOCETAXEL,5,HCC827,-1.5100226402282715,-3.00242199749716,-2.932847499847412
DOCETAXEL,5,HT,-4.847788333892822,-4.159532344448828,-4.312723636627197
DOCETAXEL,5,KU812,-5.600543975830078,-4.130223222107967,-4.277771949768066
DOCETAXEL,5,LCLC97TM1,-4.436516761779785,-3.167369230842798,-3.1295502185821533
DOCETAXEL,5,ME1,-2.0750839710235596,-3.9293506316459155,-4.038227558135986
DOCETAXEL,5,MEG01,-4.539712905883789,-3.7521873653852897,-3.8269569873809814
DOCETAXEL,5,MM1S,-4.746644020080566,-3.6349940605838786,-3.687201738357544
DOCETAXEL,5,MOLM13,-5.492620468139648,-4.512471772843141,-4.7336106300354
DOCETAXEL,5,MOLM16,-5.1192121505737305,-3.5328967591426195,-3.565448760986328
DOCETAXEL,5,MONOMAC6,-4.497025012969971,-4.373337911527106,-4.567690849304199
DOCETAXEL,5,NCIH1435,-0.983964204788208,-3.0193937303065668,-2.9530866146087646
DOCETAXEL,5,NCIH1436,-3.5149314403533936,-3.716086471021334,-3.7839059829711914
DOCETAXEL,5,NCIH1623,-3.2036619186401367,-2.74416911979847,-2.624876022338867
DOCETAXEL,5,NCIH2029,-2.870788097381592,-2.9040639593142066,-2.815553665161133
DOCETAXEL,5,NCIH2030,-1.7203993797302246,-2.6547730778095406,-2.5182695388793945
DOCETAXEL,5,NCIH2081,-3.6570889949798584,-3.2515383413969228,-3.2299234867095947
DOCETAXEL,5,NCIH2228,-2.4542200565338135,-2.44969179190555,-2.2737061977386475
DOCETAXEL,5,NCIH2291,-2.451148509979248,-2.4910777969059446,-2.3230597972869873
DOCETAXEL,5,NCIH292,-3.329406261444092,-2.537884863941786,-2.378878116607666
DOCETAXEL,5,NOMO1,-4.903107166290283,-4.235559565630593,-4.403387546539307
DOCETAXEL,5,NUDUL1,-6.140087127685547,-4.00552140151075,-4.129062652587891
DOCETAXEL,5,OCIAML2,-4.260950088500977,-4.255832718222089,-4.427563667297363
DOCETAXEL,5,P12ICHIKAWA,-5.565484046936035,-4.018927808881171,-4.145050048828125
DOCETAXEL,5,PF382,-3.959212064743042,-4.2197076325062515,-4.384483814239502
DOCETAXEL,5,RERFLCMS,-2.857419967651367,-2.37945310139361,-2.1899452209472656
DOCETAXEL,5,RPMI8226,-6.0529890060424805,-4.732709840379781,-4.996248722076416
DOCETAXEL,5,RS411,-4.964409828186035,-2.884713276950686,-2.792477607727051
DOCETAXEL,5,SKMES1,-3.071364402770996,-1.9502738278280543,-1.6781407594680786
DOCETAXEL,5,SUDHL4,-4.330068111419678,-4.826732228505544,-5.108372211456299
DOCETAXEL,5,WSUDLCL2,-5.345789909362793,-4.159741069832011,-4.312972545623779
DORAMAPIMOD,1,A4FUK,4.184792518615723,4.039713561629586,4.036623477935791
DORAMAPIMOD,1,BL41,3.5650720596313477,3.836603724754204,3.8287973403930664
DORAMAPIMOD,1,CAL12T,4.617737293243408,4.991330935007446,5.010337829589844
DORAMAPIMOD,1,CMK,4.153759956359863,4.109701251305584,4.108236312866211
DORAMAPIMOD,1,CORL105,5.701089382171631,4.808772406300841,4.823540210723877
DORAMAPIMOD,1,CORL23,4.57969856262207,4.650163374859765,4.661248207092285
DORAMAPIMOD,1,CORL311,5.102431774139404,4.263635675666365,4.265745162963867
DORAMAPIMOD,1,DAUDI,4.418057918548584,4.192696381199425,4.1931586265563965
DORAMAPIMOD,1,DMS273,3.1966054439544678,4.3355536038556295,4.3393330574035645
DORAMAPIMOD,1,EJM,4.5828657150268555,4.376919985282153,4.381659984588623
DORAMAPIMOD,1,EPLC272H,5.125783443450928,4.559610396533243,4.568592548370361
DORAMAPIMOD,1,GRANTA519,4.843471527099609,4.037350860214264,4.034205913543701
DORAMAPIMOD,1,HL60,4.747252464294434,4.011031205276482,4.007275104522705
DORAMAPIMOD,1,HT,3.0873985290527344,4.0158083358895915,4.012163162231445
DORAMAPIMOD,1,KG1,4.58055305480957,4.42569695406695,4.431569576263428
DORAMAPIMOD,1,LOUNH91,4.008485317230225,4.457760256922651,4.464377403259277
DORAMAPIMOD,1,MM1S,3.788231611251831,4.053360841895406,4.0505876541137695
DORAMAPIMOD,1,MOLT16,3.5714359283447266,4.07993307753676,4.077776908874512
DORAMAPIMOD,1,NAMALWA,4.345448017120361,4.056287422741209,4.053582191467285
DORAMAPIMOD,1,NCIH1155,4.548957347869873,4.559355019733323,4.568331241607666
DORAMAPIMOD,1,NCIH1341,4.867630481719971,4.645454748607217,4.656430244445801
DORAMAPIMOD,1,NCIH1435,5.177239894866943,4.602901424280334,4.612888813018799
DORAMAPIMOD,1,NCIH1436,3.7972350120544434,4.5199356533981625,4.52799654006958
DORAMAPIMOD,1,NCIH1781,4.891069412231445,4.530030959268009,4.538326263427734
DORAMAPIMOD,1,NCIH1915,4.638749599456787,4.686428744512695,4.698355674743652
DORAMAPIMOD,1,NCIH2030,4.23665189743042,4.699666396663313,4.71190071105957
DORAMAPIMOD,1,NCIH2170,4.13285493850708,4.3944780723087975,4.399625778198242
DORAMAPIMOD,1,NCIH2171,3.1562349796295166,4.660967025138149,4.672302722930908
DORAMAPIMOD,1,NCIH2291,5.969583511352539,4.8547392982543975,4.870574474334717
DORAMAPIMOD,1,NCIH2405,4.7929606437683105,4.337495958786411,4.341320514678955
DORAMAPIMOD,1,NCIH292,4.7357001304626465,5.215576930204708,5.239790916442871
DORAMAPIMOD,1,NCIH526,5.108180522918701,4.581107717300265,4.5905890464782715
DORAMAPIMOD,1,NCIH647,3.9751405715942383,4.6963241294935525,4.7084808349609375
DORAMAPIMOD,1,NCIH650,5.183051586151123,4.5553286409900515,4.564211368560791
DORAMAPIMOD,1,NCIH727,5.563303470611572,4.462065313268754,4.468782424926758
DORAMAPIMOD,1,NCIH838,3.6235885620117188,4.359397781491993,4.3637309074401855
DORAMAPIMOD,1,P12ICHIKAWA,4.314661026000977,4.100267688238451,4.098583698272705
DORAMAPIMOD,1,SKMES1,4.9810004234313965,4.635138551125761,4.645874500274658
DORAMAPIMOD,1,SUDHL1,2.55104398727417,4.081427591035563,4.079306125640869
DORAMAPIMOD,1,SUDHL4,3.9222030639648438,4.05984545534594,4.057222843170166
DORAMAPIMOD,1,SUPB15,4.395358562469482,3.9115477282177076,3.9054815769195557
DORAMAPIMOD,2,BEN,2.4929769039154053,4.352873987176352,4.349707126617432
DORAMAPIMOD,2,CORL88,5.1116743087768555,4.330230523367705,4.3241095542907715
DORAMAPIMOD,2,DB,3.9111955165863037,4.208963010464553,4.187021255493164
DORAMAPIMOD,2,DMS114,4.989688396453857,4.602122921060641,4.631473541259766
DORAMAPIMOD,2,EBC1,4.500187397003174,4.832433547168009,4.891830921173096
DORAMAPIMOD,2,EM2,4.287985324859619,4.263125187178336,4.248249530792236
DORAMAPIMOD,2,GA10,4.3085784912109375,3.919575940755008,3.859880208969116
DORAMAPIMOD,2,HCC44,4.818410873413086,4.547620767598044,4.569860935211182
DORAMAPIMOD,2,HH,5.4975266456604,4.0157944223576045,3.968651533126831
DORAMAPIMOD,2,IALM,4.8288750648498535,4.787627479964668,4.841179370880127
DORAMAPIMOD,2,JM1,3.242220401763916,4.152169177502824,4.1228179931640625
DORAMAPIMOD,2,JVM2,5.634993553161621,4.226969545737592,4.207376956939697
DORAMAPIMOD,2,JVM3,3.270581007003784,4.107828363840351,4.072692394256592
DORAMAPIMOD,2,KMS11,3.1175448894500732,4.229292017175512,4.210002422332764
DORAMAPIMOD,2,KMS12BM,4.399783134460449,4.245296232812555,4.228094577789307
DORAMAPIMOD,2,KNS62,4.159294128417969,5.108575232413724,5.203998565673828
DORAMAPIMOD,2,L428,4.546553611755371,4.18898958737549,4.16444206237793
DORAMAPIMOD,2,LAMA84,3.532649040222168,4.393374666445286,4.395491600036621
DORAMAPIMOD,2,LCLC97TM1,4.5539631843566895,4.748538168191426,4.796990394592285
DORAMAPIMOD,2,MEG01,4.685555934906006,4.250536767709887,4.234018802642822
DORAMAPIMOD,2,MOLT13,4.683138370513916,4.0814160510854975,4.042834281921387
DORAMAPIMOD,2,NB4,2.9325509071350098,4.301369196960733,4.291482925415039
DORAMAPIMOD,2,NCIH1944,4.908132553100586,4.490127577999179,4.504867076873779
DORAMAPIMOD,2,NCIH196,4.456918716430664,4.7370333718838955,4.783984661102295
DORAMAPIMOD,2,NCIH1963,4.491018772125244,4.23040052697189,4.2112555503845215
DORAMAPIMOD,2,NCIH2023,5.487911701202393,4.739758247562966,4.787065029144287
DORAMAPIMOD,2,NCIH2066,5.764403343200684,4.288587589711941,4.277033805847168
DORAMAPIMOD,2,NCIH2085,4.83601188659668,4.866847545934004,4.930734634399414
DORAMAPIMOD,2,NCIH2087,5.003551006317139,4.584883231605643,4.611984729766846
DORAMAPIMOD,2,NCIH2227,5.62497091293335,4.4506341747552645,4.460221290588379
DORAMAPIMOD,2,NCIH358,4.158291816711426,4.6206297198871455,4.652394771575928
DORAMAPIMOD,2,NCIH524,4.634657382965088,4.449549286172204,4.4589948654174805
DORAMAPIMOD,2,NCIH661,4.105892181396484,4.45745859636698,4.467936038970947
DORAMAPIMOD,2,NCIH69,5.55308198928833,4.410977532055034,4.415390968322754
DORAMAPIMOD,2,OPM2,3.679457426071167,4.463141607206627,4.474360466003418
DORAMAPIMOD,2,RPMI8226,4.316747188568115,4.244527277957609,4.227225303649902
DORAMAPIMOD,2,RS411,4.299255847930908,4.219218835117945,4.198615074157715
DORAMAPIMOD,2,SUDHL10,3.6546640396118164,4.040793891290933,3.9969124794006348
DORAMAPIMOD,2,SUDHL8,4.34712553024292,3.532749889786926,3.4225881099700928
DORAMAPIMOD,2,THP1,4.576272010803223,4.366618158867812,4.365244388580322
DORAMAPIMOD,2,WSUDLCL2,4.261877059936523,4.153779216274807,4.124638080596924
DORAMAPIMOD,3,697,3.60544753074646,4.073955992520556,4.004159450531006
DORAMAPIMOD,3,A3KAW,4.145493507385254,4.137413349727053,4.080087661743164
DORAMAPIMOD,3,ABC1,5.421820163726807,4.220541598970455,4.1795525550842285
DORAMAPIMOD,3,ALLSIL,4.479150772094727,4.339401449731707,4.321771144866943
DORAMAPIMOD,3,CMLT1,4.367153167724609,4.025058124164877,3.9456520080566406
DORAMAPIMOD,3,CORL95,4.276848316192627,4.747064347922404,4.809549331665039
DORAMAPIMOD,3,DMS79,4.8694000244140625,4.404991679996986,4.400251388549805
DORAMAPIMOD,3,EHEB,3.6436140537261963,4.3747405101503585,4.364055156707764
DORAMAPIMOD,3,GDM1,4.914760112762451,4.3233574780438255,4.302574157714844
DORAMAPIMOD,3,HCC15,5.499543190002441,4.513129380226371,4.5296406745910645
DORAMAPIMOD,3,HCC78,4.705613136291504,4.596737446204223,4.6296796798706055
DORAMAPIMOD,3,HCC827,5.8605170249938965,4.429952511679311,4.430117607116699
DORAMAPIMOD,3,JURLMK1,3.7190139293670654,4.466360798259531,4.4736809730529785
DORAMAPIMOD,3,K562,4.63947868347168,4.334823663329196,4.316293716430664
DORAMAPIMOD,3,KARPAS422,5.124309539794922,4.172251471910487,4.121772289276123
DORAMAPIMOD,3,KMH2,4.354654312133789,4.203357863278815,4.158991813659668
DORAMAPIMOD,3,L1236,4.737866401672363,4.087021434081131,4.019792556762695
DORAMAPIMOD,3,L363,4.037192344665527,4.2567717476102285,4.222902774810791
DORAMAPIMOD,3,MHHCALL2,4.150325775146484,4.116668050783106,4.055265426635742
DORAMAPIMOD,3,NCIH1048,4.743264198303223,4.636434310602283,4.677177906036377
DORAMAPIMOD,3,NCIH146,3.521195888519287,4.209544470409709,4.166394233703613
DORAMAPIMOD,3,NCIH1623,5.13909387588501,4.923073400500117,5.020148277282715
DORAMAPIMOD,3,NCIH1648,4.740964889526367,4.40411772808781,4.399205684661865
DORAMAPIMOD,3,NCIH1793,6.6350555419921875,4.725710909163865,4.783999443054199
DORAMAPIMOD,3,NCIH2009,4.267239570617676,4.9749565738041035,5.08222770690918
DORAMAPIMOD,3,NCIH841,4.377617359161377,4.751688362515278,4.81508207321167
DORAMAPIMOD,3,NUDUL1,2.969273090362549,4.117432409999614,4.056180000305176
DORAMAPIMOD,3,OCIM1,4.020786762237549,3.94540615513294,3.850346565246582
DORAMAPIMOD,3,P31FUJ,4.611727714538574,4.326847307897294,4.3067498207092285
DORAMAPIMOD,3,PF382,4.804996013641357,4.091855866643929,4.025577068328857
DORAMAPIMOD,3,PL21,3.568058967590332,4.381571123795265,4.372228145599365
DORAMAPIMOD,3,RCHACV,3.414557456970215,4.385612105263139,4.377063274383545
DORAMAPIMOD,3,REH,4.219910621643066,4.125262509001662,4.065548896789551
DORAMAPIMOD,3,RERFLCKJ,5.108406066894531,4.232027710199947,4.193295955657959
DORAMAPIMOD,3,RERFLCMS,4.337151050567627,4.361345891992894,4.348028182983398
DORAMAPIMOD,3,SHP77,4.582128524780273,4.30622036906143,4.282069206237793
DORAMAPIMOD,3,SIGM5,2.554979085922241,4.117709380622905,4.056511402130127
DORAMAPIMOD,3,SKM1,4.45795202255249,4.832630735688534,4.91193151473999
DORAMAPIMOD,3,SUDHL6,3.942718505859375,4.071525824375478,4.001251697540283
DORAMAPIMOD,3,SW1271,6.0601654052734375,4.392433951492631,4.385225772857666
DORAMAPIMOD,3,SW1573,5.398804664611816,4.672237645518969,4.720017433166504
DORAMAPIMOD,4,BV173,4.150822162628174,4.39729376510971,4.382303237915039
DORAMAPIMOD,4,CALU3,5.904966831207275,4.745064404382194,4.826719284057617
DORAMAPIMOD,4,CALU6,5.377549171447754,4.774732865949643,4.864632606506348
DORAMAPIMOD,4,CHAGOK1,3.121450424194336,4.70471402797018,4.775155544281006
DORAMAPIMOD,4,CORL279,4.338369846343994,4.399109843621203,4.384624004364014
DORAMAPIMOD,4,HARA,5.005373001098633,4.66907381368074,4.729610919952393
DORAMAPIMOD,4,HEL,2.7808375358581543,4.353907511407887,4.326859951019287
DORAMAPIMOD,4,JEKO1,3.281290054321289,4.169123108713871,4.090723991394043
DORAMAPIMOD,4,JURKAT,4.3742475509643555,4.288297710554332,4.243017196655273
DORAMAPIMOD,4,KCL22,4.251258373260498,4.497444506101306,4.5102858543396
DORAMAPIMOD,4,KOPN8,4.816428184509277,4.2667868632088375,4.21552848815918
DORAMAPIMOD,4,L540,2.981717586517334,4.240940114424356,4.182498931884766
DORAMAPIMOD,4,LU65,6.100729942321777,4.758147110092373,4.843437671661377
DORAMAPIMOD,4,MOLM13,4.142616271972656,4.1644073494724,4.084697723388672
DORAMAPIMOD,4,MOLM16,3.058094024658203,4.581748310930054,4.618017673492432
DORAMAPIMOD,4,MOLP8,3.976485013961792,4.506595422356874,4.521979808807373
DORAMAPIMOD,4,NALM6,4.443075656890869,4.279222541974507,4.231420040130615
DORAMAPIMOD,4,NCIH1092,4.892444610595703,4.591453715097698,4.630420207977295
DORAMAPIMOD,4,NCIH1437,2.632434606552124,4.662673321651228,4.721431732177734
DORAMAPIMOD,4,NCIH1568,4.612593650817871,4.696034389125752,4.764063835144043
DORAMAPIMOD,4,NCIH1651,5.138940811157227,4.608145443072754,4.651750564575195
DORAMAPIMOD,4,NCIH1876,4.792285919189453,4.288702941962486,4.243535041809082
DORAMAPIMOD,4,NCIH1975,4.5308990478515625,4.439144542527419,4.435784339904785
DORAMAPIMOD,4,NCIH211,3.9782938957214355,4.576927325853317,4.611856937408447
DORAMAPIMOD,4,NCIH2122,4.73974609375,4.625587558121287,4.674039840698242
DORAMAPIMOD,4,NCIH2196,4.962133884429932,4.821572915152263,4.924489498138428
DORAMAPIMOD,4,NCIH2228,3.5422520637512207,4.464649493917914,4.468377113342285
DORAMAPIMOD,4,NCIH23,4.504308700561523,4.629832413092879,4.679464340209961
DORAMAPIMOD,4,NCIH2342,5.433992862701416,4.526649526224072,4.547606945037842
DORAMAPIMOD,4,NCIH441,6.308382987976074,4.747092800270518,4.829311370849609
DORAMAPIMOD,4,NCIH446,4.899569511413574,4.496140377398273,4.50861930847168
DORAMAPIMOD,4,NCIH82,4.484129905700684,4.308349948715232,4.268641948699951
DORAMAPIMOD,4,NOMO1,5.144722938537598,4.315182911464863,4.277373790740967
DORAMAPIMOD,4,OCIAML2,3.948992967605591,4.057198828122138,3.9476959705352783
DORAMAPIMOD,4,OCIAML3,4.886395454406738,4.54466926394279,4.570634365081787
DORAMAPIMOD,4,OCIAML5,4.354837894439697,4.275676580582537,4.226888656616211
DORAMAPIMOD,4,RL,3.9733200073242188,4.226960750266855,4.164634704589844
DORAMAPIMOD,4,SBC5,4.711136341094971,4.589214121256322,4.62755823135376
DORAMAPIMOD,4,ST486,3.8434195518493652,4.5431166231607225,4.568650245666504
DORAMAPIMOD,4,SUDHL5,3.6771609783172607,4.34334724061402,4.3133649826049805
DORAMAPIMOD,5,A549,4.631261825561523,4.958287000338064,5.061148166656494
DORAMAPIMOD,5,AMO1,4.546169281005859,4.366034093261237,4.3322672843933105
DORAMAPIMOD,5,CA46,5.230622291564941,3.9952986222382076,3.8760061264038086
DORAMAPIMOD,5,COLO668,4.163164138793945,4.597166213255173,4.616719722747803
DORAMAPIMOD,5,DMS53,4.577803611755371,4.428132591715302,4.40869140625
DORAMAPIMOD,5,DND41,4.179542541503906,4.396109475549581,4.369280815124512
DORAMAPIMOD,5,DOHH2,3.5954344272613525,4.243038592822917,4.1808977127075195
DORAMAPIMOD,5,HCC33,3.575608015060425,4.359382274043655,4.324080944061279
DORAMAPIMOD,5,HCC366,4.42759370803833,4.767087105648274,4.825839996337891
DORAMAPIMOD,5,HDLM2,4.441273212432861,4.281172254240296,4.227828502655029
DORAMAPIMOD,5,KU812,4.740006446838379,4.230113884909352,4.16499137878418
DORAMAPIMOD,5,LCLC103H,4.530556678771973,4.877025776181348,4.9611406326293945
DORAMAPIMOD,5,LOUCY,4.449184417724609,4.351086872747732,4.31387186050415
DORAMAPIMOD,5,LP1,3.6124720573425293,3.8920580717379827,3.748948812484741
DORAMAPIMOD,5,LXF289,3.497856616973877,4.9695902110809875,5.075058937072754
DORAMAPIMOD,5,ME1,5.052302837371826,4.541202282233072,4.547845363616943
DORAMAPIMOD,5,MONOMAC6,4.122525215148926,4.173418827206009,4.095217227935791
DORAMAPIMOD,5,NCIH1105,4.140976428985596,4.7220575286650455,4.770422458648682
DORAMAPIMOD,5,NCIH1650,4.463309288024902,4.545337971790881,4.5529351234436035
DORAMAPIMOD,5,NCIH1792,4.246016979217529,4.845175077277499,4.921942234039307
DORAMAPIMOD,5,NCIH1836,4.816928863525391,4.41701574659701,4.395009994506836
DORAMAPIMOD,5,NCIH2029,4.003478050231934,4.710508284301249,4.756208896636963
DORAMAPIMOD,5,NCIH2081,5.16926383972168,4.461006170554752,4.449148654937744
DORAMAPIMOD,5,NCIH209,4.9486083984375,4.425147254630525,4.405017375946045
DORAMAPIMOD,5,NCIH2110,4.671652793884277,4.614518363980905,4.63807487487793
DORAMAPIMOD,5,NCIH2172,5.001791000366211,4.8119845606398215,4.881094932556152
DORAMAPIMOD,5,NCIH2347,6.1258416175842285,4.857866150114864,4.93756103515625
DORAMAPIMOD,5,NCIH2444,4.821565628051758,4.79950271324383,4.865733623504639
DORAMAPIMOD,5,NCIH460,3.796159505844116,4.736673475563043,4.788410186767578
DORAMAPIMOD,5,NCIH522,4.993325710296631,4.800598822083913,4.867082595825195
DORAMAPIMOD,5,NCIH596,5.5512189865112305,4.789234393526662,4.8530964851379395
DORAMAPIMOD,5,NCIH810,5.04709005355835,4.273253458738845,4.218082904815674
DORAMAPIMOD,5,NCIH929,2.3916759490966797,3.884506583122497,3.7396552562713623
DORAMAPIMOD,5,OCILY19,3.5418624877929688,4.456932861174835,4.444135665893555
DORAMAPIMOD,5,RAJI,4.675949573516846,3.8813600649569575,3.7357828617095947
DORAMAPIMOD,5,RPMI8402,4.297245025634766,4.27690599250889,4.222578048706055
DORAMAPIMOD,5,SKLU1,5.580536842346191,4.635306073944889,4.663658142089844
DORAMAPIMOD,5,SKMM2,5.535593509674072,4.086782833933128,3.9885950088500977
DORAMAPIMOD,5,SUPM2,4.018214702606201,4.283593457542409,4.230808258056641
DORAMAPIMOD,5,SUPT1,3.103503942489624,4.0271932972301965,3.9152586460113525
EHT-1864,1,AMO1,2.662522554397583,3.2761811562433856,3.278383493423462
EHT-1864,1,BL41,2.895188093185425,3.2676244256728197,3.269939661026001
EHT-1864,1,CAL12T,3.7095835208892822,3.7272735042055514,3.7235240936279297
EHT-1864,1,CHAGOK1,3.7966580390930176,3.371847849078598,3.3727879524230957
EHT-1864,1,CMLT1,3.214339017868042,2.640846085836032,2.651431083679199
EHT-1864,1,CORL95,3.1647679805755615,3.4542486619319357,3.4541015625
EHT-1864,1,DMS114,3.0838165283203125,3.08000501284887,3.0847957134246826
EHT-1864,1,DOHH2,2.1349549293518066,3.538362222216229,3.5371053218841553
EHT-1864,1,EJM,3.0977470874786377,3.489031278824328,3.4884252548217773
EHT-1864,1,EM2,3.51761794090271,3.517409636138168,3.5164291858673096
EHT-1864,1,EPLC272H,3.659712076187134,4.013698801199233,4.006170272827148
EHT-1864,1,HARA,3.5924174785614014,3.6255983029967394,3.623190402984619
EHT-1864,1,HT,4.540229320526123,3.3570852177446606,3.358220100402832
EHT-1864,1,KARPAS422,4.051603317260742,3.5908328401553558,3.588883638381958
EHT-1864,1,KCL22,3.3277759552001953,3.220394491119907,3.2233328819274902
EHT-1864,1,LP1,2.4046645164489746,3.349740867849583,3.3509726524353027
EHT-1864,1,MM1S,2.33439302444458,3.420674318407044,3.4209702014923096
EHT-1864,1,MOLM13,3.310070037841797,2.9986030006556494,3.004467725753784
EHT-1864,1,MOLT13,3.0849695205688477,2.7662893119454375,2.775219202041626
EHT-1864,1,MOLT16,1.8815569877624512,2.8599840137337513,2.867677688598633
EHT-1864,1,NCIH1092,5.156681537628174,3.4507127529670543,3.4506123065948486
EHT-1864,1,NCIH1105,3.610527992248535,3.1646281209300158,3.168302297592163
EHT-1864,1,NCIH1568,3.934734582901001,3.9279048687351823,3.921508312225342
EHT-1864,1,NCIH1651,2.5589170455932617,4.1363265884861065,4.127180099487305
EHT-1864,1,NCIH2029,3.7638609409332275,3.5344344277480317,3.533229351043701
EHT-1864,1,NCIH2066,5.029684066772461,3.075209609969815,3.080063581466675
EHT-1864,1,NCIH211,3.477574110031128,3.379564272756109,3.3804025650024414
EHT-1864,1,NCIH2110,4.395355224609375,3.8074655517868052,3.8026580810546875
EHT-1864,1,NCIH2122,3.8358285427093506,4.06399786124452,4.055805683135986
EHT-1864,1,NCIH2227,5.289785385131836,3.60179282911155,3.599699020385742
EHT-1864,1,NCIH2228,4.281539440155029,4.677480361911757,4.66119384765625
EHT-1864,1,NCIH446,4.1979522705078125,3.4061996818449645,3.406686544418335
EHT-1864,1,NCIH661,2.5345425605773926,3.0047895729108425,3.010572671890259
EHT-1864,1,NCIH69,3.557333469390869,3.280283390497893,3.2824316024780273
EHT-1864,1,NCIH810,3.8766965866088867,3.391955779349264,3.3926305770874023
EHT-1864,1,NOMO1,3.5343925952911377,2.7644197619918844,2.773374319076538
EHT-1864,1,OCIAML5,3.549294948577881,3.0845861108934964,3.0893163681030273
EHT-1864,1,RPMI8226,3.67209792137146,3.199433932032222,3.202648878097534
EHT-1864,1,SIGM5,2.4385030269622803,3.100066313093556,3.1045923233032227
EHT-1864,1,SUDHL5,2.9680209159851074,3.6811991728353535,3.6780576705932617
EHT-1864,1,SW1573,4.134561538696289,4.131081797791905,4.122004508972168
EHT-1864,2,A3KAW,2.8353590965270996,3.6004512708785885,3.6265571117401123
EHT-1864,2,ABC1,3.155123472213745,3.752443062631093,3.7933919429779053
EHT-1864,2,CORL88,3.73207688331604,3.4888028265568094,3.5040054321289062
EHT-1864,2,DMS79,3.6862034797668457,4.203833418636034,4.288863658905029
EHT-1864,2,GA10,3.8989953994750977,3.3680245269958715,3.371432304382324
EHT-1864,2,GDM1,3.441793441772461,3.253197912144761,3.245392084121704
EHT-1864,2,HCC366,3.9035699367523193,3.8408970742044692,3.890484094619751
EHT-1864,2,JM1,2.770293951034546,3.3797541309409875,3.384307384490967
EHT-1864,2,JURLMK1,2.5479705333709717,2.843812535920832,2.796027421951294
EHT-1864,2,JVM2,5.361701488494873,3.547619398792694,3.568565845489502
EHT-1864,2,KG1,3.111844539642334,3.0617398541942697,3.0352368354797363
EHT-1864,2,KMS11,2.9410810470581055,3.252050625599113,3.2441327571868896
EHT-1864,2,KMS12BM,2.398833990097046,3.2432835057880554,3.2345094680786133
EHT-1864,2,L1236,3.5960915088653564,3.332555083919141,3.3324990272521973
EHT-1864,2,L363,2.4655563831329346,3.416131715829031,3.4242374897003174
EHT-1864,2,L540,3.425055503845215,3.4008229775220835,3.4074337482452393
EHT-1864,2,MOLM16,1.8241790533065796,3.6171586040487376,3.6448960304260254
EHT-1864,2,NCIH1341,3.2404580116271973,3.8213947233763492,3.869077205657959
EHT-1864,2,NCIH1437,3.4018940925598145,3.671848897884834,3.7049272060394287
EHT-1864,2,NCIH1648,3.6621344089508057,3.8681795569482618,3.920430898666382
EHT-1864,2,NCIH1792,4.091187477111816,3.5822336985278462,3.606560468673706
EHT-1864,2,NCIH1876,3.0901083946228027,3.60368765284189,3.6301095485687256
EHT-1864,2,NCIH1915,4.599270343780518,4.032572773411822,4.1008782386779785
EHT-1864,2,NCIH1944,3.3545989990234375,3.482347004763973,3.4969191551208496
EHT-1864,2,NCIH1975,3.6018788814544678,3.7848040585751512,3.8289132118225098
EHT-1864,2,NCIH2009,4.348393440246582,3.702974855718601,3.7390928268432617
EHT-1864,2,NCIH2023,4.380887985229492,3.6881259442986543,3.7227938175201416
EHT-1864,2,NCIH2087,3.9375545978546143,4.094470641924982,4.168820858001709
EHT-1864,2,NCIH209,3.656903028488159,3.4960516705340763,3.5119621753692627
EHT-1864,2,NCIH2291,5.462374210357666,3.9294258049318977,3.9876582622528076
EHT-1864,2,NCIH2342,3.9001500606536865,3.887777478787379,3.9419426918029785
EHT-1864,2,NCIH2347,4.830989837646484,3.721067534134518,3.7589523792266846
EHT-1864,2,OCIAML3,3.5432798862457275,3.3270293418287786,3.3264336585998535
EHT-1864,2,P12ICHIKAWA,2.1708860397338867,3.2239981445962664,3.2133407592773438
EHT-1864,2,P31FUJ,2.9082484245300293,3.0715371860625047,3.0459909439086914
EHT-1864,2,RERFLCKJ,4.090407371520996,3.8388994228677924,3.888291358947754
EHT-1864,2,RERFLCMS,3.689903974533081,4.001102542731623,4.0663347244262695
EHT-1864,2,SKM1,2.3757455348968506,3.0825595645262442,3.0580897331237793
EHT-1864,2,SUDHL4,3.1285815238952637,3.24549923279528,3.2369415760040283
EHT-1864,2,SUDHL8,3.7652249336242676,3.1891260203382665,3.175063133239746
EHT-1864,2,SUPT1,3.043175458908081,3.0938134854848083,3.0704426765441895
EHT-1864,3,697,2.5597496032714844,3.142020170319729,3.102943181991577
EHT-1864,3,A4FUK,3.7031400203704834,3.163920188654065,3.1275367736816406
EHT-1864,3,A549,3.085723400115967,3.5617844985506855,3.574336051940918
EHT-1864,3,CA46,3.518460512161255,3.0044504430190537,2.948453187942505
EHT-1864,3,CMK,2.595146894454956,2.933764802230414,2.8690736293792725
EHT-1864,3,CORL23,3.6933939456939697,3.908111485726104,3.963259220123291
EHT-1864,3,DAUDI,3.1403961181640625,2.8735598678205787,2.8014638423919678
EHT-1864,3,DMS273,2.9625654220581055,3.4136499916279615,3.4079818725585938
EHT-1864,3,EHEB,5.6617279052734375,3.4661029908595506,3.466886281967163
EHT-1864,3,HCC33,4.312880992889404,3.518087005762031,3.525264024734497
EHT-1864,3,HCC827,4.229571342468262,3.427708693886562,3.42376971244812
EHT-1864,3,HDLM2,3.5347089767456055,3.367991214442609,3.3567073345184326
EHT-1864,3,HH,3.5352370738983154,3.3239402318812217,3.3072383403778076
EHT-1864,3,IALM,4.009008884429932,4.425261290967085,4.544015407562256
EHT-1864,3,JURKAT,2.095336437225342,3.0705056862441533,3.0226328372955322
EHT-1864,3,K562,2.9910480976104736,2.8880601669123824,2.8177475929260254
EHT-1864,3,KNS62,4.030754089355469,3.852702123079921,3.9010348320007324
EHT-1864,3,LCLC103H,3.6081759929656982,4.183223765137718,4.2722086906433105
EHT-1864,3,LU65,4.248814105987549,3.6260693206257457,3.6465275287628174
EHT-1864,3,NCIH1048,2.018660545349121,3.439334155132978,3.4368250370025635
EHT-1864,3,NCIH1435,3.682891607284546,3.955483361395648,4.016457557678223
EHT-1864,3,NCIH1623,3.424401044845581,3.8954257674676604,3.9490132331848145
EHT-1864,3,NCIH1650,4.403751850128174,3.9308273966710177,3.988769054412842
EHT-1864,3,NCIH1793,4.655306816101074,3.6157215179092415,3.6349070072174072
EHT-1864,3,NCIH196,4.751830101013184,3.6840756123410356,3.7116682529449463
EHT-1864,3,NCIH596,4.3895344734191895,3.6392675459781088,3.661349058151245
EHT-1864,3,NCIH647,3.962634563446045,4.030624884076245,4.100841045379639
EHT-1864,3,NCIH82,4.023012161254883,3.314175634213184,3.2962727546691895
EHT-1864,3,OCIAML2,2.4642770290374756,3.168253782192212,3.1324033737182617
EHT-1864,3,OCILY19,3.1467020511627197,3.348766890766379,3.335118532180786
EHT-1864,3,OPM2,3.0240979194641113,3.391140442280103,3.3827037811279297
EHT-1864,3,PF382,3.197620391845703,3.1598165226978217,3.1229283809661865
EHT-1864,3,RCHACV,2.750638008117676,3.272240282633946,3.2491796016693115
EHT-1864,3,RPMI8402,2.326889991760254,3.181011472242221,3.1467301845550537
EHT-1864,3,RS411,3.5768210887908936,3.9525318810229595,4.013143062591553
EHT-1864,3,SBC5,3.015913963317871,3.429051955022945,3.4252781867980957
EHT-1864,3,SHP77,2.68265438079834,3.424688214008685,3.420377731323242
EHT-1864,3,SKMES1,4.305447578430176,4.04619329550836,4.118324279785156
EHT-1864,3,ST486,3.7401909828186035,3.2221099129000708,3.1928834915161133
EHT-1864,3,THP1,3.34335994720459,3.315870474366771,3.2981760501861572
EHT-1864,3,WSUDLCL2,3.591059446334839,3.3345217836906857,3.3191213607788086
EHT-1864,4,BEN,2.369447946548462,3.74965313493401,3.7709429264068604
EHT-1864,4,CALU3,3.8547959327697754,3.917672933082088,3.9423253536224365
EHT-1864,4,COLO668,3.6302905082702637,3.4514418932035884,3.466763496398926
EHT-1864,4,DMS53,2.084965467453003,3.5655842356348346,3.5831902027130127
EHT-1864,4,DND41,3.654118537902832,3.259284398388207,3.2707602977752686
EHT-1864,4,EBC1,4.076448440551758,3.860023604345606,3.8835222721099854
EHT-1864,4,GRANTA519,3.9098284244537354,3.805579795011211,3.827988862991333
EHT-1864,4,HCC15,3.430389881134033,4.04719260600951,4.074437141418457
EHT-1864,4,HCC78,3.3221564292907715,3.921028280246808,3.9457478523254395
EHT-1864,4,JEKO1,2.8259079456329346,3.2894537727695887,3.3015334606170654
EHT-1864,4,KU812,1.9059964418411255,3.0344756708706497,3.041452407836914
EHT-1864,4,L428,3.1756784915924072,3.3126553380962647,3.3251993656158447
EHT-1864,4,LCLC97TM1,4.038241386413574,4.159864485952895,4.189363956451416
EHT-1864,4,LXF289,3.66314697265625,4.096230928856178,4.124456882476807
EHT-1864,4,MHHCALL2,2.885831117630005,3.140719682682387,3.14982271194458
EHT-1864,4,MONOMAC6,2.5094950199127197,3.2733499763042073,3.285107374191284
EHT-1864,4,NALM6,2.961836576461792,2.993769033825893,2.9999310970306396
EHT-1864,4,NAMALWA,3.512155532836914,3.000207420287211,3.006498336791992
EHT-1864,4,NCIH146,3.525959014892578,3.5967341520821168,3.6149635314941406
EHT-1864,4,NCIH1781,3.72210693359375,3.4889785394264754,3.505051374435425
EHT-1864,4,NCIH2030,4.293009281158447,4.016967133869889,4.043606758117676
EHT-1864,4,NCIH2081,3.080833911895752,3.8048192029057426,3.8272130489349365
EHT-1864,4,NCIH2085,4.408268451690674,3.661928629301857,3.6814627647399902
EHT-1864,4,NCIH2171,2.8838560581207275,3.475891399910441,3.4917023181915283
EHT-1864,4,NCIH2172,3.0906031131744385,3.7650164409906255,3.786613702774048
EHT-1864,4,NCIH2196,3.3595190048217773,3.8387186107287548,3.861790895462036
EHT-1864,4,NCIH2444,4.710653305053711,4.38852315587032,4.422598838806152
EHT-1864,4,NCIH292,2.9328160285949707,4.101122653374691,4.129446506500244
EHT-1864,4,NCIH358,4.39603853225708,3.73482743239386,3.7558205127716064
EHT-1864,4,NCIH522,3.7819440364837646,3.3070287329448096,3.319460153579712
EHT-1864,4,NCIH524,4.281517505645752,3.4303902744614536,3.4452905654907227
EHT-1864,4,NCIH526,3.4331119060516357,3.220136110319221,3.2308285236358643
EHT-1864,4,NCIH838,4.024366855621338,3.6504905301374144,3.6697957515716553
EHT-1864,4,NCIH929,2.9659628868103027,3.312792543863293,3.3253393173217773
EHT-1864,4,NUDUL1,3.2233386039733887,2.9296759425929286,2.9345552921295166
EHT-1864,4,RAJI,3.5607008934020996,3.2404364865822606,3.251535177230835
EHT-1864,4,RL,3.952094554901123,3.3333514372955544,3.3463096618652344
EHT-1864,4,SKLU1,4.318947792053223,4.166331155033992,4.19596004486084
EHT-1864,4,SUDHL6,2.555562973022461,3.3062527139558253,3.3186686038970947
EHT-1864,4,SW1271,5.019947052001953,3.9545892315951066,3.97998046875
EHT-1864,5,ALLSIL,3.1289734840393066,3.3208594896803563,3.3202414512634277
EHT-1864,5,BV173,2.5134174823760986,3.1166127246280713,3.0810084342956543
EHT-1864,5,CALU6,3.374189615249634,3.943804632397078,4.049893379211426
EHT-1864,5,CORL105,3.8263814449310303,3.8796136701311155,3.9747068881988525
EHT-1864,5,CORL279,3.051304578781128,3.6953373362053816,3.7588651180267334
EHT-1864,5,CORL311,2.679927110671997,3.3411887819839143,3.344053030014038
EHT-1864,5,DB,3.8095529079437256,3.16657340618812,3.1395270824432373
EHT-1864,5,HCC44,4.310100078582764,3.789786015488272,3.869492292404175
EHT-1864,5,HEL,3.222956895828247,3.24163218303239,3.227442979812622
EHT-1864,5,HL60,3.1537864208221436,2.7854835984533937,2.6931588649749756
EHT-1864,5,JVM3,3.1843199729919434,3.309148157962222,3.3065240383148193
EHT-1864,5,KMH2,3.251400947570801,3.366360155784143,3.3735361099243164
EHT-1864,5,KOPN8,3.0924808979034424,3.4374745129528415,3.456831932067871
EHT-1864,5,LAMA84,2.676323890686035,3.15645812125893,3.1276791095733643
EHT-1864,5,LOUCY,2.840494394302368,2.9516151540583455,2.8877477645874023
EHT-1864,5,LOUNH91,5.360905170440674,3.7650992976508633,3.8405768871307373
EHT-1864,5,ME1,3.876988410949707,3.311552914595889,3.309340715408325
EHT-1864,5,MEG01,3.7903525829315186,3.1098210275027167,3.0730533599853516
EHT-1864,5,MOLP8,3.9071099758148193,3.4889025967959535,3.5170693397521973
EHT-1864,5,NB4,3.436678409576416,2.859689494791902,2.780075788497925
EHT-1864,5,NCIH1155,3.01886248588562,3.778666407786903,3.8564679622650146
EHT-1864,5,NCIH1436,3.7259185314178467,3.6737610878210853,3.733592987060547
EHT-1864,5,NCIH1836,4.823657989501953,3.58586818955229,3.6306445598602295
EHT-1864,5,NCIH1963,3.4004108905792236,3.5752128826704066,3.6181640625
EHT-1864,5,NCIH2170,4.433429718017578,3.644940443923651,3.6998355388641357
EHT-1864,5,NCIH23,2.6212234497070312,3.5197369750235783,3.55318546295166
EHT-1864,5,NCIH2405,5.075281620025635,3.958308893332289,4.066882133483887
EHT-1864,5,NCIH441,5.717316150665283,4.058873071878925,4.1846723556518555
EHT-1864,5,NCIH460,3.5452024936676025,3.639942442029029,3.693981409072876
EHT-1864,5,NCIH650,4.356890678405762,3.869418796591483,3.962765693664551
EHT-1864,5,NCIH727,3.4041736125946045,3.485736964904402,3.5133614540100098
EHT-1864,5,NCIH841,2.447305917739868,3.401951531009296,3.415224075317383
EHT-1864,5,OCIM1,2.6696619987487793,2.8394009127750155,2.7563118934631348
EHT-1864,5,PL21,3.4558730125427246,3.672013802317158,3.731546401977539
EHT-1864,5,REH,3.9085845947265625,2.6748130912406354,2.5635311603546143
EHT-1864,5,SKMM2,4.73068380355835,2.993500950257164,2.9368083477020264
EHT-1864,5,SUDHL1,3.4188671112060547,3.198553371882672,3.176985025405884
EHT-1864,5,SUDHL10,3.783085584640503,3.2395217617713556,3.224971055984497
EHT-1864,5,SUPB15,3.367215394973755,3.233478319715018,3.2178924083709717
EHT-1864,5,SUPM2,2.875788927078247,3.280880563309216,3.273414373397827
FULVESTRANT,1,A3KAW,2.55708909034729,3.2815175260540377,3.2054245471954346
FULVESTRANT,1,A4FUK,3.7457799911499023,3.1357536643393162,3.0171396732330322
FULVESTRANT,1,ABC1,4.40886116027832,3.657028855091203,3.690476894378662
FULVESTRANT,1,CAL12T,2.491795063018799,3.776112483652315,3.8442986011505127
FULVESTRANT,1,COLO668,3.7151501178741455,4.002842507397874,4.1371684074401855
FULVESTRANT,1,CORL23,4.027101039886475,3.865963012524956,3.960359573364258
FULVESTRANT,1,CORL279,3.0799953937530518,3.8115670765293146,3.8900957107543945
FULVESTRANT,1,EM2,3.4620370864868164,3.0931415948887624,2.96209716796875
FULVESTRANT,1,HCC366,4.5174431800842285,3.9073201517773666,4.0137810707092285
FULVESTRANT,1,HCC827,4.165783882141113,3.5096582618902583,3.5001165866851807
FULVESTRANT,1,HEL,3.5594289302825928,3.3990425973871567,3.3572330474853516
FULVESTRANT,1,JEKO1,3.083620548248291,3.390198468048397,3.345808982849121
FULVESTRANT,1,KARPAS422,5.03593111038208,3.4101487019543684,3.3715789318084717
FULVESTRANT,1,KU812,2.6808269023895264,3.6126644239255192,3.6331708431243896
FULVESTRANT,1,LCLC97TM1,3.7077760696411133,3.739286493309187,3.7967300415039062
FULVESTRANT,1,MONOMAC6,2.2961769104003906,3.2252263667498897,3.1327126026153564
FULVESTRANT,1,NCIH1341,2.5993568897247314,3.9670610309525682,4.090949058532715
FULVESTRANT,1,NCIH146,3.5253961086273193,3.4139585290200944,3.376500129699707
FULVESTRANT,1,NCIH1568,3.925261974334717,3.6026906912902987,3.6202876567840576
FULVESTRANT,1,NCIH1623,4.387022972106934,4.085164008808762,4.243504047393799
FULVESTRANT,1,NCIH1792,3.038254976272583,3.8106696694660154,3.8889365196228027
FULVESTRANT,1,NCIH1975,3.4685449600219727,3.756567947139419,3.8190526962280273
FULVESTRANT,1,NCIH2023,4.043108940124512,3.860914682498568,3.953838586807251
FULVESTRANT,1,NCIH2029,3.282320022583008,3.787739645426374,3.8593175411224365
FULVESTRANT,1,NCIH2030,3.5325570106506348,3.7602205157070103,3.823770761489868
FULVESTRANT,1,NCIH2085,4.054603099822998,3.683346027838908,3.724471092224121
FULVESTRANT,1,NCIH2110,3.231268882751465,3.549346283069157,3.551382064819336
FULVESTRANT,1,NCIH2171,1.8611470460891724,3.6952862300036204,3.739894390106201
FULVESTRANT,1,NCIH2172,3.127002000808716,3.8697888976767594,3.965301513671875
FULVESTRANT,1,NCIH2291,4.930283069610596,3.951008482146493,4.070213794708252
FULVESTRANT,1,NCIH358,4.635715007781982,3.846515378255629,3.935238838195801
FULVESTRANT,1,NCIH446,4.447275161743164,3.6093221271130504,3.6288535594940186
FULVESTRANT,1,NCIH524,3.2073349952697754,3.859774004659985,3.9523651599884033
FULVESTRANT,1,NCIH661,3.1507630348205566,4.024134052930541,4.164670944213867
FULVESTRANT,1,NCIH727,4.523871898651123,3.674186827776773,3.7126400470733643
FULVESTRANT,1,NCIH841,3.483309030532837,3.77369158874441,3.8411715030670166
FULVESTRANT,1,RS411,3.0171029567718506,3.701733643851442,3.748222589492798
FULVESTRANT,1,SHP77,2.398998975753784,3.753174338281784,3.814669132232666
FULVESTRANT,1,SUDHL4,2.7740325927734375,3.165162664671827,3.0551276206970215
FULVESTRANT,1,SUPM2,2.0795509815216064,3.3053947925965277,3.23626708984375
FULVESTRANT,1,THP1,3.620910406112671,3.272627252789769,3.1939408779144287
FULVESTRANT,2,BL41,3.221066951751709,2.965301735765249,2.8199942111968994
FULVESTRANT,2,DAUDI,3.1256189346313477,3.675397840025735,3.704422950744629
FULVESTRANT,2,EBC1,3.7083868980407715,3.585376908950353,3.592301368713379
FULVESTRANT,2,EPLC272H,3.441344976425171,3.6051218204027964,3.616893768310547
FULVESTRANT,2,HARA,2.6998701095581055,3.8385184730914785,3.907590627670288
FULVESTRANT,2,HCC15,4.0531721115112305,3.8602076691216403,3.9346046447753906
FULVESTRANT,2,HDLM2,2.748652935028076,3.3325019972082384,3.277344226837158
FULVESTRANT,2,IALM,4.730807781219482,4.080501601020697,4.208981990814209
FULVESTRANT,2,JVM2,2.7882111072540283,3.5231550168855015,3.514803647994995
FULVESTRANT,2,K562,3.3281259536743164,3.51193666523864,3.500831127166748
FULVESTRANT,2,KCL22,2.3655450344085693,3.551758415824709,3.550429344177246
FULVESTRANT,2,KOPN8,3.0029709339141846,3.3752607526457328,3.3306005001068115
FULVESTRANT,2,L1236,3.18408203125,3.3462657020135045,3.2944869995117188
FULVESTRANT,2,LCLC103H,4.98567008972168,4.0544282413907045,4.176507472991943
FULVESTRANT,2,LU65,3.2777769565582275,3.5382525579551705,3.5336077213287354
FULVESTRANT,2,LXF289,2.896588087081909,3.76076776367916,3.8107516765594482
FULVESTRANT,2,MEG01,4.329402923583984,3.552613311455711,3.5514941215515137
FULVESTRANT,2,MOLT13,2.571716070175171,3.1283658990121066,3.0230915546417236
FULVESTRANT,2,NALM6,3.3805699348449707,3.412715364993339,3.3772504329681396
FULVESTRANT,2,NCIH1048,3.3829190731048584,3.5996926780188994,3.6101317405700684
FULVESTRANT,2,NCIH1437,3.8034539222717285,3.411406222310754,3.375619888305664
FULVESTRANT,2,NCIH1648,3.7270190715789795,3.681730690934925,3.712310552597046
FULVESTRANT,2,NCIH1793,5.251370906829834,3.953110283768251,4.0503153800964355
FULVESTRANT,2,NCIH1836,3.94571852684021,3.4652612014478237,3.4426965713500977
FULVESTRANT,2,NCIH196,4.758592128753662,3.6943280547012987,3.7280006408691406
FULVESTRANT,2,NCIH1963,2.0828135013580322,3.540316290556566,3.5361781120300293
FULVESTRANT,2,NCIH2066,5.142643928527832,3.699759685585689,3.7347657680511475
FULVESTRANT,2,NCIH209,3.644705057144165,3.6994204838261417,3.7343432903289795
FULVESTRANT,2,NCIH2122,2.9005000591278076,3.709452395007049,3.746838092803955
FULVESTRANT,2,NCIH2170,3.9993269443511963,3.7084799655835177,3.745626926422119
FULVESTRANT,2,NCIH2196,3.569888114929199,3.6968209579262292,3.7311055660247803
FULVESTRANT,2,NCIH2227,5.075343132019043,3.3772437046926544,3.3330702781677246
FULVESTRANT,2,NCIH2228,4.314998149871826,3.763974100853205,3.8147451877593994
FULVESTRANT,2,NCIH2342,3.883857011795044,3.6050724332391604,3.6168322563171387
FULVESTRANT,2,NCIH596,4.575713157653809,3.662136620896998,3.68790602684021
FULVESTRANT,2,OCILY19,2.809504985809326,3.3624298526792202,3.314619541168213
FULVESTRANT,2,PF382,3.5077970027923584,3.0715888460265712,2.9523754119873047
FULVESTRANT,2,PL21,3.796266555786133,3.476531811605044,3.4567341804504395
FULVESTRANT,2,RCHACV,2.8955864906311035,3.461327456437279,3.4377970695495605
FULVESTRANT,2,SBC5,3.2504661083221436,3.727631848226099,3.7694807052612305
FULVESTRANT,2,SUDHL1,2.389143943786621,3.3118840049288805,3.251664400100708
FULVESTRANT,3,697,3.1726250648498535,3.123752294631123,3.146512269973755
FULVESTRANT,3,A549,2.874380111694336,3.8453480571955283,3.825242757797241
FULVESTRANT,3,ALLSIL,2.721158027648926,3.485936689208324,3.4871816635131836
FULVESTRANT,3,AMO1,2.821481943130493,3.0692678986079867,3.095264434814453
FULVESTRANT,3,CHAGOK1,3.260235548019409,4.092213073969074,4.057443141937256
FULVESTRANT,3,CORL105,3.589046001434326,3.614642637420652,3.6082420349121094
FULVESTRANT,3,CORL311,4.068506717681885,3.471396296401327,3.4735050201416016
FULVESTRANT,3,DMS53,3.4420340061187744,3.6781697869719525,3.6679954528808594
FULVESTRANT,3,EHEB,5.475887775421143,3.1905457349172215,3.2093379497528076
FULVESTRANT,3,HCC44,3.653909921646118,3.9019096884019384,3.8784444332122803
FULVESTRANT,3,HL60,4.173285007476807,3.044921536270771,3.072364330291748
FULVESTRANT,3,JM1,2.3036019802093506,3.223303695736067,3.240149974822998
FULVESTRANT,3,JURKAT,3.3205249309539795,3.2199456467173952,3.2369914054870605
FULVESTRANT,3,JURLMK1,4.192941188812256,3.174989664089556,3.1947059631347656
FULVESTRANT,3,KMS11,3.6861793994903564,3.552352703846113,3.549652338027954
FULVESTRANT,3,L428,4.607085227966309,3.0375897452181526,3.0654680728912354
FULVESTRANT,3,L540,2.327928066253662,3.225361413273324,3.2420854568481445
FULVESTRANT,3,LOUCY,2.740125894546509,3.4840784572219197,3.48543381690979
FULVESTRANT,3,MHHCALL2,3.0929460525512695,3.336850769890979,3.346951961517334
FULVESTRANT,3,MOLP8,3.555475950241089,3.613857622489279,3.607503652572632
FULVESTRANT,3,NCIH1092,5.332070827484131,3.5363216191400513,3.534573554992676
FULVESTRANT,3,NCIH1105,4.040247440338135,4.134181589376649,4.09691858291626
FULVESTRANT,3,NCIH1436,4.011199474334717,3.472168891012507,3.474231719970703
FULVESTRANT,3,NCIH1915,4.509880065917969,4.371775217340112,4.320398330688477
FULVESTRANT,3,NCIH2087,4.244112014770508,4.113543579782727,4.0775065422058105
FULVESTRANT,3,NCIH2405,4.908775806427002,3.8111070087552874,3.7930357456207275
FULVESTRANT,3,NCIH292,2.9532220363616943,4.401888156909724,4.348722457885742
FULVESTRANT,3,NUDUL1,3.0975120067596436,2.8807515182930885,2.9179465770721436
FULVESTRANT,3,OCIM1,3.637695074081421,3.340111991107331,3.3500194549560547
FULVESTRANT,3,OPM2,3.926582098007202,3.1774694190374477,3.197038412094116
FULVESTRANT,3,P12ICHIKAWA,3.721081018447876,2.949817370222635,2.982909679412842
FULVESTRANT,3,REH,3.2099759578704834,3.1784075334258914,3.197920799255371
FULVESTRANT,3,RERFLCMS,2.9609720706939697,3.8271527950648427,3.8081283569335938
FULVESTRANT,3,RPMI8226,2.9104349613189697,3.069069173484901,3.0950775146484375
FULVESTRANT,3,RPMI8402,1.6096489429473877,3.1369444490073897,3.1589207649230957
FULVESTRANT,3,SKLU1,5.178733825683594,3.8594362489571368,3.838494062423706
FULVESTRANT,3,SKM1,3.627042055130005,3.379794914123498,3.3873450756073
FULVESTRANT,3,SKMES1,3.7585179805755615,4.000819541947534,3.9714787006378174
FULVESTRANT,3,SUDHL10,2.8195860385894775,3.1033961502628027,3.1273653507232666
FULVESTRANT,3,SUDHL5,2.2069060802459717,2.974706424509502,3.0063202381134033
FULVESTRANT,3,SW1573,4.596957206726074,4.26082982005172,4.216043472290039
FULVESTRANT,4,BEN,4.564076900482178,4.001487155239241,4.088807582855225
FULVESTRANT,4,BV173,3.017772912979126,3.233667325206692,3.1670315265655518
FULVESTRANT,4,CALU3,3.5795071125030518,3.906739219053929,3.9750616550445557
FULVESTRANT,4,CMK,4.180800914764404,2.9489659477794423,2.825244426727295
FULVESTRANT,4,CORL95,4.426657199859619,3.719994320644002,3.7508723735809326
FULVESTRANT,4,DB,4.050137042999268,3.247073656221479,3.1831259727478027
FULVESTRANT,4,DMS114,3.9607200622558594,3.620140042957287,3.6309962272644043
FULVESTRANT,4,DMS79,5.00173282623291,4.08455219038601,4.188528060913086
FULVESTRANT,4,DND41,2.2564139366149902,3.477335856623156,3.4595582485198975
FULVESTRANT,4,DOHH2,1.6790134906768799,3.1436015260483354,3.0589065551757812
FULVESTRANT,4,GRANTA519,4.639656066894531,3.1915314681233022,3.1164469718933105
FULVESTRANT,4,HCC33,3.222338914871216,3.22950730127118,3.1620373725891113
FULVESTRANT,4,JVM3,1.9592629671096802,3.1708095959002986,3.0915701389312744
FULVESTRANT,4,KG1,4.303512096405029,3.251131402392786,3.187997341156006
FULVESTRANT,4,KMH2,2.8385190963745117,3.2911222067942902,3.236006736755371
FULVESTRANT,4,L363,3.2585999965667725,3.2836104511568815,3.2269887924194336
FULVESTRANT,4,LAMA84,2.274893045425415,3.7026609206789685,3.7300634384155273
FULVESTRANT,4,NAMALWA,3.81439208984375,3.272101124421085,3.2131717205047607
FULVESTRANT,4,NB4,2.7543580532073975,3.181115619775291,3.103942632675171
FULVESTRANT,4,NCIH1155,3.3400380611419678,3.9635423033170247,4.043254375457764
FULVESTRANT,4,NCIH1435,4.38759183883667,3.986723806820943,4.071084022521973
FULVESTRANT,4,NCIH1650,3.7158548831939697,3.9321956580703925,4.005622386932373
FULVESTRANT,4,NCIH1651,3.1019480228424072,4.014789222513819,4.104776859283447
FULVESTRANT,4,NCIH1944,3.431077003479004,3.8664993732615276,3.926753282546997
FULVESTRANT,4,NCIH23,2.861172914505005,3.6288191552898286,3.641415596008301
FULVESTRANT,4,NCIH2444,4.4824724197387695,3.7974739968772107,3.8438875675201416
FULVESTRANT,4,NCIH460,3.784986972808838,3.5819024581720864,3.5850915908813477
FULVESTRANT,4,NCIH526,3.1860270500183105,3.572575719064651,3.573894739151001
FULVESTRANT,4,NCIH650,4.043529033660889,3.976291872067299,4.058560371398926
FULVESTRANT,4,NCIH69,3.6083104610443115,3.3317658015082987,3.284799814224243
FULVESTRANT,4,NCIH810,3.642549991607666,3.5111874134035936,3.500197410583496
FULVESTRANT,4,NCIH838,3.7808620929718018,3.7726630000620367,3.8141016960144043
FULVESTRANT,4,NOMO1,2.6160190105438232,3.382790489990249,3.346055507659912
FULVESTRANT,4,OCIAML3,3.5108089447021484,3.5192087704836204,3.509827136993408
FULVESTRANT,4,RAJI,4.64488410949707,3.2682165553573235,3.208508253097534
FULVESTRANT,4,RERFLCKJ,3.3339760303497314,3.7567787667870993,3.795032501220703
FULVESTRANT,4,RL,2.5919134616851807,3.4418299818314133,3.416933059692383
FULVESTRANT,4,SIGM5,1.5784859657287598,3.2995445324295187,3.2461178302764893
FULVESTRANT,4,SUPB15,3.1833834648132324,3.1673075258149015,3.0873658657073975
FULVESTRANT,4,SUPT1,3.6673998832702637,3.1937118711780585,3.1190645694732666
FULVESTRANT,5,CA46,3.7089738845825195,3.387632115025124,3.367575168609619
FULVESTRANT,5,CALU6,4.015168190002441,3.7150157089936178,3.822672128677368
FULVESTRANT,5,CMLT1,3.7023489475250244,2.996952570120115,2.8244903087615967
FULVESTRANT,5,CORL88,4.232431411743164,3.5638316404511228,3.6125106811523438
FULVESTRANT,5,DMS273,3.685420036315918,3.3861437388187032,3.365506172180176
FULVESTRANT,5,EJM,3.9235360622406006,3.251136800048713,3.17783260345459
FULVESTRANT,5,GA10,3.4854559898376465,3.329609111552332,3.286917209625244
FULVESTRANT,5,GDM1,3.074831962585449,3.3198159802996923,3.273303747177124
FULVESTRANT,5,HCC78,2.207426071166992,3.575438505096583,3.628645420074463
FULVESTRANT,5,HH,3.018791913986206,2.8939789930059625,2.6813464164733887
FULVESTRANT,5,HT,3.731306552886963,3.3705494048919493,3.3438284397125244
FULVESTRANT,5,KMS12BM,2.317608594894409,3.3108817782982345,3.2608842849731445
FULVESTRANT,5,KNS62,5.152923107147217,3.485371506259172,3.5034430027008057
FULVESTRANT,5,LOUNH91,3.512821912765503,3.7658796537855843,3.893378257751465
FULVESTRANT,5,LP1,3.1682910919189453,3.0821345803528626,2.942902088165283
FULVESTRANT,5,ME1,5.048026084899902,3.464760634459452,3.4747917652130127
FULVESTRANT,5,MM1S,2.272603988647461,3.295216095615791,3.239107370376587
FULVESTRANT,5,MOLM13,2.672199010848999,3.1975592013805088,3.1033542156219482
FULVESTRANT,5,MOLM16,2.7971715927124023,3.6114907226257618,3.6787617206573486
FULVESTRANT,5,MOLT16,1.6949330568313599,3.307956307803545,3.256817579269409
FULVESTRANT,5,NCIH1781,4.1402411460876465,3.749062100326197,3.870000123977661
FULVESTRANT,5,NCIH1876,4.690907955169678,3.544823542982931,3.586087465286255
FULVESTRANT,5,NCIH2009,3.6242876052856445,3.989404328628225,4.204100608825684
FULVESTRANT,5,NCIH2081,4.189513683319092,3.711989561288376,3.8184654712677
FULVESTRANT,5,NCIH211,3.0249478816986084,3.4092351804586465,3.3976056575775146
FULVESTRANT,5,NCIH2347,4.800189971923828,3.970841646348795,4.1782965660095215
FULVESTRANT,5,NCIH441,5.5510430335998535,3.9718075987335104,4.1796393394470215
FULVESTRANT,5,NCIH522,3.653764009475708,3.602901087091082,3.666821241378784
FULVESTRANT,5,NCIH647,3.1424965858459473,3.942884939918862,4.139433860778809
FULVESTRANT,5,NCIH82,3.500509023666382,3.4568330330520807,3.4637715816497803
FULVESTRANT,5,NCIH929,2.9594359397888184,3.476844643908584,3.4915897846221924
FULVESTRANT,5,OCIAML2,3.0994889736175537,3.196268577855121,3.101560115814209
FULVESTRANT,5,OCIAML5,4.57131290435791,3.495056242286822,3.5169057846069336
FULVESTRANT,5,P31FUJ,3.616835117340088,3.3108855515497373,3.2608895301818848
FULVESTRANT,5,SKMM2,4.972629070281982,3.7469857829310684,3.8671138286590576
FULVESTRANT,5,ST486,2.703486919403076,3.1523026513445584,3.040442943572998
FULVESTRANT,5,SUDHL6,2.0648410320281982,3.404071485777072,3.390427589416504
FULVESTRANT,5,SUDHL8,3.5483360290527344,3.3515184964033087,3.317373514175415
FULVESTRANT,5,SW1271,4.825417995452881,3.802582757198995,3.944399356842041
FULVESTRANT,5,WSUDLCL2,2.874915599822998,3.483635124522159,3.5010292530059814
GEFITINIB,1,A549,1.8239145278930664,2.1117284205979265,1.930846929550171
GEFITINIB,1,CALU3,1.9529249668121338,2.470013935731941,2.6117236614227295
GEFITINIB,1,CMLT1,2.6229660511016846,2.208328498724896,2.1144232749938965
GEFITINIB,1,CORL23,3.794116973876953,2.612813434839836,2.883096218109131
GEFITINIB,1,CORL95,2.336498975753784,2.518650517812505,2.7041513919830322
GEFITINIB,1,DB,-0.6095564961433411,2.0948565437101934,1.8987840414047241
GEFITINIB,1,DMS114,2.4654905796051025,2.295233879703019,2.279576063156128
GEFITINIB,1,DMS79,2.099900960922241,2.6372290818470345,2.929495096206665
GEFITINIB,1,EBC1,4.122109889984131,2.2518723349742213,2.1971728801727295
GEFITINIB,1,EHEB,2.567495107650757,2.1148586156682443,1.9367954730987549
GEFITINIB,1,HCC827,-1.3662126064300537,2.182382757165489,2.0651166439056396
GEFITINIB,1,HH,4.200081825256348,2.122261244727425,1.950863242149353
GEFITINIB,1,JURKAT,2.9193971157073975,2.060505318811262,1.8335038423538208
GEFITINIB,1,KCL22,2.1495349407196045,2.2761483464257783,2.2433063983917236
GEFITINIB,1,KMS11,1.6914050579071045,1.9420590509972393,1.6084115505218506
GEFITINIB,1,LCLC103H,4.477997779846191,2.6182885788504064,2.893501043319702
GEFITINIB,1,LCLC97TM1,2.639024019241333,2.8518573366027833,3.337369203567505
GEFITINIB,1,MONOMAC6,0.8507819771766663,1.9359074962964233,1.5967212915420532
GEFITINIB,1,NAMALWA,1.9271759986877441,2.153248482230847,2.0097506046295166
GEFITINIB,1,NCIH146,2.308701992034912,2.361374211515871,2.4052674770355225
GEFITINIB,1,NCIH1623,0.29270151257514954,2.4168740128878876,2.510737895965576
GEFITINIB,1,NCIH1781,1.434386968612671,2.4382371237726055,2.5513358116149902
GEFITINIB,1,NCIH1876,2.230773448944092,2.597843198504341,2.854647159576416
GEFITINIB,1,NCIH1915,2.9431419372558594,3.0195787086540986,3.6561026573181152
GEFITINIB,1,NCIH1963,2.1363439559936523,2.536772779035642,2.7385904788970947
GEFITINIB,1,NCIH2029,1.809473991394043,2.2405138042773762,2.1755874156951904
GEFITINIB,1,NCIH2030,3.5335612297058105,2.071019324132722,1.8534843921661377
GEFITINIB,1,NCIH2087,2.7495737075805664,2.6680790047811396,2.988121509552002
GEFITINIB,1,NCIH211,2.287989616394043,2.3035485309290804,2.295377016067505
GEFITINIB,1,NCIH2110,0.7920655012130737,2.3403738017914058,2.365358829498291
GEFITINIB,1,NCIH2122,1.8743269443511963,1.9800809471333394,1.6806674003601074
GEFITINIB,1,NCIH2342,2.7342910766601562,2.6439391160410577,2.942246675491333
GEFITINIB,1,NCIH358,2.5264782905578613,2.509491153022979,2.6867451667785645
GEFITINIB,1,NCIH647,2.4052250385284424,2.603688194822219,2.8657548427581787
GEFITINIB,1,NCIH69,2.4668385982513428,2.651774013120871,2.9571359157562256
GEFITINIB,1,NOMO1,1.8192025423049927,2.0799435792804943,1.8704438209533691
GEFITINIB,1,RERFLCKJ,1.1971750259399414,2.5046825711931135,2.6776070594787598
GEFITINIB,1,SBC5,2.406599521636963,2.495422713968664,2.6600098609924316
GEFITINIB,1,ST486,1.5348739624023438,2.059660354330356,1.8318980932235718
GEFITINIB,1,SUPB15,1.3049260377883911,2.3342714896382892,2.353762149810791
GEFITINIB,1,SW1271,6.232480525970459,2.3220598396437224,2.3305554389953613
GEFITINIB,2,A3KAW,2.2228689193725586,2.1508315350703575,1.9365512132644653
GEFITINIB,2,DAUDI,1.9114019870758057,1.8082691761004384,1.0119456052780151
GEFITINIB,2,DMS53,2.865339994430542,2.027198261281103,1.6028542518615723
GEFITINIB,2,DOHH2,0.42923250794410706,2.1207971506678716,1.8554857969284058
GEFITINIB,2,EM2,1.7838845252990723,1.9047205604162754,1.2722762823104858
GEFITINIB,2,GA10,1.7924954891204834,2.1552816656589315,1.948562502861023
GEFITINIB,2,HCC44,2.749230146408081,2.4665804417070354,2.788784980773926
GEFITINIB,2,HDLM2,2.604109048843384,2.1683337125574886,1.9837911128997803
GEFITINIB,2,IALM,4.1742987632751465,2.6907855273017542,3.3939340114593506
GEFITINIB,2,JURLMK1,-0.2936129868030548,2.3274453806191975,2.4132473468780518
GEFITINIB,2,JVM2,1.697172999382019,2.1865014353892995,2.032827377319336
GEFITINIB,2,KNS62,2.007603883743286,2.058720350865763,1.6879351139068604
GEFITINIB,2,LP1,2.1183669567108154,2.234439603478344,2.1622166633605957
GEFITINIB,2,LU65,0.9554449915885925,2.2295349993615496,2.1489787101745605
GEFITINIB,2,ME1,2.3698339462280273,1.9665050661649572,1.4390380382537842
GEFITINIB,2,MOLM13,1.0530250072479248,2.1009425757988094,1.801896572113037
GEFITINIB,2,MOLT13,1.0867760181427002,2.1654123178515476,1.9759060144424438
GEFITINIB,2,NCIH1048,3.3204522132873535,2.1712686663861867,1.9917128086090088
GEFITINIB,2,NCIH1092,3.5290510654449463,2.3597425926936797,2.500420331954956
GEFITINIB,2,NCIH1105,2.323483467102051,2.262299228256965,2.237412214279175
GEFITINIB,2,NCIH1650,2.4816951751708984,2.515328623839575,2.920360565185547
GEFITINIB,2,NCIH1651,3.0476369857788086,2.4581436640289294,2.7660133838653564
GEFITINIB,2,NCIH1944,1.963897466659546,2.3033082871187616,2.3480992317199707
GEFITINIB,2,NCIH196,2.4786579608917236,2.2210946000285055,2.126197338104248
GEFITINIB,2,NCIH2023,2.516284465789795,2.5407973380276534,2.989102840423584
GEFITINIB,2,NCIH2081,2.4516489505767822,2.2421760767576684,2.183098077774048
GEFITINIB,2,NCIH2085,1.7324415445327759,1.8412935016535494,1.101081132888794
GEFITINIB,2,NCIH2170,0.9447383284568787,2.1027298625108104,1.8067206144332886
GEFITINIB,2,NCIH2227,3.4567480087280273,2.2200141985273074,2.123281240463257
GEFITINIB,2,NCIH2228,6.167985439300537,2.3124293809140926,2.37271785736084
GEFITINIB,2,NCIH292,0.3902515769004822,1.9123668014878104,1.2929141521453857
GEFITINIB,2,NCIH522,2.44364857673645,2.359117724717269,2.4987337589263916
GEFITINIB,2,NCIH727,1.6387455463409424,2.019031915227224,1.5808125734329224
GEFITINIB,2,NCIH838,2.3013339042663574,2.2002549791827763,2.0699493885040283
GEFITINIB,2,RAJI,1.8580739498138428,1.9635289049697064,1.4310051202774048
GEFITINIB,2,RERFLCMS,3.5725040435791016,2.2731454664655404,2.2666871547698975
GEFITINIB,2,SIGM5,1.3197040557861328,2.1472097034660638,1.926775574684143
GEFITINIB,2,SKMES1,2.0919549465179443,2.4398723265326674,2.7166974544525146
GEFITINIB,2,SUDHL8,5.889161109924316,2.120963128463698,1.8559337854385376
GEFITINIB,2,SW1573,5.471110820770264,2.8756844385200084,3.8929922580718994
GEFITINIB,2,WSUDLCL2,1.8918784856796265,2.0509447902130202,1.6669481992721558
GEFITINIB,3,697,2.3346800804138184,2.099833881737088,1.9863784313201904
GEFITINIB,3,A4FUK,1.6005560159683228,1.9981028764444406,1.8453289270401
GEFITINIB,3,BEN,4.370938777923584,2.4129869099213925,2.4205634593963623
GEFITINIB,3,CAL12T,1.2953234910964966,1.9597677233676667,1.792177438735962
GEFITINIB,3,CMK,0.4288339912891388,2.1253467438979645,2.021751880645752
GEFITINIB,3,CORL105,-0.428754985332489,2.60125765302889,2.6815998554229736
GEFITINIB,3,CORL311,3.4929940700531006,2.060694052158923,1.9321112632751465
GEFITINIB,3,CORL88,1.6822030544281006,2.2647876637250084,2.215085983276367
GEFITINIB,3,GDM1,2.041041612625122,2.332581336546302,2.309081554412842
GEFITINIB,3,HARA,0.19880558550357819,2.2352857246372677,2.1741816997528076
GEFITINIB,3,HCC33,2.8031420707702637,2.304750827225314,2.2704946994781494
GEFITINIB,3,HCC366,2.517272472381592,2.6361105747793667,2.7299232482910156
GEFITINIB,3,HEL,2.439610004425049,2.1152846335274393,2.007800817489624
GEFITINIB,3,JM1,1.4182319641113281,2.359339345100291,2.3461813926696777
GEFITINIB,3,JVM3,1.0611159801483154,2.346077100166056,2.3277933597564697
GEFITINIB,3,KARPAS422,1.932168960571289,2.058853845816444,1.9295598268508911
GEFITINIB,3,KMS12BM,1.6312780380249023,2.0336338277803394,1.8945924043655396
GEFITINIB,3,L1236,2.0437285900115967,2.1906643964300128,2.112314462661743
GEFITINIB,3,LXF289,3.8004989624023438,2.7556513348721583,2.8956658840179443
GEFITINIB,3,MHHCALL2,1.4780545234680176,1.9836910076721792,1.8253469467163086
GEFITINIB,3,MM1S,1.843222975730896,2.346250261665554,2.328033447265625
GEFITINIB,3,NALM6,2.680187940597534,1.994418766666891,1.8402209281921387
GEFITINIB,3,NCIH1436,2.8853158950805664,2.2690111191263664,2.2209417819976807
GEFITINIB,3,NCIH209,2.0011653900146484,2.3235900073648272,2.2966151237487793
GEFITINIB,3,NCIH441,3.2256383895874023,2.8652458841482105,3.0476181507110596
GEFITINIB,3,NCIH460,3.647084951400757,2.4346970974051128,2.450664520263672
GEFITINIB,3,NCIH661,2.370832920074463,2.56285414672863,2.6283535957336426
GEFITINIB,3,NCIH841,1.8361321687698364,2.6399338843919145,2.7352242469787598
GEFITINIB,3,NUDUL1,1.9682995080947876,1.9513810837720746,1.78054940700531
GEFITINIB,3,OCIAML3,1.9922415018081665,2.545639623835647,2.6044857501983643
GEFITINIB,3,OCILY19,2.5578079223632812,2.3037861439957377,2.2691571712493896
GEFITINIB,3,OCIM1,1.7581055164337158,2.2127632085302826,2.1429543495178223
GEFITINIB,3,P12ICHIKAWA,3.132838010787964,2.261344724754853,2.2103123664855957
GEFITINIB,3,RL,2.3427164554595947,1.783877167685293,1.5483061075210571
GEFITINIB,3,RPMI8402,2.914544105529785,2.17347566720627,2.08848237991333
GEFITINIB,3,RS411,0.705689013004303,2.5969169224113875,2.675581455230713
GEFITINIB,3,SKLU1,2.902458906173706,2.4376554593091457,2.454766273498535
GEFITINIB,3,SKMM2,3.2822940349578857,1.8850862810703175,1.6886320114135742
GEFITINIB,3,SUDHL1,5.732271671295166,2.2954116274246887,2.2575459480285645
GEFITINIB,3,SUDHL10,1.4025349617004395,2.160820605245945,2.0709362030029297
GEFITINIB,3,SUDHL6,1.5768585205078125,1.9616192789246114,1.794744610786438
GEFITINIB,4,ALLSIL,1.785902500152588,2.187057301335087,2.184279680252075
GEFITINIB,4,AMO1,2.7718679904937744,2.2166106903913594,2.2178051471710205
GEFITINIB,4,BL41,1.3448859453201294,1.994382933050346,1.9657092094421387
GEFITINIB,4,CA46,2.5435850620269775,1.7025975452932247,1.6347068548202515
GEFITINIB,4,CHAGOK1,2.4679510593414307,2.3166793534977144,2.3313233852386475
GEFITINIB,4,DMS273,2.3359694480895996,2.1090237944144854,2.0957581996917725
GEFITINIB,4,GRANTA519,2.9184656143188477,1.6615919447554968,1.588189959526062
GEFITINIB,4,HCC78,4.021237850189209,1.9848146933750894,1.954854965209961
GEFITINIB,4,HL60,2.049673080444336,1.8925391666558216,1.85017728805542
GEFITINIB,4,JEKO1,1.55492103099823,2.0218644575299223,1.9968843460083008
GEFITINIB,4,KMH2,2.07883358001709,2.1400883121283405,2.130997896194458
GEFITINIB,4,KOPN8,3.225476026535034,1.660679382776189,1.587154746055603
GEFITINIB,4,KU812,1.6369924545288086,2.1600322680160486,2.1536223888397217
GEFITINIB,4,L363,2.6767048835754395,1.746610165757011,1.6846349239349365
GEFITINIB,4,L428,1.5892289876937866,2.1729100686052063,2.1682310104370117
GEFITINIB,4,MOLP8,2.096165418624878,1.8603092513889354,1.8136155605316162
GEFITINIB,4,MOLT16,1.259207010269165,1.4825611346765897,1.385096788406372
GEFITINIB,4,NB4,1.7044190168380737,1.8585172293445853,1.8115826845169067
GEFITINIB,4,NCIH1341,2.8375515937805176,2.3764918854394894,2.399174928665161
GEFITINIB,4,NCIH1568,0.9978541135787964,2.641880755906849,2.700232982635498
GEFITINIB,4,NCIH1792,1.9790902137756348,2.9323314534636955,3.029721260070801
GEFITINIB,4,NCIH1836,3.3383569717407227,3.5463557799313494,3.7262725830078125
GEFITINIB,4,NCIH1975,2.2263994216918945,3.0048950529514404,3.1120376586914062
GEFITINIB,4,NCIH2066,3.7520954608917236,2.2844326245600897,2.2947425842285156
GEFITINIB,4,NCIH2291,3.0733025074005127,2.39059834501783,2.415177345275879
GEFITINIB,4,NCIH23,2.522974967956543,2.259128470441091,2.2660374641418457
GEFITINIB,4,NCIH2347,5.957093715667725,2.7687661729859747,2.844172239303589
GEFITINIB,4,NCIH2444,3.4627726078033447,2.477370757304534,2.5136122703552246
GEFITINIB,4,NCIH446,3.9852449893951416,2.176303277531029,2.1720802783966064
GEFITINIB,4,NCIH524,2.2506825923919678,2.3062742133614713,2.3195197582244873
GEFITINIB,4,NCIH82,1.8267110586166382,1.9332027140794723,1.8963061571121216
GEFITINIB,4,NCIH929,0.8951159715652466,2.8230394411030986,2.9057400226593018
GEFITINIB,4,OCIAML2,2.6325769424438477,2.277680884904341,2.287083387374878
GEFITINIB,4,OCIAML5,1.4267070293426514,2.194732742027007,2.1929867267608643
GEFITINIB,4,OPM2,1.5051569938659668,2.0567635430264746,2.0364739894866943
GEFITINIB,4,RCHACV,1.5768860578536987,2.2882697143933974,2.299095392227173
GEFITINIB,4,RPMI8226,1.3474705219268799,1.8262529511381282,1.77498197555542
GEFITINIB,4,SKM1,0.3376685082912445,2.4016165536233594,2.4276764392852783
GEFITINIB,4,SUDHL5,0.8966525197029114,1.7747087519526739,1.7165100574493408
GEFITINIB,4,SUPT1,1.9828660488128662,2.182684275747004,2.179318904876709
GEFITINIB,5,ABC1,3.0350685119628906,2.1134256534766345,1.9209705591201782
GEFITINIB,5,BV173,2.701848030090332,3.035330915775503,3.6554739475250244
GEFITINIB,5,CALU6,4.442319869995117,2.4117437210026536,2.48223614692688
GEFITINIB,5,COLO668,1.2928112745285034,2.1632932685061554,2.0147931575775146
GEFITINIB,5,CORL279,1.6064130067825317,2.6626755125142556,2.954347610473633
GEFITINIB,5,DND41,1.5910370349884033,2.345470135138095,2.357546806335449
GEFITINIB,5,EJM,2.0940985679626465,2.180028399143641,2.046279191970825
GEFITINIB,5,EPLC272H,0.7353370189666748,2.0901191119149765,1.877120852470398
GEFITINIB,5,HCC15,2.251758575439453,2.4556899444368394,2.564918041229248
GEFITINIB,5,HT,4.168127059936523,2.0708410554812557,1.8408504724502563
GEFITINIB,5,K562,3.0578269958496094,2.026660713573529,1.757728099822998
GEFITINIB,5,KG1,3.341322898864746,1.997045898846999,1.7020097970962524
GEFITINIB,5,L540,1.5547055006027222,3.3007330664176227,4.154810428619385
GEFITINIB,5,LAMA84,2.9127540588378906,2.23841697619676,2.1561334133148193
GEFITINIB,5,LOUCY,1.5034974813461304,2.352401182450852,2.370587110519409
GEFITINIB,5,LOUNH91,1.4169039726257324,2.859650567500557,3.3249430656433105
GEFITINIB,5,MEG01,1.6390705108642578,1.879021422340185,1.4799546003341675
GEFITINIB,5,MOLM16,1.5908160209655762,3.138144344395184,3.8489105701446533
GEFITINIB,5,NCIH1155,1.9631885290145874,2.7306688395449425,3.082272529602051
GEFITINIB,5,NCIH1435,3.205246925354004,2.2951917514850386,2.262951374053955
GEFITINIB,5,NCIH1437,2.2715890407562256,2.5326106935744175,2.709639310836792
GEFITINIB,5,NCIH1648,0.28337499499320984,2.1322450404570503,1.9563779830932617
GEFITINIB,5,NCIH1793,4.350160121917725,2.514178504967969,2.6749603748321533
GEFITINIB,5,NCIH2009,2.55765700340271,2.728757495059737,3.078676462173462
GEFITINIB,5,NCIH2171,2.683820962905884,2.6873216299264144,3.0007176399230957
GEFITINIB,5,NCIH2172,2.902343511581421,2.1437533415308527,1.9780300855636597
GEFITINIB,5,NCIH2196,4.196342945098877,2.4247945428446167,2.5067903995513916
GEFITINIB,5,NCIH2405,2.8996975421905518,3.1831840499988875,3.933649778366089
GEFITINIB,5,NCIH526,1.4524400234222412,2.590543325692327,2.8186357021331787
GEFITINIB,5,NCIH596,2.2589259147644043,2.3268464699343423,2.322507619857788
GEFITINIB,5,NCIH650,2.2409756183624268,3.1728080713176823,3.914128065109253
GEFITINIB,5,NCIH810,2.349651575088501,2.41778378753735,2.4936001300811768
GEFITINIB,5,P31FUJ,1.9452965259552002,2.1049981487597944,1.905114769935608
GEFITINIB,5,PF382,2.4322030544281006,2.40509386930169,2.4697248935699463
GEFITINIB,5,PL21,2.792038917541504,2.2560039305847956,2.1892220973968506
GEFITINIB,5,REH,1.4148839712142944,2.1698128502256306,2.027059316635132
GEFITINIB,5,SHP77,1.4347480535507202,2.3605709350836963,2.385957956314087
GEFITINIB,5,SUDHL4,1.4998044967651367,2.1892946752685276,2.0637130737304688
GEFITINIB,5,SUPM2,1.5102964639663696,2.1841539531488348,2.0540411472320557
GEFITINIB,5,THP1,2.292531967163086,2.4744878520769222,2.600285053253174
GEMCITABINE,1,A549,-3.659730911254883,-2.2019947843542416,-2.133013963699341
GEMCITABINE,1,AMO1,-3.246645927429199,-3.2258215922506297,-3.357109308242798
GEMCITABINE,1,BL41,-4.694701194763184,-2.9744669210146757,-3.0565876960754395
GEMCITABINE,1,CMLT1,-4.524988174438477,-3.708462507240729,-3.9341585636138916
GEMCITABINE,1,COLO668,-2.757281541824341,-2.170263744526463,-2.095076084136963
GEMCITABINE,1,CORL23,-1.7715888023376465,-3.456031210475906,-3.632349729537964
GEMCITABINE,1,DMS114,0.9053630232810974,-2.492140678201749,-2.479914665222168
GEMCITABINE,1,DMS273,-2.7578139305114746,-2.4760140282396925,-2.4606335163116455
GEMCITABINE,1,DMS53,-0.3459329903125763,-2.3512116128861926,-2.3114187717437744
GEMCITABINE,1,EHEB,-1.2940094470977783,-3.405684260364369,-3.5721545219421387
GEMCITABINE,1,EJM,-3.1466619968414307,-3.5468719630777663,-3.740959644317627
GEMCITABINE,1,GRANTA519,-2.9856200218200684,-3.6163788194802393,-3.8240625858306885
GEMCITABINE,1,HCC827,1.1757087707519531,-2.170055558371223,-2.094827175140381
GEMCITABINE,1,HH,-2.7012031078338623,-4.759617736252845,-5.190927982330322
GEMCITABINE,1,JEKO1,-4.279512405395508,-3.426673771994696,-3.597249746322632
GEMCITABINE,1,LAMA84,-3.087385892868042,-2.267813116510098,-2.2117068767547607
GEMCITABINE,1,LOUCY,-3.0273659229278564,-1.868911792166723,-1.7347773313522339
GEMCITABINE,1,MOLT16,-4.491506099700928,-3.3413698937092957,-3.4952597618103027
GEMCITABINE,1,NALM6,-5.251550197601318,-3.368002765678016,-3.52710223197937
GEMCITABINE,1,NB4,-5.731371879577637,-3.1635591753440395,-3.282667875289917
GEMCITABINE,1,NCIH1048,-3.456300973892212,-2.9203074123762924,-2.9918341636657715
GEMCITABINE,1,NCIH1105,-1.9679310321807861,-1.0006480008266387,-0.6966743469238281
GEMCITABINE,1,NCIH1435,-0.024308107793331146,-2.789273171795403,-2.8351686000823975
GEMCITABINE,1,NCIH146,-1.9197520017623901,-2.215494779108619,-2.1491546630859375
GEMCITABINE,1,NCIH1963,-1.1543630361557007,-0.8244034645143061,-0.48595499992370605
GEMCITABINE,1,NCIH2066,2.3724775314331055,-2.068627722186119,-1.9735592603683472
GEMCITABINE,1,NCIH2170,-4.841003894805908,-2.474169666410371,-2.458428382873535
GEMCITABINE,1,NCIH2196,0.23285099864006042,-1.1206165689616645,-0.8401097059249878
GEMCITABINE,1,NCIH2347,-0.38733020424842834,-2.87504965658264,-2.9377236366271973
GEMCITABINE,1,NCIH446,-0.7017243504524231,-2.2512936248566406,-2.191956043243408
GEMCITABINE,1,NCIH526,-1.8103810548782349,-1.739115202325771,-1.5795915126800537
GEMCITABINE,1,NCIH661,-1.8640813827514648,-2.026684792502188,-1.9234119653701782
GEMCITABINE,1,NCIH810,-4.147688865661621,-1.7308485767841424,-1.5697078704833984
GEMCITABINE,1,NOMO1,-4.254693984985352,-3.046813803492746,-3.1430861949920654
GEMCITABINE,1,OCIAML5,-3.3067939281463623,-3.1675547941108375,-3.287445068359375
GEMCITABINE,1,P12ICHIKAWA,-3.9906539916992188,-3.159785900986334,-3.2781565189361572
GEMCITABINE,1,RPMI8226,-4.052393913269043,-3.3822276231472364,-3.544109582901001
GEMCITABINE,1,SKLU1,-4.530402183532715,-2.341614310894454,-2.2999441623687744
GEMCITABINE,1,SKMES1,-2.534069061279297,-2.146876702106436,-2.0671143531799316
GEMCITABINE,1,SUDHL8,-3.750312089920044,-3.0295600767592195,-3.122457504272461
GEMCITABINE,1,WSUDLCL2,-1.5174269676208496,-2.5416425201467097,-2.5390994548797607
GEMCITABINE,2,A3KAW,-5.063676834106445,-2.4500187049936306,-2.4423763751983643
GEMCITABINE,2,CAL12T,-1.763534426689148,-2.174608987894729,-2.086998701095581
GEMCITABINE,2,CORL311,-1.6676950454711914,-2.182620019374303,-2.0973358154296875
GEMCITABINE,2,DOHH2,-3.6980395317077637,-3.371369732138688,-3.6312508583068848
GEMCITABINE,2,GA10,-3.1275315284729004,-3.6879944019302755,-4.039810657501221
GEMCITABINE,2,GDM1,-1.7831859588623047,-3.629160057885312,-3.963893175125122
GEMCITABINE,2,HCC33,1.5660054683685303,-2.536209953825959,-2.5535941123962402
GEMCITABINE,2,HT,-2.7746400833129883,-2.607498840111211,-2.645582437515259
GEMCITABINE,2,JURKAT,-2.4281504154205322,-3.2690549821415633,-3.499228000640869
GEMCITABINE,2,JURLMK1,-4.535852909088135,-3.317394998743545,-3.5616040229797363
GEMCITABINE,2,JVM3,-5.519795894622803,-2.911941317234688,-3.0384228229522705
GEMCITABINE,2,KCL22,-3.8711180686950684,-3.1716441873650343,-3.373533010482788
GEMCITABINE,2,KMH2,-2.3069543838500977,-3.3824324091637714,-3.6455256938934326
GEMCITABINE,2,KMS11,-1.1095130443572998,-3.3288466146081355,-3.576380729675293
GEMCITABINE,2,KOPN8,-4.0490241050720215,-2.3824654792580944,-2.355208396911621
GEMCITABINE,2,L363,-2.0435659885406494,-3.277434258327616,-3.510040283203125
GEMCITABINE,2,L540,-4.955411911010742,-3.4934289022734446,-3.7887511253356934
GEMCITABINE,2,LOUNH91,-0.613299548625946,-1.4574855880712716,-1.161651372909546
GEMCITABINE,2,LP1,1.1605249643325806,-3.138930643197078,-3.3313207626342773
GEMCITABINE,2,MEG01,-3.5743401050567627,-3.284480241085696,-3.519132137298584
GEMCITABINE,2,MOLM13,-4.426741123199463,-3.7032360004437814,-4.059477806091309
GEMCITABINE,2,NAMALWA,-4.690575122833252,-3.3904024219153786,-3.6558098793029785
GEMCITABINE,2,NCIH1155,-2.8590850830078125,-1.0138472585905522,-0.5891982316970825
GEMCITABINE,2,NCIH1341,-3.061779499053955,-1.5552732193148666,-1.2878326177597046
GEMCITABINE,2,NCIH1836,0.4759019911289215,-1.6731994754533799,-1.4399999380111694
GEMCITABINE,2,NCIH1915,0.3493284285068512,-2.4884028111494585,-2.491905689239502
GEMCITABINE,2,NCIH1975,-0.9794989824295044,-1.8729616968824454,-1.6977651119232178
GEMCITABINE,2,NCIH2029,0.7794010043144226,-1.9415395593564548,-1.7862552404403687
GEMCITABINE,2,NCIH2030,-1.6896133422851562,-2.0645537082997585,-1.9449877738952637
GEMCITABINE,2,NCIH2081,-1.6466829776763916,-2.0025467873694005,-1.8649765253067017
GEMCITABINE,2,NCIH23,-2.6425058841705322,-2.4176621346204143,-2.4006247520446777
GEMCITABINE,2,NCIH2444,1.5368050336837769,-2.552447827029546,-2.5745468139648438
GEMCITABINE,2,OCILY19,-5.718118190765381,-3.437071202506272,-3.716029405593872
GEMCITABINE,2,OCIM1,-3.5479800701141357,-3.6768402642279683,-4.025417804718018
GEMCITABINE,2,PF382,-3.28511905670166,-3.5233818121416034,-3.8274011611938477
GEMCITABINE,2,PL21,-1.1996209621429443,-2.9983954924179037,-3.149979829788208
GEMCITABINE,2,RERFLCMS,-2.654792070388794,-1.6600535274470891,-1.4230369329452515
GEMCITABINE,2,ST486,-3.679316997528076,-3.7848141205321806,-4.164742946624756
GEMCITABINE,2,SUDHL1,-5.165506839752197,-3.924446674527036,-4.344919204711914
GEMCITABINE,2,SUDHL6,-2.9015140533447266,-3.1404851051717917,-3.333326578140259
GEMCITABINE,2,THP1,-3.541110038757324,-3.004957749816445,-3.158447504043579
GEMCITABINE,3,697,-5.604207992553711,-2.8355895686211916,-3.0517561435699463
GEMCITABINE,3,A4FUK,-3.9603559970855713,-3.4862460394232473,-3.9656622409820557
GEMCITABINE,3,BEN,-1.000626564025879,-1.123682341053537,-0.6472269892692566
GEMCITABINE,3,CA46,-2.1270930767059326,-3.1835758649126014,-3.540534496307373
GEMCITABINE,3,CALU6,-2.023819923400879,-3.069571114805467,-3.380404472351074
GEMCITABINE,3,CHAGOK1,-1.2498810291290283,-1.840044599866486,-1.6534228324890137
GEMCITABINE,3,CORL279,-3.1781206130981445,-1.0705706309710785,-0.5726267695426941
GEMCITABINE,3,DAUDI,-2.2215518951416016,-3.0448350677636817,-3.345660448074341
GEMCITABINE,3,DMS79,-1.318444013595581,-1.1953571621072854,-0.7479007840156555
GEMCITABINE,3,EBC1,-4.921037197113037,-1.978215656734636,-1.8474966287612915
GEMCITABINE,3,HCC15,-1.5662410259246826,-1.9897141749409917,-1.8636473417282104
GEMCITABINE,3,HL60,-3.0045740604400635,-3.2361021335446276,-3.6143124103546143
GEMCITABINE,3,JVM2,-4.792754173278809,-3.2347993608186005,-3.6124825477600098
GEMCITABINE,3,KARPAS422,-1.7287310361862183,-2.4745037440450046,-2.5445783138275146
GEMCITABINE,3,KMS12BM,-0.4056355059146881,-3.3141169171656024,-3.723891258239746
GEMCITABINE,3,KNS62,6.936003774171695e-05,-2.2134577946648184,-2.177915573120117
GEMCITABINE,3,LCLC103H,-1.6576848030090332,-1.6505701833050277,-1.3872888088226318
GEMCITABINE,3,LU65,0.5595089793205261,-3.1573671330276882,-3.5037219524383545
GEMCITABINE,3,MHHCALL2,-3.5627450942993164,-3.3226395120582506,-3.7358620166778564
GEMCITABINE,3,NCIH1436,3.067039966583252,-1.4656640432745867,-1.1275713443756104
GEMCITABINE,3,NCIH1437,-1.9501044750213623,-2.580430624281274,-2.693362236022949
GEMCITABINE,3,NCIH1781,-3.4590630531311035,-2.1245548864170054,-2.0530433654785156
GEMCITABINE,3,NCIH1793,-0.6104323863983154,-1.393806494554445,-1.0266408920288086
GEMCITABINE,3,NCIH1944,-3.011251449584961,-2.1075792910053464,-2.0291996002197266
GEMCITABINE,3,NCIH2023,-2.3113861083984375,-2.1542407908481933,-2.0947399139404297
GEMCITABINE,3,NCIH209,-3.040226936340332,-1.299339219085125,-0.8939530253410339
GEMCITABINE,3,NCIH2122,-4.67613410949707,-2.5865674900971403,-2.701982021331787
GEMCITABINE,3,NCIH441,-3.9737019538879395,-1.5645533197835035,-1.2664703130722046
GEMCITABINE,3,NCIH727,-1.022606611251831,-1.9012344344333716,-1.739369511604309
GEMCITABINE,3,NCIH82,-2.988800048828125,-2.714906474522813,-2.8822457790374756
GEMCITABINE,3,OCIAML2,-5.0584611892700195,-3.330435949071819,-3.7468128204345703
GEMCITABINE,3,P31FUJ,-2.2965569496154785,-2.960312870722812,-3.2269413471221924
GEMCITABINE,3,RAJI,-5.168655872344971,-3.0331875157523163,-3.3293004035949707
GEMCITABINE,3,REH,-3.7933828830718994,-3.2237603352206303,-3.5969772338867188
GEMCITABINE,3,RPMI8402,-3.2510790824890137,-3.082689484493838,-3.3988304138183594
GEMCITABINE,3,SBC5,-5.203776836395264,-1.7838900879746784,-1.5745487213134766
GEMCITABINE,3,SHP77,0.23872500658035278,-1.4666596671735457,-1.1289697885513306
GEMCITABINE,3,SIGM5,-5.091703414916992,-3.3746093651859237,-3.8088583946228027
GEMCITABINE,3,SKMM2,-1.3354049921035767,-2.957959901924352,-3.2236363887786865
GEMCITABINE,3,SUPM2,-3.9251089096069336,-3.538000659219766,-4.038356304168701
GEMCITABINE,3,SW1573,-0.3472859263420105,-1.9265891924310354,-1.7749825716018677
GEMCITABINE,4,ALLSIL,-3.8079400062561035,-2.9098365254374863,-2.9877572059631348
GEMCITABINE,4,BV173,-4.538396835327148,-3.2656894344730167,-3.469318151473999
GEMCITABINE,4,CORL88,0.8413490056991577,-1.6222828168655843,-1.2453643083572388
GEMCITABINE,4,CORL95,0.05089600011706352,-1.915697754922113,-1.6424305438995361
GEMCITABINE,4,DND41,-2.6391990184783936,-3.590496764282754,-3.9088664054870605
GEMCITABINE,4,HCC44,-2.7534019947052,-2.31739369514057,-2.1860289573669434
GEMCITABINE,4,HDLM2,-0.08038300275802612,-3.7474477117290284,-4.1212615966796875
GEMCITABINE,4,HEL,-5.237459182739258,-3.050033001086886,-3.1774792671203613
GEMCITABINE,4,IALM,-1.1872014999389648,-2.7516001605667655,-2.773622512817383
GEMCITABINE,4,JM1,-5.49085807800293,-2.789139071014515,-2.8244223594665527
GEMCITABINE,4,KU812,-3.8348429203033447,-2.9744292795592635,-3.0751678943634033
GEMCITABINE,4,L428,-3.0965359210968018,-2.934287645480573,-3.020845890045166
GEMCITABINE,4,LCLC97TM1,-5.0579118728637695,-2.9566890744167504,-3.0511608123779297
GEMCITABINE,4,LXF289,-2.4091711044311523,-2.273089077465081,-2.1260733604431152
GEMCITABINE,4,ME1,-0.25008898973464966,-2.7131132195322634,-2.7215397357940674
GEMCITABINE,4,MOLT13,-2.107386589050293,-3.512115547456831,-3.8027963638305664
GEMCITABINE,4,MONOMAC6,-4.842422962188721,-3.4340289054573443,-3.69712495803833
GEMCITABINE,4,NCIH1568,-2.606917142868042,-2.4317893272149913,-2.3408358097076416
GEMCITABINE,4,NCIH1623,-2.455897569656372,-2.742279298609483,-2.7610089778900146
GEMCITABINE,4,NCIH1648,-0.7204362750053406,-2.2518633051179013,-2.0973494052886963
GEMCITABINE,4,NCIH1651,-1.9376715421676636,-1.5956864274600018,-1.2093725204467773
GEMCITABINE,4,NCIH1792,-3.1622300148010254,-3.131007956306819,-3.2870593070983887
GEMCITABINE,4,NCIH1876,-3.510585069656372,-0.8972122076297752,-0.26415640115737915
GEMCITABINE,4,NCIH2009,-2.1925246715545654,-1.8644896563859459,-1.5731327533721924
GEMCITABINE,4,NCIH2085,-1.010511040687561,-1.935011874066996,-1.6685675382614136
GEMCITABINE,4,NCIH211,-3.5596890449523926,-2.183237412882031,-2.0044808387756348
GEMCITABINE,4,NCIH2110,-4.784646034240723,-1.9318855401584432,-1.6643368005752563
GEMCITABINE,4,NCIH2172,0.5309751033782959,-2.3705914070229914,-2.258019208908081
GEMCITABINE,4,NCIH2228,-1.9240994453430176,-1.9152591520331108,-1.6418370008468628
GEMCITABINE,4,NCIH292,-4.377070426940918,-1.6108274325938994,-1.2298622131347656
GEMCITABINE,4,NCIH524,-1.745000958442688,-1.7357011722879492,-1.3988486528396606
GEMCITABINE,4,NCIH69,-0.5005559921264648,-2.2264336751549445,-2.062936544418335
GEMCITABINE,4,NCIH838,-1.313627004623413,-2.3388063956521323,-2.215005874633789
GEMCITABINE,4,NCIH929,-3.619882583618164,-3.5777743735132748,-3.8916497230529785
GEMCITABINE,4,RCHACV,-3.983320951461792,-3.455625891416545,-3.726351261138916
GEMCITABINE,4,RL,-1.3100450038909912,-3.100517347597337,-3.245797634124756
GEMCITABINE,4,RS411,-4.028273105621338,-2.3268431693127436,-2.1988165378570557
GEMCITABINE,4,SUDHL10,-3.6205334663391113,-3.3606586319409204,-3.5978360176086426
GEMCITABINE,4,SUDHL5,-5.921642780303955,-3.1120455827606075,-3.2613983154296875
GEMCITABINE,4,SW1271,-1.969796895980835,-2.6339176935868522,-2.614367723464966
GEMCITABINE,5,ABC1,-2.3829050064086914,-2.3199262956460047,-2.2409656047821045
GEMCITABINE,5,CALU3,-2.6983890533447266,-2.105607652483284,-1.9707015752792358
GEMCITABINE,5,CMK,-3.5058178901672363,-3.2726086951487585,-3.4423346519470215
GEMCITABINE,5,CORL105,-0.0960799977183342,-2.385100692409864,-2.323153018951416
GEMCITABINE,5,DB,-4.805051803588867,-3.502951661267044,-3.7328059673309326
GEMCITABINE,5,EM2,-2.924617052078247,-2.769343180499887,-2.8076975345611572
GEMCITABINE,5,EPLC272H,-3.869805097579956,-2.30171817408978,-2.2180044651031494
GEMCITABINE,5,HARA,-2.186556577682495,-2.611004405582953,-2.6080262660980225
GEMCITABINE,5,HCC366,-3.1653525829315186,-2.4069585302716296,-2.3507165908813477
GEMCITABINE,5,HCC78,-5.406406879425049,-2.7971401262307953,-2.8427505493164062
GEMCITABINE,5,K562,-1.1583549976348877,-3.595885757900219,-3.84999942779541
GEMCITABINE,5,KG1,-2.6212356090545654,-2.9362916104687122,-3.018225908279419
GEMCITABINE,5,L1236,-3.1292591094970703,-2.9728645887043124,-3.0643458366394043
GEMCITABINE,5,MM1S,-3.1703319549560547,-2.7626916746282952,-2.799309730529785
GEMCITABINE,5,MOLM16,-4.880643367767334,-3.098288420563827,-3.2225100994110107
GEMCITABINE,5,MOLP8,-5.381662845611572,-2.6398510417888073,-2.6444029808044434
GEMCITABINE,5,NCIH1092,0.9847429990768433,-1.18664022580105,-0.8118484020233154
GEMCITABINE,5,NCIH1650,-1.7920430898666382,-1.646933753033884,-1.3922961950302124
GEMCITABINE,5,NCIH196,1.4554710388183594,-1.7193734561244713,-1.4836454391479492
GEMCITABINE,5,NCIH2087,-1.9328889846801758,-2.2054867788465438,-2.0966529846191406
GEMCITABINE,5,NCIH2171,-0.22226500511169434,-0.45099656947390127,0.11582646518945694
GEMCITABINE,5,NCIH2227,-1.695557951927185,-1.9824720777956482,-1.8154228925704956
GEMCITABINE,5,NCIH2291,2.502293109893799,-2.5266266475906574,-2.5016226768493652
GEMCITABINE,5,NCIH2342,-3.3980228900909424,-1.0951140038295621,-0.6964303255081177
GEMCITABINE,5,NCIH2405,-3.7806150913238525,-1.9782443889069106,-1.8100916147232056
GEMCITABINE,5,NCIH358,-3.949457883834839,-2.9572695384835037,-3.044679880142212
GEMCITABINE,5,NCIH460,-4.294601917266846,-2.1834757981020867,-2.0688962936401367
GEMCITABINE,5,NCIH522,-1.2659120559692383,-1.6942585905588343,-1.451974630355835
GEMCITABINE,5,NCIH596,-0.9337882399559021,-2.2824622527114817,-2.1937220096588135
GEMCITABINE,5,NCIH647,-3.2815868854522705,-1.5750080239267514,-1.3015950918197632
GEMCITABINE,5,NCIH650,-1.1757349967956543,-1.6866627981099513,-1.4423960447311401
GEMCITABINE,5,NCIH841,0.6297454237937927,-2.129501818021635,-2.000833034515381
GEMCITABINE,5,NUDUL1,-6.266263008117676,-4.09967290367668,-4.485294342041016
GEMCITABINE,5,OCIAML3,-4.8830790519714355,-3.2350438804161183,-3.3949639797210693
GEMCITABINE,5,OPM2,-1.0559489727020264,-3.0395672001852088,-3.1484603881835938
GEMCITABINE,5,RERFLCKJ,-0.31465277075767517,-2.085845036135091,-1.9457801580429077
GEMCITABINE,5,SKM1,-4.018045425415039,-2.8027750280527144,-2.849856376647949
GEMCITABINE,5,SUDHL4,-1.8366889953613281,-3.290987542659392,-3.4655110836029053
GEMCITABINE,5,SUPB15,-4.357687950134277,-2.985678866679893,-3.080505132675171
GEMCITABINE,5,SUPT1,-3.795620918273926,-3.454639619344592,-3.6718826293945312
GW441756,1,A3KAW,2.0800130367279053,2.8535867042447167,2.9107680320739746
GW441756,1,BEN,3.780426025390625,3.2550401196756003,3.4659838676452637
GW441756,1,BV173,2.0566155910491943,2.557171356708923,2.500821352005005
GW441756,1,CAL12T,2.9511985778808594,2.605780831992292,2.5680489540100098
GW441756,1,CMK,2.613579034805298,2.4910518303799503,2.409377098083496
GW441756,1,DAUDI,2.8330159187316895,2.1961800676614525,2.0015652179718018
GW441756,1,DMS114,3.0126686096191406,3.0239494057289376,3.1463820934295654
GW441756,1,DMS79,3.8793444633483887,3.30177777857007,3.530622720718384
GW441756,1,EHEB,2.9319629669189453,2.473148039360847,2.384615898132324
GW441756,1,HCC366,3.6362996101379395,2.776574854585835,2.8042595386505127
GW441756,1,HCC827,3.423337459564209,3.0653874349100616,3.2036914825439453
GW441756,1,JM1,-0.8535925149917603,2.681034987793999,2.672126531600952
GW441756,1,KG1,2.7955141067504883,2.770850282212825,2.796342372894287
GW441756,1,KU812,2.4476985931396484,2.557788170029929,2.5016744136810303
GW441756,1,MEG01,3.2207305431365967,2.658359254477871,2.64076566696167
GW441756,1,MOLT13,2.4971394538879395,2.2776089075134043,2.114182472229004
GW441756,1,NAMALWA,2.817054510116577,2.178464613297799,1.9770644903182983
GW441756,1,NB4,2.4381110668182373,2.5678466403599205,2.515585422515869
GW441756,1,NCIH1435,3.045091390609741,2.9730040387464007,3.0759239196777344
GW441756,1,NCIH1650,3.7802345752716064,3.0264437243263744,3.149831771850586
GW441756,1,NCIH1651,3.473093032836914,3.0506876943057737,3.183361530303955
GW441756,1,NCIH1781,1.8872979879379272,2.624541921123569,2.5939958095550537
GW441756,1,NCIH1975,1.4808650016784668,3.149208020993324,3.3196165561676025
GW441756,1,NCIH2009,2.509002923965454,3.3619948254977277,3.613903760910034
GW441756,1,NCIH2030,2.792279005050659,2.8514192380946324,2.9077703952789307
GW441756,1,NCIH2170,1.7795244455337524,2.75655152198435,2.776566982269287
GW441756,1,NCIH2347,3.307237386703491,3.2933852903346,3.5190157890319824
GW441756,1,NCIH2444,3.786390542984009,3.092864244523004,3.241692304611206
GW441756,1,NCIH460,2.340341091156006,3.0719399990049245,3.2127537727355957
GW441756,1,NCIH524,2.9258666038513184,2.9407109824698883,3.031262159347534
GW441756,1,NCIH647,3.643723964691162,3.178605261124993,3.3602733612060547
GW441756,1,NCIH69,3.4763073921203613,3.0041636272795893,3.119018077850342
GW441756,1,NCIH841,3.102867603302002,2.740463175650409,2.754316568374634
GW441756,1,NUDUL1,2.3207476139068604,2.5446595967279455,2.4835174083709717
GW441756,1,OCIAML5,0.29189199209213257,2.787222383361292,2.8189852237701416
GW441756,1,OPM2,2.855900526046753,2.8389517824801995,2.8905277252197266
GW441756,1,RERFLCKJ,1.471474051475525,2.9085911786773364,2.986840009689331
GW441756,1,SKMM2,3.581378936767578,2.8919863503116088,2.9638752937316895
GW441756,1,SUDHL10,2.3994240760803223,2.648436110714953,2.627041816711426
GW441756,1,SUDHL6,2.032590389251709,2.677444265417469,2.6671605110168457
GW441756,1,THP1,3.1041204929351807,2.507669243254463,2.432359218597412
GW441756,2,A4FUK,2.7342123985290527,2.5481459695788704,2.4530515670776367
GW441756,2,ABC1,2.3060123920440674,2.813856737694447,2.8243114948272705
GW441756,2,CA46,3.180330991744995,2.793692657780463,2.796137571334839
GW441756,2,DMS273,3.107151985168457,2.712598826904256,2.682830572128296
GW441756,2,DND41,0.07428800314664841,2.321088055066369,2.135798692703247
GW441756,2,EJM,1.0445330142974854,1.8028179627821603,1.4116544723510742
GW441756,2,EPLC272H,2.432804584503174,2.834831339564862,2.8536179065704346
GW441756,2,GA10,2.0987966060638428,2.671636753588259,2.6255970001220703
GW441756,2,HARA,2.702683448791504,2.628826519575398,2.5657811164855957
GW441756,2,HCC15,2.1106855869293213,3.1683452554693963,3.3196146488189697
GW441756,2,HCC33,3.8428659439086914,2.742756898495333,2.724968433380127
GW441756,2,JEKO1,3.001157522201538,2.599456445962173,2.5247442722320557
GW441756,2,JVM2,3.8010785579681396,2.55775261707889,2.4664742946624756
GW441756,2,KCL22,2.7490766048431396,2.5847728595632717,2.504227876663208
GW441756,2,KNS62,3.0270586013793945,2.9124858271665808,2.9621193408966064
GW441756,2,L363,2.4763705730438232,2.6177564960125674,2.550313711166382
GW441756,2,L540,2.620695114135742,2.518489397783572,2.411614418029785
GW441756,2,LCLC103H,3.632901906967163,3.199900155004756,3.363704204559326
GW441756,2,LCLC97TM1,3.2038474082946777,3.3599439435233593,3.58732271194458
GW441756,2,MM1S,2.307119607925415,2.618628788273888,2.551532506942749
GW441756,2,NCIH1155,2.918792963027954,3.0407266111130564,3.1413016319274902
GW441756,2,NCIH1437,1.9261590242385864,2.561020641607219,2.4710404872894287
GW441756,2,NCIH1792,2.8119704723358154,2.662929870777978,2.613431453704834
GW441756,2,NCIH1793,3.3657004833221436,2.7042823597226726,2.671210527420044
GW441756,2,NCIH1876,3.0168039798736572,3.165232851156702,3.3152658939361572
GW441756,2,NCIH1963,2.5512800216674805,3.207883881593699,3.37485933303833
GW441756,2,NCIH209,2.665482997894287,3.100550468854305,3.2248895168304443
GW441756,2,NCIH2122,0.961205005645752,2.5154399582291775,2.407353639602661
GW441756,2,NCIH2172,4.081295967102051,2.9117210357121124,2.9610507488250732
GW441756,2,NCIH2196,4.2910051345825195,2.840034890525147,2.8608884811401367
GW441756,2,NCIH2291,5.259821891784668,3.1046343050613068,3.230595588684082
GW441756,2,NCIH2342,3.740124464035034,1.8817349023195955,1.521919846534729
GW441756,2,NCIH292,2.7980215549468994,3.1043479775154346,3.2301955223083496
GW441756,2,NCIH596,2.221334934234619,2.803064168595018,2.809231758117676
GW441756,2,NCIH727,3.544630527496338,3.074815628874722,3.188931941986084
GW441756,2,P12ICHIKAWA,1.8265589475631714,2.589748269922347,2.5111796855926514
GW441756,2,PL21,2.688852548599243,2.754207782059586,2.7409679889678955
GW441756,2,RPMI8402,2.608057975769043,2.841040279023524,2.862293243408203
GW441756,2,SHP77,3.0880908966064453,2.9344895359673604,2.992863655090332
GW441756,2,SUDHL4,2.249218463897705,2.6734410607813746,2.6281180381774902
GW441756,2,SUPB15,2.724651575088501,2.601206661479459,2.5271897315979004
GW441756,3,697,2.2471654415130615,2.883309445280514,2.868533134460449
GW441756,3,A549,2.378934383392334,2.8697557391911435,2.8524184226989746
GW441756,3,AMO1,1.2803850173950195,2.150364864935551,1.9970968961715698
GW441756,3,BL41,2.015427589416504,2.5151132636622,2.430765390396118
GW441756,3,CALU3,4.011068344116211,3.186861928557178,3.229442596435547
GW441756,3,CHAGOK1,3.125819444656372,3.2525499781536498,3.307542562484741
GW441756,3,COLO668,2.9914064407348633,2.993106696829173,2.9990768432617188
GW441756,3,CORL279,2.8476974964141846,3.0504810446833868,3.0672922134399414
GW441756,3,CORL311,3.066349983215332,2.937616111587824,2.933101177215576
GW441756,3,CORL88,3.850321054458618,2.7000215889654258,2.6506125926971436
GW441756,3,EBC1,3.2787110805511475,2.911791478782566,2.9023969173431396
GW441756,3,EM2,2.1672770977020264,2.65665775061043,2.599055051803589
GW441756,3,HH,3.821599006652832,1.5221047669824546,1.250125527381897
GW441756,3,HT,3.636368989944458,2.694953036293212,2.6445863246917725
GW441756,3,JVM3,3.017702102661133,2.9290681928206754,2.922938108444214
GW441756,3,KMH2,2.2086803913116455,2.538968508281281,2.4591281414031982
GW441756,3,KMS11,3.1026175022125244,2.405961512629914,2.3009891510009766
GW441756,3,LOUCY,3.097032070159912,2.7590801737991426,2.7208304405212402
GW441756,3,LU65,4.763378620147705,2.351813865244469,2.236610174179077
GW441756,3,MHHCALL2,1.7192784547805786,2.8688048341123475,2.851287841796875
GW441756,3,MOLM16,2.251284599304199,2.762265966499865,2.7246181964874268
GW441756,3,NALM6,2.7933974266052246,2.323349879287143,2.202767848968506
GW441756,3,NCIH1092,3.562997579574585,2.8664638670330858,2.8485045433044434
GW441756,3,NCIH1105,3.367642402648926,3.1758286623529575,3.2163245677948
GW441756,3,NCIH1568,2.8776724338531494,3.2485610697126117,3.302799940109253
GW441756,3,NCIH1836,4.489452362060547,2.940950896796675,2.937066078186035
GW441756,3,NCIH2087,4.016393661499023,3.069778883202555,3.0902364253997803
GW441756,3,NCIH2110,2.2850029468536377,2.1728548127960954,2.023836374282837
GW441756,3,NCIH522,3.7456650733947754,3.4273685227852853,3.5153934955596924
GW441756,3,NCIH838,2.1453635692596436,2.7883398559506194,2.7556188106536865
GW441756,3,PF382,2.331535577774048,2.503828936058011,2.417348861694336
GW441756,3,RCHACV,2.0263564586639404,2.6490793860516266,2.5900447368621826
GW441756,3,REH,2.6808929443359375,2.706318978905218,2.658099889755249
GW441756,3,RL,2.8894619941711426,2.691432361373681,2.6404004096984863
GW441756,3,RS411,2.363645553588867,2.429136364812818,2.328542947769165
GW441756,3,SBC5,2.482358932495117,3.0082088822560507,3.0170326232910156
GW441756,3,SIGM5,1.4463670253753662,2.5535974469797833,2.4765212535858154
GW441756,3,SKM1,2.5176444053649902,2.8390777205524627,2.815943717956543
GW441756,3,ST486,2.9046764373779297,2.2555775388030703,2.12218976020813
GW441756,3,SUDHL1,3.308358907699585,2.5046912076393735,2.4183740615844727
GW441756,3,WSUDLCL2,2.725914478302002,2.5179563535413996,2.43414568901062
GW441756,4,ALLSIL,2.4522030353546143,2.3023262807401217,2.224848508834839
GW441756,4,CMLT1,2.910618543624878,2.528012058842763,2.4668033123016357
GW441756,4,CORL105,1.908305048942566,2.6549956686108467,2.602940797805786
GW441756,4,CORL23,3.5134010314941406,2.564868533304278,2.506316661834717
GW441756,4,DB,3.6778523921966553,2.700613314294921,2.6518468856811523
GW441756,4,DMS53,2.1276965141296387,3.1367446668277,3.119417667388916
GW441756,4,GRANTA519,0.9486464858055115,2.713113483683915,2.665248155593872
GW441756,4,HEL,2.644235610961914,2.602201139037687,2.5463404655456543
GW441756,4,HL60,2.636796474456787,1.9981602365376299,1.8987560272216797
GW441756,4,JURLMK1,2.663151502609253,2.6952126380044388,2.646056890487671
GW441756,4,K562,3.120466470718384,2.7154739027964196,2.667778730392456
GW441756,4,KMS12BM,2.444216012954712,2.754281826071976,2.7093842029571533
GW441756,4,L1236,2.288767099380493,2.934448253690065,2.902538299560547
GW441756,4,L428,2.64621639251709,2.4011111771611544,2.330754518508911
GW441756,4,LAMA84,2.5300118923187256,2.0070697401087885,1.9083077907562256
GW441756,4,LP1,3.1483185291290283,2.66220235240205,2.6106669902801514
GW441756,4,LXF289,2.0061581134796143,2.8369073919887753,2.7979660034179688
GW441756,4,ME1,3.5369224548339844,2.6055860965759794,2.549969434738159
GW441756,4,MOLP8,2.3397514820098877,2.787621689696292,2.7451274394989014
GW441756,4,NCIH1648,3.2540769577026367,2.956020936562547,2.925666093826294
GW441756,4,NCIH1944,1.8114365339279175,3.17566200466924,3.1611404418945312
GW441756,4,NCIH2023,3.737166404724121,3.1498183731387916,3.1334338188171387
GW441756,4,NCIH2066,3.439464569091797,3.124372592540346,3.106153726577759
GW441756,4,NCIH2085,3.332810401916504,2.9247245901065755,2.89211368560791
GW441756,4,NCIH211,2.5586299896240234,3.1702684447732934,3.155358076095581
GW441756,4,NCIH2171,2.6984200477600098,3.1626772532898424,3.147219657897949
GW441756,4,NCIH2227,3.507802963256836,2.9471189941605824,2.9161224365234375
GW441756,4,NCIH23,1.7445144653320312,3.2508716203180255,3.241771697998047
GW441756,4,NCIH2405,3.8557634353637695,3.2433360256668835,3.2336928844451904
GW441756,4,NCIH441,5.071993350982666,3.194089908319004,3.180896759033203
GW441756,4,NCIH526,3.4881033897399902,3.06262408193018,3.0399539470672607
GW441756,4,NCIH661,2.4408349990844727,3.139195152808545,3.122044801712036
GW441756,4,NCIH82,1.1801179647445679,2.91129128348411,2.8777120113372803
GW441756,4,NOMO1,3.402447462081909,2.195395114061866,2.1102089881896973
GW441756,4,OCILY19,0.4379495084285736,2.7856693513329343,2.7430343627929688
GW441756,4,RAJI,2.649867534637451,2.6031393911797314,2.547346353530884
GW441756,4,RERFLCMS,2.9519104957580566,3.195078864772114,3.1819570064544678
GW441756,4,SKMES1,3.0023934841156006,3.229976551637724,3.2193703651428223
GW441756,4,SUDHL8,2.357659101486206,2.0792690096753788,1.985711693763733
GW441756,4,SW1573,3.0433003902435303,3.3653370473234476,3.3644886016845703
GW441756,5,CALU6,3.5650506019592285,2.71868433434833,2.6975550651550293
GW441756,5,CORL95,2.797121047973633,2.9044187863071396,3.005783796310425
GW441756,5,DOHH2,2.228327989578247,2.777328956199095,2.7948765754699707
GW441756,5,GDM1,2.8978331089019775,2.579858425213624,2.4671716690063477
GW441756,5,HCC44,2.7827799320220947,2.9228463368507223,3.0363645553588867
GW441756,5,HCC78,3.9781200885772705,3.1095643385777567,3.3462255001068115
GW441756,5,HDLM2,2.215256929397583,2.261667935263648,1.939130425453186
GW441756,5,IALM,2.6486799716949463,2.8750142973993693,2.956986665725708
GW441756,5,JURKAT,2.5269014835357666,2.7823251476597712,2.8031678199768066
GW441756,5,KARPAS422,3.2250890731811523,2.650414688144333,2.5842607021331787
GW441756,5,KOPN8,2.6286799907684326,2.6223392700670987,2.5376691818237305
GW441756,5,LOUNH91,2.4444870948791504,2.8415310796105153,2.901420831680298
GW441756,5,MOLM13,-0.022594500333070755,2.5209760331515807,2.369455575942993
GW441756,5,MOLT16,2.3211114406585693,2.5661513676198755,2.444424629211426
GW441756,5,MONOMAC6,1.6382169723510742,2.684404909604246,2.6406679153442383
GW441756,5,NCIH1048,2.6649134159088135,2.8167769737655073,2.8603410720825195
GW441756,5,NCIH1341,1.2692584991455078,2.785867420970515,2.8090462684631348
GW441756,5,NCIH1436,3.5924880504608154,2.796443095165457,2.826596736907959
GW441756,5,NCIH146,3.2255799770355225,2.770953553845202,2.7842965126037598
GW441756,5,NCIH1623,2.069786548614502,2.9287454804430513,3.046154260635376
GW441756,5,NCIH1915,3.379605531692505,3.0696653477828226,3.280012607574463
GW441756,5,NCIH196,2.9829699993133545,2.8897758766552233,2.9814836978912354
GW441756,5,NCIH2029,3.0134105682373047,3.3251786761990916,3.704040288925171
GW441756,5,NCIH2081,3.328587055206299,2.8773129822213965,2.960801362991333
GW441756,5,NCIH2228,2.754413604736328,2.694913921939349,2.6581077575683594
GW441756,5,NCIH358,3.758925437927246,3.073747812026743,3.286787509918213
GW441756,5,NCIH446,3.393704891204834,2.7394023806492616,2.7319369316101074
GW441756,5,NCIH650,3.671751022338867,3.054767571451264,3.2552895545959473
GW441756,5,NCIH810,3.5233700275421143,2.875905756106912,2.958466053009033
GW441756,5,NCIH929,2.608229398727417,2.583608873168563,2.473395586013794
GW441756,5,OCIAML2,2.34234356880188,2.3533859624998406,2.0913376808166504
GW441756,5,OCIAML3,2.956923484802246,2.6253725283575653,2.5427029132843018
GW441756,5,OCIM1,1.8631515502929688,2.8062465549279993,2.8428657054901123
GW441756,5,P31FUJ,3.0023510456085205,2.975079208393846,3.1230456829071045
GW441756,5,RPMI8226,2.253702402114868,2.6753927720916866,2.6257121562957764
GW441756,5,SKLU1,3.565941095352173,2.6942112427228153,2.6569416522979736
GW441756,5,SUDHL5,1.6924240589141846,2.6601053686827942,2.6003425121307373
GW441756,5,SUPM2,2.3560614585876465,2.5583109846953445,2.431413412094116
GW441756,5,SUPT1,3.2818055152893066,2.3472326705668767,2.0811262130737305
GW441756,5,SW1271,3.804900884628296,2.781019207345257,2.8010005950927734
JQ1,1,A4FUK,-0.7941399812698364,-0.06769158721576604,-0.184699147939682
JQ1,1,A549,0.9485960006713867,1.4953992019079765,1.549432396888733
JQ1,1,ALLSIL,0.2799130082130432,-0.5000495858189395,-0.6643677949905396
JQ1,1,CAL12T,2.5356640815734863,1.8136690962750106,1.9025288820266724
JQ1,1,CMK,-1.475780963897705,0.010680106240714471,-0.09775165468454361
JQ1,1,CORL23,1.5130970478057861,1.3599390318761184,1.3991495370864868
JQ1,1,CORL311,-0.18690800666809082,0.7225578983179338,0.6920231580734253
JQ1,1,DAUDI,1.3691320419311523,-0.25992759712442964,-0.3979705274105072
JQ1,1,DMS79,3.0621259212493896,1.8975281806298852,1.9955642223358154
JQ1,1,EBC1,-0.4006359875202179,1.2079432662327156,1.2305216789245605
JQ1,1,EJM,1.6035139560699463,0.008823452701008039,-0.09981147199869156
JQ1,1,HCC44,-1.0940239429473877,1.6442997211907806,1.7146263122558594
JQ1,1,HCC78,2.826529026031494,1.6031127222326353,1.6689324378967285
JQ1,1,LAMA84,0.3515940010547638,-0.1791549481115618,-0.3083593547344208
JQ1,1,LOUCY,-1.033735990524292,-0.3944017120969381,-0.5471594333648682
JQ1,1,LU65,2.148845911026001,1.4686321870362136,1.519736409187317
JQ1,1,MM1S,-0.9589369893074036,0.10965041067514426,0.012048446573317051
JQ1,1,MOLP8,-1.5101959705352783,0.8483880011084965,0.8316221833229065
JQ1,1,NALM6,-0.7974860072135925,-0.45310931407437693,-0.6122910976409912
JQ1,1,NCIH1155,1.232414960861206,1.9954065626280855,2.1041529178619385
JQ1,1,NCIH1435,2.2551019191741943,2.1994276322582564,2.3304989337921143
JQ1,1,NCIH1623,3.203968048095703,1.7653491479606331,1.848921537399292
JQ1,1,NCIH1781,2.570233106613159,1.6583664049219022,1.7302322387695312
JQ1,1,NCIH1975,2.436511993408203,1.938763747641734,2.0413119792938232
JQ1,1,NCIH2029,2.182905912399292,1.8725074666625328,1.9678056240081787
JQ1,1,NCIH209,1.4103009700775146,2.162775299234638,2.2898359298706055
JQ1,1,NCIH2172,3.2545509338378906,1.9205947825957845,2.0211548805236816
JQ1,1,NCIH2228,2.8908610343933105,1.8856600609404288,1.982397437095642
JQ1,1,NCIH2444,1.146733045578003,1.9795712280917344,2.0865848064422607
JQ1,1,NCIH358,1.8373030424118042,1.720745515366164,1.799437165260315
JQ1,1,NCIH522,1.4024770259857178,1.7615626664463262,1.844720721244812
JQ1,1,NCIH596,1.6536569595336914,2.2682481345507024,2.4068500995635986
JQ1,1,NUDUL1,-1.3059289455413818,0.20799566836782488,0.12115510553121567
JQ1,1,OCILY19,0.9616659879684448,-0.08618247679467234,-0.20521339774131775
JQ1,1,P31FUJ,0.24028700590133667,-0.023271051885701804,-0.1354179084300995
JQ1,1,RPMI8226,0.23776200413703918,-0.047707552339807835,-0.1625283658504486
JQ1,1,RS411,0.18162700533866882,1.6848877857875437,1.7596557140350342
JQ1,1,SKLU1,1.3952690362930298,1.4485071758627788,1.4974092245101929
JQ1,1,SUDHL10,-1.3175380229949951,0.6193120479510669,0.5774796605110168
JQ1,1,SUDHL8,0.14031900465488434,0.10391803719502223,0.005688809789717197
JQ1,1,THP1,1.745803952217102,0.13413306068594905,0.03921010345220566
JQ1,2,A3KAW,-2.601196050643921,0.3514081967093032,0.3911263942718506
JQ1,2,ABC1,3.1439049243927,0.6374645916100238,0.667490541934967
JQ1,2,CALU6,2.2314629554748535,1.7539436409544558,1.746140718460083
JQ1,2,DB,0.24606099724769592,0.36529784186459596,0.4045454263687134
JQ1,2,DMS114,2.2492051124572754,1.7741138384777106,1.7656275033950806
JQ1,2,EPLC272H,2.1011500358581543,1.6143600303418584,1.6112865209579468
JQ1,2,HARA,1.1733649969100952,1.5502341099846415,1.5493333339691162
JQ1,2,HCC827,2.0128509998321533,0.985246847455206,1.0034891366958618
JQ1,2,HH,-1.579882025718689,0.5975081246321368,0.6288878917694092
JQ1,2,IALM,2.3420119285583496,2.0223961658058913,2.005497455596924
JQ1,2,JEKO1,-1.183197021484375,-0.6422039994735953,-0.5688199400901794
JQ1,2,JVM2,-1.4473869800567627,-0.09185159616676705,-0.037114739418029785
JQ1,2,K562,2.427949905395508,0.4711687059442464,0.5068291425704956
JQ1,2,KARPAS422,0.4210520088672638,-0.49480091607784454,-0.4264112114906311
JQ1,2,KCL22,-0.5734320282936096,-0.7571050392801013,-0.679827868938446
JQ1,2,KMS11,-1.30207097530365,-0.5988427697891197,-0.5269278883934021
JQ1,2,L428,1.1315950155258179,0.24700024478828847,0.2902560234069824
JQ1,2,LP1,0.6167780160903931,-0.5475512630773565,-0.47737425565719604
JQ1,2,ME1,1.3729239702224731,-0.34756835769923566,-0.28416723012924194
JQ1,2,MOLM13,-1.0740150213241577,0.1459391856512579,0.19261914491653442
JQ1,2,NAMALWA,0.31081900000572205,-0.48723858811069976,-0.4191051125526428
JQ1,2,NCIH1568,2.664602041244507,2.2976635218416597,2.2714381217956543
JQ1,2,NCIH1915,2.5437610149383545,1.2849091521444191,1.292998194694519
JQ1,2,NCIH2009,2.623872995376587,2.3327331885001565,2.3053195476531982
JQ1,2,NCIH2081,1.2767809629440308,2.0745822502125018,2.055915355682373
JQ1,2,NCIH2087,2.594464063644409,1.4504140460429111,1.4528954029083252
JQ1,2,NCIH211,-0.3718259930610657,1.9142977415710574,1.9010616540908813
JQ1,2,NCIH2110,1.9325220584869385,1.9754731596056279,1.9601643085479736
JQ1,2,NCIH2122,1.5753949880599976,1.773821527504043,1.7653450965881348
JQ1,2,NCIH2291,2.78029203414917,2.514895612636812,2.4813098907470703
JQ1,2,NCIH460,0.7176070213317871,1.640071303802011,1.6361266374588013
JQ1,2,NCIH661,1.2815929651260376,1.7014351384076196,1.6954113245010376
JQ1,2,NCIH69,0.3583979904651642,0.6816060781294465,0.7101364135742188
JQ1,2,NCIH841,2.4595229625701904,1.958697915281825,1.9439574480056763
JQ1,2,NCIH929,-0.5762410163879395,0.2942903363185065,0.3359438180923462
JQ1,2,OPM2,-1.9824700355529785,0.24013106029711678,0.28361958265304565
JQ1,2,RERFLCKJ,1.5388109683990479,1.884974595244206,1.8727320432662964
JQ1,2,RL,0.8468120098114014,-0.2625617600440149,-0.20204085111618042
JQ1,2,SIGM5,-0.5646384954452515,-0.8952051315995748,-0.8132488131523132
JQ1,2,SUDHL6,-1.1371690034866333,-0.6840609813404319,-0.6092587113380432
JQ1,2,SUPM2,0.86353600025177,0.030794327151645984,0.08137565851211548
JQ1,3,697,-1.4822200536727905,-0.0033267227153851737,-0.013849875889718533
JQ1,3,AMO1,-0.39266398549079895,-0.3294632564655152,-0.3479591906070709
JQ1,3,CA46,-0.4105980098247528,0.12247949227632891,0.11503181606531143
JQ1,3,CHAGOK1,2.2223949432373047,2.0768767706033446,2.117206573486328
JQ1,3,CMLT1,0.8354774713516235,0.30951967470085706,0.30664440989494324
JQ1,3,CORL105,2.106782913208008,1.5337254593414165,1.5607773065567017
JQ1,3,CORL279,0.8404495120048523,1.859130400524161,1.8941371440887451
JQ1,3,CORL88,3.19427490234375,1.664157867198624,1.694398283958435
JQ1,3,CORL95,3.6541008949279785,2.265566428833258,2.310508966445923
JQ1,3,EHEB,1.8314470052719116,0.11770819363491493,0.11014387756586075
JQ1,3,EM2,-0.9319049715995789,-0.5316490873219148,-0.555087685585022
JQ1,3,GRANTA519,1.905379056930542,0.15297930727189743,0.14627723395824432
JQ1,3,HCC366,2.103929042816162,2.195268698178027,2.238492727279663
JQ1,3,HL60,-1.7719290256500244,-0.4180785242677401,-0.4387407600879669
JQ1,3,JM1,1.485092043876648,-0.3338619555837283,-0.35246542096138
JQ1,3,JURLMK1,0.3997119963169098,0.42940639313286527,0.42946189641952515
JQ1,3,JVM3,-0.5346009731292725,0.06957297818581748,0.0608319416642189
JQ1,3,L1236,-0.35522300004959106,-0.2972165248382841,-0.3149241507053375
JQ1,3,LCLC97TM1,0.2589170038700104,1.6619293683014282,1.692115306854248
JQ1,3,LOUNH91,0.5208809971809387,1.4003995287659348,1.4241920709609985
JQ1,3,MOLT16,-1.5891599655151367,-0.6774228907254329,-0.7044250965118408
JQ1,3,MONOMAC6,-0.5087059736251831,-0.14613450187674065,-0.1601487547159195
JQ1,3,NCIH1048,2.0424580574035645,2.0538093459055897,2.0935752391815186
JQ1,3,NCIH1341,0.8250640034675598,1.2980206533421592,1.3193104267120361
JQ1,3,NCIH1648,1.4640949964523315,1.6675507105146665,1.6978740692138672
JQ1,3,NCIH1651,2.413295030593872,1.9711730088034227,2.0089187622070312
JQ1,3,NCIH1836,2.6303510665893555,2.272278805752784,2.31738543510437
JQ1,3,NCIH1876,2.6480870246887207,2.341827380964428,2.388634204864502
JQ1,3,NCIH2405,2.7279319763183594,1.6762176640085857,1.706752896308899
JQ1,3,NCIH650,2.876913070678711,1.4243586555705883,1.4487369060516357
JQ1,3,NCIH82,2.6744940280914307,0.5119218855739313,0.513994574546814
JQ1,3,NOMO1,0.9768970012664795,0.7601276266693635,0.7682679891586304
JQ1,3,OCIAML3,-0.9994840025901794,0.6285400671985347,0.6334636211395264
JQ1,3,PF382,-1.2534819841384888,-0.36590202364031454,-0.3852887451648712
JQ1,3,RAJI,-0.19009199738502502,-0.021273872176115635,-0.0322357639670372
JQ1,3,RCHACV,-1.5365519523620605,-0.043314728168786995,-0.05481543391942978
JQ1,3,SBC5,1.1888060569763184,1.9874945435701963,2.025639295578003
JQ1,3,SKMES1,2.1231729984283447,1.750575123634908,1.7829281091690063
JQ1,3,ST486,-0.9947460293769836,0.4927018825924014,0.49430471658706665
JQ1,3,SUDHL1,0.7703970074653625,0.225073591343337,0.2201339453458786
JQ1,3,SW1573,3.0410759449005127,2.3685416729504767,2.416001558303833
JQ1,4,BL41,0.0055229999125003815,-0.4320795366601823,-0.5007051229476929
JQ1,4,BV173,-1.4394429922103882,-0.4084177082854816,-0.4751748740673065
JQ1,4,CALU3,0.3831680119037628,2.002473412447505,2.1260886192321777
JQ1,4,COLO668,2.4152920246124268,0.8225019246089207,0.8529424667358398
JQ1,4,DMS273,1.0543899536132812,1.4205620233927918,1.4982274770736694
JQ1,4,DND41,0.9343960285186768,0.2697930213491174,0.25658974051475525
JQ1,4,GDM1,-1.035491943359375,-0.6373067647114329,-0.7221378087997437
JQ1,4,HCC15,2.2005391120910645,1.6871657725646612,1.7858831882476807
JQ1,4,HEL,-0.7170109748840332,0.4551707614668179,0.45660555362701416
JQ1,4,KG1,-0.9631929993629456,-0.5296368042978621,-0.6059658527374268
JQ1,4,KMH2,0.3384050130844116,0.48269945463408287,0.4863080084323883
JQ1,4,KOPN8,0.13972200453281403,-0.5250374239027176,-0.6010032892227173
JQ1,4,L540,1.8414549827575684,0.36936741377658683,0.36402687430381775
JQ1,4,LCLC103H,2.724220037460327,2.0403523135364603,2.1669585704803467
JQ1,4,LXF289,0.8183820247650146,1.9854900989684396,2.10776424407959
JQ1,4,MEG01,-0.9716240167617798,0.21881164792716445,0.20158270001411438
JQ1,4,MOLM16,-0.09336449950933456,-0.08689793834672953,-0.12826678156852722
JQ1,4,MOLT13,-1.9380085468292236,-0.048569591150825764,-0.0869118943810463
JQ1,4,NB4,-2.265660047531128,-0.496934788740505,-0.5706815719604492
JQ1,4,NCIH1092,2.5409040451049805,1.8549593541089173,1.9669263362884521
JQ1,4,NCIH1436,2.6559150218963623,1.7874546715384179,1.894091248512268
JQ1,4,NCIH146,1.1824419498443604,0.8664492147584658,0.9003599882125854
JQ1,4,NCIH1650,2.7989959716796875,1.9415380579635535,2.0603415966033936
JQ1,4,NCIH1792,1.4801520109176636,2.0045624629774577,2.128342628479004
JQ1,4,NCIH2023,2.618849992752075,1.9191049609833015,2.036137104034424
JQ1,4,NCIH2171,0.7056059837341309,0.5315416449537349,0.5390069484710693
JQ1,4,NCIH23,1.6909610033035278,1.5488311401399741,1.6366251707077026
JQ1,4,NCIH2347,2.796747922897339,2.190878193191237,2.3293704986572266
JQ1,4,NCIH292,1.5329619646072388,1.2688928448759484,1.334581971168518
JQ1,4,NCIH441,3.0864369869232178,2.177773124460553,2.31523060798645
JQ1,4,NCIH446,0.1987680047750473,0.9798726819600245,1.0227397680282593
JQ1,4,NCIH647,0.7680580019950867,1.630856756817789,1.7251278162002563
JQ1,4,NCIH727,2.2755250930786133,0.710605967884507,0.7322108149528503
JQ1,4,NCIH838,1.0529229640960693,1.4302534368334434,1.5086841583251953
JQ1,4,OCIAML5,0.44308000802993774,0.007248815918330424,-0.026685871183872223
JQ1,4,P12ICHIKAWA,0.8134264945983887,-0.11341887013540722,-0.1568818986415863
JQ1,4,REH,0.392969012260437,-0.12931567404648292,-0.1740339696407318
JQ1,4,SHP77,2.209968090057373,1.4196784747843705,1.4972741603851318
JQ1,4,SUPB15,-1.0319440364837646,-0.1461772330468089,-0.19222697615623474
JQ1,4,SW1271,1.6623270511627197,1.3262452810377174,1.39646315574646
JQ1,5,BEN,0.22552800178527832,1.7136211802967947,1.765149474143982
JQ1,5,DMS53,2.8564391136169434,1.3781531567132341,1.4051421880722046
JQ1,5,DOHH2,-0.8010395169258118,-0.22297278210596388,-0.313105046749115
JQ1,5,GA10,-1.0910940170288086,-0.21966526796597508,-0.3095555901527405
JQ1,5,HCC33,1.6051445007324219,0.6809232330310894,0.6569103598594666
JQ1,5,HDLM2,2.4114990234375,0.1585720515592929,0.09634953737258911
JQ1,5,HT,-0.14837400615215302,-0.04103240000859083,-0.11785584688186646
JQ1,5,JURKAT,0.7296329736709595,0.16127665946939793,0.09925198554992676
JQ1,5,KMS12BM,-2.1663994789123535,-0.2656076668937037,-0.3588586449623108
JQ1,5,KNS62,2.3833110332489014,1.4585211403456313,1.4913890361785889
JQ1,5,KU812,-0.9906479716300964,-0.11439800685366722,-0.19658809900283813
JQ1,5,L363,-0.09226199984550476,-0.5556991513993795,-0.6701701283454895
JQ1,5,MHHCALL2,1.4474090337753296,-0.40376644821787583,-0.5071236491203308
JQ1,5,NCIH1105,2.69864559173584,2.1244839748159494,2.206066608428955
JQ1,5,NCIH1437,1.4825060367584229,1.8019163116725294,1.859903335571289
JQ1,5,NCIH1793,2.8168389797210693,1.7190441704831967,1.7709691524505615
JQ1,5,NCIH1944,1.4035600423812866,2.0151641618697185,2.088750123977661
JQ1,5,NCIH196,2.698996067047119,1.2152744979204386,1.230349063873291
JQ1,5,NCIH1963,1.2493679523468018,1.62601054605391,1.6711301803588867
JQ1,5,NCIH2030,1.1450040340423584,1.4906019724569535,1.525816559791565
JQ1,5,NCIH2066,3.1088340282440186,1.5469592363124045,1.5862963199615479
JQ1,5,NCIH2085,0.88229900598526,1.6379255949769487,1.6839168071746826
JQ1,5,NCIH2170,1.800076961517334,1.2789754984608486,1.298709750175476
JQ1,5,NCIH2196,4.004598617553711,2.5808640513320613,2.6958305835723877
JQ1,5,NCIH2227,2.199726104736328,0.9617429028357595,0.9582718014717102
JQ1,5,NCIH2342,2.214982032775879,1.8766085899323461,1.9400593042373657
JQ1,5,NCIH524,1.8517169952392578,1.188721963246726,1.2018542289733887
JQ1,5,NCIH526,-1.402927041053772,1.2255966080435634,1.2414262294769287
JQ1,5,NCIH810,1.9222110509872437,1.354872367260851,1.3801584243774414
JQ1,5,OCIAML2,-1.7898160219192505,-0.01138324340630048,-0.08603787422180176
JQ1,5,OCIM1,-0.898082971572876,-0.14167480658842876,-0.22586017847061157
JQ1,5,PL21,0.13710300624370575,1.1413935742627541,1.1510637998580933
JQ1,5,RERFLCMS,1.2878730297088623,1.4346061746304373,1.4657247066497803
JQ1,5,RPMI8402,0.02241400070488453,-0.7383238084624061,-0.8661536574363708
JQ1,5,SKM1,0.2716690003871918,0.7609057565773147,0.7427435517311096
JQ1,5,SKMM2,1.556054949760437,-0.0100625705058697,-0.08462059497833252
JQ1,5,SUDHL4,1.03010094165802,0.24887268621910344,0.19325560331344604
JQ1,5,SUDHL5,-0.39301401376724243,0.2778629504579566,0.22436648607254028
JQ1,5,SUPT1,-0.09787099808454514,0.010106878441158443,-0.06297576427459717
JQ1,5,WSUDLCL2,-1.2879430055618286,-0.013299990895318331,-0.08809483051300049
KU-55933,1,A549,3.1095075607299805,5.0028390058134224,5.123385906219482
KU-55933,1,AMO1,3.8431899547576904,3.6653563722702245,3.6189308166503906
KU-55933,1,BV173,2.732166051864624,3.610210724324927,3.5569007396698
KU-55933,1,CHAGOK1,5.273937225341797,4.790566000276954,4.884612560272217
KU-55933,1,CORL311,4.766599178314209,3.9151607122713536,3.89992094039917
KU-55933,1,CORL88,5.599868297576904,4.715692397538081,4.800391674041748
KU-55933,1,DMS273,3.5121231079101562,4.199150847779723,4.219364643096924
KU-55933,1,DMS53,5.403909683227539,4.382298333852377,4.4253764152526855
KU-55933,1,EBC1,4.043288707733154,4.619222009735264,4.691877841949463
KU-55933,1,EJM,4.204907417297363,3.6470531965486073,3.5983426570892334
KU-55933,1,GRANTA519,4.682156085968018,3.340623532508558,3.2536580562591553
KU-55933,1,HCC15,4.147096633911133,4.781723552594135,4.874666213989258
KU-55933,1,HCC366,5.658742904663086,4.463986373836626,4.5172624588012695
KU-55933,1,HDLM2,3.318942070007324,3.3854186543573244,3.3040454387664795
KU-55933,1,KCL22,3.355410099029541,3.762052706888084,3.727698802947998
KU-55933,1,LOUCY,3.265491485595703,3.810020622239993,3.7816550731658936
KU-55933,1,MEG01,4.19486665725708,3.939167243433051,3.926924467086792
KU-55933,1,MOLM16,2.6544029712677,3.637538631276206,3.5876402854919434
KU-55933,1,MOLT16,3.6151349544525146,3.5575049204583706,3.497615098953247
KU-55933,1,NALM6,3.2966248989105225,3.469203802960725,3.3982903957366943
KU-55933,1,NCIH1092,5.409822940826416,4.6336156272923095,4.708068370819092
KU-55933,1,NCIH1341,3.605865955352783,4.590316502273337,4.659363746643066
KU-55933,1,NCIH1623,4.691720485687256,4.6112634252970235,4.682925701141357
KU-55933,1,NCIH1648,3.435178518295288,4.497668558056308,4.555149555206299
KU-55933,1,NCIH1651,4.680685043334961,5.024876238796372,5.148174285888672
KU-55933,1,NCIH2009,4.559304714202881,5.008948895954488,5.130258560180664
KU-55933,1,NCIH2081,5.2878594398498535,4.246167709323856,4.272251129150391
KU-55933,1,NCIH2087,5.507675647735596,4.745543235952244,4.8339691162109375
KU-55933,1,NCIH211,4.29709529876709,4.390780029678536,4.434916973114014
KU-55933,1,NCIH446,4.143036365509033,4.418992011832007,4.46665096282959
KU-55933,1,NCIH524,3.833005428314209,4.084028613982547,4.089870452880859
KU-55933,1,NCIH526,3.8914315700531006,4.251379323102684,4.27811336517334
KU-55933,1,NCIH647,4.590418338775635,5.070285613806478,5.199252605438232
KU-55933,1,NCIH661,4.71817684173584,4.6483021702699805,4.724588394165039
KU-55933,1,NCIH929,2.635260581970215,3.794704989068099,3.764427423477173
KU-55933,1,P12ICHIKAWA,3.9855239391326904,3.0947794085414135,2.9771225452423096
KU-55933,1,PL21,3.2929859161376953,4.446228988967476,4.497288227081299
KU-55933,1,REH,3.6937694549560547,3.3575290597326317,3.272674083709717
KU-55933,1,SKMES1,4.571778774261475,5.02923493514206,5.153077125549316
KU-55933,1,SUDHL6,1.8398444652557373,3.1174476393370987,3.0026206970214844
KU-55933,1,SW1271,5.461878776550293,4.626331915892617,4.699875354766846
KU-55933,2,A4FUK,3.262237548828125,3.56965483344394,3.563246488571167
KU-55933,2,CA46,4.784458637237549,3.6355052756905604,3.630808115005493
KU-55933,2,DMS114,4.833032608032227,4.538283574490261,4.557045936584473
KU-55933,2,EHEB,5.230644226074219,3.6479424841835106,3.643568515777588
KU-55933,2,EM2,3.7061750888824463,3.109040547717089,3.090662717819214
KU-55933,2,HARA,4.246333599090576,4.262644676166908,4.27424430847168
KU-55933,2,HCC33,4.522276878356934,4.187327073852225,4.196969509124756
KU-55933,2,HCC44,3.665778398513794,4.874582940760773,4.9020843505859375
KU-55933,2,HH,3.6637284755706787,3.63407985694099,3.629345655441284
KU-55933,2,IALM,4.050933837890625,4.988503039299965,5.018964767456055
KU-55933,2,JURKAT,3.4079184532165527,3.6531236280440296,3.6488842964172363
KU-55933,2,JURLMK1,4.343932151794434,3.8897041006373874,3.8916125297546387
KU-55933,2,JVM3,2.510864019393921,3.6868579962305943,3.683495283126831
KU-55933,2,KMS12BM,2.897404909133911,3.425454230245223,3.4152987003326416
KU-55933,2,KOPN8,2.899439573287964,4.044569085521022,4.050501823425293
KU-55933,2,L1236,3.130094528198242,3.464255643725949,3.455108404159546
KU-55933,2,LP1,4.517824172973633,3.3837578270706357,3.37251877784729
KU-55933,2,MONOMAC6,2.914665460586548,3.385661716182998,3.374472141265869
KU-55933,2,NCIH1048,4.401975154876709,4.8009361504463195,4.826523780822754
KU-55933,2,NCIH1435,3.605762481689453,5.00220881006124,5.033026695251465
KU-55933,2,NCIH1436,5.104978084564209,4.471672784974552,4.488704204559326
KU-55933,2,NCIH1781,5.45260763168335,4.638437948235347,4.6598029136657715
KU-55933,2,NCIH1792,4.106353282928467,5.045147981327236,5.077081680297852
KU-55933,2,NCIH1836,6.087866306304932,4.899904456813216,4.928063869476318
KU-55933,2,NCIH1915,4.307062149047852,4.222274233113782,4.232824802398682
KU-55933,2,NCIH1975,4.3033833503723145,4.933877943991191,4.962920188903809
KU-55933,2,NCIH2023,4.620781421661377,5.027459682602131,5.058933734893799
KU-55933,2,NCIH2029,4.618861198425293,5.138223131598746,5.1725754737854
KU-55933,2,NCIH2030,3.413771390914917,4.644148453672573,4.665661811828613
KU-55933,2,NCIH209,4.257779598236084,4.902884962336853,4.931121826171875
KU-55933,2,NCIH2227,5.71856164932251,4.415690590628039,4.431267261505127
KU-55933,2,NCIH2291,5.06423282623291,4.547545310662886,4.5665483474731445
KU-55933,2,NCIH727,5.614800453186035,4.65545048600125,4.677257537841797
KU-55933,2,NCIH838,4.191990852355957,4.380149932917442,4.394803047180176
KU-55933,2,OCIAML5,4.507513523101807,3.673480113610115,3.669769763946533
KU-55933,2,OCIM1,3.659648895263672,3.5212470642917943,3.513580799102783
KU-55933,2,SKM1,2.8429934978485107,4.075093124391428,4.0818190574646
KU-55933,2,SKMM2,5.19724178314209,3.6474707528399133,3.6430845260620117
KU-55933,2,SUPB15,3.8481085300445557,3.327627374301849,3.314929723739624
KU-55933,2,SUPM2,2.331106424331665,3.2319135494458315,3.216728687286377
KU-55933,2,SW1573,5.326760292053223,5.257815625259721,5.295275688171387
KU-55933,3,697,2.2852425575256348,3.5196793808387756,3.484774589538574
KU-55933,3,A3KAW,3.5523459911346436,3.6516860931055657,3.619488477706909
KU-55933,3,ALLSIL,4.263332843780518,3.567253858780226,3.533324718475342
KU-55933,3,CALU3,5.9155354499816895,4.371354912256867,4.353916168212891
KU-55933,3,CMK,3.060720920562744,3.7885244532224545,3.7591331005096436
KU-55933,3,COLO668,4.694477081298828,4.380043981781594,4.362783432006836
KU-55933,3,CORL105,5.679236888885498,4.4246172823968815,4.408270835876465
KU-55933,3,CORL23,4.771322727203369,4.231698538679898,4.211395740509033
KU-55933,3,DOHH2,3.6520423889160156,3.755791154608772,3.7257285118103027
KU-55933,3,GDM1,4.638533592224121,3.7026177965006166,3.671464681625366
KU-55933,3,HCC78,4.820505142211914,4.143318235256409,4.1212029457092285
KU-55933,3,HL60,4.094593524932861,3.1934995794506618,3.1519055366516113
KU-55933,3,HT,4.3137617111206055,3.5845749927489106,3.5510010719299316
KU-55933,3,JVM2,3.49971342086792,4.327878258564279,4.3095479011535645
KU-55933,3,KARPAS422,2.691394567489624,3.7429474893817902,3.7126214504241943
KU-55933,3,KG1,3.6913886070251465,3.445941907097257,3.409524917602539
KU-55933,3,LCLC103H,4.646978855133057,4.564126937979078,4.5506415367126465
KU-55933,3,LCLC97TM1,4.332367897033691,4.632479300606783,4.620395660400391
KU-55933,3,MOLM13,3.945420503616333,3.5866019438996024,3.553069591522217
KU-55933,3,MOLP8,3.7799484729766846,3.6396561520438513,3.6072118282318115
KU-55933,3,NCIH1105,5.176095485687256,4.45531078035396,4.43959379196167
KU-55933,3,NCIH1437,3.937720537185669,4.434791287550216,4.41865348815918
KU-55933,3,NCIH146,4.612790107727051,4.478751082665075,4.463514804840088
KU-55933,3,NCIH1650,4.486355781555176,4.7082652192179735,4.697735786437988
KU-55933,3,NCIH2171,3.864461898803711,4.524334120817625,4.510032653808594
KU-55933,3,NCIH292,5.051212787628174,4.848374829912546,4.840718746185303
KU-55933,3,NCIH596,5.551576614379883,4.4230641275732525,4.406685829162598
KU-55933,3,NCIH69,4.958474636077881,4.455927089382951,4.44022274017334
KU-55933,3,NCIH810,5.05651330947876,4.631047632020863,4.618934631347656
KU-55933,3,NCIH82,2.5345215797424316,3.827620593536125,3.7990310192108154
KU-55933,3,NOMO1,3.8200440406799316,3.6713645273405575,3.639570474624634
KU-55933,3,RERFLCKJ,3.47332501411438,4.5468941151601125,4.533055305480957
KU-55933,3,RL,4.40036153793335,3.5687425324469166,3.534843921661377
KU-55933,3,RPMI8226,3.965817928314209,3.719164689331289,3.6883509159088135
KU-55933,3,RPMI8402,2.95357608795166,3.691864629071744,3.6604909896850586
KU-55933,3,SKLU1,5.152454376220703,4.61078606384487,4.598257541656494
KU-55933,3,ST486,3.157758951187134,3.65286521049348,3.6206917762756348
KU-55933,3,SUDHL10,2.286010980606079,3.5605067000397943,3.5264391899108887
KU-55933,3,SUDHL5,2.514817953109741,4.085378177709853,4.062074661254883
KU-55933,3,SUDHL8,4.3416924476623535,3.399317358083736,3.3619441986083984
KU-55933,3,THP1,4.047712802886963,3.6372803952145074,3.6047873497009277
KU-55933,4,BL41,2.602363109588623,3.691377905570998,3.6676924228668213
KU-55933,4,CMLT1,3.803511381149292,3.2259952788867876,3.1882212162017822
KU-55933,4,CORL279,4.231940269470215,4.727346511651431,4.735023021697998
KU-55933,4,CORL95,5.428549766540527,4.942633254166326,4.956827163696289
KU-55933,4,DAUDI,4.156489849090576,3.7535345084948823,3.7317306995391846
KU-55933,4,GA10,2.568834066390991,3.9811703737012176,3.9662578105926514
KU-55933,4,HEL,3.920971393585205,4.083336662358766,4.071516990661621
KU-55933,4,JEKO1,2.172358989715576,3.6800377435072216,3.6560089588165283
KU-55933,4,JM1,3.562748432159424,3.9477869674658432,3.931863784790039
KU-55933,4,K562,4.511850833892822,3.6588044447936108,3.6341328620910645
KU-55933,4,KMH2,3.8373680114746094,3.359499745791798,3.3257672786712646
KU-55933,4,KMS11,3.5816919803619385,3.8245132687601537,3.8048582077026367
KU-55933,4,KU812,3.2631454467773438,3.6329232162160916,3.6074681282043457
KU-55933,4,LU65,5.745699405670166,4.701302368330364,4.708190441131592
KU-55933,4,LXF289,3.99725341796875,4.544696405659646,4.546843528747559
KU-55933,4,MHHCALL2,2.9292099475860596,3.144754741081803,3.1045212745666504
KU-55933,4,NAMALWA,3.5623695850372314,3.6878449234832567,3.6640524864196777
KU-55933,4,NB4,2.8948841094970703,3.6288075362245755,3.6032278537750244
KU-55933,4,NCIH1155,4.152688026428223,4.701842949070322,4.708747386932373
KU-55933,4,NCIH1568,4.521172046661377,4.725485025575988,4.733105182647705
KU-55933,4,NCIH1944,4.7321248054504395,4.872259176038689,4.884322643280029
KU-55933,4,NCIH2066,6.009761810302734,3.9761936059813667,3.961130380630493
KU-55933,4,NCIH2085,3.8088724613189697,4.750515117183657,4.758893013000488
KU-55933,4,NCIH2110,4.080842018127441,4.316781456389787,4.312028884887695
KU-55933,4,NCIH2172,5.406061172485352,4.761678016898626,4.7703938484191895
KU-55933,4,NCIH23,4.731401443481445,4.617812727695041,4.622173309326172
KU-55933,4,NCIH2342,5.487858295440674,4.085330979489319,4.073571681976318
KU-55933,4,NCIH2405,6.361543655395508,4.443689727484948,4.442779064178467
KU-55933,4,NCIH2444,5.379852771759033,4.506979791224039,4.5079851150512695
KU-55933,4,NCIH358,4.011445045471191,4.544755647384573,4.546904563903809
KU-55933,4,NCIH441,7.000495433807373,4.930995494999987,4.9448370933532715
KU-55933,4,NCIH460,4.687047004699707,4.586266971997347,4.589672565460205
KU-55933,4,NCIH841,4.777099609375,4.375398366249279,4.372420310974121
KU-55933,4,NUDUL1,2.0688579082489014,3.5059131234062124,3.4766130447387695
KU-55933,4,OCIAML2,3.5122249126434326,3.8020173807840347,3.7816812992095947
KU-55933,4,OPM2,3.544950008392334,3.789394496527794,3.768676280975342
KU-55933,4,RAJI,4.0961527824401855,3.108110494432571,3.066767692565918
KU-55933,4,RERFLCMS,4.761870861053467,4.638444121226874,4.643429279327393
KU-55933,4,SHP77,4.733775615692139,4.783744633782012,4.793128490447998
KU-55933,4,SUPT1,3.2408435344696045,3.605637542214423,3.5793564319610596
KU-55933,5,ABC1,5.680258274078369,4.289502441570647,4.314089298248291
KU-55933,5,BEN,4.219605922698975,4.919165517069523,5.009650230407715
KU-55933,5,CAL12T,3.2533600330352783,4.418220826178442,4.4562788009643555
KU-55933,5,CALU6,5.7747650146484375,4.50146498549162,4.548234939575195
KU-55933,5,DB,3.3387115001678467,3.5312662354988484,3.476499319076538
KU-55933,5,DMS79,5.300881862640381,4.904762273736486,4.993739604949951
KU-55933,5,DND41,3.684117078781128,3.67247085550843,3.632481813430786
KU-55933,5,EPLC272H,3.6304736137390137,4.340201063846104,4.370093822479248
KU-55933,5,HCC827,5.672101974487305,4.238512016241479,4.257762432098389
KU-55933,5,KNS62,4.420390605926514,4.28891926712455,4.313445091247559
KU-55933,5,L363,3.6244969367980957,3.5247952006199093,3.469351053237915
KU-55933,5,L428,3.6654255390167236,3.545420841910381,3.4921352863311768
KU-55933,5,L540,2.100045919418335,3.5182298477421012,3.4620985984802246
KU-55933,5,LAMA84,2.7183704376220703,3.9342313603563914,3.9216370582580566
KU-55933,5,LOUNH91,5.130130290985107,4.716971037205351,4.786294937133789
KU-55933,5,ME1,4.295122146606445,3.6994488248142754,3.662283182144165
KU-55933,5,MM1S,3.7899839878082275,3.3713346365238577,3.2998299598693848
KU-55933,5,MOLT13,3.4577620029449463,3.595370963453394,3.5473129749298096
KU-55933,5,NCIH1793,4.9970879554748535,4.737715817020709,4.809210777282715
KU-55933,5,NCIH1876,4.347813606262207,4.857129741831591,4.941122055053711
KU-55933,5,NCIH196,5.128328800201416,4.297227020928836,4.322622299194336
KU-55933,5,NCIH1963,4.1171770095825195,4.699714512533524,4.767232418060303
KU-55933,5,NCIH2122,4.130835056304932,4.09763114222344,4.102137565612793
KU-55933,5,NCIH2170,4.453012466430664,4.502319674909291,4.5491790771484375
KU-55933,5,NCIH2196,6.3346781730651855,5.007869328784063,5.107637405395508
KU-55933,5,NCIH2228,4.666517734527588,4.606291779246269,4.664032459259033
KU-55933,5,NCIH2347,4.589578151702881,4.877451493551336,4.963570594787598
KU-55933,5,NCIH522,3.9507033824920654,4.454065550700636,4.495874881744385
KU-55933,5,NCIH650,4.64133882522583,4.82791015528031,4.908844470977783
KU-55933,5,OCIAML3,4.479960918426514,4.103276840654608,4.108374118804932
KU-55933,5,OCILY19,3.843930959701538,3.6556753451285595,3.6139285564422607
KU-55933,5,P31FUJ,4.289843559265137,3.5035501253322874,3.445882558822632
KU-55933,5,PF382,3.1182639598846436,3.5742942360813736,3.5240304470062256
KU-55933,5,RCHACV,2.4579920768737793,3.2557348711546616,3.1721320152282715
KU-55933,5,RS411,3.1864724159240723,4.638577887829435,4.699697494506836
KU-55933,5,SBC5,4.362545967102051,4.892967559772632,4.980710506439209
KU-55933,5,SIGM5,3.852174997329712,3.2853822340761005,3.2048821449279785
KU-55933,5,SUDHL1,4.020240783691406,3.442715231892315,3.378680944442749
KU-55933,5,SUDHL4,3.925102472305298,3.4369667980664977,3.372330904006958
KU-55933,5,WSUDLCL2,2.51615309715271,3.1326011049009646,3.03611159324646
LENALIDOMIDE,1,ABC1,2.5111351013183594,4.758117690501317,4.77124547958374
LENALIDOMIDE,1,AMO1,3.741476058959961,3.72621379334492,3.661698579788208
LENALIDOMIDE,1,BL41,3.3667125701904297,3.779139429727661,3.718606472015381
LENALIDOMIDE,1,COLO668,3.5304019451141357,4.643586390747416,4.648096561431885
LENALIDOMIDE,1,CORL105,4.655523777008057,4.597268670480801,4.598293781280518
LENALIDOMIDE,1,CORL311,4.141265869140625,3.9048184420663157,3.8537418842315674
LENALIDOMIDE,1,DB,4.830262660980225,3.573877834075602,3.4979004859924316
LENALIDOMIDE,1,DMS53,5.104775428771973,4.685702238244639,4.693381309509277
LENALIDOMIDE,1,DMS79,4.9020233154296875,4.63949893308879,4.643701553344727
LENALIDOMIDE,1,EPLC272H,4.59165620803833,4.539798581200506,4.536499500274658
LENALIDOMIDE,1,HCC15,5.876317977905273,5.080483595491234,5.1178669929504395
LENALIDOMIDE,1,HCC366,5.27565336227417,4.761297366253984,4.774664402008057
LENALIDOMIDE,1,HEL,3.3822360038757324,3.634616071258168,3.563208818435669
LENALIDOMIDE,1,HH,4.362165927886963,3.628721919176061,3.556871175765991
LENALIDOMIDE,1,KOPN8,3.5141448974609375,3.518240603914662,3.438076972961426
LENALIDOMIDE,1,LCLC97TM1,4.665951728820801,4.801830471385619,4.818247318267822
LENALIDOMIDE,1,MEG01,4.2744059562683105,3.739875977549984,3.676388740539551
LENALIDOMIDE,1,MM1S,1.23757004737854,3.3587541436919244,3.2665903568267822
LENALIDOMIDE,1,MOLM16,1.8562419414520264,3.529555504471348,3.4502432346343994
LENALIDOMIDE,1,MOLT13,2.6967360973358154,3.527161656533705,3.447669267654419
LENALIDOMIDE,1,NCIH1436,4.247179985046387,4.594801650088598,4.595641136169434
LENALIDOMIDE,1,NCIH1437,3.7690811157226562,4.890550076926372,4.913642406463623
LENALIDOMIDE,1,NCIH146,4.580785274505615,4.4738462522938125,4.465584754943848
LENALIDOMIDE,1,NCIH1623,4.733960151672363,4.862933462167428,4.883947849273682
LENALIDOMIDE,1,NCIH1836,5.37436580657959,4.807046558722144,4.823855876922607
LENALIDOMIDE,1,NCIH2029,3.9809606075286865,5.04082545552836,5.075224876403809
LENALIDOMIDE,1,NCIH2081,4.225443363189697,4.4120855963598125,4.399177074432373
LENALIDOMIDE,1,NCIH211,3.6332430839538574,4.2303212280097195,4.203736305236816
LENALIDOMIDE,1,NCIH2228,5.800797939300537,5.063263234382191,5.099350929260254
LENALIDOMIDE,1,NCIH292,3.864706039428711,4.669644210489535,4.676115036010742
LENALIDOMIDE,1,NCIH441,6.3981523513793945,4.9998879062842505,5.031207084655762
LENALIDOMIDE,1,NCIH596,5.3987627029418945,5.099403774893162,5.138210773468018
LENALIDOMIDE,1,NCIH650,5.116263389587402,4.552510188700431,4.550167560577393
LENALIDOMIDE,1,NCIH82,3.9255640506744385,3.744284063600405,3.68112850189209
LENALIDOMIDE,1,NCIH929,2.219987392425537,3.577107843607618,3.501373529434204
LENALIDOMIDE,1,OCIAML5,3.4478259086608887,3.491898963742736,3.4097533226013184
LENALIDOMIDE,1,P31FUJ,3.239116907119751,3.6029210899637416,3.5291290283203125
LENALIDOMIDE,1,SKM1,3.286163568496704,3.8020124738187655,3.7432005405426025
LENALIDOMIDE,1,SKMM2,4.890765190124512,3.4447880984156405,3.359097719192505
LENALIDOMIDE,1,SUDHL4,3.5285658836364746,3.6435067462218336,3.572768449783325
LENALIDOMIDE,1,SUPT1,4.056676864624023,3.703742089080338,3.63753604888916
LENALIDOMIDE,2,A3KAW,3.331115961074829,3.3608663664687093,3.267385482788086
LENALIDOMIDE,2,CALU6,4.425660133361816,4.484269942247721,4.505695343017578
LENALIDOMIDE,2,EBC1,4.354942798614502,4.636378998550377,4.673362731933594
LENALIDOMIDE,2,GA10,3.725233554840088,3.664283971120389,3.6018378734588623
LENALIDOMIDE,2,HARA,3.6329684257507324,4.4489593439104045,4.46677303314209
LENALIDOMIDE,2,HCC33,5.126997947692871,4.076523072556656,4.0562424659729
LENALIDOMIDE,2,HCC44,3.606476068496704,4.112819111109252,4.096251010894775
LENALIDOMIDE,2,JEKO1,3.016524076461792,3.6971469747526786,3.6380622386932373
LENALIDOMIDE,2,JURLMK1,2.792823076248169,3.8698743560161604,3.8284568786621094
LENALIDOMIDE,2,JVM3,4.1288323402404785,3.5965135431106776,3.5271356105804443
LENALIDOMIDE,2,KCL22,3.5972371101379395,3.671230286421904,3.609494686126709
LENALIDOMIDE,2,KMH2,4.153200149536133,3.5719766008583202,3.500088930130005
LENALIDOMIDE,2,KMS12BM,1.0718895196914673,3.278009575514412,3.176053762435913
LENALIDOMIDE,2,L1236,4.1754841804504395,3.8979570229061555,3.8594119548797607
LENALIDOMIDE,2,L428,4.017368793487549,3.8836586228027166,3.843651056289673
LENALIDOMIDE,2,LAMA84,3.1656715869903564,3.831428993622644,3.786079168319702
LENALIDOMIDE,2,LP1,4.565234661102295,3.144020852722568,3.02836012840271
LENALIDOMIDE,2,MOLP8,3.4333009719848633,3.0762759475279142,2.953685998916626
LENALIDOMIDE,2,NCIH1092,4.507931709289551,4.345069806693157,4.352257251739502
LENALIDOMIDE,2,NCIH1648,5.094058513641357,4.569870003230637,4.600050926208496
LENALIDOMIDE,2,NCIH1650,5.959498882293701,5.099541523402872,5.183899402618408
LENALIDOMIDE,2,NCIH1944,6.039752006530762,4.840742341667992,4.898629188537598
LENALIDOMIDE,2,NCIH1963,4.592774868011475,4.274812850870704,4.274814128875732
LENALIDOMIDE,2,NCIH2023,4.818741798400879,4.879768023661507,4.941646575927734
LENALIDOMIDE,2,NCIH2030,6.02207612991333,4.485271820886258,4.506799697875977
LENALIDOMIDE,2,NCIH2066,5.0711565017700195,4.557584444796072,4.586508750915527
LENALIDOMIDE,2,NCIH209,4.379685401916504,4.671460324142259,4.712032318115234
LENALIDOMIDE,2,NCIH2110,4.135169982910156,4.559590365023574,4.588719844818115
LENALIDOMIDE,2,NCIH2122,3.6129279136657715,4.486004195901389,4.5076069831848145
LENALIDOMIDE,2,NCIH2196,6.231802940368652,5.112883899416861,5.198606491088867
LENALIDOMIDE,2,NCIH2227,5.415109634399414,4.281956643546352,4.282688617706299
LENALIDOMIDE,2,NCIH460,3.8007140159606934,4.455405368777779,4.473878383636475
LENALIDOMIDE,2,NCIH647,4.956654071807861,4.9306618146568635,4.997745990753174
LENALIDOMIDE,2,NCIH810,4.881137371063232,4.389195293207274,4.400896072387695
LENALIDOMIDE,2,OCILY19,4.115272521972656,3.908117049954515,3.8706111907958984
LENALIDOMIDE,2,RPMI8226,3.1987175941467285,3.850334478139045,3.8069183826446533
LENALIDOMIDE,2,RPMI8402,3.453829526901245,3.635078084072811,3.5696446895599365
LENALIDOMIDE,2,SHP77,4.502926349639893,4.626320413877119,4.662275314331055
LENALIDOMIDE,2,SUDHL1,1.9707030057907104,3.7041800243663814,3.6458146572113037
LENALIDOMIDE,2,THP1,4.488412857055664,3.533081128480608,3.4572150707244873
LENALIDOMIDE,2,WSUDLCL2,3.5540740489959717,3.491585140802565,3.4114747047424316
LENALIDOMIDE,3,697,2.9175806045532227,3.465789890828659,3.398179769515991
LENALIDOMIDE,3,A4FUK,3.785686492919922,3.1378575289938757,3.0450222492218018
LENALIDOMIDE,3,A549,4.460229873657227,4.912452573984078,4.956122398376465
LENALIDOMIDE,3,BEN,5.9827775955200195,4.905442514706349,4.948573112487793
LENALIDOMIDE,3,CAL12T,4.313711166381836,4.873508488984495,4.914182662963867
LENALIDOMIDE,3,CMLT1,3.95668888092041,3.56062781917681,3.5003128051757812
LENALIDOMIDE,3,CORL279,4.150971412658691,4.510794596929683,4.523568153381348
LENALIDOMIDE,3,DMS273,4.683140277862549,4.202383425938542,4.191433429718018
LENALIDOMIDE,3,DND41,3.420530080795288,3.7859891371198886,3.743009328842163
LENALIDOMIDE,3,EHEB,4.894658088684082,3.8371594261244177,3.7981157302856445
LENALIDOMIDE,3,EJM,3.846947431564331,3.582018196809293,3.523348569869995
LENALIDOMIDE,3,HCC78,4.288753032684326,4.727657457776559,4.757112503051758
LENALIDOMIDE,3,JM1,3.273118495941162,3.766155787876121,3.7216503620147705
LENALIDOMIDE,3,JVM2,4.14348030090332,3.8540910305806286,3.816349744796753
LENALIDOMIDE,3,K562,4.30344295501709,3.677083934372855,3.6257269382476807
LENALIDOMIDE,3,KG1,3.7425119876861572,3.5291629166108907,3.4664275646209717
LENALIDOMIDE,3,KMS11,3.8938369750976562,3.7570489539830754,3.7118430137634277
LENALIDOMIDE,3,KNS62,4.721706867218018,4.4548411999572615,4.463310718536377
LENALIDOMIDE,3,KU812,3.7975950241088867,3.545664805141821,3.484198808670044
LENALIDOMIDE,3,LU65,5.436063766479492,4.26095983902777,4.254515647888184
LENALIDOMIDE,3,NB4,2.9821596145629883,3.4204352677907375,3.3493363857269287
LENALIDOMIDE,3,NCIH1048,3.6599979400634766,4.489509821819796,4.500646114349365
LENALIDOMIDE,3,NCIH1568,5.5626678466796875,4.9246896260469,4.969300746917725
LENALIDOMIDE,3,NCIH1781,5.0193190574646,4.95350870943558,5.000336647033691
LENALIDOMIDE,3,NCIH2009,5.055521488189697,5.63704395069251,5.736450672149658
LENALIDOMIDE,3,NCIH358,4.429361820220947,4.785325733449248,4.819216728210449
LENALIDOMIDE,3,NCIH661,4.807101726531982,4.70296462138189,4.730520248413086
LENALIDOMIDE,3,NCIH838,4.912299156188965,4.502833008003909,4.514994144439697
LENALIDOMIDE,3,NOMO1,4.042164325714111,3.477247432446911,3.4105186462402344
LENALIDOMIDE,3,OCIAML3,3.7262721061706543,4.052191400468424,4.029688358306885
LENALIDOMIDE,3,OCIM1,3.452695608139038,3.5790347595042564,3.5201356410980225
LENALIDOMIDE,3,RCHACV,2.9221715927124023,3.6868629050763855,3.636258125305176
LENALIDOMIDE,3,RERFLCKJ,4.481040954589844,4.732477094918934,4.762302875518799
LENALIDOMIDE,3,RERFLCMS,4.570979118347168,5.154955815872814,5.217279434204102
LENALIDOMIDE,3,RL,4.1032209396362305,3.9556545334234157,3.9257256984710693
LENALIDOMIDE,3,RS411,2.7315754890441895,5.1497850558775315,5.2117109298706055
LENALIDOMIDE,3,SIGM5,2.734839916229248,3.307699593668538,3.227928876876831
LENALIDOMIDE,3,SKLU1,2.149346113204956,4.830409819207061,4.86776876449585
LENALIDOMIDE,3,SUDHL6,3.5922625064849854,3.7072596891629344,3.658223867416382
LENALIDOMIDE,3,SW1271,5.142279148101807,4.780980311408342,4.814537048339844
LENALIDOMIDE,3,SW1573,5.825411796569824,5.21377797068129,5.28062629699707
LENALIDOMIDE,4,ALLSIL,3.3111701011657715,3.544729457848119,3.4814436435699463
LENALIDOMIDE,4,CA46,4.192404270172119,3.6108782140151012,3.551515817642212
LENALIDOMIDE,4,CMK,3.4861600399017334,3.62185236612581,3.563140869140625
LENALIDOMIDE,4,CORL95,5.336198806762695,4.894514156383542,4.9112868309021
LENALIDOMIDE,4,DMS114,5.139627456665039,4.554495721429843,4.551101207733154
LENALIDOMIDE,4,EM2,2.990571975708008,3.9428517732936395,3.903179407119751
LENALIDOMIDE,4,HCC827,4.38315486907959,4.462290246746052,4.453426837921143
LENALIDOMIDE,4,HL60,3.201995611190796,3.3060554349324485,3.2286133766174316
LENALIDOMIDE,4,JURKAT,3.8278584480285645,3.615810606876033,3.5567407608032227
LENALIDOMIDE,4,L363,1.8956290483474731,3.9569350321796586,3.918097972869873
LENALIDOMIDE,4,L540,3.7084529399871826,3.7939848870135675,3.745482921600342
LENALIDOMIDE,4,LOUCY,3.7390189170837402,3.8684895645747983,3.824406623840332
LENALIDOMIDE,4,LOUNH91,4.924979209899902,4.706186551731184,4.711789131164551
LENALIDOMIDE,4,LXF289,4.282435894012451,4.753984510749033,4.76242208480835
LENALIDOMIDE,4,MOLM13,3.0052404403686523,3.704611233775192,3.650808334350586
LENALIDOMIDE,4,MOLT16,3.0862669944763184,3.5004148957870873,3.4345006942749023
LENALIDOMIDE,4,NCIH1341,4.1367645263671875,4.43994537048626,4.4297566413879395
LENALIDOMIDE,4,NCIH1435,4.605343341827393,4.766312004327814,4.7754807472229
LENALIDOMIDE,4,NCIH1792,5.123304843902588,4.440161887115611,4.429986000061035
LENALIDOMIDE,4,NCIH1876,4.730792045593262,4.863893033247994,4.878849506378174
LENALIDOMIDE,4,NCIH1915,3.492079973220825,4.112218418029537,4.082591533660889
LENALIDOMIDE,4,NCIH1975,4.990596294403076,5.064647612092617,5.091511249542236
LENALIDOMIDE,4,NCIH2085,4.415283679962158,3.865020572050703,3.8207318782806396
LENALIDOMIDE,4,NCIH2087,4.538897514343262,4.4101840119287985,4.398230075836182
LENALIDOMIDE,4,NCIH2171,4.338325023651123,4.602178444985917,4.601612091064453
LENALIDOMIDE,4,NCIH2291,6.22719669342041,4.762220695296282,4.771146774291992
LENALIDOMIDE,4,NCIH23,4.635823726654053,4.6639072909999,4.667002201080322
LENALIDOMIDE,4,NCIH2342,4.574522495269775,4.773362073868121,4.782948970794678
LENALIDOMIDE,4,NCIH2347,4.620487213134766,4.861916474995441,4.876755714416504
LENALIDOMIDE,4,NCIH2444,5.627391815185547,5.060783172876455,5.0874176025390625
LENALIDOMIDE,4,NCIH446,4.302746772766113,4.581553548020819,4.579763889312744
LENALIDOMIDE,4,NCIH524,3.821758508682251,4.2117805065874965,4.188058853149414
LENALIDOMIDE,4,NCIH727,5.836987018585205,4.445333528601283,4.435464382171631
LENALIDOMIDE,4,NCIH841,4.161776065826416,4.819454458023998,4.831775188446045
LENALIDOMIDE,4,OCIAML2,3.412501096725464,3.709212549752783,3.6556825637817383
LENALIDOMIDE,4,P12ICHIKAWA,3.465847969055176,3.531695246788922,3.4676363468170166
LENALIDOMIDE,4,PL21,4.148436546325684,4.161439715055716,4.134732246398926
LENALIDOMIDE,4,SUDHL10,3.574871063232422,3.756075345990017,3.70532488822937
LENALIDOMIDE,4,SUDHL5,2.9413070678710938,3.834789944083474,3.788708209991455
LENALIDOMIDE,4,SUDHL8,4.039740085601807,3.54367028190454,3.4803216457366943
LENALIDOMIDE,5,BV173,3.210753917694092,3.506100839631353,3.4501256942749023
LENALIDOMIDE,5,CALU3,5.66481876373291,4.548341572203366,4.534401893615723
LENALIDOMIDE,5,CHAGOK1,4.908670425415039,4.881833195645497,4.881343841552734
LENALIDOMIDE,5,CORL23,4.116018772125244,4.137103072576676,4.106577396392822
LENALIDOMIDE,5,CORL88,4.721973419189453,4.641693925790495,4.631519317626953
LENALIDOMIDE,5,DAUDI,3.537156105041504,3.6392962729075284,3.588693141937256
LENALIDOMIDE,5,DOHH2,3.2774665355682373,3.7947109597245614,3.750375986099243
LENALIDOMIDE,5,GDM1,3.6270480155944824,3.40349162871106,3.3433780670166016
LENALIDOMIDE,5,GRANTA519,4.282467842102051,3.8027877923397506,3.7587785720825195
LENALIDOMIDE,5,HDLM2,4.654090404510498,3.773238130830518,3.728037118911743
LENALIDOMIDE,5,HT,4.449046611785889,3.819092025882366,3.775740385055542
LENALIDOMIDE,5,IALM,4.817678928375244,4.742354686496721,4.736239910125732
LENALIDOMIDE,5,KARPAS422,3.873063564300537,3.53699094871787,3.4822616577148438
LENALIDOMIDE,5,LCLC103H,3.1299688816070557,4.953825474691124,4.956239700317383
LENALIDOMIDE,5,ME1,4.583550453186035,3.4810796862649043,3.424095392227173
LENALIDOMIDE,5,MHHCALL2,2.8082640171051025,3.8135769171548306,3.770002841949463
LENALIDOMIDE,5,MONOMAC6,3.563214063644409,3.5446396814742167,3.4902188777923584
LENALIDOMIDE,5,NALM6,3.815876007080078,3.6119097990683233,3.560202121734619
LENALIDOMIDE,5,NAMALWA,3.7743589878082275,3.6616175095518035,3.61191463470459
LENALIDOMIDE,5,NCIH1105,4.564028263092041,4.510688952070429,4.495230674743652
LENALIDOMIDE,5,NCIH1155,3.603243112564087,4.535309735815145,4.520844459533691
LENALIDOMIDE,5,NCIH1651,4.324333190917969,4.971101183234613,4.974212169647217
LENALIDOMIDE,5,NCIH1793,4.952616214752197,4.767528241579513,4.7624287605285645
LENALIDOMIDE,5,NCIH196,4.536093235015869,5.2122676177402205,5.225105285644531
LENALIDOMIDE,5,NCIH2170,4.1975789070129395,4.231928108012262,4.205226898193359
LENALIDOMIDE,5,NCIH2172,5.743795871734619,4.513706276878521,4.4983696937561035
LENALIDOMIDE,5,NCIH2405,5.878465175628662,5.117001190266021,5.1259965896606445
LENALIDOMIDE,5,NCIH522,5.6834211349487305,4.674358770051997,4.665501594543457
LENALIDOMIDE,5,NCIH526,4.00639009475708,4.393300212297497,4.373107433319092
LENALIDOMIDE,5,NCIH69,5.017846584320068,4.233033650688416,4.206377029418945
LENALIDOMIDE,5,NUDUL1,3.9184091091156006,3.418816824460863,3.359321355819702
LENALIDOMIDE,5,OPM2,3.099367618560791,3.9414586869796606,3.9030423164367676
LENALIDOMIDE,5,PF382,3.0431718826293945,3.478924748913356,3.421853542327881
LENALIDOMIDE,5,RAJI,3.7971434593200684,3.1911974128973744,3.1225216388702393
LENALIDOMIDE,5,REH,3.1120564937591553,3.547333868808557,3.4930217266082764
LENALIDOMIDE,5,SBC5,5.108804225921631,4.42538982602062,4.406491279602051
LENALIDOMIDE,5,SKMES1,5.1023688316345215,4.873130484703488,4.872290134429932
LENALIDOMIDE,5,ST486,3.8779590129852295,3.568360492978208,3.5148963928222656
LENALIDOMIDE,5,SUPB15,3.7267990112304688,3.4523543690770078,3.394211530685425
LENALIDOMIDE,5,SUPM2,3.3876819610595703,3.225926211831646,3.158651113510132
LESTAURTINIB,1,A4FUK,-2.507021903991699,-1.1716074914381502,-1.3172448873519897
LESTAURTINIB,1,AMO1,-2.0476479530334473,-0.966306092572925,-1.0703455209732056
LESTAURTINIB,1,CALU6,0.26841166615486145,0.036587036012504195,0.1357528269290924
LESTAURTINIB,1,CMK,-1.5909459590911865,-1.2130614550029069,-1.3670982122421265
LESTAURTINIB,1,COLO668,1.2940658330917358,-0.09720801503282467,-0.02515164576470852
LESTAURTINIB,1,CORL311,-1.5491609573364258,-0.8837160584638617,-0.9710211753845215
LESTAURTINIB,1,CORL95,0.8306934833526611,0.6349100981504838,0.8553075194358826
LESTAURTINIB,1,DMS273,0.586899995803833,-0.14249590180892746,-0.07961571961641312
LESTAURTINIB,1,DMS53,1.7898800373077393,-0.17464019430589958,-0.1182730570435524
LESTAURTINIB,1,HARA,-0.9356039762496948,0.16997230076292333,0.29616448283195496
LESTAURTINIB,1,HCC15,0.8517269492149353,0.910358849385299,1.1865674257278442
LESTAURTINIB,1,HCC33,-0.5308210253715515,-0.7917890692041079,-0.8604680299758911
LESTAURTINIB,1,JEKO1,-2.897649049758911,-1.3478187547525646,-1.5291599035263062
LESTAURTINIB,1,JM1,-1.7061995267868042,-0.8909358084309564,-0.9797037839889526
LESTAURTINIB,1,JVM2,-1.009600043296814,-1.0472289477886463,-1.167664885520935
LESTAURTINIB,1,KNS62,0.9620487689971924,0.26509665742761435,0.4105628430843353
LESTAURTINIB,1,LXF289,-0.9263610243797302,0.6187788363890352,0.8359077572822571
LESTAURTINIB,1,MOLP8,-2.039649486541748,-0.9909222332755885,-1.0999493598937988
LESTAURTINIB,1,MOLT16,-2.7480740547180176,-1.5249577264481424,-1.7421905994415283
LESTAURTINIB,1,NALM6,-2.2206320762634277,-1.171089069081757,-1.3166214227676392
LESTAURTINIB,1,NCIH1155,-1.1041145324707031,0.22653569877347268,0.36418870091438293
LESTAURTINIB,1,NCIH1568,0.20325987040996552,1.0189926186094114,1.317212462425232
LESTAURTINIB,1,NCIH1651,0.82355797290802,1.0610658143845675,1.3678104877471924
LESTAURTINIB,1,NCIH1836,1.248191475868225,0.3432355697207936,0.5045341849327087
LESTAURTINIB,1,NCIH1915,0.6644632816314697,-0.045787404898766274,0.036687757819890976
LESTAURTINIB,1,NCIH196,1.277093529701233,0.258434384961926,0.40255066752433777
LESTAURTINIB,1,NCIH1963,-1.2107189893722534,-0.35995712379118555,-0.34113872051239014
LESTAURTINIB,1,NCIH211,-1.3913835287094116,-0.6215708377169136,-0.6557603478431702
LESTAURTINIB,1,NCIH23,0.4948965013027191,0.16736596458169442,0.2930300533771515
LESTAURTINIB,1,NCIH292,-0.9853609800338745,0.5705214467380351,0.7778725028038025
LESTAURTINIB,1,NCIH650,0.25617700815200806,0.9698088091987835,1.2580630779266357
LESTAURTINIB,1,NCIH727,1.8448917865753174,-0.43832850836569015,-0.4353896379470825
LESTAURTINIB,1,NCIH810,-0.09369099885225296,0.07022600558528233,0.17620769143104553
LESTAURTINIB,1,NCIH929,-1.977516531944275,-0.9471079115558725,-1.047257423400879
LESTAURTINIB,1,OCIAML3,-1.493274450302124,-0.8716431615428442,-0.9565020799636841
LESTAURTINIB,1,OCILY19,-3.0680959224700928,-0.7890335502989074,-0.8571541905403137
LESTAURTINIB,1,REH,-0.4717150032520294,-1.7139073110198015,-1.9694249629974365
LESTAURTINIB,1,RPMI8226,-0.8804594874382019,-1.674678301223994,-1.9222474098205566
LESTAURTINIB,1,SKM1,-1.9356460571289062,-1.2193807558905607,-1.3746979236602783
LESTAURTINIB,1,SUDHL10,-1.829017996788025,-1.3864277393401045,-1.575591802597046
LESTAURTINIB,1,SW1573,0.5359312295913696,1.1041059719353672,1.4195713996887207
LESTAURTINIB,2,A3KAW,-3.0683164596557617,-0.8141333112248719,-0.7882736325263977
LESTAURTINIB,2,CA46,0.1554494947195053,-1.5303170987003982,-1.5339088439941406
LESTAURTINIB,2,CORL105,0.7572110295295715,0.0974819182915441,0.16082969307899475
LESTAURTINIB,2,EBC1,1.287431001663208,-0.031103462281289584,0.026956532150506973
LESTAURTINIB,2,EJM,-1.3718479871749878,-1.1765558221595622,-1.1655999422073364
LESTAURTINIB,2,EPLC272H,-1.7836564779281616,0.10460323264781463,0.16824385523796082
LESTAURTINIB,2,GRANTA519,-1.4065229892730713,-1.2481208264015367,-1.2401078939437866
LESTAURTINIB,2,HCC78,0.13837574422359467,-0.6497756155160196,-0.6171571016311646
LESTAURTINIB,2,HDLM2,-0.5354300141334534,-1.113256624112334,-1.0996977090835571
LESTAURTINIB,2,HEL,-1.1227459907531738,-1.9989884244432408,-2.02185320854187
LESTAURTINIB,2,JVM3,-3.3368945121765137,-1.0140805753597655,-0.9964432716369629
LESTAURTINIB,2,KMS11,-0.745943009853363,-1.7211325305267628,-1.7325711250305176
LESTAURTINIB,2,KOPN8,-2.433366537094116,-1.9839073070374718,-2.0061519145965576
LESTAURTINIB,2,KU812,-0.7097945213317871,-1.4972790640774285,-1.4995121955871582
LESTAURTINIB,2,L1236,-3.0812530517578125,-0.37141219720615976,-0.3273466229438782
LESTAURTINIB,2,LAMA84,-2.043165445327759,-1.2316968446786603,-1.2230085134506226
LESTAURTINIB,2,LU65,1.4367669820785522,-0.6263214047510146,-0.5927383899688721
LESTAURTINIB,2,ME1,0.7602260112762451,-1.2288134878204233,-1.2200065851211548
LESTAURTINIB,2,MONOMAC6,-4.067872047424316,-1.7309373407534197,-1.7427791357040405
LESTAURTINIB,2,NCIH1092,1.5887670516967773,-0.11772216458733492,-0.06322416663169861
LESTAURTINIB,2,NCIH1436,0.6553494930267334,-0.21312229482853484,-0.16254740953445435
LESTAURTINIB,2,NCIH1648,1.38189697265625,0.43892569516823693,0.5163145661354065
LESTAURTINIB,2,NCIH1944,-0.6846470236778259,1.065902781636924,1.1690746545791626
LESTAURTINIB,2,NCIH1975,0.20154760777950287,0.24326290444447607,0.3126055896282196
LESTAURTINIB,2,NCIH2009,0.3249692916870117,0.9561441193403292,1.054802417755127
LESTAURTINIB,2,NCIH2023,-0.5170009732246399,1.0453693694620534,1.147696852684021
LESTAURTINIB,2,NCIH2087,0.8866609930992126,0.15344024687267432,0.21908918023109436
LESTAURTINIB,2,NCIH209,-1.7017004489898682,0.11762642880772992,0.18180260062217712
LESTAURTINIB,2,NCIH2122,-0.4742499887943268,-0.43202111521598335,-0.3904479444026947
LESTAURTINIB,2,NCIH2171,-1.8270070552825928,-0.10770054368972384,-0.052790429443120956
LESTAURTINIB,2,NCIH2172,3.1335694789886475,0.4045719042710549,0.48054805397987366
LESTAURTINIB,2,NCIH2227,-0.38808250427246094,-0.35198592101339954,-0.30712148547172546
LESTAURTINIB,2,NCIH441,3.474048614501953,0.8687753264666797,0.9638407826423645
LESTAURTINIB,2,NCIH661,1.4760210514068604,0.8099298625039102,0.9025754332542419
LESTAURTINIB,2,PF382,-1.5607630014419556,-1.952774220712909,-1.9737385511398315
LESTAURTINIB,2,RAJI,0.12996749579906464,-1.5700357917004104,-1.575260877609253
LESTAURTINIB,2,RCHACV,-2.9848361015319824,-1.51945441642175,-1.522599458694458
LESTAURTINIB,2,RERFLCMS,-0.5253620147705078,0.4370491430457033,0.5143608450889587
LESTAURTINIB,2,SKMM2,1.539676547050476,-1.4971989135810118,-1.4994287490844727
LESTAURTINIB,2,SUDHL5,-2.7077949047088623,-1.628871179600773,-1.636515736579895
LESTAURTINIB,2,WSUDLCL2,-1.6131315231323242,-1.5802320798517084,-1.58587646484375
LESTAURTINIB,3,697,-3.615277051925659,-1.259377978942049,-1.3072788715362549
LESTAURTINIB,3,A549,-1.2064499855041504,0.4229639474265932,0.4578215181827545
LESTAURTINIB,3,BEN,1.0642080307006836,0.4908651326830936,0.5290629267692566
LESTAURTINIB,3,BL41,-0.7863519787788391,-1.4492821814033423,-1.506524920463562
LESTAURTINIB,3,CAL12T,0.1545419991016388,0.7350815346061172,0.78529292345047
LESTAURTINIB,3,CALU3,0.7419074773788452,0.0943066192744475,0.11299674212932587
LESTAURTINIB,3,CORL23,0.519860029220581,-0.3154906461400562,-0.3169594407081604
LESTAURTINIB,3,CORL88,1.2268470525741577,0.19685086872635152,0.2205853909254074
LESTAURTINIB,3,DND41,-1.7528364658355713,-1.7620865733502722,-1.8347169160842896
LESTAURTINIB,3,DOHH2,-2.1100125312805176,-1.8273815136080633,-1.9032238721847534
LESTAURTINIB,3,HCC827,0.15381300449371338,0.46727636150713026,0.5043137669563293
LESTAURTINIB,3,HL60,-1.492227554321289,-2.616983448686172,-2.73166823387146
LESTAURTINIB,3,JURKAT,-1.7477974891662598,-1.3446214177519697,-1.3967156410217285
LESTAURTINIB,3,KCL22,-0.8497365117073059,-1.6464742007951867,-1.7134172916412354
LESTAURTINIB,3,KMH2,-0.15647350251674652,-1.985387570137664,-2.069002628326416
LESTAURTINIB,3,KMS12BM,-3.2118234634399414,-1.29707051993196,-1.3468255996704102
LESTAURTINIB,3,L428,-0.2108744978904724,-1.4742660931126572,-1.5327378511428833
LESTAURTINIB,3,LCLC103H,0.10956499725580215,0.5901847316360115,0.6332682967185974
LESTAURTINIB,3,LP1,2.1839613914489746,-1.5311756468045705,-1.5924469232559204
LESTAURTINIB,3,MHHCALL2,-0.8168519735336304,-1.8044844612664548,-1.8792004585266113
LESTAURTINIB,3,NAMALWA,-1.6036759614944458,-1.4144425261249651,-1.4699714183807373
LESTAURTINIB,3,NCIH1437,0.22251099348068237,0.5450203092425442,0.5858821272850037
LESTAURTINIB,3,NCIH1623,0.4713509976863861,0.13138475987067025,0.1518988460302353
LESTAURTINIB,3,NCIH1876,-0.813355028629303,0.09759722620959381,0.11644922196865082
LESTAURTINIB,3,NCIH2347,0.9691789746284485,0.6117258423598156,0.6558690667152405
LESTAURTINIB,3,NCIH2444,2.1548640727996826,0.3462919480063438,0.37737783789634705
LESTAURTINIB,3,NCIH358,0.9881449937820435,0.4419557651992769,0.4777475893497467
LESTAURTINIB,3,NCIH522,1.291843056678772,0.3490303047124523,0.3802509009838104
LESTAURTINIB,3,NCIH524,-1.9268455505371094,-0.39639263462303703,-0.4018411934375763
LESTAURTINIB,3,NCIH596,1.4825944900512695,0.2642188493138681,0.29126736521720886
LESTAURTINIB,3,NOMO1,-1.5326770544052124,-1.789272214292854,-1.8632398843765259
LESTAURTINIB,3,OCIAML5,-1.8205759525299072,-2.520348918638227,-2.630280017852783
LESTAURTINIB,3,P12ICHIKAWA,-2.079461097717285,-1.2748281462900155,-1.3234890699386597
LESTAURTINIB,3,RPMI8402,-2.686260461807251,-1.2971244894533658,-1.3468822240829468
LESTAURTINIB,3,RS411,-2.603830099105835,0.5425165779294947,0.5832552313804626
LESTAURTINIB,3,SBC5,0.32720091938972473,0.17698798287817805,0.19974540174007416
LESTAURTINIB,3,SIGM5,-2.375333070755005,-1.9375198996320133,-2.01878023147583
LESTAURTINIB,3,ST486,-0.9824730157852173,-1.3813470521583788,-1.4352478981018066
LESTAURTINIB,3,SUDHL4,-1.23294198513031,-1.9527086272562855,-2.0347161293029785
LESTAURTINIB,3,SUPT1,-1.072094440460205,-1.7399930419673626,-1.8115365505218506
LESTAURTINIB,3,THP1,-0.44919198751449585,-1.5442886498255526,-1.6062049865722656
LESTAURTINIB,4,ALLSIL,-2.095811605453491,-1.7941165079513737,-2.01387357711792
LESTAURTINIB,4,CMLT1,-1.22383451461792,-1.7118886051570645,-1.919974446296692
LESTAURTINIB,4,DB,-0.5892950296401978,-1.4633663426552674,-1.6361775398254395
LESTAURTINIB,4,DMS114,1.1508375406265259,0.18038176082518534,0.24088016152381897
LESTAURTINIB,4,EHEB,-0.17320799827575684,-1.4034547621529851,-1.5677622556686401
LESTAURTINIB,4,GDM1,-2.1203954219818115,-1.3723103109618875,-1.5321972370147705
LESTAURTINIB,4,HCC44,-1.2139250040054321,0.20927113331563435,0.2738700211048126
LESTAURTINIB,4,HH,-0.03050450049340725,-1.6812228962546985,-1.8849561214447021
LESTAURTINIB,4,JURLMK1,-2.540015935897827,-1.4519062794815585,-1.6230908632278442
LESTAURTINIB,4,K562,0.85395348072052,-1.6057087642443344,-1.7987236976623535
LESTAURTINIB,4,KARPAS422,-0.474436491727829,-1.1221916840729822,-1.2465773820877075
LESTAURTINIB,4,KG1,-1.499392032623291,-1.7317491026906087,-1.9426538944244385
LESTAURTINIB,4,L363,-1.8444960117340088,-1.316537773853828,-1.4685084819793701
LESTAURTINIB,4,L540,-2.6391804218292236,-1.210063755930709,-1.3469218015670776
LESTAURTINIB,4,LCLC97TM1,-0.7196019887924194,-0.10526521238000815,-0.08531084656715393
LESTAURTINIB,4,MOLT13,-1.8938374519348145,-2.0033275144796874,-2.252779483795166
LESTAURTINIB,4,NB4,-2.7568199634552,-1.7841322362595213,-2.002472162246704
LESTAURTINIB,4,NCIH1105,-0.33751100301742554,0.22043566238131912,0.2866192162036896
LESTAURTINIB,4,NCIH1341,-1.3157055377960205,0.0328532428205314,0.07241180539131165
LESTAURTINIB,4,NCIH146,0.6783080101013184,0.08204015047901493,0.12858018279075623
LESTAURTINIB,4,NCIH1792,0.032345000654459,0.27681028107469435,0.3509955108165741
LESTAURTINIB,4,NCIH1793,3.21907901763916,0.44084024508431013,0.5383074879646301
LESTAURTINIB,4,NCIH2029,1.088381052017212,0.7268095289777848,0.8648665547370911
LESTAURTINIB,4,NCIH2085,0.7270950078964233,0.3975019323695119,0.48881784081459045
LESTAURTINIB,4,NCIH2196,1.8580199480056763,0.9840018185041902,1.1585640907287598
LESTAURTINIB,4,NCIH2228,1.0000300407409668,0.17129468725816963,0.23050329089164734
LESTAURTINIB,4,NCIH2291,0.5920670032501221,0.41317560101326695,0.5067161917686462
LESTAURTINIB,4,NCIH2342,1.7644330263137817,0.2420276077127037,0.3112758696079254
LESTAURTINIB,4,NCIH2405,2.2436375617980957,0.46222716428070376,0.5627300143241882
LESTAURTINIB,4,NCIH460,-1.1553900241851807,0.10071908573715452,0.1499103605747223
LESTAURTINIB,4,NCIH526,-0.8116005063056946,-0.4512717387971477,-0.48042869567871094
LESTAURTINIB,4,NCIH69,-0.3343304991722107,-0.7162202588753288,-0.7829833626747131
LESTAURTINIB,4,NCIH838,0.5197049975395203,0.323114504572466,0.4038720428943634
LESTAURTINIB,4,NUDUL1,-2.6072230339050293,-1.7806169358167092,-1.998457908630371
LESTAURTINIB,4,OPM2,-1.1711829900741577,-0.43138057607666197,-0.4577142298221588
LESTAURTINIB,4,RERFLCKJ,-0.04329200088977814,-0.061783334394259704,-0.035657256841659546
LESTAURTINIB,4,RL,-1.3180824518203735,-1.3452115766045845,-1.5012521743774414
LESTAURTINIB,4,SKMES1,-0.93299800157547,0.9994439193149801,1.1761980056762695
LESTAURTINIB,4,SUDHL6,-2.4027819633483887,-1.590644458536667,-1.781521201133728
LESTAURTINIB,4,SW1271,0.4960714876651764,0.6808673895682087,0.8124035000801086
LESTAURTINIB,5,ABC1,1.8746639490127563,-0.04580233838857367,0.08470795303583145
LESTAURTINIB,5,BV173,-3.3814303874969482,-1.5613233880992436,-1.6923389434814453
LESTAURTINIB,5,CHAGOK1,1.6825435161590576,0.5793851071490896,0.8177808523178101
LESTAURTINIB,5,CORL279,-0.888233482837677,0.31760411780839404,0.5108256340026855
LESTAURTINIB,5,DAUDI,-1.4846254587173462,-1.105024662893254,-1.1572990417480469
LESTAURTINIB,5,DMS79,1.5194735527038574,-0.12283492258699813,-0.005617756862193346
LESTAURTINIB,5,EM2,-1.4935829639434814,-1.3448697150419109,-1.4385329484939575
LESTAURTINIB,5,GA10,-2.367119550704956,-1.3138288277509476,-1.4021354913711548
LESTAURTINIB,5,HCC366,2.252230167388916,0.1339827018468503,0.29551759362220764
LESTAURTINIB,5,HT,-0.0481950007379055,-0.7695427126401981,-0.7639246582984924
LESTAURTINIB,5,IALM,1.3198374509811401,0.598947258862893,0.8407187461853027
LESTAURTINIB,5,LOUCY,-1.158987045288086,-1.3914624605876658,-1.4931659698486328
LESTAURTINIB,5,LOUNH91,-0.346435010433197,0.09797052888166158,0.25329098105430603
LESTAURTINIB,5,MEG01,-1.7652510404586792,-0.6655628974597925,-0.6420015692710876
LESTAURTINIB,5,MM1S,-1.5769330263137817,-1.5175613123496472,-1.6410250663757324
LESTAURTINIB,5,MOLM13,-5.117783546447754,-1.7724054679608063,-1.939846396446228
LESTAURTINIB,5,MOLM16,-4.6053972244262695,-0.6905913436916058,-0.671349048614502
LESTAURTINIB,5,NCIH1048,-1.171280026435852,-0.10252929138906548,0.01819191500544548
LESTAURTINIB,5,NCIH1435,1.2828229665756226,0.5332139680266608,0.7636421918869019
LESTAURTINIB,5,NCIH1650,1.8845570087432861,0.8097684653021613,1.0879203081130981
LESTAURTINIB,5,NCIH1781,0.4198330044746399,0.31213787412308525,0.5044161081314087
LESTAURTINIB,5,NCIH2030,0.2242760807275772,-0.2774624043096048,-0.18692852556705475
LESTAURTINIB,5,NCIH2066,2.2298264503479004,-0.16085653724780938,-0.05020057037472725
LESTAURTINIB,5,NCIH2081,0.01133699994534254,-0.03791478064945568,0.09395662695169449
LESTAURTINIB,5,NCIH2110,-0.5953440070152283,0.014563330556665532,0.15549062192440033
LESTAURTINIB,5,NCIH2170,0.5438012480735779,-0.49044424200301706,-0.43666356801986694
LESTAURTINIB,5,NCIH446,-0.07489000260829926,-0.1475494764920887,-0.03459717705845833
LESTAURTINIB,5,NCIH647,-0.620930016040802,-0.07397183571271478,0.051677387207746506
LESTAURTINIB,5,NCIH82,-0.07746399939060211,-1.3855827437112147,-1.486271619796753
LESTAURTINIB,5,NCIH841,0.3582678437232971,0.12013943234306407,0.2792854607105255
LESTAURTINIB,5,OCIAML2,-3.8399879932403564,-1.284634285831102,-1.3679029941558838
LESTAURTINIB,5,OCIM1,-2.385042428970337,-1.2128131690399164,-1.2836880683898926
LESTAURTINIB,5,P31FUJ,-1.6648775339126587,-1.674806376759372,-1.8254051208496094
LESTAURTINIB,5,PL21,-2.41828989982605,-0.9449184290666817,-0.9695640802383423
LESTAURTINIB,5,SHP77,0.2051364928483963,-0.024179886464518158,0.11006168276071548
LESTAURTINIB,5,SKLU1,-0.6847882866859436,0.18738275939961524,0.35813263058662415
LESTAURTINIB,5,SUDHL1,-1.0279419422149658,-1.349397790394822,-1.4438424110412598
LESTAURTINIB,5,SUDHL8,-0.604653000831604,-1.6333454973907706,-1.7767895460128784
LESTAURTINIB,5,SUPB15,-1.5875885486602783,-1.8095322495640795,-1.9833799600601196
LESTAURTINIB,5,SUPM2,-2.380140542984009,-1.0704878074134998,-1.1168023347854614
METHOTREXATE,1,A4FUK,-3.5819449424743652,-1.6663851349947292,-1.7726110219955444
METHOTREXATE,1,BL41,-4.696279048919678,-1.8937875076554658,-2.0169668197631836
METHOTREXATE,1,CALU3,2.3429105281829834,0.2858705106455586,0.3251902461051941
METHOTREXATE,1,CALU6,0.18406927585601807,-0.2818063218324201,-0.28480833768844604
METHOTREXATE,1,CORL23,-1.241683840751648,-0.40999394583555165,-0.4225526750087738
METHOTREXATE,1,CORL279,-1.3164629936218262,0.05255670857875147,0.07448230683803558
METHOTREXATE,1,CORL88,0.9917889833450317,0.16073326658782483,0.1907237023115158
METHOTREXATE,1,DMS114,0.5158125162124634,0.2754572646490857,0.31400066614151
METHOTREXATE,1,DMS273,1.0910805463790894,-0.060685244201131174,-0.04720212146639824
METHOTREXATE,1,DND41,-2.4049758911132812,-1.1988749315766487,-1.2702467441558838
METHOTREXATE,1,EM2,-3.597898006439209,-1.4678283357056103,-1.559251308441162
METHOTREXATE,1,HCC33,2.762096881866455,-0.6227809147715259,-0.651203453540802
METHOTREXATE,1,HCC44,-0.4233910143375397,0.5162026591920976,0.5726942420005798
METHOTREXATE,1,HT,0.005759247113019228,-0.8941604892868921,-0.9428150653839111
METHOTREXATE,1,KOPN8,-1.9944157600402832,-1.4692536740592317,-1.5607829093933105
METHOTREXATE,1,ME1,1.2050584554672241,-0.5471747470621539,-0.5699606537818909
METHOTREXATE,1,MM1S,-3.246558904647827,-1.2614654570333794,-1.3375035524368286
METHOTREXATE,1,MOLT16,-4.231342792510986,-2.3381662490484403,-2.4944751262664795
METHOTREXATE,1,NALM6,-3.5184130668640137,-1.7378875751948537,-1.8494441509246826
METHOTREXATE,1,NB4,0.00348382699303329,-1.8542825156685487,-1.9745166301727295
METHOTREXATE,1,NCIH1437,0.14968936145305634,0.3650849543474227,0.4103103280067444
METHOTREXATE,1,NCIH1650,-0.4590719938278198,1.1193092118830905,1.220763921737671
METHOTREXATE,1,NCIH1915,-0.04781600087881088,-0.7311820678535216,-0.7676861882209778
METHOTREXATE,1,NCIH196,-0.8212299942970276,0.13731286513697116,0.16555725038051605
METHOTREXATE,1,NCIH1963,-2.281904935836792,-0.9150184878250144,-0.9652280807495117
METHOTREXATE,1,NCIH2030,0.6517449021339417,0.1340218733670317,0.16202090680599213
METHOTREXATE,1,NCIH2066,3.2751235961914062,0.08433039375808134,0.10862480103969574
METHOTREXATE,1,NCIH2085,1.591599941253662,-0.0755161772400531,-0.06313873827457428
METHOTREXATE,1,NCIH2110,0.21366697549819946,0.08630338021122438,0.11074487864971161
METHOTREXATE,1,NCIH358,0.12670999765396118,0.06118195813645426,0.08375059068202972
METHOTREXATE,1,NCIH526,-5.060606956481934,0.07418079320038351,0.09771852195262909
METHOTREXATE,1,NCIH650,0.16261139512062073,0.7451956686300935,0.8187592625617981
METHOTREXATE,1,NCIH69,-0.31062349677085876,-0.7961847299714284,-0.8375349640846252
METHOTREXATE,1,NCIH82,-2.401684045791626,-1.4929650118295417,-1.5862619876861572
METHOTREXATE,1,OCIAML3,-1.627959966659546,-1.1805173767770287,-1.2505205869674683
METHOTREXATE,1,OPM2,-1.6773710250854492,-2.25813873679165,-2.4084813594818115
METHOTREXATE,1,P12ICHIKAWA,-3.5076210498809814,-3.155377027157063,-3.3726110458374023
METHOTREXATE,1,SKMES1,0.32182300090789795,0.3279871067874108,0.37044674158096313
METHOTREXATE,1,SUDHL1,2.4756920337677,-2.606461787639032,-2.7827727794647217
METHOTREXATE,1,SUDHL5,-3.8202385902404785,-1.6582273804418648,-1.7638450860977173
METHOTREXATE,1,THP1,-0.24262799322605133,-2.2433473013395675,-2.392587184906006
METHOTREXATE,2,A3KAW,-3.7408699989318848,-1.1965185211787799,-1.1795467138290405
METHOTREXATE,2,DAUDI,-2.2139344215393066,-2.0949254683381726,-2.0977349281311035
METHOTREXATE,2,EJM,1.0539145469665527,-2.052224573053272,-2.054093837738037
METHOTREXATE,2,HCC15,0.5092405080795288,0.3617348206647105,0.41301649808883667
METHOTREXATE,2,HCC78,-0.604714035987854,-0.297193142250323,-0.2604198455810547
METHOTREXATE,2,HH,-2.9576985836029053,-1.3203463118929908,-1.3061009645462036
METHOTREXATE,2,JURKAT,-2.560441017150879,-2.59188570261374,-2.605637311935425
METHOTREXATE,2,JURLMK1,-2.6716980934143066,-1.639223629260126,-1.6319993734359741
METHOTREXATE,2,JVM3,-3.9776809215545654,-0.6060080096467261,-0.5760342478752136
METHOTREXATE,2,K562,0.005220641847699881,-1.8261604197136925,-1.823052167892456
METHOTREXATE,2,KCL22,-3.290386915206909,-1.4990492927186634,-1.4887386560440063
METHOTREXATE,2,KMS11,0.10696350038051605,-1.7149529592698962,-1.7093961238861084
METHOTREXATE,2,KNS62,0.004480248317122459,0.019679231799762407,0.06342947483062744
METHOTREXATE,2,L540,-4.8686041831970215,-1.8501922122262537,-1.8476130962371826
METHOTREXATE,2,LCLC103H,-0.676136314868927,-0.0632662145200087,-0.02134227752685547
METHOTREXATE,2,LOUCY,-0.22682300209999084,-1.9584606676808294,-1.9582654237747192
METHOTREXATE,2,LOUNH91,0.18561282753944397,0.2733957747217093,0.3227323889732361
METHOTREXATE,2,MEG01,-2.7600395679473877,-1.2455405458592752,-1.2296481132507324
METHOTREXATE,2,MOLP8,-1.3079440593719482,-1.2306556292545463,-1.2144354581832886
METHOTREXATE,2,MONOMAC6,-4.610625267028809,-1.698514966845369,-1.692596197128296
METHOTREXATE,2,NCIH1048,-1.33115553855896,0.3052556992278227,0.35529381036758423
METHOTREXATE,2,NCIH1092,0.0832270011305809,0.031231596451996524,0.07523620128631592
METHOTREXATE,2,NCIH1435,0.908909022808075,0.6830113281585779,0.7413669228553772
METHOTREXATE,2,NCIH1436,1.5987030267715454,0.12359930824103799,0.16963768005371094
METHOTREXATE,2,NCIH1623,1.0285940170288086,0.35194945155090146,0.403015673160553
METHOTREXATE,2,NCIH1792,-2.343669891357422,0.07879572442414302,0.1238476037979126
METHOTREXATE,2,NCIH2023,-0.5735859870910645,0.026043226787830304,0.06993359327316284
METHOTREXATE,2,NCIH211,-0.9820687174797058,0.11364096042345412,0.15946006774902344
METHOTREXATE,2,NCIH2172,2.6193385124206543,0.18137518675089695,0.2286856770515442
METHOTREXATE,2,NCIH2196,1.0447461605072021,0.16471697599007357,0.21166068315505981
METHOTREXATE,2,NCIH292,0.3271630108356476,0.18741579437806422,0.23485928773880005
METHOTREXATE,2,NCIH441,0.6334725022315979,0.6354313370011897,0.6927393078804016
METHOTREXATE,2,NCIH810,1.2247174978256226,-0.2164912285521003,-0.17794102430343628
METHOTREXATE,2,NCIH841,0.41192737221717834,0.5172094326538841,0.5719143748283386
METHOTREXATE,2,OCIAML5,-1.4410920143127441,-2.234956103083917,-2.2408487796783447
METHOTREXATE,2,RCHACV,0.004915252793580294,-1.95595020197527,-1.9556996822357178
METHOTREXATE,2,RPMI8226,-2.9119338989257812,-2.1564904902610293,-2.1606554985046387
METHOTREXATE,2,SKLU1,1.300286054611206,0.23898607647013592,0.28756505250930786
METHOTREXATE,2,SUDHL4,0.8092160224914551,-2.0854392835636637,-2.0880398750305176
METHOTREXATE,2,SUDHL6,-3.624974012374878,-2.388974801262897,-2.398258686065674
METHOTREXATE,2,SW1573,0.31915193796157837,0.6419180967132785,0.6993688941001892
METHOTREXATE,3,697,-3.933156967163086,-2.4364161423138664,-2.568826198577881
METHOTREXATE,3,A549,0.666294276714325,0.1444293271597179,0.3459952771663666
METHOTREXATE,3,BEN,0.8236074447631836,0.519778514282275,0.7699167728424072
METHOTREXATE,3,CHAGOK1,1.1292965412139893,0.06004669326639145,0.25069305300712585
METHOTREXATE,3,CMLT1,-2.9060559272766113,-2.542029090683053,-2.688106060028076
METHOTREXATE,3,EBC1,0.22132213413715363,0.22517490321637829,0.4371897876262665
METHOTREXATE,3,EHEB,-0.446476012468338,-2.384985201756513,-2.510739803314209
METHOTREXATE,3,EPLC272H,-0.6049715280532837,0.12052700272578704,0.31899985671043396
METHOTREXATE,3,GRANTA519,-1.8152225017547607,-2.100002119532837,-2.188878297805786
METHOTREXATE,3,HARA,-0.9830264449119568,-0.12163245261029151,0.04550359770655632
METHOTREXATE,3,HDLM2,-0.876347005367279,-2.1166157623296113,-2.207641839981079
METHOTREXATE,3,HL60,-3.3286545276641846,-2.174229426778094,-2.2727110385894775
METHOTREXATE,3,JEKO1,-1.5671249628067017,-1.7851163801832919,-1.8332445621490479
METHOTREXATE,3,JM1,0.002995539689436555,-2.0475004750839303,-2.129582643508911
METHOTREXATE,3,JVM2,-2.613874912261963,-2.1147458303360427,-2.2055299282073975
METHOTREXATE,3,KARPAS422,-0.7927625179290771,-1.6682351810894849,-1.7012382745742798
METHOTREXATE,3,KU812,-1.7436535358428955,-2.7523098885802426,-2.925598382949829
METHOTREXATE,3,L363,0.00391934672370553,-2.2170786925327226,-2.3211052417755127
METHOTREXATE,3,LCLC97TM1,-2.039695978164673,0.3428762557913899,0.5701223611831665
METHOTREXATE,3,NCIH1105,0.8570814728736877,0.37494375290303916,0.6063395738601685
METHOTREXATE,3,NCIH1155,0.17738500237464905,0.14288649604942283,0.3442527949810028
METHOTREXATE,3,NCIH1568,0.32965201139450073,0.6813698337845037,0.9524189233779907
METHOTREXATE,3,NCIH1975,0.23643462359905243,0.19235050373817458,0.4001177251338959
METHOTREXATE,3,NCIH209,-2.8347785472869873,0.3978527419344259,0.6322131156921387
METHOTREXATE,3,NCIH2347,0.7618380188941956,0.257745981584593,0.4739757478237152
METHOTREXATE,3,NCIH2444,2.822009563446045,-0.010541854140992263,0.17096994817256927
METHOTREXATE,3,NCIH522,0.009391841478645802,0.21758867482544714,0.4286218583583832
METHOTREXATE,3,NCIH647,0.7963529825210571,-0.08799467796964644,0.08349429070949554
METHOTREXATE,3,NCIH661,0.6476792693138123,-0.040960600253232254,0.1366148442029953
METHOTREXATE,3,NUDUL1,1.1369835138320923,-2.541664097183744,-2.6876938343048096
METHOTREXATE,3,OCIM1,-1.02401602268219,-2.0366657201087786,-2.1173458099365234
METHOTREXATE,3,RAJI,-3.8744139671325684,-2.631127613690211,-2.7887344360351562
METHOTREXATE,3,RL,0.00938432477414608,-2.3140531799503616,-2.430628776550293
METHOTREXATE,3,RPMI8402,-2.572061777114868,-2.0969126574955967,-2.1853890419006348
METHOTREXATE,3,RS411,-4.337431907653809,0.24388731140941083,0.4583236873149872
METHOTREXATE,3,SIGM5,1.1666510105133057,-1.869907177715088,-1.9290077686309814
METHOTREXATE,3,SKMM2,0.2226399928331375,-2.113670693325065,-2.204315662384033
METHOTREXATE,3,ST486,-3.381047010421753,-2.090841394892862,-2.178532123565674
METHOTREXATE,3,SUDHL10,-3.785245895385742,-0.687885440845259,-0.594025731086731
METHOTREXATE,3,SUPB15,-1.666723370552063,-2.494869144040113,-2.634843349456787
METHOTREXATE,3,SUPT1,-1.4522299766540527,-3.0869090767091265,-3.3034965991973877
METHOTREXATE,4,ALLSIL,-2.3810055255889893,-2.0694935760911926,-2.3081307411193848
METHOTREXATE,4,AMO1,-3.741619110107422,-1.6023109516915564,-1.7118921279907227
METHOTREXATE,4,CA46,-2.16029691696167,-2.508724892541343,-2.868696689605713
METHOTREXATE,4,COLO668,-1.0881969928741455,-0.6426486315079172,-0.48712968826293945
METHOTREXATE,4,CORL105,0.4697335958480835,0.209016916459338,0.5998026132583618
METHOTREXATE,4,CORL95,2.1779046058654785,0.12985909331287682,0.49877798557281494
METHOTREXATE,4,DB,-3.272200584411621,-2.0072292363754567,-2.228666305541992
METHOTREXATE,4,DOHH2,0.0023922461550682783,-2.041461378190081,-2.2723548412323
METHOTREXATE,4,GA10,-2.6169965267181396,-2.2187558994379706,-2.4986257553100586
METHOTREXATE,4,HEL,-3.47758150100708,-1.4731641659109833,-1.5470694303512573
METHOTREXATE,4,KMH2,-1.475090503692627,-1.3102845889871384,-1.3391954898834229
METHOTREXATE,4,L1236,-2.8207836151123047,-1.7452015567356312,-1.89425528049469
METHOTREXATE,4,L428,-2.409843921661377,-1.4715957788697067,-1.5450677871704102
METHOTREXATE,4,LU65,1.7082539796829224,-0.7867058359178442,-0.6709817051887512
METHOTREXATE,4,LXF289,0.42192018032073975,-0.06100326952084445,0.25519120693206787
METHOTREXATE,4,MOLM13,-4.130154609680176,-1.6025163523885824,-1.7121542692184448
METHOTREXATE,4,MOLM16,-0.6088050007820129,-1.694508496578016,-1.8295586109161377
METHOTREXATE,4,NAMALWA,-3.1685750484466553,-2.0889590984456627,-2.3329734802246094
METHOTREXATE,4,NCIH1341,-0.33559098839759827,-0.25689149709199766,0.005190202966332436
METHOTREXATE,4,NCIH1648,0.6121344566345215,0.05542772795187478,0.40378546714782715
METHOTREXATE,4,NCIH1651,0.40529727935791016,-0.057554144401066876,0.25959312915802
METHOTREXATE,4,NCIH2029,1.5151209831237793,-0.044360675709133185,0.27643120288848877
METHOTREXATE,4,NCIH2081,0.4115385115146637,-0.3674749686601734,-0.13594119250774384
METHOTREXATE,4,NCIH2087,0.7353132963180542,-0.18102134754397525,0.10201895982027054
METHOTREXATE,4,NCIH2227,1.0587995052337646,-0.7471112320676239,-0.6204493641853333
METHOTREXATE,4,NCIH2228,0.008220801129937172,-0.11088218772740532,0.19153358042240143
METHOTREXATE,4,NCIH2291,2.8626184463500977,-0.41019929440894287,-0.19046781957149506
METHOTREXATE,4,NCIH23,-0.722484290599823,0.10330888152318779,0.4648934602737427
METHOTREXATE,4,NCIH2342,1.0463839769363403,0.6759172666859805,1.1956809759140015
METHOTREXATE,4,NCIH2405,3.0522449016571045,-0.26472829494579553,-0.004811456426978111
METHOTREXATE,4,NCIH460,0.058400075882673264,-0.2579868273665216,0.0037922952324151993
METHOTREXATE,4,NCIH596,-1.1175930500030518,-0.0050919668256816375,0.32654762268066406
METHOTREXATE,4,NCIH727,0.02815599925816059,-0.6561605226537673,-0.5043741464614868
METHOTREXATE,4,NCIH929,-2.9082350730895996,-1.4256258138667675,-1.4863989353179932
METHOTREXATE,4,OCILY19,0.0028482249472290277,-1.3755467140463757,-1.4224858283996582
METHOTREXATE,4,P31FUJ,-2.2792375087738037,-1.7333683656020389,-1.8791532516479492
METHOTREXATE,4,RERFLCKJ,-0.26063600182533264,-0.2641057412187924,-0.004016926512122154
METHOTREXATE,4,RERFLCMS,0.06685125082731247,0.05142376875281762,0.39867544174194336
METHOTREXATE,4,SHP77,-0.7399299740791321,-0.27412740842417765,-0.016807010397315025
METHOTREXATE,4,SUPM2,-4.691664218902588,-1.8575249138934682,-2.037607192993164
METHOTREXATE,5,ABC1,1.3689639568328857,-0.6581236105046794,-0.6493447422981262
METHOTREXATE,5,BV173,-2.297360897064209,-2.1771335622305634,-2.323096752166748
METHOTREXATE,5,CAL12T,1.6202465295791626,-0.05570850098383244,0.014438598416745663
METHOTREXATE,5,CMK,-2.8019940853118896,-1.6797168966131235,-1.7750080823898315
METHOTREXATE,5,CORL311,-3.7331879138946533,-1.9470940105570123,-2.0696229934692383
METHOTREXATE,5,DMS53,1.3706309795379639,-0.42998944109950293,-0.3979704678058624
METHOTREXATE,5,DMS79,0.4428989887237549,-0.7026663939308634,-0.6984251141548157
METHOTREXATE,5,GDM1,-0.022532999515533447,-1.2546103630519856,-1.306595802307129
METHOTREXATE,5,HCC366,0.009678262285888195,0.04409537277136666,0.12440952658653259
METHOTREXATE,5,HCC827,-0.0647590234875679,-0.06278871033483223,0.006637125741690397
METHOTREXATE,5,IALM,1.3030295372009277,-0.7906945841114096,-0.79542076587677
METHOTREXATE,5,KG1,-0.8532950282096863,-2.1932403943938104,-2.3408443927764893
METHOTREXATE,5,KMS12BM,-1.5748159885406494,-1.628922570381951,-1.7190393209457397
METHOTREXATE,5,LAMA84,-3.4482638835906982,-2.021611829559157,-2.1517319679260254
METHOTREXATE,5,LP1,1.504354476928711,-1.5540765085985808,-1.6365686655044556
METHOTREXATE,5,MHHCALL2,-3.067828416824341,-1.9086301016830691,-2.027240753173828
METHOTREXATE,5,MOLT13,-2.3021299839019775,-1.9826716765444905,-2.1088249683380127
METHOTREXATE,5,NCIH146,1.0159660577774048,-0.1327324430384827,-0.07043179869651794
METHOTREXATE,5,NCIH1781,-0.060619499534368515,0.43759704365091856,0.5579973459243774
METHOTREXATE,5,NCIH1793,0.04918700084090233,-0.12348311538676465,-0.060240238904953
METHOTREXATE,5,NCIH1836,2.1868929862976074,0.7596100278852267,0.9128139019012451
METHOTREXATE,5,NCIH1876,0.46941399574279785,0.5659780533312506,0.6994565725326538
METHOTREXATE,5,NCIH1944,0.33707013726234436,0.07281007074683743,0.15604940056800842
METHOTREXATE,5,NCIH2009,0.5946289896965027,0.20235691569759995,0.298793226480484
METHOTREXATE,5,NCIH2122,-2.056849956512451,0.302689395802394,0.4093466103076935
METHOTREXATE,5,NCIH2170,-0.005368721205741167,-0.1179424226786919,-0.05413511395454407
METHOTREXATE,5,NCIH2171,1.796692967414856,-0.7750586948705999,-0.7781920433044434
METHOTREXATE,5,NCIH446,-0.8102099895477295,-0.0010149114817516042,0.07470384240150452
METHOTREXATE,5,NCIH524,-2.775981903076172,-0.763421060192862,-0.7653688788414001
METHOTREXATE,5,NCIH838,0.2520841062068939,-0.218565387907939,-0.1650085747241974
METHOTREXATE,5,NOMO1,-2.8459079265594482,-1.97496435428526,-2.100332498550415
METHOTREXATE,5,OCIAML2,-2.7745869159698486,-1.4697376958748447,-1.5436382293701172
METHOTREXATE,5,PF382,-3.429414987564087,-1.7660476691548967,-1.870133399963379
METHOTREXATE,5,PL21,0.0036639405880123377,-0.4882008478887415,-0.4621118903160095
METHOTREXATE,5,REH,-4.102365016937256,-2.565709616958391,-2.7512571811676025
METHOTREXATE,5,SBC5,-0.6058265566825867,0.1839176556765939,0.2784755527973175
METHOTREXATE,5,SKM1,-1.184056043624878,-1.2981132421890662,-1.3545303344726562
METHOTREXATE,5,SUDHL8,-1.6316730976104736,-1.45277574474561,-1.5249483585357666
METHOTREXATE,5,SW1271,0.5538558959960938,0.1881717210690027,0.2831629812717438
METHOTREXATE,5,WSUDLCL2,-4.021109104156494,-1.7656376361486854,-1.8696815967559814
MIRIN,1,A4FUK,3.440570592880249,3.5681085495250047,3.4187567234039307
MIRIN,1,A549,4.469666481018066,5.44008950929598,5.554737567901611
MIRIN,1,AMO1,4.07457160949707,4.05229471274132,3.971226215362549
MIRIN,1,BV173,3.2568180561065674,4.28653865966116,4.238504886627197
MIRIN,1,CAL12T,6.059826850891113,5.104633943418673,5.171973705291748
MIRIN,1,CHAGOK1,4.643476486206055,5.057553970800026,5.1182541847229
MIRIN,1,CORL23,5.358188152313232,4.838482363934977,4.868287563323975
MIRIN,1,DMS114,6.148882865905762,4.70348380835299,4.714250564575195
MIRIN,1,DMS79,4.979064464569092,4.977442627876998,5.0268449783325195
MIRIN,1,HCC366,6.078086853027344,4.73336043852974,4.748340606689453
MIRIN,1,HCC44,4.036655426025391,4.881486958924189,4.917356967926025
MIRIN,1,HEL,3.4474270343780518,4.819514222505271,4.846644401550293
MIRIN,1,KARPAS422,4.8640336990356445,4.542157026147527,4.530172348022461
MIRIN,1,KMS11,3.85225248336792,4.177817346692107,4.114450931549072
MIRIN,1,KNS62,4.713186264038086,4.949831442955496,4.995339870452881
MIRIN,1,LAMA84,5.492737770080566,4.7958630743369,4.819657802581787
MIRIN,1,LOUCY,3.1494650840759277,4.576880062637709,4.5697922706604
MIRIN,1,MEG01,5.428821563720703,4.339306692668883,4.298714637756348
MIRIN,1,MOLM16,2.6896305084228516,4.734305732233368,4.749419212341309
MIRIN,1,MOLT16,2.8420095443725586,3.807658385705728,3.692089557647705
MIRIN,1,NCIH1341,3.251692056655884,5.294735766851831,5.388885021209717
MIRIN,1,NCIH1876,3.7121124267578125,4.806685893230167,4.832006931304932
MIRIN,1,NCIH196,6.677537441253662,5.633517830466044,5.775444507598877
MIRIN,1,NCIH2009,4.273690223693848,5.5261668172556995,5.6529541015625
MIRIN,1,NCIH2030,4.583486557006836,5.37491648146133,5.480373382568359
MIRIN,1,NCIH2066,8.092989921569824,5.001199505181983,5.053952217102051
MIRIN,1,NCIH2081,5.245698928833008,4.538258838849805,4.525724411010742
MIRIN,1,NCIH2110,4.662172317504883,4.773622344492907,4.794280529022217
MIRIN,1,NCIH2171,3.4554080963134766,5.0182381943439385,5.073393821716309
MIRIN,1,NCIH2291,6.925899505615234,5.075277600890471,5.138477325439453
MIRIN,1,NCIH23,5.334149360656738,5.080729964706228,5.144698619842529
MIRIN,1,NCIH522,4.39284086227417,5.187558600759395,5.266592979431152
MIRIN,1,NCIH526,6.0438971519470215,4.832202136800525,4.861121654510498
MIRIN,1,NCIH650,6.418498516082764,5.317696123467551,5.415083408355713
MIRIN,1,P31FUJ,4.068518161773682,4.194817588895294,4.133848667144775
MIRIN,1,RPMI8226,4.251584053039551,4.126061053762404,4.055395603179932
MIRIN,1,RS411,3.9771316051483154,5.539034847194749,5.667636871337891
MIRIN,1,ST486,3.237581491470337,3.5172087461822112,3.3606786727905273
MIRIN,1,SUDHL1,3.733628988265991,3.35874229233859,3.1798641681671143
MIRIN,1,SUPB15,4.101009845733643,3.8886918287866035,3.784550905227661
MIRIN,1,THP1,5.232112407684326,3.938532460205504,3.8414204120635986
MIRIN,2,A3KAW,2.6241118907928467,4.382262694638861,4.29736328125
MIRIN,2,ABC1,5.50797176361084,5.0946480841946356,5.223005294799805
MIRIN,2,CALU3,5.325826644897461,4.87196957542157,4.933666706085205
MIRIN,2,CORL311,5.465742111206055,4.640801358362144,4.633296966552734
MIRIN,2,DND41,4.239368915557861,4.105580187767572,3.937854290008545
MIRIN,2,EHEB,5.158253192901611,4.28412865414194,4.169852256774902
MIRIN,2,HCC33,4.623264789581299,4.487456690526679,4.434047698974609
MIRIN,2,HCC827,5.392056941986084,4.901207948737868,4.971657752990723
MIRIN,2,HDLM2,4.861996650695801,4.1831985953414925,4.038708209991455
MIRIN,2,HH,3.7805910110473633,3.9743049448878085,3.7672810554504395
MIRIN,2,JM1,2.991368055343628,4.096132662474753,3.9255785942077637
MIRIN,2,JURKAT,4.472742557525635,4.253610989605522,4.130198955535889
MIRIN,2,JURLMK1,5.5447678565979,4.5387865075804354,4.500743389129639
MIRIN,2,JVM3,2.836886405944824,4.135063703520773,3.976163864135742
MIRIN,2,KCL22,4.627404689788818,4.628686257659385,4.617555141448975
MIRIN,2,KG1,3.498450517654419,3.9824153796583937,3.7778193950653076
MIRIN,2,KOPN8,3.4961795806884766,4.905109676865325,4.976727485656738
MIRIN,2,MOLP8,2.652620553970337,4.585649447774955,4.5616350173950195
MIRIN,2,MOLT13,3.978516101837158,3.850431132006033,3.6063249111175537
MIRIN,2,NALM6,4.0010457038879395,3.9595288744096364,3.748081684112549
MIRIN,2,NCIH1092,5.349013328552246,5.000473020657741,5.100638389587402
MIRIN,2,NCIH1436,4.269618034362793,4.718570227611408,4.734346389770508
MIRIN,2,NCIH1650,5.147884368896484,5.611993306819253,5.895220756530762
MIRIN,2,NCIH1793,8.042449951171875,4.94505504979098,5.02863073348999
MIRIN,2,NCIH211,4.671698093414307,4.779953453436014,4.814105033874512
MIRIN,2,NCIH2196,5.564576148986816,4.913037172257473,4.987028121948242
MIRIN,2,NCIH2227,4.198073387145996,4.44484043937382,4.378674030303955
MIRIN,2,NCIH2405,8.501784324645996,5.212351316978675,5.375943660736084
MIRIN,2,NCIH460,5.739873886108398,4.499786474351576,4.450068473815918
MIRIN,2,NCIH661,4.839165687561035,5.01589901217746,5.120682239532471
MIRIN,2,NCIH727,6.77861213684082,5.145401743125733,5.288952350616455
MIRIN,2,NCIH810,3.742225408554077,5.070674034616898,5.191854476928711
MIRIN,2,NCIH82,3.762085437774658,4.128826149628524,3.9680590629577637
MIRIN,2,NCIH929,3.813952922821045,4.110773500934965,3.9446022510528564
MIRIN,2,NOMO1,4.129647731781006,4.114704954417794,3.9497106075286865
MIRIN,2,OCIAML3,3.3804194927215576,4.717488738447411,4.732941150665283
MIRIN,2,P12ICHIKAWA,4.218138694763184,3.391305953716687,3.0097579956054688
MIRIN,2,SKMM2,4.424424171447754,4.1764674537581765,4.029962062835693
MIRIN,2,SUDHL10,3.5556535720825195,4.510402462996335,4.463862419128418
MIRIN,2,SUDHL5,2.78426194190979,3.986947028433968,3.783707618713379
MIRIN,2,SW1573,6.844055652618408,5.278282522175326,5.461611747741699
MIRIN,3,697,3.198824405670166,4.1131027958570705,4.028861999511719
MIRIN,3,ALLSIL,4.144895553588867,3.6859770688515985,3.5570385456085205
MIRIN,3,BEN,4.330379962921143,5.6180513046992635,5.691299915313721
MIRIN,3,CA46,3.545703411102295,3.5582225177105404,3.41591477394104
MIRIN,3,CMK,4.7888288497924805,4.342716778668177,4.282504558563232
MIRIN,3,COLO668,4.960014820098877,4.984859107171659,4.991845607757568
MIRIN,3,CORL105,5.52571439743042,4.85186846609439,4.844937801361084
MIRIN,3,CORL88,6.08174991607666,4.961977437316865,4.966569423675537
MIRIN,3,DMS53,4.993077278137207,4.728092997973282,4.70820951461792
MIRIN,3,DOHH2,3.2297298908233643,3.8777191858334827,3.768846035003662
MIRIN,3,EJM,3.598844528198242,4.128903873525248,4.046316623687744
MIRIN,3,EPLC272H,5.048895835876465,5.068287761264924,5.084004878997803
MIRIN,3,HCC15,5.445234775543213,5.607990501060082,5.6801862716674805
MIRIN,3,HL60,4.777228832244873,3.8234498978804456,3.708897590637207
MIRIN,3,HT,4.484532356262207,3.490992720088109,3.3416495323181152
MIRIN,3,JVM2,3.4089090824127197,4.088916635995085,4.002144813537598
MIRIN,3,KU812,4.467367649078369,4.905018016430401,4.90364933013916
MIRIN,3,L428,5.1754302978515625,4.189069698042888,4.112778663635254
MIRIN,3,LCLC97TM1,4.1648759841918945,5.020828843544665,5.031579494476318
MIRIN,3,MHHCALL2,3.8114140033721924,3.968652974112727,3.869295835494995
MIRIN,3,MM1S,3.8699610233306885,3.455172987115996,3.302081346511841
MIRIN,3,NB4,2.6112754344940186,3.603908589481252,3.466381788253784
MIRIN,3,NCIH146,3.6270434856414795,4.552883845756594,4.514665126800537
MIRIN,3,NCIH1975,6.313725471496582,5.271246463485676,5.308202743530273
MIRIN,3,NCIH2087,5.609804153442383,5.020404085713071,5.0311102867126465
MIRIN,3,NCIH209,3.5869789123535156,5.125709926455726,5.147436141967773
MIRIN,3,NCIH2172,7.0328521728515625,5.326753765118601,5.369518756866455
MIRIN,3,NCIH446,4.195419788360596,4.879084478822184,4.875001907348633
MIRIN,3,NCIH647,3.585345983505249,5.232143274775741,5.265007495880127
MIRIN,3,NCIH69,2.474984884262085,4.651524787190502,4.623628616333008
MIRIN,3,OCILY19,3.352344036102295,3.8640714663389892,3.753770112991333
MIRIN,3,PF382,5.0375823974609375,3.7162084736856915,3.5904335975646973
MIRIN,3,PL21,4.335155010223389,5.06191509879763,5.07696533203125
MIRIN,3,RAJI,2.8039369583129883,3.3587408727392676,3.1955578327178955
MIRIN,3,REH,3.8128349781036377,4.153784581508203,4.073801040649414
MIRIN,3,RERFLCKJ,5.850118637084961,5.246111505134013,5.280437469482422
MIRIN,3,RPMI8402,4.303423881530762,3.884494375412526,3.7763302326202393
MIRIN,3,SIGM5,2.7663381099700928,3.658701054763447,3.5269081592559814
MIRIN,3,SKMES1,6.43232536315918,6.222057804554396,6.358514308929443
MIRIN,3,SW1271,5.791417121887207,5.493984031401165,5.554249286651611
MIRIN,3,WSUDLCL2,6.718716144561768,3.5336092258624148,3.388725757598877
MIRIN,4,BL41,2.7710530757904053,3.8701208412940598,3.7946174144744873
MIRIN,4,CALU6,5.530643463134766,4.879114095822616,4.955395698547363
MIRIN,4,CORL279,4.224494934082031,4.544044634996918,4.569921016693115
MIRIN,4,DB,3.590883493423462,3.809112343004978,3.724431276321411
MIRIN,4,DMS273,4.700265407562256,4.397757869147407,4.401628017425537
MIRIN,4,GA10,2.8469200134277344,3.9842226203142377,3.9258837699890137
MIRIN,4,GDM1,3.572216033935547,4.148978434375005,4.115424156188965
MIRIN,4,GRANTA519,5.4034528732299805,3.8632752029211805,3.7867419719696045
MIRIN,4,IALM,5.489457607269287,5.519426244469001,5.692031383514404
MIRIN,4,JEKO1,2.020414113998413,3.772435994017222,3.6822376251220703
MIRIN,4,K562,4.625284671783447,4.39315791185374,4.396336078643799
MIRIN,4,KMS12BM,3.13798189163208,3.6426828375086515,3.5329654216766357
MIRIN,4,LCLC103H,4.730627059936523,5.275817098692923,5.411775588989258
MIRIN,4,LU65,5.262148857116699,4.5827351750523055,4.614431858062744
MIRIN,4,ME1,5.908051013946533,4.387634481425247,4.389981746673584
MIRIN,4,MOLM13,2.2246010303497314,3.8576048374719085,3.7802186012268066
MIRIN,4,MONOMAC6,2.591355085372925,3.7310987584041917,3.6346819400787354
MIRIN,4,NAMALWA,3.6315104961395264,3.861635499276042,3.784855604171753
MIRIN,4,NCIH1155,3.6622314453125,5.434409102615456,5.59422492980957
MIRIN,4,NCIH1435,6.423458099365234,5.353471324582806,5.5011115074157715
MIRIN,4,NCIH1437,3.4342939853668213,5.152317488379001,5.269697666168213
MIRIN,4,NCIH1781,6.083810329437256,4.763267541146671,4.822122097015381
MIRIN,4,NCIH1836,4.893095970153809,5.187087412463872,5.309698104858398
MIRIN,4,NCIH1963,6.58955717086792,4.566944116034992,4.5962653160095215
MIRIN,4,NCIH2023,4.610557556152344,5.382496897601454,5.53450345993042
MIRIN,4,NCIH2029,4.9651360511779785,5.183295286920552,5.305335521697998
MIRIN,4,NCIH2122,4.435686111450195,4.858523712106853,4.931707859039307
MIRIN,4,NCIH2342,5.0750532150268555,5.252977718015957,5.385500431060791
MIRIN,4,NCIH2347,4.507568836212158,5.3481729596445335,5.495016098022461
MIRIN,4,NCIH2444,7.1521806716918945,5.593916289967835,5.777727127075195
MIRIN,4,NCIH524,3.837723970413208,4.319981370109062,4.3121514320373535
MIRIN,4,NCIH838,3.8521060943603516,4.898581638998772,4.977791786193848
MIRIN,4,NCIH841,5.248383045196533,5.012924026706008,5.109334945678711
MIRIN,4,OCIAML2,3.5863006114959717,4.5510137899740055,4.577938556671143
MIRIN,4,OCIAML5,4.272363662719727,4.1662599823478095,4.135305404663086
MIRIN,4,OCIM1,5.8251495361328125,4.073327001208407,4.028392314910889
MIRIN,4,RERFLCMS,5.63040018081665,5.502843104140802,5.6729536056518555
MIRIN,4,RL,3.9754951000213623,4.082966684644957,4.039482116699219
MIRIN,4,SKLU1,4.741201400756836,5.498243146847134,5.667661666870117
MIRIN,4,SUDHL6,3.4390220642089844,3.403081764090636,3.2573206424713135
MIRIN,5,CMLT1,3.4563190937042236,4.030149909656333,3.9272220134735107
MIRIN,5,CORL95,5.914444923400879,5.096455751549263,5.21158504486084
MIRIN,5,DAUDI,3.6886661052703857,3.7618027253017945,3.6039984226226807
MIRIN,5,EBC1,4.601874828338623,5.158008039621992,5.285724639892578
MIRIN,5,EM2,3.3048925399780273,3.893447235062111,3.762563943862915
MIRIN,5,HARA,5.242745876312256,4.948769373165675,5.033697128295898
MIRIN,5,HCC78,5.864197731018066,4.759875400219512,4.8061747550964355
MIRIN,5,KMH2,4.320235729217529,3.5701431313546403,3.3731448650360107
MIRIN,5,L1236,3.530977487564087,4.746147452974828,4.789639472961426
MIRIN,5,L363,3.767430543899536,3.7577584103653323,3.5991270542144775
MIRIN,5,L540,2.404484510421753,3.9328488228960135,3.810023069381714
MIRIN,5,LOUNH91,5.6553192138671875,5.193270697085817,5.328198432922363
MIRIN,5,LP1,4.930427074432373,3.661966419977154,3.483745813369751
MIRIN,5,LXF289,4.519741058349609,5.115716920198306,5.234785079956055
MIRIN,5,NCIH1048,4.384355545043945,4.651229170795808,4.6753106117248535
MIRIN,5,NCIH1105,4.463278293609619,4.605292783954841,4.619980335235596
MIRIN,5,NCIH1568,6.616620063781738,5.937502237968037,6.224623680114746
MIRIN,5,NCIH1623,3.9052374362945557,5.337781718176396,5.502261638641357
MIRIN,5,NCIH1648,3.506042003631592,5.093730906237235,5.208302974700928
MIRIN,5,NCIH1651,5.3555006980896,4.927574724274885,5.0081682205200195
MIRIN,5,NCIH1792,5.396914482116699,4.899466814642569,4.9743123054504395
MIRIN,5,NCIH1915,4.812658786773682,4.78576915035304,4.8373637199401855
MIRIN,5,NCIH1944,4.146234035491943,5.0191414823493545,5.118460178375244
MIRIN,5,NCIH2085,6.264629364013672,5.13839216206701,5.262097358703613
MIRIN,5,NCIH2170,4.800740718841553,4.933614672687728,5.015443325042725
MIRIN,5,NCIH2228,6.487179279327393,5.222413438280773,5.363300800323486
MIRIN,5,NCIH292,3.024510383605957,5.0674107928317245,5.176600456237793
MIRIN,5,NCIH358,5.252936363220215,4.737786853215319,4.779569149017334
MIRIN,5,NCIH441,6.673922061920166,5.314161509612964,5.473811149597168
MIRIN,5,NCIH596,6.304473876953125,5.276849774808582,5.428869247436523
MIRIN,5,NUDUL1,2.800795555114746,3.5398749019681848,3.336686849594116
MIRIN,5,OPM2,4.669247150421143,4.055056729764743,3.9572222232818604
MIRIN,5,RCHACV,3.8293659687042236,3.894365677764988,3.7636702060699463
MIRIN,5,SBC5,4.330732345581055,4.596404079641177,4.609273910522461
MIRIN,5,SHP77,4.903561592102051,4.851443345935406,4.916468143463135
MIRIN,5,SKM1,3.695256471633911,4.424542072387204,4.402266502380371
MIRIN,5,SUDHL4,4.048104286193848,4.2930515601318096,4.243886470794678
MIRIN,5,SUDHL8,3.861776113510132,3.940874309833115,3.8196897506713867
MIRIN,5,SUPM2,3.214613437652588,3.8181721461908755,3.6718952655792236
MIRIN,5,SUPT1,4.009084701538086,4.089262584299547,3.9984230995178223
MK-2206,1,ABC1,0.561640202999115,1.7537347810894683,1.7297941446304321
MK-2206,1,CAL12T,2.334897994995117,2.2726986881087656,2.477888584136963
MK-2206,1,CALU3,1.987241506576538,2.0463327886903437,2.151578664779663
MK-2206,1,CORL105,2.416261911392212,2.2641239803950306,2.4655280113220215
MK-2206,1,CORL23,2.0263938903808594,2.4529086315276305,2.737663984298706
MK-2206,1,CORL311,1.7753870487213135,2.53290296034889,2.8529770374298096
MK-2206,1,DMS53,3.8577349185943604,1.4788625884296482,1.333561658859253
MK-2206,1,DOHH2,-0.5183889865875244,1.7071736914863163,1.6626756191253662
MK-2206,1,EBC1,1.160673975944519,1.8991433427432,1.9394028186798096
MK-2206,1,EJM,2.221492052078247,1.7100754536860618,1.6668585538864136
MK-2206,1,EM2,1.2120505571365356,1.5419818084499188,1.4245489835739136
MK-2206,1,HCC366,1.6184630393981934,2.050388259586508,2.1574246883392334
MK-2206,1,HT,-0.2530530095100403,1.2461238357091116,0.998065173625946
MK-2206,1,IALM,3.3183515071868896,2.927767225121029,3.422179937362671
MK-2206,1,KCL22,1.8704890012741089,1.980901933719818,2.0572590827941895
MK-2206,1,KMH2,2.5850815773010254,1.845386686701504,1.8619117736816406
MK-2206,1,MOLT16,-1.4038339853286743,1.2923733635952712,1.0647345781326294
MK-2206,1,NAMALWA,1.0643229484558105,1.7924214429044307,1.7855615615844727
MK-2206,1,NCIH1048,0.5561435222625732,2.105097918209921,2.2362895011901855
MK-2206,1,NCIH1341,2.3035900592803955,2.3899429802156424,2.646898031234741
MK-2206,1,NCIH1648,3.3853964805603027,2.076582764425456,2.1951844692230225
MK-2206,1,NCIH1781,1.951485514640808,2.090944457097833,2.2158870697021484
MK-2206,1,NCIH1792,2.9573874473571777,2.2709026702269766,2.475299596786499
MK-2206,1,NCIH1793,4.454975128173828,2.2223577573911966,2.4053213596343994
MK-2206,1,NCIH1876,2.1974129676818848,2.3504026351612612,2.589900016784668
MK-2206,1,NCIH1915,5.282275199890137,2.5294060263701947,2.8479361534118652
MK-2206,1,NCIH1963,3.5355238914489746,2.173922666442653,2.3355014324188232
MK-2206,1,NCIH2009,0.4831700026988983,2.584709285525677,2.927656650543213
MK-2206,1,NCIH2029,2.858489513397217,2.5015764324089185,2.807819366455078
MK-2206,1,NCIH2291,2.54339861869812,2.166758111455701,2.3251736164093018
MK-2206,1,NCIH292,0.9224194884300232,1.9533887392619826,2.0175983905792236
MK-2206,1,NCIH522,4.570178985595703,2.446801773782969,2.728860855102539
MK-2206,1,NCIH69,1.4920835494995117,2.0694015046032463,2.1848325729370117
MK-2206,1,NCIH82,2.48919939994812,1.3829978391417699,1.195371150970459
MK-2206,1,NCIH929,-2.7751150131225586,1.0529822823708748,0.7196486592292786
MK-2206,1,OCILY19,1.354859471321106,1.912792268212191,1.9590779542922974
MK-2206,1,P31FUJ,1.1143264770507812,2.2253657854983966,2.4096574783325195
MK-2206,1,PL21,0.14559799432754517,1.7388558174045403,1.708345890045166
MK-2206,1,SUDHL4,0.2135539948940277,1.097392831177641,0.7836671471595764
MK-2206,1,SUPB15,2.0599141120910645,1.146819378907875,0.8549162745475769
MK-2206,1,SW1573,3.249039888381958,2.4837427803135284,2.782111883163452
MK-2206,2,A4FUK,-0.4660719931125641,1.2183017145107915,0.9921650290489197
MK-2206,2,DMS114,2.2212884426116943,2.8052558330973394,2.9459102153778076
MK-2206,2,DND41,2.3267605304718018,1.8330510854854374,1.7490007877349854
MK-2206,2,GDM1,1.224663496017456,1.9267996120747939,1.864417314529419
MK-2206,2,GRANTA519,3.615523099899292,1.482715708541324,1.317692756652832
MK-2206,2,HCC78,2.3119850158691406,2.430880078304078,2.4850053787231445
MK-2206,2,HDLM2,2.9865005016326904,1.2346680357218935,1.0123140811920166
MK-2206,2,JM1,2.3406519889831543,1.4678887302665384,1.2994388341903687
MK-2206,2,JURKAT,0.656790018081665,1.7569266435964912,1.6552817821502686
MK-2206,2,KMS11,1.3968935012817383,1.2810905905845593,1.069466233253479
MK-2206,2,KMS12BM,-0.14075100421905518,1.1560385244128852,0.9155110120773315
MK-2206,2,KNS62,1.1400779485702515,1.8741915081563134,1.799649953842163
MK-2206,2,KU812,1.9127000570297241,1.9346163466066382,1.8740407228469849
MK-2206,2,L363,0.2699665129184723,1.1631279744789536,0.9242390394210815
MK-2206,2,L428,3.560415029525757,2.0175504988703166,1.9761433601379395
MK-2206,2,LAMA84,1.8433564901351929,2.31157444055817,2.3381247520446777
MK-2206,2,LXF289,1.938359022140503,2.8381700303555606,2.986431837081909
MK-2206,2,MM1S,-1.5643224716186523,0.4347949871623769,0.027567200362682343
MK-2206,2,MOLT13,3.0527288913726807,1.9406810527635991,1.881507158279419
MK-2206,2,NCIH1435,4.290205001831055,2.2220689715231066,2.2279319763183594
MK-2206,2,NCIH146,3.097329616546631,1.8775507083542489,1.8037855625152588
MK-2206,2,NCIH196,2.6990885734558105,2.056502967901375,2.0240988731384277
MK-2206,2,NCIH1975,0.6141847372055054,2.019855615897644,1.9789812564849854
MK-2206,2,NCIH2030,1.5513819456100464,1.410015632932788,1.2281895875930786
MK-2206,2,NCIH2066,1.6854654550552368,2.462510900737457,2.52394700050354
MK-2206,2,NCIH2081,2.5595273971557617,2.8524995967942806,3.00407338142395
MK-2206,2,NCIH2087,4.276419162750244,2.0378890946496186,2.001182794570923
MK-2206,2,NCIH209,3.6128599643707275,2.533582211601111,2.6114449501037598
MK-2206,2,NCIH2122,1.6418190002441406,1.3358589549785367,1.1368931531906128
MK-2206,2,NCIH2170,1.8773964643478394,1.9635088379666397,1.9096111059188843
MK-2206,2,NCIH2196,1.0318939685821533,2.5288983873195896,2.6056785583496094
MK-2206,2,NCIH23,1.9355709552764893,2.2773303904370854,2.2959659099578857
MK-2206,2,NCIH647,2.901170015335083,2.504996281633553,2.576251983642578
MK-2206,2,OPM2,1.387033462524414,2.138264033851264,2.1247572898864746
MK-2206,2,RAJI,3.1101269721984863,-0.04935462519016165,-0.5684834122657776
MK-2206,2,RPMI8402,-0.30839648842811584,1.5252999520974595,1.3701194524765015
MK-2206,2,SHP77,2.110399007797241,2.434430806750357,2.4893767833709717
MK-2206,2,SKLU1,2.6154136657714844,1.8583364937780606,1.780130386352539
MK-2206,2,SUDHL1,1.7397220134735107,1.5249557241283698,1.3696956634521484
MK-2206,2,SUDHL5,-0.47724801301956177,0.9058352873363824,0.6074785590171814
MK-2206,2,SUPM2,2.042940616607666,1.4842088155127344,1.319530963897705
MK-2206,3,697,-0.4436505138874054,1.2285570126821361,0.904446542263031
MK-2206,3,A3KAW,2.3649864196777344,1.7096831955176872,1.6262385845184326
MK-2206,3,BL41,1.8178925514221191,0.7284576478909155,0.15419067442417145
MK-2206,3,CALU6,3.0909159183502197,1.826230952513094,1.801085114479065
MK-2206,3,CHAGOK1,3.3726320266723633,2.5154434393433283,2.8350510597229004
MK-2206,3,CMLT1,1.827318549156189,1.5009784820534213,1.3131369352340698
MK-2206,3,CORL88,4.051323413848877,2.2320513104931807,2.409902334213257
MK-2206,3,DMS79,2.7632949352264404,2.3121545863632695,2.53007435798645
MK-2206,3,EPLC272H,0.2700274884700775,1.6450201718087376,1.5292302370071411
MK-2206,3,HEL,3.2862284183502197,2.0263167900984334,2.1012566089630127
MK-2206,3,JVM2,1.1955875158309937,1.5602645019733936,1.402078628540039
MK-2206,3,JVM3,1.7019720077514648,1.6508634559404725,1.5379964113235474
MK-2206,3,K562,2.9371824264526367,1.923314047967794,1.9467304944992065
MK-2206,3,KARPAS422,-0.12891949713230133,1.1249972053942199,0.7490847110748291
MK-2206,3,KG1,3.213567018508911,1.394878249459075,1.1539639234542847
MK-2206,3,KOPN8,2.0168890953063965,1.511957286340589,1.3296074867248535
MK-2206,3,L1236,1.5853420495986938,1.820481274080706,1.7924593687057495
MK-2206,3,L540,2.3833394050598145,1.1732391830990416,0.8214579820632935
MK-2206,3,LU65,3.8988404273986816,1.6602663788783614,1.55210280418396
MK-2206,3,NB4,1.677085518836975,1.297091045259117,1.0072622299194336
MK-2206,3,NCIH1092,4.422854900360107,2.2214640132354546,2.39401912689209
MK-2206,3,NCIH1105,2.593679428100586,2.020691707367723,2.092817783355713
MK-2206,3,NCIH2023,0.7188460230827332,2.286167641793612,2.491088390350342
MK-2206,3,NCIH2172,2.9092090129852295,2.233225434273785,2.411663770675659
MK-2206,3,NCIH2228,0.32905107736587524,1.986393562019199,2.04136323928833
MK-2206,3,NCIH358,2.354448080062866,2.3111441533642063,2.5285584926605225
MK-2206,3,NCIH810,4.564026832580566,2.109623796517142,2.2262349128723145
MK-2206,3,NCIH838,1.8436100482940674,1.913367687527499,1.9318088293075562
MK-2206,3,OCIAML2,2.2951884269714355,1.696743995467709,1.6068270206451416
MK-2206,3,OCIAML5,2.0321550369262695,1.416884647421695,1.1869782209396362
MK-2206,3,REH,0.44296199083328247,1.8907843192907203,1.8979289531707764
MK-2206,3,RERFLCKJ,1.0620349645614624,1.7909872147857675,1.7482119798660278
MK-2206,3,RERFLCMS,1.8251320123672485,2.217268125842992,2.3877243995666504
MK-2206,3,RS411,-0.3522365093231201,1.7247702411138035,1.6488723754882812
MK-2206,3,SIGM5,-0.20312899351119995,1.4006943577426125,1.1626893281936646
MK-2206,3,SKMES1,2.239478349685669,2.429317614097254,2.705843925476074
MK-2206,3,SKMM2,1.96082603931427,1.715075853230919,1.6343287229537964
MK-2206,3,ST486,3.117586612701416,1.0466806223508014,0.6315931081771851
MK-2206,3,SUDHL10,-0.6138960123062134,1.2339990160144632,0.9126107096672058
MK-2206,3,SUPT1,1.4826769828796387,1.0044271844809458,0.5682039260864258
MK-2206,3,THP1,1.2011774778366089,1.6094494498260516,1.4758665561676025
MK-2206,4,ALLSIL,0.9997504949569702,1.0133858291293665,0.6219983100891113
MK-2206,4,BEN,3.831526041030884,2.676851617083945,2.9336977005004883
MK-2206,4,BV173,0.679325520992279,1.633122339750806,1.4832390546798706
MK-2206,4,COLO668,2.555327892303467,2.099026047359242,2.13070011138916
MK-2206,4,CORL279,1.902010440826416,2.498655552879348,2.686060667037964
MK-2206,4,DAUDI,1.3594419956207275,1.34841395365748,1.087583065032959
MK-2206,4,DMS273,0.26486554741859436,2.17863297928401,2.2413289546966553
MK-2206,4,HCC44,0.7888846397399902,1.790588581211968,1.7020680904388428
MK-2206,4,HH,0.3905259966850281,2.3829854769379213,2.525315284729004
MK-2206,4,HL60,2.4789741039276123,1.4629250384788304,1.2467178106307983
MK-2206,4,JEKO1,0.38913750648498535,1.7337511797394034,1.6230818033218384
MK-2206,4,JURLMK1,1.9570435285568237,2.3360275933611687,2.4600584506988525
MK-2206,4,LCLC103H,2.8382010459899902,2.9165355442808085,3.2667837142944336
MK-2206,4,LCLC97TM1,2.4758424758911133,1.8972455303694744,1.8502880334854126
MK-2206,4,LOUCY,0.0310479998588562,1.5502077667484695,1.368013620376587
MK-2206,4,MOLM13,1.1380540132522583,1.8507571278378097,1.7856836318969727
MK-2206,4,NALM6,-0.46524500846862793,1.438176619258287,1.2123252153396606
MK-2206,4,NCIH1437,1.3389860391616821,1.7376738727251166,1.628533124923706
MK-2206,4,NCIH1568,3.8691389560699463,2.2899280374542768,2.3959944248199463
MK-2206,4,NCIH1623,2.8345110416412354,2.444962979580355,2.6114447116851807
MK-2206,4,NCIH1650,1.8268029689788818,1.930382502741692,1.8963381052017212
MK-2206,4,NCIH1651,3.6596550941467285,2.433672959798123,2.595755100250244
MK-2206,4,NCIH1944,1.7658987045288086,1.9808266240588799,1.9664397239685059
MK-2206,4,NCIH211,2.8902180194854736,2.0528173776410306,2.0664844512939453
MK-2206,4,NCIH2171,0.09494300186634064,2.620242308083313,2.8550283908843994
MK-2206,4,NCIH2342,2.2708349227905273,2.5496693477979298,2.7569539546966553
MK-2206,4,NCIH2347,3.932033061981201,2.727675149083103,3.004326581954956
MK-2206,4,NCIH2405,4.5001044273376465,1.9647421159572558,1.944087266921997
MK-2206,4,NCIH2444,1.9814900159835815,2.3255909259335015,2.445554733276367
MK-2206,4,NCIH524,1.734483003616333,2.3601631909873206,2.4935994148254395
MK-2206,4,NCIH526,2.7529385089874268,2.591327148083657,2.814845323562622
MK-2206,4,NCIH650,4.561478137969971,2.7079691261337704,2.9769413471221924
MK-2206,4,NCIH661,2.1373136043548584,2.7849681350304456,3.0839459896087646
MK-2206,4,NCIH727,2.396714925765991,1.9519141232794683,1.9262603521347046
MK-2206,4,NOMO1,2.0886545181274414,1.9351935468516384,1.9030239582061768
MK-2206,4,NUDUL1,-0.6747745275497437,1.8506542760612592,1.7855406999588013
MK-2206,4,PF382,1.2831825017929077,1.2669483125631602,0.9743711948394775
MK-2206,4,SBC5,3.321784019470215,2.509290375105874,2.7008397579193115
MK-2206,4,SUDHL6,-1.6074140071868896,1.0589929146032515,0.6853779554367065
MK-2206,4,SW1271,3.0363729000091553,1.932866643356472,1.8997902870178223
MK-2206,5,A549,1.7522615194320679,1.6297885778504042,1.5721842050552368
MK-2206,5,AMO1,1.0002230405807495,2.2610338074250436,2.4089667797088623
MK-2206,5,CA46,2.2134294509887695,1.4029578998742318,1.271496057510376
MK-2206,5,CMK,3.3067259788513184,1.7819325917688285,1.7738672494888306
MK-2206,5,CORL95,2.0291171073913574,2.346154742921545,2.521803617477417
MK-2206,5,DB,2.6727094650268555,1.1902413975367074,0.9895177483558655
MK-2206,5,EHEB,0.2173919975757599,1.6011993449720976,1.5342861413955688
MK-2206,5,GA10,-0.29253050684928894,1.578419199754024,1.5040886402130127
MK-2206,5,HARA,1.7828290462493896,2.1894752935021504,2.314108371734619
MK-2206,5,HCC15,2.575139045715332,2.4166082199360845,2.61519718170166
MK-2206,5,HCC33,2.2612850666046143,1.8929227938081812,1.9209965467453003
MK-2206,5,HCC827,3.569282054901123,1.409780567530726,1.2805402278900146
MK-2206,5,LOUNH91,2.2623400688171387,1.5548649531600462,1.4728649854660034
MK-2206,5,LP1,2.831540584564209,1.1224581565996221,0.8996638655662537
MK-2206,5,ME1,4.455778121948242,1.7779467970217528,1.7685836553573608
MK-2206,5,MEG01,2.7395694255828857,2.2715307587730686,2.422881603240967
MK-2206,5,MHHCALL2,2.950199604034424,1.7790755749574347,1.7700799703598022
MK-2206,5,MOLM16,-0.3029389977455139,1.6134846071892244,1.5505715608596802
MK-2206,5,MOLP8,0.020251000300049782,0.6090946929123505,0.21914608776569366
MK-2206,5,MONOMAC6,0.8064939975738525,1.5143802965247133,1.4191982746124268
MK-2206,5,NCIH1155,2.494699478149414,2.0170643559214607,2.085559368133545
MK-2206,5,NCIH1436,2.23533296585083,2.5259905069427737,2.760195016860962
MK-2206,5,NCIH1836,4.099160194396973,2.7077108049362892,3.001084566116333
MK-2206,5,NCIH2085,2.1135690212249756,1.6210313761792199,1.5605756044387817
MK-2206,5,NCIH2110,1.3109480142593384,2.2934055974679977,2.4518790245056152
MK-2206,5,NCIH2227,5.175924777984619,2.073298036704183,2.1601030826568604
MK-2206,5,NCIH441,4.760088920593262,3.0760389949963223,3.48934268951416
MK-2206,5,NCIH446,1.1139715909957886,2.1660430793857635,2.2830464839935303
MK-2206,5,NCIH460,0.7929753065109253,2.27250360132471,2.424171209335327
MK-2206,5,NCIH596,2.5268900394439697,2.2698325558940518,2.42063045501709
MK-2206,5,NCIH841,4.07536506652832,2.4925072051658312,2.7158093452453613
MK-2206,5,OCIAML3,1.0300389528274536,2.6227891501843286,2.888511896133423
MK-2206,5,OCIM1,2.3744850158691406,1.6245480158521677,1.565237283706665
MK-2206,5,P12ICHIKAWA,0.021747000515460968,1.2046147460570182,1.0085711479187012
MK-2206,5,RCHACV,-2.049823045730591,1.6639435528588324,1.6174602508544922
MK-2206,5,RL,0.5970820188522339,1.3467681939489462,1.1970106363296509
MK-2206,5,RPMI8226,1.4674605131149292,1.7547824788160094,1.7378768920898438
MK-2206,5,SKM1,1.3926810026168823,2.158105662582463,2.27252459526062
MK-2206,5,SUDHL8,3.331857919692993,0.9701334770603577,0.6977413296699524
MK-2206,5,WSUDLCL2,-0.9322065114974976,0.5458544414394764,0.13531441986560822
MOTESANIB,1,A3KAW,3.253848075866699,3.8098223805940354,3.8116977214813232
MOTESANIB,1,A549,4.4188947677612305,4.127369333042026,4.301759719848633
MOTESANIB,1,BEN,3.8938233852386475,4.278001171923163,4.534225940704346
MOTESANIB,1,CMK,2.518815040588379,3.080983432050566,2.686899423599243
MOTESANIB,1,CORL279,3.51676344871521,3.9312385323150436,3.9990761280059814
MOTESANIB,1,DMS53,4.224691867828369,4.005356236573002,4.113460063934326
MOTESANIB,1,DMS79,4.683527946472168,3.9661809650404405,4.053001880645752
MOTESANIB,1,EJM,3.8869473934173584,3.720274952305846,3.673501491546631
MOTESANIB,1,GA10,3.758711099624634,3.4870757983882905,3.3136112689971924
MOTESANIB,1,HCC366,4.518226623535156,4.141880775606882,4.324154853820801
MOTESANIB,1,HCC827,6.582528114318848,4.1226475371625355,4.294472694396973
MOTESANIB,1,JEKO1,3.4923593997955322,3.6244880301038744,3.5256760120391846
MOTESANIB,1,KOPN8,3.102385997772217,3.275966998901056,2.9878125190734863
MOTESANIB,1,LOUCY,3.721858024597168,3.50519532702714,3.3415746688842773
MOTESANIB,1,LXF289,3.4324615001678467,4.125394657118337,4.298712253570557
MOTESANIB,1,ME1,4.085336208343506,3.5062667068996785,3.3432281017303467
MOTESANIB,1,MOLM16,3.5618209838867188,3.1310274545813535,2.7641310691833496
MOTESANIB,1,NAMALWA,3.620117425918579,3.6945419063088942,3.6337883472442627
MOTESANIB,1,NCIH1092,4.255864143371582,4.124284191577773,4.296998500823975
MOTESANIB,1,NCIH1651,4.007111072540283,4.088295406166478,4.241457939147949
MOTESANIB,1,NCIH2023,4.595469951629639,4.213696442160343,4.434986114501953
MOTESANIB,1,NCIH2029,4.102513790130615,4.1453932331097,4.329575538635254
MOTESANIB,1,NCIH2085,4.604294776916504,3.8651318451141132,3.8970553874969482
MOTESANIB,1,NCIH209,4.057173728942871,4.239844908557764,4.475340366363525
MOTESANIB,1,NCIH2170,2.5131595134735107,3.8800173050793187,3.920027732849121
MOTESANIB,1,NCIH2172,4.7992262840271,3.959320735102453,4.042414665222168
MOTESANIB,1,NCIH2196,5.996394157409668,4.114829476624729,4.282407283782959
MOTESANIB,1,NCIH2444,4.866036891937256,4.2350520478273195,4.4679436683654785
MOTESANIB,1,NCIH292,4.354008674621582,3.988903178689029,4.08806848526001
MOTESANIB,1,NCIH526,3.288259506225586,4.200449027009633,4.414541721343994
MOTESANIB,1,NCIH650,4.304444313049316,4.140039886989555,4.321313858032227
MOTESANIB,1,NCIH810,4.320803165435791,4.210095308082639,4.429428577423096
MOTESANIB,1,NCIH82,3.2036330699920654,3.890677959655294,3.9364800453186035
MOTESANIB,1,OCIAML2,3.28279709815979,3.288410917769564,3.007016897201538
MOTESANIB,1,OCILY19,3.683387517929077,3.670250704342281,3.5963003635406494
MOTESANIB,1,REH,3.09552001953125,3.5046260357754737,3.340696096420288
MOTESANIB,1,RERFLCMS,4.308897018432617,4.330527984061963,4.615289211273193
MOTESANIB,1,SIGM5,3.7080209255218506,3.6068795504366697,3.4985013008117676
MOTESANIB,1,SUDHL4,3.1084725856781006,3.404177104862097,3.185675859451294
MOTESANIB,1,SUPM2,2.647200584411621,3.6695624567096696,3.595238208770752
MOTESANIB,1,SW1573,5.417451858520508,4.586863227140513,5.010884761810303
MOTESANIB,2,A4FUK,3.877986431121826,2.7664937157470626,2.3376846313476562
MOTESANIB,2,CHAGOK1,3.3020455837249756,4.313446879590595,4.48884391784668
MOTESANIB,2,DB,3.590742588043213,3.4960097887422066,3.3521337509155273
MOTESANIB,2,EBC1,4.747679233551025,4.214359823888852,4.35105562210083
MOTESANIB,2,EPLC272H,3.027409553527832,4.249800155239033,4.400338172912598
MOTESANIB,2,GRANTA519,4.287301540374756,3.652324888714834,3.569502115249634
MOTESANIB,2,HCC44,3.732572555541992,3.939260479807594,3.96850848197937
MOTESANIB,2,HEL,2.692774534225464,3.6068864562821763,3.5063164234161377
MOTESANIB,2,JM1,3.2730209827423096,3.681698361218023,3.6103482246398926
MOTESANIB,2,JURLMK1,3.04065203666687,3.6471621007085995,3.5623228549957275
MOTESANIB,2,K562,4.296658039093018,3.741931973825427,3.6941077709198
MOTESANIB,2,KARPAS422,3.622025489807129,3.4077563238265265,3.229410409927368
MOTESANIB,2,KCL22,3.358250617980957,4.092365296749246,4.181412696838379
MOTESANIB,2,KMS12BM,4.360505104064941,3.7705608266317823,3.7339184284210205
MOTESANIB,2,L363,3.6413609981536865,3.6966625938958964,3.631157159805298
MOTESANIB,2,L540,3.833998918533325,3.7883176832152587,3.758610725402832
MOTESANIB,2,LU65,5.243285655975342,3.9987311272639703,4.051207065582275
MOTESANIB,2,MONOMAC6,3.728916883468628,3.520008214619618,3.385505437850952
MOTESANIB,2,NALM6,3.56654953956604,3.6547243712516044,3.57283878326416
MOTESANIB,2,NCIH1436,4.033235549926758,4.15956006623235,4.274852275848389
MOTESANIB,2,NCIH1648,3.235852003097534,4.381143662997792,4.582981586456299
MOTESANIB,2,NCIH1650,4.165999412536621,4.46348423371943,4.697482585906982
MOTESANIB,2,NCIH1781,4.418441295623779,4.1675751437335276,4.2859978675842285
MOTESANIB,2,NCIH1792,3.8197383880615234,4.365594947578378,4.561359882354736
MOTESANIB,2,NCIH1793,5.666182041168213,4.240159018975531,4.386931419372559
MOTESANIB,2,NCIH196,4.078083038330078,3.916511602249439,3.9368743896484375
MOTESANIB,2,NCIH1963,4.696055889129639,4.004348608209648,4.059018611907959
MOTESANIB,2,NCIH1975,4.556241989135742,4.119371176944449,4.218966484069824
MOTESANIB,2,NCIH2081,4.244760513305664,3.958330836620739,3.9950273036956787
MOTESANIB,2,NCIH2110,4.3661932945251465,3.9203915800848894,3.942269802093506
MOTESANIB,2,NCIH2227,4.942509651184082,3.765830271242568,3.7273402214050293
MOTESANIB,2,NCIH2228,4.826736927032471,4.181162438629849,4.304892063140869
MOTESANIB,2,NCIH358,3.907686471939087,4.465624993916223,4.7004594802856445
MOTESANIB,2,NCIH841,4.260786533355713,4.134920235269547,4.240588665008545
MOTESANIB,2,NCIH929,3.2045440673828125,3.829968550894804,3.8165295124053955
MOTESANIB,2,P12ICHIKAWA,2.7554330825805664,3.492447855930387,3.3471806049346924
MOTESANIB,2,PL21,4.728329181671143,3.9878627315507935,4.036093711853027
MOTESANIB,2,RCHACV,3.4143149852752686,3.578958674150552,3.4674806594848633
MOTESANIB,2,SKM1,3.68727445602417,3.8194603776046177,3.80191707611084
MOTESANIB,2,ST486,1.8768889904022217,3.3203093730839774,3.1078085899353027
MOTESANIB,2,SUPT1,3.7672669887542725,3.5373551274556547,3.409627676010132
MOTESANIB,3,697,3.3878486156463623,3.7360229491498735,3.616567373275757
MOTESANIB,3,ALLSIL,3.348238945007324,3.083521120246937,2.6132752895355225
MOTESANIB,3,AMO1,4.515818119049072,3.5614628877903574,3.3481624126434326
MOTESANIB,3,BL41,2.833466053009033,3.6512984309284695,3.4862942695617676
MOTESANIB,3,BV173,1.9784159660339355,3.455450753867084,3.185157299041748
MOTESANIB,3,CAL12T,3.900306463241577,4.401600362002547,4.639964580535889
MOTESANIB,3,CALU3,5.284951210021973,4.366433186130045,4.585891246795654
MOTESANIB,3,CALU6,4.704518795013428,4.144676541913068,4.2449164390563965
MOTESANIB,3,CORL311,4.957035064697266,3.852450180234435,3.7955868244171143
MOTESANIB,3,CORL95,4.5055155754089355,4.111810738281747,4.1943817138671875
MOTESANIB,3,DAUDI,3.7090630531311035,3.568856833034979,3.3595314025878906
MOTESANIB,3,HCC33,5.186103820800781,3.9015518068430843,3.8710858821868896
MOTESANIB,3,HH,4.513249397277832,3.458386313715488,3.189671039581299
MOTESANIB,3,HL60,3.016622543334961,3.505644144520346,3.2623350620269775
MOTESANIB,3,HT,4.1315107345581055,3.861321674063224,3.809227705001831
MOTESANIB,3,IALM,4.624622821807861,4.161667497811468,4.2710418701171875
MOTESANIB,3,L428,3.352381467819214,3.658668187110322,3.4976260662078857
MOTESANIB,3,LP1,3.9942140579223633,3.7468782562419465,3.633258581161499
MOTESANIB,3,MEG01,4.151824951171875,3.58155516064037,3.379056453704834
MOTESANIB,3,MHHCALL2,1.3326270580291748,3.6227282016939553,3.442364454269409
MOTESANIB,3,MOLT13,2.8723719120025635,3.416281838687185,3.1249308586120605
MOTESANIB,3,NCIH1105,4.431652069091797,4.138710216546128,4.235742568969727
MOTESANIB,3,NCIH1155,3.89493989944458,4.1994362383964425,4.329115390777588
MOTESANIB,3,NCIH146,4.133154392242432,4.041143321749379,4.085722923278809
MOTESANIB,3,NCIH1568,4.842095375061035,4.439703407839644,4.698552131652832
MOTESANIB,3,NCIH1836,5.1158127784729,4.178430828426883,4.296817302703857
MOTESANIB,3,NCIH446,3.5301895141601562,4.110845656700484,4.192897796630859
MOTESANIB,3,NCIH522,4.52661657333374,4.072554990568829,4.134021759033203
MOTESANIB,3,NCIH596,4.494204998016357,4.512493879804314,4.8104753494262695
MOTESANIB,3,NCIH838,4.110529899597168,4.1278139741170605,4.218988418579102
MOTESANIB,3,OPM2,3.3096325397491455,3.7261505553199514,3.6013875007629395
MOTESANIB,3,RAJI,3.234606981277466,3.247847192299747,2.8659443855285645
MOTESANIB,3,RPMI8226,3.5281989574432373,3.7752510965219384,3.676884889602661
MOTESANIB,3,RPMI8402,3.36895489692688,3.5428231991712686,3.3195018768310547
MOTESANIB,3,SBC5,3.7059919834136963,4.287730038899192,4.464876651763916
MOTESANIB,3,SHP77,3.7668139934539795,4.117810246080948,4.203606605529785
MOTESANIB,3,SKMM2,4.772538661956787,3.7551977432536887,3.6460506916046143
MOTESANIB,3,SUDHL10,2.968900442123413,3.6671159071663615,3.510615348815918
MOTESANIB,3,SUDHL5,2.7560811042785645,3.7368630539068275,3.617859125137329
MOTESANIB,3,SUPB15,3.8363006114959717,3.168098798452683,2.7433226108551025
MOTESANIB,3,THP1,3.997917413711548,3.6344571060914324,3.4603989124298096
MOTESANIB,4,ABC1,6.062619209289551,3.756946429198307,3.7041163444519043
MOTESANIB,4,CA46,4.053314208984375,3.790187429113071,3.751506805419922
MOTESANIB,4,CMLT1,3.3340768814086914,3.406936610802138,3.205120325088501
MOTESANIB,4,CORL23,3.072970390319824,3.9266073087501856,3.945995569229126
MOTESANIB,4,CORL88,4.448738098144531,4.163957613896973,4.284377098083496
MOTESANIB,4,DMS114,4.169517993927002,3.8808704555646507,3.8807902336120605
MOTESANIB,4,DND41,3.457561492919922,3.546925587487001,3.4046974182128906
MOTESANIB,4,DOHH2,2.937283515930176,3.683401657575247,3.599266290664673
MOTESANIB,4,JURKAT,3.130579948425293,3.7890808451394533,3.749929189682007
MOTESANIB,4,JVM2,3.6122970581054688,3.686496313224604,3.6036782264709473
MOTESANIB,4,JVM3,3.834506034851074,3.8822772236447585,3.882795810699463
MOTESANIB,4,KG1,3.404625415802002,3.3980324310996592,3.1924259662628174
MOTESANIB,4,KNS62,3.8126375675201416,4.190181162292779,4.321763038635254
MOTESANIB,4,L1236,3.77866792678833,3.7510733564206915,3.6957433223724365
MOTESANIB,4,LAMA84,3.4021170139312744,3.5187251720589847,3.3644931316375732
MOTESANIB,4,LCLC103H,4.379250526428223,4.285241692461061,4.457287311553955
MOTESANIB,4,LCLC97TM1,4.3530707359313965,3.980994146740225,4.023532867431641
MOTESANIB,4,LOUNH91,3.9151599407196045,4.021031515506103,4.080612659454346
MOTESANIB,4,MOLM13,2.2212700843811035,3.6076766630015973,3.4913079738616943
MOTESANIB,4,NCIH1435,4.395288944244385,4.1417269322011965,4.252683639526367
MOTESANIB,4,NCIH1876,3.949636936187744,4.293807726055839,4.469499588012695
MOTESANIB,4,NCIH1915,4.426131725311279,4.195667758485381,4.329585075378418
MOTESANIB,4,NCIH2009,4.679085731506348,4.416782869625401,4.644820690155029
MOTESANIB,4,NCIH2066,4.741077423095703,3.8884869374287048,3.891648769378662
MOTESANIB,4,NCIH211,3.694075584411621,4.005616267278789,4.058635711669922
MOTESANIB,4,NCIH2171,4.33835506439209,3.821659265984628,3.796375036239624
MOTESANIB,4,NCIH23,3.2559773921966553,4.083252740591815,4.169319152832031
MOTESANIB,4,NCIH2342,4.7533183097839355,3.8845082855749435,3.885976552963257
MOTESANIB,4,NCIH2347,5.457202911376953,4.245479924479302,4.400600433349609
MOTESANIB,4,NCIH441,6.196349143981934,4.432220527139773,4.666829586029053
MOTESANIB,4,NCIH524,3.995404005050659,3.9690326044556574,4.006479740142822
MOTESANIB,4,NCIH647,4.288333892822266,4.105285417840748,4.200730323791504
MOTESANIB,4,NCIH661,3.5632336139678955,4.278263373577712,4.447338581085205
MOTESANIB,4,OCIAML3,3.9537739753723145,3.926071659896098,3.9452319145202637
MOTESANIB,4,OCIAML5,3.0626025199890137,3.760364012708183,3.708988666534424
MOTESANIB,4,PF382,3.1913344860076904,3.3233658572558005,3.0859766006469727
MOTESANIB,4,RS411,3.2553579807281494,4.385499839358984,4.600221633911133
MOTESANIB,4,SKMES1,4.6237688064575195,4.2916557655643,4.466431617736816
MOTESANIB,4,SUDHL8,3.5240910053253174,3.1762475498501734,2.8762354850769043
MOTESANIB,4,SW1271,5.46207857131958,4.0554933198650875,4.129743576049805
MOTESANIB,5,COLO668,4.522231101989746,3.926020809263916,3.928546905517578
MOTESANIB,5,CORL105,5.151403903961182,4.262663674272311,4.306138038635254
MOTESANIB,5,DMS273,3.621577024459839,3.766439330666409,3.749554395675659
MOTESANIB,5,EHEB,3.7391040325164795,4.188315504952006,4.2227463722229
MOTESANIB,5,EM2,3.6756460666656494,3.677549937355959,3.649852752685547
MOTESANIB,5,GDM1,-1.1941169500350952,3.547466042326934,3.503945827484131
MOTESANIB,5,HARA,3.85619854927063,4.249027756206447,4.290843486785889
MOTESANIB,5,HCC15,4.753035545349121,4.333561095441701,4.385659217834473
MOTESANIB,5,HCC78,3.9794445037841797,4.086207879920186,4.108218669891357
MOTESANIB,5,HDLM2,4.261681079864502,3.658232209626796,3.628185272216797
MOTESANIB,5,KMH2,3.187405824661255,3.452337286538116,3.3972458839416504
MOTESANIB,5,KMS11,3.3723199367523193,3.6271027797139386,3.5932693481445312
MOTESANIB,5,KU812,3.9441885948181152,3.5225931924974856,3.4760475158691406
MOTESANIB,5,MM1S,3.6950764656066895,3.5573940109814046,3.5150814056396484
MOTESANIB,5,MOLP8,3.7950034141540527,3.8567890319599063,3.850893974304199
MOTESANIB,5,MOLT16,3.139336585998535,3.2112602068983276,3.126844882965088
MOTESANIB,5,NB4,3.2693095207214355,3.4370008642707397,3.3800439834594727
MOTESANIB,5,NCIH1048,4.183408737182617,4.197579001589736,4.2331366539001465
MOTESANIB,5,NCIH1341,3.0474040508270264,4.092598799835515,4.115386962890625
MOTESANIB,5,NCIH1437,3.756143093109131,4.275647448976898,4.3207011222839355
MOTESANIB,5,NCIH1623,4.635233402252197,4.312791137124448,4.362362861633301
MOTESANIB,5,NCIH1944,4.034019470214844,4.345426363507743,4.398967742919922
MOTESANIB,5,NCIH2030,3.9591174125671387,4.369113536782688,4.425536155700684
MOTESANIB,5,NCIH2087,4.588567733764648,4.531844136598369,4.608060836791992
MOTESANIB,5,NCIH2122,0.7867739796638489,4.037808129336785,4.053931713104248
MOTESANIB,5,NCIH2291,6.048456192016602,4.454433359211142,4.521234035491943
MOTESANIB,5,NCIH2405,5.744169235229492,4.365127980060397,4.421065807342529
MOTESANIB,5,NCIH460,4.159135818481445,4.084447007819522,4.10624361038208
MOTESANIB,5,NCIH69,4.407339096069336,4.125395574117954,4.152173042297363
MOTESANIB,5,NCIH727,4.5252909660339355,4.462552841647305,4.530341148376465
MOTESANIB,5,NOMO1,4.32874059677124,3.689158641850598,3.6628735065460205
MOTESANIB,5,NUDUL1,3.467073440551758,3.411720318558979,3.3516883850097656
MOTESANIB,5,OCIM1,3.315389394760132,3.446891209269752,3.3911373615264893
MOTESANIB,5,P31FUJ,3.4466285705566406,3.49056015716455,3.4401180744171143
MOTESANIB,5,RERFLCKJ,4.26475191116333,4.619634366505567,4.70652961730957
MOTESANIB,5,RL,4.172820568084717,3.4527028949414404,3.397655963897705
MOTESANIB,5,SKLU1,1.7255009412765503,4.417600863332467,4.479921340942383
MOTESANIB,5,SUDHL1,4.976861000061035,3.6386725851749677,3.6062464714050293
MOTESANIB,5,SUDHL6,2.7356760501861572,3.5679579682072404,3.526930332183838
MOTESANIB,5,WSUDLCL2,3.545823097229004,3.6045173205985472,3.567936658859253
NAVITOCLAX,1,A549,2.17195200920105,2.5005465215984612,2.826519250869751
NAVITOCLAX,1,BL41,1.9493160247802734,0.551220583671082,0.5421589016914368
NAVITOCLAX,1,BV173,-3.231868028640747,-0.08955512246877165,-0.20874816179275513
NAVITOCLAX,1,CAL12T,2.5819740295410156,1.6606187841392723,1.8422315120697021
NAVITOCLAX,1,CORL279,-1.117779016494751,-0.414745386801165,-0.5898295044898987
NAVITOCLAX,1,DMS114,2.7091939449310303,0.851810512969045,0.8944118022918701
NAVITOCLAX,1,DND41,-1.9551249742507935,-0.2016499392343572,-0.3401089310646057
NAVITOCLAX,1,DOHH2,-1.0459840297698975,0.2216730589819623,0.15597140789031982
NAVITOCLAX,1,EBC1,-0.05490272864699364,1.456002973044291,1.6024479866027832
NAVITOCLAX,1,GA10,3.5636725425720215,0.8848754799600832,0.9331597089767456
NAVITOCLAX,1,GRANTA519,-0.6392170190811157,0.2444924852168501,0.1827128529548645
NAVITOCLAX,1,HCC33,1.6086245775222778,-0.05151643842795717,-0.16417169570922852
NAVITOCLAX,1,JURKAT,0.5564329028129578,-0.3638128396367305,-0.5301430821418762
NAVITOCLAX,1,KMH2,2.6510629653930664,0.4104008177943737,0.3771361708641052
NAVITOCLAX,1,L363,2.4101738929748535,1.3627523015103988,1.493170142173767
NAVITOCLAX,1,L428,-0.4366615116596222,0.5698383387426462,0.563976526260376
NAVITOCLAX,1,LXF289,2.762836456298828,1.8720152119556968,2.089961051940918
NAVITOCLAX,1,MOLT13,-2.0882749557495117,-0.7549093435175341,-0.9884580969810486
NAVITOCLAX,1,NALM6,-1.1000360250473022,-1.3455173258669957,-1.6805750131607056
NAVITOCLAX,1,NCIH1341,-1.6103049516677856,0.9741366797797776,1.0377624034881592
NAVITOCLAX,1,NCIH1435,-0.2871219515800476,0.84351149017024,0.8846864104270935
NAVITOCLAX,1,NCIH1648,1.0271024703979492,2.0934299765639275,2.349430799484253
NAVITOCLAX,1,NCIH1963,-3.078207015991211,0.06319333950065695,-0.0297465268522501
NAVITOCLAX,1,NCIH2023,2.5769379138946533,1.8578847224642445,2.073401927947998
NAVITOCLAX,1,NCIH2030,2.8197906017303467,2.187676032378594,2.4598751068115234
NAVITOCLAX,1,NCIH2066,0.9605699777603149,1.01044424966647,1.0803102254867554
NAVITOCLAX,1,NCIH2081,2.387655019760132,-0.20287919050148878,-0.34154945611953735
NAVITOCLAX,1,NCIH2122,1.1566979885101318,2.2526914614878892,2.536064863204956
NAVITOCLAX,1,NCIH2171,-0.9022607207298279,0.1736851161399564,0.09973568469285965
NAVITOCLAX,1,NCIH2196,-1.7002760171890259,0.8352128234107792,0.8749614357948303
NAVITOCLAX,1,NCIH2227,0.46091151237487793,0.20781763531526373,0.13973462581634521
NAVITOCLAX,1,NCIH2228,1.9877970218658447,1.6567449743491667,1.8376919031143188
NAVITOCLAX,1,NCIH23,1.9687241315841675,1.8353569941777597,2.0470023155212402
NAVITOCLAX,1,NCIH292,1.7893290519714355,1.9326110738230355,2.1609716415405273
NAVITOCLAX,1,NCIH526,-0.9932649731636047,-0.13113512641499964,-0.2574746012687683
NAVITOCLAX,1,OCIAML3,1.901515007019043,-0.7181224429480609,-0.9453485608100891
NAVITOCLAX,1,P31FUJ,0.4067144989967346,0.09007237650515476,0.0017522621201351285
NAVITOCLAX,1,PF382,-0.1580670028924942,-0.61835238584582,-0.8284308314323425
NAVITOCLAX,1,RS411,-3.1500325202941895,1.616608659080788,1.7906572818756104
NAVITOCLAX,1,SW1271,2.7747154235839844,1.2022738741080612,1.305109977722168
NAVITOCLAX,1,THP1,0.5032140016555786,0.18972921538080004,0.11853731423616409
NAVITOCLAX,2,ALLSIL,-2.6583070755004883,-0.9002846901339775,-0.9099551439285278
NAVITOCLAX,2,EHEB,-1.0371379852294922,1.0139171260429136,0.9757890701293945
NAVITOCLAX,2,EPLC272H,2.1409859657287598,1.6580302131169287,1.6103264093399048
NAVITOCLAX,2,GDM1,-2.6339919567108154,-1.0463002830732497,-1.0537999868392944
NAVITOCLAX,2,HCC366,0.35435086488723755,2.3530626107032035,2.2950260639190674
NAVITOCLAX,2,HCC78,3.0594000816345215,3.076638801236025,3.007845163345337
NAVITOCLAX,2,HCC827,2.110140562057495,2.0813956639914855,2.027397871017456
NAVITOCLAX,2,HL60,-2.1056950092315674,-0.12419487492459036,-0.14540311694145203
NAVITOCLAX,2,HT,2.158629894256592,0.6006303931879741,0.5686464905738831
NAVITOCLAX,2,JM1,-0.7840579748153687,0.6490438645158199,0.6163402199745178
NAVITOCLAX,2,JURLMK1,0.0752328634262085,-0.3379873189856211,-0.35601720213890076
NAVITOCLAX,2,KCL22,0.704039990901947,0.9556999279812618,0.9184373617172241
NAVITOCLAX,2,KG1,-2.30017352104187,-0.13329893186100988,-0.15437182784080505
NAVITOCLAX,2,KMS11,1.989248514175415,1.369800380924843,1.3263815641403198
NAVITOCLAX,2,L1236,-2.3862979412078857,1.1386981883620901,1.09871506690979
NAVITOCLAX,2,LOUNH91,1.145208477973938,1.8692046433304226,1.8183614015579224
NAVITOCLAX,2,MOLM13,-0.3415369987487793,-0.2933520887653161,-0.31204554438591003
NAVITOCLAX,2,MOLM16,0.32099398970603943,-0.10717808743626714,-0.1286393105983734
NAVITOCLAX,2,MOLP8,1.528199553489685,1.111967704290299,1.0723819732666016
NAVITOCLAX,2,NB4,0.18463249504566193,0.3185904968564408,0.2907995581626892
NAVITOCLAX,2,NCIH1092,0.14270634949207306,-0.09793166427421195,-0.11953034996986389
NAVITOCLAX,2,NCIH1105,-2.5925049781799316,-0.39447421984339365,-0.41166433691978455
NAVITOCLAX,2,NCIH1155,-0.455051988363266,0.9020369365366182,0.8655721545219421
NAVITOCLAX,2,NCIH1568,3.742185115814209,2.027884840442071,1.9746825695037842
NAVITOCLAX,2,NCIH1651,2.898348093032837,1.7217316268284173,1.6730808019638062
NAVITOCLAX,2,NCIH1793,4.378100872039795,2.1785694163392058,2.123126983642578
NAVITOCLAX,2,NCIH2291,2.22506046295166,2.4744389844337826,2.414597988128662
NAVITOCLAX,2,NCIH2342,1.1329704523086548,0.9437015348205616,0.9066173434257507
NAVITOCLAX,2,NCIH2347,2.242053508758545,2.010395999705805,1.957453727722168
NAVITOCLAX,2,NCIH358,3.3064358234405518,2.0106944060912,1.9577476978302002
NAVITOCLAX,2,NCIH441,3.1656603813171387,2.2074047181999528,2.151533603668213
NAVITOCLAX,2,NCIH596,1.3360910415649414,2.454372425602752,2.394829750061035
NAVITOCLAX,2,NCIH841,2.108186960220337,2.010665485115487,1.9577192068099976
NAVITOCLAX,2,OCILY19,-2.3240950107574463,-0.10550218344821713,-0.12698832154273987
NAVITOCLAX,2,OCIM1,-0.5007835030555725,-0.03722066735067131,-0.059721916913986206
NAVITOCLAX,2,SBC5,2.5430195331573486,1.563849479234888,1.5175458192825317
NAVITOCLAX,2,SIGM5,0.356891006231308,0.19000109262341108,0.1641218364238739
NAVITOCLAX,2,SKMM2,-2.7632415294647217,-0.03853481712576955,-0.06101652979850769
NAVITOCLAX,2,SUDHL10,1.8802729845046997,0.7856662512656708,0.7509315013885498
NAVITOCLAX,2,SUDHL5,2.789731025695801,1.1704973456962695,1.130041480064392
NAVITOCLAX,2,SW1573,3.0785107612609863,2.6744750877413197,2.6116602420806885
NAVITOCLAX,3,697,-1.781980037689209,0.4865045030924965,0.5144283771514893
NAVITOCLAX,3,A3KAW,2.226543426513672,0.6069216250949186,0.627657949924469
NAVITOCLAX,3,AMO1,3.3735454082489014,0.5826285378555751,0.604814887046814
NAVITOCLAX,3,CALU6,0.6898720264434814,1.9062381025527886,1.8494198322296143
NAVITOCLAX,3,CHAGOK1,2.5408945083618164,2.1335188065651427,2.0631344318389893
NAVITOCLAX,3,COLO668,0.3629831373691559,-0.4283166593597711,-0.34578824043273926
NAVITOCLAX,3,CORL95,-1.5506930351257324,0.36186788159452155,0.39723116159439087
NAVITOCLAX,3,DAUDI,1.959581971168518,0.9027452668612482,0.9058242440223694
NAVITOCLAX,3,EJM,1.125150442123413,1.0670076324426279,1.0602819919586182
NAVITOCLAX,3,HDLM2,-2.5409159660339355,0.7082552831723244,0.722943127155304
NAVITOCLAX,3,HEL,-0.11579199880361557,0.16140062753772952,0.208729550242424
NAVITOCLAX,3,IALM,1.6249505281448364,1.98872898173334,1.9269869327545166
NAVITOCLAX,3,JEKO1,0.02106558158993721,1.2867395614658523,1.2668983936309814
NAVITOCLAX,3,JVM2,1.082252025604248,0.1744430684040496,0.2209935039281845
NAVITOCLAX,3,JVM3,-0.3088879883289337,1.1035060558651457,1.0946018695831299
NAVITOCLAX,3,KNS62,2.295171022415161,2.8507137903183914,2.737520933151245
NAVITOCLAX,3,KU812,0.4398669898509979,-0.1619876303034598,-0.0953560620546341
NAVITOCLAX,3,LAMA84,-0.04683699831366539,-1.1417765563078048,-1.01666259765625
NAVITOCLAX,3,LP1,1.408262014389038,-0.06469813721282876,-0.003873658599331975
NAVITOCLAX,3,MHHCALL2,2.171461582183838,-2.037610161194711,-1.859025001525879
NAVITOCLAX,3,MM1S,-0.6992924809455872,1.5683949243924142,1.5317420959472656
NAVITOCLAX,3,NCIH1437,3.3150064945220947,1.9245666763012506,1.866654396057129
NAVITOCLAX,3,NCIH1836,-1.1612850427627563,0.15237332258234448,0.2002410739660263
NAVITOCLAX,3,NCIH196,2.0641849040985107,1.4942837128396929,1.4620544910430908
NAVITOCLAX,3,NCIH2444,1.8396861553192139,1.088508786032937,1.0804997682571411
NAVITOCLAX,3,NCIH446,1.6401604413986206,0.38301025792399435,0.4171115756034851
NAVITOCLAX,3,NCIH650,4.106070041656494,0.7891649434886422,0.7990233898162842
NAVITOCLAX,3,NCIH810,2.5286624431610107,-0.1422153901034882,-0.07676400244235992
NAVITOCLAX,3,OCIAML2,-2.64837908744812,0.33237750004742916,0.3695010244846344
NAVITOCLAX,3,P12ICHIKAWA,-1.7882939577102661,-0.5854794821865703,-0.4935702085494995
NAVITOCLAX,3,RAJI,3.6066393852233887,1.0203617710300539,1.0164203643798828
NAVITOCLAX,3,RCHACV,0.3862999975681305,-0.15090375830733757,-0.08493377268314362
NAVITOCLAX,3,REH,-2.047804594039917,-0.3156436272643144,-0.2398405224084854
NAVITOCLAX,3,RERFLCKJ,2.367464542388916,2.291810066281943,2.211977481842041
NAVITOCLAX,3,RPMI8226,-1.3481504917144775,0.3051404425406563,0.3438897132873535
NAVITOCLAX,3,RPMI8402,-0.8122159838676453,-1.4078793686945739,-1.266882061958313
NAVITOCLAX,3,SKMES1,3.307007074356079,2.5678084119176794,2.4715018272399902
NAVITOCLAX,3,SUDHL1,3.598475933074951,0.9525509670857354,0.9526571035385132
NAVITOCLAX,3,SUDHL4,0.45387399196624756,0.10834457013940793,0.1588403433561325
NAVITOCLAX,3,SUDHL8,-0.888338029384613,0.7670458182524157,0.778224527835846
NAVITOCLAX,3,WSUDLCL2,-0.185916006565094,-0.20199129488670664,-0.13297195732593536
NAVITOCLAX,4,ABC1,2.4376180171966553,1.3732021570305943,1.4471004009246826
NAVITOCLAX,4,BEN,-0.4416349232196808,1.5742713950823397,1.665505290031433
NAVITOCLAX,4,CALU3,0.33936598896980286,1.4003228805380132,1.4765594005584717
NAVITOCLAX,4,CMLT1,-1.3352710008621216,-0.7376830349157605,-0.8457796573638916
NAVITOCLAX,4,CORL88,-0.8531579971313477,-0.6179153869420492,-0.7156859636306763
NAVITOCLAX,4,DB,-0.9773774743080139,0.45930288811817344,0.4544071853160858
NAVITOCLAX,4,DMS273,2.5496275424957275,0.24312966676726414,0.21959608793258667
NAVITOCLAX,4,DMS79,-1.3107019662857056,-0.1634880033676727,-0.2220790684223175
NAVITOCLAX,4,EM2,-1.7942994832992554,1.0262264555311476,1.0702093839645386
NAVITOCLAX,4,HCC15,-0.5703726410865784,2.0674121243892465,2.2011632919311523
NAVITOCLAX,4,K562,2.3642280101776123,0.47488575324407983,0.4713335633277893
NAVITOCLAX,4,KARPAS422,0.30656200647354126,1.2803514320481426,1.3462443351745605
NAVITOCLAX,4,KOPN8,-1.1647100448608398,-0.7771114658465482,-0.8886075019836426
NAVITOCLAX,4,LU65,3.966174602508545,2.0996962332947593,2.2362308502197266
NAVITOCLAX,4,MEG01,0.007258316036313772,-0.09461786066021793,-0.14727112650871277
NAVITOCLAX,4,MOLT16,-1.7866405248641968,-0.8880001278432273,-1.0090566873550415
NAVITOCLAX,4,MONOMAC6,1.1652050018310547,0.6757685308343527,0.689535915851593
NAVITOCLAX,4,NAMALWA,2.4797544479370117,-0.5739326674708323,-0.667911171913147
NAVITOCLAX,4,NCIH146,-2.9857735633850098,-0.17145806318701454,-0.23073628544807434
NAVITOCLAX,4,NCIH1623,2.378549098968506,1.8953434693178823,2.0142593383789062
NAVITOCLAX,4,NCIH1650,1.3836499452590942,2.10450930568931,2.2414588928222656
NAVITOCLAX,4,NCIH2009,2.9240028858184814,2.5779549155404142,2.755723714828491
NAVITOCLAX,4,NCIH2087,1.8118809461593628,2.0521416820524494,2.1845762729644775
NAVITOCLAX,4,NCIH209,-1.877692461013794,-0.023262115770371808,-0.06976328045129776
NAVITOCLAX,4,NCIH2110,6.159334182739258,1.0347702736156916,1.079489827156067
NAVITOCLAX,4,NCIH2170,-0.038617439568042755,0.7745466462193374,0.796830415725708
NAVITOCLAX,4,NCIH2405,2.3944449424743652,1.8002664130102786,1.910984992980957
NAVITOCLAX,4,NCIH460,3.342432975769043,1.6349569771040913,1.731423020362854
NAVITOCLAX,4,NCIH522,3.006845474243164,1.4862060862046853,1.5698472261428833
NAVITOCLAX,4,NCIH647,2.5474627017974854,2.129667091107324,2.2687857151031494
NAVITOCLAX,4,NCIH727,3.9912824630737305,1.3044047218309238,1.3723714351654053
NAVITOCLAX,4,NCIH82,1.641337513923645,0.3319797777402634,0.3161066174507141
NAVITOCLAX,4,NCIH929,2.254686117172241,0.8975061263479857,0.9303911328315735
NAVITOCLAX,4,NOMO1,0.949921190738678,0.12681276512738932,0.09325065463781357
NAVITOCLAX,4,NUDUL1,0.3401404917240143,-0.21265759413383795,-0.2754879295825958
NAVITOCLAX,4,PL21,1.610079050064087,-0.2647560628079193,-0.3320781886577606
NAVITOCLAX,4,RL,-0.2243890017271042,0.7140830827458845,0.7311538457870483
NAVITOCLAX,4,SKLU1,1.3233890533447266,1.7574449284671614,1.8644715547561646
NAVITOCLAX,4,SUDHL6,-1.115159511566162,0.47334440895264274,0.46965932846069336
NAVITOCLAX,4,SUPT1,0.46744048595428467,-1.1812538157381662,-1.3275939226150513
NAVITOCLAX,5,A4FUK,2.7260875701904297,0.32792618624842246,0.3255172371864319
NAVITOCLAX,5,CA46,3.2268614768981934,0.2187088849565905,0.2126489281654358
NAVITOCLAX,5,CMK,-0.6631159782409668,0.5094997420103926,0.5131605863571167
NAVITOCLAX,5,CORL105,1.5234639644622803,2.1861802867627897,2.2458906173706055
NAVITOCLAX,5,CORL23,1.7016379833221436,1.4830833548818454,1.5192899703979492
NAVITOCLAX,5,CORL311,-1.9186869859695435,-0.7453038756531751,-0.7835896611213684
NAVITOCLAX,5,DMS53,-2.0697379112243652,1.3777038534543777,1.4103877544403076
NAVITOCLAX,5,HARA,3.008707046508789,1.67044412135302,1.712913990020752
NAVITOCLAX,5,HCC44,2.153434991836548,1.419896812035332,1.453991174697876
NAVITOCLAX,5,HH,0.5478410124778748,-0.5411636068113904,-0.5726252198219299
NAVITOCLAX,5,KMS12BM,-1.0749508142471313,0.47465192517315297,0.4771478474140167
NAVITOCLAX,5,L540,0.6349520087242126,0.6650773080689306,0.6739389300346375
NAVITOCLAX,5,LCLC103H,2.7653872966766357,2.769624147044438,2.8488383293151855
NAVITOCLAX,5,LCLC97TM1,3.877685546875,1.4946392044403756,1.5312321186065674
NAVITOCLAX,5,LOUCY,-3.7334394454956055,-0.8333837472802635,-0.8746139407157898
NAVITOCLAX,5,ME1,-2.996201992034912,-0.47065052291933307,-0.49975496530532837
NAVITOCLAX,5,NCIH1048,-0.3216380476951599,0.5180189771255969,0.5219646096229553
NAVITOCLAX,5,NCIH1436,0.2534410059452057,-0.7317956737440474,-0.7696298956871033
NAVITOCLAX,5,NCIH1781,2.858140468597412,0.7967062877841988,0.809968113899231
NAVITOCLAX,5,NCIH1792,1.640181064605713,1.5322040786102038,1.5700527429580688
NAVITOCLAX,5,NCIH1876,-1.0367029905319214,-0.33614676925396686,-0.36075490713119507
NAVITOCLAX,5,NCIH1915,2.113208532333374,2.13220677065409,2.190112829208374
NAVITOCLAX,5,NCIH1944,1.6497119665145874,2.2925841243127563,2.355851411819458
NAVITOCLAX,5,NCIH1975,2.83661150932312,1.460490168250216,1.4959415197372437
NAVITOCLAX,5,NCIH2029,1.6254860162734985,-0.7574025772153636,-0.7960928082466125
NAVITOCLAX,5,NCIH2085,1.117376446723938,1.8530109255589973,1.9015837907791138
NAVITOCLAX,5,NCIH211,-1.1578949689865112,-0.059888334878624924,-0.07526147365570068
NAVITOCLAX,5,NCIH2172,3.2399868965148926,1.9767176227980179,2.029425859451294
NAVITOCLAX,5,NCIH524,-0.8798530101776123,0.31100067560674793,0.30802592635154724
NAVITOCLAX,5,NCIH661,1.584867238998413,1.9987150103223597,2.0521585941314697
NAVITOCLAX,5,NCIH69,-1.115887999534607,0.11998947165262415,0.11062943935394287
NAVITOCLAX,5,NCIH838,2.5018534660339355,2.426849442982041,2.49460506439209
NAVITOCLAX,5,OCIAML5,-1.2245509624481201,0.37202273162864646,0.3710878789424896
NAVITOCLAX,5,OPM2,1.0994269847869873,0.6071381231103045,0.6140629053115845
NAVITOCLAX,5,RERFLCMS,2.3493669033050537,1.545455042957037,1.5837466716766357
NAVITOCLAX,5,SHP77,1.3253437280654907,-0.4150805189800713,-0.4423273205757141
NAVITOCLAX,5,SKM1,0.04906483739614487,-0.21786409327801465,-0.23851817846298218
NAVITOCLAX,5,ST486,-0.38733649253845215,-0.1196511957301176,-0.13702213764190674
NAVITOCLAX,5,SUPB15,-3.7644619941711426,-0.37598940705835265,-0.40192943811416626
NAVITOCLAX,5,SUPM2,1.1739239692687988,0.6880801714729761,0.6977107524871826
NU7441,1,BL41,1.7612639665603638,1.834148990372636,1.6293381452560425
NU7441,1,BV173,1.0015934705734253,2.034537106009217,1.8829076290130615
NU7441,1,CALU6,4.179656982421875,2.661090256322635,2.6757428646087646
NU7441,1,CMLT1,1.869089961051941,2.160608291352768,2.0424370765686035
NU7441,1,CORL105,3.9055099487304688,2.815956690890714,2.8717095851898193
NU7441,1,CORL311,2.5652740001678467,2.375446976167317,2.3142921924591064
NU7441,1,CORL88,4.13262414932251,2.9036021800813847,2.9826154708862305
NU7441,1,DAUDI,2.5639495849609375,2.0157962370683293,1.8591930866241455
NU7441,1,DMS79,4.009806156158447,2.9880610093440683,3.089488983154297
NU7441,1,DND41,1.5898840427398682,2.1701288924383952,2.0544843673706055
NU7441,1,EBC1,2.0874340534210205,2.776080954247927,2.821251153945923
NU7441,1,EJM,2.7227935791015625,2.2860665632719863,2.201190948486328
NU7441,1,HCC15,2.6898465156555176,2.884184525090635,2.9580445289611816
NU7441,1,HH,1.4877874851226807,2.157058179228181,2.037944793701172
NU7441,1,KU812,2.325969934463501,2.2179561115077737,2.115004539489746
NU7441,1,L363,1.9154164791107178,2.308612469595107,2.2297203540802
NU7441,1,LU65,3.766650915145874,2.5235122008128172,2.501652717590332
NU7441,1,MOLM16,0.35888200998306274,2.1148967823485094,1.9845941066741943
NU7441,1,MONOMAC6,1.3306939601898193,2.106119760368056,1.9734877347946167
NU7441,1,NCIH1155,2.071716547012329,3.2135308122202724,3.3747966289520264
NU7441,1,NCIH1437,1.930956482887268,2.886704573369286,2.961233377456665
NU7441,1,NCIH1836,4.609011650085449,3.115444880770413,3.2506794929504395
NU7441,1,NCIH1915,2.9013195037841797,2.5084041581045042,2.4825351238250732
NU7441,1,NCIH1944,3.3654894828796387,3.073957066888587,3.19818115234375
NU7441,1,NCIH1975,3.0290074348449707,3.0363583234007536,3.150604009628296
NU7441,1,NCIH2030,1.440248966217041,2.8079692212326295,2.861602306365967
NU7441,1,NCIH2081,3.106006383895874,2.9377926878075336,3.0258798599243164
NU7441,1,NCIH2110,2.145813465118408,2.9773283356919684,3.0759079456329346
NU7441,1,NCIH2347,2.9182775020599365,3.2379320393209543,3.4056737422943115
NU7441,1,NCIH460,1.8970584869384766,2.8868244051977143,2.9613850116729736
NU7441,1,NCIH650,2.705878973007202,3.32130220772726,3.511169672012329
NU7441,1,NCIH838,1.0867325067520142,2.6487564334913216,2.6601357460021973
NU7441,1,NOMO1,1.6313749551773071,2.0691765120549084,1.926740050315857
NU7441,1,OCIAML2,1.5375454425811768,2.14392623119998,2.0213277339935303
NU7441,1,P12ICHIKAWA,2.3807220458984375,1.9222407400753059,1.7408087253570557
NU7441,1,RAJI,2.5949015617370605,1.8026309585182174,1.589455485343933
NU7441,1,RL,2.3349664211273193,2.004626064193573,1.8450584411621094
NU7441,1,RS411,1.7217764854431152,3.1606439014518353,3.3078739643096924
NU7441,1,SUDHL6,0.16016599535942078,1.7816602943359319,1.5629193782806396
NU7441,1,SUDHL8,3.0326454639434814,2.0170163172648463,1.8607369661331177
NU7441,1,SW1271,4.180822849273682,2.8116770365653836,2.8662941455841064
NU7441,2,A549,1.3714874982833862,2.6898443583005616,2.703814744949341
NU7441,2,AMO1,2.806243419647217,2.096746591452086,2.0531258583068848
NU7441,2,DMS273,2.1391544342041016,2.903417073736041,2.9381258487701416
NU7441,2,DMS53,4.705128192901611,2.592421522935889,2.5969319343566895
NU7441,2,EHEB,1.9962819814682007,2.0564443500691696,2.0089101791381836
NU7441,2,GRANTA519,2.9339535236358643,1.4281115140870981,1.3195648193359375
NU7441,2,HEL,2.1187140941619873,1.8859691113838013,1.8218814134597778
NU7441,2,IALM,2.3322179317474365,3.0670173916471515,3.11761212348938
NU7441,2,JEKO1,0.5403105020523071,1.9244683852080058,1.864119052886963
NU7441,2,JVM3,1.5033705234527588,1.639902993628528,1.5519217252731323
NU7441,2,K562,2.8268070220947266,2.138884941182324,2.099355936050415
NU7441,2,KARPAS422,0.809551477432251,2.0231759965875167,1.9724113941192627
NU7441,2,KG1,1.9045809507369995,1.7012903826500905,1.6192699670791626
NU7441,2,KMH2,1.9686299562454224,1.5328509663102912,1.4344747066497803
NU7441,2,KMS12BM,1.7054510116577148,2.1025328644850836,2.059473991394043
NU7441,2,L540,1.4941425323486328,2.0669520445667096,2.0204381942749023
NU7441,2,LP1,2.6621034145355225,1.5761908597797107,1.482023000717163
NU7441,2,NB4,0.9862210154533386,2.124667651526921,2.0837581157684326
NU7441,2,NCIH1048,3.026608467102051,2.777730469944808,2.800234794616699
NU7441,2,NCIH1092,3.980699062347412,3.502364570078328,3.5952324867248535
NU7441,2,NCIH1105,3.290550947189331,3.6497463293352794,3.756925344467163
NU7441,2,NCIH1341,2.2540009021759033,3.1219809005945227,3.177912712097168
NU7441,2,NCIH1436,3.7961626052856445,3.1744837331521762,3.235513687133789
NU7441,2,NCIH1623,3.5969009399414062,3.257747085089447,3.326862096786499
NU7441,2,NCIH1648,2.3127501010894775,2.62957615000911,2.6376943588256836
NU7441,2,NCIH1792,2.3497846126556396,2.9772406251772803,3.019117832183838
NU7441,2,NCIH1876,2.023871421813965,3.4480160672409017,3.535606622695923
NU7441,2,NCIH2066,4.438878059387207,2.729488347560855,2.7473082542419434
NU7441,2,NCIH2085,3.0090620517730713,2.471761235864411,2.464555263519287
NU7441,2,NCIH2087,3.602945566177368,2.559930076465915,2.5612854957580566
NU7441,2,NCIH209,2.8270366191864014,3.1142857181375843,3.1694703102111816
NU7441,2,NCIH441,5.548456192016602,3.064081226434621,3.1143908500671387
NU7441,2,NCIH526,1.7165509462356567,3.1183056414668258,3.1738805770874023
NU7441,2,NCIH727,3.9430015087127686,2.2597223413208005,2.231926918029785
NU7441,2,NCIH810,3.2755095958709717,3.091619157261459,3.1446027755737305
NU7441,2,PF382,1.8015520572662354,2.073705811310475,2.0278477668762207
NU7441,2,REH,2.1319704055786133,2.1418750009232173,2.1026363372802734
NU7441,2,RERFLCKJ,1.5488770008087158,2.8932688209720165,2.926992177963257
NU7441,2,SUPB15,1.5872869491577148,1.705514474968835,1.6239042282104492
NU7441,2,SUPM2,1.6553239822387695,2.0426973336370597,1.993828296661377
NU7441,2,SW1573,4.547251224517822,2.930790930494678,2.9681577682495117
NU7441,3,697,0.9831969738006592,1.838656087332593,1.6118501424789429
NU7441,3,A3KAW,1.9094635248184204,2.072438818594865,1.9193216562271118
NU7441,3,ABC1,3.6768910884857178,2.6010290664236386,2.6145246028900146
NU7441,3,ALLSIL,2.5370395183563232,1.8183545549031677,1.5851495265960693
NU7441,3,CHAGOK1,3.1114249229431152,3.004982256998822,3.1458046436309814
NU7441,3,COLO668,4.031672954559326,2.8721447696038918,2.9710965156555176
NU7441,3,DMS114,2.8255081176757812,2.836752390009875,2.924548387527466
NU7441,3,DOHH2,1.6632615327835083,1.8539567650076925,1.6319736242294312
NU7441,3,GA10,1.4746885299682617,1.9126710580685695,1.7091947793960571
NU7441,3,HARA,2.9625284671783447,2.708188556425078,2.7554609775543213
NU7441,3,HCC366,2.1146085262298584,2.9189502974580215,3.0326552391052246
NU7441,3,HCC827,2.434868574142456,2.4348804643082502,2.396005630493164
NU7441,3,JM1,2.2543039321899414,2.0923213244799794,1.945471167564392
NU7441,3,JVM2,1.591372013092041,2.158315512621842,2.032266855239868
NU7441,3,KNS62,2.969420909881592,2.754445715126476,2.816298484802246
NU7441,3,KOPN8,1.6441915035247803,1.8047905306109346,1.567310094833374
NU7441,3,L1236,2.5949389934539795,2.2384368684519576,2.1376426219940186
NU7441,3,LCLC97TM1,1.89833402633667,2.763792825953966,2.828591823577881
NU7441,3,LOUCY,2.243102550506592,2.0327210300194407,1.8670847415924072
NU7441,3,ME1,3.36159610748291,2.0715540861486144,1.9181580543518066
NU7441,3,MEG01,2.877150058746338,2.1953442982792337,2.0809671878814697
NU7441,3,NALM6,1.8641270399093628,1.811424709684637,1.5760353803634644
NU7441,3,NCIH1650,2.9466099739074707,2.7564767657007594,2.8189697265625
NU7441,3,NCIH196,3.074589967727661,2.785184117445093,2.8567256927490234
NU7441,3,NCIH2342,4.483598232269287,2.843216619965995,2.9330501556396484
NU7441,3,NCIH2444,3.4293875694274902,2.922268791907578,3.037019729614258
NU7441,3,NCIH292,1.2804889678955078,2.590878526807749,2.6011745929718018
NU7441,3,NCIH358,3.5063436031341553,2.9974908998957996,3.1359519958496094
NU7441,3,NCIH522,3.574968099594116,2.798182369794954,2.8738210201263428
NU7441,3,NCIH524,3.554234504699707,2.4443675225690984,2.4084830284118652
NU7441,3,NCIH82,2.0664620399475098,2.123119367608927,1.9859768152236938
NU7441,3,OCIAML5,2.0808990001678467,1.8026339442884638,1.5644737482070923
NU7441,3,PL21,0.9025704860687256,2.5976781230225647,2.6101174354553223
NU7441,3,RERFLCMS,2.708362102508545,2.881034150808027,2.982787847518921
NU7441,3,SIGM5,2.507370948791504,1.8983058709761718,1.6903016567230225
NU7441,3,SKM1,0.6480265259742737,2.181288826458718,2.06248140335083
NU7441,3,ST486,1.8671884536743164,2.0053697362741185,1.831112265586853
NU7441,3,SUDHL1,2.1815619468688965,2.056779208383432,1.8987261056900024
NU7441,3,SUDHL10,0.8315684795379639,2.0502324964555783,1.8901158571243286
NU7441,3,SUDHL5,0.7975710034370422,2.006117240472892,1.8320953845977783
NU7441,3,SUPT1,2.179625988006592,2.01882481185204,1.8488084077835083
NU7441,4,CA46,2.594860553741455,1.968394921689441,1.8937005996704102
NU7441,4,CAL12T,1.5460660457611084,2.4922748694033925,2.492218494415283
NU7441,4,CMK,1.9083009958267212,1.985855944944685,1.913649320602417
NU7441,4,CORL23,3.394399404525757,2.911118637021141,2.970735549926758
NU7441,4,CORL279,2.4109630584716797,3.044782873339941,3.123443126678467
NU7441,4,EM2,2.097088098526001,1.5879342691804794,1.4590351581573486
NU7441,4,HCC44,0.603725016117096,2.6859609427458158,2.7134993076324463
NU7441,4,HDLM2,3.318264961242676,1.7921207258889729,1.6923123598098755
NU7441,4,HL60,0.4357934892177582,2.0655369020306593,2.0046825408935547
NU7441,4,JURKAT,2.112438917160034,2.0054188604472647,1.9359993934631348
NU7441,4,KCL22,1.4212629795074463,2.0354375003662595,1.9702948331832886
NU7441,4,KMS11,1.7863855361938477,1.9861253594493822,1.913957118988037
NU7441,4,L428,2.2795679569244385,2.0874346041161607,2.0297000408172607
NU7441,4,LCLC103H,3.2925150394439697,2.896602391516309,2.954151153564453
NU7441,4,LXF289,1.9432655572891235,3.243215316546681,3.350146532058716
NU7441,4,MM1S,1.9652074575424194,1.8676113587711767,1.7785582542419434
NU7441,4,MOLP8,1.5975769758224487,1.9457716160153782,1.867854118347168
NU7441,4,NCIH1435,2.0859274864196777,3.0708845686067945,3.153263568878174
NU7441,4,NCIH1781,3.809544563293457,3.0392180343141812,3.1170854568481445
NU7441,4,NCIH1793,3.0772545337677,2.720194323210215,2.752609968185425
NU7441,4,NCIH1963,3.9330430030822754,3.082631124486265,3.1666836738586426
NU7441,4,NCIH2029,3.25107741355896,3.479690089512734,3.620312213897705
NU7441,4,NCIH2170,2.6050424575805664,2.831461261530078,2.8797292709350586
NU7441,4,NCIH2171,1.5661369562149048,3.310292641555825,3.4267804622650146
NU7441,4,NCIH2172,3.644995927810669,2.871932286878598,2.925966262817383
NU7441,4,NCIH2196,4.65888786315918,3.3792383384166764,3.5055489540100098
NU7441,4,NCIH2227,2.8166449069976807,2.7507370797276196,2.787504196166992
NU7441,4,NCIH2228,3.640510082244873,2.6450299719531807,2.6667368412017822
NU7441,4,NCIH23,2.9281868934631348,2.954726014492894,3.0205557346343994
NU7441,4,NCIH2405,5.402293682098389,2.975214455424081,3.0439631938934326
NU7441,4,NCIH647,1.9858180284500122,2.7921302915178563,2.834794759750366
NU7441,4,NCIH661,2.8768460750579834,3.2781279721565406,3.39003324508667
NU7441,4,NCIH841,3.253398895263672,3.0850404122141732,3.16943621635437
NU7441,4,NCIH929,0.36955100297927856,2.215243092176399,2.17571759223938
NU7441,4,OCILY19,2.3385109901428223,2.1278613878883865,2.0758864879608154
NU7441,4,OCIM1,1.72871994972229,2.032456724163438,1.9668893814086914
NU7441,4,RPMI8402,1.6757375001907349,1.986337906833607,1.914199948310852
NU7441,4,SBC5,2.6883749961853027,2.7337142985017047,2.7680561542510986
NU7441,4,SKMM2,3.0344960689544678,2.0620226183287995,2.0006675720214844
NU7441,4,THP1,1.5823664665222168,1.882900162367712,1.796025276184082
NU7441,5,A4FUK,3.9079694747924805,2.0511320337786403,1.9616001844406128
NU7441,5,BEN,2.6498849391937256,3.0189750812678757,3.1516218185424805
NU7441,5,CALU3,4.063795566558838,2.799617328423164,2.8819081783294678
NU7441,5,CORL95,3.7921650409698486,3.083368389895318,3.230797290802002
NU7441,5,DB,1.9581425189971924,1.770143932065803,1.6161082983016968
NU7441,5,EPLC272H,1.3322454690933228,2.347105057150549,2.325516939163208
NU7441,5,GDM1,1.5239310264587402,1.8896299679903665,1.7630236148834229
NU7441,5,HCC33,4.1110920906066895,2.701937616457693,2.7618050575256348
NU7441,5,HCC78,3.346811056137085,2.5603662265302685,2.5877344608306885
NU7441,5,HT,1.8889260292053223,1.8277926249792786,1.6869908571243286
NU7441,5,JURLMK1,2.2358078956604004,2.2838102232958297,2.247692108154297
NU7441,5,LAMA84,1.5731329917907715,2.150284167312809,2.0835137367248535
NU7441,5,LOUNH91,3.2659859657287598,2.4743169676747567,2.481931686401367
NU7441,5,MHHCALL2,1.5469510555267334,1.5494262228541906,1.3447225093841553
NU7441,5,MOLM13,1.914084553718567,1.905898544194085,1.7830268144607544
NU7441,5,MOLT13,1.7539629936218262,1.9485308058014341,1.835445761680603
NU7441,5,MOLT16,1.6366130113601685,1.949631510487641,1.836799144744873
NU7441,5,NAMALWA,1.862604022026062,1.95838838073893,1.8475662469863892
NU7441,5,NCIH146,2.35505747795105,2.498297263375135,2.5114169120788574
NU7441,5,NCIH1568,3.7581424713134766,2.9066043114594073,3.0134551525115967
NU7441,5,NCIH1651,3.5522971153259277,3.0363168275739127,3.1729445457458496
NU7441,5,NCIH2009,3.4096086025238037,3.3247904579939336,3.5276403427124023
NU7441,5,NCIH2023,3.1226348876953125,3.3270926982369238,3.530471086502075
NU7441,5,NCIH211,3.102976083755493,2.5120709542014064,2.5283524990081787
NU7441,5,NCIH2122,2.9403750896453857,2.9013845687573903,3.0070371627807617
NU7441,5,NCIH2291,3.051208972930908,2.8332738973995206,2.923290967941284
NU7441,5,NCIH446,2.275317430496216,2.833046834035203,2.9230117797851562
NU7441,5,NCIH596,3.1005361080169678,2.5472141968022055,2.571563243865967
NU7441,5,NCIH69,3.236232042312622,2.5914494753462005,2.625953197479248
NU7441,5,NUDUL1,0.6441100239753723,2.2192199066597222,2.168274402618408
NU7441,5,OCIAML3,1.2755279541015625,2.4747581027335293,2.4824740886688232
NU7441,5,OPM2,1.7135200500488281,2.2806451034873287,2.243800401687622
NU7441,5,P31FUJ,2.587332010269165,1.675921458575224,1.500256061553955
NU7441,5,RCHACV,0.9418320059776306,2.035164592848009,1.941967248916626
NU7441,5,RPMI8226,2.4051458835601807,2.0662664565938935,1.9802088737487793
NU7441,5,SHP77,3.2009739875793457,3.0620645720921846,3.2046029567718506
NU7441,5,SKLU1,2.561424970626831,3.0530638656490687,3.1935360431671143
NU7441,5,SKMES1,2.6658334732055664,3.1439089897391357,3.3052356243133545
NU7441,5,SUDHL4,2.013944387435913,1.710261932321818,1.5424797534942627
NU7441,5,WSUDLCL2,1.2290680408477783,1.7491370805670698,1.5902791023254395
NUTLIN-3A (-),1,A549,1.6861070394515991,4.1428449689967595,4.159718036651611
NUTLIN-3A (-),1,ALLSIL,3.3851466178894043,2.4713841482145824,2.020737648010254
NUTLIN-3A (-),1,BL41,3.511749029159546,3.972327361169504,3.9415054321289062
NUTLIN-3A (-),1,BV173,0.2830674946308136,2.767097916925336,2.3991646766662598
NUTLIN-3A (-),1,DMS273,4.724742889404297,4.254306567685202,4.302356243133545
NUTLIN-3A (-),1,DMS53,5.222582817077637,3.7192784859253063,3.6176769733428955
NUTLIN-3A (-),1,DND41,4.008326053619385,2.8907702717291626,2.557429075241089
NUTLIN-3A (-),1,EBC1,4.720058441162109,4.171590669894747,4.19650411605835
NUTLIN-3A (-),1,EM2,4.061418056488037,3.354741928993381,3.151176929473877
NUTLIN-3A (-),1,GDM1,1.2768820524215698,3.102760966262776,2.8287150859832764
NUTLIN-3A (-),1,HCC33,5.321680068969727,4.074193397035182,4.071864128112793
NUTLIN-3A (-),1,HCC44,4.3554511070251465,4.368710701307293,4.448760032653809
NUTLIN-3A (-),1,HCC827,4.587244987487793,4.264076141374625,4.314858436584473
NUTLIN-3A (-),1,KCL22,3.8882083892822266,3.5086012567128426,3.348071813583374
NUTLIN-3A (-),1,KMS11,3.9431440830230713,3.7934464259285745,3.712590217590332
NUTLIN-3A (-),1,LXF289,4.292276382446289,4.79741795723073,4.997379779815674
NUTLIN-3A (-),1,ME1,4.6690993309021,3.102784999883546,2.8287458419799805
NUTLIN-3A (-),1,MOLM13,0.8783599734306335,3.1397192720999967,2.8760108947753906
NUTLIN-3A (-),1,MOLT13,2.9342753887176514,2.4619340912664023,2.0086443424224854
NUTLIN-3A (-),1,NALM6,0.6962040066719055,3.1883715180524788,2.9382715225219727
NUTLIN-3A (-),1,NCIH1648,3.946969509124756,3.8466753067199275,3.780707597732544
NUTLIN-3A (-),1,NCIH1650,3.9575860500335693,4.596139923117841,4.739802837371826
NUTLIN-3A (-),1,NCIH1915,4.747992038726807,4.497830490511843,4.613995552062988
NUTLIN-3A (-),1,NCIH1975,5.1270222663879395,4.77320771729417,4.966397762298584
NUTLIN-3A (-),1,NCIH2029,5.137491226196289,4.621132280418681,4.771785736083984
NUTLIN-3A (-),1,NCIH2081,4.993232727050781,4.479418128702116,4.590433120727539
NUTLIN-3A (-),1,NCIH211,3.742098569869995,4.13048125472128,4.143896102905273
NUTLIN-3A (-),1,NCIH2196,5.876129150390625,4.572811288557122,4.709949016571045
NUTLIN-3A (-),1,NCIH2444,5.863656520843506,4.792769966758101,4.991431713104248
NUTLIN-3A (-),1,NCIH292,1.7120524644851685,4.472519548005446,4.581604957580566
NUTLIN-3A (-),1,NCIH522,4.521843433380127,4.612261452361771,4.760433673858643
NUTLIN-3A (-),1,NCIH524,3.3821964263916016,3.8187629576491036,3.744987964630127
NUTLIN-3A (-),1,NCIH647,4.745840072631836,4.291542284850534,4.350007057189941
NUTLIN-3A (-),1,NCIH838,4.802493572235107,4.181565926664248,4.2092695236206055
NUTLIN-3A (-),1,NOMO1,3.8660778999328613,3.592787863048709,3.455806016921997
NUTLIN-3A (-),1,NUDUL1,2.4308974742889404,3.1119591359607157,2.8404860496520996
NUTLIN-3A (-),1,PF382,3.5392699241638184,3.287020215956322,3.0645129680633545
NUTLIN-3A (-),1,ST486,3.803184986114502,3.053479374798968,2.7656490802764893
NUTLIN-3A (-),1,SUDHL5,0.7758225202560425,3.50398996874635,3.3421707153320312
NUTLIN-3A (-),1,SUDHL8,4.314573764801025,3.174184974741237,2.920116901397705
NUTLIN-3A (-),1,SW1271,6.044585227966309,4.342328120144549,4.4149980545043945
NUTLIN-3A (-),2,A3KAW,0.8924974799156189,3.7026815702720586,3.679823637008667
NUTLIN-3A (-),2,CORL23,3.7384910583496094,4.436896024722184,4.591441631317139
NUTLIN-3A (-),2,DMS79,5.007762432098389,4.515994339828359,4.689651966094971
NUTLIN-3A (-),2,HARA,3.867570400238037,4.123694931761206,4.202563762664795
NUTLIN-3A (-),2,HCC78,4.564342975616455,4.247796970648476,4.356651782989502
NUTLIN-3A (-),2,HEL,3.9703919887542725,3.8012671998065017,3.802229881286621
NUTLIN-3A (-),2,HL60,3.189054489135742,3.167840286843806,3.015752077102661
NUTLIN-3A (-),2,JM1,1.920333981513977,4.098154903748728,4.1708526611328125
NUTLIN-3A (-),2,JURKAT,3.5106256008148193,3.4310353007182663,3.342541217803955
NUTLIN-3A (-),2,JVM3,0.2420254945755005,2.5257324603404574,2.2184958457946777
NUTLIN-3A (-),2,K562,4.460346698760986,3.7868926531169835,3.7843821048736572
NUTLIN-3A (-),2,KARPAS422,4.692560195922852,3.5639753268339494,3.5076026916503906
NUTLIN-3A (-),2,KOPN8,1.6607675552368164,2.77269281406167,2.525127649307251
NUTLIN-3A (-),2,LCLC97TM1,5.046185493469238,4.410476153632303,4.558638095855713
NUTLIN-3A (-),2,LOUCY,2.925230026245117,3.3090585571563365,3.191092014312744
NUTLIN-3A (-),2,MOLM16,3.9316415786743164,2.9637512567782918,2.76235032081604
NUTLIN-3A (-),2,MOLT16,0.005297000054270029,3.132197617192662,2.9714972972869873
NUTLIN-3A (-),2,MONOMAC6,4.314247131347656,2.9822177842577435,2.785278797149658
NUTLIN-3A (-),2,NB4,3.904665470123291,3.4306825569964876,3.3421032428741455
NUTLIN-3A (-),2,NCIH1435,4.898723602294922,4.697359915050178,4.914839744567871
NUTLIN-3A (-),2,NCIH1436,4.787761688232422,4.51261667947665,4.685458183288574
NUTLIN-3A (-),2,NCIH1568,5.751007080078125,4.514731989677584,4.688084602355957
NUTLIN-3A (-),2,NCIH1781,5.041545867919922,4.3832828194442595,4.524874210357666
NUTLIN-3A (-),2,NCIH1792,4.52594518661499,4.572614219682014,4.759952545166016
NUTLIN-3A (-),2,NCIH1793,5.01809549331665,4.19622265096546,4.29261589050293
NUTLIN-3A (-),2,NCIH1876,4.823702812194824,4.542659614552663,4.722760200500488
NUTLIN-3A (-),2,NCIH2085,4.0917277336120605,4.1728528513381455,4.263599395751953
NUTLIN-3A (-),2,NCIH2087,3.928614616394043,4.126458122918745,4.205994606018066
NUTLIN-3A (-),2,NCIH2227,5.650783538818359,3.773219561416936,3.7674052715301514
NUTLIN-3A (-),2,NCIH2228,5.1772379875183105,4.643614982938752,4.848108768463135
NUTLIN-3A (-),2,NCIH650,5.355279445648193,4.453497446175704,4.612054347991943
NUTLIN-3A (-),2,NCIH661,3.8634815216064453,4.417431176823828,4.5672736167907715
NUTLIN-3A (-),2,NCIH810,4.92745304107666,4.464051722672086,4.625158786773682
NUTLIN-3A (-),2,OCILY19,0.035251498222351074,3.430827917365234,3.3422837257385254
NUTLIN-3A (-),2,OCIM1,3.833897590637207,2.786290633285431,2.542011022567749
NUTLIN-3A (-),2,RERFLCKJ,4.456696510314941,3.9745256220977243,4.0173516273498535
NUTLIN-3A (-),2,SBC5,4.13397741317749,4.273262878314407,4.388270854949951
NUTLIN-3A (-),2,SIGM5,3.3479130268096924,2.869005483642549,2.64471173286438
NUTLIN-3A (-),2,SUDHL6,2.9289820194244385,3.218769605894566,3.0789871215820312
NUTLIN-3A (-),2,SW1573,4.107854843139648,4.565394206650502,4.750988006591797
NUTLIN-3A (-),2,WSUDLCL2,3.684530019760132,2.805390640099749,2.5657260417938232
NUTLIN-3A (-),3,697,0.5054064989089966,3.4369643046241944,3.362175226211548
NUTLIN-3A (-),3,A4FUK,3.567193031311035,3.1214822215901035,3.0387635231018066
NUTLIN-3A (-),3,CAL12T,3.9083385467529297,4.312444196593159,4.259660243988037
NUTLIN-3A (-),3,COLO668,5.021295070648193,4.684215660266103,4.64077615737915
NUTLIN-3A (-),3,CORL105,3.1813204288482666,4.681928538602161,4.638431549072266
NUTLIN-3A (-),3,CORL311,5.337561130523682,4.266351973708582,4.212409496307373
NUTLIN-3A (-),3,CORL95,5.280206203460693,5.0166571900010695,4.981573581695557
NUTLIN-3A (-),3,DAUDI,2.451792001724243,2.367739113042543,2.2660751342773438
NUTLIN-3A (-),3,EJM,4.380341053009033,3.7070144391690665,3.6390130519866943
NUTLIN-3A (-),3,HCC15,5.056120872497559,4.466259989393182,4.417342185974121
NUTLIN-3A (-),3,HCC366,5.344211101531982,4.851562077854094,4.812328815460205
NUTLIN-3A (-),3,HT,4.839818477630615,2.7244126433152243,2.631713628768921
NUTLIN-3A (-),3,IALM,4.744051456451416,4.973595391692575,4.937429428100586
NUTLIN-3A (-),3,JURLMK1,3.6165294647216797,3.6480188405434677,3.5785346031188965
NUTLIN-3A (-),3,JVM2,1.6130985021591187,2.422420019670026,2.3221304416656494
NUTLIN-3A (-),3,KG1,3.6511526107788086,2.744205060220338,2.652003526687622
NUTLIN-3A (-),3,KNS62,4.933337211608887,4.377600883280534,4.3264546394348145
NUTLIN-3A (-),3,LOUNH91,5.506997585296631,4.033571875137735,3.973778486251831
NUTLIN-3A (-),3,MEG01,4.081717014312744,3.990400302431704,3.9295217990875244
NUTLIN-3A (-),3,NCIH1048,4.48307991027832,4.877184166472489,4.838594913482666
NUTLIN-3A (-),3,NCIH1341,4.833114147186279,4.990648565262532,4.954911231994629
NUTLIN-3A (-),3,NCIH1437,3.7866430282592773,4.466555356945877,4.41764497756958
NUTLIN-3A (-),3,NCIH1623,5.329571723937988,5.083307459699004,5.049899101257324
NUTLIN-3A (-),3,NCIH2122,2.8311829566955566,4.422570709464866,4.372554779052734
NUTLIN-3A (-),3,NCIH358,4.02947998046875,4.40121261195759,4.3506598472595215
NUTLIN-3A (-),3,NCIH446,5.0275492668151855,4.763246249306629,4.721793174743652
NUTLIN-3A (-),3,NCIH727,5.64237642288208,3.304202171436583,3.226076126098633
NUTLIN-3A (-),3,OCIAML3,1.1853975057601929,3.495554063580932,3.4222376346588135
NUTLIN-3A (-),3,OPM2,4.0415449142456055,3.334812250529513,3.257455587387085
NUTLIN-3A (-),3,P31FUJ,3.7372825145721436,3.276322497909515,3.197495698928833
NUTLIN-3A (-),3,PL21,3.4625134468078613,4.544001194408395,4.497037410736084
NUTLIN-3A (-),3,RAJI,4.160658836364746,2.6125834644173085,2.517073631286621
NUTLIN-3A (-),3,RCHACV,0.5827400088310242,3.899292669079074,3.8361241817474365
NUTLIN-3A (-),3,REH,1.773471474647522,3.478935103570724,3.405200958251953
NUTLIN-3A (-),3,RERFLCMS,4.134206295013428,4.53461687885622,4.487417221069336
NUTLIN-3A (-),3,RL,4.731052398681641,3.1755558804379893,3.094196319580078
NUTLIN-3A (-),3,RPMI8226,3.9001336097717285,3.9491030345344704,3.8871865272521973
NUTLIN-3A (-),3,RS411,0.5840805172920227,4.74694289068934,4.705080032348633
NUTLIN-3A (-),3,SUDHL10,3.2240889072418213,3.5016011909334015,3.428436756134033
NUTLIN-3A (-),3,SUPT1,4.644179344177246,2.6936367397616072,2.6001641750335693
NUTLIN-3A (-),3,THP1,4.710322380065918,3.3908455684317396,3.314897298812866
NUTLIN-3A (-),4,AMO1,1.0484119653701782,3.259639537560111,3.236525535583496
NUTLIN-3A (-),4,BEN,3.8209574222564697,4.83775854566949,4.817969799041748
NUTLIN-3A (-),4,CA46,4.780208110809326,3.3610503436306405,3.3381500244140625
NUTLIN-3A (-),4,CALU3,5.220479965209961,4.4811267535063966,4.4605865478515625
NUTLIN-3A (-),4,CORL279,4.675802707672119,4.8010079418085505,4.781141757965088
NUTLIN-3A (-),4,DMS114,4.795528888702393,4.657826477616872,4.637658596038818
NUTLIN-3A (-),4,EHEB,2.880023956298828,2.0019304888710527,1.9761663675308228
NUTLIN-3A (-),4,GA10,4.277040004730225,2.7518010939896485,2.727617025375366
NUTLIN-3A (-),4,GRANTA519,1.9221374988555908,2.2086452601536717,2.183316707611084
NUTLIN-3A (-),4,HH,4.672770023345947,1.8864239176475646,1.8604164123535156
NUTLIN-3A (-),4,JEKO1,3.3357155323028564,3.4602026011186036,3.4375112056732178
NUTLIN-3A (-),4,KMH2,3.1844229698181152,2.5935725524668394,2.5690550804138184
NUTLIN-3A (-),4,KMS12BM,3.5530009269714355,3.349375029758072,3.3264501094818115
NUTLIN-3A (-),4,L428,4.6389360427856445,3.2015401418092657,3.1783037185668945
NUTLIN-3A (-),4,L540,1.0792690515518188,2.8722114968901162,2.848281145095825
NUTLIN-3A (-),4,LP1,4.353950500488281,2.411819227761999,2.386918783187866
NUTLIN-3A (-),4,MOLP8,2.1637775897979736,3.875047513484504,3.8532302379608154
NUTLIN-3A (-),4,NCIH1105,4.8259406089782715,4.823834675739422,4.804016590118408
NUTLIN-3A (-),4,NCIH146,4.193402290344238,4.590952693187521,4.570643901824951
NUTLIN-3A (-),4,NCIH1836,5.988602161407471,4.881150372024243,4.861453056335449
NUTLIN-3A (-),4,NCIH1944,2.819931983947754,4.727091330544569,4.707069396972656
NUTLIN-3A (-),4,NCIH2009,5.106454372406006,4.9695894530533,4.95007848739624
NUTLIN-3A (-),4,NCIH2023,4.176649570465088,4.963914650483893,4.94439172744751
NUTLIN-3A (-),4,NCIH209,4.395960807800293,5.139956771278008,5.120804786682129
NUTLIN-3A (-),4,NCIH2110,3.928795576095581,4.644762916511683,4.62456750869751
NUTLIN-3A (-),4,NCIH2171,3.7314488887786865,4.456195403462452,4.43560266494751
NUTLIN-3A (-),4,NCIH2172,4.943519592285156,4.222368413539861,4.201282978057861
NUTLIN-3A (-),4,NCIH23,4.000420093536377,4.403025653411679,4.382320880889893
NUTLIN-3A (-),4,NCIH2342,5.566284656524658,4.5307115662304955,4.510275840759277
NUTLIN-3A (-),4,NCIH2347,5.8975372314453125,4.7728290211176,4.752903461456299
NUTLIN-3A (-),4,NCIH441,5.559101581573486,5.006154957283224,4.986721038818359
NUTLIN-3A (-),4,NCIH460,1.1723010540008545,4.4660456540065825,4.445473670959473
NUTLIN-3A (-),4,NCIH69,5.507256507873535,4.383453627645719,4.362707614898682
NUTLIN-3A (-),4,NCIH82,4.378170490264893,4.154224150923329,4.132995128631592
NUTLIN-3A (-),4,NCIH841,4.800590991973877,4.485983120689305,4.465453147888184
NUTLIN-3A (-),4,P12ICHIKAWA,3.4465320110321045,2.7242852487121194,2.700043201446533
NUTLIN-3A (-),4,RPMI8402,3.3021080493927,3.073608222539972,3.0501022338867188
NUTLIN-3A (-),4,SKM1,3.8044369220733643,2.934426385465278,2.9106271266937256
NUTLIN-3A (-),4,SUDHL1,4.976861000061035,3.381552387979689,3.3586952686309814
NUTLIN-3A (-),4,SUPB15,-0.21328699588775635,2.19820568854781,2.1728551387786865
NUTLIN-3A (-),5,ABC1,3.981234073638916,4.234559735429439,4.323357105255127
NUTLIN-3A (-),5,CALU6,4.779769420623779,4.668510841404452,4.8752946853637695
NUTLIN-3A (-),5,CHAGOK1,3.9926705360412598,4.6932144391036354,4.906714916229248
NUTLIN-3A (-),5,CMK,3.3993780612945557,3.3267719710866017,3.1687519550323486
NUTLIN-3A (-),5,CMLT1,1.6271934509277344,3.425953581071205,3.2948999404907227
NUTLIN-3A (-),5,CORL88,5.322666168212891,4.829712004427795,5.080324649810791
NUTLIN-3A (-),5,DB,3.149282455444336,3.3945217555464806,3.2549221515655518
NUTLIN-3A (-),5,DOHH2,0.31648048758506775,3.357627380581361,3.2079966068267822
NUTLIN-3A (-),5,EPLC272H,5.048256874084473,4.113241687918132,4.16905403137207
NUTLIN-3A (-),5,HDLM2,4.455613613128662,2.988124460518007,2.738029956817627
NUTLIN-3A (-),5,KU812,3.1381030082702637,3.7428746124407484,3.697988271713257
NUTLIN-3A (-),5,L1236,4.183867454528809,3.8119129444746047,3.785797357559204
NUTLIN-3A (-),5,L363,3.7452099323272705,3.373700296377567,3.2284395694732666
NUTLIN-3A (-),5,LAMA84,3.0180060863494873,3.826765357906224,3.804687976837158
NUTLIN-3A (-),5,LCLC103H,3.929363489151001,4.652494911127957,4.854924201965332
NUTLIN-3A (-),5,LU65,4.848196506500244,3.462314091693775,3.341146469116211
NUTLIN-3A (-),5,MHHCALL2,2.5323314666748047,3.131295142671672,2.9201271533966064
NUTLIN-3A (-),5,MM1S,1.4574464559555054,3.8075209355048214,3.7802112102508545
NUTLIN-3A (-),5,NAMALWA,3.990572929382324,2.9565306761477896,2.6978461742401123
NUTLIN-3A (-),5,NCIH1092,5.184531211853027,4.5387863050216595,4.710299491882324
NUTLIN-3A (-),5,NCIH1155,4.010498046875,4.359589339816621,4.4823808670043945
NUTLIN-3A (-),5,NCIH1651,4.8800578117370605,4.635856638991466,4.833762168884277
NUTLIN-3A (-),5,NCIH196,3.888110399246216,3.742254332556796,3.6971993446350098
NUTLIN-3A (-),5,NCIH1963,4.5777997970581055,4.596414411447718,4.783596038818359
NUTLIN-3A (-),5,NCIH2030,4.191578388214111,3.993017237518634,4.016141891479492
NUTLIN-3A (-),5,NCIH2066,5.58698034286499,4.225773842966198,4.312182426452637
NUTLIN-3A (-),5,NCIH2170,4.745299339294434,4.120968849409912,4.178882122039795
NUTLIN-3A (-),5,NCIH2291,6.232835292816162,4.391292408917072,4.522703647613525
NUTLIN-3A (-),5,NCIH2405,6.070629596710205,4.523106664292402,4.690356731414795
NUTLIN-3A (-),5,NCIH526,4.552740097045898,4.524302985301585,4.691878318786621
NUTLIN-3A (-),5,NCIH596,5.851844310760498,4.267522109534543,4.365281581878662
NUTLIN-3A (-),5,NCIH929,1.0357069969177246,3.3479280327314465,3.19566011428833
NUTLIN-3A (-),5,OCIAML2,1.0991250276565552,3.0165298675699552,2.774158477783203
NUTLIN-3A (-),5,OCIAML5,0.573049008846283,2.8415391460385386,2.5515897274017334
NUTLIN-3A (-),5,SHP77,3.0055348873138428,4.712229607259625,4.9309000968933105
NUTLIN-3A (-),5,SKLU1,4.680829048156738,3.961365155462134,3.975883960723877
NUTLIN-3A (-),5,SKMES1,4.721282005310059,4.6842853330316485,4.895358085632324
NUTLIN-3A (-),5,SKMM2,5.470673084259033,3.8525539299083142,3.8374881744384766
NUTLIN-3A (-),5,SUDHL4,3.693180561065674,2.9387969323758147,2.675290822982788
NUTLIN-3A (-),5,SUPM2,0.7092509865760803,3.422995395260187,3.291137456893921
OLAPARIB,1,A4FUK,3.6303229331970215,3.408422311126374,3.3097097873687744
OLAPARIB,1,A549,3.2347230911254883,4.375488212386159,4.5174150466918945
OLAPARIB,1,ABC1,4.859859943389893,3.753241310845349,3.7403316497802734
OLAPARIB,1,BV173,1.3066129684448242,3.154713615279254,2.9928696155548096
OLAPARIB,1,CORL279,1.8438440561294556,3.8335079545715365,3.840571403503418
OLAPARIB,1,CORL311,3.2829129695892334,3.3846853502546796,3.2800662517547607
OLAPARIB,1,CORL88,3.7056119441986084,3.5277415189543455,3.4587197303771973
OLAPARIB,1,DAUDI,2.8734850883483887,3.284920965951777,3.1554770469665527
OLAPARIB,1,DMS53,4.071601867675781,3.995231774685901,4.042537689208984
OLAPARIB,1,EHEB,4.513337135314941,3.2925943269657876,3.165059804916382
OLAPARIB,1,EM2,3.815643072128296,3.0057437294952694,2.806830883026123
OLAPARIB,1,HCC33,4.764308929443359,3.2137803392731286,3.066634178161621
OLAPARIB,1,JVM3,2.24908709526062,3.3428309488617844,3.227797031402588
OLAPARIB,1,KMS12BM,3.415842056274414,3.6705220094686504,3.637028932571411
OLAPARIB,1,L1236,4.1497907638549805,3.8894744444573197,3.910464286804199
OLAPARIB,1,L428,3.8866350650787354,3.5770113580728697,3.520249605178833
OLAPARIB,1,LCLC97TM1,3.125793933868408,3.95795928219098,3.995990514755249
OLAPARIB,1,ME1,3.9335389137268066,3.1074905530480286,2.9338958263397217
OLAPARIB,1,MONOMAC6,3.3026649951934814,3.3444008253979525,3.22975754737854
OLAPARIB,1,NCIH1048,1.6129440069198608,3.5566821919440432,3.4948618412017822
OLAPARIB,1,NCIH1437,4.663337230682373,3.805634675442196,3.80576229095459
OLAPARIB,1,NCIH1651,1.5969610214233398,4.26826085305281,4.383505821228027
OLAPARIB,1,NCIH2023,3.167038917541504,3.831624790014469,3.83821964263916
OLAPARIB,1,NCIH2085,3.4979939460754395,3.8938694496548303,3.9159529209136963
OLAPARIB,1,NCIH209,0.8144919872283936,3.9841588281824647,4.028709411621094
OLAPARIB,1,NCIH2170,4.501124858856201,3.9564596615912473,3.9941177368164062
OLAPARIB,1,NCIH2196,3.702558994293213,4.080120800838661,4.148550033569336
OLAPARIB,1,NCIH2347,3.6950790882110596,3.7017171725490217,3.6759865283966064
OLAPARIB,1,NCIH2405,4.284059047698975,3.851089120838803,3.862527370452881
OLAPARIB,1,NCIH2444,4.85365104675293,3.9586484776543833,3.9968512058258057
OLAPARIB,1,NCIH441,5.296687126159668,3.969171786002934,4.009993076324463
OLAPARIB,1,NCIH460,2.7931559085845947,4.053905027253163,4.115810871124268
OLAPARIB,1,NCIH524,3.035475015640259,3.308303019796749,3.1846773624420166
OLAPARIB,1,NCIH650,4.849461078643799,3.9921210403699185,4.0386528968811035
OLAPARIB,1,NCIH69,3.819581985473633,3.5081307579581473,3.4342291355133057
OLAPARIB,1,OCIAML2,1.7784290313720703,3.144606496988936,2.9802474975585938
OLAPARIB,1,OCIM1,2.8607285022735596,3.450468389041501,3.3622183799743652
OLAPARIB,1,OPM2,3.7902181148529053,3.2650679365225983,3.1306838989257812
OLAPARIB,1,SHP77,3.806260108947754,3.8601548094191855,3.8738489151000977
OLAPARIB,1,SUDHL8,1.4634560346603394,2.938358740809994,2.7226781845092773
OLAPARIB,1,THP1,3.860685110092163,3.336048196389817,3.2193264961242676
OLAPARIB,2,A3KAW,2.496955156326294,3.2310309496060716,3.1765642166137695
OLAPARIB,2,CA46,4.079376220703125,3.3097186067706224,3.2797346115112305
OLAPARIB,2,EBC1,4.300568103790283,3.7302255499436217,3.8310773372650146
OLAPARIB,2,EPLC272H,4.2327880859375,3.6545742724432797,3.7318880558013916
OLAPARIB,2,GRANTA519,3.692828893661499,3.404486092713867,3.4039878845214844
OLAPARIB,2,HCC15,4.488855361938477,3.945561020611776,4.113411903381348
OLAPARIB,2,HDLM2,3.5369160175323486,3.681907508330563,3.767725706100464
OLAPARIB,2,HL60,3.4739298820495605,3.2459620892999173,3.196141004562378
OLAPARIB,2,HT,4.060614585876465,3.316185051688512,3.288213014602661
OLAPARIB,2,JVM2,3.1511659622192383,3.643046831069871,3.7167739868164062
OLAPARIB,2,K562,4.2492241859436035,3.1991462355180973,3.134758949279785
OLAPARIB,2,KARPAS422,4.472655773162842,3.4269443554056913,3.433433771133423
OLAPARIB,2,KCL22,3.6340343952178955,3.4346185877070807,3.443495750427246
OLAPARIB,2,L540,2.4288530349731445,3.5387828849766905,3.5800695419311523
OLAPARIB,2,LAMA84,3.2450339794158936,3.5667669295128057,3.616760492324829
OLAPARIB,2,LU65,5.92929220199585,3.7736491613828966,3.8880116939544678
OLAPARIB,2,MOLM13,2.2769479751586914,3.118151926296984,3.028564214706421
OLAPARIB,2,MOLM16,2.0755369663238525,3.3148005149318176,3.286397695541382
OLAPARIB,2,MOLT16,1.6349430084228516,3.003438309956863,2.8781588077545166
OLAPARIB,2,NCIH1568,4.2579755783081055,4.032784290510663,4.227773666381836
OLAPARIB,2,NCIH1623,3.146622896194458,4.196745155559549,4.4427490234375
OLAPARIB,2,NCIH1781,4.285407066345215,4.01111576292973,4.1993632316589355
OLAPARIB,2,NCIH1836,4.518640995025635,3.611215214530223,3.6750383377075195
OLAPARIB,2,NCIH1876,1.3801189661026,3.4104130156253065,3.4117588996887207
OLAPARIB,2,NCIH1944,4.533949375152588,3.835321054559046,3.9688720703125
OLAPARIB,2,NCIH1963,3.6879215240478516,3.2775471295535032,3.237553358078003
OLAPARIB,2,NCIH1975,4.496391773223877,3.9615575662496028,4.134385585784912
OLAPARIB,2,NCIH2066,5.401173114776611,3.7237074622047572,3.822531223297119
OLAPARIB,2,NCIH2081,3.331890106201172,3.4862306775664647,3.5111663341522217
OLAPARIB,2,NCIH2227,3.596898078918457,2.9241980382396995,2.774263858795166
OLAPARIB,2,NCIH292,2.8764355182647705,3.942947602924987,4.1099853515625
OLAPARIB,2,NCIH522,6.117648601531982,3.690860627814751,3.7794644832611084
OLAPARIB,2,NCIH810,3.683518886566162,3.455196615297221,3.4704763889312744
OLAPARIB,2,NCIH841,3.9966349601745605,3.5908042987445747,3.6482768058776855
OLAPARIB,2,P12ICHIKAWA,3.0477566719055176,2.928169625749939,2.7794711589813232
OLAPARIB,2,P31FUJ,3.2859749794006348,2.98465705248662,2.853533983230591
OLAPARIB,2,REH,2.408996105194092,2.736380008309699,2.528008460998535
OLAPARIB,2,RL,3.760345935821533,3.1431112289877023,3.0612893104553223
OLAPARIB,2,SUDHL6,3.0105090141296387,2.8778311496867053,2.713470458984375
OLAPARIB,2,SUPB15,0.3340129852294922,3.003069172891445,2.8776748180389404
OLAPARIB,2,SW1573,3.743604898452759,4.005348496345107,4.19180154800415
OLAPARIB,3,697,0.6951836347579956,3.086010332614743,2.9285054206848145
OLAPARIB,3,CAL12T,3.714121103286743,3.65491532372218,3.7162880897521973
OLAPARIB,3,CALU6,4.357745170593262,3.668261571039441,3.734769105911255
OLAPARIB,3,CHAGOK1,4.5495829582214355,4.123176025345953,4.3647050857543945
OLAPARIB,3,COLO668,3.925457000732422,3.0125797154812597,2.8268234729766846
OLAPARIB,3,CORL105,3.6286349296569824,3.833969569466144,3.96423077583313
OLAPARIB,3,DB,2.959984064102173,3.198481413406188,3.0842480659484863
OLAPARIB,3,DOHH2,0.24862700700759888,3.5860623583647917,3.6209449768066406
OLAPARIB,3,EJM,3.8657829761505127,3.502331809514697,3.505000352859497
OLAPARIB,3,GA10,3.877859115600586,3.565680470150605,3.592721462249756
OLAPARIB,3,HCC827,4.050180912017822,3.923286895494211,4.087911605834961
OLAPARIB,3,HEL,3.598891496658325,3.275163752488117,3.1904327869415283
OLAPARIB,3,IALM,4.503911018371582,3.8771563832227227,4.024033069610596
OLAPARIB,3,KG1,4.2064127922058105,3.1196735576741705,2.9751200675964355
OLAPARIB,3,KNS62,3.732089042663574,3.701957509599356,3.7814290523529053
OLAPARIB,3,L363,3.8743364810943604,3.552316144319917,3.5742154121398926
OLAPARIB,3,LOUCY,3.2427849769592285,2.848021682684847,2.598954200744629
OLAPARIB,3,MHHCALL2,2.7677578926086426,2.733003941968618,2.439685106277466
OLAPARIB,3,MM1S,3.2206454277038574,3.6314983113680372,3.68386173248291
OLAPARIB,3,MOLP8,3.392080068588257,3.7227663950830623,3.810243844985962
OLAPARIB,3,NCIH1092,4.870373249053955,3.3590311815113045,3.3065669536590576
OLAPARIB,3,NCIH1155,2.9632370471954346,3.617236602566085,3.6641130447387695
OLAPARIB,3,NCIH146,3.061906099319458,3.699289121017496,3.7777340412139893
OLAPARIB,3,NCIH1648,4.809979438781738,3.7184501069582296,3.804266929626465
OLAPARIB,3,NCIH1793,5.372661113739014,3.800290848538064,3.9175946712493896
OLAPARIB,3,NCIH196,4.580589771270752,3.5799852230321463,3.612529754638672
OLAPARIB,3,NCIH2228,4.738545894622803,3.984191513291075,4.172248363494873
OLAPARIB,3,NCIH23,2.598694086074829,3.8750813142339124,4.021159648895264
OLAPARIB,3,NOMO1,3.370598077774048,3.1534848543673837,3.021939754486084
OLAPARIB,3,OCILY19,1.495224952697754,2.6982463642297283,2.391555070877075
OLAPARIB,3,PF382,3.8372631072998047,2.857670787918078,2.6123156547546387
OLAPARIB,3,PL21,4.570310115814209,3.9149945396496144,4.0764288902282715
OLAPARIB,3,RS411,2.0364019870758057,4.059759699416931,4.276890277862549
OLAPARIB,3,SBC5,3.4794886112213135,3.613902924690102,3.659496784210205
OLAPARIB,3,SIGM5,2.6304540634155273,3.3173567645351527,3.24885892868042
OLAPARIB,3,SKLU1,3.452787399291992,3.8046405388686577,3.9236178398132324
OLAPARIB,3,SUDHL10,3.10319447517395,3.6621231409374606,3.726269006729126
OLAPARIB,3,SUDHL4,3.273993968963623,3.2502183309559403,3.1558899879455566
OLAPARIB,3,SUDHL5,1.0164320468902588,3.5762631153819555,3.6073756217956543
OLAPARIB,3,SUPT1,3.2643001079559326,2.8074021900112545,2.5427069664001465
OLAPARIB,3,SW1271,4.535501956939697,3.8978523210415887,4.052691459655762
OLAPARIB,4,AMO1,4.40307092666626,3.4118152420758934,3.3525774478912354
OLAPARIB,4,BEN,5.086228847503662,3.853408609565302,3.9494690895080566
OLAPARIB,4,CALU3,4.531649112701416,3.9254049379695792,4.0467848777771
OLAPARIB,4,CMK,3.0633394718170166,3.3854896243999875,3.3169937133789062
OLAPARIB,4,CMLT1,1.4169410467147827,3.1224825064095487,2.9614930152893066
OLAPARIB,4,CORL95,4.626766204833984,3.3881137372192653,3.3205406665802
OLAPARIB,4,DMS114,3.7119369506835938,3.5756713940056004,3.5740580558776855
OLAPARIB,4,DND41,3.420628070831299,2.7611707282874574,2.473116159439087
OLAPARIB,4,GDM1,4.192355155944824,3.4550306425640045,3.4109907150268555
OLAPARIB,4,HCC44,3.1642885208129883,3.9200078415089843,4.03948974609375
OLAPARIB,4,HCC78,4.763959884643555,3.5758523673034817,3.5743026733398438
OLAPARIB,4,JEKO1,3.4577174186706543,2.911706822163752,2.6765923500061035
OLAPARIB,4,JURKAT,2.6650679111480713,3.265487218343413,3.1547892093658447
OLAPARIB,4,JURLMK1,3.1844863891601562,3.0104505101106356,2.8100619316101074
OLAPARIB,4,KMS11,4.038886070251465,3.4812740637907753,3.4464633464813232
OLAPARIB,4,KOPN8,1.2810114622116089,3.2468432645298155,3.1295886039733887
OLAPARIB,4,LP1,3.730889081954956,3.2993325764045762,3.2005372047424316
OLAPARIB,4,LXF289,4.084269046783447,3.8986759226988834,4.010655879974365
OLAPARIB,4,MOLT13,2.2494070529937744,2.8751288731369193,2.627150774002075
OLAPARIB,4,NAMALWA,3.1419010162353516,3.224313323654208,3.099135398864746
OLAPARIB,4,NCIH1105,2.49530291557312,3.505617618164253,3.479367971420288
OLAPARIB,4,NCIH1436,4.480844974517822,3.02787262958269,2.833611011505127
OLAPARIB,4,NCIH2030,4.026554107666016,4.188054342657773,4.401802062988281
OLAPARIB,4,NCIH2087,3.4920709133148193,3.9550972587026587,4.08691930770874
OLAPARIB,4,NCIH211,2.163992404937744,3.248519119601131,3.1318538188934326
OLAPARIB,4,NCIH2122,3.2415504455566406,3.8471447462569595,3.941002368927002
OLAPARIB,4,NCIH2291,5.3564958572387695,3.9225957949461323,4.042987823486328
OLAPARIB,4,NCIH2342,4.26907205581665,3.6497868385899417,3.6742382049560547
OLAPARIB,4,NCIH446,3.707557439804077,3.3132648745329845,3.2193691730499268
OLAPARIB,4,NCIH647,2.7222704887390137,3.9447630836770573,4.072950839996338
OLAPARIB,4,NCIH727,4.363997936248779,3.528113692691719,3.509775400161743
OLAPARIB,4,NCIH82,4.242812633514404,3.187866783113654,3.0498714447021484
OLAPARIB,4,NCIH929,3.7275400161743164,3.4469095981120055,3.4000136852264404
OLAPARIB,4,OCIAML3,3.8123679161071777,3.356070351098799,3.277228355407715
OLAPARIB,4,RAJI,3.7070178985595703,3.1131403331649263,2.9488654136657715
OLAPARIB,4,RPMI8226,3.100374937057495,3.755575079724722,3.817229747772217
OLAPARIB,4,RPMI8402,2.949899911880493,3.1938644780920717,3.057978391647339
OLAPARIB,4,SKM1,3.027637481689453,3.412922601105229,3.354074239730835
OLAPARIB,4,SUDHL1,4.284554958343506,3.4940986501153883,3.4637980461120605
OLAPARIB,4,SUPM2,1.3024330139160156,3.4192608998245912,3.3626415729522705
OLAPARIB,5,ALLSIL,3.0693631172180176,2.9339497637332794,2.8847978115081787
OLAPARIB,5,BL41,3.0221939086914062,3.1351593872526053,3.092729091644287
OLAPARIB,5,CORL23,3.1534674167633057,3.3896153515356877,3.3556854724884033
OLAPARIB,5,DMS273,2.04447865486145,3.664649617338854,3.6399075984954834
OLAPARIB,5,DMS79,3.2405529022216797,3.436767220490996,3.4044125080108643
OLAPARIB,5,HARA,3.7808170318603516,3.831994501687554,3.812842845916748
OLAPARIB,5,HCC366,3.9729185104370117,4.215704901516535,4.209371566772461
OLAPARIB,5,HH,4.835765838623047,2.9363625433430895,2.887291193008423
OLAPARIB,5,JM1,2.405493974685669,2.9894017052877975,2.9421021938323975
OLAPARIB,5,KMH2,3.4734175205230713,2.741958213393335,2.6863925457000732
OLAPARIB,5,KU812,2.924823045730591,3.552588024526048,3.5241024494171143
OLAPARIB,5,LCLC103H,4.097171783447266,4.511373070282314,4.514916896820068
OLAPARIB,5,LOUNH91,4.451174736022949,3.9736683615187562,3.959249496459961
OLAPARIB,5,MEG01,3.1140758991241455,3.3990011518881746,3.365384817123413
OLAPARIB,5,NALM6,2.2974350452423096,2.693281803640396,2.636090040206909
OLAPARIB,5,NB4,2.349273920059204,3.1584107108188997,3.1167571544647217
OLAPARIB,5,NCIH1341,3.4622130393981934,3.4727212819169715,3.4415676593780518
OLAPARIB,5,NCIH1435,3.704982042312622,3.720139395559657,3.697251081466675
OLAPARIB,5,NCIH1650,4.470430850982666,4.020963732952291,4.008124828338623
OLAPARIB,5,NCIH1792,3.3917484283447266,3.7888840039719716,3.768292188644409
OLAPARIB,5,NCIH1915,3.939929962158203,3.890723236969184,3.8735334873199463
OLAPARIB,5,NCIH2009,3.6037750244140625,4.591383315369619,4.597599983215332
OLAPARIB,5,NCIH2029,4.039730072021484,3.3354927689515015,3.2997548580169678
OLAPARIB,5,NCIH2110,3.834649085998535,3.790806752611115,3.7702791690826416
OLAPARIB,5,NCIH2171,2.8820579051971436,3.3889864323143892,3.3550355434417725
OLAPARIB,5,NCIH2172,5.027032375335693,4.129434995272856,4.120219707489014
OLAPARIB,5,NCIH358,4.723379135131836,4.140819679019815,4.131984710693359
OLAPARIB,5,NCIH526,2.855201005935669,3.3302528520937837,3.294339895248413
OLAPARIB,5,NCIH596,3.963118553161621,3.9966749003110964,3.9830245971679688
OLAPARIB,5,NCIH661,5.217538833618164,3.9035609409860412,3.8868000507354736
OLAPARIB,5,NCIH838,4.1581220626831055,4.220922670081793,4.214763641357422
OLAPARIB,5,NUDUL1,2.265810966491699,2.6297683450533675,2.5704548358917236
OLAPARIB,5,OCIAML5,2.77559757232666,3.292418031499786,3.2552411556243896
OLAPARIB,5,RCHACV,1.5713474750518799,2.8228899197315074,2.7700278759002686
OLAPARIB,5,RERFLCKJ,5.036983966827393,4.014799124884388,4.001754283905029
OLAPARIB,5,RERFLCMS,3.427949905395508,4.118614631560854,4.10903787612915
OLAPARIB,5,SKMES1,4.334650993347168,4.107348994885864,4.097395896911621
OLAPARIB,5,SKMM2,4.797709941864014,3.2818939011994313,3.2443654537200928
OLAPARIB,5,ST486,3.482469081878662,2.5805705275821103,2.51961350440979
OLAPARIB,5,WSUDLCL2,2.5167605876922607,3.2284729119211764,3.189159870147705
PALBOCICLIB,1,A549,1.4889991283416748,2.750984687078112,2.70736026763916
PALBOCICLIB,1,BEN,1.8081190586090088,3.7378423013567117,3.737508773803711
PALBOCICLIB,1,BV173,0.09903199970722198,1.379453900663476,1.27566397190094
PALBOCICLIB,1,CMK,1.9712049961090088,1.1463134954575827,1.0322962999343872
PALBOCICLIB,1,CORL105,0.9424435496330261,2.779454658911705,2.73707914352417
PALBOCICLIB,1,CORL88,4.847788333892822,3.838603161718362,3.8426897525787354
PALBOCICLIB,1,DMS53,3.072093963623047,2.9881988220683935,2.9549803733825684
PALBOCICLIB,1,EHEB,1.9867019653320312,1.7803007119126466,1.6940948963165283
PALBOCICLIB,1,EJM,3.8504064083099365,1.3166383851918846,1.2100929021835327
PALBOCICLIB,1,GRANTA519,3.582771062850952,1.83834028397448,1.7546805143356323
PALBOCICLIB,1,HCC15,4.328616619110107,3.340825175247692,3.323075532913208
PALBOCICLIB,1,HDLM2,2.232173442840576,1.6438883207574064,1.5516984462738037
PALBOCICLIB,1,HL60,0.8921260237693787,1.2895690720207025,1.1818361282348633
PALBOCICLIB,1,K562,2.856861114501953,1.4540926197207222,1.353576898574829
PALBOCICLIB,1,KCL22,1.530921459197998,1.6658379495833346,1.574610948562622
PALBOCICLIB,1,L540,2.2610321044921875,1.8327993171338628,1.7488964796066284
PALBOCICLIB,1,ME1,3.3842926025390625,1.8282660479725859,1.7441643476486206
PALBOCICLIB,1,NALM6,0.3954299986362457,1.3508158269504646,1.2457696199417114
PALBOCICLIB,1,NCIH1437,0.9984815120697021,2.8218400860516235,2.7813239097595215
PALBOCICLIB,1,NCIH1568,5.782299995422363,3.171494736033755,3.1463170051574707
PALBOCICLIB,1,NCIH1781,4.752129554748535,3.415130088738674,3.4006400108337402
PALBOCICLIB,1,NCIH1876,4.4407196044921875,4.256236521582595,4.278643608093262
PALBOCICLIB,1,NCIH1915,1.895946979522705,3.164016257993263,3.1385104656219482
PALBOCICLIB,1,NCIH1963,4.180132865905762,4.130597268264876,4.1474928855896
PALBOCICLIB,1,NCIH1975,2.770841598510742,3.2187656240442752,3.1956615447998047
PALBOCICLIB,1,NCIH2023,2.407521963119507,3.669342155889402,3.666003704071045
PALBOCICLIB,1,NCIH2085,3.0417890548706055,2.5685062141812818,2.5168769359588623
PALBOCICLIB,1,NCIH209,1.5118584632873535,3.9778662044456445,3.9880619049072266
PALBOCICLIB,1,NCIH2122,1.6187820434570312,2.0678034605680926,1.99420964717865
PALBOCICLIB,1,NCIH2196,5.442220211029053,3.991596199526307,4.002394199371338
PALBOCICLIB,1,NCIH2342,3.6758105754852295,3.916752492103873,3.924267292022705
PALBOCICLIB,1,NCIH647,2.959080934524536,3.106170711130568,3.078127384185791
PALBOCICLIB,1,NCIH69,3.5459964275360107,3.4402853016374824,3.426898717880249
PALBOCICLIB,1,NCIH810,4.746111869812012,3.703792763202037,3.701965570449829
PALBOCICLIB,1,NCIH838,0.25696951150894165,2.249653264411798,2.1840367317199707
PALBOCICLIB,1,NCIH841,1.2463326454162598,3.4071025387985596,3.3922603130340576
PALBOCICLIB,1,OCIAML5,0.6808810234069824,0.8532300955844151,0.7263560891151428
PALBOCICLIB,1,PL21,0.6270018815994263,3.2689705293686693,3.2480688095092773
PALBOCICLIB,1,SHP77,1.7733299732208252,3.932799141210273,3.9410178661346436
PALBOCICLIB,1,SUDHL10,-0.23044849932193756,1.2522099139153284,1.1428381204605103
PALBOCICLIB,1,SW1271,2.3768293857574463,2.992188044114487,2.9591445922851562
PALBOCICLIB,2,A3KAW,0.6165364980697632,2.7527920504396493,2.7636287212371826
PALBOCICLIB,2,CORL95,4.36765718460083,3.4296111202209127,3.45906400680542
PALBOCICLIB,2,EBC1,1.4803210496902466,2.662572154546483,2.6709272861480713
PALBOCICLIB,2,EPLC272H,3.492993116378784,2.3449559739262975,2.3445749282836914
PALBOCICLIB,2,HARA,1.1465853452682495,2.7433156873384634,2.753891706466675
PALBOCICLIB,2,HCC78,1.0728850364685059,2.0260605771019775,2.0169081687927246
PALBOCICLIB,2,HT,2.125473976135254,1.907982633276263,1.8955824375152588
PALBOCICLIB,2,IALM,5.082275867462158,3.2696710407485003,3.294724702835083
PALBOCICLIB,2,JM1,0.5192750096321106,2.277686325868883,2.2754549980163574
PALBOCICLIB,2,JVM2,1.3650020360946655,2.423170078849374,2.424940347671509
PALBOCICLIB,2,JVM3,0.9007980227470398,1.6506150298785938,1.6311358213424683
PALBOCICLIB,2,KOPN8,0.2958313226699829,2.0845274634804083,2.0769832134246826
PALBOCICLIB,2,L1236,3.171961545944214,2.079390875577104,2.0717053413391113
PALBOCICLIB,2,L428,3.2515065670013428,1.8089024306980144,1.7937769889831543
PALBOCICLIB,2,MHHCALL2,2.614732027053833,1.0232592573662171,0.9865243434906006
PALBOCICLIB,2,MM1S,2.3437039852142334,2.214497500481903,2.2105281352996826
PALBOCICLIB,2,MOLM16,0.8805354833602905,1.817821442570771,1.8029413223266602
PALBOCICLIB,2,MONOMAC6,2.152620553970337,0.7694872887044923,0.7257722616195679
PALBOCICLIB,2,NCIH1048,3.9747469425201416,3.268762386539288,3.2937910556793213
PALBOCICLIB,2,NCIH1105,4.327730655670166,4.3435627185030885,4.398154258728027
PALBOCICLIB,2,NCIH1435,4.287580966949463,3.5962375581439567,3.6302735805511475
PALBOCICLIB,2,NCIH146,2.870910882949829,3.147704400321102,3.169403314590454
PALBOCICLIB,2,NCIH1623,3.372220039367676,3.174692080036399,3.1971333026885986
PALBOCICLIB,2,NCIH1651,3.748025894165039,3.5268211101009355,3.558947801589966
PALBOCICLIB,2,NCIH196,3.0411036014556885,2.226961563173953,2.223335027694702
PALBOCICLIB,2,NCIH2009,4.292317867279053,3.1077117812636854,3.1283106803894043
PALBOCICLIB,2,NCIH2029,4.307912826538086,4.286959315769751,4.339993953704834
PALBOCICLIB,2,NCIH211,1.0500149726867676,3.8815749349598065,3.92345929145813
PALBOCICLIB,2,NCIH2170,1.8890299797058105,2.5557927550029933,2.561210870742798
PALBOCICLIB,2,NCIH2444,3.883344888687134,3.152888555668964,3.174730062484741
PALBOCICLIB,2,NCIH358,2.3970463275909424,2.448374791520853,2.450838327407837
PALBOCICLIB,2,NCIH441,2.7466835975646973,2.728179030371207,2.7383387088775635
PALBOCICLIB,2,NCIH460,0.6316275000572205,1.8898002676394137,1.8768999576568604
PALBOCICLIB,2,NCIH650,3.2084872722625732,3.296173764565622,3.3219563961029053
PALBOCICLIB,2,RL,1.333801507949829,1.3874566121877132,1.3607391119003296
PALBOCICLIB,2,RPMI8402,-1.540902018547058,2.0285677294846494,2.019484281539917
PALBOCICLIB,2,ST486,1.9474685192108154,1.5710537221111127,1.5493861436843872
PALBOCICLIB,2,SUDHL5,0.6707894802093506,1.6408090591920692,1.6210601329803467
PALBOCICLIB,2,SUPB15,1.7490555047988892,0.6535865416216385,0.606683611869812
PALBOCICLIB,2,SUPT1,2.526287078857422,0.557854507049476,0.5083184242248535
PALBOCICLIB,2,THP1,2.338123083114624,1.3331369108657833,1.3049253225326538
PALBOCICLIB,3,697,-1.5424449443817139,0.9023817841611274,0.5885554552078247
PALBOCICLIB,3,A4FUK,1.2876604795455933,1.9050315632136885,1.7911548614501953
PALBOCICLIB,3,AMO1,2.2449300289154053,2.4263195807756097,2.416398763656616
PALBOCICLIB,3,CALU3,4.827610015869141,3.361453906460497,3.5380187034606934
PALBOCICLIB,3,CHAGOK1,4.558003902435303,3.137967374631105,3.2699642181396484
PALBOCICLIB,3,CORL23,1.9255143404006958,2.792604270693842,2.8557283878326416
PALBOCICLIB,3,CORL311,4.426292896270752,2.5579704659622755,2.57430362701416
PALBOCICLIB,3,DMS79,4.231515407562256,3.5043184564099144,3.7093734741210938
PALBOCICLIB,3,DND41,1.4825409650802612,1.807678733079168,1.674387812614441
PALBOCICLIB,3,DOHH2,0.1339409351348877,2.0745361453868707,1.994462251663208
PALBOCICLIB,3,HCC33,4.3340630531311035,2.9652833379371524,3.0628433227539062
PALBOCICLIB,3,HCC44,3.2775895595550537,3.154724958530105,3.2900636196136475
PALBOCICLIB,3,HCC827,3.337791919708252,2.4125597682819078,2.399894952774048
PALBOCICLIB,3,JURLMK1,-1.3133740425109863,1.5788442772468496,1.3999189138412476
PALBOCICLIB,3,KARPAS422,1.5143954753875732,1.8467809548449883,1.7212878465652466
PALBOCICLIB,3,KG1,1.8704334497451782,1.5874376500750724,1.4102259874343872
PALBOCICLIB,3,KMS12BM,4.1785407066345215,1.9074314103177374,1.7940332889556885
PALBOCICLIB,3,LCLC103H,2.9839630126953125,2.721980227171553,2.7710204124450684
PALBOCICLIB,3,LCLC97TM1,2.270002603530884,2.554343363327671,2.569953203201294
PALBOCICLIB,3,MEG01,3.2448151111602783,1.3457874779820247,1.1203856468200684
PALBOCICLIB,3,NCIH1092,4.2433929443359375,4.060771300604964,4.376794815063477
PALBOCICLIB,3,NCIH1341,3.4334049224853516,3.238237570459535,3.390230417251587
PALBOCICLIB,3,NCIH1792,1.3918304443359375,2.7418838708830084,2.794893264770508
PALBOCICLIB,3,NCIH2228,4.657900810241699,2.696037707039903,2.7399044036865234
PALBOCICLIB,3,NCIH522,3.935699462890625,2.925007729485736,3.014535903930664
PALBOCICLIB,3,NCIH661,1.186929702758789,3.2626403560042583,3.419499635696411
PALBOCICLIB,3,NCIH82,3.0309510231018066,1.7653274844835891,1.6235908269882202
PALBOCICLIB,3,NOMO1,1.5410255193710327,2.1968860079738883,2.1412112712860107
PALBOCICLIB,3,OCIAML3,0.8259180188179016,1.9117618889962145,1.7992273569107056
PALBOCICLIB,3,RAJI,2.676600933074951,1.9981506201792258,1.9028438329696655
PALBOCICLIB,3,REH,0.6807184815406799,1.4170867704575525,1.2059035301208496
PALBOCICLIB,3,RS411,-0.40347549319267273,2.5615423083057403,2.578587770462036
PALBOCICLIB,3,SIGM5,-1.2262660264968872,0.8885351056702027,0.571947455406189
PALBOCICLIB,3,SKLU1,1.942820429801941,2.4636373722048903,2.461158514022827
PALBOCICLIB,3,SKM1,0.7306789755821228,2.028196515095012,1.938881516456604
PALBOCICLIB,3,SKMES1,2.217633008956909,3.3631216540959623,3.5400190353393555
PALBOCICLIB,3,SKMM2,3.466576099395752,1.8430162978166125,1.716772437095642
PALBOCICLIB,3,SUDHL1,1.2701685428619385,1.2659193617644455,1.0245901346206665
PALBOCICLIB,3,SUDHL8,2.680510997772217,1.2299810898333925,0.9814850091934204
PALBOCICLIB,3,SUPM2,1.9414600133895874,1.2683047974616324,1.0274512767791748
PALBOCICLIB,3,SW1573,2.9754693508148193,2.374820964994235,2.3546302318573
PALBOCICLIB,4,ALLSIL,1.7106125354766846,1.2158810885903246,1.2116625308990479
PALBOCICLIB,4,CA46,3.3885724544525146,1.996135589016621,1.9853861331939697
PALBOCICLIB,4,CAL12T,3.8894131183624268,1.991397895399986,1.9806880950927734
PALBOCICLIB,4,CMLT1,0.20453152060508728,1.4400773820037882,1.433982253074646
PALBOCICLIB,4,DAUDI,2.9303998947143555,1.5322067091185678,1.5253404378890991
PALBOCICLIB,4,DMS273,3.4413435459136963,1.732937534237205,1.7243911027908325
PALBOCICLIB,4,GDM1,2.6012380123138428,1.130198559130437,1.1266971826553345
PALBOCICLIB,4,HCC366,3.2575020790100098,2.7160053532234225,2.699230432510376
PALBOCICLIB,4,HEL,0.2314130961894989,1.9965259288078725,1.9857732057571411
PALBOCICLIB,4,JEKO1,0.5465354919433594,1.3903686254090715,1.3846895694732666
PALBOCICLIB,4,JURKAT,1.5078200101852417,2.1238426990759116,2.1120243072509766
PALBOCICLIB,4,KNS62,1.174725890159607,2.1562912720523686,2.1442012786865234
PALBOCICLIB,4,KU812,1.1007695198059082,1.3246839475890535,1.3195546865463257
PALBOCICLIB,4,L363,2.4798269271850586,2.112537150776423,2.100813388824463
PALBOCICLIB,4,LOUNH91,3.3807995319366455,2.574680950428006,2.559088945388794
PALBOCICLIB,4,MOLM13,-1.412693977355957,1.337204033280292,1.331969976425171
PALBOCICLIB,4,NB4,-1.2053710222244263,1.1025470662371626,1.099277138710022
PALBOCICLIB,4,NCIH1155,3.809638500213623,3.477189104094891,3.454042911529541
PALBOCICLIB,4,NCIH1436,4.437455654144287,3.9538537363258532,3.926717758178711
PALBOCICLIB,4,NCIH1648,5.3365325927734375,2.19153726016354,2.179152250289917
PALBOCICLIB,4,NCIH1944,1.9491093158721924,2.701651139353828,2.6849963665008545
PALBOCICLIB,4,NCIH2030,1.9046931266784668,2.3704826288699308,2.356599807739258
PALBOCICLIB,4,NCIH2081,4.418533802032471,3.6403790268384246,3.6158668994903564
PALBOCICLIB,4,NCIH2087,4.368855953216553,2.3951513342976907,2.3810620307922363
PALBOCICLIB,4,NCIH2227,4.8455281257629395,2.38748615235443,2.3734610080718994
PALBOCICLIB,4,NCIH2291,3.155041456222534,3.1309693701603476,3.1107211112976074
PALBOCICLIB,4,NCIH23,2.618976593017578,1.968578705737056,1.9580599069595337
PALBOCICLIB,4,NCIH2347,1.6962225437164307,2.993825341833971,2.9747250080108643
PALBOCICLIB,4,NCIH446,4.212732315063477,2.8676420836976564,2.849597930908203
PALBOCICLIB,4,NCIH596,5.393075942993164,3.011686482833342,2.992436647415161
PALBOCICLIB,4,NCIH727,2.9985404014587402,2.549294317918832,2.533914804458618
PALBOCICLIB,4,NCIH929,2.073625087738037,1.5233510328874227,1.5165588855743408
PALBOCICLIB,4,NUDUL1,0.7091140151023865,1.6263768148894244,1.6187223196029663
PALBOCICLIB,4,OCIAML2,1.3276159763336182,1.33673531297044,1.3315051794052124
PALBOCICLIB,4,OCILY19,0.47683000564575195,1.529535400063626,1.5226914882659912
PALBOCICLIB,4,OCIM1,2.2512850761413574,0.5370966611304329,0.5385596752166748
PALBOCICLIB,4,OPM2,2.670811414718628,2.666289023050988,2.649930238723755
PALBOCICLIB,4,RERFLCMS,2.4079554080963135,2.5147756336995823,2.499685049057007
PALBOCICLIB,4,SBC5,1.882981538772583,2.501950561235814,2.4869673252105713
PALBOCICLIB,4,SUDHL6,-0.4735009968280792,1.1722345602041762,1.1683813333511353
PALBOCICLIB,5,ABC1,2.346066951751709,2.6872757031045453,2.6740801334381104
PALBOCICLIB,5,BL41,1.5789974927902222,1.7325155679607671,1.6748690605163574
PALBOCICLIB,5,CALU6,2.489241600036621,2.3664289856414933,2.3382956981658936
PALBOCICLIB,5,COLO668,4.025798797607422,4.0205628030362535,4.069441318511963
PALBOCICLIB,5,CORL279,3.711009979248047,3.7195450944178905,3.754409074783325
PALBOCICLIB,5,DB,0.8019390106201172,1.2523170068349607,1.1723138093948364
PALBOCICLIB,5,DMS114,3.8830509185791016,2.814474462992685,2.8072009086608887
PALBOCICLIB,5,EM2,1.0740950107574463,1.4390313836985702,1.3677210807800293
PALBOCICLIB,5,GA10,0.45204150676727295,1.7913967277306388,1.7364915609359741
PALBOCICLIB,5,HH,2.4205191135406494,1.9090924121778736,1.8596668243408203
PALBOCICLIB,5,KMH2,2.4988694190979004,2.213052088607042,2.1777780055999756
PALBOCICLIB,5,KMS11,2.7782344818115234,2.15727316258842,2.1194021701812744
PALBOCICLIB,5,LAMA84,1.039250135421753,2.3324061325616916,2.3026888370513916
PALBOCICLIB,5,LOUCY,1.5779509544372559,1.5075931985832296,1.4394749402999878
PALBOCICLIB,5,LP1,3.4311320781707764,1.6271449835987266,1.564592719078064
PALBOCICLIB,5,LU65,4.279881477355957,2.4853763846726267,2.4627809524536133
PALBOCICLIB,5,LXF289,1.8253024816513062,3.337133702408183,3.354193687438965
PALBOCICLIB,5,MOLP8,1.9861584901809692,2.193528576032624,2.1573455333709717
PALBOCICLIB,5,MOLT13,0.17993800342082977,1.057805469851746,0.9687463641166687
PALBOCICLIB,5,MOLT16,-0.7884014844894409,0.9031344851489286,0.8068743348121643
PALBOCICLIB,5,NAMALWA,1.9791685342788696,1.8199040176489558,1.7663260698318481
PALBOCICLIB,5,NCIH1650,3.1093928813934326,3.949079409540035,3.9946298599243164
PALBOCICLIB,5,NCIH1793,1.5169873237609863,3.0300008287018962,3.032761573791504
PALBOCICLIB,5,NCIH1836,5.1856689453125,3.6334249896101927,3.6642794609069824
PALBOCICLIB,5,NCIH2066,5.989119529724121,2.965109411399999,2.9648489952087402
PALBOCICLIB,5,NCIH2110,3.336752414703369,2.58918907474365,2.5714268684387207
PALBOCICLIB,5,NCIH2171,3.4219648838043213,3.6149865469353313,3.6449825763702393
PALBOCICLIB,5,NCIH2172,4.6599884033203125,2.599886000448805,2.5826218128204346
PALBOCICLIB,5,NCIH2405,3.9263994693756104,2.671853495044448,2.657939910888672
PALBOCICLIB,5,NCIH292,2.0046770572662354,2.4858454501614333,2.4632718563079834
PALBOCICLIB,5,NCIH524,3.1257808208465576,2.978685428726105,2.9790570735931396
PALBOCICLIB,5,NCIH526,3.9714064598083496,3.5270332366937205,3.552934408187866
PALBOCICLIB,5,P12ICHIKAWA,-0.17164599895477295,1.0622042972064651,0.9733499884605408
PALBOCICLIB,5,P31FUJ,2.9543330669403076,1.2991892699671679,1.2213683128356934
PALBOCICLIB,5,PF382,1.2126350402832031,1.7754426918980213,1.719794750213623
PALBOCICLIB,5,RCHACV,-1.033139944076538,1.2879983333283183,1.2096563577651978
PALBOCICLIB,5,RERFLCKJ,3.84242844581604,3.0473316480612755,3.0508992671966553
PALBOCICLIB,5,RPMI8226,0.8826280236244202,1.824761658939788,1.7714098691940308
PALBOCICLIB,5,SUDHL4,1.8561245203018188,1.1204973026170721,1.034356951713562
PALBOCICLIB,5,WSUDLCL2,0.8497740030288696,1.7131902520717606,1.6546440124511719
PD0325901,1,ALLSIL,1.2877860069274902,0.27802967075918994,0.2848007082939148
PD0325901,1,AMO1,-0.6095715165138245,1.1050821177485757,1.005179762840271
PD0325901,1,CALU3,1.322532057762146,-0.4800009003877149,-0.3754589259624481
PD0325901,1,CALU6,-0.7083579897880554,-0.4579803930284199,-0.3562786281108856
PD0325901,1,CORL105,-1.6355880498886108,0.5080723323832862,0.48517242074012756
PD0325901,1,DAUDI,1.8725974559783936,0.14623184432550448,0.17000219225883484
PD0325901,1,DMS114,1.416791558265686,0.38088630196292195,0.3743908703327179
PD0325901,1,DOHH2,1.4946424961090088,1.7625541716866495,1.5778509378433228
PD0325901,1,EM2,-2.362565517425537,0.0670335792015797,0.10101893544197083
PD0325901,1,GRANTA519,2.1724610328674316,1.3429626120135016,1.2123783826828003
PD0325901,1,HCC15,-1.7001014947891235,0.10126831301324321,0.1308380663394928
PD0325901,1,HCC366,0.945468008518219,-0.6525744940224756,-0.5257739424705505
PD0325901,1,JEKO1,2.3185079097747803,1.5194183232669305,1.366074800491333
PD0325901,1,JURLMK1,-4.110527038574219,-0.8239104811106269,-0.6750109791755676
PD0325901,1,KARPAS422,2.041069984436035,1.1322178328355559,1.028815507888794
PD0325901,1,KOPN8,-1.925268530845642,-0.02606094322349628,0.019931763410568237
PD0325901,1,LOUNH91,-0.0018070000223815441,-0.2668949139503206,-0.18983939290046692
PD0325901,1,NCIH1568,0.5854405164718628,0.9709587707555083,0.8883556723594666
PD0325901,1,NCIH1623,-0.3868350088596344,0.04343878540242831,0.08046740293502808
PD0325901,1,NCIH1651,2.321887493133545,0.5072308721582229,0.484439492225647
PD0325901,1,NCIH1781,1.2926039695739746,0.08836177142266746,0.1195962131023407
PD0325901,1,NCIH1915,-1.9041069746017456,0.43286119205205154,0.4196620285511017
PD0325901,1,NCIH1944,-1.7628154754638672,0.6381036158405142,0.5984322428703308
PD0325901,1,NCIH196,3.0530154705047607,-0.2002983993103614,-0.13183251023292542
PD0325901,1,NCIH1975,-0.8042964935302734,0.09777577235235041,0.1277959942817688
PD0325901,1,NCIH2023,0.7955759763717651,1.1415133457093125,1.0369120836257935
PD0325901,1,NCIH2029,2.6015539169311523,1.6707260994209887,1.4978668689727783
PD0325901,1,NCIH2081,3.377523899078369,1.561028947113862,1.4023184776306152
PD0325901,1,NCIH2085,0.9580519795417786,0.36627637909130883,0.3616653382778168
PD0325901,1,NCIH2228,0.5935369729995728,-0.10398379374369401,-0.047940582036972046
PD0325901,1,NCIH23,-0.49132201075553894,-0.30598228623146034,-0.22388526797294617
PD0325901,1,NCIH441,1.8220914602279663,0.06561996845061435,0.0997876524925232
PD0325901,1,NCIH526,2.3820390701293945,2.951823202809688,2.6137278079986572
PD0325901,1,NCIH650,2.0152740478515625,0.42603449398492443,0.41371583938598633
PD0325901,1,NCIH838,-0.8340204954147339,0.5333435456996661,0.5071841478347778
PD0325901,1,PF382,1.6735254526138306,1.322869528612173,1.1948769092559814
PD0325901,1,REH,1.9017845392227173,1.3520362719982528,1.220281720161438
PD0325901,1,SKM1,-4.884747505187988,-3.0831830442867196,-2.6428821086883545
PD0325901,1,SKMES1,-0.9797459840774536,0.2058974748947861,0.22197213768959045
PD0325901,1,SUDHL1,0.5339000225067139,-0.1696004467187338,-0.10509398579597473
PD0325901,1,WSUDLCL2,2.295907497406006,1.0381698630623883,0.9468978643417358
PD0325901,2,ABC1,0.41464149951934814,-0.0928883959243054,-0.11998908966779709
PD0325901,2,CORL23,-0.04751100018620491,0.09883743710966857,0.09616214781999588
PD0325901,2,DMS273,1.418442964553833,1.351383739561693,1.508279800415039
PD0325901,2,EHEB,-0.6251929998397827,0.5638360821312713,0.6204004883766174
PD0325901,2,HCC33,3.8037750720977783,1.4722186981918672,1.6445088386535645
PD0325901,2,HDLM2,1.9016159772872925,-0.040891557982083555,-0.061367981135845184
PD0325901,2,HEL,1.8254444599151611,-0.4020897773837456,-0.4685819745063782
PD0325901,2,HL60,-4.152990341186523,-2.5829487644595734,-2.927277088165283
PD0325901,2,IALM,0.17741550505161285,-0.012068732402558856,-0.028873197734355927
PD0325901,2,KCL22,-0.9065219759941101,-0.62617216267233,-0.7212119102478027
PD0325901,2,KMS11,1.3451509475708008,0.48287689670321937,0.529127299785614
PD0325901,2,L428,2.2052035331726074,0.7499454050498777,0.8302196860313416
PD0325901,2,LAMA84,-2.597193479537964,-2.284673028117939,-2.5910017490386963
PD0325901,2,LCLC97TM1,-1.5441689491271973,0.00801216506115518,-0.006234042812138796
PD0325901,2,MEG01,-2.0167200565338135,-0.1964480748824045,-0.2367420196533203
PD0325901,2,MOLT16,0.847055971622467,0.7535271898579046,0.8342577815055847
PD0325901,2,MONOMAC6,0.8418490290641785,-1.2964789648119304,-1.4769141674041748
PD0325901,2,NAMALWA,1.717872977256775,1.315985355977304,1.4683717489242554
PD0325901,2,NCIH1048,1.188035488128662,1.0841420316072075,1.2069921493530273
PD0325901,2,NCIH1092,3.2230710983276367,1.8352712993379119,2.0538134574890137
PD0325901,2,NCIH1435,2.4340755939483643,-0.04199927415522195,-0.06261681765317917
PD0325901,2,NCIH1436,2.6357696056365967,1.969536735005824,2.205183982849121
PD0325901,2,NCIH1650,1.9618910551071167,0.39644489973552466,0.43168407678604126
PD0325901,2,NCIH1793,1.35183846950531,0.37847258548483304,0.41142213344573975
PD0325901,2,NCIH209,2.490216016769409,2.129690965289893,2.3857414722442627
PD0325901,2,NCIH2110,0.06890399754047394,0.31846582080753844,0.3437706530094147
PD0325901,2,NCIH2122,-1.6554515361785889,-0.5100921571339716,-0.5903435945510864
PD0325901,2,NCIH2170,3.3567121028900146,0.38233436575166774,0.4157758951187134
PD0325901,2,NCIH2291,-2.9845991134643555,-0.14691166531291627,-0.18089479207992554
PD0325901,2,NCIH2342,1.8335144519805908,0.2536606709633884,0.27070948481559753
PD0325901,2,NCIH2347,-0.5931640267372131,-0.12099310531849136,-0.1516742706298828
PD0325901,2,NCIH2444,2.097825527191162,0.41273808714110005,0.45005297660827637
PD0325901,2,OCIAML5,-2.1597185134887695,-1.6406303921499208,-1.8649096488952637
PD0325901,2,OPM2,1.2488130331039429,0.3923643465818798,0.42708367109298706
PD0325901,2,RAJI,2.3023204803466797,0.7400132851702421,0.8190222382545471
PD0325901,2,RCHACV,1.8680005073547363,0.5435677099537362,0.5975499749183655
PD0325901,2,RERFLCMS,-1.191643476486206,-0.2647279493374353,-0.31372058391571045
PD0325901,2,RPMI8226,-0.21450650691986084,0.9264204204792307,1.029177188873291
PD0325901,2,SUDHL10,1.1197479963302612,1.3928403028352565,1.5550178289413452
PD0325901,2,SW1271,-1.3322269916534424,-0.3538163609251824,-0.4141586422920227
PD0325901,2,THP1,-0.420461505651474,-0.2948135565509525,-0.3476390242576599
PD0325901,3,697,0.36041900515556335,1.1618341269575934,1.2004481554031372
PD0325901,3,A3KAW,-0.7778475284576416,1.4499778640537895,1.4801865816116333
PD0325901,3,A549,-3.0224764347076416,-0.8102157275403018,-0.7140759229660034
PD0325901,3,COLO668,0.28847599029541016,1.7554925003749922,1.7767891883850098
PD0325901,3,CORL311,2.601304054260254,2.200307708537739,2.2086288928985596
PD0325901,3,CORL88,2.844585418701172,2.4602153692444686,2.4609549045562744
PD0325901,3,DMS53,1.2261489629745483,1.0511332161761828,1.092976450920105
PD0325901,3,DMS79,3.405984401702881,2.552528547076525,2.5505752563476562
PD0325901,3,EBC1,-2.8435099124908447,-1.607723169564594,-1.4883196353912354
PD0325901,3,GA10,1.9116874933242798,1.2689670945523879,1.3044559955596924
PD0325901,3,HCC827,2.0442054271698,-0.03583958738959905,0.037711240351200104
PD0325901,3,HT,2.809283971786499,1.682185923016829,1.7056210041046143
PD0325901,3,JM1,1.5964970588684082,1.5809750510254108,1.6073625087738037
PD0325901,3,KG1,0.141184002161026,-1.3382957546034,-1.2267515659332275
PD0325901,3,KMS12BM,3.050678014755249,0.5410424646979284,0.597765326499939
PD0325901,3,KU812,-3.225461483001709,0.0814794377501861,0.15160800516605377
PD0325901,3,L1236,2.0526585578918457,0.8000110184944044,0.8491796255111694
PD0325901,3,L540,1.8540664911270142,0.8668353883021304,0.9140546917915344
PD0325901,3,LCLC103H,2.653895616531372,-0.2572882461114264,-0.17727763950824738
PD0325901,3,LOUCY,1.3894239664077759,0.29812934826328585,0.36193811893463135
PD0325901,3,LU65,0.3183155059814453,0.1309541205084739,0.1996394842863083
PD0325901,3,MOLP8,-0.2659609913825989,0.3591846509701072,0.42121240496635437
PD0325901,3,NCIH1105,2.8368570804595947,2.6078413055763505,2.6042745113372803
PD0325901,3,NCIH2066,0.7575454711914062,1.8119730029538594,1.8316221237182617
PD0325901,3,NCIH358,-1.040440559387207,0.5838218051228982,0.6392967700958252
PD0325901,3,NCIH810,2.946939468383789,1.9158319894361944,1.9324514865875244
PD0325901,3,NCIH841,0.9386914968490601,0.4768959862411787,0.5354900360107422
PD0325901,3,NCIH929,-1.7109839916229248,1.338930682157458,1.3723787069320679
PD0325901,3,OCIAML2,-5.954269886016846,-1.4618829852980646,-1.3467336893081665
PD0325901,3,OCIAML3,-4.839598655700684,-0.6108980216830276,-0.5205724239349365
PD0325901,3,OCILY19,-0.44704800844192505,0.6123199792764777,0.6669636368751526
PD0325901,3,OCIM1,-1.2057820558547974,-1.4853473966074506,-1.3695136308670044
PD0325901,3,PL21,-2.6493070125579834,0.5232858783906644,0.5805267095565796
PD0325901,3,RERFLCKJ,0.659711480140686,0.18857800846694256,0.25558245182037354
PD0325901,3,RS411,1.894950032234192,0.28235252407867073,0.3466215133666992
PD0325901,3,SHP77,0.44804251194000244,1.4763725639754002,1.505811333656311
PD0325901,3,SKMM2,2.1439321041107178,0.5819488099273499,0.6374784111976624
PD0325901,3,ST486,0.5545294880867004,1.2635197096335096,1.299167513847351
PD0325901,3,SUDHL4,1.7174625396728516,1.819374363848531,1.8388075828552246
PD0325901,3,SUDHL5,0.21812599897384644,1.488240699461376,1.5173332691192627
PD0325901,3,SUDHL8,2.2447025775909424,0.6745708075657987,0.7273985743522644
PD0325901,4,BEN,2.1084349155426025,1.16471182967529,1.1047542095184326
PD0325901,4,BL41,1.1161905527114868,2.343453323068427,2.252150058746338
PD0325901,4,CA46,2.6156818866729736,1.7237028126799816,1.6488802433013916
PD0325901,4,CAL12T,-0.37115898728370667,0.28112351429543714,0.24466268718242645
PD0325901,4,CORL279,2.114794969558716,1.8958988946801207,1.8164972066879272
PD0325901,4,CORL95,1.9406354427337646,1.6012985739421555,1.529731035232544
PD0325901,4,EJM,1.9765679836273193,1.0440649774861726,0.9873156547546387
PD0325901,4,EPLC272H,-1.1166654825210571,0.41796794418712935,0.37786808609962463
PD0325901,4,HARA,0.43476051092147827,0.3533097129163977,0.3149292767047882
PD0325901,4,HCC78,0.7499439716339111,-0.6416254660712266,-0.6535481214523315
PD0325901,4,JURKAT,1.8869580030441284,0.7504983919299248,0.7015557289123535
PD0325901,4,K562,-0.03719799965620041,0.8766333724884181,0.8243364691734314
PD0325901,4,KNS62,-1.3972795009613037,-0.36170823241368116,-0.38107457756996155
PD0325901,4,L363,1.8294529914855957,1.005377735290349,0.9496572017669678
PD0325901,4,LXF289,0.07433699816465378,0.20609609005751828,0.17163042724132538
PD0325901,4,MHHCALL2,0.23731550574302673,-0.07411301060296847,-0.10112722218036652
PD0325901,4,NALM6,1.0500965118408203,1.561591557684235,1.4910799264907837
PD0325901,4,NCIH1437,-2.5684075355529785,-0.19369404152843392,-0.2175282984972
PD0325901,4,NCIH146,2.3689000606536865,1.8034198259847776,1.7264773845672607
PD0325901,4,NCIH1648,0.9831234812736511,-0.16734561235992845,-0.19188053905963898
PD0325901,4,NCIH1792,-0.8290539979934692,-0.12890232235957733,-0.15445955097675323
PD0325901,4,NCIH1836,4.122115612030029,2.251036344615606,2.1621906757354736
PD0325901,4,NCIH2009,-1.8045464754104614,0.8042975663871395,0.7539242506027222
PD0325901,4,NCIH2030,0.7923055291175842,-0.36001367090326464,-0.3794250786304474
PD0325901,4,NCIH211,0.46995899081230164,1.9845497998823576,1.9027906656265259
PD0325901,4,NCIH2172,3.0094549655914307,-0.09862959391812343,-0.12499184906482697
PD0325901,4,NCIH2196,2.5498900413513184,1.9741224355834188,1.8926405906677246
PD0325901,4,NCIH2405,-0.19616200029850006,0.7676109281397272,0.7182132005691528
PD0325901,4,NCIH292,-2.348602056503296,-0.17583360569124742,-0.20014281570911407
PD0325901,4,NCIH460,-1.8176145553588867,-0.19672593133933097,-0.2204795628786087
PD0325901,4,NCIH596,1.451272964477539,0.9132467760908041,0.8599762320518494
PD0325901,4,NCIH69,2.9529941082000732,1.3385642638058322,1.2739834785461426
PD0325901,4,NCIH727,-1.441027045249939,-0.3896463309965078,-0.4082697331905365
PD0325901,4,NOMO1,-4.5301079750061035,-2.095557649951124,-2.068816661834717
PD0325901,4,P12ICHIKAWA,-0.34934350848197937,1.0729839671882937,1.0154656171798706
PD0325901,4,RL,2.64251446723938,1.68779322095881,1.613925576210022
PD0325901,4,RPMI8402,1.9331719875335693,0.33166351742530287,0.29385870695114136
PD0325901,4,SKLU1,-0.3142090141773224,-0.055083086065650266,-0.0826033502817154
PD0325901,4,SUDHL6,0.5721150040626526,1.2288183517890927,1.1671559810638428
PD0325901,4,SW1573,2.559927463531494,-0.12331585382305088,-0.14902164041996002
PD0325901,5,A4FUK,-1.067665457725525,1.2151568064909213,1.272310733795166
PD0325901,5,BV173,-1.3749079704284668,0.6098532620954806,0.6065003275871277
PD0325901,5,CHAGOK1,1.6254714727401733,1.253279331669395,1.314244031906128
PD0325901,5,CMK,1.103013038635254,-0.8122751992336066,-0.9577857851982117
PD0325901,5,CMLT1,-0.48006200790405273,1.3726023954718432,1.4454947710037231
PD0325901,5,DB,2.3821585178375244,1.258729555943835,1.3202390670776367
PD0325901,5,DND41,-0.09599850326776505,1.359170069024784,1.4307197332382202
PD0325901,5,GDM1,1.1804344654083252,-0.9868720880377964,-1.1498355865478516
PD0325901,5,HCC44,-2.129000425338745,0.004328295565396684,-0.059553634375333786
PD0325901,5,HH,2.3099894523620605,0.5529411185342499,0.5438991785049438
PD0325901,5,JVM2,1.5698845386505127,0.6524816239101467,0.6533898711204529
PD0325901,5,JVM3,-1.325091004371643,0.40948637122803305,0.3861045241355896
PD0325901,5,KMH2,-1.0599185228347778,0.824378543787132,0.8424698114395142
PD0325901,5,LP1,2.9725840091705322,0.8169110104125845,0.8342558145523071
PD0325901,5,ME1,-1.3676685094833374,-0.4198022624996042,-0.5260807871818542
PD0325901,5,MM1S,0.07331199944019318,1.3411653631357163,1.4109152555465698
PD0325901,5,MOLM13,-0.6590055227279663,-2.4299633755894336,-2.73717999458313
PD0325901,5,MOLM16,-0.8209819793701172,-0.0880638468636269,-0.16118140518665314
PD0325901,5,MOLT13,-1.027543544769287,-1.4704265198040747,-1.6817266941070557
PD0325901,5,NB4,-5.221301555633545,-1.2155861058071185,-1.4014121294021606
PD0325901,5,NCIH1155,0.7669064998626709,1.6225909285671811,1.7204724550247192
PD0325901,5,NCIH1341,0.7586789727210999,1.2841689573081627,1.3482214212417603
PD0325901,5,NCIH1876,2.134458541870117,2.3021844761770214,2.46799898147583
PD0325901,5,NCIH1963,2.2900490760803223,2.3860405496070523,2.560237407684326
PD0325901,5,NCIH2087,-1.5885870456695557,0.8014138520309706,0.8172095417976379
PD0325901,5,NCIH2171,2.2230100631713867,2.328646187455463,2.497105836868286
PD0325901,5,NCIH2227,0.8720325231552124,1.9240193264525938,2.052031993865967
PD0325901,5,NCIH446,1.9471490383148193,1.8665035832871377,1.9887669086456299
PD0325901,5,NCIH522,2.413440465927124,1.4433974383061619,1.5233665704727173
PD0325901,5,NCIH524,2.1219615936279297,1.9385772450514591,2.068045139312744
PD0325901,5,NCIH647,1.2986249923706055,-0.37064511940156575,-0.4720098376274109
PD0325901,5,NCIH661,1.586463451385498,1.3661121960107359,1.438355803489685
PD0325901,5,NCIH82,2.7105023860931396,1.4380887529639634,1.5175272226333618
PD0325901,5,NUDUL1,0.4664449989795685,0.5874581940972523,0.5818666219711304
PD0325901,5,P31FUJ,-1.0295820236206055,-0.6125012329437185,-0.7380421757698059
PD0325901,5,SBC5,1.526876449584961,1.063063686717914,1.1050142049789429
PD0325901,5,SIGM5,1.7344739437103271,-2.139372026348336,-2.4175407886505127
PD0325901,5,SUPB15,-0.06355399638414383,0.39434845187830814,0.36945340037345886
PD0325901,5,SUPM2,1.3233784437179565,0.34335143813101354,0.3133586645126343
PD0325901,5,SUPT1,2.6278140544891357,0.9287710926285051,0.9572975635528564
PD173074,1,A4FUK,0.559909999370575,2.6955895064445983,2.6786935329437256
PD173074,1,A549,3.994593381881714,3.4415072943834955,3.515498638153076
PD173074,1,ALLSIL,2.4688639640808105,2.160945685157392,2.0789053440093994
PD173074,1,AMO1,2.79443359375,2.759539707709026,2.7504358291625977
PD173074,1,CALU6,4.270909309387207,3.5581928375338543,3.646401882171631
PD173074,1,CMK,1.6840029954910278,2.417517737603476,2.3667397499084473
PD173074,1,DAUDI,2.70686411857605,2.5320276787932956,2.4952023029327393
PD173074,1,DND41,2.7465920448303223,2.1573400132942964,2.0748603343963623
PD173074,1,EJM,3.5264785289764404,2.6448342449988687,2.6217539310455322
PD173074,1,GDM1,2.4152190685272217,2.136873585629564,2.0519001483917236
PD173074,1,HARA,2.3773584365844727,3.266416710304198,3.3190739154815674
PD173074,1,HCC827,3.899205446243286,3.5578789404843554,3.646049737930298
PD173074,1,JURLMK1,1.696524977684021,2.741204677139365,2.7298667430877686
PD173074,1,KARPAS422,2.9153060913085938,2.975816900047443,2.993065595626831
PD173074,1,LCLC97TM1,2.417179584503174,3.237430432390754,3.286555767059326
PD173074,1,MM1S,2.2601840496063232,2.951378835239157,2.9656498432159424
PD173074,1,MOLT16,1.4982244968414307,2.004237099317314,1.9031023979187012
PD173074,1,NB4,1.6060290336608887,2.42276982818185,2.372631788253784
PD173074,1,NCIH1436,3.843688488006592,3.0215213305667117,3.0443389415740967
PD173074,1,NCIH146,2.201416492462158,3.557295988821001,3.6453957557678223
PD173074,1,NCIH1568,4.613149642944336,3.8276418948046955,3.9486823081970215
PD173074,1,NCIH1781,3.6404035091400146,3.623196729774188,3.7193262577056885
PD173074,1,NCIH1792,2.9627435207366943,3.4600831139559194,3.5363378524780273
PD173074,1,NCIH196,3.6490814685821533,3.350303943464704,3.413182497024536
PD173074,1,NCIH2081,4.242602825164795,3.1593342491299,3.198943853378296
PD173074,1,NCIH2170,2.709480047225952,2.9924092388053984,3.0116796493530273
PD173074,1,NCIH2171,4.0437331199646,3.333042793593159,3.3938181400299072
PD173074,1,NCIH2196,4.439842224121094,3.563602620468848,3.652470827102661
PD173074,1,NCIH2227,1.2818374633789062,2.9756082020768218,2.9928314685821533
PD173074,1,NCIH2444,5.221948146820068,3.52806849685801,3.612607002258301
PD173074,1,NCIH441,3.864738941192627,3.8648579285372198,3.9904329776763916
PD173074,1,NCIH460,2.6876025199890137,3.5430715856930477,3.6294381618499756
PD173074,1,NCIH526,3.4397809505462646,3.4481550260749745,3.522956371307373
PD173074,1,NCIH838,2.1078600883483887,3.4828050523764595,3.561828374862671
PD173074,1,NCIH929,2.333853006362915,2.6919032882160594,2.674558162689209
PD173074,1,NUDUL1,2.2527594566345215,2.413978373038582,2.36276912689209
PD173074,1,OCIAML5,2.694045066833496,2.1233256444573003,2.0367014408111572
PD173074,1,OCILY19,2.032991409301758,2.5328694839477057,2.4961466789245605
PD173074,1,RS411,1.5956535339355469,3.435615083349408,3.5088884830474854
PD173074,1,SKMES1,3.619913101196289,3.5794946946512463,3.6702992916107178
PD173074,1,SKMM2,4.456928730010986,2.6336916435735414,2.6092536449432373
PD173074,2,A3KAW,1.675491452217102,2.396969271888346,2.2977707386016846
PD173074,2,CAL12T,3.580785036087036,3.5693945342033575,3.7028956413269043
PD173074,2,CORL311,5.156472206115723,2.684492040221961,2.642360210418701
PD173074,2,DMS273,2.8319904804229736,2.6094954851803487,2.552478551864624
PD173074,2,DMS79,4.4897074699401855,3.53300342721735,3.6592817306518555
PD173074,2,EM2,3.364307403564453,2.3307097256901077,2.218360185623169
PD173074,2,GRANTA519,4.5918989181518555,2.4522370844491386,2.3640079498291016
PD173074,2,HCC366,4.5212907791137695,3.6989644211055595,3.858182191848755
PD173074,2,HEL,2.683323383331299,2.4574754304238584,2.370285987854004
PD173074,2,HT,3.8681070804595947,2.7708222974841323,2.7458250522613525
PD173074,2,IALM,2.8497705459594727,3.4265602847553405,3.531712055206299
PD173074,2,KG1,-1.0972504615783691,2.287187012109548,2.166199207305908
PD173074,2,KMS12BM,2.062506914138794,2.618790306651443,2.5636181831359863
PD173074,2,KU812,1.7092134952545166,1.9849006105921676,1.8039158582687378
PD173074,2,L1236,2.5967514514923096,2.6644272971961276,2.6183130741119385
PD173074,2,L540,2.2671279907226562,2.863540543793632,2.856945753097534
PD173074,2,LCLC103H,3.162808895111084,3.4639858516786317,3.576565742492676
PD173074,2,LOUCY,1.4148019552230835,2.32431457499706,2.210695743560791
PD173074,2,LU65,3.0451865196228027,2.7961295641113564,2.7761552333831787
PD173074,2,NAMALWA,2.443358898162842,2.499884309160409,2.421112060546875
PD173074,2,NCIH1092,3.7614364624023438,3.540956235854422,3.6688129901885986
PD173074,2,NCIH1105,3.554905891418457,3.6072181692678997,3.7482264041900635
PD173074,2,NCIH1341,3.1613545417785645,3.6362610298763363,3.783033609390259
PD173074,2,NCIH1437,3.1831204891204834,3.2065141445230974,3.267991781234741
PD173074,2,NCIH1975,3.4743266105651855,3.4449287124186325,3.5537261962890625
PD173074,2,NCIH2009,3.5799694061279297,3.713158405052707,3.8751933574676514
PD173074,2,NCIH2023,4.0105299949646,3.8111764681293536,3.9926657676696777
PD173074,2,NCIH209,1.597417950630188,3.5898746526809315,3.727440595626831
PD173074,2,NCIH211,2.4108335971832275,3.23440457697448,3.301417827606201
PD173074,2,NCIH2172,3.97477650642395,3.8661078822759256,4.058499813079834
PD173074,2,NCIH2342,4.7131829261779785,3.2960894230346853,3.3753457069396973
PD173074,2,NCIH596,2.5176310539245605,3.538413851623945,3.6657660007476807
PD173074,2,NCIH647,2.657045602798462,3.748234355376142,3.9172310829162598
PD173074,2,NCIH810,3.9667444229125977,3.3921851810394146,3.4905142784118652
PD173074,2,OCIM1,2.39692759513855,2.19243386374265,2.0526397228240967
PD173074,2,P12ICHIKAWA,2.1136159896850586,2.2903086939049038,2.16994047164917
PD173074,2,RCHACV,1.889765977859497,2.2980784827069183,2.1792523860931396
PD173074,2,RERFLCKJ,3.501375436782837,3.2577326432332354,3.329375982284546
PD173074,2,SKLU1,2.086500883102417,3.032056852661535,3.058908700942993
PD173074,2,SUPB15,2.4050486087799072,2.585355765740032,2.523547649383545
PD173074,2,SW1573,4.693129539489746,3.5115300282653807,3.6335463523864746
PD173074,3,697,0.798229992389679,2.108444779980885,1.8799107074737549
PD173074,3,ABC1,4.71476936340332,3.2409269290944,3.298583507537842
PD173074,3,CALU3,4.352529525756836,3.08171031281568,3.0991311073303223
PD173074,3,COLO668,3.209662437438965,3.3152429506318235,3.3916800022125244
PD173074,3,CORL23,3.831386089324951,3.2090055357137195,3.2585952281951904
PD173074,3,DMS114,1.2993930578231812,3.263955712729733,3.3274319171905518
PD173074,3,DMS53,3.8200485706329346,3.128694939029707,3.157989263534546
PD173074,3,EBC1,4.111774444580078,3.2311949988932485,3.2863922119140625
PD173074,3,HCC33,3.786712884902954,2.9764391631932945,2.967256784439087
PD173074,3,HCC44,2.5497825145721436,3.3820210751233124,3.4753336906433105
PD173074,3,HCC78,3.2617709636688232,2.858232581802389,2.8191781044006348
PD173074,3,JM1,2.8075714111328125,2.6111819362732334,2.509695053100586
PD173074,3,K562,3.3153345584869385,2.768493238020649,2.7067606449127197
PD173074,3,KCL22,3.2057344913482666,2.1141942202641912,1.887113094329834
PD173074,3,KMS11,1.6181584596633911,2.5214673343643397,2.397308588027954
PD173074,3,L428,2.793435573577881,2.728885115712755,2.6571431159973145
PD173074,3,LXF289,2.489295482635498,3.5535197474052964,3.690171957015991
PD173074,3,ME1,2.783571481704712,2.3477257161477416,2.1796605587005615
PD173074,3,MHHCALL2,2.2060840129852295,2.4323364503325324,2.2856533527374268
PD173074,3,MOLP8,2.4311439990997314,2.699042039651208,2.619758367538452
PD173074,3,MONOMAC6,2.3131964206695557,2.145861723965044,1.9267833232879639
PD173074,3,NCIH1048,3.5122599601745605,3.0381061877209254,3.0445077419281006
PD173074,3,NCIH1155,3.4433319568634033,3.18913571827463,3.233704090118408
PD173074,3,NCIH1623,4.034000873565674,3.5146340877845303,3.6414594650268555
PD173074,3,NCIH1648,3.767457962036133,3.400783027625161,3.4988369941711426
PD173074,3,NCIH1651,4.5694966316223145,3.4899647276573535,3.61055588722229
PD173074,3,NCIH2030,3.1564505100250244,3.4031022927214027,3.501742362976074
PD173074,3,NCIH2405,5.066765308380127,3.5520675897912866,3.6883528232574463
PD173074,3,NCIH82,1.767386555671692,2.5699448471215245,2.4580368995666504
PD173074,3,NCIH841,4.23874044418335,3.673370331085824,3.8403100967407227
PD173074,3,P31FUJ,2.003446102142334,2.4823786010641307,2.348341703414917
PD173074,3,REH,1.9420700073242188,2.3903080018939225,2.233003854751587
PD173074,3,RL,3.6367990970611572,2.597596744859337,2.4926767349243164
PD173074,3,RPMI8226,2.072465419769287,2.64982036748763,2.5580978393554688
PD173074,3,RPMI8402,1.4317890405654907,2.106792022874717,1.877840280532837
PD173074,3,SUDHL1,4.976861000061035,2.564885705090645,2.4516992568969727
PD173074,3,SUDHL4,3.1209425926208496,2.54648498393236,2.4286484718322754
PD173074,3,SUDHL6,2.1943728923797607,2.428365760384814,2.280679225921631
PD173074,3,SUDHL8,2.6408634185791016,2.4534747645602693,2.312133550643921
PD173074,3,SUPM2,2.157895088195801,2.516538372649054,2.391134023666382
PD173074,3,WSUDLCL2,2.762822389602661,2.1512490764553416,1.9335321187973022
PD173074,4,BEN,3.055382013320923,3.8300760507758125,4.002680778503418
PD173074,4,BV173,0.8476535081863403,2.4351021474287338,2.3566386699676514
PD173074,4,CA46,3.1671030521392822,2.4036338118029152,2.3195066452026367
PD173074,4,CHAGOK1,4.004014492034912,3.5077160960481546,3.622302293777466
PD173074,4,CMLT1,2.6429879665374756,2.2502495431340717,2.1385161876678467
PD173074,4,CORL105,4.052297592163086,3.4694565580651235,3.5771567821502686
PD173074,4,CORL279,3.052764415740967,3.1060327721910133,3.1483237743377686
PD173074,4,DOHH2,2.294684886932373,2.7845606382112527,2.7689929008483887
PD173074,4,EHEB,2.8340420722961426,2.746438496247469,2.7240095138549805
PD173074,4,HCC15,4.390401363372803,3.6759462066495856,3.820810556411743
PD173074,4,JEKO1,1.9113789796829224,2.8858542369772096,2.888517379760742
PD173074,4,JURKAT,2.73392653465271,1.9590687862329048,1.7949285507202148
PD173074,4,JVM2,2.245043992996216,2.630318654686964,2.5869903564453125
PD173074,4,JVM3,1.9252469539642334,3.010457878620266,3.0355472564697266
PD173074,4,KOPN8,2.426811933517456,2.551010439530192,2.493408203125
PD173074,4,LAMA84,1.7731934785842896,2.8841691152117415,2.886528968811035
PD173074,4,LOUNH91,3.512234926223755,3.3344500172353886,3.417851686477661
PD173074,4,MOLM13,2.3198795318603516,2.4097061096947163,2.326671838760376
PD173074,4,NALM6,1.961498498916626,2.6602592678105395,2.6223196983337402
PD173074,4,NCIH1435,3.8508009910583496,3.8918682940083107,4.075594425201416
PD173074,4,NCIH1650,4.027660846710205,4.144347218976254,4.373514652252197
PD173074,4,NCIH1944,3.9204070568084717,3.9906709837665106,4.1921796798706055
PD173074,4,NCIH2087,4.238948822021484,2.9826026541947,3.002678632736206
PD173074,4,NCIH2110,2.626220941543579,3.360476258181216,3.4485621452331543
PD173074,4,NCIH2122,2.7750658988952637,3.331739880755745,3.414653778076172
PD173074,4,NCIH2228,3.5527920722961426,3.24541881113424,3.3127965927124023
PD173074,4,NCIH23,4.119946002960205,3.361473793691542,3.4497392177581787
PD173074,4,NCIH2347,4.528967380523682,3.240313942860313,3.3067729473114014
PD173074,4,NCIH358,3.2945001125335693,3.450901427718811,3.5552620887756348
PD173074,4,NCIH446,1.6308095455169678,3.37685244930465,3.467885732650757
PD173074,4,NCIH650,3.77421498298645,3.41753985576896,3.5158960819244385
PD173074,4,NCIH661,4.3288445472717285,3.3015962043978417,3.379084825515747
PD173074,4,OCIAML2,1.7547874450683594,2.5308295909914387,2.469595193862915
PD173074,4,PF382,2.3967125415802,2.0380671531609784,1.888145089149475
PD173074,4,RERFLCMS,3.683861017227173,3.255707954499101,3.324937582015991
PD173074,4,SHP77,3.4460558891296387,3.7366701958324398,3.8924636840820312
PD173074,4,SIGM5,2.852818012237549,2.6776976513945328,2.6428966522216797
PD173074,4,SKM1,1.387723445892334,2.8194780180261048,2.810194730758667
PD173074,4,ST486,2.5453124046325684,2.3723030742493134,2.2825369834899902
PD173074,4,SUDHL10,2.117738962173462,2.7118918836316137,2.6832451820373535
PD173074,5,BL41,2.3453450202941895,2.561217099967833,2.540977716445923
PD173074,5,CORL88,2.6291704177856445,3.6168337571573295,3.6555428504943848
PD173074,5,CORL95,4.181751728057861,3.5774427655914924,3.613952159881592
PD173074,5,DB,2.105936050415039,2.4542745004883595,2.428063154220581
PD173074,5,EPLC272H,2.8306615352630615,3.494806226120656,3.526700973510742
PD173074,5,GA10,2.6122899055480957,2.5177717112684483,2.4951062202453613
PD173074,5,HDLM2,2.053921937942505,2.7963481979800386,2.7892391681671143
PD173074,5,HH,2.5389020442962646,2.4797574760002017,2.4549691677093506
PD173074,5,HL60,3.0978939533233643,1.709498118194159,1.6416964530944824
PD173074,5,KMH2,3.0294458866119385,2.1957920621044225,2.155146360397339
PD173074,5,KNS62,4.085081100463867,3.503991450971746,3.5363991260528564
PD173074,5,L363,2.3375051021575928,2.4248687743775754,2.397015333175659
PD173074,5,LP1,3.4337735176086426,2.359967484434223,2.3284897804260254
PD173074,5,MEG01,2.223109483718872,2.7293565959082953,2.7185065746307373
PD173074,5,MOLM16,0.4243195056915283,2.3196375798479854,2.285907745361328
PD173074,5,MOLT13,1.9403375387191772,2.0355673906656584,1.9859743118286133
PD173074,5,NCIH1793,4.934384822845459,3.456720183651715,3.486488103866577
PD173074,5,NCIH1836,4.934869289398193,3.4622335314886796,3.492309331893921
PD173074,5,NCIH1876,2.9334585666656494,3.842776694803951,3.8941030502319336
PD173074,5,NCIH1915,3.4563233852386475,3.174325495818924,3.188323736190796
PD173074,5,NCIH1963,3.9370739459991455,3.4665839639684863,3.4969027042388916
PD173074,5,NCIH2029,3.568129062652588,3.748460646397526,3.794520139694214
PD173074,5,NCIH2066,5.152918338775635,3.362487007077538,3.3869926929473877
PD173074,5,NCIH2085,3.644094467163086,3.5024525639505746,3.5347743034362793
PD173074,5,NCIH2291,3.3763160705566406,3.554733851276288,3.589975118637085
PD173074,5,NCIH292,3.171967029571533,3.2891061448056425,3.309514045715332
PD173074,5,NCIH522,3.499823570251465,3.484607571342784,3.51593279838562
PD173074,5,NCIH524,2.476996898651123,2.587974992005212,2.5692298412323
PD173074,5,NCIH69,3.423224925994873,2.9053280445182073,2.9043047428131104
PD173074,5,NCIH727,4.209766864776611,3.137209076368165,3.149134635925293
PD173074,5,NOMO1,2.386443614959717,1.8686234394549965,1.809707760810852
PD173074,5,OCIAML3,1.6356070041656494,2.646610087548345,2.6311392784118652
PD173074,5,OPM2,-0.5831009745597839,2.2788847353658337,2.2428791522979736
PD173074,5,PL21,1.2957179546356201,3.7364997796881476,3.781891345977783
PD173074,5,RAJI,2.8372209072113037,2.3667024579182216,2.3356008529663086
PD173074,5,SBC5,3.308929443359375,2.763600049904856,2.754662275314331
PD173074,5,SUDHL5,1.8436665534973145,2.619643773981906,2.6026670932769775
PD173074,5,SUPT1,2.706916570663452,2.3369643412432173,2.304202079772949
PD173074,5,SW1271,4.281443119049072,3.6082670226292017,3.6464977264404297
PD173074,5,THP1,3.2355101108551025,2.039345849436789,1.9899637699127197
PEVONEDISTAT,1,A3KAW,-1.1007380485534668,0.11372972727455151,0.06699539721012115
PEVONEDISTAT,1,AMO1,0.051270999014377594,-0.4170387529345785,-0.48111122846603394
PEVONEDISTAT,1,BEN,1.3137919902801514,1.4946484718246946,1.49302339553833
PEVONEDISTAT,1,BV173,-1.5650559663772583,-0.1993523831896644,-0.25631389021873474
PEVONEDISTAT,1,CORL105,0.5819555521011353,0.8016148167656079,0.7773510217666626
PEVONEDISTAT,1,DMS114,-0.1888359934091568,0.9153800194121763,0.8948324918746948
PEVONEDISTAT,1,DMS79,2.3309719562530518,1.1962643060466789,1.184892177581787
PEVONEDISTAT,1,EJM,2.285214900970459,0.07622147524997132,0.02826189622282982
PEVONEDISTAT,1,GDM1,-0.474824994802475,-0.06929637398891261,-0.12200945615768433
PEVONEDISTAT,1,HCC366,0.9902020692825317,0.682574773408042,0.654422402381897
PEVONEDISTAT,1,HCC44,0.07430703192949295,0.2845076447130517,0.24335196614265442
PEVONEDISTAT,1,JVM2,-1.1097874641418457,0.430896364594964,0.39452263712882996
PEVONEDISTAT,1,KMS12BM,0.004123112186789513,-0.7775403036337597,-0.8533889651298523
PEVONEDISTAT,1,MHHCALL2,0.10172399878501892,-0.1893540931244357,-0.24598899483680725
PEVONEDISTAT,1,MOLM16,0.6748740077018738,0.20952631329113194,0.16592128574848175
PEVONEDISTAT,1,NCIH1048,0.2708423137664795,0.5102621750381882,0.47648102045059204
PEVONEDISTAT,1,NCIH1155,-1.069885015487671,1.025422450183029,1.008469581604004
PEVONEDISTAT,1,NCIH1435,1.7112330198287964,0.5245433727921484,0.49122872948646545
PEVONEDISTAT,1,NCIH146,-0.6693295240402222,0.26659217302096205,0.22485126554965973
PEVONEDISTAT,1,NCIH1568,1.0448061227798462,0.9388430405259178,0.9190619587898254
PEVONEDISTAT,1,NCIH1915,1.0011135339736938,0.4173208127147761,0.3805036246776581
PEVONEDISTAT,1,NCIH2023,-0.026579735800623894,1.0030776228047247,0.9853948354721069
PEVONEDISTAT,1,NCIH2066,4.117818832397461,0.3132558671311687,0.2730392813682556
PEVONEDISTAT,1,NCIH209,-1.7790755033493042,1.0977914546643306,1.083202600479126
PEVONEDISTAT,1,NCIH2122,0.08972011506557465,0.46132687032558084,0.4259471893310547
PEVONEDISTAT,1,NCIH2170,-0.19312939047813416,0.38728077725826415,0.34948229789733887
PEVONEDISTAT,1,NCIH2342,3.6499946117401123,0.45264694412300255,0.4169837236404419
PEVONEDISTAT,1,NCIH2444,1.4774954319000244,0.5063164339579096,0.47240638732910156
PEVONEDISTAT,1,NCIH524,0.38979753851890564,-0.04365096170014619,-0.0955263078212738
PEVONEDISTAT,1,NCIH526,-0.9440510272979736,0.638844296037254,0.6092634201049805
PEVONEDISTAT,1,NCIH596,2.0686428546905518,0.9758623930318536,0.9572905898094177
PEVONEDISTAT,1,NCIH661,1.1497408151626587,0.6017315538929587,0.5709383487701416
PEVONEDISTAT,1,NCIH810,-0.33816251158714294,0.17574707042149823,0.1310386061668396
PEVONEDISTAT,1,NCIH841,0.1190984919667244,0.6548303741639228,0.625771701335907
PEVONEDISTAT,1,OCIAML5,-0.24898001551628113,-0.4655722166939976,-0.531230092048645
PEVONEDISTAT,1,PF382,0.09199612587690353,-0.2753417368561572,-0.334785521030426
PEVONEDISTAT,1,RAJI,-1.135274052619934,-0.2999313787060781,-0.3601784110069275
PEVONEDISTAT,1,SKMM2,0.4459192454814911,0.11729199653168385,0.07067403197288513
PEVONEDISTAT,1,SUDHL10,-0.8278884887695312,0.03837353591198601,-0.010822388343513012
PEVONEDISTAT,1,SUDHL4,-0.7215535044670105,-0.23429396054006024,-0.2923968732357025
PEVONEDISTAT,1,THP1,-1.7772239446640015,-0.505031185914729,-0.5719780325889587
PEVONEDISTAT,2,ABC1,0.028101036325097084,0.22679229670703968,0.26425570249557495
PEVONEDISTAT,2,ALLSIL,-0.6193479895591736,-0.002015129632414535,-0.04905087128281593
PEVONEDISTAT,2,CA46,0.7210220098495483,-0.38842764665166263,-0.5781664848327637
PEVONEDISTAT,2,CORL23,0.8084459900856018,0.7006682611529726,0.9131352305412292
PEVONEDISTAT,2,CORL279,-0.9388895630836487,0.6287052608372032,0.8145961165428162
PEVONEDISTAT,2,DND41,-0.28438401222229004,-0.17656603283541525,-0.2880638539791107
PEVONEDISTAT,2,EHEB,2.3594980239868164,-0.32323916145170634,-0.4889037311077118
PEVONEDISTAT,2,EM2,-2.355792999267578,-0.3383175249277042,-0.5095505714416504
PEVONEDISTAT,2,HCC78,-0.4720413088798523,0.5174877560805273,0.6623057126998901
PEVONEDISTAT,2,HDLM2,0.8143274784088135,0.03454542990245367,0.0010115931509062648
PEVONEDISTAT,2,HEL,-1.7123459577560425,0.05150363473058273,0.02423250488936901
PEVONEDISTAT,2,JM1,-0.9529029726982117,0.44289681073710047,0.5601681470870972
PEVONEDISTAT,2,JURLMK1,-0.25159144401550293,-0.2969103490592277,-0.45285162329673767
PEVONEDISTAT,2,KARPAS422,1.66274094581604,0.036696458187638344,0.003957001492381096
PEVONEDISTAT,2,KG1,0.42033448815345764,-0.5693823730005407,-0.8259482383728027
PEVONEDISTAT,2,KMH2,1.2736530303955078,-0.09978691799958606,-0.18293002247810364
PEVONEDISTAT,2,KOPN8,0.08763299882411957,0.22971299738770695,0.2682550251483917
PEVONEDISTAT,2,KU812,-0.09230399876832962,-0.677647509581558,-0.9741959571838379
PEVONEDISTAT,2,L428,0.6201140284538269,0.3896867350756025,0.48730745911598206
PEVONEDISTAT,2,MEG01,0.1409648060798645,-0.03406937886956038,-0.09294283390045166
PEVONEDISTAT,2,NAMALWA,-1.0774974822998047,-0.6692383640799515,-0.9626812934875488
PEVONEDISTAT,2,NCIH1437,0.16447819769382477,0.24180053463742773,0.2848065197467804
PEVONEDISTAT,2,NCIH1781,2.067020893096924,0.40564686961145024,0.5091617107391357
PEVONEDISTAT,2,NCIH1793,3.1089038848876953,0.6112789104009531,0.7907341718673706
PEVONEDISTAT,2,NCIH1876,3.074294090270996,1.108456231188984,1.4715203046798706
PEVONEDISTAT,2,NCIH1944,0.5557547807693481,0.5779282717273091,0.7450670599937439
PEVONEDISTAT,2,NCIH196,0.9313849806785583,0.5008542900721373,0.6395294666290283
PEVONEDISTAT,2,NCIH1975,1.183577060699463,0.5474557839386569,0.703341007232666
PEVONEDISTAT,2,NCIH2030,0.2559371292591095,0.3386248908629953,0.41738834977149963
PEVONEDISTAT,2,NCIH2110,-0.3607836067676544,0.8057483224404975,1.0570216178894043
PEVONEDISTAT,2,NCIH2227,-0.8593425154685974,0.3214558633087267,0.3938787579536438
PEVONEDISTAT,2,NCIH2228,0.24489712715148926,0.6156594281892205,0.7967324256896973
PEVONEDISTAT,2,NCIH358,1.4892945289611816,0.5806172011680015,0.7487490177154541
PEVONEDISTAT,2,NCIH82,0.1597297638654709,-0.4353944811167565,-0.6424782872200012
PEVONEDISTAT,2,OCIAML2,-1.8963040113449097,-0.354973234358693,-0.5323572754859924
PEVONEDISTAT,2,OPM2,0.5069050192832947,0.044608837545305695,0.014791442081332207
PEVONEDISTAT,2,PL21,0.052981093525886536,0.41511168533784204,0.5221219062805176
PEVONEDISTAT,2,REH,-0.06491400301456451,-0.11430438593371223,-0.20280882716178894
PEVONEDISTAT,2,SKM1,-1.3860419988632202,0.10920124064441507,0.10323797911405563
PEVONEDISTAT,2,SUDHL6,-0.6405770182609558,-0.47572411333607206,-0.6977017521858215
PEVONEDISTAT,2,SW1573,0.10538840293884277,0.42723983533371673,0.5387290120124817
PEVONEDISTAT,3,697,-0.3934429883956909,-0.33226029514399286,-0.5606465935707092
PEVONEDISTAT,3,A4FUK,-1.0337220430374146,-0.14026098973211637,-0.30156567692756653
PEVONEDISTAT,3,A549,-0.05174621194601059,0.820915805756714,0.9954315423965454
PEVONEDISTAT,3,BL41,-1.5717979669570923,-0.3755726569386478,-0.6190916299819946
PEVONEDISTAT,3,CAL12T,2.581792116165161,0.4919792791266287,0.5515696406364441
PEVONEDISTAT,3,CALU3,0.9401869773864746,0.7356193258677598,0.8803337812423706
PEVONEDISTAT,3,CHAGOK1,0.5592389702796936,1.070583834973949,1.3323297500610352
PEVONEDISTAT,3,COLO668,0.024462679401040077,0.7297241677616916,0.872378945350647
PEVONEDISTAT,3,DB,1.5709190368652344,-0.10632654968830006,-0.2557750642299652
PEVONEDISTAT,3,DMS273,0.9719025492668152,0.41472536564080936,0.44732439517974854
PEVONEDISTAT,3,EPLC272H,-1.559738039970398,0.5014971810665736,0.5644129514694214
PEVONEDISTAT,3,HARA,-0.021050572395324707,0.18551537038670768,0.1380319446325302
PEVONEDISTAT,3,HCC827,2.3206748962402344,0.5608020917368048,0.6444380879402161
PEVONEDISTAT,3,HH,0.7034976482391357,-0.28570455835551795,-0.4978249967098236
PEVONEDISTAT,3,IALM,1.2817353010177612,1.044773855707077,1.2975021600723267
PEVONEDISTAT,3,JVM3,-1.5952919721603394,0.15520014596042064,0.09712504595518112
PEVONEDISTAT,3,K562,0.5451390147209167,-0.4285012910996091,-0.6905127167701721
PEVONEDISTAT,3,L363,-0.802420973777771,0.18022843481579237,0.13089783489704132
PEVONEDISTAT,3,LCLC97TM1,2.453329086303711,0.43113065509291126,0.46946144104003906
PEVONEDISTAT,3,LP1,0.807104229927063,0.017185714463192545,-0.08910951018333435
PEVONEDISTAT,3,ME1,2.185072898864746,-0.036746214120383675,-0.16188442707061768
PEVONEDISTAT,3,MOLP8,-0.8310369849205017,0.060973553103845765,-0.030022872611880302
PEVONEDISTAT,3,NALM6,0.13359299302101135,-0.2396279743285864,-0.43564996123313904
PEVONEDISTAT,3,NCIH1105,0.5201814770698547,0.9468072472340648,1.1653075218200684
PEVONEDISTAT,3,NCIH1436,2.9829494953155518,0.2974696505443195,0.28910133242607117
PEVONEDISTAT,3,NCIH1651,1.3424922227859497,0.7183353283368027,0.8570110201835632
PEVONEDISTAT,3,NCIH2009,0.33490049839019775,0.664747033669652,0.7846997976303101
PEVONEDISTAT,3,NCIH2196,3.838627338409424,0.9242974257104911,1.1349331140518188
PEVONEDISTAT,3,NCIH23,-0.302114337682724,0.6206805280540403,0.7252371311187744
PEVONEDISTAT,3,OCIM1,-1.1215389966964722,-0.09637762007864879,-0.24235013127326965
PEVONEDISTAT,3,P31FUJ,-0.7151569724082947,-0.4791554790891367,-0.75886470079422
PEVONEDISTAT,3,RERFLCMS,0.10226451605558395,0.7404155798575177,0.8868057727813721
PEVONEDISTAT,3,RPMI8402,-0.4444139897823334,-0.3172591364117748,-0.5404042601585388
PEVONEDISTAT,3,RS411,-0.8023179769515991,0.6411234663309547,0.7528225183486938
PEVONEDISTAT,3,SHP77,0.827301025390625,0.14282068939732004,0.08042039722204208
PEVONEDISTAT,3,ST486,-0.06403999775648117,-0.3968461561167191,-0.6477977633476257
PEVONEDISTAT,3,SUDHL1,-1.4425510168075562,-0.30035872612038833,-0.5175991058349609
PEVONEDISTAT,3,SUDHL5,-2.0315260887145996,-0.06253938604678373,-0.19668933749198914
PEVONEDISTAT,3,SUPB15,0.08725232630968094,-0.22302673911476928,-0.4132485091686249
PEVONEDISTAT,3,SW1271,0.34343743324279785,0.8341498305522366,1.0132893323898315
PEVONEDISTAT,3,WSUDLCL2,0.06468654423952103,-0.24609290348523288,-0.44437363743782043
PEVONEDISTAT,4,CALU6,0.01276599895209074,0.1725549693983995,0.1903124898672104
PEVONEDISTAT,4,CMK,-0.829505980014801,-0.33074200515194363,-0.5612078905105591
PEVONEDISTAT,4,CMLT1,-0.8892920017242432,-0.25186055483957076,-0.4434225261211395
PEVONEDISTAT,4,CORL95,1.3731759786605835,0.9142193350714853,1.2977617979049683
PEVONEDISTAT,4,DAUDI,-0.7655640244483948,-0.2626621187248784,-0.4595513641834259
PEVONEDISTAT,4,DMS53,1.9243340492248535,0.20734092135209387,0.24225468933582306
PEVONEDISTAT,4,EBC1,-0.6952030062675476,0.26687199968293385,0.3311461806297302
PEVONEDISTAT,4,GRANTA519,-0.8056797981262207,0.06293630865097953,0.02663048543035984
PEVONEDISTAT,4,HL60,-0.9032909870147705,-0.6797806486097293,-1.082390546798706
PEVONEDISTAT,4,HT,0.4147160053253174,-0.18331648741404544,-0.3410728871822357
PEVONEDISTAT,4,KCL22,-0.7638199925422668,-0.10169677437368838,-0.21919876337051392
PEVONEDISTAT,4,L540,-0.31081050634384155,-0.16893823299908917,-0.3196033537387848
PEVONEDISTAT,4,LAMA84,0.17037814855575562,-0.034104685153812944,-0.11827061325311661
PEVONEDISTAT,4,LCLC103H,0.10532029718160629,0.7737063559751858,1.0879485607147217
PEVONEDISTAT,4,LOUNH91,0.33222463726997375,0.7378952220553778,1.034475564956665
PEVONEDISTAT,4,LU65,1.2216730117797852,0.05331491589796701,0.012263872660696507
PEVONEDISTAT,4,LXF289,0.5033262372016907,0.7490507346798474,1.0511329174041748
PEVONEDISTAT,4,MM1S,0.3791234493255615,-0.19537026421775974,-0.3590715229511261
PEVONEDISTAT,4,MOLM13,-1.5111030340194702,-0.6572291601596272,-1.0487167835235596
PEVONEDISTAT,4,NCIH1650,1.611784815788269,0.9756022774368791,1.3894184827804565
PEVONEDISTAT,4,NCIH1792,1.080827236175537,0.693196968992589,0.9677323698997498
PEVONEDISTAT,4,NCIH1836,3.432636022567749,0.482337047224993,0.6528774499893188
PEVONEDISTAT,4,NCIH1963,-3.0927650928497314,0.46567443231651867,0.6279969215393066
PEVONEDISTAT,4,NCIH2029,2.7959370613098145,0.3645481001025384,0.4769956171512604
PEVONEDISTAT,4,NCIH2171,-0.2898116707801819,0.8570650961719612,1.2124193906784058
PEVONEDISTAT,4,NCIH2172,1.8923523426055908,0.37559856974661954,0.4934961199760437
PEVONEDISTAT,4,NCIH2291,1.8320775032043457,0.7897179159681607,1.1118569374084473
PEVONEDISTAT,4,NCIH2347,0.46689459681510925,0.5672651850341395,0.7796916961669922
PEVONEDISTAT,4,NCIH292,0.32217085361480713,0.4371595442961413,0.5854186415672302
PEVONEDISTAT,4,NCIH460,0.4719063341617584,0.11704404539756007,0.10742387175559998
PEVONEDISTAT,4,NCIH69,0.4126800000667572,0.1385629870972502,0.13955584168434143
PEVONEDISTAT,4,NCIH838,-0.44341468811035156,0.19213825018852895,0.219554141163826
PEVONEDISTAT,4,NOMO1,-1.0981630086898804,-0.186737339906287,-0.34618088603019714
PEVONEDISTAT,4,OCIAML3,-0.8498304486274719,0.06626920161828126,0.031607143580913544
PEVONEDISTAT,4,RERFLCKJ,0.05835029482841492,0.32743329956805906,0.42157599329948425
PEVONEDISTAT,4,RL,0.11153832823038101,-0.14874898414367846,-0.28945687413215637
PEVONEDISTAT,4,RPMI8226,0.8819419741630554,-0.07298341639378537,-0.17632412910461426
PEVONEDISTAT,4,SBC5,-0.807407021522522,0.26469449841742265,0.32789474725723267
PEVONEDISTAT,4,SKMES1,0.9918220043182373,0.9791958131642187,1.3947843313217163
PEVONEDISTAT,4,SUDHL8,-0.37699300050735474,-0.0738805030058929,-0.177663654088974
PEVONEDISTAT,5,CORL311,-2.6154210567474365,0.07915690082130625,0.030537549406290054
PEVONEDISTAT,5,CORL88,1.7145930528640747,0.8121837937440214,1.0880461931228638
PEVONEDISTAT,5,DOHH2,-0.7421061992645264,-0.0195192664973899,-0.11181861907243729
PEVONEDISTAT,5,GA10,-0.510532021522522,-0.10312524806862172,-0.23243363201618195
PEVONEDISTAT,5,HCC15,0.2521388828754425,0.6592712779888911,0.8674454092979431
PEVONEDISTAT,5,HCC33,1.1904150247573853,0.2698844159960301,0.30569252371788025
PEVONEDISTAT,5,JEKO1,0.42652076482772827,-0.17468125671994802,-0.33566462993621826
PEVONEDISTAT,5,JURKAT,-1.1972579956054688,-0.10803757183518356,-0.23952044546604156
PEVONEDISTAT,5,KMS11,-0.6076629757881165,-0.12138752033994415,-0.2587798833847046
PEVONEDISTAT,5,KNS62,0.295437216758728,0.25085018913093843,0.278232604265213
PEVONEDISTAT,5,L1236,0.1780730038881302,0.11720386259274115,0.08542638272047043
PEVONEDISTAT,5,LOUCY,0.32823750376701355,-0.10139494268376248,-0.2299373894929886
PEVONEDISTAT,5,MOLT13,-1.149991512298584,-0.24043505108159555,-0.430525004863739
PEVONEDISTAT,5,MOLT16,-1.445999026298523,0.05185293594035046,-0.008852791041135788
PEVONEDISTAT,5,MONOMAC6,-2.0415549278259277,-0.8939757331011332,-1.3733620643615723
PEVONEDISTAT,5,NB4,-2.375559091567993,-0.34522342766243197,-0.581699013710022
PEVONEDISTAT,5,NCIH1092,1.3178550004959106,0.5557017999148387,0.7180298566818237
PEVONEDISTAT,5,NCIH1341,0.02040753699839115,0.6457305228259732,0.8479107022285461
PEVONEDISTAT,5,NCIH1623,-0.2504439353942871,0.8387412545593138,1.1263595819473267
PEVONEDISTAT,5,NCIH1648,0.4754607677459717,0.3778912308295518,0.461509644985199
PEVONEDISTAT,5,NCIH2081,1.1690194606781006,0.3378174324846378,0.40369677543640137
PEVONEDISTAT,5,NCIH2085,1.0049655437469482,0.862481969913332,1.1606093645095825
PEVONEDISTAT,5,NCIH2087,0.74932861328125,0.7413150216541899,0.9858066439628601
PEVONEDISTAT,5,NCIH211,0.24600152671337128,0.49287126312722007,0.627386748790741
PEVONEDISTAT,5,NCIH2405,1.4128869771957397,0.49774797268075066,0.6344221830368042
PEVONEDISTAT,5,NCIH441,1.0013649463653564,0.4593038344504593,0.5789603590965271
PEVONEDISTAT,5,NCIH446,1.4243510961532593,0.2097795853211772,0.21898168325424194
PEVONEDISTAT,5,NCIH522,2.2582144737243652,0.2421217528591275,0.2656404376029968
PEVONEDISTAT,5,NCIH647,0.3343850076198578,0.37656999310504324,0.45960354804992676
PEVONEDISTAT,5,NCIH650,0.565207839012146,1.3610283986628988,1.8798424005508423
PEVONEDISTAT,5,NCIH727,2.961000919342041,0.3439342355464433,0.41252124309539795
PEVONEDISTAT,5,NCIH929,0.692238986492157,-0.049430831134120126,-0.15497083961963654
PEVONEDISTAT,5,NUDUL1,-0.5035725235939026,-0.011988740309834198,-0.10095462948083878
PEVONEDISTAT,5,OCILY19,0.2979173958301544,0.248559393706657,0.2749277651309967
PEVONEDISTAT,5,P12ICHIKAWA,-0.12439499795436859,-0.43360703835259395,-0.7092065215110779
PEVONEDISTAT,5,RCHACV,-0.7926440238952637,-0.11426427490471883,-0.24850346148014069
PEVONEDISTAT,5,SIGM5,-0.8836449980735779,-0.5466068047215062,-0.8722267746925354
PEVONEDISTAT,5,SKLU1,0.4773530066013336,-0.02079889921897206,-0.11366469413042068
PEVONEDISTAT,5,SUPM2,-1.7437729835510254,-0.0735522508570205,-0.18976984918117523
PEVONEDISTAT,5,SUPT1,-0.40571048855781555,-0.3806301114685571,-0.6327788233757019
PFI-1,1,A4FUK,1.8682550191879272,2.4300387335868328,2.22562837600708
PFI-1,1,AMO1,1.9860199689865112,2.715007317859477,2.6383049488067627
PFI-1,1,BV173,2.166956901550293,2.5009483542111126,2.3283159732818604
PFI-1,1,CMK,1.1244759559631348,2.4013785717864846,2.184124231338501
PFI-1,1,CORL23,3.324863910675049,3.2144565009639385,3.3615810871124268
PFI-1,1,CORL95,4.99148416519165,3.783559783447459,4.185726642608643
PFI-1,1,DMS114,2.9078149795532227,3.0038560653510284,3.056600570678711
PFI-1,1,DND41,2.649264097213745,2.8692584584980114,2.8616833686828613
PFI-1,1,EJM,3.000309467315674,2.2803630179320327,2.008875846862793
PFI-1,1,GRANTA519,4.5559821128845215,2.662753860485236,2.562634229660034
PFI-1,1,HCC44,1.5551999807357788,3.526549678369978,3.813538074493408
PFI-1,1,JURLMK1,3.1401994228363037,2.6768639041254785,2.5830676555633545
PFI-1,1,KG1,2.1202235221862793,2.4144813666753153,2.203099012374878
PFI-1,1,KNS62,2.4875473976135254,3.061318470624243,3.139814615249634
PFI-1,1,L428,3.6949245929718018,2.7860442028323744,2.7411768436431885
PFI-1,1,ME1,3.507952928543091,2.5266088311061443,2.365476131439209
PFI-1,1,MOLP8,1.8345999717712402,2.589539158172738,2.456608533859253
PFI-1,1,MOLT16,1.6529204845428467,2.4434447897048392,2.245042324066162
PFI-1,1,NAMALWA,1.8848730325698853,2.4692043780330764,2.28234601020813
PFI-1,1,NCIH146,3.3646531105041504,3.152855946399005,3.272374391555786
PFI-1,1,NCIH1568,2.259608030319214,3.2409992671788164,3.4000189304351807
PFI-1,1,NCIH1781,4.512916564941406,3.2251547734574815,3.3770737648010254
PFI-1,1,NCIH1836,4.591365814208984,3.382392428046753,3.6047770977020264
PFI-1,1,NCIH1975,3.2859740257263184,3.5794927998533503,3.890207529067993
PFI-1,1,NCIH2009,3.1182808876037598,4.0262596463751,4.537191867828369
PFI-1,1,NCIH2029,4.981089115142822,3.4712520841187176,3.733458995819092
PFI-1,1,NCIH2066,5.009895324707031,3.2510259856257737,3.414539098739624
PFI-1,1,NCIH2087,2.546114921569824,3.3811943650908813,3.6030421257019043
PFI-1,1,NCIH211,2.1623809337615967,3.0813933103193487,3.1688859462738037
PFI-1,1,NCIH2227,1.8541375398635864,3.312422719668601,3.503450632095337
PFI-1,1,NCIH2342,4.264359951019287,3.1300389139605986,3.2393319606781006
PFI-1,1,NCIH2347,2.05056095123291,3.6051114589675946,3.92730712890625
PFI-1,1,NCIH596,2.763606071472168,3.285218936170801,3.4640555381774902
PFI-1,1,NCIH838,2.6794042587280273,2.944318576183928,2.970381498336792
PFI-1,1,NOMO1,1.5376574993133545,2.772446180051382,2.721484899520874
PFI-1,1,P31FUJ,2.1630771160125732,2.4473728622710267,2.2507307529449463
PFI-1,1,PF382,2.5934829711914062,2.4686543260424805,2.2815494537353516
PFI-1,1,SKM1,1.6146074533462524,3.0523502030146226,3.1268272399902344
PFI-1,1,SUDHL1,3.5011088848114014,2.4984065246143414,2.3246350288391113
PFI-1,1,SUDHL6,2.353320598602295,2.197982730646631,1.889577031135559
PFI-1,1,SW1271,4.541827201843262,2.6513586798575437,2.5461323261260986
PFI-1,2,A3KAW,0.6175804734230042,2.9144665007693353,2.9283947944641113
PFI-1,2,CALU3,3.6335625648498535,3.3950233000888597,3.623241901397705
PFI-1,2,DMS53,3.8804264068603516,2.8166627050736244,2.786978244781494
PFI-1,2,DOHH2,2.56707501411438,2.4558094649499562,2.2652130126953125
PFI-1,2,EM2,2.136275053024292,2.406373816635659,2.193732976913452
PFI-1,2,GDM1,2.343647003173828,2.088016314529225,1.7334132194519043
PFI-1,2,HCC15,2.2307040691375732,3.5851001351795766,3.898077964782715
PFI-1,2,HCC827,4.0530219078063965,2.597815285294578,2.4705421924591064
PFI-1,2,HEL,1.801632046699524,2.94239185688461,2.9687726497650146
PFI-1,2,IALM,2.6133458614349365,3.5100007685003023,3.789490222930908
PFI-1,2,JEKO1,2.4595324993133545,2.8405025698985,2.821448802947998
PFI-1,2,JURKAT,2.6095099449157715,2.7054018679607896,2.6261038780212402
PFI-1,2,JVM2,1.6062674522399902,2.8353250089944946,2.813962459564209
PFI-1,2,JVM3,1.9196720123291016,2.822210280202744,2.794999599456787
PFI-1,2,KMS12BM,1.6734490394592285,2.3742740932641486,2.1473193168640137
PFI-1,2,LCLC97TM1,2.6778485774993896,2.998086582726141,3.049302816390991
PFI-1,2,LXF289,2.5745110511779785,3.6447471208079896,3.9843227863311768
PFI-1,2,MM1S,2.5841779708862305,2.46536503284639,2.279029607772827
PFI-1,2,MONOMAC6,1.5459765195846558,2.5152707839039135,2.351189374923706
PFI-1,2,NCIH1048,4.083115100860596,2.759865851299534,2.7048544883728027
PFI-1,2,NCIH1436,4.112109184265137,3.4959677646552265,3.7691996097564697
PFI-1,2,NCIH1623,5.251211166381836,3.3844500281828873,3.6079537868499756
PFI-1,2,NCIH1648,3.853156089782715,2.6661351801086237,2.5693273544311523
PFI-1,2,NCIH1876,3.7459795475006104,3.5108102158403582,3.7906606197357178
PFI-1,2,NCIH2023,3.0123279094696045,3.6511435521006064,3.9935715198516846
PFI-1,2,NCIH2030,2.832568883895874,2.723949737892253,2.6529226303100586
PFI-1,2,NCIH2085,4.598452568054199,2.4260990045561224,2.2222540378570557
PFI-1,2,NCIH2110,3.13120698928833,2.9938871521177584,3.0432307720184326
PFI-1,2,NCIH2122,3.259208917617798,3.1002962519044956,3.197089910507202
PFI-1,2,NCIH2170,4.209565162658691,3.190365694996281,3.3273231983184814
PFI-1,2,NCIH23,2.244575023651123,2.7266524576622384,2.6568305492401123
PFI-1,2,NCIH526,3.884906530380249,3.6270322775544575,3.9587085247039795
PFI-1,2,NCIH810,2.4751229286193848,3.3212851042778198,3.516622304916382
PFI-1,2,OCIAML5,2.93886399269104,2.3921571248018236,2.1731767654418945
PFI-1,2,OPM2,1.5510585308074951,2.7577663008858178,2.7018187046051025
PFI-1,2,P12ICHIKAWA,3.459584951400757,2.469013234598018,2.284304618835449
PFI-1,2,SKLU1,3.641930103302002,3.0116781747705788,3.068955183029175
PFI-1,2,SKMM2,1.7184025049209595,2.501019135289452,2.330582618713379
PFI-1,2,ST486,2.284492015838623,2.3491106525992587,2.1109349727630615
PFI-1,2,SUDHL4,3.324584484100342,2.6203075002701404,2.5030641555786133
PFI-1,2,WSUDLCL2,2.4781808853149414,2.4887059390949746,2.3127787113189697
PFI-1,3,697,1.0376379489898682,2.7590511240653104,2.712900161743164
PFI-1,3,A549,2.4490609169006348,3.35610585136459,3.545764923095703
PFI-1,3,ABC1,3.288691997528076,3.2431309773205514,3.388170003890991
PFI-1,3,ALLSIL,2.608189582824707,2.4807723822449046,2.324713706970215
PFI-1,3,CHAGOK1,4.282498836517334,3.508885080343214,3.758885145187378
PFI-1,3,COLO668,3.9940578937530518,3.5739202244235484,3.8496062755584717
PFI-1,3,CORL105,2.4704172611236572,3.3155795521848943,3.4892325401306152
PFI-1,3,CORL88,4.744368553161621,3.73493652275559,4.074216842651367
PFI-1,3,EBC1,1.0924978256225586,2.950285506304539,2.979663610458374
PFI-1,3,EHEB,5.0865631103515625,2.777948322327763,2.7392609119415283
PFI-1,3,HCC33,4.152021884918213,2.893657150004562,2.900669574737549
PFI-1,3,HDLM2,2.8207879066467285,2.9081238940241767,2.9208500385284424
PFI-1,3,HH,1.6863889694213867,2.462160611749814,2.29875111579895
PFI-1,3,HT,2.7732250690460205,2.508126104503464,2.362870931625366
PFI-1,3,JM1,2.017364501953125,2.47084325606701,2.3108630180358887
PFI-1,3,K562,3.012223958969116,2.6143382205241794,2.5110321044921875
PFI-1,3,KMH2,3.657125949859619,2.620782393302975,2.520021438598633
PFI-1,3,KOPN8,2.1360208988189697,2.721900734622692,2.6610770225524902
PFI-1,3,LAMA84,3.923335075378418,2.579005852136304,2.461745023727417
PFI-1,3,LCLC103H,3.6588070392608643,3.147644792418711,3.2549710273742676
PFI-1,3,LP1,3.0009024143218994,2.0796957783124648,1.7652297019958496
PFI-1,3,MEG01,1.9993904829025269,2.469374243096669,2.3088138103485107
PFI-1,3,NCIH1092,5.4825897216796875,3.525314610279222,3.781803607940674
PFI-1,3,NCIH1437,3.0901200771331787,3.6094349589358394,3.8991477489471436
PFI-1,3,NCIH1944,1.5603220462799072,3.6584926428075133,3.967581033706665
PFI-1,3,NCIH358,5.437346935272217,3.632238073825541,3.930957078933716
PFI-1,3,NCIH727,3.7400805950164795,3.0235158456047557,3.0818166732788086
PFI-1,3,NCIH82,4.107970237731934,2.618769016596678,2.5172128677368164
PFI-1,3,NUDUL1,2.2754194736480713,2.5252880044892585,2.3868110179901123
PFI-1,3,OCIAML3,0.43147599697113037,2.8661709687521673,2.8623275756835938
PFI-1,3,OCILY19,3.195413112640381,2.5833171787421048,2.467759132385254
PFI-1,3,PL21,2.4553439617156982,3.3985959619496633,3.605036735534668
PFI-1,3,RCHACV,1.825342059135437,2.7602285563343836,2.7145426273345947
PFI-1,3,REH,3.2424325942993164,2.6730178966228806,2.5928876399993896
PFI-1,3,RERFLCKJ,1.5337309837341309,3.674621704471054,3.9900803565979004
PFI-1,3,RL,2.67495059967041,2.4321539494882716,2.2568931579589844
PFI-1,3,RPMI8402,1.8546165227890015,2.4909183993430273,2.338866949081421
PFI-1,3,SIGM5,3.573683977127075,2.2716775711065855,2.0330357551574707
PFI-1,3,SUDHL8,2.8849945068359375,2.545378701014874,2.4148366451263428
PFI-1,3,SUPM2,2.0992119312286377,2.50770189389353,2.362279176712036
PFI-1,3,SW1573,2.877408027648926,3.0392181329359005,3.1037206649780273
PFI-1,4,BEN,2.1568329334259033,3.9590004614543557,4.066249370574951
PFI-1,4,BL41,1.5862984657287598,2.283107288286906,2.182725667953491
PFI-1,4,CALU6,4.538898944854736,2.7528374670613425,2.7106518745422363
PFI-1,4,CORL279,2.751140594482422,3.4616995421084673,3.5073366165161133
PFI-1,4,DB,2.5188350677490234,2.3333322946055555,2.239173173904419
PFI-1,4,HARA,1.9482450485229492,3.2530777493328817,3.2728681564331055
PFI-1,4,HCC366,3.038783073425293,3.4059409559748928,3.4446699619293213
PFI-1,4,HCC78,1.934544563293457,2.876836537075486,2.850013494491577
PFI-1,4,HL60,2.1486945152282715,2.5930323065813554,2.531048059463501
PFI-1,4,KARPAS422,2.7443668842315674,2.522694853696741,2.451996326446533
PFI-1,4,KMS11,1.6338169574737549,2.3320800530242827,2.2377657890319824
PFI-1,4,KU812,2.012234926223755,2.2942650301893632,2.195265769958496
PFI-1,4,L1236,2.261312961578369,2.8360187225104436,2.804138660430908
PFI-1,4,LOUNH91,2.667952060699463,2.8039239595838796,2.7680675983428955
PFI-1,4,MHHCALL2,3.772916078567505,2.6882688533366688,2.6380836963653564
PFI-1,4,MOLT13,1.345205545425415,2.366870434072689,2.2768664360046387
PFI-1,4,NB4,0.9370114803314209,2.5446581909617754,2.4766807556152344
PFI-1,4,NCIH1651,3.922621965408325,3.5335109191853036,3.5880448818206787
PFI-1,4,NCIH1792,2.2848060131073,3.0815929912347113,3.0801377296447754
PFI-1,4,NCIH1793,5.992767333984375,3.3024446636311606,3.3283512592315674
PFI-1,4,NCIH1963,3.1433889865875244,3.641403952002263,3.7093050479888916
PFI-1,4,NCIH2081,3.692509889602661,4.069027587157578,4.189908027648926
PFI-1,4,NCIH2171,3.0126030445098877,4.089037571808626,4.21239709854126
PFI-1,4,NCIH2196,5.884451866149902,3.624622260148743,3.690444231033325
PFI-1,4,NCIH2228,5.374157905578613,3.273514128288243,3.2958364486694336
PFI-1,4,NCIH2405,5.176997661590576,3.0249671912125646,3.016496419906616
PFI-1,4,NCIH2444,3.420414924621582,3.5325887619510508,3.587008476257324
PFI-1,4,NCIH292,1.4406108856201172,3.1018558425577702,3.1029109954833984
PFI-1,4,NCIH460,3.446981906890869,2.9652970207122125,2.9494335651397705
PFI-1,4,NCIH522,2.6015098094940186,2.956960693858193,2.9400644302368164
PFI-1,4,NCIH524,3.35148549079895,3.573854820876796,3.6333870887756348
PFI-1,4,NCIH647,5.704588890075684,2.7424168993914657,2.6989402770996094
PFI-1,4,NCIH661,3.5205938816070557,3.1408874680470347,3.1467783451080322
PFI-1,4,NCIH69,3.733762502670288,3.4857664246081113,3.5343852043151855
PFI-1,4,NCIH841,2.4211299419403076,3.063216881674119,3.0594849586486816
PFI-1,4,RERFLCMS,2.6391119956970215,2.715667763367577,2.668877124786377
PFI-1,4,RPMI8226,2.3434605598449707,2.363391608104318,2.272956609725952
PFI-1,4,SUDHL10,1.089601993560791,2.828992550493954,2.7962419986724854
PFI-1,4,SUDHL5,2.1799795627593994,2.5377862421588357,2.4689574241638184
PFI-1,4,SUPB15,4.229732990264893,2.146916947489404,2.0296623706817627
PFI-1,5,CA46,2.3033034801483154,2.7380156218036618,2.613354206085205
PFI-1,5,CAL12T,2.759690999984741,3.1797406573627436,3.3546977043151855
PFI-1,5,CMLT1,3.708807945251465,2.58185132732448,2.3512649536132812
PFI-1,5,CORL311,4.802606105804443,3.308826276099164,3.571341037750244
PFI-1,5,DAUDI,1.872302532196045,2.8430061145258265,2.7895588874816895
PFI-1,5,DMS273,3.5191900730133057,3.1092411189370153,3.2363789081573486
PFI-1,5,DMS79,4.5460710525512695,3.824822976354853,4.437334060668945
PFI-1,5,EPLC272H,2.1243784427642822,3.0593242664228235,3.1526038646698
PFI-1,5,GA10,1.7492079734802246,2.707262557253748,2.561741590499878
PFI-1,5,KCL22,2.9875783920288086,2.435042127611098,2.1048762798309326
PFI-1,5,L363,2.20892596244812,2.6029947251100483,2.386749744415283
PFI-1,5,L540,2.0282950401306152,2.798578754850837,2.714996814727783
PFI-1,5,LOUCY,2.2958765029907227,2.5275443863777562,2.260122060775757
PFI-1,5,LU65,5.41284704208374,2.694091155474017,2.5396361351013184
PFI-1,5,MOLM13,1.6035665273666382,2.3622223188437026,1.9826633930206299
PFI-1,5,MOLM16,1.0829620361328125,2.5286864088645418,2.2620387077331543
PFI-1,5,NALM6,2.0551400184631348,2.622356403026321,2.4192442893981934
PFI-1,5,NCIH1105,3.546452522277832,3.608780279315659,4.074751377105713
PFI-1,5,NCIH1155,3.6001999378204346,3.3210705925761506,3.591890573501587
PFI-1,5,NCIH1341,2.918497085571289,3.6193595074025966,4.092506408691406
PFI-1,5,NCIH1435,3.320843458175659,3.4700534564356085,3.8419272899627686
PFI-1,5,NCIH1650,3.5935890674591064,3.3186493173846134,3.58782696723938
PFI-1,5,NCIH1915,3.4771170616149902,3.594027320582901,4.049991607666016
PFI-1,5,NCIH196,4.654658317565918,3.084029967464844,3.1940672397613525
PFI-1,5,NCIH209,3.4398300647735596,3.335967884540227,3.6168925762176514
PFI-1,5,NCIH2172,4.6594672203063965,2.7757135866286684,2.6766223907470703
PFI-1,5,NCIH2291,5.096412658691406,3.117638017201587,3.250471353530884
PFI-1,5,NCIH441,5.743142604827881,3.0507880070362785,3.138277530670166
PFI-1,5,NCIH446,2.5632383823394775,3.063066417977357,3.158884286880493
PFI-1,5,NCIH650,2.5836446285247803,3.1797106826463963,3.354647397994995
PFI-1,5,NCIH929,1.128411054611206,2.4828172795393,2.1850569248199463
PFI-1,5,OCIAML2,1.1260180473327637,2.4722049514101405,2.1672463417053223
PFI-1,5,OCIM1,1.6937919855117798,2.523004282303224,2.25250244140625
PFI-1,5,RAJI,2.984161615371704,2.7188928892565607,2.5812606811523438
PFI-1,5,RS411,2.712656021118164,3.261128120835701,3.4912896156311035
PFI-1,5,SBC5,2.4851250648498535,3.028166614232361,3.1003122329711914
PFI-1,5,SHP77,4.182944297790527,3.5776832868592257,4.022561550140381
PFI-1,5,SKMES1,2.2373292446136475,2.9197734939939037,2.9183969497680664
PFI-1,5,SUPT1,2.3350605964660645,2.825137916197011,2.759570837020874
PFI-1,5,THP1,1.9787174463272095,2.5379593927959885,2.277601480484009
PICTILISIB,1,A3KAW,1.219702959060669,0.8793411495547976,0.7446220517158508
PICTILISIB,1,A549,0.09607700258493423,0.9768901237794207,0.9282182455062866
PICTILISIB,1,ABC1,3.551754951477051,0.8910997888641476,0.7667528986930847
PICTILISIB,1,CALU3,1.025818943977356,1.0470433058688937,1.0602530241012573
PICTILISIB,1,CORL311,0.6796500086784363,1.9025385177151162,2.6703741550445557
PICTILISIB,1,DB,2.0606119632720947,0.5960418469729998,0.21142655611038208
PICTILISIB,1,DMS79,2.8991520404815674,1.6826561999891814,2.256535291671753
PICTILISIB,1,DOHH2,0.06606750190258026,0.8270016913169236,0.6461143493652344
PICTILISIB,1,EHEB,-0.8656014800071716,0.7619690312773917,0.5237168669700623
PICTILISIB,1,GA10,-1.1549999713897705,0.8218569738842605,0.6364315152168274
PICTILISIB,1,HCC366,0.8960739970207214,0.7998250510776315,0.594965398311615
PICTILISIB,1,HDLM2,2.3858680725097656,1.0017463508092452,0.9749999642372131
PICTILISIB,1,IALM,1.6235229969024658,1.5126488000838423,1.936565637588501
PICTILISIB,1,KMS11,-0.9357550144195557,0.5876009203460169,0.1955399513244629
PICTILISIB,1,L1236,-0.007096000015735626,0.9261382500125528,0.8326985239982605
PICTILISIB,1,MOLT16,0.8526489734649658,0.25688018775806143,-0.4269070625305176
PICTILISIB,1,NB4,-0.36229801177978516,0.897003715603083,0.7778646349906921
PICTILISIB,1,NCIH1092,2.862128973007202,1.536894093699939,1.9821975231170654
PICTILISIB,1,NCIH1155,1.8207759857177734,1.508876410556268,1.929465651512146
PICTILISIB,1,NCIH1437,0.3690134882926941,1.087899679804045,1.1371484994888306
PICTILISIB,1,NCIH1648,-0.7786189913749695,1.3233472926026437,1.5802826881408691
PICTILISIB,1,NCIH1650,1.8880579471588135,0.9172143341422563,0.8159028887748718
PICTILISIB,1,NCIH2009,0.7174540162086487,1.340504162484302,1.612573504447937
PICTILISIB,1,NCIH2023,-0.23115000128746033,1.3049016702282044,1.5455663204193115
PICTILISIB,1,NCIH2029,2.6910359859466553,1.498277439472717,1.9095174074172974
PICTILISIB,1,NCIH2066,2.0629520416259766,1.6418197144052729,2.1796772480010986
PICTILISIB,1,NCIH2122,0.9975450038909912,0.7236788247008207,0.4516511559486389
PICTILISIB,1,NCIH23,2.579571008682251,1.2194186230073691,1.3846793174743652
PICTILISIB,1,NCIH2405,2.4837210178375244,0.8972233425391778,0.7782779932022095
PICTILISIB,1,NCIH292,-0.9938780069351196,0.9642526917015499,0.9044334292411804
PICTILISIB,1,NCIH446,0.23645299673080444,1.3966558819602828,1.7182562351226807
PICTILISIB,1,NCIH460,0.7640860080718994,1.20271494151151,1.3532414436340332
PICTILISIB,1,NCIH522,2.357595920562744,1.1879273189756505,1.3254097700119019
PICTILISIB,1,NCIH647,1.7500065565109253,1.0031794205259317,0.9776971340179443
PICTILISIB,1,NCIH727,1.6658960580825806,1.1164672061870058,1.1909152269363403
PICTILISIB,1,NOMO1,-0.24815300107002258,1.158021319221802,1.269123911857605
PICTILISIB,1,OCIAML3,0.4004729986190796,0.8854263833174016,0.7560750246047974
PICTILISIB,1,RERFLCKJ,1.0732029676437378,0.7658085598250843,0.5309432148933411
PICTILISIB,1,SUDHL1,1.3492419719696045,0.749008793524018,0.4993245005607605
PICTILISIB,1,SUDHL10,-0.5224630236625671,0.5392789446871669,0.10459352284669876
PICTILISIB,1,SUPB15,1.6152420043945312,0.18485978084491955,-0.5624561309814453
PICTILISIB,2,A4FUK,-0.7129250168800354,0.6073766871493369,0.30598488450050354
PICTILISIB,2,CHAGOK1,1.7831079959869385,1.424355039727792,1.704633355140686
PICTILISIB,2,CORL23,1.0257209539413452,0.911562546295807,0.8267441987991333
PICTILISIB,2,DAUDI,1.0424129962921143,0.971664283885302,0.9296370148658752
PICTILISIB,2,DMS273,0.8397150039672852,1.290169146872174,1.4749101400375366
PICTILISIB,2,DND41,1.8889869451522827,0.9399854243251021,0.8754035234451294
PICTILISIB,2,EJM,1.331050992012024,0.6102752449867005,0.31094714999198914
PICTILISIB,2,HCC33,2.46354603767395,0.889982699115374,0.7897999882698059
PICTILISIB,2,HT,0.20153899490833282,0.7677934090904358,0.5806146860122681
PICTILISIB,2,KARPAS422,0.2477249950170517,0.5928630082083665,0.2811377942562103
PICTILISIB,2,KG1,2.5102200508117676,1.082959288589906,1.1201715469360352
PICTILISIB,2,KMH2,1.439805507659912,0.6179717963739573,0.32412347197532654
PICTILISIB,2,L363,-0.5208590030670166,0.5235924789914941,0.1625482141971588
PICTILISIB,2,LCLC103H,1.7594250440597534,0.9365194659487126,0.8694698810577393
PICTILISIB,2,LCLC97TM1,0.8867800235748291,0.5281457490714963,0.1703433096408844
PICTILISIB,2,LP1,1.6447639465332031,0.2743786519968202,-0.26410022377967834
PICTILISIB,2,LU65,3.259239912033081,0.5214980026076985,0.15896251797676086
PICTILISIB,2,MM1S,-1.5224984884262085,0.33189893821697924,-0.16562679409980774
PICTILISIB,2,MOLM13,-0.26600199937820435,0.9712090265098157,0.9288576245307922
PICTILISIB,2,MOLP8,-0.38300999999046326,0.45201537492968535,0.04000983014702797
PICTILISIB,2,NCIH146,2.7173080444335938,1.5942725088978724,1.995528221130371
PICTILISIB,2,NCIH1651,3.143794059753418,1.0264367666605612,1.0234062671661377
PICTILISIB,2,NCIH1915,3.5037078857421875,1.1956178719967827,1.3130404949188232
PICTILISIB,2,NCIH1944,0.24317699670791626,1.1832553154896168,1.2918760776519775
PICTILISIB,2,NCIH1963,2.9392080307006836,1.707438017005505,2.189265012741089
PICTILISIB,2,NCIH1975,-0.4276520013809204,0.8462703663084161,0.7149654626846313
PICTILISIB,2,NCIH2030,0.3542479872703552,0.9465019483165682,0.8865596652030945
PICTILISIB,2,NCIH209,2.1635210514068604,2.1044245374050417,2.868896961212158
PICTILISIB,2,NCIH211,1.7433580160140991,1.17947642859603,1.2854067087173462
PICTILISIB,2,NCIH2196,0.6455119848251343,1.5522633525631857,1.9236094951629639
PICTILISIB,2,NCIH2291,1.324125051498413,1.0652792451633428,1.089903712272644
PICTILISIB,2,NCIH2444,2.487431049346924,0.9796384949214961,0.9432886838912964
PICTILISIB,2,NCIH596,0.9145709872245789,1.0896169925031827,1.1315693855285645
PICTILISIB,2,OCIAML2,1.587020993232727,0.6643385554247555,0.40350231528282166
PICTILISIB,2,OCIAML5,0.24286499619483948,0.5420670642172292,0.19417628645896912
PICTILISIB,2,OCILY19,0.748009979724884,0.6787870931490285,0.4282378852367401
PICTILISIB,2,REH,-1.1936229467391968,1.104993174576833,1.1578930616378784
PICTILISIB,2,SKLU1,0.9780759811401367,0.6710360543196918,0.4149682819843292
PICTILISIB,2,SUDHL4,0.03311900049448013,0.6934142730875582,0.4532792866230011
PICTILISIB,2,SUDHL5,-2.2657930850982666,0.7335107809402142,0.5219236016273499
PICTILISIB,2,SW1573,1.0498310327529907,1.2280396060308856,1.3685457706451416
PICTILISIB,3,697,-1.1903380155563354,0.3562705772952608,-0.0014224242186173797
PICTILISIB,3,BL41,0.8301029801368713,0.1993945262655924,-0.2422294169664383
PICTILISIB,3,CAL12T,0.974511981010437,1.2130612032269164,1.3137634992599487
PICTILISIB,3,COLO668,2.142177104949951,1.4101565026263954,1.6163076162338257
PICTILISIB,3,CORL88,3.7654690742492676,1.6942435589384608,2.0523853302001953
PICTILISIB,3,CORL95,2.167987108230591,1.3080045724436984,1.459502935409546
PICTILISIB,3,DMS114,0.8395500183105469,1.314800758555279,1.4699351787567139
PICTILISIB,3,EM2,0.28308001160621643,0.2758116979025025,-0.12492796033620834
PICTILISIB,3,GRANTA519,1.6155500411987305,0.3586971432276969,0.002302389359101653
PICTILISIB,3,HCC827,1.1067739725112915,0.6388452359514423,0.43233373761177063
PICTILISIB,3,HH,-1.9403189420700073,0.5912743018018387,0.35931167006492615
PICTILISIB,3,JM1,1.2745939493179321,1.294418335364321,1.4386478662490845
PICTILISIB,3,K562,2.5941009521484375,0.9457396698650682,0.9034211039543152
PICTILISIB,3,KOPN8,1.604675054550171,0.1093500984827562,-0.3804489076137543
PICTILISIB,3,LAMA84,2.0619969367980957,1.5187734764764391,1.783036231994629
PICTILISIB,3,LOUCY,0.6299430131912231,1.3321851932572133,1.496620535850525
PICTILISIB,3,LXF289,-0.6381809711456299,1.1471993474662985,1.2126646041870117
PICTILISIB,3,ME1,3.9965291023254395,-0.0841120114809355,-0.6774160265922546
PICTILISIB,3,MHHCALL2,2.1964941024780273,1.142369591427523,1.205250859260559
PICTILISIB,3,NCIH1048,0.3777729868888855,1.4038968697857364,1.606698989868164
PICTILISIB,3,NCIH1105,2.956329107284546,1.370936780557442,1.5561047792434692
PICTILISIB,3,NCIH1436,2.387732982635498,1.8171836084023307,2.2411000728607178
PICTILISIB,3,NCIH1568,1.7264169454574585,1.3849513128009725,1.5776172876358032
PICTILISIB,3,NCIH1792,0.6012709736824036,1.0134947611033485,1.007426142692566
PICTILISIB,3,NCIH1836,4.066717147827148,1.4749626476958986,1.7157859802246094
PICTILISIB,3,NCIH1876,0.2705470025539398,1.3643137763526723,1.5459383726119995
PICTILISIB,3,NCIH2087,2.6810081005096436,1.2411867991535137,1.3569366931915283
PICTILISIB,3,NCIH2228,-0.10023900121450424,0.8530750017736861,0.761179506778717
PICTILISIB,3,OCIM1,2.6049540042877197,1.313637255717683,1.468149185180664
PICTILISIB,3,OPM2,1.095852017402649,1.2348254316501095,1.3471719026565552
PICTILISIB,3,P31FUJ,1.7170100212097168,1.2944775899808665,1.4387388229370117
PICTILISIB,3,PL21,-1.171828031539917,1.2533141922331419,1.3755524158477783
PICTILISIB,3,RPMI8402,-0.9765440225601196,1.1460095955325131,1.2108383178710938
PICTILISIB,3,RS411,-0.778652012348175,1.3307108172478848,1.4943573474884033
PICTILISIB,3,SIGM5,0.3252609968185425,0.7670664987275261,0.6291552186012268
PICTILISIB,3,SKM1,-0.38514500856399536,1.3333671015261608,1.4984347820281982
PICTILISIB,3,SKMES1,0.2973310053348541,1.2913600050180811,1.4339532852172852
PICTILISIB,3,SKMM2,1.3363239765167236,0.5659165488123219,0.3203871548175812
PICTILISIB,3,SUPM2,1.1411269903182983,0.6414895605823423,0.43639281392097473
PICTILISIB,3,SW1271,2.697438955307007,0.9668508549454937,0.9358270764350891
PICTILISIB,3,THP1,0.4755780100822449,0.6526767234620792,0.4535652697086334
PICTILISIB,4,BEN,2.339901924133301,1.7401694737536684,1.9303330183029175
PICTILISIB,4,BV173,0.6538509726524353,1.2177637761966391,1.2159489393234253
PICTILISIB,4,CALU6,2.624919891357422,1.4133731829850817,1.4834426641464233
PICTILISIB,4,CMK,1.0874040126800537,0.6366052777932822,0.4212210476398468
PICTILISIB,4,CMLT1,2.50517201423645,1.0190816654684136,0.9442533254623413
PICTILISIB,4,CORL105,1.0793410539627075,0.8237742289037403,0.6771725416183472
PICTILISIB,4,DMS53,3.623775005340576,0.6004725006511866,0.37180987000465393
PICTILISIB,4,EBC1,0.9751949906349182,0.98297068178935,0.8948719501495361
PICTILISIB,4,EPLC272H,-0.4209269881248474,0.612587661098282,0.38837721943855286
PICTILISIB,4,HCC44,-0.03892600163817406,1.4576019701219436,1.5439250469207764
PICTILISIB,4,HCC78,0.31797900795936584,0.7446011929246863,0.5689042806625366
PICTILISIB,4,HEL,2.4358789920806885,1.1860629176966953,1.1725983619689941
PICTILISIB,4,HL60,0.910739004611969,1.199072481866617,1.190388798713684
PICTILISIB,4,JVM2,-0.8128629922866821,0.7613257143899386,0.5917748808860779
PICTILISIB,4,KMS12BM,-0.5657650232315063,0.5552488419269219,0.3099670112133026
PICTILISIB,4,KU812,1.6293729543685913,1.07109821585892,1.015385389328003
PICTILISIB,4,MEG01,3.4140028953552246,1.0709401696650132,1.0151692628860474
PICTILISIB,4,MOLM16,-1.5590230226516724,0.8168419898348733,0.6676927804946899
PICTILISIB,4,MOLT13,1.7583810091018677,1.2281474895927822,1.2301485538482666
PICTILISIB,4,NCIH1341,-1.0600630044937134,1.91224847850665,2.165649175643921
PICTILISIB,4,NCIH1623,-0.05015699937939644,1.2888430687010821,1.313149094581604
PICTILISIB,4,NCIH1793,1.2792719602584839,0.8288658792587915,0.6841353178024292
PICTILISIB,4,NCIH196,1.7057889699935913,1.259661360179913,1.2732434272766113
PICTILISIB,4,NCIH2085,0.7424319982528687,0.847116989222497,0.7090935111045837
PICTILISIB,4,NCIH2171,-0.7956749796867371,2.5708950512947553,3.0663411617279053
PICTILISIB,4,NCIH2172,2.9185891151428223,1.3933042802698916,1.4559986591339111
PICTILISIB,4,NCIH2342,1.4275109767913818,1.8168466351724657,2.0351881980895996
PICTILISIB,4,NCIH441,1.8063180446624756,1.591830175455105,1.7274806499481201
PICTILISIB,4,NCIH524,0.8422639966011047,1.5495979310535144,1.6697285175323486
PICTILISIB,4,NCIH661,0.9322119951248169,1.6258454125551765,1.773996114730835
PICTILISIB,4,NCIH810,3.599256992340088,1.552498989678459,1.673695683479309
PICTILISIB,4,NCIH82,2.1290230751037598,0.79810619325334,0.6420717835426331
PICTILISIB,4,NCIH838,-0.3750630021095276,0.6689390184596702,0.4654370844364166
PICTILISIB,4,P12ICHIKAWA,1.953444004058838,0.55336436117856,0.3073900043964386
PICTILISIB,4,PF382,0.4828230142593384,0.5555470200881233,0.31037476658821106
PICTILISIB,4,RERFLCMS,0.034400999546051025,0.8973312202202713,0.777760922908783
PICTILISIB,4,RL,1.0415420532226562,0.5411867842533414,0.2907373011112213
PICTILISIB,4,RPMI8226,0.3467729985713959,1.0587827298996362,0.9985440969467163
PICTILISIB,4,ST486,1.8871150016784668,0.2944134772462328,-0.046722497791051865
PICTILISIB,4,SUDHL6,-3.021902084350586,0.6905823681181313,0.4950341284275055
PICTILISIB,5,ALLSIL,0.11252900213003159,0.5016095691554204,0.19568097591400146
PICTILISIB,5,AMO1,0.012095999903976917,0.991095102060933,0.9543458819389343
PICTILISIB,5,CA46,0.25788500905036926,0.6760662212520859,0.4660753607749939
PICTILISIB,5,CORL279,0.8958619832992554,1.845493773855915,2.2785980701446533
PICTILISIB,5,GDM1,-1.6578630208969116,1.430060998280248,1.6347092390060425
PICTILISIB,5,HARA,0.5014899969100952,0.823233781415349,0.6941737532615662
PICTILISIB,5,HCC15,1.3052079677581787,1.2811219001164746,1.403865098953247
PICTILISIB,5,JEKO1,-1.4132009744644165,0.7766760891342348,0.6220129132270813
PICTILISIB,5,JURKAT,1.150583028793335,0.9812757683462997,0.9391266703605652
PICTILISIB,5,JURLMK1,2.356534004211426,1.0789436740746465,1.0905044078826904
PICTILISIB,5,JVM3,0.5011379718780518,0.8893438062407574,0.7966392040252686
PICTILISIB,5,KCL22,1.1096299886703491,1.1121931803317822,1.1420385837554932
PICTILISIB,5,KNS62,1.1907570362091064,1.0851373271856217,1.1001040935516357
PICTILISIB,5,L428,2.7457640171051025,0.8078142171331752,0.6702746152877808
PICTILISIB,5,L540,2.285278081893921,0.5539030512332636,0.27673184871673584
PICTILISIB,5,LOUNH91,1.3305939435958862,0.7376259169329543,0.561488151550293
PICTILISIB,5,MONOMAC6,-0.09980499744415283,0.993781982124747,0.9585103392601013
PICTILISIB,5,NALM6,-1.6089140176773071,0.9072832339250809,0.8244439363479614
PICTILISIB,5,NAMALWA,-0.2551470100879669,1.164436053630728,1.2230110168457031
PICTILISIB,5,NCIH1435,2.6353609561920166,1.3950929471056719,1.580511450767517
PICTILISIB,5,NCIH1781,1.492522954940796,1.7320868839992556,2.1028261184692383
PICTILISIB,5,NCIH2081,2.619715929031372,1.8301080897669086,2.254751443862915
PICTILISIB,5,NCIH2110,0.33746400475502014,1.253137245125389,1.3604910373687744
PICTILISIB,5,NCIH2170,1.603369951248169,1.4026115042064353,1.5921646356582642
PICTILISIB,5,NCIH2227,1.933223009109497,1.5060953815734568,1.7525566816329956
PICTILISIB,5,NCIH2347,2.5057389736175537,0.8876904451228843,0.7940766215324402
PICTILISIB,5,NCIH358,1.456186056137085,1.5317225750417862,1.7922768592834473
PICTILISIB,5,NCIH526,3.683029890060425,1.2826143976157107,1.40617835521698
PICTILISIB,5,NCIH650,2.271224021911621,0.9078915006848185,0.8253867030143738
PICTILISIB,5,NCIH69,0.10366400331258774,1.3527828542521694,1.5149340629577637
PICTILISIB,5,NCIH841,1.7941190004348755,1.1303121230464184,1.1701215505599976
PICTILISIB,5,NCIH929,-2.4344849586486816,0.3058903029415232,-0.10766882449388504
PICTILISIB,5,NUDUL1,-1.7391639947891235,0.6857265372609904,0.4810481071472168
PICTILISIB,5,RAJI,1.687419056892395,-0.01633455688033214,-0.607092559337616
PICTILISIB,5,RCHACV,-2.684990882873535,0.845348125706528,0.728449285030365
PICTILISIB,5,SBC5,0.821973979473114,1.076024208984412,1.0859794616699219
PICTILISIB,5,SHP77,3.563016891479492,1.9916531579192045,2.505133867263794
PICTILISIB,5,SUDHL8,2.691735029220581,0.6314615817407785,0.396941602230072
PICTILISIB,5,SUPT1,0.8522239923477173,1.267636275714205,1.3829634189605713
PICTILISIB,5,WSUDLCL2,-0.6365399956703186,0.05778953729210756,-0.4922059178352356
PLX-4720,1,A4FUK,2.9833970069885254,3.7829945474025113,3.7726175785064697
PLX-4720,1,BL41,3.5278968811035156,3.4481297601767933,3.437960386276245
PLX-4720,1,BV173,2.9944260120391846,3.681850473164174,3.6715362071990967
PLX-4720,1,COLO668,4.922050952911377,4.357267233818673,4.346534252166748
PLX-4720,1,CORL23,3.441821575164795,4.111619628468528,4.101038932800293
PLX-4720,1,CORL88,5.168890953063965,4.64064794429041,4.629739284515381
PLX-4720,1,DMS114,5.15036678314209,4.059384067317565,4.048835754394531
PLX-4720,1,DOHH2,2.6095681190490723,3.4816674352649497,3.4714772701263428
PLX-4720,1,EHEB,4.388335227966309,3.8238912825521587,3.8134889602661133
PLX-4720,1,EJM,4.521431922912598,3.92959460069866,3.9191267490386963
PLX-4720,1,GDM1,4.377754211425781,3.297727672964867,3.287651538848877
PLX-4720,1,HCC33,3.9180378913879395,3.9839617533058242,3.9734601974487305
PLX-4720,1,HCC78,5.034546852111816,3.7296966497373383,3.7193527221679688
PLX-4720,1,HT,3.800640106201172,3.8815919245177435,3.8711538314819336
PLX-4720,1,KNS62,2.751844882965088,3.636747811056181,3.6264615058898926
PLX-4720,1,LAMA84,2.339747905731201,3.85938019284124,3.8489558696746826
PLX-4720,1,LP1,3.3408188819885254,3.4587435826598782,3.4485676288604736
PLX-4720,1,ME1,4.941098213195801,3.6240799312213463,3.6138014793395996
PLX-4720,1,MEG01,3.1109800338745117,3.7032100453911476,3.692882537841797
PLX-4720,1,MOLT13,3.92372989654541,3.6551062170247324,3.644808530807495
PLX-4720,1,MONOMAC6,2.7387468814849854,3.6440212257530638,3.633730411529541
PLX-4720,1,NCIH1651,4.457982540130615,4.390594016142725,4.37984037399292
PLX-4720,1,NCIH1792,3.3833980560302734,3.7950722137776216,3.7846877574920654
PLX-4720,1,NCIH1876,3.944298028945923,4.599973791662154,4.589090347290039
PLX-4720,1,NCIH196,5.00089693069458,4.24626797848849,4.2356038093566895
PLX-4720,1,NCIH1963,4.953086853027344,4.305977350175531,4.295276165008545
PLX-4720,1,NCIH2009,3.2592129707336426,4.5147406699229595,4.503910064697266
PLX-4720,1,NCIH2023,4.100792407989502,4.3849204282287495,4.374170303344727
PLX-4720,1,NCIH2087,4.001265525817871,3.3860387793675084,3.3759078979492188
PLX-4720,1,NCIH2122,2.545802593231201,3.814234111634755,3.803837776184082
PLX-4720,1,NCIH2171,3.4593350887298584,4.630422985161953,4.619520664215088
PLX-4720,1,NCIH526,3.4844720363616943,4.378197624956703,4.3674516677856445
PLX-4720,1,NCIH661,4.427849292755127,4.229721962032278,4.2190680503845215
PLX-4720,1,OCIAML3,4.458110809326172,4.013183760857029,4.002664089202881
PLX-4720,1,OCIM1,3.709338903427124,3.102454810258874,3.0924997329711914
PLX-4720,1,OPM2,4.54915714263916,4.0637274085656445,4.053176403045654
PLX-4720,1,RERFLCKJ,4.575979709625244,4.15718821090265,4.146579265594482
PLX-4720,1,SKLU1,3.065049409866333,3.652750134515338,3.642453908920288
PLX-4720,1,SKM1,4.670436859130859,4.113888872780938,4.103306770324707
PLX-4720,1,ST486,3.5988380908966064,3.470776398537645,3.4605929851531982
PLX-4720,1,SW1271,3.7293920516967773,3.7425758994692293,3.7322239875793457
PLX-4720,2,A3KAW,2.658134937286377,3.94042293997285,3.914337158203125
PLX-4720,2,DMS79,4.954063892364502,4.455256787369558,4.464441776275635
PLX-4720,2,EPLC272H,4.301421165466309,4.02601370507085,4.005791664123535
PLX-4720,2,HCC15,3.0177054405212402,4.487192780793275,4.498565673828125
PLX-4720,2,HCC366,4.159908771514893,3.916803746312155,3.8890998363494873
PLX-4720,2,HDLM2,3.3675990104675293,4.08769989065521,4.071703910827637
PLX-4720,2,HEL,3.145009994506836,3.8166433528685353,3.7820775508880615
PLX-4720,2,JEKO1,3.0493860244750977,3.858576776426187,3.8268837928771973
PLX-4720,2,JURLMK1,3.3418760299682617,3.337392591754358,3.269993782043457
PLX-4720,2,JVM2,2.829667091369629,3.685464261733386,3.641911506652832
PLX-4720,2,K562,3.887321949005127,3.461536999710564,3.4026432037353516
PLX-4720,2,KMS11,4.175826072692871,3.749352314086223,3.710176467895508
PLX-4720,2,KMS12BM,3.197516918182373,3.5202408027222143,3.4653687477111816
PLX-4720,2,L1236,4.006653785705566,3.856077474675708,3.8242132663726807
PLX-4720,2,L428,3.865488052368164,3.766664681215601,3.72867488861084
PLX-4720,2,L540,3.3610448837280273,3.502039031363089,3.445919990539551
PLX-4720,2,LCLC97TM1,2.779906988143921,4.172183028408386,4.161974906921387
PLX-4720,2,NCIH1092,5.131642818450928,4.404285401361844,4.40997838973999
PLX-4720,2,NCIH1105,4.735436916351318,4.443796726847766,4.4521965980529785
PLX-4720,2,NCIH1155,4.58354377746582,4.392284022560732,4.397154808044434
PLX-4720,2,NCIH1435,4.542119979858398,4.645730311971989,4.667964458465576
PLX-4720,2,NCIH1650,5.3787760734558105,4.378223581483624,4.382131099700928
PLX-4720,2,NCIH2030,3.276132583618164,3.835354088364153,3.802070140838623
PLX-4720,2,NCIH2081,4.953409194946289,4.374450419033789,4.37809944152832
PLX-4720,2,NCIH2085,5.08694314956665,3.7564284998207946,3.7177374362945557
PLX-4720,2,NCIH2110,3.6461215019226074,4.296736660488365,4.2950615882873535
PLX-4720,2,NCIH2170,4.12122106552124,3.913777183599585,3.8858659267425537
PLX-4720,2,NCIH2196,4.593578815460205,4.633103270988183,4.654472351074219
PLX-4720,2,NCIH2227,4.458782196044922,4.212999676208414,4.205587863922119
PLX-4720,2,NCIH2342,4.251833915710449,4.483896228337103,4.4950432777404785
PLX-4720,2,NCIH292,4.22825813293457,4.210107438971586,4.202497482299805
PLX-4720,2,NCIH446,3.2311766147613525,4.0749831505995635,4.0581159591674805
PLX-4720,2,NCIH727,4.657020092010498,3.94447345552293,3.9186651706695557
PLX-4720,2,OCILY19,2.9199559688568115,3.751711712060472,3.7126975059509277
PLX-4720,2,RAJI,4.242185115814209,3.4081629281168166,3.3456125259399414
PLX-4720,2,REH,3.612060070037842,3.563645112552445,3.511746644973755
PLX-4720,2,RL,3.7884368896484375,3.7488067562985323,3.7095935344696045
PLX-4720,2,SBC5,4.806584358215332,4.12671586305783,4.1133928298950195
PLX-4720,2,SKMES1,2.890096426010132,4.088267092248792,4.072309970855713
PLX-4720,2,SKMM2,5.174736976623535,3.5993143277945046,3.5498595237731934
PLX-4720,2,WSUDLCL2,3.213437557220459,3.672990512446981,3.6285831928253174
PLX-4720,3,697,2.1396849155426025,3.718740072698485,3.7273411750793457
PLX-4720,3,A549,3.4421510696411133,3.7115758965865875,3.7194459438323975
PLX-4720,3,BEN,5.743273735046387,4.328276354038627,4.399076461791992
PLX-4720,3,CALU6,3.037339448928833,3.6667248873569926,3.670018196105957
PLX-4720,3,CHAGOK1,3.7725510597229004,4.590898629918275,4.688497543334961
PLX-4720,3,CORL105,4.15357780456543,3.9958412750605383,4.032718658447266
PLX-4720,3,CORL311,4.7528557777404785,3.9079723251260696,3.9358832836151123
PLX-4720,3,GA10,3.5705859661102295,3.6767049751787635,3.681016683578491
PLX-4720,3,HARA,3.8698859214782715,3.953521254698016,3.9860801696777344
PLX-4720,3,HCC827,2.74743390083313,3.7415732744258556,3.752504348754883
PLX-4720,3,HH,3.7508718967437744,3.392047368068519,3.367311716079712
PLX-4720,3,HL60,4.560887813568115,3.765865056112351,3.7792749404907227
PLX-4720,3,JM1,4.074923038482666,3.598934019633512,3.5953097343444824
PLX-4720,3,KCL22,3.8845129013061523,3.410710787812477,3.3878796100616455
PLX-4720,3,KOPN8,3.6493020057678223,3.862087199580157,3.8853158950805664
PLX-4720,3,LOUCY,3.229541063308716,3.5003031207125916,3.486614227294922
PLX-4720,3,LXF289,3.2282934188842773,4.076961858832893,4.122117042541504
PLX-4720,3,MM1S,4.443118095397949,3.763037894601547,3.7761592864990234
PLX-4720,3,MOLP8,4.9314141273498535,3.6049779751835067,3.6019704341888428
PLX-4720,3,MOLT16,2.5611050128936768,3.450627461280025,3.4318695068359375
PLX-4720,3,NCIH1048,3.55173659324646,4.015058531158005,4.053896903991699
PLX-4720,3,NCIH1436,4.293838977813721,4.293831194327564,4.361116409301758
PLX-4720,3,NCIH1781,4.435152053833008,4.385806537944047,4.462477207183838
PLX-4720,3,NCIH211,4.251676082611084,3.915650314261242,3.9443447589874268
PLX-4720,3,NCIH2405,4.747439861297607,3.9596922031931316,3.9928808212280273
PLX-4720,3,NCIH441,5.169405937194824,3.721520720609287,3.730405569076538
PLX-4720,3,NCIH524,3.587606906890869,3.8375278024369077,3.858250379562378
PLX-4720,3,NCIH596,4.952596187591553,4.526280638741891,4.61728572845459
PLX-4720,3,NCIH647,2.5095999240875244,4.08757388258771,4.133811950683594
PLX-4720,3,NCIH838,4.847987174987793,4.186151993981187,4.2424492835998535
PLX-4720,3,NOMO1,4.88514518737793,3.998304981464352,4.035433769226074
PLX-4720,3,NUDUL1,3.230210065841675,3.4180837342685684,3.3960049152374268
PLX-4720,3,PF382,3.8432929515838623,3.4590213271705736,3.441119909286499
PLX-4720,3,RCHACV,2.978437900543213,3.584321609936218,3.5792062282562256
PLX-4720,3,RS411,2.998745918273926,4.472222749162183,4.557711601257324
PLX-4720,3,SHP77,4.374701976776123,4.28504812859328,4.351437091827393
PLX-4720,3,SIGM5,2.2053890228271484,3.3523463878995834,3.323559522628784
PLX-4720,3,SUDHL1,3.812730073928833,3.4477553005654986,3.428704261779785
PLX-4720,3,SUDHL5,3.3497679233551025,3.542362015888128,3.5329649448394775
PLX-4720,3,SW1573,4.599557876586914,4.186838664522608,4.243206024169922
PLX-4720,3,THP1,4.307587146759033,3.646886079758107,3.6481549739837646
PLX-4720,4,ALLSIL,3.1460020542144775,3.762112126816313,3.7444605827331543
PLX-4720,4,AMO1,4.2208170890808105,3.6773109065764906,3.649066925048828
PLX-4720,4,CA46,4.129932880401611,3.78876545278287,3.7744431495666504
PLX-4720,4,CMK,3.4318225383758545,3.652788473285176,3.621481418609619
PLX-4720,4,CORL95,5.271581649780273,4.743270150530822,4.848174095153809
PLX-4720,4,DB,2.667480945587158,3.5976906761363794,3.5595014095306396
PLX-4720,4,DMS273,4.2695488929748535,3.9547699189184815,3.9611830711364746
PLX-4720,4,DND41,4.329945087432861,3.4974725936330677,3.446765184402466
PLX-4720,4,EBC1,2.5418694019317627,3.8154122084616877,3.8044183254241943
PLX-4720,4,GRANTA519,4.547576904296875,3.3017445696536805,3.2265889644622803
PLX-4720,4,JURKAT,3.134161949157715,3.8833335117197794,3.8808236122131348
PLX-4720,4,KU812,2.9614078998565674,3.319546446366593,3.246614456176758
PLX-4720,4,L363,3.3132119178771973,3.645688747520777,3.613494873046875
PLX-4720,4,LCLC103H,3.8862454891204834,4.383078074973578,4.442990779876709
PLX-4720,4,LU65,5.194914817810059,3.813510640023029,3.802279233932495
PLX-4720,4,MHHCALL2,3.295759916305542,3.4129134143157764,3.3516438007354736
PLX-4720,4,MOLM13,3.5924930572509766,3.73827512289756,3.7176461219787598
PLX-4720,4,MOLM16,1.8355439901351929,3.8401904590853095,3.832291603088379
PLX-4720,4,NCIH1341,4.162496089935303,4.405770577157071,4.468517780303955
PLX-4720,4,NCIH1437,4.390958309173584,4.14766678471646,4.1781744956970215
PLX-4720,4,NCIH1648,2.709777593612671,3.840365949351383,3.832489013671875
PLX-4720,4,NCIH1836,5.206600189208984,4.326338765613746,4.379164218902588
PLX-4720,4,NCIH1915,3.4267749786376953,3.9266454843325835,3.9295456409454346
PLX-4720,4,NCIH1944,4.441686630249023,4.292748063573384,4.3413777351379395
PLX-4720,4,NCIH2029,5.073337078094482,4.308332362201847,4.358908653259277
PLX-4720,4,NCIH2172,5.112327575683594,4.275220655332169,4.321660995483398
PLX-4720,4,NCIH2291,5.816341876983643,4.290980868116236,4.339389801025391
PLX-4720,4,NCIH2347,5.082534313201904,4.064125364164487,4.084197998046875
PLX-4720,4,NCIH2444,5.295472621917725,3.664969574809365,3.6351840496063232
PLX-4720,4,NCIH460,3.5067224502563477,3.9183315270049794,3.9201931953430176
PLX-4720,4,NCIH522,4.1307573318481445,4.054653128691847,4.073542594909668
PLX-4720,4,NCIH650,4.195916175842285,3.9412050300184562,3.9459238052368164
PLX-4720,4,NCIH841,4.407626628875732,4.324407101018346,4.376991271972656
PLX-4720,4,OCIAML2,3.4395999908447266,4.083409794514093,4.105891227722168
PLX-4720,4,P31FUJ,3.872775077819824,3.5462389647934507,3.5016229152679443
PLX-4720,4,RERFLCMS,3.4660589694976807,4.308959718708582,4.359614372253418
PLX-4720,4,RPMI8226,4.244241237640381,3.698921218785865,3.6733765602111816
PLX-4720,4,RPMI8402,3.848788022994995,3.4581403078874833,3.402519941329956
PLX-4720,4,SUDHL10,2.6785740852355957,3.6377594699430804,3.6045751571655273
PLX-4720,4,SUPT1,3.8078479766845703,3.350639803231663,3.2815916538238525
PLX-4720,5,ABC1,4.865682125091553,4.085186124435726,4.116363525390625
PLX-4720,5,CAL12T,2.4605519771575928,4.19558138341003,4.25526237487793
PLX-4720,5,CALU3,5.307161808013916,4.0660049425041676,4.092229843139648
PLX-4720,5,CMLT1,2.5262351036071777,3.5122786850236007,3.395533800125122
PLX-4720,5,CORL279,3.6875529289245605,4.302728363115873,4.390074253082275
PLX-4720,5,DAUDI,4.408512115478516,3.5795003672876153,3.480111837387085
PLX-4720,5,DMS53,4.8709259033203125,4.151328457807361,4.199583530426025
PLX-4720,5,EM2,3.4089150428771973,3.6682063225010904,3.591721296310425
PLX-4720,5,HCC44,3.673405408859253,4.171539720598991,4.225013256072998
PLX-4720,5,IALM,3.536983013153076,3.9206269171905483,3.909315824508667
PLX-4720,5,JVM3,2.0085370540618896,3.8809437910767506,3.859386682510376
PLX-4720,5,KARPAS422,4.8281660079956055,3.7526083361077185,3.697915554046631
PLX-4720,5,KG1,2.7192649841308594,3.6466237029794484,3.564566135406494
PLX-4720,5,KMH2,4.07349157333374,3.7340752182934245,3.6745972633361816
PLX-4720,5,LOUNH91,4.779232501983643,4.163179693486287,4.214494705200195
PLX-4720,5,NALM6,3.485867977142334,3.747175398591322,3.69107985496521
PLX-4720,5,NAMALWA,3.424791097640991,3.659706260481175,3.581026554107666
PLX-4720,5,NB4,3.3123960494995117,3.536409219785223,3.4258947372436523
PLX-4720,5,NCIH146,3.484513998031616,3.837713177144444,3.8049941062927246
PLX-4720,5,NCIH1568,4.3156328201293945,3.9615146466942432,3.9607605934143066
PLX-4720,5,NCIH1623,5.5293288230896,4.394883838560539,4.50602388381958
PLX-4720,5,NCIH1793,5.5336480140686035,4.2813316356699715,4.363152980804443
PLX-4720,5,NCIH1975,4.041454315185547,4.209210437085496,4.2724103927612305
PLX-4720,5,NCIH2066,5.790404796600342,4.147540883077574,4.194818019866943
PLX-4720,5,NCIH209,2.7464749813079834,4.652376766668395,4.830000400543213
PLX-4720,5,NCIH2228,3.9101614952087402,4.035194610023927,4.053464412689209
PLX-4720,5,NCIH23,4.546818733215332,3.805239101111696,3.7641353607177734
PLX-4720,5,NCIH358,2.861318588256836,3.649124434603873,3.5677125453948975
PLX-4720,5,NCIH69,4.381549835205078,4.137464812501143,4.182140350341797
PLX-4720,5,NCIH810,4.483374118804932,4.033390642071778,4.051194667816162
PLX-4720,5,NCIH82,2.8108348846435547,3.8730303976261475,3.8494300842285156
PLX-4720,5,NCIH929,3.8941490650177,3.667091728016369,3.5903189182281494
PLX-4720,5,OCIAML5,4.49058723449707,3.5476292561733276,3.440011739730835
PLX-4720,5,P12ICHIKAWA,3.412353038787842,3.6882233555499737,3.6169066429138184
PLX-4720,5,PL21,3.8492701053619385,3.914170341556766,3.9011921882629395
PLX-4720,5,SUDHL4,3.664966106414795,3.4190880124231997,3.2782816886901855
PLX-4720,5,SUDHL6,2.893712043762207,3.31821001084351,3.151357412338257
PLX-4720,5,SUDHL8,4.197164058685303,3.6404337431974176,3.5567779541015625
PLX-4720,5,SUPB15,4.241666793823242,3.504638350167436,3.385920763015747
PLX-4720,5,SUPM2,3.304877996444702,3.937819186556375,3.9309470653533936
REFAMETINIB,1,A3KAW,0.2787399888038635,3.0663479689267983,2.965437412261963
REFAMETINIB,1,ALLSIL,2.8458058834075928,2.1911412269158212,2.192605972290039
REFAMETINIB,1,BEN,4.1428422927856445,3.488710302578158,3.3383948802948
REFAMETINIB,1,BV173,0.25782299041748047,1.8404330719369897,1.8829210996627808
REFAMETINIB,1,CMLT1,1.6994229555130005,3.4086459862209453,3.267695903778076
REFAMETINIB,1,CORL95,4.4595160484313965,2.974876634674581,2.8846657276153564
REFAMETINIB,1,DAUDI,3.819899082183838,2.5555674765192617,2.514404296875
REFAMETINIB,1,DMS53,3.518580913543701,2.5170369309619174,2.4803807735443115
REFAMETINIB,1,EJM,3.6698389053344727,3.4493343827302136,3.3036248683929443
REFAMETINIB,1,HCC366,2.9862589836120605,1.6967530577056325,1.7560477256774902
REFAMETINIB,1,IALM,2.4024219512939453,1.688998618348869,1.7492003440856934
REFAMETINIB,1,JVM3,1.7835030555725098,2.5364451694661954,2.49751877784729
REFAMETINIB,1,LAMA84,-1.092918038368225,-0.1992901457556829,0.08178982883691788
REFAMETINIB,1,LP1,3.433098077774048,2.250354417445547,2.2448928356170654
REFAMETINIB,1,MM1S,1.3858959674835205,2.728988546697922,2.6675398349761963
REFAMETINIB,1,MOLP8,0.9765470027923584,2.005283893618341,2.028488874435425
REFAMETINIB,1,NAMALWA,3.3867340087890625,3.760429421657239,3.5783302783966064
REFAMETINIB,1,NCIH1092,4.225751876831055,3.666632295600733,3.495504856109619
REFAMETINIB,1,NCIH1155,2.999216079711914,3.4385340579144095,3.2940878868103027
REFAMETINIB,1,NCIH146,3.8160629272460938,2.7126982840185705,2.6531550884246826
REFAMETINIB,1,NCIH1623,1.4454129934310913,1.6766748108008036,1.7383180856704712
REFAMETINIB,1,NCIH1650,3.5855300426483154,1.9563766553952884,1.985302448272705
REFAMETINIB,1,NCIH1944,0.7276820540428162,2.179312736881683,2.1821610927581787
REFAMETINIB,1,NCIH2081,4.339649200439453,3.3361422482365772,3.2036731243133545
REFAMETINIB,1,NCIH2087,1.3364784717559814,1.7023366860446947,1.7609782218933105
REFAMETINIB,1,NCIH2122,0.20165300369262695,1.7571331941580581,1.8093650341033936
REFAMETINIB,1,NCIH2196,3.740525960922241,3.404255763938878,3.2638192176818848
REFAMETINIB,1,NCIH2228,1.7968080043792725,1.1089442793499058,1.2369965314865112
REFAMETINIB,1,NCIH2347,0.61477130651474,1.2438673391363497,1.3561372756958008
REFAMETINIB,1,NCIH446,3.882235050201416,4.032142060703431,3.8182599544525146
REFAMETINIB,1,NCIH69,3.507519006729126,2.6494339929279502,2.5972909927368164
REFAMETINIB,1,NUDUL1,2.673485040664673,2.9635689772838685,2.874680757522583
REFAMETINIB,1,OCIAML2,-4.434335231781006,-0.8362487670032741,-0.4806620180606842
REFAMETINIB,1,PF382,3.3131260871887207,3.292395276203861,3.165043354034424
REFAMETINIB,1,RERFLCMS,0.37159499526023865,1.0040608970263836,1.1443816423416138
REFAMETINIB,1,RPMI8226,1.1747089624404907,3.352777302665879,3.218362331390381
REFAMETINIB,1,SBC5,2.485546112060547,2.0640615719376747,2.0803911685943604
REFAMETINIB,1,SUDHL1,-1.8293590545654297,1.7421221979714763,1.796109914779663
REFAMETINIB,1,SUDHL10,2.782172918319702,3.7282044881033016,3.549874782562256
REFAMETINIB,1,SUPT1,3.4648380279541016,3.5069802153049947,3.354527711868286
REFAMETINIB,1,SW1573,2.6510300636291504,2.198194472713758,2.198834180831909
REFAMETINIB,2,ABC1,4.327076435089111,1.1853090035510017,1.3038513660430908
REFAMETINIB,2,BL41,3.0221939086914062,3.434377054642598,3.297553300857544
REFAMETINIB,2,CAL12T,1.352236032485962,1.3350350791419812,1.4365770816802979
REFAMETINIB,2,CORL105,1.718714952468872,1.374501659350036,1.4715625047683716
REFAMETINIB,2,DMS79,4.955769062042236,3.9821037271580484,3.7830893993377686
REFAMETINIB,2,DOHH2,3.3414053916931152,3.42877495432773,3.2925872802734375
REFAMETINIB,2,EM2,0.06830299645662308,1.8760099956799823,1.9161280393600464
REFAMETINIB,2,HCC15,-0.02788049913942814,1.615865202305272,1.685520887374878
REFAMETINIB,2,HCC78,2.2528605461120605,0.586334368994836,0.7728861570358276
REFAMETINIB,2,HCC827,3.048766613006592,1.393913075453784,1.4887698888778687
REFAMETINIB,2,HL60,-1.1635669469833374,-1.8043630834413147,-1.346364140510559
REFAMETINIB,2,JM1,3.564650058746338,3.0193141099397933,2.9296178817749023
REFAMETINIB,2,JURKAT,3.4381051063537598,2.7252386733093985,2.6689326763153076
REFAMETINIB,2,KCL22,0.7016100287437439,0.4818115867842183,0.6802312135696411
REFAMETINIB,2,KG1,2.029263973236084,0.7200807822372912,0.891446590423584
REFAMETINIB,2,KMH2,0.9224460124969482,1.4342249867526082,1.5245046615600586
REFAMETINIB,2,L363,2.674923896789551,2.9430428145587904,2.862006664276123
REFAMETINIB,2,LCLC103H,3.9052155017852783,2.4581482061346347,2.432168483734131
REFAMETINIB,2,LOUCY,2.735785961151123,1.3506193750560698,1.4503918886184692
REFAMETINIB,2,LXF289,1.1096999645233154,2.1337653772155605,2.1446170806884766
REFAMETINIB,2,NCIH1568,1.867805004119873,2.2468345293721788,2.2448480129241943
REFAMETINIB,2,NCIH1651,3.169208526611328,2.243912314195212,2.242257595062256
REFAMETINIB,2,NCIH1781,3.4278860092163086,2.094171445982536,2.1095187664031982
REFAMETINIB,2,NCIH1792,0.18413099646568298,1.5598596641701836,1.6358743906021118
REFAMETINIB,2,NCIH196,4.325761318206787,-0.0956347738838261,0.16834989190101624
REFAMETINIB,2,NCIH2029,3.9930338859558105,3.781721259915838,3.605458974838257
REFAMETINIB,2,NCIH2085,2.360511064529419,2.294785753950246,2.2873547077178955
REFAMETINIB,2,NCIH209,4.20845890045166,4.495622058565056,4.2383012771606445
REFAMETINIB,2,NCIH211,2.528630018234253,3.596928333244499,3.441648006439209
REFAMETINIB,2,NCIH2172,3.772308111190796,1.6929046381874635,1.7538130283355713
REFAMETINIB,2,NCIH2291,-0.8400350213050842,0.811606094633412,0.972579836845398
REFAMETINIB,2,NCIH460,1.0812300443649292,1.2088795669623076,1.3247456550598145
REFAMETINIB,2,NCIH522,3.9251060485839844,2.382425851496954,2.365043878555298
REFAMETINIB,2,NCIH596,2.2218990325927734,0.8944740924208079,1.0460387468338013
REFAMETINIB,2,NCIH650,2.2444651126861572,1.9134814546563081,1.9493448734283447
REFAMETINIB,2,NCIH727,0.1750664860010147,1.8329360329536515,1.877944827079773
REFAMETINIB,2,P31FUJ,0.67495197057724,-0.026383384368117713,0.2297382652759552
REFAMETINIB,2,RPMI8402,3.102200984954834,2.119978384837604,2.1323955059051514
REFAMETINIB,2,SKLU1,0.9142493605613708,1.865933396258662,1.9071955680847168
REFAMETINIB,2,SKMM2,4.270845890045166,2.4810073789207148,2.452432155609131
REFAMETINIB,2,SUDHL4,2.77236008644104,3.1068928853456494,3.0072526931762695
REFAMETINIB,3,697,2.0089669227600098,3.036106801703817,2.9451844692230225
REFAMETINIB,3,A4FUK,0.30861398577690125,2.2658044630278695,2.2668988704681396
REFAMETINIB,3,A549,-0.7372174859046936,0.9674708717334799,1.1236581802368164
REFAMETINIB,3,AMO1,1.0856289863586426,2.521879298459012,2.492384195327759
REFAMETINIB,3,CHAGOK1,3.96488094329834,3.24927063483542,3.1328847408294678
REFAMETINIB,3,CMK,2.59010910987854,0.7991493907039335,0.9754436016082764
REFAMETINIB,3,CORL279,3.1431260108947754,3.893613117415692,3.7002570629119873
REFAMETINIB,3,CORL311,5.064395904541016,4.213935591503867,3.9823153018951416
REFAMETINIB,3,DMS273,3.504228115081787,3.2844519057228916,3.16386342048645
REFAMETINIB,3,EHEB,3.645310401916504,1.7917508227087566,1.849473476409912
REFAMETINIB,3,GA10,2.864650011062622,2.9480634605310874,2.8676583766937256
REFAMETINIB,3,HCC44,-0.010404500178992748,2.1136309941772597,2.1329033374786377
REFAMETINIB,3,HEL,3.4521219730377197,0.5873749759813618,0.7889667749404907
REFAMETINIB,3,JEKO1,3.312056064605713,3.3557461416896848,3.2266411781311035
REFAMETINIB,3,KMS11,2.6232850551605225,1.8883870865413348,1.9345660209655762
REFAMETINIB,3,KMS12BM,2.8918368816375732,2.6026323559596833,2.563490867614746
REFAMETINIB,3,L1236,3.0552940368652344,3.0636206165829196,2.969411611557007
REFAMETINIB,3,LCLC97TM1,0.6638240218162537,0.5390778281684926,0.7464389801025391
REFAMETINIB,3,LOUNH91,2.1998839378356934,1.303295453759191,1.419366717338562
REFAMETINIB,3,ME1,1.6185489892959595,0.7448275037272032,0.9276107549667358
REFAMETINIB,3,MOLM13,0.5264700055122375,-1.3441409394066501,-0.9118192195892334
REFAMETINIB,3,MOLT16,2.417440891265869,2.813329812342214,2.7490193843841553
REFAMETINIB,3,NALM6,3.116507053375244,2.9461957399453915,2.866013765335083
REFAMETINIB,3,NCIH1341,2.311152935028076,2.791139461428806,2.7294797897338867
REFAMETINIB,3,NCIH1436,4.2580060958862305,4.496094885917927,4.230769157409668
REFAMETINIB,3,NCIH1963,4.117481231689453,4.396109829942134,4.142727851867676
REFAMETINIB,3,NCIH1975,1.2918949127197266,2.2811456025849774,2.280407428741455
REFAMETINIB,3,NCIH2030,2.0751705169677734,1.1254654662541204,1.2627794742584229
REFAMETINIB,3,NCIH2405,1.029034972190857,2.0079907900204246,2.0398824214935303
REFAMETINIB,3,NCIH647,1.8311740159988403,1.584407709103247,1.6668986082077026
REFAMETINIB,3,NCIH810,3.85396409034729,4.403395510649572,4.149143218994141
REFAMETINIB,3,NOMO1,-2.6669299602508545,0.04009233151479985,0.30705997347831726
REFAMETINIB,3,OCILY19,1.7965209484100342,1.5361415636109144,1.624398112297058
REFAMETINIB,3,OCIM1,1.332298994064331,-1.0493795401477035,-0.652268648147583
REFAMETINIB,3,PL21,-0.7987930178642273,2.6435340288207696,2.5995066165924072
REFAMETINIB,3,RAJI,4.031009197235107,2.7374897426680787,2.682238817214966
REFAMETINIB,3,RCHACV,2.9266469478607178,2.732053099925228,2.6774516105651855
REFAMETINIB,3,SHP77,3.7882239818573,3.543540058405151,3.3920021057128906
REFAMETINIB,3,SKM1,-2.956623077392578,-0.7140154238107497,-0.356965571641922
REFAMETINIB,3,ST486,3.1844539642333984,3.473363530553428,3.3302085399627686
REFAMETINIB,3,WSUDLCL2,3.7229859828948975,2.175187523106657,2.1871066093444824
REFAMETINIB,4,CA46,4.209004878997803,3.597837217438719,3.338559627532959
REFAMETINIB,4,CALU3,1.5286500453948975,1.176166343113928,1.2979991436004639
REFAMETINIB,4,CALU6,0.6490175127983093,1.1637682944387533,1.2875522375106812
REFAMETINIB,4,DMS114,2.8230419158935547,2.797972866485333,2.664573907852173
REFAMETINIB,4,DND41,1.377540946006775,2.0992503352005856,2.075812816619873
REFAMETINIB,4,EBC1,-0.7780960202217102,0.5802373370753022,0.7958544492721558
REFAMETINIB,4,GDM1,2.497941017150879,0.4600344813582392,0.6945685148239136
REFAMETINIB,4,HCC33,5.396549224853516,3.4918221943163794,3.2492287158966064
REFAMETINIB,4,HDLM2,3.9522769451141357,1.7227381422860475,1.758554220199585
REFAMETINIB,4,HH,3.5556039810180664,2.758450487595687,2.6312713623046875
REFAMETINIB,4,JURLMK1,-2.046921968460083,1.6780887561049274,1.7209315299987793
REFAMETINIB,4,K562,1.6582109928131104,2.4478138305858783,2.369521141052246
REFAMETINIB,4,KNS62,0.9643840193748474,0.8790051985632861,1.047603726387024
REFAMETINIB,4,L428,4.034764766693115,2.739194500773321,2.6150457859039307
REFAMETINIB,4,L540,3.442636013031006,0.6201255669819395,0.8294652700424194
REFAMETINIB,4,LU65,2.460066080093384,1.7659418086130958,1.7949587106704712
REFAMETINIB,4,MEG01,-0.3031269907951355,1.6449682041177778,1.6930233240127563
REFAMETINIB,4,MHHCALL2,2.0201644897460938,1.1654971031888033,1.2890089750289917
REFAMETINIB,4,NCIH1105,3.806654930114746,4.735252467155352,4.296974182128906
REFAMETINIB,4,NCIH1435,3.2891924381256104,2.3174172280868097,2.259645700454712
REFAMETINIB,4,NCIH1648,1.8254565000534058,1.7016827513317763,1.7408124208450317
REFAMETINIB,4,NCIH2009,0.5722770094871521,2.6288051105027366,2.522028923034668
REFAMETINIB,4,NCIH2023,2.379539966583252,1.568570136526369,1.6286484003067017
REFAMETINIB,4,NCIH2110,1.66280198097229,2.291694477928537,2.237971067428589
REFAMETINIB,4,NCIH2170,4.375984191894531,1.8446908863361196,1.8613146543502808
REFAMETINIB,4,NCIH2342,3.5333609580993652,1.5778222342870705,1.6364444494247437
REFAMETINIB,4,NCIH292,-0.34092050790786743,1.4743963215521827,1.54929518699646
REFAMETINIB,4,NCIH524,2.9841670989990234,3.6727786717002986,3.401707172393799
REFAMETINIB,4,NCIH526,3.935107946395874,4.642094857848237,4.218477249145508
REFAMETINIB,4,NCIH661,3.6976680755615234,3.9283780938153066,3.617081642150879
REFAMETINIB,4,NCIH82,3.829425096511841,3.3256086923696704,3.109173059463501
REFAMETINIB,4,NCIH838,2.233041524887085,3.0579927761784145,2.8836731910705566
REFAMETINIB,4,NCIH929,-0.482573002576828,1.8944529909638894,1.903245449066162
REFAMETINIB,4,OCIAML3,-2.6772170066833496,0.7220060208964061,0.9153122901916504
REFAMETINIB,4,P12ICHIKAWA,2.6757194995880127,3.145306672373454,2.9572460651397705
REFAMETINIB,4,REH,3.330821990966797,2.752064081327703,2.625890016555786
REFAMETINIB,4,RERFLCKJ,2.1812379360198975,1.4821998699845893,1.5558706521987915
REFAMETINIB,4,RS411,3.4412240982055664,1.813811136459612,1.8352946043014526
REFAMETINIB,4,SUPB15,1.8678745031356812,2.2893570492731907,2.236001491546631
REFAMETINIB,4,SUPM2,3.1186559200286865,1.8169604827431525,1.8379483222961426
REFAMETINIB,5,COLO668,2.2131896018981934,3.53665509699954,3.552462577819824
REFAMETINIB,5,CORL23,1.308251976966858,1.6738022722914807,1.6984721422195435
REFAMETINIB,5,CORL88,4.3934807777404785,3.7076275878855207,3.7226216793060303
REFAMETINIB,5,DB,4.098886013031006,2.4505619064220423,2.47153639793396
REFAMETINIB,5,EPLC272H,0.5135650038719177,2.417631509273301,2.438762664794922
REFAMETINIB,5,GRANTA519,4.434629440307617,3.004047612244914,3.0223889350891113
REFAMETINIB,5,HARA,1.601686954498291,2.322673010435144,2.3442559242248535
REFAMETINIB,5,HT,3.1424810886383057,3.2057544697065907,3.2231361865997314
REFAMETINIB,5,JVM2,2.7459540367126465,1.7730143676012196,1.7972122430801392
REFAMETINIB,5,KARPAS422,3.9810690879821777,2.977800411444685,2.9962666034698486
REFAMETINIB,5,KOPN8,1.0797920227050781,1.8007093387481483,1.8247754573822021
REFAMETINIB,5,KU812,-1.4026329517364502,1.5273019752753287,1.552668809890747
REFAMETINIB,5,MOLM16,1.790855050086975,1.7470393049848,1.7713607549667358
REFAMETINIB,5,MOLT13,0.1854570060968399,-0.12737703438352632,-0.09413818269968033
REFAMETINIB,5,MONOMAC6,2.0714709758758545,0.05406630850607956,0.08644195646047592
REFAMETINIB,5,NB4,-2.824605941772461,1.1826196810409586,1.209626317024231
REFAMETINIB,5,NCIH1048,3.6696999073028564,2.873030804052032,2.891995429992676
REFAMETINIB,5,NCIH1437,-0.35660800337791443,1.8651100254485207,1.8888697624206543
REFAMETINIB,5,NCIH1793,3.3615639209747314,2.181997213183117,2.204249382019043
REFAMETINIB,5,NCIH1836,4.458174228668213,3.539700840722208,3.5554938316345215
REFAMETINIB,5,NCIH1876,3.444648027420044,4.06463096234768,4.0779266357421875
REFAMETINIB,5,NCIH1915,0.021847499534487724,1.513976547040831,1.5394067764282227
REFAMETINIB,5,NCIH2066,4.263538837432861,2.754336393657372,2.7738656997680664
REFAMETINIB,5,NCIH2171,3.888317108154297,3.9266909204293694,3.940642833709717
REFAMETINIB,5,NCIH2227,1.835508942604065,3.6091344069152287,3.6245970726013184
REFAMETINIB,5,NCIH23,1.7935645580291748,1.5736869225609207,1.5988330841064453
REFAMETINIB,5,NCIH2444,4.36718225479126,1.5723122174836415,1.597464919090271
REFAMETINIB,5,NCIH358,1.5593459606170654,1.848074797993539,1.871915578842163
REFAMETINIB,5,NCIH441,3.621634006500244,1.3627685708705177,1.388918161392212
REFAMETINIB,5,NCIH841,3.1553308963775635,2.6810689370649823,2.700946807861328
REFAMETINIB,5,OCIAML5,-0.6943020224571228,0.21814741942906835,0.24974246323108673
REFAMETINIB,5,OPM2,2.048548936843872,1.6005022357756773,1.6255208253860474
REFAMETINIB,5,RL,3.2665319442749023,3.142862520930189,3.160543441772461
REFAMETINIB,5,SIGM5,2.6752889156341553,0.4929882845597032,0.5232757925987244
REFAMETINIB,5,SKMES1,0.527970016002655,1.3616584578918451,1.3878133296966553
REFAMETINIB,5,SUDHL5,2.1119120121002197,2.7083632470213996,2.7281112670898438
REFAMETINIB,5,SUDHL6,2.728851079940796,2.7164557646158185,2.7361652851104736
REFAMETINIB,5,SUDHL8,3.62648606300354,2.928448295545835,2.9471492767333984
REFAMETINIB,5,SW1271,0.7295529842376709,1.051767808710359,1.0793969631195068
REFAMETINIB,5,THP1,2.2897469997406006,0.3184322716012494,0.3495502173900604
RO-3306,1,A4FUK,1.4207874536514282,2.7980062234377856,2.614208459854126
RO-3306,1,ALLSIL,2.487236976623535,3.0252566500959976,2.9456257820129395
RO-3306,1,BL41,2.0863735675811768,2.9109856016365105,2.778975248336792
RO-3306,1,CMLT1,3.2261478900909424,2.6849913696731087,2.449389934539795
RO-3306,1,CORL279,2.620668888092041,3.1922046634653145,3.1890993118286133
RO-3306,1,DAUDI,2.9630625247955322,2.9762052226336966,2.8740901947021484
RO-3306,1,DMS53,5.170895576477051,3.370225467422113,3.448721170425415
RO-3306,1,DMS79,3.990570068359375,3.5290325740739035,3.6803221702575684
RO-3306,1,DND41,3.5284008979797363,2.7138444485228996,2.491468667984009
RO-3306,1,EM2,3.196911096572876,2.7523682974366563,2.5476510524749756
RO-3306,1,HCC366,3.679231882095337,3.4487283173811343,3.5632081031799316
RO-3306,1,HCC78,4.1245341300964355,3.7786769108687412,4.044398307800293
RO-3306,1,HDLM2,2.99025559425354,3.1141306264532598,3.07523775100708
RO-3306,1,JEKO1,1.965811014175415,2.645407831273178,2.391662120819092
RO-3306,1,KG1,2.9593124389648438,2.772684516477974,2.577279806137085
RO-3306,1,L540,2.401411533355713,2.6824397446345087,2.4456686973571777
RO-3306,1,NCIH1048,3.1211349964141846,3.570512338692614,3.7408154010772705
RO-3306,1,NCIH1105,3.627572536468506,3.2616144882915856,3.290325164794922
RO-3306,1,NCIH146,2.6054494380950928,2.8789820636555783,2.732301950454712
RO-3306,1,NCIH1568,5.570999622344971,3.753183220980905,4.007218837738037
RO-3306,1,NCIH1651,4.019944667816162,3.350167386254703,3.419468879699707
RO-3306,1,NCIH1792,2.0358951091766357,3.5706069946957757,3.7409534454345703
RO-3306,1,NCIH1793,5.637918949127197,3.545516287619328,3.7043616771698
RO-3306,1,NCIH1836,4.589284896850586,3.3906137819684297,3.478455066680908
RO-3306,1,NCIH1876,2.9294514656066895,3.1718205994476376,3.1593716144561768
RO-3306,1,NCIH1963,2.1955859661102295,2.9295774139052018,2.806089162826538
RO-3306,1,NCIH209,2.427877902984619,3.397105647055744,3.4879226684570312
RO-3306,1,NCIH2110,2.255431890487671,3.3404449559195815,3.405289888381958
RO-3306,1,NCIH2170,2.3731460571289062,3.3621911508843123,3.4370040893554688
RO-3306,1,NCIH2227,3.8970694541931152,3.224772050418449,3.2365949153900146
RO-3306,1,NCIH2405,4.74677848815918,3.332614010828989,3.393869400024414
RO-3306,1,NCIH292,1.679026484489441,3.6911518234270027,3.9167535305023193
RO-3306,1,NCIH526,3.7055768966674805,2.9208273737372763,2.793328285217285
RO-3306,1,NCIH841,3.4734835624694824,3.469256245445068,3.5931456089019775
RO-3306,1,NCIH929,2.4366939067840576,2.8847946615699436,2.740778923034668
RO-3306,1,NUDUL1,2.152381420135498,2.7506326104149483,2.5451197624206543
RO-3306,1,PL21,3.3131654262542725,3.546613904899515,3.7059624195098877
RO-3306,1,RS411,2.337733030319214,3.598806473026325,3.782078981399536
RO-3306,1,SUDHL10,1.7889809608459473,3.0092156454565524,2.922231912612915
RO-3306,1,SW1573,5.110902309417725,3.6809861937402895,3.901928186416626
RO-3306,1,THP1,3.289308547973633,2.8328876962713263,2.66507887840271
RO-3306,2,A3KAW,2.008714437484741,2.9526182724538237,2.9455113410949707
RO-3306,2,EBC1,4.490530490875244,3.718526855445581,3.7944798469543457
RO-3306,2,GDM1,2.7163898944854736,3.033187440307985,3.034817934036255
RO-3306,2,GRANTA519,3.580641984939575,2.8111776860954336,2.7887320518493652
RO-3306,2,HCC15,2.8263099193573,3.9299116809128156,4.0287885665893555
RO-3306,2,HEL,2.45772647857666,2.8246904479750423,2.8037102222442627
RO-3306,2,HH,4.495927810668945,2.5811391707177007,2.5337467193603516
RO-3306,2,JM1,2.377016544342041,2.9250264099010272,2.9149272441864014
RO-3306,2,K562,3.6445610523223877,2.7783121833827553,2.752302408218384
RO-3306,2,KARPAS422,3.527085065841675,2.8267953440760536,2.8060433864593506
RO-3306,2,KMS11,2.629117488861084,2.9200379825175546,2.909397840499878
RO-3306,2,KMS12BM,0.7086679935455322,2.7424532370733288,2.712554693222046
RO-3306,2,KNS62,4.4022064208984375,3.1752554517559575,3.1922926902770996
RO-3306,2,L1236,2.247910976409912,3.029037013661233,3.030217409133911
RO-3306,2,L428,3.0294604301452637,3.0247981839593487,3.0255188941955566
RO-3306,2,LCLC97TM1,3.1096885204315186,3.988811345630209,4.094075679779053
RO-3306,2,LXF289,1.8377264738082886,3.9174246956023593,4.014947414398193
RO-3306,2,ME1,4.14756441116333,3.076305116304806,3.082611560821533
RO-3306,2,MM1S,3.023232936859131,2.5024346405397777,2.446506977081299
RO-3306,2,MOLM16,1.0291165113449097,2.9666797355345036,2.9610977172851562
RO-3306,2,NCIH1092,4.938694953918457,3.361764388824031,3.3990278244018555
RO-3306,2,NCIH1648,3.887342929840088,3.1745017673151295,3.1914572715759277
RO-3306,2,NCIH196,3.9214789867401123,3.3879217988837103,3.4280219078063965
RO-3306,2,NCIH2029,3.378268003463745,3.8057634634529363,3.89117693901062
RO-3306,2,NCIH2030,3.184828519821167,3.6302726443875524,3.696654796600342
RO-3306,2,NCIH2066,4.129822731018066,3.3885931028619707,3.4287660121917725
RO-3306,2,NCIH2081,2.890902042388916,3.400231547898721,3.441666603088379
RO-3306,2,NCIH2087,3.6655430793762207,3.992640854130353,4.098320484161377
RO-3306,2,NCIH211,2.1254994869232178,2.6942419534157627,2.6591150760650635
RO-3306,2,NCIH2122,2.755033493041992,3.4492130781266654,3.495959997177124
RO-3306,2,NCIH2172,4.709203720092773,3.673671661494134,3.744760274887085
RO-3306,2,NCIH460,2.465272903442383,3.405776204723969,3.447812557220459
RO-3306,2,NCIH650,4.3030900955200195,3.571600762724622,3.631620168685913
RO-3306,2,OCIAML5,3.325511932373047,2.4523886170762004,2.39103364944458
RO-3306,2,PF382,2.754986047744751,2.693147347217311,2.6579017639160156
RO-3306,2,RCHACV,2.187056541442871,2.716629005437977,2.683929920196533
RO-3306,2,RL,3.1984379291534424,2.9615446150035867,2.9554057121276855
RO-3306,2,SUDHL4,2.5898194313049316,2.3633762046329205,2.292368173599243
RO-3306,2,SUDHL5,1.8594319820404053,2.7336200296157114,2.702763557434082
RO-3306,2,SUPT1,3.145730495452881,2.688320239277509,2.6525511741638184
RO-3306,2,WSUDLCL2,2.9229040145874023,2.7326381319352375,2.7016751766204834
RO-3306,3,697,1.4546455144882202,2.8474200141884602,2.762615919113159
RO-3306,3,ABC1,2.7620644569396973,3.299563174950409,3.3832662105560303
RO-3306,3,BEN,3.0331344604492188,3.4093949478918777,3.5340306758880615
RO-3306,3,COLO668,4.751730442047119,3.249120094475052,3.314023733139038
RO-3306,3,CORL105,4.8934431076049805,3.5132259840232236,3.676558017730713
RO-3306,3,CORL23,3.171088933944702,3.1573709493752538,3.1880810260772705
RO-3306,3,DB,1.8128060102462769,2.633025458779108,2.4683196544647217
RO-3306,3,DMS114,4.349557399749756,3.2121042900592087,3.2632126808166504
RO-3306,3,EJM,4.017889022827148,2.917559455050652,2.8588953018188477
RO-3306,3,EPLC272H,2.6048905849456787,3.1753867074472675,3.21281099319458
RO-3306,3,HCC827,4.942661762237549,3.3234318615884453,3.4160304069519043
RO-3306,3,HL60,4.16140604019165,2.828402251697865,2.7365105152130127
RO-3306,3,HT,3.518320083618164,2.8070086149757234,2.707143783569336
RO-3306,3,JVM2,3.3386614322662354,2.836230356940628,2.74725604057312
RO-3306,3,KOPN8,2.2607483863830566,2.606642295114236,2.4321038722991943
RO-3306,3,KU812,3.275526523590088,2.9096085525945177,2.8479812145233154
RO-3306,3,L363,2.731890916824341,2.6138722198720634,2.442028284072876
RO-3306,3,LAMA84,2.591303586959839,3.2246674697445776,3.2804579734802246
RO-3306,3,LCLC103H,3.8982720375061035,3.9095337555597185,4.220563888549805
RO-3306,3,LU65,4.94478702545166,2.8954193085363342,2.8285038471221924
RO-3306,3,NCIH1155,2.6681575775146484,3.365203235597074,3.4733693599700928
RO-3306,3,NCIH1341,3.919182538986206,3.3768262436898295,3.4893240928649902
RO-3306,3,NCIH1623,3.9401888847351074,3.9664199554512187,4.298650741577148
RO-3306,3,NCIH23,2.3260135650634766,3.3611743753971375,3.467839002609253
RO-3306,3,NCIH441,5.724937915802002,3.8240870428282125,4.103272438049316
RO-3306,3,NCIH727,4.45358419418335,3.3522007996845264,3.4555211067199707
RO-3306,3,NCIH838,2.7433040142059326,3.1617576062647865,3.1941025257110596
RO-3306,3,NOMO1,2.9260430335998535,2.9619693191134813,2.919856071472168
RO-3306,3,OCIAML2,2.3283214569091797,2.694866795446086,2.553208351135254
RO-3306,3,P12ICHIKAWA,2.037463903427124,2.7193388732004604,2.5868008136749268
RO-3306,3,REH,2.9939730167388916,2.548529859966159,2.3523337841033936
RO-3306,3,RERFLCMS,3.191633462905884,3.3202592818155514,3.411675453186035
RO-3306,3,RPMI8402,1.8880984783172607,2.7345775384229833,2.6077187061309814
RO-3306,3,SBC5,3.3471295833587646,3.5740246733466847,3.7600154876708984
RO-3306,3,SHP77,3.039644956588745,3.0693845748984696,3.067303419113159
RO-3306,3,SIGM5,0.41090500354766846,2.5386562345227297,2.338780403137207
RO-3306,3,SKM1,2.635631561279297,3.239746863333916,3.301157236099243
RO-3306,3,SUDHL1,1.0625790357589722,2.6602463182856892,2.505685329437256
RO-3306,3,SUDHL8,2.94537091255188,2.6491365573860195,2.4904351234436035
RO-3306,3,SUPB15,3.3532514572143555,3.0411299261217546,3.0285186767578125
RO-3306,3,SW1271,3.56774640083313,3.6624904259124422,3.88145112991333
RO-3306,4,A549,2.187314987182617,3.65897203525812,3.7720084190368652
RO-3306,4,CA46,3.958972930908203,2.41339580415461,2.2192258834838867
RO-3306,4,CAL12T,2.7763969898223877,4.116684688386039,4.3426103591918945
RO-3306,4,CALU3,4.5482306480407715,3.8246918164482615,3.9786009788513184
RO-3306,4,CMK,3.3777570724487305,2.9161208837704624,2.8459420204162598
RO-3306,4,CORL88,3.4722089767456055,3.555837810315727,3.643437385559082
RO-3306,4,DMS273,3.034921407699585,2.6396949368259364,2.5013389587402344
RO-3306,4,GA10,2.0406880378723145,2.769507095181319,2.663167715072632
RO-3306,4,HCC44,3.3661060333251953,3.053855734085775,3.0176475048065186
RO-3306,4,JVM3,2.545790910720825,2.9571788492518905,2.8971264362335205
RO-3306,4,KCL22,2.884141445159912,2.8367348447845298,2.746976375579834
RO-3306,4,KMH2,1.580106496810913,2.258446607696457,2.0260603427886963
RO-3306,4,LOUCY,2.824228048324585,3.1332840391587817,3.116665840148926
RO-3306,4,LOUNH91,3.7994420528411865,3.798539244760129,3.945998191833496
RO-3306,4,MHHCALL2,2.6570069789886475,2.754542031618036,2.6445116996765137
RO-3306,4,MOLM13,1.6085220575332642,2.4723694268254928,2.2927446365356445
RO-3306,4,MONOMAC6,3.1839613914489746,2.6902011896364915,2.5643019676208496
RO-3306,4,NCIH1435,4.77541446685791,3.51576018855531,3.593475103378296
RO-3306,4,NCIH1436,3.473287582397461,2.975018962982547,2.9193665981292725
RO-3306,4,NCIH1650,4.6160736083984375,3.8473035992852824,4.006789684295654
RO-3306,4,NCIH1915,2.6202805042266846,3.2546902186671893,3.2680153846740723
RO-3306,4,NCIH1944,1.8094024658203125,3.377484294075592,3.421095132827759
RO-3306,4,NCIH1975,3.2177274227142334,3.510045086835651,3.586350440979004
RO-3306,4,NCIH2085,2.8577170372009277,3.301419872285625,3.326270341873169
RO-3306,4,NCIH2171,1.1465389728546143,3.4321073785167524,3.4891903400421143
RO-3306,4,NCIH2291,5.948805809020996,3.872880510692447,4.038674831390381
RO-3306,4,NCIH2342,4.332651138305664,3.8417912217841708,3.99991774559021
RO-3306,4,NCIH2444,4.399465084075928,3.5485232910114375,3.6343188285827637
RO-3306,4,NCIH446,2.15427303314209,2.961715473014298,2.9027819633483887
RO-3306,4,NCIH522,3.8981685638427734,3.507142305525174,3.5827317237854004
RO-3306,4,NCIH647,2.8421125411987305,3.498291289643709,3.57169771194458
RO-3306,4,NCIH661,4.375671863555908,3.298864399636357,3.323084592819214
RO-3306,4,NCIH810,2.9849555492401123,2.8954093536084247,2.820122241973877
RO-3306,4,NCIH82,2.48410701751709,2.5847471111365756,2.4328389167785645
RO-3306,4,OCIAML3,2.6682515144348145,3.273654878062993,3.2916574478149414
RO-3306,4,OPM2,2.9817779064178467,2.9271167601340062,2.859649896621704
RO-3306,4,RAJI,3.4453744888305664,2.5635201642113454,2.406376600265503
RO-3306,4,RPMI8226,2.5676424503326416,2.577096949376107,2.423301935195923
RO-3306,4,SKMM2,4.697336196899414,3.034530952328156,2.993556499481201
RO-3306,4,SUDHL6,1.1888405084609985,2.3846722686269235,2.183418035507202
RO-3306,5,AMO1,2.9064745903015137,2.812573366454009,2.77359676361084
RO-3306,5,BV173,1.9206949472427368,2.68249338541966,2.6266722679138184
RO-3306,5,CALU6,3.3886139392852783,3.1927114384660285,3.202960252761841
RO-3306,5,CHAGOK1,3.0909149646759033,3.5303704427951508,3.584343910217285
RO-3306,5,CORL311,2.5387730598449707,2.85776212591022,2.8246371746063232
RO-3306,5,CORL95,4.01941442489624,3.82833986115707,3.9208984375
RO-3306,5,DOHH2,2.1679155826568604,2.9564793824772253,2.9361376762390137
RO-3306,5,EHEB,4.176015853881836,3.081560882465217,3.07741641998291
RO-3306,5,HARA,3.0445353984832764,3.5378962386036714,3.592844247817993
RO-3306,5,HCC33,2.712831974029541,2.721564282706675,2.670802593231201
RO-3306,5,IALM,4.311519622802734,3.944989801731392,4.052653789520264
RO-3306,5,JURKAT,2.885782480239868,3.068342770846852,3.0624866485595703
RO-3306,5,JURLMK1,2.89528489112854,2.800380281185353,2.759824752807617
RO-3306,5,LP1,3.7071990966796875,2.6207414582157926,2.5569238662719727
RO-3306,5,MEG01,2.975287437438965,3.1061387177318402,3.1051769256591797
RO-3306,5,MOLP8,2.9567575454711914,2.723159026131727,2.6726038455963135
RO-3306,5,MOLT13,2.475966453552246,2.871598081870759,2.8402647972106934
RO-3306,5,MOLT16,1.703914999961853,2.634606543837835,2.572584390640259
RO-3306,5,NALM6,2.4104886054992676,2.9938993878612186,2.978403329849243
RO-3306,5,NAMALWA,2.718851089477539,2.980064698407701,2.9627771377563477
RO-3306,5,NB4,1.678926944732666,2.520458587885239,2.443655014038086
RO-3306,5,NCIH1437,2.557006597518921,2.931473045668199,2.907893180847168
RO-3306,5,NCIH1781,4.697554111480713,3.2259340284950038,3.2404849529266357
RO-3306,5,NCIH2009,3.9872748851776123,4.436486559064818,4.6077961921691895
RO-3306,5,NCIH2023,3.0442795753479004,4.072558299341351,4.196741580963135
RO-3306,5,NCIH2196,4.155299186706543,4.034571109896058,4.153835296630859
RO-3306,5,NCIH2228,3.5793769359588623,3.632072645328226,3.699215888977051
RO-3306,5,NCIH2347,5.831075668334961,3.582887422964469,3.6436614990234375
RO-3306,5,NCIH358,3.4691100120544434,3.6956141469540116,3.7709856033325195
RO-3306,5,NCIH524,2.147704601287842,2.7414165691901564,2.693225622177124
RO-3306,5,NCIH596,5.490478515625,3.6651485316271675,3.73657488822937
RO-3306,5,NCIH69,3.3576464653015137,3.013795791005962,3.0008761882781982
RO-3306,5,OCILY19,2.0261640548706055,3.0540179431758667,3.046306848526001
RO-3306,5,OCIM1,2.7985599040985107,2.6766655533584744,2.6200897693634033
RO-3306,5,P31FUJ,2.107896089553833,2.94519332732074,2.9233901500701904
RO-3306,5,RERFLCKJ,4.047891616821289,3.3987265366732826,3.4356529712677
RO-3306,5,SKLU1,3.7246859073638916,3.7234089100562127,3.802379608154297
RO-3306,5,SKMES1,3.6172945499420166,3.978572501923589,4.090585231781006
RO-3306,5,ST486,2.5029654502868652,2.5900888220187173,2.5223019123077393
RO-3306,5,SUPM2,1.6817175149917603,2.6054834259541844,2.5396900177001953
RUCAPARIB,1,AMO1,2.4411120414733887,3.3894182866981515,3.367548704147339
RUCAPARIB,1,BV173,1.031470537185669,2.90831308150048,2.672344446182251
RUCAPARIB,1,CAL12T,3.829200506210327,3.9123007569037473,4.123121738433838
RUCAPARIB,1,CALU6,4.090450763702393,3.600259953723946,3.672218084335327
RUCAPARIB,1,COLO668,4.353455066680908,3.4452508818702907,3.448227643966675
RUCAPARIB,1,DND41,2.813572406768799,2.887664762523044,2.642507314682007
RUCAPARIB,1,EPLC272H,4.294301509857178,3.7817160530272376,3.934424877166748
RUCAPARIB,1,HARA,3.307792901992798,3.636616676138693,3.7247540950775146
RUCAPARIB,1,HCC33,4.591487884521484,3.227311509877727,3.1333019733428955
RUCAPARIB,1,HCC44,3.8997108936309814,3.64577630911164,3.737989902496338
RUCAPARIB,1,HDLM2,3.13203501701355,3.6474018284136207,3.7403388023376465
RUCAPARIB,1,IALM,4.617057800292969,4.008476325641249,4.262096881866455
RUCAPARIB,1,JM1,3.041212558746338,3.2001970823492725,3.094121217727661
RUCAPARIB,1,JURKAT,3.6913299560546875,3.0666020658799247,2.9010744094848633
RUCAPARIB,1,KG1,3.2061049938201904,3.076143824584031,2.9148623943328857
RUCAPARIB,1,ME1,3.7637739181518555,2.974029632598844,2.767305850982666
RUCAPARIB,1,MOLT16,1.7673285007476807,3.0725202298915724,2.9096262454986572
RUCAPARIB,1,NALM6,2.823162078857422,2.809219101738472,2.5291521549224854
RUCAPARIB,1,NCIH1048,1.1009360551834106,3.7385650493156697,3.8720710277557373
RUCAPARIB,1,NCIH1092,5.193252086639404,3.388200632166217,3.3657891750335693
RUCAPARIB,1,NCIH1436,3.8435354232788086,3.3015669871266606,3.2406022548675537
RUCAPARIB,1,NCIH1437,2.7402114868164062,3.937070291992113,4.158914089202881
RUCAPARIB,1,NCIH1648,3.574333906173706,4.15159693141848,4.468908309936523
RUCAPARIB,1,NCIH1781,3.758713483810425,3.8647353430293196,4.054388999938965
RUCAPARIB,1,NCIH1963,3.706003427505493,3.387157211128283,3.364281415939331
RUCAPARIB,1,NCIH2009,4.59197998046875,4.000179775440193,4.250108242034912
RUCAPARIB,1,NCIH2023,4.553779602050781,3.9721450122777098,4.209597587585449
RUCAPARIB,1,NCIH2085,4.063255786895752,3.8260657369792526,3.9985108375549316
RUCAPARIB,1,NCIH209,0.3066929876804352,3.333670993340783,3.2869930267333984
RUCAPARIB,1,NCIH2122,3.3830490112304688,4.03619628055889,4.302152633666992
RUCAPARIB,1,NCIH23,3.292923927307129,3.7409396406467814,3.875502347946167
RUCAPARIB,1,NCIH460,1.426164984703064,3.7198275239878726,3.8449950218200684
RUCAPARIB,1,NCIH810,3.1921305656433105,3.5382897527342685,3.582670211791992
RUCAPARIB,1,NCIH841,3.9736239910125732,3.7465995893003696,3.883681058883667
RUCAPARIB,1,OCIAML3,2.9424469470977783,3.3265190054009777,3.276658296585083
RUCAPARIB,1,OPM2,3.446743965148926,3.092219999288508,2.9380927085876465
RUCAPARIB,1,P31FUJ,3.07027006149292,2.8511158222858435,2.589693546295166
RUCAPARIB,1,REH,3.059598922729492,2.7468185968166416,2.4389824867248535
RUCAPARIB,1,SUDHL5,1.843785047531128,3.454757661880526,3.4619650840759277
RUCAPARIB,1,SW1271,4.920483589172363,4.010476710945473,4.264987468719482
RUCAPARIB,1,WSUDLCL2,3.4102084636688232,3.047753994679987,2.8738386631011963
RUCAPARIB,2,A3KAW,1.5778340101242065,3.6262070297911966,3.7538421154022217
RUCAPARIB,2,CORL23,4.016202926635742,3.479140234998752,3.5328121185302734
RUCAPARIB,2,CORL95,3.7649810314178467,3.5322513064705294,3.6126339435577393
RUCAPARIB,2,DAUDI,3.8833653926849365,3.3099483878964944,3.2785298824310303
RUCAPARIB,2,EHEB,4.043865203857422,3.276119600129155,3.2276878356933594
RUCAPARIB,2,GDM1,2.546658992767334,3.43719242394887,3.4697678089141846
RUCAPARIB,2,HCC827,3.382854461669922,3.620731210219746,3.745612382888794
RUCAPARIB,2,HH,4.173107624053955,2.789108761132056,2.495748281478882
RUCAPARIB,2,JVM2,3.0033140182495117,3.361536864888673,3.3560633659362793
RUCAPARIB,2,KCL22,2.140127420425415,3.1440287387865973,3.029165506362915
RUCAPARIB,2,KMS12BM,3.5158374309539795,3.3551736319478884,3.3464999198913574
RUCAPARIB,2,KOPN8,2.021752119064331,3.07764914003121,2.9294021129608154
RUCAPARIB,2,LAMA84,3.3341164588928223,3.5215802955454256,3.5965962409973145
RUCAPARIB,2,LCLC97TM1,3.2169299125671387,3.8121655007461026,4.033323287963867
RUCAPARIB,2,LOUCY,2.168018102645874,2.9360673657353895,2.716615676879883
RUCAPARIB,2,MEG01,3.7161519527435303,3.1670987895664013,3.063838005065918
RUCAPARIB,2,MHHCALL2,2.845999002456665,2.95906127092755,2.751173734664917
RUCAPARIB,2,MOLP8,3.3832895755767822,3.232821949901641,3.1626148223876953
RUCAPARIB,2,NCIH1155,2.653496026992798,3.739076841172714,3.9234766960144043
RUCAPARIB,2,NCIH1341,4.197658061981201,3.781498341232399,3.9872329235076904
RUCAPARIB,2,NCIH1568,4.639191150665283,3.7912641714843844,4.001910209655762
RUCAPARIB,2,NCIH1623,4.146475791931152,3.574825414978784,3.676619529724121
RUCAPARIB,2,NCIH1793,5.3482441902160645,3.6587296034571595,3.8027210235595703
RUCAPARIB,2,NCIH1944,4.0648512840271,3.6207554816258076,3.7456488609313965
RUCAPARIB,2,NCIH2170,3.2059125900268555,3.6585747740956167,3.802488327026367
RUCAPARIB,2,NCIH2171,3.1550180912017822,3.2398781076899863,3.173219680786133
RUCAPARIB,2,NCIH2172,4.474917411804199,3.906630764957421,4.175297260284424
RUCAPARIB,2,NCIH2196,4.603600025177002,3.5727617109169905,3.673517942428589
RUCAPARIB,2,NCIH446,3.4514288902282715,3.245997992023592,3.182417392730713
RUCAPARIB,2,NCIH522,3.6602859497070312,3.6171001761456134,3.7401552200317383
RUCAPARIB,2,NCIH526,3.2426369190216064,3.0620757809915995,2.905996561050415
RUCAPARIB,2,NCIH647,2.9322619438171387,3.346735114470522,3.333817481994629
RUCAPARIB,2,NCIH650,4.29231595993042,3.9646790846047075,4.262539386749268
RUCAPARIB,2,NCIH727,4.083561897277832,3.270327300459059,3.218982458114624
RUCAPARIB,2,RCHACV,2.883450984954834,3.3300435257490317,3.3087313175201416
RUCAPARIB,2,RPMI8226,3.267784595489502,3.4536723913913665,3.4945359230041504
RUCAPARIB,2,RS411,2.7444989681243896,3.9873536542386856,4.29661750793457
RUCAPARIB,2,SUDHL1,6.531480312347412,3.2952546690308138,3.256446361541748
RUCAPARIB,2,SUDHL6,2.7953579425811768,2.7655788227302103,2.4603846073150635
RUCAPARIB,2,SW1573,4.146791458129883,3.5731259406445544,3.674065351486206
RUCAPARIB,2,THP1,4.115508079528809,3.221766086485653,3.14599871635437
RUCAPARIB,3,697,0.43546199798583984,3.175680690779574,3.03041934967041
RUCAPARIB,3,A4FUK,4.088334083557129,3.33983236244439,3.2588515281677246
RUCAPARIB,3,ABC1,5.083209991455078,3.5588332947087977,3.5636115074157715
RUCAPARIB,3,CORL105,3.946063995361328,4.004683348258567,4.18405294418335
RUCAPARIB,3,CORL279,2.5180130004882812,3.4245935919790864,3.3768045902252197
RUCAPARIB,3,DMS273,4.76182222366333,3.572011152435301,3.5819497108459473
RUCAPARIB,3,EBC1,3.633402109146118,3.8281030358291024,3.9383251667022705
RUCAPARIB,3,EJM,3.882201910018921,3.4448935510328913,3.4050538539886475
RUCAPARIB,3,EM2,3.7163400650024414,3.3660815119357514,3.295379638671875
RUCAPARIB,3,GRANTA519,3.70888352394104,3.39515106152454,3.3358325958251953
RUCAPARIB,3,HCC78,4.123249053955078,3.779039518838435,3.870048761367798
RUCAPARIB,3,JEKO1,3.666586399078369,3.126185770104948,2.9615426063537598
RUCAPARIB,3,JURLMK1,3.285862445831299,3.4519243345827704,3.4148378372192383
RUCAPARIB,3,JVM3,2.749314546585083,3.5351708540420597,3.5306830406188965
RUCAPARIB,3,KU812,3.1344845294952393,3.516971375196884,3.505356788635254
RUCAPARIB,3,L1236,3.830709457397461,3.563841894906112,3.5705814361572266
RUCAPARIB,3,L428,3.3453783988952637,3.449496446733139,3.41145920753479
RUCAPARIB,3,LCLC103H,3.053436517715454,4.028813171470912,4.217631816864014
RUCAPARIB,3,LXF289,3.3932509422302246,4.1758416462375845,4.422235488891602
RUCAPARIB,3,MM1S,3.185889959335327,3.5375031409164537,3.533928632736206
RUCAPARIB,3,NAMALWA,3.1981871128082275,3.2042259769557684,3.0701427459716797
RUCAPARIB,3,NCIH1105,4.263073921203613,3.672961499088578,3.7224314212799072
RUCAPARIB,3,NCIH1876,2.0504369735717773,3.749444335213751,3.828864336013794
RUCAPARIB,3,NCIH2029,4.055751323699951,3.879982669719382,4.0105204582214355
RUCAPARIB,3,NCIH2030,3.2384469509124756,3.739027426798998,3.81436824798584
RUCAPARIB,3,NCIH2110,3.825608015060425,3.8466122755402816,3.9640824794769287
RUCAPARIB,3,NCIH2347,4.639523029327393,3.8097683792608756,3.912810802459717
RUCAPARIB,3,NCIH441,5.272456645965576,3.8537246111765646,3.973979949951172
RUCAPARIB,3,NCIH596,4.818331718444824,3.9741801266970374,4.141604900360107
RUCAPARIB,3,NUDUL1,2.5550544261932373,3.3651188203947817,3.2940399646759033
RUCAPARIB,3,PF382,3.300306558609009,2.9965486204196585,2.7811405658721924
RUCAPARIB,3,PL21,4.312209606170654,3.6638254381485162,3.7097177505493164
RUCAPARIB,3,RAJI,3.8239634037017822,3.4343462620766405,3.390376329421997
RUCAPARIB,3,RPMI8402,2.878077507019043,2.895964572843547,2.6411685943603516
RUCAPARIB,3,SHP77,2.4607019424438477,3.5827861361874143,3.5969440937042236
RUCAPARIB,3,SIGM5,2.4474120140075684,3.200016450142879,3.0642848014831543
RUCAPARIB,3,SKMES1,3.2485411167144775,3.7204165896356396,3.7884695529937744
RUCAPARIB,3,SKMM2,4.413690090179443,3.0693484204074,2.882448196411133
RUCAPARIB,3,ST486,3.32623291015625,2.8901479902103526,2.6330742835998535
RUCAPARIB,3,SUDHL10,2.665085554122925,3.3186154564022825,3.2293262481689453
RUCAPARIB,3,SUDHL4,3.2316720485687256,3.323230859040151,3.2357490062713623
RUCAPARIB,4,ALLSIL,2.8837389945983887,2.9333577586965047,2.7324986457824707
RUCAPARIB,4,BL41,2.6653659343719482,3.3398426932540786,3.271522283554077
RUCAPARIB,4,CA46,3.543131113052368,3.375258641301963,3.318485975265503
RUCAPARIB,4,CALU3,4.008077144622803,3.9267698873951282,4.04982328414917
RUCAPARIB,4,DB,2.0890755653381348,3.290021239116781,3.205456018447876
RUCAPARIB,4,DMS114,4.1083574295043945,3.26271888375626,3.1692514419555664
RUCAPARIB,4,DMS53,3.1119039058685303,3.788657758508179,3.866678237915039
RUCAPARIB,4,DMS79,2.889967441558838,3.655531874352735,3.690145254135132
RUCAPARIB,4,DOHH2,1.9725470542907715,3.4004929987213393,3.3519482612609863
RUCAPARIB,4,HCC15,5.0044097900390625,3.8327838578566005,3.92519211769104
RUCAPARIB,4,HL60,3.878567934036255,3.1733471038405408,3.050739049911499
RUCAPARIB,4,HT,4.0331268310546875,3.7929746277975975,3.8724026679992676
RUCAPARIB,4,KMH2,3.0323851108551025,3.2769226602603867,3.18808650970459
RUCAPARIB,4,L363,2.6675024032592773,3.510021196058889,3.4971892833709717
RUCAPARIB,4,LU65,4.502274513244629,3.6277314878413733,3.653280258178711
RUCAPARIB,4,MOLT13,2.852344512939453,2.8491424890357018,2.620824098587036
RUCAPARIB,4,NB4,2.7546334266662598,3.0998082196555803,2.9532220363616943
RUCAPARIB,4,NCIH1435,4.096097946166992,4.252548784061615,4.481825828552246
RUCAPARIB,4,NCIH146,3.2732961177825928,3.6628905093497086,3.6999032497406006
RUCAPARIB,4,NCIH1651,1.255703330039978,3.597578128885587,3.613295078277588
RUCAPARIB,4,NCIH1792,2.855513572692871,4.0086706606643165,4.15842866897583
RUCAPARIB,4,NCIH1915,3.4020824432373047,3.806219379695737,3.8899660110473633
RUCAPARIB,4,NCIH196,4.174256801605225,4.067101041720229,4.235910892486572
RUCAPARIB,4,NCIH1975,4.074942588806152,3.8559694553612354,3.955937623977661
RUCAPARIB,4,NCIH2066,5.430111408233643,3.415253419428716,3.371521472930908
RUCAPARIB,4,NCIH211,2.7409274578094482,3.442922376058755,3.408212184906006
RUCAPARIB,4,NCIH2228,4.565361976623535,3.777471295640663,3.851844310760498
RUCAPARIB,4,NCIH2291,5.386232376098633,3.800964521773128,3.882997751235962
RUCAPARIB,4,NCIH2342,4.273184776306152,3.634895585038632,3.662780284881592
RUCAPARIB,4,NCIH2405,4.008647441864014,4.119874723834714,4.305891990661621
RUCAPARIB,4,NCIH2444,4.774471282958984,4.082479236808216,4.256303310394287
RUCAPARIB,4,NCIH69,3.7467169761657715,3.019378885714364,2.8465678691864014
RUCAPARIB,4,NCIH82,3.772388458251953,2.9747157397783752,2.787341833114624
RUCAPARIB,4,NCIH838,3.6553080081939697,3.445323173877231,3.411395788192749
RUCAPARIB,4,OCIAML2,3.0723729133605957,3.098610607563251,2.951633930206299
RUCAPARIB,4,P12ICHIKAWA,3.588175058364868,2.928817224875806,2.72647762298584
RUCAPARIB,4,RERFLCMS,3.2267239093780518,3.7187764366703506,3.7740113735198975
RUCAPARIB,4,SBC5,3.3606114387512207,3.4923472032217733,3.473752498626709
RUCAPARIB,4,SUPB15,0.8794875144958496,2.8130001706450747,2.57289719581604
RUCAPARIB,4,SUPT1,3.416062116622925,2.905262329182064,2.695242404937744
RUCAPARIB,5,A549,4.347542762756348,3.721028823773621,3.845181941986084
RUCAPARIB,5,BEN,4.457855224609375,3.3567589839160186,3.278090000152588
RUCAPARIB,5,CHAGOK1,4.142047882080078,3.8931846543872575,4.113192558288574
RUCAPARIB,5,CMK,3.1045339107513428,3.2084959967989675,3.0472755432128906
RUCAPARIB,5,CMLT1,2.115428924560547,2.9868899193123792,2.7022812366485596
RUCAPARIB,5,CORL311,2.384294033050537,3.3844272189073465,3.3211636543273926
RUCAPARIB,5,CORL88,3.8726816177368164,3.4628255542002155,3.44321346282959
RUCAPARIB,5,GA10,3.3098864555358887,3.4668109108799046,3.44941782951355
RUCAPARIB,5,HCC366,5.1284403800964355,3.8008462235476794,3.9694409370422363
RUCAPARIB,5,HEL,3.3744115829467773,3.3694913584937374,3.2979116439819336
RUCAPARIB,5,K562,3.771585464477539,3.240370427125486,3.0968973636627197
RUCAPARIB,5,KARPAS422,4.246679306030273,3.341969532486223,3.25506591796875
RUCAPARIB,5,KMS11,3.8843295574188232,3.253445086304485,3.1172518730163574
RUCAPARIB,5,KNS62,4.113245010375977,3.621759704061149,3.690640687942505
RUCAPARIB,5,L540,3.6529109477996826,3.5551390220017582,3.586926221847534
RUCAPARIB,5,LOUNH91,4.239118576049805,3.4553495071773628,3.431574821472168
RUCAPARIB,5,LP1,3.894888401031494,2.8823059697105045,2.53946590423584
RUCAPARIB,5,MOLM13,1.8804149627685547,3.346497337513891,3.2621147632598877
RUCAPARIB,5,MOLM16,2.6368629932403564,3.424522452416013,3.3835835456848145
RUCAPARIB,5,MONOMAC6,3.0838944911956787,3.255872320597856,3.121030569076538
RUCAPARIB,5,NCIH1650,5.42850923538208,3.822647685158324,4.003381252288818
RUCAPARIB,5,NCIH1836,5.005701541900635,3.3744626786020797,3.3056509494781494
RUCAPARIB,5,NCIH2081,3.3360559940338135,3.6690948311899056,3.764331579208374
RUCAPARIB,5,NCIH2087,5.7322821617126465,3.7915008584741683,3.954892158508301
RUCAPARIB,5,NCIH2227,2.793704032897949,3.144668571492482,2.9479095935821533
RUCAPARIB,5,NCIH292,2.9464094638824463,3.770710935920102,3.9225265979766846
RUCAPARIB,5,NCIH358,4.093257904052734,3.6614798794093972,3.752476692199707
RUCAPARIB,5,NCIH524,2.4878416061401367,3.426723641039814,3.387010335922241
RUCAPARIB,5,NCIH661,3.5623080730438232,3.6908587716697614,3.798213481903076
RUCAPARIB,5,NCIH929,3.122626543045044,3.345017014043658,3.259810209274292
RUCAPARIB,5,NOMO1,3.1403989791870117,3.434314548667123,3.3988277912139893
RUCAPARIB,5,OCIAML5,3.3503193855285645,3.021620703150518,2.756349802017212
RUCAPARIB,5,OCILY19,2.075343132019043,3.279031128258229,3.1570839881896973
RUCAPARIB,5,OCIM1,3.0791895389556885,2.9454180431724355,2.6377182006835938
RUCAPARIB,5,RERFLCKJ,3.5746500492095947,3.7619988356458265,3.908963680267334
RUCAPARIB,5,RL,3.897552490234375,3.2838831464854095,3.164637565612793
RUCAPARIB,5,SKLU1,3.1830999851226807,3.7197011883335787,3.8431150913238525
RUCAPARIB,5,SKM1,3.1744585037231445,3.5545013159258168,3.5859334468841553
RUCAPARIB,5,SUDHL8,3.475761890411377,3.2446862760510644,3.103616237640381
RUCAPARIB,5,SUPM2,2.038017988204956,3.6240673301784128,3.6942331790924072
SB216763,1,ALLSIL,3.729043483734131,3.9835655233291876,3.818617105484009
SB216763,1,AMO1,4.006234169006348,4.193327893079871,4.090085506439209
SB216763,1,BV173,2.684216022491455,3.916269815794725,3.73152494430542
SB216763,1,CMK,3.9487929344177246,4.263539328522079,4.180951118469238
SB216763,1,CORL105,5.68101692199707,4.830004448348703,4.914053916931152
SB216763,1,CORL23,5.292381763458252,4.635646045806338,4.662520885467529
SB216763,1,CORL88,5.778162002563477,5.070382605917947,5.225144386291504
SB216763,1,DMS114,5.4591965675354,4.780733860273232,4.850289344787598
SB216763,1,EM2,3.2987775802612305,4.0823883793923645,3.9465107917785645
SB216763,1,EPLC272H,5.092069149017334,4.688292002980544,4.730653762817383
SB216763,1,HCC33,5.2915191650390625,4.716157865324984,4.766716957092285
SB216763,1,HCC827,4.900299072265625,4.5387415239001925,4.537109851837158
SB216763,1,HL60,4.389063835144043,4.185320372435529,4.0797224044799805
SB216763,1,KCL22,4.525834560394287,4.20977217844672,4.111367225646973
SB216763,1,LAMA84,3.998356580734253,4.484017878007748,4.466288089752197
SB216763,1,LU65,6.141140460968018,4.761606891530344,4.825535774230957
SB216763,1,ME1,5.178616046905518,4.1959206746919016,4.093441009521484
SB216763,1,MOLT13,3.8457839488983154,3.947758829763706,3.7722771167755127
SB216763,1,NALM6,3.3028500080108643,4.022384294438842,3.8688552379608154
SB216763,1,NCIH1341,3.317129611968994,4.779105311925189,4.84818172454834
SB216763,1,NCIH1437,4.767918586730957,4.87133383675328,4.967541217803955
SB216763,1,NCIH1915,4.808259010314941,4.809689965731214,4.887763500213623
SB216763,1,NCIH196,4.97210168838501,4.97962493290103,5.1076884269714355
SB216763,1,NCIH1975,3.9153079986572266,4.933427216595394,5.047900676727295
SB216763,1,NCIH2009,5.827042102813721,5.590288560133635,5.89799165725708
SB216763,1,NCIH2029,4.967574119567871,5.1278644674061935,5.299535751342773
SB216763,1,NCIH2085,4.098005294799805,4.993509965592425,5.12565803527832
SB216763,1,NCIH209,4.482507228851318,5.031696845205045,5.175078392028809
SB216763,1,NCIH211,4.63859748840332,4.736102424290566,4.7925286293029785
SB216763,1,NCIH2196,6.250992774963379,5.080324488287906,5.238010883331299
SB216763,1,NCIH2228,5.649043560028076,5.006168428724854,5.142040252685547
SB216763,1,NCIH2347,6.162210941314697,5.167630523086621,5.35099983215332
SB216763,1,NCIH524,4.299835681915283,4.547555212821802,4.548516273498535
SB216763,1,NCIH650,3.7866714000701904,4.833373922249798,4.91841459274292
SB216763,1,NOMO1,4.88297700881958,4.353106540065575,4.296866416931152
SB216763,1,OPM2,3.754976511001587,4.327998524867084,4.2643723487854
SB216763,1,P12ICHIKAWA,4.126436233520508,3.8751196782433883,3.678269624710083
SB216763,1,SKMES1,4.300025939941406,5.275908723489533,5.491130352020264
SB216763,1,SKMM2,4.893548011779785,4.313438860495765,4.245529651641846
SB216763,1,SUDHL5,3.8594729900360107,4.21897974026065,4.123283386230469
SB216763,1,THP1,4.844801425933838,3.9471011467769967,3.77142596244812
SB216763,2,A549,3.7607579231262207,5.102582747062042,5.260530948638916
SB216763,2,CA46,5.120022296905518,4.094959269428142,3.8999040126800537
SB216763,2,CORL95,5.683319091796875,5.12044384409127,5.28464937210083
SB216763,2,DMS273,4.366085529327393,4.594627696328956,4.574622631072998
SB216763,2,HARA,4.362277030944824,4.564197796876612,4.53353214263916
SB216763,2,HCC15,5.770309925079346,4.85196485944038,4.922113418579102
SB216763,2,HCC366,6.663266181945801,4.866878063270715,4.942251205444336
SB216763,2,JEKO1,3.5009989738464355,4.097733954479687,3.9036507606506348
SB216763,2,JURKAT,4.016302108764648,4.431839228499886,4.354804039001465
SB216763,2,JURLMK1,4.744104862213135,4.4340074201914526,4.357731819152832
SB216763,2,JVM3,3.5167360305786133,4.5923422669107445,4.571536540985107
SB216763,2,KMH2,3.8630685806274414,4.305203768062121,4.183804035186768
SB216763,2,KNS62,4.782725811004639,4.8397894390277525,4.905672550201416
SB216763,2,KOPN8,4.038268566131592,4.491319718488082,4.435122489929199
SB216763,2,L428,4.422634601593018,4.262252031902454,4.125804901123047
SB216763,2,L540,3.782953977584839,4.545504382613342,4.508289813995361
SB216763,2,MOLP8,4.566418170928955,4.522497538136312,4.477222919464111
SB216763,2,NB4,3.5562405586242676,4.004010513917724,3.777092933654785
SB216763,2,NCIH1092,5.61944580078125,4.556525435169336,4.523171901702881
SB216763,2,NCIH1105,5.054721355438232,4.8425992600847225,4.909466743469238
SB216763,2,NCIH1155,4.6175947189331055,5.103767130601703,5.262130260467529
SB216763,2,NCIH1568,5.616995334625244,5.131218414920763,5.299198627471924
SB216763,2,NCIH1650,5.61363410949707,4.978314994326551,5.092728137969971
SB216763,2,NCIH1651,5.151787281036377,5.1827966583822676,5.368846416473389
SB216763,2,NCIH1836,5.877258777618408,5.025371816547206,5.156270503997803
SB216763,2,NCIH1944,6.194558143615723,5.1370728856136765,5.307104110717773
SB216763,2,NCIH2110,4.9474568367004395,5.1414647097289885,5.313034534454346
SB216763,2,NCIH2122,4.104931831359863,4.824929910301183,4.8856072425842285
SB216763,2,NCIH2170,5.115429878234863,4.692182550547842,4.706354141235352
SB216763,2,NCIH2291,6.980614185333252,5.381380417286104,5.637000560760498
SB216763,2,NCIH23,4.616804122924805,4.693184014983881,4.707706451416016
SB216763,2,NCIH292,4.4899139404296875,5.154699507189613,5.330905914306641
SB216763,2,NCIH810,5.236733913421631,4.908450490513889,4.998387813568115
SB216763,2,NCIH82,4.280401229858398,4.294421428467609,4.169244289398193
SB216763,2,RAJI,4.728853702545166,4.100037040182032,3.9067606925964355
SB216763,2,RERFLCKJ,5.004355430603027,5.329163722590339,5.566490650177002
SB216763,2,RPMI8402,4.056087970733643,4.363580387166305,4.262631893157959
SB216763,2,RS411,2.3230719566345215,4.96650753087526,5.076784133911133
SB216763,2,SUDHL6,3.088844060897827,4.39191872320022,4.30089807510376
SB216763,2,SW1573,4.942913055419922,5.39128241455373,5.650371551513672
SB216763,2,WSUDLCL2,4.119027137756348,3.844083776620975,3.56113862991333
SB216763,3,697,3.588306427001953,3.9122292048918066,3.7669517993927
SB216763,3,A3KAW,3.9975790977478027,4.258426455329243,4.171895503997803
SB216763,3,A4FUK,5.0709228515625,4.053739919909581,3.9324755668640137
SB216763,3,ABC1,5.675395488739014,4.521088484942705,4.479128837585449
SB216763,3,DAUDI,4.094699859619141,3.7850606116542895,3.61820387840271
SB216763,3,DB,3.793226957321167,4.084351176521137,3.9682812690734863
SB216763,3,DMS79,5.632885932922363,5.094477802004038,5.149816989898682
SB216763,3,EBC1,4.422406196594238,4.54743275496546,4.50994348526001
SB216763,3,EHEB,5.5893120765686035,4.321183811822332,4.245302200317383
SB216763,3,EJM,4.537794589996338,4.322012178761135,4.246271133422852
SB216763,3,GDM1,4.986422061920166,3.863849232846399,3.710362195968628
SB216763,3,HCC44,4.8458075523376465,4.778622140496062,4.7803635597229
SB216763,3,HCC78,5.125030994415283,4.837749684379359,4.84952449798584
SB216763,3,HH,5.477159023284912,4.1140716940769435,4.003045082092285
SB216763,3,JM1,3.200166940689087,4.331093640520831,4.256893634796143
SB216763,3,KARPAS422,4.837291717529297,4.008368485269863,3.8794050216674805
SB216763,3,KG1,4.712294578552246,4.002806767678287,3.8728995323181152
SB216763,3,KU812,4.735023498535156,4.178566501304863,4.078484058380127
SB216763,3,L363,4.2611823081970215,4.5281177817565705,4.487350940704346
SB216763,3,LCLC97TM1,4.285208702087402,4.743589393816468,4.739386081695557
SB216763,3,LOUCY,4.416829586029053,4.117932242753351,4.007560729980469
SB216763,3,LP1,4.910674571990967,4.075351450770904,3.957754373550415
SB216763,3,NAMALWA,4.258065223693848,4.253252015587993,4.1658430099487305
SB216763,3,NCIH146,5.332724571228027,4.728120701152658,4.721292495727539
SB216763,3,NCIH2171,3.731882095336914,5.230770661395235,5.309237480163574
SB216763,3,NCIH441,6.5404582023620605,5.675803869031682,5.829788684844971
SB216763,3,NCIH647,4.887063980102539,5.306225024126486,5.397495746612549
SB216763,3,NCIH727,5.3045220375061035,4.629347727561938,4.6057586669921875
SB216763,3,NCIH838,5.267829418182373,4.858941528349198,4.874312400817871
SB216763,3,OCIAML2,4.156772613525391,4.214602501447249,4.120635032653809
SB216763,3,OCIAML5,4.499751567840576,4.170971371168628,4.0696001052856445
SB216763,3,P31FUJ,4.341538429260254,4.11070543423582,3.999107599258423
SB216763,3,PF382,4.93411922454834,3.8549993224751073,3.7000105381011963
SB216763,3,REH,3.6768484115600586,4.1530836187534135,4.04867696762085
SB216763,3,SIGM5,2.010032892227173,3.940971540129869,3.8005714416503906
SB216763,3,SKLU1,5.459832191467285,5.011790719672279,5.053098678588867
SB216763,3,SKM1,4.646952152252197,4.7021421029527914,4.690905570983887
SB216763,3,ST486,3.222588062286377,4.005638380255513,3.876211643218994
SB216763,3,SUDHL10,4.151862144470215,4.418822265142045,4.359508991241455
SB216763,3,SUDHL4,2.847332000732422,4.16208884792573,4.059210300445557
SB216763,3,SW1271,6.309411525726318,4.845704371425055,4.858829021453857
SB216763,4,BL41,2.5566813945770264,3.984866836363662,3.8929636478424072
SB216763,4,CAL12T,3.9330315589904785,4.948928731455169,5.005061626434326
SB216763,4,CALU3,5.7600555419921875,4.620200708915745,4.625855922698975
SB216763,4,COLO668,5.350346565246582,4.761795427350558,4.789193153381348
SB216763,4,CORL279,4.494630813598633,4.866850893381891,4.9103803634643555
SB216763,4,DMS53,5.552117824554443,5.063321661964608,5.137020111083984
SB216763,4,DOHH2,2.9738259315490723,3.988247528436538,3.8968634605407715
SB216763,4,HDLM2,4.923363208770752,4.567532019001277,4.565099716186523
SB216763,4,HEL,3.2215030193328857,4.392144847554592,4.362781047821045
SB216763,4,IALM,5.85955810546875,5.28149400587605,5.388693809509277
SB216763,4,KMS11,3.7858214378356934,4.344300521176534,4.307590007781982
SB216763,4,KMS12BM,3.9663333892822266,4.178716261328339,4.116579532623291
SB216763,4,LXF289,4.078185558319092,5.227053227324739,5.325893402099609
SB216763,4,MEG01,4.043646335601807,4.548781031190579,4.543469429016113
SB216763,4,MOLT16,3.689495086669922,4.100049084170058,4.025832653045654
SB216763,4,NCIH1435,4.5663580894470215,5.317304912075164,5.430003643035889
SB216763,4,NCIH1436,5.348120212554932,4.990822279196419,5.0533881187438965
SB216763,4,NCIH1648,4.695868968963623,4.843982806708829,4.884000778198242
SB216763,4,NCIH1792,3.8201539516448975,4.969395177125185,5.028670787811279
SB216763,4,NCIH1876,4.948451042175293,5.1430255543785925,5.2289628982543945
SB216763,4,NCIH2023,4.161957263946533,5.1075941157252265,5.188090801239014
SB216763,4,NCIH2030,5.248641490936279,4.747927914033832,4.773196220397949
SB216763,4,NCIH2066,7.0247931480407715,4.789595352028326,4.821261882781982
SB216763,4,NCIH2172,5.582812786102295,4.8419531927114186,4.881659507751465
SB216763,4,NCIH2342,5.2151780128479,4.8607661850230555,4.9033613204956055
SB216763,4,NCIH2405,5.045085906982422,5.096644534222701,5.175459861755371
SB216763,4,NCIH358,5.3905839920043945,4.867277484348352,4.910872459411621
SB216763,4,NCIH446,4.988136291503906,4.857985903200941,4.900154113769531
SB216763,4,NCIH522,5.306634902954102,5.167154812600758,5.2567973136901855
SB216763,4,NCIH526,4.930718898773193,4.777163449590013,4.806921005249023
SB216763,4,NCIH596,4.767374038696289,5.057440328368854,5.13023567199707
SB216763,4,NCIH661,4.862502574920654,4.7901306575531,4.8218793869018555
SB216763,4,NUDUL1,4.271457195281982,4.113002237779599,4.040774822235107
SB216763,4,OCIAML3,4.80495548248291,4.807752336720026,4.842206954956055
SB216763,4,OCILY19,3.4742441177368164,4.32031221985317,4.279918193817139
SB216763,4,RL,3.9071764945983887,4.094838639274466,4.019822120666504
SB216763,4,SBC5,4.313460350036621,5.35690842691506,5.475688457489014
SB216763,4,SHP77,4.826220512390137,4.78993803023685,4.821657180786133
SB216763,4,SUDHL8,2.8997609615325928,3.9475835299489117,3.8499553203582764
SB216763,4,SUPT1,4.458516597747803,3.994706123936037,3.904313802719116
SB216763,5,BEN,6.036424160003662,5.252426131841705,5.392905235290527
SB216763,5,CALU6,3.7537333965301514,4.844642039140933,4.896367073059082
SB216763,5,CHAGOK1,4.883586883544922,5.287889057473116,5.436086654663086
SB216763,5,CMLT1,4.0229997634887695,4.163946379818955,4.06751823425293
SB216763,5,CORL311,5.060004234313965,4.464380306433766,4.4333415031433105
SB216763,5,DND41,3.878999948501587,4.203899443321008,4.116167068481445
SB216763,5,GA10,4.33494234085083,3.89727973109616,3.742811679840088
SB216763,5,GRANTA519,4.733236312866211,4.500991808235993,4.477921485900879
SB216763,5,HT,5.164877414703369,4.198215303150731,4.109245777130127
SB216763,5,JVM2,5.168018817901611,4.610603099044186,4.611389636993408
SB216763,5,K562,4.771318435668945,4.468987142462918,4.438951015472412
SB216763,5,L1236,4.46439790725708,4.407192334696505,4.363706588745117
SB216763,5,LCLC103H,5.047233581542969,5.317546837125594,5.472199440002441
SB216763,5,LOUNH91,5.970211982727051,4.924551690586068,4.993669033050537
SB216763,5,MHHCALL2,3.001223087310791,4.205872347087998,4.118569374084473
SB216763,5,MM1S,3.929647922515869,4.458323358723558,4.425966262817383
SB216763,5,MOLM13,3.944425106048584,4.194640736738449,4.104893207550049
SB216763,5,MOLM16,2.212291955947876,4.674658248323712,4.689386367797852
SB216763,5,MONOMAC6,3.912838935852051,4.258519272361977,4.182674884796143
SB216763,5,NCIH1048,4.299854278564453,4.722112497148648,4.747169017791748
SB216763,5,NCIH1623,5.111181735992432,5.00098076071302,5.086732864379883
SB216763,5,NCIH1781,5.264195919036865,5.182400579459456,5.307638645172119
SB216763,5,NCIH1793,6.220869541168213,5.078542742828439,5.18117618560791
SB216763,5,NCIH1963,4.738279342651367,4.912431137888152,4.978910446166992
SB216763,5,NCIH2081,5.329466819763184,4.992894126574802,5.076886177062988
SB216763,5,NCIH2087,5.335447311401367,5.1686728816524266,5.290923118591309
SB216763,5,NCIH2227,5.734425067901611,4.667815741868649,4.681054592132568
SB216763,5,NCIH2444,6.754528999328613,4.667742120211603,4.680964946746826
SB216763,5,NCIH460,4.847939491271973,4.977060379450807,5.057606220245361
SB216763,5,NCIH69,5.429253578186035,4.78470382858756,4.823383331298828
SB216763,5,NCIH841,5.701926231384277,4.980892621662749,5.062272548675537
SB216763,5,NCIH929,4.5522637367248535,4.061027806722103,3.942199468612671
SB216763,5,OCIM1,3.7685775756835938,4.245303010108676,4.166582107543945
SB216763,5,PL21,4.819538593292236,4.405430897391241,4.3615617752075195
SB216763,5,RCHACV,2.8766438961029053,4.4135104826474,4.371399879455566
SB216763,5,RERFLCMS,3.3605730533599854,5.131660768386597,5.245855331420898
SB216763,5,RPMI8226,4.29355001449585,4.31229127753325,4.24815034866333
SB216763,5,SUDHL1,4.616987228393555,4.2327744054605425,4.151326656341553
SB216763,5,SUPB15,4.019765377044678,4.188862219869513,4.0978569984436035
SB216763,5,SUPM2,3.689850091934204,4.4572425301414045,4.424650192260742
SB590885,1,ALLSIL,2.348691940307617,3.3173304794764653,3.2336854934692383
SB590885,1,BEN,4.32098913192749,4.975141060079274,5.058143615722656
SB590885,1,BV173,1.257662057876587,3.1817100394843836,3.0844321250915527
SB590885,1,CALU6,4.805087566375732,4.361690667691789,4.38302755355835
SB590885,1,CHAGOK1,4.383293628692627,4.90956939386388,4.98598051071167
SB590885,1,CORL88,5.178144931793213,4.162148501055921,4.163426876068115
SB590885,1,DMS79,4.740297317504883,4.340030877989949,4.359190464019775
SB590885,1,DOHH2,2.660224437713623,3.3040486392380126,3.2190685272216797
SB590885,1,EM2,4.040221691131592,3.516732262598363,3.453131675720215
SB590885,1,EPLC272H,4.063058853149414,3.89430542204879,3.868659496307373
SB590885,1,HARA,4.098246097564697,4.196887354809368,4.201657772064209
SB590885,1,HCC44,3.2609848976135254,4.166554117012879,4.168275356292725
SB590885,1,HCC827,4.777580738067627,4.257734509184216,4.268621444702148
SB590885,1,HH,4.386676788330078,3.3927244422040785,3.3166582584381104
SB590885,1,JURKAT,3.029940605163574,3.505493999037821,3.4407637119293213
SB590885,1,LXF289,3.727694034576416,4.506952508772996,4.542891502380371
SB590885,1,MOLM13,2.982823610305786,3.446018616901341,3.375309705734253
SB590885,1,MOLT13,3.3092455863952637,3.2054825144149937,3.1105942726135254
SB590885,1,MOLT16,2.105752468109131,3.114125343003842,3.0100536346435547
SB590885,1,NB4,1.9326494932174683,3.228454066735805,3.1358749866485596
SB590885,1,NCIH1155,3.630767583847046,4.231454195429956,4.239699363708496
SB590885,1,NCIH1623,4.996291637420654,4.519490836326344,4.556690216064453
SB590885,1,NCIH1781,4.552487850189209,4.422491894126882,4.4499406814575195
SB590885,1,NCIH1876,3.2094759941101074,4.300831381408328,4.3160505294799805
SB590885,1,NCIH1963,4.514339923858643,3.8753235345324306,3.8477694988250732
SB590885,1,NCIH1975,4.900540828704834,4.488615128901796,4.522710800170898
SB590885,1,NCIH2009,4.7706298828125,5.124286845047004,5.2222819328308105
SB590885,1,NCIH2030,4.272731781005859,4.249658124306394,4.259733200073242
SB590885,1,NCIH209,3.7088193893432617,4.323822648080638,4.341352939605713
SB590885,1,NCIH2228,3.712218999862671,4.408191840129692,4.434203147888184
SB590885,1,NCIH446,2.61669659614563,3.9571883540174384,3.93786358833313
SB590885,1,NCIH522,4.330898761749268,4.486770212227452,4.5206804275512695
SB590885,1,NCIH524,3.722337007522583,3.7130239442903785,3.6691551208496094
SB590885,1,OCIAML3,0.7224709987640381,4.140909428613542,4.140052795410156
SB590885,1,OCIAML5,3.4143924713134766,3.572542941768286,3.514552593231201
SB590885,1,OCIM1,3.23319411277771,3.544872657912735,3.484100818634033
SB590885,1,P31FUJ,3.7755680084228516,3.5382237220681745,3.476783514022827
SB590885,1,RERFLCMS,4.471546173095703,4.60153416818097,4.6469807624816895
SB590885,1,SKMM2,4.906850814819336,3.4384370405820213,3.3669660091400146
SB590885,1,SUDHL6,2.150463581085205,2.9319991811081283,2.809619665145874
SB590885,1,SUPM2,3.320556402206421,3.5754162543389554,3.517714738845825
SB590885,2,A3KAW,2.5180909633636475,4.012702181314401,4.0271735191345215
SB590885,2,CMLT1,3.49503755569458,3.2073847930339014,3.0388617515563965
SB590885,2,CORL311,4.408352851867676,3.822950165358169,3.7943036556243896
SB590885,2,DMS114,4.572563171386719,3.9105515110063918,3.901810884475708
SB590885,2,DMS273,4.533432483673096,3.7822106575427266,3.744306802749634
SB590885,2,GDM1,3.9763295650482178,3.1934266421458606,3.0217318534851074
SB590885,2,GRANTA519,4.530616283416748,3.6913981678678303,3.6328587532043457
SB590885,2,HCC78,4.728654861450195,4.003571722910045,4.015968322753906
SB590885,2,HEL,3.5184900760650635,3.631481938721822,3.5593276023864746
SB590885,2,JEKO1,2.590179443359375,3.264984506881098,3.1095499992370605
SB590885,2,JVM2,2.757776975631714,3.8407355010320687,3.8161303997039795
SB590885,2,JVM3,3.554034471511841,3.8641530150880414,3.8448691368103027
SB590885,2,KCL22,3.70186448097229,3.477097189927055,3.369861602783203
SB590885,2,KMH2,2.900959014892578,3.376350921589452,3.246222496032715
SB590885,2,KMS11,3.8064420223236084,3.5108799637325063,3.411320924758911
SB590885,2,L363,2.601469039916992,3.448562321838376,3.3348426818847656
SB590885,2,L540,3.481934070587158,3.6282521444545677,3.555363893508911
SB590885,2,LAMA84,3.5609290599823,3.8716649823019913,3.854088068008423
SB590885,2,MONOMAC6,4.076268672943115,3.653271830740438,3.586068868637085
SB590885,2,NAMALWA,2.626147985458374,3.1691348980626612,2.991920232772827
SB590885,2,NCIH1048,3.9144885540008545,4.074026115077583,4.1024322509765625
SB590885,2,NCIH1436,3.884458065032959,3.9158341916509136,3.9082939624786377
SB590885,2,NCIH1650,5.332394599914551,4.3642918541841755,4.458655834197998
SB590885,2,NCIH1651,4.579913139343262,4.661978834855226,4.823987007141113
SB590885,2,NCIH1836,5.391096115112305,4.061500924340836,4.087060928344727
SB590885,2,NCIH2023,4.5361456871032715,4.459209922340268,4.5751423835754395
SB590885,2,NCIH2029,3.786651611328125,4.292219942192929,4.370206832885742
SB590885,2,NCIH2085,4.655839443206787,4.082387639604658,4.112693786621094
SB590885,2,NCIH2087,4.51711893081665,4.100885569887417,4.135395050048828
SB590885,2,NCIH2122,3.5826470851898193,4.107819962463379,4.143905162811279
SB590885,2,NCIH2172,5.065995216369629,4.366992642148288,4.461970329284668
SB590885,2,NCIH441,6.294363021850586,4.814724693758952,5.011441707611084
SB590885,2,NCIH526,3.1770830154418945,3.952638692977139,3.9534616470336914
SB590885,2,NCIH810,4.608909606933594,4.072444341548321,4.100491046905518
SB590885,2,NCIH841,4.169689178466797,4.3416015052375165,4.430809497833252
SB590885,2,OPM2,3.786334991455078,3.8259392549579267,3.7979719638824463
SB590885,2,RCHACV,3.519301414489746,3.1511277022351853,2.9698212146759033
SB590885,2,SIGM5,3.002408027648926,3.132640068439413,2.9471325874328613
SB590885,2,SUDHL8,2.228595495223999,2.9645541923846106,2.740852117538452
SB590885,2,SUPT1,4.127788066864014,2.937459666834122,2.7076008319854736
SB590885,2,SW1573,4.789047718048096,4.217104544066896,4.278022766113281
SB590885,3,697,1.482843041419983,3.0142990568389947,3.0033082962036133
SB590885,3,A4FUK,4.23410701751709,3.2609778238454736,3.2572572231292725
SB590885,3,ABC1,4.922647953033447,4.368048778182281,4.396955966949463
SB590885,3,AMO1,3.8613719940185547,3.5404536376126314,3.5449697971343994
SB590885,3,CMK,2.9708359241485596,3.3171861466923263,3.315122127532959
SB590885,3,CORL105,5.411218166351318,4.323119267426605,4.350702285766602
SB590885,3,CORL23,4.105370998382568,4.000533337737311,4.018609046936035
SB590885,3,DAUDI,3.426440477371216,2.275937868196212,2.2431859970092773
SB590885,3,HCC33,3.4631600379943848,3.305325572913033,3.3029119968414307
SB590885,3,HDLM2,4.557185649871826,3.527247276743508,3.531374216079712
SB590885,3,HL60,3.137437582015991,3.5505207549775997,3.5553336143493652
SB590885,3,HT,4.06766939163208,3.1603596849993685,3.1536736488342285
SB590885,3,IALM,4.340424537658691,4.595129911506344,4.630729675292969
SB590885,3,JM1,2.409508466720581,3.605356889129349,3.611785888671875
SB590885,3,JURLMK1,3.9970204830169678,3.781702937654048,3.7933292388916016
SB590885,3,KG1,3.3074100017547607,3.38657790269846,3.386559009552002
SB590885,3,KOPN8,3.202894449234009,2.6289694806256985,2.6066222190856934
SB590885,3,L1236,4.070268630981445,3.6106677804637126,3.617253303527832
SB590885,3,LOUCY,3.064507007598877,3.3087851095758936,3.30647349357605
SB590885,3,MEG01,4.006626129150391,3.8331427600397743,3.846285104751587
SB590885,3,MOLM16,3.7098584175109863,3.5276715551721036,3.531810998916626
SB590885,3,NALM6,3.0362625122070312,3.094398979713564,3.085768938064575
SB590885,3,NCIH1435,4.184114456176758,4.391620316644322,4.42122220993042
SB590885,3,NCIH1648,5.090634822845459,4.17366719095381,4.196845531463623
SB590885,3,NCIH2342,4.926044940948486,4.7052848196816734,4.744131088256836
SB590885,3,NCIH2444,5.286645412445068,4.596624612913635,4.63226842880249
SB590885,3,NCIH292,2.5935165882110596,4.366559171821622,4.395422458648682
SB590885,3,NCIH358,5.5620927810668945,4.392820894905151,4.422458171844482
SB590885,3,NCIH460,4.275389671325684,4.470839028044652,4.5027756690979
SB590885,3,NCIH596,5.051912307739258,4.756665122659021,4.797025680541992
SB590885,3,NCIH647,4.148081302642822,4.724532053111652,4.763945579528809
SB590885,3,NCIH661,4.919243812561035,4.616860748576203,4.653100967407227
SB590885,3,PF382,2.352715492248535,2.5852162308628364,2.561579465866089
SB590885,3,RPMI8226,3.0441129207611084,3.527733390510769,3.531874656677246
SB590885,3,SHP77,4.063510894775391,4.504269944924908,4.537191867828369
SB590885,3,SKLU1,4.529867172241211,4.059955477043562,4.079782485961914
SB590885,3,ST486,2.7957615852355957,3.254284553722744,3.250366687774658
SB590885,3,SUDHL10,2.3882689476013184,3.2284767529754856,3.2237982749938965
SB590885,3,SUDHL5,1.8419640064239502,3.2035040766897533,3.198089599609375
SB590885,3,SW1271,3.9710946083068848,4.202768707755373,4.226804733276367
SB590885,3,THP1,4.047452926635742,3.3825963553488885,3.382460117340088
SB590885,4,BL41,2.2214884757995605,2.5511132459099595,2.4596710205078125
SB590885,4,CAL12T,4.12175178527832,4.690218481104142,4.709445476531982
SB590885,4,DMS53,4.589655876159668,3.8859506137000013,3.86356782913208
SB590885,4,DND41,2.957969903945923,3.235386819693001,3.1793463230133057
SB590885,4,EBC1,3.703193426132202,4.2156945725863135,4.210371494293213
SB590885,4,EHEB,4.314847946166992,3.5947490220471336,3.557300567626953
SB590885,4,EJM,4.020414352416992,3.6093018702037574,3.572606325149536
SB590885,4,GA10,2.9619829654693604,2.8630962330962966,2.787794828414917
SB590885,4,HCC15,4.049560546875,4.611199623540032,4.626338481903076
SB590885,4,KARPAS422,4.358391284942627,3.234201228530499,3.1780993938446045
SB590885,4,KMS12BM,3.6002309322357178,3.0546548948383485,2.9892640113830566
SB590885,4,KU812,2.511404514312744,3.8558579070767096,3.831918239593506
SB590885,4,L428,3.937056064605713,3.7468204706732724,3.7172396183013916
SB590885,4,LCLC103H,4.553600311279297,4.738102309260031,4.7598066329956055
SB590885,4,LU65,3.355698585510254,4.054333575155553,4.0406622886657715
SB590885,4,MM1S,3.8157429695129395,3.0737501666496976,3.0093472003936768
SB590885,4,MOLP8,2.6577229499816895,3.6402671084493186,3.6051735877990723
SB590885,4,NCIH1568,5.117380142211914,4.673889513108474,4.692271709442139
SB590885,4,NCIH1792,3.3852059841156006,4.621392987251899,4.637059211730957
SB590885,4,NCIH1944,4.9109368324279785,4.574838018636084,4.588095664978027
SB590885,4,NCIH196,4.405333518981934,4.215014047792847,4.20965576171875
SB590885,4,NCIH2066,5.830804347991943,4.1649957021635124,4.157049655914307
SB590885,4,NCIH211,2.7830710411071777,3.837477390319924,3.812586784362793
SB590885,4,NCIH2110,3.690861463546753,4.1383110600788555,4.128984451293945
SB590885,4,NCIH2171,3.645206928253174,3.9312993623204675,3.9112627506256104
SB590885,4,NCIH2196,5.665363788604736,4.486794160046824,4.49549674987793
SB590885,4,NCIH2227,5.069636821746826,3.8595667898701502,3.8358190059661865
SB590885,4,NCIH2291,5.561428070068359,4.382708323597982,4.386025905609131
SB590885,4,NCIH2347,5.167761325836182,4.674608575281984,4.693027973175049
SB590885,4,NCIH2405,4.125171661376953,4.181029519166145,4.17391300201416
SB590885,4,NCIH650,4.175806999206543,4.07193336993076,4.059172630310059
SB590885,4,NCIH82,3.4966518878936768,3.6294152089196565,3.5937602519989014
SB590885,4,NCIH929,2.2215495109558105,3.417875822387148,3.371276617050171
SB590885,4,NUDUL1,3.050291061401367,3.1365826445242995,3.075430393218994
SB590885,4,PL21,3.1196794509887695,3.596108484800771,3.558730363845825
SB590885,4,REH,3.212503433227539,3.278445087796083,3.2246322631835938
SB590885,4,RERFLCKJ,4.461881160736084,4.17930440468304,4.172098636627197
SB590885,4,SBC5,3.8427350521087646,4.445857034679408,4.452441692352295
SB590885,4,SUDHL4,3.194037914276123,3.1426860587612406,3.0818495750427246
SB590885,4,SUPB15,2.6495540142059326,2.9407472403593484,2.8694632053375244
SB590885,5,A549,4.724678039550781,4.336196104707339,4.354489803314209
SB590885,5,CA46,2.695429563522339,3.172260183233129,3.0351474285125732
SB590885,5,CALU3,5.205965518951416,4.512481698806307,4.554312705993652
SB590885,5,COLO668,4.310379505157471,4.2973392276534454,4.3104448318481445
SB590885,5,CORL279,3.7776296138763428,4.075501791757947,4.058988094329834
SB590885,5,CORL95,4.2098870277404785,4.083839893936007,4.068439483642578
SB590885,5,DB,2.1243669986724854,3.3490747699908385,3.235569953918457
SB590885,5,HCC366,5.343612194061279,4.261122476187035,4.269392490386963
SB590885,5,K562,4.577122688293457,3.54612779556528,3.458933115005493
SB590885,5,KNS62,3.533000946044922,4.011244433012239,3.9861512184143066
SB590885,5,LCLC97TM1,2.525731086730957,4.079700920759581,4.063747882843018
SB590885,5,LOUNH91,4.886729717254639,4.101191273812827,4.088107585906982
SB590885,5,LP1,4.004627704620361,3.4299679487624553,3.327263832092285
SB590885,5,ME1,4.3886189460754395,3.320938039592239,3.203676462173462
SB590885,5,MHHCALL2,2.9081549644470215,3.3890216032902973,3.280850410461426
SB590885,5,NCIH1092,4.10312032699585,4.139015405755618,4.130981922149658
SB590885,5,NCIH1105,4.478942394256592,4.045237101626352,4.024682521820068
SB590885,5,NCIH1341,4.108144283294678,3.963833439680673,3.9324100017547607
SB590885,5,NCIH1437,4.537779331207275,4.192181376477173,4.191246509552002
SB590885,5,NCIH146,3.41217041015625,3.9402765447299593,3.905707836151123
SB590885,5,NCIH1793,5.95979118347168,4.758520706590509,4.833202362060547
SB590885,5,NCIH1915,4.71514368057251,4.272633272307224,4.282440185546875
SB590885,5,NCIH2081,4.7092509269714355,4.055359265725462,4.036156177520752
SB590885,5,NCIH2170,3.9489965438842773,4.034529364739194,4.012545108795166
SB590885,5,NCIH23,3.932509422302246,4.276155963777839,4.286433219909668
SB590885,5,NCIH69,3.491792917251587,4.015955307198254,3.9914910793304443
SB590885,5,NCIH727,3.288813591003418,3.6907827836973186,3.6229021549224854
SB590885,5,NCIH838,4.575520038604736,4.128077141650179,4.1185832023620605
SB590885,5,NOMO1,3.6108734607696533,3.7173649277178833,3.653033494949341
SB590885,5,OCIAML2,2.1067004203796387,3.249074754988583,3.122218132019043
SB590885,5,OCILY19,3.2885661125183105,3.005087144978021,2.845653772354126
SB590885,5,P12ICHIKAWA,1.661152958869934,2.618317580483966,2.407243490219116
SB590885,5,RAJI,3.0274510383605957,3.10399383837386,2.95776629447937
SB590885,5,RL,3.976102113723755,3.3319055402700704,3.2161083221435547
SB590885,5,RPMI8402,2.909947395324707,3.213395619918094,3.081775188446045
SB590885,5,RS411,3.3093559741973877,4.34991668089621,4.370042324066162
SB590885,5,SKM1,4.063250541687012,3.875253566390686,3.832003116607666
SB590885,5,SKMES1,4.4591264724731445,4.5554131865103535,4.602976322174072
SB590885,5,SUDHL1,3.932563066482544,3.3772968964210275,3.2675602436065674
SB590885,5,WSUDLCL2,2.7197749614715576,3.01232035712174,2.8538527488708496
SELUMETINIB,1,A549,0.5238671898841858,2.028877377866804,1.985601782798767
SELUMETINIB,1,ABC1,3.9427359104156494,2.5160342858027596,2.4936363697052
SELUMETINIB,1,ALLSIL,3.4148690700531006,2.6723937450424566,2.6566967964172363
SELUMETINIB,1,BV173,1.9124490022659302,2.930906679260811,2.926288604736328
SELUMETINIB,1,CORL279,3.0964860916137695,3.856742604231699,3.8918023109436035
SELUMETINIB,1,DMS273,4.341040134429932,3.981433285968977,4.021836757659912
SELUMETINIB,1,DOHH2,3.1661128997802734,3.3390116693442904,3.3518834114074707
SELUMETINIB,1,EBC1,0.7091119885444641,1.795722602072179,1.7424548864364624
SELUMETINIB,1,GA10,4.025158882141113,3.410587116508041,3.4265263080596924
SELUMETINIB,1,HARA,4.028369903564453,2.990366368786798,2.9882965087890625
SELUMETINIB,1,HCC15,2.277010440826416,3.2108406936449465,3.218219518661499
SELUMETINIB,1,HCC33,4.100644111633301,3.9074724097045106,3.9447062015533447
SELUMETINIB,1,KMS11,3.0736870765686035,3.4325811203202083,3.449462890625
SELUMETINIB,1,LOUNH91,4.036895275115967,1.9460405288779572,1.8992148637771606
SELUMETINIB,1,MOLM13,1.5682220458984375,1.0471849981503691,0.9618378281593323
SELUMETINIB,1,MOLM16,1.8155909776687622,2.5403588497311524,2.519003391265869
SELUMETINIB,1,MOLT16,2.593161106109619,2.914519599801246,2.9091992378234863
SELUMETINIB,1,NALM6,2.6777539253234863,3.2171942934281543,3.2248454093933105
SELUMETINIB,1,NCIH1435,4.223591327667236,3.127624791421579,3.131437301635742
SELUMETINIB,1,NCIH1650,4.626568794250488,2.7215099451297164,2.7079179286956787
SELUMETINIB,1,NCIH1793,4.453848838806152,2.355007762190625,2.3257088661193848
SELUMETINIB,1,NCIH1836,4.295496940612793,3.521728588387746,3.542430877685547
SELUMETINIB,1,NCIH1876,3.5643320083618164,3.928278271381694,3.9664037227630615
SELUMETINIB,1,NCIH1944,1.8540431261062622,2.89762246740669,2.891577959060669
SELUMETINIB,1,NCIH2023,3.176516532897949,3.271526247732754,3.281505823135376
SELUMETINIB,1,NCIH2122,0.3854284882545471,2.8524287138481808,2.844447374343872
SELUMETINIB,1,NCIH2227,3.891920566558838,3.7492314015383332,3.7796835899353027
SELUMETINIB,1,NCIH2347,0.5803171992301941,2.5611484793337578,2.5406839847564697
SELUMETINIB,1,NCIH2444,2.936598062515259,2.988992357966853,2.986863613128662
SELUMETINIB,1,NCIH358,1.3048579692840576,2.541339175587379,2.5200257301330566
SELUMETINIB,1,NCIH441,4.929890155792236,2.5463381973159827,2.5252389907836914
SELUMETINIB,1,NCIH524,3.9839439392089844,3.995691906071856,4.036706447601318
SELUMETINIB,1,NCIH647,2.701663017272949,2.463414243814257,2.4387612342834473
SELUMETINIB,1,NCIH661,3.833897590637207,3.548625593205659,3.5704805850982666
SELUMETINIB,1,OCIAML2,-2.892664909362793,1.33521498835124,1.2622116804122925
SELUMETINIB,1,RCHACV,3.14077091217041,2.8122083764921797,2.8025033473968506
SELUMETINIB,1,RERFLCMS,0.49899399280548096,2.7480281253338776,2.735572576522827
SELUMETINIB,1,RL,3.152527093887329,3.451959245296801,3.4696714878082275
SELUMETINIB,1,SKM1,-1.9079220294952393,0.7729555291870751,0.6758559346199036
SELUMETINIB,1,SUDHL4,2.5606329441070557,3.3154324091218905,3.327293634414673
SELUMETINIB,1,SW1573,4.674265384674072,2.5776795898776097,2.5579235553741455
SELUMETINIB,2,A4FUK,1.961698055267334,3.2779513877600857,3.2328641414642334
SELUMETINIB,2,CAL12T,1.9615869522094727,2.727116900774999,2.694465398788452
SELUMETINIB,2,DMS53,4.296433448791504,3.437277905824612,3.3885936737060547
SELUMETINIB,2,DND41,3.0856430530548096,3.4659630552884666,3.4166312217712402
SELUMETINIB,2,HCC827,3.357480049133301,3.1756983113051382,3.1329195499420166
SELUMETINIB,2,HH,4.0631890296936035,2.7641986972906256,2.730710029602051
SELUMETINIB,2,HL60,0.22130900621414185,0.03257644570751516,0.06075740233063698
SELUMETINIB,2,JURKAT,3.610649585723877,3.3577974689451335,3.3109076023101807
SELUMETINIB,2,JVM2,3.1647675037384033,3.3738697193080087,3.3266170024871826
SELUMETINIB,2,JVM3,1.5802680253982544,2.4350971129100363,2.4090383052825928
SELUMETINIB,2,KG1,2.1393940448760986,2.114466816780354,2.095646619796753
SELUMETINIB,2,KMH2,2.2936179637908936,2.5557504645793276,2.526967763900757
SELUMETINIB,2,L363,3.2766284942626953,3.3002366642117877,3.2546463012695312
SELUMETINIB,2,L428,4.282098770141602,3.234811457840113,3.1906981468200684
SELUMETINIB,2,L540,3.819622039794922,3.0488829139738804,3.008967161178589
SELUMETINIB,2,LAMA84,0.6608989834785461,-0.5482633192904136,-0.5069692134857178
SELUMETINIB,2,LP1,4.206047534942627,3.292049793079155,3.2466442584991455
SELUMETINIB,2,LU65,1.309872031211853,2.9159893813483126,2.8790738582611084
SELUMETINIB,2,LXF289,4.292840003967285,2.7580212843229552,2.7246720790863037
SELUMETINIB,2,ME1,2.4117350578308105,1.4335091808925158,1.4300624132156372
SELUMETINIB,2,MONOMAC6,2.63032603263855,0.5676594405342839,0.5837602615356445
SELUMETINIB,2,NCIH1341,3.314255952835083,3.3033884254341084,3.2577269077301025
SELUMETINIB,2,NCIH146,3.486780881881714,3.621582637721416,3.568737506866455
SELUMETINIB,2,NCIH1651,3.481717586517334,3.0558089342622927,3.0157368183135986
SELUMETINIB,2,NCIH196,4.3797173500061035,2.9644244457481346,2.92641544342041
SELUMETINIB,2,NCIH1963,5.203125,4.406819761050537,4.336246967315674
SELUMETINIB,2,NCIH1975,3.1073920726776123,2.997720274774276,2.9589595794677734
SELUMETINIB,2,NCIH2030,1.3637230396270752,2.3295471395677825,2.3058712482452393
SELUMETINIB,2,NCIH2171,3.9626450538635254,3.8228789751429963,3.765489339828491
SELUMETINIB,2,NCIH2342,3.860917091369629,3.1312087416635417,3.0894343852996826
SELUMETINIB,2,NCIH292,0.781965970993042,2.7971486399756746,2.762916088104248
SELUMETINIB,2,NCIH522,3.819171905517578,3.104429382032517,3.0632596015930176
SELUMETINIB,2,NCIH69,4.038931846618652,3.2926144805824187,3.2471961975097656
SELUMETINIB,2,NCIH727,0.13171522319316864,2.895899678208437,2.8594377040863037
SELUMETINIB,2,NCIH841,4.242900848388672,3.8572563697801407,3.799090623855591
SELUMETINIB,2,OCILY19,1.2150084972381592,2.502681791621406,2.475097179412842
SELUMETINIB,2,OPM2,3.5362064838409424,2.693493723744806,2.6616013050079346
SELUMETINIB,2,P12ICHIKAWA,2.3851425647735596,3.3457548676336275,3.2991368770599365
SELUMETINIB,2,REH,3.206631898880005,2.875106737888471,2.839114189147949
SELUMETINIB,2,SIGM5,3.880620002746582,0.7577056905528262,0.7695159912109375
SELUMETINIB,2,SUDHL6,2.7496345043182373,3.2077989054431617,3.1642954349517822
SELUMETINIB,3,697,2.130647897720337,3.1311182331551333,3.0837314128875732
SELUMETINIB,3,A3KAW,2.280535936355591,3.8131934160286676,3.7316999435424805
SELUMETINIB,3,CALU6,1.4540419578552246,2.4289068800871068,2.4166336059570312
SELUMETINIB,3,COLO668,2.971575975418091,3.9209535736397862,3.834071636199951
SELUMETINIB,3,CORL105,1.7433340549468994,2.208330562612231,2.2070870399475098
SELUMETINIB,3,CORL311,4.526618480682373,4.397700504603002,4.2869791984558105
SELUMETINIB,3,CORL95,4.211582183837891,3.397296448441659,3.336599588394165
SELUMETINIB,3,DMS114,4.708415508270264,3.0420218162132295,2.9990901947021484
SELUMETINIB,3,GRANTA519,4.6511712074279785,3.1747126375676538,3.12514591217041
SELUMETINIB,3,HCC366,3.9840304851531982,2.794113572731906,2.763578414916992
SELUMETINIB,3,HCC78,3.174166440963745,1.707162307554856,1.730979323387146
SELUMETINIB,3,HDLM2,4.285719394683838,2.7251292330520878,2.6980435848236084
SELUMETINIB,3,IALM,4.735693454742432,2.137143476393576,2.1394596099853516
SELUMETINIB,3,K562,3.181072950363159,2.848316145476443,2.815070629119873
SELUMETINIB,3,KU812,-1.203402042388916,2.8780536002028123,2.8433210849761963
SELUMETINIB,3,LCLC103H,4.572504043579102,2.6064474480196282,2.585296392440796
SELUMETINIB,3,MHHCALL2,2.8225948810577393,2.8446176293840604,2.8115570545196533
SELUMETINIB,3,MOLT13,1.0366164445877075,1.8238314543432457,1.8418145179748535
SELUMETINIB,3,NAMALWA,3.521089553833008,3.5170009282611483,3.4503183364868164
SELUMETINIB,3,NCIH1048,3.1799559593200684,3.688185228495239,3.612942695617676
SELUMETINIB,3,NCIH1155,3.5087029933929443,4.1321386668372,4.034696578979492
SELUMETINIB,3,NCIH1437,0.3854140043258667,2.8320755012903627,2.7996420860290527
SELUMETINIB,3,NCIH1568,2.9742074012756348,3.3116997808997874,3.2552831172943115
SELUMETINIB,3,NCIH1792,2.1413910388946533,1.5576913861996962,1.5889825820922852
SELUMETINIB,3,NCIH2081,4.00072717666626,3.657779947798738,3.5840578079223633
SELUMETINIB,3,NCIH211,3.7908365726470947,3.660815908249953,3.586941957473755
SELUMETINIB,3,NCIH2110,2.9210169315338135,2.716743637734535,2.690077304840088
SELUMETINIB,3,NCIH810,4.3458991050720215,4.00700825786542,3.915823221206665
SELUMETINIB,3,NOMO1,-0.6419410109519958,0.5151187378365834,0.5985429883003235
SELUMETINIB,3,NUDUL1,2.6225039958953857,3.0468381439820367,3.0036656856536865
SELUMETINIB,3,P31FUJ,2.3728010654449463,2.399144328556148,2.388359308242798
SELUMETINIB,3,PL21,0.40791916847229004,3.333008473804709,3.275526285171509
SELUMETINIB,3,RPMI8226,1.7924234867095947,3.9576054489986605,3.8688907623291016
SELUMETINIB,3,RS411,3.8749709129333496,3.237609245358151,3.1848974227905273
SELUMETINIB,3,SBC5,3.7687408924102783,2.4179717003912873,2.406245231628418
SELUMETINIB,3,SKMES1,2.70259690284729,3.0199436552795875,2.978116035461426
SELUMETINIB,3,ST486,3.1991639137268066,3.5974018043488165,3.5266988277435303
SELUMETINIB,3,SUDHL1,5.1152119636535645,2.506457010141432,2.4903059005737305
SELUMETINIB,3,SUDHL10,2.6221156120300293,3.4553127316116448,3.3917148113250732
SELUMETINIB,3,SUDHL5,3.7686209678649902,3.2506553172880093,3.197291135787964
SELUMETINIB,3,WSUDLCL2,3.1117660999298096,2.9291165626931788,2.8918306827545166
SELUMETINIB,4,AMO1,2.631850481033325,3.3136908143124546,3.3221254348754883
SELUMETINIB,4,BEN,3.4328930377960205,3.170107321025579,3.165708303451538
SELUMETINIB,4,BL41,2.9017789363861084,2.7685044253369098,2.7282097339630127
SELUMETINIB,4,CALU3,4.078363418579102,2.7865585896778997,2.747877597808838
SELUMETINIB,4,CHAGOK1,3.2800140380859375,3.3747661221787992,3.388659715652466
SELUMETINIB,4,CMLT1,2.802164077758789,2.5013477463027196,2.4371743202209473
SELUMETINIB,4,CORL23,3.498180389404297,3.079028479552322,3.066488742828369
SELUMETINIB,4,DAUDI,3.7350006103515625,3.059425245893868,3.045133352279663
SELUMETINIB,4,EHEB,3.1203033924102783,3.0661623186262053,3.0524725914001465
SELUMETINIB,4,EPLC272H,1.6855930089950562,2.682672678648365,2.6347062587738037
SELUMETINIB,4,HCC44,0.7247059941291809,3.0204728714672653,3.002699375152588
SELUMETINIB,4,HT,3.604063034057617,2.9305622882614033,2.904752492904663
SELUMETINIB,4,JEKO1,3.632072925567627,2.951625297611787,2.9276981353759766
SELUMETINIB,4,KARPAS422,3.273373603820801,2.866841219024782,2.8353359699249268
SELUMETINIB,4,KCL22,2.515523910522461,2.4230092230235165,2.3518338203430176
SELUMETINIB,4,KNS62,1.8838218450546265,1.9980201517221188,1.8888587951660156
SELUMETINIB,4,LCLC97TM1,1.3416454792022705,2.616979708514548,2.5631415843963623
SELUMETINIB,4,MM1S,2.7252728939056396,3.1595713297834176,3.1542305946350098
SELUMETINIB,4,NB4,-1.3350732326507568,2.1719652285457416,2.0783512592315674
SELUMETINIB,4,NCIH1092,4.637235164642334,3.9123929740966283,3.9743402004241943
SELUMETINIB,4,NCIH1436,4.216794013977051,3.5790296677248796,3.611180543899536
SELUMETINIB,4,NCIH1623,2.4379405975341797,3.417407548938712,3.435112476348877
SELUMETINIB,4,NCIH2029,3.8731555938720703,3.9383973351070427,4.002668857574463
SELUMETINIB,4,NCIH209,4.479588985443115,4.042539965309986,4.116119861602783
SELUMETINIB,4,NCIH2170,5.012014389038086,2.7260232018463366,2.681931495666504
SELUMETINIB,4,NCIH2196,3.360954999923706,3.4684922570208103,3.4907631874084473
SELUMETINIB,4,NCIH2228,2.811908006668091,2.911795744628474,2.8843085765838623
SELUMETINIB,4,NCIH2291,-0.3539170026779175,2.580451174535941,2.523348093032837
SELUMETINIB,4,NCIH2405,3.5945138931274414,3.0218510135260486,3.0042006969451904
SELUMETINIB,4,NCIH460,1.4139469861984253,2.455553466676548,2.387286901473999
SELUMETINIB,4,NCIH526,4.541496276855469,3.77060563959591,3.8198797702789307
SELUMETINIB,4,NCIH929,1.367113471031189,2.6422241982802275,2.5906424522399902
SELUMETINIB,4,OCIAML3,-1.9074499607086182,1.8270752750593395,1.7026346921920776
SELUMETINIB,4,PF382,4.054419994354248,3.178033443433217,3.1743428707122803
SELUMETINIB,4,RAJI,4.029435634613037,2.571534286827348,2.513634204864502
SELUMETINIB,4,RERFLCKJ,3.5188000202178955,2.984115045890413,2.9630918502807617
SELUMETINIB,4,SHP77,3.1335384845733643,3.5068108217916665,3.5325067043304443
SELUMETINIB,4,SKMM2,5.090573310852051,3.2060267761810017,3.204838275909424
SELUMETINIB,4,SUPT1,4.127771854400635,2.817390277890249,2.7814650535583496
SELUMETINIB,4,SW1271,2.5586795806884766,2.7489073196723655,2.7068610191345215
SELUMETINIB,5,CA46,3.814857006072998,3.139935182198067,3.120694398880005
SELUMETINIB,5,CMK,2.624999523162842,2.1184849603141997,1.993977427482605
SELUMETINIB,5,CORL88,3.9931108951568604,3.7940619276639205,3.8422329425811768
SELUMETINIB,5,DB,4.246201515197754,3.1120658370479912,3.0899529457092285
SELUMETINIB,5,DMS79,4.621129035949707,3.688979156733811,3.726320743560791
SELUMETINIB,5,EJM,3.7665135860443115,3.5499559980166007,3.572970390319824
SELUMETINIB,5,EM2,1.9603029489517212,2.5363936141587327,2.454954147338867
SELUMETINIB,5,GDM1,3.2719509601593018,0.9992809661379413,0.7594325542449951
SELUMETINIB,5,HEL,3.7958695888519287,2.6427477419953855,2.5722687244415283
SELUMETINIB,5,JM1,3.1745290756225586,3.0223322907627717,2.990971803665161
SELUMETINIB,5,JURLMK1,0.23702800273895264,1.771351245420034,1.6110694408416748
SELUMETINIB,5,KMS12BM,4.3519110679626465,2.7447297162268782,2.684760570526123
SELUMETINIB,5,KOPN8,2.3674230575561523,2.3545325146014062,2.2543511390686035
SELUMETINIB,5,L1236,3.586411476135254,3.2899946353131155,3.2862184047698975
SELUMETINIB,5,LOUCY,3.1043310165405273,2.8958787494449325,2.8514864444732666
SELUMETINIB,5,MEG01,1.382343053817749,2.5616435145025527,2.4828062057495117
SELUMETINIB,5,MOLP8,2.513029098510742,2.702939423623078,2.6386635303497314
SELUMETINIB,5,NCIH1105,3.601003885269165,4.075750913909284,4.152951717376709
SELUMETINIB,5,NCIH1648,1.155595302581787,2.287773308389336,2.1807119846343994
SELUMETINIB,5,NCIH1781,4.156508922576904,3.446881849958389,3.4592738151550293
SELUMETINIB,5,NCIH1915,1.6559510231018066,3.122818118699281,3.101813316345215
SELUMETINIB,5,NCIH2009,1.4739810228347778,3.0115698503602735,2.979100227355957
SELUMETINIB,5,NCIH2066,4.9108781814575195,3.4733540426018523,3.488474130630493
SELUMETINIB,5,NCIH2085,3.4854280948638916,3.1921118252660134,3.178248167037964
SELUMETINIB,5,NCIH2087,1.7347478866577148,2.9308209630160906,2.8900296688079834
SELUMETINIB,5,NCIH2172,4.582716941833496,2.762311920844821,2.7041547298431396
SELUMETINIB,5,NCIH23,2.662818431854248,2.4303209053449155,2.3379499912261963
SELUMETINIB,5,NCIH446,3.911712884902954,3.709554302372648,3.749016284942627
SELUMETINIB,5,NCIH596,3.107870101928711,2.533005778702569,2.4512171745300293
SELUMETINIB,5,NCIH650,3.9747560024261475,3.1065193750318745,3.0838348865509033
SELUMETINIB,5,NCIH82,4.598150730133057,3.5306308110636766,3.5516536235809326
SELUMETINIB,5,NCIH838,2.5798990726470947,3.3530973395211072,3.3558242321014404
SELUMETINIB,5,OCIAML5,0.8769789934158325,1.0492924983366527,0.8145980834960938
SELUMETINIB,5,OCIM1,2.2372090816497803,1.0062736452675702,0.7671458721160889
SELUMETINIB,5,RPMI8402,3.0418450832366943,2.981411976320963,2.9458343982696533
SELUMETINIB,5,SKLU1,0.4547461271286011,3.0265585474090884,2.995633602142334
SELUMETINIB,5,SUDHL8,4.229053020477295,2.8875954766245577,2.8423495292663574
SELUMETINIB,5,SUPB15,3.067173957824707,2.9087064423537243,2.865636110305786
SELUMETINIB,5,SUPM2,3.4067699909210205,2.894956248377757,2.850468873977661
SELUMETINIB,5,THP1,1.888396978378296,2.3549278413239607,2.2547872066497803
SERDEMETAN,1,ALLSIL,2.486407995223999,2.857929071507431,2.786158561706543
SERDEMETAN,1,AMO1,1.0357015132904053,2.9613352001158333,2.9395642280578613
SERDEMETAN,1,CMLT1,1.55458402633667,2.669617837751453,2.506793975830078
SERDEMETAN,1,CORL105,3.0481350421905518,3.4549584807008777,3.6718671321868896
SERDEMETAN,1,CORL23,3.1564764976501465,3.167617754645642,3.2455897331237793
SERDEMETAN,1,CORL279,3.0369839668273926,3.559044094430826,3.8262808322906494
SERDEMETAN,1,CORL88,3.7969675064086914,3.3084939199282837,3.454583168029785
SERDEMETAN,1,DAUDI,2.4798505306243896,2.4377300403194893,2.1627824306488037
SERDEMETAN,1,DMS273,3.026221990585327,3.4823358812272733,3.712482213973999
SERDEMETAN,1,DMS53,3.719230890274048,2.997909756398102,2.993823528289795
SERDEMETAN,1,HCC15,3.4185609817504883,3.088926531291958,3.1288492679595947
SERDEMETAN,1,JM1,2.181381940841675,2.9994001880483423,2.996034622192383
SERDEMETAN,1,K562,2.635786533355713,2.8583186344058764,2.786736488342285
SERDEMETAN,1,KG1,3.9911694526672363,2.642843263310895,2.4670732021331787
SERDEMETAN,1,KMS11,3.115438461303711,3.0379338085765064,3.0532002449035645
SERDEMETAN,1,LU65,3.666205406188965,2.7791203685832997,2.669243812561035
SERDEMETAN,1,MOLM13,0.13611799478530884,2.6106760390942068,2.4193522930145264
SERDEMETAN,1,MOLT16,-0.2261359989643097,2.640905895018502,2.4641990661621094
SERDEMETAN,1,NB4,1.6461164951324463,2.848530866582434,2.7722160816192627
SERDEMETAN,1,NCIH1048,2.4278109073638916,2.9542219808715693,2.929011583328247
SERDEMETAN,1,NCIH1341,3.32832407951355,3.231324306113577,3.340100049972534
SERDEMETAN,1,NCIH1436,5.11948299407959,3.3367351408256134,3.4964797496795654
SERDEMETAN,1,NCIH1568,2.5628345012664795,3.0343448157348876,3.0478758811950684
SERDEMETAN,1,NCIH1781,3.5912814140319824,3.0448467822054797,3.063455820083618
SERDEMETAN,1,NCIH1792,2.5314431190490723,3.2263046660269246,3.332653284072876
SERDEMETAN,1,NCIH1975,4.020074367523193,3.6629873184214907,3.980483293533325
SERDEMETAN,1,NCIH2066,5.064986705780029,3.4277503086118024,3.631503105163574
SERDEMETAN,1,NCIH2087,2.26359486579895,2.9726023105466144,2.9562792778015137
SERDEMETAN,1,NCIH2122,3.4339609146118164,3.0393814911628088,3.0553479194641113
SERDEMETAN,1,NCIH2228,2.6009280681610107,3.581934450351364,3.860239267349243
SERDEMETAN,1,NCIH2347,2.152431011199951,3.18659383913279,3.2737412452697754
SERDEMETAN,1,NCIH2444,2.979120969772339,3.2495445678650037,3.3671302795410156
SERDEMETAN,1,NCIH727,3.4291930198669434,3.17825375389565,3.2613685131073
SERDEMETAN,1,NCIH841,3.038003921508789,3.218749974306576,3.3214457035064697
SERDEMETAN,1,OCIAML3,2.9259889125823975,2.6058791441301805,2.412235975265503
SERDEMETAN,1,OPM2,3.411186456680298,3.098606622901721,3.143209934234619
SERDEMETAN,1,P12ICHIKAWA,3.0764119625091553,2.7450831138854603,2.618748664855957
SERDEMETAN,1,REH,2.549482583999634,2.581750190330798,2.3764400482177734
SERDEMETAN,1,SUDHL5,1.8050049543380737,2.7404035377811145,2.6118063926696777
SERDEMETAN,1,SUDHL8,4.335785865783691,2.8424243395806883,2.7631568908691406
SERDEMETAN,1,THP1,3.2002954483032227,2.7177143917404663,2.578146457672119
SERDEMETAN,2,A4FUK,1.8891229629516602,2.495154087034534,2.4271674156188965
SERDEMETAN,2,CA46,3.5308220386505127,2.8279535947991676,2.8035778999328613
SERDEMETAN,2,CORL311,3.3793931007385254,3.2445583837958045,3.274775743484497
SERDEMETAN,2,CORL95,3.0658254623413086,3.061687923204068,3.067941427230835
SERDEMETAN,2,DND41,2.3262031078338623,2.83180039943135,2.8079288005828857
SERDEMETAN,2,GA10,2.549983501434326,3.055193528776269,3.060595989227295
SERDEMETAN,2,GRANTA519,2.5222315788269043,2.3942343300456743,2.3130228519439697
SERDEMETAN,2,HCC33,3.6089470386505127,3.3992815499752074,3.4497742652893066
SERDEMETAN,2,HCC366,2.84592604637146,3.2637755433274447,3.296511173248291
SERDEMETAN,2,HCC44,2.9092674255371094,2.842605348296296,2.8201496601104736
SERDEMETAN,2,HDLM2,2.4377593994140625,2.4919322906622248,2.423523426055908
SERDEMETAN,2,JVM2,1.1946619749069214,2.5157036840739844,2.4504098892211914
SERDEMETAN,2,KCL22,1.8296979665756226,2.6403939912931405,2.591439962387085
SERDEMETAN,2,KMS12BM,1.7845804691314697,3.008996670363977,3.008345365524292
SERDEMETAN,2,L363,2.044240951538086,2.511801440260572,2.4459962844848633
SERDEMETAN,2,L428,3.6238794326782227,2.5607430651321574,2.5013513565063477
SERDEMETAN,2,LCLC97TM1,3.312819480895996,3.0634746247253775,3.0699622631073
SERDEMETAN,2,LOUNH91,4.280699729919434,3.4512267980154028,3.508526563644409
SERDEMETAN,2,MONOMAC6,1.9994674921035767,2.466348267899151,2.3945868015289307
SERDEMETAN,2,NAMALWA,2.912384033203125,2.6169866414782783,2.56496524810791
SERDEMETAN,2,NCIH1155,2.904690980911255,3.403473848212088,3.4545159339904785
SERDEMETAN,2,NCIH1648,2.4324400424957275,2.662374045685541,2.616300344467163
SERDEMETAN,2,NCIH1650,6.8277459144592285,3.9666726908978283,4.091517925262451
SERDEMETAN,2,NCIH1793,5.15952730178833,3.2532444176427937,3.284600019454956
SERDEMETAN,2,NCIH1876,4.556848049163818,3.848109783374451,3.957418203353882
SERDEMETAN,2,NCIH1915,2.558743715286255,3.1145048100822312,3.1276795864105225
SERDEMETAN,2,NCIH211,3.6396429538726807,2.843373908200342,2.821018934249878
SERDEMETAN,2,NCIH2110,3.093285083770752,2.5591446038725905,2.4995434284210205
SERDEMETAN,2,NCIH2170,3.2567338943481445,3.040286923681776,3.043735980987549
SERDEMETAN,2,NCIH2171,3.6617650985717773,3.825784656968084,3.9321675300598145
SERDEMETAN,2,NCIH2291,3.5031535625457764,2.820802572806612,2.79548978805542
SERDEMETAN,2,NCIH2342,3.0333526134490967,3.5545342341137336,3.6253716945648193
SERDEMETAN,2,NCIH810,3.848803997039795,3.44140099362503,3.497413158416748
SERDEMETAN,2,OCILY19,2.4370059967041016,2.8378249309885737,2.8147428035736084
SERDEMETAN,2,OCIM1,2.9758834838867188,2.396283050206789,2.315340042114258
SERDEMETAN,2,RERFLCMS,1.817181944847107,3.3220650994949232,3.3624391555786133
SERDEMETAN,2,RL,3.4037320613861084,3.12287675883404,3.13714861869812
SERDEMETAN,2,SKMM2,4.221294403076172,2.6635024332791666,2.6175765991210938
SERDEMETAN,2,SUDHL10,2.6022729873657227,2.7990354217337634,2.7708702087402344
SERDEMETAN,2,SUDHL6,1.8013005256652832,2.133771992426998,2.0184288024902344
SERDEMETAN,2,SUPT1,3.77695894241333,2.481771743230814,2.412031412124634
SERDEMETAN,3,697,1.8811310529708862,2.797171425517297,2.7508487701416016
SERDEMETAN,3,A3KAW,2.4797630310058594,3.628864454194329,3.685840606689453
SERDEMETAN,3,ABC1,3.108393907546997,3.36252159278846,3.3864171504974365
SERDEMETAN,3,CAL12T,4.107211112976074,2.8576568802124767,2.8188467025756836
SERDEMETAN,3,CALU3,3.2679929733276367,2.9442703275671076,2.916217803955078
SERDEMETAN,3,CHAGOK1,3.30704402923584,3.049566137984696,3.0345916748046875
SERDEMETAN,3,DMS114,3.931117534637451,3.524183457500115,3.568157911300659
SERDEMETAN,3,DMS79,2.4761199951171875,3.695018962231877,3.760211706161499
SERDEMETAN,3,EHEB,1.7713559865951538,2.083568122429691,1.9486137628555298
SERDEMETAN,3,EJM,3.0564520359039307,2.6249739567525885,2.5572638511657715
SERDEMETAN,3,EM2,2.867933511734009,2.57812659316091,2.5045979022979736
SERDEMETAN,3,GDM1,3.171466112136841,2.987442805957463,2.964752435684204
SERDEMETAN,3,HCC78,2.869997501373291,3.1259574323670414,3.1204710006713867
SERDEMETAN,3,HH,3.214168071746826,2.07408993859904,1.9379583597183228
SERDEMETAN,3,JEKO1,2.8047995567321777,2.5222735552162208,2.441807746887207
SERDEMETAN,3,JURKAT,3.4636216163635254,2.766683748238525,2.7165744304656982
SERDEMETAN,3,JVM3,0.8946805000305176,2.282051263744616,2.1717491149902344
SERDEMETAN,3,KNS62,2.8082170486450195,2.813136010772374,2.76879620552063
SERDEMETAN,3,LP1,3.5112335681915283,2.5417531189642992,2.4637067317962646
SERDEMETAN,3,LXF289,3.084610939025879,3.011182589807352,2.991440773010254
SERDEMETAN,3,MOLP8,2.4909980297088623,3.4286816148504333,3.460794448852539
SERDEMETAN,3,NALM6,2.9968295097351074,2.8561500669994455,2.817152738571167
SERDEMETAN,3,NCIH146,3.354793071746826,3.3400591539043822,3.3611648082733154
SERDEMETAN,3,NCIH1623,3.7810122966766357,3.105685333646817,3.0976810455322266
SERDEMETAN,3,NCIH1944,2.242047071456909,2.9888800576315955,2.9663681983947754
SERDEMETAN,3,NCIH2172,2.3320255279541016,3.201557464244416,3.205460786819458
SERDEMETAN,3,NCIH441,4.748251438140869,2.731000163328612,2.6764588356018066
SERDEMETAN,3,NCIH647,2.5864064693450928,3.0188040319518543,3.0000088214874268
SERDEMETAN,3,NCIH661,4.888747215270996,3.634614309202308,3.6923046112060547
SERDEMETAN,3,NCIH69,4.145040512084961,3.054445837522856,3.0400774478912354
SERDEMETAN,3,NUDUL1,1.3711625337600708,2.2593928649155917,2.1462764739990234
SERDEMETAN,3,P31FUJ,3.684554100036621,2.3955884198987816,2.2993879318237305
SERDEMETAN,3,RPMI8226,3.0638084411621094,3.3194992655247515,3.3380513191223145
SERDEMETAN,3,RPMI8402,1.9687755107879639,2.643375528725602,2.577950954437256
SERDEMETAN,3,RS411,1.7038915157318115,3.5849458858837138,3.636467218399048
SERDEMETAN,3,SIGM5,2.8060500621795654,2.724648643424733,2.669318437576294
SERDEMETAN,3,SKLU1,2.884735584259033,2.8125835479405734,2.7681751251220703
SERDEMETAN,3,SKM1,1.5268340110778809,2.7806043270548697,2.7322239875793457
SERDEMETAN,3,SKMES1,3.8834235668182373,3.468627540640782,3.505701780319214
SERDEMETAN,3,SUDHL4,3.2776260375976562,2.4986671683418415,2.415269374847412
SERDEMETAN,3,WSUDLCL2,2.898747444152832,2.520740656426103,2.440084457397461
SERDEMETAN,4,BL41,2.6158089637756348,2.9250129922868755,2.925987720489502
SERDEMETAN,4,BV173,0.5993890166282654,2.652173209176498,2.5508456230163574
SERDEMETAN,4,CMK,3.1296188831329346,3.0333720683516034,3.0749764442443848
SERDEMETAN,4,COLO668,3.1150450706481934,3.023407744316258,3.0612759590148926
SERDEMETAN,4,EBC1,3.1022095680236816,3.0777670993475197,3.1360175609588623
SERDEMETAN,4,HCC827,2.790271043777466,3.132938838795209,3.211876153945923
SERDEMETAN,4,HEL,2.2432544231414795,2.789048625568817,2.7390429973602295
SERDEMETAN,4,HL60,3.455230474472046,2.7879603599130007,2.737546682357788
SERDEMETAN,4,IALM,3.132957935333252,3.003441641595845,3.0338234901428223
SERDEMETAN,4,JURLMK1,1.2780674695968628,2.743714974114817,2.676711320877075
SERDEMETAN,4,KARPAS422,4.205289363861084,2.9157975878448172,2.9133169651031494
SERDEMETAN,4,KOPN8,2.345000982284546,3.3974092417042434,3.5755107402801514
SERDEMETAN,4,KU812,2.250282049179077,2.54076574078716,2.397665500640869
SERDEMETAN,4,L540,2.5663983821868896,2.4304696004074025,2.2460134029388428
SERDEMETAN,4,MHHCALL2,2.9999840259552,2.8152299459280803,2.775041103363037
SERDEMETAN,4,MOLM16,1.973691463470459,2.7671253439992642,2.70889949798584
SERDEMETAN,4,NCIH1105,3.613253116607666,3.820639327315022,4.157432556152344
SERDEMETAN,4,NCIH1435,4.234803676605225,3.0856762728805176,3.1468923091888428
SERDEMETAN,4,NCIH1437,2.6238129138946533,3.1846252150048637,3.282942533493042
SERDEMETAN,4,NCIH1651,1.3804490566253662,3.303388013634548,3.4462358951568604
SERDEMETAN,4,NCIH1963,3.781869411468506,3.5635389937446047,3.803931474685669
SERDEMETAN,4,NCIH2009,2.3777310848236084,3.3263359226356206,3.477788209915161
SERDEMETAN,4,NCIH2030,3.313870906829834,3.406405987288433,3.587880849838257
SERDEMETAN,4,NCIH2081,4.838190078735352,3.4687371136700524,3.6735832691192627
SERDEMETAN,4,NCIH209,1.3675860166549683,3.3866897556339906,3.560771942138672
SERDEMETAN,4,NCIH2227,4.62829065322876,3.478584565326172,3.6871230602264404
SERDEMETAN,4,NCIH23,3.637542486190796,3.021384152824324,3.0584936141967773
SERDEMETAN,4,NCIH2405,5.175168037414551,3.4854569733467216,3.6965723037719727
SERDEMETAN,4,NCIH358,2.8259329795837402,3.0128415448680164,3.046747922897339
SERDEMETAN,4,NCIH522,3.4626100063323975,3.3177917540689075,3.4660403728485107
SERDEMETAN,4,NCIH596,3.1751439571380615,2.997806797626532,3.026075839996338
SERDEMETAN,4,NCIH650,4.894471645355225,3.0859824993222276,3.147313356399536
SERDEMETAN,4,NCIH82,2.8346920013427734,3.0007724775996722,3.030153512954712
SERDEMETAN,4,NOMO1,2.6387391090393066,2.5021062998322625,2.344510555267334
SERDEMETAN,4,PF382,3.191904067993164,2.6149373917133554,2.499648094177246
SERDEMETAN,4,RCHACV,2.2988405227661133,2.8244684127239026,2.78774356842041
SERDEMETAN,4,RERFLCKJ,2.944736957550049,3.3292686563890976,3.481820583343506
SERDEMETAN,4,ST486,3.4150619506835938,2.586497174493302,2.4605441093444824
SERDEMETAN,4,SUPB15,1.2150269746780396,2.4655120666467685,2.2941951751708984
SERDEMETAN,4,SW1573,3.4992620944976807,3.083111669781486,3.1433660984039307
SERDEMETAN,5,A549,3.862704038619995,2.968305075193415,2.9486682415008545
SERDEMETAN,5,BEN,2.9444925785064697,3.1285828279107895,3.119232177734375
SERDEMETAN,5,CALU6,3.976512908935547,3.169517453687448,3.1627938747406006
SERDEMETAN,5,DB,2.303929567337036,2.913015963873268,2.8898308277130127
SERDEMETAN,5,DOHH2,1.455502986907959,2.7868880007321026,2.755608320236206
SERDEMETAN,5,EPLC272H,2.602424383163452,3.1931541525653975,3.1879475116729736
SERDEMETAN,5,HARA,2.0973598957061768,2.8968489923681617,2.872626304626465
SERDEMETAN,5,HT,3.405306577682495,2.92328059388779,2.90075421333313
SERDEMETAN,5,KMH2,3.046281099319458,2.482320458609217,2.4314944744110107
SERDEMETAN,5,L1236,3.9025259017944336,3.334811916621454,3.3386964797973633
SERDEMETAN,5,LAMA84,2.05561900138855,2.6350296821850123,2.5940041542053223
SERDEMETAN,5,LCLC103H,2.268479347229004,3.2036762048753338,3.1991448402404785
SERDEMETAN,5,LOUCY,2.273411989212036,2.8205363881349985,2.7914161682128906
SERDEMETAN,5,ME1,4.437317371368408,2.9110376880956306,2.887725591659546
SERDEMETAN,5,MEG01,2.5835630893707275,2.9093154903716556,2.885892868041992
SERDEMETAN,5,MM1S,1.839510440826416,2.7322044703210104,2.697415351867676
SERDEMETAN,5,MOLT13,2.668610095977783,2.257592138954578,2.1923437118530273
SERDEMETAN,5,NCIH1092,4.764313220977783,3.563756450529701,3.582334041595459
SERDEMETAN,5,NCIH1836,5.320160865783691,3.937463050778822,3.9800240993499756
SERDEMETAN,5,NCIH196,4.678826332092285,3.512431956215338,3.5277156829833984
SERDEMETAN,5,NCIH2023,3.378016471862793,3.8631827160336485,3.9009766578674316
SERDEMETAN,5,NCIH2029,3.0399603843688965,3.105646703025668,3.0948240756988525
SERDEMETAN,5,NCIH2085,4.489559173583984,3.183446262676292,3.177616596221924
SERDEMETAN,5,NCIH2196,2.241381883621216,3.39134601984379,3.3988587856292725
SERDEMETAN,5,NCIH292,3.224926710128784,3.344537729733913,3.349046468734741
SERDEMETAN,5,NCIH446,3.5163369178771973,3.7209794138667713,3.7496471405029297
SERDEMETAN,5,NCIH460,1.155676007270813,3.4567427089338247,3.4684524536132812
SERDEMETAN,5,NCIH524,2.9401824474334717,3.4870414699322527,3.5006957054138184
SERDEMETAN,5,NCIH526,3.5193445682525635,3.363192668680771,3.368898630142212
SERDEMETAN,5,NCIH838,3.6356260776519775,3.193459519483282,3.188272476196289
SERDEMETAN,5,NCIH929,3.0240750312805176,2.3780684616918157,2.320551872253418
SERDEMETAN,5,OCIAML2,1.926440954208374,2.7056772035967325,2.6691856384277344
SERDEMETAN,5,OCIAML5,2.393371105194092,2.2297275757278405,2.1626908779144287
SERDEMETAN,5,PL21,3.0215699672698975,3.516550488901669,3.5320985317230225
SERDEMETAN,5,RAJI,3.4558866024017334,2.2221648716338516,2.1546428203582764
SERDEMETAN,5,SBC5,2.9266254901885986,2.7255300859844764,2.690312623977661
SERDEMETAN,5,SHP77,3.0703375339508057,3.5642289515053562,3.582836866378784
SERDEMETAN,5,SUDHL1,2.3559019565582275,2.562712164437334,2.517045497894287
SERDEMETAN,5,SUPM2,2.2662765979766846,2.931294067049119,2.9092819690704346
SERDEMETAN,5,SW1271,3.3570079803466797,3.5172205934147964,3.5328116416931152
SGC0946,1,AMO1,1.0796170234680176,1.6183366567335953,1.5513997077941895
SGC0946,1,CA46,2.0154635906219482,1.3804178162867546,1.2421855926513672
SGC0946,1,CALU6,2.1745734214782715,1.9661561418416431,2.0034475326538086
SGC0946,1,CMK,1.1854050159454346,1.5542411555016442,1.46809720993042
SGC0946,1,COLO668,2.2319819927215576,1.9712845744294243,2.010112762451172
SGC0946,1,CORL105,2.8991684913635254,1.9289439113849352,1.955084204673767
SGC0946,1,DMS114,2.317967414855957,1.7485808850430673,1.7206732034683228
SGC0946,1,DMS53,1.5900394916534424,1.7608409868711756,1.7366071939468384
SGC0946,1,EJM,1.6527459621429443,1.4576032399510077,1.3425005674362183
SGC0946,1,GA10,1.4133599996566772,1.1505406318398523,0.9434229135513306
SGC0946,1,GDM1,1.7342164516448975,1.651478849645275,1.5944733619689941
SGC0946,1,HARA,1.181185007095337,1.900502078466832,1.9181194305419922
SGC0946,1,JURKAT,1.3737014532089233,1.5700549844756424,1.488649845123291
SGC0946,1,JURLMK1,1.6638915538787842,1.6513507122092124,1.5943068265914917
SGC0946,1,KARPAS422,1.8627790212631226,1.5216731503850622,1.4257698059082031
SGC0946,1,L1236,1.6931730508804321,1.6828082234543487,1.6351909637451172
SGC0946,1,LCLC103H,2.378614902496338,2.014265374314487,2.0659732818603516
SGC0946,1,MOLP8,1.341202974319458,1.6429973804700182,1.5834503173828125
SGC0946,1,NALM6,1.2075635194778442,1.3974106564297926,1.264270544052124
SGC0946,1,NAMALWA,1.4096829891204834,1.6560683161813,1.600438117980957
SGC0946,1,NCIH1651,1.8178470134735107,1.8420981908229659,1.8422141075134277
SGC0946,1,NCIH1836,1.825474500656128,2.0199291040224265,2.073334217071533
SGC0946,1,NCIH1876,1.5173025131225586,2.0887487215800515,2.162776470184326
SGC0946,1,NCIH196,1.0817835330963135,1.91207865833822,1.9331650733947754
SGC0946,1,NCIH1963,2.164278984069824,1.7677841647506518,1.7456309795379639
SGC0946,1,NCIH2009,2.3882369995117188,1.999875274247119,2.0472710132598877
SGC0946,1,NCIH2066,2.092264413833618,1.7535888849511418,1.7271819114685059
SGC0946,1,NCIH2087,2.0444090366363525,2.0176637222071987,2.070389986038208
SGC0946,1,NCIH2171,0.7926089763641357,2.0476348575386667,2.109342336654663
SGC0946,1,NCIH2228,3.344938039779663,2.016343640618213,2.068674325942993
SGC0946,1,NCIH2342,2.1805055141448975,2.011681712683126,2.062615394592285
SGC0946,1,NCIH2405,2.775679588317871,2.0461210563613035,2.107374906539917
SGC0946,1,NCIH661,1.94052255153656,1.7200128408779904,1.683544397354126
SGC0946,1,NCIH727,2.599903106689453,1.9324260943646627,1.959609866142273
SGC0946,1,OCIAML2,1.0522550344467163,1.475311796925539,1.3655157089233398
SGC0946,1,OCILY19,1.3952829837799072,1.6046427364369613,1.533602237701416
SGC0946,1,P12ICHIKAWA,1.334028959274292,1.2400207370125256,1.059716820716858
SGC0946,1,RCHACV,0.9073305130004883,1.6316519432893084,1.5687050819396973
SGC0946,1,SUDHL1,1.7138780355453491,1.608481906461181,1.5385918617248535
SGC0946,1,SUDHL5,0.9198845028877258,1.415147647624209,1.2873226404190063
SGC0946,1,WSUDLCL2,1.3705384731292725,1.3796902671508575,1.2412400245666504
SGC0946,2,A3KAW,1.2665605545043945,1.7240294040781465,1.735335350036621
SGC0946,2,ALLSIL,1.474990963935852,1.523285947599186,1.5267953872680664
SGC0946,2,CORL88,2.6757025718688965,1.8509117169254805,1.8671455383300781
SGC0946,2,CORL95,1.9653069972991943,2.0793066274984575,2.1044108867645264
SGC0946,2,HCC15,2.2721340656280518,1.901392954014179,1.9195873737335205
SGC0946,2,HCC366,2.7295584678649902,2.1456216458625255,2.1733014583587646
SGC0946,2,HCC44,1.4710659980773926,1.7863552808260927,1.8000818490982056
SGC0946,2,HCC78,1.6673195362091064,2.0878873614249627,2.1133248805999756
SGC0946,2,HDLM2,1.8901640176773071,1.4219313640842095,1.4215043783187866
SGC0946,2,HL60,1.8660800457000732,1.1446759809188691,1.1334809064865112
SGC0946,2,IALM,1.8713074922561646,1.8201640105204957,1.8352036476135254
SGC0946,2,JM1,0.928643524646759,1.8159007251503567,1.8307747840881348
SGC0946,2,JVM3,1.5169734954833984,1.5522578588625124,1.5568925142288208
SGC0946,2,L540,1.505599021911621,1.4845755643037526,1.486581563949585
SGC0946,2,LAMA84,1.758136510848999,1.5010576972786611,1.5037038326263428
SGC0946,2,LCLC97TM1,1.1334819793701172,1.9117446634767885,1.930341124534607
SGC0946,2,LOUCY,1.2069710493087769,1.3929560102454874,1.3914036750793457
SGC0946,2,LOUNH91,1.4252384901046753,2.2705173632014657,2.3030478954315186
SGC0946,2,MEG01,1.6206940412521362,1.8539399209961254,1.8702913522720337
SGC0946,2,MOLM13,1.1699905395507812,1.4089276092892011,1.407995581626892
SGC0946,2,NCIH1048,1.5598725080490112,1.8811333978099898,1.89854097366333
SGC0946,2,NCIH1648,2.9867019653320312,2.03255645362371,2.055845022201538
SGC0946,2,NCIH1650,3.0297980308532715,2.0631907845456605,2.0876691341400146
SGC0946,2,NCIH1793,3.2263829708099365,2.081135782558751,2.106311082839966
SGC0946,2,NCIH1915,2.30696702003479,1.7919693180290241,1.8059139251708984
SGC0946,2,NCIH2029,1.5856980085372925,2.1019181512130465,2.1279006004333496
SGC0946,2,NCIH2085,2.1401214599609375,1.8516208874570121,1.867882251739502
SGC0946,2,NCIH209,1.566375494003296,1.9987701006693797,2.0207464694976807
SGC0946,2,NCIH211,1.2710789442062378,1.7915232750102437,1.8054505586624146
SGC0946,2,NCIH2110,1.8724950551986694,1.7045105753466168,1.715058445930481
SGC0946,2,NCIH2122,1.5180729627609253,1.9955405059380815,2.0173914432525635
SGC0946,2,NCIH2227,1.4804760217666626,1.7851833134088546,1.7988643646240234
SGC0946,2,NCIH441,2.731696605682373,2.158282290643087,2.1864538192749023
SGC0946,2,NCIH596,2.1699540615081787,1.9782856295393327,1.9994664192199707
SGC0946,2,NCIH82,1.7604365348815918,1.3334245866988124,1.3295601606369019
SGC0946,2,RAJI,2.008012056350708,1.3806463934027824,1.3786159753799438
SGC0946,2,RS411,1.5064959526062012,2.1517214304538017,2.179638147354126
SGC0946,2,SBC5,1.0702675580978394,1.9830692028042878,2.0044357776641846
SGC0946,2,ST486,1.6415859460830688,1.2461250057522033,1.2388700246810913
SGC0946,2,SUDHL6,0.9380155205726624,1.4680032358534745,1.4693655967712402
SGC0946,2,SUPT1,1.6529104709625244,1.3273673752899302,1.3232676982879639
SGC0946,3,697,1.1792634725570679,1.4075271288773903,1.3427895307540894
SGC0946,3,A4FUK,1.8749134540557861,1.5248394950972266,1.487980842590332
SGC0946,3,ABC1,2.46315598487854,1.8060247788930979,1.835988998413086
SGC0946,3,BV173,1.5632480382919312,1.4900458859232075,1.4449186325073242
SGC0946,3,CORL279,1.2912180423736572,1.641961245445392,1.6329362392425537
SGC0946,3,CORL311,2.093195915222168,1.64380325551605,1.6352159976959229
SGC0946,3,DAUDI,1.3473670482635498,1.4824012166443963,1.4354572296142578
SGC0946,3,EBC1,1.760638952255249,1.8273695184715386,1.8624062538146973
SGC0946,3,EHEB,2.5393760204315186,1.6326010333215437,1.6213515996932983
SGC0946,3,EPLC272H,1.4087779521942139,1.7564273766940954,1.7746049165725708
SGC0946,3,GRANTA519,2.1831350326538086,1.5318876590232045,1.4967039823532104
SGC0946,3,HCC827,2.410658597946167,1.7846041397154269,1.8094778060913086
SGC0946,3,JEKO1,1.4861564636230469,1.5961806876863585,1.5762760639190674
SGC0946,3,K562,1.836079478263855,1.4713382721408632,1.4217652082443237
SGC0946,3,KMH2,1.3438270092010498,1.561380625120019,1.5332058668136597
SGC0946,3,KMS11,1.1350704431533813,1.523404722977768,1.4862051010131836
SGC0946,3,KNS62,1.8465964794158936,1.6875259516792036,1.6893292665481567
SGC0946,3,L363,1.3983210325241089,1.6174834320550728,1.6026413440704346
SGC0946,3,L428,1.5914164781570435,1.5840844298572647,1.5613051652908325
SGC0946,3,LU65,2.8545379638671875,1.7217416451230432,1.7316762208938599
SGC0946,3,LXF289,1.396934986114502,2.081836216952609,2.1773462295532227
SGC0946,3,MOLT13,1.4863979816436768,1.2940503893587536,1.202345371246338
SGC0946,3,NCIH1437,2.0106780529022217,1.8667950259036559,1.9112011194229126
SGC0946,3,NCIH1568,2.333177089691162,2.0722062145020557,2.1654276847839355
SGC0946,3,NCIH2196,1.9531739950180054,1.905206098590732,1.958740472793579
SGC0946,3,NCIH292,1.712003469467163,1.7368473027977571,1.7503716945648193
SGC0946,3,NCIH358,2.090290069580078,1.9279607599122333,1.9869027137756348
SGC0946,3,NCIH460,1.7412844896316528,1.7985099480150002,1.826688289642334
SGC0946,3,NCIH524,1.6143674850463867,1.5711004934666157,1.5452356338500977
SGC0946,3,NCIH69,2.0388998985290527,1.6255752154704661,1.6126561164855957
SGC0946,3,NCIH841,0.583387017250061,1.9641238367282003,2.0316598415374756
SGC0946,3,NOMO1,1.8316584825515747,1.4987016187719673,1.4556313753128052
SGC0946,3,P31FUJ,1.584228515625,1.3934609489626921,1.325380563735962
SGC0946,3,RPMI8226,1.129062533378601,1.5336610897605478,1.4988988637924194
SGC0946,3,SIGM5,-0.38082799315452576,1.4934765863361283,1.449164628982544
SGC0946,3,SKLU1,2.18300199508667,1.9934060562220766,2.0679008960723877
SGC0946,3,SKM1,1.4127124547958374,1.6505336621097177,1.6435458660125732
SGC0946,3,SUDHL10,0.28954949975013733,1.5957251937716888,1.5757123231887817
SGC0946,3,SUDHL4,0.5377069711685181,1.610648807991396,1.5941824913024902
SGC0946,3,SW1271,2.788983106613159,2.027787226203324,2.110452651977539
SGC0946,3,SW1573,2.3435709476470947,1.821979394775445,1.855735182762146
SGC0946,4,BL41,0.49949800968170166,1.5072187743797854,1.4780908823013306
SGC0946,4,CAL12T,2.168044090270996,2.0067341962330008,2.0249059200286865
SGC0946,4,CALU3,2.7622499465942383,1.7999021464256078,1.798488736152649
SGC0946,4,CHAGOK1,2.2181553840637207,2.2602814913104368,2.302461862564087
SGC0946,4,DMS79,2.3430325984954834,1.9556583619271488,1.9689936637878418
SGC0946,4,DOHH2,0.36578699946403503,1.367476613300987,1.3251163959503174
SGC0946,4,EM2,1.8007659912109375,1.4760647870584223,1.4439868927001953
SGC0946,4,HEL,1.1403554677963257,1.5618084095102118,1.5378496646881104
SGC0946,4,HH,2.299149513244629,1.5086626484657875,1.4796714782714844
SGC0946,4,HT,2.03256893157959,1.5546669009077512,1.5300319194793701
SGC0946,4,KMS12BM,1.3806999921798706,1.4923061108994835,1.4617661237716675
SGC0946,4,KU812,1.681514024734497,1.6651319258509656,1.6509569883346558
SGC0946,4,LP1,1.8928459882736206,1.5000941449147656,1.4702916145324707
SGC0946,4,ME1,2.0817010402679443,1.4893274331806194,1.458505392074585
SGC0946,4,MHHCALL2,1.156125545501709,1.520368711422941,1.4924860000610352
SGC0946,4,MM1S,1.4434770345687866,1.4956245493203861,1.4653987884521484
SGC0946,4,NB4,0.3899399936199188,1.4161773896223977,1.3784286975860596
SGC0946,4,NCIH1092,2.4995994567871094,1.7978850350525766,1.7962806224822998
SGC0946,4,NCIH146,1.7577004432678223,1.6339920952255207,1.616868495941162
SGC0946,4,NCIH1792,1.446552038192749,1.866971017905647,1.87190842628479
SGC0946,4,NCIH1944,1.7541170120239258,2.147367684666345,2.178856134414673
SGC0946,4,NCIH2023,2.044867992401123,2.087464388171828,2.1132805347442627
SGC0946,4,NCIH2030,2.3255228996276855,2.2683298996329544,2.311272382736206
SGC0946,4,NCIH2170,2.075360059738159,1.9633805128575803,1.9774470329284668
SGC0946,4,NCIH2172,2.6145401000976562,1.972541855274595,1.987475872039795
SGC0946,4,NCIH2291,1.7950990200042725,1.9956458008085274,2.0127675533294678
SGC0946,4,NCIH23,1.7011795043945312,1.9436990030107193,1.955901861190796
SGC0946,4,NCIH2444,1.66178297996521,2.148343189912775,2.1799240112304688
SGC0946,4,NCIH446,1.7857035398483276,1.6039617139694242,1.5839945077896118
SGC0946,4,NCIH522,2.0970284938812256,1.580008257782735,1.5577728748321533
SGC0946,4,NCIH647,1.0357789993286133,2.0853434973279494,2.1109588146209717
SGC0946,4,NCIH650,2.094691514968872,2.0009963784796665,2.018624782562256
SGC0946,4,NUDUL1,1.3843920230865479,1.1774603224959543,1.1171072721481323
SGC0946,4,OCIAML5,1.4829695224761963,1.5001337836633366,1.4703350067138672
SGC0946,4,OCIM1,1.1010504961013794,1.5384097869058577,1.512235403060913
SGC0946,4,REH,1.5148580074310303,1.4070978293487262,1.368489384651184
SGC0946,4,RERFLCMS,2.185351610183716,2.2068525963476473,2.243973731994629
SGC0946,4,SHP77,1.4903830289840698,1.9201361627337132,1.930107831954956
SGC0946,4,SUDHL8,1.1331230401992798,1.1731520043373824,1.1123909950256348
SGC0946,4,THP1,1.4772839546203613,1.5277979276455254,1.5006186962127686
SGC0946,5,A549,1.670989990234375,2.1491534500990017,2.214651346206665
SGC0946,5,BEN,2.920207977294922,1.8874695989899402,1.8987072706222534
SGC0946,5,CMLT1,1.2895619869232178,1.540178125859839,1.4794048070907593
SGC0946,5,CORL23,1.93669855594635,1.6100949715654493,1.5638189315795898
SGC0946,5,DB,1.7447400093078613,1.1990697167033142,1.0675674676895142
SGC0946,5,DMS273,2.0446765422821045,1.6108258175865346,1.5647013187408447
SGC0946,5,DND41,1.3299064636230469,1.4961800500495304,1.4262837171554565
SGC0946,5,HCC33,1.6335090398788452,1.627694912790863,1.5850682258605957
SGC0946,5,JVM2,2.3971049785614014,1.661071925849462,1.625365972518921
SGC0946,5,KCL22,1.6349514722824097,1.486204327691473,1.414239525794983
SGC0946,5,KG1,1.7484954595565796,1.6476216734343936,1.6091268062591553
SGC0946,5,KOPN8,1.3819794654846191,1.567877604751395,1.5128477811813354
SGC0946,5,MOLM16,1.2036784887313843,1.635351912106612,1.5943129062652588
SGC0946,5,MOLT16,0.9454990029335022,1.3252324800905595,1.2198901176452637
SGC0946,5,MONOMAC6,1.5991774797439575,1.5255755222002303,1.4617743492126465
SGC0946,5,NCIH1105,1.8609185218811035,1.8177948546682399,1.8145854473114014
SGC0946,5,NCIH1155,1.8799179792404175,1.8803710521323458,1.8901368379592896
SGC0946,5,NCIH1341,1.658968448638916,1.9361171667122876,1.9574419260025024
SGC0946,5,NCIH1435,1.9362150430679321,2.1186698052924813,2.177846908569336
SGC0946,5,NCIH1436,1.4751185178756714,1.8183458031683286,1.8152506351470947
SGC0946,5,NCIH1623,1.8494174480438232,2.2421160371236444,2.326889753341675
SGC0946,5,NCIH1781,2.195913076400757,2.0806717363734615,2.131969928741455
SGC0946,5,NCIH1975,1.7010624408721924,2.346989182851817,2.4535083770751953
SGC0946,5,NCIH2081,2.264129400253296,1.8196510969266033,1.816826581954956
SGC0946,5,NCIH2347,2.6627700328826904,2.1134942464255193,2.171598196029663
SGC0946,5,NCIH526,1.9020415544509888,1.7095414720403292,1.6838856935501099
SGC0946,5,NCIH810,1.5585135221481323,1.758704245725663,1.7432423830032349
SGC0946,5,NCIH838,2.0359559059143066,1.868074434533592,1.8752905130386353
SGC0946,5,NCIH929,1.36172354221344,1.4317359594448014,1.3484771251678467
SGC0946,5,OCIAML3,1.4469389915466309,1.654338407057249,1.6172362565994263
SGC0946,5,OPM2,1.4167720079421997,1.5383956396103586,1.477252721786499
SGC0946,5,PF382,1.2994375228881836,1.4146345377493064,1.3278297185897827
SGC0946,5,PL21,2.2192349433898926,1.8293280432700965,1.828510046005249
SGC0946,5,RERFLCKJ,1.2289350032806396,2.051490620709086,2.09673810005188
SGC0946,5,RL,1.414826512336731,1.3740701151718084,1.278854250907898
SGC0946,5,RPMI8402,0.4655570089817047,1.5105688896405565,1.443656086921692
SGC0946,5,SKMES1,2.197998523712158,2.2716435196945266,2.362539768218994
SGC0946,5,SKMM2,2.222174882888794,1.6960654494534824,1.6676154136657715
SGC0946,5,SUPB15,1.4072329998016357,1.5316250947092687,1.4690783023834229
SGC0946,5,SUPM2,0.5234789848327637,1.6046978484629675,1.557302713394165
SN-38,1,ABC1,-4.793377876281738,-3.385786790930785,-3.242903470993042
SN-38,1,ALLSIL,-6.834723949432373,-5.269975468729179,-5.440945625305176
SN-38,1,BV173,-7.076459884643555,-5.739018482613782,-5.9881181716918945
SN-38,1,CORL23,-3.5729284286499023,-3.8675070020662257,-3.8048648834228516
SN-38,1,CORL95,-2.0198960304260254,-3.758812844864014,-3.678065299987793
SN-38,1,DB,-6.328969955444336,-4.7080794293535355,-4.7854533195495605
SN-38,1,DMS273,-4.378851890563965,-4.6788141085658985,-4.751313209533691
SN-38,1,DMS79,-3.6929030418395996,-4.972772048539337,-5.094236373901367
SN-38,1,EHEB,-1.5297105312347412,-5.445116541480351,-5.645260334014893
SN-38,1,EPLC272H,-2.9718050956726074,-4.010163229480076,-3.9712836742401123
SN-38,1,HARA,-4.2667012214660645,-3.657113433279335,-3.5594255924224854
SN-38,1,HCC366,-1.935238003730774,-3.815692133785097,-3.7444190979003906
SN-38,1,HDLM2,-3.711219072341919,-4.742824052697959,-4.825985431671143
SN-38,1,HEL,-4.984799861907959,-4.54988802009526,-4.600911617279053
SN-38,1,KG1,-6.4982500076293945,-4.874417239205378,-4.979498386383057
SN-38,1,L540,-6.1746392250061035,-4.964881525857038,-5.085031509399414
SN-38,1,LAMA84,-3.038710117340088,-4.296185479823619,-4.3049492835998535
SN-38,1,MOLT13,-6.510457992553711,-5.831630753967861,-6.096157073974609
SN-38,1,MONOMAC6,-5.372129917144775,-4.753241063191037,-4.838137626647949
SN-38,1,NB4,-6.093206882476807,-5.271356637199105,-5.442556858062744
SN-38,1,NCIH1092,-2.4315450191497803,-4.225284408365571,-4.222238063812256
SN-38,1,NCIH1155,-5.9251298904418945,-3.5579278382350688,-3.443718433380127
SN-38,1,NCIH1651,-4.370110511779785,-3.671307504218216,-3.575984001159668
SN-38,1,NCIH1792,-2.9302210807800293,-3.5047087070718934,-3.381634473800659
SN-38,1,NCIH1915,-2.975454568862915,-3.5579163932166735,-3.4437050819396973
SN-38,1,NCIH2066,0.4920879900455475,-3.4776522748345644,-3.3500711917877197
SN-38,1,NCIH2110,-3.9479219913482666,-3.33965723553756,-3.1890900135040283
SN-38,1,NCIH2170,-4.202756881713867,-4.090740042114772,-4.065282344818115
SN-38,1,NCIH2171,-3.964747905731201,-3.2008839349896694,-3.027200937271118
SN-38,1,NCIH2227,-4.8477911949157715,-4.353573663312639,-4.371896743774414
SN-38,1,NCIH2291,-0.03152000159025192,-3.8743977206415567,-3.81290340423584
SN-38,1,NCIH2347,-1.277787685394287,-3.5513510401642967,-3.4360461235046387
SN-38,1,NCIH358,-2.352015495300293,-3.8078195961317056,-3.7352352142333984
SN-38,1,NCIH810,-4.326369762420654,-4.425886559539888,-4.456254959106445
SN-38,1,NCIH929,-4.836305141448975,-4.035907776483835,-4.001316547393799
SN-38,1,NUDUL1,-5.760293960571289,-5.386697080083776,-5.5771098136901855
SN-38,1,PF382,-5.527194976806641,-5.6256870492081585,-5.8559088706970215
SN-38,1,SKM1,-5.674411773681641,-4.591186960224322,-4.649089813232422
SN-38,1,SUDHL5,-7.601734161376953,-4.879750209026966,-4.985719680786133
SN-38,1,SUDHL8,-3.6333510875701904,-4.880902477128988,-4.987063884735107
SN-38,1,THP1,-4.313282012939453,-4.724731931118809,-4.804879665374756
SN-38,2,A3KAW,-6.780488967895508,-3.9262995139821615,-3.887338399887085
SN-38,2,AMO1,-3.3313310146331787,-4.0483494978711825,-4.027012825012207
SN-38,2,DMS53,-4.684045791625977,-3.863104615378979,-3.8150179386138916
SN-38,2,DOHH2,-6.257994174957275,-5.251134248383485,-5.403483867645264
SN-38,2,EM2,-5.914794921875,-4.603045181831227,-4.661808490753174
SN-38,2,GRANTA519,-5.968767166137695,-5.14311787617271,-5.279869556427002
SN-38,2,HCC33,0.9293839931488037,-4.877905719735798,-4.976359844207764
SN-38,2,HH,-3.960513114929199,-5.212516972394367,-5.35929012298584
SN-38,2,JM1,-6.901670932769775,-5.150842498043019,-5.28870964050293
SN-38,2,JURLMK1,-5.136891841888428,-4.660491301754618,-4.727550029754639
SN-38,2,KMS12BM,-4.31851863861084,-4.942675626196458,-5.050482749938965
SN-38,2,L1236,-4.713565826416016,-3.989469204126249,-3.959630012512207
SN-38,2,L428,-2.149665117263794,-4.607851872477752,-4.667309284210205
SN-38,2,LCLC103H,-2.3948800563812256,-3.0805396696134433,-2.919447898864746
SN-38,2,LOUCY,-4.863663196563721,-5.00024549673722,-5.116365909576416
SN-38,2,LOUNH91,-4.273408889770508,-3.944885231703513,-3.9086079597473145
SN-38,2,LXF289,-3.7141144275665283,-3.319113568156091,-3.1924726963043213
SN-38,2,MHHCALL2,-5.860063076019287,-5.804468675552425,-6.036721706390381
SN-38,2,MOLM13,-6.537460803985596,-5.080116728536122,-5.207770824432373
SN-38,2,MOLM16,-4.981479167938232,-4.447656489953737,-4.483981132507324
SN-38,2,NCIH1435,-1.968479037284851,-3.018646235836407,-2.8486168384552
SN-38,2,NCIH146,-2.7319231033325195,-4.092783469545587,-4.0778632164001465
SN-38,2,NCIH1793,-0.13006800413131714,-2.6308793013254648,-2.4048550128936768
SN-38,2,NCIH1836,-0.7497400045394897,-4.2628884848406035,-4.272531986236572
SN-38,2,NCIH1975,-1.9592524766921997,-3.5425896830448322,-3.4482195377349854
SN-38,2,NCIH2029,-2.5263259410858154,-3.6020656047612647,-3.5162839889526367
SN-38,2,NCIH2030,-2.308422565460205,-4.232616667152389,-4.237888813018799
SN-38,2,NCIH2228,-2.7690439224243164,-3.580640081205882,-3.491764545440674
SN-38,2,NCIH23,-3.7548234462738037,-3.480473748157771,-3.377133846282959
SN-38,2,NCIH2444,-0.4162437915802002,-3.4226138761702347,-3.3109188079833984
SN-38,2,NCIH446,-3.9551260471343994,-4.751790090563883,-4.832032680511475
SN-38,2,NOMO1,-5.648194789886475,-4.68594184539022,-4.756675720214844
SN-38,2,OCIAML2,-6.462464809417725,-4.895746225406064,-4.996776580810547
SN-38,2,OCIAML3,-4.833767890930176,-4.263158486187599,-4.272840976715088
SN-38,2,RERFLCMS,-3.9266209602355957,-3.2385227494339452,-3.1002442836761475
SN-38,2,RL,-3.7071170806884766,-4.627142385381887,-4.689385414123535
SN-38,2,SBC5,-4.829714775085449,-3.0955607862182024,-2.936638116836548
SN-38,2,SUDHL4,-2.8472180366516113,-4.807917037239449,-4.896264553070068
SN-38,2,SUPB15,-6.864811420440674,-5.900249570055575,-6.146333694458008
SN-38,2,SW1271,-2.554995059967041,-3.9319339170913516,-3.8937864303588867
SN-38,2,WSUDLCL2,-5.012693881988525,-4.960842383494345,-5.071272850036621
SN-38,3,697,-6.071026802062988,-5.445288637922827,-5.650938034057617
SN-38,3,A4FUK,-5.063316822052002,-4.623533025653402,-4.7107391357421875
SN-38,3,A549,-3.1669609546661377,-3.2524126106648295,-3.1419930458068848
SN-38,3,BEN,-0.7349788546562195,-3.1986315744471288,-3.0804603099823
SN-38,3,CALU6,-3.807451009750366,-3.0466888475444307,-2.9066174030303955
SN-38,3,CMLT1,-7.816985130310059,-5.901687789037166,-6.173120021820068
SN-38,3,COLO668,-4.625886917114258,-4.677112555162038,-4.772041320800781
SN-38,3,DMS114,-3.8699951171875,-3.5154338792019733,-3.442924737930298
SN-38,3,EBC1,-6.3149261474609375,-3.7521584180144254,-3.7137694358825684
SN-38,3,EJM,-3.564965009689331,-4.927218848199972,-5.058196544647217
SN-38,3,GDM1,-4.581751823425293,-5.5913649564764,-5.818068981170654
SN-38,3,HCC15,-3.4396491050720215,-3.461566155506536,-3.3812928199768066
SN-38,3,HCC44,-4.236376762390137,-2.738402962327111,-2.553896903991699
SN-38,3,IALM,-2.512993097305298,-2.9130753125989908,-2.7537455558776855
SN-38,3,JURKAT,-5.724452018737793,-5.158934059422746,-5.323309898376465
SN-38,3,K562,-3.7349419593811035,-4.989236236719434,-5.129152774810791
SN-38,3,KNS62,-3.2710158824920654,-3.5927632770100733,-3.531399965286255
SN-38,3,KU812,-4.163053035736084,-4.8689627793274886,-4.991543769836426
SN-38,3,L363,-2.5082879066467285,-4.08338293511095,-4.0927348136901855
SN-38,3,LP1,-1.3928649425506592,-5.035093912442009,-5.181620121002197
SN-38,3,MOLP8,-4.990202903747559,-3.9298700395910786,-3.917095422744751
SN-38,3,NALM6,-5.327868938446045,-5.480897186469948,-5.691679000854492
SN-38,3,NAMALWA,-6.172102928161621,-5.2396792772670375,-5.415693283081055
SN-38,3,NCIH1650,-1.1830854415893555,-2.298325021113616,-2.0503885746002197
SN-38,3,NCIH2087,-5.301942825317383,-3.3366361635532953,-3.238356113433838
SN-38,3,NCIH209,-7.351658821105957,-3.672278407880619,-3.622375965118408
SN-38,3,NCIH82,-2.140842914581299,-4.954789217020639,-5.089740753173828
SN-38,3,NCIH838,-2.8119986057281494,-3.45537216851558,-3.374206066131592
SN-38,3,NCIH841,-2.725865602493286,-3.565681775551835,-3.500415086746216
SN-38,3,OCILY19,-5.634760856628418,-5.0165615467088065,-5.160416603088379
SN-38,3,P12ICHIKAWA,-6.4405388832092285,-5.893366207941188,-6.163599014282227
SN-38,3,P31FUJ,-4.337360858917236,-4.985260698978435,-5.124604225158691
SN-38,3,RAJI,-5.714733123779297,-5.008930964834401,-5.151686191558838
SN-38,3,REH,-6.678639888763428,-5.463731398811254,-5.672039031982422
SN-38,3,RPMI8402,-6.534286975860596,-5.104309695747355,-5.260812282562256
SN-38,3,SHP77,-2.0427420139312744,-3.5584831723825916,-3.4921789169311523
SN-38,3,SIGM5,-3.498589038848877,-5.41868225052526,-5.62049674987793
SN-38,3,SKMES1,-3.667543888092041,-2.5787554690738674,-2.3712387084960938
SN-38,3,SKMM2,-2.519892930984497,-4.776778148555747,-4.886072158813477
SN-38,3,ST486,-4.422721862792969,-5.394153028459607,-5.592432022094727
SN-38,3,SUDHL1,-5.852482795715332,-4.895637933233838,-5.022063732147217
SN-38,4,BL41,-6.361566066741943,-4.987920939146642,-5.173793792724609
SN-38,4,CALU3,-4.208014965057373,-2.7772206762511056,-2.526585578918457
SN-38,4,CHAGOK1,-2.0714468955993652,-2.618521959030967,-2.3365514278411865
SN-38,4,CORL105,-0.4011540114879608,-3.556570052344535,-3.4598193168640137
SN-38,4,CORL311,-5.988671779632568,-3.8671732326105155,-3.831751823425293
SN-38,4,DND41,-6.231439113616943,-5.415295136530845,-5.685554027557373
SN-38,4,HCC78,-5.808980941772461,-3.6074228268110367,-3.5207130908966064
SN-38,4,HCC827,-2.0500850677490234,-3.813162854201036,-3.7670769691467285
SN-38,4,HT,-3.459357976913452,-4.301215849898761,-4.351497173309326
SN-38,4,JEKO1,-5.893331050872803,-4.659273682019804,-4.780254364013672
SN-38,4,KOPN8,-6.301623821258545,-4.575857507132712,-4.680367469787598
SN-38,4,LU65,-2.149200916290283,-3.9720907411127295,-3.957385540008545
SN-38,4,MEG01,-4.476912021636963,-4.338390717935426,-4.396012306213379
SN-38,4,MM1S,-5.170550346374512,-4.299238738658849,-4.349129676818848
SN-38,4,MOLT16,-7.18423318862915,-5.565206360843275,-5.865065574645996
SN-38,4,NCIH1048,-6.495160102844238,-4.598603644320033,-4.707604885101318
SN-38,4,NCIH1341,-5.355515956878662,-3.230867755172334,-3.0698063373565674
SN-38,4,NCIH1436,-0.7870650291442871,-4.775924439803796,-4.919938087463379
SN-38,4,NCIH1623,-5.716139793395996,-2.2991754871357535,-1.9541492462158203
SN-38,4,NCIH1648,-2.9121949672698975,-3.864511598868808,-3.8285646438598633
SN-38,4,NCIH1944,-4.27908992767334,-3.0582474271761697,-2.8631017208099365
SN-38,4,NCIH1963,-3.546626567840576,-4.541707440098741,-4.639474391937256
SN-38,4,NCIH2085,-2.1462719440460205,-3.6740584442661213,-3.600506067276001
SN-38,4,NCIH2196,-1.9711270332336426,-3.895903466304943,-3.866154909133911
SN-38,4,NCIH2405,-3.4950668811798096,-3.3913339262169147,-3.2619569301605225
SN-38,4,NCIH292,-4.9809675216674805,-3.3814613118331214,-3.2501349449157715
SN-38,4,NCIH441,-2.93210506439209,-3.370388891575037,-3.2368762493133545
SN-38,4,NCIH522,-2.522813081741333,-3.670390733676954,-3.596114158630371
SN-38,4,NCIH524,-3.7603940963745117,-3.500992519597759,-3.393267869949341
SN-38,4,NCIH647,-4.441120147705078,-3.373504086183262,-3.2406065464019775
SN-38,4,NCIH650,-3.403421401977539,-3.182598963552921,-3.0120067596435547
SN-38,4,NCIH69,-2.935089111328125,-4.4443141041802425,-4.522850513458252
SN-38,4,NCIH727,-1.0441080331802368,-3.818226488949622,-3.7731404304504395
SN-38,4,OCIAML5,-5.332466125488281,-5.156357675866569,-5.375488758087158
SN-38,4,OCIM1,-4.719607830047607,-4.919457539095143,-5.0918121337890625
SN-38,4,RCHACV,-5.7396039962768555,-4.501916732437708,-4.591826915740967
SN-38,4,RPMI8226,-4.224857807159424,-4.265736558832801,-4.309012413024902
SN-38,4,SKLU1,-5.01230001449585,-3.056570566062117,-2.861093759536743
SN-38,4,SUPM2,-6.99745512008667,-4.764980840388835,-4.906833648681641
SN-38,4,SW1573,-4.526670932769775,-2.852382959249922,-2.616588830947876
SN-38,5,CA46,-3.0820770263671875,-5.015585116835355,-5.179663181304932
SN-38,5,CAL12T,-0.5200614929199219,-3.512600895780322,-3.351378917694092
SN-38,5,CMK,-6.839783668518066,-4.636221925514233,-4.718192100524902
SN-38,5,CORL279,-6.386270046234131,-3.891250459770918,-3.8119819164276123
SN-38,5,CORL88,-3.103142023086548,-2.63382499155499,-2.2824041843414307
SN-38,5,DAUDI,-4.528103828430176,-5.326547883116364,-5.557929515838623
SN-38,5,GA10,-4.330904006958008,-4.644059086304791,-4.727725505828857
SN-38,5,HL60,-4.950310230255127,-5.184553488129712,-5.385202407836914
SN-38,5,JVM2,-8.157926559448242,-4.1344864448280765,-4.107862949371338
SN-38,5,JVM3,-7.215719223022461,-4.288696195416959,-4.295449256896973
SN-38,5,KARPAS422,-3.7804439067840576,-4.330800011920393,-4.346665859222412
SN-38,5,KCL22,-3.59238600730896,-4.9898392616078695,-5.148344993591309
SN-38,5,KMH2,-3.217463970184326,-4.520972189621137,-4.577998161315918
SN-38,5,KMS11,-3.1557838916778564,-4.270880795846644,-4.273777961730957
SN-38,5,LCLC97TM1,-5.034012794494629,-3.4309196720814703,-3.252018928527832
SN-38,5,ME1,-2.1990010738372803,-4.897231954644113,-5.035694122314453
SN-38,5,NCIH1105,-6.518280029296875,-3.139248755434182,-2.8972198963165283
SN-38,5,NCIH1437,-2.58427357673645,-3.6093337566249493,-3.469048261642456
SN-38,5,NCIH1568,-2.8678109645843506,-3.389032628944574,-3.201066017150879
SN-38,5,NCIH1781,-4.9251251220703125,-3.580387064282708,-3.4338364601135254
SN-38,5,NCIH1876,-8.044732093811035,-2.843890143586715,-2.5379350185394287
SN-38,5,NCIH196,-1.5935510396957397,-3.5700634776983953,-3.421278476715088
SN-38,5,NCIH2009,-4.993350028991699,-2.648433674081982,-2.3001747131347656
SN-38,5,NCIH2023,-2.821413040161133,-3.368761183211439,-3.1764070987701416
SN-38,5,NCIH2081,-4.76945686340332,-4.100134726148585,-4.066076278686523
SN-38,5,NCIH211,-4.74910306930542,-3.3192143571291157,-3.1161365509033203
SN-38,5,NCIH2122,-4.531558990478516,-3.1753176092531237,-2.9410953521728516
SN-38,5,NCIH2172,0.15724213421344757,-3.614360507557662,-3.475162982940674
SN-38,5,NCIH2342,-2.4518918991088867,-2.6739613839595986,-2.3312275409698486
SN-38,5,NCIH460,-4.606598377227783,-3.7007231343846714,-3.5802175998687744
SN-38,5,NCIH526,-6.520318031311035,-3.571324330380976,-3.4228122234344482
SN-38,5,NCIH596,-0.10654798895120621,-3.6267385411836055,-3.490220069885254
SN-38,5,NCIH661,-4.034582138061523,-3.711493203544908,-3.5933187007904053
SN-38,5,OPM2,-1.870100975036621,-4.346813409382261,-4.366145133972168
SN-38,5,PL21,-4.082837104797363,-3.2900577513369997,-3.080669403076172
SN-38,5,RERFLCKJ,-1.484213948249817,-3.998778281473386,-3.9427826404571533
SN-38,5,RS411,-5.699379920959473,-3.53749592534403,-3.381662130355835
SN-38,5,SUDHL10,-3.7853739261627197,-4.673511256506255,-4.763552188873291
SN-38,5,SUDHL6,-5.507805824279785,-5.514908258827713,-5.787057876586914
SN-38,5,SUPT1,-7.776179313659668,-5.246977161778156,-5.461136817932129
TALAZOPARIB,1,ALLSIL,0.6905894875526428,1.795384763840009,2.0312159061431885
TALAZOPARIB,1,CAL12T,4.741016864776611,1.2037765059559413,0.892254650592804
TALAZOPARIB,1,CALU6,0.007818717509508133,1.3760528607204403,1.223920226097107
TALAZOPARIB,1,CHAGOK1,3.5998730659484863,1.5500805476639092,1.5589574575424194
TALAZOPARIB,1,CMK,0.5257120132446289,1.7455746314280154,1.9353216886520386
TALAZOPARIB,1,CORL279,-1.0329769849777222,1.7235453760677053,1.8929110765457153
TALAZOPARIB,1,CORL88,4.287561893463135,1.8501395682746173,2.136629581451416
TALAZOPARIB,1,DMS114,2.842599391937256,1.2130811025182886,0.9101678133010864
TALAZOPARIB,1,DMS53,1.2687159776687622,1.7900815094407996,2.0210061073303223
TALAZOPARIB,1,EPLC272H,3.066314458847046,1.512955228123555,1.4874839782714844
TALAZOPARIB,1,GA10,1.706460952758789,1.251874440028027,0.9848525524139404
TALAZOPARIB,1,HCC15,1.7819530963897705,1.734469228102188,1.9139416217803955
TALAZOPARIB,1,HEL,0.21559879183769226,1.315530954436602,1.1074037551879883
TALAZOPARIB,1,JEKO1,0.9410549998283386,1.1702956490194947,0.8277974724769592
TALAZOPARIB,1,KOPN8,-0.6670809984207153,1.846723035514993,2.130052089691162
TALAZOPARIB,1,L363,3.4504990577697754,1.6533231694263844,1.75771963596344
TALAZOPARIB,1,MEG01,1.8993430137634277,1.6279884669192304,1.708945393562317
TALAZOPARIB,1,NCIH1437,0.09325682371854782,1.227727437152277,0.9383648633956909
TALAZOPARIB,1,NCIH146,2.6126549243927,2.2596947609775224,2.925103187561035
TALAZOPARIB,1,NCIH1648,1.5593922138214111,1.4077045202838976,1.284855842590332
TALAZOPARIB,1,NCIH1650,2.311863899230957,1.5921988992400227,1.6400434970855713
TALAZOPARIB,1,NCIH1792,0.007193789351731539,1.935392141306038,2.30075740814209
TALAZOPARIB,1,NCIH1793,4.036348819732666,1.4986279705033105,1.459901213645935
TALAZOPARIB,1,NCIH1915,1.5656709671020508,1.3393694687265818,1.1532975435256958
TALAZOPARIB,1,NCIH1975,0.2053060084581375,1.4394458409216613,1.3459640741348267
TALAZOPARIB,1,NCIH2009,0.0333387590944767,1.4925476741003219,1.448195457458496
TALAZOPARIB,1,NCIH2066,5.04068660736084,1.541905600141003,1.5432190895080566
TALAZOPARIB,1,NCIH2087,0.6664466261863708,1.8043289513671346,2.0484352111816406
TALAZOPARIB,1,NCIH211,0.05184505134820938,1.6614861662674252,1.7734349966049194
TALAZOPARIB,1,NCIH2172,3.818892478942871,1.9510227662971924,2.3308494091033936
TALAZOPARIB,1,NCIH2342,2.6262590885162354,1.7925208107952406,2.0257022380828857
TALAZOPARIB,1,NCIH292,0.25967058539390564,1.8342221269186922,2.105985403060913
TALAZOPARIB,1,NCIH358,4.015998840332031,1.7593388447466929,1.9618204832077026
TALAZOPARIB,1,NCIH460,0.006235490553081036,1.3881839793058584,1.2472749948501587
TALAZOPARIB,1,NCIH82,2.840585947036743,1.7144740654842598,1.8754470348358154
TALAZOPARIB,1,OCILY19,0.049830250442028046,1.881796367250483,2.197575092315674
TALAZOPARIB,1,REH,0.6687840223312378,1.012179335210071,0.5233927369117737
TALAZOPARIB,1,RERFLCKJ,3.201093912124634,1.510139697012563,1.4820635318756104
TALAZOPARIB,1,SUDHL5,-1.4298030138015747,1.4756627228783477,1.4156886339187622
TALAZOPARIB,1,SUPT1,1.4932700395584106,1.2182889681847844,0.9201939702033997
TALAZOPARIB,1,WSUDLCL2,2.432223081588745,1.7043826124980521,1.8560190200805664
TALAZOPARIB,2,BV173,-1.7352349758148193,1.6549786536841273,1.6602727174758911
TALAZOPARIB,2,CALU3,3.1884210109710693,1.1347691273361022,0.9268572330474854
TALAZOPARIB,2,CORL105,4.641374111175537,1.2560334948358478,1.0978213548660278
TALAZOPARIB,2,CORL311,0.6317930221557617,1.6279651670537436,1.622187852859497
TALAZOPARIB,2,DMS79,0.7354220151901245,2.7027831463926066,3.1375160217285156
TALAZOPARIB,2,DND41,0.8253024816513062,1.4615200352295223,1.3875257968902588
TALAZOPARIB,2,EBC1,2.1148650646209717,1.6285055568541837,1.6229497194290161
TALAZOPARIB,2,GDM1,3.0527889728546143,1.3521754440649094,1.2333667278289795
TALAZOPARIB,2,HCC44,0.13081815838813782,1.3246859138456544,1.1946107149124146
TALAZOPARIB,2,HH,4.841253280639648,1.506464130636547,1.450890064239502
TALAZOPARIB,2,HL60,1.951095461845398,1.9714000921375292,2.1063783168792725
TALAZOPARIB,2,IALM,4.842329025268555,1.593165027830257,1.5731250047683716
TALAZOPARIB,2,KMS12BM,2.0370676517486572,1.8023323237243158,1.8680187463760376
TALAZOPARIB,2,KNS62,2.842182159423828,0.9989431529700166,0.7353634834289551
TALAZOPARIB,2,LU65,4.223133563995361,1.268580667872477,1.1155109405517578
TALAZOPARIB,2,ME1,4.016727924346924,1.8971335718618774,2.001673936843872
TALAZOPARIB,2,MM1S,1.3309040069580078,2.34609949700099,2.6346468925476074
TALAZOPARIB,2,MOLM16,1.7782779932022095,1.0566405237667564,0.8167079091072083
TALAZOPARIB,2,MOLT13,1.7172679901123047,0.9880824256492029,0.7200515270233154
TALAZOPARIB,2,MOLT16,-1.5258090496063232,1.381838117495103,1.275186538696289
TALAZOPARIB,2,NAMALWA,-0.5117675065994263,1.09050383795598,0.8644499778747559
TALAZOPARIB,2,NB4,0.03655274957418442,1.4179717706511106,1.32612943649292
TALAZOPARIB,2,NCIH1435,5.13666296005249,1.6062404993292785,1.5915594100952148
TALAZOPARIB,2,NCIH1436,4.505195617675781,2.4528364177782502,2.7851295471191406
TALAZOPARIB,2,NCIH1623,0.004558546468615532,1.523641694261769,1.4751077890396118
TALAZOPARIB,2,NCIH2023,0.5544417500495911,1.1258134621962954,0.9142311215400696
TALAZOPARIB,2,NCIH209,-3.1417670249938965,2.742150344650856,3.1930177211761475
TALAZOPARIB,2,NCIH2122,0.2159220278263092,1.626714178617269,1.6204241514205933
TALAZOPARIB,2,NCIH2171,1.5838984251022339,1.882190622795571,1.9806066751480103
TALAZOPARIB,2,NCIH2196,1.602813959121704,2.425076227607312,2.7459919452667236
TALAZOPARIB,2,NCIH2291,3.471540927886963,1.3100163304849999,1.1739288568496704
TALAZOPARIB,2,NCIH2405,2.5958709716796875,1.32422914875381,1.1939667463302612
TALAZOPARIB,2,NCIH2444,2.795137882232666,1.1590558481271038,0.961097776889801
TALAZOPARIB,2,OCIAML3,1.6610629558563232,0.8856827016515814,0.5756836533546448
TALAZOPARIB,2,OCIM1,0.06610697507858276,1.0663222610731067,0.8303576707839966
TALAZOPARIB,2,RPMI8402,0.029776999726891518,1.819638917991921,1.892418384552002
TALAZOPARIB,2,SIGM5,3.125432014465332,0.8591870286869614,0.5383288264274597
TALAZOPARIB,2,SKMES1,1.1308526992797852,1.7049251808504435,1.7306896448135376
TALAZOPARIB,2,SUDHL8,0.05241861194372177,1.720241016635564,1.7522826194763184
TALAZOPARIB,2,SW1573,0.4632887542247772,1.2138264386778053,1.0383158922195435
TALAZOPARIB,2,THP1,1.2680134773254395,1.5683710204475265,1.538169264793396
TALAZOPARIB,3,697,-3.487809896469116,1.2633648832419955,0.8582671880722046
TALAZOPARIB,3,A3KAW,0.06309341639280319,1.6140710690992701,1.6439096927642822
TALAZOPARIB,3,A549,1.1807485818862915,1.7992149857879045,2.058664083480835
TALAZOPARIB,3,ABC1,3.5319631099700928,1.8201638689496131,2.105593204498291
TALAZOPARIB,3,CORL23,0.5976388454437256,1.5615077685553924,1.5261588096618652
TALAZOPARIB,3,CORL95,3.2713561058044434,1.5748189593515396,1.5559781789779663
TALAZOPARIB,3,DB,2.3551089763641357,1.519575945064237,1.4322242736816406
TALAZOPARIB,3,EHEB,2.5159659385681152,1.1428319103631368,0.5882524847984314
TALAZOPARIB,3,EM2,1.886459469795227,1.4098540209764325,1.186428189277649
TALAZOPARIB,3,HCC33,4.639098167419434,1.4745387996615782,1.3313332796096802
TALAZOPARIB,3,HCC78,0.3043714165687561,1.6299839614389922,1.6795573234558105
TALAZOPARIB,3,HCC827,2.0545830726623535,2.1073093223000763,2.7488486766815186
TALAZOPARIB,3,HDLM2,3.390498399734497,1.4232791968558536,1.2165029048919678
TALAZOPARIB,3,HT,0.022073131054639816,1.7237940042592417,1.8897080421447754
TALAZOPARIB,3,JURKAT,0.5473105907440186,1.8024456274338194,2.065901279449463
TALAZOPARIB,3,K562,3.606635093688965,1.310737073207704,0.9643890857696533
TALAZOPARIB,3,KMS11,3.254318952560425,1.5428259752642308,1.4843083620071411
TALAZOPARIB,3,L428,2.3679850101470947,1.7564092234439923,1.9627717733383179
TALAZOPARIB,3,LCLC97TM1,3.4009764194488525,1.6217842193771015,1.6611884832382202
TALAZOPARIB,3,LP1,4.301325798034668,1.902447263348872,2.2899222373962402
TALAZOPARIB,3,MHHCALL2,1.9194375276565552,1.31349828468924,0.970574676990509
TALAZOPARIB,3,NALM6,0.022734493017196655,1.2411547673731573,0.8085126876831055
TALAZOPARIB,3,NCIH1105,0.8031665086746216,2.115541152599695,2.767289400100708
TALAZOPARIB,3,NCIH1568,2.640388011932373,1.7677211520652585,1.988112449645996
TALAZOPARIB,3,NCIH23,0.04132883623242378,1.2516047835790245,0.8319225311279297
TALAZOPARIB,3,NCIH2347,0.1486855298280716,1.5289520429855346,1.4532283544540405
TALAZOPARIB,3,NCIH446,0.07737557590007782,1.7979476334334472,2.0558249950408936
TALAZOPARIB,3,NCIH661,1.3283476829528809,1.599505989172787,1.611281394958496
TALAZOPARIB,3,NCIH929,1.8299365043640137,1.9017120542403239,2.2882752418518066
TALAZOPARIB,3,NOMO1,1.0219253301620483,1.6704064138274508,1.7701106071472168
TALAZOPARIB,3,OCIAML5,0.9817959666252136,1.4992497227145667,1.3866900205612183
TALAZOPARIB,3,OPM2,3.596977472305298,1.8583949554514176,2.191237449645996
TALAZOPARIB,3,PL21,1.4663599729537964,1.6449401134368942,1.7130616903305054
TALAZOPARIB,3,RCHACV,-1.4487395286560059,1.702590437340041,1.8422083854675293
TALAZOPARIB,3,RL,0.6604681015014648,1.7561311785980047,1.962148904800415
TALAZOPARIB,3,RS411,-0.05602499842643738,1.8222500833308757,2.11026668548584
TALAZOPARIB,3,SKLU1,0.026547173038125038,1.6924868463872609,1.8195745944976807
TALAZOPARIB,3,ST486,3.9090890884399414,1.1462201462313277,0.595842719078064
TALAZOPARIB,3,SUDHL1,-1.5678625106811523,1.2219390481562127,0.7654661536216736
TALAZOPARIB,3,SUDHL10,3.468886613845825,1.3947723363868207,1.1526426076889038
TALAZOPARIB,3,SUDHL4,2.7644848823547363,1.7041839935042407,1.845778226852417
TALAZOPARIB,4,BEN,3.5470709800720215,1.940710950557933,2.2098512649536133
TALAZOPARIB,4,BL41,0.21671150624752045,1.4170529392711224,1.228731632232666
TALAZOPARIB,4,CA46,3.791032552719116,1.8135775610464255,1.9716556072235107
TALAZOPARIB,4,CMLT1,-1.6955139636993408,1.196700666700563,0.81588214635849
TALAZOPARIB,4,EJM,4.647781848907471,1.5843217900575461,1.542124629020691
TALAZOPARIB,4,GRANTA519,0.19385884702205658,0.925333889104737,0.3074524700641632
TALAZOPARIB,4,HARA,0.837272047996521,1.9249597793925484,2.180340051651001
TALAZOPARIB,4,JURLMK1,0.44374561309814453,1.8968418411070096,2.1276586055755615
TALAZOPARIB,4,JVM2,-0.24480600655078888,1.561265887443433,1.498927354812622
TALAZOPARIB,4,JVM3,0.07678113877773285,1.3298198486538881,1.0652927160263062
TALAZOPARIB,4,KARPAS422,4.532739639282227,1.6148845008847061,1.5993865728378296
TALAZOPARIB,4,KCL22,2.1967079639434814,1.4979272289355758,1.3802567720413208
TALAZOPARIB,4,L540,-0.003315499983727932,1.708505533247561,1.7747938632965088
TALAZOPARIB,4,LAMA84,2.2886950969696045,1.6660613958412491,1.6952710151672363
TALAZOPARIB,4,LOUCY,4.058650970458984,1.2153279005042115,0.8507819175720215
TALAZOPARIB,4,LOUNH91,1.3762776851654053,1.2084131339448125,0.8378264904022217
TALAZOPARIB,4,NCIH1048,0.0030440804548561573,1.3975142285508335,1.1921241283416748
TALAZOPARIB,4,NCIH1341,1.2519110441207886,1.7494662261450262,1.8515373468399048
TALAZOPARIB,4,NCIH1836,5.052521705627441,0.8327181504686578,0.13392868638038635
TALAZOPARIB,4,NCIH1876,-2.6870880126953125,1.8066655940391771,1.9587054252624512
TALAZOPARIB,4,NCIH1944,0.13155411183834076,1.8052161259132486,1.9559897184371948
TALAZOPARIB,4,NCIH2029,4.2852654457092285,1.3367888247231106,1.0783497095108032
TALAZOPARIB,4,NCIH2030,1.3916529417037964,1.2890045734027864,0.9888216853141785
TALAZOPARIB,4,NCIH2081,2.5355589389801025,1.5969999437282598,1.5658782720565796
TALAZOPARIB,4,NCIH2170,0.03958946466445923,1.6597399434592037,1.6834272146224976
TALAZOPARIB,4,NCIH2227,0.8975080251693726,1.453933284909214,1.2978302240371704
TALAZOPARIB,4,NCIH2228,0.3339781165122986,1.3415819761357164,1.0873301029205322
TALAZOPARIB,4,NCIH526,2.1468119621276855,1.263027179054149,0.9401507377624512
TALAZOPARIB,4,NCIH596,0.04298308491706848,1.3969099706696193,1.190991997718811
TALAZOPARIB,4,NCIH647,1.5296859741210938,1.5737985280285054,1.522408366203308
TALAZOPARIB,4,NCIH650,1.6388217210769653,1.7206084425775292,1.7974697351455688
TALAZOPARIB,4,NCIH727,6.02353572845459,2.095207035536193,2.4993133544921875
TALAZOPARIB,4,NCIH810,2.777463436126709,1.2569755016975166,0.9288123846054077
TALAZOPARIB,4,NCIH838,0.2355351746082306,1.5647552746943076,1.505465030670166
TALAZOPARIB,4,NCIH841,1.462195873260498,1.4882510223106213,1.3621275424957275
TALAZOPARIB,4,P12ICHIKAWA,0.570285975933075,0.9856672283790177,0.4204923212528229
TALAZOPARIB,4,RPMI8226,3.203223466873169,1.9616475285679216,2.249077796936035
TALAZOPARIB,4,SKM1,2.254518508911133,1.6172900796962204,1.6038936376571655
TALAZOPARIB,4,SUPB15,-0.08675098419189453,1.062145028176191,0.5637802481651306
TALAZOPARIB,4,SW1271,2.012953996658325,1.8739852793312504,2.0848348140716553
TALAZOPARIB,5,A4FUK,1.7431750297546387,1.6913550759617215,1.7837189435958862
TALAZOPARIB,5,AMO1,3.59910249710083,1.9308790837654,2.561023712158203
TALAZOPARIB,5,COLO668,0.15642857551574707,2.0527837615265776,2.956629514694214
TALAZOPARIB,5,DAUDI,1.3118289709091187,1.685455711252815,1.7645742893218994
TALAZOPARIB,5,DMS273,0.05728635936975479,1.555698891159703,1.3434866666793823
TALAZOPARIB,5,DOHH2,-2.4028873443603516,1.566718456428493,1.3792474269866943
TALAZOPARIB,5,HCC366,0.8469054102897644,1.6338269304390747,1.5970282554626465
TALAZOPARIB,5,JM1,0.05593499913811684,1.912321745444169,2.5008013248443604
TALAZOPARIB,5,KG1,2.5875279903411865,1.5656916686158728,1.375915288925171
TALAZOPARIB,5,KMH2,1.5121829509735107,1.4976155484776423,1.154994249343872
TALAZOPARIB,5,KU812,1.2809665203094482,1.4111581559163595,0.8744221925735474
TALAZOPARIB,5,L1236,3.6670451164245605,1.8396932583897112,2.2651069164276123
TALAZOPARIB,5,LCLC103H,0.5925946235656738,1.5822189777839546,1.4295498132705688
TALAZOPARIB,5,LXF289,0.05645279958844185,1.8356373142875848,2.2519445419311523
TALAZOPARIB,5,MOLM13,0.13642647862434387,1.5092797213786537,1.1928468942642212
TALAZOPARIB,5,MOLP8,1.2963509559631348,1.950700217446726,2.625347375869751
TALAZOPARIB,5,MONOMAC6,0.8623819947242737,1.5737473538524198,1.4020576477050781
TALAZOPARIB,5,NCIH1092,3.6192209720611572,1.963969040176683,2.668407440185547
TALAZOPARIB,5,NCIH1155,0.574352502822876,1.478050964813608,1.0915031433105469
TALAZOPARIB,5,NCIH1651,0.002497681649401784,1.7291851833225071,1.9064854383468628
TALAZOPARIB,5,NCIH1781,-1.8930339813232422,1.782860523574016,2.0806729793548584
TALAZOPARIB,5,NCIH196,3.158003807067871,1.4989470445367452,1.1593152284622192
TALAZOPARIB,5,NCIH1963,3.4058690071105957,1.5213733143401091,1.232093095779419
TALAZOPARIB,5,NCIH2085,4.397261142730713,1.7852067954389157,2.088287115097046
TALAZOPARIB,5,NCIH2110,1.2006514072418213,1.6831582588284912,1.757118582725525
TALAZOPARIB,5,NCIH441,3.0426979064941406,1.6190035997435177,1.5489234924316406
TALAZOPARIB,5,NCIH522,2.0194356441497803,1.4973822143267492,1.1542370319366455
TALAZOPARIB,5,NCIH524,3.966315507888794,1.1973941814336282,0.18071404099464417
TALAZOPARIB,5,NCIH69,2.781569004058838,1.6680196037703294,1.7079905271530151
TALAZOPARIB,5,NUDUL1,0.19995750486850739,1.7531484022558093,1.9842510223388672
TALAZOPARIB,5,OCIAML2,-0.5813419818878174,1.4765370478802395,1.0865901708602905
TALAZOPARIB,5,P31FUJ,4.525211811065674,1.6131826253176726,1.5300332307815552
TALAZOPARIB,5,PF382,2.4590320587158203,1.4639652888856962,1.0457922220230103
TALAZOPARIB,5,RAJI,-0.3266400098800659,1.7086051993752571,1.839699149131775
TALAZOPARIB,5,RERFLCMS,0.030745375901460648,1.653490255003235,1.6608397960662842
TALAZOPARIB,5,SBC5,0.23888938128948212,1.8614706961547842,2.3357791900634766
TALAZOPARIB,5,SHP77,3.2973310947418213,1.6089846309697176,1.5164098739624023
TALAZOPARIB,5,SKMM2,4.8356733322143555,1.7019511353385646,1.8181053400039673
TALAZOPARIB,5,SUDHL6,3.2503299713134766,1.5666647881044289,1.3790732622146606
TALAZOPARIB,5,SUPM2,-3.5092239379882812,1.310095907921238,0.5464543700218201
TAMOXIFEN,1,A4FUK,3.7642769813537598,2.918360157283804,2.8922629356384277
TAMOXIFEN,1,A549,4.047026634216309,4.129632285506103,4.148001670837402
TAMOXIFEN,1,ABC1,4.84229850769043,3.781295217442407,3.786876916885376
TAMOXIFEN,1,AMO1,2.316744089126587,3.2869109664519534,3.274343490600586
TAMOXIFEN,1,BV173,2.7760136127471924,2.7148962446329197,2.6813297271728516
TAMOXIFEN,1,CORL23,3.334857940673828,3.7520185818679126,3.7565255165100098
TAMOXIFEN,1,CORL279,3.075885057449341,3.981978260220886,3.994927167892456
TAMOXIFEN,1,CORL95,4.171957015991211,4.332489521451446,4.358305931091309
TAMOXIFEN,1,DMS114,3.8321399688720703,3.770713791400459,3.775907039642334
TAMOXIFEN,1,EHEB,0.5585529804229736,3.376587350532825,3.367311954498291
TAMOXIFEN,1,EM2,3.2357215881347656,3.259892925238763,3.246333599090576
TAMOXIFEN,1,HCC366,4.613422870635986,4.330771600681775,4.35652494430542
TAMOXIFEN,1,IALM,4.468203067779541,4.347506494733642,4.373874187469482
TAMOXIFEN,1,KMS11,3.6418845653533936,3.243738720603686,3.229586362838745
TAMOXIFEN,1,KOPN8,2.8503406047821045,3.105747137237846,3.086529016494751
TAMOXIFEN,1,L1236,3.2980306148529053,2.718113149013932,2.684664726257324
TAMOXIFEN,1,LCLC97TM1,4.303526878356934,3.7500182505620754,3.7544517517089844
TAMOXIFEN,1,MOLM13,2.6562230587005615,3.1069105858554855,3.087735176086426
TAMOXIFEN,1,MOLT16,1.6640069484710693,2.9133255225462347,2.8870434761047363
TAMOXIFEN,1,NALM6,2.5429670810699463,3.061032442312981,3.040172815322876
TAMOXIFEN,1,NAMALWA,3.034929037094116,2.9187823932320125,2.892700672149658
TAMOXIFEN,1,NCIH1437,4.300909996032715,4.273956488191043,4.297624111175537
TAMOXIFEN,1,NCIH1651,3.899707078933716,4.463554227497005,4.494182109832764
TAMOXIFEN,1,NCIH196,4.059703350067139,4.517880999595791,4.550503253936768
TAMOXIFEN,1,NCIH2030,4.490272521972656,3.8798576444442063,3.8890576362609863
TAMOXIFEN,1,NCIH2085,4.351878643035889,4.041741895092871,4.056884765625
TAMOXIFEN,1,NCIH209,3.431856393814087,4.260445397800387,4.28361701965332
TAMOXIFEN,1,NCIH2171,3.681934118270874,3.8649025347077997,3.873553514480591
TAMOXIFEN,1,NCIH2347,4.7892608642578125,4.66816020099691,4.706299304962158
TAMOXIFEN,1,NCIH292,3.4229514598846436,4.2566848301396565,4.279718399047852
TAMOXIFEN,1,NCIH460,4.592400074005127,4.353388361079707,4.379971981048584
TAMOXIFEN,1,NCIH596,4.984984874725342,4.185941450782206,4.206377983093262
TAMOXIFEN,1,NCIH650,4.536632537841797,4.138657003959041,4.157357692718506
TAMOXIFEN,1,NCIH82,3.073064088821411,3.514807530049275,3.510606288909912
TAMOXIFEN,1,NOMO1,2.7474679946899414,3.241359388838891,3.2271196842193604
TAMOXIFEN,1,OCIAML3,2.787329912185669,3.4056572376773415,3.397449016571045
TAMOXIFEN,1,OPM2,3.4591734409332275,3.1211438009070194,3.1024909019470215
TAMOXIFEN,1,P31FUJ,2.939415454864502,2.9267368033500034,2.900947093963623
TAMOXIFEN,1,SKMM2,3.4994919300079346,2.9800493812594646,2.956216812133789
TAMOXIFEN,1,SUDHL4,3.1344714164733887,2.9344695165975847,2.908963680267334
TAMOXIFEN,1,SUDHL5,1.9129970073699951,3.2941345128208126,3.281832218170166
TAMOXIFEN,2,A3KAW,2.44589900970459,3.514458699472637,3.453836679458618
TAMOXIFEN,2,ALLSIL,3.1005771160125732,2.7827252754856513,2.639542818069458
TAMOXIFEN,2,DMS273,3.219212532043457,3.9321741221296644,3.918682336807251
TAMOXIFEN,2,GA10,3.116938591003418,3.1538789251296326,3.0525732040405273
TAMOXIFEN,2,HCC15,3.4662814140319824,4.39508828755569,4.433826446533203
TAMOXIFEN,2,HCC78,2.4903390407562256,3.9190278004061323,3.904052734375
TAMOXIFEN,2,HCC827,3.692802906036377,4.002180786624372,3.9965877532958984
TAMOXIFEN,2,HEL,3.8196804523468018,3.038577107364542,2.924262046813965
TAMOXIFEN,2,HT,4.487940311431885,3.485480059456939,3.42158842086792
TAMOXIFEN,2,JM1,3.61143159866333,3.021140518329301,2.904858112335205
TAMOXIFEN,2,JVM3,3.0169661045074463,3.377871799702507,3.3018388748168945
TAMOXIFEN,2,K562,3.0172688961029053,3.4290944848437044,3.3588409423828125
TAMOXIFEN,2,KARPAS422,3.4385480880737305,3.0093038797057177,2.891685962677002
TAMOXIFEN,2,KMS12BM,2.1170899868011475,3.03486744551674,2.9201338291168213
TAMOXIFEN,2,L363,2.647989511489868,3.5128400742771335,3.452035427093506
TAMOXIFEN,2,LCLC103H,4.121255397796631,4.372514090024331,4.408705234527588
TAMOXIFEN,2,LOUCY,2.357715606689453,2.7743180655191724,2.6301870346069336
TAMOXIFEN,2,MONOMAC6,2.721740484237671,3.2964304212522197,3.2112085819244385
TAMOXIFEN,2,NB4,3.1419880390167236,3.0858105402039158,2.9768247604370117
TAMOXIFEN,2,NCIH1105,4.904339790344238,3.785372422614834,3.755317211151123
TAMOXIFEN,2,NCIH1155,3.0411550998687744,3.683648202882812,3.642115592956543
TAMOXIFEN,2,NCIH1648,3.3236870765686035,4.087986989840772,4.092075347900391
TAMOXIFEN,2,NCIH1650,3.836215019226074,4.31111002744558,4.3403730392456055
TAMOXIFEN,2,NCIH1781,4.246480941772461,3.860114556692097,3.8384923934936523
TAMOXIFEN,2,NCIH1836,5.116335391998291,3.865768711230089,3.8447844982147217
TAMOXIFEN,2,NCIH1944,4.082643985748291,4.427540919304688,4.469940662384033
TAMOXIFEN,2,NCIH2110,4.067342281341553,4.087950139604687,4.092034339904785
TAMOXIFEN,2,NCIH2170,4.139877796173096,3.8741227882980267,3.854081153869629
TAMOXIFEN,2,NCIH2172,4.454256534576416,4.014490479441426,4.010286331176758
TAMOXIFEN,2,NCIH2196,5.199020862579346,4.1289704512435845,4.137682914733887
TAMOXIFEN,2,NCIH2228,4.779585838317871,4.10013428452438,4.105593204498291
TAMOXIFEN,2,NCIH2291,5.843874454498291,4.333206885872295,4.364963054656982
TAMOXIFEN,2,NCIH2342,3.3390040397644043,4.245843974426837,4.267743110656738
TAMOXIFEN,2,NCIH647,5.00834321975708,4.2350292871179525,4.25570821762085
TAMOXIFEN,2,NCIH810,3.386214017868042,3.911437723000295,3.895606279373169
TAMOXIFEN,2,RCHACV,3.627694606781006,2.997656205664852,2.8787240982055664
TAMOXIFEN,2,REH,2.8412630558013916,2.9564728531558315,2.8328940868377686
TAMOXIFEN,2,SBC5,2.9595704078674316,4.10272494181942,4.108476161956787
TAMOXIFEN,2,SKMES1,4.300203800201416,4.225117002102047,4.244677543640137
TAMOXIFEN,2,SUDHL6,1.3622385263442993,3.2513782224453305,3.1610732078552246
TAMOXIFEN,2,SUPT1,3.3728408813476562,3.076206340301331,2.966136932373047
TAMOXIFEN,3,697,2.720731019973755,2.951505936140712,2.8127849102020264
TAMOXIFEN,3,CA46,3.3005974292755127,3.2746379580190856,3.204075574874878
TAMOXIFEN,3,CALU3,2.9661569595336914,4.115290329486752,4.222047805786133
TAMOXIFEN,3,CMLT1,3.280550956726074,2.930630229937099,2.787505865097046
TAMOXIFEN,3,CORL105,3.315784454345703,3.8991985758295096,3.9603755474090576
TAMOXIFEN,3,DB,2.7669243812561035,2.9821380639452952,2.8498783111572266
TAMOXIFEN,3,DMS53,3.946713447570801,4.223097085090939,4.352594375610352
TAMOXIFEN,3,DMS79,4.873733043670654,3.922713573933936,3.9888505935668945
TAMOXIFEN,3,EBC1,2.9572179317474365,3.9262597348011905,3.9931447505950928
TAMOXIFEN,3,HDLM2,3.209007501602173,3.142127981511411,3.0436151027679443
TAMOXIFEN,3,JEKO1,3.314953565597534,3.2391017285609807,3.161043643951416
TAMOXIFEN,3,JURKAT,2.4783334732055664,3.0016221614092626,2.873472213745117
TAMOXIFEN,3,JURLMK1,2.9143049716949463,3.27581810838488,3.2055046558380127
TAMOXIFEN,3,KCL22,3.1479685306549072,3.1217116164495065,3.018892288208008
TAMOXIFEN,3,KU812,2.8742589950561523,3.1459470300007863,3.0482397079467773
TAMOXIFEN,3,L540,3.355438470840454,3.1823314556176903,3.092298746109009
TAMOXIFEN,3,LP1,4.002194404602051,2.9993654240898207,2.870739459991455
TAMOXIFEN,3,MOLM16,3.4656410217285156,3.5002890477724327,3.477323532104492
TAMOXIFEN,3,NCIH1092,4.406886577606201,3.665826498989971,3.6777780055999756
TAMOXIFEN,3,NCIH1435,4.268184185028076,3.937623161287982,4.0069050788879395
TAMOXIFEN,3,NCIH1568,3.9973011016845703,4.090769427441911,4.192354679107666
TAMOXIFEN,3,NCIH1623,4.403219699859619,3.9633348456838946,4.0380401611328125
TAMOXIFEN,3,NCIH2023,4.738122463226318,3.787836011815872,3.8255231380462646
TAMOXIFEN,3,NCIH2066,4.907784461975098,3.5310936500048493,3.5146257877349854
TAMOXIFEN,3,NCIH2087,4.494968414306641,4.218984869451969,4.347614765167236
TAMOXIFEN,3,NCIH211,2.4965715408325195,3.812206884735131,3.855034589767456
TAMOXIFEN,3,NCIH2227,4.598651885986328,3.6574931883072463,3.667686939239502
TAMOXIFEN,3,NCIH358,4.712437629699707,4.153695816749448,4.268554210662842
TAMOXIFEN,3,OCILY19,3.5088798999786377,3.348518836157466,3.2935402393341064
TAMOXIFEN,3,OCIM1,2.608409881591797,2.9363108602931054,2.794384717941284
TAMOXIFEN,3,RERFLCKJ,3.360642910003662,4.1920627138433595,4.315013885498047
TAMOXIFEN,3,RERFLCMS,3.931684970855713,3.983394251684541,4.062330722808838
TAMOXIFEN,3,RL,4.275848865509033,3.1631535199519893,3.069075584411621
TAMOXIFEN,3,RPMI8402,2.464585065841675,2.950252543209673,2.811267137527466
TAMOXIFEN,3,RS411,2.829516887664795,4.211599577456482,4.338671684265137
TAMOXIFEN,3,SIGM5,3.153580904006958,3.168160397463193,3.075138568878174
TAMOXIFEN,3,SKLU1,5.188284873962402,4.047056610639616,4.139421463012695
TAMOXIFEN,3,SUDHL10,2.3940393924713135,3.424631643649641,3.3857076168060303
TAMOXIFEN,3,SUDHL8,3.3244659900665283,3.0814404126592376,2.9701266288757324
TAMOXIFEN,3,SW1573,5.474998474121094,4.489835481948905,4.675596237182617
TAMOXIFEN,3,THP1,4.032332420349121,3.0506655406078744,2.9328603744506836
TAMOXIFEN,4,BL41,2.5733110904693604,3.2168444510883263,3.1094605922698975
TAMOXIFEN,4,CAL12T,4.681556224822998,3.863667562554434,3.9065418243408203
TAMOXIFEN,4,CALU6,4.832365036010742,3.849825451502827,3.889484167098999
TAMOXIFEN,4,COLO668,4.189705848693848,3.748974320393669,3.765205144882202
TAMOXIFEN,4,CORL311,4.55053186416626,3.417171885699784,3.3563244342803955
TAMOXIFEN,4,DAUDI,3.5466365814208984,2.9756204418163246,2.812199831008911
TAMOXIFEN,4,DOHH2,2.5106489658355713,3.163923648882233,3.044246196746826
TAMOXIFEN,4,EPLC272H,4.085159778594971,3.576529805880393,3.552701473236084
TAMOXIFEN,4,GDM1,2.4195303916931152,3.4071522442553697,3.343977212905884
TAMOXIFEN,4,GRANTA519,4.1237640380859375,2.8183644252553206,2.618412971496582
TAMOXIFEN,4,HARA,3.365351438522339,3.645247195423554,3.6373820304870605
TAMOXIFEN,4,HCC33,5.029394149780273,3.5363278035683745,3.5031604766845703
TAMOXIFEN,4,HH,3.0492875576019287,3.042709552561382,2.894873857498169
TAMOXIFEN,4,JVM2,3.500246047973633,2.944982062278671,2.774444103240967
TAMOXIFEN,4,KNS62,3.102813959121704,3.9713460109434733,4.039234161376953
TAMOXIFEN,4,LAMA84,2.8019518852233887,3.17508072510018,3.057995080947876
TAMOXIFEN,4,LOUNH91,4.734167575836182,3.93302322345631,3.992008924484253
TAMOXIFEN,4,MEG01,3.54258394241333,3.3330939996478492,3.2527151107788086
TAMOXIFEN,4,MM1S,2.846914052963257,2.9080888555946434,2.728980541229248
TAMOXIFEN,4,MOLT13,2.40498948097229,3.0384829153675406,2.889665365219116
TAMOXIFEN,4,NCIH146,3.9095685482025146,3.8047279717159497,3.8339104652404785
TAMOXIFEN,4,NCIH1876,4.306938171386719,4.004393724591486,4.079958915710449
TAMOXIFEN,4,NCIH1963,2.6506760120391846,3.943439680468085,4.004845142364502
TAMOXIFEN,4,NCIH2029,4.622525691986084,3.7497017833547988,3.766101598739624
TAMOXIFEN,4,NCIH2122,3.548428535461426,3.8445352866767166,3.882965087890625
TAMOXIFEN,4,NCIH23,4.146721839904785,3.846619390670677,3.885533332824707
TAMOXIFEN,4,NCIH2405,4.313726902008057,4.1454615620512385,4.2537970542907715
TAMOXIFEN,4,NCIH441,5.045985698699951,4.3196606940098565,4.468462944030762
TAMOXIFEN,4,NCIH446,3.1246891021728516,3.7671815961604387,3.787642002105713
TAMOXIFEN,4,NCIH526,3.919858932495117,3.8032163578554954,3.832047700881958
TAMOXIFEN,4,NCIH661,3.5447731018066406,4.0205085769740485,4.099817276000977
TAMOXIFEN,4,NCIH69,2.9192750453948975,3.839469745387274,3.876722812652588
TAMOXIFEN,4,NCIH838,4.879051685333252,4.012757226954179,4.090265274047852
TAMOXIFEN,4,NCIH841,3.6946065425872803,3.770791631105046,3.792090654373169
TAMOXIFEN,4,NUDUL1,2.6113295555114746,2.698263966382412,2.4704129695892334
TAMOXIFEN,4,PF382,2.9842140674591064,3.1668402723234657,3.0478403568267822
TAMOXIFEN,4,PL21,3.431307554244995,3.932353802752717,3.9911839962005615
TAMOXIFEN,4,SHP77,3.2340774536132812,3.8438871481342205,3.8821663856506348
TAMOXIFEN,4,ST486,3.263319969177246,3.014569505262312,2.860196828842163
TAMOXIFEN,4,SUPM2,1.9969290494918823,3.374681277173083,3.3039631843566895
TAMOXIFEN,5,BEN,4.153742790222168,4.000870221614999,4.048839569091797
TAMOXIFEN,5,CHAGOK1,4.362972736358643,4.25363545927504,4.326382637023926
TAMOXIFEN,5,CMK,2.6411569118499756,3.2782224193752243,3.255352735519409
TAMOXIFEN,5,CORL88,3.8250315189361572,3.993544567815348,4.040795803070068
TAMOXIFEN,5,DND41,1.9415475130081177,3.2330084702272233,3.2057065963745117
TAMOXIFEN,5,EJM,4.331171989440918,2.7739037667433837,2.701597213745117
TAMOXIFEN,5,HCC44,3.664151906967163,4.1166758279401705,4.175997257232666
TAMOXIFEN,5,HL60,3.0013954639434814,2.9576676338001078,2.9033749103546143
TAMOXIFEN,5,KG1,3.533687114715576,3.0089126861533706,2.9596433639526367
TAMOXIFEN,5,KMH2,3.7814595699310303,2.8173526367599195,2.749305248260498
TAMOXIFEN,5,L428,3.0361249446868896,3.3411073532637863,3.324402093887329
TAMOXIFEN,5,LU65,4.917863845825195,3.6167984262069623,3.6271183490753174
TAMOXIFEN,5,LXF289,2.686872959136963,4.27734948956952,4.352421283721924
TAMOXIFEN,5,ME1,3.813417911529541,3.3065422878461876,3.2864487171173096
TAMOXIFEN,5,MHHCALL2,2.0580050945281982,2.9904782596332264,2.939401865005493
TAMOXIFEN,5,MOLP8,3.5964760780334473,3.032046752570357,2.9850451946258545
TAMOXIFEN,5,NCIH1048,3.391832113265991,3.821380412575714,3.851754903793335
TAMOXIFEN,5,NCIH1341,3.1351609230041504,3.9860578008756367,4.0325751304626465
TAMOXIFEN,5,NCIH1436,3.5986626148223877,3.9943336313611404,4.041662216186523
TAMOXIFEN,5,NCIH1792,3.4088804721832275,3.856212769469612,3.8900017738342285
TAMOXIFEN,5,NCIH1793,4.835913181304932,4.200489836416462,4.268027305603027
TAMOXIFEN,5,NCIH1915,4.10236120223999,3.7873136687975193,3.8143486976623535
TAMOXIFEN,5,NCIH1975,3.2321465015411377,4.053699697934594,4.106847763061523
TAMOXIFEN,5,NCIH2009,3.966481924057007,4.502286014988806,4.59940767288208
TAMOXIFEN,5,NCIH2081,4.834334850311279,3.897778222536175,3.9356417655944824
TAMOXIFEN,5,NCIH2444,5.478336334228516,4.135129145084553,4.196259498596191
TAMOXIFEN,5,NCIH522,4.588005542755127,3.719171061629428,3.7395262718200684
TAMOXIFEN,5,NCIH524,3.2759056091308594,3.551796656735591,3.5557446479797363
TAMOXIFEN,5,NCIH727,4.656348705291748,3.8349586458648073,3.866664171218872
TAMOXIFEN,5,NCIH929,2.966681957244873,3.2762260929470424,3.2531607151031494
TAMOXIFEN,5,OCIAML2,2.743216037750244,2.9698625088475272,2.9167652130126953
TAMOXIFEN,5,OCIAML5,2.6083219051361084,3.1371570085721694,3.100459098815918
TAMOXIFEN,5,P12ICHIKAWA,2.7168290615081787,3.0996437029716413,3.0592684745788574
TAMOXIFEN,5,RAJI,3.603837013244629,2.7469029849649593,2.671949625015259
TAMOXIFEN,5,RPMI8226,2.8468210697174072,2.8921258530358407,2.8314082622528076
TAMOXIFEN,5,SKM1,3.093158006668091,3.120575600296326,3.082252264022827
TAMOXIFEN,5,SUDHL1,4.8336181640625,3.116453535807246,3.077726125717163
TAMOXIFEN,5,SUPB15,3.3859810829162598,3.0092635740702667,2.960028648376465
TAMOXIFEN,5,SW1271,5.524227619171143,4.22140979139249,4.2909979820251465
TAMOXIFEN,5,WSUDLCL2,0.40093550086021423,2.8370750998660954,2.770961046218872
TANESPIMYCIN,1,CA46,1.6576449871063232,0.5465157190786043,0.5642434358596802
TANESPIMYCIN,1,CAL12T,-0.4256120026111603,0.35667844638448226,0.33384498953819275
TANESPIMYCIN,1,CHAGOK1,0.07022669911384583,0.10627276487427928,0.029936915263533592
TANESPIMYCIN,1,CMK,0.8688210248947144,0.18037526644995583,0.11987236887216568
TANESPIMYCIN,1,CORL279,0.5159130096435547,0.9489147335311734,1.0526201725006104
TANESPIMYCIN,1,CORL311,-0.039246998727321625,0.4257481115131311,0.4176722764968872
TANESPIMYCIN,1,DAUDI,1.1269619464874268,0.7188267892684874,0.7733709812164307
TANESPIMYCIN,1,DMS53,1.720898985862732,0.8134961240266849,0.8882676362991333
TANESPIMYCIN,1,EBC1,-0.24398528039455414,0.28089325577198576,0.2418673187494278
TANESPIMYCIN,1,HCC366,0.1325438767671585,-0.35837236109246734,-0.5339856147766113
TANESPIMYCIN,1,HCC44,-1.4790395498275757,-0.4028541490237299,-0.5879715085029602
TANESPIMYCIN,1,HDLM2,-0.6247375011444092,0.014271885628748288,-0.08172113448381424
TANESPIMYCIN,1,IALM,1.2864773273468018,0.09626427296149606,0.01778998039662838
TANESPIMYCIN,1,JVM3,-0.6805269718170166,0.22604084096790417,0.17529498040676117
TANESPIMYCIN,1,KNS62,-0.15704971551895142,-0.3189201912788073,-0.48610398173332214
TANESPIMYCIN,1,L428,1.5924550294876099,0.09564172496527237,0.017034417018294334
TANESPIMYCIN,1,LOUCY,0.4580639898777008,0.7860175761827173,0.8549179434776306
TANESPIMYCIN,1,MOLT16,0.2452399879693985,0.5865254748246282,0.6128017902374268
TANESPIMYCIN,1,NALM6,0.6596189737319946,0.4066907884011202,0.3945431113243103
TANESPIMYCIN,1,NB4,-1.9072550535202026,0.3664465504219462,0.3457001745700836
TANESPIMYCIN,1,NCIH1436,0.8177409768104553,0.9525751021145119,1.0570626258850098
TANESPIMYCIN,1,NCIH1651,0.11703484505414963,0.06419231418284349,-0.02113456465303898
TANESPIMYCIN,1,NCIH1876,2.366929531097412,1.1167494988466808,1.256314992904663
TANESPIMYCIN,1,NCIH1963,-0.15043599903583527,1.138273636931757,1.282438039779663
TANESPIMYCIN,1,NCIH2029,0.9510459899902344,1.243078674327299,1.4096360206604004
TANESPIMYCIN,1,NCIH2030,-0.6179026365280151,-0.11051900512308832,-0.23317520320415497
TANESPIMYCIN,1,NCIH2087,-0.1443353295326233,0.30490907146088075,0.27101442217826843
TANESPIMYCIN,1,NCIH2171,-0.07303150743246078,1.264359809356636,1.4354641437530518
TANESPIMYCIN,1,NCIH2196,-1.058670997619629,0.48230324204963143,0.486311137676239
TANESPIMYCIN,1,NCIH2228,-0.44171953201293945,-0.29098500592225596,-0.4522000849246979
TANESPIMYCIN,1,NCIH441,0.8980709910392761,-0.2944216231066558,-0.4563709795475006
TANESPIMYCIN,1,NCIH460,-3.428236961364746,-0.11478491689099932,-0.23835258185863495
TANESPIMYCIN,1,NCIH526,0.17962850630283356,0.7890809469597568,0.8586358428001404
TANESPIMYCIN,1,NCIH650,-0.2363390028476715,0.39660537580603067,0.38230282068252563
TANESPIMYCIN,1,NCIH69,0.6315935254096985,0.7055482536584312,0.7572553157806396
TANESPIMYCIN,1,NCIH82,0.1540006697177887,0.22722835387974233,0.17673622071743011
TANESPIMYCIN,1,NCIH838,-0.6093853116035461,-0.11228342929114499,-0.23531661927700043
TANESPIMYCIN,1,RPMI8226,-0.4091145098209381,-0.29012457473055187,-0.45115581154823303
TANESPIMYCIN,1,SIGM5,0.11346700042486191,0.20169613871605005,0.14574871957302094
TANESPIMYCIN,1,SUPB15,1.4662549495697021,0.40272177941685344,0.38972607254981995
TANESPIMYCIN,1,THP1,0.4170230031013489,0.3584105307157959,0.3359471559524536
TANESPIMYCIN,2,BEN,0.5704909563064575,0.25753542086500103,0.37984371185302734
TANESPIMYCIN,2,CALU6,0.05488931015133858,-0.10338142211665508,-0.42953404784202576
TANESPIMYCIN,2,CMLT1,0.75108402967453,0.283382423686253,0.43780717253685
TANESPIMYCIN,2,CORL95,0.6746799945831299,-0.009867648427342238,-0.21982377767562866
TANESPIMYCIN,2,GRANTA519,1.7879669666290283,0.15365151491315163,0.14687779545783997
TANESPIMYCIN,2,HCC15,-0.5072070360183716,0.03718609081234501,-0.11430293321609497
TANESPIMYCIN,2,HCC33,0.8119279742240906,0.34343864999789203,0.5724868774414062
TANESPIMYCIN,2,HCC827,0.3109254240989685,-0.14958688445753032,-0.5331525802612305
TANESPIMYCIN,2,HEL,0.21719099581241608,0.06550048688601082,-0.0508061945438385
TANESPIMYCIN,2,JEKO1,0.12712399661540985,0.3811601605923637,0.6570796370506287
TANESPIMYCIN,2,JURLMK1,-0.7797160148620605,0.15200193921139482,0.1431785225868225
TANESPIMYCIN,2,JVM2,-0.40473949909210205,0.06057171384324246,-0.061859264969825745
TANESPIMYCIN,2,K562,-0.48190099000930786,0.11451416956152302,0.05910994112491608
TANESPIMYCIN,2,KCL22,0.13189077377319336,0.13343146801389072,0.10153312236070633
TANESPIMYCIN,2,KMS11,-0.40635401010513306,0.23144496917863125,0.3213343024253845
TANESPIMYCIN,2,L363,-1.4858289957046509,0.12417580967811304,0.08077675104141235
TANESPIMYCIN,2,LCLC97TM1,-1.3217004537582397,-0.06860691990326712,-0.3515501320362091
TANESPIMYCIN,2,ME1,2.119450092315674,0.21743887847958002,0.2899248003959656
TANESPIMYCIN,2,MEG01,0.9791569709777832,-0.14132312509314202,-0.5146206021308899
TANESPIMYCIN,2,MHHCALL2,-0.06092099845409393,0.2106807836995097,0.2747693657875061
TANESPIMYCIN,2,NCIH1092,1.766502022743225,0.362663814451217,0.6156004667282104
TANESPIMYCIN,2,NCIH146,0.7781435251235962,0.5133663299538771,0.953559935092926
TANESPIMYCIN,2,NCIH1568,0.47487908601760864,-0.029492571891072225,-0.2638338506221771
TANESPIMYCIN,2,NCIH1792,-1.1821340322494507,0.06938361522493973,-0.042098045349121094
TANESPIMYCIN,2,NCIH1793,0.03488202020525932,0.2293106353430842,0.3165479302406311
TANESPIMYCIN,2,NCIH1915,-1.221590518951416,0.10140724094631225,0.029716864228248596
TANESPIMYCIN,2,NCIH1975,-0.6370465159416199,0.010744080837977663,-0.17360073328018188
TANESPIMYCIN,2,NCIH2009,-0.6739234328269958,-0.12152820338264161,-0.47022929787635803
TANESPIMYCIN,2,NCIH2085,1.8470970392227173,-0.08898310750772404,-0.39724496006965637
TANESPIMYCIN,2,NCIH209,1.5108150243759155,0.4245444254810308,0.7543714642524719
TANESPIMYCIN,2,NCIH211,-0.2440589964389801,0.4980775445410765,0.9192739129066467
TANESPIMYCIN,2,NCIH23,-0.3396610617637634,-0.03936169306048459,-0.2859659492969513
TANESPIMYCIN,2,NCIH647,-1.8234299421310425,0.02194126679731777,-0.14849036931991577
TANESPIMYCIN,2,P12ICHIKAWA,0.7170231342315674,0.2233390881109622,0.30315637588500977
TANESPIMYCIN,2,PF382,0.15479163825511932,0.20789805911506265,0.26852893829345703
TANESPIMYCIN,2,REH,1.7180465459823608,0.24642670256738317,0.3549317419528961
TANESPIMYCIN,2,RERFLCKJ,-0.13732892274856567,-0.07536934703390394,-0.36671528220176697
TANESPIMYCIN,2,SKLU1,0.008527882397174835,-0.15830934140521505,-0.5527132153511047
TANESPIMYCIN,2,SUDHL8,1.7124639749526978,0.29338944915575416,0.46024852991104126
TANESPIMYCIN,2,SUPT1,-0.2368755042552948,0.44741051861354486,0.8056500554084778
TANESPIMYCIN,2,SW1271,1.1072421073913574,-0.06155536817469895,-0.33573660254478455
TANESPIMYCIN,3,697,0.1566784828901291,0.13084627159635828,0.12446620315313339
TANESPIMYCIN,3,A3KAW,-0.2595579922199249,-0.4458435655852146,-0.6493639945983887
TANESPIMYCIN,3,A549,-3.2170939445495605,-0.6354623758761765,-0.9038036465644836
TANESPIMYCIN,3,ABC1,2.9784018993377686,0.22234422963446765,0.24724256992340088
TANESPIMYCIN,3,BL41,0.822561502456665,0.1421902645878062,0.13968811929225922
TANESPIMYCIN,3,CALU3,0.6931480169296265,-0.1086303865327068,-0.19687511026859283
TANESPIMYCIN,3,CORL105,3.2705159187316895,-0.39357210611556354,-0.5792236328125
TANESPIMYCIN,3,CORL23,0.35079121589660645,-0.05514346771240815,-0.12510378658771515
TANESPIMYCIN,3,DB,0.6968770027160645,0.2601075340011662,0.29791519045829773
TANESPIMYCIN,3,DMS79,0.10648687183856964,0.9206446604714985,1.1842557191848755
TANESPIMYCIN,3,EM2,0.3457116186618805,0.1565767649271514,0.15899261832237244
TANESPIMYCIN,3,HARA,-0.5699005722999573,-0.3894815299308694,-0.573734700679779
TANESPIMYCIN,3,HH,0.7506420016288757,0.5213677518475087,0.6484867334365845
TANESPIMYCIN,3,HT,0.08852901309728622,-0.049471773826662124,-0.11749323457479477
TANESPIMYCIN,3,KMS12BM,-0.43776533007621765,-0.4112226742789457,-0.6029080152511597
TANESPIMYCIN,3,KU812,-0.664758026599884,0.12765776742717896,0.12018771469593048
TANESPIMYCIN,3,L1236,-1.4092005491256714,-0.2155770725624397,-0.34038132429122925
TANESPIMYCIN,3,L540,-0.40525248646736145,0.07749972216224739,0.05288323387503624
TANESPIMYCIN,3,LP1,2.045314073562622,0.36675488601419126,0.441019743680954
TANESPIMYCIN,3,LXF289,-0.8438121676445007,0.05068862109331418,0.01690680719912052
TANESPIMYCIN,3,MM1S,0.5993130207061768,0.3535156272972564,0.42325466871261597
TANESPIMYCIN,3,NCIH1155,-1.4075499773025513,0.4136799545481401,0.5039860606193542
TANESPIMYCIN,3,NCIH1648,-0.30145999789237976,-0.5653456562015583,-0.8097176551818848
TANESPIMYCIN,3,NCIH1781,-0.8249099850654602,-0.26747438394487427,-0.4100196361541748
TANESPIMYCIN,3,NCIH2347,0.01210812758654356,-0.1548708235895993,-0.2589227557182312
TANESPIMYCIN,3,NCIH522,-0.247883141040802,0.22878199317243336,0.25588107109069824
TANESPIMYCIN,3,NCIH810,2.249962091445923,0.6507683092342709,0.8221226334571838
TANESPIMYCIN,3,OCIAML3,-0.28931400179862976,0.1360473153505476,0.13144521415233612
TANESPIMYCIN,3,OCIAML5,0.14484353363513947,0.051887378594170315,0.01851535774767399
TANESPIMYCIN,3,P31FUJ,1.2038414478302002,0.30682833802376935,0.36060741543769836
TANESPIMYCIN,3,RAJI,1.5338200330734253,0.2145668977875636,0.23680657148361206
TANESPIMYCIN,3,RCHACV,0.143865168094635,0.6801117713649473,0.8614971041679382
TANESPIMYCIN,3,RL,0.18294355273246765,-0.0630669407449874,-0.135735884308815
TANESPIMYCIN,3,RS411,0.906108021736145,-0.3446464802412357,-0.5135728716850281
TANESPIMYCIN,3,SBC5,-0.7172744870185852,0.0068744733603021205,-0.0418851263821125
TANESPIMYCIN,3,SHP77,-0.004482000134885311,0.3886694453132937,0.4704257547855377
TANESPIMYCIN,3,SKMM2,2.1401050090789795,0.1572830510631794,0.15994034707546234
TANESPIMYCIN,3,SUDHL1,-0.572823703289032,0.06757276008161298,0.039562758058309555
TANESPIMYCIN,3,SUDHL10,-0.39659151434898376,-0.049018180903403055,-0.11688458174467087
TANESPIMYCIN,3,SUDHL6,1.0705845355987549,-0.42295616795557334,-0.6186525821685791
TANESPIMYCIN,3,SUPM2,-1.253233551979065,-0.4990739155640361,-0.7207910418510437
TANESPIMYCIN,4,BV173,-0.6378750205039978,0.466363319654163,0.4589991569519043
TANESPIMYCIN,4,COLO668,0.03667464479804039,0.9770116587292418,0.9854833483695984
TANESPIMYCIN,4,DMS114,1.562201976776123,-0.2337504184305915,-0.26282599568367004
TANESPIMYCIN,4,DMS273,-0.1324176788330078,0.032323460123056647,0.011499171145260334
TANESPIMYCIN,4,DND41,0.8593109846115112,0.721759782881041,0.722315788269043
TANESPIMYCIN,4,EPLC272H,-2.6061134338378906,0.43563156426602123,0.4273143708705902
TANESPIMYCIN,4,GDM1,0.18588249385356903,0.6772536371242036,0.6764294505119324
TANESPIMYCIN,4,HCC78,0.12338109314441681,-0.28379057239622474,-0.3144179582595825
TANESPIMYCIN,4,KARPAS422,-0.47680848836898804,0.4544274609994604,0.44669315218925476
TANESPIMYCIN,4,KG1,1.725525975227356,0.33158730171657036,0.32004356384277344
TANESPIMYCIN,4,KMH2,0.22349244356155396,0.0316851597440177,0.010841076262295246
TANESPIMYCIN,4,KOPN8,-1.325314998626709,1.1514680379983575,1.1653498411178589
TANESPIMYCIN,4,LAMA84,-0.5469939708709717,0.4033092320887752,0.3939896821975708
TANESPIMYCIN,4,LCLC103H,0.8157140016555786,-0.8494854829149011,-0.8976557850837708
TANESPIMYCIN,4,LOUNH91,-0.5349310040473938,0.1715849486513085,0.15507933497428894
TANESPIMYCIN,4,MOLM16,-0.6928330063819885,1.2834333605434933,1.3014075756072998
TANESPIMYCIN,4,NCIH1341,-1.2722140550613403,0.6054357391196099,0.6023843884468079
TANESPIMYCIN,4,NCIH1435,0.43136581778526306,-0.25805474163949393,-0.28788402676582336
TANESPIMYCIN,4,NCIH1623,0.005031588487327099,-0.46563218128409867,-0.5018987059593201
TANESPIMYCIN,4,NCIH1836,3.3562633991241455,0.752419302391671,0.7539260983467102
TANESPIMYCIN,4,NCIH2023,-0.56195467710495,-0.7030659318245178,-0.7466955780982971
TANESPIMYCIN,4,NCIH2066,1.3761065006256104,-0.11340561993120363,-0.1387491524219513
TANESPIMYCIN,4,NCIH2110,-1.7312920093536377,-0.30322670620489867,-0.33445683121681213
TANESPIMYCIN,4,NCIH2170,-1.1587260961532593,-0.4946215171202032,-0.5317870378494263
TANESPIMYCIN,4,NCIH2172,0.01594931073486805,-0.10712572353380531,-0.13227450847625732
TANESPIMYCIN,4,NCIH2227,1.17866051197052,0.4222762229234521,0.4135448634624481
TANESPIMYCIN,4,NCIH2342,0.9437655210494995,-0.6032594785165198,-0.6437940001487732
TANESPIMYCIN,4,NCIH2444,0.2593950927257538,-0.49326293919180764,-0.5303863286972046
TANESPIMYCIN,4,NCIH292,-0.4422729015350342,0.30446904565291355,0.29208433628082275
TANESPIMYCIN,4,NCIH446,2.009445905685425,0.1763133490544791,0.15995436906814575
TANESPIMYCIN,4,NCIH524,2.352731943130493,-0.025593729574723827,-0.048214104026556015
TANESPIMYCIN,4,NCIH661,0.1263177990913391,-0.0599009693980299,-0.08358525484800339
TANESPIMYCIN,4,NOMO1,0.5363289713859558,-0.3824587397416208,-0.4161459505558014
TANESPIMYCIN,4,NUDUL1,0.9933649897575378,0.4589725111941243,0.4513791501522064
TANESPIMYCIN,4,OCIAML2,-1.0973130464553833,-0.052923660028750735,-0.07639157027006149
TANESPIMYCIN,4,OPM2,-0.08292949944734573,0.5307706664598862,0.5254038572311401
TANESPIMYCIN,4,RERFLCMS,-0.4207180142402649,-0.33469021479000505,-0.3668960630893707
TANESPIMYCIN,4,RPMI8402,0.4615269899368286,0.25337558910998664,0.23940640687942505
TANESPIMYCIN,4,SUDHL4,0.5185815095901489,0.4018525185844881,0.3924877941608429
TANESPIMYCIN,4,SW1573,0.01198264304548502,0.1220964495893873,0.10405613481998444
TANESPIMYCIN,5,A4FUK,2.4798479080200195,0.1706691353695578,0.21086335182189941
TANESPIMYCIN,5,ALLSIL,1.1957429647445679,0.06425827126471319,0.016897356137633324
TANESPIMYCIN,5,AMO1,-1.5707199573516846,0.47830227664141217,0.7716178297996521
TANESPIMYCIN,5,CORL88,0.13706350326538086,0.4484055274203265,0.717121958732605
TANESPIMYCIN,5,DOHH2,0.07340697944164276,0.3954944134272285,0.6206754446029663
TANESPIMYCIN,5,EHEB,1.0009770393371582,0.39528189968902555,0.620288074016571
TANESPIMYCIN,5,EJM,0.528095006942749,0.18111754220097506,0.22990873456001282
TANESPIMYCIN,5,GA10,-0.18446700274944305,0.28097980457806804,0.4119379222393036
TANESPIMYCIN,5,HL60,-0.18878799676895142,0.12110685808640391,0.12052110582590103
TANESPIMYCIN,5,JM1,1.128167986869812,0.2360085262608284,0.32996416091918945
TANESPIMYCIN,5,JURKAT,1.0202064514160156,0.19450718298638675,0.25431540608406067
TANESPIMYCIN,5,LU65,-0.29515498876571655,0.09347218337723841,0.07014854997396469
TANESPIMYCIN,5,MOLM13,-0.06300000101327896,0.13184725876141257,0.14009873569011688
TANESPIMYCIN,5,MOLP8,-0.05413550138473511,0.2455192926573941,0.3473004102706909
TANESPIMYCIN,5,MOLT13,0.9759039878845215,0.19033873860082492,0.2467171549797058
TANESPIMYCIN,5,MONOMAC6,-0.7761600017547607,0.11489940667524075,0.10920614749193192
TANESPIMYCIN,5,NAMALWA,0.4558109939098358,0.22551479798901275,0.31083616614341736
TANESPIMYCIN,5,NCIH1048,-0.36732304096221924,0.5313932703196701,0.8683922290802002
TANESPIMYCIN,5,NCIH1105,2.846920967102051,0.8620729526242525,1.4711560010910034
TANESPIMYCIN,5,NCIH1437,-0.4410359561443329,-0.07689557864301866,-0.24039824306964874
TANESPIMYCIN,5,NCIH1650,-0.42071253061294556,0.02358460732123078,-0.057242702692747116
TANESPIMYCIN,5,NCIH1944,-0.7895862460136414,-0.1508786690881678,-0.3752548098564148
TANESPIMYCIN,5,NCIH196,0.29214808344841003,0.13376126395708388,0.14358758926391602
TANESPIMYCIN,5,NCIH2081,1.6416815519332886,0.6547979282188141,1.0933345556259155
TANESPIMYCIN,5,NCIH2122,-0.8392999172210693,0.07449359927052356,0.03555433824658394
TANESPIMYCIN,5,NCIH2291,0.3496670126914978,-0.07049678638878817,-0.22873450815677643
TANESPIMYCIN,5,NCIH2405,0.6069039702415466,0.10176722911216451,0.0852687805891037
TANESPIMYCIN,5,NCIH358,-1.003159999847412,0.09097020524867828,0.06558793783187866
TANESPIMYCIN,5,NCIH596,0.45338335633277893,-0.22089159644949813,-0.5028745532035828
TANESPIMYCIN,5,NCIH727,0.12543882429599762,0.10373743649086956,0.08886007964611053
TANESPIMYCIN,5,NCIH841,-0.025723999366164207,0.32020265004084925,0.48343342542648315
TANESPIMYCIN,5,NCIH929,-0.8139010071754456,0.2806487553265576,0.41133448481559753
TANESPIMYCIN,5,OCILY19,0.3320870101451874,0.4939117524216916,0.8000708222389221
TANESPIMYCIN,5,OCIM1,0.19307941198349,-0.012612065317408147,-0.12322209030389786
TANESPIMYCIN,5,PL21,-0.16544699668884277,0.06287268103764092,0.014371698722243309
TANESPIMYCIN,5,SKM1,-1.3769079446792603,0.23632829420141724,0.330547034740448
TANESPIMYCIN,5,SKMES1,-0.8177139759063721,0.002854284961699656,-0.09502998739480972
TANESPIMYCIN,5,ST486,0.5341070294380188,0.39702847551586573,0.623471736907959
TANESPIMYCIN,5,SUDHL5,-0.47768649458885193,0.34893059005154464,0.5357987880706787
TANESPIMYCIN,5,WSUDLCL2,0.1487399935722351,0.029088317477318586,-0.04721052572131157
TEMOZOLOMIDE,1,A4FUK,3.4097700119018555,4.888715191299117,4.82851505279541
TEMOZOLOMIDE,1,ABC1,6.72040319442749,6.438844459642249,6.534564971923828
TEMOZOLOMIDE,1,BV173,5.567756652832031,4.663510447185159,4.580657958984375
TEMOZOLOMIDE,1,CMK,4.673585891723633,5.004848180215438,4.956329345703125
TEMOZOLOMIDE,1,CORL279,5.2376298904418945,5.749932682491573,5.776358604431152
TEMOZOLOMIDE,1,CORL95,6.537144184112549,5.964047762949659,6.01201057434082
TEMOZOLOMIDE,1,DMS114,6.056763648986816,5.831509038606189,5.866140365600586
TEMOZOLOMIDE,1,DMS273,5.534334659576416,5.684231321142344,5.7040486335754395
TEMOZOLOMIDE,1,DMS53,6.471475601196289,5.945554158747793,5.99165678024292
TEMOZOLOMIDE,1,EJM,5.6864848136901855,5.018915190669372,4.971811294555664
TEMOZOLOMIDE,1,EPLC272H,6.2480788230896,6.218054611318779,6.291566848754883
TEMOZOLOMIDE,1,HL60,5.273847579956055,4.799520432085389,4.730348587036133
TEMOZOLOMIDE,1,L540,2.28165602684021,4.952353379561565,4.89855432510376
TEMOZOLOMIDE,1,LCLC103H,5.686863899230957,6.408665462470289,6.501350402832031
TEMOZOLOMIDE,1,LXF289,6.039905548095703,6.436731461921914,6.5322394371032715
TEMOZOLOMIDE,1,NAMALWA,5.2238030433654785,5.117718305520555,5.080552577972412
TEMOZOLOMIDE,1,NCIH1435,5.31058406829834,6.23097262239721,6.305784225463867
TEMOZOLOMIDE,1,NCIH1436,5.968494415283203,5.726023357251327,5.750044345855713
TEMOZOLOMIDE,1,NCIH1648,6.701506614685059,6.133300310098841,6.198287487030029
TEMOZOLOMIDE,1,NCIH1781,6.372109889984131,6.455896182274856,6.5533318519592285
TEMOZOLOMIDE,1,NCIH1876,5.214768886566162,5.7239155586231885,5.747724533081055
TEMOZOLOMIDE,1,NCIH1915,6.94765043258667,5.310480714326193,5.292704105377197
TEMOZOLOMIDE,1,NCIH2122,5.8979644775390625,6.392776170201361,6.48386287689209
TEMOZOLOMIDE,1,NCIH2170,5.400665283203125,5.878899630495809,5.91829776763916
TEMOZOLOMIDE,1,NCIH2172,6.514775276184082,6.243740726317299,6.319836616516113
TEMOZOLOMIDE,1,NCIH2405,7.1152167320251465,6.167712668092083,6.236161231994629
TEMOZOLOMIDE,1,NCIH292,4.507862091064453,6.668841033730968,6.78769588470459
TEMOZOLOMIDE,1,NCIH358,6.8638176918029785,6.149318713157324,6.215917110443115
TEMOZOLOMIDE,1,NCIH460,5.302921295166016,5.987875202487805,6.038234710693359
TEMOZOLOMIDE,1,NCIH522,6.3025360107421875,6.037137034310606,6.092451572418213
TEMOZOLOMIDE,1,NCIH82,5.744772911071777,4.836943497718289,4.771535873413086
TEMOZOLOMIDE,1,NUDUL1,4.528750419616699,4.761383791048472,4.688375949859619
TEMOZOLOMIDE,1,OCIAML3,5.630563735961914,5.180537636761999,5.149690628051758
TEMOZOLOMIDE,1,OCIAML5,5.161295413970947,4.563834318102589,4.470955848693848
TEMOZOLOMIDE,1,OCIM1,3.745516538619995,4.979744363542966,4.9287004470825195
TEMOZOLOMIDE,1,SHP77,5.788435935974121,5.907898000481402,5.9502129554748535
TEMOZOLOMIDE,1,SIGM5,4.402650833129883,4.355269701822319,4.24141263961792
TEMOZOLOMIDE,1,ST486,5.313599109649658,4.944847623460051,4.890293598175049
TEMOZOLOMIDE,1,SUDHL1,6.075472831726074,4.590377416798221,4.500168800354004
TEMOZOLOMIDE,1,SUDHL6,4.701321125030518,4.898489917886871,4.839272975921631
TEMOZOLOMIDE,1,WSUDLCL2,4.721316337585449,4.696324084327871,4.616772174835205
TEMOZOLOMIDE,2,A549,6.627472400665283,6.179570088789672,6.26932954788208
TEMOZOLOMIDE,2,BL41,4.876925945281982,5.198292163286036,5.142760753631592
TEMOZOLOMIDE,2,CAL12T,6.184326171875,6.171474269495086,6.260035037994385
TEMOZOLOMIDE,2,DB,5.102636337280273,4.472680061582778,4.3097124099731445
TEMOZOLOMIDE,2,DMS79,5.839200019836426,5.6689661179488215,5.68312406539917
TEMOZOLOMIDE,2,EBC1,6.217489719390869,6.310916159293557,6.420123100280762
TEMOZOLOMIDE,2,GRANTA519,6.01926326751709,4.972352267400364,4.883367538452148
TEMOZOLOMIDE,2,HCC366,6.407286643981934,6.336414750414693,6.449397087097168
TEMOZOLOMIDE,2,HT,5.770486831665039,5.332179287680967,5.29647159576416
TEMOZOLOMIDE,2,JEKO1,4.716091156005859,5.082875236101764,5.010254859924316
TEMOZOLOMIDE,2,JURLMK1,4.34712553024292,4.763474564035806,4.6435627937316895
TEMOZOLOMIDE,2,JVM3,2.5745155811309814,4.8134915424234075,4.700985431671143
TEMOZOLOMIDE,2,K562,5.7643327713012695,4.951126700540602,4.858999252319336
TEMOZOLOMIDE,2,KG1,5.898159503936768,4.5380895632136244,4.3848066329956055
TEMOZOLOMIDE,2,KMH2,5.257656574249268,4.472201173852087,4.309162616729736
TEMOZOLOMIDE,2,KNS62,5.948481559753418,5.794607069746037,5.827367782592773
TEMOZOLOMIDE,2,KOPN8,4.3948140144348145,5.18672617314155,5.129482269287109
TEMOZOLOMIDE,2,L1236,5.138418197631836,5.35714624281313,5.325135231018066
TEMOZOLOMIDE,2,MEG01,4.864975452423096,4.9312136100286175,4.836137771606445
TEMOZOLOMIDE,2,NALM6,4.402769565582275,5.084308991909527,5.011900901794434
TEMOZOLOMIDE,2,NCIH1155,5.413079261779785,6.02214395030171,6.088594436645508
TEMOZOLOMIDE,2,NCIH1437,5.781734943389893,5.958632555287745,6.015679359436035
TEMOZOLOMIDE,2,NCIH146,5.239551544189453,5.791198784647977,5.823454856872559
TEMOZOLOMIDE,2,NCIH1623,7.1330413818359375,6.324700483670157,6.435948371887207
TEMOZOLOMIDE,2,NCIH1792,5.919497966766357,6.2095755409392055,6.303777694702148
TEMOZOLOMIDE,2,NCIH196,6.721863269805908,5.829874056823941,5.867856502532959
TEMOZOLOMIDE,2,NCIH1963,5.833661079406738,5.498176810469275,5.48704719543457
TEMOZOLOMIDE,2,NCIH1975,6.313241481781006,6.370079768735199,6.488046646118164
TEMOZOLOMIDE,2,NCIH2085,6.765407085418701,6.357964698295851,6.474137783050537
TEMOZOLOMIDE,2,NCIH211,5.616934299468994,5.8629941482557495,5.905880451202393
TEMOZOLOMIDE,2,NCIH2228,7.640270233154297,6.308825334630672,6.417722702026367
TEMOZOLOMIDE,2,NCIH2347,7.366124153137207,6.170476205993912,6.258889198303223
TEMOZOLOMIDE,2,NCIH441,6.975308418273926,6.203221244849124,6.296482563018799
TEMOZOLOMIDE,2,NCIH69,5.979258060455322,5.338426841232637,5.303644180297852
TEMOZOLOMIDE,2,OCIAML2,3.69931697845459,4.954200221101854,4.862527847290039
TEMOZOLOMIDE,2,PF382,5.364531993865967,4.925572038436254,4.829660892486572
TEMOZOLOMIDE,2,PL21,4.809865951538086,6.078946348339201,6.153807163238525
TEMOZOLOMIDE,2,RCHACV,3.9382801055908203,5.157762395257911,5.0962300300598145
TEMOZOLOMIDE,2,SUDHL4,3.8974714279174805,5.088974928394001,5.0172576904296875
TEMOZOLOMIDE,2,SUPB15,5.168129920959473,4.889014172722623,4.787690162658691
TEMOZOLOMIDE,2,SW1271,7.191267967224121,6.2322078664666645,6.329761028289795
TEMOZOLOMIDE,3,697,5.206569671630859,4.933468582260283,4.859004497528076
TEMOZOLOMIDE,3,A3KAW,4.904812812805176,4.905006963293338,4.827905178070068
TEMOZOLOMIDE,3,ALLSIL,4.560120582580566,4.707776497175499,4.612396240234375
TEMOZOLOMIDE,3,AMO1,4.360506057739258,4.9741850185199254,4.903494358062744
TEMOZOLOMIDE,3,CA46,5.889260768890381,5.270830409765941,5.227631568908691
TEMOZOLOMIDE,3,CALU3,6.662729263305664,6.2658057549560855,6.314816951751709
TEMOZOLOMIDE,3,CALU6,6.752689361572266,5.936443466507205,5.954930782318115
TEMOZOLOMIDE,3,CHAGOK1,6.196004390716553,6.096413300729083,6.129725933074951
TEMOZOLOMIDE,3,CORL311,5.846322059631348,5.346216606535364,5.310004234313965
TEMOZOLOMIDE,3,CORL88,6.359736919403076,5.509574604045487,5.48850154876709
TEMOZOLOMIDE,3,EHEB,6.117613792419434,5.056596722859861,4.99354362487793
TEMOZOLOMIDE,3,GA10,5.6260504722595215,5.029246599500227,4.963658809661865
TEMOZOLOMIDE,3,HARA,6.359165191650391,5.926472299200003,5.944035530090332
TEMOZOLOMIDE,3,HH,5.643000602722168,5.026311849614414,4.960452079772949
TEMOZOLOMIDE,3,IALM,6.289035320281982,6.113677921544327,6.148590564727783
TEMOZOLOMIDE,3,JVM2,2.919757604598999,5.037542886500849,4.972723960876465
TEMOZOLOMIDE,3,KARPAS422,5.565334320068359,5.3382628888522685,5.301313400268555
TEMOZOLOMIDE,3,KMS11,5.449413776397705,5.194553532770951,5.144285678863525
TEMOZOLOMIDE,3,L428,5.925203800201416,5.181668126097584,5.130206108093262
TEMOZOLOMIDE,3,LP1,5.55292272567749,4.608126792056457,4.503511428833008
TEMOZOLOMIDE,3,MHHCALL2,4.347033500671387,4.890172184465336,4.811695575714111
TEMOZOLOMIDE,3,MM1S,4.9010090827941895,5.2006608672916865,5.150959014892578
TEMOZOLOMIDE,3,MOLM16,3.708336591720581,5.109600269570796,5.051459312438965
TEMOZOLOMIDE,3,NCIH1048,5.6473612785339355,5.8879779813669115,5.901973724365234
TEMOZOLOMIDE,3,NCIH1341,5.978311061859131,5.68707613223207,5.682453155517578
TEMOZOLOMIDE,3,NCIH1793,7.5977630615234375,6.414841300235373,6.477664470672607
TEMOZOLOMIDE,3,NCIH2066,7.577147483825684,5.77883626959117,5.782717227935791
TEMOZOLOMIDE,3,NCIH2227,4.836418151855469,5.848047490764421,5.85834264755249
TEMOZOLOMIDE,3,NCIH446,5.63621711730957,5.949032998024798,5.968687057495117
TEMOZOLOMIDE,3,NCIH650,6.567277908325195,5.899100792532651,5.914127349853516
TEMOZOLOMIDE,3,NCIH841,6.1653218269348145,5.693227978944382,5.689175128936768
TEMOZOLOMIDE,3,OPM2,5.115579605102539,4.979754279195426,4.909579753875732
TEMOZOLOMIDE,3,REH,4.8692097663879395,4.767317226531708,4.677454948425293
TEMOZOLOMIDE,3,RERFLCKJ,6.493074893951416,6.27469161029808,6.324526309967041
TEMOZOLOMIDE,3,RPMI8226,5.3245744705200195,5.242391919682855,5.196557521820068
TEMOZOLOMIDE,3,RS411,4.395728588104248,6.382827433822998,6.442683696746826
TEMOZOLOMIDE,3,SKLU1,4.846196174621582,6.462303951883086,6.5295257568359375
TEMOZOLOMIDE,3,SKMES1,6.788904666900635,6.493811601214785,6.563953399658203
TEMOZOLOMIDE,3,SUDHL5,4.24633264541626,5.627044459586411,5.616858005523682
TEMOZOLOMIDE,3,SUDHL8,4.12258768081665,5.030782270109621,4.965336799621582
TEMOZOLOMIDE,3,SW1573,7.084134101867676,6.430672803039464,6.4949631690979
TEMOZOLOMIDE,4,BEN,6.89132022857666,6.161744908246047,6.228913307189941
TEMOZOLOMIDE,4,CMLT1,4.776937961578369,4.449998891139872,4.3950371742248535
TEMOZOLOMIDE,4,CORL23,5.6815924644470215,6.104328075941879,6.167399883270264
TEMOZOLOMIDE,4,DAUDI,5.795583724975586,4.947201962913239,4.927714824676514
TEMOZOLOMIDE,4,DOHH2,3.871613025665283,5.032738591254281,5.019354343414307
TEMOZOLOMIDE,4,GDM1,4.800105571746826,5.275755691159473,5.279710292816162
TEMOZOLOMIDE,4,HCC15,6.324864387512207,6.279187639860321,6.354735374450684
TEMOZOLOMIDE,4,HCC827,7.058113098144531,6.049681875181888,6.1088547706604
TEMOZOLOMIDE,4,HEL,4.630255222320557,5.05820614739208,5.0466389656066895
TEMOZOLOMIDE,4,JURKAT,5.121821880340576,4.969166728649002,4.951246738433838
TEMOZOLOMIDE,4,KCL22,5.400291442871094,4.893504675639543,4.8701863288879395
TEMOZOLOMIDE,4,KMS12BM,3.0121359825134277,4.753136247606152,4.7198028564453125
TEMOZOLOMIDE,4,LAMA84,4.924138069152832,4.701093772875628,4.6640472412109375
TEMOZOLOMIDE,4,LCLC97TM1,6.298832416534424,5.9337702234892165,5.984673023223877
TEMOZOLOMIDE,4,LOUNH91,6.6301350593566895,6.329059007655504,6.408164978027344
TEMOZOLOMIDE,4,ME1,5.508216381072998,4.911461483615416,4.8894243240356445
TEMOZOLOMIDE,4,MOLM13,4.724510192871094,4.62247637955238,4.57982063293457
TEMOZOLOMIDE,4,MOLT13,4.922064781188965,4.304816017899515,4.239495754241943
TEMOZOLOMIDE,4,NCIH1092,6.576354026794434,5.6087117192616835,5.636422157287598
TEMOZOLOMIDE,4,NCIH1650,7.607629776000977,6.415258362160286,6.500514507293701
TEMOZOLOMIDE,4,NCIH1651,5.9918293952941895,6.415266373624992,6.500523090362549
TEMOZOLOMIDE,4,NCIH1836,5.764304161071777,5.8351588847478935,5.879025936126709
TEMOZOLOMIDE,4,NCIH2029,5.960740566253662,5.779245537320229,5.819123268127441
TEMOZOLOMIDE,4,NCIH2081,5.9793477058410645,5.589242969863228,5.615564346313477
TEMOZOLOMIDE,4,NCIH209,5.222054481506348,5.692642048929163,5.7263407707214355
TEMOZOLOMIDE,4,NCIH2110,5.48345422744751,5.9429237669972546,5.994479656219482
TEMOZOLOMIDE,4,NCIH2196,5.7895379066467285,5.961886013793738,6.014794826507568
TEMOZOLOMIDE,4,NCIH2291,7.235568523406982,6.305474145723627,6.38289737701416
TEMOZOLOMIDE,4,NCIH524,5.6545610427856445,5.664718088696214,5.69642448425293
TEMOZOLOMIDE,4,NCIH526,6.00433349609375,5.673649091517973,5.705992698669434
TEMOZOLOMIDE,4,NCIH596,7.041560649871826,6.209451400245105,6.280023574829102
TEMOZOLOMIDE,4,NCIH647,2.7396130561828613,6.511095063625079,6.603188991546631
TEMOZOLOMIDE,4,NCIH727,7.455270290374756,5.834702231259649,5.878536701202393
TEMOZOLOMIDE,4,NCIH810,5.180846691131592,5.850783911412933,5.895765781402588
TEMOZOLOMIDE,4,NCIH838,6.222471714019775,5.87973378420963,5.926781177520752
TEMOZOLOMIDE,4,P31FUJ,4.222895622253418,5.116932854175688,5.109555721282959
TEMOZOLOMIDE,4,RL,5.917250156402588,5.144419744500785,5.139003753662109
TEMOZOLOMIDE,4,RPMI8402,4.487245559692383,4.776693959574302,4.745041370391846
TEMOZOLOMIDE,4,SKM1,3.7140910625457764,4.8559731888985445,4.829977035522461
TEMOZOLOMIDE,4,SUPT1,5.063771724700928,4.727887226422279,4.692752361297607
TEMOZOLOMIDE,5,COLO668,5.88445520401001,5.768199315972372,5.786684036254883
TEMOZOLOMIDE,5,CORL105,7.008891582489014,6.298084883363661,6.418311595916748
TEMOZOLOMIDE,5,DND41,4.966397285461426,4.864995399553169,4.710058212280273
TEMOZOLOMIDE,5,EM2,5.711075782775879,5.058904893567437,4.941199779510498
TEMOZOLOMIDE,5,HCC33,6.6338300704956055,5.668682585393842,5.668059349060059
TEMOZOLOMIDE,5,HCC44,5.900536060333252,5.839490424126972,5.871663570404053
TEMOZOLOMIDE,5,HCC78,6.7137980461120605,6.033585531440815,6.103026390075684
TEMOZOLOMIDE,5,HDLM2,5.159648895263672,5.029479585183541,4.906124591827393
TEMOZOLOMIDE,5,JM1,4.65104866027832,5.253719652445795,5.173420429229736
TEMOZOLOMIDE,5,KU812,4.222205638885498,5.066566242518855,4.950332164764404
TEMOZOLOMIDE,5,L363,5.397364616394043,5.1267145522690205,5.022029399871826
TEMOZOLOMIDE,5,LOUCY,5.164520263671875,4.845568007540553,4.686900615692139
TEMOZOLOMIDE,5,LU65,7.006933212280273,5.573815787992594,5.5549774169921875
TEMOZOLOMIDE,5,MOLP8,4.559380054473877,5.150101828015453,5.049907207489014
TEMOZOLOMIDE,5,MOLT16,4.227993965148926,4.957312014228577,4.8201003074646
TEMOZOLOMIDE,5,MONOMAC6,3.7168920040130615,5.030798079656383,4.90769624710083
TEMOZOLOMIDE,5,NB4,3.954848051071167,4.975542120453201,4.841830730438232
TEMOZOLOMIDE,5,NCIH1105,4.926669597625732,5.804366707440394,5.829795837402344
TEMOZOLOMIDE,5,NCIH1568,6.067563056945801,6.265610156482654,6.37960147857666
TEMOZOLOMIDE,5,NCIH1944,6.715048789978027,6.143731823649309,6.234321594238281
TEMOZOLOMIDE,5,NCIH2009,6.380624771118164,6.661043690109052,6.850961208343506
TEMOZOLOMIDE,5,NCIH2023,6.001236915588379,6.275363255312255,6.3912272453308105
TEMOZOLOMIDE,5,NCIH2030,6.0082478523254395,6.297380832916998,6.4174723625183105
TEMOZOLOMIDE,5,NCIH2087,6.722061634063721,5.9581253245617125,6.013077259063721
TEMOZOLOMIDE,5,NCIH2171,5.356459140777588,5.84261464798404,5.875387668609619
TEMOZOLOMIDE,5,NCIH23,6.094064712524414,6.277124581514902,6.393326759338379
TEMOZOLOMIDE,5,NCIH2342,6.685586929321289,5.871191095545312,5.909451007843018
TEMOZOLOMIDE,5,NCIH2444,6.765665054321289,6.0649473785816985,6.14040994644165
TEMOZOLOMIDE,5,NCIH661,6.093578815460205,6.071903877029127,6.148702144622803
TEMOZOLOMIDE,5,NCIH929,5.515226364135742,5.192148040713114,5.100026607513428
TEMOZOLOMIDE,5,NOMO1,5.3032145500183105,4.863537695105645,4.708320617675781
TEMOZOLOMIDE,5,OCILY19,4.840954303741455,5.242780868659428,5.160381317138672
TEMOZOLOMIDE,5,P12ICHIKAWA,4.784165859222412,4.988019014448331,4.856703281402588
TEMOZOLOMIDE,5,RAJI,5.537637233734131,4.667967682111775,4.4751996994018555
TEMOZOLOMIDE,5,RERFLCMS,6.1294379234313965,6.509888059497074,6.670782566070557
TEMOZOLOMIDE,5,SBC5,5.5000762939453125,6.025681765119694,6.093605041503906
TEMOZOLOMIDE,5,SKMM2,5.849410533905029,5.100891101965667,4.991247653961182
TEMOZOLOMIDE,5,SUDHL10,4.713738441467285,5.297349578619786,5.225427627563477
TEMOZOLOMIDE,5,SUPM2,3.0753250122070312,5.362301432553777,5.302850723266602
TEMOZOLOMIDE,5,THP1,4.884252548217773,5.007152385393732,4.879510402679443
TRAMETINIB,1,AMO1,-0.18100300431251526,1.2914609967971091,1.2392854690551758
TRAMETINIB,1,CALU3,-0.34349700808525085,-0.611047939499682,-0.5825071930885315
TRAMETINIB,1,CALU6,-1.692241907119751,-0.7268928886800914,-0.6934372782707214
TRAMETINIB,1,COLO668,2.688408136367798,1.74654745396919,1.6750643253326416
TRAMETINIB,1,CORL311,3.006347894668579,2.4745706561939356,2.3722002506256104
TRAMETINIB,1,CORL95,2.869374990463257,1.2353209216935412,1.1855272054672241
TRAMETINIB,1,DAUDI,1.9145410060882568,0.5107919320611429,0.4917372465133667
TRAMETINIB,1,DMS114,1.0139034986495972,0.9831749780981869,0.9440788626670837
TRAMETINIB,1,DOHH2,0.8057878613471985,1.258232738080383,1.207466959953308
TRAMETINIB,1,EBC1,-1.8755230903625488,-1.0796931441128548,-1.0312695503234863
TRAMETINIB,1,EJM,2.0401198863983154,1.5268171542730988,1.4646563529968262
TRAMETINIB,1,EPLC272H,-2.8177719116210938,0.17967426916112308,0.17466765642166138
TRAMETINIB,1,HL60,-3.320143938064575,-1.8110410022265557,-1.7315890789031982
TRAMETINIB,1,IALM,0.9863874912261963,-0.04505915151060253,-0.04053117334842682
TRAMETINIB,1,KOPN8,0.02559487521648407,-1.3797782578086724,-1.3186231851577759
TRAMETINIB,1,KU812,-5.543590068817139,0.054523479797334344,0.05482654273509979
TRAMETINIB,1,L428,2.424406051635742,0.94143763697803,0.9041122794151306
TRAMETINIB,1,NCIH1155,1.8234765529632568,1.7842688408348037,1.711185336112976
TRAMETINIB,1,NCIH1650,2.705922842025757,-0.020176020587640862,-0.016703739762306213
TRAMETINIB,1,NCIH1651,1.6300605535507202,0.8172247781560438,0.7851693034172058
TRAMETINIB,1,NCIH1781,0.327505499124527,-0.037500837780425955,-0.033293530344963074
TRAMETINIB,1,NCIH1792,-1.1644765138626099,-0.5113616694578442,-0.48705023527145386
TRAMETINIB,1,NCIH1793,0.09792724251747131,0.08382118506607092,0.08288125693798065
TRAMETINIB,1,NCIH1915,-1.056755542755127,0.08219592430840256,0.08132494986057281
TRAMETINIB,1,NCIH1975,-0.8305590152740479,0.4636037226244316,0.44655105471611023
TRAMETINIB,1,NCIH2066,2.3952784538269043,1.448471375573903,1.3896344900131226
TRAMETINIB,1,NCIH2085,1.2440979480743408,-0.274909306730967,-0.26062965393066406
TRAMETINIB,1,NCIH2087,-0.8508210778236389,-0.2974386868528918,-0.28220319747924805
TRAMETINIB,1,NCIH211,0.6974939703941345,1.5257811404070054,1.4636642932891846
TRAMETINIB,1,NCIH2170,3.9143259525299072,0.3506275745175289,0.3383680582046509
TRAMETINIB,1,NCIH2196,2.796905040740967,1.7449788677263667,1.6735622882843018
TRAMETINIB,1,NCIH2227,0.571707010269165,2.0921814488642543,2.0060343742370605
TRAMETINIB,1,NCIH441,0.8095871806144714,-0.08354485069667773,-0.07738406956195831
TRAMETINIB,1,NCIH460,-0.1341586858034134,-0.3123095068897168,-0.2964431047439575
TRAMETINIB,1,NCIH650,0.3148573338985443,0.23928297396236306,0.23174738883972168
TRAMETINIB,1,RAJI,1.6792620420455933,0.13386938784004462,0.130806103348732
TRAMETINIB,1,REH,1.4273960590362549,1.5061297425677467,1.4448466300964355
TRAMETINIB,1,SKM1,-4.869623184204102,-1.1212452426671924,-1.071058750152588
TRAMETINIB,1,SUDHL1,-0.5083431005477905,-0.49780360671709645,-0.4740673899650574
TRAMETINIB,1,SUDHL4,1.260285496711731,1.5620739933729049,1.4984173774719238
TRAMETINIB,1,SUDHL8,0.910259485244751,0.47688314344787774,0.4592670798301697
TRAMETINIB,2,ALLSIL,1.4398829936981201,0.19093796701553992,0.15213081240653992
TRAMETINIB,2,CMK,0.7234309911727905,-1.793811839918341,-1.7190626859664917
TRAMETINIB,2,CORL88,2.871870517730713,2.4437182442141427,2.27601957321167
TRAMETINIB,2,DB,1.4635499715805054,0.40667692139360195,0.3555263876914978
TRAMETINIB,2,DND41,-0.797540009021759,1.3158529028654897,1.2126843929290771
TRAMETINIB,2,GA10,1.5566380023956299,0.6087107388262385,0.5460009574890137
TRAMETINIB,2,HARA,-0.10663184523582458,0.2428125822441438,0.2010374516248703
TRAMETINIB,2,HCC44,-2.292491912841797,0.36354514461158405,0.31486237049102783
TRAMETINIB,2,HDLM2,2.1646006107330322,0.49211549308904445,0.43607664108276367
TRAMETINIB,2,HH,2.775484085083008,0.6017528585635337,0.5394411683082581
TRAMETINIB,2,JVM3,-0.240665003657341,1.3990496911232397,1.2911211252212524
TRAMETINIB,2,KG1,0.24519449472427368,-0.0735107881044083,-0.09718766063451767
TRAMETINIB,2,KMS11,0.6786580085754395,-0.3472425491232577,-0.3552580177783966
TRAMETINIB,2,KMS12BM,1.7688440084457397,0.8908686363568141,0.8120153546333313
TRAMETINIB,2,L363,1.5119119882583618,1.4051720946909136,1.2968932390213013
TRAMETINIB,2,LOUNH91,0.8181126713752747,-0.6815999115327014,-0.6704853177070618
TRAMETINIB,2,LU65,-1.7520450353622437,0.27097859427674487,0.22759196162223816
TRAMETINIB,2,MEG01,-3.1895859241485596,-0.28142456122799864,-0.29320576786994934
TRAMETINIB,2,MM1S,0.7378460168838501,0.19609639548616606,0.15699410438537598
TRAMETINIB,2,MOLT13,-3.0445475578308105,-1.8162874590625206,-1.7402523756027222
TRAMETINIB,2,NALM6,0.930571973323822,0.8981514769080141,0.8188815116882324
TRAMETINIB,2,NCIH1092,2.5834219455718994,2.1094771151685894,1.9609018564224243
TRAMETINIB,2,NCIH1105,2.267302989959717,2.5571786979387436,2.382988452911377
TRAMETINIB,2,NCIH1436,2.515549421310425,2.2852928962824444,2.1266584396362305
TRAMETINIB,2,NCIH146,2.1562209129333496,1.5668603220952229,1.4493305683135986
TRAMETINIB,2,NCIH2030,-0.2472483366727829,-0.5352419702364453,-0.5325011610984802
TRAMETINIB,2,NCIH209,1.4042270183563232,2.863366397253979,2.6716578006744385
TRAMETINIB,2,NCIH2110,-0.2231750339269638,0.24134028769970864,0.1996493935585022
TRAMETINIB,2,NCIH2171,2.1262340545654297,2.3611962859407107,2.198219060897827
TRAMETINIB,2,NCIH2172,1.0321489572525024,0.06340534586986414,0.03189489617943764
TRAMETINIB,2,NCIH2291,-4.616305351257324,-0.29626140082793817,-0.30719372630119324
TRAMETINIB,2,NCIH2342,1.9375834465026855,0.9308782022735949,0.8497357964515686
TRAMETINIB,2,NCIH2405,-2.028916597366333,0.9926001732095142,0.9079263806343079
TRAMETINIB,2,OCIAML5,-2.6397149562835693,-2.5410704147941305,-2.423567295074463
TRAMETINIB,2,RERFLCMS,-1.860748052597046,-0.9651417984942967,-0.9378045201301575
TRAMETINIB,2,RPMI8226,-0.11123800277709961,2.342929977303922,2.180997848510742
TRAMETINIB,2,RPMI8402,1.668995976448059,0.6060644620177698,0.5435060858726501
TRAMETINIB,2,SBC5,0.7819769978523254,1.0112029485107716,0.9254648089408875
TRAMETINIB,2,SKMES1,-1.1702419519424438,0.25181162722168804,0.20952162146568298
TRAMETINIB,2,SW1271,0.34471380710601807,-0.4502384596743252,-0.4523610770702362
TRAMETINIB,2,WSUDLCL2,0.02573252283036709,0.4520636633682057,0.398316353559494
TRAMETINIB,3,697,0.5100989937782288,0.8824033096098973,0.8896364569664001
TRAMETINIB,3,A3KAW,-0.0835125744342804,0.7753309375766884,0.7809268236160278
TRAMETINIB,3,A549,-1.5725111961364746,-1.407485292711144,-1.4352672100067139
TRAMETINIB,3,ABC1,2.6966331005096436,-0.5914870240105232,-0.6067913770675659
TRAMETINIB,3,BL41,1.1942775249481201,1.0832956061325796,1.0936006307601929
TRAMETINIB,3,CORL105,-0.8996325135231018,-0.19634052821708858,-0.20560263097286224
TRAMETINIB,3,CORL23,0.11571499705314636,0.49124423369741455,0.4924961030483246
TRAMETINIB,3,CORL279,1.925971508026123,1.3212583457290963,1.3352020978927612
TRAMETINIB,3,DMS273,1.916787028312683,1.5444627458804143,1.5618195533752441
TRAMETINIB,3,GRANTA519,2.0604214668273926,1.0379896938049484,1.0476019382476807
TRAMETINIB,3,HCC33,2.858551025390625,1.7333178286654614,1.7535624504089355
TRAMETINIB,3,HCC366,1.7084790468215942,-0.2029906750699219,-0.21235446631908417
TRAMETINIB,3,HCC78,0.5355073809623718,-0.5531012517856895,-0.5678186416625977
TRAMETINIB,3,JEKO1,2.258939027786255,0.8678249656646746,0.874835193157196
TRAMETINIB,3,JURKAT,1.7511789798736572,0.9457931925251417,0.9539956450462341
TRAMETINIB,3,KNS62,-0.7239575386047363,-0.7570151361714725,-0.774850606918335
TRAMETINIB,3,L540,2.5551459789276123,-0.16141429768112922,-0.17014233767986298
TRAMETINIB,3,LAMA84,0.015316503122448921,-2.732071589965423,-2.7801079750061035
TRAMETINIB,3,LCLC97TM1,-3.390101909637451,-0.8434712134515538,-0.862628698348999
TRAMETINIB,3,LOUCY,0.7244064807891846,0.14467929240852356,0.1406317800283432
TRAMETINIB,3,LP1,1.9423409700393677,0.229181411689721,0.22642603516578674
TRAMETINIB,3,NAMALWA,2.061216115951538,1.3844099958527871,1.3993194103240967
TRAMETINIB,3,NCIH1568,1.7242792844772339,0.5800228458673531,0.5826322436332703
TRAMETINIB,3,NCIH1623,-0.23491400480270386,0.45614640275492224,0.45686158537864685
TRAMETINIB,3,NCIH2347,0.028167661279439926,0.11012089024996144,0.10554493963718414
TRAMETINIB,3,NCIH2444,0.31387901306152344,0.44315073939804084,0.4436672031879425
TRAMETINIB,3,NCIH69,2.8642029762268066,1.0935194209795558,1.1039807796478271
TRAMETINIB,3,NCIH838,0.14695000648498535,0.35462788404338136,0.3537907302379608
TRAMETINIB,3,NCIH929,-3.8262484073638916,0.21872743625642513,0.21581220626831055
TRAMETINIB,3,OCIAML2,-6.6227498054504395,-1.5524287531634822,-1.5824270248413086
TRAMETINIB,3,OCIAML3,-5.920936107635498,-0.4495023936947776,-0.4626356363296509
TRAMETINIB,3,P12ICHIKAWA,0.5016869902610779,0.32344621742473195,0.32213225960731506
TRAMETINIB,3,P31FUJ,-1.2861089706420898,-0.7861169917732753,-0.804397463798523
TRAMETINIB,3,PL21,-2.008626937866211,0.47778915912557474,0.4788352847099304
TRAMETINIB,3,SHP77,1.4450269937515259,1.7329325936782327,1.7531713247299194
TRAMETINIB,3,SKMM2,3.320274591445923,0.9527745639738212,0.9610837697982788
TRAMETINIB,3,SUDHL10,1.0030659437179565,1.285860991942221,1.2992634773254395
TRAMETINIB,3,SUDHL5,0.4595760107040405,1.1238680947250284,1.1347935199737549
TRAMETINIB,3,SUDHL6,1.024625539779663,-0.4254137004313488,-0.4381785988807678
TRAMETINIB,3,SUPB15,-0.3954159915447235,0.43055390168665436,0.4308777451515198
TRAMETINIB,3,SUPT1,2.7225794792175293,0.2377207921322002,0.23509599268436432
TRAMETINIB,4,CA46,2.072065591812134,1.2415905318702358,1.1370551586151123
TRAMETINIB,4,CAL12T,-0.10257799923419952,0.3067993904980396,0.2111469805240631
TRAMETINIB,4,CHAGOK1,2.6126580238342285,1.021892104786287,0.9194444417953491
TRAMETINIB,4,DMS53,0.3388589918613434,0.4483486102886043,0.3513511121273041
TRAMETINIB,4,DMS79,2.6327950954437256,2.4887194125861645,2.37233304977417
TRAMETINIB,4,EM2,-0.9754350185394287,0.01871832342179873,-0.07419656217098236
TRAMETINIB,4,HEL,1.635174036026001,-0.38431140228114746,-0.4733964502811432
TRAMETINIB,4,HT,0.9143319725990295,1.6118922715800605,1.503838062286377
TRAMETINIB,4,JVM2,0.6348974704742432,0.4713830230495113,0.3741666376590729
TRAMETINIB,4,K562,0.02950969710946083,0.7528993929127323,0.6530078649520874
TRAMETINIB,4,KARPAS422,2.1994595527648926,1.3158018505624067,1.2105612754821777
TRAMETINIB,4,KMH2,-0.9593870043754578,0.5905036266920208,0.4921552836894989
TRAMETINIB,4,LCLC103H,3.352705717086792,0.20094918981569748,0.10630263388156891
TRAMETINIB,4,LXF289,0.24665190279483795,0.3077382639214741,0.21207693219184875
TRAMETINIB,4,ME1,0.11574850231409073,-1.3385651815105233,-1.4185823202133179
TRAMETINIB,4,MHHCALL2,1.5755754709243774,-0.09770989429104834,-0.18951840698719025
TRAMETINIB,4,MOLT16,0.46248599886894226,0.9062433229160907,0.8048946261405945
TRAMETINIB,4,NCIH1437,-3.142927885055542,0.523348571824694,0.4256383776664734
TRAMETINIB,4,NCIH1836,3.161149501800537,1.9097560934302111,1.798871397972107
TRAMETINIB,4,NCIH1944,-0.18420150876045227,-0.02955792578641034,-0.12201406061649323
TRAMETINIB,4,NCIH1963,1.759634017944336,2.2449892679568846,2.1309189796447754
TRAMETINIB,4,NCIH2009,-0.9528569579124451,0.1538031714727209,0.05960462614893913
TRAMETINIB,4,NCIH2023,0.42911800742149353,0.2087138812381175,0.11399354040622711
TRAMETINIB,4,NCIH2029,2.0424070358276367,1.8708864207823337,1.7603710889816284
TRAMETINIB,4,NCIH2228,0.27340176701545715,-0.3180058286778837,-0.4077209532260895
TRAMETINIB,4,NCIH23,0.26336121559143066,-0.3800094459827302,-0.4691353738307953
TRAMETINIB,4,NCIH292,-1.8810019493103027,-0.9713218511631285,-1.0548287630081177
TRAMETINIB,4,NCIH358,-1.0874302387237549,0.05102532605178851,-0.04219656065106392
TRAMETINIB,4,NCIH526,2.57206392288208,2.266869194970542,2.1525909900665283
TRAMETINIB,4,NCIH596,0.3021567165851593,0.22220683186129067,0.12735827267169952
TRAMETINIB,4,NCIH661,1.1344624757766724,1.1200472833646287,1.0166668891906738
TRAMETINIB,4,NCIH727,-3.8684890270233154,-0.36695608453775136,-0.4562060534954071
TRAMETINIB,4,NOMO1,-2.000136375427246,-2.562045789204524,-2.630436658859253
TRAMETINIB,4,NUDUL1,1.2304054498672485,1.3845663554455307,1.2786723375320435
TRAMETINIB,4,OCILY19,-0.2090969979763031,0.1530616468117626,0.05887014791369438
TRAMETINIB,4,RERFLCKJ,1.4702785015106201,0.3854446325068044,0.28904488682746887
TRAMETINIB,4,RS411,1.620023488998413,-0.8458890959453251,-0.9305879473686218
TRAMETINIB,4,SKLU1,-0.21268145740032196,0.10839649783622676,0.014629434794187546
TRAMETINIB,4,ST486,1.4234035015106201,1.2106334644298573,1.10639226436615
TRAMETINIB,4,SW1573,0.8184935450553894,0.010527251558297757,-0.0823097974061966
TRAMETINIB,5,A4FUK,-2.676455020904541,1.4116383591662918,1.239373803138733
TRAMETINIB,5,BEN,2.7813880443573,1.9779386392791942,1.7202363014221191
TRAMETINIB,5,BV173,-1.8400330543518066,-0.2603493273360759,-0.18036092817783356
TRAMETINIB,5,CMLT1,-0.5171459913253784,1.4738128489307232,1.2921680212020874
TRAMETINIB,5,EHEB,0.02681400068104267,0.9019554438926953,0.8065868020057678
TRAMETINIB,5,GDM1,0.5748664736747742,-1.6111380079843476,-1.327355980873108
TRAMETINIB,5,HCC15,-2.9562854766845703,0.3385974209045937,0.3282226622104645
TRAMETINIB,5,HCC827,1.1258745193481445,-0.6030826573166879,-0.47138604521751404
TRAMETINIB,5,JM1,1.381173014640808,2.0552780496396332,1.785907506942749
TRAMETINIB,5,JURLMK1,-4.589414119720459,-1.6592531478775774,-1.3682119846343994
TRAMETINIB,5,KCL22,-1.1205699443817139,-2.0700296002610163,-1.7170145511627197
TRAMETINIB,5,L1236,2.1967239379882812,1.538266850042288,1.346897840499878
TRAMETINIB,5,MOLM13,-2.907633066177368,-2.757571328728993,-2.3008267879486084
TRAMETINIB,5,MOLM16,-0.6397429704666138,0.2431237375662178,0.24715310335159302
TRAMETINIB,5,MOLP8,-0.46449801325798035,-0.051035275162984624,-0.002626108704134822
TRAMETINIB,5,MONOMAC6,-0.8785495162010193,-2.310403840172868,-1.9211235046386719
TRAMETINIB,5,NB4,-5.629967212677002,-1.5482716766285707,-1.2739742994308472
TRAMETINIB,5,NCIH1048,0.9158180952072144,1.060972243357846,0.941612720489502
TRAMETINIB,5,NCIH1341,0.8696050047874451,0.619921895170815,0.5671036839485168
TRAMETINIB,5,NCIH1435,2.067578077316284,0.7809452177577805,0.7038334012031555
TRAMETINIB,5,NCIH1648,-0.49318113923072815,-0.8659654397485095,-0.694607675075531
TRAMETINIB,5,NCIH1876,1.9129395484924316,2.8216464794215215,2.4366538524627686
TRAMETINIB,5,NCIH196,2.7592859268188477,-0.19217815176532935,-0.12247474491596222
TRAMETINIB,5,NCIH2081,2.78597354888916,1.5997465500267747,1.3991020917892456
TRAMETINIB,5,NCIH2122,-1.9659115076065063,0.26245020185781237,0.26356378197669983
TRAMETINIB,5,NCIH446,1.5607404708862305,2.007417436695492,1.745267629623413
TRAMETINIB,5,NCIH522,1.3312009572982788,0.43505365828871395,0.41012653708457947
TRAMETINIB,5,NCIH524,2.288459062576294,1.9824110413846097,1.7240339517593384
TRAMETINIB,5,NCIH647,0.7658380270004272,-0.5533082488016821,-0.42912110686302185
TRAMETINIB,5,NCIH810,2.5014915466308594,2.4814884097312997,2.147815465927124
TRAMETINIB,5,NCIH82,2.6035335063934326,1.471450367133004,1.2901619672775269
TRAMETINIB,5,NCIH841,1.1651500463485718,0.7403481693781322,0.6693612337112427
TRAMETINIB,5,OCIM1,0.19099299609661102,-0.16711847847475675,-0.10119582712650299
TRAMETINIB,5,OPM2,0.5325915217399597,0.6760082350873806,0.6147282719612122
TRAMETINIB,5,PF382,0.8938300013542175,1.0716959986085988,0.9507185816764832
TRAMETINIB,5,RCHACV,1.4267610311508179,0.3770786525993462,0.3608982264995575
TRAMETINIB,5,RL,1.7791515588760376,1.406206953426444,1.2347618341445923
TRAMETINIB,5,SIGM5,1.7017990350723267,-2.881159114039456,-2.405768871307373
TRAMETINIB,5,SUPM2,0.18683350086212158,0.16350190276752907,0.17954382300376892
TRAMETINIB,5,THP1,0.7297620177268982,-0.44436446723968487,-0.3366136848926544
VELIPARIB,1,ALLSIL,3.4561004638671875,3.9439826772233415,3.9273037910461426
VELIPARIB,1,BV173,2.731775999069214,3.4938174351291247,3.4559340476989746
VELIPARIB,1,CALU3,4.72899055480957,4.533381493923816,4.5444655418396
VELIPARIB,1,CMLT1,3.918445110321045,3.5158328777405305,3.4789865016937256
VELIPARIB,1,CORL23,4.901491165161133,4.503538181528489,4.513216495513916
VELIPARIB,1,CORL279,3.73205304145813,4.871307574573954,4.898309230804443
VELIPARIB,1,DMS114,4.616733551025391,4.496851283136617,4.506214618682861
VELIPARIB,1,DMS53,4.880249977111816,4.563651503662728,4.5761613845825195
VELIPARIB,1,EHEB,4.135019779205322,4.185263403405216,4.179949760437012
VELIPARIB,1,EJM,4.317940711975098,3.834523196233089,3.8126883506774902
VELIPARIB,1,GA10,4.366859436035156,3.997974008174582,3.9838383197784424
VELIPARIB,1,HCC33,5.317461013793945,4.404818996000802,4.409847259521484
VELIPARIB,1,IALM,5.191198348999023,4.68821024166601,4.706587314605713
VELIPARIB,1,K562,4.706218719482422,3.789718836690023,3.7657735347747803
VELIPARIB,1,KCL22,4.068474292755127,3.8664061856848853,3.8460731506347656
VELIPARIB,1,KG1,3.566274881362915,3.692426150019088,3.66389799118042
VELIPARIB,1,ME1,4.394379615783691,4.337720041795512,4.339587688446045
VELIPARIB,1,MONOMAC6,3.884195566177368,3.9057137999923817,3.8872323036193848
VELIPARIB,1,NAMALWA,3.4191629886627197,3.7122386594399,3.6846437454223633
VELIPARIB,1,NCIH1155,3.883402109146118,4.774450920674076,4.7968902587890625
VELIPARIB,1,NCIH1436,4.526022434234619,4.405962472019734,4.411044597625732
VELIPARIB,1,NCIH1437,4.837676048278809,4.587557484184367,4.601193428039551
VELIPARIB,1,NCIH1836,5.668968677520752,4.935684227050381,4.9657182693481445
VELIPARIB,1,NCIH1975,5.110002517700195,4.894215347435896,4.922296047210693
VELIPARIB,1,NCIH2023,4.224584579467773,4.718093628091471,4.737878322601318
VELIPARIB,1,NCIH2029,3.9392685890197754,4.593338163031168,4.607246398925781
VELIPARIB,1,NCIH2087,5.323318958282471,4.754853809165234,4.776370048522949
VELIPARIB,1,NCIH209,3.0216574668884277,4.670241137631352,4.687771797180176
VELIPARIB,1,NCIH2170,4.944301128387451,4.363969897693273,4.367074012756348
VELIPARIB,1,NCIH2342,4.380901336669922,4.904983876874239,4.933571815490723
VELIPARIB,1,NCIH2405,6.104926109313965,4.630244067850873,4.645890712738037
VELIPARIB,1,NCIH526,4.439786911010742,4.7583766807233605,4.780058860778809
VELIPARIB,1,NCIH69,4.0794291496276855,4.592318552196287,4.6061787605285645
VELIPARIB,1,NCIH929,3.7689194679260254,3.9914820152929056,3.9770405292510986
VELIPARIB,1,OCIAML2,3.032883405685425,3.6407192664788273,3.609755516052246
VELIPARIB,1,OCIM1,3.4878945350646973,3.597765370815861,3.5647783279418945
VELIPARIB,1,REH,3.557554006576538,3.656719278396455,3.626509189605713
VELIPARIB,1,SBC5,3.9039065837860107,4.790140814244873,4.813319206237793
VELIPARIB,1,SKMM2,4.9178571701049805,3.7962932545654975,3.772657632827759
VELIPARIB,1,SUDHL6,3.2666103839874268,3.554696945396319,3.519681215286255
VELIPARIB,1,SW1573,5.523120880126953,4.958605661513507,4.989719390869141
VELIPARIB,2,A3KAW,3.0792765617370605,4.284535698847982,4.276316165924072
VELIPARIB,2,ABC1,4.842123985290527,4.596158587489095,4.636957168579102
VELIPARIB,2,DND41,3.9192585945129395,3.8085503898835786,3.7254586219787598
VELIPARIB,2,EM2,4.144021511077881,4.2145362354282785,4.195305824279785
VELIPARIB,2,HCC366,5.333141326904297,4.718795986112669,4.778885364532471
VELIPARIB,2,HEL,3.8294830322265625,3.9610388466857853,3.901933431625366
VELIPARIB,2,HL60,3.8262579441070557,3.802014013691254,3.7178940773010254
VELIPARIB,2,JM1,3.7871899604797363,4.245220615647314,4.230816841125488
VELIPARIB,2,JVM2,4.225973129272461,4.154927648911892,4.126320838928223
VELIPARIB,2,KARPAS422,4.349484920501709,4.184882331561802,4.160987377166748
VELIPARIB,2,KNS62,4.539483547210693,4.707280278964454,4.765558242797852
VELIPARIB,2,L540,3.554713010787964,4.113435421750038,4.078301906585693
VELIPARIB,2,LCLC97TM1,4.518421649932861,4.7429938452527995,4.806889533996582
VELIPARIB,2,LOUCY,3.5786285400390625,3.890359952836105,3.820136785507202
VELIPARIB,2,LU65,5.034399032592773,4.441266578586665,4.457700729370117
VELIPARIB,2,MHHCALL2,2.7317941188812256,3.589598474482806,3.4720656871795654
VELIPARIB,2,MOLM16,3.0386219024658203,4.250014947050106,4.23636531829834
VELIPARIB,2,NCIH1341,4.198862552642822,4.81661377876844,4.89208984375
VELIPARIB,2,NCIH1568,5.17225980758667,4.955888776398954,5.053272724151611
VELIPARIB,2,NCIH1650,5.582678318023682,5.063452213663718,5.177755832672119
VELIPARIB,2,NCIH1651,4.344088554382324,4.773099741345888,4.841731071472168
VELIPARIB,2,NCIH1781,5.144594192504883,4.66388943723539,4.715342044830322
VELIPARIB,2,NCIH1792,4.363744735717773,4.700656553317215,4.757892608642578
VELIPARIB,2,NCIH1876,4.003924369812012,4.456757922010708,4.475628852844238
VELIPARIB,2,NCIH196,4.368098735809326,4.80592253510742,4.879716873168945
VELIPARIB,2,NCIH1963,4.070657730102539,4.235297387948377,4.219332695007324
VELIPARIB,2,NCIH2030,4.871285915374756,4.8305851592718145,4.90825891494751
VELIPARIB,2,NCIH2081,4.691893100738525,4.660294512734758,4.711181640625
VELIPARIB,2,NCIH211,3.644064426422119,4.575082235284986,4.612565517425537
VELIPARIB,2,NCIH2172,5.2522759437561035,4.8138923488169585,4.888940334320068
VELIPARIB,2,NCIH2196,6.202530860900879,4.823695677028253,4.900285720825195
VELIPARIB,2,NCIH522,5.12419319152832,4.593878437095226,4.6343183517456055
VELIPARIB,2,NCIH647,4.187563419342041,4.836042852101084,4.914575099945068
VELIPARIB,2,NCIH841,4.775335788726807,4.573970177837742,4.611278533935547
VELIPARIB,2,NUDUL1,3.6130270957946777,3.6685794807938605,3.5634703636169434
VELIPARIB,2,PF382,3.835958480834961,3.855170483277251,3.779412031173706
VELIPARIB,2,SKM1,2.7984960079193115,3.9532970892182058,3.8929738998413086
VELIPARIB,2,SKMES1,4.676657676696777,4.9189370727897614,5.0105085372924805
VELIPARIB,2,SUDHL1,4.705398082733154,4.036992493940289,3.9898345470428467
VELIPARIB,2,SUDHL8,3.31337308883667,3.99078216013583,3.9363553524017334
VELIPARIB,2,WSUDLCL2,3.696342945098877,3.966053405841653,3.9077367782592773
VELIPARIB,3,697,2.922269105911255,3.486060858114961,3.416563034057617
VELIPARIB,3,A4FUK,3.9066450595855713,4.10033152990833,4.084629058837891
VELIPARIB,3,A549,4.792680263519287,4.665271966007907,4.699044704437256
VELIPARIB,3,AMO1,4.195534706115723,4.115518225703141,4.1011457443237305
VELIPARIB,3,CHAGOK1,5.005344867706299,4.878635001641679,4.931093215942383
VELIPARIB,3,CORL311,4.952917098999023,4.067595383435682,4.049026012420654
VELIPARIB,3,CORL95,4.689151763916016,4.371504675459794,4.379550457000732
VELIPARIB,3,DB,3.7569754123687744,3.895751111539232,3.8621323108673096
VELIPARIB,3,DMS273,4.819575786590576,4.262971404952527,4.261512279510498
VELIPARIB,3,DOHH2,2.868927001953125,3.82634315906388,3.7866458892822266
VELIPARIB,3,EPLC272H,5.020322322845459,4.5350306383901655,4.557397365570068
VELIPARIB,3,HCC44,4.474836826324463,4.763692172100279,4.806084156036377
VELIPARIB,3,HDLM2,4.219219207763672,4.134695166847815,4.122002124786377
VELIPARIB,3,HH,4.985195636749268,3.7399877344696812,3.69272780418396
VELIPARIB,3,HT,4.500560283660889,4.174971609939181,4.165805816650391
VELIPARIB,3,JURKAT,3.6862475872039795,3.6063193380927685,3.5473532676696777
VELIPARIB,3,KMH2,3.6298394203186035,3.8830420419912155,3.8483102321624756
VELIPARIB,3,L1236,4.279867172241211,3.9605315456599923,3.9325859546661377
VELIPARIB,3,LAMA84,3.253032922744751,3.927968802333798,3.8971714973449707
VELIPARIB,3,LOUNH91,5.009426116943359,4.851085165711119,4.901130676269531
VELIPARIB,3,MM1S,3.839855432510376,3.906122636522607,3.8734121322631836
VELIPARIB,3,NCIH1048,5.629053115844727,4.324741507838022,4.3286919593811035
VELIPARIB,3,NCIH146,4.454762935638428,4.276134260231464,4.275827884674072
VELIPARIB,3,NCIH1623,5.0497612953186035,4.861361329924953,4.912306785583496
VELIPARIB,3,NCIH358,5.1904802322387695,4.94326811981501,5.001386642456055
VELIPARIB,3,NCIH524,3.908838987350464,4.245590315357467,4.242609024047852
VELIPARIB,3,NCIH661,4.943508625030518,4.906826275760005,4.9617533683776855
VELIPARIB,3,NCIH810,4.627795696258545,4.394813478177604,4.404900550842285
VELIPARIB,3,NCIH838,4.655539035797119,4.667673742079389,4.701656818389893
VELIPARIB,3,NOMO1,3.786367893218994,3.6593320340319733,3.605008602142334
VELIPARIB,3,OCILY19,3.4663031101226807,3.8375163721718817,3.798797607421875
VELIPARIB,3,RAJI,4.140056610107422,4.061330948147379,4.042212963104248
VELIPARIB,3,RERFLCKJ,4.571401119232178,4.698179104205249,4.734833717346191
VELIPARIB,3,RERFLCMS,4.674877166748047,4.787641974565536,4.832131385803223
VELIPARIB,3,RS411,3.2079484462738037,4.944825898271011,5.00308084487915
VELIPARIB,3,SHP77,3.945807456970215,4.92694410983082,4.983633041381836
VELIPARIB,3,ST486,3.401482105255127,3.8076583671781026,3.766324758529663
VELIPARIB,3,SUDHL4,3.565247058868408,3.8934216781205055,3.8595988750457764
VELIPARIB,3,SUDHL5,3.1049985885620117,4.0149075717733975,3.9917240142822266
VELIPARIB,3,SUPT1,4.209499359130859,3.577466238311811,3.5159733295440674
VELIPARIB,3,THP1,4.498477935791016,3.7308605031137,3.6828012466430664
VELIPARIB,4,BL41,3.2223875522613525,3.9868239599321433,3.942302942276001
VELIPARIB,4,CAL12T,4.483191967010498,4.719254154541895,4.773301601409912
VELIPARIB,4,CALU6,5.2132182121276855,4.683601604799442,4.732851028442383
VELIPARIB,4,COLO668,3.892096519470215,4.455290965799659,4.473814964294434
VELIPARIB,4,CORL88,4.3976850509643555,4.4676424974847855,4.487828731536865
VELIPARIB,4,EBC1,4.551528453826904,4.78560334325641,4.8485798835754395
VELIPARIB,4,HCC15,4.4853315353393555,4.679342093634423,4.728018283843994
VELIPARIB,4,JEKO1,3.9205234050750732,3.9294319327079563,3.8771872520446777
VELIPARIB,4,JVM3,3.3184289932250977,3.8107357263425046,3.7425172328948975
VELIPARIB,4,KMS11,4.037007808685303,4.134278906307457,4.109601974487305
VELIPARIB,4,KMS12BM,3.781604528427124,4.1872435215565185,4.169694423675537
VELIPARIB,4,L363,3.2601630687713623,3.9911471431190177,3.9472079277038574
VELIPARIB,4,LP1,4.447571277618408,3.774502143133289,3.7014074325561523
VELIPARIB,4,MOLM13,3.1870474815368652,3.960084862833333,3.9119653701782227
VELIPARIB,4,NALM6,3.876354455947876,3.758349412757288,3.6830809116363525
VELIPARIB,4,NB4,3.1705050468444824,3.901920786076818,3.8459737300872803
VELIPARIB,4,NCIH1105,4.627261638641357,4.518185054239124,4.545173168182373
VELIPARIB,4,NCIH1435,4.179767608642578,4.733257796576275,4.78918981552124
VELIPARIB,4,NCIH1648,4.796940803527832,4.906513780956139,4.985762119293213
VELIPARIB,4,NCIH1793,5.698672294616699,4.676992743125053,4.725352764129639
VELIPARIB,4,NCIH1944,5.14705753326416,4.6626095906237754,4.709033966064453
VELIPARIB,4,NCIH2085,4.202441215515137,4.747983895413089,4.8058977127075195
VELIPARIB,4,NCIH2110,4.547774791717529,4.737919513186279,4.794478893280029
VELIPARIB,4,NCIH2171,4.062876224517822,4.730526413935776,4.786090850830078
VELIPARIB,4,NCIH2228,5.127155303955078,4.8295063580882065,4.898391246795654
VELIPARIB,4,NCIH2291,6.341158866882324,4.870012691199658,4.9443488121032715
VELIPARIB,4,NCIH23,4.083950519561768,4.765552330116606,4.825830459594727
VELIPARIB,4,NCIH2444,5.477895736694336,4.696835298688354,4.747865676879883
VELIPARIB,4,NCIH292,4.84424352645874,4.6927997953626015,4.743287086486816
VELIPARIB,4,NCIH460,4.516144275665283,4.599806702374028,4.637779235839844
VELIPARIB,4,NCIH596,5.455521583557129,4.733301925700333,4.789239883422852
VELIPARIB,4,NCIH650,4.887619495391846,4.601726949686606,4.639957904815674
VELIPARIB,4,NCIH727,4.8509650230407715,4.463182093735959,4.4827680587768555
VELIPARIB,4,OCIAML3,3.437035083770752,4.107022657902425,4.078677654266357
VELIPARIB,4,OPM2,3.976534605026245,3.7846995431483306,3.712977170944214
VELIPARIB,4,P12ICHIKAWA,3.077444076538086,3.7893520136561514,3.7182557582855225
VELIPARIB,4,PL21,4.321028709411621,4.501666052133443,4.526431083679199
VELIPARIB,4,RPMI8402,3.7833120822906494,3.573447332261166,3.473295211791992
VELIPARIB,4,SUPB15,3.027531385421753,3.8013042818378966,3.731816530227661
VELIPARIB,4,SW1271,5.183621883392334,4.797399688533151,4.861963748931885
VELIPARIB,5,BEN,4.106698036193848,4.553804608525262,4.599140167236328
VELIPARIB,5,CA46,4.851024150848389,3.774155376520384,3.767091989517212
VELIPARIB,5,CMK,3.244075059890747,3.768376362750072,3.7609245777130127
VELIPARIB,5,CORL105,4.598873615264893,4.7585208319837955,4.817615032196045
VELIPARIB,5,DAUDI,3.911220073699951,3.71692151469047,3.7060115337371826
VELIPARIB,5,DMS79,4.965050220489502,4.479326194625981,4.519656181335449
VELIPARIB,5,GDM1,4.648961067199707,3.6018425577820112,3.583198308944702
VELIPARIB,5,GRANTA519,4.654597282409668,3.7301669123798167,3.720147132873535
VELIPARIB,5,HARA,3.8619179725646973,4.689034603089594,4.7434587478637695
VELIPARIB,5,HCC78,4.693052768707275,4.896628716427096,4.965004920959473
VELIPARIB,5,HCC827,5.174092769622803,4.820227688003797,4.883469104766846
VELIPARIB,5,JURLMK1,3.424079418182373,3.5626760448250843,3.5413994789123535
VELIPARIB,5,KOPN8,4.050905227661133,4.197687517889504,4.219089031219482
VELIPARIB,5,KU812,3.6473023891448975,3.6228242113802853,3.6055901050567627
VELIPARIB,5,L428,4.019730091094971,3.9264214872546046,3.929591655731201
VELIPARIB,5,LCLC103H,4.628929138183594,4.963826395102376,5.036718845367432
VELIPARIB,5,LXF289,4.2427802085876465,4.886719410149225,4.954429626464844
VELIPARIB,5,MEG01,4.699667453765869,4.015418031232651,4.024569511413574
VELIPARIB,5,MOLP8,3.989232063293457,4.335697998204003,4.366374969482422
VELIPARIB,5,MOLT13,3.3465704917907715,3.393579126164941,3.3609378337860107
VELIPARIB,5,MOLT16,3.2118256092071533,3.5034894089358577,3.4782350063323975
VELIPARIB,5,NCIH1092,5.439545154571533,4.2032842340242595,4.225061893463135
VELIPARIB,5,NCIH1915,4.226164817810059,4.448619319617113,4.4868855476379395
VELIPARIB,5,NCIH2009,4.527101516723633,4.882238820224323,4.949647903442383
VELIPARIB,5,NCIH2066,6.164770126342773,4.287906975172741,4.315371990203857
VELIPARIB,5,NCIH2122,4.232494354248047,4.713693485954117,4.769774913787842
VELIPARIB,5,NCIH2227,5.416211128234863,4.222591251499824,4.24566650390625
VELIPARIB,5,NCIH2347,5.385170936584473,4.846969142631381,4.912007808685303
VELIPARIB,5,NCIH441,6.086462497711182,5.132772516086048,5.217019557952881
VELIPARIB,5,NCIH446,4.185037136077881,4.337068804934119,4.367837905883789
VELIPARIB,5,NCIH82,4.964662551879883,3.965612127839767,3.9714162349700928
VELIPARIB,5,OCIAML5,4.1333112716674805,3.37131044232348,3.337172508239746
VELIPARIB,5,P31FUJ,3.8265678882598877,3.3826006085098976,3.3492214679718018
VELIPARIB,5,RCHACV,3.5797054767608643,3.6736010284056793,3.6597795486450195
VELIPARIB,5,RL,4.221323490142822,3.674940558580675,3.6612091064453125
VELIPARIB,5,RPMI8226,2.990509033203125,3.838711526711816,3.835986852645874
VELIPARIB,5,SIGM5,3.842590093612671,3.718185310921282,3.70736026763916
VELIPARIB,5,SKLU1,3.5025269985198975,4.79290225541133,4.854307174682617
VELIPARIB,5,SUDHL10,4.151936054229736,3.840148684419579,3.8375205993652344
VELIPARIB,5,SUPM2,3.452732563018799,4.078199013517059,4.091569900512695
VISMODEGIB,1,A4FUK,3.654465913772583,3.559521836753074,3.5259768962860107
VISMODEGIB,1,AMO1,3.288022518157959,4.342417761411691,4.32872200012207
VISMODEGIB,1,BV173,3.2306840419769287,3.6000299519237466,3.567512035369873
VISMODEGIB,1,CMK,3.781235933303833,3.954650759051669,3.931123733520508
VISMODEGIB,1,COLO668,4.812421798706055,4.586678828878661,4.57917594909668
VISMODEGIB,1,CORL279,4.306482791900635,4.419376460312839,4.407631874084473
VISMODEGIB,1,CORL88,4.230411529541016,4.721281911979033,4.717191696166992
VISMODEGIB,1,DMS114,4.709968566894531,4.485673036196291,4.475609302520752
VISMODEGIB,1,DOHH2,2.8840715885162354,4.025665697570334,4.003939151763916
VISMODEGIB,1,EM2,4.5761494636535645,4.259271152671774,4.243467330932617
VISMODEGIB,1,EPLC272H,5.363240718841553,4.593281560269827,4.585946083068848
VISMODEGIB,1,HARA,5.180157661437988,5.037421044423465,5.041346073150635
VISMODEGIB,1,HCC827,5.526762008666992,4.780496758490412,4.777907848358154
VISMODEGIB,1,JVM3,3.9141714572906494,4.022309921424492,4.000498294830322
VISMODEGIB,1,KARPAS422,4.229991436004639,4.4980539713862475,4.488304138183594
VISMODEGIB,1,L428,4.536872863769531,4.028990315595087,4.00734806060791
VISMODEGIB,1,LCLC103H,4.917233467102051,5.157693252009668,5.16466760635376
VISMODEGIB,1,MOLM13,3.8240175247192383,3.8824764594005785,3.857119560241699
VISMODEGIB,1,NALM6,3.34733510017395,3.6044262697999536,3.5720198154449463
VISMODEGIB,1,NB4,3.362056016921997,3.6119284012834223,3.579712152481079
VISMODEGIB,1,NCIH1048,4.7540669441223145,4.509252293114609,4.499786376953125
VISMODEGIB,1,NCIH146,4.847504615783691,4.570133401534323,4.562211036682129
VISMODEGIB,1,NCIH1651,4.381867408752441,4.942485504794263,4.944003582000732
VISMODEGIB,1,NCIH1792,4.623750686645508,4.8106420081198085,4.808817386627197
VISMODEGIB,1,NCIH1793,5.943260669708252,4.986970930869496,4.989616870880127
VISMODEGIB,1,NCIH209,5.055970191955566,4.9234297559927125,4.924464702606201
VISMODEGIB,1,NCIH211,3.964613437652588,4.731447830292239,4.7276153564453125
VISMODEGIB,1,NCIH2291,6.572759628295898,5.270429844758398,5.280262470245361
VISMODEGIB,1,NCIH2444,5.830776691436768,5.088258076734826,5.093472003936768
VISMODEGIB,1,NCIH292,3.705354928970337,4.8535118623642965,4.852774143218994
VISMODEGIB,1,NCIH441,6.452869415283203,5.201962431423619,5.21005916595459
VISMODEGIB,1,NCIH522,5.409842014312744,4.462176092523234,4.451516628265381
VISMODEGIB,1,NCIH524,3.553813934326172,4.361947857728314,4.348747253417969
VISMODEGIB,1,NCIH647,4.898662567138672,5.064011012922739,5.068610191345215
VISMODEGIB,1,NCIH929,3.764404058456421,4.183255103195186,4.165524005889893
VISMODEGIB,1,P12ICHIKAWA,3.066786050796509,3.434937949768843,3.3982343673706055
VISMODEGIB,1,REH,3.3219144344329834,3.412625944790299,3.375356674194336
VISMODEGIB,1,RPMI8402,3.6811840534210205,3.461489086878403,3.4254586696624756
VISMODEGIB,1,SUDHL10,4.140952110290527,3.9411565023410433,3.9172873497009277
VISMODEGIB,1,SUDHL5,2.871767997741699,4.184615829498225,4.166919231414795
VISMODEGIB,1,SW1271,4.874664306640625,4.8571159733856755,4.856469631195068
VISMODEGIB,2,ALLSIL,3.6444449424743652,3.87766146375371,3.8625950813293457
VISMODEGIB,2,CA46,5.0264973640441895,3.5960194722349623,3.568303108215332
VISMODEGIB,2,CORL23,4.8650407791137695,4.619190248215851,4.637429714202881
VISMODEGIB,2,DMS53,4.807785987854004,4.762896457231395,4.787590503692627
VISMODEGIB,2,HCC33,3.791304111480713,4.294372049972019,4.298022270202637
VISMODEGIB,2,HCC366,5.073975086212158,5.071289132985293,5.109834671020508
VISMODEGIB,2,HCC78,5.085155963897705,4.842043709415979,4.870292663574219
VISMODEGIB,2,HEL,3.982717514038086,3.817473336905762,3.799703598022461
VISMODEGIB,2,HH,4.370530605316162,4.006587029865221,3.9973113536834717
VISMODEGIB,2,HL60,3.8194949626922607,3.6640844936680845,3.639425277709961
VISMODEGIB,2,HT,5.022324562072754,3.8795995421560754,3.8646202087402344
VISMODEGIB,2,JM1,3.803330898284912,4.24435438541593,4.245758056640625
VISMODEGIB,2,KMS12BM,2.836230993270874,4.085421004248245,4.079686164855957
VISMODEGIB,2,KU812,3.6309854984283447,3.670771480216017,3.6464126110076904
VISMODEGIB,2,L540,3.312333583831787,4.112951118177589,4.108452796936035
VISMODEGIB,2,LOUCY,3.3281350135803223,3.7159339092736423,3.693603515625
VISMODEGIB,2,MM1S,4.084285736083984,4.159909019209339,4.157519817352295
VISMODEGIB,2,MOLP8,4.194037437438965,4.258250412124299,4.260278224945068
VISMODEGIB,2,NCIH1092,5.488525390625,4.593830490039192,4.610930919647217
VISMODEGIB,2,NCIH1105,4.1119704246521,4.368010815131653,4.374968528747559
VISMODEGIB,2,NCIH1155,3.2584500312805176,4.56937702423529,4.585379123687744
VISMODEGIB,2,NCIH1436,5.276383399963379,4.524168276609771,4.538139820098877
VISMODEGIB,2,NCIH1650,5.055830955505371,5.066596126559598,5.104930877685547
VISMODEGIB,2,NCIH1915,4.816924571990967,4.553147271850043,4.56842041015625
VISMODEGIB,2,NCIH2023,4.5183234214782715,5.0167769701516205,5.0528740882873535
VISMODEGIB,2,NCIH2029,4.486273765563965,4.895013441121797,4.9256415367126465
VISMODEGIB,2,NCIH2170,5.117316722869873,4.540920538948092,4.555644512176514
VISMODEGIB,2,NCIH2171,3.95757794380188,4.461797016473168,4.472967147827148
VISMODEGIB,2,NCIH2172,5.463696002960205,4.788032608528574,4.8138556480407715
VISMODEGIB,2,NCIH2227,5.761473178863525,4.754225986394346,4.778530597686768
VISMODEGIB,2,NCIH2228,6.0583577156066895,5.081497471544494,5.120501518249512
VISMODEGIB,2,NCIH460,5.087390899658203,4.780019724453428,4.805482864379883
VISMODEGIB,2,NCIH526,4.0316243171691895,4.427950692709318,4.437600612640381
VISMODEGIB,2,NCIH810,4.694822788238525,4.67519738275806,4.695952415466309
VISMODEGIB,2,OCIM1,3.7355539798736572,3.9238449548375405,3.9108529090881348
VISMODEGIB,2,P31FUJ,4.5128173828125,3.611909022724997,3.5849063396453857
VISMODEGIB,2,SIGM5,0.1826220005750656,3.707334855735856,3.6846182346343994
VISMODEGIB,2,SUDHL1,4.279594898223877,3.93501822553279,3.922528028488159
VISMODEGIB,2,SUDHL6,3.0285561084747314,3.4192155661612618,3.3835580348968506
VISMODEGIB,2,THP1,4.643989086151123,3.9034741399464625,3.8895671367645264
VISMODEGIB,2,WSUDLCL2,3.9074900150299072,3.6708141480593466,3.6464571952819824
VISMODEGIB,3,697,3.06477952003479,3.601449320403092,3.484920024871826
VISMODEGIB,3,A3KAW,3.81789493560791,3.772679831801001,3.6803712844848633
VISMODEGIB,3,BEN,5.262208938598633,5.142810497051082,5.2443084716796875
VISMODEGIB,3,CAL12T,4.122566223144531,4.952685313580531,5.027289867401123
VISMODEGIB,3,CALU6,5.0090765953063965,4.6811839565436175,4.717384338378906
VISMODEGIB,3,CHAGOK1,4.69411563873291,4.986578754304426,5.065977573394775
VISMODEGIB,3,CORL311,4.522596836090088,4.071053982671408,4.020950794219971
VISMODEGIB,3,CORL95,4.896542549133301,5.009051007001214,5.091628551483154
VISMODEGIB,3,DB,3.5130059719085693,3.412513669957676,3.269259214401245
VISMODEGIB,3,EBC1,4.938044548034668,4.5087177511375085,4.520522594451904
VISMODEGIB,3,GA10,3.8515141010284424,3.620469525284884,3.5066306591033936
VISMODEGIB,3,HCC15,4.863235950469971,5.015331824923217,5.098797798156738
VISMODEGIB,3,IALM,4.851528644561768,5.162370221477022,5.266634941101074
VISMODEGIB,3,JURKAT,3.829730987548828,3.7181825093917023,3.6181652545928955
VISMODEGIB,3,K562,3.9419569969177246,3.759390063889284,3.6652016639709473
VISMODEGIB,3,KOPN8,3.522817611694336,3.5685987836993025,3.447422742843628
VISMODEGIB,3,LOUNH91,5.477392673492432,4.77157008560993,4.820555686950684
VISMODEGIB,3,LU65,5.239975452423096,4.839740458301644,4.898368835449219
VISMODEGIB,3,LXF289,4.563053131103516,4.817334209544442,4.872793197631836
VISMODEGIB,3,ME1,4.721515655517578,4.284588006386545,4.2646894454956055
VISMODEGIB,3,MEG01,3.913191556930542,4.298420426940808,4.280478477478027
VISMODEGIB,3,NCIH1568,6.500522136688232,5.038203860975599,5.124905109405518
VISMODEGIB,3,NCIH1836,5.596879482269287,4.916900316917107,4.986443042755127
VISMODEGIB,3,NCIH2066,6.085737228393555,4.5365567925169685,4.552299499511719
VISMODEGIB,3,NCIH23,4.364891052246094,4.7967693871524,4.8493194580078125
VISMODEGIB,3,NCIH69,4.2141876220703125,4.287894887309097,4.268464088439941
VISMODEGIB,3,NCIH838,5.247964859008789,4.7753849462194236,4.8249101638793945
VISMODEGIB,3,NCIH841,3.859875440597534,4.834379100322862,4.89224910736084
VISMODEGIB,3,NOMO1,3.6888294219970703,4.017168867689094,3.9594435691833496
VISMODEGIB,3,OCIAML3,4.115363121032715,4.531625295638403,4.546670436859131
VISMODEGIB,3,OCILY19,3.6055634021759033,4.143402655386792,4.1035332679748535
VISMODEGIB,3,PF382,4.203582763671875,3.903285962749823,3.8294517993927
VISMODEGIB,3,PL21,4.677007675170898,4.855923955893821,4.916841506958008
VISMODEGIB,3,RL,4.794882774353027,4.044700865425542,3.9908699989318848
VISMODEGIB,3,RS411,3.3602426052093506,5.221752044288916,5.334416389465332
VISMODEGIB,3,SKM1,3.277556896209717,4.005528153900895,3.9461562633514404
VISMODEGIB,3,SKMM2,5.4607720375061035,3.5490455343433855,3.4251036643981934
VISMODEGIB,3,ST486,3.5679171085357666,3.7946862972026087,3.7054905891418457
VISMODEGIB,3,SUDHL4,2.9350929260253906,3.81406492854114,3.7276103496551514
VISMODEGIB,3,SUPB15,3.8015029430389404,3.670221665733689,3.563420295715332
VISMODEGIB,3,SW1573,5.4482293128967285,5.203829885959035,5.313959121704102
VISMODEGIB,4,A549,4.04774808883667,5.119009185996299,5.0885210037231445
VISMODEGIB,4,BL41,2.5855484008789062,3.65323928771417,3.636119842529297
VISMODEGIB,4,DMS79,5.193422794342041,4.902824552657461,4.874308109283447
VISMODEGIB,4,DND41,3.376518487930298,3.732140179922446,3.714301109313965
VISMODEGIB,4,EHEB,5.358942985534668,4.36801906194732,4.3443803787231445
VISMODEGIB,4,EJM,4.525726795196533,3.876422394292405,3.857267379760742
VISMODEGIB,4,GDM1,5.061388969421387,3.774958006655937,3.756728410720825
VISMODEGIB,4,JEKO1,3.6868479251861572,3.482371488984239,3.466810464859009
VISMODEGIB,4,JURLMK1,3.3397610187530518,3.7274835941904088,3.7096869945526123
VISMODEGIB,4,JVM2,5.214512348175049,4.4967268702167615,4.471914291381836
VISMODEGIB,4,KG1,3.847745418548584,3.9609887630493588,3.9410624504089355
VISMODEGIB,4,KMS11,4.355476379394531,4.164579705631476,4.142796516418457
VISMODEGIB,4,KNS62,5.075237274169922,5.10889766019652,5.0785017013549805
VISMODEGIB,4,L1236,3.839705467224121,4.155998479281691,4.134293556213379
VISMODEGIB,4,LAMA84,3.1548686027526855,3.8946120244058156,3.875291109085083
VISMODEGIB,4,MOLM16,3.7146294116973877,4.099876912471205,4.078683853149414
VISMODEGIB,4,NAMALWA,3.2869555950164795,3.469120443180758,3.4536802768707275
VISMODEGIB,4,NCIH1437,4.744863510131836,4.973215439999789,4.944056987762451
VISMODEGIB,4,NCIH1623,5.559472560882568,4.980242305587471,4.951019763946533
VISMODEGIB,4,NCIH1648,4.435547828674316,4.838956205801057,4.8110222816467285
VISMODEGIB,4,NCIH1876,4.233154773712158,4.460211422963416,4.435731887817383
VISMODEGIB,4,NCIH1944,5.514774322509766,5.5758906737697025,5.541235446929932
VISMODEGIB,4,NCIH2009,4.79822301864624,5.332567767731797,5.300131797790527
VISMODEGIB,4,NCIH2030,4.581350326538086,4.9903528689347665,4.961038112640381
VISMODEGIB,4,NCIH2081,4.354837894439697,4.6470686854277075,4.620884895324707
VISMODEGIB,4,NCIH2087,4.899172782897949,5.31904482910151,5.286732196807861
VISMODEGIB,4,NCIH2122,4.558807373046875,4.861439095833691,4.8333001136779785
VISMODEGIB,4,NCIH2342,5.3210015296936035,4.5062931666842,4.481393337249756
VISMODEGIB,4,NCIH2405,5.999279975891113,4.7772124728036856,4.749841690063477
VISMODEGIB,4,NCIH446,4.290341854095459,4.5561919969576135,4.530837059020996
VISMODEGIB,4,NCIH650,4.865990161895752,4.554647741946597,4.529306888580322
VISMODEGIB,4,NCIH661,5.142423152923584,4.788112247188086,4.760642051696777
VISMODEGIB,4,NCIH82,4.0426859855651855,3.824391491153204,3.805711030960083
VISMODEGIB,4,NUDUL1,3.5129730701446533,3.670065603883607,3.6527926921844482
VISMODEGIB,4,OCIAML2,3.753376007080078,3.388035024446302,3.3733344078063965
VISMODEGIB,4,OPM2,3.7498040199279785,3.910424878109312,3.8909597396850586
VISMODEGIB,4,RAJI,3.4800820350646973,3.894075697758954,3.8747596740722656
VISMODEGIB,4,RERFLCMS,4.863822937011719,4.926150069840077,4.897420883178711
VISMODEGIB,4,SKLU1,4.967251777648926,4.967045638349352,4.937943458557129
VISMODEGIB,4,SUDHL8,3.631200075149536,3.6167503079041423,3.599963665008545
VISMODEGIB,5,ABC1,4.58301305770874,4.864901780641307,4.906209945678711
VISMODEGIB,5,CALU3,4.67317008972168,4.771962516598182,4.804919242858887
VISMODEGIB,5,CMLT1,3.2556838989257812,3.610260217980947,3.538827419281006
VISMODEGIB,5,CORL105,5.089478969573975,4.643360409952037,4.664761066436768
VISMODEGIB,5,DAUDI,3.942692995071411,3.626380491370883,3.556396245956421
VISMODEGIB,5,DMS273,3.479316473007202,3.9490294400728896,3.9080381393432617
VISMODEGIB,5,GRANTA519,4.994190216064453,4.161822124073368,4.139952182769775
VISMODEGIB,5,HCC44,3.959094524383545,4.953190187537909,5.002431869506836
VISMODEGIB,5,HDLM2,4.5275468826293945,4.51321078856203,4.522916316986084
VISMODEGIB,5,KCL22,4.423158645629883,4.212416711991206,4.195093154907227
VISMODEGIB,5,KMH2,4.129386901855469,3.8807981280718105,3.8336756229400635
VISMODEGIB,5,L363,3.664263963699341,4.19461657350117,4.175693511962891
VISMODEGIB,5,LCLC97TM1,4.08111572265625,4.834657208490075,4.8732476234436035
VISMODEGIB,5,LP1,4.077267646789551,3.6669122957570712,3.6005702018737793
VISMODEGIB,5,MHHCALL2,3.6879920959472656,3.654047622369701,3.5865495204925537
VISMODEGIB,5,MOLT13,3.4406650066375732,3.5639408747110153,3.4883458614349365
VISMODEGIB,5,MOLT16,3.053847074508667,3.7050110411976527,3.64209246635437
VISMODEGIB,5,MONOMAC6,4.089845657348633,3.954428240802852,3.913922071456909
VISMODEGIB,5,NCIH1341,4.252137184143066,4.438629503353421,4.441633224487305
VISMODEGIB,5,NCIH1435,4.982852458953857,5.036570474446771,5.093304634094238
VISMODEGIB,5,NCIH1781,5.280016899108887,4.596891215452314,4.614116191864014
VISMODEGIB,5,NCIH196,4.7960028648376465,5.1906039754954305,5.261179447174072
VISMODEGIB,5,NCIH1963,4.693726539611816,4.451141315377793,4.4552693367004395
VISMODEGIB,5,NCIH1975,4.928816795349121,5.0918828603524675,5.153587341308594
VISMODEGIB,5,NCIH2085,4.807424545288086,4.568855691065219,4.583561420440674
VISMODEGIB,5,NCIH2110,4.724733829498291,4.930793444609364,4.978022575378418
VISMODEGIB,5,NCIH2196,5.956739902496338,4.896200342902226,4.94032096862793
VISMODEGIB,5,NCIH2347,5.999744415283203,5.031338150776475,5.087602138519287
VISMODEGIB,5,NCIH358,5.703436374664307,5.069525931911254,5.129221439361572
VISMODEGIB,5,NCIH596,5.180118560791016,4.914754331520527,4.96054220199585
VISMODEGIB,5,NCIH727,4.921459197998047,4.681795390925742,4.7066497802734375
VISMODEGIB,5,OCIAML5,3.772200107574463,3.8769394042144496,3.829470157623291
VISMODEGIB,5,RCHACV,3.6489105224609375,3.937451299652532,3.8954195976257324
VISMODEGIB,5,RERFLCKJ,5.2340264320373535,4.541737649974104,4.554006576538086
VISMODEGIB,5,RPMI8226,3.483067512512207,3.8903831377554816,3.8441219329833984
VISMODEGIB,5,SBC5,4.841652870178223,4.7875999846389945,4.821961879730225
VISMODEGIB,5,SHP77,3.6040914058685303,4.51925996550538,4.5295090675354
VISMODEGIB,5,SKMES1,5.0762939453125,5.270779852456868,5.348559856414795
VISMODEGIB,5,SUPM2,3.3972299098968506,4.2059855784825775,4.188084125518799
VISMODEGIB,5,SUPT1,3.7007319927215576,3.8037479071268123,3.749701738357544
VORINOSTAT,1,A4FUK,-0.09973599761724472,0.42161057576572114,0.43190866708755493
VORINOSTAT,1,ABC1,1.3739855289459229,1.5935576437643375,1.5367741584777832
VORINOSTAT,1,AMO1,-0.08653300255537033,0.3320519898767757,0.34747636318206787
VORINOSTAT,1,CORL105,1.7614035606384277,1.3157222517719847,1.2748419046401978
VORINOSTAT,1,CORL88,0.37629950046539307,0.877010116919732,0.8612414002418518
VORINOSTAT,1,CORL95,2.616441011428833,1.1091429312511099,1.0800870656967163
VORINOSTAT,1,DMS53,1.8699469566345215,1.0943621567291002,1.0661523342132568
VORINOSTAT,1,DND41,0.6427410244941711,-0.07887518482756486,-0.039929576218128204
VORINOSTAT,1,DOHH2,-0.22620399296283722,0.26381901437573396,0.28314900398254395
VORINOSTAT,1,HCC33,0.36507299542427063,0.21018776437988165,0.23258757591247559
VORINOSTAT,1,HCC78,1.261206030845642,1.7864024126199616,1.7185806035995483
VORINOSTAT,1,HT,0.7222610116004944,0.403311285747921,0.4146568179130554
VORINOSTAT,1,JM1,0.2543579936027527,0.4658068529938776,0.4735751748085022
VORINOSTAT,1,KCL22,0.5628969073295593,0.5023285532256455,0.5080063939094543
VORINOSTAT,1,L1236,-0.0818134993314743,0.8828799784552684,0.8667752742767334
VORINOSTAT,1,LU65,3.098759412765503,1.2687550139826713,1.2305630445480347
VORINOSTAT,1,MHHCALL2,0.27624401450157166,0.12415679817402264,0.15148097276687622
VORINOSTAT,1,MM1S,-0.03294900059700012,0.4436883564054293,0.4527227282524109
VORINOSTAT,1,MOLP8,-0.060846999287605286,0.43695739048815146,0.4463770389556885
VORINOSTAT,1,NB4,-0.9326289892196655,0.21583994732611306,0.2379162311553955
VORINOSTAT,1,NCIH1048,1.4882107973098755,0.8980512846781603,0.8810781836509705
VORINOSTAT,1,NCIH1155,0.922949492931366,1.0953264419001956,1.067061424255371
VORINOSTAT,1,NCIH1436,0.9983810186386108,0.4344079019276729,0.44397348165512085
VORINOSTAT,1,NCIH1651,1.181257963180542,2.2032122121085216,2.11153244972229
VORINOSTAT,1,NCIH1836,1.5886249542236328,1.7458748699779787,1.6803728342056274
VORINOSTAT,1,NCIH1876,0.7608759999275208,1.2385738744143449,1.202109456062317
VORINOSTAT,1,NCIH196,1.8544889688491821,2.1808164171486846,2.090418577194214
VORINOSTAT,1,NCIH2009,0.6136289834976196,3.13068182003769,2.9859142303466797
VORINOSTAT,1,NCIH211,0.24892300367355347,0.48717330577756734,0.49371862411499023
VORINOSTAT,1,NCIH2170,1.3718723058700562,1.636261087170051,1.577033281326294
VORINOSTAT,1,NCIH2227,0.5258579850196838,0.8581942907199328,0.8435025811195374
VORINOSTAT,1,NCIH2342,3.1568994522094727,2.0183094557511048,1.93721342086792
VORINOSTAT,1,NCIH358,2.2905797958374023,1.44725423904785,1.3988450765609741
VORINOSTAT,1,NCIH522,3.7630279064178467,1.1323855420765156,1.101999282836914
VORINOSTAT,1,NCIH650,1.3063381910324097,1.8819062224837266,1.8086178302764893
VORINOSTAT,1,NCIH727,3.243424892425537,1.0316326624484562,1.0070134401321411
VORINOSTAT,1,NCIH82,0.8749560117721558,0.14913799265533914,0.17503225803375244
VORINOSTAT,1,NCIH929,-0.17535099387168884,0.6597278758796324,0.6563962697982788
VORINOSTAT,1,SIGM5,-0.7904090285301208,0.1973486474693006,0.22048336267471313
VORINOSTAT,1,SUPT1,0.22230499982833862,-0.06342714924499007,-0.02536577731370926
VORINOSTAT,1,THP1,0.6320149898529053,0.4141402107482624,0.4248659014701843
VORINOSTAT,2,A3KAW,-0.6400219798088074,0.6928439932973908,0.705086350440979
VORINOSTAT,2,CMK,0.17134399712085724,0.3141540720324322,0.31643587350845337
VORINOSTAT,2,EBC1,1.4817250967025757,1.4750237871189888,1.507839560508728
VORINOSTAT,2,EJM,0.608955979347229,0.2966891376445744,0.2985115647315979
VORINOSTAT,2,GA10,-0.10130400210618973,0.19246902047802128,0.19155018031597137
VORINOSTAT,2,GRANTA519,1.4924230575561523,0.2871198380497588,0.28869056701660156
VORINOSTAT,2,HARA,1.187091588973999,1.3194493899689848,1.3481731414794922
VORINOSTAT,2,HCC366,1.8128268718719482,1.8995695569463527,1.943552017211914
VORINOSTAT,2,HL60,-0.028166500851511955,0.02428615647070171,0.018943658098578453
VORINOSTAT,2,IALM,3.02384090423584,1.976381118939878,2.02238392829895
VORINOSTAT,2,JEKO1,0.09734100103378296,0.40795271033938313,0.41270166635513306
VORINOSTAT,2,JVM3,-0.03558000177145004,0.9561432696160443,0.9753111004829407
VORINOSTAT,2,K562,0.9375315308570862,0.8519624851404136,0.8683900833129883
VORINOSTAT,2,L540,0.8715825080871582,0.3631344085076213,0.366704523563385
VORINOSTAT,2,MEG01,0.8816260099411011,0.5617144642758348,0.5705077648162842
VORINOSTAT,2,MOLM13,-0.7557169795036316,0.32033835000980865,0.32278281450271606
VORINOSTAT,2,MOLM16,0.41985398530960083,0.8086648150493982,0.8239535689353943
VORINOSTAT,2,MONOMAC6,0.21679100394248962,0.30072125389805204,0.30264973640441895
VORINOSTAT,2,NALM6,0.7787969708442688,0.07862032881421971,0.07470696419477463
VORINOSTAT,2,NCIH1650,2.8094544410705566,2.1338343090782006,2.18397855758667
VORINOSTAT,2,NCIH1781,3.2691755294799805,1.730552062021816,1.7700889110565186
VORINOSTAT,2,NCIH1792,1.4325581789016724,1.6592392363539168,1.6969003677368164
VORINOSTAT,2,NCIH1975,1.2797040939331055,1.7772550807023233,1.8180203437805176
VORINOSTAT,2,NCIH2023,2.0985305309295654,1.9948243033770479,2.0413122177124023
VORINOSTAT,2,NCIH2081,0.7771095037460327,1.1175780489630274,1.1409920454025269
VORINOSTAT,2,NCIH2085,2.2495384216308594,1.7601437194740601,1.8004589080810547
VORINOSTAT,2,NCIH2087,2.0702364444732666,1.7914282071588703,1.832566261291504
VORINOSTAT,2,NCIH2122,0.8060359954833984,1.6312309919475312,1.6681554317474365
VORINOSTAT,2,NCIH2228,2.3373630046844482,2.21836547428679,2.270733118057251
VORINOSTAT,2,NCIH2291,3.1495115756988525,2.4263275891986806,2.4841651916503906
VORINOSTAT,2,NCIH2444,1.6194775104522705,1.9482200157036544,1.9934821128845215
VORINOSTAT,2,NCIH596,2.5000956058502197,2.000691712898651,2.0473339557647705
VORINOSTAT,2,NOMO1,1.3285030126571655,0.7134773218576667,0.7262623906135559
VORINOSTAT,2,OCIAML2,0.5350189805030823,0.5499281889548032,0.5584114789962769
VORINOSTAT,2,OCIAML5,0.23740063607692719,0.4841426444889992,0.4908955991268158
VORINOSTAT,2,P31FUJ,0.5972970128059387,0.11697047198462047,0.11406581848859787
VORINOSTAT,2,RCHACV,-0.5025420188903809,0.3678806984049121,0.37157565355300903
VORINOSTAT,2,SKMM2,0.4034765064716339,0.07601069406500448,0.07202868908643723
VORINOSTAT,2,SUDHL10,-0.11225000023841858,0.3510295804959891,0.35428130626678467
VORINOSTAT,2,SUPM2,0.32345050573349,0.6118324723382936,0.621944010257721
VORINOSTAT,2,WSUDLCL2,0.3166019916534424,0.4606319168805082,0.46676647663116455
VORINOSTAT,3,697,-0.14313599467277527,0.22618456618747987,0.21820303797721863
VORINOSTAT,3,A549,1.3431893587112427,2.019088345805052,1.9519014358520508
VORINOSTAT,3,BL41,0.11790800094604492,-0.3337510987660243,-0.3232423961162567
VORINOSTAT,3,CA46,0.07225749641656876,0.10533496338476682,0.10134413838386536
VORINOSTAT,3,CAL12T,2.153926372528076,1.4039908677649509,1.3571157455444336
VORINOSTAT,3,CORL23,0.9914349913597107,1.6148601464472954,1.5610216856002808
VORINOSTAT,3,CORL279,0.6240879893302917,0.9531345613405484,0.9211476445198059
VORINOSTAT,3,DMS273,0.9461135268211365,0.7627152584173792,0.7370163798332214
VORINOSTAT,3,DMS79,1.608994960784912,0.6505489622277127,0.6285540461540222
VORINOSTAT,3,HCC44,1.305690050125122,1.6132382713729188,1.5594533681869507
VORINOSTAT,3,HCC827,1.532723307609558,1.245881717822786,1.2042276859283447
VORINOSTAT,3,HDLM2,0.5876290202140808,0.880859291037681,0.8512590527534485
VORINOSTAT,3,HEL,-0.04186899960041046,0.3617700431504869,0.3493112027645111
VORINOSTAT,3,HH,0.580800473690033,0.7767983019713823,0.7506343722343445
VORINOSTAT,3,JURLMK1,0.9482093453407288,0.2813679533192288,0.27156415581703186
VORINOSTAT,3,KARPAS422,0.4121834933757782,0.3712020924105558,0.35843178629875183
VORINOSTAT,3,KMS11,0.7568039894104004,0.47846282057349776,0.46215054392814636
VORINOSTAT,3,LOUNH91,1.8085126876831055,2.128454454214285,2.0576560497283936
VORINOSTAT,3,LP1,0.8517850041389465,0.2599261878843649,0.25083044171333313
VORINOSTAT,3,ME1,0.43192899227142334,0.768257877177369,0.7423759698867798
VORINOSTAT,3,NAMALWA,0.04077500104904175,0.20628509842044704,0.19896069169044495
VORINOSTAT,3,NCIH1568,1.8844470977783203,2.0067525533478214,1.939972996711731
VORINOSTAT,3,NCIH1623,2.485668897628784,2.1250945740624867,2.0544071197509766
VORINOSTAT,3,NCIH1793,4.275208473205566,2.3431342023914534,2.265246629714966
VORINOSTAT,3,NCIH2066,2.785050392150879,1.4568358133226416,1.4082156419754028
VORINOSTAT,3,NCIH2110,1.5150539875030518,1.837181914538231,1.7760019302368164
VORINOSTAT,3,NCIH2171,1.5613189935684204,0.566741440189322,0.547514021396637
VORINOSTAT,3,NCIH661,1.2449480295181274,1.4168779695360012,1.3695772886276245
VORINOSTAT,3,OCIAML3,0.5938159823417664,1.4202930792433874,1.3728796243667603
VORINOSTAT,3,OCIM1,-0.25743600726127625,0.06818834096165217,0.06542417407035828
VORINOSTAT,3,RL,0.5857314467430115,-0.154746314931979,-0.15014871954917908
VORINOSTAT,3,RPMI8226,0.015352499671280384,0.5447278392776798,0.5262273550033569
VORINOSTAT,3,RPMI8402,-0.510906994342804,-0.0394144244246298,-0.0386253260076046
VORINOSTAT,3,RS411,-0.19010500609874725,2.454771379713742,2.373197317123413
VORINOSTAT,3,SHP77,1.917451024055481,0.5430927115755673,0.5246462225914001
VORINOSTAT,3,SKM1,0.17013399302959442,1.3389717501682799,1.2942436933517456
VORINOSTAT,3,ST486,0.37440600991249084,0.13391231343349386,0.12897780537605286
VORINOSTAT,3,SUDHL1,0.6910194754600525,0.06058398701921506,0.05807093158364296
VORINOSTAT,3,SUPB15,0.2921780049800873,0.27242409388087857,0.26291564106941223
VORINOSTAT,3,SW1271,2.5444371700286865,2.36461110269985,2.2860143184661865
VORINOSTAT,3,SW1573,2.709102153778076,2.169281177259378,2.097134590148926
VORINOSTAT,4,ALLSIL,-0.19148050248622894,0.1392718971091275,0.0777534767985344
VORINOSTAT,4,BEN,1.5543674230575562,1.6096322502678662,1.6681419610977173
VORINOSTAT,4,CALU6,2.559900999069214,1.497650999522362,1.5470194816589355
VORINOSTAT,4,CHAGOK1,2.448967933654785,1.7190192101265152,1.7864583730697632
VORINOSTAT,4,COLO668,0.7756731510162354,1.041151137206049,1.0532547235488892
VORINOSTAT,4,DB,-0.9397140145301819,0.4875409350672927,0.4544523358345032
VORINOSTAT,4,EHEB,-0.03343899920582771,0.8152539663481234,0.8089171648025513
VORINOSTAT,4,HCC15,1.5524423122406006,1.7667978506602753,1.8381372690200806
VORINOSTAT,4,JURKAT,0.026869000867009163,0.16801414712983975,0.10884200781583786
VORINOSTAT,4,JVM2,1.4823964834213257,0.6755898827682741,0.657852053642273
VORINOSTAT,4,KMH2,1.3948559761047363,0.4267579967888231,0.38870757818222046
VORINOSTAT,4,KOPN8,0.12552900612354279,0.6177222842467651,0.5952606201171875
VORINOSTAT,4,LOUCY,-0.03182400017976761,0.5293276552711468,0.49965018033981323
VORINOSTAT,4,MOLT13,-0.7263590097427368,0.20447469220304118,0.14827889204025269
VORINOSTAT,4,NCIH1092,0.9141950011253357,0.9364894810828379,0.9400493502616882
VORINOSTAT,4,NCIH1341,0.9630810022354126,1.2608750882519797,1.2909151315689087
VORINOSTAT,4,NCIH1435,2.244807720184326,2.1374164238424793,2.2390100955963135
VORINOSTAT,4,NCIH146,-0.2987945079803467,0.6352064977044994,0.614172101020813
VORINOSTAT,4,NCIH1648,1.5698720216751099,1.6330090826370498,1.6934270858764648
VORINOSTAT,4,NCIH1915,1.976205587387085,1.3149901732378393,1.3494477272033691
VORINOSTAT,4,NCIH1963,0.1437074989080429,0.7786169229227354,0.7692893743515015
VORINOSTAT,4,NCIH2029,1.7984299659729004,1.0243118870122543,1.0350408554077148
VORINOSTAT,4,NCIH2030,2.1701929569244385,1.529373008477713,1.5813310146331787
VORINOSTAT,4,NCIH2196,1.7294585704803467,1.8290338298942783,1.9054536819458008
VORINOSTAT,4,NCIH2347,2.3228952884674072,2.3990568151472296,2.5220086574554443
VORINOSTAT,4,NCIH292,2.3789589405059814,1.9937895413702487,2.0836586952209473
VORINOSTAT,4,NCIH460,0.9370049834251404,1.812262470570372,1.8873132467269897
VORINOSTAT,4,NCIH524,0.2258860021829605,0.6494978013471338,0.6296300292015076
VORINOSTAT,4,NCIH647,1.7397630214691162,1.8749022682252696,1.955066442489624
VORINOSTAT,4,NCIH69,0.6709960103034973,0.8309045201503901,0.8258453011512756
VORINOSTAT,4,NCIH841,0.7044529914855957,1.5886493425494062,1.6454461812973022
VORINOSTAT,4,OPM2,0.37516701221466064,0.4240838018749076,0.3858150839805603
VORINOSTAT,4,PF382,0.29280200600624084,0.30310998660537164,0.25496596097946167
VORINOSTAT,4,PL21,0.4210122525691986,1.0911527628788493,1.1073380708694458
VORINOSTAT,4,RAJI,0.3361609876155853,0.3431788253336569,0.2983056902885437
VORINOSTAT,4,REH,0.4068779945373535,0.2751482611634737,0.22472167015075684
VORINOSTAT,4,RERFLCMS,1.8828380107879639,2.0047448794362324,2.095508337020874
VORINOSTAT,4,SBC5,0.7976129651069641,1.5985180960598222,1.6561205387115479
VORINOSTAT,4,SUDHL5,-0.6401360034942627,0.451833037711051,0.41582953929901123
VORINOSTAT,4,SUDHL8,0.9996510148048401,0.3134767901823877,0.26617902517318726
VORINOSTAT,5,BV173,-0.1710370033979416,0.21076350289940546,0.22274304926395416
VORINOSTAT,5,CALU3,2.185091018676758,1.6404652472218295,1.6598466634750366
VORINOSTAT,5,CMLT1,0.0820389986038208,0.10372098932656204,0.11514635384082794
VORINOSTAT,5,CORL311,0.4423460066318512,0.3952158200592027,0.408150315284729
VORINOSTAT,5,DAUDI,0.9317585229873657,0.19827144523687107,0.21018631756305695
VORINOSTAT,5,DMS114,1.5435354709625244,1.3093209698690456,1.3269879817962646
VORINOSTAT,5,EM2,0.599714994430542,0.09731405632678583,0.10870625078678131
VORINOSTAT,5,EPLC272H,1.818983554840088,1.287453420340364,1.3050072193145752
VORINOSTAT,5,GDM1,0.454241007566452,0.2612071079710999,0.27344781160354614
VORINOSTAT,5,KG1,0.06878799945116043,0.1316887251206558,0.14325888454914093
VORINOSTAT,5,KMS12BM,-0.18409700691699982,0.22769238849647072,0.23975957930088043
VORINOSTAT,5,KNS62,1.5030516386032104,1.7622264451487544,1.782238245010376
VORINOSTAT,5,KU812,0.3984754979610443,0.40434534528043553,0.4173271059989929
VORINOSTAT,5,L363,0.4726240038871765,0.09300875057605928,0.10437865555286407
VORINOSTAT,5,L428,0.6920174956321716,0.2919106593622086,0.30431032180786133
VORINOSTAT,5,LAMA84,0.4289630055427551,0.5630666487622997,0.5768701434135437
VORINOSTAT,5,LCLC103H,1.0958195924758911,2.1103036403386843,2.132117509841919
VORINOSTAT,5,LCLC97TM1,1.337141990661621,1.6803915397372098,1.6999796628952026
VORINOSTAT,5,LXF289,1.0909857749938965,2.1280333999729275,2.1499390602111816
VORINOSTAT,5,MOLT16,0.24642300605773926,-0.07235228847258543,-0.06183849275112152
VORINOSTAT,5,NCIH1105,0.13630400598049164,1.0124239306640561,1.02855384349823
VORINOSTAT,5,NCIH1437,0.8860452771186829,1.1771300271878502,1.1941126585006714
VORINOSTAT,5,NCIH1944,1.9543049335479736,1.8803856667307701,1.901009202003479
VORINOSTAT,5,NCIH209,-0.33904799818992615,1.0297222406096793,1.045941710472107
VORINOSTAT,5,NCIH2172,2.784431219100952,1.9644154152944031,1.9854739904403687
VORINOSTAT,5,NCIH23,1.6426303386688232,1.6780763223591868,1.6976524591445923
VORINOSTAT,5,NCIH2405,3.1164934635162354,1.873064423292726,1.8936500549316406
VORINOSTAT,5,NCIH441,3.959038019180298,2.063260444081107,2.0848307609558105
VORINOSTAT,5,NCIH446,0.5997209548950195,0.7246414736729423,0.7392814755439758
VORINOSTAT,5,NCIH526,0.4276044964790344,0.7275443900427078,0.7421994209289551
VORINOSTAT,5,NCIH810,0.8026055097579956,0.911639631589194,0.9272477626800537
VORINOSTAT,5,NCIH838,1.494452953338623,1.3809141040712523,1.398951768875122
VORINOSTAT,5,NUDUL1,-0.30138149857521057,0.16897556071741718,0.18073876202106476
VORINOSTAT,5,OCILY19,0.6556450724601746,0.5366401774413535,0.5503068566322327
VORINOSTAT,5,P12ICHIKAWA,-0.32463300228118896,-0.07579084049893528,-0.06529484689235687
VORINOSTAT,5,RERFLCKJ,2.3954784870147705,2.0334047897622334,2.0548205375671387
VORINOSTAT,5,SKLU1,2.534140110015869,2.2041507075455278,2.2264504432678223
VORINOSTAT,5,SKMES1,2.137911558151245,1.9977154328091546,2.018946409225464
VORINOSTAT,5,SUDHL4,0.9810119867324829,0.09288481849123016,0.10425408184528351
VORINOSTAT,5,SUDHL6,0.11219850182533264,-0.12387482907848425,-0.11362777650356293
WEE1 INHIBITOR,1,A4FUK,0.7214565277099609,0.7683224199590842,0.7364326119422913
WEE1 INHIBITOR,1,AMO1,1.8852920532226562,0.9238498676615958,0.8984678387641907
WEE1 INHIBITOR,1,BV173,0.015232999809086323,0.9921730725767713,0.9696499109268188
WEE1 INHIBITOR,1,CHAGOK1,2.0566539764404297,2.8168696037460705,2.8706977367401123
WEE1 INHIBITOR,1,CORL95,3.7227940559387207,1.7705717862884909,1.7806193828582764
WEE1 INHIBITOR,1,DMS53,3.063438892364502,1.465622423058863,1.4629099369049072
WEE1 INHIBITOR,1,EBC1,2.7624166011810303,1.9852661430196419,2.0042972564697266
WEE1 INHIBITOR,1,EPLC272H,0.9779084920883179,1.9145552470874114,1.9306275844573975
WEE1 INHIBITOR,1,GA10,1.0981955528259277,0.8666427703852086,0.8388670086860657
WEE1 INHIBITOR,1,GDM1,1.8098020553588867,1.2331793437930272,1.2207406759262085
WEE1 INHIBITOR,1,HARA,0.03441400080919266,1.820579023995827,1.832719087600708
WEE1 INHIBITOR,1,HCC33,1.0948690176010132,1.3289391694998676,1.3205074071884155
WEE1 INHIBITOR,1,HCC366,2.9270944595336914,2.2963986162135503,2.328448534011841
WEE1 INHIBITOR,1,KARPAS422,1.5428564548492432,1.524057263218346,1.523789882659912
WEE1 INHIBITOR,1,L1236,1.2124805450439453,1.1815645981859135,1.166966199874878
WEE1 INHIBITOR,1,LCLC103H,2.1425774097442627,2.5502171224336987,2.5928876399993896
WEE1 INHIBITOR,1,LOUCY,0.4910210072994232,1.157335613005923,1.141723394393921
WEE1 INHIBITOR,1,MOLM16,-0.18512849509716034,1.3258550519163668,1.3172942399978638
WEE1 INHIBITOR,1,MONOMAC6,0.5189570188522339,1.120299198525776,1.1031372547149658
WEE1 INHIBITOR,1,NCIH1092,2.962242603302002,2.265673006111247,2.2964372634887695
WEE1 INHIBITOR,1,NCIH1155,1.5337680578231812,2.336720301305016,2.370457410812378
WEE1 INHIBITOR,1,NCIH1568,2.0416605472564697,2.8015895254520933,2.854778289794922
WEE1 INHIBITOR,1,NCIH1792,1.4814895391464233,2.290550532452597,2.3223557472229004
WEE1 INHIBITOR,1,NCIH1793,2.4440195560455322,2.5527270728422344,2.5955026149749756
WEE1 INHIBITOR,1,NCIH196,2.1519250869750977,2.6099934404647023,2.655165195465088
WEE1 INHIBITOR,1,NCIH1963,1.5469989776611328,1.7588481576023778,1.7684051990509033
WEE1 INHIBITOR,1,NCIH2009,1.747881531715393,3.3705951457613397,3.4475929737091064
WEE1 INHIBITOR,1,NCIH2066,4.440131187438965,1.9238578308841094,1.9403194189071655
WEE1 INHIBITOR,1,NCIH2110,0.5821999907493591,1.9544750838093117,1.9722177982330322
WEE1 INHIBITOR,1,NCIH2172,2.778721570968628,2.411150811929108,2.448002338409424
WEE1 INHIBITOR,1,NCIH2196,2.053973913192749,2.155882585081856,2.1820528507232666
WEE1 INHIBITOR,1,NCIH524,1.8354140520095825,1.6322743883817012,1.6365351676940918
WEE1 INHIBITOR,1,NCIH838,1.1788899898529053,2.2703725266792354,2.301333427429199
WEE1 INHIBITOR,1,NUDUL1,0.5604115128517151,0.6445830433598995,0.6075155735015869
WEE1 INHIBITOR,1,OCIM1,1.111670970916748,1.307847507909029,1.2985332012176514
WEE1 INHIBITOR,1,PF382,1.2397805452346802,0.9434441520632793,0.9188820123672485
WEE1 INHIBITOR,1,RAJI,1.9087475538253784,1.4300431666044593,1.4258419275283813
WEE1 INHIBITOR,1,REH,1.1177245378494263,0.9253140053999084,0.8999932408332825
WEE1 INHIBITOR,1,ST486,0.5724530220031738,0.7858021375060564,0.7546437382698059
WEE1 INHIBITOR,1,SUDHL10,1.4342634677886963,1.008761789766738,0.9869327545166016
WEE1 INHIBITOR,1,SW1271,3.3358800411224365,2.4328790004219654,2.470639705657959
WEE1 INHIBITOR,2,A3KAW,0.08577600121498108,1.7315579344568601,1.749241590499878
WEE1 INHIBITOR,2,CORL311,2.054703950881958,1.7103575885915188,1.7254966497421265
WEE1 INHIBITOR,2,DMS273,2.360044479370117,1.479983129331933,1.4674712419509888
WEE1 INHIBITOR,2,GRANTA519,1.1851195096969604,1.5243411494046444,1.5171533823013306
WEE1 INHIBITOR,2,HCC15,2.5944719314575195,2.753657126556213,2.894019365310669
WEE1 INHIBITOR,2,HCC44,1.847077488899231,2.1512468087600958,2.219304084777832
WEE1 INHIBITOR,2,HCC78,1.9593034982681274,2.0589805432652053,2.1159634590148926
WEE1 INHIBITOR,2,HT,-0.09738250076770782,1.1657293276891214,1.1154987812042236
WEE1 INHIBITOR,2,JM1,0.5747799873352051,1.374727824347947,1.349582552909851
WEE1 INHIBITOR,2,JVM2,1.069798469543457,1.3656146994267309,1.339375615119934
WEE1 INHIBITOR,2,JVM3,-0.23901599645614624,1.3079130004937634,1.2747482061386108
WEE1 INHIBITOR,2,KCL22,2.0522665977478027,1.0317456792159039,0.9654335975646973
WEE1 INHIBITOR,2,KG1,0.9248279929161072,0.9389410153839747,0.8614899516105652
WEE1 INHIBITOR,2,L363,0.46528300642967224,1.4693057382528707,1.455512285232544
WEE1 INHIBITOR,2,LCLC97TM1,1.3445415496826172,2.4443062248631318,2.5475382804870605
WEE1 INHIBITOR,2,MOLP8,1.3520164489746094,1.4822083530212635,1.469963550567627
WEE1 INHIBITOR,2,MOLT16,-0.47112250328063965,1.0880323329989388,1.0284761190414429
WEE1 INHIBITOR,2,NAMALWA,1.3740694522857666,1.029830019935643,0.9632880091667175
WEE1 INHIBITOR,2,NCIH1048,1.6258169412612915,2.071669224919543,2.1301751136779785
WEE1 INHIBITOR,2,NCIH1623,3.6561279296875,2.4338013639223197,2.5357725620269775
WEE1 INHIBITOR,2,NCIH1650,4.169185161590576,2.785645555261123,2.929847240447998
WEE1 INHIBITOR,2,NCIH1836,2.9258840084075928,1.900383517499576,1.9383306503295898
WEE1 INHIBITOR,2,NCIH1915,1.888898491859436,2.258560767620727,2.339498519897461
WEE1 INHIBITOR,2,NCIH2023,2.074901580810547,2.7739213820045805,2.9167158603668213
WEE1 INHIBITOR,2,NCIH2029,1.738347053527832,1.9596872667971013,2.0047523975372314
WEE1 INHIBITOR,2,NCIH2030,1.2148375511169434,2.3329615958386816,2.4228293895721436
WEE1 INHIBITOR,2,NCIH2085,1.3342314958572388,2.1765075199826986,2.2475967407226562
WEE1 INHIBITOR,2,NCIH2170,1.1350090503692627,1.6169270373579963,1.620851993560791
WEE1 INHIBITOR,2,NCIH2291,4.190893173217773,2.7076476705642563,2.8424875736236572
WEE1 INHIBITOR,2,NCIH2342,4.193865776062012,3.211343927815996,3.4066405296325684
WEE1 INHIBITOR,2,NCIH647,1.259413480758667,2.9985947898605554,3.168355941772461
WEE1 INHIBITOR,2,NCIH661,2.630174398422241,2.0326627257297676,2.08648681640625
WEE1 INHIBITOR,2,NCIH82,0.8472210168838501,0.9083414489702626,0.8272176384925842
WEE1 INHIBITOR,2,NCIH841,2.152712106704712,2.1486500226323733,2.216395616531372
WEE1 INHIBITOR,2,PL21,0.8434039950370789,1.9409791884933116,1.983798861503601
WEE1 INHIBITOR,2,RERFLCMS,1.2831039428710938,2.4076821529494827,2.5065183639526367
WEE1 INHIBITOR,2,RL,0.5173885226249695,0.9990539853114315,0.9288180470466614
WEE1 INHIBITOR,2,SKMM2,4.027483940124512,1.0968495703295709,1.0383516550064087
WEE1 INHIBITOR,2,SUDHL1,-1.3333879709243774,1.396990491810993,1.3745173215866089
WEE1 INHIBITOR,2,SW1573,3.559995412826538,2.5252987474192317,2.638252019882202
WEE1 INHIBITOR,2,THP1,2.1795339584350586,1.0924129594209728,1.033382534980774
WEE1 INHIBITOR,3,697,-0.2528055012226105,1.1377033935425431,1.0559468269348145
WEE1 INHIBITOR,3,A549,2.2117795944213867,2.174208038139184,2.1793763637542725
WEE1 INHIBITOR,3,CALU3,4.623143196105957,2.4200951871987537,2.4458844661712646
WEE1 INHIBITOR,3,CALU6,1.8775850534439087,1.8006594856500324,1.7745007276535034
WEE1 INHIBITOR,3,CMK,1.4855120182037354,1.2067986071865384,1.1308366060256958
WEE1 INHIBITOR,3,CORL23,0.6102805137634277,2.8054824711238586,2.8635916709899902
WEE1 INHIBITOR,3,CORL279,2.23602557182312,1.8861787270776327,1.8671919107437134
WEE1 INHIBITOR,3,DMS114,3.215421438217163,2.0768404965353513,2.073843240737915
WEE1 INHIBITOR,3,EJM,1.4880739450454712,1.663217399843199,1.6255322694778442
WEE1 INHIBITOR,3,JEKO1,0.24408450722694397,1.0720577657620107,0.9847959280014038
WEE1 INHIBITOR,3,JURKAT,1.1744149923324585,1.2132630061511158,1.137843132019043
WEE1 INHIBITOR,3,JURLMK1,0.8576520085334778,1.8352239752494195,1.8119639158248901
WEE1 INHIBITOR,3,K562,1.7560089826583862,1.5974968719232385,1.5543001890182495
WEE1 INHIBITOR,3,KMH2,0.9814975261688232,0.9597926854129288,0.8631159067153931
WEE1 INHIBITOR,3,KNS62,2.4045450687408447,1.3561207789850152,1.2926814556121826
WEE1 INHIBITOR,3,KU812,1.5781630277633667,1.1981362575812444,1.1214478015899658
WEE1 INHIBITOR,3,LAMA84,0.8234750032424927,1.7994007013684572,1.7731363773345947
WEE1 INHIBITOR,3,LOUNH91,2.5348525047302246,2.3421433895203463,2.3613953590393066
WEE1 INHIBITOR,3,MEG01,1.2650619745254517,1.2113842334907514,1.1358067989349365
WEE1 INHIBITOR,3,MOLT13,1.8173315525054932,0.8965573353203456,0.794577419757843
WEE1 INHIBITOR,3,NCIH1435,4.352844715118408,3.1717085176178648,3.260530710220337
WEE1 INHIBITOR,3,NCIH1436,2.298051118850708,1.8713162737134077,1.8510830402374268
WEE1 INHIBITOR,3,NCIH146,1.0221184492111206,1.4726330601918787,1.4189648628234863
WEE1 INHIBITOR,3,NCIH2087,2.301772117614746,2.315327379836816,2.3323304653167725
WEE1 INHIBITOR,3,NCIH209,-0.255900502204895,1.9402756552396445,1.925825595855713
WEE1 INHIBITOR,3,NCIH358,2.6681015491485596,2.0084893349372153,1.9997599124908447
WEE1 INHIBITOR,3,NCIH522,2.683678388595581,2.018052355969492,2.010124921798706
WEE1 INHIBITOR,3,NCIH526,2.0977060794830322,1.5494775236503737,1.502253770828247
WEE1 INHIBITOR,3,NCIH596,4.083512783050537,2.722213753415751,2.7733397483825684
WEE1 INHIBITOR,3,NCIH69,2.588520050048828,2.153395258132975,2.156818151473999
WEE1 INHIBITOR,3,OCIAML2,1.3477989435195923,1.1260871628144646,1.0433564186096191
WEE1 INHIBITOR,3,P12ICHIKAWA,0.3147754967212677,0.8536009505104566,0.7480185627937317
WEE1 INHIBITOR,3,RERFLCKJ,2.9779140949249268,1.914453914661002,1.8978383541107178
WEE1 INHIBITOR,3,RPMI8402,1.3511550426483154,1.0105759148219968,0.9181579947471619
WEE1 INHIBITOR,3,RS411,0.7478734850883484,2.162075315407062,2.1662261486053467
WEE1 INHIBITOR,3,SBC5,2.1330554485321045,1.9810855626323884,1.9700579643249512
WEE1 INHIBITOR,3,SIGM5,0.3016499876976013,0.7493811460041718,0.6350585222244263
WEE1 INHIBITOR,3,SKM1,0.24934600293636322,1.5276676149157453,1.4786148071289062
WEE1 INHIBITOR,3,SUDHL8,1.236914038658142,0.9777392427561535,0.8825675249099731
WEE1 INHIBITOR,3,SUPT1,1.0797239542007446,1.1725012724163297,1.093662977218628
WEE1 INHIBITOR,3,WSUDLCL2,1.248602032661438,1.0020046332276373,0.9088678956031799
WEE1 INHIBITOR,4,ALLSIL,1.1485199928283691,0.9678785557625187,0.9106288552284241
WEE1 INHIBITOR,4,BEN,1.5060595273971558,2.5375022452046383,2.579066276550293
WEE1 INHIBITOR,4,BL41,0.7443280220031738,0.7696581938145621,0.6999297738075256
WEE1 INHIBITOR,4,CA46,2.4640090465545654,0.6991080101667246,0.6249381899833679
WEE1 INHIBITOR,4,DMS79,2.9542765617370605,2.125855675900665,2.141505002975464
WEE1 INHIBITOR,4,DND41,0.9080315232276917,1.1216003489501831,1.0740280151367188
WEE1 INHIBITOR,4,DOHH2,0.37428051233291626,0.6779061140989945,0.6024015545845032
WEE1 INHIBITOR,4,EM2,0.7978004813194275,1.4434691109750022,1.4161596298217773
WEE1 INHIBITOR,4,HEL,0.027957500889897346,1.5019087638730955,1.4782782793045044
WEE1 INHIBITOR,4,HH,2.071911573410034,1.1839184535449632,1.1402692794799805
WEE1 INHIBITOR,4,HL60,1.2166780233383179,0.8148213580337378,0.7479361295700073
WEE1 INHIBITOR,4,KMS11,1.1711164712905884,1.455449997386159,1.4288947582244873
WEE1 INHIBITOR,4,KMS12BM,0.690742015838623,1.401620344645484,1.3716763257980347
WEE1 INHIBITOR,4,LP1,2.098057985305786,1.157673998311223,1.112372636795044
WEE1 INHIBITOR,4,LU65,2.778508424758911,1.7581384626921903,1.7506386041641235
WEE1 INHIBITOR,4,LXF289,2.2168705463409424,2.5337970638393683,2.5751278400421143
WEE1 INHIBITOR,4,MOLM13,0.6574414968490601,1.0180470456525392,0.9639556407928467
WEE1 INHIBITOR,4,NALM6,1.018476963043213,1.180402804127974,1.1365323066711426
WEE1 INHIBITOR,4,NB4,0.48267701268196106,0.8430301044356087,0.7779207229614258
WEE1 INHIBITOR,4,NCIH1105,1.6928465366363525,1.983795985359075,1.990502119064331
WEE1 INHIBITOR,4,NCIH1648,2.4318795204162598,1.2419271175216104,1.2019298076629639
WEE1 INHIBITOR,4,NCIH1651,1.67124605178833,2.5564422064410794,2.599198579788208
WEE1 INHIBITOR,4,NCIH1975,3.1105918884277344,2.388029500354545,2.4201836585998535
WEE1 INHIBITOR,4,NCIH2081,2.37005352973938,2.1207685935491707,2.1360976696014404
WEE1 INHIBITOR,4,NCIH2122,1.4161754846572876,1.7192239649394907,1.7092742919921875
WEE1 INHIBITOR,4,NCIH2171,0.37706899642944336,2.421213516473332,2.4554567337036133
WEE1 INHIBITOR,4,NCIH2227,3.790057420730591,2.072333199495103,2.084613084793091
WEE1 INHIBITOR,4,NCIH2347,4.161177635192871,2.4747750207593677,2.51239013671875
WEE1 INHIBITOR,4,NCIH2405,4.16606330871582,2.9870619331097137,3.056927442550659
WEE1 INHIBITOR,4,NCIH2444,4.174563407897949,2.597572657901521,2.642918348312378
WEE1 INHIBITOR,4,NCIH441,5.281459331512451,2.2559609472144078,2.2798008918762207
WEE1 INHIBITOR,4,NCIH446,1.598019003868103,2.0168434038962015,2.025629997253418
WEE1 INHIBITOR,4,NCIH650,2.5419020652770996,2.476552135109936,2.5142791271209717
WEE1 INHIBITOR,4,NCIH810,1.4467724561691284,1.7930195187171236,1.7877155542373657
WEE1 INHIBITOR,4,OCIAML3,0.8664464950561523,1.9374892930270906,1.9412802457809448
WEE1 INHIBITOR,4,P31FUJ,1.9474644660949707,1.1130905887705316,1.064982533454895
WEE1 INHIBITOR,4,RPMI8226,1.3246049880981445,1.183573034372948,1.139902114868164
WEE1 INHIBITOR,4,SKLU1,1.6503289937973022,2.1693109778272976,2.1876959800720215
WEE1 INHIBITOR,4,SUDHL4,1.1676770448684692,0.7039433178295256,0.6300778985023499
WEE1 INHIBITOR,4,SUDHL5,0.6469925045967102,1.12370650870682,1.0762667655944824
WEE1 INHIBITOR,5,ABC1,2.568959951400757,1.7807330182654506,1.7775869369506836
WEE1 INHIBITOR,5,CAL12T,1.0844604969024658,2.19604451724857,2.2785134315490723
WEE1 INHIBITOR,5,CMLT1,0.4725154936313629,0.8879980572971272,0.7008178234100342
WEE1 INHIBITOR,5,COLO668,1.9424325227737427,1.9018223973955877,1.9236384630203247
WEE1 INHIBITOR,5,CORL105,3.121894598007202,2.390525187550594,2.5130856037139893
WEE1 INHIBITOR,5,CORL88,1.6359829902648926,1.8606900065329992,1.8740267753601074
WEE1 INHIBITOR,5,DAUDI,1.9577544927597046,1.0549460598057858,0.9021815657615662
WEE1 INHIBITOR,5,DB,0.23260200023651123,1.0054610379839852,0.8424953818321228
WEE1 INHIBITOR,5,EHEB,2.828141927719116,1.2380555349564717,1.123038411140442
WEE1 INHIBITOR,5,HCC827,2.7343084812164307,1.8501383004375034,1.8612998723983765
WEE1 INHIBITOR,5,HDLM2,1.3326084613800049,1.1571618889331226,1.0254688262939453
WEE1 INHIBITOR,5,IALM,3.7860186100006104,2.4227532513905663,2.551957368850708
WEE1 INHIBITOR,5,KOPN8,0.8726239800453186,1.4936438086410344,1.431315302848816
WEE1 INHIBITOR,5,L428,0.6174250245094299,1.057488833089774,0.9052485227584839
WEE1 INHIBITOR,5,L540,0.11774399876594543,0.7454514372574415,0.5288857221603394
WEE1 INHIBITOR,5,ME1,2.2352519035339355,1.5141064745799575,1.4559962749481201
WEE1 INHIBITOR,5,MHHCALL2,1.2728899717330933,1.0910222580471607,0.9456947445869446
WEE1 INHIBITOR,5,MM1S,2.132411479949951,0.982994149791079,0.8153970241546631
WEE1 INHIBITOR,5,NCIH1341,2.080521583557129,2.1623068500993123,2.237820863723755
WEE1 INHIBITOR,5,NCIH1437,2.3642570972442627,1.7684726554977719,1.7627991437911987
WEE1 INHIBITOR,5,NCIH1781,3.923151969909668,2.130423126833489,2.199364423751831
WEE1 INHIBITOR,5,NCIH1876,1.4308104515075684,2.1222688573933115,2.1895291805267334
WEE1 INHIBITOR,5,NCIH1944,4.082351207733154,2.388180232194034,2.5102572441101074
WEE1 INHIBITOR,5,NCIH211,1.3246945142745972,1.9754582059556622,2.012454032897949
WEE1 INHIBITOR,5,NCIH2228,3.207308053970337,2.4894726968512257,2.6324307918548584
WEE1 INHIBITOR,5,NCIH23,0.8268705010414124,1.9419326383678637,1.9720172882080078
WEE1 INHIBITOR,5,NCIH292,-0.24807199835777283,2.192400081447432,2.2741177082061768
WEE1 INHIBITOR,5,NCIH460,1.6565885543823242,1.9521109464469606,1.984293818473816
WEE1 INHIBITOR,5,NCIH727,2.142953395843506,1.9539573788827382,1.9865208864212036
WEE1 INHIBITOR,5,NCIH929,1.2508959770202637,1.1387807835085937,1.0032985210418701
WEE1 INHIBITOR,5,NOMO1,1.0302139520645142,1.3314087947800726,1.2356361150741577
WEE1 INHIBITOR,5,OCIAML5,1.800847053527832,1.2302959130227742,1.1136791706085205
WEE1 INHIBITOR,5,OCILY19,0.29612499475479126,1.0459356335850214,0.8913136720657349
WEE1 INHIBITOR,5,OPM2,1.0149954557418823,1.8193153714834882,1.8241229057312012
WEE1 INHIBITOR,5,RCHACV,0.5486354827880859,1.3422333838621427,1.2486921548843384
WEE1 INHIBITOR,5,SHP77,1.7772375345230103,1.6882075002066308,1.6659876108169556
WEE1 INHIBITOR,5,SKMES1,2.077230930328369,2.2248736510239673,2.3132855892181396
WEE1 INHIBITOR,5,SUDHL6,0.6977794766426086,0.9376326656456138,0.7606844305992126
WEE1 INHIBITOR,5,SUPB15,0.8882840275764465,1.193117706342318,1.0688368082046509
WEE1 INHIBITOR,5,SUPM2,1.0760984420776367,1.2322089601390847,1.1159865856170654
YK-4-279,1,A4FUK,0.03250100091099739,1.1171724489085215,0.8481913805007935
YK-4-279,1,A549,1.1849429607391357,2.1765327388163076,2.2845048904418945
YK-4-279,1,ABC1,1.181043028831482,2.356164670030638,2.528055429458618
YK-4-279,1,AMO1,-0.17393849790096283,1.6825099784197857,1.614693522453308
YK-4-279,1,CALU6,1.3016995191574097,1.7003596624135922,1.6388946771621704
YK-4-279,1,DMS53,3.4439144134521484,2.3206750873091115,2.4799375534057617
YK-4-279,1,EJM,2.4349520206451416,1.4611692897096866,1.314592957496643
YK-4-279,1,GA10,1.1095165014266968,1.4410236616030099,1.2872788906097412
YK-4-279,1,GDM1,0.5989825129508972,1.4870190372307004,1.3496408462524414
YK-4-279,1,HH,2.9308950901031494,1.4465665294758538,1.2947940826416016
YK-4-279,1,HT,1.7437385320663452,1.8351423876266781,1.8216372728347778
YK-4-279,1,IALM,4.805027961730957,2.7870426807991153,3.112253189086914
YK-4-279,1,JEKO1,0.153439000248909,1.1049828786602858,0.8316643834114075
YK-4-279,1,KOPN8,0.06883200258016586,2.0929186270708025,2.171138286590576
YK-4-279,1,L1236,2.984797477722168,1.4458606803073124,1.293837070465088
YK-4-279,1,L363,0.8531680107116699,1.2592005030620235,1.040757417678833
YK-4-279,1,MOLM13,0.3181770145893097,0.8308771730333138,0.4600233733654022
YK-4-279,1,MOLT13,0.2713885009288788,1.0920099987156704,0.8140753507614136
YK-4-279,1,NALM6,0.822704017162323,1.1720247896574159,0.9225618839263916
YK-4-279,1,NCIH1048,1.2683049440383911,2.0447107466502397,2.10577654838562
YK-4-279,1,NCIH1651,1.5890740156173706,2.7690475714783567,3.0878548622131348
YK-4-279,1,NCIH1792,0.8422160148620605,2.3595087491632123,2.5325894355773926
YK-4-279,1,NCIH1793,3.640223979949951,2.01749299872896,2.068873882293701
YK-4-279,1,NCIH1944,1.907981038093567,1.9720640257350195,2.007279872894287
YK-4-279,1,NCIH196,4.324692726135254,2.1510523575580045,2.249957799911499
YK-4-279,1,NCIH2087,3.2226760387420654,2.0663694487904776,2.1351420879364014
YK-4-279,1,NCIH209,2.003135919570923,2.128202293156464,2.2189769744873047
YK-4-279,1,NCIH2110,1.7147694826126099,2.6623210318635824,2.9431517124176025
YK-4-279,1,NCIH2122,-0.015416000038385391,1.9208405480570285,1.9378294944763184
YK-4-279,1,NCIH2172,3.575779438018799,1.7956689950114528,1.7681180238723755
YK-4-279,1,NCIH441,4.394471168518066,2.6403818540323067,2.9134058952331543
YK-4-279,1,NCIH460,0.44780001044273376,1.777474651234303,1.7434495687484741
YK-4-279,1,NCIH522,2.1960294246673584,1.5354454952587608,1.4152989387512207
YK-4-279,1,NCIH650,2.5291495323181152,2.6628425935561317,2.9438588619232178
YK-4-279,1,NCIH82,2.50064754486084,1.2351143233813944,1.0081006288528442
YK-4-279,1,NCIH841,1.2006474733352661,1.760969492089193,1.7210713624954224
YK-4-279,1,OCIAML2,0.7089154720306396,1.2869008626033986,1.0783144235610962
YK-4-279,1,OCIM1,0.777227520942688,0.982765596290791,0.6659584045410156
YK-4-279,1,ST486,0.5592564940452576,1.1119234210856608,0.8410745859146118
YK-4-279,1,SUDHL4,1.7642234563827515,1.4521614480098557,1.302379846572876
YK-4-279,1,SW1573,4.031012058258057,2.121111093960997,2.209362506866455
YK-4-279,2,A3KAW,0.5873000025749207,1.5591447207174571,1.6144063472747803
YK-4-279,2,DMS79,4.375802516937256,2.4591598686642167,2.5699386596679688
YK-4-279,2,DND41,1.5987404584884644,1.100843128199035,1.1278345584869385
YK-4-279,2,EM2,1.5391680002212524,0.7226800884164749,0.726344645023346
YK-4-279,2,HCC15,1.300704002380371,2.5658811735829543,2.6832430362701416
YK-4-279,2,HCC78,1.4377739429473877,2.022571813913369,2.106419801712036
YK-4-279,2,HDLM2,0.8300769925117493,1.2588270751460406,1.2955636978149414
YK-4-279,2,JVM2,0.4751434922218323,1.477272684757589,1.5274840593338013
YK-4-279,2,K562,0.14626550674438477,0.758274348395382,0.7641345262527466
YK-4-279,2,KCL22,0.5650960206985474,0.7037024415862407,0.7061963677406311
YK-4-279,2,KMH2,0.4210974872112274,0.9325054408258995,0.9491130113601685
YK-4-279,2,KNS62,2.3644895553588867,1.4911796250816145,1.5422488451004028
YK-4-279,2,KU812,1.0960350036621094,1.0391853132667632,1.062373399734497
YK-4-279,2,LU65,3.7757298946380615,1.157689161541026,1.1881871223449707
YK-4-279,2,LXF289,2.6322109699249268,2.402005954958186,2.5092592239379883
YK-4-279,2,MM1S,1.7122149467468262,1.136307083596444,1.1654860973358154
YK-4-279,2,MOLM16,-0.4750789999961853,1.6017343886103714,1.659623146057129
YK-4-279,2,NCIH1105,2.2451424598693848,2.7048540133246406,2.8307883739471436
YK-4-279,2,NCIH1435,5.071025371551514,3.4173230852197074,3.5872058868408203
YK-4-279,2,NCIH1568,3.6886589527130127,2.6523605235390417,2.775056838989258
YK-4-279,2,NCIH1623,3.322866916656494,2.2240324655424617,2.320307493209839
YK-4-279,2,NCIH1648,0.9411259889602661,2.302600121037954,2.403721570968628
YK-4-279,2,NCIH1876,0.8495364785194397,2.150107268665342,2.2418222427368164
YK-4-279,2,NCIH2023,2.4475555419921875,3.156995528333239,3.3108201026916504
YK-4-279,2,NCIH2029,2.87530255317688,3.1792055821364746,3.334400177001953
YK-4-279,2,NCIH2066,2.909977912902832,1.861587549239339,1.9355052709579468
YK-4-279,2,NCIH2081,2.471724033355713,2.146505674735024,2.2379984855651855
YK-4-279,2,NCIH211,1.5892194509506226,1.8014910313391495,1.871701717376709
YK-4-279,2,NCIH2196,3.228631019592285,3.49814426329225,3.6730124950408936
YK-4-279,2,NCIH2291,4.629885673522949,2.539320597319808,2.6550440788269043
YK-4-279,2,NCIH647,1.6089080572128296,1.5963515349808841,1.6539082527160645
YK-4-279,2,NCIH661,2.5075254440307617,1.6095908397671346,1.667964220046997
YK-4-279,2,NCIH69,0.7959359884262085,1.812139178152774,1.8830066919326782
YK-4-279,2,P12ICHIKAWA,1.2008874416351318,0.4579954966480996,0.4453330636024475
YK-4-279,2,P31FUJ,0.6449844837188721,0.9816726549352378,1.0013130903244019
YK-4-279,2,PL21,1.014799952507019,2.097280522526545,2.185736894607544
YK-4-279,2,RPMI8226,0.48910149931907654,1.4341630336531987,1.481715202331543
YK-4-279,2,SKLU1,3.2038509845733643,1.753016491907331,1.8202370405197144
YK-4-279,2,SKM1,0.8972730040550232,2.433267377071397,2.5424489974975586
YK-4-279,2,SUDHL1,-0.052705999463796616,1.1369585503623656,1.166177749633789
YK-4-279,2,WSUDLCL2,1.645277976989746,1.1520974612751005,1.1822504997253418
YK-4-279,3,697,-0.24331100285053253,1.1516432202827342,1.1079089641571045
YK-4-279,3,BV173,-0.09711000323295593,1.2495450647745119,1.2119126319885254
YK-4-279,3,CA46,1.5230079889297485,1.3751229208618962,1.3453172445297241
YK-4-279,3,CAL12T,1.353561520576477,2.450353134690968,2.4875621795654297
YK-4-279,3,COLO668,3.7306203842163086,2.0657533817056004,2.0789918899536133
YK-4-279,3,CORL105,3.4721195697784424,2.0919410809431995,2.106811761856079
YK-4-279,3,CORL95,3.997009038925171,2.4939844876590644,2.5339128971099854
YK-4-279,3,EPLC272H,1.4448360204696655,1.8328727268849805,1.8315967321395874
YK-4-279,3,GRANTA519,0.7330260276794434,1.2397630271606799,1.2015209197998047
YK-4-279,3,HCC827,3.5056281089782715,2.048885168356002,2.06107234954834
YK-4-279,3,JM1,1.3361295461654663,2.227277746064298,2.2505834102630615
YK-4-279,3,JVM3,-0.6037120223045349,1.1238417519114168,1.0783747434616089
YK-4-279,3,KARPAS422,3.3407914638519287,1.7683807623863907,1.7630852460861206
YK-4-279,3,L428,1.5406304597854614,1.386441074578327,1.3573408126831055
YK-4-279,3,LCLC103H,2.0824735164642334,2.4746935446246745,2.5134196281433105
YK-4-279,3,LOUCY,0.9349150061607361,1.2452889604908266,1.2073912620544434
YK-4-279,3,LP1,2.6814041137695312,0.7526623952508584,0.6840612888336182
YK-4-279,3,ME1,3.627309560775757,1.2224195817492427,1.1830965280532837
YK-4-279,3,MONOMAC6,0.9523894786834717,1.011375194931761,0.9588986039161682
YK-4-279,3,NB4,-1.0524344444274902,0.8282761926885032,0.7643877863883972
YK-4-279,3,NCIH1155,0.7782620191574097,2.061369800769673,2.0743350982666016
YK-4-279,3,NCIH1341,2.1211965084075928,2.732074516271119,2.786842107772827
YK-4-279,3,NCIH1437,0.8539379835128784,1.636382616526628,1.6228601932525635
YK-4-279,3,NCIH146,3.136730909347534,1.4618613566226684,1.4374617338180542
YK-4-279,3,NCIH1963,1.9490079879760742,2.2317313493866693,2.255314588546753
YK-4-279,3,NCIH2009,1.9457155466079712,3.0909547325128637,3.1680898666381836
YK-4-279,3,NCIH2228,2.798309564590454,2.8766222672396657,2.940398931503296
YK-4-279,3,NCIH727,4.699859142303467,2.374472208581964,2.406951904296875
YK-4-279,3,NCIH838,1.182966947555542,1.712489432161129,1.7037104368209839
YK-4-279,3,OCILY19,0.49707451462745667,1.8807918288690975,1.8825024366378784
YK-4-279,3,OPM2,2.0920751094818115,1.251079834292756,1.2135430574417114
YK-4-279,3,RPMI8402,0.32378700375556946,0.8295249252467412,0.7657143473625183
YK-4-279,3,RS411,0.9388064742088318,2.3666745874454755,2.3986682891845703
YK-4-279,3,SBC5,-0.027025500312447548,2.358526854376771,2.390012741088867
YK-4-279,3,SHP77,0.23285549879074097,2.1472212863021634,2.1655373573303223
YK-4-279,3,SIGM5,0.6149700284004211,1.040841995396045,0.9902019500732422
YK-4-279,3,SKMM2,6.137569904327393,0.6147653121947031,0.5375696420669556
YK-4-279,3,SUDHL10,1.8003004789352417,1.3726207427001789,1.3426591157913208
YK-4-279,3,SUDHL6,0.7060465216636658,0.5057016299870001,0.42170846462249756
YK-4-279,3,SUPB15,1.208279013633728,0.8206371879674597,0.7562726736068726
YK-4-279,3,THP1,2.243217945098877,0.9427335063135057,0.8859787583351135
YK-4-279,4,ALLSIL,-0.5746614933013916,1.436461643839976,1.4081361293792725
YK-4-279,4,BEN,3.062525987625122,2.0515985796394025,2.1334798336029053
YK-4-279,4,CALU3,3.630496025085449,2.7372002926421644,2.9419126510620117
YK-4-279,4,CMLT1,0.654679000377655,1.1947745206655465,1.123148798942566
YK-4-279,4,CORL279,1.752252459526062,2.1253520406663493,2.220446825027466
YK-4-279,4,CORL311,2.5605781078338623,1.5871510979186865,1.5858228206634521
YK-4-279,4,DAUDI,2.0665833950042725,1.1041083484729204,1.016239047050476
YK-4-279,4,DMS114,1.2273099422454834,1.3196111590840884,1.2703509330749512
YK-4-279,4,DOHH2,-0.43974900245666504,1.22213802806799,1.1554147005081177
YK-4-279,4,HCC33,1.081987977027893,1.4384722600060988,1.4105069637298584
YK-4-279,4,HCC366,1.4198780059814453,2.1265459956604116,2.2218546867370605
YK-4-279,4,HCC44,0.749563992023468,2.2103541550691927,2.3206777572631836
YK-4-279,4,JURKAT,-0.11863400042057037,1.322980417177832,1.27432382106781
YK-4-279,4,JURLMK1,1.7112040519714355,1.1531119615776515,1.0740220546722412
YK-4-279,4,KG1,0.419576495885849,1.1248997452696061,1.0407553911209106
YK-4-279,4,L540,0.562409520149231,1.4403856209051353,1.4127631187438965
YK-4-279,4,LAMA84,2.608886480331421,1.6719144213227173,1.685772180557251
YK-4-279,4,MOLT16,-0.49146249890327454,0.8366344259474774,0.7008450031280518
YK-4-279,4,NAMALWA,0.7020779848098755,0.8621873880502886,0.7309759855270386
YK-4-279,4,NCIH1436,1.5851860046386719,1.8143206988960505,1.8536916971206665
YK-4-279,4,NCIH1650,3.255436420440674,2.1824600908666776,2.2877862453460693
YK-4-279,4,NCIH1781,2.5817813873291016,2.0511011826393357,2.1328933238983154
YK-4-279,4,NCIH1836,4.022228717803955,2.491816761639801,2.65256667137146
YK-4-279,4,NCIH1975,1.9814164638519287,2.1073464714578414,2.1992154121398926
YK-4-279,4,NCIH2170,1.1895054578781128,1.4574425974202239,1.4328759908676147
YK-4-279,4,NCIH2171,1.054993987083435,2.106876370634607,2.1986610889434814
YK-4-279,4,NCIH23,0.5694779753684998,2.411275651307067,2.55759596824646
YK-4-279,4,NCIH2347,4.284379959106445,2.7093056218579425,2.90902042388916
YK-4-279,4,NCIH2405,4.448846340179443,2.3431696681699004,2.477288246154785
YK-4-279,4,NCIH358,1.907172441482544,1.372762982291814,1.333025336265564
YK-4-279,4,NCIH526,3.512864589691162,1.7510927447528297,1.7791359424591064
YK-4-279,4,NCIH810,1.3519580364227295,1.6070809464969644,1.609323263168335
YK-4-279,4,NOMO1,1.268194556236267,1.3385724988695538,1.2927093505859375
YK-4-279,4,NUDUL1,1.8186074495315552,0.8971441863628954,0.77219557762146
YK-4-279,4,RAJI,0.8749589920043945,1.9383274324419206,1.9999152421951294
YK-4-279,4,REH,1.0200550556182861,0.523586402193982,0.33171188831329346
YK-4-279,4,RERFLCMS,1.090837001800537,1.8971070714187193,1.9513099193572998
YK-4-279,4,SKMES1,3.0919029712677,2.87530560261919,3.1047606468200684
YK-4-279,4,SUDHL5,0.217677503824234,1.2418524390431904,1.1786611080169678
YK-4-279,4,SW1271,3.57128643989563,2.488065255973445,2.6481430530548096
YK-4-279,5,BL41,-0.030720999464392662,1.0078771523917098,1.0463124513626099
YK-4-279,5,CHAGOK1,1.1163984537124634,2.226660003052112,2.258890151977539
YK-4-279,5,CMK,0.7044969797134399,0.7418342842562345,0.7816240787506104
YK-4-279,5,CORL23,2.4352529048919678,2.0246661939385078,2.057924747467041
YK-4-279,5,CORL88,4.7991623878479,2.709964897022977,2.739734411239624
YK-4-279,5,DB,0.178957000374794,0.821004361963032,0.8603910803794861
YK-4-279,5,DMS273,1.147094964981079,1.3120501233105324,1.3489367961883545
YK-4-279,5,EBC1,1.6751699447631836,2.180276505743037,2.212742805480957
YK-4-279,5,EHEB,5.475887775421143,1.4684758056000589,1.5045660734176636
YK-4-279,5,HARA,0.7483054995536804,2.5294319266408727,2.5601205825805664
YK-4-279,5,HEL,1.6341300010681152,0.9153242749016544,0.954230785369873
YK-4-279,5,HL60,1.12751305103302,1.0114609483073995,1.0498780012130737
YK-4-279,5,KMS11,0.25418350100517273,1.2785676922013305,1.3156248331069946
YK-4-279,5,KMS12BM,-0.154122993350029,0.9074497490715264,0.9463963508605957
YK-4-279,5,LCLC97TM1,1.6962554454803467,2.811068920053488,2.8403236865997314
YK-4-279,5,LOUNH91,1.5257575511932373,2.62791214616213,2.658099412918091
YK-4-279,5,MEG01,0.6450319886207581,1.1569146554783831,1.1945911645889282
YK-4-279,5,MHHCALL2,1.739514946937561,0.5503796029610915,0.5911441445350647
YK-4-279,5,MOLP8,1.385233998298645,1.4724020451375153,1.5084723234176636
YK-4-279,5,NCIH1092,3.4174416065216064,2.2839937881824808,2.315932035446167
YK-4-279,5,NCIH1915,2.023582935333252,2.3805705579572773,2.4120171070098877
YK-4-279,5,NCIH2030,2.470553398132324,2.8322965903847233,2.861443281173706
YK-4-279,5,NCIH2085,3.7720730304718018,2.131265610345053,2.1639814376831055
YK-4-279,5,NCIH2227,1.9959394931793213,1.608141640430441,1.6435208320617676
YK-4-279,5,NCIH2342,4.675107955932617,3.118727075586141,3.1464154720306396
YK-4-279,5,NCIH2444,4.425510406494141,2.433367504286186,2.464545249938965
YK-4-279,5,NCIH292,0.6387529969215393,2.7204795217901263,2.7501955032348633
YK-4-279,5,NCIH446,0.41376250982284546,1.5820975928199357,1.6176093816757202
YK-4-279,5,NCIH524,0.25652751326560974,1.3301735146520086,1.3669679164886475
YK-4-279,5,NCIH596,2.9057090282440186,2.371447275155123,2.402940273284912
YK-4-279,5,NCIH929,2.304725408554077,1.5584119489208483,1.5940443277359009
YK-4-279,5,OCIAML3,0.794030487537384,1.4672921105197814,1.5033884048461914
YK-4-279,5,OCIAML5,1.478281021118164,0.8392808823977964,0.878574550151825
YK-4-279,5,PF382,3.167598009109497,0.6033705367720295,0.6438652873039246
YK-4-279,5,RCHACV,0.5237064957618713,0.6124499657023972,0.6528984904289246
YK-4-279,5,RERFLCKJ,1.9868509769439697,3.1713404587140186,3.198760986328125
YK-4-279,5,RL,1.8451730012893677,0.6172468124322106,0.6576709151268005
YK-4-279,5,SUDHL8,3.237635612487793,0.6522085328886242,0.6924546360969543
YK-4-279,5,SUPM2,-0.17967550456523895,0.9149981267076553,0.9539062976837158
YK-4-279,5,SUPT1,1.507394552230835,0.71969047539035,0.7595930099487305
ZM447439,1,A4FUK,0.9225735068321228,1.7160183211866626,1.7404289245605469
ZM447439,1,ALLSIL,-0.3422915041446686,1.4696421474547519,1.4958627223968506
ZM447439,1,BV173,-0.44046398997306824,1.1755186634725234,1.2038999795913696
ZM447439,1,CMLT1,1.608057975769043,1.3468491617121205,1.3739718198776245
ZM447439,1,CORL105,2.942544937133789,3.150374224658114,3.164247512817383
ZM447439,1,CORL23,3.017008066177368,2.107977129619286,2.1295082569122314
ZM447439,1,CORL279,1.1209365129470825,1.9510803118998101,1.9737640619277954
ZM447439,1,DMS53,4.398975849151611,1.905250623150173,1.9282710552215576
ZM447439,1,DND41,1.648687481880188,0.6078400114940733,0.6403917074203491
ZM447439,1,EJM,3.1089866161346436,1.2255624839907215,1.2535761594772339
ZM447439,1,GRANTA519,2.0150234699249268,1.3770987762263627,1.4039992094039917
ZM447439,1,HCC33,0.5440070033073425,0.9715070575746287,1.001387119293213
ZM447439,1,HDLM2,1.6142350435256958,1.7922878494290662,1.8161381483078003
ZM447439,1,IALM,3.7774510383605957,2.960586139108359,2.975853681564331
ZM447439,1,KARPAS422,1.7990260124206543,2.063389307348766,2.0852479934692383
ZM447439,1,L428,2.8347325325012207,2.27368734440248,2.2940011024475098
ZM447439,1,LAMA84,1.3952720165252686,2.192394988049733,2.213305950164795
ZM447439,1,NALM6,-0.6467859745025635,1.147980235268362,1.1765638589859009
ZM447439,1,NCIH1437,1.6062915325164795,2.3400035668083414,2.359830141067505
ZM447439,1,NCIH1648,2.182964563369751,2.7765694121557805,2.7931888103485107
ZM447439,1,NCIH1836,4.6083478927612305,2.2966598927559483,2.316804885864258
ZM447439,1,NCIH1876,0.906141996383667,1.8485510900311035,1.87198805809021
ZM447439,1,NCIH1944,2.9750540256500244,2.5815345277981145,2.5995867252349854
ZM447439,1,NCIH196,4.122234344482422,2.569872199443024,2.58801007270813
ZM447439,1,NCIH1963,-0.23224599659442902,1.3722664132775972,1.3992023468017578
ZM447439,1,NCIH2029,3.75715708732605,2.4759913688801483,2.494818925857544
ZM447439,1,NCIH2066,4.4220499992370605,1.7074632409971913,1.7319366931915283
ZM447439,1,NCIH2085,1.4545589685440063,2.242417672459206,2.2629611492156982
ZM447439,1,NCIH211,1.2500649690628052,1.4864950717831902,1.51259183883667
ZM447439,1,NCIH2228,2.7486400604248047,2.6412147326135074,2.6588284969329834
ZM447439,1,NCIH2444,3.9629435539245605,2.879399703482291,2.895263671875
ZM447439,1,NCIH292,0.6349210143089294,2.7655930466020355,2.7822930812835693
ZM447439,1,NCIH661,2.5923099517822266,1.9969474692058231,2.019294261932373
ZM447439,1,NCIH810,1.2962839603424072,1.9306499810781497,1.9534838199615479
ZM447439,1,NUDUL1,0.7024444937705994,0.5888761183067321,0.6215671300888062
ZM447439,1,P12ICHIKAWA,-0.6371440291404724,0.4784295022561076,0.5119318962097168
ZM447439,1,RAJI,3.1290619373321533,1.7072961936833482,1.7317708730697632
ZM447439,1,REH,0.9153105020523071,0.899622791526542,0.9300309419631958
ZM447439,1,SUDHL10,-0.1110294982790947,1.2118697681912416,1.2399840354919434
ZM447439,1,SUPT1,1.708723545074463,0.7583847079925452,0.7898304462432861
ZM447439,1,THP1,3.5415730476379395,1.6422151126311,1.6671679019927979
ZM447439,2,ABC1,0.7590669989585876,2.564547574067478,2.6526832580566406
ZM447439,2,DMS79,4.054328441619873,2.272334943155829,2.3385393619537354
ZM447439,2,EHEB,2.3755359649658203,1.9960964652341928,2.0415685176849365
ZM447439,2,GDM1,1.3981084823608398,0.965588728650069,0.9337186813354492
ZM447439,2,HCC44,0.9922800064086914,3.002769494349164,3.1237947940826416
ZM447439,2,HCC78,2.1652615070343018,2.3221449198770223,2.392087697982788
ZM447439,2,JEKO1,0.2984110116958618,1.0557388252327171,1.0306347608566284
ZM447439,2,JURKAT,2.6236274242401123,0.834272737050704,0.7925471067428589
ZM447439,2,JURLMK1,1.02315354347229,1.4858500300643662,1.493026852607727
ZM447439,2,K562,3.153083562850952,1.9348386301466762,1.9757131338119507
ZM447439,2,KG1,1.8069549798965454,0.9215099442076027,0.8863316774368286
ZM447439,2,KMH2,1.7897875308990479,1.3662363823934742,1.3644359111785889
ZM447439,2,KOPN8,0.44266849756240845,1.324121405927331,1.3191601037979126
ZM447439,2,L363,1.3854379653930664,1.7990929264615887,1.8297793865203857
ZM447439,2,LOUCY,0.05984650179743767,1.8777407191829174,1.9143298864364624
ZM447439,2,LP1,3.8448479175567627,2.148132460618524,2.205015182495117
ZM447439,2,MOLM16,-0.1457120031118393,2.6952671047349037,2.7932136058807373
ZM447439,2,MOLP8,1.9658335447311401,1.7832701341654036,1.8127690553665161
ZM447439,2,NCIH1092,3.8434605598449707,1.9246985725298018,1.9648120403289795
ZM447439,2,NCIH1435,4.697133541107178,3.3224985014160113,3.467520236968994
ZM447439,2,NCIH146,2.308440923690796,2.4456825242310387,2.5248970985412598
ZM447439,2,NCIH1568,2.7077465057373047,2.9219808071840827,3.036942720413208
ZM447439,2,NCIH1650,3.9123098850250244,3.0472183085610824,3.171579599380493
ZM447439,2,NCIH1651,2.398491382598877,2.8562900442891426,2.9663217067718506
ZM447439,2,NCIH1792,2.3733019828796387,2.271905588865353,2.3380777835845947
ZM447439,2,NCIH2087,3.5915753841400146,2.9982838952380284,3.1189725399017334
ZM447439,2,NCIH209,1.1186585426330566,2.006995987607128,2.053286075592041
ZM447439,2,NCIH2170,1.350208044052124,2.05762785844015,2.107717990875244
ZM447439,2,NCIH2171,-0.4195860028266907,1.5545768777922657,1.5669118165969849
ZM447439,2,NCIH2172,3.790118932723999,2.692662591931523,2.7904136180877686
ZM447439,2,NCIH2196,2.2734720706939697,3.8537499198456295,4.0386433601379395
ZM447439,2,NCIH358,2.0358290672302246,2.148358448233191,2.2052581310272217
ZM447439,2,NCIH650,4.236799716949463,3.017013810838294,3.139108180999756
ZM447439,2,OCIAML3,1.2727930545806885,1.4222530346572262,1.4246567487716675
ZM447439,2,OPM2,2.516225576400757,2.0289194475167154,2.076854944229126
ZM447439,2,RERFLCKJ,1.9418569803237915,3.1004948332752624,3.2288546562194824
ZM447439,2,RPMI8402,-0.5474895238876343,1.2580137080808964,1.2480908632278442
ZM447439,2,SUDHL5,-0.43944698572158813,2.010301749515097,2.056839942932129
ZM447439,2,SUDHL6,1.4824105501174927,0.9971609615215844,0.9676604866981506
ZM447439,2,SUDHL8,1.6812385320663452,1.0973300826095227,1.0753475427627563
ZM447439,2,WSUDLCL2,1.7517149448394775,1.4910891060359825,1.4986591339111328
ZM447439,3,697,-0.5608565211296082,1.0056683643722302,0.7971439957618713
ZM447439,3,A3KAW,1.248321533203125,2.5828509426470507,2.757270574569702
ZM447439,3,BEN,1.750880479812622,2.8683943905942124,3.112144708633423
ZM447439,3,COLO668,3.9005329608917236,1.3444243863051966,1.2181508541107178
ZM447439,3,CORL88,3.7664854526519775,2.6046212685296393,2.7843267917633057
ZM447439,3,DB,1.6162275075912476,1.3876988608161664,1.2719324827194214
ZM447439,3,DMS114,3.3336966037750244,2.1133865897005615,2.173819065093994
ZM447439,3,DMS273,0.6831160187721252,1.2657162038745247,1.12033212184906
ZM447439,3,GA10,0.9368559718132019,1.0140988454712003,0.807621419429779
ZM447439,3,HCC827,2.8590924739837646,2.037577772986272,2.079603672027588
ZM447439,3,HH,2.4838600158691406,1.3295260377282871,1.1996351480484009
ZM447439,3,HT,3.517518997192383,1.9396275169492014,1.9578708410263062
ZM447439,3,JM1,0.7308940291404724,1.0582978902716536,0.8625521063804626
ZM447439,3,KCL22,2.0160489082336426,1.4694243902326538,1.373501181602478
ZM447439,3,KMS11,2.3382375240325928,1.4764014955637796,1.3821723461151123
ZM447439,3,KNS62,4.195974826812744,1.778117393877996,1.757145643234253
ZM447439,3,L540,1.184054970741272,1.7216413908358643,1.6869571208953857
ZM447439,3,LCLC97TM1,1.35081148147583,2.682553939933185,2.8811817169189453
ZM447439,3,LOUNH91,3.0818164348602295,2.7219399244591607,2.93013072013855
ZM447439,3,LU65,3.60807204246521,2.1587522102724326,2.2301995754241943
ZM447439,3,MM1S,2.683382511138916,1.7319486373963997,1.699766993522644
ZM447439,3,NCIH1341,3.5026655197143555,2.489182447493084,2.6408591270446777
ZM447439,3,NCIH1436,1.1541160345077515,1.1724632329963174,1.0044370889663696
ZM447439,3,NCIH460,0.8650205135345459,2.1264673552900843,2.1900758743286133
ZM447439,3,NCIH522,3.454580068588257,2.191095000772453,2.270395278930664
ZM447439,3,NCIH524,-0.14439749717712402,1.3876199188773506,1.271834373474121
ZM447439,3,NCIH82,1.6784470081329346,1.2753570001423609,1.1323137283325195
ZM447439,3,NCIH841,1.286581039428711,2.551202994680178,2.7179384231567383
ZM447439,3,NCIH929,1.762263536453247,1.9466428942530947,1.9665895700454712
ZM447439,3,OCIM1,2.210193395614624,1.5319453506576597,1.451202392578125
ZM447439,3,PF382,0.6279550194740295,0.6334267163013091,0.3345211148262024
ZM447439,3,RL,2.8401615619659424,1.523477652702966,1.4406787157058716
ZM447439,3,RPMI8226,1.162969946861267,1.5759909238881187,1.5059423446655273
ZM447439,3,RS411,-0.6668605208396912,2.9576383003852484,3.223057270050049
ZM447439,3,SIGM5,-0.6279150247573853,0.7316237738068765,0.4565606713294983
ZM447439,3,SKLU1,2.2084479331970215,2.328852424875402,2.4416005611419678
ZM447439,3,SKMES1,2.384594440460205,2.9739417771051855,3.243319272994995
ZM447439,3,SKMM2,4.917807579040527,1.9720545249732566,1.9981712102890015
ZM447439,3,ST486,0.13169650733470917,0.7189305239315888,0.4407854676246643
ZM447439,3,SUDHL4,1.7685434818267822,1.2021830025256763,1.0413728952407837
ZM447439,3,SW1271,2.6821084022521973,2.664936171055712,2.859286308288574
ZM447439,4,AMO1,1.0776220560073853,2.69598059640576,2.6488263607025146
ZM447439,4,BL41,0.10231199860572815,1.2100720752549305,1.2750771045684814
ZM447439,4,CA46,2.860697031021118,1.2132771887665543,1.2780402898788452
ZM447439,4,CALU3,4.652769088745117,2.8481320037955973,2.7894930839538574
ZM447439,4,CHAGOK1,2.3475685119628906,3.079080695557421,3.00300931930542
ZM447439,4,CMK,2.298440933227539,1.4928525212132393,1.5365127325057983
ZM447439,4,EM2,-0.3962540030479431,1.23520224373254,1.298310399055481
ZM447439,4,EPLC272H,2.0362625122070312,2.2105087307108864,2.1999988555908203
ZM447439,4,HCC366,3.2344024181365967,2.4591665868897126,2.429887533187866
ZM447439,4,HL60,0.414390504360199,1.233618576992798,1.2968462705612183
ZM447439,4,JVM3,1.5154269933700562,1.7507516569261241,1.7749451398849487
ZM447439,4,KMS12BM,2.5772650241851807,2.3172423502480735,2.298676013946533
ZM447439,4,KU812,1.2884714603424072,0.903611994851639,0.9917492270469666
ZM447439,4,LXF289,1.1041685342788696,2.3925086844489876,2.3682610988616943
ZM447439,4,MEG01,1.2487294673919678,1.987124555554966,1.993476152420044
ZM447439,4,MHHCALL2,2.8065779209136963,0.5867052842643051,0.6987632513046265
ZM447439,4,MOLM13,-0.5168470144271851,1.1285561758739302,1.199714183807373
ZM447439,4,NB4,0.13776199519634247,1.2955112955844836,1.3540672063827515
ZM447439,4,NCIH1105,1.716689944267273,2.5496375143667134,2.5135295391082764
ZM447439,4,NCIH1793,5.078062057495117,2.6342230091235725,2.5917303562164307
ZM447439,4,NCIH1915,3.341442584991455,2.49634136486301,2.4642562866210938
ZM447439,4,NCIH2030,2.558161497116089,3.2861340972300495,3.1944339275360107
ZM447439,4,NCIH2081,1.2263095378875732,1.5705745575032588,1.608368158340454
ZM447439,4,NCIH2110,2.235384464263916,2.4609980803249263,2.4315807819366455
ZM447439,4,NCIH2227,1.1169965267181396,1.6494119428649903,1.6812547445297241
ZM447439,4,NCIH2342,4.091508388519287,2.9321896096392095,2.867205858230591
ZM447439,4,NCIH2347,4.359264850616455,2.48758671277365,2.456162452697754
ZM447439,4,NCIH441,5.598150730133057,2.4953877091711734,2.463374614715576
ZM447439,4,NCIH446,0.6448130011558533,0.8983298176958909,0.986865758895874
ZM447439,4,NCIH526,2.1306943893432617,1.0863752212868505,1.1607171297073364
ZM447439,4,NCIH647,1.4939454793930054,2.3121713157634156,2.29398775100708
ZM447439,4,NCIH69,2.2855684757232666,0.9404603559260876,1.0258162021636963
ZM447439,4,NCIH727,3.7522215843200684,2.0672747003269984,2.0675764083862305
ZM447439,4,NCIH838,1.8052979707717896,1.6388450097117098,1.671485424041748
ZM447439,4,NOMO1,0.8300949931144714,1.0659607228960215,1.141843557357788
ZM447439,4,OCIAML5,-0.30151599645614624,1.3583256922298799,1.4121402502059937
ZM447439,4,PL21,1.0745799541473389,2.72050925003718,2.6715035438537598
ZM447439,4,RERFLCMS,2.410240888595581,2.715478187600179,2.6668522357940674
ZM447439,4,SUPB15,0.24233399331569672,0.5990387240398347,0.7101657390594482
ZM447439,4,SW1573,4.080390930175781,2.8971640384089525,2.8348240852355957
ZM447439,5,A549,1.9350135326385498,2.1569129273863235,2.1693828105926514
ZM447439,5,CAL12T,2.852543592453003,2.3196621172244485,2.339498281478882
ZM447439,5,CALU6,1.6632440090179443,2.4720496509164236,2.4987831115722656
ZM447439,5,CORL311,0.10777900367975235,1.5504012415920039,1.5354194641113281
ZM447439,5,CORL95,4.918449878692627,2.604704259332335,2.637441873550415
ZM447439,5,DAUDI,0.9885519742965698,1.553818783891468,1.5389916896820068
ZM447439,5,DOHH2,-0.05379600077867508,2.036857811831509,2.043893814086914
ZM447439,5,EBC1,3.2934389114379883,2.0036073126855154,2.009138345718384
ZM447439,5,HARA,1.513129472732544,2.1893612176110584,2.2032997608184814
ZM447439,5,HCC15,1.3530550003051758,3.1654672271488615,3.223585844039917
ZM447439,5,HEL,2.006108522415161,1.9751409849978487,1.9793835878372192
ZM447439,5,JVM2,1.4924094676971436,1.9159609129318251,1.9175249338150024
ZM447439,5,L1236,3.0637030601501465,2.350423875528858,2.371652364730835
ZM447439,5,LCLC103H,2.0643539428710938,3.151081981190087,3.2085494995117188
ZM447439,5,ME1,4.38413667678833,1.1815505064420095,1.149873971939087
ZM447439,5,MOLT13,-0.22434400022029877,0.9599153726026779,0.9182072877883911
ZM447439,5,MOLT16,-0.776485025882721,1.1345066669814454,1.100700855255127
ZM447439,5,MONOMAC6,1.2585539817810059,0.8412216400295328,0.7941412925720215
ZM447439,5,NAMALWA,1.753699541091919,1.3338457758437803,1.3090623617172241
ZM447439,5,NCIH1048,0.9374189972877502,2.1116751414482287,2.1220974922180176
ZM447439,5,NCIH1155,1.1092275381088257,1.9977685455639982,2.003035306930542
ZM447439,5,NCIH1623,2.7232439517974854,2.8100291423249306,2.852060079574585
ZM447439,5,NCIH1781,1.1110340356826782,2.4563191026495503,2.4823405742645264
ZM447439,5,NCIH1975,3.2550876140594482,2.2644077823616606,2.281743049621582
ZM447439,5,NCIH2009,2.438260555267334,3.257388234889144,3.319667339324951
ZM447439,5,NCIH2023,2.517970561981201,3.3087426072453416,3.3733460903167725
ZM447439,5,NCIH2122,1.7322674989700317,1.997361168500203,2.0026094913482666
ZM447439,5,NCIH2291,3.5692689418792725,2.683585551516602,2.719893455505371
ZM447439,5,NCIH23,2.9098715782165527,2.327892913051464,2.3481016159057617
ZM447439,5,NCIH2405,5.813555717468262,2.761904134173219,2.8017568588256836
ZM447439,5,NCIH596,3.690371513366699,2.8478725555563553,2.8916163444519043
ZM447439,5,OCIAML2,0.9001244902610779,0.8619593222854497,0.8158175945281982
ZM447439,5,OCILY19,0.23822550475597382,1.2401695796903376,1.2111462354660034
ZM447439,5,P31FUJ,-0.508947491645813,1.233569090449815,1.204246997833252
ZM447439,5,RCHACV,0.015168000012636185,0.5762590130344607,0.5171860456466675
ZM447439,5,SBC5,2.8103630542755127,2.722856837323255,2.760942220687866
ZM447439,5,SHP77,2.9253170490264893,3.034952146649187,3.0871634483337402
ZM447439,5,SKM1,0.7640770077705383,2.4099394748405945,2.43386173248291
ZM447439,5,SUDHL1,3.3024370670318604,1.1408579628052848,1.10733962059021
ZM447439,5,SUPM2,-0.03707350045442581,1.334327739861585,1.3095661401748657
