drug,fold,cell_line,y_true,y_pred,y_pred_raw
AFATINIB,1,A4FUK,1.5269980430603027,1.5102340955031408,1.3369641304016113
AFATINIB,1,A549,0.9805520176887512,1.8917933723649645,2.097533941268921
AFATINIB,1,BEN,3.902554988861084,1.716226653958083,1.7475732564926147
AFATINIB,1,BL41,1.0581289529800415,1.4858133334313708,1.288285732269287
AFATINIB,1,BV173,0.5762389898300171,1.412584896498364,1.1423180103302002
AFATINIB,1,COLO668,2.21626353263855,2.0229024075128224,2.3588762283325195
AFATINIB,1,DAUDI,1.4660580158233643,1.568872415284733,1.4538490772247314
AFATINIB,1,DMS114,2.2151501178741455,2.152299123489494,2.6168053150177
AFATINIB,1,DND41,0.9454920291900635,1.4469722388591713,1.2108629941940308
AFATINIB,1,EBC1,2.749345541000366,1.3131826216335507,0.9441774487495422
AFATINIB,1,EHEB,4.0397138595581055,1.6821472443792134,1.6796420812606812
AFATINIB,1,JURLMK1,1.0824209451675415,1.4130399480691085,1.143225073814392
AFATINIB,1,KMS11,1.413856029510498,1.6626325948922243,1.6407431364059448
AFATINIB,1,KMS12BM,1.1434085369110107,1.6057244757931408,1.5273070335388184
AFATINIB,1,MOLM16,-0.07336200028657913,1.5524290798294373,1.421072244644165
AFATINIB,1,MOLT16,0.6481480002403259,1.467036072019987,1.250856637954712
AFATINIB,1,NCIH1048,2.1855850219726562,1.9536802663774466,2.2208943367004395
AFATINIB,1,NCIH1092,3.132601022720337,1.9049380175141586,2.1237354278564453
AFATINIB,1,NCIH1435,1.5311750173568726,1.4242800029471108,1.1656301021575928
AFATINIB,1,NCIH1437,3.9053006172180176,1.7731683831219263,1.8610763549804688
AFATINIB,1,NCIH1568,-0.0998539999127388,1.571383541635632,1.4588545560836792
AFATINIB,1,NCIH1650,0.9016550183296204,2.038232663741584,2.389434337615967
AFATINIB,1,NCIH1876,1.5338480472564697,1.8910801452611796,2.0961122512817383
AFATINIB,1,NCIH1944,2.333141565322876,1.617329457032647,1.550439476966858
AFATINIB,1,NCIH1963,1.4693634510040283,2.0171721904931803,2.347454071044922
AFATINIB,1,NCIH2066,2.9686830043792725,1.7327427713507682,1.7804951667785645
AFATINIB,1,NCIH2087,2.359395980834961,1.0994290088295746,0.5180980563163757
AFATINIB,1,NCIH209,0.7475870251655579,2.000136432793201,2.3134963512420654
AFATINIB,1,NCIH2171,1.0782849788665771,1.8601941702695903,2.0345466136932373
AFATINIB,1,NCIH2196,1.4083759784698486,1.9981040405497814,2.3094451427459717
AFATINIB,1,NCIH2405,4.612391948699951,1.9666649945992956,2.246777057647705
AFATINIB,1,NCIH460,2.8672103881835938,1.8111953007872899,1.9368761777877808
AFATINIB,1,NCIH596,2.1247119903564453,1.6207738308222988,1.5573052167892456
AFATINIB,1,NCIH650,2.392672061920166,1.9939460808300309,2.301156997680664
AFATINIB,1,P31FUJ,1.1600979566574097,1.54895964800218,1.4141565561294556
AFATINIB,1,RCHACV,0.6603130102157593,1.4577038368500044,1.2322545051574707
AFATINIB,1,RPMI8402,1.082474946975708,1.2269437106906538,0.7722756862640381
AFATINIB,1,SHP77,1.2961070537567139,1.8050223519003563,1.9245715141296387
AFATINIB,1,SUDHL1,1.51459801197052,1.4701394412024125,1.257042646408081
AFATINIB,1,SUDHL4,1.2161879539489746,1.3012232396044228,0.9203385710716248
AFATINIB,1,SUPT1,1.9315890073776245,1.441952916572272,1.2008578777313232
AFATINIB,2,A3KAW,0.8494859933853149,1.639883571603646,1.6316709518432617
AFATINIB,2,ABC1,3.0832955837249756,1.3715874066926645,1.1202352046966553
AFATINIB,2,CA46,1.9603090286254883,1.460799645909431,1.2902947664260864
AFATINIB,2,CORL88,2.0259180068969727,1.8562912116686825,2.0441949367523193
AFATINIB,2,EPLC272H,0.22959600389003754,1.674483759407376,1.697627067565918
AFATINIB,2,GA10,1.494884967803955,1.514037395473178,1.3917784690856934
AFATINIB,2,GDM1,1.981909990310669,1.3052656794095383,0.9938103556632996
AFATINIB,2,HCC15,2.6822867393493652,1.8486311173148673,2.029592990875244
AFATINIB,2,HCC33,1.0045900344848633,1.9763736498922706,2.2731003761291504
AFATINIB,2,HCC827,-3.6543500423431396,1.530393125877313,1.4229563474655151
AFATINIB,2,HEL,1.8159470558166504,1.536429898088616,1.4344638586044312
AFATINIB,2,JVM2,1.6433360576629639,1.7454542302935099,1.8329135179519653
AFATINIB,2,KARPAS422,1.8379420042037964,1.4787399258338285,1.324493169784546
AFATINIB,2,KCL22,1.2789989709854126,1.422527253023242,1.2173385620117188
AFATINIB,2,KG1,1.6623140573501587,1.3907100639862153,1.1566874980926514
AFATINIB,2,KNS62,2.309061050415039,1.3536979689326043,1.0861337184906006
AFATINIB,2,KU812,0.9439039826393127,1.6238935545784083,1.601190209388733
AFATINIB,2,LOUCY,1.249587059020996,1.35998426172903,1.0981168746948242
AFATINIB,2,LXF289,2.5177910327911377,1.5216758522023186,1.406339168548584
AFATINIB,2,MEG01,1.1585240364074707,1.7613969697341978,1.8633041381835938
AFATINIB,2,MONOMAC6,1.5723990201950073,1.796170571217764,1.9295908212661743
AFATINIB,2,NB4,1.004315972328186,1.4799167374555942,1.3267364501953125
AFATINIB,2,NCIH1836,2.6076290607452393,1.9321659815139904,2.1888301372528076
AFATINIB,2,NCIH1915,1.7933809757232666,1.8796658498203,2.088752508163452
AFATINIB,2,NCIH2023,1.4721934795379639,1.8267755529811003,1.9879311323165894
AFATINIB,2,NCIH2081,4.681399822235107,1.9439228411638987,2.2112414836883545
AFATINIB,2,NCIH2122,1.8306025266647339,1.3447571898512864,1.069090485572815
AFATINIB,2,NCIH2228,2.4284725189208984,1.8412222945678252,2.015470027923584
AFATINIB,2,NCIH2347,2.9107816219329834,1.693114629763231,1.7331418991088867
AFATINIB,2,NCIH727,3.2702879905700684,1.7500733628696863,1.8417186737060547
AFATINIB,2,NCIH82,0.8374559879302979,2.0090300785915405,2.3353512287139893
AFATINIB,2,NCIH838,1.966441035270691,1.6105456416135375,1.575745940208435
AFATINIB,2,NCIH841,1.6254342794418335,1.8242004880353329,1.9830224514007568
AFATINIB,2,NOMO1,1.2719030380249023,1.5011419339953662,1.3671966791152954
AFATINIB,2,OCIAML2,1.1199549436569214,1.6339564883914175,1.6203725337982178
AFATINIB,2,OCILY19,1.3835539817810059,1.371919725587237,1.1208686828613281
AFATINIB,2,OCIM1,1.0693989992141724,1.6368660610088197,1.6259188652038574
AFATINIB,2,SIGM5,0.7210879921913147,1.701015239447969,1.7482023239135742
AFATINIB,2,SKM1,1.1005580425262451,1.5589122656365904,1.4773205518722534
AFATINIB,2,SW1271,3.3303775787353516,1.6487458048566643,1.6485644578933716
AFATINIB,2,WSUDLCL2,1.485031008720398,1.4503737503229748,1.2704205513000488
AFATINIB,3,697,0.8402929902076721,0.9858020186920828,0.7573738098144531
AFATINIB,3,AMO1,1.5320169925689697,1.4441708602421162,1.3277729749679565
AFATINIB,3,CALU3,-0.608788013458252,2.2444104522759813,2.3235998153686523
AFATINIB,3,CALU6,2.2652530670166016,2.4432809261265795,2.5710763931274414
AFATINIB,3,CMK,1.9618644714355469,1.9597258454230153,1.9693351984024048
AFATINIB,3,CMLT1,1.26065194606781,1.3223364661283732,1.1761609315872192
AFATINIB,3,CORL23,3.2055509090423584,1.9080924074711316,1.9050819873809814
AFATINIB,3,CORL311,1.5012439489364624,2.4163740034555916,2.537593126296997
AFATINIB,3,CORL95,2.2252719402313232,1.568031717952802,1.481906771659851
AFATINIB,3,DMS53,2.5971710681915283,2.179120465968394,2.242352247238159
AFATINIB,3,HARA,0.41182056069374084,1.7888204542553097,1.756658673286438
AFATINIB,3,HCC78,1.1319199800491333,2.097283868893447,2.1405138969421387
AFATINIB,3,HH,2.153275966644287,1.3496765772452992,1.2101832628250122
AFATINIB,3,HL60,1.5184839963912964,1.6303683208485644,1.5594791173934937
AFATINIB,3,K562,2.0395209789276123,2.0480864214306744,2.079292058944702
AFATINIB,3,L1236,1.4711840152740479,1.072895073045069,0.8657533526420593
AFATINIB,3,L428,1.8102530241012573,1.4270921040043483,1.3065199851989746
AFATINIB,3,L540,1.338320016860962,1.1479988564212391,0.9592133164405823
AFATINIB,3,LCLC97TM1,1.1604130268096924,1.5978378994288136,1.5189979076385498
AFATINIB,3,LU65,1.8572299480438232,0.9023362230545375,0.6535080671310425
AFATINIB,3,NAMALWA,1.243075966835022,1.1773166231932228,0.9956966638565063
AFATINIB,3,NCIH1341,1.864366054534912,1.7718592394202763,1.7355519533157349
AFATINIB,3,NCIH1436,3.2939980030059814,1.9181627455963757,1.9176136255264282
AFATINIB,3,NCIH1648,-0.17881500720977783,2.1376307456971695,2.1907219886779785
AFATINIB,3,NCIH1792,2.5344300270080566,2.201096972244967,2.269700050354004
AFATINIB,3,NCIH1793,3.452984094619751,2.1618869995713625,2.2209067344665527
AFATINIB,3,NCIH211,1.800894021987915,2.1123002381226783,2.159200429916382
AFATINIB,3,NCIH292,-1.5684930086135864,2.0162632601383805,2.0396909713745117
AFATINIB,3,NCIH524,1.083387017250061,1.889333680915713,1.8817384243011475
AFATINIB,3,NCIH929,1.0340549945831299,1.85567775506179,1.8398566246032715
AFATINIB,3,NUDUL1,1.0158809423446655,1.3496031976898837,1.2100919485092163
AFATINIB,3,OCIAML3,0.7931399941444397,1.838870005041085,1.8189408779144287
AFATINIB,3,OPM2,1.7780250310897827,1.7275564765318534,1.6804211139678955
AFATINIB,3,PF382,0.8147479891777039,1.2095480660327498,1.0358058214187622
AFATINIB,3,REH,1.216163992881775,1.4241463842536635,1.302854299545288
AFATINIB,3,RERFLCMS,2.4884097576141357,2.242734409584665,2.321514129638672
AFATINIB,3,RL,2.027601957321167,1.2835103470821179,1.127845287322998
AFATINIB,3,SKMM2,4.162967205047607,1.8045652544758974,1.7762516736984253
AFATINIB,3,SUDHL8,2.5296075344085693,1.6302227112869045,1.5592979192733765
AFATINIB,3,SUPB15,1.5842070579528809,1.31319640066976,1.1647869348526
AFATINIB,3,SW1573,3.055593490600586,1.8851319828999475,1.8765097856521606
AFATINIB,4,ALLSIL,0.805042028427124,1.2877337732658767,1.1781976222991943
AFATINIB,4,CHAGOK1,2.8787429332733154,1.7547005740510553,1.7725863456726074
AFATINIB,4,CORL279,1.0051239728927612,1.8238495049561954,1.8606040477752686
AFATINIB,4,DMS273,1.2856630086898804,1.531165083501201,1.4880543947219849
AFATINIB,4,DOHH2,0.8539519906044006,1.4973020125427507,1.444951057434082
AFATINIB,4,EJM,1.773421049118042,2.236367841945768,2.3856868743896484
AFATINIB,4,EM2,1.7624319791793823,1.3966811802715604,1.3168736696243286
AFATINIB,4,HCC44,2.6762325763702393,1.4557228961688131,1.3920261859893799
AFATINIB,4,HT,1.832435965538025,1.5493334582888243,1.5111804008483887
AFATINIB,4,IALM,3.1093645095825195,1.7079016614515026,1.7130173444747925
AFATINIB,4,JEKO1,1.0206869840621948,1.734447371349582,1.7468066215515137
AFATINIB,4,JURKAT,1.1760940551757812,1.55474618140463,1.518070101737976
AFATINIB,4,JVM3,1.5878969430923462,2.104046967578186,2.217259407043457
AFATINIB,4,L363,1.5027079582214355,1.5353712643226745,1.4934083223342896
AFATINIB,4,LP1,3.6887779235839844,1.6752490662482524,1.6714547872543335
AFATINIB,4,ME1,2.1010890007019043,1.5031881557701645,1.4524433612823486
AFATINIB,4,MOLP8,1.284767985343933,1.796586500372694,1.825901746749878
AFATINIB,4,MOLT13,0.5380899906158447,1.3652318494785858,1.276842713356018
AFATINIB,4,NALM6,1.1310490369796753,1.3406847123167513,1.2455973625183105
AFATINIB,4,NCIH1105,3.0198230743408203,1.6701897926875822,1.6650149822235107
AFATINIB,4,NCIH146,1.7440320253372192,2.8317812454512477,3.143571615219116
AFATINIB,4,NCIH1623,-1.3181350231170654,1.769230310228154,1.7910808324813843
AFATINIB,4,NCIH1781,-0.5417659878730774,1.4575430583585471,1.3943430185317993
AFATINIB,4,NCIH2009,1.747846007347107,1.5375981650969217,1.496242880821228
AFATINIB,4,NCIH2030,1.7584095001220703,2.1649463071972486,2.294776439666748
AFATINIB,4,NCIH2085,2.3315930366516113,1.7058118698846527,1.7103573083877563
AFATINIB,4,NCIH2172,4.12870979309082,2.209859312618274,2.351944923400879
AFATINIB,4,NCIH2291,1.7267500162124634,1.8060398243381979,1.8379346132278442
AFATINIB,4,NCIH441,2.0546209812164307,1.4252967334706594,1.3532975912094116
AFATINIB,4,NCIH522,2.264801025390625,1.8628701859970147,1.9102723598480225
AFATINIB,4,NCIH661,1.070096492767334,1.7348654420475482,1.7473387718200684
AFATINIB,4,NCIH69,2.204869031906128,2.039102157110255,2.1345930099487305
AFATINIB,4,OCIAML5,1.2045550346374512,1.3541518521365195,1.2627393007278442
AFATINIB,4,P12ICHIKAWA,1.395372986793518,1.3202216313818234,1.2195504903793335
AFATINIB,4,PL21,2.0336849689483643,1.4962208727270425,1.4435749053955078
AFATINIB,4,RERFLCKJ,2.5002965927124023,2.255917704382518,2.410571336746216
AFATINIB,4,RPMI8226,1.400629997253418,1.8854794381045668,1.9390510320663452
AFATINIB,4,SKLU1,4.6919169425964355,2.0508881170242903,2.149595022201538
AFATINIB,4,SUDHL10,2.018920421600342,1.4338968710431363,1.3642444610595703
AFATINIB,4,SUDHL5,0.47519001364707947,1.3795193031969841,1.295028805732727
AFATINIB,5,CAL12T,1.0266480445861816,1.935007750874396,2.0568809509277344
AFATINIB,5,CORL105,-1.7695624828338623,1.7808052499579807,1.8327155113220215
AFATINIB,5,DB,1.1737749576568604,1.5978053026757653,1.566686987876892
AFATINIB,5,DMS79,3.0310819149017334,1.9744795224189255,2.1142613887786865
AFATINIB,5,GRANTA519,3.16753888130188,0.7723259732669296,0.36668092012405396
AFATINIB,5,HCC366,3.29313588142395,1.7922587732395476,1.8493655920028687
AFATINIB,5,HDLM2,1.637326955795288,1.8147102078621042,1.8820034265518188
AFATINIB,5,JM1,1.8692840337753296,1.6355869802506584,1.6216105222702026
AFATINIB,5,KMH2,1.7836494445800781,1.3454409795519002,1.1998229026794434
AFATINIB,5,KOPN8,1.173313021659851,0.6263271831488967,0.15444128215312958
AFATINIB,5,LAMA84,0.937188982963562,1.3838630231534257,1.255677342414856
AFATINIB,5,LCLC103H,2.7562854290008545,1.9811218131292871,2.1239173412323
AFATINIB,5,LOUNH91,0.09980687499046326,2.0124701451386335,2.1694886684417725
AFATINIB,5,MHHCALL2,1.4774949550628662,1.4039770274746468,1.2849172353744507
AFATINIB,5,MM1S,1.464455485343933,1.6034691265619783,1.5749205350875854
AFATINIB,5,MOLM13,1.5132379531860352,1.4671708792535485,1.3767826557159424
AFATINIB,5,NCIH1155,1.5556540489196777,2.285045482829527,2.5657336711883545
AFATINIB,5,NCIH1651,3.318885087966919,1.7110434847239557,1.731302261352539
AFATINIB,5,NCIH196,2.555250883102417,1.9601830167097347,2.0934784412384033
AFATINIB,5,NCIH1975,-0.10283800214529037,1.7995898940976505,1.8600229024887085
AFATINIB,5,NCIH2029,2.3087079524993896,1.9213662898342714,2.037050247192383
AFATINIB,5,NCIH2110,1.1463948488235474,1.8065148511793532,1.8700897693634033
AFATINIB,5,NCIH2170,-1.8132590055465698,1.9902832540942452,2.137235403060913
AFATINIB,5,NCIH2227,4.000690937042236,1.9854145370071392,2.130157709121704
AFATINIB,5,NCIH23,2.140023946762085,1.6903986711710286,1.7012907266616821
AFATINIB,5,NCIH2342,1.8437589406967163,1.9466388119261842,2.073789119720459
AFATINIB,5,NCIH2444,3.602910280227661,1.671521937000893,1.6738494634628296
AFATINIB,5,NCIH358,-0.11847399920225143,2.004889241348385,2.158468246459961
AFATINIB,5,NCIH446,2.448420524597168,1.9326914774990271,2.053513765335083
AFATINIB,5,NCIH526,1.5921030044555664,1.8593896993307353,1.946954369544983
AFATINIB,5,NCIH647,2.0768110752105713,2.1444798507522513,2.3613922595977783
AFATINIB,5,NCIH810,2.225909948348999,2.2571253928626174,2.525146007537842
AFATINIB,5,RAJI,1.3707669973373413,1.5319235372560707,1.4709141254425049
AFATINIB,5,RS411,1.055055022239685,1.3177104818827976,1.159510850906372
AFATINIB,5,SBC5,1.9176262617111206,1.902983217270017,2.010326623916626
AFATINIB,5,SKMES1,1.0732970237731934,2.1947751120039314,2.434506893157959
AFATINIB,5,ST486,1.4020299911499023,1.2818763075434645,1.107418417930603
AFATINIB,5,SUDHL6,0.1178399994969368,1.6903300341670215,1.7011909484863281
AFATINIB,5,SUPM2,1.1358389854431152,1.5469060849909761,1.49269437789917
AFATINIB,5,THP1,1.5580999851226807,1.5976356372500895,1.5664403438568115
AVAGACESTAT,1,A3KAW,3.3273909091949463,4.131542109224837,4.112523555755615
AVAGACESTAT,1,ABC1,4.774716854095459,4.475783204641941,4.47683048248291
AVAGACESTAT,1,CAL12T,3.3516390323638916,4.37086542766836,4.36579704284668
AVAGACESTAT,1,CALU6,4.157601833343506,4.5372477001115215,4.541877746582031
AVAGACESTAT,1,CORL279,3.807586431503296,4.56290378993026,4.569029331207275
AVAGACESTAT,1,DAUDI,4.2805681228637695,3.757389259909718,3.7165613174438477
AVAGACESTAT,1,DMS114,4.846634864807129,4.687361575810767,4.700741767883301
AVAGACESTAT,1,EBC1,4.762914180755615,4.5077220874645345,4.510631084442139
AVAGACESTAT,1,EM2,4.09800910949707,3.7011597494168496,3.6570541858673096
AVAGACESTAT,1,HCC78,5.106057167053223,4.807403744118282,4.8277812004089355
AVAGACESTAT,1,JVM3,4.350189208984375,4.024366509837148,3.999100685119629
AVAGACESTAT,1,KG1,3.7457571029663086,4.040410521116642,4.016079902648926
AVAGACESTAT,1,KMS11,2.934683084487915,3.609930837492761,3.5605075359344482
AVAGACESTAT,1,KNS62,5.250986099243164,4.815227497540468,4.836061000823975
AVAGACESTAT,1,L1236,4.301351070404053,3.933577582664082,3.903019666671753
AVAGACESTAT,1,MOLT13,2.2874789237976074,3.3714410795094443,3.3081161975860596
AVAGACESTAT,1,NALM6,3.4153990745544434,3.7672644732104557,3.7270121574401855
AVAGACESTAT,1,NCIH1436,4.6392011642456055,4.5623730146750585,4.568467617034912
AVAGACESTAT,1,NCIH1648,3.146311044692993,4.890688148996762,4.915920257568359
AVAGACESTAT,1,NCIH1781,4.285407066345215,4.755764448321827,4.773131847381592
AVAGACESTAT,1,NCIH196,5.047163009643555,4.687975256538769,4.701391220092773
AVAGACESTAT,1,NCIH1963,3.8656206130981445,4.352029214133783,4.345862865447998
AVAGACESTAT,1,NCIH2023,5.164332866668701,4.581163720314242,4.588353633880615
AVAGACESTAT,1,NCIH2066,5.6813063621521,4.585219780456288,4.59264612197876
AVAGACESTAT,1,NCIH2085,4.901697158813477,4.621458934107109,4.630997657775879
AVAGACESTAT,1,NCIH211,3.5881550312042236,4.7027040445840225,4.716978549957275
AVAGACESTAT,1,NCIH2171,3.7641758918762207,4.618451808425258,4.627815246582031
AVAGACESTAT,1,NCIH23,4.711726188659668,4.825793890163345,4.847243309020996
AVAGACESTAT,1,NCIH292,4.278947830200195,4.468533932077467,4.46915864944458
AVAGACESTAT,1,NCIH358,5.10493803024292,4.9898408415982605,5.020852565765381
AVAGACESTAT,1,NCIH526,4.447299003601074,4.8027628399344255,4.822869777679443
AVAGACESTAT,1,NCIH841,4.635603904724121,4.739655554498404,4.756083965301514
AVAGACESTAT,1,NCIH929,3.7311325073242188,3.912591684288613,3.880810499191284
AVAGACESTAT,1,OCILY19,3.605997085571289,3.7796511816491374,3.7401208877563477
AVAGACESTAT,1,PF382,2.985635995864868,3.3124409942761353,3.2456769943237305
AVAGACESTAT,1,RERFLCKJ,4.850442886352539,4.872917090558364,4.89711332321167
AVAGACESTAT,1,SBC5,4.560507774353027,4.42112551883309,4.418986797332764
AVAGACESTAT,1,SUDHL4,3.4893879890441895,3.768329853593245,3.728139638900757
AVAGACESTAT,1,SUDHL8,3.8099679946899414,3.638929955330153,3.5911970138549805
AVAGACESTAT,1,SUPM2,3.4085540771484375,3.7581667240038197,3.717384099960327
AVAGACESTAT,1,SW1573,5.579990863800049,4.23852170926107,4.225739002227783
AVAGACESTAT,2,A549,4.355388164520264,4.5671209299350535,4.587639331817627
AVAGACESTAT,2,AMO1,3.814332962036133,3.806255526392606,3.793727159500122
AVAGACESTAT,2,DMS273,4.548980236053467,4.12648190826815,4.127861976623535
AVAGACESTAT,2,DND41,2.790998935699463,3.40741657623752,3.377565383911133
AVAGACESTAT,2,EHEB,3.8803319931030273,4.437457239261154,4.452343940734863
AVAGACESTAT,2,GA10,3.1880335807800293,3.78209681841694,3.768519163131714
AVAGACESTAT,2,HARA,4.340435981750488,4.309250885572679,4.318569183349609
AVAGACESTAT,2,HCC827,5.204944133758545,4.731082994007187,4.75872278213501
AVAGACESTAT,2,JEKO1,2.933891534805298,3.966738535441213,3.9611804485321045
AVAGACESTAT,2,JURKAT,3.4073145389556885,3.5678328649349598,3.5449490547180176
AVAGACESTAT,2,JURLMK1,4.179197788238525,4.208587241232418,4.213533401489258
AVAGACESTAT,2,JVM2,4.824929237365723,4.1295131143591846,4.1310248374938965
AVAGACESTAT,2,K562,4.716153144836426,4.434388560096176,4.449141979217529
AVAGACESTAT,2,L428,3.978543996810913,3.973739145437983,3.968485116958618
AVAGACESTAT,2,L540,3.9375100135803223,3.684691275060554,3.6668829917907715
AVAGACESTAT,2,LOUNH91,4.930431842803955,4.748197678058954,4.776580810546875
AVAGACESTAT,2,MOLM13,3.0686819553375244,4.043469452721233,4.041244029998779
AVAGACESTAT,2,MOLP8,4.471475124359131,4.109060584794237,4.109683990478516
AVAGACESTAT,2,NB4,3.3206229209899902,3.5341457139318346,3.509798765182495
AVAGACESTAT,2,NCIH1048,4.031063079833984,4.490610966694686,4.507806301116943
AVAGACESTAT,2,NCIH1105,4.073551177978516,4.365949931392198,4.377730846405029
AVAGACESTAT,2,NCIH1568,5.071149826049805,4.634728296181682,4.6581830978393555
AVAGACESTAT,2,NCIH1650,5.356450080871582,4.718742470973519,4.745846271514893
AVAGACESTAT,2,NCIH1792,4.459819793701172,4.7108086900378225,4.737567901611328
AVAGACESTAT,2,NCIH1793,6.1216278076171875,4.778240115632402,4.807928085327148
AVAGACESTAT,2,NCIH2081,4.615508079528809,4.46616389884514,4.482297420501709
AVAGACESTAT,2,NCIH2087,4.318975925445557,4.467892687122298,4.484101295471191
AVAGACESTAT,2,NCIH209,4.824819087982178,4.389377914425973,4.402176380157471
AVAGACESTAT,2,NCIH2122,3.8509209156036377,4.70408867110692,4.730556011199951
AVAGACESTAT,2,NCIH2170,5.1129350662231445,4.593750575847435,4.6154255867004395
AVAGACESTAT,2,NCIH2172,4.739482879638672,4.819419367986271,4.850895881652832
AVAGACESTAT,2,NCIH2196,4.785963535308838,4.6524649418631645,4.676690101623535
AVAGACESTAT,2,NCIH2228,5.033458232879639,4.508412504772509,4.526381015777588
AVAGACESTAT,2,NCIH596,4.39796781539917,4.854311826703117,4.887303829193115
AVAGACESTAT,2,NCIH69,5.148043155670166,4.465154410792208,4.481244087219238
AVAGACESTAT,2,OCIAML2,2.9783639907836914,3.947898947516294,3.9415225982666016
AVAGACESTAT,2,RERFLCMS,4.625744819641113,4.763220267811798,4.792255878448486
AVAGACESTAT,2,SHP77,3.9307520389556885,4.3105130883803735,4.319886207580566
AVAGACESTAT,2,SIGM5,2.7975449562072754,4.119309013528983,4.120377540588379
AVAGACESTAT,2,ST486,4.439184188842773,3.4881504860932107,3.461805820465088
AVAGACESTAT,2,SUPT1,3.5999019145965576,3.5429137277514715,3.5189476013183594
AVAGACESTAT,3,697,3.6254990100860596,3.239840828238331,3.2576146125793457
AVAGACESTAT,3,A4FUK,3.6727359294891357,3.635451284957358,3.6537044048309326
AVAGACESTAT,3,ALLSIL,2.819772958755493,3.316727307024557,3.334594249725342
AVAGACESTAT,3,BEN,4.70873498916626,4.740459264082657,4.760051250457764
AVAGACESTAT,3,BL41,3.3609468936920166,3.947914109423421,3.966545820236206
AVAGACESTAT,3,COLO668,4.5013017654418945,4.561926019925774,4.581301689147949
AVAGACESTAT,3,CORL23,4.195878982543945,4.069580230166044,4.088359355926514
AVAGACESTAT,3,CORL88,4.926860809326172,4.628469558017737,4.647925853729248
AVAGACESTAT,3,CORL95,4.851770877838135,4.248747376522313,4.2677435874938965
AVAGACESTAT,3,DMS53,5.075562000274658,4.903334981036675,4.923124313354492
AVAGACESTAT,3,GDM1,4.866032123565674,3.4647718080574053,3.482818126678467
AVAGACESTAT,3,HCC15,4.985690116882324,4.729325731614553,4.748904228210449
AVAGACESTAT,3,HDLM2,4.811062812805176,4.028359918102293,4.047089099884033
AVAGACESTAT,3,HEL,3.5293750762939453,3.7094542469395404,3.727797031402588
AVAGACESTAT,3,KARPAS422,5.0489959716796875,3.8028236116901155,3.821279525756836
AVAGACESTAT,3,KOPN8,3.4588799476623535,3.2601852311317714,3.2779836654663086
AVAGACESTAT,3,KU812,4.108720779418945,4.000269144605538,4.0189642906188965
AVAGACESTAT,3,LCLC103H,5.147099018096924,4.614493228984545,4.633932590484619
AVAGACESTAT,3,LOUCY,3.1593151092529297,3.4057065061297984,3.4236812591552734
AVAGACESTAT,3,LU65,5.730024814605713,4.3134792211759105,4.332553863525391
AVAGACESTAT,3,MONOMAC6,4.069383144378662,4.162673840315985,4.181565761566162
AVAGACESTAT,3,NCIH1155,4.581010818481445,4.770120743404788,4.789748668670654
AVAGACESTAT,3,NCIH1341,3.686948537826538,4.048644788482643,4.067398548126221
AVAGACESTAT,3,NCIH1623,5.295770168304443,4.9574809923426,4.9773359298706055
AVAGACESTAT,3,NCIH1651,4.550137996673584,4.71259423787554,4.732152462005615
AVAGACESTAT,3,NCIH1944,4.8260722160339355,4.7172839711267445,4.736847877502441
AVAGACESTAT,3,NCIH522,4.806486129760742,4.647251827767687,4.666730880737305
AVAGACESTAT,3,NCIH650,5.013851165771484,4.362756901691361,4.381891250610352
AVAGACESTAT,3,NCIH727,4.513605117797852,4.627180798174358,4.64663553237915
AVAGACESTAT,3,NCIH838,3.628570079803467,4.660753801736576,4.680249214172363
AVAGACESTAT,3,OPM2,4.092662811279297,3.624628512207586,3.6428685188293457
AVAGACESTAT,3,P12ICHIKAWA,3.4763710498809814,3.0791382861421623,3.096717357635498
AVAGACESTAT,3,PL21,5.113812446594238,3.533710458216019,3.551840305328369
AVAGACESTAT,3,RAJI,4.0454511642456055,3.909499207506539,3.928084373474121
AVAGACESTAT,3,REH,3.825690984725952,3.366782244030915,3.3847098350524902
AVAGACESTAT,3,SKLU1,3.9894559383392334,4.96854260953489,4.988410949707031
AVAGACESTAT,3,SKM1,3.6742160320281982,3.620094992270731,3.63832950592041
AVAGACESTAT,3,SUDHL1,3.8546996116638184,3.9850045319890692,4.003681182861328
AVAGACESTAT,3,SUDHL10,3.49904203414917,3.518864954491707,3.5369768142700195
AVAGACESTAT,3,SUDHL5,2.9517838954925537,3.8801589656250433,3.8987085819244385
AVAGACESTAT,3,SUPB15,4.0526251792907715,3.5995348435498506,3.6177444458007812
AVAGACESTAT,4,BV173,3.8341429233551025,3.709388168330715,3.641798257827759
AVAGACESTAT,4,CALU3,4.655624866485596,4.4851310132723805,4.501992702484131
AVAGACESTAT,4,CHAGOK1,4.548038959503174,4.5937706217320695,4.622459411621094
AVAGACESTAT,4,CMK,3.358673095703125,4.124211361999405,4.101781368255615
AVAGACESTAT,4,CMLT1,3.466904401779175,3.5092014879640026,3.419818162918091
AVAGACESTAT,4,CORL105,4.896976947784424,4.288237875661451,4.283664703369141
AVAGACESTAT,4,DB,4.625673294067383,3.8864581261588937,3.8381450176239014
AVAGACESTAT,4,HCC366,4.210575580596924,4.586839948198324,4.614774227142334
AVAGACESTAT,4,HCC44,4.279163837432861,4.678104065263553,4.715973854064941
AVAGACESTAT,4,HL60,3.682234048843384,3.8865589664482565,3.8382568359375
AVAGACESTAT,4,HT,4.189726829528809,3.6904813666146277,3.620833158493042
AVAGACESTAT,4,JM1,3.265023946762085,3.6440144192896966,3.569307565689087
AVAGACESTAT,4,KMS12BM,4.1219940185546875,4.1030340411880655,4.078298568725586
AVAGACESTAT,4,L363,3.8988571166992188,3.637718029025932,3.5623257160186768
AVAGACESTAT,4,LCLC97TM1,2.8827619552612305,4.265087181341,4.257993698120117
AVAGACESTAT,4,LXF289,4.866419792175293,4.671926361225221,4.709123611450195
AVAGACESTAT,4,ME1,3.833728075027466,3.628058647363603,3.551614761352539
AVAGACESTAT,4,MEG01,4.830358982086182,4.369434304647506,4.3737006187438965
AVAGACESTAT,4,MOLT16,2.879625082015991,3.2841810049929725,3.1703007221221924
AVAGACESTAT,4,NCIH146,3.8068394660949707,4.722953267733117,4.765705585479736
AVAGACESTAT,4,NCIH1836,5.227035999298096,4.3757337050691625,4.380685806274414
AVAGACESTAT,4,NCIH1876,4.757104873657227,4.5770423142842676,4.603909969329834
AVAGACESTAT,4,NCIH1915,4.534286975860596,4.695375921222037,4.73512601852417
AVAGACESTAT,4,NCIH2009,5.05462121963501,4.930897555008607,4.996287822723389
AVAGACESTAT,4,NCIH2110,4.84404182434082,4.678886276292769,4.716841220855713
AVAGACESTAT,4,NCIH2227,4.679780960083008,4.660956055801174,4.696959018707275
AVAGACESTAT,4,NCIH2342,5.301384925842285,4.828710435000481,4.882976055145264
AVAGACESTAT,4,NCIH2405,5.134490013122559,4.631932543434538,4.664775848388672
AVAGACESTAT,4,NCIH441,6.047603130340576,4.340220722311154,4.341306686401367
AVAGACESTAT,4,NCIH446,3.661259889602661,4.356146177647055,4.358965873718262
AVAGACESTAT,4,NCIH524,4.653654098510742,4.827375214964353,4.881495475769043
AVAGACESTAT,4,NCIH647,4.349093914031982,4.888168793762278,4.948907375335693
AVAGACESTAT,4,NCIH810,5.33837890625,4.56845648393279,4.59438943862915
AVAGACESTAT,4,NCIH82,4.438591957092285,4.424767457030374,4.435057640075684
AVAGACESTAT,4,NUDUL1,3.4488730430603027,3.82152751536175,3.766145706176758
AVAGACESTAT,4,OCIAML3,3.8104910850524902,3.994867457539888,3.9583563804626465
AVAGACESTAT,4,OCIM1,3.5040900707244873,3.9883984132199215,3.9511830806732178
AVAGACESTAT,4,RCHACV,2.8543319702148438,3.506053937865954,3.416327953338623
AVAGACESTAT,4,SW1271,5.160974025726318,4.490873104461566,4.508359909057617
AVAGACESTAT,4,THP1,3.8606479167938232,4.112036133373673,4.08828067779541
AVAGACESTAT,5,CA46,4.690338134765625,3.7199617158518157,3.7145144939422607
AVAGACESTAT,5,CORL311,4.512478351593018,4.650295632929468,4.65556526184082
AVAGACESTAT,5,DMS79,5.281160831451416,4.608916010762165,4.613708972930908
AVAGACESTAT,5,DOHH2,2.5402019023895264,3.5255158170426584,3.5178287029266357
AVAGACESTAT,5,EJM,4.029489040374756,3.912579027477398,3.909350633621216
AVAGACESTAT,5,EPLC272H,4.582190990447998,4.789428537211202,4.796300888061523
AVAGACESTAT,5,GRANTA519,4.540915012359619,3.5656327759536572,3.558407783508301
AVAGACESTAT,5,HCC33,4.349639415740967,4.688793545003141,4.694506645202637
AVAGACESTAT,5,HH,4.344141006469727,3.797347629170187,3.7927918434143066
AVAGACESTAT,5,IALM,5.34453821182251,4.80209146810194,4.809109687805176
AVAGACESTAT,5,KCL22,3.536129951477051,4.320117087470729,4.321583271026611
AVAGACESTAT,5,KMH2,3.51621150970459,3.849479570252196,3.845524311065674
AVAGACESTAT,5,LAMA84,4.137417793273926,3.9449481790525796,3.9420926570892334
AVAGACESTAT,5,LP1,2.818458080291748,3.9591394109614013,3.9564473628997803
AVAGACESTAT,5,MHHCALL2,2.8840229511260986,3.7271883829114167,3.7218244075775146
AVAGACESTAT,5,MM1S,2.96801495552063,3.6169418763734003,3.6103079319000244
AVAGACESTAT,5,MOLM16,3.2546885013580322,3.965287734844301,3.9626665115356445
AVAGACESTAT,5,NAMALWA,3.545660972595215,3.51858024371491,3.5108132362365723
AVAGACESTAT,5,NCIH1092,5.028538227081299,4.71655422318141,4.7225871086120605
AVAGACESTAT,5,NCIH1435,4.619600772857666,4.440545039224223,4.443398475646973
AVAGACESTAT,5,NCIH1437,4.1781110763549805,4.644565211221932,4.649768829345703
AVAGACESTAT,5,NCIH1975,4.150026798248291,4.888274540411358,4.896285533905029
AVAGACESTAT,5,NCIH2029,3.9584970474243164,4.769519611579882,4.776162624359131
AVAGACESTAT,5,NCIH2030,4.883420944213867,4.663979631064243,4.669406890869141
AVAGACESTAT,5,NCIH2291,5.820251941680908,4.4721368408984725,4.475354194641113
AVAGACESTAT,5,NCIH2347,4.87268590927124,4.85923352121979,4.866909980773926
AVAGACESTAT,5,NCIH2444,5.376079082489014,4.334438427671035,4.336069583892822
AVAGACESTAT,5,NCIH460,4.098550796508789,4.70905696858807,4.715003490447998
AVAGACESTAT,5,NCIH661,5.256793022155762,4.780442579775447,4.7872114181518555
AVAGACESTAT,5,NOMO1,4.7836689949035645,3.905519709850684,3.902209997177124
AVAGACESTAT,5,OCIAML5,3.991934061050415,3.8922083588333654,3.8887453079223633
AVAGACESTAT,5,P31FUJ,3.7414278984069824,3.543282669933025,3.5358002185821533
AVAGACESTAT,5,RL,4.708553791046143,3.727724136800082,3.7223663330078125
AVAGACESTAT,5,RPMI8226,4.579052925109863,3.9506255674891295,3.9478354454040527
AVAGACESTAT,5,RPMI8402,1.7317290306091309,3.473139922914117,3.4648494720458984
AVAGACESTAT,5,RS411,4.01568603515625,3.751942899586811,3.746864080429077
AVAGACESTAT,5,SKMES1,4.845795154571533,4.679100948694434,4.684702396392822
AVAGACESTAT,5,SKMM2,4.995851039886475,4.084170886339849,4.082919120788574
AVAGACESTAT,5,SUDHL6,2.375368118286133,3.7194799380478423,3.714027166366577
AVAGACESTAT,5,WSUDLCL2,3.9755001068115234,4.0065495052983024,4.004403591156006
AXITINIB,1,A4FUK,-0.13293349742889404,1.6239632206730172,1.6787837743759155
AXITINIB,1,BL41,0.16716749966144562,1.5845008319206164,1.6418542861938477
AXITINIB,1,CA46,2.8784844875335693,2.2833861353020355,2.295881509780884
AXITINIB,1,COLO668,3.06780743598938,2.8716967010943235,2.846431255340576
AXITINIB,1,CORL23,3.478729009628296,2.95964954761319,2.928738832473755
AXITINIB,1,CORL311,1.6770210266113281,2.682554120323924,2.669428825378418
AXITINIB,1,CORL95,3.4131650924682617,2.4212636735447752,2.4249093532562256
AXITINIB,1,DOHH2,1.6116670370101929,1.7122528745978156,1.7614065408706665
AXITINIB,1,EBC1,3.86199688911438,2.5349371921311423,2.5312867164611816
AXITINIB,1,EPLC272H,2.4572560787200928,2.708319632106586,2.693540573120117
AXITINIB,1,HCC78,2.474123001098633,3.227317679560786,3.1792266368865967
AXITINIB,1,HL60,1.3813409805297852,0.9424437530002339,1.0410077571868896
AXITINIB,1,IALM,3.079010486602783,2.9255456322081854,2.8968238830566406
AXITINIB,1,JEKO1,0.6900370121002197,2.159562535738121,2.1800055503845215
AXITINIB,1,KMS12BM,1.4211039543151855,2.4754517050045486,2.475619316101074
AXITINIB,1,MM1S,2.6979620456695557,2.1588940163484356,2.179379940032959
AXITINIB,1,MOLM13,0.8705490231513977,1.6020563447198086,1.658282995223999
AXITINIB,1,MOLT13,1.0644475221633911,0.3646900739535873,0.5003373026847839
AXITINIB,1,NALM6,-0.05764500051736832,0.9875767097084014,1.0832438468933105
AXITINIB,1,NAMALWA,1.4816075563430786,1.9053789290410177,1.9421367645263672
AXITINIB,1,NCIH146,2.3355956077575684,2.6025610875596126,2.5945701599121094
AXITINIB,1,NCIH1648,3.357145309448242,3.1667850831767193,3.122579336166382
AXITINIB,1,NCIH1650,4.753750324249268,3.3505150517390874,3.2945165634155273
AXITINIB,1,NCIH1944,3.226557493209839,3.31476200294634,3.2610583305358887
AXITINIB,1,NCIH1963,0.9062054753303528,1.7009640941491557,1.7508423328399658
AXITINIB,1,NCIH2029,2.327343463897705,2.7324390677548123,2.716111898422241
AXITINIB,1,NCIH2087,3.406688928604126,2.5919172601730676,2.5846095085144043
AXITINIB,1,NCIH209,1.2799384593963623,2.1625581344362637,2.1828088760375977
AXITINIB,1,NCIH211,1.181149959564209,2.848326802048405,2.824561357498169
AXITINIB,1,NCIH2122,1.9877010583877563,2.75142588464366,2.733880043029785
AXITINIB,1,NCIH2170,2.8266870975494385,3.197376214532567,3.1512069702148438
AXITINIB,1,NCIH2196,2.2112410068511963,2.134062750222015,2.156142473220825
AXITINIB,1,NCIH2347,4.01324462890625,3.616356474836055,3.543294906616211
AXITINIB,1,NCIH2444,5.554210186004639,3.0365519520557487,3.0007052421569824
AXITINIB,1,NCIH441,5.533981800079346,2.890152574992277,2.8637025356292725
AXITINIB,1,NCIH524,0.43188199400901794,2.747525848509014,2.7302303314208984
AXITINIB,1,NCIH841,2.3729920387268066,2.8054569771003663,2.7844431400299072
AXITINIB,1,RERFLCMS,2.878828763961792,2.544218503627428,2.5399723052978516
AXITINIB,1,ST486,0.3130509853363037,0.9941047098310842,1.0893528461456299
AXITINIB,1,SUDHL6,1.2622090578079224,2.461092040995074,2.462181329727173
AXITINIB,1,THP1,2.4672024250030518,0.9264192871798209,1.0260118246078491
AXITINIB,2,A3KAW,1.122441053390503,1.7190963650116218,1.7851461172103882
AXITINIB,2,CORL105,1.9677900075912476,2.910421205332366,2.9849534034729004
AXITINIB,2,DMS53,3.216116189956665,2.4709337336110337,2.5423367023468018
AXITINIB,2,DMS79,4.100135326385498,1.7884158112329296,1.8549591302871704
AXITINIB,2,GA10,2.0639920234680176,1.6063871929192217,1.6716344356536865
AXITINIB,2,GRANTA519,3.253937005996704,1.7742169211234595,1.8406591415405273
AXITINIB,2,HCC15,2.929391384124756,3.233774570315404,3.3106091022491455
AXITINIB,2,HEL,2.380729913711548,1.0526811395114188,1.1139858961105347
AXITINIB,2,HH,2.921640396118164,1.7458228102659854,1.8120628595352173
AXITINIB,2,JVM3,0.7879340052604675,1.9126187254687632,1.9800463914871216
AXITINIB,2,KCL22,-0.640064001083374,0.7245848289171494,0.7835534811019897
AXITINIB,2,KG1,-0.41345998644828796,1.160912151850644,1.2229875326156616
AXITINIB,2,KMH2,1.9939069747924805,1.66343984539273,1.729093313217163
AXITINIB,2,KU812,-2.116285562515259,1.3181927025727314,1.3813879489898682
AXITINIB,2,LCLC97TM1,2.1258366107940674,3.075984688548517,3.151695728302002
AXITINIB,2,LU65,4.378378391265869,2.3299798291827813,2.400379180908203
AXITINIB,2,MOLT16,0.3542635142803192,0.9616636936423439,1.0223203897476196
AXITINIB,2,MONOMAC6,2.1346664428710938,1.8662267517193765,1.9333240985870361
AXITINIB,2,NCIH1048,1.6657825708389282,2.098857166682622,2.1676108837127686
AXITINIB,2,NCIH1092,3.506700038909912,1.755425174123373,1.8217335939407349
AXITINIB,2,NCIH1341,1.6950374841690063,1.3965095414755098,1.460262417793274
AXITINIB,2,NCIH1651,3.6765244007110596,2.819640965927102,2.893526792526245
AXITINIB,2,NCIH1781,2.5954654216766357,3.3855592461267086,3.4634745121002197
AXITINIB,2,NCIH1836,3.6060988903045654,1.995036963558693,2.063051462173462
AXITINIB,2,NCIH1915,3.75639009475708,3.1961913130482293,3.2727582454681396
AXITINIB,2,NCIH1975,3.100449562072754,3.640195650367879,3.719923973083496
AXITINIB,2,NCIH2023,3.6353800296783447,2.6118012304950837,2.6842072010040283
AXITINIB,2,NCIH2066,3.9610118865966797,2.485140080809935,2.5566442012786865
AXITINIB,2,NCIH2228,2.156121015548706,3.1451931069938497,3.2213969230651855
AXITINIB,2,NCIH23,2.4904801845550537,2.8984401483129294,2.9728870391845703
AXITINIB,2,NCIH358,3.9323649406433105,3.5365863763450034,3.615576982498169
AXITINIB,2,NOMO1,1.95763099193573,1.2977117472667332,1.3607611656188965
AXITINIB,2,NUDUL1,1.2664339542388916,1.4754504085605296,1.5397653579711914
AXITINIB,2,RAJI,2.885274887084961,1.899699732311982,1.9670354127883911
AXITINIB,2,RCHACV,0.39010199904441833,1.019579356259388,1.080648422241211
AXITINIB,2,REH,1.8061234951019287,0.6439271741319724,0.7023215293884277
AXITINIB,2,SBC5,2.3171870708465576,2.293239341387829,2.363377094268799
AXITINIB,2,SUDHL10,1.1313860416412354,2.0249967080972193,2.09322452545166
AXITINIB,2,SUDHL5,0.6500675082206726,1.6382022139616272,1.7036759853363037
AXITINIB,2,SUPT1,1.5408635139465332,1.3426881760556828,1.4060578346252441
AXITINIB,2,WSUDLCL2,2.691122055053711,2.004452308347807,2.0725338459014893
AXITINIB,3,697,0.44500699639320374,0.701587237672913,0.6717168688774109
AXITINIB,3,A549,2.8451380729675293,2.867919398499247,2.8930540084838867
AXITINIB,3,ABC1,1.5819084644317627,3.0162524691841957,3.0451533794403076
AXITINIB,3,AMO1,3.567551374435425,1.769738701763123,1.7669895887374878
AXITINIB,3,CMK,2.394115924835205,2.439056018359898,2.453301429748535
AXITINIB,3,CMLT1,-0.7640550136566162,0.8179137114373053,0.7909969687461853
AXITINIB,3,DAUDI,2.4508614540100098,1.596206835974034,1.589051604270935
AXITINIB,3,DB,2.720996618270874,1.8339499982425633,1.8328312635421753
AXITINIB,3,DND41,2.2117464542388916,0.764478431183922,0.7362049221992493
AXITINIB,3,HCC33,1.765720009803772,1.5925532141344132,1.5853052139282227
AXITINIB,3,HCC44,2.2425665855407715,2.434699852950199,2.4488346576690674
AXITINIB,3,HCC827,4.45009183883667,3.545289285074745,3.587622880935669
AXITINIB,3,HDLM2,1.980828046798706,1.957945392510045,1.959975004196167
AXITINIB,3,HT,3.3085970878601074,1.430480725667677,1.4191175699234009
AXITINIB,3,JM1,2.079123020172119,1.8152821960452987,1.8136894702911377
AXITINIB,3,JVM2,2.797133445739746,2.2352904812573486,2.2443621158599854
AXITINIB,3,K562,-0.10521899908781052,1.057372658792545,1.0365359783172607
AXITINIB,3,KMS11,1.3895374536514282,1.7655326246785892,1.76267671585083
AXITINIB,3,KNS62,3.7526841163635254,2.8374925073589674,2.8618545532226562
AXITINIB,3,L428,2.2196240425109863,1.6186920667112734,1.612107753753662
AXITINIB,3,LP1,3.0922625064849854,1.9785420215104135,1.9810945987701416
AXITINIB,3,MOLP8,1.6355270147323608,2.150501854508738,2.1574206352233887
AXITINIB,3,NCIH1155,0.9676160216331482,2.5055668865448046,2.521501064300537
AXITINIB,3,NCIH1435,3.57852840423584,2.4407436110230196,2.4550318717956543
AXITINIB,3,NCIH1793,4.763510227203369,3.549248780178121,3.5916829109191895
AXITINIB,3,NCIH2110,2.642061471939087,3.3175170564205256,3.354067325592041
AXITINIB,3,NCIH647,2.813749074935913,3.2097485236259415,3.2435624599456787
AXITINIB,3,NCIH650,3.7694220542907715,2.7671642106340855,2.789740562438965
AXITINIB,3,OCILY19,1.088215947151184,1.1782267776565025,1.1604586839675903
AXITINIB,3,P12ICHIKAWA,1.1720739603042603,0.8963227124357903,0.8713968396186829
AXITINIB,3,PF382,1.7566930055618286,1.0895452713043758,1.0695254802703857
AXITINIB,3,PL21,2.2569870948791504,0.9904758741123753,0.967940628528595
AXITINIB,3,RPMI8226,1.7808115482330322,2.3790002269886577,2.391720771789551
AXITINIB,3,RPMI8402,1.0222749710083008,0.6524454600815411,0.6213273406028748
AXITINIB,3,RS411,0.5272489786148071,0.10764296862468453,0.06269185990095139
AXITINIB,3,SHP77,2.6083309650421143,2.6160439846373644,2.6347832679748535
AXITINIB,3,SIGM5,0.5789600014686584,1.5104204880739416,1.5010870695114136
AXITINIB,3,SKM1,1.1812000274658203,0.4499160880924514,0.4136555790901184
AXITINIB,3,SKMM2,3.662992000579834,2.6095882102791967,2.6281635761260986
AXITINIB,3,SUDHL4,1.9946324825286865,1.5083909823478379,1.4990060329437256
AXITINIB,3,SUDHL8,4.53542947769165,1.4233580987664072,1.4118140935897827
AXITINIB,4,ALLSIL,-1.0439989566802979,1.454605554597446,1.3731520175933838
AXITINIB,4,BEN,2.502849578857422,3.0652979777035156,3.1401264667510986
AXITINIB,4,CAL12T,2.7561941146850586,2.999523504285162,3.067970037460327
AXITINIB,4,CALU6,3.456624984741211,2.52710941003852,2.5497186183929443
AXITINIB,4,CHAGOK1,3.4925074577331543,2.8847471068496082,2.9420571327209473
AXITINIB,4,EHEB,3.6872498989105225,1.729532143395663,1.6747541427612305
AXITINIB,4,GDM1,-0.3650214970111847,0.7954035048323146,0.6499890089035034
AXITINIB,4,HCC366,3.033844470977783,2.6889047999624616,2.72721266746521
AXITINIB,4,JURLMK1,-2.1777853965759277,1.152077119633121,1.0412698984146118
AXITINIB,4,KARPAS422,3.02205753326416,1.6195925645308553,1.5541473627090454
AXITINIB,4,KOPN8,1.0367729663848877,0.775924527731873,0.6286200284957886
AXITINIB,4,L1236,2.7644410133361816,1.9759131245017014,1.9450409412384033
AXITINIB,4,L540,1.435312032699585,1.4827582271510786,1.404036283493042
AXITINIB,4,MOLM16,0.8278915286064148,1.1199420668368352,1.0060168504714966
AXITINIB,4,NB4,0.6892189979553223,1.3200275516249613,1.2255162000656128
AXITINIB,4,NCIH1436,2.2099854946136475,2.3551292195627633,2.361051559448242
AXITINIB,4,NCIH1437,2.8038880825042725,2.700587883061364,2.7400293350219727
AXITINIB,4,NCIH1568,3.745048999786377,2.878181308469844,2.93485426902771
AXITINIB,4,NCIH1792,3.4814069271087646,3.0147706047164844,3.0846965312957764
AXITINIB,4,NCIH2009,2.0941333770751953,3.2844129982942336,3.3805017471313477
AXITINIB,4,NCIH2030,3.3990840911865234,2.8922461261834176,2.9502837657928467
AXITINIB,4,NCIH2081,1.275954008102417,2.346976250100698,2.352107524871826
AXITINIB,4,NCIH2171,0.6777719855308533,2.3593958692529924,2.365732192993164
AXITINIB,4,NCIH2172,4.12497615814209,3.0881799295823606,3.1652286052703857
AXITINIB,4,NCIH2227,1.3476035594940186,2.1655001995538754,2.1530232429504395
AXITINIB,4,NCIH2342,3.723646402359009,2.9790172017422947,3.045474052429199
AXITINIB,4,NCIH596,3.515047073364258,2.918347842485691,2.9789180755615234
AXITINIB,4,NCIH661,3.2973074913024902,2.5719092317859262,2.598865270614624
AXITINIB,4,NCIH69,2.014709949493408,2.301310145464882,2.3020105361938477
AXITINIB,4,NCIH810,2.0671825408935547,2.791906400455935,2.8402082920074463
AXITINIB,4,NCIH929,2.4588494300842285,2.1856515999500363,2.1751298904418945
AXITINIB,4,OCIAML2,1.306130051612854,1.276092056783526,1.17731773853302
AXITINIB,4,OCIAML3,1.7058769464492798,2.10535743423571,2.0870449542999268
AXITINIB,4,OCIAML5,1.362373948097229,2.092249961259579,2.0726656913757324
AXITINIB,4,OCIM1,1.4962559938430786,1.6383829271476225,1.574760913848877
AXITINIB,4,OPM2,1.3821325302124023,1.582242536559249,1.5131733417510986
AXITINIB,4,RERFLCKJ,2.6341404914855957,2.910130760265954,2.9699037075042725
AXITINIB,4,SUDHL1,2.3192451000213623,1.6795401662680387,1.619911551475525
AXITINIB,4,SUPB15,-0.247406005859375,0.9286431811548178,0.796156644821167
AXITINIB,4,SW1573,2.503971815109253,2.2989799183877304,2.2994542121887207
AXITINIB,5,BV173,-1.320652961730957,0.4470471668171999,0.4781647324562073
AXITINIB,5,CALU3,3.7428483963012695,3.1874820058982896,3.135598659515381
AXITINIB,5,CORL279,1.139523983001709,2.5185505976571445,2.4869275093078613
AXITINIB,5,CORL88,2.829132080078125,2.4778188440470448,2.4474294185638428
AXITINIB,5,DMS114,2.1323630809783936,2.7444368110354476,2.705972194671631
AXITINIB,5,DMS273,1.5164482593536377,1.9472160036572983,1.9328972101211548
AXITINIB,5,EJM,2.903726577758789,2.2905580569283273,2.2658402919769287
AXITINIB,5,EM2,-1.4406825304031372,1.1829685498998517,1.191796898841858
AXITINIB,5,HARA,2.2165091037750244,2.6410460599226004,2.605712890625
AXITINIB,5,JURKAT,2.2966744899749756,1.113041407658895,1.1239876747131348
AXITINIB,5,L363,2.638242721557617,1.7185522508744473,1.711159110069275
AXITINIB,5,LAMA84,-1.8726530075073242,1.1386900675404987,1.1488595008850098
AXITINIB,5,LCLC103H,2.9865479469299316,3.0035005691007073,2.9571895599365234
AXITINIB,5,LOUCY,1.3167284727096558,1.5184688548714766,1.517135739326477
AXITINIB,5,LOUNH91,2.764007568359375,3.2348946551656255,3.181575298309326
AXITINIB,5,LXF289,1.6563609838485718,3.055426566234671,3.007542848587036
AXITINIB,5,ME1,3.0665814876556396,0.7842127169324032,0.8051183819770813
AXITINIB,5,MEG01,-1.3324520587921143,1.5009146927367298,1.5001132488250732
AXITINIB,5,MHHCALL2,1.4884874820709229,1.5267974163089708,1.525212049484253
AXITINIB,5,NCIH1105,1.5012915134429932,1.878607313665336,1.8663665056228638
AXITINIB,5,NCIH1623,3.611125946044922,2.9910329895959507,2.9450995922088623
AXITINIB,5,NCIH1876,1.2842350006103516,2.531153894764036,2.4991490840911865
AXITINIB,5,NCIH196,3.9726874828338623,2.505109146010986,2.473893165588379
AXITINIB,5,NCIH2085,2.092747449874878,3.25670216269552,3.2027223110198975
AXITINIB,5,NCIH2291,6.012119770050049,3.4731341207208004,3.4125990867614746
AXITINIB,5,NCIH2405,3.5069849491119385,3.3821826746122654,3.324402332305908
AXITINIB,5,NCIH292,2.20878005027771,3.3542059169505727,3.2972729206085205
AXITINIB,5,NCIH446,0.8975503444671631,1.675819646093752,1.6697207689285278
AXITINIB,5,NCIH460,1.7202565670013428,2.88684981487499,2.844071865081787
AXITINIB,5,NCIH522,3.7603580951690674,2.6299408196088323,2.5949440002441406
AXITINIB,5,NCIH526,0.9533560276031494,2.2607936132428694,2.2369773387908936
AXITINIB,5,NCIH727,4.236548900604248,3.0311331154526395,2.983985185623169
AXITINIB,5,NCIH82,2.100334882736206,1.5967591026135142,1.5930547714233398
AXITINIB,5,NCIH838,3.1674981117248535,3.303128646560391,3.2477426528930664
AXITINIB,5,P31FUJ,0.270424485206604,1.800734913866826,1.790852665901184
AXITINIB,5,RL,2.1033434867858887,1.3375359009522687,1.3416827917099
AXITINIB,5,SKLU1,4.190506935119629,3.3672916016215715,3.309962272644043
AXITINIB,5,SKMES1,3.386260986328125,3.1684102406853296,3.1171045303344727
AXITINIB,5,SUPM2,-0.18160800635814667,1.8534668571960722,1.8419874906539917
AXITINIB,5,SW1271,2.3201210498809814,2.746400536557633,2.707876443862915
AZD4547,1,A4FUK,1.0284429788589478,2.0153092723054704,2.1088972091674805
AZD4547,1,BEN,2.875396966934204,2.90066665073037,2.994438886642456
AZD4547,1,BL41,1.3882410526275635,1.755678874392094,1.8492127656936646
AZD4547,1,CALU6,2.9017128944396973,2.7227471059616524,2.8164823055267334
AZD4547,1,COLO668,3.3060789108276367,2.737786995454718,2.8315253257751465
AZD4547,1,CORL88,3.387155055999756,3.298970932015173,3.3928260803222656
AZD4547,1,DND41,1.9718509912490845,1.8588305386964685,1.9523859024047852
AZD4547,1,DOHH2,1.7457220554351807,2.0435650520143067,2.1371588706970215
AZD4547,1,EHEB,3.4856200218200684,1.874063030308726,1.9676215648651123
AZD4547,1,EM2,1.8114299774169922,2.25882747796194,2.352466106414795
AZD4547,1,HCC78,3.605844020843506,2.660922302439052,2.7546446323394775
AZD4547,1,HCC827,3.055497884750366,3.1932178280724344,3.28705096244812
AZD4547,1,HH,2.27655291557312,1.947818438618036,2.0413923263549805
AZD4547,1,JURKAT,1.2431670427322388,1.5831840112168216,1.6766819953918457
AZD4547,1,JURLMK1,2.259744882583618,2.1550521212753067,2.248669147491455
AZD4547,1,LU65,3.4753479957580566,2.4729168902603873,2.5666000843048096
AZD4547,1,MEG01,1.8509210348129272,2.031325282687261,2.1249165534973145
AZD4547,1,MOLT16,1.2415180206298828,1.7520091842621985,1.845542311668396
AZD4547,1,NCIH1341,1.509943962097168,2.109061690987437,2.202669143676758
AZD4547,1,NCIH1650,2.9199719429016113,2.978867878501368,3.0726563930511475
AZD4547,1,NCIH1781,2.570233106613159,3.1393619372313886,3.2331838607788086
AZD4547,1,NCIH1836,4.49483585357666,2.8498907252136747,2.943652391433716
AZD4547,1,NCIH1944,2.7694711685180664,2.6888198136019166,2.782547950744629
AZD4547,1,NCIH1975,2.3486709594726562,3.298268220322875,3.392123222351074
AZD4547,1,NCIH2023,3.1804230213165283,2.652747915714498,2.7464685440063477
AZD4547,1,NCIH209,1.9846910238265991,2.693606739044499,2.7873358726501465
AZD4547,1,NCIH211,1.4040240049362183,2.796358062681569,2.890108585357666
AZD4547,1,NCIH2110,2.489902973175049,2.956939841188647,3.0507237911224365
AZD4547,1,NCIH2170,2.264173984527588,2.6909365299613497,2.784665107727051
AZD4547,1,NCIH23,2.382685899734497,2.7945640978931574,2.8883142471313477
AZD4547,1,NCIH596,1.26084303855896,2.991255198214279,3.0850462913513184
AZD4547,1,NCIH650,2.9893479347229004,2.396579469382904,2.4902467727661133
AZD4547,1,NCIH82,2.5095090866088867,2.503317990603784,2.5970075130462646
AZD4547,1,OCIAML2,1.0021920204162598,1.954545687390099,2.0481209754943848
AZD4547,1,OCILY19,1.8661470413208008,2.0257393444927843,2.1193294525146484
AZD4547,1,P31FUJ,1.8291070461273193,1.941615363187684,2.0351879596710205
AZD4547,1,RL,3.0054049491882324,2.1105314739910703,2.204139232635498
AZD4547,1,RPMI8226,1.8225769996643066,2.2730466631278063,2.3666882514953613
AZD4547,1,SUDHL5,1.2971669435501099,2.108280794276457,2.201888084411621
AZD4547,1,SW1573,3.248431921005249,2.5938309751275646,2.6875393390655518
AZD4547,1,WSUDLCL2,2.2152750492095947,2.0215402369040714,2.1151294708251953
AZD4547,2,A3KAW,1.3325179815292358,1.648230697621391,1.664848804473877
AZD4547,2,DMS273,3.1482839584350586,2.57856221415801,2.6394190788269043
AZD4547,2,DMS79,2.963188886642456,2.8976964467774797,2.973728656768799
AZD4547,2,EBC1,2.6496500968933105,2.4746304904006458,2.530545234680176
AZD4547,2,EJM,2.1546149253845215,2.0209908775089795,2.0553343296051025
AZD4547,2,HCC15,2.931615114212036,2.9429930624035348,3.02117919921875
AZD4547,2,HCC366,3.4785780906677246,2.687390438747337,2.753422260284424
AZD4547,2,HL60,2.500063896179199,1.7686030476731534,1.790945053100586
AZD4547,2,K562,2.1895670890808105,2.5001169206165077,2.557243585586548
AZD4547,2,KCL22,1.840343952178955,1.8937849568762144,1.9220795631408691
AZD4547,2,KMS11,1.0937490463256836,2.247816487653391,2.2929458618164062
AZD4547,2,KOPN8,1.3361819982528687,1.7439662334099602,1.76513671875
AZD4547,2,KU812,1.923967957496643,2.3440916536117373,2.393799066543579
AZD4547,2,L540,2.23764705657959,1.8620235905170208,1.8888078927993774
AZD4547,2,LOUCY,1.2519429922103882,1.6517849509095917,1.6685720682144165
AZD4547,2,LOUNH91,2.243230104446411,2.797597212446044,2.8688695430755615
AZD4547,2,MM1S,1.49898099899292,1.9106886272787575,1.9397870302200317
AZD4547,2,NAMALWA,1.8077260255813599,1.9255256119973443,1.9553295373916626
AZD4547,2,NB4,1.7879199981689453,1.1394564034272527,1.1318814754486084
AZD4547,2,NCIH1105,4.168700695037842,2.193737396704114,2.236295223236084
AZD4547,2,NCIH1155,1.66115403175354,2.84207470998647,2.915462017059326
AZD4547,2,NCIH1436,3.898542881011963,2.394720161261145,2.4468350410461426
AZD4547,2,NCIH146,3.6644461154937744,2.6871510077314764,2.753171443939209
AZD4547,2,NCIH1792,2.1023809909820557,2.7039328004638734,2.7707512378692627
AZD4547,2,NCIH1876,1.3425140380859375,2.5846988857175623,2.6458475589752197
AZD4547,2,NCIH1915,2.927583932876587,2.617127449817246,2.6798181533813477
AZD4547,2,NCIH196,2.331387996673584,2.3884594498692304,2.440276622772217
AZD4547,2,NCIH2009,3.064819097518921,2.838245179308836,2.9114503860473633
AZD4547,2,NCIH2081,5.0257768630981445,2.7473970405113226,2.816282272338867
AZD4547,2,NCIH2085,3.861989974975586,2.679186967705816,2.744828701019287
AZD4547,2,NCIH2444,5.341189861297607,2.7385085054415317,2.8069710731506348
AZD4547,2,NCIH292,2.5116748809814453,2.5559457697881576,2.615727186203003
AZD4547,2,NCIH460,2.19392991065979,2.495942354368489,2.552870512008667
AZD4547,2,NCIH841,3.4817728996276855,2.324831340192342,2.3736228942871094
AZD4547,2,PL21,2.7906649112701416,1.3595142182412163,1.362403392791748
AZD4547,2,RCHACV,1.4299429655075073,1.6629436425076163,1.6802613735198975
AZD4547,2,REH,1.8192709684371948,1.758561397354448,1.7804259061813354
AZD4547,2,RERFLCMS,2.5291736125946045,2.5416750439740015,2.6007778644561768
AZD4547,2,SUDHL6,1.555325984954834,1.5292405382153713,1.5402004718780518
AZD4547,2,SW1271,3.085047960281372,2.3778291224378605,2.42914080619812
AZD4547,2,THP1,3.559900999069214,1.9891315310620217,2.0219600200653076
AZD4547,3,697,0.48870399594306946,1.3869083715597075,1.3083199262619019
AZD4547,3,A549,2.901984930038452,3.059284409900141,3.13466739654541
AZD4547,3,CALU3,3.7061989307403564,2.75848097325671,2.8061697483062744
AZD4547,3,CMK,2.242482900619507,2.352744912089813,2.3630785942077637
AZD4547,3,CORL105,3.7773630619049072,2.7086764006716373,2.751779794692993
AZD4547,3,CORL23,2.332932949066162,2.6407714743207698,2.6776230335235596
AZD4547,3,DB,2.8353540897369385,2.0930630829379395,2.079488515853882
AZD4547,3,EPLC272H,2.4786529541015625,2.8018778966037594,2.853562116622925
AZD4547,3,GDM1,-0.5668129920959473,1.491598989978222,1.4226491451263428
AZD4547,3,HARA,1.8867249488830566,2.611360255158969,2.6455039978027344
AZD4547,3,HCC44,2.727031946182251,2.76143416818832,2.8093948364257812
AZD4547,3,HEL,2.659820079803467,1.9037925861702263,1.872792363166809
AZD4547,3,JM1,2.4360299110412598,1.9343970253289748,1.9062144756317139
AZD4547,3,JVM2,1.8305519819259644,1.8122564240843613,1.7728286981582642
AZD4547,3,JVM3,2.416224956512451,1.5269757633284042,1.4612829685211182
AZD4547,3,KMH2,2.4132659435272217,1.7685572387144828,1.7251062393188477
AZD4547,3,KMS12BM,0.6054369807243347,1.6343955818533766,1.5785926580429077
AZD4547,3,L363,2.023293972015381,1.926048305924843,1.897097110748291
AZD4547,3,LCLC97TM1,2.3239810466766357,2.762743861127976,2.8108251094818115
AZD4547,3,MOLM16,1.9465210437774658,2.3439414351605428,2.3534646034240723
AZD4547,3,NALM6,2.1569559574127197,1.5241426435954628,1.4581890106201172
AZD4547,3,NCIH1092,3.240662097930908,2.870034107597658,2.9279932975769043
AZD4547,3,NCIH1568,2.5771849155426025,3.203675491254338,3.2923521995544434
AZD4547,3,NCIH2228,4.315013885498047,2.579255640131768,2.610443592071533
AZD4547,3,NCIH2342,3.491331100463867,3.0752380374322903,3.152089834213257
AZD4547,3,NCIH2405,3.369961977005005,2.6465876986257166,2.6839747428894043
AZD4547,3,NCIH358,3.0365068912506104,2.7985980971317717,2.849980354309082
AZD4547,3,NCIH441,3.232403039932251,2.811924915954146,2.8645341396331787
AZD4547,3,NCIH446,1.4608885049819946,2.397228843462624,2.4116580486297607
AZD4547,3,NCIH661,2.9201669692993164,2.8011164015256593,2.8527305126190186
AZD4547,3,NCIH727,3.6082749366760254,2.9738129186211943,3.0413267612457275
AZD4547,3,OCIM1,1.576882004737854,2.2023952627406107,2.1988866329193115
AZD4547,3,PF382,2.181166887283325,1.7886293364016816,1.7470263242721558
AZD4547,3,RPMI8402,1.3445830345153809,1.7373829881584177,1.6910618543624878
AZD4547,3,RS411,0.41328999400138855,1.706161689956329,1.6569660902023315
AZD4547,3,SIGM5,2.9784460067749023,2.12297883625269,2.1121585369110107
AZD4547,3,SKLU1,2.1256580352783203,3.228114723917101,3.3190414905548096
AZD4547,3,SKM1,1.5478500127792358,2.1195894408720997,2.108457088470459
AZD4547,3,SKMM2,2.488703489303589,2.1313858467078113,2.1213395595550537
AZD4547,3,SUDHL10,1.7634689807891846,1.8319321644566835,1.7943159341812134
AZD4547,3,SUDHL8,2.037113904953003,1.8397473133416422,1.802850604057312
AZD4547,4,ALLSIL,1.4291880130767822,1.659959431305013,1.5899657011032104
AZD4547,4,AMO1,1.70284903049469,1.7613623063870036,1.7037367820739746
AZD4547,4,CA46,2.5104310512542725,1.9768957307252102,1.945559024810791
AZD4547,4,CAL12T,3.063119411468506,2.802746366066116,2.8721394538879395
AZD4547,4,CMLT1,1.645980954170227,1.3977868745476099,1.2958157062530518
AZD4547,4,CORL95,4.116774559020996,2.8285825140158734,2.9011268615722656
AZD4547,4,DAUDI,1.9039649963378906,1.565555555145126,1.484047293663025
AZD4547,4,GA10,2.0824360847473145,2.092850271821721,2.0756566524505615
AZD4547,4,GRANTA519,3.049222469329834,2.054369324610969,2.032482147216797
AZD4547,4,JEKO1,1.1032429933547974,2.0551772487650792,2.033388614654541
AZD4547,4,KARPAS422,2.6088709831237793,1.609459390428157,1.5333061218261719
AZD4547,4,KG1,-2.1283650398254395,1.7966348257069544,1.7433115243911743
AZD4547,4,L1236,2.7511401176452637,2.057125021725776,2.035573959350586
AZD4547,4,LAMA84,1.9660029411315918,2.044947721975313,2.021911382675171
AZD4547,4,LP1,4.155786991119385,1.7406821467889675,1.6805342435836792
AZD4547,4,MHHCALL2,1.4475239515304565,2.0419446751194794,2.0185420513153076
AZD4547,4,MOLP8,1.953529953956604,2.303158539130626,2.3116164207458496
AZD4547,4,MONOMAC6,0.4588870108127594,2.0750196279902644,2.0556511878967285
AZD4547,4,NCIH1651,3.097343921661377,2.8938902831391546,2.974400281906128
AZD4547,4,NCIH1793,3.4539709091186523,2.9079443809246253,2.990168571472168
AZD4547,4,NCIH1963,2.307018995285034,2.8585430701474075,2.934741735458374
AZD4547,4,NCIH2029,4.545312881469727,2.9901788198258172,3.0824332237243652
AZD4547,4,NCIH2030,2.4611239433288574,2.5439934619783635,2.5818262100219727
AZD4547,4,NCIH2087,3.4557530879974365,2.7388719079421695,2.800474166870117
AZD4547,4,NCIH2172,4.34636116027832,2.841030113483335,2.915092706680298
AZD4547,4,NCIH2196,4.469573974609375,2.601425989346961,2.646263837814331
AZD4547,4,NCIH2227,1.3790149688720703,2.942377632373283,3.028801679611206
AZD4547,4,NCIH2291,4.5974578857421875,3.1760508877192297,3.2909762859344482
AZD4547,4,NCIH2347,2.9126689434051514,3.0243211590790575,3.1207399368286133
AZD4547,4,NCIH524,2.2886509895324707,2.910733865504057,2.993298292160034
AZD4547,4,NCIH526,2.4125308990478516,2.669433993143118,2.722566843032837
AZD4547,4,NCIH810,2.592067003250122,3.0340965738442756,3.1317076683044434
AZD4547,4,NCIH838,1.819025993347168,2.7591645741959083,2.823241949081421
AZD4547,4,NCIH929,1.2795170545578003,1.785176093954156,1.7304551601409912
AZD4547,4,NUDUL1,2.516282081604004,1.806493115385403,1.754372239112854
AZD4547,4,RERFLCKJ,2.5728819370269775,2.7333747511976494,2.794306516647339
AZD4547,4,SBC5,1.99337899684906,2.3294062991494284,2.3410656452178955
AZD4547,4,SHP77,2.1913180351257324,2.8139931292908438,2.8847579956054688
AZD4547,4,SUPB15,1.4248549938201904,1.9433053596440635,1.9078716039657593
AZD4547,4,SUPT1,2.322772979736328,1.9703740063034043,1.9382418394088745
AZD4547,5,ABC1,3.708970069885254,2.673749015640636,2.734454393386841
AZD4547,5,BV173,1.9991810321807861,1.3186908983580863,1.362899661064148
AZD4547,5,CHAGOK1,3.841629981994629,2.792922489493184,2.85507869720459
AZD4547,5,CORL279,2.8321990966796875,3.0557796921158626,3.121135950088501
AZD4547,5,CORL311,2.4072461128234863,2.4601577669511863,2.5182628631591797
AZD4547,5,DMS114,1.3231689929962158,2.709333934391816,2.770472526550293
AZD4547,5,DMS53,2.744709014892578,3.0416209595913233,3.106804847717285
AZD4547,5,HCC33,3.4866819381713867,2.6780134301812915,2.7387707233428955
AZD4547,5,HDLM2,1.4424749612808228,2.316271699908275,2.3726251125335693
AZD4547,5,HT,3.6296210289001465,1.7824081737256376,1.8322622776031494
AZD4547,5,IALM,2.214601993560791,2.6509823089129525,2.7114105224609375
AZD4547,5,KNS62,3.380126953125,2.9491137385734265,3.013171434402466
AZD4547,5,L428,2.307478904724121,2.422817758013173,2.480468273162842
AZD4547,5,LCLC103H,2.7740979194641113,2.817009223788578,2.8794586658477783
AZD4547,5,LXF289,1.7308369874954224,2.6812524914024887,2.742049217224121
AZD4547,5,ME1,2.655673027038574,1.7260580247355035,1.77522611618042
AZD4547,5,MOLM13,-0.8373399972915649,2.0540862886173437,2.107247829437256
AZD4547,5,MOLT13,1.6084890365600586,1.6330264672854644,1.6810619831085205
AZD4547,5,NCIH1048,1.6267340183258057,2.428888141747554,2.486612558364868
AZD4547,5,NCIH1435,2.5752499103546143,2.6209705258241627,2.6810333728790283
AZD4547,5,NCIH1437,3.614901542663574,2.588565780554721,2.6482341289520264
AZD4547,5,NCIH1623,3.2867588996887207,2.995850110770459,3.060476779937744
AZD4547,5,NCIH1648,2.9037530422210693,2.9238454806735295,2.987595558166504
AZD4547,5,NCIH2066,3.276052951812744,2.821331348313903,2.883833408355713
AZD4547,5,NCIH2122,2.439021110534668,2.7036969644198523,2.7647669315338135
AZD4547,5,NCIH2171,2.0691490173339844,2.975138821700849,3.039513349533081
AZD4547,5,NCIH522,2.4243030548095703,2.682748004433787,2.743562936782837
AZD4547,5,NCIH647,2.129676103591919,2.9561143130403,3.0202572345733643
AZD4547,5,NCIH69,2.532352924346924,2.8151615620753154,2.8775885105133057
AZD4547,5,NOMO1,1.5628410577774048,2.2339970480497136,2.289348840713501
AZD4547,5,OCIAML3,2.661294937133789,2.2240049764183283,2.2792351245880127
AZD4547,5,OCIAML5,1.6084140539169312,2.3619692923812527,2.4188790321350098
AZD4547,5,OPM2,-0.3870930075645447,1.570745380727988,1.6180226802825928
AZD4547,5,P12ICHIKAWA,1.932239055633545,1.724574524803055,1.7737245559692383
AZD4547,5,RAJI,2.342298984527588,1.6705255908954955,1.7190176248550415
AZD4547,5,SKMES1,2.838963031768799,2.8346133601733783,2.8972771167755127
AZD4547,5,ST486,1.6886709928512573,1.7196051062455975,1.7686946392059326
AZD4547,5,SUDHL1,1.9443830251693726,2.0384553626063315,2.0914266109466553
AZD4547,5,SUDHL4,2.362746000289917,1.306639286926865,1.3507013320922852
AZD4547,5,SUPM2,1.5075730085372925,1.9326489345090374,1.9843320846557617
AZD6738,1,ALLSIL,0.17643749713897705,0.8123134829711383,0.6774769425392151
AZD6738,1,BV173,-0.7047309875488281,0.9822661955402997,0.87720787525177
AZD6738,1,CAL12T,1.0045645236968994,2.135447322922171,2.232443332672119
AZD6738,1,CALU6,1.3668605089187622,2.3196872702187825,2.448964834213257
AZD6738,1,CORL311,2.8388960361480713,2.605770761596955,2.7851743698120117
AZD6738,1,DB,1.6777969598770142,1.1843983685554282,1.1147565841674805
AZD6738,1,DMS114,2.2964999675750732,2.045630660531315,2.12688946723938
AZD6738,1,DMS53,3.564784049987793,2.556297295282773,2.727032423019409
AZD6738,1,EHEB,-0.3195120096206665,2.038562182015256,2.1185824871063232
AZD6738,1,EJM,1.1156140565872192,1.615623030165578,1.6215381622314453
AZD6738,1,GDM1,1.8261854648590088,0.6570257027322417,0.49498045444488525
AZD6738,1,HCC366,2.6134583950042725,1.9446032719250461,2.0081605911254883
AZD6738,1,HT,1.1944324970245361,0.8369052131140693,0.7063775062561035
AZD6738,1,IALM,4.314212322235107,1.951146311047368,2.015850067138672
AZD6738,1,KNS62,1.8668899536132812,2.2721869404078783,2.393141746520996
AZD6738,1,L1236,1.0939569473266602,1.1090120166188309,1.0261614322662354
AZD6738,1,L540,-0.05602150037884712,0.8710514703022889,0.7465066909790039
AZD6738,1,MEG01,0.11302199959754944,1.740809980085238,1.7686597108840942
AZD6738,1,MOLM16,0.18286849558353424,1.6080089264566788,1.612589955329895
AZD6738,1,NB4,-0.8817154765129089,0.36297803872090195,0.14941130578517914
AZD6738,1,NCIH1437,2.116534471511841,2.07623212909916,2.1628527641296387
AZD6738,1,NCIH1568,1.0069210529327393,1.8092111326065985,1.849045753479004
AZD6738,1,NCIH1876,0.70084547996521,2.1851672791449976,2.29087495803833
AZD6738,1,NCIH1944,1.3782689571380615,1.6788308533277574,1.695820927619934
AZD6738,1,NCIH2029,4.211040496826172,2.387036428154728,2.5281145572662354
AZD6738,1,NCIH2030,1.9238004684448242,1.7431650237926506,1.7714273929595947
AZD6738,1,NCIH2081,3.7256875038146973,2.5694375404456125,2.7424750328063965
AZD6738,1,NCIH2087,2.9924545288085938,1.725090720137501,1.7501862049102783
AZD6738,1,NCIH209,1.4438644647598267,2.5588127095850695,2.7299885749816895
AZD6738,1,NCIH2110,1.048985481262207,2.3810196399155545,2.521043539047241
AZD6738,1,NCIH2172,3.7054638862609863,2.392369536564985,2.5343821048736572
AZD6738,1,NCIH358,3.029677391052246,2.591039185698796,2.7678616046905518
AZD6738,1,NCIH647,0.0005530000198632479,2.700016938938721,2.8959338665008545
AZD6738,1,NCIH69,2.7924225330352783,2.5025058938117173,2.663815975189209
AZD6738,1,NCIH810,2.1201789379119873,2.3048388398454147,2.4315147399902344
AZD6738,1,NCIH929,2.0054171085357666,1.5468114668745148,1.5406697988510132
AZD6738,1,P31FUJ,0.6963974833488464,0.614900374472446,0.44547414779663086
AZD6738,1,SIGM5,-0.6463410258293152,1.3330231613934134,1.289422631263733
AZD6738,1,SKM1,1.069219946861267,1.1617881434003272,1.0881847143173218
AZD6738,1,SUPT1,1.2353365421295166,0.8694387365337506,0.744611382484436
AZD6738,1,SW1573,2.984714984893799,1.5078365433812617,1.494865894317627
AZD6738,2,A3KAW,-0.7043225169181824,1.5863475243903835,1.5831395387649536
AZD6738,2,DMS79,2.847787618637085,2.0578408992796833,2.1461594104766846
AZD6738,2,EBC1,2.1527960300445557,1.3443886527495488,1.294211506843567
AZD6738,2,GA10,0.34358200430870056,1.3546753569228367,1.3064950704574585
AZD6738,2,HARA,0.642550528049469,1.5319604270243519,1.5181947946548462
AZD6738,2,HDLM2,1.8844770193099976,1.5446207940256933,1.5333127975463867
AZD6738,2,JEKO1,-0.510579526424408,1.4186938729844534,1.3829408884048462
AZD6738,2,JM1,0.11236400157213211,1.2670583775869544,1.2018698453903198
AZD6738,2,JURKAT,0.48604100942611694,1.3786740394963268,1.3351523876190186
AZD6738,2,JVM2,1.0393714904785156,1.4713034935176847,1.445763111114502
AZD6738,2,K562,0.7380895018577576,1.4684206966347435,1.442320704460144
AZD6738,2,KARPAS422,2.313321590423584,1.0638809457183864,0.9592515230178833
AZD6738,2,KCL22,-0.0008329999982379377,1.5815118490012228,1.5773651599884033
AZD6738,2,LAMA84,1.4872064590454102,0.5241035845622318,0.31469234824180603
AZD6738,2,LOUNH91,2.9820713996887207,2.4611367658188046,2.6277432441711426
AZD6738,2,LU65,2.6283628940582275,1.647646865278071,1.6563383340835571
AZD6738,2,MM1S,1.2886489629745483,1.203957001635584,1.1265192031860352
AZD6738,2,MOLM13,-0.49896299839019775,1.0651015696574286,0.9607090950012207
AZD6738,2,NCIH1092,4.164103031158447,2.0948118184206854,2.190307140350342
AZD6738,2,NCIH1436,1.5984630584716797,2.256009250689808,2.382796287536621
AZD6738,2,NCIH1781,3.200416088104248,2.1764749242205834,2.287822723388672
AZD6738,2,NCIH1793,2.6663544178009033,2.3577284447044335,2.5042612552642822
AZD6738,2,NCIH1836,2.7115468978881836,2.11278904240816,2.2117741107940674
AZD6738,2,NCIH1915,3.2232980728149414,1.983954766253096,2.0579304695129395
AZD6738,2,NCIH1975,2.1234335899353027,2.5645788295430876,2.751265525817871
AZD6738,2,NCIH2009,1.8969115018844604,2.5223047301542896,2.7007851600646973
AZD6738,2,NCIH2023,0.8182024955749512,1.6481946336230062,1.6569924354553223
AZD6738,2,NCIH2171,0.4763459861278534,1.9881242746720083,2.0629093647003174
AZD6738,2,NCIH2227,3.2481625080108643,2.1759805650363075,2.2872323989868164
AZD6738,2,NCIH2228,2.9651520252227783,1.8945131902267849,1.9511264562606812
AZD6738,2,NCIH292,1.2669310569763184,2.0727962629060874,2.164017915725708
AZD6738,2,NCIH446,1.8889504671096802,1.9028218586817296,1.9610480070114136
AZD6738,2,NCIH596,4.278252124786377,2.0012425628321284,2.0785741806030273
AZD6738,2,NCIH841,2.2309210300445557,2.196667380497855,2.3119349479675293
AZD6738,2,OCIM1,-0.1447415053844452,1.255959355020603,1.1886162757873535
AZD6738,2,RPMI8226,0.5361524820327759,1.681469638846349,1.6967267990112305
AZD6738,2,SBC5,1.2160085439682007,2.1319979714876363,2.2347118854522705
AZD6738,2,SUDHL1,0.3328010141849518,0.8798086694292834,0.7394470572471619
AZD6738,2,SUDHL4,1.7710089683532715,0.821096927502909,0.6693381667137146
AZD6738,2,THP1,1.2604949474334717,1.2346194503459034,1.1631338596343994
AZD6738,2,WSUDLCL2,0.8521260023117065,1.4995023323835874,1.479435920715332
AZD6738,3,697,-0.9059385061264038,0.7467276014318258,0.6075642704963684
AZD6738,3,A4FUK,0.7652465105056763,0.8549745161998015,0.7299683094024658
AZD6738,3,AMO1,1.6181869506835938,1.0554435144292165,0.956655740737915
AZD6738,3,CHAGOK1,3.185234546661377,2.1141247901020037,2.153797149658203
AZD6738,3,CMLT1,-0.07755699753761292,0.546387929232168,0.3810230791568756
AZD6738,3,CORL105,2.941679000854492,1.5949952949126662,1.5667730569839478
AZD6738,3,CORL95,4.325370788574219,1.8332128402194792,1.8361459970474243
AZD6738,3,DAUDI,1.3148189783096313,0.42948447242672527,0.24883034825325012
AZD6738,3,GRANTA519,0.6172195076942444,1.2030905648176429,1.123612880706787
AZD6738,3,HCC827,2.727293014526367,2.4256966287640656,2.506118059158325
AZD6738,3,HEL,-0.36108699440956116,0.8275524430729483,0.6989598274230957
AZD6738,3,HH,3.446904420852661,0.6786359576836491,0.5305672287940979
AZD6738,3,HL60,2.237494945526123,0.8151579122846243,0.6849442720413208
AZD6738,3,KMS12BM,0.6660299897193909,1.3215568978335193,1.257572889328003
AZD6738,3,L363,0.7225105166435242,1.0011447671687432,0.8952555060386658
AZD6738,3,L428,1.6988810300827026,1.0714261770690294,0.9747287034988403
AZD6738,3,LCLC103H,3.514478921890259,1.9870277960678615,2.010077714920044
AZD6738,3,LP1,3.5153019428253174,1.2854960462200562,1.216795802116394
AZD6738,3,LXF289,2.0582094192504883,2.2252870883547304,2.2794978618621826
AZD6738,3,NALM6,1.0749369859695435,0.6968302614714343,0.551141083240509
AZD6738,3,NAMALWA,0.33536601066589355,0.6756004462095697,0.5271347165107727
AZD6738,3,NCIH1435,4.370843887329102,1.8732200465082458,1.8813855648040771
AZD6738,3,NCIH146,2.3035850524902344,3.0279767256968175,3.1871676445007324
AZD6738,3,NCIH1651,2.2819700241088867,2.2893252690141264,2.3519113063812256
AZD6738,3,NCIH522,5.0352678298950195,2.240521995111872,2.296725273132324
AZD6738,3,NCIH838,0.9880045056343079,2.4927715859575423,2.581965446472168
AZD6738,3,OCIAML2,0.11028800159692764,0.690793500564988,0.5443148016929626
AZD6738,3,OCIAML3,1.501869559288025,0.8696411474620123,0.7465531229972839
AZD6738,3,P12ICHIKAWA,0.40828248858451843,0.4591959878916553,0.28242769837379456
AZD6738,3,PF382,1.685070514678955,0.5850783134808315,0.42477360367774963
AZD6738,3,PL21,1.032738447189331,0.6410536342193914,0.48806968331336975
AZD6738,3,RCHACV,-0.3228744864463806,0.8699575705949375,0.7469109296798706
AZD6738,3,REH,1.5485490560531616,0.862699288835183,0.7387033700942993
AZD6738,3,RERFLCKJ,3.4666714668273926,2.66715209514523,2.7791523933410645
AZD6738,3,RL,2.204025983810425,0.9602081107545607,0.8489649295806885
AZD6738,3,RPMI8402,-0.20849549770355225,0.7660983055995253,0.6294683814048767
AZD6738,3,SKMES1,2.0143699645996094,2.672484744739063,2.785182476043701
AZD6738,3,ST486,1.1181919574737549,0.47390715980809267,0.2990628778934479
AZD6738,3,SUDHL10,1.8470574617385864,0.6448029557994303,0.4923093616962433
AZD6738,3,SUDHL6,2.6102354526519775,1.060907255865726,0.9628340601921082
AZD6738,3,SUDHL8,0.7716724872589111,0.784175960312987,0.6499103307723999
AZD6738,4,ABC1,2.6261894702911377,2.5586758630921302,2.5647799968719482
AZD6738,4,BL41,0.021541999652981758,1.0110834612668596,1.018385887145996
AZD6738,4,CALU3,3.37562894821167,2.6762700818335574,2.6822831630706787
AZD6738,4,COLO668,2.663038492202759,2.7062587025498432,2.7122485637664795
AZD6738,4,CORL23,0.7955359816551208,2.1873222326182242,2.193713903427124
AZD6738,4,CORL279,2.01835298538208,2.7307312915220807,2.7367022037506104
AZD6738,4,DMS273,1.5248420238494873,2.0955503818773282,2.102013111114502
AZD6738,4,DOHH2,0.45718199014663696,1.013739832121021,1.0210402011871338
AZD6738,4,EPLC272H,-0.11730899661779404,2.2779089406273663,2.2842304706573486
AZD6738,4,HCC44,2.4202630519866943,2.028695399505997,2.035209894180298
AZD6738,4,JURLMK1,-0.5871220231056213,1.794230407314603,1.8009264469146729
AZD6738,4,JVM3,0.5164675116539001,1.383608276177813,1.3906222581863403
AZD6738,4,KMS11,1.3236769437789917,2.0070843802502747,2.013615608215332
AZD6738,4,LCLC97TM1,0.8756744861602783,2.015713708222214,2.022238254547119
AZD6738,4,LOUCY,0.10247450321912766,0.9844665441830311,0.9917895793914795
AZD6738,4,MHHCALL2,0.9302434921264648,0.4788742934671581,0.48658880591392517
AZD6738,4,MOLT16,-0.7224940061569214,0.5425415055467486,0.55020672082901
AZD6738,4,NCIH1048,2.31095290184021,2.348004156197253,2.354271411895752
AZD6738,4,NCIH1623,2.2654945850372314,2.6202407710713294,2.6262972354888916
AZD6738,4,NCIH1648,0.5005205273628235,2.8234143683738218,2.8293135166168213
AZD6738,4,NCIH1792,1.4547704458236694,2.4758967331922017,2.482064962387085
AZD6738,4,NCIH196,3.354851007461548,2.5754816499188617,2.5815727710723877
AZD6738,4,NCIH2066,4.155270099639893,2.547878346675768,2.5539908409118652
AZD6738,4,NCIH211,1.8108395338058472,2.840801392908336,2.846687078475952
AZD6738,4,NCIH2122,0.3523294925689697,2.724714908598549,2.7306904792785645
AZD6738,4,NCIH2196,1.0512109994888306,2.4606831463753345,2.4668631553649902
AZD6738,4,NCIH2347,2.8939599990844727,2.9172859284039143,2.923112392425537
AZD6738,4,NCIH2405,3.0755574703216553,3.033349745397511,3.03908634185791
AZD6738,4,NCIH441,4.066784381866455,2.0203710065876477,2.0268919467926025
AZD6738,4,NCIH524,1.8941240310668945,2.6921131042305264,2.6981139183044434
AZD6738,4,NCIH650,4.403629779815674,2.0536984036770844,2.0601935386657715
AZD6738,4,NCIH661,2.004040002822876,2.369099076453824,2.375349998474121
AZD6738,4,NCIH82,1.705183506011963,2.3012109416708766,2.3075144290924072
AZD6738,4,NOMO1,1.2084925174713135,1.1731541755183614,1.1803311109542847
AZD6738,4,OCIAML5,1.1262710094451904,1.181307728453635,1.1884783506393433
AZD6738,4,OPM2,2.0145390033721924,1.1122773995380308,1.1195014715194702
AZD6738,4,RAJI,0.9185044765472412,1.2359633998547375,1.2430917024612427
AZD6738,4,RS411,0.8858014941215515,0.46828734448803594,0.4760100543498993
AZD6738,4,SUDHL5,-1.1179205179214478,1.2849749095244838,1.2920652627944946
AZD6738,4,SW1271,3.1590263843536377,2.035605829100735,2.0421149730682373
AZD6738,5,A549,1.5073014497756958,1.6927985872771383,1.7109801769256592
AZD6738,5,BEN,2.2092878818511963,2.421322103520372,2.489287853240967
AZD6738,5,CA46,1.850820541381836,0.9601402659779752,0.9282551407814026
AZD6738,5,CMK,0.06447000056505203,2.113885335437147,2.160842180252075
AZD6738,5,CORL88,3.3494346141815186,2.2876961125754924,2.3465304374694824
AZD6738,5,DND41,-0.003410999896004796,0.5458415419889704,0.48564502596855164
AZD6738,5,EM2,0.5577495098114014,0.9508756045488683,0.9183573722839355
AZD6738,5,HCC15,3.7673819065093994,2.3192291130740808,2.380218267440796
AZD6738,5,HCC33,1.1500120162963867,2.292835899934622,2.3520214557647705
AZD6738,5,HCC78,0.9330620169639587,2.279779219841129,2.3380725383758545
AZD6738,5,KG1,1.5331079959869385,1.1263045744769775,1.1057744026184082
AZD6738,5,KMH2,1.4845105409622192,1.271905995471714,1.2613255977630615
AZD6738,5,KOPN8,-0.22894249856472015,0.38889558751266506,0.3179740607738495
AZD6738,5,KU812,0.4459789991378784,0.9903280084243363,0.9605057835578918
AZD6738,5,ME1,2.8849334716796875,0.68485015521635,0.634152889251709
AZD6738,5,MOLP8,1.0979715585708618,1.1058917118110676,1.083966612815857
AZD6738,5,MOLT13,0.8692175149917603,0.46620686256255184,0.4005684554576874
AZD6738,5,MONOMAC6,0.7173255085945129,1.5714414925962308,1.5813300609588623
AZD6738,5,NCIH1105,2.7776060104370117,2.4108327506718705,2.478081703186035
AZD6738,5,NCIH1155,1.0366275310516357,2.5307394750672065,2.606182336807251
AZD6738,5,NCIH1341,1.2578929662704468,2.110681755586498,2.1574196815490723
AZD6738,5,NCIH1650,1.7414774894714355,2.391998245267801,2.4579601287841797
AZD6738,5,NCIH1963,1.95318603515625,2.153824190248139,2.203510284423828
AZD6738,5,NCIH2085,3.4005041122436523,2.1560353410081703,2.2058725357055664
AZD6738,5,NCIH2170,2.1767799854278564,2.0747706408761335,2.1190545558929443
AZD6738,5,NCIH2291,2.6754939556121826,2.459375186841431,2.5299413204193115
AZD6738,5,NCIH23,1.329703450202942,2.5068591361261685,2.580670118331909
AZD6738,5,NCIH2342,3.238299608230591,2.4161144730212483,2.483724355697632
AZD6738,5,NCIH2444,4.633522033691406,2.3213137274512956,2.3824453353881836
AZD6738,5,NCIH460,0.11764950305223465,2.284484275500567,2.3430991172790527
AZD6738,5,NCIH526,4.72439432144165,2.3905023486646026,2.456362009048462
AZD6738,5,NCIH727,2.624948024749756,2.738403086389093,2.8280367851257324
AZD6738,5,NUDUL1,-0.3712719976902008,0.6810880968859894,0.6301337480545044
AZD6738,5,OCILY19,0.36840951442718506,1.061401898999074,1.0364365577697754
AZD6738,5,RERFLCMS,0.9461255073547363,2.3105514398652574,2.3709475994110107
AZD6738,5,SHP77,2.7974069118499756,2.1986348073816453,2.251383066177368
AZD6738,5,SKLU1,2.669049024581909,2.6479576918721026,2.7314107418060303
AZD6738,5,SKMM2,4.139801979064941,1.2806277444047103,1.2706433534622192
AZD6738,5,SUPB15,0.7500579953193665,0.46723176262971367,0.4016633927822113
AZD6738,5,SUPM2,-0.8526710271835327,0.8907980492347329,0.8541743755340576
AZD7762,1,A4FUK,-2.3888819217681885,-1.507958921494056,-1.5694835186004639
AZD7762,1,A549,-0.12730549275875092,-0.4628587826965925,-0.4116460084915161
AZD7762,1,ALLSIL,-1.8254300355911255,-1.4921277603509429,-1.551944613456726
AZD7762,1,BEN,1.0605854988098145,0.47895918877413046,0.6317680478096008
AZD7762,1,BV173,-2.203557014465332,-1.0830299699960566,-1.0987164974212646
AZD7762,1,CALU6,-0.1744520217180252,-0.21836568051378297,-0.14077886939048767
AZD7762,1,CORL279,-0.02459000051021576,0.5455843098447299,0.7055801749229431
AZD7762,1,DMS273,0.042954981327056885,-0.3957777250028467,-0.3373287618160248
AZD7762,1,DMS53,2.6741650104522705,0.42055464617662963,0.5670632719993591
AZD7762,1,EBC1,1.1209709644317627,-0.6216355576233571,-0.5875504016876221
AZD7762,1,EPLC272H,-1.9745060205459595,-0.15251903309574316,-0.0678291916847229
AZD7762,1,HCC33,-0.9953140020370483,0.17751976645340584,0.2978116571903229
AZD7762,1,HEL,-1.4511109590530396,-1.7104931304095412,-1.7938655614852905
AZD7762,1,L363,-2.292670965194702,-1.0335118471186966,-1.0438567399978638
AZD7762,1,L540,-1.8007160425186157,-1.1571802377395553,-1.1808655261993408
AZD7762,1,LXF289,-0.21095100045204163,0.1589246862423948,0.27721068263053894
AZD7762,1,MEG01,-2.18141508102417,-0.46127337465943663,-0.4098895788192749
AZD7762,1,MOLM13,-5.885913848876953,-1.083228172901204,-1.0989360809326172
AZD7762,1,MOLT13,-1.0760350227355957,-1.422395954004874,-1.4746906757354736
AZD7762,1,MONOMAC6,-4.958408832550049,-0.7170796178268072,-0.6932902336120605
AZD7762,1,NCIH1105,1.731855034828186,0.5240270000586623,0.681697428226471
AZD7762,1,NCIH1623,0.4448375105857849,0.41610810065420334,0.5621370673179626
AZD7762,1,NCIH1650,-0.045037832111120224,0.32788034245020004,0.4643919765949249
AZD7762,1,NCIH1975,-0.06693550199270248,0.32726216889424375,0.4637071192264557
AZD7762,1,NCIH2081,1.3505229949951172,-0.13165901124457305,-0.04471895098686218
AZD7762,1,NCIH2110,-0.9992009997367859,-0.0731332011801335,0.020120173692703247
AZD7762,1,NCIH2170,-0.19930832087993622,0.44128621812659474,0.5900312066078186
AZD7762,1,NCIH23,-0.29059600830078125,-0.2078482026031156,-0.12912684679031372
AZD7762,1,NCIH2342,1.1460859775543213,0.23986410290026489,0.36688122153282166
AZD7762,1,NCIH2444,0.8690288662910461,0.06162922582940869,0.16941973567008972
AZD7762,1,NCIH292,0.1470779925584793,-0.15219628086230694,-0.06747162342071533
AZD7762,1,NCIH446,-0.0076385000720620155,0.003136557184505173,0.10461732745170593
AZD7762,1,NCIH522,1.9239089488983154,0.08379696182660598,0.19397875666618347
AZD7762,1,NCIH524,-0.4721109867095947,0.1863328554027226,0.30757543444633484
AZD7762,1,NOMO1,-1.8521690368652344,-1.2694245228015133,-1.3052178621292114
AZD7762,1,OCIAML3,-0.6532610058784485,-0.7851579578634585,-0.7687123417854309
AZD7762,1,OCILY19,-1.487130045890808,-1.405777038535711,-1.4562790393829346
AZD7762,1,P12ICHIKAWA,-1.5209150314331055,-1.4685635654487497,-1.5258384943008423
AZD7762,1,SKM1,-1.9285449981689453,-1.2171853602578306,-1.2473435401916504
AZD7762,1,SUDHL1,-0.83120197057724,-0.9760951985885996,-0.9802464246749878
AZD7762,1,SW1573,0.2412164956331253,-0.38136457006752816,-0.32136082649230957
AZD7762,2,A3KAW,-1.8917920589447021,-0.7699775082184449,-0.7557094097137451
AZD7762,2,CA46,0.3622089922428131,-1.0875830148518464,-1.1257987022399902
AZD7762,2,CORL88,0.16750800609588623,0.02100911563126817,0.16598644852638245
AZD7762,2,DMS79,1.2000420093536377,0.0987088738206846,0.2565259635448456
AZD7762,2,GDM1,-3.6933228969573975,-1.7112394320532807,-1.852513313293457
AZD7762,2,HCC44,0.0692640021443367,-0.043175081593863074,0.09119591861963272
AZD7762,2,HCC78,-0.4348689913749695,-0.09533025545256602,0.030422188341617584
AZD7762,2,HH,-0.3834860026836395,-1.1594480314463644,-1.2095392942428589
AZD7762,2,HT,-0.8063570261001587,-1.4191332403360248,-1.5121370553970337
AZD7762,2,IALM,1.1114405393600464,-0.3793932295124597,-0.3005817234516144
AZD7762,2,JEKO1,-3.3581349849700928,-1.3558518162623368,-1.4383984804153442
AZD7762,2,JURLMK1,-2.9631950855255127,-0.6392328403545184,-0.6033594012260437
AZD7762,2,JVM3,-2.2017290592193604,-1.4053205956416472,-1.4960418939590454
AZD7762,2,KMS12BM,-1.7175190448760986,-1.4353758039791265,-1.5310636758804321
AZD7762,2,L1236,-1.020179033279419,-0.9916811156151805,-1.0140491724014282
AZD7762,2,L428,-0.6053959727287292,-0.9438184029913438,-0.9582772254943848
AZD7762,2,LCLC103H,0.38009849190711975,-0.19808139153737273,-0.08930840343236923
AZD7762,2,LU65,2.16577410697937,-0.36429199221121156,-0.28298503160476685
AZD7762,2,MHHCALL2,-2.0316760540008545,-1.3201974207413536,-1.3968522548675537
AZD7762,2,NCIH1048,0.07917849719524384,-0.7782061578379361,-0.7652978301048279
AZD7762,2,NCIH1836,2.1293981075286865,0.17231172441579073,0.34229156374931335
AZD7762,2,NCIH1915,0.5548091530799866,-0.13013343252403525,-0.010132156312465668
AZD7762,2,NCIH2009,0.0946694165468216,0.3417087739623964,0.5396811962127686
AZD7762,2,NCIH2023,-1.171610951423645,-0.28993802739744895,-0.19634419679641724
AZD7762,2,NCIH2029,2.4655349254608154,0.2643582040877211,0.4495485723018646
AZD7762,2,NCIH2030,0.018087130039930344,0.0603440935881821,0.21182146668434143
AZD7762,2,NCIH2066,2.0141170024871826,0.20033052522405892,0.374940425157547
AZD7762,2,NCIH209,-0.671908974647522,0.023838275010161558,0.16928312182426453
AZD7762,2,NCIH2122,-1.8219759464263916,0.016424935219815306,0.1606447398662567
AZD7762,2,NCIH441,1.6463969945907593,-0.14083000693973452,-0.022596322000026703
AZD7762,2,NCIH460,-0.25648948550224304,-0.1143889858968204,0.008214034140110016
AZD7762,2,NCIH727,-0.3054024875164032,0.2856383072624028,0.4743451774120331
AZD7762,2,NCIH841,0.3300822675228119,0.11785149334956146,0.2788318693637848
AZD7762,2,OCIAML2,-1.3338299989700317,-1.7220970325899505,-1.865165114402771
AZD7762,2,PF382,-0.947625994682312,-1.8025580204604683,-1.9589221477508545
AZD7762,2,PL21,-2.2342350482940674,-1.5807389121167343,-1.7004477977752686
AZD7762,2,RAJI,-1.477774977684021,-1.6455568363879163,-1.7759767770767212
AZD7762,2,RERFLCMS,-0.4815559983253479,0.3186942128112639,0.5128635168075562
AZD7762,2,SUDHL5,-3.5534420013427734,-1.2585625757127863,-1.325032353401184
AZD7762,2,SUPT1,-1.083793044090271,-1.2460491887924396,-1.3104511499404907
AZD7762,2,THP1,-0.87534499168396,-1.2504606293022036,-1.31559157371521
AZD7762,3,697,-2.325587034225464,-1.5012803325861774,-1.5204576253890991
AZD7762,3,ABC1,-0.16224592924118042,0.227160222627719,0.21142937242984772
AZD7762,3,CAL12T,-0.6631850004196167,-0.1746144750839581,-0.19114644825458527
AZD7762,3,COLO668,0.26162976026535034,0.26921843847705434,0.25357145071029663
AZD7762,3,CORL105,0.3001917600631714,-0.435454464337713,-0.45250654220581055
AZD7762,3,CORL95,1.2695850133895874,0.14140236310607188,0.12550051510334015
AZD7762,3,DB,0.31213098764419556,-1.3632257444663094,-1.3821277618408203
AZD7762,3,DND41,-1.9702539443969727,-1.4275428750293655,-1.4465731382369995
AZD7762,3,HARA,-2.310593605041504,-0.2533117441422895,-0.2700006365776062
AZD7762,3,HCC366,0.7503520846366882,0.02337302870214966,0.007235834840685129
AZD7762,3,HDLM2,0.110166996717453,-1.1036400033249905,-1.122024416923523
AZD7762,3,HL60,-0.11007899791002274,-1.8047288132279433,-1.824511170387268
AZD7762,3,JM1,-1.7699240446090698,-1.9117316926630223,-1.931727409362793
AZD7762,3,KNS62,0.08449459075927734,-0.1484118595236972,-0.1648915857076645
AZD7762,3,LCLC97TM1,-1.0588539838790894,-0.36345673527169675,-0.380365252494812
AZD7762,3,ME1,1.266903042793274,-1.6125807209144059,-1.6319799423217773
AZD7762,3,MM1S,-0.7805814743041992,-1.2408571470868806,-1.2595151662826538
AZD7762,3,MOLP8,-1.169327974319458,-1.4041045456314183,-1.4230880737304688
AZD7762,3,MOLT16,-2.076029062271118,-1.9177239586068031,-1.9377316236495972
AZD7762,3,NCIH1341,-1.2984850406646729,-0.25358192969946636,-0.270271360874176
AZD7762,3,NCIH1435,1.6440634727478027,-0.12111541480769702,-0.13754071295261383
AZD7762,3,NCIH1436,0.08582600206136703,0.1951675638893363,0.17937292158603668
AZD7762,3,NCIH1568,-0.2713640034198761,0.19711840830756935,0.18132765591144562
AZD7762,3,NCIH1648,0.20794381201267242,0.3260320604543048,0.31049835681915283
AZD7762,3,NCIH1793,0.5533279776573181,0.2893150210574049,0.2737081050872803
AZD7762,3,NCIH1876,-1.1982879638671875,0.7489558568528732,0.7342654466629028
AZD7762,3,NCIH196,0.5812180042266846,0.44370994626930754,0.4284108877182007
AZD7762,3,NCIH2172,1.276170015335083,0.4304675227498524,0.4151420593261719
AZD7762,3,NCIH69,0.8499169945716858,0.5506716613702682,0.535585880279541
AZD7762,3,NCIH929,-0.45620501041412354,-1.1466776715621079,-1.1651479005813599
AZD7762,3,OCIAML5,-2.1156630516052246,-0.9878441365892392,-1.005997657775879
AZD7762,3,RCHACV,-2.5272130966186523,-1.6330123883128052,-1.6524523496627808
AZD7762,3,RPMI8402,-1.9850800037384033,-1.353230901375853,-1.3721129894256592
AZD7762,3,SBC5,0.07717707753181458,0.10944521009301719,0.09347964078187943
AZD7762,3,SIGM5,-1.9227850437164307,-1.0615098539915035,-1.0798102617263794
AZD7762,3,SKLU1,-0.5714398622512817,0.11360584162661909,0.09764856845140457
AZD7762,3,SKMM2,1.4058010578155518,-1.3232338800377716,-1.342056155204773
AZD7762,3,SUDHL10,-0.48174551129341125,-1.837760811916787,-1.8576090335845947
AZD7762,3,SUDHL4,-1.0383720397949219,-1.5556178484829597,-1.5749034881591797
AZD7762,3,SUDHL8,-1.0073275566101074,-1.2159288115603193,-1.234537124633789
AZD7762,3,WSUDLCL2,-1.2391810417175293,-1.7715482184312554,-1.7912644147872925
AZD7762,4,BL41,-2.598510980606079,-1.4578828894107796,-1.523808240890503
AZD7762,4,CALU3,1.9975589513778687,0.37908693785935055,0.40351006388664246
AZD7762,4,CHAGOK1,0.7021999955177307,0.22238618405514624,0.23910222947597504
AZD7762,4,CORL23,-0.9286245107650757,-0.38178015832898815,-0.3947790861129761
AZD7762,4,CORL311,0.7899389863014221,0.173083070145281,0.18737421929836273
AZD7762,4,DAUDI,-0.9212470054626465,-1.4490811236208945,-1.514573574066162
AZD7762,4,DMS114,1.3587859869003296,0.32792299572518246,0.34982970356941223
AZD7762,4,EHEB,0.6107094883918762,-0.6166598562228885,-0.6412109732627869
AZD7762,4,EM2,-2.1438939571380615,-1.2534534539422075,-1.3093242645263672
AZD7762,4,GA10,-2.2380740642547607,-1.100500816081204,-1.1488488912582397
AZD7762,4,GRANTA519,-0.658381998538971,-1.7912945637890672,-1.873618245124817
AZD7762,4,JVM2,-2.3354570865631104,-1.1013742208475124,-1.1497652530670166
AZD7762,4,K562,-0.882194995880127,-0.46180352660849555,-0.47873827815055847
AZD7762,4,KARPAS422,-1.0321799516677856,-1.5088129426791421,-1.5772432088851929
AZD7762,4,KG1,-0.033385999500751495,-2.1837473550564352,-2.2853732109069824
AZD7762,4,KMS11,-1.218019962310791,-0.5113485112606893,-0.530720055103302
AZD7762,4,LAMA84,-1.9916549921035767,-1.9207778713887036,-2.009469985961914
AZD7762,4,MOLM16,-1.8537859916687012,-0.8566437511139102,-0.8929980993270874
AZD7762,4,NALM6,-1.4447799921035767,-1.4588400328674442,-1.5248124599456787
AZD7762,4,NAMALWA,-2.0074410438537598,-1.6114887345049698,-1.6849689483642578
AZD7762,4,NCIH1092,2.523176908493042,0.31439130057187203,0.33563247323036194
AZD7762,4,NCIH1155,-0.43195000290870667,0.15252613063094136,0.16580621898174286
AZD7762,4,NCIH1437,0.20854587852954865,0.3350624860199339,0.3573203384876251
AZD7762,4,NCIH1781,-0.026419999077916145,0.23203368789342674,0.2492242306470871
AZD7762,4,NCIH2196,-0.5327320098876953,0.150993780770031,0.16419850289821625
AZD7762,4,NCIH2227,0.37080198526382446,0.5075028043989797,0.5382418632507324
AZD7762,4,NCIH2291,1.7158019542694092,0.0023803855139743566,0.008275791071355343
AZD7762,4,NCIH2347,0.3170536160469055,0.16538280331558552,0.17929522693157196
AZD7762,4,NCIH596,0.9130669832229614,-0.13823167384428806,-0.13925205171108246
AZD7762,4,NCIH647,-1.4801759719848633,0.4375861961130043,0.46488651633262634
AZD7762,4,NCIH650,0.4383549988269806,-0.06206306903611688,-0.05933721363544464
AZD7762,4,NCIH661,-0.43529409170150757,0.34565133999336006,0.3684299886226654
AZD7762,4,NCIH810,-0.07856699824333191,0.2174862776486093,0.2339613288640976
AZD7762,4,OPM2,-0.518775999546051,-1.168780798816887,-1.220487117767334
AZD7762,4,RL,0.22449399530887604,-1.7550254849731355,-1.8355653285980225
AZD7762,4,RPMI8226,-1.4477729797363281,-0.7292395377143902,-0.7593277096748352
AZD7762,4,RS411,-0.9800099730491638,-1.9824897639297738,-2.0742170810699463
AZD7762,4,ST486,-1.080644965171814,-1.5123100839959376,-1.5809123516082764
AZD7762,4,SUDHL6,-3.0900180339813232,-1.2652612910085619,-1.321712851524353
AZD7762,4,SW1271,0.055750008672475815,-0.00038372980440307906,0.005375727079808712
AZD7762,5,AMO1,-1.2528489828109741,-1.236725945482779,-1.3293375968933105
AZD7762,5,CMK,-0.9871764779090881,-0.5496734100550967,-0.5532651543617249
AZD7762,5,CMLT1,-2.0972750186920166,-1.761468289745951,-1.9220696687698364
AZD7762,5,DOHH2,-2.0151960849761963,-1.3798989442500869,-1.4910612106323242
AZD7762,5,EJM,-1.5851320028305054,-0.6925761856650187,-0.7146835327148438
AZD7762,5,HCC15,0.9041860103607178,0.09195147821731459,0.17149367928504944
AZD7762,5,HCC827,-0.48162850737571716,0.24402458615542705,0.34327057003974915
AZD7762,5,JURKAT,-1.1665840148925781,-1.1961795965672235,-1.283537745475769
AZD7762,5,KCL22,-1.9230320453643799,-1.7038807324274399,-1.857020616531372
AZD7762,5,KMH2,-0.06969700008630753,-1.0057060946763712,-1.0683850049972534
AZD7762,5,KOPN8,-1.6748559474945068,-1.7869495789100078,-1.9508525133132935
AZD7762,5,KU812,-2.099843978881836,-1.4733792710563303,-1.5966535806655884
AZD7762,5,LOUCY,-1.5843759775161743,-1.2849321526237758,-1.3837897777557373
AZD7762,5,LOUNH91,-0.9002609848976135,0.24880417474158623,0.3486694395542145
AZD7762,5,LP1,2.6704208850860596,-1.0193635244832437,-1.0838119983673096
AZD7762,5,NB4,-2.7893900871276855,-1.740725008256509,-1.8986387252807617
AZD7762,5,NCIH146,0.7324489951133728,0.7803440746083632,0.9490798115730286
AZD7762,5,NCIH1651,0.016424840316176414,0.47910102953336264,0.6088053584098816
AZD7762,5,NCIH1792,-0.19083812832832336,0.5163377911747025,0.6508668065071106
AZD7762,5,NCIH1944,-0.40057724714279175,-0.5697195252966603,-0.5759086012840271
AZD7762,5,NCIH1963,-0.15317800641059875,-0.23134654669633797,-0.1936933696269989
AZD7762,5,NCIH2085,0.19925999641418457,-0.1918814597839068,-0.14911487698554993
AZD7762,5,NCIH2087,0.9526119828224182,-0.07618668598990608,-0.01842978224158287
AZD7762,5,NCIH211,-0.5866090059280396,0.5539602843685697,0.6933639645576477
AZD7762,5,NCIH2171,0.15237200260162354,0.08134185535195082,0.15950939059257507
AZD7762,5,NCIH2228,0.2920129597187042,-0.4153862204242928,-0.4015786647796631
AZD7762,5,NCIH2405,2.124346971511841,0.5675015198007957,0.7086597084999084
AZD7762,5,NCIH358,-0.05875450000166893,0.5356417821269713,0.6726719737052917
AZD7762,5,NCIH526,0.9206330180168152,0.012452845049232886,0.0816945806145668
AZD7762,5,NCIH82,0.28003498911857605,-0.3559460435329111,-0.33443695306777954
AZD7762,5,NCIH838,-1.0030674934387207,0.27111982679220614,0.3738764822483063
AZD7762,5,NUDUL1,-3.121006965637207,-1.3078548437688244,-1.4096825122833252
AZD7762,5,OCIM1,-1.3764760494232178,-0.4610974937211279,-0.4532126486301422
AZD7762,5,P31FUJ,-2.2074599266052246,-1.5516811931897574,-1.6851009130477905
AZD7762,5,REH,-0.5744609832763672,-1.520461316091302,-1.6498359441757202
AZD7762,5,RERFLCKJ,0.5628893375396729,0.2920465286478021,0.39751461148262024
AZD7762,5,SHP77,1.5568469762802124,0.2372267403297239,0.3355919420719147
AZD7762,5,SKMES1,-0.012991689145565033,0.4489814635612138,0.5747832655906677
AZD7762,5,SUPB15,-0.834663987159729,-1.1989115890980786,-1.2866237163543701
AZD7762,5,SUPM2,-2.5612740516662598,-1.3026900513066804,-1.4038485288619995
AZD8186,1,A3KAW,2.5974395275115967,2.51228164747123,2.5323357582092285
AZD8186,1,A4FUK,1.7074074745178223,1.6395835764472921,1.4822598695755005
AZD8186,1,CAL12T,2.214890956878662,2.3516289363383978,2.3390300273895264
AZD8186,1,CORL279,1.9001699686050415,3.0558262625926433,3.186357021331787
AZD8186,1,DAUDI,2.1665775775909424,1.7397997411778297,1.6028451919555664
AZD8186,1,DB,3.4257514476776123,0.6466233188538626,0.2874782383441925
AZD8186,1,DMS114,3.4755001068115234,2.745862073711386,2.813391923904419
AZD8186,1,DMS53,4.414656639099121,3.250748373852433,3.4208974838256836
AZD8186,1,DOHH2,0.3144510090351105,1.8090786135300498,1.6862051486968994
AZD8186,1,EHEB,-1.0553799867630005,2.0478275566773743,1.9734803438186646
AZD8186,1,HARA,3.105501413345337,2.377416337452717,2.37005877494812
AZD8186,1,HEL,3.575592041015625,2.738308582825298,2.8043031692504883
AZD8186,1,HH,0.43111100792884827,2.308137465100497,2.286698818206787
AZD8186,1,L1236,2.0109429359436035,1.6846453479205552,1.5364805459976196
AZD8186,1,L428,3.0341451168060303,2.449552066435026,2.4568562507629395
AZD8186,1,MHHCALL2,2.242224931716919,2.273025948128078,2.244450807571411
AZD8186,1,MOLP8,1.334591031074524,2.3989543178922634,2.3959743976593018
AZD8186,1,NCIH146,3.767285108566284,3.3538607270233705,3.5449676513671875
AZD8186,1,NCIH1648,0.9330304861068726,2.991233126513716,3.108635187149048
AZD8186,1,NCIH1876,2.531646490097046,3.34449856729837,3.5337026119232178
AZD8186,1,NCIH1915,4.366180419921875,2.4378313851073106,2.442753314971924
AZD8186,1,NCIH1944,1.442054033279419,2.4785866701054484,2.4917922019958496
AZD8186,1,NCIH2009,2.8821685314178467,2.618574824576334,2.66023325920105
AZD8186,1,NCIH2029,4.244915008544922,3.338920583459167,3.5269908905029297
AZD8186,1,NCIH2081,2.7077815532684326,3.1694959869737183,3.3231303691864014
AZD8186,1,NCIH2085,0.14362600445747375,2.689316800643118,2.7453536987304688
AZD8186,1,NCIH2087,4.101546764373779,1.939548073615249,1.8431928157806396
AZD8186,1,NCIH2122,2.3990368843078613,2.6286940968816905,2.6724092960357666
AZD8186,1,NCIH2347,2.9417595863342285,2.5770370644199065,2.610252857208252
AZD8186,1,NCIH292,0.6311309933662415,2.4716177073826815,2.4834067821502686
AZD8186,1,NCIH358,3.129828929901123,2.548216061210521,2.5755739212036133
AZD8186,1,NCIH460,2.015265941619873,2.4870173495267975,2.501936435699463
AZD8186,1,NCIH526,3.474736452102661,3.1730164316780316,3.327366352081299
AZD8186,1,NCIH650,4.477086544036865,2.544670848363695,2.571308135986328
AZD8186,1,NCIH838,1.5183069705963135,2.524177687247942,2.546649694442749
AZD8186,1,NCIH929,0.13729450106620789,2.5218403671752183,2.543837308883667
AZD8186,1,OCIAML2,2.4376604557037354,1.8368312181439685,1.7195985317230225
AZD8186,1,RCHACV,-0.5809419751167297,1.8374620131975048,1.7203575372695923
AZD8186,1,RERFLCKJ,2.303112030029297,2.9503593507217927,3.0594537258148193
AZD8186,1,SUDHL4,0.6790000200271606,1.1615846306295938,0.9071065783500671
AZD8186,1,SW1271,4.815106391906738,2.432667920901215,2.436540365219116
AZD8186,2,CORL23,2.6792869567871094,1.9837593170399432,2.0307042598724365
AZD8186,2,DMS273,1.255884051322937,1.9022301836199955,1.948067545890808
AZD8186,2,DMS79,3.9341208934783936,2.7110572354908773,2.7678825855255127
AZD8186,2,DND41,3.170036554336548,2.150716405981854,2.1999294757843018
AZD8186,2,EJM,2.7237539291381836,1.7684039088461458,1.8124232292175293
AZD8186,2,HCC366,2.619964599609375,2.5434568114992526,2.5980052947998047
AZD8186,2,JEKO1,1.0493954420089722,1.3309603030150532,1.3690369129180908
AZD8186,2,JURLMK1,2.9710099697113037,2.3978913774352555,2.4504623413085938
AZD8186,2,K562,4.161289691925049,2.2708085947538104,2.321653127670288
AZD8186,2,KARPAS422,0.0206300001591444,1.4656560798039917,1.5055625438690186
AZD8186,2,KCL22,2.971798896789551,2.0002119934758658,2.0473804473876953
AZD8186,2,KMS11,1.5974664688110352,2.388754137944893,2.4412009716033936
AZD8186,2,KOPN8,2.1775639057159424,0.9630940884796922,0.9961732029914856
AZD8186,2,LCLC97TM1,2.6760189533233643,2.340126005770311,2.3919122219085693
AZD8186,2,LP1,3.491002082824707,2.092559858379917,2.1409828662872314
AZD8186,2,LU65,4.872079849243164,2.6912284025765105,2.747784376144409
AZD8186,2,MEG01,3.8154189586639404,2.3282401849066727,2.3798649311065674
AZD8186,2,MM1S,0.8853570222854614,1.7381986813986765,1.7818076610565186
AZD8186,2,MOLT13,3.2129669189453125,1.9103957166787788,1.9563440084457397
AZD8186,2,MONOMAC6,0.4732314944267273,2.21020008204832,2.260221242904663
AZD8186,2,NCIH1092,4.628054141998291,3.0391569347297693,3.1004395484924316
AZD8186,2,NCIH1437,3.02685809135437,2.234126500544412,2.284472703933716
AZD8186,2,NCIH1650,1.5699604749679565,2.2665656413253856,2.317352533340454
AZD8186,2,NCIH1651,3.3331680297851562,3.012022073791959,3.0729360580444336
AZD8186,2,NCIH1792,2.3520069122314453,2.6470751537605244,2.703031301498413
AZD8186,2,NCIH1975,1.4676704406738281,2.5186341931715663,2.572845458984375
AZD8186,2,NCIH209,4.2949323654174805,2.554200859664056,2.6088953018188477
AZD8186,2,NCIH2110,2.1905195713043213,2.8596100023268556,2.9184534549713135
AZD8186,2,NCIH2172,4.466663360595703,2.3993257676119124,2.451916217803955
AZD8186,2,NCIH2196,2.4302399158477783,3.0319468777119143,3.0931315422058105
AZD8186,2,NCIH2228,1.987599492073059,2.816621107622783,2.87488055229187
AZD8186,2,NCIH2291,1.0764055252075195,2.730045145991084,2.787128448486328
AZD8186,2,NCIH524,3.5060694217681885,2.8544449745310163,2.9132182598114014
AZD8186,2,NOMO1,2.0686850547790527,1.8074521117447848,1.8520019054412842
AZD8186,2,OCIAML3,1.7791839838027954,2.358472463005227,2.410507917404175
AZD8186,2,P31FUJ,3.798274040222168,2.229648559286128,2.2799339294433594
AZD8186,2,PF382,2.7385220527648926,2.1294818801032855,2.1784064769744873
AZD8186,2,SKM1,1.012900948524475,2.2841824366501693,2.3352086544036865
AZD8186,2,SUDHL5,-2.2024834156036377,1.752817323691045,1.7966248989105225
AZD8186,2,SUPM2,2.0395495891571045,1.3565502189413383,1.3949744701385498
AZD8186,2,SW1573,2.619699478149414,2.488858247795661,2.5426650047302246
AZD8186,3,697,0.8415035009384155,1.795665445024081,1.6474136114120483
AZD8186,3,ALLSIL,2.5339465141296387,2.3074558814033157,2.3124170303344727
AZD8186,3,BL41,2.350926399230957,1.705312410232461,1.5300118923187256
AZD8186,3,BV173,3.767418384552002,1.8850473679735695,1.763553500175476
AZD8186,3,CALU3,4.26453971862793,2.3753524250344196,2.400639533996582
AZD8186,3,CORL88,4.328231334686279,2.9198424035850636,3.1081316471099854
AZD8186,3,EM2,2.434560537338257,1.925038551806663,1.815516710281372
AZD8186,3,EPLC272H,1.3796730041503906,2.3826853515642155,2.410167694091797
AZD8186,3,GDM1,0.21086299419403076,1.7827426390961527,1.630622148513794
AZD8186,3,HCC33,3.7148170471191406,3.032297980601258,3.2542526721954346
AZD8186,3,HCC827,3.3488705158233643,2.5407720841182777,2.6155803203582764
AZD8186,3,HDLM2,3.322950601577759,2.494377617241106,2.5552968978881836
AZD8186,3,IALM,4.081694602966309,2.266786433059228,2.2595725059509277
AZD8186,3,JVM2,-0.1567395031452179,1.42888297021367,1.1708287000656128
AZD8186,3,KG1,2.8243825435638428,2.1060796710306646,2.050755500793457
AZD8186,3,KU812,3.616758108139038,2.1127742417553073,2.0594542026519775
AZD8186,3,L363,2.02720308303833,2.1797263710923245,2.146449565887451
AZD8186,3,L540,3.510356903076172,2.5933814832967887,2.683939218521118
AZD8186,3,LOUCY,3.142220973968506,2.2144570370306633,2.191577434539795
AZD8186,3,ME1,4.247966289520264,2.20087688425825,2.173931837081909
AZD8186,3,MOLM13,1.338947057723999,2.046183217398037,1.9729280471801758
AZD8186,3,MOLT16,2.2085413932800293,2.118310267336592,2.066647529602051
AZD8186,3,NCIH1048,1.9524550437927246,2.9883376695479344,3.197132110595703
AZD8186,3,NCIH1341,1.7137614488601685,2.6271816800520478,2.727858066558838
AZD8186,3,NCIH1435,2.48116397857666,3.0718059479891453,3.3055880069732666
AZD8186,3,NCIH211,3.0775043964385986,2.6765024183809563,2.7919437885284424
AZD8186,3,NCIH647,1.0013680458068848,2.6021147925529236,2.695286989212036
AZD8186,3,NCIH661,2.732034921646118,2.7787835690114737,2.92484450340271
AZD8186,3,NCIH810,4.4921956062316895,2.866684374381428,3.03905987739563
AZD8186,3,OPM2,3.374006509780884,1.9423509484004984,1.8380118608474731
AZD8186,3,RAJI,2.6156725883483887,2.000557658253402,1.913643717765808
AZD8186,3,RL,0.730490505695343,1.1399053156369483,0.7953407764434814
AZD8186,3,RPMI8226,2.3812215328216553,2.10065373843101,2.0437052249908447
AZD8186,3,RS411,1.4436155557632446,1.5340636030037271,1.3074969053268433
AZD8186,3,SBC5,2.117246389389038,2.8059367185124944,2.9601263999938965
AZD8186,3,SKMES1,1.262223482131958,2.553100112712948,2.631598949432373
AZD8186,3,SKMM2,3.591261386871338,2.0775512767007775,2.0136866569519043
AZD8186,3,SUDHL1,-0.4002940058708191,2.158877879672672,2.1193597316741943
AZD8186,3,SUDHL10,0.9645264744758606,1.3209417559092307,1.0305734872817993
AZD8186,3,SUPB15,3.1603310108184814,1.8021798302354548,1.6558781862258911
AZD8186,3,THP1,1.3240070343017578,2.227876637538199,2.209014415740967
AZD8186,4,ABC1,3.2477025985717773,2.481890150391575,2.495372772216797
AZD8186,4,BEN,3.882387399673462,3.2191057521513384,3.238612651824951
AZD8186,4,CA46,1.8330285549163818,2.280740281266595,2.292579174041748
AZD8186,4,CMK,2.315537929534912,2.7769022962920906,2.7927956581115723
AZD8186,4,COLO668,3.2252988815307617,3.488434562265542,3.5101423263549805
AZD8186,4,CORL105,2.190908908843994,2.409219629013145,2.4221084117889404
AZD8186,4,CORL311,3.030428886413574,3.046096309332538,3.0641894340515137
AZD8186,4,EBC1,0.43861299753189087,2.7821364430174267,2.798072576522827
AZD8186,4,HCC15,3.100399971008301,2.5965047914009896,2.610924005508423
AZD8186,4,HCC78,0.35916998982429504,2.651162639948108,2.6660284996032715
AZD8186,4,HT,-1.0602965354919434,1.5876955522018275,1.5938711166381836
AZD8186,4,JM1,2.2642478942871094,1.5040647280535149,1.5095568895339966
AZD8186,4,JURKAT,1.379220962524414,2.5863893352030254,2.6007258892059326
AZD8186,4,JVM3,1.7251734733581543,1.9949094714915243,2.0044126510620117
AZD8186,4,KMH2,2.8623545169830322,2.0825124343228945,2.092731475830078
AZD8186,4,LCLC103H,3.373650074005127,2.415819009960926,2.4287617206573486
AZD8186,4,MOLM16,0.7585185170173645,2.5825128551451155,2.5968177318573
AZD8186,4,NAMALWA,1.7399364709854126,1.6091256855819955,1.615476369857788
AZD8186,4,NCIH1105,4.100978374481201,2.8599758409591645,2.8765480518341064
AZD8186,4,NCIH1155,2.7112374305725098,2.9127186251145702,2.9297218322753906
AZD8186,4,NCIH1836,3.8592374324798584,3.0653547909086685,3.0836052894592285
AZD8186,4,NCIH196,2.4138150215148926,3.0680911715059156,3.0863640308380127
AZD8186,4,NCIH2023,2.158281087875366,2.4551175596548775,2.468381404876709
AZD8186,4,NCIH2030,1.2671184539794922,2.823756813185302,2.8400330543518066
AZD8186,4,NCIH2170,2.2146453857421875,3.023867562411889,3.041779041290283
AZD8186,4,NCIH23,3.4515790939331055,2.727527074119642,2.7430169582366943
AZD8186,4,NCIH2342,2.3645989894866943,2.9015096572165224,2.9184212684631348
AZD8186,4,NCIH2444,3.6285200119018555,2.3380318754460307,2.350338935852051
AZD8186,4,NCIH441,4.199958324432373,2.3111769875485133,2.3232645988464355
AZD8186,4,NCIH446,0.42914000153541565,2.9743960903990567,2.991903305053711
AZD8186,4,NCIH727,5.37969970703125,3.4110416500698593,3.432116985321045
AZD8186,4,NCIH841,3.202908515930176,2.6558178687145766,2.6707217693328857
AZD8186,4,NUDUL1,0.750544011592865,1.5170848247048268,1.5226833820343018
AZD8186,4,OCILY19,2.1444039344787598,0.912777955238017,0.9134383201599121
AZD8186,4,OCIM1,2.7499001026153564,2.57661465546696,2.5908713340759277
AZD8186,4,PL21,1.343330979347229,2.03112211414084,2.040921211242676
AZD8186,4,RERFLCMS,1.2784265279769897,2.5833916374715673,2.597703695297241
AZD8186,4,SHP77,3.7373745441436768,3.0460996201378583,3.064192771911621
AZD8186,4,SUDHL6,-2.0774528980255127,1.270233781368579,1.2738151550292969
AZD8186,4,SUPT1,3.515925407409668,2.6819994807015965,2.697117328643799
AZD8186,5,A549,1.6507869958877563,2.2802449935061926,2.217538833618164
AZD8186,5,AMO1,2.1252200603485107,1.9953278511719446,1.9366763830184937
AZD8186,5,CALU6,4.746024131774902,3.292101883778635,3.214995861053467
AZD8186,5,CHAGOK1,2.1303324699401855,3.0955493313922156,3.021240472793579
AZD8186,5,CMLT1,3.340017080307007,1.9233160560867562,1.8656893968582153
AZD8186,5,CORL95,2.776865005493164,2.615265599764304,2.5477917194366455
AZD8186,5,GA10,0.5001760125160217,0.9208166891278551,0.8774567246437073
AZD8186,5,GRANTA519,3.564399480819702,1.3289057186472488,1.279738187789917
AZD8186,5,HCC44,0.9996864795684814,2.0397348950403105,1.9804514646530151
AZD8186,5,HL60,1.647017002105713,1.6150024147702946,1.5617634057998657
AZD8186,5,KMS12BM,2.080789089202881,2.704783501633781,2.636035680770874
AZD8186,5,KNS62,3.464350461959839,2.8173204791335307,2.7469711303710938
AZD8186,5,LAMA84,3.5247550010681152,2.6854970595123295,2.6170237064361572
AZD8186,5,LOUNH91,2.4225831031799316,2.8508026830100985,2.7799768447875977
AZD8186,5,LXF289,1.4756795167922974,2.3261285958901645,2.2627694606781006
AZD8186,5,NALM6,0.4771294891834259,2.4421454626483152,2.3771352767944336
AZD8186,5,NB4,1.0087230205535889,1.6381647927626464,1.5845961570739746
AZD8186,5,NCIH1436,3.2118194103240967,3.162719562453587,3.0874547958374023
AZD8186,5,NCIH1568,2.3248953819274902,2.634652414004343,2.5669026374816895
AZD8186,5,NCIH1623,2.186842441558838,2.9883231273381137,2.9155402183532715
AZD8186,5,NCIH1781,2.4897589683532715,2.371691974936763,2.3076844215393066
AZD8186,5,NCIH1793,2.563497543334961,2.7868030015934577,2.716887950897217
AZD8186,5,NCIH1963,4.47264289855957,2.689683423369271,2.621150493621826
AZD8186,5,NCIH2066,2.9624955654144287,3.223043689445712,3.1469204425811768
AZD8186,5,NCIH2171,1.3765250444412231,2.946232865455168,2.874048948287964
AZD8186,5,NCIH2227,4.049190998077393,3.2023996841877995,3.126570224761963
AZD8186,5,NCIH2405,2.8177599906921387,2.8459054910651367,2.775149345397949
AZD8186,5,NCIH522,4.325348854064941,2.761574771912154,2.692018747329712
AZD8186,5,NCIH596,3.0189950466156006,2.3483901643507594,2.2847142219543457
AZD8186,5,NCIH69,1.7562365531921387,3.284810998200757,3.20780873298645
AZD8186,5,NCIH82,3.978308916091919,3.1875417083105324,3.1119236946105957
AZD8186,5,OCIAML5,0.9980900287628174,2.4362738146412113,2.371347188949585
AZD8186,5,P12ICHIKAWA,2.769805431365967,2.761239311361598,2.691688060760498
AZD8186,5,REH,1.119920015335083,2.4886482279806823,2.42297625541687
AZD8186,5,RPMI8402,-0.045503001660108566,1.7106054065617036,1.656005859375
AZD8186,5,SIGM5,2.602679967880249,2.498473086296972,2.432661294937134
AZD8186,5,SKLU1,2.967092990875244,2.6750992336082478,2.606773853302002
AZD8186,5,ST486,3.9021100997924805,2.1089920196564576,2.048722982406616
AZD8186,5,SUDHL8,2.9804599285125732,0.896189120064653,0.8531796336174011
AZD8186,5,WSUDLCL2,0.6508010029792786,0.7283818122087891,0.6877604126930237
BMS-536924,1,A4FUK,-0.8984900116920471,1.008754166372704,0.9490445256233215
BMS-536924,1,ALLSIL,0.31018200516700745,2.0004818007181466,1.9728249311447144
BMS-536924,1,BV173,1.5765479803085327,1.8736108550953514,1.8418534994125366
BMS-536924,1,CORL105,1.2697429656982422,1.8240238526889059,1.7906638383865356
BMS-536924,1,CORL279,2.736694097518921,2.6867237187072694,2.681246280670166
BMS-536924,1,DAUDI,2.0061988830566406,1.8117748549798192,1.7780189514160156
BMS-536924,1,DMS114,1.9300800561904907,2.38375442060609,2.3684849739074707
BMS-536924,1,DMS53,2.8577775955200195,2.4421714915391446,2.4287900924682617
BMS-536924,1,DMS79,4.442217826843262,2.613030650009051,2.6051714420318604
BMS-536924,1,EM2,2.214301109313965,1.5978204677330596,1.5571495294570923
BMS-536924,1,HCC78,0.05159199982881546,1.6894016251920732,1.6516906023025513
BMS-536924,1,HH,2.8151910305023193,1.4452958323205491,1.3996952772140503
BMS-536924,1,HT,3.031291961669922,1.588321787055049,1.5473438501358032
BMS-536924,1,JVM2,2.9592220783233643,1.7834141520548445,1.748741626739502
BMS-536924,1,KG1,1.8101409673690796,2.1025798000536007,2.0782227516174316
BMS-536924,1,KU812,1.6099499464035034,1.8614586271587819,1.8293085098266602
BMS-536924,1,NAMALWA,1.4102129936218262,2.157504151965707,2.1349222660064697
BMS-536924,1,NB4,0.2065020054578781,1.050167183143419,0.9917960166931152
BMS-536924,1,NCIH1436,3.7542829513549805,2.636521685503179,2.6294217109680176
BMS-536924,1,NCIH1623,2.760910987854004,2.3480082671189333,2.3315834999084473
BMS-536924,1,NCIH1648,-0.2258940041065216,2.490346671464928,2.478522300720215
BMS-536924,1,NCIH1651,3.5808660984039307,2.358118514282924,2.3420205116271973
BMS-536924,1,NCIH1876,1.8803939819335938,3.0646632617406055,3.0714008808135986
BMS-536924,1,NCIH1915,3.460089921951294,1.5774707545799636,1.536142110824585
BMS-536924,1,NCIH1944,1.4895344972610474,1.662781276970686,1.6242098808288574
BMS-536924,1,NCIH196,3.974371910095215,2.176328528692575,2.154355049133301
BMS-536924,1,NCIH1975,0.03691300004720688,2.052755145866916,2.026787757873535
BMS-536924,1,NCIH2170,1.8639780282974243,2.432365641893478,2.4186673164367676
BMS-536924,1,NCIH2171,1.4208869934082031,2.732465797073462,2.728466749191284
BMS-536924,1,NCIH2172,2.4544460773468018,1.8598165434294331,1.827613353729248
BMS-536924,1,NCIH2228,0.3479529917240143,1.7548287307798478,1.7192323207855225
BMS-536924,1,NCIH23,2.3539888858795166,2.393582903754637,2.378631114959717
BMS-536924,1,NCIH2444,4.741772174835205,2.633364542805542,2.626162528991699
BMS-536924,1,NCIH524,2.0078699588775635,2.820680336456144,2.8195323944091797
BMS-536924,1,NCIH647,1.381248950958252,2.1210771457592648,2.097317934036255
BMS-536924,1,NCIH929,-1.584438443183899,1.1799287504197349,1.1257514953613281
BMS-536924,1,NOMO1,1.8751970529556274,1.0332582243362916,0.974340558052063
BMS-536924,1,RERFLCMS,1.1701414585113525,2.631035601550021,2.623758316040039
BMS-536924,1,SUDHL1,0.5741389989852905,1.5365304431359776,1.4938786029815674
BMS-536924,1,SUPT1,3.2141880989074707,2.3152548170023675,2.297771453857422
BMS-536924,1,SW1271,2.651925563812256,2.1223085930792207,2.0985891819000244
BMS-536924,2,A3KAW,0.67917400598526,0.6811675180897618,0.744929850101471
BMS-536924,2,CHAGOK1,2.7561213970184326,1.8634516528243124,1.9269766807556152
BMS-536924,2,DOHH2,1.5479304790496826,1.9007051190601214,1.9642226696014404
BMS-536924,2,EBC1,4.030487537384033,1.7547450553895427,1.8182919025421143
BMS-536924,2,EJM,1.9424099922180176,1.5227329448623372,1.5863263607025146
BMS-536924,2,HARA,1.2049574851989746,1.773255059183461,1.8367981910705566
BMS-536924,2,HCC15,1.6165465116500854,1.9246602656199192,1.988173007965088
BMS-536924,2,HDLM2,1.79578697681427,2.058426109246878,2.1219120025634766
BMS-536924,2,HL60,1.132925033569336,1.5609501732286666,1.6245359182357788
BMS-536924,2,JM1,1.913830041885376,1.7625055880864595,1.826050877571106
BMS-536924,2,KARPAS422,3.975411891937256,1.8931767334457386,1.956695795059204
BMS-536924,2,KMH2,1.9766099452972412,0.8840402811968502,0.9477618932723999
BMS-536924,2,KMS12BM,1.0557130575180054,1.497480302384647,1.5610787868499756
BMS-536924,2,L363,-0.7302219867706299,0.6842913092635219,0.7480530142784119
BMS-536924,2,LOUCY,3.0480740070343018,1.755234507764377,1.8187812566757202
BMS-536924,2,LOUNH91,1.8850024938583374,2.0673361694336316,2.1308202743530273
BMS-536924,2,LU65,0.5674880146980286,1.519878143836598,1.5834721326828003
BMS-536924,2,MEG01,2.272139072418213,2.312564567180359,2.3759994506835938
BMS-536924,2,MOLM13,-1.8632299900054932,1.5537648215929436,1.61735200881958
BMS-536924,2,NCIH1092,3.111867904663086,3.3650712691684372,3.4282948970794678
BMS-536924,2,NCIH1105,3.2313685417175293,3.040463592580973,3.103752374649048
BMS-536924,2,NCIH1650,1.9828410148620605,2.384742159434008,2.44816255569458
BMS-536924,2,NCIH1792,0.7552245259284973,1.9850444999211034,2.0485451221466064
BMS-536924,2,NCIH1793,2.27195143699646,2.4951177835053016,2.558516025543213
BMS-536924,2,NCIH1836,2.3603920936584473,2.9700375363532237,3.0333404541015625
BMS-536924,2,NCIH2029,2.8023529052734375,2.6552246304570857,2.71859073638916
BMS-536924,2,NCIH2030,1.3591045141220093,2.195163244757119,2.2586216926574707
BMS-536924,2,NCIH2081,3.772639036178589,2.665236405611797,2.72860050201416
BMS-536924,2,NCIH2085,3.074263095855713,2.388394988412187,2.451814651489258
BMS-536924,2,NCIH358,1.3991190195083618,2.0027830647710076,2.0662801265716553
BMS-536924,2,NCIH446,2.2986199855804443,1.974256278027069,2.0377590656280518
BMS-536924,2,NCIH526,2.6747779846191406,2.8485539068874552,2.9118812084198
BMS-536924,2,NCIH661,2.1653120517730713,2.6817311294935475,2.7450919151306152
BMS-536924,2,NCIH82,3.2935380935668945,2.2021348112264407,2.265591859817505
BMS-536924,2,OPM2,-0.6385179758071899,0.16714071424655988,0.2310062199831009
BMS-536924,2,RCHACV,1.2241564989089966,1.8808898691889042,1.9444113969802856
BMS-536924,2,SHP77,2.530811071395874,2.22658501412249,2.290037155151367
BMS-536924,2,SUDHL4,1.672258973121643,1.8031056923872748,1.8666428327560425
BMS-536924,2,SUDHL5,0.7170534729957581,1.739238894148414,1.8027888536453247
BMS-536924,2,SUPB15,2.279794454574585,1.6894896670514563,1.753049612045288
BMS-536924,2,THP1,2.8679580688476562,1.100147872289426,1.1638261079788208
BMS-536924,3,697,0.9869199991226196,1.8262796040794251,1.8398059606552124
BMS-536924,3,ABC1,1.631330966949463,2.0932108725164023,2.12239933013916
BMS-536924,3,BEN,2.8043954372406006,2.288462729302488,2.3291075229644775
BMS-536924,3,BL41,1.8288079500198364,1.8196814422333667,1.8328206539154053
BMS-536924,3,CALU6,3.1987550258636475,1.667109041531856,1.6712961196899414
BMS-536924,3,CMK,3.1408300399780273,1.908259206127544,1.926595687866211
BMS-536924,3,COLO668,1.0375100374221802,2.8824137263119365,2.9579083919525146
BMS-536924,3,DB,3.9031529426574707,1.8951268405890622,1.9126927852630615
BMS-536924,3,DND41,1.0902650356292725,2.1161572113616245,2.1466920375823975
BMS-536924,3,EHEB,2.7776894569396973,1.1718325263074414,1.1469594240188599
BMS-536924,3,HCC33,3.7153913974761963,2.591916918524737,2.65036678314209
BMS-536924,3,HCC366,1.8204164505004883,1.7405020362496841,1.7489954233169556
BMS-536924,3,HCC827,2.152984619140625,1.8871338730227942,1.9042308330535889
BMS-536924,3,IALM,2.666987895965576,1.8895146252099575,1.906751275062561
BMS-536924,3,JEKO1,1.4443269968032837,1.264135514843719,1.244678258895874
BMS-536924,3,JURKAT,2.1953070163726807,1.8100318684060406,1.8226048946380615
BMS-536924,3,JURLMK1,3.708846092224121,1.2995560582978496,1.2821770906448364
BMS-536924,3,KNS62,4.2047600746154785,1.9637439178275193,1.9853359460830688
BMS-536924,3,L1236,0.06619899719953537,1.44698917362953,1.438260793685913
BMS-536924,3,L428,2.1722209453582764,1.974469069618795,1.9966903924942017
BMS-536924,3,L540,1.3195359706878662,1.6784617264044852,1.6833149194717407
BMS-536924,3,ME1,3.454598903656006,1.2824614401007146,1.2640794515609741
BMS-536924,3,MOLT16,1.6512199640274048,1.5987902480063911,1.598968744277954
BMS-536924,3,NCIH1568,2.7950034141540527,2.299946370746733,2.3412649631500244
BMS-536924,3,NCIH2122,-0.19447800517082214,1.6291718348140871,1.631132960319519
BMS-536924,3,NCIH522,3.812502384185791,2.4641510480382607,2.515104293823242
BMS-536924,3,NCIH596,1.398398518562317,2.0748082650364745,2.102916955947876
BMS-536924,3,NCIH727,1.3873175382614136,2.3541090178660204,2.3986055850982666
BMS-536924,3,OCIAML5,-0.868507981300354,1.7196257796164856,1.7268942594528198
BMS-536924,3,PL21,-0.1866459995508194,1.3149125461085183,1.2984346151351929
BMS-536924,3,RAJI,3.3472940921783447,1.8268089478826628,1.8403663635253906
BMS-536924,3,RL,2.353606939315796,1.6135446508743005,1.6145888566970825
BMS-536924,3,RPMI8226,1.8945649862289429,1.0288182662981304,0.9955538511276245
BMS-536924,3,RS411,1.3760169744491577,1.4403475472635716,1.4312294721603394
BMS-536924,3,SBC5,2.7162415981292725,2.4658718376577204,2.5169260501861572
BMS-536924,3,SIGM5,0.3693925142288208,1.518660815715983,1.5141377449035645
BMS-536924,3,SKLU1,2.4728055000305176,1.9836564106632468,2.0064167976379395
BMS-536924,3,SKM1,-0.11881700158119202,1.5235274907161818,1.5192899703979492
BMS-536924,3,SKMES1,2.6890804767608643,1.8591525186145483,1.8746076822280884
BMS-536924,3,SW1573,2.279672384262085,2.018623053910857,2.0434350967407227
BMS-536924,3,WSUDLCL2,2.1185450553894043,1.7348868932086172,1.7430508136749268
BMS-536924,4,A549,0.6117374897003174,2.260098858197824,2.2056756019592285
BMS-536924,4,CAL12T,1.234753966331482,1.8489623661022545,1.8343100547790527
BMS-536924,4,CALU3,3.376777410507202,1.9802383625834206,1.9528871774673462
BMS-536924,4,CORL23,1.7698609828948975,1.7526021682824402,1.747271180152893
BMS-536924,4,CORL95,1.9306634664535522,2.6883346712002485,2.5924863815307617
BMS-536924,4,GA10,1.8689980506896973,1.8280968499504326,1.8154629468917847
BMS-536924,4,HCC44,1.0140310525894165,1.5417807549244733,1.5568434000015259
BMS-536924,4,HEL,1.082932949066162,1.225501915431493,1.2711595296859741
BMS-536924,4,JVM3,1.827247977256775,1.3841590764943796,1.4144691228866577
BMS-536924,4,K562,2.509460926055908,1.2134290272996258,1.2602545022964478
BMS-536924,4,KMS11,-0.5034245252609253,1.861151656946603,1.845320224761963
BMS-536924,4,KOPN8,2.0574541091918945,1.2853921668097155,1.32525634765625
BMS-536924,4,LAMA84,1.6330749988555908,1.8395055035563193,1.825767993927002
BMS-536924,4,LCLC97TM1,1.1765915155410767,1.0384625528547249,1.1022132635116577
BMS-536924,4,MM1S,-1.3320729732513428,0.7671592403180243,0.8571542501449585
BMS-536924,4,NCIH1341,1.214158058166504,2.3358664659535835,2.274113893508911
BMS-536924,4,NCIH1435,3.7654690742492676,1.9843941505803637,1.9566409587860107
BMS-536924,4,NCIH1437,0.3312169909477234,2.0194316309887754,1.9882891178131104
BMS-536924,4,NCIH146,3.6383368968963623,2.9961760297246185,2.870548963546753
BMS-536924,4,NCIH2009,1.8873729705810547,2.6796078991366747,2.584603786468506
BMS-536924,4,NCIH2087,2.2550714015960693,1.9113513165228766,1.8906638622283936
BMS-536924,4,NCIH211,2.463279962539673,2.5404741916596056,2.4589290618896484
BMS-536924,4,NCIH2110,-0.2809720039367676,1.5122716115037067,1.530188798904419
BMS-536924,4,NCIH2196,4.083503723144531,2.8992701117051354,2.783017158508301
BMS-536924,4,NCIH2227,3.7659010887145996,2.701931088711795,2.6047675609588623
BMS-536924,4,NCIH2342,2.7504489421844482,2.6660822206884953,2.5723865032196045
BMS-536924,4,NCIH292,-0.45972999930381775,2.2140638290014145,2.1640937328338623
BMS-536924,4,NCIH441,3.015477418899536,1.7227735112937421,1.7203279733657837
BMS-536924,4,NCIH460,1.10704505443573,2.4916531519638,2.4148306846618652
BMS-536924,4,NCIH650,2.6112875938415527,2.236571256883363,2.1844239234924316
BMS-536924,4,NCIH69,2.580059051513672,2.643373133685605,2.5518741607666016
BMS-536924,4,NCIH841,2.9798359870910645,2.8558793509296585,2.743823766708374
BMS-536924,4,OCIAML3,1.678717017173767,1.4714000060296255,1.4932708740234375
BMS-536924,4,P12ICHIKAWA,2.3988544940948486,1.8045163263143111,1.794163465499878
BMS-536924,4,P31FUJ,2.830996036529541,1.0977540297357535,1.1557692289352417
BMS-536924,4,PF382,2.5049169063568115,1.8161580492968878,1.804679036140442
BMS-536924,4,REH,1.7075680494308472,1.9856714129969033,1.9577946662902832
BMS-536924,4,RERFLCKJ,2.0525994300842285,2.6202208717297553,2.530961513519287
BMS-536924,4,SUDHL6,0.8085920214653015,2.1934814010789245,2.1455023288726807
BMS-536924,4,SUDHL8,3.1048669815063477,1.5874457237968516,1.5980910062789917
BMS-536924,5,AMO1,-0.032281000167131424,0.9413847095214447,1.033524751663208
BMS-536924,5,CA46,2.175563097000122,2.0966336105683325,2.0950493812561035
BMS-536924,5,CMLT1,2.5953705310821533,2.1037534416700896,2.1015915870666504
BMS-536924,5,CORL311,1.495252013206482,3.086024956329718,3.0041723251342773
BMS-536924,5,CORL88,4.626126766204834,2.160855317407186,2.1540608406066895
BMS-536924,5,DMS273,2.7628273963928223,2.039395773041975,2.0424551963806152
BMS-536924,5,EPLC272H,1.3154784440994263,2.131657523163394,2.1272318363189697
BMS-536924,5,GDM1,-0.9149159789085388,1.8882546543641237,1.9035760164260864
BMS-536924,5,GRANTA519,3.2800419330596924,1.621907455219875,1.6588373184204102
BMS-536924,5,KCL22,2.262662887573242,1.6877286591005207,1.7193185091018677
BMS-536924,5,LCLC103H,3.513288974761963,1.299800613803887,1.3628627061843872
BMS-536924,5,LP1,1.5203429460525513,1.2873505097311604,1.351422667503357
BMS-536924,5,LXF289,1.5554540157318115,1.6721764726394175,1.7050280570983887
BMS-536924,5,MHHCALL2,1.740085482597351,1.693580983827202,1.7246960401535034
BMS-536924,5,MOLM16,1.143265962600708,1.9860213001362306,1.9934109449386597
BMS-536924,5,MOLP8,0.2061839997768402,1.219185781269207,1.288788080215454
BMS-536924,5,MOLT13,2.547045946121216,2.0643564374792183,2.0653908252716064
BMS-536924,5,MONOMAC6,-0.5492619872093201,1.7642364855639847,1.7896193265914917
BMS-536924,5,NALM6,1.1726219654083252,1.5476747832394926,1.5906270742416382
BMS-536924,5,NCIH1048,2.506309986114502,2.4377536962831186,2.408494710922241
BMS-536924,5,NCIH1155,2.960200071334839,2.848780196548434,2.786175012588501
BMS-536924,5,NCIH1781,3.6508595943450928,2.3440537091428566,2.3223965167999268
BMS-536924,5,NCIH1963,2.632049560546875,2.8578937879339343,2.7945492267608643
BMS-536924,5,NCIH2023,2.227013111114502,2.068620552068368,2.0693089962005615
BMS-536924,5,NCIH2066,2.400524616241455,2.246266565314735,2.2325427532196045
BMS-536924,5,NCIH209,3.7755820751190186,2.8894524911862858,2.823547601699829
BMS-536924,5,NCIH2291,2.219461441040039,2.0730912040320444,2.0734169483184814
BMS-536924,5,NCIH2347,3.0730528831481934,2.1327838783679396,2.1282668113708496
BMS-536924,5,NCIH2405,2.702430486679077,2.2293177866194767,2.2169690132141113
BMS-536924,5,NCIH810,3.3004300594329834,2.7494834617090143,2.694934129714966
BMS-536924,5,NCIH838,0.5179665088653564,2.284061088569584,2.267271041870117
BMS-536924,5,NUDUL1,1.9405720233917236,1.5671932138048768,1.6085619926452637
BMS-536924,5,OCIAML2,0.494515985250473,1.6039252112447953,1.6423139572143555
BMS-536924,5,OCILY19,1.658041000366211,2.0909169881618483,2.089796543121338
BMS-536924,5,OCIM1,-0.29204100370407104,1.4127537243921293,1.4666520357131958
BMS-536924,5,RPMI8402,2.2172019481658936,1.8162394050001995,1.8374032974243164
BMS-536924,5,SKMM2,1.4759019613265991,1.5033066112615012,1.5498584508895874
BMS-536924,5,ST486,3.0169849395751953,1.4786889649261725,1.5272380113601685
BMS-536924,5,SUDHL10,2.100189447402954,1.5039639761338155,1.5504624843597412
BMS-536924,5,SUPM2,0.4229480028152466,0.7286757984532289,0.8380727171897888
BOSUTINIB,1,A4FUK,0.06999800354242325,1.4858090473250944,1.385982632637024
BOSUTINIB,1,A549,1.814874529838562,2.775370124840578,2.8603761196136475
BOSUTINIB,1,ABC1,2.4197895526885986,2.937225921768076,3.0454306602478027
BOSUTINIB,1,BV173,-2.670542001724243,0.3647922697377787,0.10429085046052933
BOSUTINIB,1,CMK,1.8089560270309448,2.558228637524681,2.612111806869507
BOSUTINIB,1,CORL311,2.9927520751953125,2.210003504387932,2.213975667953491
BOSUTINIB,1,CORL88,2.6908764839172363,2.8918898247559155,2.9935965538024902
BOSUTINIB,1,DMS273,3.846276044845581,2.4364001800763386,2.4728217124938965
BOSUTINIB,1,DND41,1.3500374555587769,1.208451281299284,1.068871259689331
BOSUTINIB,1,EJM,1.3689899444580078,2.1771229061363337,2.176382303237915
BOSUTINIB,1,GDM1,1.006862998008728,0.4660553977657013,0.22006799280643463
BOSUTINIB,1,HCC33,3.22285795211792,2.7100643579254124,2.785710096359253
BOSUTINIB,1,HCC827,-0.14719699323177338,2.792348848506805,2.879788398742676
BOSUTINIB,1,L1236,1.2691919803619385,1.9181865787972585,1.8803327083587646
BOSUTINIB,1,LAMA84,-3.0326240062713623,0.06857025802065042,-0.2343885749578476
BOSUTINIB,1,MEG01,-2.874763011932373,0.7341902845407027,0.5266345739364624
BOSUTINIB,1,MOLM16,0.34987449645996094,0.31263620131515424,0.044659268110990524
BOSUTINIB,1,NB4,0.24709449708461761,0.692502628953535,0.47897183895111084
BOSUTINIB,1,NCIH1048,2.2572829723358154,2.5602538811872058,2.614427328109741
BOSUTINIB,1,NCIH1341,3.057941436767578,2.2208543645587984,2.226381778717041
BOSUTINIB,1,NCIH1437,3.749066114425659,2.623711654966324,2.6869804859161377
BOSUTINIB,1,NCIH1651,3.227499485015869,2.847016038822814,2.942291021347046
BOSUTINIB,1,NCIH1793,2.7423019409179688,2.770847734055038,2.855205535888672
BOSUTINIB,1,NCIH1876,3.453028440475464,2.8255856160516064,2.9177889823913574
BOSUTINIB,1,NCIH1915,3.3523430824279785,2.6562196100522577,2.7241477966308594
BOSUTINIB,1,NCIH2029,2.4056684970855713,3.1655049980476697,3.306428909301758
BOSUTINIB,1,NCIH2110,1.8150689601898193,2.9299903467472492,3.0371580123901367
BOSUTINIB,1,NCIH2291,4.198833465576172,3.1749956168253477,3.317279815673828
BOSUTINIB,1,NCIH23,2.0411179065704346,2.750048740218151,2.831425428390503
BOSUTINIB,1,NCIH292,0.8416879773139954,2.538476047384103,2.5895280838012695
BOSUTINIB,1,NCIH358,2.4170150756835938,3.0668527767913183,3.193636894226074
BOSUTINIB,1,NCIH460,2.1729209423065186,2.9089550883850697,3.0131077766418457
BOSUTINIB,1,NCIH727,3.1689324378967285,2.9582495024485107,3.069467544555664
BOSUTINIB,1,NOMO1,2.370919942855835,1.1680359716971753,1.0226632356643677
BOSUTINIB,1,OCIAML2,0.8172845244407654,0.7365926547645611,0.529381275177002
BOSUTINIB,1,OCIAML5,0.9744595289230347,2.196295574260285,2.198302984237671
BOSUTINIB,1,OCILY19,0.20937450230121613,0.9157339230341072,0.734198808670044
BOSUTINIB,1,PL21,1.290561556816101,1.3176687808488425,1.1937428712844849
BOSUTINIB,1,REH,1.9515634775161743,0.6613548109957741,0.4433596134185791
BOSUTINIB,1,SUDHL5,-0.6175400018692017,1.351964568156837,1.2329542636871338
BOSUTINIB,1,SW1573,3.2846434116363525,2.329858016561413,2.351008892059326
BOSUTINIB,2,A3KAW,0.1361680030822754,1.7634277973753312,1.7729803323745728
BOSUTINIB,2,DMS53,3.6713414192199707,2.610342726303532,2.6047070026397705
BOSUTINIB,2,EPLC272H,1.4546810388565063,2.3701529699145985,2.3688247203826904
BOSUTINIB,2,HARA,1.842726230621338,2.4947626858525456,2.4911997318267822
BOSUTINIB,2,HH,3.30383038520813,0.44103110613150964,0.47429901361465454
BOSUTINIB,2,HL60,1.2901979684829712,0.8558802265547869,0.8817083835601807
BOSUTINIB,2,JM1,1.5396945476531982,1.2482458944335206,1.2670375108718872
BOSUTINIB,2,JURLMK1,-2.7443885803222656,0.6404656938723289,0.6701570153236389
BOSUTINIB,2,JVM3,-0.14498299360275269,1.1946129868660087,1.2143664360046387
BOSUTINIB,2,K562,-0.47774800658226013,0.6603634386093565,0.6896979212760925
BOSUTINIB,2,KMH2,2.1859796047210693,1.146967695617598,1.1675755977630615
BOSUTINIB,2,KMS12BM,0.015027499757707119,1.36106185007898,1.3778302669525146
BOSUTINIB,2,KNS62,3.1077284812927246,2.4809346144952897,2.4776196479797363
BOSUTINIB,2,LCLC103H,3.2360663414001465,2.5549879557099606,2.550344944000244
BOSUTINIB,2,LCLC97TM1,2.141413927078247,2.3962750340303547,2.3944783210754395
BOSUTINIB,2,LU65,3.32879638671875,2.4534333605521037,2.4506115913391113
BOSUTINIB,2,ME1,1.859199047088623,0.5210545840547245,0.5528873801231384
BOSUTINIB,2,MOLM13,0.29703450202941895,0.5521228924134052,0.5833985209465027
BOSUTINIB,2,MOLT13,1.0207535028457642,0.5434549477560295,0.5748860239982605
BOSUTINIB,2,NALM6,1.3025469779968262,0.33536273318351073,0.37052565813064575
BOSUTINIB,2,NCIH1092,3.574622392654419,2.7536048861124973,2.7453999519348145
BOSUTINIB,2,NCIH1105,2.7356724739074707,2.6503564681371827,2.64400315284729
BOSUTINIB,2,NCIH1792,1.1509629487991333,2.8908394935476855,2.880173444747925
BOSUTINIB,2,NCIH2023,2.974255084991455,2.3566861438421896,2.3555994033813477
BOSUTINIB,2,NCIH2030,1.4669090509414673,2.7820689752705374,2.7733535766601562
BOSUTINIB,2,NCIH2066,3.685839891433716,2.434254100640684,2.431776285171509
BOSUTINIB,2,NCIH2081,2.7660930156707764,2.4405962860044887,2.438004732131958
BOSUTINIB,2,NCIH2085,2.307490587234497,2.8032528066315416,2.7941575050354004
BOSUTINIB,2,NCIH2087,3.3924050331115723,2.3828417105448474,2.3812859058380127
BOSUTINIB,2,NCIH2342,2.2047009468078613,2.916706161131413,2.905576229095459
BOSUTINIB,2,NCIH2347,3.0559821128845215,2.632045847761504,2.626020908355713
BOSUTINIB,2,NCIH446,3.297893524169922,2.7041696341885646,2.6968512535095215
BOSUTINIB,2,NCIH647,1.6882305145263672,2.7166129319539074,2.709071397781372
BOSUTINIB,2,NCIH810,3.0489308834075928,2.946512538716818,2.9348480701446533
BOSUTINIB,2,NCIH841,2.398252487182617,2.480489127198452,2.477182149887085
BOSUTINIB,2,P12ICHIKAWA,2.1067919731140137,0.1482237010483165,0.18674270808696747
BOSUTINIB,2,P31FUJ,1.1924035549163818,1.1096069702307267,1.1308848857879639
BOSUTINIB,2,RS411,0.2366960048675537,-0.09796677378099955,-0.055032677948474884
BOSUTINIB,2,SUDHL1,2.330657958984375,1.497899888849654,1.5122143030166626
BOSUTINIB,2,SUDHL6,-0.4333229959011078,1.111254666298103,1.1325030326843262
BOSUTINIB,2,SUDHL8,2.432305097579956,0.814485656180217,0.8410561680793762
BOSUTINIB,3,697,-1.0040684938430786,-0.049557440490037574,0.11671555787324905
BOSUTINIB,3,CA46,1.6625055074691772,0.8041816950179935,0.9139925837516785
BOSUTINIB,3,CAL12T,2.3441476821899414,2.7035451942767477,2.68774151802063
BOSUTINIB,3,CHAGOK1,3.6508419513702393,2.6737748139978352,2.659940004348755
BOSUTINIB,3,CORL23,3.209094524383545,2.081144139901932,2.1065030097961426
BOSUTINIB,3,DMS114,3.6963229179382324,2.6119266243016934,2.602182149887085
BOSUTINIB,3,DOHH2,-0.11050350219011307,0.5096425652473769,0.6389328241348267
BOSUTINIB,3,EBC1,3.738395929336548,2.562265581911004,2.5558054447174072
BOSUTINIB,3,HCC15,3.0629544258117676,2.5398494618399186,2.534871816635132
BOSUTINIB,3,HCC78,4.546510696411133,2.4537765851313518,2.454491376876831
BOSUTINIB,3,HDLM2,0.9757339954376221,1.972255593819175,2.0048158168792725
BOSUTINIB,3,HEL,1.2044775485992432,0.5211223953999518,0.649653434753418
BOSUTINIB,3,HT,3.2862260341644287,1.0973107859380986,1.1877355575561523
BOSUTINIB,3,JURKAT,1.1066315174102783,0.902877329893625,1.0061609745025635
BOSUTINIB,3,JVM2,0.2133519947528839,0.6400975827873316,0.7607601881027222
BOSUTINIB,3,L428,1.6656324863433838,1.2145643370791588,1.2972345352172852
BOSUTINIB,3,L540,1.0646259784698486,0.6322194406817584,0.7534030675888062
BOSUTINIB,3,LP1,3.298543930053711,1.5791940523052954,1.637749433517456
BOSUTINIB,3,MOLP8,1.3242859840393066,1.3482356626833434,1.4220654964447021
BOSUTINIB,3,MONOMAC6,0.38032498955726624,0.7177425222310684,0.8332700729370117
BOSUTINIB,3,NCIH1155,2.1841769218444824,2.75970165735089,2.7401840686798096
BOSUTINIB,3,NCIH1435,2.938101053237915,2.329454202613692,2.338391065597534
BOSUTINIB,3,NCIH1648,2.2592360973358154,2.9154457203982513,2.8856279850006104
BOSUTINIB,3,NCIH1781,2.887347936630249,3.0755712947171094,3.035163640975952
BOSUTINIB,3,NCIH1975,2.841872453689575,3.181224129702387,3.133829116821289
BOSUTINIB,3,NCIH2009,2.7977120876312256,2.6513783522630687,2.6390247344970703
BOSUTINIB,3,NCIH2444,3.816958427429199,2.737640408545822,2.7195818424224854
BOSUTINIB,3,NCIH650,3.383992910385132,2.7526213373361816,2.733572006225586
BOSUTINIB,3,NCIH82,1.5018349885940552,2.699644418684323,2.684098720550537
BOSUTINIB,3,NCIH838,1.8387049436569214,2.3669018014828147,2.3733620643615723
BOSUTINIB,3,RAJI,2.376729965209961,1.131660665018577,1.2198137044906616
BOSUTINIB,3,RCHACV,0.18445000052452087,0.9554455083318927,1.0552525520324707
BOSUTINIB,3,RERFLCKJ,2.3734889030456543,2.4310421021331283,2.433260440826416
BOSUTINIB,3,SKLU1,0.5051703453063965,2.878629741322025,2.8512468338012695
BOSUTINIB,3,SKM1,0.45837050676345825,0.49641365376855673,0.6265788078308105
BOSUTINIB,3,SKMES1,2.7065300941467285,2.519347859483841,2.515726089477539
BOSUTINIB,3,SKMM2,2.6937174797058105,1.245618253537855,1.3262346982955933
BOSUTINIB,3,ST486,0.5709350109100342,0.24688771019031847,0.39355528354644775
BOSUTINIB,3,SUDHL10,0.9661870002746582,0.9318357187613389,1.033204197883606
BOSUTINIB,3,SUPT1,1.638564944267273,0.7107814925753865,0.8267694115638733
BOSUTINIB,3,THP1,2.74446439743042,1.0961349876534652,1.1866375207901
BOSUTINIB,4,ALLSIL,-2.382524013519287,1.103532329694384,1.1056815385818481
BOSUTINIB,4,AMO1,1.534603476524353,1.7968558108512738,1.7546595335006714
BOSUTINIB,4,CALU6,4.074760437011719,3.022066415151474,2.9015047550201416
BOSUTINIB,4,COLO668,3.1322929859161377,3.0516288244119476,2.9291763305664062
BOSUTINIB,4,CORL105,1.7919379472732544,2.736052531669345,2.633784532546997
BOSUTINIB,4,DAUDI,1.2169674634933472,0.4333376328735148,0.47835299372673035
BOSUTINIB,4,DB,1.3843225240707397,0.9835589425799389,0.9933817386627197
BOSUTINIB,4,EHEB,1.6678880453109741,0.6855184796758632,0.7144041657447815
BOSUTINIB,4,GA10,0.026220999658107758,0.8890128111995083,0.9048828482627869
BOSUTINIB,4,GRANTA519,1.3882780075073242,0.5269569063233585,0.565984308719635
BOSUTINIB,4,JEKO1,0.32329151034355164,0.7767061957413213,0.7997594475746155
BOSUTINIB,4,KARPAS422,2.862945556640625,0.5210576948633996,0.5604624152183533
BOSUTINIB,4,KCL22,-1.2759469747543335,-1.2788502284620644,-1.1243220567703247
BOSUTINIB,4,KG1,1.0466660261154175,0.9590084624184745,0.9704015254974365
BOSUTINIB,4,KMS11,2.3819189071655273,1.793704538461532,1.7517098188400269
BOSUTINIB,4,LOUCY,1.7200310230255127,1.2335782246210125,1.2274096012115479
BOSUTINIB,4,LOUNH91,-0.4931269884109497,2.4250523591784487,2.3426761627197266
BOSUTINIB,4,MM1S,1.1668980121612549,1.1380256702669342,1.13796865940094
BOSUTINIB,4,MOLT16,0.4960010051727295,0.9027949157692247,0.9177834391593933
BOSUTINIB,4,NCIH1436,3.737065076828003,3.4675921950774518,3.3185343742370605
BOSUTINIB,4,NCIH1568,2.086738109588623,2.6196036944815937,2.5247838497161865
BOSUTINIB,4,NCIH1623,3.524184465408325,2.382579463042866,2.302919864654541
BOSUTINIB,4,NCIH1963,2.885650396347046,2.709156172207079,2.6086084842681885
BOSUTINIB,4,NCIH209,0.18524199724197388,2.765430276164013,2.661283254623413
BOSUTINIB,4,NCIH2122,2.909214496612549,2.41139710019959,2.3298943042755127
BOSUTINIB,4,NCIH2170,2.1195404529571533,2.4366235807589183,2.3535072803497314
BOSUTINIB,4,NCIH2196,4.6893720626831055,3.3275332671287314,3.1874337196350098
BOSUTINIB,4,NCIH2227,4.153347015380859,2.5531641135545184,2.4625937938690186
BOSUTINIB,4,NCIH2405,4.340216636657715,2.787208747158199,2.681668758392334
BOSUTINIB,4,NCIH524,1.745402455329895,2.816858776666173,2.7094223499298096
BOSUTINIB,4,NCIH596,3.8219149112701416,3.0212233249793075,2.9007155895233154
BOSUTINIB,4,NCIH661,1.889917016029358,2.651743514452688,2.55486798286438
BOSUTINIB,4,NCIH929,1.0360150337219238,0.20492973205232562,0.2645542323589325
BOSUTINIB,4,OCIM1,1.6653685569763184,1.1427086413727858,1.1423521041870117
BOSUTINIB,4,RERFLCMS,2.6363489627838135,2.7984582699811327,2.6921987533569336
BOSUTINIB,4,SBC5,2.4068734645843506,2.758194983284688,2.654510736465454
BOSUTINIB,4,SHP77,2.545816421508789,2.889766973306947,2.777667284011841
BOSUTINIB,4,SIGM5,1.070032000541687,1.0952445750049713,1.0979238748550415
BOSUTINIB,4,SUPB15,-0.2438105046749115,0.6240024434702325,0.6568227410316467
BOSUTINIB,4,SW1271,4.581206798553467,2.995029455757172,2.876197099685669
BOSUTINIB,5,BEN,3.1090478897094727,2.6464480766749423,2.664027452468872
BOSUTINIB,5,BL41,1.0398759841918945,0.964141421564902,0.8706164360046387
BOSUTINIB,5,CALU3,2.775130033493042,2.6198482532567335,2.6356709003448486
BOSUTINIB,5,CMLT1,-2.0043985843658447,1.0450175902110264,0.9568338990211487
BOSUTINIB,5,CORL279,2.522847890853882,2.4493612233271853,2.4539244174957275
BOSUTINIB,5,CORL95,3.9573779106140137,3.0062177556896326,3.0475573539733887
BOSUTINIB,5,DMS79,3.9153308868408203,3.0453510484037642,3.0892751216888428
BOSUTINIB,5,EM2,-2.380760431289673,0.31939502884542004,0.18328914046287537
BOSUTINIB,5,HCC366,2.2387194633483887,2.2562778965736414,2.24808931350708
BOSUTINIB,5,HCC44,2.9257121086120605,2.072757319952234,2.0524485111236572
BOSUTINIB,5,IALM,3.9872488975524902,2.118162826695454,2.1008527278900146
BOSUTINIB,5,KOPN8,0.8038855195045471,0.5743551056587936,0.4550875127315521
BOSUTINIB,5,KU812,-3.0978593826293945,1.0919653190933474,1.0068821907043457
BOSUTINIB,5,L363,0.7495635151863098,1.5545253924519244,1.4999910593032837
BOSUTINIB,5,LXF289,2.685698986053467,2.568068996197414,2.580471992492676
BOSUTINIB,5,MHHCALL2,1.801946997642517,0.7091399698328129,0.5987739562988281
BOSUTINIB,5,NAMALWA,1.1178815364837646,1.2301500553887237,1.1541930437088013
BOSUTINIB,5,NCIH146,3.128612995147705,2.83389927057434,2.863858461380005
BOSUTINIB,5,NCIH1650,2.0490314960479736,2.644316038295934,2.661754608154297
BOSUTINIB,5,NCIH1836,4.2986979484558105,2.6819173407765384,2.7018392086029053
BOSUTINIB,5,NCIH1944,2.133570909500122,2.0254440939839067,2.0020105838775635
BOSUTINIB,5,NCIH196,2.3778610229492188,1.6384283600503105,1.5894352197647095
BOSUTINIB,5,NCIH211,2.2182300090789795,2.4587770365858286,2.4639620780944824
BOSUTINIB,5,NCIH2171,2.728916883468628,3.083103984370257,3.129521369934082
BOSUTINIB,5,NCIH2172,3.8251309394836426,2.3460323959194715,2.343771457672119
BOSUTINIB,5,NCIH2228,3.3445870876312256,2.6200159894136887,2.635849714279175
BOSUTINIB,5,NCIH441,5.258869647979736,2.340396013749349,2.3377628326416016
BOSUTINIB,5,NCIH522,3.113640069961548,2.42826806611772,2.4314382076263428
BOSUTINIB,5,NCIH526,1.5432840585708618,2.1381254422070395,2.122133731842041
BOSUTINIB,5,NCIH69,3.558265447616577,2.768730195225788,2.7943854331970215
BOSUTINIB,5,NUDUL1,0.26772499084472656,1.0768255653906507,0.990742564201355
BOSUTINIB,5,OCIAML3,1.3015179634094238,1.8173862895543196,1.7802120447158813
BOSUTINIB,5,OPM2,1.9533029794692993,1.4838780542172068,1.4246779680252075
BOSUTINIB,5,PF382,0.6471834778785706,1.2220848536658857,1.1455951929092407
BOSUTINIB,5,RL,1.9854979515075684,0.8019968053135869,0.6977633237838745
BOSUTINIB,5,RPMI8226,1.208072543144226,1.5372285517707802,1.4815518856048584
BOSUTINIB,5,RPMI8402,0.6846640110015869,0.7874677230463126,0.6822746992111206
BOSUTINIB,5,SUDHL4,0.7798935174942017,0.6795326371203921,0.5672112703323364
BOSUTINIB,5,SUPM2,1.2468794584274292,1.2314367035366767,1.1555646657943726
BOSUTINIB,5,WSUDLCL2,0.6117225289344788,1.33656310342643,1.2676339149475098
CCT007093,1,A549,5.363218784332275,4.435322499218901,4.426721572875977
CCT007093,1,ABC1,4.732544422149658,4.444375688052849,4.435396194458008
CCT007093,1,ALLSIL,3.750877618789673,4.186169705244491,4.187987327575684
CCT007093,1,CMLT1,4.02191686630249,4.142861005560451,4.14648962020874
CCT007093,1,CORL88,5.340653896331787,4.963068866159388,4.932399749755859
CCT007093,1,DOHH2,2.841146945953369,3.9822731513291023,3.992616891860962
CCT007093,1,EHEB,4.691428184509277,4.4254437145034915,4.417255878448486
CCT007093,1,EM2,4.71107292175293,4.0973059286558495,4.102839469909668
CCT007093,1,GA10,4.493373870849609,3.9447140128364113,3.9566283226013184
CCT007093,1,HT,4.642698764801025,3.976609683017495,3.9871902465820312
CCT007093,1,JEKO1,3.8049449920654297,3.792883745297006,3.8111469745635986
CCT007093,1,JURKAT,4.1323018074035645,4.080598435872089,4.0868306159973145
CCT007093,1,KG1,4.4264116287231445,4.21101770280759,4.211796283721924
CCT007093,1,KNS62,4.671409606933594,4.61231652115491,4.596314430236816
CCT007093,1,LOUNH91,5.362028121948242,4.964117905410815,4.933404922485352
CCT007093,1,MOLP8,4.076300621032715,4.479768321620925,4.469308853149414
CCT007093,1,MOLT16,4.110215187072754,4.119929445453351,4.12451696395874
CCT007093,1,NALM6,3.6394383907318115,3.984894754164263,3.995128870010376
CCT007093,1,NCIH1048,4.0846848487854,4.243340353860459,4.242767333984375
CCT007093,1,NCIH1568,4.695689678192139,4.994874959933804,4.962875843048096
CCT007093,1,NCIH1623,4.335447311401367,4.686199639021677,4.667108058929443
CCT007093,1,NCIH1792,4.482779502868652,4.8506882969400795,4.824718475341797
CCT007093,1,NCIH2030,4.58380651473999,4.4168672712117,4.409038066864014
CCT007093,1,NCIH2066,5.356537342071533,4.409412523590078,4.401895046234131
CCT007093,1,NCIH2087,4.683917999267578,5.005924707343049,4.973463535308838
CCT007093,1,NCIH209,4.231978416442871,4.913484841541526,4.884889125823975
CCT007093,1,NCIH211,4.275934219360352,4.674600987298235,4.655994415283203
CCT007093,1,NCIH2170,5.116247177124023,4.839966001061877,4.814444541931152
CCT007093,1,NCIH2171,4.0097270011901855,4.64740409729361,4.629934787750244
CCT007093,1,NCIH2196,5.8483991622924805,4.5010954687552545,4.489744186401367
CCT007093,1,NCIH2405,5.493832588195801,4.934528330054738,4.905052661895752
CCT007093,1,NCIH838,4.229939937591553,4.768981177597537,4.7464280128479
CCT007093,1,NCIH929,3.8433754444122314,4.180178038931785,4.182246208190918
CCT007093,1,OCIAML2,3.856128454208374,3.842229894790494,3.8584296703338623
CCT007093,1,OCIM1,3.784452438354492,3.8258889188040186,3.8427720069885254
CCT007093,1,RCHACV,3.742116928100586,4.020178154280874,4.028936862945557
CCT007093,1,RS411,3.9344675540924072,3.898373649433351,3.9122257232666016
CCT007093,1,SKLU1,6.177367210388184,5.0028193919118795,4.97048807144165
CCT007093,1,SKM1,3.016190528869629,3.958223379078759,3.9695727825164795
CCT007093,1,SUPB15,4.237812042236328,4.0318330400818345,4.040104389190674
CCT007093,1,SW1573,5.386300563812256,4.834776043588853,4.809471607208252
CCT007093,2,A4FUK,3.9376564025878906,4.167171236854358,4.157764434814453
CCT007093,2,CORL279,4.039268493652344,4.795200742137563,4.795951843261719
CCT007093,2,DMS114,5.1103057861328125,4.567023076573083,4.564083576202393
CCT007093,2,EBC1,5.153332233428955,4.805320532324281,4.806235313415527
CCT007093,2,HCC33,4.374689102172852,4.69400800199218,4.693122386932373
CCT007093,2,HCC366,4.65850830078125,4.741826192624991,4.741714000701904
CCT007093,2,HCC827,5.311761856079102,5.021786720401972,5.02620267868042
CCT007093,2,HDLM2,4.660562992095947,4.421615966096937,4.416324615478516
CCT007093,2,HEL,3.735599994659424,3.87629648298293,3.862185001373291
CCT007093,2,JVM2,5.229118824005127,4.410384997983755,4.404911994934082
CCT007093,2,KMH2,4.022830486297607,4.277012207229789,4.269381999969482
CCT007093,2,KMS11,4.142510414123535,4.256220322625168,4.24825382232666
CCT007093,2,L1236,4.449137210845947,4.199144818591469,4.190255165100098
CCT007093,2,LAMA84,3.6850318908691406,4.307502967071786,4.300365924835205
CCT007093,2,LCLC97TM1,3.9326865673065186,4.544392680517495,4.5410871505737305
CCT007093,2,ME1,4.5487895011901855,4.062047141697183,4.050940036773682
CCT007093,2,MHHCALL2,2.89266300201416,4.159826106751758,4.1503005027771
CCT007093,2,NAMALWA,4.090837001800537,3.9557787866693626,3.942952871322632
CCT007093,2,NB4,3.1661455631256104,4.034376089693078,4.022821426391602
CCT007093,2,NCIH1341,4.482038974761963,4.735240774119919,4.735022068023682
CCT007093,2,NCIH1435,4.340704917907715,4.096638654875065,4.086091041564941
CCT007093,2,NCIH1436,5.0309600830078125,4.814658087036581,4.815723896026611
CCT007093,2,NCIH1651,3.8114004135131836,4.830322035669745,4.83164119720459
CCT007093,2,NCIH1876,4.626778602600098,4.785028865485543,4.78561544418335
CCT007093,2,NCIH196,5.293245315551758,4.793598731393918,4.794323921203613
CCT007093,2,NCIH2009,5.010273456573486,4.69904443471378,4.698240280151367
CCT007093,2,NCIH2110,3.7994394302368164,4.788070527360268,4.788706302642822
CCT007093,2,NCIH2122,4.700928211212158,4.629222762598759,4.627289295196533
CCT007093,2,NCIH2172,5.290996551513672,4.694032872106243,4.693147659301758
CCT007093,2,NCIH2228,5.387187957763672,5.067495643813728,5.072650909423828
CCT007093,2,NCIH23,4.391045570373535,4.715166368843662,4.714622974395752
CCT007093,2,NCIH2347,4.84887170791626,5.039829753531411,5.044537544250488
CCT007093,2,NCIH441,6.4296746253967285,4.891113040895062,4.893415451049805
CCT007093,2,NCIH446,4.465426445007324,4.574737504407157,4.571922779083252
CCT007093,2,NCIH460,3.6764423847198486,4.797262146120233,4.798046588897705
CCT007093,2,NCIH522,3.7442824840545654,4.354960775674392,4.348591327667236
CCT007093,2,PF382,4.52284049987793,4.060463431603509,4.049330711364746
CCT007093,2,RERFLCMS,4.063350200653076,4.5777763507972695,4.575010776519775
CCT007093,2,SBC5,3.7322475910186768,4.396327283321153,4.390626907348633
CCT007093,2,SIGM5,3.87504506111145,4.0875324391482994,4.076837539672852
CCT007093,2,SKMES1,4.82488489151001,4.768734717546956,4.769057750701904
CCT007093,3,697,3.9416069984436035,4.035745964754156,4.032290458679199
CCT007093,3,A3KAW,3.9071919918060303,4.434003162083152,4.425459384918213
CCT007093,3,BEN,5.373843193054199,4.516021824922257,4.506430149078369
CCT007093,3,CA46,4.444094181060791,3.9721091464198315,3.9694666862487793
CCT007093,3,CALU3,5.588751792907715,4.817799575781576,4.804352283477783
CCT007093,3,CALU6,4.269638538360596,4.827683856359284,4.814110279083252
CCT007093,3,CMK,2.957292079925537,4.6476193513354165,4.636346340179443
CCT007093,3,EJM,4.380674839019775,4.0857165480090405,4.08162260055542
CCT007093,3,EPLC272H,5.0706939697265625,4.765665115621486,4.7528839111328125
CCT007093,3,GDM1,4.812371730804443,3.9460329806873875,3.943723678588867
CCT007093,3,HL60,4.323789596557617,3.983802292847985,3.9810104370117188
CCT007093,3,JVM3,4.606157302856445,4.374245382906351,4.366465091705322
CCT007093,3,KARPAS422,4.993485450744629,3.9241947292331307,3.9221644401550293
CCT007093,3,KMS12BM,3.7636144161224365,4.253404932956549,4.24716854095459
CCT007093,3,KOPN8,4.3267951011657715,3.9241150328738987,3.922085762023926
CCT007093,3,L428,4.437846660614014,4.51036145138384,4.500842094421387
CCT007093,3,LP1,4.061011791229248,4.229377205160484,4.223447799682617
CCT007093,3,LU65,5.351126670837402,4.7582113324962325,4.745525360107422
CCT007093,3,MEG01,4.770575046539307,4.150583588324963,4.145660877227783
CCT007093,3,MOLM13,3.23319411277771,4.179805586709997,4.174509525299072
CCT007093,3,MONOMAC6,4.577422142028809,4.28210576545303,4.275502681732178
CCT007093,3,NCIH1155,4.365318775177002,5.035624698817761,5.019394397735596
CCT007093,3,NCIH1437,2.8983614444732666,4.453901652454528,4.445103645324707
CCT007093,3,NCIH1650,5.06682014465332,4.975747616606232,4.960282325744629
CCT007093,3,NCIH2023,4.16340970993042,4.974075925095312,4.958631992340088
CCT007093,3,NCIH2342,5.494854927062988,4.68925417842288,4.6774492263793945
CCT007093,3,NCIH292,3.6103274822235107,4.804421213611846,4.791144847869873
CCT007093,3,NCIH69,5.068002223968506,4.7812981602451226,4.768317222595215
CCT007093,3,NCIH82,4.756522178649902,4.422081069750296,4.413689613342285
CCT007093,3,OCIAML3,3.511631965637207,3.8380688058441548,3.8371388912200928
CCT007093,3,OCIAML5,4.299857139587402,4.273340614962233,4.266849517822266
CCT007093,3,RAJI,3.938612937927246,4.151183484556272,4.1462531089782715
CCT007093,3,RERFLCKJ,4.31915807723999,4.655965733684067,4.644586086273193
CCT007093,3,RL,3.8821020126342773,3.943592581566059,3.941314458847046
CCT007093,3,RPMI8226,4.12282133102417,4.203831382473111,4.198228359222412
CCT007093,3,RPMI8402,4.009474277496338,4.1791419333913025,4.173854351043701
CCT007093,3,SHP77,4.577150821685791,4.513675370903175,4.504113674163818
CCT007093,3,SKMM2,5.2126264572143555,4.24428283937804,4.238162994384766
CCT007093,3,SUDHL5,3.484760046005249,3.967660399045858,3.9650747776031494
CCT007093,3,SUPT1,4.878239154815674,4.1440697392304084,4.139230251312256
CCT007093,3,WSUDLCL2,3.723311424255371,4.0194613420177685,4.016213893890381
CCT007093,4,AMO1,4.254080772399902,4.114663641783635,4.1001877784729
CCT007093,4,BL41,3.512815475463867,4.089191439317739,4.072473526000977
CCT007093,4,BV173,4.17149543762207,3.9168290684861335,3.8849399089813232
CCT007093,4,CAL12T,3.825765609741211,4.5579420225328215,4.582483291625977
CCT007093,4,CHAGOK1,3.054865598678589,4.785016314142438,4.829544544219971
CCT007093,4,CORL311,2.8919520378112793,4.584458164130422,4.61133337020874
CCT007093,4,CORL95,5.2785444259643555,4.571514546029773,4.597250461578369
CCT007093,4,DB,5.254435062408447,4.182720409157289,4.174234867095947
CCT007093,4,DMS273,4.812819480895996,4.577419244569424,4.60367488861084
CCT007093,4,DND41,4.058398723602295,4.079058392859247,4.061448574066162
CCT007093,4,HARA,4.669595718383789,4.410346033859971,4.421895980834961
CCT007093,4,HCC15,4.861907482147217,4.69414145655377,4.730670928955078
CCT007093,4,IALM,5.447353839874268,4.64287229977622,4.674889087677002
CCT007093,4,JM1,3.4496235847473145,4.025964314778417,4.003681182861328
CCT007093,4,KCL22,3.988473892211914,4.2066933186888615,4.200317859649658
CCT007093,4,KU812,4.156462669372559,4.051569310509178,4.0315399169921875
CCT007093,4,LXF289,4.680118560791016,4.617529384482387,4.647315502166748
CCT007093,4,MM1S,4.091098308563232,4.165215802583239,4.155189514160156
CCT007093,4,MOLM16,3.0157010555267334,4.242002302771507,4.238734722137451
CCT007093,4,NCIH1092,5.750356197357178,4.6422078951903,4.674166202545166
CCT007093,4,NCIH146,4.468382835388184,4.789611048759056,4.834543704986572
CCT007093,4,NCIH1648,4.141479969024658,4.752023980878512,4.7936482429504395
CCT007093,4,NCIH1781,4.5592122077941895,4.862118362682858,4.913433074951172
CCT007093,4,NCIH1944,5.0315961837768555,4.583131546266581,4.609889984130859
CCT007093,4,NCIH2085,5.269324779510498,4.507774655418204,4.527900218963623
CCT007093,4,NCIH2227,5.497461795806885,4.730650839159394,4.7703938484191895
CCT007093,4,NCIH2291,5.9709954261779785,5.1660843372647935,5.24415397644043
CCT007093,4,NCIH2444,5.550791263580322,4.74777459640286,4.789024829864502
CCT007093,4,NCIH526,4.53296422958374,4.422176467496083,4.434767723083496
CCT007093,4,NCIH596,4.770084381103516,4.84969408457846,4.8999152183532715
CCT007093,4,NCIH647,4.458669185638428,4.916159962343346,4.972231388092041
CCT007093,4,NCIH650,4.697355270385742,4.9656817701208515,5.026112079620361
CCT007093,4,NCIH661,3.9559614658355713,4.60535491549011,4.634069442749023
CCT007093,4,NCIH727,4.676576137542725,4.767612507736437,4.810608863830566
CCT007093,4,NCIH841,4.447320938110352,4.47435194926287,4.491535663604736
CCT007093,4,OCILY19,3.8318674564361572,3.993745294108064,3.9686262607574463
CCT007093,4,PL21,4.4697980880737305,3.991249832556459,3.9659111499786377
CCT007093,4,ST486,4.161134719848633,4.011247051981712,3.987668514251709
CCT007093,4,SUDHL4,3.62249755859375,4.064758355105944,4.045889854431152
CCT007093,4,SUDHL8,4.229053020477295,4.201295688820656,4.1944451332092285
CCT007093,5,COLO668,4.64783239364624,4.617517224449147,4.630856037139893
CCT007093,5,CORL105,4.552807807922363,4.512036047803858,4.523570537567139
CCT007093,5,CORL23,4.948492527008057,4.7282064972719,4.743438720703125
CCT007093,5,DAUDI,4.016520977020264,4.063035241966848,4.06688928604126
CCT007093,5,DMS53,4.886361598968506,4.631901958899876,4.645486831665039
CCT007093,5,DMS79,5.223897457122803,4.786829810487409,4.803064823150635
CCT007093,5,GRANTA519,4.755258560180664,4.213518232643538,4.219946384429932
CCT007093,5,HCC44,4.1333208084106445,4.624745456230959,4.638207912445068
CCT007093,5,HCC78,4.803720474243164,4.595298076889981,4.608256816864014
CCT007093,5,HH,4.535707473754883,4.03665064886472,4.040053367614746
CCT007093,5,JURLMK1,3.1819024085998535,4.2609555547892555,4.268195152282715
CCT007093,5,K562,4.794238090515137,4.409644380008105,4.419427394866943
CCT007093,5,L363,4.12420129776001,4.269464127795359,4.276849269866943
CCT007093,5,L540,4.50253963470459,4.347639015678704,4.356361389160156
CCT007093,5,LCLC103H,5.280076503753662,4.456432389595915,4.467015743255615
CCT007093,5,LOUCY,3.516218423843384,4.273290618118563,4.280741214752197
CCT007093,5,MOLT13,4.02469539642334,4.009647216357221,4.012588024139404
CCT007093,5,NCIH1105,3.8315765857696533,4.546101281798542,4.558218479156494
CCT007093,5,NCIH1793,5.490945816040039,4.715014903947433,4.7300214767456055
CCT007093,5,NCIH1836,5.547465801239014,4.730133806965442,4.745398998260498
CCT007093,5,NCIH1915,5.2985029220581055,4.662026779862641,4.676126956939697
CCT007093,5,NCIH1963,4.5938005447387695,4.59020296578577,4.603074550628662
CCT007093,5,NCIH1975,5.365114212036133,4.899560784530151,4.917724132537842
CCT007093,5,NCIH2029,4.480923175811768,4.666540088162258,4.680717468261719
CCT007093,5,NCIH2081,4.871256351470947,4.580243401901166,4.592944622039795
CCT007093,5,NCIH358,5.425440311431885,5.075611687820975,5.0967864990234375
CCT007093,5,NCIH524,4.495762348175049,4.836641694442367,4.853728771209717
CCT007093,5,NCIH810,4.2089362144470215,4.610422136903035,4.6236395835876465
CCT007093,5,NOMO1,3.62192702293396,4.104168840896957,4.108726501464844
CCT007093,5,NUDUL1,4.173523902893066,3.952815255693166,3.9547839164733887
CCT007093,5,OPM2,4.080896377563477,4.150786200830559,4.15614128112793
CCT007093,5,P12ICHIKAWA,3.6064469814300537,4.120596214203138,4.125434875488281
CCT007093,5,P31FUJ,4.280460357666016,4.181324050214635,4.187201499938965
CCT007093,5,REH,4.146496772766113,4.2362188560127905,4.243035316467285
CCT007093,5,SUDHL1,4.500335216522217,4.304497939222994,4.3124823570251465
CCT007093,5,SUDHL10,3.5352234840393066,4.068205832725805,4.072148323059082
CCT007093,5,SUDHL6,3.7230989933013916,4.063252304576459,4.067110061645508
CCT007093,5,SUPM2,3.657109022140503,3.9541567776313977,3.956148386001587
CCT007093,5,SW1271,6.111413955688477,4.763540820865324,4.779377460479736
CCT007093,5,THP1,4.136926651000977,4.253500884043206,4.260612964630127
DACTOLISIB,1,A4FUK,-3.384692430496216,-2.9848495862281874,-2.980975866317749
DACTOLISIB,1,ABC1,-0.16095249354839325,-1.1665098949064705,-1.211641788482666
DACTOLISIB,1,ALLSIL,-1.491263508796692,-2.474672883676947,-2.484548807144165
DACTOLISIB,1,AMO1,-3.191831588745117,-2.5034431345776267,-2.5125436782836914
DACTOLISIB,1,BL41,-2.4052274227142334,-2.3201344998883835,-2.3341753482818604
DACTOLISIB,1,COLO668,-0.6638540029525757,-0.6948656140833298,-0.7527086734771729
DACTOLISIB,1,DB,-3.679781436920166,-2.438349336252577,-2.449204206466675
DACTOLISIB,1,EBC1,-2.8360440731048584,-1.7304063470177822,-1.7603408098220825
DACTOLISIB,1,EM2,-1.5941599607467651,-2.542250716133024,-2.5503053665161133
DACTOLISIB,1,GDM1,-1.0310825109481812,-2.2926236626228866,-2.307405948638916
DACTOLISIB,1,HCC15,-2.111868381500244,-1.5687914797277198,-1.6030815839767456
DACTOLISIB,1,HCC44,-2.8702499866485596,-2.1607397779190194,-2.1790764331817627
DACTOLISIB,1,HH,-1.9325095415115356,-2.341927501241309,-2.3553810119628906
DACTOLISIB,1,L540,-2.5392494201660156,-1.8681449124815461,-1.8943672180175781
DACTOLISIB,1,LCLC97TM1,-1.738502025604248,-1.9858275608271372,-2.008878231048584
DACTOLISIB,1,LXF289,-2.858405113220215,-1.9586662475987193,-1.982448935508728
DACTOLISIB,1,ME1,-0.6683719754219055,-2.0559952769649024,-2.0771548748016357
DACTOLISIB,1,MOLM13,-3.585500478744507,-2.2912145404797086,-2.306034803390503
DACTOLISIB,1,MONOMAC6,-2.575793504714966,-1.282471507965384,-1.3244781494140625
DACTOLISIB,1,NAMALWA,-3.1646153926849365,-3.0677016068535266,-3.0615949630737305
DACTOLISIB,1,NCIH1048,-1.4640995264053345,-1.37651528090734,-1.4159873723983765
DACTOLISIB,1,NCIH146,-2.146462917327881,-0.43096847300256447,-0.4959237575531006
DACTOLISIB,1,NCIH196,0.40536099672317505,-1.9757184386947713,-1.9990415573120117
DACTOLISIB,1,NCIH1975,-3.066545009613037,-1.521677281177548,-1.557237148284912
DACTOLISIB,1,NCIH2029,-0.5033435225486755,-0.5552772542151281,-0.61688232421875
DACTOLISIB,1,NCIH2081,-0.8069329857826233,-1.5652559332201583,-1.5996413230895996
DACTOLISIB,1,NCIH2087,-1.0191835165023804,-1.9777170840298268,-2.000986337661743
DACTOLISIB,1,NCIH2347,-1.1659364700317383,-1.4452679943713351,-1.4828871488571167
DACTOLISIB,1,NCIH292,-3.2850754261016846,-1.714318440427812,-1.744686484336853
DACTOLISIB,1,NCIH441,1.2865054607391357,-1.8319709510541173,-1.8591681718826294
DACTOLISIB,1,NCIH446,-2.4222424030303955,-1.3446577514457072,-1.3849884271621704
DACTOLISIB,1,NCIH460,-2.9973204135894775,-2.04930004786347,-2.0706400871276855
DACTOLISIB,1,NCIH524,-1.4306634664535522,-1.1609861165034443,-1.2062668800354004
DACTOLISIB,1,NCIH810,-0.9821125268936157,-1.2563200533551384,-1.2990314960479736
DACTOLISIB,1,NCIH841,-2.7081644535064697,-1.4291095214142573,-1.467164158821106
DACTOLISIB,1,NUDUL1,-3.183499574661255,-2.503596028373026,-2.512692451477051
DACTOLISIB,1,OCILY19,-2.1744964122772217,-2.9107191275375417,-2.9088432788848877
DACTOLISIB,1,RAJI,-2.225484609603882,-2.4655681071653235,-2.47568941116333
DACTOLISIB,1,RERFLCKJ,-1.9298839569091797,-1.439503236725079,-1.4772777557373047
DACTOLISIB,1,SUDHL5,-5.143810272216797,-2.4570011541807864,-2.467353343963623
DACTOLISIB,1,SUPB15,-2.90026593208313,-3.125438126341295,-3.1177754402160645
DACTOLISIB,2,A3KAW,-3.269990921020508,-2.2453106171826445,-2.2800722122192383
DACTOLISIB,2,CAL12T,-2.683589458465576,-2.2226513149067637,-2.2531137466430664
DACTOLISIB,2,CORL95,0.8998929858207703,-1.5310916017912781,-1.4303439855575562
DACTOLISIB,2,DMS79,-0.7753394842147827,-1.4003178570615606,-1.2747584581375122
DACTOLISIB,2,EHEB,-2.5771429538726807,-2.3420156504478666,-2.395125150680542
DACTOLISIB,2,GA10,-4.364689826965332,-2.7308064887105807,-2.8576815128326416
DACTOLISIB,2,HCC78,-2.479156970977783,-1.732491400988414,-1.6699554920196533
DACTOLISIB,2,HDLM2,-0.938911497592926,-2.4726970121088385,-2.55060076713562
DACTOLISIB,2,HEL,-2.3965680599212646,-2.5774063068313904,-2.6751766204833984
DACTOLISIB,2,JM1,-1.3606220483779907,-2.7331489305556245,-2.8604683876037598
DACTOLISIB,2,JVM3,-3.6148815155029297,-2.0517328182692514,-2.049766778945923
DACTOLISIB,2,KARPAS422,-2.6834044456481934,-2.8155406000786747,-2.9584922790527344
DACTOLISIB,2,KCL22,-3.240267515182495,-1.8052164148094971,-1.7564786672592163
DACTOLISIB,2,KG1,-0.9268454909324646,-1.6817150812831876,-1.609545350074768
DACTOLISIB,2,KMS12BM,-2.5819199085235596,-2.243917055664086,-2.278414249420166
DACTOLISIB,2,L1236,-3.2104899883270264,-2.5342547966514566,-2.623837947845459
DACTOLISIB,2,LCLC103H,-1.4864189624786377,-2.170494158899606,-2.191060781478882
DACTOLISIB,2,LOUCY,-2.1843299865722656,-1.7919358977838415,-1.7406784296035767
DACTOLISIB,2,MEG01,-2.035172939300537,-2.065239182840408,-2.06583571434021
DACTOLISIB,2,NALM6,-2.8076250553131104,-2.668340704852376,-2.7833640575408936
DACTOLISIB,2,NB4,-2.855884075164795,-2.3141889082356095,-2.3620188236236572
DACTOLISIB,2,NCIH1781,0.2657639980316162,-1.3191203539303844,-1.1781553030014038
DACTOLISIB,2,NCIH1793,-3.275987386703491,-1.806613282880408,-1.7581405639648438
DACTOLISIB,2,NCIH1944,-1.7293150424957275,-2.307107876274397,-2.3535943031311035
DACTOLISIB,2,NCIH2066,0.30074501037597656,-1.3156171118126556,-1.1739873886108398
DACTOLISIB,2,NCIH211,-1.8586515188217163,-1.394199132033353,-1.2674788236618042
DACTOLISIB,2,NCIH2110,-1.6050695180892944,-1.3830256904444083,-1.254185438156128
DACTOLISIB,2,NCIH2122,-2.3507330417633057,-1.9391934071799108,-1.9158751964569092
DACTOLISIB,2,NCIH2196,-1.9961400032043457,-1.1435737861841067,-0.9693021774291992
DACTOLISIB,2,NCIH2228,-2.306278944015503,-1.8208061077595634,-1.7750262022018433
DACTOLISIB,2,NCIH23,-1.247889518737793,-1.7521831226276001,-1.6933833360671997
DACTOLISIB,2,NCIH2342,-0.019497500732541084,-1.644016777321692,-1.5646945238113403
DACTOLISIB,2,NCIH596,-1.340956449508667,-1.5489377662252346,-1.4515761137008667
DACTOLISIB,2,NCIH650,-1.5369914770126343,-1.7798530540995243,-1.7263031005859375
DACTOLISIB,2,NCIH661,-0.7029809951782227,-1.6610255824221285,-1.584930419921875
DACTOLISIB,2,OCIM1,-2.7292964458465576,-2.398699376426437,-2.4625635147094727
DACTOLISIB,2,REH,-1.9489660263061523,-2.1508708728742523,-2.1677143573760986
DACTOLISIB,2,RPMI8226,-3.070861577987671,-2.4175449212591644,-2.4849846363067627
DACTOLISIB,2,SUDHL6,-4.146506309509277,-2.477700527207397,-2.556553602218628
DACTOLISIB,2,SUDHL8,-1.2047539949417114,-2.5626959564098595,-2.657675266265869
DACTOLISIB,2,SW1573,-0.9381355047225952,-1.8147336744642848,-1.7678016424179077
DACTOLISIB,3,697,-3.9874160289764404,-1.9576640603291675,-1.876959204673767
DACTOLISIB,3,BV173,-3.487044095993042,-2.3177563019826826,-2.2321383953094482
DACTOLISIB,3,CALU6,-0.5539504885673523,-1.9409110503829707,-1.8604347705841064
DACTOLISIB,3,CHAGOK1,-0.5202879905700684,-1.4019325042307724,-1.3288099765777588
DACTOLISIB,3,CMLT1,-2.747802495956421,-2.353956252574058,-2.2678444385528564
DACTOLISIB,3,DMS273,-2.562840461730957,-1.6769912886752505,-1.6001158952713013
DACTOLISIB,3,EJM,-2.237826108932495,-2.7826250442365996,-2.690664529800415
DACTOLISIB,3,EPLC272H,-2.963728904724121,-1.290738188108732,-1.2191327810287476
DACTOLISIB,3,GRANTA519,-1.718564510345459,-2.862370710690058,-2.769322156906128
DACTOLISIB,3,HCC33,-0.05564500018954277,-1.8101431341553424,-1.7314510345458984
DACTOLISIB,3,HT,-2.6791930198669434,-3.196907109898902,-3.0992941856384277
DACTOLISIB,3,JURKAT,-3.048628568649292,-2.220023058418824,-2.1357386112213135
DACTOLISIB,3,JVM2,-2.793795585632324,-2.727638401694912,-2.636428117752075
DACTOLISIB,3,KOPN8,-2.9407029151916504,-2.664918522288933,-2.574563980102539
DACTOLISIB,3,L428,-2.3868930339813232,-2.288096958908916,-2.202883720397949
DACTOLISIB,3,LAMA84,-3.033235549926758,-2.39612080019801,-2.309433698654175
DACTOLISIB,3,LP1,-1.3596810102462769,-3.085664571329625,-2.9895694255828857
DACTOLISIB,3,MOLT13,-1.0418745279312134,-2.079534512037804,-1.9971668720245361
DACTOLISIB,3,NCIH1092,-0.07830449938774109,-0.9596338614447222,-0.8925459980964661
DACTOLISIB,3,NCIH1341,-2.0800836086273193,-1.9419940612844322,-1.861503005027771
DACTOLISIB,3,NCIH1435,0.5558570027351379,-1.9711891877671364,-1.8902997970581055
DACTOLISIB,3,NCIH1648,-2.438020944595337,-0.7553408535988339,-0.6910403370857239
DACTOLISIB,3,NCIH1651,-1.3076050281524658,-0.8701166835088339,-0.804250180721283
DACTOLISIB,3,NCIH1915,-1.4946155548095703,-2.0663684545014362,-1.9841804504394531
DACTOLISIB,3,NCIH2085,-2.2009096145629883,-1.74228387794167,-1.6645176410675049
DACTOLISIB,3,NCIH209,-3.4687485694885254,-0.8214286902407265,-0.7562264800071716
DACTOLISIB,3,NCIH2170,-2.3090009689331055,-1.7711089364207726,-1.6929494142532349
DACTOLISIB,3,NCIH358,-0.8487250208854675,-1.6935296543450278,-1.6164286136627197
DACTOLISIB,3,NCIH727,-0.8911889791488647,-1.3843795334368163,-1.3114964962005615
DACTOLISIB,3,NCIH82,-0.7984449863433838,-1.4015360891256734,-1.3284189701080322
DACTOLISIB,3,OCIAML2,-1.8962630033493042,-2.6840854343370024,-2.5934693813323975
DACTOLISIB,3,PL21,-2.730849504470825,-2.5117867512205265,-2.4235215187072754
DACTOLISIB,3,RCHACV,-4.032738208770752,-2.261159343934793,-2.176313638687134
DACTOLISIB,3,RPMI8402,-3.0532360076904297,-2.1951799171554836,-2.111234426498413
DACTOLISIB,3,RS411,-3.041337490081787,-2.2944328325277317,-2.2091331481933594
DACTOLISIB,3,SKLU1,-1.9785925149917603,-1.6300461924286782,-1.5538113117218018
DACTOLISIB,3,SKMM2,-1.0433224439620972,-2.81087276278977,-2.718526840209961
DACTOLISIB,3,SUDHL1,-1.1400320529937744,-2.7393418325233805,-2.6479718685150146
DACTOLISIB,3,SUDHL10,-3.9548730850219727,-3.335064542088716,-3.2355666160583496
DACTOLISIB,3,SUPT1,-2.065242052078247,-2.101282714883041,-2.01861834526062
DACTOLISIB,3,THP1,-1.3819955587387085,-1.948376827909583,-1.8677986860275269
DACTOLISIB,4,A549,-3.988443613052368,-1.999406814690817,-1.9651504755020142
DACTOLISIB,4,CA46,-2.020958423614502,-2.761027407383814,-2.779514789581299
DACTOLISIB,4,CORL23,-3.0536129474639893,-2.2240120892219446,-2.205310106277466
DACTOLISIB,4,CORL279,-1.9671670198440552,-1.3244810116656203,-1.2434847354888916
DACTOLISIB,4,CORL311,-0.6541290283203125,-1.4029829579699848,-1.327423095703125
DACTOLISIB,4,CORL88,-0.22616949677467346,-0.7640923540178948,-0.6442880630493164
DACTOLISIB,4,DAUDI,-1.5506964921951294,-3.0162749596264815,-3.052438735961914
DACTOLISIB,4,DMS114,-1.9685025215148926,-1.351456544345725,-1.2723283767700195
DACTOLISIB,4,DOHH2,-3.682786464691162,-2.902295368200246,-2.93056583404541
DACTOLISIB,4,HARA,-2.3275914192199707,-2.0321684886457083,-2.000180959701538
DACTOLISIB,4,HCC827,-1.3395304679870605,-1.4700086133168613,-1.3990904092788696
DACTOLISIB,4,HL60,-1.6413480043411255,-2.3655746026356903,-2.3566761016845703
DACTOLISIB,4,IALM,-0.7221419811248779,-1.7754431564343078,-1.7256768941879272
DACTOLISIB,4,JEKO1,-2.824183464050293,-2.6006978130423564,-2.6080820560455322
DACTOLISIB,4,KMH2,-2.079185962677002,-2.938637718070325,-2.9694249629974365
DACTOLISIB,4,KMS11,-3.039546012878418,-2.4656903770365064,-2.4637250900268555
DACTOLISIB,4,KU812,-2.4830009937286377,-2.4245981714298814,-2.4197871685028076
DACTOLISIB,4,MOLP8,-2.9862754344940186,-2.607738980277764,-2.6156108379364014
DACTOLISIB,4,MOLT16,-3.8850295543670654,-2.499079619715954,-2.4994266033172607
DACTOLISIB,4,NCIH1105,-0.93971848487854,-1.041033337140693,-0.9404077529907227
DACTOLISIB,4,NCIH1437,-2.4095304012298584,-1.325888553884048,-1.2449897527694702
DACTOLISIB,4,NCIH1623,-1.7367135286331177,-1.3920505078791492,-1.315733551979065
DACTOLISIB,4,NCIH1876,-2.8092925548553467,-1.4194201523804137,-1.3449985980987549
DACTOLISIB,4,NCIH1963,0.294283002614975,-0.931066551026764,-0.82282555103302
DACTOLISIB,4,NCIH2023,-3.3076064586639404,-1.7066886490334783,-1.6521610021591187
DACTOLISIB,4,NCIH2171,-2.789057970046997,-1.614589789154856,-1.553684115409851
DACTOLISIB,4,NCIH2172,-1.0072879791259766,-1.8887194784495458,-1.8467978239059448
DACTOLISIB,4,NCIH2291,-0.36066651344299316,-1.2568037060797965,-1.1711206436157227
DACTOLISIB,4,NCIH2444,0.3247295022010803,-1.584992604572468,-1.5220372676849365
DACTOLISIB,4,NCIH522,-0.13217400014400482,-1.473050130882083,-1.4023425579071045
DACTOLISIB,4,NCIH838,-3.3028171062469482,-1.580753923574258,-1.5175050497055054
DACTOLISIB,4,NOMO1,-2.554265022277832,-2.485557849385674,-2.484968423843384
DACTOLISIB,4,OCIAML5,-1.7977900505065918,-1.8009543992532775,-1.7529548406600952
DACTOLISIB,4,P12ICHIKAWA,-2.914124011993408,-2.7986873282588336,-2.8197827339172363
DACTOLISIB,4,P31FUJ,-1.4209414720535278,-2.2376136853128887,-2.219853639602661
DACTOLISIB,4,SHP77,-1.1912845373153687,-1.682196856990374,-1.625973105430603
DACTOLISIB,4,SIGM5,-2.130733013153076,-1.9625837264408685,-1.9257773160934448
DACTOLISIB,4,SKMES1,-1.650910496711731,-2.2998646229893813,-2.2864155769348145
DACTOLISIB,4,ST486,-2.4468369483947754,-3.0959125277159476,-3.1375913619995117
DACTOLISIB,4,SUPM2,-3.2143595218658447,-2.865824360609767,-2.891569137573242
DACTOLISIB,5,BEN,-3.149125576019287,-1.1471215715651386,-1.0854077339172363
DACTOLISIB,5,CALU3,-1.782170057296753,-1.766747980544715,-1.7376008033752441
DACTOLISIB,5,CMK,-1.7937569618225098,-1.854417487539076,-1.8298780918121338
DACTOLISIB,5,CORL105,-3.691351890563965,-1.82323543094439,-1.7970571517944336
DACTOLISIB,5,DMS53,0.2394859939813614,-0.8694858366606827,-0.7931798696517944
DACTOLISIB,5,DND41,-1.606824517250061,-2.5784282778800094,-2.5919418334960938
DACTOLISIB,5,HCC366,-1.5948749780654907,-2.013134497641212,-1.9969370365142822
DACTOLISIB,5,JURLMK1,-2.8941500186920166,-2.1515980415593363,-2.1426780223846436
DACTOLISIB,5,K562,-1.1263015270233154,-1.8487873845492007,-1.823952078819275
DACTOLISIB,5,KNS62,-1.8272144794464111,-1.858201393332396,-1.8338608741760254
DACTOLISIB,5,L363,-3.4394423961639404,-2.8410433451448647,-2.8683595657348633
DACTOLISIB,5,LOUNH91,-2.036233901977539,-1.2501794906501904,-1.1938822269439697
DACTOLISIB,5,LU65,-0.7191395163536072,-2.004929164183557,-1.9883004426956177
DACTOLISIB,5,MHHCALL2,-1.7763750553131104,-2.797923128063429,-2.8229730129241943
DACTOLISIB,5,MM1S,-3.5176055431365967,-2.8835635283174996,-2.913114547729492
DACTOLISIB,5,MOLM16,-2.956160068511963,-2.161374358472817,-2.152968168258667
DACTOLISIB,5,NCIH1155,-2.9367098808288574,-1.5518832900931872,-1.5114431381225586
DACTOLISIB,5,NCIH1436,-0.4641205072402954,-1.0830784280439505,-1.0179985761642456
DACTOLISIB,5,NCIH1568,-0.3512679934501648,-1.811119910491393,-1.7843048572540283
DACTOLISIB,5,NCIH1650,-0.31557101011276245,-1.7976779277620911,-1.7701563835144043
DACTOLISIB,5,NCIH1792,-2.8284175395965576,-1.5886482216407591,-1.550140380859375
DACTOLISIB,5,NCIH1836,1.7577509880065918,-1.110606710774575,-1.046973705291748
DACTOLISIB,5,NCIH2009,-2.204493999481201,-1.4397541902056756,-1.393420696258545
DACTOLISIB,5,NCIH2030,-2.9309544563293457,-1.8575805201938453,-1.833207368850708
DACTOLISIB,5,NCIH2227,-1.405295491218567,-1.3009864388358645,-1.2473595142364502
DACTOLISIB,5,NCIH2405,-0.99310302734375,-1.4072763638958932,-1.3592358827590942
DACTOLISIB,5,NCIH526,-0.7544925212860107,-1.2189786334460553,-1.161041498184204
DACTOLISIB,5,NCIH647,-2.9177188873291016,-1.424620832166064,-1.3774919509887695
DACTOLISIB,5,NCIH69,-2.0215165615081787,-1.1281778056682847,-1.0654683113098145
DACTOLISIB,5,NCIH929,-4.466097354888916,-2.2255886328426646,-2.220557451248169
DACTOLISIB,5,OCIAML3,-2.6116130352020264,-1.9249346095983593,-1.9041014909744263
DACTOLISIB,5,OPM2,-3.1878535747528076,-2.756401868838627,-2.7792694568634033
DACTOLISIB,5,PF382,-2.305542469024658,-2.494153979741445,-2.5032382011413574
DACTOLISIB,5,RERFLCMS,-2.19787859916687,-1.8022266559385984,-1.7749441862106323
DACTOLISIB,5,RL,-3.4189274311065674,-2.830209210808169,-2.8569560050964355
DACTOLISIB,5,SBC5,-2.671684980392456,-2.1699358841998517,-2.1619796752929688
DACTOLISIB,5,SKM1,-2.102579116821289,-1.8835139223084407,-1.8605037927627563
DACTOLISIB,5,SUDHL4,-2.0952155590057373,-3.2090525903605185,-3.2557108402252197
DACTOLISIB,5,SW1271,-0.2966040074825287,-1.7745321123967022,-1.7457940578460693
DACTOLISIB,5,WSUDLCL2,-3.797861099243164,-2.7228011025126584,-2.7439026832580566
DOCETAXEL,1,A549,-5.515158176422119,-3.329504241452975,-3.31465482711792
DOCETAXEL,1,AMO1,-6.063231945037842,-4.545129208247825,-4.591299057006836
DOCETAXEL,1,CMLT1,-4.869332313537598,-4.219181872990955,-4.248990535736084
DOCETAXEL,1,COLO668,0.0003954260901082307,-3.34379738124263,-3.329665422439575
DOCETAXEL,1,CORL23,-1.0659250020980835,-3.1384269451004347,-3.1139862537384033
DOCETAXEL,1,DMS114,-4.343472957611084,-2.5977229085986315,-2.5461411476135254
DOCETAXEL,1,DMS53,-0.6898412704467773,-2.925155428189814,-2.8900094032287598
DOCETAXEL,1,DOHH2,-5.681868553161621,-5.204077936792098,-5.283324241638184
DOCETAXEL,1,EHEB,-2.7833800315856934,-3.8665007656705166,-3.8786063194274902
DOCETAXEL,1,EJM,-4.634497165679932,-4.661868964956733,-4.713898658752441
DOCETAXEL,1,GRANTA519,-2.1767001152038574,-4.98362591005116,-5.051806449890137
DOCETAXEL,1,HCC15,-3.1492185592651367,-3.17057362607305,-3.1477465629577637
DOCETAXEL,1,HCC366,-2.439539909362793,-2.9836610662862304,-2.9514517784118652
DOCETAXEL,1,HH,-0.062150582671165466,-4.746364193788704,-4.802635192871094
DOCETAXEL,1,JM1,-3.65923810005188,-5.112210817757781,-5.186845779418945
DOCETAXEL,1,L540,-4.64836311340332,-3.467724458471252,-3.459813117980957
DOCETAXEL,1,MOLT16,-6.132631778717041,-4.9076599345729175,-4.97202730178833
DOCETAXEL,1,NB4,-6.283333778381348,-4.739663383514852,-4.795598030090332
DOCETAXEL,1,NCIH1105,-3.9126598834991455,-2.77031917225185,-2.7274010181427
DOCETAXEL,1,NCIH1341,-3.8269500732421875,-3.5184729483684802,-3.513108968734741
DOCETAXEL,1,NCIH1648,-2.5814108848571777,-2.7549052200105755,-2.7112133502960205
DOCETAXEL,1,NCIH1650,-0.9916601777076721,-2.3397101568611305,-2.275177240371704
DOCETAXEL,1,NCIH1651,-4.883975028991699,-2.591964697737201,-2.5400938987731934
DOCETAXEL,1,NCIH1781,-3.8631250858306885,-2.0724096679941555,-1.9944593906402588
DOCETAXEL,1,NCIH1793,-0.7381830215454102,-2.6064271966698387,-2.5552823543548584
DOCETAXEL,1,NCIH1876,-3.6515920162200928,-3.779647222123655,-3.787393093109131
DOCETAXEL,1,NCIH209,-5.2987165451049805,-3.637795091473413,-3.638420581817627
DOCETAXEL,1,NCIH2110,-5.547754764556885,-2.8567018701384606,-2.818119764328003
DOCETAXEL,1,NCIH2196,-3.207487106323242,-3.007974092315441,-2.976985216140747
DOCETAXEL,1,NCIH2342,-2.2512805461883545,-3.347686057864828,-3.333749294281006
DOCETAXEL,1,NCIH358,-3.2112109661102295,-2.293828812629342,-2.2269928455352783
DOCETAXEL,1,NCIH446,-5.315845012664795,-4.106933538915801,-4.131107807159424
DOCETAXEL,1,NCIH524,-5.976278305053711,-3.074309980010564,-3.0466508865356445
DOCETAXEL,1,NCIH650,-2.433729887008667,-3.097079703822616,-3.070563554763794
DOCETAXEL,1,NCIH82,-4.520957946777344,-4.156785969111481,-4.183462619781494
DOCETAXEL,1,OCIAML5,-3.8409619331359863,-3.9795566204850696,-3.9973371028900146
DOCETAXEL,1,OCILY19,-7.066604137420654,-5.110114033515698,-5.184643745422363
DOCETAXEL,1,RCHACV,-4.597348213195801,-4.740434353554491,-4.796407699584961
DOCETAXEL,1,SUDHL5,-6.7122578620910645,-4.548338859137232,-4.594669818878174
DOCETAXEL,1,SUPT1,-4.135811805725098,-4.502525621799405,-4.5465569496154785
DOCETAXEL,1,SW1271,-0.935575008392334,-2.979877501303712,-2.9474782943725586
DOCETAXEL,2,A4FUK,-5.924181938171387,-4.8627323166103285,-4.955875396728516
DOCETAXEL,2,EBC1,-0.46119099855422974,-2.6544791108314216,-2.4504740238189697
DOCETAXEL,2,GDM1,-4.194249153137207,-4.3990783982317225,-4.429831027984619
DOCETAXEL,2,HARA,-6.022347927093506,-4.175902750988961,-4.176624298095703
DOCETAXEL,2,HCC33,-2.6922106742858887,-4.04653381147075,-4.029847145080566
DOCETAXEL,2,HL60,-5.078877925872803,-4.536255772477752,-4.585467338562012
DOCETAXEL,2,JEKO1,-4.960075855255127,-4.20119747320726,-4.205322742462158
DOCETAXEL,2,JVM2,-6.026538848876953,-3.827553847735594,-3.781400680541992
DOCETAXEL,2,JVM3,-6.20405912399292,-4.177009775967328,-4.17788028717041
DOCETAXEL,2,K562,-3.576016426086426,-3.251065336715741,-3.127338409423828
DOCETAXEL,2,KCL22,-4.651689052581787,-3.8708045235086574,-3.8304712772369385
DOCETAXEL,2,KNS62,0.003881812561303377,-3.486949916502479,-3.3949642181396484
DOCETAXEL,2,KOPN8,-5.621224403381348,-5.245658308700145,-5.390328884124756
DOCETAXEL,2,L1236,-5.14663028717041,-4.297519993961615,-4.314606666564941
DOCETAXEL,2,L428,-2.66441011428833,-3.4115929946597916,-3.309467077255249
DOCETAXEL,2,LP1,-2.0975310802459717,-4.630657600691812,-4.692572116851807
DOCETAXEL,2,LU65,-3.1285650730133057,-3.0942363778309607,-2.949406147003174
DOCETAXEL,2,LXF289,-3.516123056411743,-2.8609754136203263,-2.6847569942474365
DOCETAXEL,2,MOLP8,-3.6234750747680664,-4.169285397805823,-4.169116497039795
DOCETAXEL,2,NALM6,-4.041693210601807,-5.102007738282207,-5.227348327636719
DOCETAXEL,2,NCIH1092,-1.4603124856948853,-3.993277882609229,-3.9694249629974365
DOCETAXEL,2,NCIH1792,-5.5385918617248535,-2.517301736585392,-2.294837713241577
DOCETAXEL,2,NCIH1944,-3.960153102874756,-3.216279157170584,-3.0878713130950928
DOCETAXEL,2,NCIH2009,-2.7638611793518066,-2.515490107439891,-2.2927823066711426
DOCETAXEL,2,NCIH2023,-3.3268840312957764,-3.7925589977645604,-3.741696834564209
DOCETAXEL,2,NCIH2066,-4.269671440124512,-3.0522831151589673,-2.9018075466156006
DOCETAXEL,2,NCIH2087,0.0016057102475315332,-3.929668916616122,-3.89725661277771
DOCETAXEL,2,NCIH211,-4.514971733093262,-3.809224683026392,-3.7606050968170166
DOCETAXEL,2,NCIH2170,-2.475385904312134,-3.2906902325008134,-3.172295331954956
DOCETAXEL,2,NCIH2171,-3.427311420440674,-4.040305640189651,-4.022780895233154
DOCETAXEL,2,NCIH2172,-0.9299870729446411,-3.1828093034539178,-3.0498976707458496
DOCETAXEL,2,NCIH526,-5.036322116851807,-3.3822484270764424,-3.2761738300323486
DOCETAXEL,2,NCIH596,-2.991835594177246,-2.310242885226425,-2.0599164962768555
DOCETAXEL,2,OCIAML3,-5.134458065032959,-3.882006531960023,-3.8431806564331055
DOCETAXEL,2,PL21,-4.200437068939209,-4.706875892197811,-4.779046535491943
DOCETAXEL,2,RERFLCKJ,-0.12428200244903564,-3.0517449429931363,-2.9011969566345215
DOCETAXEL,2,SBC5,-5.602900981903076,-3.696983739884744,-3.633260726928711
DOCETAXEL,2,SKM1,-4.840765953063965,-4.073304566993539,-4.060220241546631
DOCETAXEL,2,SUDHL6,-5.943988800048828,-4.87124598592953,-4.965534687042236
DOCETAXEL,2,SUDHL8,0.0019331664079800248,-4.643181608789895,-4.706781387329102
DOCETAXEL,2,SW1573,0.0017087948508560658,-2.7576778789931637,-2.5675594806671143
DOCETAXEL,3,697,-6.147263050079346,-4.228435662978398,-4.29862642288208
DOCETAXEL,3,A3KAW,-4.5110249519348145,-3.9196511882658145,-3.9677505493164062
DOCETAXEL,3,BEN,-1.5538488626480103,-3.2270660660990016,-3.2256157398223877
DOCETAXEL,3,BV173,-5.726984024047852,-4.430764015914885,-4.515429973602295
DOCETAXEL,3,CHAGOK1,-4.289569854736328,-2.5271408840700667,-2.4756157398223877
DOCETAXEL,3,CMK,-3.6549460887908936,-3.213286849778369,-3.210850715637207
DOCETAXEL,3,CORL105,0.025596123188734055,-3.313059064850468,-3.317760944366455
DOCETAXEL,3,DAUDI,-4.144010066986084,-4.492126462461768,-4.581182479858398
DOCETAXEL,3,EPLC272H,-5.206958770751953,-2.487797059607987,-2.433457136154175
DOCETAXEL,3,HDLM2,-3.9512109756469727,-4.011826355718032,-4.0665202140808105
DOCETAXEL,3,IALM,0.0019809550140053034,-3.363522782965864,-3.3718349933624268
DOCETAXEL,3,JURKAT,-4.209439277648926,-3.811537662327334,-3.8519022464752197
DOCETAXEL,3,JURLMK1,-5.57905387878418,-4.400006920065343,-4.4824724197387695
DOCETAXEL,3,KG1,-3.3798251152038574,-3.6977735207212534,-3.72999906539917
DOCETAXEL,3,KMS11,-3.2964589595794678,-3.962245295987947,-4.013391971588135
DOCETAXEL,3,L363,-4.855724334716797,-5.015798537707835,-5.142319679260254
DOCETAXEL,3,LAMA84,-4.828833103179932,-4.251536081148248,-4.3233795166015625
DOCETAXEL,3,LCLC103H,-4.068277835845947,-3.0610446320785596,-3.0477166175842285
DOCETAXEL,3,MHHCALL2,-3.9499380588531494,-4.007942391822393,-4.062358379364014
DOCETAXEL,3,MOLT13,-5.104663848876953,-4.4512843214968685,-4.537418365478516
DOCETAXEL,3,NCIH1437,-2.935319662094116,-3.31415243094712,-3.31893253326416
DOCETAXEL,3,NCIH1836,-2.8219635486602783,-2.8237036440242,-2.793395519256592
DOCETAXEL,3,NCIH1975,-2.589063882827759,-2.0542441385019434,-1.9688864946365356
DOCETAXEL,3,NCIH441,-0.8453503847122192,-2.5269831314118396,-2.4754467010498047
DOCETAXEL,3,NCIH460,-6.387381076812744,-3.389060913580754,-3.399200201034546
DOCETAXEL,3,NCIH661,0.010002528317272663,-3.2535958802085556,-3.2540435791015625
DOCETAXEL,3,NCIH727,-1.5431280136108398,-3.144823976109718,-3.1374897956848145
DOCETAXEL,3,NCIH810,-4.8458476066589355,-3.2807845174789136,-3.283177375793457
DOCETAXEL,3,NCIH841,-4.527865409851074,-3.1789052252934047,-3.174009323120117
DOCETAXEL,3,OPM2,-4.079564094543457,-4.720346276367538,-4.825729846954346
DOCETAXEL,3,RAJI,-3.495598077774048,-4.093430982567936,-4.153963088989258
DOCETAXEL,3,REH,-5.136889934539795,-4.4986110089658045,-4.588130950927734
DOCETAXEL,3,RL,-5.411758899688721,-4.853435229856514,-4.9683403968811035
DOCETAXEL,3,SHP77,-3.910132884979248,-3.271513600680131,-3.2732431888580322
DOCETAXEL,3,SIGM5,-5.40165901184082,-3.9460786522727114,-3.9960687160491943
DOCETAXEL,3,SKLU1,0.002066459273919463,-2.077181797758546,-1.9934651851654053
DOCETAXEL,3,SKMM2,-1.3395434617996216,-3.7021572201181288,-3.734696388244629
DOCETAXEL,3,ST486,-6.025451183319092,-3.878858887350905,-3.924039840698242
DOCETAXEL,3,SUDHL1,-2.937028408050537,-3.9963986352439402,-4.049988746643066
DOCETAXEL,3,SUDHL10,-6.072745323181152,-5.182499709910058,-5.320947170257568
DOCETAXEL,3,THP1,-2.4617509841918945,-3.937446088614201,-3.986818552017212
DOCETAXEL,4,ALLSIL,-5.62139892578125,-4.3299887798798675,-4.34532356262207
DOCETAXEL,4,CA46,-3.158421039581299,-4.69192919362358,-4.732067584991455
DOCETAXEL,4,CALU6,-4.177523136138916,-3.020477964309983,-2.946072578430176
DOCETAXEL,4,CORL279,-5.108078479766846,-3.4331471388287014,-3.387021780014038
DOCETAXEL,4,CORL311,-1.5069555044174194,-3.8858039279094965,-3.870698928833008
DOCETAXEL,4,CORL88,-3.4543886184692383,-2.7643672601559666,-2.672410726547241
DOCETAXEL,4,DMS273,-6.057017803192139,-4.135121061803536,-4.137101650238037
DOCETAXEL,4,DND41,-3.1475419998168945,-4.931388990277652,-4.9879374504089355
DOCETAXEL,4,GA10,-5.917717933654785,-5.26325446237845,-5.342545509338379
DOCETAXEL,4,HEL,-2.213087558746338,-4.899998041231928,-4.954395294189453
DOCETAXEL,4,KARPAS422,-3.2607920169830322,-4.943511520320828,-5.000890731811523
DOCETAXEL,4,KMH2,-4.5658278465271,-4.110413234787137,-4.110700607299805
DOCETAXEL,4,KMS12BM,-5.639196395874023,-3.919146352157827,-3.9063262939453125
DOCETAXEL,4,LOUCY,-5.314157009124756,-4.323772441079889,-4.338681221008301
DOCETAXEL,4,LOUNH91,-4.502273082733154,-2.778652344242552,-2.6876747608184814
DOCETAXEL,4,NAMALWA,-5.86383581161499,-5.3821565567949365,-5.469595909118652
DOCETAXEL,4,NCIH1048,-3.8854949474334717,-2.8237428901885315,-2.7358553409576416
DOCETAXEL,4,NCIH1155,-4.360015869140625,-3.771194364929981,-3.7482352256774902
DOCETAXEL,4,NCIH146,-2.6854000091552734,-2.9425497090605957,-2.8628039360046387
DOCETAXEL,4,NCIH1568,0.002039968967437744,-2.5166171523707663,-2.407682418823242
DOCETAXEL,4,NCIH1915,-3.4949779510498047,-2.2135054825720832,-2.08379864692688
DOCETAXEL,4,NCIH196,-0.9258303642272949,-3.028587318845031,-2.954737663269043
DOCETAXEL,4,NCIH1963,-4.849371910095215,-3.822577336234834,-3.8031394481658936
DOCETAXEL,4,NCIH2085,-3.8052361011505127,-2.4609496822275356,-2.3482000827789307
DOCETAXEL,4,NCIH2122,-6.2244791984558105,-2.351688268016746,-2.2314510345458984
DOCETAXEL,4,NCIH2227,-4.469565391540527,-3.541954041835774,-3.5032851696014404
DOCETAXEL,4,NCIH23,-3.313380002975464,-2.993157088345753,-2.916879415512085
DOCETAXEL,4,NCIH2347,0.03055921196937561,-1.9853703111676213,-1.8400294780731201
DOCETAXEL,4,NCIH2405,0.3349969983100891,-2.529263809472131,-2.4211957454681396
DOCETAXEL,4,NCIH2444,0.0074997576884925365,-2.1749034912672878,-2.042551279067993
DOCETAXEL,4,NCIH522,-2.146639108657837,-3.45658358399003,-3.41206431388855
DOCETAXEL,4,NCIH647,-5.326291084289551,-3.1003779993861977,-3.0314481258392334
DOCETAXEL,4,NCIH69,-4.634559154510498,-3.213358283617779,-3.1521708965301514
DOCETAXEL,4,NCIH838,-2.9100284576416016,-2.6116070932870312,-2.5091819763183594
DOCETAXEL,4,NCIH929,-4.929963111877441,-4.247716227558133,-4.257412910461426
DOCETAXEL,4,OCIM1,-3.950869083404541,-4.310910019455208,-4.324937343597412
DOCETAXEL,4,P31FUJ,-4.531772136688232,-4.4688831196832215,-4.493736267089844
DOCETAXEL,4,RPMI8402,-4.118412017822266,-4.38168256812472,-4.400559902191162
DOCETAXEL,4,SUPB15,-3.93996000289917,-4.839928037676552,-4.890208721160889
DOCETAXEL,4,SUPM2,-5.693972110748291,-4.796834038736394,-4.844161510467529
DOCETAXEL,5,ABC1,0.002174880588427186,-2.2456162007373472,-2.262993574142456
DOCETAXEL,5,BL41,-6.440642833709717,-5.061780044468637,-5.02810525894165
DOCETAXEL,5,CAL12T,-2.459188461303711,-2.849247549087235,-2.855682134628296
DOCETAXEL,5,CALU3,-1.072924017906189,-2.0452759389936612,-2.0662851333618164
DOCETAXEL,5,CORL95,-3.5072379112243652,-4.17059241256702,-4.153073310852051
DOCETAXEL,5,DB,-5.681747913360596,-4.189765033042937,-4.171898365020752
DOCETAXEL,5,DMS79,-1.0173765420913696,-3.061778613675388,-3.0643603801727295
DOCETAXEL,5,EM2,-4.988746166229248,-4.107439173140774,-4.091064929962158
DOCETAXEL,5,HCC44,-3.913393020629883,-3.405690619776,-3.4020378589630127
DOCETAXEL,5,HCC78,0.0020243944600224495,-2.2602730885073874,-2.2773847579956055
DOCETAXEL,5,HCC827,-1.5100226402282715,-1.4862331106979985,-1.5173767805099487
DOCETAXEL,5,HT,-4.847788333892822,-5.20970240359629,-5.173346042633057
DOCETAXEL,5,KU812,-5.600543975830078,-3.6623635361217466,-3.654057741165161
DOCETAXEL,5,LCLC97TM1,-4.436516761779785,-3.2270087318937275,-3.226595163345337
DOCETAXEL,5,ME1,-2.0750839710235596,-4.359230911938876,-4.338292121887207
DOCETAXEL,5,MEG01,-4.539712905883789,-3.0203697065650306,-3.0237021446228027
DOCETAXEL,5,MM1S,-4.746644020080566,-4.944373422320765,-4.912827014923096
DOCETAXEL,5,MOLM13,-5.492620468139648,-4.1481941646638365,-4.1310811042785645
DOCETAXEL,5,MOLM16,-5.1192121505737305,-4.010647282375965,-3.996027708053589
DOCETAXEL,5,MONOMAC6,-4.497025012969971,-3.73164847863391,-3.7220866680145264
DOCETAXEL,5,NCIH1435,-0.983964204788208,-2.9241826816479572,-2.9292588233947754
DOCETAXEL,5,NCIH1436,-3.5149314403533936,-4.131798439344364,-4.114982604980469
DOCETAXEL,5,NCIH1623,-3.2036619186401367,-2.2810949457708682,-2.2978291511535645
DOCETAXEL,5,NCIH2029,-2.870788097381592,-2.9497606639052547,-2.9543731212615967
DOCETAXEL,5,NCIH2030,-1.7203993797302246,-3.2400047274925465,-3.2393555641174316
DOCETAXEL,5,NCIH2081,-3.6570889949798584,-4.224570922490719,-4.20607328414917
DOCETAXEL,5,NCIH2228,-2.4542200565338135,-3.3954705480516547,-3.392003059387207
DOCETAXEL,5,NCIH2291,-2.451148509979248,-1.0274606981377332,-1.0669211149215698
DOCETAXEL,5,NCIH292,-3.329406261444092,-3.302813161818919,-3.301025390625
DOCETAXEL,5,NOMO1,-4.903107166290283,-4.066969738517325,-4.051329135894775
DOCETAXEL,5,NUDUL1,-6.140087127685547,-4.722352447230322,-4.694830894470215
DOCETAXEL,5,OCIAML2,-4.260950088500977,-4.253135353989808,-4.234119892120361
DOCETAXEL,5,P12ICHIKAWA,-5.565484046936035,-4.1825328674833395,-4.164797306060791
DOCETAXEL,5,PF382,-3.959212064743042,-5.135100663572277,-5.100096702575684
DOCETAXEL,5,RERFLCMS,-2.857419967651367,-3.0490679321556895,-3.051880121231079
DOCETAXEL,5,RPMI8226,-6.0529890060424805,-4.072234086802716,-4.056498050689697
DOCETAXEL,5,RS411,-4.964409828186035,-5.03355847550548,-5.00039529800415
DOCETAXEL,5,SKMES1,-3.071364402770996,-2.605786495758468,-2.6166346073150635
DOCETAXEL,5,SUDHL4,-4.330068111419678,-4.805335865027173,-4.776309967041016
DOCETAXEL,5,WSUDLCL2,-5.345789909362793,-4.736378244539397,-4.708602428436279
DORAMAPIMOD,1,A4FUK,4.184792518615723,4.097828211936158,4.085990905761719
DORAMAPIMOD,1,BL41,3.5650720596313477,4.199935672728769,4.193916320800781
DORAMAPIMOD,1,CAL12T,4.617737293243408,4.638675735962624,4.657655239105225
DORAMAPIMOD,1,CMK,4.153759956359863,4.58830547087056,4.604414939880371
DORAMAPIMOD,1,CORL105,5.701089382171631,4.72462815217115,4.748505115509033
DORAMAPIMOD,1,CORL23,4.57969856262207,4.692254453360804,4.714286804199219
DORAMAPIMOD,1,CORL311,5.102431774139404,4.484457090864044,4.494649410247803
DORAMAPIMOD,1,DAUDI,4.418057918548584,3.9982247604974708,3.9807121753692627
DORAMAPIMOD,1,DMS273,3.1966054439544678,4.581274575315047,4.596983432769775
DORAMAPIMOD,1,EJM,4.5828657150268555,3.808430956831746,3.780104160308838
DORAMAPIMOD,1,EPLC272H,5.125783443450928,4.951733522295785,4.988550662994385
DORAMAPIMOD,1,GRANTA519,4.843471527099609,3.9969735453018838,3.9793896675109863
DORAMAPIMOD,1,HL60,4.747252464294434,4.297232259591061,4.296756744384766
DORAMAPIMOD,1,HT,3.0873985290527344,4.019405643511854,4.0030999183654785
DORAMAPIMOD,1,KG1,4.58055305480957,4.540849068748858,4.554254531860352
DORAMAPIMOD,1,LOUNH91,4.008485317230225,5.007047745321303,5.047016620635986
DORAMAPIMOD,1,MM1S,3.788231611251831,3.9594052846131955,3.939680814743042
DORAMAPIMOD,1,MOLT16,3.5714359283447266,4.324927266209798,4.3260297775268555
DORAMAPIMOD,1,NAMALWA,4.345448017120361,4.213713701677177,4.208479404449463
DORAMAPIMOD,1,NCIH1155,4.548957347869873,4.5616079175770246,4.576196193695068
DORAMAPIMOD,1,NCIH1341,4.867630481719971,4.642030806238297,4.661201477050781
DORAMAPIMOD,1,NCIH1435,5.177239894866943,4.349198179324116,4.351683616638184
DORAMAPIMOD,1,NCIH1436,3.7972350120544434,4.741832079152833,4.766689300537109
DORAMAPIMOD,1,NCIH1781,4.891069412231445,4.7784477741716165,4.805391311645508
DORAMAPIMOD,1,NCIH1915,4.638749599456787,4.867099765548843,4.899094581604004
DORAMAPIMOD,1,NCIH2030,4.23665189743042,4.678908609073427,4.700180530548096
DORAMAPIMOD,1,NCIH2170,4.13285493850708,4.604198858770514,4.621213912963867
DORAMAPIMOD,1,NCIH2171,3.1562349796295166,4.862938973138929,4.8946967124938965
DORAMAPIMOD,1,NCIH2291,5.969583511352539,5.17685842200087,5.226502895355225
DORAMAPIMOD,1,NCIH2405,4.7929606437683105,4.832842138612746,4.862884998321533
DORAMAPIMOD,1,NCIH292,4.7357001304626465,4.820487882931786,4.849826812744141
DORAMAPIMOD,1,NCIH526,5.108180522918701,4.6359829277771345,4.65480899810791
DORAMAPIMOD,1,NCIH647,3.9751405715942383,4.449637804321491,4.457846164703369
DORAMAPIMOD,1,NCIH650,5.183051586151123,4.87950093898006,4.91220235824585
DORAMAPIMOD,1,NCIH727,5.563303470611572,4.868311506675703,4.9003753662109375
DORAMAPIMOD,1,NCIH838,3.6235885620117188,4.8505165964936525,4.881566524505615
DORAMAPIMOD,1,P12ICHIKAWA,4.314661026000977,4.255477266390153,4.252622604370117
DORAMAPIMOD,1,SKMES1,4.9810004234313965,4.553260618220998,4.567373275756836
DORAMAPIMOD,1,SUDHL1,2.55104398727417,4.058113238607052,4.044013023376465
DORAMAPIMOD,1,SUDHL4,3.9222030639648438,3.937360483408962,3.916379928588867
DORAMAPIMOD,1,SUPB15,4.395358562469482,3.994287955231818,3.976551055908203
DORAMAPIMOD,2,BEN,2.4929769039154053,4.4244635356516575,4.41037654876709
DORAMAPIMOD,2,CORL88,5.1116743087768555,4.202384792921158,4.140750408172607
DORAMAPIMOD,2,DB,3.9111955165863037,4.05369041498826,3.9602203369140625
DORAMAPIMOD,2,DMS114,4.989688396453857,4.568389547998585,4.585117340087891
DORAMAPIMOD,2,EBC1,4.500187397003174,5.015285279474359,5.127694129943848
DORAMAPIMOD,2,EM2,4.287985324859619,4.362536444626727,4.335190773010254
DORAMAPIMOD,2,GA10,4.3085784912109375,3.8604117599141747,3.725560426712036
DORAMAPIMOD,2,HCC44,4.818410873413086,4.656221970189409,4.6917548179626465
DORAMAPIMOD,2,HH,5.4975266456604,4.105730442734939,4.023402214050293
DORAMAPIMOD,2,IALM,4.8288750648498535,4.878156966786602,4.961206436157227
DORAMAPIMOD,2,JM1,3.242220401763916,3.951327654489108,3.8359415531158447
DORAMAPIMOD,2,JVM2,5.634993553161621,4.424332357486291,4.41021728515625
DORAMAPIMOD,2,JVM3,3.270581007003784,4.213260405427636,4.15395450592041
DORAMAPIMOD,2,KMS11,3.1175448894500732,4.293824614659561,4.251767635345459
DORAMAPIMOD,2,KMS12BM,4.399783134460449,4.27599027540469,4.230114936828613
DORAMAPIMOD,2,KNS62,4.159294128417969,4.68287116795771,4.724109649658203
DORAMAPIMOD,2,L428,4.546553611755371,4.51412459717765,4.5192341804504395
DORAMAPIMOD,2,LAMA84,3.532649040222168,4.374344443254701,4.349526882171631
DORAMAPIMOD,2,LCLC97TM1,4.5539631843566895,4.728536093967177,4.7795515060424805
DORAMAPIMOD,2,MEG01,4.685555934906006,4.371750336122229,4.346377372741699
DORAMAPIMOD,2,MOLT13,4.683138370513916,4.534861744277503,4.5444111824035645
DORAMAPIMOD,2,NB4,2.9325509071350098,4.24318080960114,4.190280914306641
DORAMAPIMOD,2,NCIH1944,4.908132553100586,4.474371329087634,4.4709696769714355
DORAMAPIMOD,2,NCIH196,4.456918716430664,4.590438869501101,4.611887454986572
DORAMAPIMOD,2,NCIH1963,4.491018772125244,4.388373044717952,4.366559028625488
DORAMAPIMOD,2,NCIH2023,5.487911701202393,4.55729203230818,4.571643829345703
DORAMAPIMOD,2,NCIH2066,5.764403343200684,4.323039641632471,4.287237644195557
DORAMAPIMOD,2,NCIH2085,4.83601188659668,4.8185219589146016,4.888803482055664
DORAMAPIMOD,2,NCIH2087,5.003551006317139,4.586353887171828,4.606927871704102
DORAMAPIMOD,2,NCIH2227,5.62497091293335,4.3562285029681895,4.3275322914123535
DORAMAPIMOD,2,NCIH358,4.158291816711426,4.9939778608292595,5.101824760437012
DORAMAPIMOD,2,NCIH524,4.634657382965088,4.626517970713861,4.655691146850586
DORAMAPIMOD,2,NCIH661,4.105892181396484,4.518100788034449,4.524061679840088
DORAMAPIMOD,2,NCIH69,5.55308198928833,4.4364109601739585,4.424881935119629
DORAMAPIMOD,2,OPM2,3.679457426071167,3.9201133387413534,3.798044204711914
DORAMAPIMOD,2,RPMI8226,4.316747188568115,4.375812146260613,4.351308822631836
DORAMAPIMOD,2,RS411,4.299255847930908,4.2676742081188515,4.22001838684082
DORAMAPIMOD,2,SUDHL10,3.6546640396118164,4.144942895454568,4.071010112762451
DORAMAPIMOD,2,SUDHL8,4.34712553024292,4.084105682899374,3.997147560119629
DORAMAPIMOD,2,THP1,4.576272010803223,4.589295184418624,4.610498905181885
DORAMAPIMOD,2,WSUDLCL2,4.261877059936523,4.1994360334433996,4.137170314788818
DORAMAPIMOD,3,697,3.60544753074646,4.220233273415525,4.2011237144470215
DORAMAPIMOD,3,A3KAW,4.145493507385254,4.14916864662327,4.120024681091309
DORAMAPIMOD,3,ABC1,5.421820163726807,4.588543229024236,4.621439456939697
DORAMAPIMOD,3,ALLSIL,4.479150772094727,4.029012864619657,3.982902765274048
DORAMAPIMOD,3,CMLT1,4.367153167724609,4.158582118033294,4.130767345428467
DORAMAPIMOD,3,CORL95,4.276848316192627,4.595524883504687,4.629406929016113
DORAMAPIMOD,3,DMS79,4.8694000244140625,4.663594447796742,4.707087993621826
DORAMAPIMOD,3,EHEB,3.6436140537261963,4.613643173143885,4.650083541870117
DORAMAPIMOD,3,GDM1,4.914760112762451,4.379559066098576,4.382946491241455
DORAMAPIMOD,3,HCC15,5.499543190002441,4.588061461855885,4.620889663696289
DORAMAPIMOD,3,HCC78,4.705613136291504,4.77900087462338,4.838789939880371
DORAMAPIMOD,3,HCC827,5.8605170249938965,5.045696398802589,5.143143177032471
DORAMAPIMOD,3,JURLMK1,3.7190139293670654,4.475499258025742,4.492433547973633
DORAMAPIMOD,3,K562,4.63947868347168,4.339537292736847,4.337273597717285
DORAMAPIMOD,3,KARPAS422,5.124309539794922,3.952922065001657,3.8960678577423096
DORAMAPIMOD,3,KMH2,4.354654312133789,3.8741391354047505,3.8061606884002686
DORAMAPIMOD,3,L1236,4.737866401672363,3.904521387019874,3.8408329486846924
DORAMAPIMOD,3,L363,4.037192344665527,4.062498189847748,4.021116256713867
DORAMAPIMOD,3,MHHCALL2,4.150325775146484,4.295452880886075,4.286964416503906
DORAMAPIMOD,3,NCIH1048,4.743264198303223,4.432913213100992,4.44383430480957
DORAMAPIMOD,3,NCIH146,3.521195888519287,4.784937934202812,4.845565319061279
DORAMAPIMOD,3,NCIH1623,5.13909387588501,4.7478502189990675,4.803240776062012
DORAMAPIMOD,3,NCIH1648,4.740964889526367,4.614918832437009,4.651539325714111
DORAMAPIMOD,3,NCIH1793,6.6350555419921875,4.850833487586865,4.920765399932861
DORAMAPIMOD,3,NCIH2009,4.267239570617676,4.73857714114374,4.79265832901001
DORAMAPIMOD,3,NCIH841,4.377617359161377,4.611067619955932,4.647144317626953
DORAMAPIMOD,3,NUDUL1,2.969273090362549,4.100295811746226,4.064250946044922
DORAMAPIMOD,3,OCIM1,4.020786762237549,3.979369327624641,3.9262495040893555
DORAMAPIMOD,3,P31FUJ,4.611727714538574,4.373839700096515,4.376419544219971
DORAMAPIMOD,3,PF382,4.804996013641357,4.244462861063646,4.228774547576904
DORAMAPIMOD,3,PL21,3.568058967590332,4.149951674961073,4.120918273925781
DORAMAPIMOD,3,RCHACV,3.414557456970215,4.361238960724501,4.362039566040039
DORAMAPIMOD,3,REH,4.219910621643066,4.288070101963632,4.278539180755615
DORAMAPIMOD,3,RERFLCKJ,5.108406066894531,4.582281927187527,4.614294052124023
DORAMAPIMOD,3,RERFLCMS,4.337151050567627,4.456882905537738,4.471188545227051
DORAMAPIMOD,3,SHP77,4.582128524780273,4.405322536899352,4.412347793579102
DORAMAPIMOD,3,SIGM5,2.554979085922241,4.3534283157306,4.353126049041748
DORAMAPIMOD,3,SKM1,4.45795202255249,4.138832171158704,4.10822868347168
DORAMAPIMOD,3,SUDHL6,3.942718505859375,4.216789035107885,4.197193145751953
DORAMAPIMOD,3,SW1271,6.0601654052734375,4.471998611593446,4.488438606262207
DORAMAPIMOD,3,SW1573,5.398804664611816,4.531467399308468,4.556304454803467
DORAMAPIMOD,4,BV173,4.150822162628174,4.163070167110787,4.140590190887451
DORAMAPIMOD,4,CALU3,5.904966831207275,4.893984162827819,4.898667812347412
DORAMAPIMOD,4,CALU6,5.377549171447754,4.590890550558365,4.584310054779053
DORAMAPIMOD,4,CHAGOK1,3.121450424194336,4.873333986433983,4.8772501945495605
DORAMAPIMOD,4,CORL279,4.338369846343994,4.599962357500282,4.593719005584717
DORAMAPIMOD,4,HARA,5.005373001098633,4.5592316362147915,4.551474571228027
DORAMAPIMOD,4,HEL,2.7808375358581543,4.341936297799672,4.326103687286377
DORAMAPIMOD,4,JEKO1,3.281290054321289,4.144906783933494,4.12175178527832
DORAMAPIMOD,4,JURKAT,4.3742475509643555,4.227238535167615,4.207143306732178
DORAMAPIMOD,4,KCL22,4.251258373260498,4.238254169382512,4.218568325042725
DORAMAPIMOD,4,KOPN8,4.816428184509277,3.9794299819274324,3.950125217437744
DORAMAPIMOD,4,L540,2.981717586517334,4.343292563281055,4.327510356903076
DORAMAPIMOD,4,LU65,6.100729942321777,4.47907450726099,4.468338489532471
DORAMAPIMOD,4,MOLM13,4.142616271972656,4.269103921947361,4.2505645751953125
DORAMAPIMOD,4,MOLM16,3.058094024658203,4.396549660602401,4.382746696472168
DORAMAPIMOD,4,MOLP8,3.976485013961792,3.852810645714016,3.818800210952759
DORAMAPIMOD,4,NALM6,4.443075656890869,4.022701747048722,3.9950051307678223
DORAMAPIMOD,4,NCIH1092,4.892444610595703,4.727612225604045,4.7261128425598145
DORAMAPIMOD,4,NCIH1437,2.632434606552124,4.544332944964042,4.536022186279297
DORAMAPIMOD,4,NCIH1568,4.612593650817871,4.920987178686658,4.9266743659973145
DORAMAPIMOD,4,NCIH1651,5.138940811157227,4.911233101244952,4.916557788848877
DORAMAPIMOD,4,NCIH1876,4.792285919189453,4.530328929179995,4.52149772644043
DORAMAPIMOD,4,NCIH1975,4.5308990478515625,4.930905846990171,4.936961650848389
DORAMAPIMOD,4,NCIH211,3.9782938957214355,4.763228676647194,4.763052940368652
DORAMAPIMOD,4,NCIH2122,4.73974609375,4.882019142775954,4.886258125305176
DORAMAPIMOD,4,NCIH2196,4.962133884429932,4.756317239704266,4.755884647369385
DORAMAPIMOD,4,NCIH2228,3.5422520637512207,4.875691589616538,4.879695415496826
DORAMAPIMOD,4,NCIH23,4.504308700561523,4.893426025100904,4.8980889320373535
DORAMAPIMOD,4,NCIH2342,5.433992862701416,5.073103616323566,5.084444046020508
DORAMAPIMOD,4,NCIH441,6.308382987976074,4.836971819251579,4.839536666870117
DORAMAPIMOD,4,NCIH446,4.899569511413574,4.3783370840669695,4.363857269287109
DORAMAPIMOD,4,NCIH82,4.484129905700684,4.160644061027647,4.138073921203613
DORAMAPIMOD,4,NOMO1,5.144722938537598,4.319962038495197,4.3033127784729
DORAMAPIMOD,4,OCIAML2,3.948992967605591,4.19245377370271,4.171065807342529
DORAMAPIMOD,4,OCIAML3,4.886395454406738,4.503226607102859,4.4933881759643555
DORAMAPIMOD,4,OCIAML5,4.354837894439697,4.601759983951879,4.595583438873291
DORAMAPIMOD,4,RL,3.9733200073242188,3.8243713676979434,3.78930401802063
DORAMAPIMOD,4,SBC5,4.711136341094971,4.562956998653995,4.555338382720947
DORAMAPIMOD,4,ST486,3.8434195518493652,3.836194094812016,3.8015661239624023
DORAMAPIMOD,4,SUDHL5,3.6771609783172607,3.9626835513649272,3.9327564239501953
DORAMAPIMOD,5,A549,4.631261825561523,4.56786755330875,4.569618225097656
DORAMAPIMOD,5,AMO1,4.546169281005859,4.537110390264393,4.533880233764648
DORAMAPIMOD,5,CA46,5.230622291564941,4.148807567719958,4.082695484161377
DORAMAPIMOD,5,COLO668,4.163164138793945,4.502743114030874,4.493947505950928
DORAMAPIMOD,5,DMS53,4.577803611755371,4.563528605173136,4.564576625823975
DORAMAPIMOD,5,DND41,4.179542541503906,4.243435048647843,4.1926469802856445
DORAMAPIMOD,5,DOHH2,3.5954344272613525,4.062380300699745,3.982272148132324
DORAMAPIMOD,5,HCC33,3.575608015060425,4.616589102491053,4.626229763031006
DORAMAPIMOD,5,HCC366,4.42759370803833,4.789835959847248,4.8275322914123535
DORAMAPIMOD,5,HDLM2,4.441273212432861,4.041092657018794,3.9575371742248535
DORAMAPIMOD,5,KU812,4.740006446838379,3.9672675453776134,3.8717567920684814
DORAMAPIMOD,5,LCLC103H,4.530556678771973,4.7099415326426834,4.734699726104736
DORAMAPIMOD,5,LOUCY,4.449184417724609,4.284278121871807,4.2401041984558105
DORAMAPIMOD,5,LP1,3.6124720573425293,4.162790036354842,4.098942279815674
DORAMAPIMOD,5,LXF289,3.497856616973877,4.877254705037861,4.929107666015625
DORAMAPIMOD,5,ME1,5.052302837371826,4.25574562901029,4.206951141357422
DORAMAPIMOD,5,MONOMAC6,4.122525215148926,4.172988390664702,4.11079216003418
DORAMAPIMOD,5,NCIH1105,4.140976428985596,4.649588171679822,4.664572715759277
DORAMAPIMOD,5,NCIH1650,4.463309288024902,5.124812358809519,5.216754913330078
DORAMAPIMOD,5,NCIH1792,4.246016979217529,4.649441666006464,4.664402484893799
DORAMAPIMOD,5,NCIH1836,4.816928863525391,4.6063353468761425,4.614315509796143
DORAMAPIMOD,5,NCIH2029,4.003478050231934,4.544546476542395,4.542520523071289
DORAMAPIMOD,5,NCIH2081,5.16926383972168,4.605243325596575,4.613046646118164
DORAMAPIMOD,5,NCIH209,4.9486083984375,4.360516062942984,4.328688144683838
DORAMAPIMOD,5,NCIH2110,4.671652793884277,4.485164074748063,4.473521709442139
DORAMAPIMOD,5,NCIH2172,5.001791000366211,4.753431146727952,4.785232067108154
DORAMAPIMOD,5,NCIH2347,6.1258416175842285,5.22413951192591,5.332167148590088
DORAMAPIMOD,5,NCIH2444,4.821565628051758,4.975352769942186,5.043091773986816
DORAMAPIMOD,5,NCIH460,3.796159505844116,4.53252480372629,4.528552055358887
DORAMAPIMOD,5,NCIH522,4.993325710296631,4.743048121401256,4.773167610168457
DORAMAPIMOD,5,NCIH596,5.5512189865112305,4.626400878805665,4.637630462646484
DORAMAPIMOD,5,NCIH810,5.04709005355835,4.458383904646317,4.442404747009277
DORAMAPIMOD,5,NCIH929,2.3916759490966797,4.13794480812952,4.07007360458374
DORAMAPIMOD,5,OCILY19,3.5418624877929688,4.131786234907997,4.062917709350586
DORAMAPIMOD,5,RAJI,4.675949573516846,4.224473439018974,4.170614719390869
DORAMAPIMOD,5,RPMI8402,4.297245025634766,4.246537932110757,4.196252346038818
DORAMAPIMOD,5,SKLU1,5.580536842346191,4.746608168225851,4.777304172515869
DORAMAPIMOD,5,SKMM2,5.535593509674072,4.334670328186437,4.298656940460205
DORAMAPIMOD,5,SUPM2,4.018214702606201,3.7213313031337902,3.585993528366089
DORAMAPIMOD,5,SUPT1,3.103503942489624,4.414968979727858,4.391959190368652
EHT-1864,1,AMO1,2.662522554397583,3.3383189643433426,3.3146815299987793
EHT-1864,1,BL41,2.895188093185425,3.3812687537274124,3.3643810749053955
EHT-1864,1,CAL12T,3.7095835208892822,3.7893645875432553,3.836611032485962
EHT-1864,1,CHAGOK1,3.7966580390930176,3.716034809456097,3.7517571449279785
EHT-1864,1,CMLT1,3.214339017868042,3.040795014971132,2.970400333404541
EHT-1864,1,CORL95,3.1647679805755615,3.478489950959322,3.4768810272216797
EHT-1864,1,DMS114,3.0838165283203125,3.36156630662923,3.3415822982788086
EHT-1864,1,DOHH2,2.1349549293518066,3.157723398190461,3.1057045459747314
EHT-1864,1,EJM,3.0977470874786377,3.712626311862944,3.7478129863739014
EHT-1864,1,EM2,3.51761794090271,3.31902612210614,3.2923567295074463
EHT-1864,1,EPLC272H,3.659712076187134,3.8523835728446945,3.909533739089966
EHT-1864,1,HARA,3.5924174785614014,3.792029491603573,3.8396947383880615
EHT-1864,1,HT,4.540229320526123,3.357256801965119,3.3365955352783203
EHT-1864,1,KARPAS422,4.051603317260742,3.2295118010437207,3.188774824142456
EHT-1864,1,KCL22,3.3277759552001953,3.3828725586760373,3.366236925125122
EHT-1864,1,LP1,2.4046645164489746,3.2101095522767493,3.16632342338562
EHT-1864,1,MM1S,2.33439302444458,3.2202573684804583,3.1780660152435303
EHT-1864,1,MOLM13,3.310070037841797,3.0590333513338406,2.9915049076080322
EHT-1864,1,MOLT13,3.0849695205688477,3.062181210018976,2.995147466659546
EHT-1864,1,MOLT16,1.8815569877624512,3.14751191604005,3.093888282775879
EHT-1864,1,NCIH1092,5.156681537628174,3.309854311046526,3.2817435264587402
EHT-1864,1,NCIH1105,3.610527992248535,3.3544381930626024,3.333333969116211
EHT-1864,1,NCIH1568,3.934734582901001,3.885684571665544,3.948068141937256
EHT-1864,1,NCIH1651,2.5589170455932617,3.798450274441959,3.8471245765686035
EHT-1864,1,NCIH2029,3.7638609409332275,3.591012403420507,3.6070868968963623
EHT-1864,1,NCIH2066,5.029684066772461,3.420442884621817,3.4097115993499756
EHT-1864,1,NCIH211,3.477574110031128,3.528256529491035,3.534468650817871
EHT-1864,1,NCIH2110,4.395355224609375,3.831447984351661,3.885308027267456
EHT-1864,1,NCIH2122,3.8358285427093506,3.8249499370148508,3.877788782119751
EHT-1864,1,NCIH2227,5.289785385131836,3.237612417097181,3.198148488998413
EHT-1864,1,NCIH2228,4.281539440155029,4.002951476407302,4.08376407623291
EHT-1864,1,NCIH446,4.1979522705078125,3.5091097686655193,3.512312889099121
EHT-1864,1,NCIH661,2.5345425605773926,3.507971817132727,3.510996103286743
EHT-1864,1,NCIH69,3.557333469390869,3.618186430535645,3.638531446456909
EHT-1864,1,NCIH810,3.8766965866088867,3.439902824214279,3.43222975730896
EHT-1864,1,NOMO1,3.5343925952911377,3.2873237772673534,3.2556722164154053
EHT-1864,1,OCIAML5,3.549294948577881,3.413514216480456,3.4016940593719482
EHT-1864,1,RPMI8226,3.67209792137146,3.3423202351684065,3.3193116188049316
EHT-1864,1,SIGM5,2.4385030269622803,3.248441191080336,3.210679054260254
EHT-1864,1,SUDHL5,2.9680209159851074,3.4943141323139324,3.495192050933838
EHT-1864,1,SW1573,4.134561538696289,3.7972422697639288,3.845726728439331
EHT-1864,2,A3KAW,2.8353590965270996,3.5845755527249077,3.5824999809265137
EHT-1864,2,ABC1,3.155123472213745,3.706181000689976,3.7163634300231934
EHT-1864,2,CORL88,3.73207688331604,3.753347663592133,3.768284559249878
EHT-1864,2,DMS79,3.6862034797668457,3.5060474004665423,3.496056079864502
EHT-1864,2,GA10,3.8989953994750977,3.3447784911115312,3.318531036376953
EHT-1864,2,GDM1,3.441793441772461,3.1229606969961177,3.0743536949157715
EHT-1864,2,HCC366,3.9035699367523193,3.8866613373848513,3.91503643989563
EHT-1864,2,JM1,2.770293951034546,3.1340577160960748,3.086569309234619
EHT-1864,2,JURLMK1,2.5479705333709717,2.9791308887397543,2.9160256385803223
EHT-1864,2,JVM2,5.361701488494873,3.564157306148082,3.560023546218872
EHT-1864,2,KG1,3.111844539642334,3.1538385489947993,3.108344078063965
EHT-1864,2,KMS11,2.9410810470581055,3.0590324151513095,3.003981351852417
EHT-1864,2,KMS12BM,2.398833990097046,3.0758884657499754,3.022536516189575
EHT-1864,2,L1236,3.5960915088653564,3.3414136053137145,3.3148269653320312
EHT-1864,2,L363,2.4655563831329346,3.341963518099545,3.31543231010437
EHT-1864,2,L540,3.425055503845215,3.2237134261321447,3.185262441635132
EHT-1864,2,MOLM16,1.8241790533065796,3.2701657871959138,3.2363972663879395
EHT-1864,2,NCIH1341,3.2404580116271973,3.4734279774907595,3.460148572921753
EHT-1864,2,NCIH1437,3.4018940925598145,3.539970889958073,3.5333991050720215
EHT-1864,2,NCIH1648,3.6621344089508057,4.023468332691021,4.065633773803711
EHT-1864,2,NCIH1792,4.091187477111816,4.278350201593683,4.346208095550537
EHT-1864,2,NCIH1876,3.0901083946228027,3.6151267924821435,3.616130828857422
EHT-1864,2,NCIH1915,4.599270343780518,3.90622190194833,3.9365687370300293
EHT-1864,2,NCIH1944,3.3545989990234375,3.6162666865317,3.6173856258392334
EHT-1864,2,NCIH1975,3.6018788814544678,4.020270651568534,4.0621137619018555
EHT-1864,2,NCIH2009,4.348393440246582,4.086520089508554,4.135041236877441
EHT-1864,2,NCIH2023,4.380887985229492,3.7324239044347136,3.7452516555786133
EHT-1864,2,NCIH2087,3.9375545978546143,3.7000297312806176,3.70959210395813
EHT-1864,2,NCIH209,3.656903028488159,3.721505135914803,3.733232259750366
EHT-1864,2,NCIH2291,5.462374210357666,4.015694614806415,4.057076454162598
EHT-1864,2,NCIH2342,3.9001500606536865,3.852326333796008,3.8772404193878174
EHT-1864,2,NCIH2347,4.830989837646484,4.178957851428825,4.236796855926514
EHT-1864,2,OCIAML3,3.5432798862457275,3.2945181085430497,3.263204336166382
EHT-1864,2,P12ICHIKAWA,2.1708860397338867,3.0322133916703335,2.974458932876587
EHT-1864,2,P31FUJ,2.9082484245300293,3.384831158202985,3.3626210689544678
EHT-1864,2,RERFLCKJ,4.090407371520996,3.9522205145732205,3.987204074859619
EHT-1864,2,RERFLCMS,3.689903974533081,3.7252756879780233,3.7373828887939453
EHT-1864,2,SKM1,2.3757455348968506,3.271617998786694,3.2379958629608154
EHT-1864,2,SUDHL4,3.1285815238952637,3.586174826458885,3.5842604637145996
EHT-1864,2,SUDHL8,3.7652249336242676,3.3922046244813626,3.3707377910614014
EHT-1864,2,SUPT1,3.043175458908081,3.1874850245229283,3.1453821659088135
EHT-1864,3,697,2.5597496032714844,3.1457853027068854,3.1477575302124023
EHT-1864,3,A4FUK,3.7031400203704834,3.0528045105436403,3.050245761871338
EHT-1864,3,A549,3.085723400115967,3.8029208915369495,3.8369154930114746
EHT-1864,3,CA46,3.518460512161255,3.283898587726789,3.2926011085510254
EHT-1864,3,CMK,2.595146894454956,3.5063973852967707,3.525942325592041
EHT-1864,3,CORL23,3.6933939456939697,3.774025038279647,3.8066115379333496
EHT-1864,3,DAUDI,3.1403961181640625,3.2396522671070156,3.2461986541748047
EHT-1864,3,DMS273,2.9625654220581055,3.334258087271608,3.345414638519287
EHT-1864,3,EHEB,5.6617279052734375,3.2867887641371314,3.2956321239471436
EHT-1864,3,HCC33,4.312880992889404,3.5019053695890743,3.5212314128875732
EHT-1864,3,HCC827,4.229571342468262,3.9737825374401803,4.016103267669678
EHT-1864,3,HDLM2,3.5347089767456055,3.230589803310472,3.236694574356079
EHT-1864,3,HH,3.5352370738983154,3.029747436547473,3.0260651111602783
EHT-1864,3,IALM,4.009008884429932,3.617493102082753,3.642451763153076
EHT-1864,3,JURKAT,2.095336437225342,2.7826179158731366,2.766892910003662
EHT-1864,3,K562,2.9910480976104736,3.9404060354869426,3.98110032081604
EHT-1864,3,KNS62,4.030754089355469,3.6744429677063413,3.702176809310913
EHT-1864,3,LCLC103H,3.6081759929656982,3.842510374778493,3.878434181213379
EHT-1864,3,LU65,4.248814105987549,3.8281013233300643,3.8633229732513428
EHT-1864,3,NCIH1048,2.018660545349121,3.676865277912602,3.7047171592712402
EHT-1864,3,NCIH1435,3.682891607284546,3.6951318384722303,3.7238738536834717
EHT-1864,3,NCIH1623,3.424401044845581,4.034004056388808,4.079259395599365
EHT-1864,3,NCIH1650,4.403751850128174,3.970078710327989,4.012218952178955
EHT-1864,3,NCIH1793,4.655306816101074,3.811803529207434,3.846230983734131
EHT-1864,3,NCIH196,4.751830101013184,3.8652639495606427,3.902296543121338
EHT-1864,3,NCIH596,4.3895344734191895,4.252081086383775,4.3079633712768555
EHT-1864,3,NCIH647,3.962634563446045,4.274134907921921,4.33109188079834
EHT-1864,3,NCIH82,4.023012161254883,3.4470788617624337,3.463733196258545
EHT-1864,3,OCIAML2,2.4642770290374756,3.18980951191685,3.193927049636841
EHT-1864,3,OCILY19,3.1467020511627197,3.3662280351895446,3.3789424896240234
EHT-1864,3,OPM2,3.0240979194641113,2.971678602286136,2.9651665687561035
EHT-1864,3,PF382,3.197620391845703,2.8751740364769924,2.863959312438965
EHT-1864,3,RCHACV,2.750638008117676,3.067045557558242,3.065180778503418
EHT-1864,3,RPMI8402,2.326889991760254,3.0733371985679336,3.0717790126800537
EHT-1864,3,RS411,3.5768210887908936,3.125844608655103,3.126845121383667
EHT-1864,3,SBC5,3.015913963317871,3.231305243030707,3.2374448776245117
EHT-1864,3,SHP77,2.68265438079834,3.4475135362921727,3.464189052581787
EHT-1864,3,SKMES1,4.305447578430176,4.262178630271272,4.3185529708862305
EHT-1864,3,ST486,3.7401909828186035,3.2621739548492417,3.26981782913208
EHT-1864,3,THP1,3.34335994720459,2.94552288088393,2.9377362728118896
EHT-1864,3,WSUDLCL2,3.591059446334839,3.210403809144888,3.215524911880493
EHT-1864,4,BEN,2.369447946548462,3.7134117849290953,3.7645628452301025
EHT-1864,4,CALU3,3.8547959327697754,4.267050440457142,4.381353378295898
EHT-1864,4,COLO668,3.6302905082702637,3.752515218023047,3.80812668800354
EHT-1864,4,DMS53,2.084965467453003,4.13829202903689,4.237907886505127
EHT-1864,4,DND41,3.654118537902832,3.12035082527322,3.103853225708008
EHT-1864,4,EBC1,4.076448440551758,3.5633752592234216,3.597412109375
EHT-1864,4,GRANTA519,3.9098284244537354,3.77794314990438,3.8364551067352295
EHT-1864,4,HCC15,3.430389881134033,3.9070225724325613,3.9802582263946533
EHT-1864,4,HCC78,3.3221564292907715,4.118149224036513,4.21546745300293
EHT-1864,4,JEKO1,2.8259079456329346,3.472706527818279,3.496401071548462
EHT-1864,4,KU812,1.9059964418411255,3.365481113503146,3.3769447803497314
EHT-1864,4,L428,3.1756784915924072,3.2667008594154288,3.266896963119507
EHT-1864,4,LCLC97TM1,4.038241386413574,3.694490748205499,3.743483543395996
EHT-1864,4,LXF289,3.66314697265625,4.163995174441421,4.266542911529541
EHT-1864,4,MHHCALL2,2.885831117630005,3.5017678774265666,3.5287773609161377
EHT-1864,4,MONOMAC6,2.5094950199127197,3.3603629123983136,3.3712427616119385
EHT-1864,4,NALM6,2.961836576461792,3.106343826589813,3.0882484912872314
EHT-1864,4,NAMALWA,3.512155532836914,3.1775719112913228,3.1676013469696045
EHT-1864,4,NCIH146,3.525959014892578,3.9284980015456576,4.004183292388916
EHT-1864,4,NCIH1781,3.72210693359375,3.747702191478153,3.802764654159546
EHT-1864,4,NCIH2030,4.293009281158447,3.34642247001795,3.3557121753692627
EHT-1864,4,NCIH2081,3.080833911895752,3.695097245192081,3.74415922164917
EHT-1864,4,NCIH2085,4.408268451690674,3.539000671790909,3.5702571868896484
EHT-1864,4,NCIH2171,2.8838560581207275,3.756665249626363,3.8127501010894775
EHT-1864,4,NCIH2172,3.0906031131744385,4.028491249606539,4.115582466125488
EHT-1864,4,NCIH2196,3.3595190048217773,3.3047856172602166,3.309325933456421
EHT-1864,4,NCIH2444,4.710653305053711,3.9845615215085655,4.066641807556152
EHT-1864,4,NCIH292,2.9328160285949707,3.8819890561991715,3.952369213104248
EHT-1864,4,NCIH358,4.39603853225708,4.018557025853139,4.104515075683594
EHT-1864,4,NCIH522,3.7819440364837646,3.445308657771284,3.4658780097961426
EHT-1864,4,NCIH524,4.281517505645752,3.783028393868798,3.842120409011841
EHT-1864,4,NCIH526,3.4331119060516357,3.759947267193837,3.816406488418579
EHT-1864,4,NCIH838,4.024366855621338,3.7372243889153256,3.7910916805267334
EHT-1864,4,NCIH929,2.9659628868103027,3.0383029541752347,3.012446403503418
EHT-1864,4,NUDUL1,3.2233386039733887,3.2554421438307104,3.2543540000915527
EHT-1864,4,RAJI,3.5607008934020996,3.150526083426024,3.1374704837799072
EHT-1864,4,RL,3.952094554901123,3.2983998502938725,3.3022117614746094
EHT-1864,4,SKLU1,4.318947792053223,3.3531632752696647,3.3632218837738037
EHT-1864,4,SUDHL6,2.555562973022461,3.39816304039407,3.4133546352386475
EHT-1864,4,SW1271,5.019947052001953,3.245448212011236,3.243220090866089
EHT-1864,5,ALLSIL,3.1289734840393066,3.1661589116239974,3.1710119247436523
EHT-1864,5,BV173,2.5134174823760986,3.24634001532097,3.255145311355591
EHT-1864,5,CALU6,3.374189615249634,3.743409643661403,3.776716470718384
EHT-1864,5,CORL105,3.8263814449310303,3.6200601994559505,3.647286891937256
EHT-1864,5,CORL279,3.051304578781128,4.018601509088629,4.0654730796813965
EHT-1864,5,CORL311,2.679927110671997,3.3696678737656387,3.384552240371704
EHT-1864,5,DB,3.8095529079437256,3.148313395137543,3.1522867679595947
EHT-1864,5,HCC44,4.310100078582764,3.9085298071692067,3.9499757289886475
EHT-1864,5,HEL,3.222956895828247,3.029995250943035,3.0281364917755127
EHT-1864,5,HL60,3.1537864208221436,2.85553754175715,2.8450794219970703
EHT-1864,5,JVM3,3.1843199729919434,3.2863132087963516,3.297088861465454
EHT-1864,5,KMH2,3.251400947570801,3.3084611082348556,3.3203284740448
EHT-1864,5,KOPN8,3.0924808979034424,3.0069532465710047,3.0039587020874023
EHT-1864,5,LAMA84,2.676323890686035,2.877469356369279,2.8680922985076904
EHT-1864,5,LOUCY,2.840494394302368,2.9794673020998896,2.9751179218292236
EHT-1864,5,LOUNH91,5.360905170440674,4.181334969109329,4.236227989196777
EHT-1864,5,ME1,3.876988410949707,2.9211875657314144,2.9139654636383057
EHT-1864,5,MEG01,3.7903525829315186,3.2862407260838244,3.2970128059387207
EHT-1864,5,MOLP8,3.9071099758148193,3.2358550160433186,3.244143486022949
EHT-1864,5,NB4,3.436678409576416,3.117857249982552,3.1203293800354004
EHT-1864,5,NCIH1155,3.01886248588562,3.7341822989725872,3.7670342922210693
EHT-1864,5,NCIH1436,3.7259185314178467,3.215037935561781,3.2223002910614014
EHT-1864,5,NCIH1836,4.823657989501953,3.4384789619928164,3.4567551612854004
EHT-1864,5,NCIH1963,3.4004108905792236,3.364782902490956,3.3794264793395996
EHT-1864,5,NCIH2170,4.433429718017578,3.7714288700331497,3.806116819381714
EHT-1864,5,NCIH23,2.6212234497070312,3.8110073849139865,3.8476462364196777
EHT-1864,5,NCIH2405,5.075281620025635,3.874345233080485,3.9141061305999756
EHT-1864,5,NCIH441,5.717316150665283,3.9568112463610756,4.000637054443359
EHT-1864,5,NCIH460,3.5452024936676025,3.701301504835218,3.7325327396392822
EHT-1864,5,NCIH650,4.356890678405762,3.8830781502380805,3.923269510269165
EHT-1864,5,NCIH727,3.4041736125946045,3.5276356522423034,3.550306558609009
EHT-1864,5,NCIH841,2.447305917739868,3.456633268467749,3.475804328918457
EHT-1864,5,OCIM1,2.6696619987487793,3.168919389600467,3.1739084720611572
EHT-1864,5,PL21,3.4558730125427246,2.8176697552230774,2.805345058441162
EHT-1864,5,REH,3.9085845947265625,3.053412165897102,3.0527076721191406
EHT-1864,5,SKMM2,4.73068380355835,3.5924245179705543,3.618288993835449
EHT-1864,5,SUDHL1,3.4188671112060547,3.3785634793939847,3.3938863277435303
EHT-1864,5,SUDHL10,3.783085584640503,2.9788263186138724,2.974445343017578
EHT-1864,5,SUPB15,3.367215394973755,3.0901156846600473,3.0912203788757324
EHT-1864,5,SUPM2,2.875788927078247,3.488316393709409,3.5090491771698
FULVESTRANT,1,A3KAW,2.55708909034729,3.6863372381063377,3.7261579036712646
FULVESTRANT,1,A4FUK,3.7457799911499023,3.2837804687033727,3.1875011920928955
FULVESTRANT,1,ABC1,4.40886116027832,3.7769607530348384,3.8474202156066895
FULVESTRANT,1,CAL12T,2.491795063018799,3.6495841929543125,3.6769790649414062
FULVESTRANT,1,COLO668,3.7151501178741455,3.9379424797546516,4.062828063964844
FULVESTRANT,1,CORL23,4.027101039886475,3.831565496165646,3.9204862117767334
FULVESTRANT,1,CORL279,3.0799953937530518,4.062683780696479,4.229743003845215
FULVESTRANT,1,EM2,3.4620370864868164,3.531943302876389,3.5195651054382324
FULVESTRANT,1,HCC366,4.5174431800842285,3.8881820520709662,3.996244192123413
FULVESTRANT,1,HCC827,4.165783882141113,4.005823120327331,4.153658390045166
FULVESTRANT,1,HEL,3.5594289302825928,3.4415646051254796,3.398630380630493
FULVESTRANT,1,JEKO1,3.083620548248291,3.215247160502225,3.095797538757324
FULVESTRANT,1,KARPAS422,5.03593111038208,3.1193413675192385,2.9674670696258545
FULVESTRANT,1,KU812,2.6808269023895264,3.681473679387615,3.7196500301361084
FULVESTRANT,1,LCLC97TM1,3.7077760696411133,3.690452269195468,3.7316641807556152
FULVESTRANT,1,MONOMAC6,2.2961769104003906,3.3450032936589724,3.269422769546509
FULVESTRANT,1,NCIH1341,2.5993568897247314,3.501323872368755,3.478593587875366
FULVESTRANT,1,NCIH146,3.5253961086273193,4.091018072701488,4.2676568031311035
FULVESTRANT,1,NCIH1568,3.925261974334717,3.8134370870683783,3.896228790283203
FULVESTRANT,1,NCIH1623,4.387022972106934,3.8478615181782363,3.942291736602783
FULVESTRANT,1,NCIH1792,3.038254976272583,3.910769554826453,4.026468276977539
FULVESTRANT,1,NCIH1975,3.4685449600219727,4.2333915557830935,4.458165168762207
FULVESTRANT,1,NCIH2023,4.043108940124512,3.765129526390571,3.8315889835357666
FULVESTRANT,1,NCIH2029,3.282320022583008,3.823765913100238,3.9100496768951416
FULVESTRANT,1,NCIH2030,3.5325570106506348,3.7505547081156294,3.812086582183838
FULVESTRANT,1,NCIH2085,4.054603099822998,3.7006859479399674,3.7453577518463135
FULVESTRANT,1,NCIH2110,3.231268882751465,3.7418082848160736,3.8003830909729004
FULVESTRANT,1,NCIH2171,1.8611470460891724,3.840290716230752,3.932161331176758
FULVESTRANT,1,NCIH2172,3.127002000808716,3.800522357325908,3.8789477348327637
FULVESTRANT,1,NCIH2291,4.930283069610596,3.908062311597692,4.02284574508667
FULVESTRANT,1,NCIH358,4.635715007781982,3.8055774578684374,3.885711908340454
FULVESTRANT,1,NCIH446,4.447275161743164,3.7539217461104895,3.81659197807312
FULVESTRANT,1,NCIH524,3.2073349952697754,3.9631272896409575,4.096527576446533
FULVESTRANT,1,NCIH661,3.1507630348205566,3.855134227594345,3.9520232677459717
FULVESTRANT,1,NCIH727,4.523871898651123,3.8876735308010644,3.9955637454986572
FULVESTRANT,1,NCIH841,3.483309030532837,3.7993068240031085,3.877321243286133
FULVESTRANT,1,RS411,3.0171029567718506,3.247924195643644,3.1395223140716553
FULVESTRANT,1,SHP77,2.398998975753784,3.8402087541480068,3.932051658630371
FULVESTRANT,1,SUDHL4,2.7740325927734375,3.2028322212860596,3.0791852474212646
FULVESTRANT,1,SUPM2,2.0795509815216064,3.0121542065601403,2.8240411281585693
FULVESTRANT,1,THP1,3.620910406112671,3.768915818256517,3.836655378341675
FULVESTRANT,2,BL41,3.221066951751709,3.0400265792050867,3.0503365993499756
FULVESTRANT,2,DAUDI,3.1256189346313477,3.2734208557823394,3.292691707611084
FULVESTRANT,2,EBC1,3.7083868980407715,4.0266372253474465,4.074826717376709
FULVESTRANT,2,EPLC272H,3.441344976425171,3.917164899189646,3.961151361465454
FULVESTRANT,2,HARA,2.6998701095581055,3.7788500365227886,3.81752610206604
FULVESTRANT,2,HCC15,4.0531721115112305,3.8055081272684883,3.845207691192627
FULVESTRANT,2,HDLM2,2.748652935028076,3.4897900479205615,3.5173680782318115
FULVESTRANT,2,IALM,4.730807781219482,3.3912681917850227,3.4150636196136475
FULVESTRANT,2,JVM2,2.7882111072540283,3.626331684328179,3.659152030944824
FULVESTRANT,2,K562,3.3281259536743164,3.705432316021913,3.7412896156311035
FULVESTRANT,2,KCL22,2.3655450344085693,3.364661991384343,3.3874359130859375
FULVESTRANT,2,KOPN8,3.0029709339141846,2.8675428427558534,2.8712306022644043
FULVESTRANT,2,L1236,3.18408203125,3.3308166286468026,3.3522911071777344
FULVESTRANT,2,LCLC103H,4.98567008972168,3.8263163852247395,3.8668148517608643
FULVESTRANT,2,LU65,3.2777769565582275,3.520695110842509,3.54945969581604
FULVESTRANT,2,LXF289,2.896588087081909,3.7249077268417032,3.7615127563476562
FULVESTRANT,2,MEG01,4.329402923583984,3.3851465086924613,3.4087069034576416
FULVESTRANT,2,MOLT13,2.571716070175171,3.2226204376112157,3.239940881729126
FULVESTRANT,2,NALM6,3.3805699348449707,2.99867043343087,3.007392644882202
FULVESTRANT,2,NCIH1048,3.3829190731048584,3.7998387626701264,3.839320659637451
FULVESTRANT,2,NCIH1437,3.8034539222717285,3.592125155605169,3.6236321926116943
FULVESTRANT,2,NCIH1648,3.7270190715789795,4.013803778690195,4.061500549316406
FULVESTRANT,2,NCIH1793,5.251370906829834,3.8057443890606364,3.8454530239105225
FULVESTRANT,2,NCIH1836,3.94571852684021,3.8233416449146644,3.8637259006500244
FULVESTRANT,2,NCIH196,4.758592128753662,3.837878748032301,3.8788211345672607
FULVESTRANT,2,NCIH1963,2.0828135013580322,3.771621665540866,3.8100202083587646
FULVESTRANT,2,NCIH2066,5.142643928527832,3.612138067742178,3.644413471221924
FULVESTRANT,2,NCIH209,3.644705057144165,3.635205851739757,3.6683669090270996
FULVESTRANT,2,NCIH2122,2.9005000591278076,3.8366448599166523,3.877539873123169
FULVESTRANT,2,NCIH2170,3.9993269443511963,3.926503783673437,3.970848798751831
FULVESTRANT,2,NCIH2196,3.569888114929199,3.877069964323367,3.9195170402526855
FULVESTRANT,2,NCIH2227,5.075343132019043,3.61328126255569,3.6456005573272705
FULVESTRANT,2,NCIH2228,4.314998149871826,3.8733848314137727,3.9156904220581055
FULVESTRANT,2,NCIH2342,3.883857011795044,3.772183964014112,3.8106040954589844
FULVESTRANT,2,NCIH596,4.575713157653809,4.09058771312176,4.141232490539551
FULVESTRANT,2,OCILY19,2.809504985809326,3.21887285260496,3.2360494136810303
FULVESTRANT,2,PF382,3.5077970027923584,2.9482399061704854,2.9550259113311768
FULVESTRANT,2,PL21,3.796266555786133,3.0112813944937664,3.0204877853393555
FULVESTRANT,2,RCHACV,2.8955864906311035,3.3786719253331055,3.4019837379455566
FULVESTRANT,2,SBC5,3.2504661083221436,3.5902401125405103,3.6216747760772705
FULVESTRANT,2,SUDHL1,2.389143943786621,2.885495983719531,2.8898730278015137
FULVESTRANT,3,697,3.1726250648498535,3.319258275093206,3.2904717922210693
FULVESTRANT,3,A549,2.874380111694336,3.568484949271964,3.596364736557007
FULVESTRANT,3,ALLSIL,2.721158027648926,3.4215058429811505,3.4159672260284424
FULVESTRANT,3,AMO1,2.821481943130493,3.318108498408677,3.289060592651367
FULVESTRANT,3,CHAGOK1,3.260235548019409,3.750847806566947,3.8201911449432373
FULVESTRANT,3,CORL105,3.589046001434326,3.6668457319460654,3.7170896530151367
FULVESTRANT,3,CORL311,4.068506717681885,3.4883339175250114,3.4979898929595947
FULVESTRANT,3,DMS53,3.4420340061187744,3.912435623038533,4.018518924713135
FULVESTRANT,3,EHEB,5.475887775421143,3.364183288336046,3.345611333847046
FULVESTRANT,3,HCC44,3.653909921646118,3.7257438633251136,3.789379358291626
FULVESTRANT,3,HL60,4.173285007476807,3.1888970258404195,3.1304705142974854
FULVESTRANT,3,JM1,2.3036019802093506,3.1509460424215288,3.083890676498413
FULVESTRANT,3,JURKAT,3.3205249309539795,3.2239544337410226,3.1734988689422607
FULVESTRANT,3,JURLMK1,4.192941188812256,3.25038880788543,3.2059435844421387
FULVESTRANT,3,KMS11,3.6861793994903564,3.4751566492074404,3.481816530227661
FULVESTRANT,3,L428,4.607085227966309,3.2787157777786744,3.240711212158203
FULVESTRANT,3,L540,2.327928066253662,3.2992085706678553,3.2658634185791016
FULVESTRANT,3,LOUCY,2.740125894546509,3.3959343355427203,3.3845815658569336
FULVESTRANT,3,MHHCALL2,3.0929460525512695,3.286837447516832,3.2506794929504395
FULVESTRANT,3,MOLP8,3.555475950241089,3.276438563372063,3.2379162311553955
FULVESTRANT,3,NCIH1092,5.332070827484131,3.86770660990968,3.9636199474334717
FULVESTRANT,3,NCIH1105,4.040247440338135,3.673868907487397,3.7257096767425537
FULVESTRANT,3,NCIH1436,4.011199474334717,3.466110146423998,3.4707131385803223
FULVESTRANT,3,NCIH1915,4.509880065917969,3.7126559508573287,3.773315668106079
FULVESTRANT,3,NCIH2087,4.244112014770508,3.8602226689864088,3.954434394836426
FULVESTRANT,3,NCIH2405,4.908775806427002,3.7360294986428713,3.8020036220550537
FULVESTRANT,3,NCIH292,2.9532220363616943,3.8294749325713533,3.9166955947875977
FULVESTRANT,3,NUDUL1,3.0975120067596436,3.28026105122443,3.242607831954956
FULVESTRANT,3,OCIM1,3.637695074081421,3.2229907503262654,3.172316074371338
FULVESTRANT,3,OPM2,3.926582098007202,3.1624521620962542,3.098012924194336
FULVESTRANT,3,P12ICHIKAWA,3.721081018447876,3.1274876065786894,3.055098533630371
FULVESTRANT,3,REH,3.2099759578704834,3.407289327280199,3.3985183238983154
FULVESTRANT,3,RERFLCMS,2.9609720706939697,3.6844946777898833,3.7387514114379883
FULVESTRANT,3,RPMI8226,2.9104349613189697,3.3819151797186873,3.367374897003174
FULVESTRANT,3,RPMI8402,1.6096489429473877,3.334230818984086,3.3088486194610596
FULVESTRANT,3,SKLU1,5.178733825683594,3.798103259222575,3.8781909942626953
FULVESTRANT,3,SKM1,3.627042055130005,3.346011999274675,3.3233084678649902
FULVESTRANT,3,SKMES1,3.7585179805755615,3.7757652680353133,3.850774049758911
FULVESTRANT,3,SUDHL10,2.8195860385894775,3.2178036432461883,3.165949583053589
FULVESTRANT,3,SUDHL5,2.2069060802459717,3.0668579142322665,2.9806835651397705
FULVESTRANT,3,SW1573,4.596957206726074,3.723514823376648,3.7866435050964355
FULVESTRANT,4,BEN,4.564076900482178,3.852709610789982,3.939171075820923
FULVESTRANT,4,BV173,3.017772912979126,3.0903016947995363,3.0309536457061768
FULVESTRANT,4,CALU3,3.5795071125030518,3.953480373829627,4.059214115142822
FULVESTRANT,4,CMK,4.180800914764404,3.769915578368833,3.840542793273926
FULVESTRANT,4,CORL95,4.426657199859619,3.6244267472424387,3.667229413986206
FULVESTRANT,4,DB,4.050137042999268,3.3922443221343213,3.3906424045562744
FULVESTRANT,4,DMS114,3.9607200622558594,3.98028735778689,4.0911478996276855
FULVESTRANT,4,DMS79,5.00173282623291,3.6003098683424373,3.638500213623047
FULVESTRANT,4,DND41,2.2564139366149902,3.180209364900191,3.1380560398101807
FULVESTRANT,4,DOHH2,1.6790134906768799,3.0506007797204076,2.9836599826812744
FULVESTRANT,4,GRANTA519,4.639656066894531,3.068581913457069,3.005079984664917
FULVESTRANT,4,HCC33,3.222338914871216,3.813143391098364,3.892037868499756
FULVESTRANT,4,JVM3,1.9592629671096802,3.38868360053074,3.3864006996154785
FULVESTRANT,4,KG1,4.303512096405029,3.6696960056667893,3.721156358718872
FULVESTRANT,4,KMH2,2.8385190963745117,3.5235767280758186,3.5470919609069824
FULVESTRANT,4,L363,3.2585999965667725,3.182151140011087,3.140369176864624
FULVESTRANT,4,LAMA84,2.274893045425415,3.4993928016946634,3.518282890319824
FULVESTRANT,4,NAMALWA,3.81439208984375,3.0970290589309046,3.0389676094055176
FULVESTRANT,4,NB4,2.7543580532073975,3.1703247649025705,3.1262810230255127
FULVESTRANT,4,NCIH1155,3.3400380611419678,3.96153727950518,4.068811893463135
FULVESTRANT,4,NCIH1435,4.38759183883667,3.73166469015823,3.7949764728546143
FULVESTRANT,4,NCIH1650,3.7158548831939697,3.6196531667260534,3.6615428924560547
FULVESTRANT,4,NCIH1651,3.1019480228424072,3.904326364333077,4.000659465789795
FULVESTRANT,4,NCIH1944,3.431077003479004,3.7056064364308026,3.76393461227417
FULVESTRANT,4,NCIH23,2.861172914505005,3.9311389522589137,4.032599925994873
FULVESTRANT,4,NCIH2444,4.4824724197387695,3.919962637504983,4.019286155700684
FULVESTRANT,4,NCIH460,3.784986972808838,3.9909677213220207,4.103870868682861
FULVESTRANT,4,NCIH526,3.1860270500183105,3.756034147927532,3.8240065574645996
FULVESTRANT,4,NCIH650,4.043529033660889,3.929370499890343,4.030493259429932
FULVESTRANT,4,NCIH69,3.6083104610443115,3.896694959985679,3.9915685653686523
FULVESTRANT,4,NCIH810,3.642549991607666,3.7132608570777004,3.773052930831909
FULVESTRANT,4,NCIH838,3.7808620929718018,3.8274010880010634,3.909022331237793
FULVESTRANT,4,NOMO1,2.6160190105438232,3.204247187814952,3.1666910648345947
FULVESTRANT,4,OCIAML3,3.5108089447021484,3.414518896365616,3.4171769618988037
FULVESTRANT,4,RAJI,4.64488410949707,3.071219581379816,3.0082221031188965
FULVESTRANT,4,RERFLCKJ,3.3339760303497314,3.81610048522983,3.8955605030059814
FULVESTRANT,4,RL,2.5919134616851807,3.033163631218895,2.96288800239563
FULVESTRANT,4,SIGM5,1.5784859657287598,3.4481487120617405,3.4572384357452393
FULVESTRANT,4,SUPB15,3.1833834648132324,3.15626020477394,3.1095266342163086
FULVESTRANT,4,SUPT1,3.6673998832702637,3.2833864320171706,3.260965585708618
FULVESTRANT,5,CA46,3.7089738845825195,3.215505938003882,3.1448473930358887
FULVESTRANT,5,CALU6,4.015168190002441,3.774639018595332,3.883254051208496
FULVESTRANT,5,CMLT1,3.7023489475250244,3.0754181967922904,2.959843635559082
FULVESTRANT,5,CORL88,4.232431411743164,3.6175440455079038,3.6757900714874268
FULVESTRANT,5,DMS273,3.685420036315918,3.377009197147721,3.35813307762146
FULVESTRANT,5,EJM,3.9235360622406006,3.659405251218617,3.7310731410980225
FULVESTRANT,5,GA10,3.4854559898376465,3.1790248343804444,3.0966694355010986
FULVESTRANT,5,GDM1,3.074831962585449,3.184964051133815,3.104512929916382
FULVESTRANT,5,HCC78,2.207426071166992,3.68804900066559,3.7689008712768555
FULVESTRANT,5,HH,3.018791913986206,3.3768259548532145,3.357891082763672
FULVESTRANT,5,HT,3.731306552886963,2.923030655063733,2.758596420288086
FULVESTRANT,5,KMS12BM,2.317608594894409,3.3011308196711298,3.2579259872436523
FULVESTRANT,5,KNS62,5.152923107147217,3.591303207331748,3.6411356925964355
FULVESTRANT,5,LOUNH91,3.512821912765503,3.7493914800293973,3.8499114513397217
FULVESTRANT,5,LP1,3.1682910919189453,3.375859735385039,3.3566150665283203
FULVESTRANT,5,ME1,5.048026084899902,3.3690891582708784,3.3476736545562744
FULVESTRANT,5,MM1S,2.272603988647461,3.5181543276390403,3.5445332527160645
FULVESTRANT,5,MOLM13,2.672199010848999,3.4261251729123647,3.422996997833252
FULVESTRANT,5,MOLM16,2.7971715927124023,3.7244466974515285,3.8169686794281006
FULVESTRANT,5,MOLT16,1.6949330568313599,3.076324659413686,2.961040735244751
FULVESTRANT,5,NCIH1781,4.1402411460876465,3.637489292261373,3.7021303176879883
FULVESTRANT,5,NCIH1876,4.690907955169678,3.754049806064026,3.8560633659362793
FULVESTRANT,5,NCIH2009,3.6242876052856445,3.672204770623458,3.747976541519165
FULVESTRANT,5,NCIH2081,4.189513683319092,3.6992072829282074,3.7836368083953857
FULVESTRANT,5,NCIH211,3.0249478816986084,3.5963541954260334,3.647806167602539
FULVESTRANT,5,NCIH2347,4.800189971923828,4.029911241325116,4.220373630523682
FULVESTRANT,5,NCIH441,5.5510430335998535,3.5982759828398465,3.650344133377075
FULVESTRANT,5,NCIH522,3.653764009475708,3.8516923131681278,3.9850127696990967
FULVESTRANT,5,NCIH647,3.1424965858459473,3.848168825619476,3.9803595542907715
FULVESTRANT,5,NCIH82,3.500509023666382,3.4178706040141225,3.412095785140991
FULVESTRANT,5,NCIH929,2.9594359397888184,3.4462114169387497,3.449523448944092
FULVESTRANT,5,OCIAML2,3.0994889736175537,3.306278574139657,3.2647242546081543
FULVESTRANT,5,OCIAML5,4.57131290435791,3.3960234286176734,3.3832437992095947
FULVESTRANT,5,P31FUJ,3.616835117340088,3.067787915435332,2.9497668743133545
FULVESTRANT,5,SKMM2,4.972629070281982,3.7224799570019202,3.814371347427368
FULVESTRANT,5,ST486,2.703486919403076,3.0132059032659892,2.8776843547821045
FULVESTRANT,5,SUDHL6,2.0648410320281982,3.494076831743742,3.5127358436584473
FULVESTRANT,5,SUDHL8,3.5483360290527344,3.107559617385832,3.0022904872894287
FULVESTRANT,5,SW1271,4.825417995452881,3.634937259675026,3.6987600326538086
FULVESTRANT,5,WSUDLCL2,2.874915599822998,3.404888383917616,3.394951105117798
GEFITINIB,1,A549,1.8239145278930664,2.35738245910853,2.382516384124756
GEFITINIB,1,CALU3,1.9529249668121338,2.677548120132899,2.673203229904175
GEFITINIB,1,CMLT1,2.6229660511016846,2.872105055368454,2.849846601486206
GEFITINIB,1,CORL23,3.794116973876953,2.3382273339077497,2.3651249408721924
GEFITINIB,1,CORL95,2.336498975753784,2.621850546338106,2.622633934020996
GEFITINIB,1,DB,-0.6095564961433411,1.6870674379973083,1.773919701576233
GEFITINIB,1,DMS114,2.4654905796051025,3.002205762399088,2.967968463897705
GEFITINIB,1,DMS79,2.099900960922241,2.8252183927514225,2.807276964187622
GEFITINIB,1,EBC1,4.122109889984131,3.0025983446483875,2.968324899673462
GEFITINIB,1,EHEB,2.567495107650757,2.2761528588808537,2.3087658882141113
GEFITINIB,1,HCC827,-1.3662126064300537,1.9368210435891688,2.0006775856018066
GEFITINIB,1,HH,4.200081825256348,1.9500703662570058,2.012706995010376
GEFITINIB,1,JURKAT,2.9193971157073975,2.00882929380587,2.0660557746887207
GEFITINIB,1,KCL22,2.1495349407196045,2.04703319249441,2.1007421016693115
GEFITINIB,1,KMS11,1.6914050579071045,1.7979041734443286,1.8745512962341309
GEFITINIB,1,LCLC103H,4.477997779846191,1.9696154477388634,2.0304524898529053
GEFITINIB,1,LCLC97TM1,2.639024019241333,1.5005388754091376,1.6045655012130737
GEFITINIB,1,MONOMAC6,0.8507819771766663,2.279722337486025,2.312006711959839
GEFITINIB,1,NAMALWA,1.9271759986877441,1.957159955264761,2.01914381980896
GEFITINIB,1,NCIH146,2.308701992034912,2.7141173536027834,2.7064054012298584
GEFITINIB,1,NCIH1623,0.29270151257514954,2.097370377356123,2.14644455909729
GEFITINIB,1,NCIH1781,1.434386968612671,2.331228603400502,2.3587706089019775
GEFITINIB,1,NCIH1876,2.230773448944092,2.458037921860752,2.4739041328430176
GEFITINIB,1,NCIH1915,2.9431419372558594,2.3048575801204523,2.3348276615142822
GEFITINIB,1,NCIH1963,2.1363439559936523,2.5107463560275995,2.521759510040283
GEFITINIB,1,NCIH2029,1.809473991394043,2.603310948088736,2.6058013439178467
GEFITINIB,1,NCIH2030,3.5335612297058105,2.6193238397141854,2.620339870452881
GEFITINIB,1,NCIH2087,2.7495737075805664,2.578252908920057,2.583050489425659
GEFITINIB,1,NCIH211,2.287989616394043,2.5685801549715923,2.574268341064453
GEFITINIB,1,NCIH2110,0.7920655012130737,1.773137616748374,1.852065086364746
GEFITINIB,1,NCIH2122,1.8743269443511963,2.0190311803512166,2.0753183364868164
GEFITINIB,1,NCIH2342,2.7342910766601562,2.7489166844905406,2.7380006313323975
GEFITINIB,1,NCIH358,2.5264782905578613,2.753657344923054,2.742304801940918
GEFITINIB,1,NCIH647,2.4052250385284424,2.2452861780034725,2.2807412147521973
GEFITINIB,1,NCIH69,2.4668385982513428,2.811827792993202,2.795119285583496
GEFITINIB,1,NOMO1,1.8192025423049927,2.1705768568728607,2.2129106521606445
GEFITINIB,1,RERFLCKJ,1.1971750259399414,2.8162714564197233,2.7991538047790527
GEFITINIB,1,SBC5,2.406599521636963,2.2532349838137082,2.2879581451416016
GEFITINIB,1,ST486,1.5348739624023438,1.960790093735877,2.02243971824646
GEFITINIB,1,SUPB15,1.3049260377883911,2.035296164926049,2.090085744857788
GEFITINIB,1,SW1271,6.232480525970459,1.7480437331134544,1.8292816877365112
GEFITINIB,2,A3KAW,2.2228689193725586,2.1126097921698586,2.1015477180480957
GEFITINIB,2,DAUDI,1.9114019870758057,1.9053707318568713,1.8564027547836304
GEFITINIB,2,DMS53,2.865339994430542,2.4999387569314973,2.559722661972046
GEFITINIB,2,DOHH2,0.42923250794410706,1.760078607929705,1.6845353841781616
GEFITINIB,2,EM2,1.7838845252990723,1.658055022861725,1.5638507604599
GEFITINIB,2,GA10,1.7924954891204834,1.9654291189446316,1.9274463653564453
GEFITINIB,2,HCC44,2.749230146408081,2.3170997737047347,2.3434407711029053
GEFITINIB,2,HDLM2,2.604109048843384,2.5458399778537864,2.6140196323394775
GEFITINIB,2,IALM,4.1742987632751465,2.6119335598088345,2.69220232963562
GEFITINIB,2,JURLMK1,-0.2936129868030548,2.432520771834766,2.479973316192627
GEFITINIB,2,JVM2,1.697172999382019,1.9764490157292092,1.9404819011688232
GEFITINIB,2,KNS62,2.007603883743286,2.21703608760947,2.225074529647827
GEFITINIB,2,LP1,2.1183669567108154,2.036342633441178,2.0113306045532227
GEFITINIB,2,LU65,0.9554449915885925,2.0243905551727654,1.9971923828125
GEFITINIB,2,ME1,2.3698339462280273,1.8270270758877127,1.7637293338775635
GEFITINIB,2,MOLM13,1.0530250072479248,1.7736229529488843,1.7005571126937866
GEFITINIB,2,MOLT13,1.0867760181427002,2.2276145838644053,2.2375879287719727
GEFITINIB,2,NCIH1048,3.3204522132873535,2.362791782869138,2.3974902629852295
GEFITINIB,2,NCIH1092,3.5290510654449463,2.376935948882024,2.4142215251922607
GEFITINIB,2,NCIH1105,2.323483467102051,2.63326146905347,2.7174313068389893
GEFITINIB,2,NCIH1650,2.4816951751708984,2.043452406812481,2.0197408199310303
GEFITINIB,2,NCIH1651,3.0476369857788086,2.569171119913088,2.641618251800537
GEFITINIB,2,NCIH1944,1.963897466659546,2.760503334609541,2.8679468631744385
GEFITINIB,2,NCIH196,2.4786579608917236,2.6553226272144714,2.74352765083313
GEFITINIB,2,NCIH2023,2.516284465789795,2.741416087322915,2.8453683853149414
GEFITINIB,2,NCIH2081,2.4516489505767822,2.085225625795219,2.069154739379883
GEFITINIB,2,NCIH2085,1.7324415445327759,2.3229441988910615,2.3503541946411133
GEFITINIB,2,NCIH2170,0.9447383284568787,2.213514557904484,2.2209088802337646
GEFITINIB,2,NCIH2227,3.4567480087280273,2.611586889073225,2.6917922496795654
GEFITINIB,2,NCIH2228,6.167985439300537,2.537456794187377,2.6041030883789062
GEFITINIB,2,NCIH292,0.3902515769004822,2.3975564079627114,2.4386136531829834
GEFITINIB,2,NCIH522,2.44364857673645,2.549527788580214,2.618381977081299
GEFITINIB,2,NCIH727,1.6387455463409424,1.964415207819349,1.926247000694275
GEFITINIB,2,NCIH838,2.3013339042663574,2.4315202639675757,2.478789806365967
GEFITINIB,2,RAJI,1.8580739498138428,2.1321797583005466,2.124697208404541
GEFITINIB,2,RERFLCMS,3.5725040435791016,2.9940926964493126,3.1442618370056152
GEFITINIB,2,SIGM5,1.3197040557861328,2.016189474418928,1.987491250038147
GEFITINIB,2,SKMES1,2.0919549465179443,2.585286068747366,2.6606807708740234
GEFITINIB,2,SUDHL8,5.889161109924316,1.9508958553415743,1.9102548360824585
GEFITINIB,2,SW1573,5.471110820770264,2.8480538195713123,2.971511125564575
GEFITINIB,2,WSUDLCL2,1.8918784856796265,2.015194206923322,1.9863139390945435
GEFITINIB,3,697,2.3346800804138184,3.850173397645525,3.607950210571289
GEFITINIB,3,A4FUK,1.6005560159683228,2.00029312276702,1.9976246356964111
GEFITINIB,3,BEN,4.370938777923584,1.9725796816398602,1.9735000133514404
GEFITINIB,3,CAL12T,1.2953234910964966,2.6679316277343164,2.578805685043335
GEFITINIB,3,CMK,0.4288339912891388,1.9800500625568236,1.980002999305725
GEFITINIB,3,CORL105,-0.428754985332489,2.3456525669955033,2.2982609272003174
GEFITINIB,3,CORL311,3.4929940700531006,2.342221321660763,2.295274019241333
GEFITINIB,3,CORL88,1.6822030544281006,2.463434828728993,2.4007906913757324
GEFITINIB,3,GDM1,2.041041612625122,1.9161498284072667,1.924377679824829
GEFITINIB,3,HARA,0.19880558550357819,2.0646719729145384,2.053666591644287
GEFITINIB,3,HCC33,2.8031420707702637,2.434537925669249,2.375635862350464
GEFITINIB,3,HCC366,2.517272472381592,3.331676019820918,3.1565968990325928
GEFITINIB,3,HEL,2.439610004425049,1.9509311747953073,1.9546549320220947
GEFITINIB,3,JM1,1.4182319641113281,1.6920374422969424,1.7292872667312622
GEFITINIB,3,JVM3,1.0611159801483154,2.043345282263178,2.0351016521453857
GEFITINIB,3,KARPAS422,1.932168960571289,1.784204093653707,1.809518575668335
GEFITINIB,3,KMS12BM,1.6312780380249023,2.4777283976569495,2.4132332801818848
GEFITINIB,3,L1236,2.0437285900115967,2.6891071332464063,2.5972390174865723
GEFITINIB,3,LXF289,3.8004989624023438,1.9804849937183473,1.9803816080093384
GEFITINIB,3,MHHCALL2,1.4780545234680176,1.8485800679969455,1.8655580282211304
GEFITINIB,3,MM1S,1.843222975730896,1.884590478356861,1.8969051837921143
GEFITINIB,3,NALM6,2.680187940597534,1.7868168303132501,1.8117929697036743
GEFITINIB,3,NCIH1436,2.8853158950805664,2.521598107226878,2.4514219760894775
GEFITINIB,3,NCIH209,2.0011653900146484,2.2168179047002226,2.186110019683838
GEFITINIB,3,NCIH441,3.2256383895874023,2.8244717884592228,2.715074300765991
GEFITINIB,3,NCIH460,3.647084951400757,2.539407004528988,2.4669246673583984
GEFITINIB,3,NCIH661,2.370832920074463,2.744443085308266,2.645409107208252
GEFITINIB,3,NCIH841,1.8361321687698364,2.4414521808157628,2.381654739379883
GEFITINIB,3,NUDUL1,1.9682995080947876,2.3484766067980662,2.3007192611694336
GEFITINIB,3,OCIAML3,1.9922415018081665,1.982961061203079,1.982537031173706
GEFITINIB,3,OCILY19,2.5578079223632812,1.8927595427707051,1.904016375541687
GEFITINIB,3,OCIM1,1.7581055164337158,2.03817239507949,2.0305986404418945
GEFITINIB,3,P12ICHIKAWA,3.132838010787964,1.6846866126721738,1.7228883504867554
GEFITINIB,3,RL,2.3427164554595947,2.5729859908420356,2.496155261993408
GEFITINIB,3,RPMI8402,2.914544105529785,2.3833154692716985,2.3310465812683105
GEFITINIB,3,RS411,0.705689013004303,1.7530205153625018,1.7823731899261475
GEFITINIB,3,SKLU1,2.902458906173706,3.1913063696171173,3.034404754638672
GEFITINIB,3,SKMM2,3.2822940349578857,1.9497820855710173,1.9536546468734741
GEFITINIB,3,SUDHL1,5.732271671295166,2.5094200347042164,2.4408209323883057
GEFITINIB,3,SUDHL10,1.4025349617004395,1.647882617274151,1.6908503770828247
GEFITINIB,3,SUDHL6,1.5768585205078125,1.4839271267427765,1.5481266975402832
GEFITINIB,4,ALLSIL,1.785902500152588,2.9771894983864144,2.8484249114990234
GEFITINIB,4,AMO1,2.7718679904937744,2.273674137452869,2.285926103591919
GEFITINIB,4,BL41,1.3448859453201294,2.1096187270963123,2.154754877090454
GEFITINIB,4,CA46,2.5435850620269775,1.824105591504908,1.9264715909957886
GEFITINIB,4,CHAGOK1,2.4679510593414307,1.8385424270625386,1.9380146265029907
GEFITINIB,4,DMS273,2.3359694480895996,2.8549014650113165,2.7506489753723145
GEFITINIB,4,GRANTA519,2.9184656143188477,1.2449069949330627,1.4633708000183105
GEFITINIB,4,HCC78,4.021237850189209,2.073099780201601,2.125555992126465
GEFITINIB,4,HL60,2.049673080444336,1.6065691825043378,1.7525393962860107
GEFITINIB,4,JEKO1,1.55492103099823,1.6588474345569706,1.7943387031555176
GEFITINIB,4,KMH2,2.07883358001709,2.1745247001485226,2.206650733947754
GEFITINIB,4,KOPN8,3.225476026535034,2.8158750441890184,2.71944522857666
GEFITINIB,4,KU812,1.6369924545288086,1.4175295333282127,1.6013919115066528
GEFITINIB,4,L363,2.6767048835754395,2.129598901970608,2.1707301139831543
GEFITINIB,4,L428,1.5892289876937866,2.145685917182807,2.1835925579071045
GEFITINIB,4,MOLP8,2.096165418624878,2.4549344747536406,2.4308536052703857
GEFITINIB,4,MOLT16,1.259207010269165,2.5658036466014456,2.5194995403289795
GEFITINIB,4,NB4,1.7044190168380737,2.4768806117642876,2.4484007358551025
GEFITINIB,4,NCIH1341,2.8375515937805176,2.2076845444395636,2.233163833618164
GEFITINIB,4,NCIH1568,0.9978541135787964,2.012397680074961,2.077021360397339
GEFITINIB,4,NCIH1792,1.9790902137756348,2.369367858816342,2.362438440322876
GEFITINIB,4,NCIH1836,3.3383569717407227,2.4975188904509493,2.46490216255188
GEFITINIB,4,NCIH1975,2.2263994216918945,2.6747336933510106,2.606595039367676
GEFITINIB,4,NCIH2066,3.7520954608917236,2.0882826854187417,2.137695550918579
GEFITINIB,4,NCIH2291,3.0733025074005127,2.537493553286534,2.496864080429077
GEFITINIB,4,NCIH23,2.522974967956543,3.6347729704021625,3.3741986751556396
GEFITINIB,4,NCIH2347,5.957093715667725,2.9215956793697146,2.8039746284484863
GEFITINIB,4,NCIH2444,3.4627726078033447,2.3060118738097493,2.311781883239746
GEFITINIB,4,NCIH446,3.9852449893951416,2.44694091385736,2.42446231842041
GEFITINIB,4,NCIH524,2.2506825923919678,2.0599490351481546,2.1150412559509277
GEFITINIB,4,NCIH82,1.8267110586166382,2.579637841558808,2.5305607318878174
GEFITINIB,4,NCIH929,0.8951159715652466,2.2012567756224555,2.228024482727051
GEFITINIB,4,OCIAML2,2.6325769424438477,1.126285944626641,1.368526816368103
GEFITINIB,4,OCIAML5,1.4267070293426514,2.2940201906134234,2.3021938800811768
GEFITINIB,4,OPM2,1.5051569938659668,2.3271448485656063,2.328678846359253
GEFITINIB,4,RCHACV,1.5768860578536987,2.0876356146109334,2.1371781826019287
GEFITINIB,4,RPMI8226,1.3474705219268799,2.3100770887050746,2.3150322437286377
GEFITINIB,4,SKM1,0.3376685082912445,1.9157437891257074,1.9997413158416748
GEFITINIB,4,SUDHL5,0.8966525197029114,1.6363624694588994,1.7763607501983643
GEFITINIB,4,SUPT1,1.9828660488128662,2.324087811735351,2.3262345790863037
GEFITINIB,5,ABC1,3.0350685119628906,2.4105875561828514,2.4038031101226807
GEFITINIB,5,BV173,2.701848030090332,2.171005868320371,2.1840012073516846
GEFITINIB,5,CALU6,4.442319869995117,2.5597082614632116,2.5406124591827393
GEFITINIB,5,COLO668,1.2928112745285034,2.4109399448698268,2.4041264057159424
GEFITINIB,5,CORL279,1.6064130067825317,2.3500601214689096,2.3482728004455566
GEFITINIB,5,DND41,1.5910370349884033,2.2708589449555694,2.2756104469299316
GEFITINIB,5,EJM,2.0940985679626465,2.3426072046888473,2.341435194015503
GEFITINIB,5,EPLC272H,0.7353370189666748,1.7766175693687716,1.8221734762191772
GEFITINIB,5,HCC15,2.251758575439453,1.9908900312586355,2.0187556743621826
GEFITINIB,5,HT,4.168127059936523,2.5309485629306283,2.5142271518707275
GEFITINIB,5,K562,3.0578269958496094,2.536473477005182,2.5192959308624268
GEFITINIB,5,KG1,3.341322898864746,1.7579982711017634,1.805091381072998
GEFITINIB,5,L540,1.5547055006027222,3.7423371688881515,3.6256039142608643
GEFITINIB,5,LAMA84,2.9127540588378906,1.938693106684576,1.9708681106567383
GEFITINIB,5,LOUCY,1.5034974813461304,2.7923916029423888,2.7540855407714844
GEFITINIB,5,LOUNH91,1.4169039726257324,2.075532962274382,2.0964105129241943
GEFITINIB,5,MEG01,1.6390705108642578,2.1695570726493623,2.1826720237731934
GEFITINIB,5,MOLM16,1.5908160209655762,1.9583101898805237,1.988865613937378
GEFITINIB,5,NCIH1155,1.9631885290145874,2.620081071347691,2.596000909805298
GEFITINIB,5,NCIH1435,3.205246925354004,1.9412407781394156,1.9732054471969604
GEFITINIB,5,NCIH1437,2.2715890407562256,1.5699526490884321,1.632570743560791
GEFITINIB,5,NCIH1648,0.28337499499320984,2.560011534027887,2.540890693664551
GEFITINIB,5,NCIH1793,4.350160121917725,2.5588057202317476,2.5397844314575195
GEFITINIB,5,NCIH2009,2.55765700340271,2.5648839053347454,2.545360803604126
GEFITINIB,5,NCIH2171,2.683820962905884,2.7946792707974355,2.7561843395233154
GEFITINIB,5,NCIH2172,2.902343511581421,2.5415126872036615,2.523919105529785
GEFITINIB,5,NCIH2196,4.196342945098877,2.4473729330486633,2.437551498413086
GEFITINIB,5,NCIH2405,2.8996975421905518,2.34319633828278,2.341975688934326
GEFITINIB,5,NCIH526,1.4524400234222412,2.5036859965703644,2.48921537399292
GEFITINIB,5,NCIH596,2.2589259147644043,2.742959474268573,2.7087345123291016
GEFITINIB,5,NCIH650,2.2409756183624268,2.6819936326852156,2.652801990509033
GEFITINIB,5,NCIH810,2.349651575088501,2.6330469480138112,2.607896327972412
GEFITINIB,5,P31FUJ,1.9452965259552002,1.8758300574247713,1.913195013999939
GEFITINIB,5,PF382,2.4322030544281006,1.790948432449595,1.8353211879730225
GEFITINIB,5,PL21,2.792038917541504,1.9701309332508052,1.9997104406356812
GEFITINIB,5,REH,1.4148839712142944,1.6837940753166716,1.7370134592056274
GEFITINIB,5,SHP77,1.4347480535507202,2.4448952975459917,2.4352784156799316
GEFITINIB,5,SUDHL4,1.4998044967651367,1.9851681329475572,2.0135061740875244
GEFITINIB,5,SUPM2,1.5102964639663696,2.8180996050508194,2.7776710987091064
GEFITINIB,5,THP1,2.292531967163086,1.8264282040326902,1.8678717613220215
GEMCITABINE,1,A549,-3.659730911254883,-2.714088505168455,-2.7910971641540527
GEMCITABINE,1,AMO1,-3.246645927429199,-2.660900951759332,-2.7270495891571045
GEMCITABINE,1,BL41,-4.694701194763184,-3.4922637819509186,-3.728163003921509
GEMCITABINE,1,CMLT1,-4.524988174438477,-3.2862912269527333,-3.4801342487335205
GEMCITABINE,1,COLO668,-2.757281541824341,-1.2575660603441596,-1.0371768474578857
GEMCITABINE,1,CORL23,-1.7715888023376465,-2.5635386341112874,-2.6098074913024902
GEMCITABINE,1,DMS114,0.9053630232810974,-1.2923945180613918,-1.079116702079773
GEMCITABINE,1,DMS273,-2.7578139305114746,-2.2089371254463543,-2.182802200317383
GEMCITABINE,1,DMS53,-0.3459329903125763,-1.371548708839459,-1.1744328737258911
GEMCITABINE,1,EHEB,-1.2940094470977783,-2.3627336676402044,-2.3680014610290527
GEMCITABINE,1,EJM,-3.1466619968414307,-2.7471002882293485,-2.8308494091033936
GEMCITABINE,1,GRANTA519,-2.9856200218200684,-2.8176390595756793,-2.9157910346984863
GEMCITABINE,1,HCC827,1.1757087707519531,-1.8450791985812363,-1.7446504831314087
GEMCITABINE,1,HH,-2.7012031078338623,-3.3074518089995752,-3.505615472793579
GEMCITABINE,1,JEKO1,-4.279512405395508,-2.697831786441125,-2.7715210914611816
GEMCITABINE,1,LAMA84,-3.087385892868042,-3.304057039923495,-3.5015275478363037
GEMCITABINE,1,LOUCY,-3.0273659229278564,-2.8471683631498603,-2.9513497352600098
GEMCITABINE,1,MOLT16,-4.491506099700928,-3.2293849897230733,-3.4116086959838867
GEMCITABINE,1,NALM6,-5.251550197601318,-3.885417282955112,-4.201591968536377
GEMCITABINE,1,NB4,-5.731371879577637,-3.481196628851323,-3.7148361206054688
GEMCITABINE,1,NCIH1048,-3.456300973892212,-2.1819498398453323,-2.1503045558929443
GEMCITABINE,1,NCIH1105,-1.9679310321807861,-1.4582334224464173,-1.2788171768188477
GEMCITABINE,1,NCIH1435,-0.024308107793331146,-1.8321448828914175,-1.7290751934051514
GEMCITABINE,1,NCIH146,-1.9197520017623901,-0.7259176229594706,-0.3969745635986328
GEMCITABINE,1,NCIH1963,-1.1543630361557007,-1.1458394305259514,-0.9026374816894531
GEMCITABINE,1,NCIH2066,2.3724775314331055,-2.0072704982369594,-1.9399585723876953
GEMCITABINE,1,NCIH2170,-4.841003894805908,-2.1219596808188084,-2.0780653953552246
GEMCITABINE,1,NCIH2196,0.23285099864006042,-1.142195884630549,-0.8982499837875366
GEMCITABINE,1,NCIH2347,-0.38733020424842834,-1.9731443177804793,-1.8988643884658813
GEMCITABINE,1,NCIH446,-0.7017243504524231,-1.5160237924947662,-1.3484073877334595
GEMCITABINE,1,NCIH526,-1.8103810548782349,-2.0409501079684245,-1.9805150032043457
GEMCITABINE,1,NCIH661,-1.8640813827514648,-1.6093366808573493,-1.460773229598999
GEMCITABINE,1,NCIH810,-4.147688865661621,-1.4023130858708073,-1.21147882938385
GEMCITABINE,1,NOMO1,-4.254693984985352,-3.1463632252174807,-3.3116352558135986
GEMCITABINE,1,OCIAML5,-3.3067939281463623,-3.161518911002312,-3.329885482788086
GEMCITABINE,1,P12ICHIKAWA,-3.9906539916992188,-3.3450736354039576,-3.5509190559387207
GEMCITABINE,1,RPMI8226,-4.052393913269043,-2.4058473932999416,-2.4199182987213135
GEMCITABINE,1,SKLU1,-4.530402183532715,-2.5743192929350696,-2.6227893829345703
GEMCITABINE,1,SKMES1,-2.534069061279297,-1.5655223608679896,-1.4080127477645874
GEMCITABINE,1,SUDHL8,-3.750312089920044,-3.6051084720148183,-3.864048719406128
GEMCITABINE,1,WSUDLCL2,-1.5174269676208496,-2.9714453033725112,-3.1010019779205322
GEMCITABINE,2,A3KAW,-5.063676834106445,-2.4430959631171723,-2.369701862335205
GEMCITABINE,2,CAL12T,-1.763534426689148,-2.8837689567680345,-2.887417793273926
GEMCITABINE,2,CORL311,-1.6676950454711914,-1.8968376870679577,-1.7279411554336548
GEMCITABINE,2,DOHH2,-3.6980395317077637,-3.966519486924773,-4.159465789794922
GEMCITABINE,2,GA10,-3.1275315284729004,-3.868783368411668,-4.044642448425293
GEMCITABINE,2,GDM1,-1.7831859588623047,-3.407769416980543,-3.5030293464660645
GEMCITABINE,2,HCC33,1.5660054683685303,-1.5739062104710018,-1.3485515117645264
GEMCITABINE,2,HT,-2.7746400833129883,-3.752633804459638,-3.908186435699463
GEMCITABINE,2,JURKAT,-2.4281504154205322,-2.942200708022678,-2.9560651779174805
GEMCITABINE,2,JURLMK1,-4.535852909088135,-2.606229097001512,-2.5613555908203125
GEMCITABINE,2,JVM3,-5.519795894622803,-2.428964525511709,-2.353099822998047
GEMCITABINE,2,KCL22,-3.8711180686950684,-2.5917891924810315,-2.54439115524292
GEMCITABINE,2,KMH2,-2.3069543838500977,-3.0031846171215686,-3.0277109146118164
GEMCITABINE,2,KMS11,-1.1095130443572998,-3.25877928821098,-3.327991247177124
GEMCITABINE,2,KOPN8,-4.0490241050720215,-4.4727749819734,-4.75423002243042
GEMCITABINE,2,L363,-2.0435659885406494,-3.3123039802517322,-3.390873670578003
GEMCITABINE,2,L540,-4.955411911010742,-3.099485552724804,-3.140848159790039
GEMCITABINE,2,LOUNH91,-0.613299548625946,-2.0531483242532813,-1.9115796089172363
GEMCITABINE,2,LP1,1.1605249643325806,-3.1257429871105997,-3.171696186065674
GEMCITABINE,2,MEG01,-3.5743401050567627,-2.013282425446233,-1.864743947982788
GEMCITABINE,2,MOLM13,-4.426741123199463,-4.064518208193162,-4.274597644805908
GEMCITABINE,2,NAMALWA,-4.690575122833252,-4.309613030785157,-4.56254243850708
GEMCITABINE,2,NCIH1155,-2.8590850830078125,-1.7235366110279855,-1.5243418216705322
GEMCITABINE,2,NCIH1341,-3.061779499053955,-1.9814077476563472,-1.8272966146469116
GEMCITABINE,2,NCIH1836,0.4759019911289215,-1.640312744703258,-1.4265679121017456
GEMCITABINE,2,NCIH1915,0.3493284285068512,-2.6223408110258815,-2.5802841186523438
GEMCITABINE,2,NCIH1975,-0.9794989824295044,-2.751025699236921,-2.7314670085906982
GEMCITABINE,2,NCIH2029,0.7794010043144226,-2.1036755093412305,-1.9709404706954956
GEMCITABINE,2,NCIH2030,-1.6896133422851562,-2.8064906887608827,-2.796628952026367
GEMCITABINE,2,NCIH2081,-1.6466829776763916,-1.263689050119269,-0.9840990304946899
GEMCITABINE,2,NCIH23,-2.6425058841705322,-2.361780837298493,-2.274170398712158
GEMCITABINE,2,NCIH2444,1.5368050336837769,-1.5969092174339863,-1.375576138496399
GEMCITABINE,2,OCILY19,-5.718118190765381,-3.794554255271709,-3.9574358463287354
GEMCITABINE,2,OCIM1,-3.5479800701141357,-2.763685019078217,-2.7463395595550537
GEMCITABINE,2,PF382,-3.28511905670166,-3.5596826756474136,-3.681501626968384
GEMCITABINE,2,PL21,-1.1996209621429443,-3.1671629909408074,-3.220357656478882
GEMCITABINE,2,RERFLCMS,-2.654792070388794,-1.827519996325227,-1.6465046405792236
GEMCITABINE,2,ST486,-3.679316997528076,-4.0729324550552946,-4.284482955932617
GEMCITABINE,2,SUDHL1,-5.165506839752197,-3.404081005019729,-3.4986960887908936
GEMCITABINE,2,SUDHL6,-2.9015140533447266,-3.169783336208374,-3.223436117172241
GEMCITABINE,2,THP1,-3.541110038757324,-3.3561933429121558,-3.4424362182617188
GEMCITABINE,3,697,-5.604207992553711,-3.5990784459968546,-3.8710150718688965
GEMCITABINE,3,A4FUK,-3.9603559970855713,-3.2792205708018853,-3.469317674636841
GEMCITABINE,3,BEN,-1.000626564025879,-1.7272441577280808,-1.5202492475509644
GEMCITABINE,3,CA46,-2.1270930767059326,-3.6028424938159014,-3.875742197036743
GEMCITABINE,3,CALU6,-2.023819923400879,-2.699785969346941,-2.7416276931762695
GEMCITABINE,3,CHAGOK1,-1.2498810291290283,-2.1190011934788693,-2.012242078781128
GEMCITABINE,3,CORL279,-3.1781206130981445,-1.0173249857308115,-0.628688633441925
GEMCITABINE,3,DAUDI,-2.2215518951416016,-3.4618447594509503,-3.6986684799194336
GEMCITABINE,3,DMS79,-1.318444013595581,-1.3227047937541454,-1.012203574180603
GEMCITABINE,3,EBC1,-4.921037197113037,-2.3643741304754444,-2.320396661758423
GEMCITABINE,3,HCC15,-1.5662410259246826,-1.6997528639038886,-1.4857239723205566
GEMCITABINE,3,HL60,-3.0045740604400635,-2.76373890165149,-2.821943759918213
GEMCITABINE,3,JVM2,-4.792754173278809,-2.721160187123248,-2.7684707641601562
GEMCITABINE,3,KARPAS422,-1.7287310361862183,-3.554840679978692,-3.8154585361480713
GEMCITABINE,3,KMS12BM,-0.4056355059146881,-2.833580432092479,-2.9096550941467285
GEMCITABINE,3,KNS62,6.936003774171695e-05,-2.2840985539264897,-2.2195816040039062
GEMCITABINE,3,LCLC103H,-1.6576848030090332,-1.8794775567976547,-1.7114334106445312
GEMCITABINE,3,LU65,0.5595089793205261,-2.5458976004451914,-2.5483651161193848
GEMCITABINE,3,MHHCALL2,-3.5627450942993164,-3.564745819180728,-3.8278980255126953
GEMCITABINE,3,NCIH1436,3.067039966583252,-1.0020953714615994,-0.609562337398529
GEMCITABINE,3,NCIH1437,-1.9501044750213623,-1.9872083567070091,-1.8467284440994263
GEMCITABINE,3,NCIH1781,-3.4590630531311035,-2.272467158265151,-2.2049741744995117
GEMCITABINE,3,NCIH1793,-0.6104323863983154,-2.049969919561393,-1.9255483150482178
GEMCITABINE,3,NCIH1944,-3.011251449584961,-2.4239520952110256,-2.3952183723449707
GEMCITABINE,3,NCIH2023,-2.3113861083984375,-2.2688080944801956,-2.200378894805908
GEMCITABINE,3,NCIH209,-3.040226936340332,-1.406596813987416,-1.1175603866577148
GEMCITABINE,3,NCIH2122,-4.67613410949707,-2.0029958291754575,-1.8665553331375122
GEMCITABINE,3,NCIH441,-3.9737019538879395,-2.800462240838891,-2.86806321144104
GEMCITABINE,3,NCIH727,-1.022606611251831,-1.2388392093739438,-0.9068799614906311
GEMCITABINE,3,NCIH82,-2.988800048828125,-1.8187497985675432,-1.6351677179336548
GEMCITABINE,3,OCIAML2,-5.0584611892700195,-3.392767543153275,-3.611917018890381
GEMCITABINE,3,P31FUJ,-2.2965569496154785,-3.475628232888892,-3.7159786224365234
GEMCITABINE,3,RAJI,-5.168655872344971,-3.5291928716211287,-3.7832484245300293
GEMCITABINE,3,REH,-3.7933828830718994,-3.0494894955067644,-3.180807113647461
GEMCITABINE,3,RPMI8402,-3.2510790824890137,-2.8577882695665267,-2.940056800842285
GEMCITABINE,3,SBC5,-5.203776836395264,-1.6751679951609337,-1.4548487663269043
GEMCITABINE,3,SHP77,0.23872500658035278,-1.5669103766356591,-1.3188921213150024
GEMCITABINE,3,SIGM5,-5.091703414916992,-2.722117573170126,-2.7696731090545654
GEMCITABINE,3,SKMM2,-1.3354049921035767,-2.229916540729758,-2.151536464691162
GEMCITABINE,3,SUPM2,-3.9251089096069336,-3.750501873309735,-4.061182022094727
GEMCITABINE,3,SW1573,-0.3472859263420105,-2.6763227021833944,-2.712161064147949
GEMCITABINE,4,ALLSIL,-3.8079400062561035,-3.930287612946245,-3.962247610092163
GEMCITABINE,4,BV173,-4.538396835327148,-4.0399528562968605,-4.0780816078186035
GEMCITABINE,4,CORL88,0.8413490056991577,-0.2880781013531595,-0.11516100913286209
GEMCITABINE,4,CORL95,0.05089600011706352,-2.113710461462358,-2.0434865951538086
GEMCITABINE,4,DND41,-2.6391990184783936,-3.7218217824368196,-3.7420554161071777
GEMCITABINE,4,HCC44,-2.7534019947052,-2.054429770584721,-1.980871319770813
GEMCITABINE,4,HDLM2,-0.08038300275802612,-2.9239310293916883,-2.899282693862915
GEMCITABINE,4,HEL,-5.237459182739258,-3.647917155527218,-3.6639935970306396
GEMCITABINE,4,IALM,-1.1872014999389648,-1.8813825883420712,-1.7980901002883911
GEMCITABINE,4,JM1,-5.49085807800293,-3.803640884655529,-3.828476905822754
GEMCITABINE,4,KU812,-3.8348429203033447,-3.6603194270344734,-3.677093505859375
GEMCITABINE,4,L428,-3.0965359210968018,-2.402644224889511,-2.348673105239868
GEMCITABINE,4,LCLC97TM1,-5.0579118728637695,-2.5128126016133114,-2.465038537979126
GEMCITABINE,4,LXF289,-2.4091711044311523,-2.084767313514085,-2.0129153728485107
GEMCITABINE,4,ME1,-0.25008898973464966,-3.642115885529803,-3.6578660011291504
GEMCITABINE,4,MOLT13,-2.107386589050293,-3.391647785804432,-3.3933088779449463
GEMCITABINE,4,MONOMAC6,-4.842422962188721,-2.3110574732953633,-2.25193452835083
GEMCITABINE,4,NCIH1568,-2.606917142868042,-1.6821137830863198,-1.587612271308899
GEMCITABINE,4,NCIH1623,-2.455897569656372,-1.2255357088479057,-1.1053513288497925
GEMCITABINE,4,NCIH1648,-0.7204362750053406,-1.2185334872524498,-1.0979552268981934
GEMCITABINE,4,NCIH1651,-1.9376715421676636,-1.5795477087442529,-1.4792767763137817
GEMCITABINE,4,NCIH1792,-3.1622300148010254,-1.8666251380031347,-1.78250253200531
GEMCITABINE,4,NCIH1876,-3.510585069656372,-2.0573908989634258,-1.9839990139007568
GEMCITABINE,4,NCIH2009,-2.1925246715545654,-1.1187770256871359,-0.9925873875617981
GEMCITABINE,4,NCIH2085,-1.010511040687561,-1.467723777186164,-1.3611626625061035
GEMCITABINE,4,NCIH211,-3.5596890449523926,-1.9971675948213552,-1.920388102531433
GEMCITABINE,4,NCIH2110,-4.784646034240723,-1.7558864757399204,-1.6655347347259521
GEMCITABINE,4,NCIH2172,0.5309751033782959,-1.5338266767094517,-1.4309839010238647
GEMCITABINE,4,NCIH2228,-1.9240994453430176,-2.5136588317685704,-2.4659323692321777
GEMCITABINE,4,NCIH292,-4.377070426940918,-2.1164809679776013,-2.046412944793701
GEMCITABINE,4,NCIH524,-1.745000958442688,-0.9911453613381448,-0.8577763438224792
GEMCITABINE,4,NCIH69,-0.5005559921264648,-1.0531093173453203,-0.9232258200645447
GEMCITABINE,4,NCIH838,-1.313627004623413,-1.6202634778882061,-1.5222828388214111
GEMCITABINE,4,NCIH929,-3.619882583618164,-2.707198823649963,-2.6703591346740723
GEMCITABINE,4,RCHACV,-3.983320951461792,-3.697714493343246,-3.7165920734405518
GEMCITABINE,4,RL,-1.3100450038909912,-4.131729891172119,-4.175021171569824
GEMCITABINE,4,RS411,-4.028273105621338,-3.9603900668634187,-3.9940433502197266
GEMCITABINE,4,SUDHL10,-3.6205334663391113,-3.2785822727662146,-3.27388334274292
GEMCITABINE,4,SUDHL5,-5.921642780303955,-4.040769065483688,-4.078943729400635
GEMCITABINE,4,SW1271,-1.969796895980835,-1.9313844298979406,-1.8509045839309692
GEMCITABINE,5,ABC1,-2.3829050064086914,-3.0048729598335524,-2.96844482421875
GEMCITABINE,5,CALU3,-2.6983890533447266,-1.5841721246679505,-1.5147725343704224
GEMCITABINE,5,CMK,-3.5058178901672363,-2.636670316050524,-2.5916969776153564
GEMCITABINE,5,CORL105,-0.0960799977183342,-3.272811483546242,-3.2426016330718994
GEMCITABINE,5,DB,-4.805051803588867,-3.220744734088988,-3.189326524734497
GEMCITABINE,5,EM2,-2.924617052078247,-3.771902868710526,-3.7532758712768555
GEMCITABINE,5,EPLC272H,-3.869805097579956,-1.8130235375561432,-1.7489351034164429
GEMCITABINE,5,HARA,-2.186556577682495,-2.924586960485854,-2.8862955570220947
GEMCITABINE,5,HCC366,-3.1653525829315186,-2.8603745183721934,-2.8205928802490234
GEMCITABINE,5,HCC78,-5.406406879425049,-1.7786921790024812,-1.7138069868087769
GEMCITABINE,5,K562,-1.1583549976348877,-2.6708518486017288,-2.62667179107666
GEMCITABINE,5,KG1,-2.6212356090545654,-2.4280819962037974,-2.378267765045166
GEMCITABINE,5,L1236,-3.1292591094970703,-3.6614091045346413,-3.6402177810668945
GEMCITABINE,5,MM1S,-3.1703319549560547,-3.0339939618694225,-2.998241662979126
GEMCITABINE,5,MOLM16,-4.880643367767334,-2.4346303012536388,-2.3849680423736572
GEMCITABINE,5,MOLP8,-5.381662845611572,-1.4944959029469789,-1.4230151176452637
GEMCITABINE,5,NCIH1092,0.9847429990768433,-1.4660118361797188,-1.3938699960708618
GEMCITABINE,5,NCIH1650,-1.7920430898666382,-1.94656172926545,-1.8855724334716797
GEMCITABINE,5,NCIH196,1.4554710388183594,-1.4258859628063059,-1.3528128862380981
GEMCITABINE,5,NCIH2087,-1.9328889846801758,-2.895797998968648,-2.8568384647369385
GEMCITABINE,5,NCIH2171,-0.22226500511169434,-1.3540707248587929,-1.2793309688568115
GEMCITABINE,5,NCIH2227,-1.695557951927185,-1.3913642343552763,-1.3174899816513062
GEMCITABINE,5,NCIH2291,2.502293109893799,-1.5613536011926654,-1.4914244413375854
GEMCITABINE,5,NCIH2342,-3.3980228900909424,-1.9069025767052896,-1.8449928760528564
GEMCITABINE,5,NCIH2405,-3.7806150913238525,-1.3503025892464555,-1.2754753828048706
GEMCITABINE,5,NCIH358,-3.949457883834839,-1.1604348303474703,-1.081201195716858
GEMCITABINE,5,NCIH460,-4.294601917266846,-2.991009277883032,-2.9542593955993652
GEMCITABINE,5,NCIH522,-1.2659120559692383,-1.076732075809993,-0.9955558776855469
GEMCITABINE,5,NCIH596,-0.9337882399559021,-1.5941235537704888,-1.524954915046692
GEMCITABINE,5,NCIH647,-3.2815868854522705,-1.7173062754934931,-1.650996446609497
GEMCITABINE,5,NCIH650,-1.1757349967956543,-1.9400340456793992,-1.878893256187439
GEMCITABINE,5,NCIH841,0.6297454237937927,-1.1157750310707795,-1.035504937171936
GEMCITABINE,5,NUDUL1,-6.266263008117676,-3.68246746374467,-3.6617648601531982
GEMCITABINE,5,OCIAML3,-4.8830790519714355,-2.518013248344192,-2.4702861309051514
GEMCITABINE,5,OPM2,-1.0559489727020264,-3.6379232378695634,-3.6161868572235107
GEMCITABINE,5,RERFLCKJ,-0.31465277075767517,-1.8143170975135925,-1.7502586841583252
GEMCITABINE,5,SKM1,-4.018045425415039,-3.5021561804891803,-3.477268934249878
GEMCITABINE,5,SUDHL4,-1.8366889953613281,-4.34594430383485,-4.340639591217041
GEMCITABINE,5,SUPB15,-4.357687950134277,-4.4749465890483116,-4.472635746002197
GEMCITABINE,5,SUPT1,-3.795620918273926,-3.4642352891705888,-3.4384679794311523
GW441756,1,A3KAW,2.0800130367279053,2.686717594236244,2.697662830352783
GW441756,1,BEN,3.780426025390625,2.7389845251035356,2.7501065731048584
GW441756,1,BV173,2.0566155910491943,2.4872573483919598,2.497527837753296
GW441756,1,CAL12T,2.9511985778808594,2.88634013096218,2.897960662841797
GW441756,1,CMK,2.613579034805298,3.0885571832616834,3.1008617877960205
GW441756,1,DAUDI,2.8330159187316895,2.449455691320081,2.4595983028411865
GW441756,1,DMS114,3.0126686096191406,2.9355772360140513,2.947364330291748
GW441756,1,DMS79,3.8793444633483887,3.23664392973942,3.2494494915008545
GW441756,1,EHEB,2.9319629669189453,2.4358085251462263,2.4459049701690674
GW441756,1,HCC366,3.6362996101379395,3.0828083317380175,3.0950934886932373
GW441756,1,HCC827,3.423337459564209,3.311960680481608,3.3250210285186768
GW441756,1,JM1,-0.8535925149917603,2.625844731960994,2.6365840435028076
GW441756,1,KG1,2.7955141067504883,2.82385576537894,2.8352649211883545
GW441756,1,KU812,2.4476985931396484,2.646362291329661,2.6571710109710693
GW441756,1,MEG01,3.2207305431365967,2.6903300514452337,2.7012875080108643
GW441756,1,MOLT13,2.4971394538879395,2.3115371933028004,2.3212132453918457
GW441756,1,NAMALWA,2.817054510116577,2.62283367771168,2.6335628032684326
GW441756,1,NB4,2.4381110668182373,2.326396907601201,2.33612322807312
GW441756,1,NCIH1435,3.045091390609741,2.765938117884207,2.777151346206665
GW441756,1,NCIH1650,3.7802345752716064,2.874000796431966,2.8855795860290527
GW441756,1,NCIH1651,3.473093032836914,2.987747220058922,2.99971079826355
GW441756,1,NCIH1781,1.8872979879379272,3.08766660313807,3.099968194961548
GW441756,1,NCIH1975,1.4808650016784668,3.5765986552232087,3.5905542373657227
GW441756,1,NCIH2009,2.509002923965454,3.0073618433364127,3.0193917751312256
GW441756,1,NCIH2030,2.792279005050659,2.5515677834122243,2.562055826187134
GW441756,1,NCIH2170,1.7795244455337524,2.876436347730535,2.8880233764648438
GW441756,1,NCIH2347,3.307237386703491,3.6567363718479986,3.6709630489349365
GW441756,1,NCIH2444,3.786390542984009,3.1016393015342705,3.113988161087036
GW441756,1,NCIH460,2.340341091156006,2.905846164293968,2.9175326824188232
GW441756,1,NCIH524,2.9258666038513184,3.164961496764218,3.1775245666503906
GW441756,1,NCIH647,3.643723964691162,3.0703328439498447,3.082575798034668
GW441756,1,NCIH69,3.4763073921203613,2.9606147033633414,2.9724864959716797
GW441756,1,NCIH841,3.102867603302002,2.8144191327670987,2.825796365737915
GW441756,1,NUDUL1,2.3207476139068604,2.2755430717166014,2.285097360610962
GW441756,1,OCIAML5,0.29189199209213257,2.828734946877946,2.840160608291626
GW441756,1,OPM2,2.855900526046753,2.322422087881937,2.332134962081909
GW441756,1,RERFLCKJ,1.471474051475525,2.9708494839568305,2.9827558994293213
GW441756,1,SKMM2,3.581378936767578,2.664471387482495,2.6753413677215576
GW441756,1,SUDHL10,2.3994240760803223,2.427857697633893,2.43792724609375
GW441756,1,SUDHL6,2.032590389251709,2.515969765632339,2.5263373851776123
GW441756,1,THP1,3.1041204929351807,2.620568020967109,2.631289482116699
GW441756,2,A4FUK,2.7342123985290527,2.3219056334462853,2.260869026184082
GW441756,2,ABC1,2.3060123920440674,3.0688893344307817,3.1165287494659424
GW441756,2,CA46,3.180330991744995,2.797749364038374,2.805941581726074
GW441756,2,DMS273,3.107151985168457,2.895142474581968,2.917504072189331
GW441756,2,DND41,0.07428800314664841,2.7894883905158476,2.796478748321533
GW441756,2,EJM,1.0445330142974854,2.358852936391051,2.303191661834717
GW441756,2,EPLC272H,2.432804584503174,3.000134057294543,3.0377705097198486
GW441756,2,GA10,2.0987966060638428,2.4201810384409246,2.3734421730041504
GW441756,2,HARA,2.702683448791504,2.8817036668866045,2.9021100997924805
GW441756,2,HCC15,2.1106855869293213,2.8406706267222064,2.855107307434082
GW441756,2,HCC33,3.8428659439086914,2.7497942982645363,2.751009702682495
GW441756,2,JEKO1,3.001157522201538,1.7862805739142416,1.6473177671432495
GW441756,2,JVM2,3.8010785579681396,2.396940832303906,2.346820831298828
GW441756,2,KCL22,2.7490766048431396,2.6045599731065106,2.5846457481384277
GW441756,2,KNS62,3.0270586013793945,2.8410113476508125,2.8554975986480713
GW441756,2,L363,2.4763705730438232,2.4606918618613562,2.419846773147583
GW441756,2,L540,2.620695114135742,2.8772597251965197,2.897019624710083
GW441756,2,LCLC103H,3.632901906967163,3.072419136647172,3.120572090148926
GW441756,2,LCLC97TM1,3.2038474082946777,2.8768917382681294,2.8965981006622314
GW441756,2,MM1S,2.307119607925415,2.369061867867655,2.3148858547210693
GW441756,2,NCIH1155,2.918792963027954,3.0894685038712644,3.140101909637451
GW441756,2,NCIH1437,1.9261590242385864,2.888409021459588,2.9097909927368164
GW441756,2,NCIH1792,2.8119704723358154,3.068511773181856,3.116096258163452
GW441756,2,NCIH1793,3.3657004833221436,3.1247392600353816,3.180504083633423
GW441756,2,NCIH1876,3.0168039798736572,3.0218275943903445,3.062620162963867
GW441756,2,NCIH1963,2.5512800216674805,3.1029406135510973,3.155534029006958
GW441756,2,NCIH209,2.665482997894287,3.100515188394685,3.1527557373046875
GW441756,2,NCIH2122,0.961205005645752,2.9539134004993706,2.984825372695923
GW441756,2,NCIH2172,4.081295967102051,3.020940720916435,3.0616042613983154
GW441756,2,NCIH2196,4.2910051345825195,3.0814466802247114,3.130913019180298
GW441756,2,NCIH2291,5.259821891784668,3.2844260220410684,3.3634231090545654
GW441756,2,NCIH2342,3.740124464035034,3.2046028303663094,3.271986722946167
GW441756,2,NCIH292,2.7980215549468994,2.9826586328066407,3.0177526473999023
GW441756,2,NCIH596,2.221334934234619,3.0625292798092687,3.109243392944336
GW441756,2,NCIH727,3.544630527496338,3.112885210525972,3.1669254302978516
GW441756,2,P12ICHIKAWA,1.8265589475631714,2.6794752848200405,2.6704602241516113
GW441756,2,PL21,2.688852548599243,2.487058083653069,2.4500489234924316
GW441756,2,RPMI8402,2.608057975769043,2.496262544023104,2.46059250831604
GW441756,2,SHP77,3.0880908966064453,2.81773679884231,2.8288369178771973
GW441756,2,SUDHL4,2.249218463897705,1.8987683292622553,1.7761709690093994
GW441756,2,SUPB15,2.724651575088501,2.1272207752743273,2.037860155105591
GW441756,3,697,2.2471654415130615,2.367701210647848,2.2618813514709473
GW441756,3,A549,2.378934383392334,2.702758821896393,2.6856002807617188
GW441756,3,AMO1,1.2803850173950195,2.6700947742314187,2.6442928314208984
GW441756,3,BL41,2.015427589416504,2.2860550427455553,2.15863037109375
GW441756,3,CALU3,4.011068344116211,2.816507027916577,2.8294479846954346
GW441756,3,CHAGOK1,3.125819444656372,2.730565003073722,2.720764398574829
GW441756,3,COLO668,2.9914064407348633,3.0573708210092025,3.1340479850769043
GW441756,3,CORL279,2.8476974964141846,2.9184087287705553,2.9583144187927246
GW441756,3,CORL311,3.066349983215332,3.08432031940158,3.168128728866577
GW441756,3,CORL88,3.850321054458618,2.9213933557882874,2.9620888233184814
GW441756,3,EBC1,3.2787110805511475,2.9496014840821476,2.9977612495422363
GW441756,3,EM2,2.1672770977020264,2.8267470643304566,2.842397689819336
GW441756,3,HH,3.821599006652832,2.1095148542526356,1.9353749752044678
GW441756,3,HT,3.636368989944458,2.1281632585950945,1.9589580297470093
GW441756,3,JVM3,3.017702102661133,2.5221867192223586,2.4572460651397705
GW441756,3,KMH2,2.2086803913116455,2.4276903095457856,2.3377444744110107
GW441756,3,KMS11,3.1026175022125244,2.5770330819829894,2.5266056060791016
GW441756,3,LOUCY,3.097032070159912,2.3793746447760737,2.276643753051758
GW441756,3,LU65,4.763378620147705,2.7737236033849,2.775343418121338
GW441756,3,MHHCALL2,1.7192784547805786,2.6407665859847853,2.607203960418701
GW441756,3,MOLM16,2.251284599304199,2.6734276171610802,2.648507595062256
GW441756,3,NALM6,2.7933974266052246,2.378270421388868,2.27524733543396
GW441756,3,NCIH1092,3.562997579574585,3.0455314800036093,3.1190757751464844
GW441756,3,NCIH1105,3.367642402648926,2.9389857062971396,2.9843363761901855
GW441756,3,NCIH1568,2.8776724338531494,3.355516414409996,3.511087417602539
GW441756,3,NCIH1836,4.489452362060547,3.0412343033492495,3.1136415004730225
GW441756,3,NCIH2087,4.016393661499023,2.8440106175732534,2.864229440689087
GW441756,3,NCIH2110,2.2850029468536377,3.041299346386399,3.1137237548828125
GW441756,3,NCIH522,3.7456650733947754,2.6773897750414832,2.6535181999206543
GW441756,3,NCIH838,2.1453635692596436,3.0290167700754758,3.098191022872925
GW441756,3,PF382,2.331535577774048,2.5655568508021807,2.5120925903320312
GW441756,3,RCHACV,2.0263564586639404,2.4074994425701655,2.31221079826355
GW441756,3,REH,2.6808929443359375,2.421292148526218,2.329653263092041
GW441756,3,RL,2.8894619941711426,1.8707309301044623,1.6334052085876465
GW441756,3,RS411,2.363645553588867,2.657740933375444,2.6286699771881104
GW441756,3,SBC5,2.482358932495117,2.7357652410264794,2.7273406982421875
GW441756,3,SIGM5,1.4463670253753662,2.6903001580588084,2.66984486579895
GW441756,3,SKM1,2.5176444053649902,2.4935476101084273,2.4210286140441895
GW441756,3,ST486,2.9046764373779297,1.9792728651945304,1.7706689834594727
GW441756,3,SUDHL1,3.308358907699585,2.1606530097735615,2.00004506111145
GW441756,3,WSUDLCL2,2.725914478302002,2.2409445857282573,2.1015830039978027
GW441756,4,ALLSIL,2.4522030353546143,2.4852861474152683,2.491405725479126
GW441756,4,CMLT1,2.910618543624878,2.1691857722400094,2.1798717975616455
GW441756,4,CORL105,1.908305048942566,2.7165424461442975,2.7193212509155273
GW441756,4,CORL23,3.5134010314941406,2.84108401220955,2.8420636653900146
GW441756,4,DB,3.6778523921966553,2.2400409698777852,2.2497034072875977
GW441756,4,DMS53,2.1276965141296387,3.0123032344130234,3.0108094215393066
GW441756,4,GRANTA519,0.9486464858055115,2.457180175746404,2.4637057781219482
GW441756,4,HEL,2.644235610961914,2.3936111649593834,2.401055097579956
GW441756,4,HL60,2.636796474456787,2.6163463094126724,2.620572566986084
GW441756,4,JURLMK1,2.663151502609253,2.732092391513657,2.7346465587615967
GW441756,4,K562,3.120466470718384,2.7450120135114484,2.7473795413970947
GW441756,4,KMS12BM,2.444216012954712,2.8773056914540036,2.8777620792388916
GW441756,4,L1236,2.288767099380493,2.5393716727969515,2.5447099208831787
GW441756,4,L428,2.64621639251709,2.6270942756662743,2.6311652660369873
GW441756,4,LAMA84,2.5300118923187256,2.54487520049889,2.5501339435577393
GW441756,4,LP1,3.1483185291290283,2.740663379930347,2.743093729019165
GW441756,4,LXF289,2.0061581134796143,2.8165017497497598,2.8178365230560303
GW441756,4,ME1,3.5369224548339844,2.171129303737037,2.1817872524261475
GW441756,4,MOLP8,2.3397514820098877,2.642299252661877,2.646150588989258
GW441756,4,NCIH1648,3.2540769577026367,2.9673586451959757,2.9665141105651855
GW441756,4,NCIH1944,1.8114365339279175,2.827567832000199,2.828742742538452
GW441756,4,NCIH2023,3.737166404724121,2.760010880370697,2.7621617317199707
GW441756,4,NCIH2066,3.439464569091797,2.8137799831486823,2.8151540756225586
GW441756,4,NCIH2085,3.332810401916504,2.804194894155002,2.8057074546813965
GW441756,4,NCIH211,2.5586299896240234,3.214003049292932,3.2095954418182373
GW441756,4,NCIH2171,2.6984200477600098,2.839431502419135,2.840435028076172
GW441756,4,NCIH2227,3.507802963256836,3.3989256926042746,3.3918466567993164
GW441756,4,NCIH23,1.7445144653320312,3.083304063860758,3.080784559249878
GW441756,4,NCIH2405,3.8557634353637695,3.16459999785405,3.1609060764312744
GW441756,4,NCIH441,5.071993350982666,3.065655036738883,3.0633904933929443
GW441756,4,NCIH526,3.4881033897399902,2.8950933348999754,2.8952927589416504
GW441756,4,NCIH661,2.4408349990844727,3.243185535171626,3.238356351852417
GW441756,4,NCIH82,1.1801179647445679,3.056999620578546,3.0548601150512695
GW441756,4,NOMO1,3.402447462081909,2.4083925517569167,2.4156229496002197
GW441756,4,OCILY19,0.4379495084285736,2.370220809356185,2.378002643585205
GW441756,4,RAJI,2.649867534637451,2.778908422062669,2.7807862758636475
GW441756,4,RERFLCMS,2.9519104957580566,2.8421607683326853,2.8431248664855957
GW441756,4,SKMES1,3.0023934841156006,3.107116316268888,3.104252815246582
GW441756,4,SUDHL8,2.357659101486206,1.6148948953445839,1.6335883140563965
GW441756,4,SW1573,3.0433003902435303,2.639885199785497,2.6437714099884033
GW441756,5,CALU6,3.5650506019592285,3.100301753445657,3.185330629348755
GW441756,5,CORL95,2.797121047973633,3.1362827069096992,3.231715679168701
GW441756,5,DOHH2,2.228327989578247,2.672796545934234,2.6342098712921143
GW441756,5,GDM1,2.8978331089019775,2.5571271931527795,2.4850940704345703
GW441756,5,HCC44,2.7827799320220947,2.726545398850616,2.703500509262085
GW441756,5,HCC78,3.9781200885772705,3.1068048567987594,3.193714141845703
GW441756,5,HDLM2,2.215256929397583,2.75912028188682,2.7454946041107178
GW441756,5,IALM,2.6486799716949463,2.956020632315415,2.9993298053741455
GW441756,5,JURKAT,2.5269014835357666,2.646284420174753,2.600031614303589
GW441756,5,KARPAS422,3.2250890731811523,2.6246950713413835,2.572199583053589
GW441756,5,KOPN8,2.6286799907684326,2.419147588973601,2.3072168827056885
GW441756,5,LOUNH91,2.4444870948791504,2.884189479136175,2.9067282676696777
GW441756,5,MOLM13,-0.022594500333070755,2.784940355979853,2.778780698776245
GW441756,5,MOLT16,2.3211114406585693,2.6262539445365976,2.574209213256836
GW441756,5,MONOMAC6,1.6382169723510742,2.8340538312992676,2.8420956134796143
GW441756,5,NCIH1048,2.6649134159088135,3.353803866733612,3.512134313583374
GW441756,5,NCIH1341,1.2692584991455078,2.728315845297143,2.705782890319824
GW441756,5,NCIH1436,3.5924880504608154,3.0684394505994113,3.1442551612854004
GW441756,5,NCIH146,3.2255799770355225,3.0397154226671033,3.1072254180908203
GW441756,5,NCIH1623,2.069786548614502,2.995351433944709,3.0500333309173584
GW441756,5,NCIH1915,3.379605531692505,2.6990332935720316,2.6680331230163574
GW441756,5,NCIH196,2.9829699993133545,2.899773402605328,2.926818370819092
GW441756,5,NCIH2029,3.0134105682373047,3.2658855638467363,3.398793935775757
GW441756,5,NCIH2081,3.328587055206299,2.8646274607056927,2.881509780883789
GW441756,5,NCIH2228,2.754413604736328,2.8773050260940787,2.897853136062622
GW441756,5,NCIH358,3.758925437927246,3.2806259684354324,3.4177966117858887
GW441756,5,NCIH446,3.393704891204834,2.6192182092221454,2.565139055252075
GW441756,5,NCIH650,3.671751022338867,2.901239804973918,2.928708791732788
GW441756,5,NCIH810,3.5233700275421143,2.950795475786245,2.992593765258789
GW441756,5,NCIH929,2.608229398727417,2.6906561764465833,2.657233715057373
GW441756,5,OCIAML2,2.34234356880188,2.7181912144901705,2.692730665206909
GW441756,5,OCIAML3,2.956923484802246,2.886694328887744,2.9099574089050293
GW441756,5,OCIM1,1.8631515502929688,2.6221957698394123,2.5689775943756104
GW441756,5,P31FUJ,3.0023510456085205,2.6446545293846926,2.597930431365967
GW441756,5,RPMI8226,2.253702402114868,2.9086957277245458,2.9383206367492676
GW441756,5,SKLU1,3.565941095352173,2.899107057828681,2.925959348678589
GW441756,5,SUDHL5,1.6924240589141846,2.3420043566881654,2.2077672481536865
GW441756,5,SUPM2,2.3560614585876465,2.5046453755027884,2.4174368381500244
GW441756,5,SUPT1,3.2818055152893066,2.467560135427212,2.3696281909942627
GW441756,5,SW1271,3.804900884628296,2.714192221122024,2.687575340270996
JQ1,1,A4FUK,-0.7941399812698364,-0.011097132934362708,-0.16145429015159607
JQ1,1,A549,0.9485960006713867,1.886370407756625,2.0533409118652344
JQ1,1,ALLSIL,0.2799130082130432,-0.09894059066960287,-0.2639884650707245
JQ1,1,CAL12T,2.5356640815734863,1.6239375173373827,1.7470194101333618
JQ1,1,CMK,-1.475780963897705,1.5004660059050914,1.6028988361358643
JQ1,1,CORL23,1.5130970478057861,1.6222901697340053,1.7450965642929077
JQ1,1,CORL311,-0.18690800666809082,0.7984648590452957,0.7834967970848083
JQ1,1,DAUDI,1.3691320419311523,0.17977259159550246,0.06133600324392319
JQ1,1,DMS79,3.0621259212493896,2.056784789602061,2.2522549629211426
JQ1,1,EBC1,-0.4006359875202179,1.8587568584506118,2.0211093425750732
JQ1,1,EJM,1.6035139560699463,0.7037987983576547,0.6729990243911743
JQ1,1,HCC44,-1.0940239429473877,1.3108778460647337,1.3816044330596924
JQ1,1,HCC78,2.826529026031494,1.8133320397905113,1.9680877923965454
JQ1,1,LAMA84,0.3515940010547638,-0.3588560163283768,-0.5673714876174927
JQ1,1,LOUCY,-1.033735990524292,0.04306296214105418,-0.09823659807443619
JQ1,1,LU65,2.148845911026001,1.4675305944624137,1.5644553899765015
JQ1,1,MM1S,-0.9589369893074036,-0.1890025037452377,-0.369112104177475
JQ1,1,MOLP8,-1.5101959705352783,-0.4210871508139077,-0.6400099992752075
JQ1,1,NALM6,-0.7974860072135925,-0.0501448882527091,-0.20703229308128357
JQ1,1,NCIH1155,1.232414960861206,1.6703622851843813,1.8012081384658813
JQ1,1,NCIH1435,2.2551019191741943,1.4930302689578439,1.5942195653915405
JQ1,1,NCIH1623,3.203968048095703,1.7100589708605616,1.8475435972213745
JQ1,1,NCIH1781,2.570233106613159,1.6002984366818989,1.7194269895553589
JQ1,1,NCIH1975,2.436511993408203,2.009674733322411,2.1972663402557373
JQ1,1,NCIH2029,2.182905912399292,2.162909312040151,2.3761274814605713
JQ1,1,NCIH209,1.4103009700775146,1.2736803695145453,1.3381861448287964
JQ1,1,NCIH2172,3.2545509338378906,1.7099582712488488,1.8474260568618774
JQ1,1,NCIH2228,2.8908610343933105,2.0263737111235915,2.2167580127716064
JQ1,1,NCIH2444,1.146733045578003,1.7909881644856804,1.9420071840286255
JQ1,1,NCIH358,1.8373030424118042,2.163281880177604,2.3765623569488525
JQ1,1,NCIH522,1.4024770259857178,1.2492905354658546,1.3097174167633057
JQ1,1,NCIH596,1.6536569595336914,1.7331742297021755,1.8745245933532715
JQ1,1,NUDUL1,-1.3059289455413818,-0.05141078245877628,-0.2085098922252655
JQ1,1,OCILY19,0.9616659879684448,-0.20868989061166487,-0.3920919597148895
JQ1,1,P31FUJ,0.24028700590133667,0.4001756560385066,0.3185987174510956
JQ1,1,RPMI8226,0.23776200413703918,0.09000598574833425,-0.04344294220209122
JQ1,1,RS411,0.18162700533866882,-0.4467934331333695,-0.6700153350830078
JQ1,1,SKLU1,1.3952690362930298,1.9726636429703732,2.1540656089782715
JQ1,1,SUDHL10,-1.3175380229949951,-0.4270540623903074,-0.6469748020172119
JQ1,1,SUDHL8,0.14031900465488434,0.042553132058223406,-0.09883169084787369
JQ1,1,THP1,1.745803952217102,0.22185818662013918,0.11045988649129868
JQ1,2,A3KAW,-2.601196050643921,0.6465612854397351,0.6468404531478882
JQ1,2,ABC1,3.1439049243927,1.283698337249851,1.289564847946167
JQ1,2,CALU6,2.2314629554748535,1.8262101501114145,1.836834192276001
JQ1,2,DB,0.24606099724769592,0.12623556276193834,0.12195175886154175
JQ1,2,DMS114,2.2492051124572754,2.019230109637249,2.0315468311309814
JQ1,2,EPLC272H,2.1011500358581543,1.6851902002894752,1.6945775747299194
JQ1,2,HARA,1.1733649969100952,1.6692218403908807,1.678469181060791
JQ1,2,HCC827,2.0128509998321533,2.1129256817736746,2.1260640621185303
JQ1,2,HH,-1.579882025718689,0.37142097415983544,0.36928731203079224
JQ1,2,IALM,2.3420119285583496,1.3754277473905776,1.38209867477417
JQ1,2,JEKO1,-1.183197021484375,0.002815764395127257,-0.002550363540649414
JQ1,2,JVM2,-1.4473869800567627,0.9396732249287887,0.9425228238105774
JQ1,2,K562,2.427949905395508,1.1195630440374384,1.1239901781082153
JQ1,2,KARPAS422,0.4210520088672638,-0.4607911834236925,-0.4702228903770447
JQ1,2,KCL22,-0.5734320282936096,0.23637135949516883,0.23305338621139526
JQ1,2,KMS11,-1.30207097530365,0.35792851539436316,0.355676531791687
JQ1,2,L428,1.1315950155258179,0.5363116881294006,0.5356240272521973
JQ1,2,LP1,0.6167780160903931,0.4813021967567975,0.480132132768631
JQ1,2,ME1,1.3729239702224731,-1.0650489086834827,-1.0797796249389648
JQ1,2,MOLM13,-1.0740150213241577,-0.10012973845005768,-0.10639864206314087
JQ1,2,NAMALWA,0.31081900000572205,-0.3235246437055752,-0.33175259828567505
JQ1,2,NCIH1568,2.664602041244507,2.102907449453241,2.1159579753875732
JQ1,2,NCIH1915,2.5437610149383545,2.2454221692645775,2.2597224712371826
JQ1,2,NCIH2009,2.623872995376587,2.180377635465525,2.1941075325012207
JQ1,2,NCIH2081,1.2767809629440308,1.8802608154897515,1.8913588523864746
JQ1,2,NCIH2087,2.594464063644409,1.4758939220862999,1.4834458827972412
JQ1,2,NCIH211,-0.3718259930610657,1.7754064054563514,1.7855849266052246
JQ1,2,NCIH2110,1.9325220584869385,2.0703505578713766,2.083115577697754
JQ1,2,NCIH2122,1.5753949880599976,1.6710992544806555,1.6803630590438843
JQ1,2,NCIH2291,2.78029203414917,2.250868998132576,2.2652170658111572
JQ1,2,NCIH460,0.7176070213317871,1.6584474191889425,1.6676002740859985
JQ1,2,NCIH661,1.2815929651260376,1.921308790006882,1.9327667951583862
JQ1,2,NCIH69,0.3583979904651642,1.316606793439072,1.3227618932724
JQ1,2,NCIH841,2.4595229625701904,1.9169997305639699,1.9284199476242065
JQ1,2,NCIH929,-0.5762410163879395,0.5107643448668584,0.5098526477813721
JQ1,2,OPM2,-1.9824700355529785,-0.06592338845155889,-0.07189232110977173
JQ1,2,RERFLCKJ,1.5388109683990479,1.91225366745114,1.923632264137268
JQ1,2,RL,0.8468120098114014,-0.1825915510219241,-0.18958359956741333
JQ1,2,SIGM5,-0.5646384954452515,0.4588864964782089,0.45751985907554626
JQ1,2,SUDHL6,-1.1371690034866333,-0.26095890627758794,-0.2686381936073303
JQ1,2,SUPM2,0.86353600025177,-0.0468581284243261,-0.05265986919403076
JQ1,3,697,-1.4822200536727905,-0.02334093457225709,0.004455484915524721
JQ1,3,AMO1,-0.39266398549079895,0.01909394807746618,0.046404220163822174
JQ1,3,CA46,-0.4105980098247528,0.013470195374324367,0.04084489494562149
JQ1,3,CHAGOK1,2.2223949432373047,2.1282706342493207,2.1314175128936768
JQ1,3,CMLT1,0.8354774713516235,0.10568599988975466,0.1320042461156845
JQ1,3,CORL105,2.106782913208008,1.2465301235291524,1.2597784996032715
JQ1,3,CORL279,0.8404495120048523,1.3421111278183433,1.354264497756958
JQ1,3,CORL88,3.19427490234375,1.7095196287192158,1.7174638509750366
JQ1,3,CORL95,3.6541008949279785,1.7796078551014383,1.7867491245269775
JQ1,3,EHEB,1.8314470052719116,-0.07841451951891187,-0.04998715966939926
JQ1,3,EM2,-0.9319049715995789,-0.5673790829736706,-0.5333499908447266
JQ1,3,GRANTA519,1.905379056930542,-0.3878638861409799,-0.3558913767337799
JQ1,3,HCC366,2.103929042816162,1.6419667036521184,1.6506848335266113
JQ1,3,HL60,-1.7719290256500244,-0.26868276172774574,-0.2380756288766861
JQ1,3,JM1,1.485092043876648,-0.6088659413946393,-0.5743615627288818
JQ1,3,JURLMK1,0.3997119963169098,0.5442269984176646,0.5655211806297302
JQ1,3,JVM3,-0.5346009731292725,0.09758096302012007,0.12399206310510635
JQ1,3,L1236,-0.35522300004959106,0.08591295743852057,0.11245772987604141
JQ1,3,LCLC97TM1,0.2589170038700104,1.5911520250244224,1.6004523038864136
JQ1,3,LOUNH91,0.5208809971809387,1.9512567019739453,1.95643150806427
JQ1,3,MOLT16,-1.5891599655151367,-0.7597031046548183,-0.7234706878662109
JQ1,3,MONOMAC6,-0.5087059736251831,0.6450846347462043,0.6652233600616455
JQ1,3,NCIH1048,2.0424580574035645,1.4816562876611425,1.4922109842300415
JQ1,3,NCIH1341,0.8250640034675598,1.2232243806607639,1.2367397546768188
JQ1,3,NCIH1648,1.4640949964523315,2.0442017116166693,2.048311710357666
JQ1,3,NCIH1651,2.413295030593872,2.0638982919536475,2.0677826404571533
JQ1,3,NCIH1836,2.6303510665893555,1.6628594242927837,1.6713382005691528
JQ1,3,NCIH1876,2.6480870246887207,1.5101295881758274,1.5203580856323242
JQ1,3,NCIH2405,2.7279319763183594,1.6019705888982716,1.6111469268798828
JQ1,3,NCIH650,2.876913070678711,1.4217470114648212,1.4329880475997925
JQ1,3,NCIH82,2.6744940280914307,0.8002881502713206,0.8186488151550293
JQ1,3,NOMO1,0.9768970012664795,-0.2650896377748603,-0.23452366888523102
JQ1,3,OCIAML3,-0.9994840025901794,0.03583297835717157,0.0629514828324318
JQ1,3,PF382,-1.2534819841384888,-0.33899614623725144,-0.3075834810733795
JQ1,3,RAJI,-0.19009199738502502,0.2695367662777734,0.29397788643836975
JQ1,3,RCHACV,-1.5365519523620605,-0.29171743151566726,-0.26084640622138977
JQ1,3,SBC5,1.1888060569763184,1.5885125332442922,1.597843050956726
JQ1,3,SKMES1,2.1231729984283447,1.4846603254779747,1.495180606842041
JQ1,3,ST486,-0.9947460293769836,0.06654770036844265,0.09331432729959488
JQ1,3,SUDHL1,0.7703970074653625,0.3858177870836967,0.40892675518989563
JQ1,3,SW1573,3.0410759449005127,1.457633391210132,1.4684633016586304
JQ1,4,BL41,0.0055229999125003815,-0.11656538434010374,-0.22158357501029968
JQ1,4,BV173,-1.4394429922103882,-0.11158740380937404,-0.21617719531059265
JQ1,4,CALU3,0.3831680119037628,2.0264130576304207,2.1058170795440674
JQ1,4,COLO668,2.4152920246124268,1.1639194268972561,1.1690982580184937
JQ1,4,DMS273,1.0543899536132812,1.6349585295904094,1.680674433708191
JQ1,4,DND41,0.9343960285186768,-0.2137391820949358,-0.3271200358867645
JQ1,4,GDM1,-1.035491943359375,0.4348524846213374,0.37728866934776306
JQ1,4,HCC15,2.2005391120910645,2.0612898745672092,2.14369535446167
JQ1,4,HEL,-0.7170109748840332,-0.1431235778317873,-0.25042733550071716
JQ1,4,KG1,-0.9631929993629456,0.26030408443081154,0.18771883845329285
JQ1,4,KMH2,0.3384050130844116,-0.19317109557766382,-0.30478188395500183
JQ1,4,KOPN8,0.13972200453281403,-0.7570052402305956,-0.917138934135437
JQ1,4,L540,1.8414549827575684,0.32938399179844413,0.26274368166923523
JQ1,4,LCLC103H,2.724220037460327,1.5651725155735843,1.6048827171325684
JQ1,4,LXF289,0.8183820247650146,1.886237332010798,1.953577995300293
JQ1,4,MEG01,-0.9716240167617798,0.8646538558815066,0.8440782427787781
JQ1,4,MOLM16,-0.09336449950933456,0.6555044187877838,0.6169296503067017
JQ1,4,MOLT13,-1.9380085468292236,-0.3312852488227899,-0.45478197932243347
JQ1,4,NB4,-2.265660047531128,-0.1026051520724891,-0.20642194151878357
JQ1,4,NCIH1092,2.5409040451049805,1.779254546115891,1.8373883962631226
JQ1,4,NCIH1436,2.6559150218963623,1.569996717864687,1.6101220846176147
JQ1,4,NCIH146,1.1824419498443604,1.8173721214573764,1.878786325454712
JQ1,4,NCIH1650,2.7989959716796875,1.758170462807409,1.8144898414611816
JQ1,4,NCIH1792,1.4801520109176636,2.067778196694844,2.1507420539855957
JQ1,4,NCIH2023,2.618849992752075,2.1877449809792497,2.2810330390930176
JQ1,4,NCIH2171,0.7056059837341309,1.8919387617759171,1.9597700834274292
JQ1,4,NCIH23,1.6909610033035278,1.6894237965072332,1.7398269176483154
JQ1,4,NCIH2347,2.796747922897339,2.300547521366126,2.40354323387146
JQ1,4,NCIH292,1.5329619646072388,1.586332225725109,1.6278634071350098
JQ1,4,NCIH441,3.0864369869232178,1.7347964996737355,1.7891043424606323
JQ1,4,NCIH446,0.1987680047750473,0.7678870051812186,0.7389837503433228
JQ1,4,NCIH647,0.7680580019950867,1.8180724106571042,1.879546880722046
JQ1,4,NCIH727,2.2755250930786133,2.0674787626922018,2.150416851043701
JQ1,4,NCIH838,1.0529229640960693,1.7213052855488225,1.7744520902633667
JQ1,4,OCIAML5,0.44308000802993774,0.8510871246767484,0.8293439745903015
JQ1,4,P12ICHIKAWA,0.8134264945983887,-0.14128504427450816,-0.24843057990074158
JQ1,4,REH,0.392969012260437,-0.1825155038956613,-0.2932092845439911
JQ1,4,SHP77,2.209968090057373,0.7562635216241063,0.7263599634170532
JQ1,4,SUPB15,-1.0319440364837646,-0.2870548512521446,-0.40674516558647156
JQ1,4,SW1271,1.6623270511627197,1.6951376295136646,1.746032476425171
JQ1,5,BEN,0.22552800178527832,1.7522804976303934,1.7379378080368042
JQ1,5,DMS53,2.8564391136169434,1.4642393153310223,1.4450029134750366
JQ1,5,DOHH2,-0.8010395169258118,-0.27651017070269457,-0.3253212571144104
JQ1,5,GA10,-1.0910940170288086,-0.4601481520597136,-0.5120791792869568
JQ1,5,HCC33,1.6051445007324219,1.0551912647586255,1.0290052890777588
JQ1,5,HDLM2,2.4114990234375,0.5309526639835689,0.4958600699901581
JQ1,5,HT,-0.14837400615215302,-0.17194251318301737,-0.21897703409194946
JQ1,5,JURKAT,0.7296329736709595,0.2565406007466288,0.21678584814071655
JQ1,5,KMS12BM,-2.1663994789123535,-0.4197626335906475,-0.4710075259208679
JQ1,5,KNS62,2.3833110332489014,1.4529018922266363,1.4334728717803955
JQ1,5,KU812,-0.9906479716300964,-0.1491846767698646,-0.19583255052566528
JQ1,5,L363,-0.09226199984550476,-0.7861570012098448,-0.8436267971992493
JQ1,5,MHHCALL2,1.4474090337753296,-0.6123096368314948,-0.6668258309364319
JQ1,5,NCIH1105,2.69864559173584,1.5624129761436965,1.5448445081710815
JQ1,5,NCIH1437,1.4825060367584229,1.4358420132074745,1.4161231517791748
JQ1,5,NCIH1793,2.8168389797210693,2.0555061913219674,2.0463151931762695
JQ1,5,NCIH1944,1.4035600423812866,1.8477838196775356,1.8350636959075928
JQ1,5,NCIH196,2.698996067047119,1.1300910963902318,1.105177640914917
JQ1,5,NCIH1963,1.2493679523468018,1.3453285358076232,1.3240718841552734
JQ1,5,NCIH2030,1.1450040340423584,1.87394355116348,1.8616678714752197
JQ1,5,NCIH2066,3.1088340282440186,1.4414738597606878,1.4218506813049316
JQ1,5,NCIH2085,0.88229900598526,1.3577382673720015,1.336692452430725
JQ1,5,NCIH2170,1.800076961517334,1.7250693224533544,1.7102643251419067
JQ1,5,NCIH2196,4.004598617553711,1.8704389732954376,1.8581037521362305
JQ1,5,NCIH2227,2.199726104736328,1.5625719234842899,1.5450061559677124
JQ1,5,NCIH2342,2.214982032775879,2.0612599443900903,2.052166700363159
JQ1,5,NCIH524,1.8517169952392578,1.8519661508813536,1.8393170833587646
JQ1,5,NCIH526,-1.402927041053772,1.2979630488353688,1.2759016752243042
JQ1,5,NCIH810,1.9222110509872437,1.895036308687893,1.883118987083435
JQ1,5,OCIAML2,-1.7898160219192505,-0.21437770215180219,-0.2621331810951233
JQ1,5,OCIM1,-0.898082971572876,-0.19992275436421134,-0.2474326491355896
JQ1,5,PL21,0.13710300624370575,-0.5288382533703145,-0.5819362998008728
JQ1,5,RERFLCMS,1.2878730297088623,1.5861407898749993,1.5689754486083984
JQ1,5,RPMI8402,0.02241400070488453,0.09774001684219469,0.055287301540374756
JQ1,5,SKM1,0.2716690003871918,-0.2693001036526146,-0.31798869371414185
JQ1,5,SKMM2,1.556054949760437,0.11690272463464386,0.0747755765914917
JQ1,5,SUDHL4,1.03010094165802,-0.06229598409482469,-0.1074676513671875
JQ1,5,SUDHL5,-0.39301401376724243,-0.020216785593136194,-0.0646735429763794
JQ1,5,SUPT1,-0.09787099808454514,0.13520798419962865,0.09339183568954468
JQ1,5,WSUDLCL2,-1.2879430055618286,-0.005220994863437266,-0.0494229793548584
KU-55933,1,A549,3.1095075607299805,4.616429248503971,4.6711344718933105
KU-55933,1,AMO1,3.8431899547576904,3.4382083520797897,3.380007028579712
KU-55933,1,BV173,2.732166051864624,3.375068857919382,3.310817003250122
KU-55933,1,CHAGOK1,5.273937225341797,4.757205752551257,4.825401306152344
KU-55933,1,CORL311,4.766599178314209,4.496867060998169,4.540114879608154
KU-55933,1,CORL88,5.599868297576904,4.819298738162811,4.893444538116455
KU-55933,1,DMS273,3.5121231079101562,4.377358395551206,4.409153938293457
KU-55933,1,DMS53,5.403909683227539,4.521690852971146,4.567317485809326
KU-55933,1,EBC1,4.043288707733154,4.6985956170124785,4.76117467880249
KU-55933,1,EJM,4.204907417297363,4.252191186582707,4.271992206573486
KU-55933,1,GRANTA519,4.682156085968018,3.9878809842082514,3.982353687286377
KU-55933,1,HCC15,4.147096633911133,4.508455239444957,4.552813529968262
KU-55933,1,HCC366,5.658742904663086,4.586215393581035,4.638025283813477
KU-55933,1,HDLM2,3.318942070007324,3.776362895521244,3.750566244125366
KU-55933,1,KCL22,3.355410099029541,4.009462122665196,4.006002902984619
KU-55933,1,LOUCY,3.265491485595703,3.7129631884243643,3.681091070175171
KU-55933,1,MEG01,4.19486665725708,3.968224681745425,3.9608137607574463
KU-55933,1,MOLM16,2.6544029712677,3.789645068887237,3.7651212215423584
KU-55933,1,MOLT16,3.6151349544525146,3.4616808208517416,3.405728816986084
KU-55933,1,NALM6,3.2966248989105225,3.3852180327191594,3.3219387531280518
KU-55933,1,NCIH1092,5.409822940826416,4.786833910797787,4.857868671417236
KU-55933,1,NCIH1341,3.605865955352783,4.489854801012814,4.532430648803711
KU-55933,1,NCIH1623,4.691720485687256,4.640891875364455,4.697941303253174
KU-55933,1,NCIH1648,3.435178518295288,4.59536766564259,4.648054599761963
KU-55933,1,NCIH1651,4.680685043334961,4.738334222715399,4.804721355438232
KU-55933,1,NCIH2009,4.559304714202881,4.437760867353073,4.475344657897949
KU-55933,1,NCIH2081,5.2878594398498535,4.625766454508671,4.681366443634033
KU-55933,1,NCIH2087,5.507675647735596,5.0190569861899235,5.112345218658447
KU-55933,1,NCIH211,4.29709529876709,4.782295849402362,4.852895736694336
KU-55933,1,NCIH446,4.143036365509033,4.29585691896064,4.319842338562012
KU-55933,1,NCIH524,3.833005428314209,4.6961570997951085,4.75850248336792
KU-55933,1,NCIH526,3.8914315700531006,4.562784045415264,4.612348556518555
KU-55933,1,NCIH647,4.590418338775635,4.688076574326412,4.749647617340088
KU-55933,1,NCIH661,4.71817684173584,4.522434504991932,4.568132400512695
KU-55933,1,NCIH929,2.635260581970215,3.9828344632538517,3.976823568344116
KU-55933,1,P12ICHIKAWA,3.9855239391326904,3.39894317727132,3.3369791507720947
KU-55933,1,PL21,3.2929859161376953,3.6731895540569197,3.6375060081481934
KU-55933,1,REH,3.6937694549560547,3.7050279992780455,3.6723954677581787
KU-55933,1,SKMES1,4.571778774261475,4.548176439600287,4.596341133117676
KU-55933,1,SUDHL6,1.8398444652557373,3.361314341505663,3.2957444190979004
KU-55933,1,SW1271,5.461878776550293,4.821835596724066,4.896224498748779
KU-55933,2,A4FUK,3.262237548828125,3.6829771140581755,3.679330348968506
KU-55933,2,CA46,4.784458637237549,3.4962218878077973,3.49656343460083
KU-55933,2,DMS114,4.833032608032227,4.714025388747602,4.68835973739624
KU-55933,2,EHEB,5.230644226074219,3.9026565426770046,3.8943183422088623
KU-55933,2,EM2,3.7061750888824463,3.742222893965526,3.7373108863830566
KU-55933,2,HARA,4.246333599090576,4.502280462677428,4.481136798858643
KU-55933,2,HCC33,4.522276878356934,4.715208901086985,4.689517974853516
KU-55933,2,HCC44,3.665778398513794,4.576470948419921,4.5537428855896
KU-55933,2,HH,3.6637284755706787,3.279311459034466,3.284285306930542
KU-55933,2,IALM,4.050933837890625,4.646837066788261,4.62260627746582
KU-55933,2,JURKAT,3.4079184532165527,3.4497747535878682,3.45110821723938
KU-55933,2,JURLMK1,4.343932151794434,3.988026323238274,3.977864980697632
KU-55933,2,JVM3,2.510864019393921,3.7727140502793417,3.76715087890625
KU-55933,2,KMS12BM,2.897404909133911,3.4503180291162385,3.4516398906707764
KU-55933,2,KOPN8,2.899439573287964,3.3014542001885485,3.305955171585083
KU-55933,2,L1236,3.130094528198242,3.657171282839258,3.6540756225585938
KU-55933,2,LP1,4.517824172973633,3.385216323704204,3.3879284858703613
KU-55933,2,MONOMAC6,2.914665460586548,4.222918928379359,4.2077412605285645
KU-55933,2,NCIH1048,4.401975154876709,4.312911179736728,4.295811653137207
KU-55933,2,NCIH1435,3.605762481689453,4.306035211793799,4.2890825271606445
KU-55933,2,NCIH1436,5.104978084564209,4.645780237531726,4.621572017669678
KU-55933,2,NCIH1781,5.45260763168335,5.176499523421521,5.140957355499268
KU-55933,2,NCIH1792,4.106353282928467,4.902125404646682,4.872442722320557
KU-55933,2,NCIH1836,6.087866306304932,5.053610111661462,5.020692348480225
KU-55933,2,NCIH1915,4.307062149047852,4.831122460165714,4.8029561042785645
KU-55933,2,NCIH1975,4.3033833503723145,5.096905029710276,5.06306266784668
KU-55933,2,NCIH2023,4.620781421661377,4.7543642057824025,4.727837085723877
KU-55933,2,NCIH2029,4.618861198425293,4.703360622142242,4.67792272567749
KU-55933,2,NCIH2030,3.413771390914917,4.766106753077229,4.739328861236572
KU-55933,2,NCIH209,4.257779598236084,4.38496169586433,4.366323471069336
KU-55933,2,NCIH2227,5.71856164932251,4.6130131709102695,4.589504718780518
KU-55933,2,NCIH2291,5.06423282623291,4.987103929378999,4.955606460571289
KU-55933,2,NCIH727,5.614800453186035,5.035152873733025,5.002629280090332
KU-55933,2,NCIH838,4.191990852355957,5.045225153304753,5.012486457824707
KU-55933,2,OCIAML5,4.507513523101807,4.343088064556554,4.325344085693359
KU-55933,2,OCIM1,3.659648895263672,3.7032544468173105,3.699174642562866
KU-55933,2,SKM1,2.8429934978485107,3.752152898690363,3.7470288276672363
KU-55933,2,SKMM2,5.19724178314209,3.6349459540600106,3.6323249340057373
KU-55933,2,SUPB15,3.8481085300445557,3.074087788275245,3.083444356918335
KU-55933,2,SUPM2,2.331106424331665,3.6663070820831587,3.6630163192749023
KU-55933,2,SW1573,5.326760292053223,4.876016021271554,4.846890926361084
KU-55933,3,697,2.2852425575256348,3.496785720176893,3.5369746685028076
KU-55933,3,A3KAW,3.5523459911346436,4.179203653712402,4.185131549835205
KU-55933,3,ALLSIL,4.263332843780518,3.45463022498909,3.4969356060028076
KU-55933,3,CALU3,5.9155354499816895,5.194622537512959,5.149570941925049
KU-55933,3,CMK,3.060720920562744,4.41074359462601,4.4050469398498535
KU-55933,3,COLO668,4.694477081298828,4.757423944842583,4.7343220710754395
KU-55933,3,CORL105,5.679236888885498,4.745806683997431,4.723288059234619
KU-55933,3,CORL23,4.771322727203369,4.965709784412777,4.932150840759277
KU-55933,3,DOHH2,3.6520423889160156,3.301471902834334,3.351466655731201
KU-55933,3,GDM1,4.638533592224121,3.325546090417617,3.3743321895599365
KU-55933,3,HCC78,4.820505142211914,4.873313903429984,4.844393730163574
KU-55933,3,HL60,4.094593524932861,3.41935396561506,3.463430404663086
KU-55933,3,HT,4.3137617111206055,3.3672454800964386,3.413938045501709
KU-55933,3,JVM2,3.49971342086792,4.342409601188007,4.34014368057251
KU-55933,3,KARPAS422,2.691394567489624,3.0690915429641663,3.1307530403137207
KU-55933,3,KG1,3.6913886070251465,3.577651695689947,3.6137807369232178
KU-55933,3,LCLC103H,4.646978855133057,4.641072609301134,4.623812198638916
KU-55933,3,LCLC97TM1,4.332367897033691,4.735343116558595,4.71334981918335
KU-55933,3,MOLM13,3.945420503616333,3.7337846189902315,3.7620749473571777
KU-55933,3,MOLP8,3.7799484729766846,3.9934379295151983,4.008692264556885
KU-55933,3,NCIH1105,5.176095485687256,4.516466692825546,4.505462169647217
KU-55933,3,NCIH1437,3.937720537185669,4.298457798337976,4.298398494720459
KU-55933,3,NCIH146,4.612790107727051,5.094619710275811,5.054588794708252
KU-55933,3,NCIH1650,4.486355781555176,4.7716975119596325,4.7478790283203125
KU-55933,3,NCIH2171,3.864461898803711,4.496357384996998,4.486362457275391
KU-55933,3,NCIH292,5.051212787628174,4.474156568582414,4.46527624130249
KU-55933,3,NCIH596,5.551576614379883,4.581853697449328,4.567566394805908
KU-55933,3,NCIH69,4.958474636077881,4.709930232949227,4.689212799072266
KU-55933,3,NCIH810,5.05651330947876,4.834843399365924,4.807854652404785
KU-55933,3,NCIH82,2.5345215797424316,4.428988317027638,4.422375679016113
KU-55933,3,NOMO1,3.8200440406799316,3.279722171504856,3.3308088779449463
KU-55933,3,RERFLCKJ,3.47332501411438,4.580675403966028,4.5664472579956055
KU-55933,3,RL,4.40036153793335,3.0264136726722417,3.0902178287506104
KU-55933,3,RPMI8226,3.965817928314209,4.235214514708524,4.238330364227295
KU-55933,3,RPMI8402,2.95357608795166,3.4436731498834092,3.4865286350250244
KU-55933,3,SKLU1,5.152454376220703,4.364410102690006,4.361039638519287
KU-55933,3,ST486,3.157758951187134,3.37399895429216,3.4203524589538574
KU-55933,3,SUDHL10,2.286010980606079,3.335076361058219,3.3833839893341064
KU-55933,3,SUDHL5,2.514817953109741,3.559572145233783,3.596608877182007
KU-55933,3,SUDHL8,4.3416924476623535,3.107517616276938,3.167249917984009
KU-55933,3,THP1,4.047712802886963,4.017805560873935,4.03183650970459
KU-55933,4,BL41,2.602363109588623,3.3158685261006435,3.3477540016174316
KU-55933,4,CMLT1,3.803511381149292,3.467393773829999,3.4915719032287598
KU-55933,4,CORL279,4.231940269470215,4.52760378637923,4.497854232788086
KU-55933,4,CORL95,5.428549766540527,4.962353660057392,4.9104905128479
KU-55933,4,DAUDI,4.156489849090576,3.386457523930478,3.41475248336792
KU-55933,4,GA10,2.568834066390991,3.3349184521835906,3.365834951400757
KU-55933,4,HEL,3.920971393585205,3.473839454741539,3.497689723968506
KU-55933,4,JEKO1,2.172358989715576,3.5566893132608612,3.5763254165649414
KU-55933,4,JM1,3.562748432159424,3.569543246928998,3.5885255336761475
KU-55933,4,K562,4.511850833892822,3.956451900329438,3.955754041671753
KU-55933,4,KMH2,3.8373680114746094,3.2077262778844737,3.245112419128418
KU-55933,4,KMS11,3.5816919803619385,3.7155409339234193,3.7270970344543457
KU-55933,4,KU812,3.2631454467773438,4.015697152863707,4.011985778808594
KU-55933,4,LU65,5.745699405670166,4.088599160429842,4.081179618835449
KU-55933,4,LXF289,3.99725341796875,4.51070937034702,4.481819152832031
KU-55933,4,MHHCALL2,2.9292099475860596,3.644711541836673,3.6598703861236572
KU-55933,4,NAMALWA,3.5623695850372314,3.351271792740997,3.3813564777374268
KU-55933,4,NB4,2.8948841094970703,3.3478025293322182,3.378063678741455
KU-55933,4,NCIH1155,4.152688026428223,4.847566783958446,4.801542282104492
KU-55933,4,NCIH1568,4.521172046661377,4.574119698298056,4.542004108428955
KU-55933,4,NCIH1944,4.7321248054504395,4.49987429628473,4.4715352058410645
KU-55933,4,NCIH2066,6.009761810302734,4.595506497706025,4.562303066253662
KU-55933,4,NCIH2085,3.8088724613189697,4.340406743837485,4.320178985595703
KU-55933,4,NCIH2110,4.080842018127441,4.660100962048994,4.623611927032471
KU-55933,4,NCIH2172,5.406061172485352,4.49106184976335,4.463171005249023
KU-55933,4,NCIH23,4.731401443481445,4.60942977134456,4.5755181312561035
KU-55933,4,NCIH2342,5.487858295440674,4.644308792620051,4.608623027801514
KU-55933,4,NCIH2405,6.361543655395508,4.824649198132904,4.77979040145874
KU-55933,4,NCIH2444,5.379852771759033,4.61201256523125,4.577969551086426
KU-55933,4,NCIH358,4.011445045471191,4.8307120568422155,4.7855448722839355
KU-55933,4,NCIH441,7.000495433807373,4.597413072847045,4.564112663269043
KU-55933,4,NCIH460,4.687047004699707,4.678867790611002,4.641424179077148
KU-55933,4,NCIH841,4.777099609375,4.378395065125565,4.356235027313232
KU-55933,4,NUDUL1,2.0688579082489014,3.784844061114666,3.792875051498413
KU-55933,4,OCIAML2,3.5122249126434326,3.4105853704977114,3.437653064727783
KU-55933,4,OPM2,3.544950008392334,3.483548921003181,3.5069053173065186
KU-55933,4,RAJI,4.0961527824401855,3.505788027322017,3.528013229370117
KU-55933,4,RERFLCMS,4.761870861053467,4.524618577027994,4.495020866394043
KU-55933,4,SHP77,4.733775615692139,4.405695513014417,4.382146835327148
KU-55933,4,SUPT1,3.2408435344696045,3.5942694415839664,3.6119940280914307
KU-55933,5,ABC1,5.680258274078369,4.770866518764643,4.793262481689453
KU-55933,5,BEN,4.219605922698975,4.999452573474179,5.021238803863525
KU-55933,5,CAL12T,3.2533600330352783,4.7413134301626405,4.763788223266602
KU-55933,5,CALU6,5.7747650146484375,4.711345818040644,4.733900547027588
KU-55933,5,DB,3.3387115001678467,3.1661324211497313,3.1928088665008545
KU-55933,5,DMS79,5.300881862640381,4.574952280362908,4.597870826721191
KU-55933,5,DND41,3.684117078781128,3.3636820432886556,3.38983154296875
KU-55933,5,EPLC272H,3.6304736137390137,4.542231218469686,4.565237045288086
KU-55933,5,HCC827,5.672101974487305,4.798907337593007,4.821228504180908
KU-55933,5,KNS62,4.420390605926514,4.29597699518126,4.319639682769775
KU-55933,5,L363,3.6244969367980957,3.518343302594963,3.5440802574157715
KU-55933,5,L428,3.6654255390167236,3.531989349937454,3.557689905166626
KU-55933,5,L540,2.100045919418335,3.7643964795856304,3.7894771099090576
KU-55933,5,LAMA84,2.7183704376220703,3.9105298856458104,3.935220718383789
KU-55933,5,LOUNH91,5.130130290985107,4.73794560585486,4.760429382324219
KU-55933,5,ME1,4.295122146606445,3.4079578885376804,3.4339892864227295
KU-55933,5,MM1S,3.7899839878082275,3.473606556915402,3.499462842941284
KU-55933,5,MOLT13,3.4577620029449463,3.5774554562049654,3.603034734725952
KU-55933,5,NCIH1793,4.9970879554748535,4.693636531788489,4.716238498687744
KU-55933,5,NCIH1876,4.347813606262207,4.371817587291086,4.395277976989746
KU-55933,5,NCIH196,5.128328800201416,4.652936250719722,4.675646781921387
KU-55933,5,NCIH1963,4.1171770095825195,4.493311705760509,4.516448020935059
KU-55933,5,NCIH2122,4.130835056304932,4.583881987148315,4.606776714324951
KU-55933,5,NCIH2170,4.453012466430664,4.615965246993471,4.638774394989014
KU-55933,5,NCIH2196,6.3346781730651855,4.940072915931724,4.96201753616333
KU-55933,5,NCIH2228,4.666517734527588,4.73063239736369,4.753135681152344
KU-55933,5,NCIH2347,4.589578151702881,4.8512936438932845,4.873475074768066
KU-55933,5,NCIH522,3.9507033824920654,4.32153736646437,4.345131874084473
KU-55933,5,NCIH650,4.64133882522583,4.523264018283152,4.54632043838501
KU-55933,5,OCIAML3,4.479960918426514,3.6490767056804705,3.6744649410247803
KU-55933,5,OCILY19,3.843930959701538,2.969269368531814,2.9964709281921387
KU-55933,5,P31FUJ,4.289843559265137,3.7345515033147043,3.759711742401123
KU-55933,5,PF382,3.1182639598846436,3.6295601542546354,3.6550004482269287
KU-55933,5,RCHACV,2.4579920768737793,3.4275036048247842,3.4534828662872314
KU-55933,5,RS411,3.1864724159240723,3.1743662352207758,3.2010207176208496
KU-55933,5,SBC5,4.362545967102051,4.186934838136002,4.210888385772705
KU-55933,5,SIGM5,3.852174997329712,3.617704877205272,3.643176794052124
KU-55933,5,SUDHL1,4.020240783691406,3.3408179873354324,3.3670284748077393
KU-55933,5,SUDHL4,3.925102472305298,3.2677552287333005,3.2941606044769287
KU-55933,5,WSUDLCL2,2.51615309715271,2.774891544583948,2.8026115894317627
LENALIDOMIDE,1,ABC1,2.5111351013183594,4.433193403639242,4.471307754516602
LENALIDOMIDE,1,AMO1,3.741476058959961,3.790130287028959,3.778280019760132
LENALIDOMIDE,1,BL41,3.3667125701904297,3.679717287322827,3.659288167953491
LENALIDOMIDE,1,COLO668,3.5304019451141357,4.507543336495248,4.551434516906738
LENALIDOMIDE,1,CORL105,4.655523777008057,4.061802131184954,4.0710601806640625
LENALIDOMIDE,1,CORL311,4.141265869140625,4.74034493239569,4.802324295043945
LENALIDOMIDE,1,DB,4.830262660980225,3.7587393664552278,3.744450092315674
LENALIDOMIDE,1,DMS53,5.104775428771973,4.76202011604909,4.82568359375
LENALIDOMIDE,1,DMS79,4.9020233154296875,4.4301156585283366,4.467990875244141
LENALIDOMIDE,1,EPLC272H,4.59165620803833,4.706176475172491,4.765501022338867
LENALIDOMIDE,1,HCC15,5.876317977905273,4.808719013401797,4.876010894775391
LENALIDOMIDE,1,HCC366,5.27565336227417,4.393438900984014,4.428464412689209
LENALIDOMIDE,1,HEL,3.3822360038757324,3.4071147305675233,3.3655049800872803
LENALIDOMIDE,1,HH,4.362165927886963,3.685415717352061,3.6654293537139893
LENALIDOMIDE,1,KOPN8,3.5141448974609375,3.1115266476996553,3.046950340270996
LENALIDOMIDE,1,LCLC97TM1,4.665951728820801,4.113451260323287,4.12672233581543
LENALIDOMIDE,1,MEG01,4.2744059562683105,3.90674368654988,3.903954029083252
LENALIDOMIDE,1,MM1S,1.23757004737854,3.7318699348533695,3.7154929637908936
LENALIDOMIDE,1,MOLM16,1.8562419414520264,3.684636325745842,3.6645894050598145
LENALIDOMIDE,1,MOLT13,2.6967360973358154,3.5819148128331877,3.553886651992798
LENALIDOMIDE,1,NCIH1436,4.247179985046387,4.398409928344714,4.433821678161621
LENALIDOMIDE,1,NCIH1437,3.7690811157226562,4.358438178298822,4.390744209289551
LENALIDOMIDE,1,NCIH146,4.580785274505615,4.798308394552674,4.864791393280029
LENALIDOMIDE,1,NCIH1623,4.733960151672363,5.130026134356809,5.222282886505127
LENALIDOMIDE,1,NCIH1836,5.37436580657959,4.3649467508378414,4.397758483886719
LENALIDOMIDE,1,NCIH2029,3.9809606075286865,4.700870948774435,4.7597832679748535
LENALIDOMIDE,1,NCIH2081,4.225443363189697,4.842717566352055,4.912651062011719
LENALIDOMIDE,1,NCIH211,3.6332430839538574,4.868144802699602,4.940053939819336
LENALIDOMIDE,1,NCIH2228,5.800797939300537,4.797294278423548,4.863698482513428
LENALIDOMIDE,1,NCIH292,3.864706039428711,4.718011812143683,4.778255939483643
LENALIDOMIDE,1,NCIH441,6.3981523513793945,3.9831585757647985,3.9863061904907227
LENALIDOMIDE,1,NCIH596,5.3987627029418945,4.351526083111564,4.383295059204102
LENALIDOMIDE,1,NCIH650,5.116263389587402,4.2925108958067035,4.319694519042969
LENALIDOMIDE,1,NCIH82,3.9255640506744385,4.570311903871385,4.619080066680908
LENALIDOMIDE,1,NCIH929,2.219987392425537,3.709862464457835,3.6917755603790283
LENALIDOMIDE,1,OCIAML5,3.4478259086608887,3.6981224774106503,3.6791234016418457
LENALIDOMIDE,1,P31FUJ,3.239116907119751,3.4005670004030986,3.3584485054016113
LENALIDOMIDE,1,SKM1,3.286163568496704,3.7278318323871993,3.7111411094665527
LENALIDOMIDE,1,SKMM2,4.890765190124512,3.9341938456471475,3.933537006378174
LENALIDOMIDE,1,SUDHL4,3.5285658836364746,3.749864965407293,3.7348861694335938
LENALIDOMIDE,1,SUPT1,4.056676864624023,3.65638575823776,3.634143829345703
LENALIDOMIDE,2,A3KAW,3.331115961074829,3.5107395974952142,3.5360727310180664
LENALIDOMIDE,2,CALU6,4.425660133361816,4.297731344474895,4.302127838134766
LENALIDOMIDE,2,EBC1,4.354942798614502,4.196539525203192,4.203628063201904
LENALIDOMIDE,2,GA10,3.725233554840088,3.5448969617573622,3.569321393966675
LENALIDOMIDE,2,HARA,3.6329684257507324,4.629742737619523,4.625306606292725
LENALIDOMIDE,2,HCC33,5.126997947692871,4.520651285403983,4.51911735534668
LENALIDOMIDE,2,HCC44,3.606476068496704,4.800336795345778,4.791362285614014
LENALIDOMIDE,2,JEKO1,3.016524076461792,3.4423712282784127,3.4695231914520264
LENALIDOMIDE,2,JURLMK1,2.792823076248169,4.00066086159847,4.012960433959961
LENALIDOMIDE,2,JVM3,4.1288323402404785,3.9129654324567227,3.927597999572754
LENALIDOMIDE,2,KCL22,3.5972371101379395,3.8760765567661464,3.891690492630005
LENALIDOMIDE,2,KMH2,4.153200149536133,3.663463711642266,3.6847338676452637
LENALIDOMIDE,2,KMS12BM,1.0718895196914673,3.764694965395674,3.7832720279693604
LENALIDOMIDE,2,L1236,4.1754841804504395,3.762329631297366,3.7809696197509766
LENALIDOMIDE,2,L428,4.017368793487549,3.6069729593281523,3.6297459602355957
LENALIDOMIDE,2,LAMA84,3.1656715869903564,3.654555437731583,3.67606258392334
LENALIDOMIDE,2,LP1,4.565234661102295,3.284050356945243,3.3154141902923584
LENALIDOMIDE,2,MOLP8,3.4333009719848633,3.725584042388141,3.745201587677002
LENALIDOMIDE,2,NCIH1092,4.507931709289551,4.4726538876713064,4.4723968505859375
LENALIDOMIDE,2,NCIH1648,5.094058513641357,4.926860247952391,4.914519786834717
LENALIDOMIDE,2,NCIH1650,5.959498882293701,4.933437723553092,4.92092227935791
LENALIDOMIDE,2,NCIH1944,6.039752006530762,4.726365545576134,4.719358921051025
LENALIDOMIDE,2,NCIH1963,4.592774868011475,4.320401027827366,4.324194431304932
LENALIDOMIDE,2,NCIH2023,4.818741798400879,4.874504482719942,4.863556861877441
LENALIDOMIDE,2,NCIH2030,6.02207612991333,4.576613958571784,4.573591232299805
LENALIDOMIDE,2,NCIH2066,5.0711565017700195,4.482669266285764,4.4821457862854
LENALIDOMIDE,2,NCIH209,4.379685401916504,4.427942043588282,4.428874492645264
LENALIDOMIDE,2,NCIH2110,4.135169982910156,4.9354192450251135,4.922851085662842
LENALIDOMIDE,2,NCIH2122,3.6129279136657715,4.658407441929868,4.6532087326049805
LENALIDOMIDE,2,NCIH2196,6.231802940368652,4.644759192305147,4.639923572540283
LENALIDOMIDE,2,NCIH2227,5.415109634399414,4.448318158700456,4.448708534240723
LENALIDOMIDE,2,NCIH460,3.8007140159606934,4.81710845186929,4.807687759399414
LENALIDOMIDE,2,NCIH647,4.956654071807861,5.180797735622016,5.161701679229736
LENALIDOMIDE,2,NCIH810,4.881137371063232,4.4798236153015925,4.479375839233398
LENALIDOMIDE,2,OCILY19,4.115272521972656,3.5730144820172134,3.5966908931732178
LENALIDOMIDE,2,RPMI8226,3.1987175941467285,4.005141206563392,4.017321586608887
LENALIDOMIDE,2,RPMI8402,3.453829526901245,3.51789756826139,3.5430402755737305
LENALIDOMIDE,2,SHP77,4.502926349639893,4.3967319781979315,4.398494720458984
LENALIDOMIDE,2,SUDHL1,1.9707030057907104,3.701191733508757,3.7214581966400146
LENALIDOMIDE,2,THP1,4.488412857055664,4.136630954518177,4.145313262939453
LENALIDOMIDE,2,WSUDLCL2,3.5540740489959717,3.848768790521932,3.8651092052459717
LENALIDOMIDE,3,697,2.9175806045532227,3.467557182302123,3.4925522804260254
LENALIDOMIDE,3,A4FUK,3.785686492919922,2.9710806197276747,3.002652645111084
LENALIDOMIDE,3,A549,4.460229873657227,4.647088294409706,4.656457901000977
LENALIDOMIDE,3,BEN,5.9827775955200195,4.813626371606447,4.820789813995361
LENALIDOMIDE,3,CAL12T,4.313711166381836,4.194313908812135,4.209681510925293
LENALIDOMIDE,3,CMLT1,3.95668888092041,3.401296696968549,3.4271695613861084
LENALIDOMIDE,3,CORL279,4.150971412658691,4.8751189820987815,4.881467819213867
LENALIDOMIDE,3,DMS273,4.683140277862549,4.359654037219395,4.372831344604492
LENALIDOMIDE,3,DND41,3.420530080795288,3.5891895764872115,3.6125733852386475
LENALIDOMIDE,3,EHEB,4.894658088684082,3.320499424428349,3.347442626953125
LENALIDOMIDE,3,EJM,3.846947431564331,3.8858172087261384,3.905271530151367
LENALIDOMIDE,3,HCC78,4.288753032684326,4.810345663929239,4.81755256652832
LENALIDOMIDE,3,JM1,3.273118495941162,3.6165503112537025,3.6395716667175293
LENALIDOMIDE,3,JVM2,4.14348030090332,3.3877133397585544,3.4137661457061768
LENALIDOMIDE,3,K562,4.30344295501709,4.0168599521455945,4.034578323364258
LENALIDOMIDE,3,KG1,3.7425119876861572,3.44679507227157,3.4720652103424072
LENALIDOMIDE,3,KMS11,3.8938369750976562,3.055595206129552,3.086047649383545
LENALIDOMIDE,3,KNS62,4.721706867218018,4.297795615015225,4.311792373657227
LENALIDOMIDE,3,KU812,3.7975950241088867,3.3879878193521105,3.414036989212036
LENALIDOMIDE,3,LU65,5.436063766479492,3.984263567455888,4.002413749694824
LENALIDOMIDE,3,NB4,2.9821596145629883,3.324153917256289,3.351048707962036
LENALIDOMIDE,3,NCIH1048,3.6599979400634766,4.38066139090088,4.393560409545898
LENALIDOMIDE,3,NCIH1568,5.5626678466796875,4.734842029958781,4.743049144744873
LENALIDOMIDE,3,NCIH1781,5.0193190574646,4.775050874221188,4.7827253341674805
LENALIDOMIDE,3,NCIH2009,5.055521488189697,4.984453192452508,4.989353656768799
LENALIDOMIDE,3,NCIH358,4.429361820220947,4.912745881874619,4.918596267700195
LENALIDOMIDE,3,NCIH661,4.807101726531982,4.7669972176961695,4.774778366088867
LENALIDOMIDE,3,NCIH838,4.912299156188965,4.666751761207951,4.67586088180542
LENALIDOMIDE,3,NOMO1,4.042164325714111,3.6032392590630193,3.626436948776245
LENALIDOMIDE,3,OCIAML3,3.7262721061706543,4.060882033155808,4.078017234802246
LENALIDOMIDE,3,OCIM1,3.452695608139038,3.5151052146404775,3.5394704341888428
LENALIDOMIDE,3,RCHACV,2.9221715927124023,3.5078940848256086,3.5323548316955566
LENALIDOMIDE,3,RERFLCKJ,4.481040954589844,4.8998506566034,4.905871868133545
LENALIDOMIDE,3,RERFLCMS,4.570979118347168,4.479843238964067,4.491428375244141
LENALIDOMIDE,3,RL,4.1032209396362305,3.717119537685024,3.7388086318969727
LENALIDOMIDE,3,RS411,2.7315754890441895,3.429270661672052,3.45477294921875
LENALIDOMIDE,3,SIGM5,2.734839916229248,3.8924701978181946,3.9118363857269287
LENALIDOMIDE,3,SKLU1,2.149346113204956,4.292592100466959,4.306657791137695
LENALIDOMIDE,3,SUDHL6,3.5922625064849854,3.810058424710966,3.8305163383483887
LENALIDOMIDE,3,SW1271,5.142279148101807,4.754720537987894,4.762664318084717
LENALIDOMIDE,3,SW1573,5.825411796569824,4.218682187798524,4.233726978302002
LENALIDOMIDE,4,ALLSIL,3.3111701011657715,3.5197145427412635,3.458831310272217
LENALIDOMIDE,4,CA46,4.192404270172119,3.510601059437364,3.4488701820373535
LENALIDOMIDE,4,CMK,3.4861600399017334,3.710366737538399,3.6672160625457764
LENALIDOMIDE,4,CORL95,5.336198806762695,4.323139860843776,4.3369832038879395
LENALIDOMIDE,4,DMS114,5.139627456665039,4.949113574601572,5.021178722381592
LENALIDOMIDE,4,EM2,2.990571975708008,3.6464617623566458,3.597367286682129
LENALIDOMIDE,4,HCC827,4.38315486907959,4.614812771322706,4.655784606933594
LENALIDOMIDE,4,HL60,3.201995611190796,3.433679595763662,3.3647942543029785
LENALIDOMIDE,4,JURKAT,3.8278584480285645,3.5753100628493266,3.5195977687835693
LENALIDOMIDE,4,L363,1.8956290483474731,3.426102185926159,3.3565120697021484
LENALIDOMIDE,4,L540,3.7084529399871826,3.4894882291600906,3.4257936477661133
LENALIDOMIDE,4,LOUCY,3.7390189170837402,3.5234242844968744,3.462886095046997
LENALIDOMIDE,4,LOUNH91,4.924979209899902,4.959176360905438,5.032177448272705
LENALIDOMIDE,4,LXF289,4.282435894012451,4.622148492804518,4.663802623748779
LENALIDOMIDE,4,MOLM13,3.0052404403686523,3.6703852013550953,3.6235158443450928
LENALIDOMIDE,4,MOLT16,3.0862669944763184,3.0873635220006235,2.986267328262329
LENALIDOMIDE,4,NCIH1341,4.1367645263671875,4.185941146756802,4.187023639678955
LENALIDOMIDE,4,NCIH1435,4.605343341827393,4.207890724807024,4.211014747619629
LENALIDOMIDE,4,NCIH1792,5.123304843902588,4.8720311307776,4.93692684173584
LENALIDOMIDE,4,NCIH1876,4.730792045593262,4.468028976255839,4.4953484535217285
LENALIDOMIDE,4,NCIH1915,3.492079973220825,4.6877804054519725,4.735538959503174
LENALIDOMIDE,4,NCIH1975,4.990596294403076,4.916545850542082,4.985581874847412
LENALIDOMIDE,4,NCIH2085,4.415283679962158,4.659003785744369,4.704085826873779
LENALIDOMIDE,4,NCIH2087,4.538897514343262,4.704014970037326,4.753283500671387
LENALIDOMIDE,4,NCIH2171,4.338325023651123,4.536422418310362,4.570103168487549
LENALIDOMIDE,4,NCIH2291,6.22719669342041,4.722641551327095,4.773642539978027
LENALIDOMIDE,4,NCIH23,4.635823726654053,4.771237488722406,4.82675838470459
LENALIDOMIDE,4,NCIH2342,4.574522495269775,5.136265432716618,5.225737571716309
LENALIDOMIDE,4,NCIH2347,4.620487213134766,4.724944134614697,4.776159286499023
LENALIDOMIDE,4,NCIH2444,5.627391815185547,4.561633480380687,4.597659111022949
LENALIDOMIDE,4,NCIH446,4.302746772766113,4.131222728524397,4.12721586227417
LENALIDOMIDE,4,NCIH524,3.821758508682251,4.606766817633197,4.6469902992248535
LENALIDOMIDE,4,NCIH727,5.836987018585205,4.736395102051786,4.788675308227539
LENALIDOMIDE,4,NCIH841,4.161776065826416,4.9409803687980975,5.012289047241211
LENALIDOMIDE,4,OCIAML2,3.412501096725464,3.595939734545505,3.5421462059020996
LENALIDOMIDE,4,P12ICHIKAWA,3.465847969055176,3.6361612140422186,3.586108684539795
LENALIDOMIDE,4,PL21,4.148436546325684,3.337279315777013,3.259427785873413
LENALIDOMIDE,4,SUDHL10,3.574871063232422,3.6322431578645107,3.5818262100219727
LENALIDOMIDE,4,SUDHL5,2.9413070678710938,3.4950187044039174,3.4318385124206543
LENALIDOMIDE,4,SUDHL8,4.039740085601807,3.373185523847182,3.298673629760742
LENALIDOMIDE,5,BV173,3.210753917694092,3.590453801485742,3.5590155124664307
LENALIDOMIDE,5,CALU3,5.66481876373291,4.6340532590693675,4.711822509765625
LENALIDOMIDE,5,CHAGOK1,4.908670425415039,4.6227250615631235,4.6993088722229
LENALIDOMIDE,5,CORL23,4.116018772125244,4.354756620777724,4.403298854827881
LENALIDOMIDE,5,CORL88,4.721973419189453,4.48883537591317,4.551408290863037
LENALIDOMIDE,5,DAUDI,3.537156105041504,3.595957752341336,3.5650954246520996
LENALIDOMIDE,5,DOHH2,3.2774665355682373,3.610422647145112,3.5810739994049072
LENALIDOMIDE,5,GDM1,3.6270480155944824,3.5511597234155556,3.5156095027923584
LENALIDOMIDE,5,GRANTA519,4.282467842102051,3.6615860154157494,3.6375913619995117
LENALIDOMIDE,5,HDLM2,4.654090404510498,4.091291314404747,4.112263202667236
LENALIDOMIDE,5,HT,4.449046611785889,3.5757167415892672,3.542736291885376
LENALIDOMIDE,5,IALM,4.817678928375244,4.380009052059029,4.431193828582764
LENALIDOMIDE,5,KARPAS422,3.873063564300537,3.5614428587656963,3.5269687175750732
LENALIDOMIDE,5,LCLC103H,3.1299688816070557,4.3538151583397,4.40225887298584
LENALIDOMIDE,5,ME1,4.583550453186035,3.431493847392102,3.3834211826324463
LENALIDOMIDE,5,MHHCALL2,2.8082640171051025,3.4012211464389757,3.349980592727661
LENALIDOMIDE,5,MONOMAC6,3.563214063644409,3.7196543048962285,3.7017362117767334
LENALIDOMIDE,5,NALM6,3.815876007080078,3.539563893304279,3.502800226211548
LENALIDOMIDE,5,NAMALWA,3.7743589878082275,3.530725326523076,3.4930367469787598
LENALIDOMIDE,5,NCIH1105,4.564028263092041,4.382390550578328,4.43382453918457
LENALIDOMIDE,5,NCIH1155,3.603243112564087,4.630430290595111,4.707820415496826
LENALIDOMIDE,5,NCIH1651,4.324333190917969,4.761390262550941,4.852484703063965
LENALIDOMIDE,5,NCIH1793,4.952616214752197,4.760387935278545,4.851377487182617
LENALIDOMIDE,5,NCIH196,4.536093235015869,4.705807287140584,4.791085243225098
LENALIDOMIDE,5,NCIH2170,4.1975789070129395,4.5444606545417425,4.612854480743408
LENALIDOMIDE,5,NCIH2172,5.743795871734619,4.5782035143849615,4.650128364562988
LENALIDOMIDE,5,NCIH2405,5.878465175628662,4.782311362285638,4.8755950927734375
LENALIDOMIDE,5,NCIH522,5.6834211349487305,4.543749269810946,4.6120686531066895
LENALIDOMIDE,5,NCIH526,4.00639009475708,4.319790852595704,4.364674091339111
LENALIDOMIDE,5,NCIH69,5.017846584320068,4.775358526206185,4.86791467666626
LENALIDOMIDE,5,NUDUL1,3.9184091091156006,3.795588365759112,3.785616397857666
LENALIDOMIDE,5,OPM2,3.099367618560791,2.9731820762490524,2.8771493434906006
LENALIDOMIDE,5,PF382,3.0431718826293945,3.4573672294836317,3.4120020866394043
LENALIDOMIDE,5,RAJI,3.7971434593200684,3.639622227685156,3.6133291721343994
LENALIDOMIDE,5,REH,3.1120564937591553,3.8016211068423917,3.792280435562134
LENALIDOMIDE,5,SBC5,5.108804225921631,4.547848796988357,4.6165971755981445
LENALIDOMIDE,5,SKMES1,5.1023688316345215,4.8430890002265805,4.942732810974121
LENALIDOMIDE,5,ST486,3.8779590129852295,3.5125327843632372,3.472940444946289
LENALIDOMIDE,5,SUPB15,3.7267990112304688,3.311786747314164,3.251187324523926
LENALIDOMIDE,5,SUPM2,3.3876819610595703,3.3878108104321267,3.3351669311523438
LESTAURTINIB,1,A4FUK,-2.507021903991699,-2.0131277851151013,-1.9589227437973022
LESTAURTINIB,1,AMO1,-2.0476479530334473,-1.031110057911128,-0.9742875695228577
LESTAURTINIB,1,CALU6,0.26841166615486145,0.4154283175312736,0.4761063754558563
LESTAURTINIB,1,CMK,-1.5909459590911865,0.039994834343543256,0.09967222064733505
LESTAURTINIB,1,COLO668,1.2940658330917358,0.09632064965053738,0.15614816546440125
LESTAURTINIB,1,CORL311,-1.5491609573364258,-0.3202081018625811,-0.2614907920360565
LESTAURTINIB,1,CORL95,0.8306934833526611,0.10296619960129294,0.16281142830848694
LESTAURTINIB,1,DMS273,0.586899995803833,-0.45711266675434387,-0.39876025915145874
LESTAURTINIB,1,DMS53,1.7898800373077393,0.3437526690150708,0.404239684343338
LESTAURTINIB,1,HARA,-0.9356039762496948,-0.13386585668816842,-0.07465187460184097
LESTAURTINIB,1,HCC15,0.8517269492149353,0.2631265036564074,0.323398619890213
LESTAURTINIB,1,HCC33,-0.5308210253715515,-0.3399151110509323,-0.28125032782554626
LESTAURTINIB,1,JEKO1,-2.897649049758911,-1.9377042321365958,-1.8832981586456299
LESTAURTINIB,1,JM1,-1.7061995267868042,-1.5972620370512836,-1.5419485569000244
LESTAURTINIB,1,JVM2,-1.009600043296814,-1.1157382007834986,-1.0591412782669067
LESTAURTINIB,1,KNS62,0.9620487689971924,-0.048485301426606175,0.010956251993775368
LESTAURTINIB,1,LXF289,-0.9263610243797302,-0.05238699273940891,0.007044161204248667
LESTAURTINIB,1,MOLP8,-2.039649486541748,-1.7114135992784605,-1.6564043760299683
LESTAURTINIB,1,MOLT16,-2.7480740547180176,-2.004429379599502,-1.950201153755188
LESTAURTINIB,1,NALM6,-2.2206320762634277,-1.7784041145704421,-1.7235734462738037
LESTAURTINIB,1,NCIH1155,-1.1041145324707031,-0.07324214626556239,-0.013866579160094261
LESTAURTINIB,1,NCIH1568,0.20325987040996552,0.7423603831975505,0.8039098381996155
LESTAURTINIB,1,NCIH1651,0.82355797290802,0.8030536438144382,0.8647648692131042
LESTAURTINIB,1,NCIH1836,1.248191475868225,0.3753890440411716,0.4359603822231293
LESTAURTINIB,1,NCIH1915,0.6644632816314697,0.01236376581825245,0.07196750491857529
LESTAURTINIB,1,NCIH196,1.277093529701233,0.21228948215881566,0.2724260985851288
LESTAURTINIB,1,NCIH1963,-1.2107189893722534,-0.6659371743140983,-0.6081413626670837
LESTAURTINIB,1,NCIH211,-1.3913835287094116,0.3173395341999273,0.37775614857673645
LESTAURTINIB,1,NCIH23,0.4948965013027191,0.6087853701477682,0.6699787974357605
LESTAURTINIB,1,NCIH292,-0.9853609800338745,0.3420479303872938,0.40253040194511414
LESTAURTINIB,1,NCIH650,0.25617700815200806,0.11444436879417641,0.17432019114494324
LESTAURTINIB,1,NCIH727,1.8448917865753174,0.23831419551446564,0.29852017760276794
LESTAURTINIB,1,NCIH810,-0.09369099885225296,0.6931982583362044,0.7546166777610779
LESTAURTINIB,1,NCIH929,-1.977516531944275,-1.023731655228105,-0.966889500617981
LESTAURTINIB,1,OCIAML3,-1.493274450302124,-1.315659926798003,-1.2595958709716797
LESTAURTINIB,1,OCILY19,-3.0680959224700928,-1.6903526434783211,-1.6352872848510742
LESTAURTINIB,1,REH,-0.4717150032520294,-1.4734341793469725,-1.4177906513214111
LESTAURTINIB,1,RPMI8226,-0.8804594874382019,-0.6523294639606034,-0.5944973826408386
LESTAURTINIB,1,SKM1,-1.9356460571289062,-1.991012848219642,-1.9367488622665405
LESTAURTINIB,1,SUDHL10,-1.829017996788025,-1.3283764197470402,-1.2723462581634521
LESTAURTINIB,1,SW1573,0.5359312295913696,-0.08499507578684788,-0.025650834664702415
LESTAURTINIB,2,A3KAW,-3.0683164596557617,-1.2353138311886176,-1.1874102354049683
LESTAURTINIB,2,CA46,0.1554494947195053,-1.737548539337583,-1.6777594089508057
LESTAURTINIB,2,CORL105,0.7572110295295715,0.20665720614924998,0.22043612599372864
LESTAURTINIB,2,EBC1,1.287431001663208,-0.20156133901839274,-0.17812180519104004
LESTAURTINIB,2,EJM,-1.3718479871749878,-0.9801159964668704,-0.9382517337799072
LESTAURTINIB,2,EPLC272H,-1.7836564779281616,0.1061577498281423,0.12231501936912537
LESTAURTINIB,2,GRANTA519,-1.4065229892730713,-1.9128349111414802,-1.8488975763320923
LESTAURTINIB,2,HCC78,0.13837574422359467,0.0035865249854299674,0.022171173244714737
LESTAURTINIB,2,HDLM2,-0.5354300141334534,-1.1249128342146095,-1.0796219110488892
LESTAURTINIB,2,HEL,-1.1227459907531738,-2.220044145948822,-2.148836612701416
LESTAURTINIB,2,JVM3,-3.3368945121765137,-1.7971807356528946,-1.7359803915023804
LESTAURTINIB,2,KMS11,-0.745943009853363,-1.004154501789567,-0.9617213606834412
LESTAURTINIB,2,KOPN8,-2.433366537094116,-2.1786546083515397,-2.108426570892334
LESTAURTINIB,2,KU812,-0.7097945213317871,-2.123890368855624,-2.0549583435058594
LESTAURTINIB,2,L1236,-3.0812530517578125,-1.3808348368837806,-1.3294874429702759
LESTAURTINIB,2,LAMA84,-2.043165445327759,-1.9301204374130658,-1.8657740354537964
LESTAURTINIB,2,LU65,1.4367669820785522,-0.19626542592590304,-0.17295122146606445
LESTAURTINIB,2,ME1,0.7602260112762451,-2.471569126847192,-2.3944091796875
LESTAURTINIB,2,MONOMAC6,-4.067872047424316,-1.4320229248011946,-1.3794641494750977
LESTAURTINIB,2,NCIH1092,1.5887670516967773,-0.11546474801579162,-0.09406271576881409
LESTAURTINIB,2,NCIH1436,0.6553494930267334,-0.338592510317292,-0.31191009283065796
LESTAURTINIB,2,NCIH1648,1.38189697265625,0.5258000413139243,0.5320263504981995
LESTAURTINIB,2,NCIH1944,-0.6846470236778259,-0.016560875158024933,0.00250056735239923
LESTAURTINIB,2,NCIH1975,0.20154760777950287,0.6405967169719995,0.6441063284873962
LESTAURTINIB,2,NCIH2009,0.3249692916870117,0.6109508855826261,0.6151620745658875
LESTAURTINIB,2,NCIH2023,-0.5170009732246399,0.10197079903247877,0.11822715401649475
LESTAURTINIB,2,NCIH2087,0.8866609930992126,-0.12583774263716113,-0.10419023036956787
LESTAURTINIB,2,NCIH209,-1.7017004489898682,-0.054290623264417276,-0.03433629497885704
LESTAURTINIB,2,NCIH2122,-0.4742499887943268,0.06432053700252924,0.0814678966999054
LESTAURTINIB,2,NCIH2171,-1.8270070552825928,0.009176146726971722,0.027628514915704727
LESTAURTINIB,2,NCIH2172,3.1335694789886475,0.8124390480925411,0.811881959438324
LESTAURTINIB,2,NCIH2227,-0.38808250427246094,-0.04528223528988544,-0.025541093200445175
LESTAURTINIB,2,NCIH441,3.474048614501953,0.2208378821873107,0.23428121209144592
LESTAURTINIB,2,NCIH661,1.4760210514068604,0.5428838603777638,0.5487058758735657
LESTAURTINIB,2,PF382,-1.5607630014419556,-1.918663541272346,-1.854588270187378
LESTAURTINIB,2,RAJI,0.12996749579906464,-1.4137828301578406,-1.3616557121276855
LESTAURTINIB,2,RCHACV,-2.9848361015319824,-2.6753932834845915,-2.593409776687622
LESTAURTINIB,2,RERFLCMS,-0.5253620147705078,0.5604749999308202,0.5658807158470154
LESTAURTINIB,2,SKMM2,1.539676547050476,-0.9353911471623211,-0.8945853114128113
LESTAURTINIB,2,SUDHL5,-2.7077949047088623,-1.6285198107097383,-1.5713108777999878
LESTAURTINIB,2,WSUDLCL2,-1.6131315231323242,-1.5266729331470534,-1.4718742370605469
LESTAURTINIB,3,697,-3.615277051925659,-1.3340307903337822,-1.359334111213684
LESTAURTINIB,3,A549,-1.2064499855041504,0.24714124198863674,0.3278094232082367
LESTAURTINIB,3,BEN,1.0642080307006836,0.18286858089851452,0.2592291533946991
LESTAURTINIB,3,BL41,-0.7863519787788391,-1.6520719419424799,-1.69869065284729
LESTAURTINIB,3,CAL12T,0.1545419991016388,0.34924345522827477,0.43675461411476135
LESTAURTINIB,3,CALU3,0.7419074773788452,0.4755838676127988,0.5715624690055847
LESTAURTINIB,3,CORL23,0.519860029220581,0.027065545612036696,0.09298406541347504
LESTAURTINIB,3,CORL88,1.2268470525741577,0.2715028097231089,0.35380372405052185
LESTAURTINIB,3,DND41,-1.7528364658355713,-1.5930493028236787,-1.6357122659683228
LESTAURTINIB,3,DOHH2,-2.1100125312805176,-1.6440397166780074,-1.6901201009750366
LESTAURTINIB,3,HCC827,0.15381300449371338,0.3787781804653013,0.4682687819004059
LESTAURTINIB,3,HL60,-1.492227554321289,-1.6921534107557883,-1.7414584159851074
LESTAURTINIB,3,JURKAT,-1.7477974891662598,-1.324087455181639,-1.348724365234375
LESTAURTINIB,3,KCL22,-0.8497365117073059,-1.6870400243154284,-1.7360023260116577
LESTAURTINIB,3,KMH2,-0.15647350251674652,-1.4292884349008381,-1.460976004600525
LESTAURTINIB,3,KMS12BM,-3.2118234634399414,-1.0002529794045119,-1.0031862258911133
LESTAURTINIB,3,L428,-0.2108744978904724,-1.0036238438690734,-1.0067830085754395
LESTAURTINIB,3,LCLC103H,0.10956499725580215,0.24038632990934677,0.32060179114341736
LESTAURTINIB,3,LP1,2.1839613914489746,-1.1284522997536959,-1.1399775743484497
LESTAURTINIB,3,MHHCALL2,-0.8168519735336304,-2.068503970714967,-2.1430323123931885
LESTAURTINIB,3,NAMALWA,-1.6036759614944458,-1.9825422345609542,-2.05130934715271
LESTAURTINIB,3,NCIH1437,0.22251099348068237,0.20706295724125867,0.2850450575351715
LESTAURTINIB,3,NCIH1623,0.4713509976863861,0.545301281443224,0.6459524035453796
LESTAURTINIB,3,NCIH1876,-0.813355028629303,-0.5270481892576042,-0.4982668459415436
LESTAURTINIB,3,NCIH2347,0.9691789746284485,0.9362524595156345,1.0631054639816284
LESTAURTINIB,3,NCIH2444,2.1548640727996826,0.4307903163879229,0.523766815662384
LESTAURTINIB,3,NCIH358,0.9881449937820435,0.9823862231930122,1.1123311519622803
LESTAURTINIB,3,NCIH522,1.291843056678772,0.42234885486023627,0.5147596001625061
LESTAURTINIB,3,NCIH524,-1.9268455505371094,-0.060063572694091544,1.5479070498258807e-05
LESTAURTINIB,3,NCIH596,1.4825944900512695,0.7662831657765428,0.8817446827888489
LESTAURTINIB,3,NOMO1,-1.5326770544052124,-2.0286609158207685,-2.1005189418792725
LESTAURTINIB,3,OCIAML5,-1.8205759525299072,-0.9463240637224319,-0.9456429481506348
LESTAURTINIB,3,P12ICHIKAWA,-2.079461097717285,-1.5116435739898577,-1.548850655555725
LESTAURTINIB,3,RPMI8402,-2.686260461807251,-1.5079384384634515,-1.544897198677063
LESTAURTINIB,3,RS411,-2.603830099105835,-2.2693159704586465,-2.3573029041290283
LESTAURTINIB,3,SBC5,0.32720091938972473,-0.15768605351111692,-0.10414974391460419
LESTAURTINIB,3,SIGM5,-2.375333070755005,-1.435356370790529,-1.4674506187438965
LESTAURTINIB,3,ST486,-0.9824730157852173,-1.4399193048506387,-1.4723193645477295
LESTAURTINIB,3,SUDHL4,-1.23294198513031,-1.349806440496796,-1.3761670589447021
LESTAURTINIB,3,SUPT1,-1.072094440460205,-1.4715208799018766,-1.5060389041900635
LESTAURTINIB,3,THP1,-0.44919198751449585,-1.712258608532323,-1.762911081314087
LESTAURTINIB,4,ALLSIL,-2.095811605453491,-1.732234546354233,-1.7299002408981323
LESTAURTINIB,4,CMLT1,-1.22383451461792,-2.3827032396582033,-2.415980815887451
LESTAURTINIB,4,DB,-0.5892950296401978,-1.5159016348107373,-1.5017235279083252
LESTAURTINIB,4,DMS114,1.1508375406265259,0.07305132915815638,0.1742214858531952
LESTAURTINIB,4,EHEB,-0.17320799827575684,-1.3018666780380603,-1.2759705781936646
LESTAURTINIB,4,GDM1,-2.1203954219818115,-1.7422154821112166,-1.7404276132583618
LESTAURTINIB,4,HCC44,-1.2139250040054321,-0.26129620181260416,-0.17843091487884521
LESTAURTINIB,4,HH,-0.03050450049340725,-1.348550241784206,-1.3252099752426147
LESTAURTINIB,4,JURLMK1,-2.540015935897827,-0.8190122094456271,-0.7666807770729065
LESTAURTINIB,4,K562,0.85395348072052,-0.9853915603707213,-0.9421690702438354
LESTAURTINIB,4,KARPAS422,-0.474436491727829,-2.0396056627061965,-2.0540993213653564
LESTAURTINIB,4,KG1,-1.499392032623291,-1.6435042422156507,-1.6363121271133423
LESTAURTINIB,4,L363,-1.8444960117340088,-1.4478656950480975,-1.4299627542495728
LESTAURTINIB,4,L540,-2.6391804218292236,-1.0345483188479527,-0.9940170645713806
LESTAURTINIB,4,LCLC97TM1,-0.7196019887924194,0.39824162564921667,0.5172153115272522
LESTAURTINIB,4,MOLT13,-1.8938374519348145,-1.9469967969961908,-1.9564203023910522
LESTAURTINIB,4,NB4,-2.7568199634552,-2.235220023255564,-2.260423183441162
LESTAURTINIB,4,NCIH1105,-0.33751100301742554,-0.46752608603698864,-0.3959514796733856
LESTAURTINIB,4,NCIH1341,-1.3157055377960205,0.23800090058156642,0.348201721906662
LESTAURTINIB,4,NCIH146,0.6783080101013184,0.2913857963781134,0.4045093357563019
LESTAURTINIB,4,NCIH1792,0.032345000654459,0.33228457657936367,0.44764724373817444
LESTAURTINIB,4,NCIH1793,3.21907901763916,0.3160296998779126,0.43050244450569153
LESTAURTINIB,4,NCIH2029,1.088381052017212,0.44486280148303226,0.5663889050483704
LESTAURTINIB,4,NCIH2085,0.7270950078964233,0.7338115132664014,0.8711569905281067
LESTAURTINIB,4,NCIH2196,1.8580199480056763,0.2580495726692102,0.36934801936149597
LESTAURTINIB,4,NCIH2228,1.0000300407409668,0.05812078282396216,0.15847352147102356
LESTAURTINIB,4,NCIH2291,0.5920670032501221,0.6933580380915639,0.8284887671470642
LESTAURTINIB,4,NCIH2342,1.7644330263137817,0.6434194528325532,0.7758161425590515
LESTAURTINIB,4,NCIH2405,2.2436375617980957,0.29110731120423494,0.40421560406684875
LESTAURTINIB,4,NCIH460,-1.1553900241851807,-0.08360923868249698,0.008984060026705265
LESTAURTINIB,4,NCIH526,-0.8116005063056946,-0.5066013760615525,-0.4371660649776459
LESTAURTINIB,4,NCIH69,-0.3343304991722107,0.11372033648664087,0.217117041349411
LESTAURTINIB,4,NCIH838,0.5197049975395203,0.6739254466381781,0.8079922795295715
LESTAURTINIB,4,NUDUL1,-2.6072230339050293,-1.2308413174762785,-1.201056718826294
LESTAURTINIB,4,OPM2,-1.1711829900741577,-1.4875809132603641,-1.4718523025512695
LESTAURTINIB,4,RERFLCKJ,-0.04329200088977814,0.28947200195876105,0.4024907648563385
LESTAURTINIB,4,RL,-1.3180824518203735,-1.9186090536486953,-1.926478385925293
LESTAURTINIB,4,SKMES1,-0.93299800157547,0.06653077512545727,0.16734394431114197
LESTAURTINIB,4,SUDHL6,-2.4027819633483887,-1.5531432627163873,-1.5410040616989136
LESTAURTINIB,4,SW1271,0.4960714876651764,0.19147392823493742,0.2991274893283844
LESTAURTINIB,5,ABC1,1.8746639490127563,0.044409213366119596,0.10553912073373795
LESTAURTINIB,5,BV173,-3.3814303874969482,-1.750877809477471,-1.7865471839904785
LESTAURTINIB,5,CHAGOK1,1.6825435161590576,0.2870194796710879,0.3612305819988251
LESTAURTINIB,5,CORL279,-0.888233482837677,0.010287837519507043,0.06957796961069107
LESTAURTINIB,5,DAUDI,-1.4846254587173462,-1.4992756446112685,-1.521378993988037
LESTAURTINIB,5,DMS79,1.5194735527038574,0.1577801339479505,0.2250228375196457
LESTAURTINIB,5,EM2,-1.4935829639434814,-1.2213240417359035,-1.2284406423568726
LESTAURTINIB,5,GA10,-2.367119550704956,-1.6503398514939729,-1.6805883646011353
LESTAURTINIB,5,HCC366,2.252230167388916,0.24869220176297502,0.32083675265312195
LESTAURTINIB,5,HT,-0.0481950007379055,-2.1142060344842606,-2.1694655418395996
LESTAURTINIB,5,IALM,1.3198374509811401,0.30371849666491785,0.3788299858570099
LESTAURTINIB,5,LOUCY,-1.158987045288086,-1.2808188248018577,-1.2911432981491089
LESTAURTINIB,5,LOUNH91,-0.346435010433197,0.11047617791470879,0.17516832053661346
LESTAURTINIB,5,MEG01,-1.7652510404586792,-0.8151013617168898,-0.8003150224685669
LESTAURTINIB,5,MM1S,-1.5769330263137817,-1.3616230667446503,-1.3763043880462646
LESTAURTINIB,5,MOLM13,-5.117783546447754,-1.189525616906853,-1.19492769241333
LESTAURTINIB,5,MOLM16,-4.6053972244262695,-1.1072892825049205,-1.1082572937011719
LESTAURTINIB,5,NCIH1048,-1.171280026435852,-0.12429000017153023,-0.07225611060857773
LESTAURTINIB,5,NCIH1435,1.2828229665756226,-0.13928036945287567,-0.08805473893880844
LESTAURTINIB,5,NCIH1650,1.8845570087432861,0.6246374825687007,0.7170524597167969
LESTAURTINIB,5,NCIH1781,0.4198330044746399,0.40371889684002327,0.48422226309776306
LESTAURTINIB,5,NCIH2030,0.2242760807275772,0.21434816783202337,0.28464093804359436
LESTAURTINIB,5,NCIH2066,2.2298264503479004,-0.8401413190847551,-0.8267050981521606
LESTAURTINIB,5,NCIH2081,0.01133699994534254,0.04565580455103234,0.1068529263138771
LESTAURTINIB,5,NCIH2110,-0.5953440070152283,0.6396906847511639,0.732917308807373
LESTAURTINIB,5,NCIH2170,0.5438012480735779,0.38804483094156456,0.46770307421684265
LESTAURTINIB,5,NCIH446,-0.07489000260829926,-0.7516225994553094,-0.733413577079773
LESTAURTINIB,5,NCIH647,-0.620930016040802,0.4379534114973344,0.5203026533126831
LESTAURTINIB,5,NCIH82,-0.07746399939060211,-0.4915646587463767,-0.4593336880207062
LESTAURTINIB,5,NCIH841,0.3582678437232971,0.20777978262165453,0.2777183949947357
LESTAURTINIB,5,OCIAML2,-3.8399879932403564,-1.480132817995296,-1.501204013824463
LESTAURTINIB,5,OCIM1,-2.385042428970337,-1.536119817209829,-1.5602097511291504
LESTAURTINIB,5,P31FUJ,-1.6648775339126587,-1.7246265514110095,-1.7588804960250854
LESTAURTINIB,5,PL21,-2.41828989982605,-1.612185858922516,-1.640377163887024
LESTAURTINIB,5,SHP77,0.2051364928483963,-0.05289281906023274,0.0029907033313065767
LESTAURTINIB,5,SKLU1,-0.6847882866859436,0.042991372834145974,0.1040448322892189
LESTAURTINIB,5,SUDHL1,-1.0279419422149658,-1.4560671947592554,-1.4758408069610596
LESTAURTINIB,5,SUDHL8,-0.604653000831604,-1.6000245537389335,-1.6275601387023926
LESTAURTINIB,5,SUPB15,-1.5875885486602783,-1.7217147469583094,-1.7558116912841797
LESTAURTINIB,5,SUPM2,-2.380140542984009,-2.0095308325328327,-2.0591464042663574
METHOTREXATE,1,A4FUK,-3.5819449424743652,-2.3148109866966378,-2.4948174953460693
METHOTREXATE,1,BL41,-4.696279048919678,-2.107131808346139,-2.263834238052368
METHOTREXATE,1,CALU3,2.3429105281829834,0.18424570474362123,0.2846631407737732
METHOTREXATE,1,CALU6,0.18406927585601807,0.0848185778441213,0.17407910525798798
METHOTREXATE,1,CORL23,-1.241683840751648,0.11776273344719862,0.2107199877500534
METHOTREXATE,1,CORL279,-1.3164629936218262,-0.1951446863042138,-0.13729937374591827
METHOTREXATE,1,CORL88,0.9917889833450317,0.6219377178905786,0.7714694142341614
METHOTREXATE,1,DMS114,0.5158125162124634,0.515360374485618,0.6529328227043152
METHOTREXATE,1,DMS273,1.0910805463790894,0.39040643325767493,0.5139575600624084
METHOTREXATE,1,DND41,-2.4049758911132812,-2.6529302257695697,-2.870877742767334
METHOTREXATE,1,EM2,-3.597898006439209,-1.8388221402567555,-1.9654170274734497
METHOTREXATE,1,HCC33,2.762096881866455,-0.4510726832352776,-0.4219455420970917
METHOTREXATE,1,HCC44,-0.4233910143375397,-0.7177469389425801,-0.7185438275337219
METHOTREXATE,1,HT,0.005759247113019228,-1.6795771922473084,-1.7883028984069824
METHOTREXATE,1,KOPN8,-1.9944157600402832,-2.069940237615042,-2.2224693298339844
METHOTREXATE,1,ME1,1.2050584554672241,-2.1177203351579137,-2.27561092376709
METHOTREXATE,1,MM1S,-3.246558904647827,-1.784001567355193,-1.904444932937622
METHOTREXATE,1,MOLT16,-4.231342792510986,-3.0288294657000954,-3.288957357406616
METHOTREXATE,1,NALM6,-3.5184130668640137,-2.244164644493132,-2.4162437915802
METHOTREXATE,1,NB4,0.00348382699303329,-2.31411687494815,-2.4940454959869385
METHOTREXATE,1,NCIH1437,0.14968936145305634,0.21183396719167885,0.3153471350669861
METHOTREXATE,1,NCIH1650,-0.4590719938278198,-0.047021385882635616,0.027445126324892044
METHOTREXATE,1,NCIH1915,-0.04781600087881088,0.08017105166651861,0.16891007125377655
METHOTREXATE,1,NCIH196,-0.8212299942970276,-0.23173898437958992,-0.17799998819828033
METHOTREXATE,1,NCIH1963,-2.281904935836792,-0.6275693789638718,-0.6182472705841064
METHOTREXATE,1,NCIH2030,0.6517449021339417,-0.03808491148520723,0.03738437965512276
METHOTREXATE,1,NCIH2066,3.2751235961914062,0.08240778283132805,0.17139779031276703
METHOTREXATE,1,NCIH2085,1.591599941253662,0.16559686420273306,0.26392167806625366
METHOTREXATE,1,NCIH2110,0.21366697549819946,0.12127316395776902,0.2146243304014206
METHOTREXATE,1,NCIH358,0.12670999765396118,0.5808821226621514,0.7258068919181824
METHOTREXATE,1,NCIH526,-5.060606956481934,-1.0891296829012669,-1.1316001415252686
METHOTREXATE,1,NCIH650,0.16261139512062073,0.04080936349076167,0.1251315325498581
METHOTREXATE,1,NCIH69,-0.31062349677085876,0.3671101737213565,0.48804718255996704
METHOTREXATE,1,NCIH82,-2.401684045791626,-0.6036895124988144,-0.591687798500061
METHOTREXATE,1,OCIAML3,-1.627959966659546,-1.5516741335456739,-1.646047592163086
METHOTREXATE,1,OPM2,-1.6773710250854492,-2.3165653444945438,-2.4967687129974365
METHOTREXATE,1,P12ICHIKAWA,-3.5076210498809814,-2.597207071794195,-2.808901786804199
METHOTREXATE,1,SKMES1,0.32182300090789795,0.1169132075487258,0.2097751349210739
METHOTREXATE,1,SUDHL1,2.4756920337677,-2.4767848999976585,-2.674966812133789
METHOTREXATE,1,SUDHL5,-3.8202385902404785,-2.173319372177645,-2.337448835372925
METHOTREXATE,1,THP1,-0.24262799322605133,-1.5459015161043483,-1.63962721824646
METHOTREXATE,2,A3KAW,-3.7408699989318848,-0.6861987509883529,-0.6276599764823914
METHOTREXATE,2,DAUDI,-2.2139344215393066,-2.3355493694194145,-2.379366397857666
METHOTREXATE,2,EJM,1.0539145469665527,-1.3671326303341187,-1.3508514165878296
METHOTREXATE,2,HCC15,0.5092405080795288,-0.042491823759689705,0.055994272232055664
METHOTREXATE,2,HCC78,-0.604714035987854,-0.013233889898926321,0.08706790208816528
METHOTREXATE,2,HH,-2.9576985836029053,-2.460124102360443,-2.511672019958496
METHOTREXATE,2,JURKAT,-2.560441017150879,-1.7610394713867294,-1.7692034244537354
METHOTREXATE,2,JURLMK1,-2.6716980934143066,-1.058985434758289,-1.0235811471939087
METHOTREXATE,2,JVM3,-3.9776809215545654,-1.1525675644115665,-1.1229708194732666
METHOTREXATE,2,K562,0.005220641847699881,-1.2981526242276666,-1.2775906324386597
METHOTREXATE,2,KCL22,-3.290386915206909,-1.1511645188366626,-1.1214807033538818
METHOTREXATE,2,KMS11,0.10696350038051605,-1.5896052611168296,-1.5871303081512451
METHOTREXATE,2,KNS62,0.004480248317122459,-0.6098904694787086,-0.5466161370277405
METHOTREXATE,2,L540,-4.8686041831970215,-1.5574170385119679,-1.552944540977478
METHOTREXATE,2,LCLC103H,-0.676136314868927,-0.22757508586954697,-0.14057493209838867
METHOTREXATE,2,LOUCY,-0.22682300209999084,-1.6137235023057819,-1.6127452850341797
METHOTREXATE,2,LOUNH91,0.18561282753944397,0.12974273982795848,0.23891741037368774
METHOTREXATE,2,MEG01,-2.7600395679473877,-0.990528371798515,-0.9508757591247559
METHOTREXATE,2,MOLP8,-1.3079440593719482,-1.3364306258458412,-1.3182440996170044
METHOTREXATE,2,MONOMAC6,-4.610625267028809,-0.7272747622138239,-0.671285092830658
METHOTREXATE,2,NCIH1048,-1.33115553855896,-0.5908314422673908,-0.526374340057373
METHOTREXATE,2,NCIH1092,0.0832270011305809,0.2927047996983586,0.411992609500885
METHOTREXATE,2,NCIH1435,0.908909022808075,-0.3483646263367772,-0.26886045932769775
METHOTREXATE,2,NCIH1436,1.5987030267715454,-0.22393945805403295,-0.1367136836051941
METHOTREXATE,2,NCIH1623,1.0285940170288086,0.09764431213989061,0.20482701063156128
METHOTREXATE,2,NCIH1792,-2.343669891357422,0.07466175216108847,0.1804181933403015
METHOTREXATE,2,NCIH2023,-0.5735859870910645,0.32835798365500307,0.4498583674430847
METHOTREXATE,2,NCIH211,-0.9820687174797058,-0.203889600057718,-0.11541956663131714
METHOTREXATE,2,NCIH2172,2.6193385124206543,0.5348371295639152,0.669151246547699
METHOTREXATE,2,NCIH2196,1.0447461605072021,0.45390564451949345,0.583197295665741
METHOTREXATE,2,NCIH292,0.3271630108356476,0.14091883965941313,0.25078707933425903
METHOTREXATE,2,NCIH441,0.6334725022315979,0.11944517101368565,0.22798079252243042
METHOTREXATE,2,NCIH810,1.2247174978256226,0.623577966278252,0.7633991837501526
METHOTREXATE,2,NCIH841,0.41192737221717834,0.05690155229937072,0.16155582666397095
METHOTREXATE,2,OCIAML5,-1.4410920143127441,-0.8036513439820546,-0.7524014711380005
METHOTREXATE,2,RCHACV,0.004915252793580294,-2.526644625695912,-2.5823206901550293
METHOTREXATE,2,RPMI8226,-2.9119338989257812,-1.5729536917465778,-1.5694453716278076
METHOTREXATE,2,SKLU1,1.300286054611206,-0.0969023810059511,-0.0017929086461663246
METHOTREXATE,2,SUDHL4,0.8092160224914551,-1.4693122865394694,-1.4593721628189087
METHOTREXATE,2,SUDHL6,-3.624974012374878,-1.8657419157794033,-1.8804035186767578
METHOTREXATE,2,SW1573,0.31915193796157837,-0.3741206706862264,-0.29621487855911255
METHOTREXATE,3,697,-3.933156967163086,-1.845917956099275,-1.912549376487732
METHOTREXATE,3,A549,0.666294276714325,0.2618087373009354,0.4475770890712738
METHOTREXATE,3,BEN,0.8236074447631836,0.3867728092194458,0.587505578994751
METHOTREXATE,3,CHAGOK1,1.1292965412139893,-0.12776910156779905,0.011347396299242973
METHOTREXATE,3,CMLT1,-2.9060559272766113,-1.9685752120009474,-2.0498948097229004
METHOTREXATE,3,EBC1,0.22132213413715363,0.4363849633745176,0.6430587768554688
METHOTREXATE,3,EHEB,-0.446476012468338,-1.24996932602832,-1.2452360391616821
METHOTREXATE,3,EPLC272H,-0.6049715280532837,0.23832021724920377,0.4212758243083954
METHOTREXATE,3,GRANTA519,-1.8152225017547607,-1.7688969748531842,-1.8263051509857178
METHOTREXATE,3,HARA,-0.9830264449119568,-0.11988494508266737,0.02017567865550518
METHOTREXATE,3,HDLM2,-0.876347005367279,-1.6929166464777494,-1.7412261962890625
METHOTREXATE,3,HL60,-3.3286545276641846,-1.2571631916476376,-1.253291368484497
METHOTREXATE,3,JEKO1,-1.5671249628067017,-1.6307183946932606,-1.6715797185897827
METHOTREXATE,3,JM1,0.002995539689436555,-1.7012895638149712,-1.7506017684936523
METHOTREXATE,3,JVM2,-2.613874912261963,-1.684123635408803,-1.7313802242279053
METHOTREXATE,3,KARPAS422,-0.7927625179290771,-2.4416367376231456,-2.5796053409576416
METHOTREXATE,3,KU812,-1.7436535358428955,-1.9025881320820575,-1.9760057926177979
METHOTREXATE,3,L363,0.00391934672370553,-2.0303281388792516,-2.1190426349639893
METHOTREXATE,3,LCLC97TM1,-2.039695978164673,0.04869954409921151,0.20894812047481537
METHOTREXATE,3,NCIH1105,0.8570814728736877,-0.5501707787902264,-0.4616367816925049
METHOTREXATE,3,NCIH1155,0.17738500237464905,0.023064085314376898,0.18024282157421112
METHOTREXATE,3,NCIH1568,0.32965201139450073,0.3812295095445424,0.5812984704971313
METHOTREXATE,3,NCIH1975,0.23643462359905243,0.23471567250294634,0.41723963618278503
METHOTREXATE,3,NCIH209,-2.8347785472869873,-0.8486883625314794,-0.7959017753601074
METHOTREXATE,3,NCIH2347,0.7618380188941956,0.36231443263045837,0.5601183176040649
METHOTREXATE,3,NCIH2444,2.822009563446045,0.29465025144971063,0.48435136675834656
METHOTREXATE,3,NCIH522,0.009391841478645802,-0.27625030317474564,-0.15491439402103424
METHOTREXATE,3,NCIH647,0.7963529825210571,0.7079030612306518,0.9470911026000977
METHOTREXATE,3,NCIH661,0.6476792693138123,-0.0624480378226812,0.08449064195156097
METHOTREXATE,3,NUDUL1,1.1369835138320923,-1.6513778293859325,-1.6947131156921387
METHOTREXATE,3,OCIM1,-1.02401602268219,-1.8601551519763646,-1.928491473197937
METHOTREXATE,3,RAJI,-3.8744139671325684,-2.272686664226675,-2.390423536300659
METHOTREXATE,3,RL,0.00938432477414608,-2.341757696304865,-2.4677658081054688
METHOTREXATE,3,RPMI8402,-2.572061777114868,-1.3146525823454787,-1.3176651000976562
METHOTREXATE,3,RS411,-4.337431907653809,-1.856056310424127,-1.9239017963409424
METHOTREXATE,3,SIGM5,1.1666510105133057,-1.2957885000835732,-1.2965420484542847
METHOTREXATE,3,SKMM2,0.2226399928331375,-1.4451143621647895,-1.463749647140503
METHOTREXATE,3,ST486,-3.381047010421753,-2.109818049099601,-2.2080514430999756
METHOTREXATE,3,SUDHL10,-3.785245895385742,-3.0248993035127096,-3.232713460922241
METHOTREXATE,3,SUPB15,-1.666723370552063,-1.9904077366150266,-2.0743417739868164
METHOTREXATE,3,SUPT1,-1.4522299766540527,-1.3953610411855242,-1.4080383777618408
METHOTREXATE,4,ALLSIL,-2.3810055255889893,-2.322533434242721,-2.4142603874206543
METHOTREXATE,4,AMO1,-3.741619110107422,-1.3802983121145769,-1.3659158945083618
METHOTREXATE,4,CA46,-2.16029691696167,-2.72628271585006,-2.8634777069091797
METHOTREXATE,4,COLO668,-1.0881969928741455,-0.7529329607984789,-0.6679000854492188
METHOTREXATE,4,CORL105,0.4697335958480835,-0.2811724188773258,-0.14301244914531708
METHOTREXATE,4,CORL95,2.1779046058654785,0.4989904779562966,0.7250081300735474
METHOTREXATE,4,DB,-3.272200584411621,-1.7937606774518322,-1.8259401321411133
METHOTREXATE,4,DOHH2,0.0023922461550682783,-2.4478839110427693,-2.553727149963379
METHOTREXATE,4,GA10,-2.6169965267181396,-2.319023416891311,-2.4103550910949707
METHOTREXATE,4,HEL,-3.47758150100708,-1.6276740707054858,-1.6411497592926025
METHOTREXATE,4,KMH2,-1.475090503692627,-2.251083795324493,-2.3347644805908203
METHOTREXATE,4,L1236,-2.8207836151123047,-1.0687993793944937,-1.0193376541137695
METHOTREXATE,4,L428,-2.409843921661377,-1.4493356176791117,-1.44272780418396
METHOTREXATE,4,LU65,1.7082539796829224,-0.8457762411882592,-0.7711988687515259
METHOTREXATE,4,LXF289,0.42192018032073975,-0.19494744240980744,-0.04707728698849678
METHOTREXATE,4,MOLM13,-4.130154609680176,-1.3786007322941942,-1.3640271425247192
METHOTREXATE,4,MOLM16,-0.6088050007820129,-1.7542830537268304,-1.7820167541503906
METHOTREXATE,4,NAMALWA,-3.1685750484466553,-2.913356354915071,-3.0716185569763184
METHOTREXATE,4,NCIH1341,-0.33559098839759827,-0.13397048193629546,0.020766565576195717
METHOTREXATE,4,NCIH1648,0.6121344566345215,0.5012738106722885,0.7275485992431641
METHOTREXATE,4,NCIH1651,0.40529727935791016,0.17278140108955714,0.3620631694793701
METHOTREXATE,4,NCIH2029,1.5151209831237793,0.1174947706429279,0.3005504608154297
METHOTREXATE,4,NCIH2081,0.4115385115146637,0.37850431091674885,0.5909534692764282
METHOTREXATE,4,NCIH2087,0.7353132963180542,-0.25293441098206626,-0.11159443110227585
METHOTREXATE,4,NCIH2227,1.0587995052337646,0.042514127662401535,0.21712590754032135
METHOTREXATE,4,NCIH2228,0.008220801129937172,-0.22596245622041017,-0.08158504217863083
METHOTREXATE,4,NCIH2291,2.8626184463500977,0.4474284730648279,0.6676394939422607
METHOTREXATE,4,NCIH23,-0.722484290599823,0.35288139853823075,0.5624450445175171
METHOTREXATE,4,NCIH2342,1.0463839769363403,0.6387587046004374,0.8805162906646729
METHOTREXATE,4,NCIH2405,3.0522449016571045,-0.017586883726481956,0.15025664865970612
METHOTREXATE,4,NCIH460,0.058400075882673264,-0.18832008821959212,-0.039703596383333206
METHOTREXATE,4,NCIH596,-1.1175930500030518,0.25262626008012085,0.45089972019195557
METHOTREXATE,4,NCIH727,0.02815599925816059,0.4482095483545647,0.6685085296630859
METHOTREXATE,4,NCIH929,-2.9082350730895996,-1.9039181148609385,-1.9485028982162476
METHOTREXATE,4,OCILY19,0.0028482249472290277,-2.103542423111749,-2.170607805252075
METHOTREXATE,4,P31FUJ,-2.2792375087738037,-1.1601980455001146,-1.1210291385650635
METHOTREXATE,4,RERFLCKJ,-0.26063600182533264,0.10118797574624999,0.282407283782959
METHOTREXATE,4,RERFLCMS,0.06685125082731247,-0.3728564613936758,-0.24502144753932953
METHOTREXATE,4,SHP77,-0.7399299740791321,-0.11755916699168344,0.039026033133268356
METHOTREXATE,4,SUPM2,-4.691664218902588,-1.419545041841035,-1.4095823764801025
METHOTREXATE,5,ABC1,1.3689639568328857,0.23824191762021696,0.23558810353279114
METHOTREXATE,5,BV173,-2.297360897064209,-2.239807270633233,-2.1692612171173096
METHOTREXATE,5,CAL12T,1.6202465295791626,0.05515298494208427,0.05790749192237854
METHOTREXATE,5,CMK,-2.8019940853118896,-0.16719688509493175,-0.15787431597709656
METHOTREXATE,5,CORL311,-3.7331879138946533,-0.06153521919001656,-0.05533382296562195
METHOTREXATE,5,DMS53,1.3706309795379639,0.10365980327709451,0.1049814522266388
METHOTREXATE,5,DMS79,0.4428989887237549,0.6390183796118388,0.6245259046554565
METHOTREXATE,5,GDM1,-0.022532999515533447,-2.468898112522232,-2.391584873199463
METHOTREXATE,5,HCC366,0.009678262285888195,0.1887403585002265,0.18754878640174866
METHOTREXATE,5,HCC827,-0.0647590234875679,0.1298889975959968,0.13043585419654846
METHOTREXATE,5,IALM,1.3030295372009277,0.0820287976225741,0.08398941159248352
METHOTREXATE,5,KG1,-0.8532950282096863,-1.7152173652012894,-1.6601673364639282
METHOTREXATE,5,KMS12BM,-1.5748159885406494,-1.1593283795010128,-1.1206989288330078
METHOTREXATE,5,LAMA84,-3.4482638835906982,-1.4559687293656727,-1.4085767269134521
METHOTREXATE,5,LP1,1.504354476928711,-1.3321562993374867,-1.288421630859375
METHOTREXATE,5,MHHCALL2,-3.067828416824341,-1.1369712794058875,-1.0990022420883179
METHOTREXATE,5,MOLT13,-2.3021299839019775,-2.4230049147950297,-2.3470473289489746
METHOTREXATE,5,NCIH146,1.0159660577774048,0.7941461045025312,0.7750712633132935
METHOTREXATE,5,NCIH1781,-0.060619499534368515,0.33477145038388934,0.329266220331192
METHOTREXATE,5,NCIH1793,0.04918700084090233,0.5713217119102696,0.5588289499282837
METHOTREXATE,5,NCIH1836,2.1868929862976074,0.3258644789935565,0.32062235474586487
METHOTREXATE,5,NCIH1876,0.46941399574279785,-0.08330177639507114,-0.07645741105079651
METHOTREXATE,5,NCIH1944,0.33707013726234436,0.27884264724160696,0.274989515542984
METHOTREXATE,5,NCIH2009,0.5946289896965027,0.4912030988893712,0.4810769855976105
METHOTREXATE,5,NCIH2122,-2.056849956512451,-0.38996775110074544,-0.37406468391418457
METHOTREXATE,5,NCIH2170,-0.005368721205741167,-0.02413466083687854,-0.01903805136680603
METHOTREXATE,5,NCIH2171,1.796692967414856,0.49267727574298287,0.4825076162815094
METHOTREXATE,5,NCIH446,-0.8102099895477295,-0.27779454370951107,-0.2652049958705902
METHOTREXATE,5,NCIH524,-2.775981903076172,0.5828200702603386,0.5699876546859741
METHOTREXATE,5,NCIH838,0.2520841062068939,-0.04795482096157986,-0.04215458035469055
METHOTREXATE,5,NOMO1,-2.8459079265594482,-1.2904598562310359,-1.2479568719863892
METHOTREXATE,5,OCIAML2,-2.7745869159698486,-2.0215845061647233,-1.9574846029281616
METHOTREXATE,5,PF382,-3.429414987564087,-2.52006719524757,-2.4412424564361572
METHOTREXATE,5,PL21,0.0036639405880123377,-1.4796314728052726,-1.4315404891967773
METHOTREXATE,5,REH,-4.102365016937256,-1.649556120419839,-1.5964456796646118
METHOTREXATE,5,SBC5,-0.6058265566825867,-0.3303891595059404,-0.31624600291252136
METHOTREXATE,5,SKM1,-1.184056043624878,-2.7717027106052026,-2.6854448318481445
METHOTREXATE,5,SUDHL8,-1.6316730976104736,-1.9927392344813208,-1.929491400718689
METHOTREXATE,5,SW1271,0.5538558959960938,0.044624247039810015,0.0476897656917572
METHOTREXATE,5,WSUDLCL2,-4.021109104156494,-1.9267220056550602,-1.8654242753982544
MIRIN,1,A4FUK,3.440570592880249,3.580399717581861,3.4985039234161377
MIRIN,1,A549,4.469666481018066,4.938228855941045,5.067731857299805
MIRIN,1,AMO1,4.07457160949707,3.924376054842817,3.896033525466919
MIRIN,1,BV173,3.2568180561065674,3.764094791266165,3.7107982635498047
MIRIN,1,CAL12T,6.059826850891113,5.291031944213209,5.475462436676025
MIRIN,1,CHAGOK1,4.643476486206055,5.2553057386058395,5.434174060821533
MIRIN,1,CORL23,5.358188152313232,4.904933276716465,5.029252529144287
MIRIN,1,DMS114,6.148882865905762,5.254632375466013,5.433395862579346
MIRIN,1,DMS79,4.979064464569092,5.056421828778868,5.204326152801514
MIRIN,1,HCC366,6.078086853027344,5.292875028248503,5.477592468261719
MIRIN,1,HCC44,4.036655426025391,4.944381546591217,5.07484245300293
MIRIN,1,HEL,3.4474270343780518,4.358140126779997,4.397329807281494
MIRIN,1,KARPAS422,4.8640336990356445,3.6191983488146664,3.5433430671691895
MIRIN,1,KMS11,3.85225248336792,4.249179490717137,4.271405220031738
MIRIN,1,KNS62,4.713186264038086,4.792000953408531,4.898737907409668
MIRIN,1,LAMA84,5.492737770080566,4.686033730078169,4.776272773742676
MIRIN,1,LOUCY,3.1494650840759277,4.005529928990596,3.9898221492767334
MIRIN,1,MEG01,5.428821563720703,4.536934544402243,4.6039605140686035
MIRIN,1,MOLM16,2.6896305084228516,4.6494101195509945,4.733947277069092
MIRIN,1,MOLT16,2.8420095443725586,4.062583220392095,4.055757999420166
MIRIN,1,NCIH1341,3.251692056655884,4.784607162069268,4.890192985534668
MIRIN,1,NCIH1876,3.7121124267578125,4.495791313878959,4.5564117431640625
MIRIN,1,NCIH196,6.677537441253662,4.7668839306530835,4.869710445404053
MIRIN,1,NCIH2009,4.273690223693848,5.525337148274797,5.746246337890625
MIRIN,1,NCIH2030,4.583486557006836,5.084599930660765,5.236891269683838
MIRIN,1,NCIH2066,8.092989921569824,4.663805319664585,4.750583648681641
MIRIN,1,NCIH2081,5.245698928833008,4.572677254008138,4.645267963409424
MIRIN,1,NCIH2110,4.662172317504883,5.170358420397058,5.336001396179199
MIRIN,1,NCIH2171,3.4554080963134766,4.7851616964197135,4.890833854675293
MIRIN,1,NCIH2291,6.925899505615234,5.152355858805835,5.3151960372924805
MIRIN,1,NCIH23,5.334149360656738,5.340745701170597,5.532916069030762
MIRIN,1,NCIH522,4.39284086227417,5.20030987692048,5.3706159591674805
MIRIN,1,NCIH526,6.0438971519470215,4.624550146572577,4.705216884613037
MIRIN,1,NCIH650,6.418498516082764,5.090192310561008,5.243354320526123
MIRIN,1,P31FUJ,4.068518161773682,4.427123952415338,4.477053642272949
MIRIN,1,RPMI8226,4.251584053039551,4.170601890739133,4.180593967437744
MIRIN,1,RS411,3.9771316051483154,3.72597014207313,3.6667380332946777
MIRIN,1,ST486,3.237581491470337,3.674642294059983,3.607419013977051
MIRIN,1,SUDHL1,3.733628988265991,3.901800235260279,3.8699429035186768
MIRIN,1,SUPB15,4.101009845733643,3.7296579605435722,3.6710000038146973
MIRIN,1,THP1,5.232112407684326,4.061670961873618,4.054703712463379
MIRIN,2,A3KAW,2.6241118907928467,4.675674445706504,4.7320966720581055
MIRIN,2,ABC1,5.50797176361084,4.885102557045396,5.0066728591918945
MIRIN,2,CALU3,5.325826644897461,5.000955260605991,5.158564567565918
MIRIN,2,CORL311,5.465742111206055,4.710170939333738,4.777324199676514
MIRIN,2,DND41,4.239368915557861,3.997337299348945,3.842745065689087
MIRIN,2,EHEB,5.158253192901611,4.5043849105385,4.507523059844971
MIRIN,2,HCC33,4.623264789581299,4.688975284602449,4.749535083770752
MIRIN,2,HCC827,5.392056941986084,5.259589674687168,5.497653961181641
MIRIN,2,HDLM2,4.861996650695801,3.9861591901080864,3.828089714050293
MIRIN,2,HH,3.7805910110473633,3.871022610027464,3.6771368980407715
MIRIN,2,JM1,2.991368055343628,3.9291662720054688,3.7533676624298096
MIRIN,2,JURKAT,4.472742557525635,4.16702128494745,4.065213680267334
MIRIN,2,JURLMK1,5.5447678565979,4.711109282948939,4.778554439544678
MIRIN,2,JVM3,2.836886405944824,4.45736771253261,4.445879936218262
MIRIN,2,KCL22,4.627404689788818,4.181668174122412,4.08441686630249
MIRIN,2,KG1,3.498450517654419,4.39504569372389,4.364171028137207
MIRIN,2,KOPN8,3.4961795806884766,3.771404523956622,3.54653000831604
MIRIN,2,MOLP8,2.652620553970337,4.4664067256599775,4.457730770111084
MIRIN,2,MOLT13,3.978516101837158,3.9332518855718903,3.7587242126464844
MIRIN,2,NALM6,4.0010457038879395,3.6773012069700055,3.4231534004211426
MIRIN,2,NCIH1092,5.349013328552246,4.535799418198594,4.548709869384766
MIRIN,2,NCIH1436,4.269618034362793,4.547816763056537,4.564465522766113
MIRIN,2,NCIH1650,5.147884368896484,5.051395230612913,5.224695205688477
MIRIN,2,NCIH1793,8.042449951171875,5.155045830185131,5.360589027404785
MIRIN,2,NCIH211,4.671698093414307,5.057774148700906,5.233058452606201
MIRIN,2,NCIH2196,5.564576148986816,4.863796701494183,4.978739261627197
MIRIN,2,NCIH2227,4.198073387145996,4.594393885180878,4.6255316734313965
MIRIN,2,NCIH2405,8.501784324645996,4.825822153606417,4.928951740264893
MIRIN,2,NCIH460,5.739873886108398,4.836791317728309,4.943333148956299
MIRIN,2,NCIH661,4.839165687561035,4.852065224109708,4.963358402252197
MIRIN,2,NCIH727,6.77861213684082,4.768979988770661,4.854427337646484
MIRIN,2,NCIH810,3.742225408554077,5.113384464767404,5.305967807769775
MIRIN,2,NCIH82,3.762085437774658,4.456161686397723,4.44429874420166
MIRIN,2,NCIH929,3.813952922821045,4.369434004815945,4.330592155456543
MIRIN,2,NOMO1,4.129647731781006,3.954432628641076,3.7864937782287598
MIRIN,2,OCIAML3,3.3804194927215576,4.191469136813286,4.097266674041748
MIRIN,2,P12ICHIKAWA,4.218138694763184,3.7869533868392193,3.56691575050354
MIRIN,2,SKMM2,4.424424171447754,4.532118419853844,4.543883800506592
MIRIN,2,SUDHL10,3.5556535720825195,3.963153405077241,3.7979273796081543
MIRIN,2,SUDHL5,2.78426194190979,3.844398201043344,3.642230272293091
MIRIN,2,SW1573,6.844055652618408,4.7298503326186,4.803125381469727
MIRIN,3,697,3.198824405670166,4.009491835021985,3.9677071571350098
MIRIN,3,ALLSIL,4.144895553588867,3.7429183866322107,3.6432409286499023
MIRIN,3,BEN,4.330379962921143,5.060523926001305,5.24699592590332
MIRIN,3,CA46,3.545703411102295,3.558877892485323,3.419231653213501
MIRIN,3,CMK,4.7888288497924805,4.7662912125952355,4.888863563537598
MIRIN,3,COLO668,4.960014820098877,4.988787616578279,5.159680366516113
MIRIN,3,CORL105,5.52571439743042,5.351207706900503,5.600808620452881
MIRIN,3,CORL88,6.08174991607666,5.0182493585196335,5.195540428161621
MIRIN,3,DMS53,4.993077278137207,5.296959066996653,5.534778594970703
MIRIN,3,DOHH2,3.2297298908233643,3.7068755080109876,3.5993704795837402
MIRIN,3,EJM,3.598844528198242,4.549213208601433,4.6246418952941895
MIRIN,3,EPLC272H,5.048895835876465,4.793632762161363,4.92214298248291
MIRIN,3,HCC15,5.445234775543213,5.094066215573918,5.287822723388672
MIRIN,3,HL60,4.777228832244873,4.488008128193719,4.550144672393799
MIRIN,3,HT,4.484532356262207,3.5556550982179895,3.415308952331543
MIRIN,3,JVM2,3.4089090824127197,4.3302390976053955,4.358112335205078
MIRIN,3,KU812,4.467367649078369,4.618434433942982,4.708896160125732
MIRIN,3,L428,5.1754302978515625,4.068227666992696,4.039198875427246
MIRIN,3,LCLC97TM1,4.1648759841918945,5.047928525954013,5.231665134429932
MIRIN,3,MHHCALL2,3.8114140033721924,4.201018230130076,4.2008280754089355
MIRIN,3,MM1S,3.8699610233306885,3.9002049676806063,3.834686040878296
MIRIN,3,NB4,2.6112754344940186,4.0115040981659895,3.97015643119812
MIRIN,3,NCIH146,3.6270434856414795,4.976388095353533,5.144587993621826
MIRIN,3,NCIH1975,6.313725471496582,5.549434724770215,5.842085361480713
MIRIN,3,NCIH2087,5.609804153442383,4.9925367372417915,5.164243698120117
MIRIN,3,NCIH209,3.5869789123535156,4.822200904914268,4.956915378570557
MIRIN,3,NCIH2172,7.0328521728515625,5.183981255002059,5.3972649574279785
MIRIN,3,NCIH446,4.195419788360596,4.704344534965366,4.8134636878967285
MIRIN,3,NCIH647,3.585345983505249,5.064925323143892,5.252353191375732
MIRIN,3,NCIH69,2.474984884262085,4.621600227472954,4.712749481201172
MIRIN,3,OCILY19,3.352344036102295,3.8584833661149798,3.7839035987854004
MIRIN,3,PF382,5.0375823974609375,3.906272314208939,3.842071056365967
MIRIN,3,PL21,4.335155010223389,3.7086648610549364,3.601548433303833
MIRIN,3,RAJI,2.8039369583129883,3.701190908701908,3.592451333999634
MIRIN,3,REH,3.8128349781036377,3.7590039555396095,3.6628198623657227
MIRIN,3,RERFLCKJ,5.850118637084961,4.729483231293152,4.844061851501465
MIRIN,3,RPMI8402,4.303423881530762,3.90637554234842,3.8421967029571533
MIRIN,3,SIGM5,2.7663381099700928,4.692014746601446,4.798456192016602
MIRIN,3,SKMES1,6.43232536315918,5.192983453928584,5.408222198486328
MIRIN,3,SW1271,5.791417121887207,5.207654385979563,5.426079273223877
MIRIN,3,WSUDLCL2,6.718716144561768,3.682353242337751,3.5695226192474365
MIRIN,4,BL41,2.7710530757904053,3.864616826752848,3.8586981296539307
MIRIN,4,CALU6,5.530643463134766,5.196078772478688,5.259831428527832
MIRIN,4,CORL279,4.224494934082031,5.02161603418502,5.076239585876465
MIRIN,4,DB,3.590883493423462,3.9917829079144562,3.992518424987793
MIRIN,4,DMS273,4.700265407562256,4.5611820336808115,4.591712474822998
MIRIN,4,GA10,2.8469200134277344,3.769663276976434,3.7587759494781494
MIRIN,4,GDM1,3.572216033935547,3.9714672109635774,3.971139669418335
MIRIN,4,GRANTA519,5.4034528732299805,4.121911756242272,4.129456520080566
MIRIN,4,IALM,5.489457607269287,5.05072170419909,5.106868267059326
MIRIN,4,JEKO1,2.020414113998413,4.3759258238112375,4.396762371063232
MIRIN,4,K562,4.625284671783447,5.002192769739126,5.055799961090088
MIRIN,4,KMS12BM,3.13798189163208,4.167176821022922,4.177090167999268
MIRIN,4,LCLC103H,4.730627059936523,5.32530408670397,5.395818710327148
MIRIN,4,LU65,5.262148857116699,4.705425770320527,4.743504047393799
MIRIN,4,ME1,5.908051013946533,3.8980475885465995,3.893878221511841
MIRIN,4,MOLM13,2.2246010303497314,4.272503341047684,4.287928104400635
MIRIN,4,MONOMAC6,2.591355085372925,4.609930281333166,4.643011569976807
MIRIN,4,NAMALWA,3.6315104961395264,3.4459828332148077,3.4181582927703857
MIRIN,4,NCIH1155,3.6622314453125,5.0206708124508745,5.075244903564453
MIRIN,4,NCIH1435,6.423458099365234,5.427249830430334,5.503098964691162
MIRIN,4,NCIH1437,3.4342939853668213,5.2081668262667,5.272552013397217
MIRIN,4,NCIH1781,6.083810329437256,5.094178794521811,5.152599334716797
MIRIN,4,NCIH1836,4.893095970153809,4.480977296092649,4.50731086730957
MIRIN,4,NCIH1963,6.58955717086792,4.422253923197978,4.445514678955078
MIRIN,4,NCIH2023,4.610557556152344,5.5064993775028785,5.586495399475098
MIRIN,4,NCIH2029,4.9651360511779785,5.018498524342777,5.072958946228027
MIRIN,4,NCIH2122,4.435686111450195,4.754239268178882,4.794871807098389
MIRIN,4,NCIH2342,5.0750532150268555,5.432102361375186,5.508205413818359
MIRIN,4,NCIH2347,4.507568836212158,5.629944610979956,5.716400146484375
MIRIN,4,NCIH2444,7.1521806716918945,5.3636340514649214,5.436154365539551
MIRIN,4,NCIH524,3.837723970413208,5.31285171926579,5.382714748382568
MIRIN,4,NCIH838,3.8521060943603516,5.679102938051965,5.768130779266357
MIRIN,4,NCIH841,5.248383045196533,5.151526928699737,5.212948322296143
MIRIN,4,OCIAML2,3.5863006114959717,3.8995542339282068,3.895463705062866
MIRIN,4,OCIAML5,4.272363662719727,4.14709017948269,4.155952453613281
MIRIN,4,OCIM1,5.8251495361328125,3.8247842947481643,3.8167812824249268
MIRIN,4,RERFLCMS,5.63040018081665,5.472694333277485,5.550921440124512
MIRIN,4,RL,3.9754951000213623,3.5745135046220438,3.5534145832061768
MIRIN,4,SKLU1,4.741201400756836,5.3822734071859495,5.455769062042236
MIRIN,4,SUDHL6,3.4390220642089844,3.9299225407410283,3.9274210929870605
MIRIN,5,CMLT1,3.4563190937042236,3.9463482350794727,3.8541200160980225
MIRIN,5,CORL95,5.914444923400879,4.456328851698261,4.495100975036621
MIRIN,5,DAUDI,3.6886661052703857,3.785634483981121,3.652123212814331
MIRIN,5,EBC1,4.601874828338623,4.924865027238976,5.083991527557373
MIRIN,5,EM2,3.3048925399780273,4.079580761037638,4.021576404571533
MIRIN,5,HARA,5.242745876312256,4.879763137899822,5.027304172515869
MIRIN,5,HCC78,5.864197731018066,5.134446809358739,5.347409248352051
MIRIN,5,KMH2,4.320235729217529,4.0326028194552315,3.962531089782715
MIRIN,5,L1236,3.530977487564087,4.0360593840635755,3.9668755531311035
MIRIN,5,L363,3.767430543899536,3.7590734539301156,3.618739366531372
MIRIN,5,L540,2.404484510421753,3.9618251918567045,3.873572587966919
MIRIN,5,LOUNH91,5.6553192138671875,5.368496561827582,5.641580104827881
MIRIN,5,LP1,4.930427074432373,4.030084280968514,3.9593656063079834
MIRIN,5,LXF289,4.519741058349609,4.933155319174167,5.094411373138428
MIRIN,5,NCIH1048,4.384355545043945,4.889296290734686,5.039286136627197
MIRIN,5,NCIH1105,4.463278293609619,4.682696084869667,4.779615879058838
MIRIN,5,NCIH1568,6.616620063781738,4.965283804567882,5.134792804718018
MIRIN,5,NCIH1623,3.9052374362945557,5.339066253087861,5.604589939117432
MIRIN,5,NCIH1648,3.506042003631592,5.030049908239123,5.216195583343506
MIRIN,5,NCIH1651,5.3555006980896,5.291378105277069,5.544651985168457
MIRIN,5,NCIH1792,5.396914482116699,5.262821137743407,5.508759498596191
MIRIN,5,NCIH1915,4.812658786773682,4.9847662941225135,5.159279823303223
MIRIN,5,NCIH1944,4.146234035491943,4.928490417580029,5.088548183441162
MIRIN,5,NCIH2085,6.264629364013672,5.319608802855383,5.580134391784668
MIRIN,5,NCIH2170,4.800740718841553,5.457064058741455,5.752898216247559
MIRIN,5,NCIH2228,6.487179279327393,4.8306208124857175,4.965538501739502
MIRIN,5,NCIH292,3.024510383605957,5.395660053144974,5.675721168518066
MIRIN,5,NCIH358,5.252936363220215,5.173180743813575,5.396092891693115
MIRIN,5,NCIH441,6.673922061920166,5.160666394107636,5.380363941192627
MIRIN,5,NCIH596,6.304473876953125,5.1840292198288935,5.409728050231934
MIRIN,5,NUDUL1,2.800795555114746,3.665704097917592,3.5013859272003174
MIRIN,5,OPM2,4.669247150421143,3.9193162002033928,3.8201441764831543
MIRIN,5,RCHACV,3.8293659687042236,4.009774355631774,3.9338386058807373
MIRIN,5,SBC5,4.330732345581055,5.006995521440771,5.187219142913818
MIRIN,5,SHP77,4.903561592102051,4.545753376320427,4.60749626159668
MIRIN,5,SKM1,3.695256471633911,4.403130156095111,4.428236961364746
MIRIN,5,SUDHL4,4.048104286193848,3.6688074563300876,3.505286455154419
MIRIN,5,SUDHL8,3.861776113510132,3.7437418010981145,3.5994694232940674
MIRIN,5,SUPM2,3.214613437652588,3.9934898807150563,3.9133710861206055
MIRIN,5,SUPT1,4.009084701538086,4.055318037253491,3.9910812377929688
MK-2206,1,ABC1,0.561640202999115,2.2496672311056596,2.3212099075317383
MK-2206,1,CAL12T,2.334897994995117,2.194651596406523,2.2637524604797363
MK-2206,1,CALU3,1.987241506576538,2.722536101207285,2.8150665760040283
MK-2206,1,CORL105,2.416261911392212,2.4231767092849843,2.502420425415039
MK-2206,1,CORL23,2.0263938903808594,2.803502640516884,2.8996267318725586
MK-2206,1,CORL311,1.7753870487213135,2.5229775552975835,2.6066508293151855
MK-2206,1,DMS53,3.8577349185943604,2.2966560903180357,2.37028431892395
MK-2206,1,DOHH2,-0.5183889865875244,0.7119308286896627,0.7152226567268372
MK-2206,1,EBC1,1.160673975944519,1.6130113691364085,1.656296730041504
MK-2206,1,EJM,2.221492052078247,0.9236510432261893,0.9363398551940918
MK-2206,1,EM2,1.2120505571365356,2.029777276771102,2.0915603637695312
MK-2206,1,HCC366,1.6184630393981934,2.364672631247684,2.441319704055786
MK-2206,1,HT,-0.2530530095100403,0.7323037852257386,0.7364998459815979
MK-2206,1,IALM,3.3183515071868896,2.5731847951251967,2.6590864658355713
MK-2206,1,KCL22,1.8704890012741089,1.8911734626016785,1.9468047618865967
MK-2206,1,KMH2,2.5850815773010254,1.2589799134346715,1.2865519523620605
MK-2206,1,MOLT16,-1.4038339853286743,1.2492908710696413,1.2764328718185425
MK-2206,1,NAMALWA,1.0643229484558105,1.2136888196241622,1.239250659942627
MK-2206,1,NCIH1048,0.5561435222625732,2.303355152536374,2.3772807121276855
MK-2206,1,NCIH1341,2.3035900592803955,2.0952968218737205,2.1599879264831543
MK-2206,1,NCIH1648,3.3853964805603027,2.6842636704706484,2.7750954627990723
MK-2206,1,NCIH1781,1.951485514640808,2.1467139792258587,2.2136871814727783
MK-2206,1,NCIH1792,2.9573874473571777,2.4144847074460607,2.493342638015747
MK-2206,1,NCIH1793,4.454975128173828,2.5573036003273395,2.642500400543213
MK-2206,1,NCIH1876,2.1974129676818848,2.8664802173863726,2.9653995037078857
MK-2206,1,NCIH1915,5.282275199890137,2.1525327693735234,2.219764232635498
MK-2206,1,NCIH1963,3.5355238914489746,2.6839157621107663,2.7747321128845215
MK-2206,1,NCIH2009,0.4831700026988983,2.4892840916754615,2.5714619159698486
MK-2206,1,NCIH2029,2.858489513397217,2.107198529447517,2.1724178791046143
MK-2206,1,NCIH2291,2.54339861869812,2.000017186535314,2.0604794025421143
MK-2206,1,NCIH292,0.9224194884300232,2.2592449838870663,2.3312127590179443
MK-2206,1,NCIH522,4.570178985595703,2.1955795803192015,2.264721632003784
MK-2206,1,NCIH69,1.4920835494995117,2.5542918188365733,2.639354944229126
MK-2206,1,NCIH82,2.48919939994812,2.3602436482489453,2.4366941452026367
MK-2206,1,NCIH929,-2.7751150131225586,1.9602581552477893,2.018955707550049
MK-2206,1,OCILY19,1.354859471321106,-0.028084524242380518,-0.05763751640915871
MK-2206,1,P31FUJ,1.1143264770507812,1.6277030780358626,1.6716405153274536
MK-2206,1,PL21,0.14559799432754517,1.456228886590482,1.4925556182861328
MK-2206,1,SUDHL4,0.2135539948940277,0.743111887157792,0.7477876543998718
MK-2206,1,SUPB15,2.0599141120910645,0.5171611591706647,0.5118083357810974
MK-2206,1,SW1573,3.249039888381958,2.347042991483725,2.422907590866089
MK-2206,2,A4FUK,-0.4660719931125641,1.0972372620873085,1.100345253944397
MK-2206,2,DMS114,2.2212884426116943,2.976010768789836,3.086944580078125
MK-2206,2,DND41,2.3267605304718018,0.7509363166144497,0.7341695427894592
MK-2206,2,GDM1,1.224663496017456,1.6805952711552905,1.7171831130981445
MK-2206,2,GRANTA519,3.615523099899292,0.6656075369092265,0.6439436078071594
MK-2206,2,HCC78,2.3119850158691406,2.3003372049235873,2.372493028640747
MK-2206,2,HDLM2,2.9865005016326904,1.4817144007813168,1.5068881511688232
MK-2206,2,JM1,2.3406519889831543,0.3677009981913638,0.3289397358894348
MK-2206,2,JURKAT,0.656790018081665,1.1349447428457833,1.1402168273925781
MK-2206,2,KMS11,1.3968935012817383,1.732019369880385,1.7715585231781006
MK-2206,2,KMS12BM,-0.14075100421905518,1.5978419015516516,1.6296803951263428
MK-2206,2,KNS62,1.1400779485702515,2.184593693244743,2.2501068115234375
MK-2206,2,KU812,1.9127000570297241,1.3211272540535888,1.3370846509933472
MK-2206,2,L363,0.2699665129184723,1.2474290822856728,1.2591568231582642
MK-2206,2,L428,3.560415029525757,1.9629039159318733,2.0156939029693604
MK-2206,2,LAMA84,1.8433564901351929,2.299723904671766,2.371844530105591
MK-2206,2,LXF289,1.938359022140503,1.8288799981441293,1.8739781379699707
MK-2206,2,MM1S,-1.5643224716186523,0.8182973155045792,0.8053964972496033
MK-2206,2,MOLT13,3.0527288913726807,0.6945301679944544,0.6745261549949646
MK-2206,2,NCIH1435,4.290205001831055,1.9615118145514512,2.0142219066619873
MK-2206,2,NCIH146,3.097329616546631,2.8303758596537216,2.9329514503479004
MK-2206,2,NCIH196,2.6990885734558105,2.1358304607960266,2.198544979095459
MK-2206,2,NCIH1975,0.6141847372055054,2.7078429789003886,2.8033862113952637
MK-2206,2,NCIH2030,1.5513819456100464,2.482949158727818,2.5655853748321533
MK-2206,2,NCIH2066,1.6854654550552368,2.277142054112865,2.3479666709899902
MK-2206,2,NCIH2081,2.5595273971557617,2.760547567379195,2.8591156005859375
MK-2206,2,NCIH2087,4.276419162750244,1.7195241664226326,1.7583461999893188
MK-2206,2,NCIH209,3.6128599643707275,2.5657906902426557,2.653181314468384
MK-2206,2,NCIH2122,1.6418190002441406,2.194046859810048,2.2601025104522705
MK-2206,2,NCIH2170,1.8773964643478394,2.283151720146617,2.354321241378784
MK-2206,2,NCIH2196,1.0318939685821533,2.636126533571172,2.7275538444519043
MK-2206,2,NCIH23,1.9355709552764893,2.8884745591341217,2.994384527206421
MK-2206,2,NCIH647,2.901170015335083,2.5189555204606053,2.6036581993103027
MK-2206,2,OPM2,1.387033462524414,1.1675769385423986,1.1747218370437622
MK-2206,2,RAJI,3.1101269721984863,1.3177271580435346,1.3334894180297852
MK-2206,2,RPMI8402,-0.30839648842811584,1.4302054095765124,1.4524229764938354
MK-2206,2,SHP77,2.110399007797241,2.346841823908149,2.4216666221618652
MK-2206,2,SKLU1,2.6154136657714844,2.5444942899542093,2.630662679672241
MK-2206,2,SUDHL1,1.7397220134735107,1.6683550833537184,1.7042404413223267
MK-2206,2,SUDHL5,-0.47724801301956177,0.9798397562918315,0.9762101173400879
MK-2206,2,SUPM2,2.042940616607666,1.2173323870786668,1.2273328304290771
MK-2206,3,697,-0.4436505138874054,1.07054722109397,0.9819785952568054
MK-2206,3,A3KAW,2.3649864196777344,1.2797728618535527,1.2226136922836304
MK-2206,3,BL41,1.8178925514221191,1.0735736746541042,0.9854593873023987
MK-2206,3,CALU6,3.0909159183502197,2.4144674062023057,2.527651309967041
MK-2206,3,CHAGOK1,3.3726320266723633,2.4298114293584128,2.5452988147735596
MK-2206,3,CMLT1,1.827318549156189,1.039554135128772,0.9463327527046204
MK-2206,3,CORL88,4.051323413848877,2.4169182956465654,2.530470132827759
MK-2206,3,DMS79,2.7632949352264404,2.3270220837849522,2.4270784854888916
MK-2206,3,EPLC272H,0.2700274884700775,2.2002472723273625,2.2812719345092773
MK-2206,3,HEL,3.2862284183502197,1.3417147755672227,1.2938544750213623
MK-2206,3,JVM2,1.1955875158309937,0.9875770573776801,0.8865527510643005
MK-2206,3,JVM3,1.7019720077514648,1.1621530750065998,1.087336540222168
MK-2206,3,K562,2.9371824264526367,2.032934629228624,2.0888419151306152
MK-2206,3,KARPAS422,-0.12891949713230133,0.48422657060583457,0.3076380789279938
MK-2206,3,KG1,3.213567018508911,1.6715113555759273,1.6731609106063843
MK-2206,3,KOPN8,2.0168890953063965,0.5426181876040252,0.3747955858707428
MK-2206,3,L1236,1.5853420495986938,1.6005167190312652,1.591508388519287
MK-2206,3,L540,2.3833394050598145,1.8355082601429116,1.861777424812317
MK-2206,3,LU65,3.8988404273986816,1.8916872772524693,1.9263901710510254
MK-2206,3,NB4,1.677085518836975,1.1857588737997062,1.1144860982894897
MK-2206,3,NCIH1092,4.422854900360107,2.2749476794167514,2.3671865463256836
MK-2206,3,NCIH1105,2.593679428100586,2.0323413410962146,2.0881595611572266
MK-2206,3,NCIH2023,0.7188460230827332,2.1683467374454555,2.244582414627075
MK-2206,3,NCIH2172,2.9092090129852295,2.7837855372549773,2.9524123668670654
MK-2206,3,NCIH2228,0.32905107736587524,2.557859260529882,2.6925694942474365
MK-2206,3,NCIH358,2.354448080062866,2.3354054399564235,2.436720371246338
MK-2206,3,NCIH810,4.564026832580566,2.577679686177687,2.715365409851074
MK-2206,3,NCIH838,1.8436100482940674,2.8086207194405546,2.980975866317749
MK-2206,3,OCIAML2,2.2951884269714355,1.4967087089285742,1.472116470336914
MK-2206,3,OCIAML5,2.0321550369262695,1.8453746293469662,1.8731249570846558
MK-2206,3,REH,0.44296199083328247,0.7138034505785784,0.5716795921325684
MK-2206,3,RERFLCKJ,1.0620349645614624,2.5003285539488456,2.6264021396636963
MK-2206,3,RERFLCMS,1.8251320123672485,2.383113724602473,2.491590738296509
MK-2206,3,RS411,-0.3522365093231201,0.8114390460109192,0.6839724779129028
MK-2206,3,SIGM5,-0.20312899351119995,1.8136926906689816,1.8366868495941162
MK-2206,3,SKMES1,2.239478349685669,2.653902700301508,2.8030312061309814
MK-2206,3,SKMM2,1.96082603931427,1.6404641647181513,1.6374528408050537
MK-2206,3,ST486,3.117586612701416,0.9162610564279633,0.8045306205749512
MK-2206,3,SUDHL10,-0.6138960123062134,0.380687620920809,0.18855561316013336
MK-2206,3,SUPT1,1.4826769828796387,1.164733836922891,1.0903047323226929
MK-2206,3,THP1,1.2011774778366089,1.761797599450513,1.777001142501831
MK-2206,4,ALLSIL,0.9997504949569702,1.2209113367968538,1.2063745260238647
MK-2206,4,BEN,3.831526041030884,2.639748502296684,2.6844754219055176
MK-2206,4,BV173,0.679325520992279,1.5229878803214367,1.5210685729980469
MK-2206,4,COLO668,2.555327892303467,2.706075132371581,2.753572463989258
MK-2206,4,CORL279,1.902010440826416,2.489780891569221,2.5282437801361084
MK-2206,4,DAUDI,1.3594419956207275,1.7628186984347358,1.7709169387817383
MK-2206,4,DMS273,0.26486554741859436,1.8371741705817466,1.8483781814575195
MK-2206,4,HCC44,0.7888846397399902,2.105734383593816,2.1281559467315674
MK-2206,4,HH,0.3905259966850281,1.831738876562259,1.842715859413147
MK-2206,4,HL60,2.4789741039276123,1.4652320311484452,1.4609003067016602
MK-2206,4,JEKO1,0.38913750648498535,0.8861581475429107,0.857638955116272
MK-2206,4,JURLMK1,1.9570435285568237,2.162955846294018,2.187767505645752
MK-2206,4,LCLC103H,2.8382010459899902,2.195271466472704,2.22143292427063
MK-2206,4,LCLC97TM1,2.4758424758911133,1.9070301543997343,1.9211519956588745
MK-2206,4,LOUCY,0.0310479998588562,1.9295477356635247,1.9446101188659668
MK-2206,4,MOLM13,1.1380540132522583,1.3017434127925558,1.2905828952789307
MK-2206,4,NALM6,-0.46524500846862793,1.411012630356941,1.4044162034988403
MK-2206,4,NCIH1437,1.3389860391616821,1.658960058085101,1.6627202033996582
MK-2206,4,NCIH1568,3.8691389560699463,2.173645406624224,2.1989035606384277
MK-2206,4,NCIH1623,2.8345110416412354,2.657147988535113,2.702601671218872
MK-2206,4,NCIH1650,1.8268029689788818,2.381735956846885,2.4156858921051025
MK-2206,4,NCIH1651,3.6596550941467285,2.3124094390266694,2.343463659286499
MK-2206,4,NCIH1944,1.7658987045288086,1.9907840771183902,2.00840425491333
MK-2206,4,NCIH211,2.8902180194854736,2.757313755169577,2.8069512844085693
MK-2206,4,NCIH2171,0.09494300186634064,2.6429298754693775,2.6877896785736084
MK-2206,4,NCIH2342,2.2708349227905273,2.4334304673766995,2.4695396423339844
MK-2206,4,NCIH2347,3.932033061981201,2.282953644699792,2.312777519226074
MK-2206,4,NCIH2405,4.5001044273376465,2.8266400441304897,2.8791732788085938
MK-2206,4,NCIH2444,1.9814900159835815,2.5860926675391167,2.6285784244537354
MK-2206,4,NCIH524,1.734483003616333,2.5168876740088586,2.5564827919006348
MK-2206,4,NCIH526,2.7529385089874268,2.6257532981921887,2.669895648956299
MK-2206,4,NCIH650,4.561478137969971,2.139008008815369,2.1628193855285645
MK-2206,4,NCIH661,2.1373136043548584,2.397382609682706,2.431986093521118
MK-2206,4,NCIH727,2.396714925765991,2.7941022015684727,2.845276355743408
MK-2206,4,NOMO1,2.0886545181274414,1.3372178635025782,1.327539086341858
MK-2206,4,NUDUL1,-0.6747745275497437,0.6118240431723856,0.5718461275100708
MK-2206,4,PF382,1.2831825017929077,0.8733453450279937,0.8442909717559814
MK-2206,4,SBC5,3.321784019470215,2.326332552450681,2.357968330383301
MK-2206,4,SUDHL6,-1.6074140071868896,0.6612393439024117,0.6233254671096802
MK-2206,4,SW1271,3.0363729000091553,1.8158881956577053,1.8262031078338623
MK-2206,5,A549,1.7522615194320679,1.8587636461536432,1.81535804271698
MK-2206,5,AMO1,1.0002230405807495,1.1050692594441673,0.9599471688270569
MK-2206,5,CA46,2.2134294509887695,0.6320057759291158,0.42304036021232605
MK-2206,5,CMK,3.3067259788513184,2.172242857347946,2.1711435317993164
MK-2206,5,CORL95,2.0291171073913574,1.879484367358238,1.8388751745224
MK-2206,5,DB,2.6727094650268555,1.1552032773644765,1.0168471336364746
MK-2206,5,EHEB,0.2173919975757599,1.8617878950518565,1.8187904357910156
MK-2206,5,GA10,-0.29253050684928894,1.2818985409439143,1.160640835762024
MK-2206,5,HARA,1.7828290462493896,1.7457840597830885,1.6871310472488403
MK-2206,5,HCC15,2.575139045715332,2.5594748580083837,2.610635280609131
MK-2206,5,HCC33,2.2612850666046143,2.7711657687646754,2.850895404815674
MK-2206,5,HCC827,3.569282054901123,2.4879825089457657,2.529494524002075
MK-2206,5,LOUNH91,2.2623400688171387,2.3456423004964724,2.3679444789886475
MK-2206,5,LP1,2.831540584564209,1.6398598287763644,1.5669115781784058
MK-2206,5,ME1,4.455778121948242,1.2357266745556734,1.1082377433776855
MK-2206,5,MEG01,2.7395694255828857,2.089641674177364,2.077394723892212
MK-2206,5,MHHCALL2,2.950199604034424,0.9325625017186924,0.7641593813896179
MK-2206,5,MOLM16,-0.3029389977455139,1.9651358479015504,1.9360859394073486
MK-2206,5,MOLP8,0.020251000300049782,0.9528359874213043,0.7871689200401306
MK-2206,5,MONOMAC6,0.8064939975738525,1.9488004083886616,1.9175459146499634
MK-2206,5,NCIH1155,2.494699478149414,2.6382544778853676,2.7000467777252197
MK-2206,5,NCIH1436,2.23533296585083,2.5547411779700178,2.6052627563476562
MK-2206,5,NCIH1836,4.099160194396973,2.684898893010908,2.752986192703247
MK-2206,5,NCIH2085,2.1135690212249756,2.1903475974787074,2.1916916370391846
MK-2206,5,NCIH2110,1.3109480142593384,2.0244349900702785,2.003387928009033
MK-2206,5,NCIH2227,5.175924777984619,2.6393344392360927,2.701272487640381
MK-2206,5,NCIH441,4.760088920593262,1.7607317878229387,1.7040960788726807
MK-2206,5,NCIH446,1.1139715909957886,2.2718879355177664,2.284236431121826
MK-2206,5,NCIH460,0.7929753065109253,2.835548564831001,2.923967123031616
MK-2206,5,NCIH596,2.5268900394439697,2.3410777254741215,2.3627638816833496
MK-2206,5,NCIH841,4.07536506652832,2.522630761283034,2.5688188076019287
MK-2206,5,OCIAML3,1.0300389528274536,2.4150978269065657,2.4467735290527344
MK-2206,5,OCIM1,2.3744850158691406,2.0415694245252958,2.0228347778320312
MK-2206,5,P12ICHIKAWA,0.021747000515460968,0.769957840505531,0.5796100497245789
MK-2206,5,RCHACV,-2.049823045730591,1.4816127202336495,1.38730788230896
MK-2206,5,RL,0.5970820188522339,0.8537453846425052,0.6747053265571594
MK-2206,5,RPMI8226,1.4674605131149292,2.0633364961457556,2.047539472579956
MK-2206,5,SKM1,1.3926810026168823,1.389436937097297,1.282692313194275
MK-2206,5,SUDHL8,3.331857919692993,1.1843163339011358,1.0498892068862915
MK-2206,5,WSUDLCL2,-0.9322065114974976,0.6684428652401437,0.4643948972225189
MOTESANIB,1,A3KAW,3.253848075866699,3.9717773610662186,3.9906740188598633
MOTESANIB,1,A549,4.4188947677612305,3.9374913004480727,3.9533228874206543
MOTESANIB,1,BEN,3.8938233852386475,4.310297222674647,4.359456539154053
MOTESANIB,1,CMK,2.518815040588379,3.884937082574703,3.8960704803466797
MOTESANIB,1,CORL279,3.51676344871521,4.400879024268943,4.458136081695557
MOTESANIB,1,DMS53,4.224691867828369,4.604220387468263,4.6796555519104
MOTESANIB,1,DMS79,4.683527946472168,4.277987848805701,4.324258804321289
MOTESANIB,1,EJM,3.8869473934173584,3.9029984230697417,3.9157464504241943
MOTESANIB,1,GA10,3.758711099624634,3.468641863328595,3.4425597190856934
MOTESANIB,1,HCC366,4.518226623535156,4.1972754743196745,4.236330986022949
MOTESANIB,1,HCC827,6.582528114318848,4.429292802020114,4.4890899658203125
MOTESANIB,1,JEKO1,3.4923593997955322,3.460154497427277,3.4333136081695557
MOTESANIB,1,KOPN8,3.102385997772217,2.9004043888515025,2.82352352142334
MOTESANIB,1,LOUCY,3.721858024597168,3.605288651308162,3.5914223194122314
MOTESANIB,1,LXF289,3.4324615001678467,4.588004640347449,4.661990165710449
MOTESANIB,1,ME1,4.085336208343506,3.585185186803294,3.56952166557312
MOTESANIB,1,MOLM16,3.5618209838867188,3.6571915605272336,3.6479651927948
MOTESANIB,1,NAMALWA,3.620117425918579,3.513625274656896,3.4915645122528076
MOTESANIB,1,NCIH1092,4.255864143371582,4.327450976815729,4.378143787384033
MOTESANIB,1,NCIH1651,4.007111072540283,4.221308676121778,4.262512683868408
MOTESANIB,1,NCIH2023,4.595469951629639,4.30199303733235,4.350409984588623
MOTESANIB,1,NCIH2029,4.102513790130615,4.34792955658722,4.400453090667725
MOTESANIB,1,NCIH2085,4.604294776916504,4.336599062081068,4.3881096839904785
MOTESANIB,1,NCIH209,4.057173728942871,4.356091924722532,4.4093451499938965
MOTESANIB,1,NCIH2170,2.5131595134735107,4.246287763677871,4.289724826812744
MOTESANIB,1,NCIH2172,4.7992262840271,4.350268227380171,4.403000831604004
MOTESANIB,1,NCIH2196,5.996394157409668,4.1420206016096,4.176136493682861
MOTESANIB,1,NCIH2444,4.866036891937256,4.171520331492029,4.208273410797119
MOTESANIB,1,NCIH292,4.354008674621582,3.870649436678474,3.8805055618286133
MOTESANIB,1,NCIH526,3.288259506225586,4.413687219055276,4.4720892906188965
MOTESANIB,1,NCIH650,4.304444313049316,4.215462217993111,4.256143569946289
MOTESANIB,1,NCIH810,4.320803165435791,4.336227886181307,4.387705326080322
MOTESANIB,1,NCIH82,3.2036330699920654,4.201270867731254,4.240683555603027
MOTESANIB,1,OCIAML2,3.28279709815979,3.898091503937345,3.910400867462158
MOTESANIB,1,OCILY19,3.683387517929077,3.3641348375892512,3.3287100791931152
MOTESANIB,1,REH,3.09552001953125,3.552371573976181,3.5337746143341064
MOTESANIB,1,RERFLCMS,4.308897018432617,4.259664978121856,4.304297924041748
MOTESANIB,1,SIGM5,3.7080209255218506,3.7936807738323735,3.7966561317443848
MOTESANIB,1,SUDHL4,3.1084725856781006,3.553681632311069,3.5352017879486084
MOTESANIB,1,SUPM2,2.647200584411621,3.5609804036890367,3.5431530475616455
MOTESANIB,1,SW1573,5.417451858520508,4.203593343349334,4.243213653564453
MOTESANIB,2,A4FUK,3.877986431121826,3.981320282194043,4.011199951171875
MOTESANIB,2,CHAGOK1,3.3020455837249756,4.759342498531806,4.8396830558776855
MOTESANIB,2,DB,3.590742588043213,3.313175783751124,3.2997210025787354
MOTESANIB,2,EBC1,4.747679233551025,4.461191289938523,4.5221943855285645
MOTESANIB,2,EPLC272H,3.027409553527832,4.370363855440112,4.42547607421875
MOTESANIB,2,GRANTA519,4.287301540374756,3.538367664638642,3.539518356323242
MOTESANIB,2,HCC44,3.732572555541992,4.041849515484579,4.075654983520508
MOTESANIB,2,HEL,2.692774534225464,3.6576824207291287,3.666571617126465
MOTESANIB,2,JM1,3.2730209827423096,3.6588475811545274,3.6678123474121094
MOTESANIB,2,JURLMK1,3.04065203666687,3.7781898765863526,3.7948949337005615
MOTESANIB,2,K562,4.296658039093018,3.9035384351949154,3.928373336791992
MOTESANIB,2,KARPAS422,3.622025489807129,3.1285316647851436,3.1031012535095215
MOTESANIB,2,KCL22,3.358250617980957,2.9970489977648507,2.9630908966064453
MOTESANIB,2,KMS12BM,4.360505104064941,3.6924807294293345,3.703626871109009
MOTESANIB,2,L363,3.6413609981536865,3.770194287817827,3.7863807678222656
MOTESANIB,2,L540,3.833998918533325,3.839980098254261,3.8606927394866943
MOTESANIB,2,LU65,5.243285655975342,3.936117028203845,3.9630649089813232
MOTESANIB,2,MONOMAC6,3.728916883468628,3.9289079898915884,3.955388307571411
MOTESANIB,2,NALM6,3.56654953956604,3.278516962934282,3.2628142833709717
MOTESANIB,2,NCIH1436,4.033235549926758,4.242179192467882,4.28897762298584
MOTESANIB,2,NCIH1648,3.235852003097534,4.678732831361121,4.75384521484375
MOTESANIB,2,NCIH1650,4.165999412536621,4.754782162723867,4.834826946258545
MOTESANIB,2,NCIH1781,4.418441295623779,4.586971746022219,4.656132698059082
MOTESANIB,2,NCIH1792,3.8197383880615234,4.416334852531519,4.474428653717041
MOTESANIB,2,NCIH1793,5.666182041168213,4.473683851640202,4.535497188568115
MOTESANIB,2,NCIH196,4.078083038330078,4.306712601209576,4.357696533203125
MOTESANIB,2,NCIH1963,4.696055889129639,3.9714441818165773,4.000683307647705
MOTESANIB,2,NCIH1975,4.556241989135742,4.724923247594898,4.8030314445495605
MOTESANIB,2,NCIH2081,4.244760513305664,4.193080800906458,4.236694812774658
MOTESANIB,2,NCIH2110,4.3661932945251465,4.521436621726483,4.5863471031188965
MOTESANIB,2,NCIH2227,4.942509651184082,4.115797348816427,4.1543989181518555
MOTESANIB,2,NCIH2228,4.826736927032471,4.347843838932149,4.401495456695557
MOTESANIB,2,NCIH358,3.907686471939087,4.524451172066139,4.58955717086792
MOTESANIB,2,NCIH841,4.260786533355713,4.187622189997308,4.230882167816162
MOTESANIB,2,NCIH929,3.2045440673828125,3.826828159640053,3.8466877937316895
MOTESANIB,2,P12ICHIKAWA,2.7554330825805664,3.332091057205875,3.3198630809783936
MOTESANIB,2,PL21,4.728329181671143,3.462684628905403,3.4589266777038574
MOTESANIB,2,RCHACV,3.4143149852752686,3.360799589116992,3.350433588027954
MOTESANIB,2,SKM1,3.68727445602417,3.6049255508143205,3.6103930473327637
MOTESANIB,2,ST486,1.8768889904022217,2.806114938016641,2.7597732543945312
MOTESANIB,2,SUPT1,3.7672669887542725,3.561209421256385,3.5638415813446045
MOTESANIB,3,697,3.3878486156463623,3.240863918196408,3.0449788570404053
MOTESANIB,3,ALLSIL,3.348238945007324,3.409248990176011,3.2640888690948486
MOTESANIB,3,AMO1,4.515818119049072,3.724199766114966,3.6739165782928467
MOTESANIB,3,BL41,2.833466053009033,3.52128675260309,3.409877300262451
MOTESANIB,3,BV173,1.9784159660339355,3.6016196830360117,3.5144100189208984
MOTESANIB,3,CAL12T,3.900306463241577,4.216598770400535,4.314647674560547
MOTESANIB,3,CALU3,5.284951210021973,4.209340916362123,4.305203437805176
MOTESANIB,3,CALU6,4.704518795013428,4.023044269731229,4.062786102294922
MOTESANIB,3,CORL311,4.957035064697266,4.004810221508606,4.039059162139893
MOTESANIB,3,CORL95,4.5055155754089355,4.1201740423109054,4.189175605773926
MOTESANIB,3,DAUDI,3.7090630531311035,3.561668505573139,3.462423801422119
MOTESANIB,3,HCC33,5.186103820800781,4.180727982956732,4.267971038818359
MOTESANIB,3,HH,4.513249397277832,3.647261969362034,3.5738017559051514
MOTESANIB,3,HL60,3.016622543334961,3.7518876034625994,3.7099452018737793
MOTESANIB,3,HT,4.1315107345581055,3.6059206742936523,3.5200066566467285
MOTESANIB,3,IALM,4.624622821807861,3.9791801686380346,4.00570821762085
MOTESANIB,3,L428,3.352381467819214,3.7216712801579312,3.670626401901245
MOTESANIB,3,LP1,3.9942140579223633,3.7201838708101627,3.6686909198760986
MOTESANIB,3,MEG01,4.151824951171875,3.9564401019269066,3.9761178493499756
MOTESANIB,3,MHHCALL2,1.3326270580291748,3.5801955283642624,3.486531972885132
MOTESANIB,3,MOLT13,2.8723719120025635,2.933515456701604,2.6450436115264893
MOTESANIB,3,NCIH1105,4.431652069091797,4.199798996675858,4.292787075042725
MOTESANIB,3,NCIH1155,3.89493989944458,4.189525281851013,4.279418468475342
MOTESANIB,3,NCIH146,4.133154392242432,4.036665480094845,4.08051061630249
MOTESANIB,3,NCIH1568,4.842095375061035,4.443821710600341,4.610320091247559
MOTESANIB,3,NCIH1836,5.1158127784729,4.131803245477066,4.204308032989502
MOTESANIB,3,NCIH446,3.5301895141601562,3.896285588772844,3.8978421688079834
MOTESANIB,3,NCIH522,4.52661657333374,4.100629945204746,4.16374397277832
MOTESANIB,3,NCIH596,4.494204998016357,4.1976648079492245,4.29000997543335
MOTESANIB,3,NCIH838,4.110529899597168,4.366906267129059,4.510234355926514
MOTESANIB,3,OPM2,3.3096325397491455,3.5492906506953528,3.446317195892334
MOTESANIB,3,RAJI,3.234606981277466,3.4288792023836057,3.289632558822632
MOTESANIB,3,RPMI8226,3.5281989574432373,3.9019497637638425,3.905212640762329
MOTESANIB,3,RPMI8402,3.36895489692688,3.0577473007155347,2.806699514389038
MOTESANIB,3,SBC5,3.7059919834136963,4.025686720779951,4.066224575042725
MOTESANIB,3,SHP77,3.7668139934539795,4.171884145262952,4.256463050842285
MOTESANIB,3,SKMM2,4.772538661956787,3.850909343143171,3.838796615600586
MOTESANIB,3,SUDHL10,2.968900442123413,3.5168208600873823,3.4040660858154297
MOTESANIB,3,SUDHL5,2.7560811042785645,3.4107045186138865,3.2659828662872314
MOTESANIB,3,SUPB15,3.8363006114959717,3.4866571219616755,3.3648157119750977
MOTESANIB,3,THP1,3.997917413711548,3.738078222441167,3.6919758319854736
MOTESANIB,4,ABC1,6.062619209289551,3.9769544730240765,4.032966613769531
MOTESANIB,4,CA46,4.053314208984375,2.9223001192707163,2.9381494522094727
MOTESANIB,4,CMLT1,3.3340768814086914,3.004610543018219,3.023594379425049
MOTESANIB,4,CORL23,3.072970390319824,3.968850255701905,4.0245537757873535
MOTESANIB,4,CORL88,4.448738098144531,4.260674655751745,4.327491283416748
MOTESANIB,4,DMS114,4.169517993927002,4.270547809247338,4.337740421295166
MOTESANIB,4,DND41,3.457561492919922,2.783068857229264,2.7936160564422607
MOTESANIB,4,DOHH2,2.937283515930176,3.42139046299949,3.4562458992004395
MOTESANIB,4,JURKAT,3.130579948425293,3.484844789650403,3.5221166610717773
MOTESANIB,4,JVM2,3.6122970581054688,3.8474328377896327,3.898512601852417
MOTESANIB,4,JVM3,3.834506034851074,3.596849087714883,3.6383862495422363
MOTESANIB,4,KG1,3.404625415802002,2.917193814681819,2.9328486919403076
MOTESANIB,4,KNS62,3.8126375675201416,4.184863958530838,4.248793601989746
MOTESANIB,4,L1236,3.77866792678833,3.467632227643012,3.50424861907959
MOTESANIB,4,LAMA84,3.4021170139312744,2.9458975716469893,2.9626455307006836
MOTESANIB,4,LCLC103H,4.379250526428223,4.1325597634492945,4.194497585296631
MOTESANIB,4,LCLC97TM1,4.3530707359313965,4.051190536850413,4.110029697418213
MOTESANIB,4,LOUNH91,3.9151599407196045,3.8056841526528173,3.8551740646362305
MOTESANIB,4,MOLM13,2.2212700843811035,3.7012833862628765,3.746797561645508
MOTESANIB,4,NCIH1435,4.395288944244385,4.110115725441098,4.171198844909668
MOTESANIB,4,NCIH1876,3.949636936187744,4.1397742302215,4.201986789703369
MOTESANIB,4,NCIH1915,4.426131725311279,4.3885993793770215,4.460287570953369
MOTESANIB,4,NCIH2009,4.679085731506348,4.195760072519344,4.260104656219482
MOTESANIB,4,NCIH2066,4.741077423095703,4.0305319714223495,4.0885844230651855
MOTESANIB,4,NCIH211,3.694075584411621,3.9981054558964164,4.054923057556152
MOTESANIB,4,NCIH2171,4.33835506439209,4.1291160567517755,4.190922737121582
MOTESANIB,4,NCIH23,3.2559773921966553,4.232026249814592,4.2977519035339355
MOTESANIB,4,NCIH2342,4.7533183097839355,4.347843567659798,4.417979717254639
MOTESANIB,4,NCIH2347,5.457202911376953,4.554550488922982,4.632558345794678
MOTESANIB,4,NCIH441,6.196349143981934,4.445880573533877,4.519750118255615
MOTESANIB,4,NCIH524,3.995404005050659,4.510337190169316,4.586661338806152
MOTESANIB,4,NCIH647,4.288333892822266,4.2880699695359255,4.355929851531982
MOTESANIB,4,NCIH661,3.5632336139678955,4.46609219663612,4.540731430053711
MOTESANIB,4,OCIAML3,3.9537739753723145,3.8774668568057584,3.929690361022949
MOTESANIB,4,OCIAML5,3.0626025199890137,3.9267088309057088,3.9808075428009033
MOTESANIB,4,PF382,3.1913344860076904,3.4374114850344437,3.472877025604248
MOTESANIB,4,RS411,3.2553579807281494,3.213690208972083,3.240636110305786
MOTESANIB,4,SKMES1,4.6237688064575195,4.0804167983331805,4.140368938446045
MOTESANIB,4,SUDHL8,3.5240910053253174,3.29788945784166,3.3280417919158936
MOTESANIB,4,SW1271,5.46207857131958,4.262268581620811,4.329145908355713
MOTESANIB,5,COLO668,4.522231101989746,4.104554935058031,4.1662678718566895
MOTESANIB,5,CORL105,5.151403903961182,4.103382290918837,4.164938926696777
MOTESANIB,5,DMS273,3.621577024459839,4.067226815181154,4.123964309692383
MOTESANIB,5,EHEB,3.7391040325164795,3.788352515849639,3.8079190254211426
MOTESANIB,5,EM2,3.6756460666656494,3.5084057120650183,3.4906582832336426
MOTESANIB,5,GDM1,-1.1941169500350952,3.209601090672028,3.1520261764526367
MOTESANIB,5,HARA,3.85619854927063,3.9349677455350043,3.974076509475708
MOTESANIB,5,HCC15,4.753035545349121,4.179652126034558,4.2513747215271
MOTESANIB,5,HCC78,3.9794445037841797,4.088418560683355,4.147980690002441
MOTESANIB,5,HDLM2,4.261681079864502,4.109541723123235,4.171919345855713
MOTESANIB,5,KMH2,3.187405824661255,3.4288586163823145,3.400508403778076
MOTESANIB,5,KMS11,3.3723199367523193,3.4682545366259174,3.445155382156372
MOTESANIB,5,KU812,3.9441885948181152,3.634778209113612,3.6338748931884766
MOTESANIB,5,MM1S,3.6950764656066895,3.4303882711250626,3.4022419452667236
MOTESANIB,5,MOLP8,3.7950034141540527,3.6659721420851037,3.66922664642334
MOTESANIB,5,MOLT16,3.139336585998535,3.192963807489419,3.133171319961548
MOTESANIB,5,NB4,3.2693095207214355,3.3163990139977506,3.273059129714966
MOTESANIB,5,NCIH1048,4.183408737182617,4.029690421587414,4.081424713134766
MOTESANIB,5,NCIH1341,3.0474040508270264,4.089525987800096,4.149235725402832
MOTESANIB,5,NCIH1437,3.756143093109131,4.100003628400815,4.161109924316406
MOTESANIB,5,NCIH1623,4.635233402252197,4.3002838420874,4.38808536529541
MOTESANIB,5,NCIH1944,4.034019470214844,4.2567777767868495,4.338780403137207
MOTESANIB,5,NCIH2030,3.9591174125671387,4.3425655103857785,4.436002731323242
MOTESANIB,5,NCIH2087,4.588567733764648,4.323103067866027,4.413946151733398
MOTESANIB,5,NCIH2122,0.7867739796638489,4.069690756364907,4.12675666809082
MOTESANIB,5,NCIH2291,6.048456192016602,4.584773116674581,4.710494041442871
MOTESANIB,5,NCIH2405,5.744169235229492,3.9589101767422568,4.0012102127075195
MOTESANIB,5,NCIH460,4.159135818481445,4.206871186676318,4.282221794128418
MOTESANIB,5,NCIH69,4.407339096069336,4.119832548511251,4.183581829071045
MOTESANIB,5,NCIH727,4.5252909660339355,4.13416556702637,4.199825286865234
MOTESANIB,5,NOMO1,4.32874059677124,3.685421120445381,3.691267967224121
MOTESANIB,5,NUDUL1,3.467073440551758,3.3054755834919454,3.2606797218322754
MOTESANIB,5,OCIM1,3.315389394760132,3.480920734273646,3.45950984954834
MOTESANIB,5,P31FUJ,3.4466285705566406,3.684223231007173,3.689910411834717
MOTESANIB,5,RERFLCKJ,4.26475191116333,4.218726799848209,4.295657634735107
MOTESANIB,5,RL,4.172820568084717,3.4756448875347328,3.453530788421631
MOTESANIB,5,SKLU1,1.7255009412765503,4.395473345794075,4.495962619781494
MOTESANIB,5,SUDHL1,4.976861000061035,3.4059937386879704,3.374595880508423
MOTESANIB,5,SUDHL6,2.7356760501861572,3.6201081658566583,3.6172494888305664
MOTESANIB,5,WSUDLCL2,3.545823097229004,3.689457212625222,3.6958420276641846
NAVITOCLAX,1,A549,2.17195200920105,2.354444889366393,2.4861602783203125
NAVITOCLAX,1,BL41,1.9493160247802734,0.30358176941883863,0.3205614984035492
NAVITOCLAX,1,BV173,-3.231868028640747,-1.5130861856589444,-1.5977400541305542
NAVITOCLAX,1,CAL12T,2.5819740295410156,2.209456498268164,2.3330605030059814
NAVITOCLAX,1,CORL279,-1.117779016494751,-0.5705006010022328,-0.6024214625358582
NAVITOCLAX,1,DMS114,2.7091939449310303,1.6158731937645892,1.7062691450119019
NAVITOCLAX,1,DND41,-1.9551249742507935,-0.8826133067097852,-0.9319953322410583
NAVITOCLAX,1,DOHH2,-1.0459840297698975,-0.0949124595410599,-0.1002265140414238
NAVITOCLAX,1,EBC1,-0.05490272864699364,1.899394163549751,2.0056517124176025
NAVITOCLAX,1,GA10,3.5636725425720215,-0.19659069359723103,-0.2075931429862976
NAVITOCLAX,1,GRANTA519,-0.6392170190811157,0.01587496950310569,0.01675892435014248
NAVITOCLAX,1,HCC33,1.6086245775222778,-0.5090537077058022,-0.5375369191169739
NAVITOCLAX,1,JURKAT,0.5564329028129578,-0.29136418734944625,-0.3076687455177307
NAVITOCLAX,1,KMH2,2.6510629653930664,0.532903916385655,0.562713086605072
NAVITOCLAX,1,L363,2.4101738929748535,1.2072616435820476,1.274797797203064
NAVITOCLAX,1,L428,-0.4366615116596222,0.4474647359970305,0.4724940061569214
NAVITOCLAX,1,LXF289,2.762836456298828,1.4142492027745743,1.4933652877807617
NAVITOCLAX,1,MOLT13,-2.0882749557495117,-1.7422628411814125,-1.8397380113601685
NAVITOCLAX,1,NALM6,-1.1000360250473022,-0.6533185646299644,-0.689872682094574
NAVITOCLAX,1,NCIH1341,-1.6103049516677856,1.3304937718693504,1.4049241542816162
NAVITOCLAX,1,NCIH1435,-0.2871219515800476,1.605037679639624,1.6948274374008179
NAVITOCLAX,1,NCIH1648,1.0271024703979492,1.7603402428725168,1.8588184118270874
NAVITOCLAX,1,NCIH1963,-3.078207015991211,-0.410830302762247,-0.43381839990615845
NAVITOCLAX,1,NCIH2023,2.5769379138946533,2.0492762602771633,2.163918972015381
NAVITOCLAX,1,NCIH2030,2.8197906017303467,2.1846023260687915,2.3068158626556396
NAVITOCLAX,1,NCIH2066,0.9605699777603149,1.5912840954052392,1.6803044080734253
NAVITOCLAX,1,NCIH2081,2.387655019760132,0.9212003451988446,0.9727327823638916
NAVITOCLAX,1,NCIH2122,1.1566979885101318,2.4707820496897215,2.609005928039551
NAVITOCLAX,1,NCIH2171,-0.9022607207298279,0.03962526770353296,0.04183793440461159
NAVITOCLAX,1,NCIH2196,-1.7002760171890259,1.0155090565833533,1.0723176002502441
NAVITOCLAX,1,NCIH2227,0.46091151237487793,0.15675967810125926,0.1655254364013672
NAVITOCLAX,1,NCIH2228,1.9877970218658447,1.6766033264944495,1.7703968286514282
NAVITOCLAX,1,NCIH23,1.9687241315841675,2.281776950784997,2.4094269275665283
NAVITOCLAX,1,NCIH292,1.7893290519714355,2.094811385097419,2.2120015621185303
NAVITOCLAX,1,NCIH526,-0.9932649731636047,0.40470975370354995,0.4273470938205719
NAVITOCLAX,1,OCIAML3,1.901515007019043,-0.10636346880052505,-0.11231815069913864
NAVITOCLAX,1,P31FUJ,0.4067144989967346,1.0567281516004052,1.1158427000045776
NAVITOCLAX,1,PF382,-0.1580670028924942,-1.5667889263982773,-1.6544471979141235
NAVITOCLAX,1,RS411,-3.1500325202941895,-1.5191122126745975,-1.6041032075881958
NAVITOCLAX,1,SW1271,2.7747154235839844,2.0533435857917937,2.1682138442993164
NAVITOCLAX,1,THP1,0.5032140016555786,-0.33590663999111503,-0.3547031283378601
NAVITOCLAX,2,ALLSIL,-2.6583070755004883,-2.2689256023713833,-2.0019783973693848
NAVITOCLAX,2,EHEB,-1.0371379852294922,0.9155846839539512,0.9354273676872253
NAVITOCLAX,2,EPLC272H,2.1409859657287598,1.6580918587533766,1.620319128036499
NAVITOCLAX,2,GDM1,-2.6339919567108154,-0.7837957143771553,-0.632088303565979
NAVITOCLAX,2,HCC366,0.35435086488723755,2.1009942105368635,2.0288541316986084
NAVITOCLAX,2,HCC78,3.0594000816345215,2.129016536256,2.054702043533325
NAVITOCLAX,2,HCC827,2.110140562057495,2.170959817004757,2.093390703201294
NAVITOCLAX,2,HL60,-2.1056950092315674,-0.1398837268377803,-0.0381411612033844
NAVITOCLAX,2,HT,2.158629894256592,-0.13121737790262894,-0.030147284269332886
NAVITOCLAX,2,JM1,-0.7840579748153687,0.759222334497026,0.7911980748176575
NAVITOCLAX,2,JURLMK1,0.0752328634262085,0.8253104905093125,0.8521580696105957
NAVITOCLAX,2,KCL22,0.704039990901947,1.0119833170166475,1.024345874786377
NAVITOCLAX,2,KG1,-2.30017352104187,-0.6123591906662788,-0.47395452857017517
NAVITOCLAX,2,KMS11,1.989248514175415,0.8307091965040565,0.8571378588676453
NAVITOCLAX,2,L1236,-2.3862979412078857,0.4771286218288163,0.530993640422821
NAVITOCLAX,2,LOUNH91,1.145208477973938,2.081496395510231,2.010869264602661
NAVITOCLAX,2,MOLM13,-0.3415369987487793,0.6281846055409943,0.6703283190727234
NAVITOCLAX,2,MOLM16,0.32099398970603943,0.09066293136926104,0.17451605200767517
NAVITOCLAX,2,MOLP8,1.528199553489685,1.0575448622568846,1.066372036933899
NAVITOCLAX,2,NB4,0.18463249504566193,-1.1198172961817505,-0.9420360326766968
NAVITOCLAX,2,NCIH1092,0.14270634949207306,-1.0401005851617025,-0.8685050010681152
NAVITOCLAX,2,NCIH1105,-2.5925049781799316,-0.8461625389289308,-0.6896157264709473
NAVITOCLAX,2,NCIH1155,-0.455051988363266,0.4038511408591977,0.4634021818637848
NAVITOCLAX,2,NCIH1568,3.742185115814209,2.0779278874865588,2.007577657699585
NAVITOCLAX,2,NCIH1651,2.898348093032837,1.8141315019762327,1.7642507553100586
NAVITOCLAX,2,NCIH1793,4.378100872039795,1.9523089609687623,1.8917062282562256
NAVITOCLAX,2,NCIH2291,2.22506046295166,1.7778152254050323,1.7307524681091309
NAVITOCLAX,2,NCIH2342,1.1329704523086548,2.3053172716454213,2.217322587966919
NAVITOCLAX,2,NCIH2347,2.242053508758545,1.5892311043459775,1.556801676750183
NAVITOCLAX,2,NCIH358,3.3064358234405518,2.516914599109926,2.4125008583068848
NAVITOCLAX,2,NCIH441,3.1656603813171387,2.1767755080472475,2.098755121231079
NAVITOCLAX,2,NCIH596,1.3360910415649414,2.4725429442569826,2.371572256088257
NAVITOCLAX,2,NCIH841,2.108186960220337,1.289125421093702,1.2799829244613647
NAVITOCLAX,2,OCILY19,-2.3240950107574463,-0.20044348694507513,-0.09400174021720886
NAVITOCLAX,2,OCIM1,-0.5007835030555725,1.0166755457873076,1.0286740064620972
NAVITOCLAX,2,SBC5,2.5430195331573486,0.9256116461178878,0.9446762800216675
NAVITOCLAX,2,SIGM5,0.356891006231308,0.8040157561881289,0.8325157165527344
NAVITOCLAX,2,SKMM2,-2.7632415294647217,0.5190716441024158,0.5696820616722107
NAVITOCLAX,2,SUDHL10,1.8802729845046997,0.6292799586394527,0.671338677406311
NAVITOCLAX,2,SUDHL5,2.789731025695801,0.6900713124878174,0.7274128794670105
NAVITOCLAX,2,SW1573,3.0785107612609863,1.4180576114171948,1.3989105224609375
NAVITOCLAX,3,697,-1.781980037689209,-1.542441206819837,-1.2875399589538574
NAVITOCLAX,3,A3KAW,2.226543426513672,0.8767933165821381,0.9173970818519592
NAVITOCLAX,3,AMO1,3.3735454082489014,0.7836468455677404,0.8325015902519226
NAVITOCLAX,3,CALU6,0.6898720264434814,1.5215254067307868,1.5050183534622192
NAVITOCLAX,3,CHAGOK1,2.5408945083618164,2.353259675997173,2.2630770206451416
NAVITOCLAX,3,COLO668,0.3629831373691559,-0.280340122597287,-0.13723666965961456
NAVITOCLAX,3,CORL95,-1.5506930351257324,-0.5668590068511745,-0.3983755111694336
NAVITOCLAX,3,DAUDI,1.959581971168518,-0.3668514174192479,-0.21608473360538483
NAVITOCLAX,3,EJM,1.125150442123413,0.3787762537901055,0.4634947180747986
NAVITOCLAX,3,HDLM2,-2.5409159660339355,0.9110770330709873,0.9486439228057861
NAVITOCLAX,3,HEL,-0.11579199880361557,-0.2921239872890622,-0.14797671139240265
NAVITOCLAX,3,IALM,1.6249505281448364,1.7013502634626958,1.6689141988754272
NAVITOCLAX,3,JEKO1,0.02106558158993721,0.1835366570157464,0.2855495810508728
NAVITOCLAX,3,JVM2,1.082252025604248,0.11498974253843114,0.22307460010051727
NAVITOCLAX,3,JVM3,-0.3088879883289337,-0.13062425778995665,-0.0007827406516298652
NAVITOCLAX,3,KNS62,2.295171022415161,1.5137314502728851,1.4979147911071777
NAVITOCLAX,3,KU812,0.4398669898509979,0.23729192353674994,0.3345431685447693
NAVITOCLAX,3,LAMA84,-0.04683699831366539,0.08707830384667098,0.19763557612895966
NAVITOCLAX,3,LP1,1.408262014389038,1.1651806269254998,1.1802388429641724
NAVITOCLAX,3,MHHCALL2,2.171461582183838,-0.8588939997311822,-0.6645418405532837
NAVITOCLAX,3,MM1S,-0.6992924809455872,0.5029833200459102,0.576699435710907
NAVITOCLAX,3,NCIH1437,3.3150064945220947,0.9426646022600841,0.977433443069458
NAVITOCLAX,3,NCIH1836,-1.1612850427627563,-0.32993093466123713,-0.18243469297885895
NAVITOCLAX,3,NCIH196,2.0641849040985107,0.9909222840282218,1.021416425704956
NAVITOCLAX,3,NCIH2444,1.8396861553192139,1.7343761877033548,1.699014663696289
NAVITOCLAX,3,NCIH446,1.6401604413986206,-0.049177356629358585,0.07344953715801239
NAVITOCLAX,3,NCIH650,4.106070041656494,2.4496826981070225,2.350958824157715
NAVITOCLAX,3,NCIH810,2.5286624431610107,0.28451073155879364,0.37757930159568787
NAVITOCLAX,3,OCIAML2,-2.64837908744812,0.14877279126852805,0.253865122795105
NAVITOCLAX,3,P12ICHIKAWA,-1.7882939577102661,-1.5810344296664565,-1.3227145671844482
NAVITOCLAX,3,RAJI,3.6066393852233887,0.09388377541758691,0.20383821427822113
NAVITOCLAX,3,RCHACV,0.3862999975681305,-0.7001076851833997,-0.5198209285736084
NAVITOCLAX,3,REH,-2.047804594039917,-2.289500873163104,-1.9684245586395264
NAVITOCLAX,3,RERFLCKJ,2.367464542388916,2.115100935218117,2.0460145473480225
NAVITOCLAX,3,RPMI8226,-1.3481504917144775,0.8946426788788192,0.9336653351783752
NAVITOCLAX,3,RPMI8402,-0.8122159838676453,-1.3713365983049601,-1.1315919160842896
NAVITOCLAX,3,SKMES1,3.307007074356079,2.243086675424966,2.162663221359253
NAVITOCLAX,3,SUDHL1,3.598475933074951,1.1974383908299013,1.2096391916275024
NAVITOCLAX,3,SUDHL4,0.45387399196624756,-0.17127698079032894,-0.03783441707491875
NAVITOCLAX,3,SUDHL8,-0.888338029384613,-0.386294715683544,-0.23380573093891144
NAVITOCLAX,3,WSUDLCL2,-0.185916006565094,-0.4663105726579087,-0.30673372745513916
NAVITOCLAX,4,ABC1,2.4376180171966553,1.259343635787435,1.2413665056228638
NAVITOCLAX,4,BEN,-0.4416349232196808,0.7827268202348112,0.7983378767967224
NAVITOCLAX,4,CALU3,0.33936598896980286,1.9298043914388656,1.8645784854888916
NAVITOCLAX,4,CMLT1,-1.3352710008621216,-0.8488445696216864,-0.7182532548904419
NAVITOCLAX,4,CORL88,-0.8531579971313477,-0.11460103562643685,-0.03575340285897255
NAVITOCLAX,4,DB,-0.9773774743080139,0.35411030997032034,0.3999268710613251
NAVITOCLAX,4,DMS273,2.5496275424957275,-0.03996004935763434,0.033627476543188095
NAVITOCLAX,4,DMS79,-1.3107019662857056,-0.6199126624988428,-0.5054546594619751
NAVITOCLAX,4,EM2,-1.7942994832992554,-1.252970910973617,-1.0938999652862549
NAVITOCLAX,4,HCC15,-0.5703726410865784,2.35598167327461,2.2607221603393555
NAVITOCLAX,4,K562,2.3642280101776123,0.9730490299077409,0.9752476811408997
NAVITOCLAX,4,KARPAS422,0.30656200647354126,1.113653480734491,1.1059434413909912
NAVITOCLAX,4,KOPN8,-1.1647100448608398,-1.145055308033346,-0.9935894012451172
NAVITOCLAX,4,LU65,3.966174602508545,1.4018013218254572,1.3737848997116089
NAVITOCLAX,4,MEG01,0.007258316036313772,-0.08523590659465022,-0.008457696065306664
NAVITOCLAX,4,MOLT16,-1.7866405248641968,-0.815241640286929,-0.6870183944702148
NAVITOCLAX,4,MONOMAC6,1.1652050018310547,-0.025488450375400255,0.04707923159003258
NAVITOCLAX,4,NAMALWA,2.4797544479370117,0.6442757670366878,0.669643759727478
NAVITOCLAX,4,NCIH146,-2.9857735633850098,0.209886244092593,0.26586657762527466
NAVITOCLAX,4,NCIH1623,2.378549098968506,1.778433786075353,1.7238752841949463
NAVITOCLAX,4,NCIH1650,1.3836499452590942,2.2200928054450486,2.1344096660614014
NAVITOCLAX,4,NCIH2009,2.9240028858184814,1.9207246225919148,1.8561385869979858
NAVITOCLAX,4,NCIH2087,1.8118809461593628,2.3737585215203656,2.2772462368011475
NAVITOCLAX,4,NCIH209,-1.877692461013794,-0.22097382153579506,-0.13462987542152405
NAVITOCLAX,4,NCIH2110,6.159334182739258,2.30055351841205,2.209200143814087
NAVITOCLAX,4,NCIH2170,-0.038617439568042755,0.9559827349084514,0.9593840837478638
NAVITOCLAX,4,NCIH2405,2.3944449424743652,2.028264717923549,1.9561001062393188
NAVITOCLAX,4,NCIH460,3.342432975769043,2.4639706335755847,2.361100912094116
NAVITOCLAX,4,NCIH522,3.006845474243164,1.694476286750056,1.6458344459533691
NAVITOCLAX,4,NCIH647,2.5474627017974854,1.8082744574842335,1.7516130208969116
NAVITOCLAX,4,NCIH727,3.9912824630737305,1.3854562245847637,1.3585916757583618
NAVITOCLAX,4,NCIH82,1.641337513923645,0.05097094800004412,0.11815037578344345
NAVITOCLAX,4,NCIH929,2.254686117172241,1.038761001835724,1.0363287925720215
NAVITOCLAX,4,NOMO1,0.949921190738678,-0.4881424193190306,-0.38297054171562195
NAVITOCLAX,4,NUDUL1,0.3401404917240143,0.3534238030614978,0.39928874373435974
NAVITOCLAX,4,PL21,1.610079050064087,-1.6436923488811677,-1.457086443901062
NAVITOCLAX,4,RL,-0.2243890017271042,0.2839896183752599,0.3347477316856384
NAVITOCLAX,4,SKLU1,1.3233890533447266,2.058763681871751,1.9844497442245483
NAVITOCLAX,4,SUDHL6,-1.115159511566162,0.8168051616956671,0.8300146460533142
NAVITOCLAX,4,SUPT1,0.46744048595428467,-1.1737942083131974,-1.0203030109405518
NAVITOCLAX,5,A4FUK,2.7260875701904297,1.027370866828495,0.9955480694770813
NAVITOCLAX,5,CA46,3.2268614768981934,0.2293178693155531,0.2652052342891693
NAVITOCLAX,5,CMK,-0.6631159782409668,1.424941647876985,1.3593872785568237
NAVITOCLAX,5,CORL105,1.5234639644622803,2.2213092283462803,2.0881876945495605
NAVITOCLAX,5,CORL23,1.7016379833221436,1.3791747676115667,1.3175034523010254
NAVITOCLAX,5,CORL311,-1.9186869859695435,0.3242322986539453,0.3520667254924774
NAVITOCLAX,5,DMS53,-2.0697379112243652,0.6734922308536405,0.6716939806938171
NAVITOCLAX,5,HARA,3.008707046508789,1.6141371766211088,1.532530665397644
NAVITOCLAX,5,HCC44,2.153434991836548,1.9490874280124943,1.8390623331069946
NAVITOCLAX,5,HH,0.5478410124778748,0.07320787010324398,0.12234026193618774
NAVITOCLAX,5,KMS12BM,-1.0749508142471313,0.397709154564698,0.41930949687957764
NAVITOCLAX,5,L540,0.6349520087242126,0.3207645828024772,0.3488932251930237
NAVITOCLAX,5,LCLC103H,2.7653872966766357,1.7317087172649788,1.6401269435882568
NAVITOCLAX,5,LCLC97TM1,3.877685546875,1.780104528978557,1.684416651725769
NAVITOCLAX,5,LOUCY,-3.7334394454956055,-1.437038542069034,-1.2597705125808716
NAVITOCLAX,5,ME1,-2.996201992034912,-0.7565369272799537,-0.6370055079460144
NAVITOCLAX,5,NCIH1048,-0.3216380476951599,1.0721525165415322,1.0365302562713623
NAVITOCLAX,5,NCIH1436,0.2534410059452057,-1.1565893143644606,-1.0031157732009888
NAVITOCLAX,5,NCIH1781,2.858140468597412,1.8243167418753403,1.7248777151107788
NAVITOCLAX,5,NCIH1792,1.640181064605713,2.3799420938282903,2.2333614826202393
NAVITOCLAX,5,NCIH1876,-1.0367029905319214,0.08743076439003264,0.13535642623901367
NAVITOCLAX,5,NCIH1915,2.113208532333374,1.7898058617767516,1.693294882774353
NAVITOCLAX,5,NCIH1944,1.6497119665145874,2.407965184822377,2.259006977081299
NAVITOCLAX,5,NCIH1975,2.83661150932312,2.6209742837658823,2.4539434909820557
NAVITOCLAX,5,NCIH2029,1.6254860162734985,-0.11694358449492956,-0.051677946001291275
NAVITOCLAX,5,NCIH2085,1.117376446723938,1.7695946649397158,1.6747984886169434
NAVITOCLAX,5,NCIH211,-1.1578949689865112,0.985048809009431,0.9568167924880981
NAVITOCLAX,5,NCIH2172,3.2399868965148926,1.5093623655647814,1.4366453886032104
NAVITOCLAX,5,NCIH524,-0.8798530101776123,1.231782531475314,1.1826165914535522
NAVITOCLAX,5,NCIH661,1.584867238998413,2.0390713408389303,1.9214116334915161
NAVITOCLAX,5,NCIH69,-1.115887999534607,-0.6228041406292303,-0.5146191716194153
NAVITOCLAX,5,NCIH838,2.5018534660339355,2.808639764507326,2.6256866455078125
NAVITOCLAX,5,OCIAML5,-1.2245509624481201,1.7282083384187321,1.6369235515594482
NAVITOCLAX,5,OPM2,1.0994269847869873,0.7135878643187282,0.7083877325057983
NAVITOCLAX,5,RERFLCMS,2.3493669033050537,2.1909106941905323,2.060368299484253
NAVITOCLAX,5,SHP77,1.3253437280654907,0.9726025471684582,0.9454265236854553
NAVITOCLAX,5,SKM1,0.04906483739614487,-0.04911514710999071,0.01039564236998558
NAVITOCLAX,5,ST486,-0.38733649253845215,0.17828970679743242,0.21850651502609253
NAVITOCLAX,5,SUPB15,-3.7644619941711426,-2.0296688852313602,-1.8021196126937866
NAVITOCLAX,5,SUPM2,1.1739239692687988,1.0269649729432277,0.9951766133308411
NU7441,1,BL41,1.7612639665603638,1.8918968031401844,1.86934232711792
NU7441,1,BV173,1.0015934705734253,1.7527834439565984,1.7288302183151245
NU7441,1,CALU6,4.179656982421875,2.994832655088346,2.983367919921875
NU7441,1,CMLT1,1.869089961051941,1.8654395583923276,1.8426190614700317
NU7441,1,CORL105,3.9055099487304688,2.795532607732015,2.7820639610290527
NU7441,1,CORL311,2.5652740001678467,2.7116928918386343,2.6973812580108643
NU7441,1,CORL88,4.13262414932251,3.4468113041683974,3.4398910999298096
NU7441,1,DAUDI,2.5639495849609375,1.9556877835601636,1.933774709701538
NU7441,1,DMS79,4.009806156158447,3.107289311326432,3.0969552993774414
NU7441,1,DND41,1.5898840427398682,2.052338852917551,2.031397581100464
NU7441,1,EBC1,2.0874340534210205,2.925610274517159,2.91344952583313
NU7441,1,EJM,2.7227935791015625,2.256061207176658,2.237168312072754
NU7441,1,HCC15,2.6898465156555176,2.8598551619521038,2.8470332622528076
NU7441,1,HH,1.4877874851226807,2.20997408917045,2.190617799758911
NU7441,1,KU812,2.325969934463501,1.8211382403793381,1.7978723049163818
NU7441,1,L363,1.9154164791107178,2.1550260702395927,2.135117292404175
NU7441,1,LU65,3.766650915145874,2.4102074592646283,2.392864465713501
NU7441,1,MOLM16,0.35888200998306274,2.0134400195182414,1.992107629776001
NU7441,1,MONOMAC6,1.3306939601898193,2.5002594128450792,2.4838218688964844
NU7441,1,NCIH1155,2.071716547012329,2.8565663441204316,2.8437113761901855
NU7441,1,NCIH1437,1.930956482887268,2.664446083743644,2.6496593952178955
NU7441,1,NCIH1836,4.609011650085449,3.4058558089039215,3.3985238075256348
NU7441,1,NCIH1915,2.9013195037841797,2.9210071569878804,2.9088001251220703
NU7441,1,NCIH1944,3.3654894828796387,3.263398751378661,3.254634380340576
NU7441,1,NCIH1975,3.0290074348449707,3.326043260241299,3.317908763885498
NU7441,1,NCIH2030,1.440248966217041,2.95488176821342,2.9430153369903564
NU7441,1,NCIH2081,3.106006383895874,3.145478828886785,3.135528802871704
NU7441,1,NCIH2110,2.145813465118408,3.3302871169696155,3.322195291519165
NU7441,1,NCIH2347,2.9182775020599365,3.2228374516053853,3.213665246963501
NU7441,1,NCIH460,1.8970584869384766,2.759377799832827,2.7455456256866455
NU7441,1,NCIH650,2.705878973007202,2.7380681108779927,2.7240216732025146
NU7441,1,NCIH838,1.0867325067520142,2.73494074796607,2.720862865447998
NU7441,1,NOMO1,1.6313749551773071,1.6461304311569194,1.6211048364639282
NU7441,1,OCIAML2,1.5375454425811768,1.787610025491126,1.7640069723129272
NU7441,1,P12ICHIKAWA,2.3807220458984375,1.848215929946728,1.8252222537994385
NU7441,1,RAJI,2.5949015617370605,1.944028448715799,1.921998143196106
NU7441,1,RL,2.3349664211273193,1.4879082685034999,1.461291790008545
NU7441,1,RS411,1.7217764854431152,1.5373278727041777,1.5112082958221436
NU7441,1,SUDHL6,0.16016599535942078,1.384616775458421,1.356961727142334
NU7441,1,SUDHL8,3.0326454639434814,1.779349623566245,1.755663514137268
NU7441,1,SW1271,4.180822849273682,2.7839411358838904,2.7703559398651123
NU7441,2,A549,1.3714874982833862,2.429664339206314,2.4441022872924805
NU7441,2,AMO1,2.806243419647217,2.290055651575609,2.2735953330993652
NU7441,2,DMS273,2.1391544342041016,2.548546205058908,2.5892951488494873
NU7441,2,DMS53,4.705128192901611,2.9776266519508567,3.113339900970459
NU7441,2,EHEB,1.9962819814682007,2.085341415516405,2.023573637008667
NU7441,2,GRANTA519,2.9339535236358643,1.752386765584426,1.616929292678833
NU7441,2,HEL,2.1187140941619873,1.946556139557563,1.8540723323822021
NU7441,2,IALM,2.3322179317474365,2.675897420220128,2.7448318004608154
NU7441,2,JEKO1,0.5403105020523071,1.690487993716784,1.5413310527801514
NU7441,2,JVM3,1.5033705234527588,2.1889524891823777,2.150115966796875
NU7441,2,K562,2.8268070220947266,2.754200200195483,2.8404645919799805
NU7441,2,KARPAS422,0.809551477432251,1.8019156218524284,1.677419900894165
NU7441,2,KG1,1.9045809507369995,2.230051429322816,2.2003109455108643
NU7441,2,KMH2,1.9686299562454224,2.302541133725686,2.288844108581543
NU7441,2,KMS12BM,1.7054510116577148,2.1465704089473086,2.098353862762451
NU7441,2,L540,1.4941425323486328,2.432065468548162,2.4470348358154297
NU7441,2,LP1,2.6621034145355225,1.6902677925868976,1.5410621166229248
NU7441,2,NB4,0.9862210154533386,1.9429070085992564,1.8496155738830566
NU7441,2,NCIH1048,3.026608467102051,2.5405922200968254,2.579580783843994
NU7441,2,NCIH1092,3.980699062347412,3.0134923014086707,3.1571433544158936
NU7441,2,NCIH1105,3.290550947189331,2.7735134790821854,2.8640522956848145
NU7441,2,NCIH1341,2.2540009021759033,2.618884848956264,2.675201177597046
NU7441,2,NCIH1436,3.7961626052856445,2.925473732218373,3.0496444702148438
NU7441,2,NCIH1623,3.5969009399414062,2.945353716672505,3.0739243030548096
NU7441,2,NCIH1648,2.3127501010894775,2.872269391133434,2.9846649169921875
NU7441,2,NCIH1792,2.3497846126556396,2.877146416690133,2.990621328353882
NU7441,2,NCIH1876,2.023871421813965,2.9086599704124043,3.029109477996826
NU7441,2,NCIH2066,4.438878059387207,2.8169463950284066,2.917097806930542
NU7441,2,NCIH2085,3.0090620517730713,2.771739376361964,2.8618855476379395
NU7441,2,NCIH2087,3.602945566177368,2.7915082841823144,2.8860297203063965
NU7441,2,NCIH209,2.8270366191864014,2.830337864274054,2.93345308303833
NU7441,2,NCIH441,5.548456192016602,2.8856372395131977,3.0009913444519043
NU7441,2,NCIH526,1.7165509462356567,2.911822823875545,3.0329723358154297
NU7441,2,NCIH727,3.9430015087127686,3.237213330739398,3.4303784370422363
NU7441,2,NCIH810,3.2755095958709717,3.1543060436269554,3.3291220664978027
NU7441,2,PF382,1.8015520572662354,1.8863222483071531,1.7805074453353882
NU7441,2,REH,2.1319704055786133,1.7281738163439797,1.587357521057129
NU7441,2,RERFLCKJ,1.5488770008087158,2.82641836224758,2.928666114807129
NU7441,2,SUPB15,1.5872869491577148,1.6686021878002544,1.514601469039917
NU7441,2,SUPM2,1.6553239822387695,2.202040401019361,2.16610050201416
NU7441,2,SW1573,4.547251224517822,2.6884943694315213,2.76021671295166
NU7441,3,697,0.9831969738006592,2.105808530511101,2.049741744995117
NU7441,3,A3KAW,1.9094635248184204,2.6577554868780133,2.6484158039093018
NU7441,3,ABC1,3.6768910884857178,2.856330756696164,2.863802194595337
NU7441,3,ALLSIL,2.5370395183563232,2.061817560992478,2.0020265579223633
NU7441,3,CHAGOK1,3.1114249229431152,3.2608906441655647,3.3026115894317627
NU7441,3,COLO668,4.031672954559326,3.0420020937819645,3.065192222595215
NU7441,3,DMS114,2.8255081176757812,3.038278955844471,3.0611538887023926
NU7441,3,DOHH2,1.6632615327835083,1.7773141447524403,1.6934374570846558
NU7441,3,GA10,1.4746885299682617,1.3887742133594632,1.272004246711731
NU7441,3,HARA,2.9625284671783447,2.3549360915761888,2.319960117340088
NU7441,3,HCC366,2.1146085262298584,2.786304418597637,2.7878475189208984
NU7441,3,HCC827,2.434868574142456,3.0314628745890846,3.0537607669830322
NU7441,3,JM1,2.2543039321899414,1.8992732893781283,1.8257215023040771
NU7441,3,JVM2,1.591372013092041,2.139475694414524,2.086259126663208
NU7441,3,KNS62,2.969420909881592,2.593941852207595,2.57919979095459
NU7441,3,KOPN8,1.6441915035247803,1.7213682711970109,1.6327552795410156
NU7441,3,L1236,2.5949389934539795,2.172857765042181,2.122467279434204
NU7441,3,LCLC97TM1,1.89833402633667,2.976116312380129,2.9937286376953125
NU7441,3,LOUCY,2.243102550506592,2.186073607842622,2.1368019580841064
NU7441,3,ME1,3.36159610748291,1.6236318338570044,1.5267446041107178
NU7441,3,MEG01,2.877150058746338,2.151812517932166,2.099640369415283
NU7441,3,NALM6,1.8641270399093628,1.9169220358735402,1.8448643684387207
NU7441,3,NCIH1650,2.9466099739074707,2.9575632684780073,2.973604917526245
NU7441,3,NCIH196,3.074589967727661,2.836642615125533,2.842447280883789
NU7441,3,NCIH2342,4.483598232269287,2.9833276116076264,3.0015504360198975
NU7441,3,NCIH2444,3.4293875694274902,3.0516104185855846,3.0756139755249023
NU7441,3,NCIH292,1.2804889678955078,2.65658236211875,2.6471433639526367
NU7441,3,NCIH358,3.5063436031341553,3.3530498481316178,3.4025728702545166
NU7441,3,NCIH522,3.574968099594116,2.694728589769505,2.68851900100708
NU7441,3,NCIH524,3.554234504699707,2.959582880673644,2.9757955074310303
NU7441,3,NCIH82,2.0664620399475098,2.751229592907007,2.749803304672241
NU7441,3,OCIAML5,2.0808990001678467,2.366625355502152,2.33263897895813
NU7441,3,PL21,0.9025704860687256,1.6940638308918667,1.6031392812728882
NU7441,3,RERFLCMS,2.708362102508545,2.784036641168122,2.7853877544403076
NU7441,3,SIGM5,2.507370948791504,2.0753620194037667,2.0167176723480225
NU7441,3,SKM1,0.6480265259742737,1.965694747197113,1.89776611328125
NU7441,3,ST486,1.8671884536743164,2.3763594114960096,2.3431971073150635
NU7441,3,SUDHL1,2.1815619468688965,1.9323000375075,1.8615442514419556
NU7441,3,SUDHL10,0.8315684795379639,2.0640668744010484,2.0044662952423096
NU7441,3,SUDHL5,0.7975710034370422,2.1389417764755603,2.0856800079345703
NU7441,3,SUPT1,2.179625988006592,2.117306999553976,2.062213659286499
NU7441,4,CA46,2.594860553741455,1.7503041378781847,1.6810412406921387
NU7441,4,CAL12T,1.5460660457611084,2.7461772631813943,2.7918343544006348
NU7441,4,CMK,1.9083009958267212,2.776517487675441,2.8256757259368896
NU7441,4,CORL23,3.394399404525757,2.6646412096557834,2.7008893489837646
NU7441,4,CORL279,2.4109630584716797,3.0986506386415757,3.1849818229675293
NU7441,4,EM2,2.097088098526001,1.5987882318325493,1.5120409727096558
NU7441,4,HCC44,0.603725016117096,2.8932818547865518,2.955914258956909
NU7441,4,HDLM2,3.318264961242676,2.0727801476383845,2.0407297611236572
NU7441,4,HL60,0.4357934892177582,1.8176736465122192,1.7561849355697632
NU7441,4,JURKAT,2.112438917160034,2.0692746088461935,2.0368196964263916
NU7441,4,KCL22,1.4212629795074463,2.0861020500581713,2.055588960647583
NU7441,4,KMS11,1.7863855361938477,2.092731365917989,2.062983274459839
NU7441,4,L428,2.2795679569244385,2.121566346255048,2.0951457023620605
NU7441,4,LCLC103H,3.2925150394439697,2.73772079210233,2.7824020385742188
NU7441,4,LXF289,1.9432655572891235,2.8670527295358097,2.9266583919525146
NU7441,4,MM1S,1.9652074575424194,1.847309022581434,1.7892401218414307
NU7441,4,MOLP8,1.5975769758224487,2.5427683747645164,2.564952850341797
NU7441,4,NCIH1435,2.0859274864196777,2.713476785068849,2.7553603649139404
NU7441,4,NCIH1781,3.809544563293457,3.3560685509707504,3.472104787826538
NU7441,4,NCIH1793,3.0772545337677,3.098110486414267,3.1843793392181396
NU7441,4,NCIH1963,3.9330430030822754,2.9906704249856535,3.0645411014556885
NU7441,4,NCIH2029,3.25107741355896,3.1427964871582588,3.234221935272217
NU7441,4,NCIH2170,2.6050424575805664,2.5781384061682613,2.6044044494628906
NU7441,4,NCIH2171,1.5661369562149048,3.0095295824305444,3.0855765342712402
NU7441,4,NCIH2172,3.644995927810669,2.842287380483173,2.8990352153778076
NU7441,4,NCIH2196,4.65888786315918,3.3003909760943166,3.4100022315979004
NU7441,4,NCIH2227,2.8166449069976807,2.802871871812294,2.8550713062286377
NU7441,4,NCIH2228,3.640510082244873,2.7831686062765275,2.833094358444214
NU7441,4,NCIH23,2.9281868934631348,2.5923924826534597,2.6203033924102783
NU7441,4,NCIH2405,5.402293682098389,2.524055423937544,2.5440804958343506
NU7441,4,NCIH647,1.9858180284500122,2.9618925165301504,3.032442331314087
NU7441,4,NCIH661,2.8768460750579834,2.8314995123549367,2.887002468109131
NU7441,4,NCIH841,3.253398895263672,2.6520593179249334,2.6868555545806885
NU7441,4,NCIH929,0.36955100297927856,2.223726296754106,2.209094524383545
NU7441,4,OCILY19,2.3385109901428223,1.5630763035203832,1.472208023071289
NU7441,4,OCIM1,1.72871994972229,1.939249899996525,1.8917906284332275
NU7441,4,RPMI8402,1.6757375001907349,2.091213082866713,2.0612897872924805
NU7441,4,SBC5,2.6883749961853027,2.5954568365635113,2.6237213611602783
NU7441,4,SKMM2,3.0344960689544678,2.3241909772433553,2.321152448654175
NU7441,4,THP1,1.5823664665222168,1.7957473563765267,1.731728434562683
NU7441,5,A4FUK,3.9079694747924805,1.8182358309375846,1.8236395120620728
NU7441,5,BEN,2.6498849391937256,3.2244089645412317,3.2780518531799316
NU7441,5,CALU3,4.063795566558838,3.0890613017096413,3.138061046600342
NU7441,5,CORL95,3.7921650409698486,3.4946743875006003,3.557588815689087
NU7441,5,DB,1.9581425189971924,1.7296529381244685,1.7320177555084229
NU7441,5,EPLC272H,1.3322454690933228,2.7857512287758874,2.824345827102661
NU7441,5,GDM1,1.5239310264587402,1.7982427043357576,1.8029605150222778
NU7441,5,HCC33,4.1110920906066895,3.045893307476114,3.093412160873413
NU7441,5,HCC78,3.346811056137085,2.7524350370400597,2.789886713027954
NU7441,5,HT,1.8889260292053223,1.8477608110007087,1.8541773557662964
NU7441,5,JURLMK1,2.2358078956604004,2.3088542814112802,2.3310887813568115
NU7441,5,LAMA84,1.5731329917907715,1.8932847412043743,1.9012629985809326
NU7441,5,LOUNH91,3.2659859657287598,2.87469729140662,2.9163432121276855
NU7441,5,MHHCALL2,1.5469510555267334,1.4994256333062108,1.4938924312591553
NU7441,5,MOLM13,1.914084553718567,2.0654675741505533,2.079352617263794
NU7441,5,MOLT13,1.7539629936218262,1.7760886539286314,1.7800464630126953
NU7441,5,MOLT16,1.6366130113601685,1.760486989209012,1.7639095783233643
NU7441,5,NAMALWA,1.862604022026062,1.6787088914456947,1.679326057434082
NU7441,5,NCIH146,2.35505747795105,3.57807274591008,3.643848180770874
NU7441,5,NCIH1568,3.7581424713134766,2.947054180908549,2.991182327270508
NU7441,5,NCIH1651,3.5522971153259277,2.9654897458108285,3.0102503299713135
NU7441,5,NCIH2009,3.4096086025238037,2.91782148858185,2.960946798324585
NU7441,5,NCIH2023,3.1226348876953125,2.6867578904609495,2.721956491470337
NU7441,5,NCIH211,3.102976083755493,3.249613249547923,3.3041207790374756
NU7441,5,NCIH2122,2.9403750896453857,3.0783065882785206,3.1269373893737793
NU7441,5,NCIH2291,3.051208972930908,3.52591667327064,3.589902877807617
NU7441,5,NCIH446,2.275317430496216,2.584186793504799,2.6158666610717773
NU7441,5,NCIH596,3.1005361080169678,2.8587936574955837,2.8998939990997314
NU7441,5,NCIH69,3.236232042312622,3.3512652998123325,3.4092600345611572
NU7441,5,NUDUL1,0.6441100239753723,2.0519999787241723,2.065423011779785
NU7441,5,OCIAML3,1.2755279541015625,1.8392473544002375,1.8453718423843384
NU7441,5,OPM2,1.7135200500488281,1.7093065536708498,1.7109733819961548
NU7441,5,P31FUJ,2.587332010269165,1.9214081001465722,1.9303511381149292
NU7441,5,RCHACV,0.9418320059776306,1.6613245711979638,1.661345362663269
NU7441,5,RPMI8226,2.4051458835601807,2.291716492499596,2.3133630752563477
NU7441,5,SHP77,3.2009739875793457,2.8148264822035496,2.8544185161590576
NU7441,5,SKLU1,2.561424970626831,2.75128432696101,2.788696527481079
NU7441,5,SKMES1,2.6658334732055664,2.7306616752738693,2.767366409301758
NU7441,5,SUDHL4,2.013944387435913,1.751199592486263,1.7543035745620728
NU7441,5,WSUDLCL2,1.2290680408477783,1.4281445378625606,1.420166015625
NUTLIN-3A (-),1,A549,1.6861070394515991,4.255485575711237,4.2367706298828125
NUTLIN-3A (-),1,ALLSIL,3.3851466178894043,2.717881705465162,2.6661760807037354
NUTLIN-3A (-),1,BL41,3.511749029159546,3.5412402044793594,3.5072004795074463
NUTLIN-3A (-),1,BV173,0.2830674946308136,0.9746941451283169,0.8855868577957153
NUTLIN-3A (-),1,DMS273,4.724742889404297,4.521821946025254,4.508821487426758
NUTLIN-3A (-),1,DMS53,5.222582817077637,4.595733262437738,4.5843186378479
NUTLIN-3A (-),1,DND41,4.008326053619385,3.426167171836666,3.3896584510803223
NUTLIN-3A (-),1,EBC1,4.720058441162109,4.160874945331974,4.140130043029785
NUTLIN-3A (-),1,EM2,4.061418056488037,3.2832484945657208,3.243673324584961
NUTLIN-3A (-),1,GDM1,1.2768820524215698,3.1218808143939825,3.078843355178833
NUTLIN-3A (-),1,HCC33,5.321680068969727,4.529341966969545,4.516502857208252
NUTLIN-3A (-),1,HCC44,4.3554511070251465,4.493312715217083,4.479700565338135
NUTLIN-3A (-),1,HCC827,4.587244987487793,4.781308650480707,4.773875713348389
NUTLIN-3A (-),1,KCL22,3.8882083892822266,3.737994323762161,3.7081761360168457
NUTLIN-3A (-),1,KMS11,3.9431440830230713,3.82932763667669,3.801469087600708
NUTLIN-3A (-),1,LXF289,4.292276382446289,4.524424940424991,4.511480331420898
NUTLIN-3A (-),1,ME1,4.6690993309021,3.2430432947496195,3.2026054859161377
NUTLIN-3A (-),1,MOLM13,0.8783599734306335,3.2580711992898537,3.2179558277130127
NUTLIN-3A (-),1,MOLT13,2.9342753887176514,2.6934328845007713,2.641202688217163
NUTLIN-3A (-),1,NALM6,0.6962040066719055,1.8170868072800483,1.7460538148880005
NUTLIN-3A (-),1,NCIH1648,3.946969509124756,4.789906561322594,4.782658100128174
NUTLIN-3A (-),1,NCIH1650,3.9575860500335693,4.5043119537476795,4.490935802459717
NUTLIN-3A (-),1,NCIH1915,4.747992038726807,4.379390163151534,4.363333702087402
NUTLIN-3A (-),1,NCIH1975,5.1270222663879395,4.994294372485186,4.99143123626709
NUTLIN-3A (-),1,NCIH2029,5.137491226196289,4.886102049303561,4.880917549133301
NUTLIN-3A (-),1,NCIH2081,4.993232727050781,4.716387374625995,4.707561492919922
NUTLIN-3A (-),1,NCIH211,3.742098569869995,4.810056426866042,4.8032402992248535
NUTLIN-3A (-),1,NCIH2196,5.876129150390625,4.834825487098406,4.828540802001953
NUTLIN-3A (-),1,NCIH2444,5.863656520843506,5.111383372006513,5.111032485961914
NUTLIN-3A (-),1,NCIH292,1.7120524644851685,4.534146489631327,4.5214104652404785
NUTLIN-3A (-),1,NCIH522,4.521843433380127,4.444824942205619,4.430172443389893
NUTLIN-3A (-),1,NCIH524,3.3821964263916016,5.0951898152037,5.094491481781006
NUTLIN-3A (-),1,NCIH647,4.745840072631836,4.718762093512556,4.709987163543701
NUTLIN-3A (-),1,NCIH838,4.802493572235107,4.625770398674593,4.615000247955322
NUTLIN-3A (-),1,NOMO1,3.8660778999328613,3.3571044926790004,3.3191139698028564
NUTLIN-3A (-),1,NUDUL1,2.4308974742889404,3.3141819272960285,3.275270462036133
NUTLIN-3A (-),1,PF382,3.5392699241638184,3.347820588244858,3.309630870819092
NUTLIN-3A (-),1,ST486,3.803184986114502,1.9706577583061957,1.9029197692871094
NUTLIN-3A (-),1,SUDHL5,0.7758225202560425,2.6402323191717776,2.5868606567382812
NUTLIN-3A (-),1,SUDHL8,4.314573764801025,2.5342933413932274,2.4786486625671387
NUTLIN-3A (-),1,SW1271,6.044585227966309,4.400140827438248,4.3845295906066895
NUTLIN-3A (-),2,A3KAW,0.8924974799156189,3.835164734341725,3.790955066680908
NUTLIN-3A (-),2,CORL23,3.7384910583496094,4.249616369826099,4.181387424468994
NUTLIN-3A (-),2,DMS79,5.007762432098389,4.7352727436317315,4.638897895812988
NUTLIN-3A (-),2,HARA,3.867570400238037,4.149066307923379,4.08666467666626
NUTLIN-3A (-),2,HCC78,4.564342975616455,4.653680849032505,4.562034606933594
NUTLIN-3A (-),2,HEL,3.9703919887542725,3.7583915974914515,3.7186312675476074
NUTLIN-3A (-),2,HL60,3.189054489135742,3.1904392437894504,3.183594226837158
NUTLIN-3A (-),2,JM1,1.920333981513977,3.3047809750604173,3.291309356689453
NUTLIN-3A (-),2,JURKAT,3.5106256008148193,3.5821078230070995,3.5525639057159424
NUTLIN-3A (-),2,JVM3,0.2420254945755005,3.273713654224551,3.26204252243042
NUTLIN-3A (-),2,K562,4.460346698760986,4.001452876615212,3.947606086730957
NUTLIN-3A (-),2,KARPAS422,4.692560195922852,3.0931195717978452,3.091914653778076
NUTLIN-3A (-),2,KOPN8,1.6607675552368164,0.807558601755167,0.9388118982315063
NUTLIN-3A (-),2,LCLC97TM1,5.046185493469238,4.322336587212522,4.2498931884765625
NUTLIN-3A (-),2,LOUCY,2.925230026245117,2.919616200287757,2.928466558456421
NUTLIN-3A (-),2,MOLM16,3.9316415786743164,3.3680061643760713,3.350870370864868
NUTLIN-3A (-),2,MOLT16,0.005297000054270029,1.9149424132755648,1.982017993927002
NUTLIN-3A (-),2,MONOMAC6,4.314247131347656,3.606698419601714,3.5757293701171875
NUTLIN-3A (-),2,NB4,3.904665470123291,2.1602290777400053,2.2130892276763916
NUTLIN-3A (-),2,NCIH1435,4.898723602294922,4.242056690521414,4.1742658615112305
NUTLIN-3A (-),2,NCIH1436,4.787761688232422,4.865758325705754,4.761821269989014
NUTLIN-3A (-),2,NCIH1568,5.751007080078125,3.9907718874724054,3.937544107437134
NUTLIN-3A (-),2,NCIH1781,5.041545867919922,4.547856474551625,4.462343215942383
NUTLIN-3A (-),2,NCIH1792,4.52594518661499,4.890214533625753,4.784860134124756
NUTLIN-3A (-),2,NCIH1793,5.01809549331665,4.761144714726501,4.663270473480225
NUTLIN-3A (-),2,NCIH1876,4.823702812194824,4.863867773164542,4.760040283203125
NUTLIN-3A (-),2,NCIH2085,4.0917277336120605,4.564242781758225,4.477779865264893
NUTLIN-3A (-),2,NCIH2087,3.928614616394043,4.260558290651636,4.191695213317871
NUTLIN-3A (-),2,NCIH2227,5.650783538818359,4.714245345059569,4.619089126586914
NUTLIN-3A (-),2,NCIH2228,5.1772379875183105,4.157271862741474,4.094394683837891
NUTLIN-3A (-),2,NCIH650,5.355279445648193,4.6652645959951915,4.572947025299072
NUTLIN-3A (-),2,NCIH661,3.8634815216064453,4.89565740149072,4.789987564086914
NUTLIN-3A (-),2,NCIH810,4.92745304107666,5.038841827514922,4.9248738288879395
NUTLIN-3A (-),2,OCILY19,0.035251498222351074,2.5908043171461363,2.61871075630188
NUTLIN-3A (-),2,OCIM1,3.833897590637207,3.90501090692788,3.856753349304199
NUTLIN-3A (-),2,RERFLCKJ,4.456696510314941,4.705921852157913,4.611248016357422
NUTLIN-3A (-),2,SBC5,4.13397741317749,3.9837603924788665,3.930938959121704
NUTLIN-3A (-),2,SIGM5,3.3479130268096924,3.4424881135214465,3.4210357666015625
NUTLIN-3A (-),2,SUDHL6,2.9289820194244385,3.7508309058427014,3.7115087509155273
NUTLIN-3A (-),2,SW1573,4.107854843139648,4.1678159323495025,4.10432767868042
NUTLIN-3A (-),2,WSUDLCL2,3.684530019760132,3.5729959671648968,3.543980121612549
NUTLIN-3A (-),3,697,0.5054064989089966,1.7099617096383006,1.6934982538223267
NUTLIN-3A (-),3,A4FUK,3.567193031311035,1.8874894448182542,1.8734503984451294
NUTLIN-3A (-),3,CAL12T,3.9083385467529297,3.6188842061782776,3.6284899711608887
NUTLIN-3A (-),3,COLO668,5.021295070648193,4.471520394659904,4.492770195007324
NUTLIN-3A (-),3,CORL105,3.1813204288482666,4.33766156483305,4.357083320617676
NUTLIN-3A (-),3,CORL311,5.337561130523682,3.9673543655317527,3.9817190170288086
NUTLIN-3A (-),3,CORL95,5.280206203460693,4.227143214769473,4.245055675506592
NUTLIN-3A (-),3,DAUDI,2.451792001724243,2.727303469686047,2.724733352661133
NUTLIN-3A (-),3,EJM,4.380341053009033,3.157026648127164,3.160325050354004
NUTLIN-3A (-),3,HCC15,5.056120872497559,4.7904730816916725,4.8160786628723145
NUTLIN-3A (-),3,HCC366,5.344211101531982,4.198962656075903,4.216490268707275
NUTLIN-3A (-),3,HT,4.839818477630615,2.395147702147276,2.3880414962768555
NUTLIN-3A (-),3,IALM,4.744051456451416,4.272747399033957,4.291282653808594
NUTLIN-3A (-),3,JURLMK1,3.6165294647216797,3.7395380738462958,3.750791549682617
NUTLIN-3A (-),3,JVM2,1.6130985021591187,3.0113277593406433,3.012636423110962
NUTLIN-3A (-),3,KG1,3.6511526107788086,3.6570022386207484,3.667128562927246
NUTLIN-3A (-),3,KNS62,4.933337211608887,4.436104414251217,4.4568705558776855
NUTLIN-3A (-),3,LOUNH91,5.506997585296631,4.222332301442608,4.240179061889648
NUTLIN-3A (-),3,MEG01,4.081717014312744,4.16399921293332,4.181049346923828
NUTLIN-3A (-),3,NCIH1048,4.48307991027832,4.235904656122054,4.253936767578125
NUTLIN-3A (-),3,NCIH1341,4.833114147186279,3.816121303494631,3.828420639038086
NUTLIN-3A (-),3,NCIH1437,3.7866430282592773,4.278038603991478,4.2966461181640625
NUTLIN-3A (-),3,NCIH1623,5.329571723937988,4.821677925295618,4.847709655761719
NUTLIN-3A (-),3,NCIH2122,2.8311829566955566,3.9626022538247043,3.9769020080566406
NUTLIN-3A (-),3,NCIH358,4.02947998046875,4.90594111690488,4.933123588562012
NUTLIN-3A (-),3,NCIH446,5.0275492668151855,4.292064907175903,4.310863971710205
NUTLIN-3A (-),3,NCIH727,5.64237642288208,4.594097780915343,4.617021560668945
NUTLIN-3A (-),3,OCIAML3,1.1853975057601929,3.271813054963464,3.276679039001465
NUTLIN-3A (-),3,OPM2,4.0415449142456055,2.4664018585949288,2.46026873588562
NUTLIN-3A (-),3,P31FUJ,3.7372825145721436,3.1979149424824054,3.2017717361450195
NUTLIN-3A (-),3,PL21,3.4625134468078613,3.229807765038198,3.234100103378296
NUTLIN-3A (-),3,RAJI,4.160658836364746,3.3912320886153466,3.39772891998291
NUTLIN-3A (-),3,RCHACV,0.5827400088310242,1.8210906557220468,1.8061448335647583
NUTLIN-3A (-),3,REH,1.773471474647522,2.896945907648677,2.8966925144195557
NUTLIN-3A (-),3,RERFLCMS,4.134206295013428,4.461763089074119,4.482879638671875
NUTLIN-3A (-),3,RL,4.731052398681641,2.68654148121017,2.6834146976470947
NUTLIN-3A (-),3,RPMI8226,3.9001336097717285,3.962701510958954,3.9770026206970215
NUTLIN-3A (-),3,RS411,0.5840805172920227,1.9194451851072498,1.9058425426483154
NUTLIN-3A (-),3,SUDHL10,3.2240889072418213,2.682541324617328,2.6793599128723145
NUTLIN-3A (-),3,SUPT1,4.644179344177246,3.060626331774925,3.062608242034912
NUTLIN-3A (-),3,THP1,4.710322380065918,3.732328054430939,3.743483066558838
NUTLIN-3A (-),4,AMO1,1.0484119653701782,3.3043507715285214,3.3587117195129395
NUTLIN-3A (-),4,BEN,3.8209574222564697,5.144849490913894,5.0334391593933105
NUTLIN-3A (-),4,CA46,4.780208110809326,2.8419881941328264,2.9379935264587402
NUTLIN-3A (-),4,CALU3,5.220479965209961,4.9067959885496855,4.816826820373535
NUTLIN-3A (-),4,CORL279,4.675802707672119,4.405364399587581,4.36055850982666
NUTLIN-3A (-),4,DMS114,4.795528888702393,4.862273329917101,4.7763142585754395
NUTLIN-3A (-),4,EHEB,2.880023956298828,3.3217603096117796,3.3745532035827637
NUTLIN-3A (-),4,GA10,4.277040004730225,2.9275418567038547,3.015841484069824
NUTLIN-3A (-),4,GRANTA519,1.9221374988555908,2.3083000671183207,2.45237398147583
NUTLIN-3A (-),4,HH,4.672770023345947,3.395584726919171,3.441728353500366
NUTLIN-3A (-),4,JEKO1,3.3357155323028564,2.2119384153173196,2.3646914958953857
NUTLIN-3A (-),4,KMH2,3.1844229698181152,3.1878608806757485,3.252713918685913
NUTLIN-3A (-),4,KMS12BM,3.5530009269714355,2.9489563431587134,3.035327196121216
NUTLIN-3A (-),4,L428,4.6389360427856445,3.306592337332842,3.3607513904571533
NUTLIN-3A (-),4,L540,1.0792690515518188,2.265724989856106,2.4136335849761963
NUTLIN-3A (-),4,LP1,4.353950500488281,3.565360999543875,3.5962131023406982
NUTLIN-3A (-),4,MOLP8,2.1637775897979736,3.13658548868151,3.206056833267212
NUTLIN-3A (-),4,NCIH1105,4.8259406089782715,4.6302195205730365,4.565161228179932
NUTLIN-3A (-),4,NCIH146,4.193402290344238,4.950510583016224,4.856604099273682
NUTLIN-3A (-),4,NCIH1836,5.988602161407471,4.8753847212494446,4.788244724273682
NUTLIN-3A (-),4,NCIH1944,2.819931983947754,4.719605461513906,4.646496295928955
NUTLIN-3A (-),4,NCIH2009,5.106454372406006,4.706146109995924,4.634249210357666
NUTLIN-3A (-),4,NCIH2023,4.176649570465088,4.936161941686452,4.843547821044922
NUTLIN-3A (-),4,NCIH209,4.395960807800293,4.638024519074393,4.572263240814209
NUTLIN-3A (-),4,NCIH2110,3.928795576095581,4.524432287628982,4.468902111053467
NUTLIN-3A (-),4,NCIH2171,3.7314488887786865,4.706183840618463,4.634283542633057
NUTLIN-3A (-),4,NCIH2172,4.943519592285156,4.704244381812667,4.632518768310547
NUTLIN-3A (-),4,NCIH23,4.000420093536377,5.133740966794669,5.023331165313721
NUTLIN-3A (-),4,NCIH2342,5.566284656524658,4.724332794096203,4.6507978439331055
NUTLIN-3A (-),4,NCIH2347,5.8975372314453125,4.696929357367895,4.6258625984191895
NUTLIN-3A (-),4,NCIH441,5.559101581573486,4.289670782081312,4.255285263061523
NUTLIN-3A (-),4,NCIH460,1.1723010540008545,4.342661869328231,4.303503513336182
NUTLIN-3A (-),4,NCIH69,5.507256507873535,5.015889367293731,4.9160943031311035
NUTLIN-3A (-),4,NCIH82,4.378170490264893,4.55567795941919,4.497333526611328
NUTLIN-3A (-),4,NCIH841,4.800590991973877,4.603863632656614,4.541179180145264
NUTLIN-3A (-),4,P12ICHIKAWA,3.4465320110321045,2.7978239764143638,2.8978071212768555
NUTLIN-3A (-),4,RPMI8402,3.3021080493927,2.2893852344066787,2.4351627826690674
NUTLIN-3A (-),4,SKM1,3.8044369220733643,3.599127286534266,3.6269381046295166
NUTLIN-3A (-),4,SUDHL1,4.976861000061035,2.5048435962524085,2.6312150955200195
NUTLIN-3A (-),4,SUPB15,-0.21328699588775635,1.06960988658703,1.3252509832382202
NUTLIN-3A (-),5,ABC1,3.981234073638916,4.586053995494842,4.618367671966553
NUTLIN-3A (-),5,CALU6,4.779769420623779,4.299760074996691,4.308064937591553
NUTLIN-3A (-),5,CHAGOK1,3.9926705360412598,4.808329580526811,4.859283447265625
NUTLIN-3A (-),5,CMK,3.3993780612945557,4.144721889861415,4.1400251388549805
NUTLIN-3A (-),5,CMLT1,1.6271934509277344,2.79650120023938,2.678741693496704
NUTLIN-3A (-),5,CORL88,5.322666168212891,4.9903969962869095,5.056619167327881
NUTLIN-3A (-),5,DB,3.149282455444336,3.837715663246507,3.8072731494903564
NUTLIN-3A (-),5,DOHH2,0.31648048758506775,3.391509646817204,3.323647975921631
NUTLIN-3A (-),5,EPLC272H,5.048256874084473,4.178680665907178,4.1768317222595215
NUTLIN-3A (-),5,HDLM2,4.455613613128662,3.5708991282888607,3.5180811882019043
NUTLIN-3A (-),5,KU812,3.1381030082702637,3.863835091323524,3.835582971572876
NUTLIN-3A (-),5,L1236,4.183867454528809,4.05426076806259,4.041977882385254
NUTLIN-3A (-),5,L363,3.7452099323272705,3.446575358034551,3.383331537246704
NUTLIN-3A (-),5,LAMA84,3.0180060863494873,3.8536455667540146,3.8245389461517334
NUTLIN-3A (-),5,LCLC103H,3.929363489151001,3.7268816515135303,3.6871445178985596
NUTLIN-3A (-),5,LU65,4.848196506500244,3.8703348122332404,3.842627763748169
NUTLIN-3A (-),5,MHHCALL2,2.5323314666748047,2.0790805366326914,1.9011576175689697
NUTLIN-3A (-),5,MM1S,1.4574464559555054,3.3813012046898816,3.3125834465026855
NUTLIN-3A (-),5,NAMALWA,3.990572929382324,3.811633190398704,3.779003381729126
NUTLIN-3A (-),5,NCIH1092,5.184531211853027,4.654376735278111,4.69242000579834
NUTLIN-3A (-),5,NCIH1155,4.010498046875,4.594540059974841,4.627565383911133
NUTLIN-3A (-),5,NCIH1651,4.8800578117370605,4.240112575271544,4.243415355682373
NUTLIN-3A (-),5,NCIH196,3.888110399246216,4.543987506125324,4.572773456573486
NUTLIN-3A (-),5,NCIH1963,4.5777997970581055,4.445148985818117,4.465646266937256
NUTLIN-3A (-),5,NCIH2030,4.191578388214111,4.675198367281295,4.714987754821777
NUTLIN-3A (-),5,NCIH2066,5.58698034286499,4.390187321168737,4.406075477600098
NUTLIN-3A (-),5,NCIH2170,4.745299339294434,4.55989761218861,4.590017795562744
NUTLIN-3A (-),5,NCIH2291,6.232835292816162,4.8330073147212556,4.886030673980713
NUTLIN-3A (-),5,NCIH2405,6.070629596710205,4.598398801825331,4.631747722625732
NUTLIN-3A (-),5,NCIH526,4.552740097045898,4.311765245172969,4.3210768699646
NUTLIN-3A (-),5,NCIH596,5.851844310760498,4.560837770817557,4.591036796569824
NUTLIN-3A (-),5,NCIH929,1.0357069969177246,3.7624781161396643,3.7257261276245117
NUTLIN-3A (-),5,OCIAML2,1.0991250276565552,2.817403341849068,2.7013967037200928
NUTLIN-3A (-),5,OCIAML5,0.573049008846283,3.659588598801412,3.614208221435547
NUTLIN-3A (-),5,SHP77,3.0055348873138428,4.140127123029069,4.135045051574707
NUTLIN-3A (-),5,SKLU1,4.680829048156738,4.493272613233186,4.517805576324463
NUTLIN-3A (-),5,SKMES1,4.721282005310059,4.553320461274824,4.582889080047607
NUTLIN-3A (-),5,SKMM2,5.470673084259033,3.542188654706376,3.4869630336761475
NUTLIN-3A (-),5,SUDHL4,3.693180561065674,2.637982844381463,2.506929874420166
NUTLIN-3A (-),5,SUPM2,0.7092509865760803,3.132184244781596,3.0425753593444824
OLAPARIB,1,A4FUK,3.6303229331970215,3.414363886653945,3.4326012134552
OLAPARIB,1,A549,3.2347230911254883,3.9940389009528725,4.024443626403809
OLAPARIB,1,ABC1,4.859859943389893,3.8573347517191805,3.8848700523376465
OLAPARIB,1,BV173,1.3066129684448242,1.5634915334737782,1.5428789854049683
OLAPARIB,1,CORL279,1.8438440561294556,3.8584988342042763,3.8860585689544678
OLAPARIB,1,CORL311,3.2829129695892334,3.367925518870875,3.385188102722168
OLAPARIB,1,CORL88,3.7056119441986084,3.860966175335174,3.888577699661255
OLAPARIB,1,DAUDI,2.8734850883483887,2.12077401423167,2.11185884475708
OLAPARIB,1,DMS53,4.071601867675781,3.976703062331297,4.006743907928467
OLAPARIB,1,EHEB,4.513337135314941,3.9243532104739636,3.9532952308654785
OLAPARIB,1,EM2,3.815643072128296,3.03222141043077,3.0424375534057617
OLAPARIB,1,HCC33,4.764308929443359,3.5636539042325146,3.585024833679199
OLAPARIB,1,JVM3,2.24908709526062,3.6662033829676908,3.6897268295288086
OLAPARIB,1,KMS12BM,3.415842056274414,3.3904979772975206,3.4082343578338623
OLAPARIB,1,L1236,4.1497907638549805,2.8666403095041093,2.8733808994293213
OLAPARIB,1,L428,3.8866350650787354,3.5917630518711214,3.6137239933013916
OLAPARIB,1,LCLC97TM1,3.125793933868408,3.7384801786130235,3.7635207176208496
OLAPARIB,1,ME1,3.9335389137268066,3.3916835433510477,3.409444808959961
OLAPARIB,1,MONOMAC6,3.3026649951934814,3.741333990458632,3.76643443107605
OLAPARIB,1,NCIH1048,1.6129440069198608,3.387840553289418,3.4055211544036865
OLAPARIB,1,NCIH1437,4.663337230682373,4.354096502345968,4.392058849334717
OLAPARIB,1,NCIH1651,1.5969610214233398,3.9499875444361314,3.9794676303863525
OLAPARIB,1,NCIH2023,3.167038917541504,3.7244999799735607,3.7492470741271973
OLAPARIB,1,NCIH2085,3.4979939460754395,3.8914424852910154,3.9196937084198
OLAPARIB,1,NCIH209,0.8144919872283936,3.6571106961462934,3.680443286895752
OLAPARIB,1,NCIH2170,4.501124858856201,3.646495711687917,3.6696054935455322
OLAPARIB,1,NCIH2196,3.702558994293213,3.81955893235479,3.846301317214966
OLAPARIB,1,NCIH2347,3.6950790882110596,4.155384703176988,4.189176082611084
OLAPARIB,1,NCIH2405,4.284059047698975,4.274611502457918,4.310905456542969
OLAPARIB,1,NCIH2444,4.85365104675293,4.154837806250189,4.188617706298828
OLAPARIB,1,NCIH441,5.296687126159668,3.8798210423550534,3.9078283309936523
OLAPARIB,1,NCIH460,2.7931559085845947,3.9982380045129515,4.028730869293213
OLAPARIB,1,NCIH524,3.035475015640259,3.8016673231585854,3.8280341625213623
OLAPARIB,1,NCIH650,4.849461078643799,3.651301959573222,3.6745126247406006
OLAPARIB,1,NCIH69,3.819581985473633,3.7393941643395365,3.764453887939453
OLAPARIB,1,OCIAML2,1.7784290313720703,2.859478808671026,2.8660690784454346
OLAPARIB,1,OCIM1,2.8607285022735596,3.578909806506096,3.6006009578704834
OLAPARIB,1,OPM2,3.7902181148529053,3.5109031036034843,3.5311667919158936
OLAPARIB,1,SHP77,3.806260108947754,3.9206942318462867,3.949559450149536
OLAPARIB,1,SUDHL8,1.4634560346603394,2.1823629680995995,2.1747405529022217
OLAPARIB,1,THP1,3.860685110092163,3.3487101015286305,3.3655693531036377
OLAPARIB,2,A3KAW,2.496955156326294,3.568177383337788,3.570279836654663
OLAPARIB,2,CA46,4.079376220703125,2.94693555678903,2.933633327484131
OLAPARIB,2,EBC1,4.300568103790283,3.925925091208468,3.9368984699249268
OLAPARIB,2,EPLC272H,4.2327880859375,3.7366331855218555,3.742912769317627
OLAPARIB,2,GRANTA519,3.692828893661499,3.0180083992109026,3.0064685344696045
OLAPARIB,2,HCC15,4.488855361938477,4.167903304079017,4.184876918792725
OLAPARIB,2,HDLM2,3.5369160175323486,3.9039876242179705,3.914417028427124
OLAPARIB,2,HL60,3.4739298820495605,3.495869636523424,3.4961791038513184
OLAPARIB,2,HT,4.060614585876465,3.055557123651464,3.0449483394622803
OLAPARIB,2,JVM2,3.1511659622192383,3.519310252963787,3.5202009677886963
OLAPARIB,2,K562,4.2492241859436035,3.460319605307409,3.459747552871704
OLAPARIB,2,KARPAS422,4.472655773162842,2.686501711731681,2.6667416095733643
OLAPARIB,2,KCL22,3.6340343952178955,3.245846631077904,3.2399563789367676
OLAPARIB,2,L540,2.4288530349731445,3.2333452016260362,3.227144956588745
OLAPARIB,2,LAMA84,3.2450339794158936,3.533100328879484,3.5343329906463623
OLAPARIB,2,LU65,5.92929220199585,3.353640663101587,3.3504233360290527
OLAPARIB,2,MOLM13,2.2769479751586914,3.2573990825687744,3.2517952919006348
OLAPARIB,2,MOLM16,2.0755369663238525,3.3585444526239927,3.3554487228393555
OLAPARIB,2,MOLT16,1.6349430084228516,3.0700304916170382,3.0597805976867676
OLAPARIB,2,NCIH1568,4.2579755783081055,3.9311522637575433,3.9422552585601807
OLAPARIB,2,NCIH1623,3.146622896194458,4.017879171166824,4.031132698059082
OLAPARIB,2,NCIH1781,4.285407066345215,3.8655692553502927,3.8750460147857666
OLAPARIB,2,NCIH1836,4.518640995025635,3.849135581353986,3.8582048416137695
OLAPARIB,2,NCIH1876,1.3801189661026,3.4951730834429573,3.4954652786254883
OLAPARIB,2,NCIH1944,4.533949375152588,3.6538217718815327,3.658047914505005
OLAPARIB,2,NCIH1963,3.6879215240478516,3.485253599911939,3.485299825668335
OLAPARIB,2,NCIH1975,4.496391773223877,4.4924500443453965,4.5174713134765625
OLAPARIB,2,NCIH2066,5.401173114776611,3.798815553856566,3.8066370487213135
OLAPARIB,2,NCIH2081,3.331890106201172,3.6258689152956602,3.629401922225952
OLAPARIB,2,NCIH2227,3.596898078918457,3.7166669590960866,3.7224514484405518
OLAPARIB,2,NCIH292,2.8764355182647705,3.7856654971540835,3.793160915374756
OLAPARIB,2,NCIH522,6.117648601531982,3.632474769726782,3.636171579360962
OLAPARIB,2,NCIH810,3.683518886566162,3.6764257801464253,3.6812124252319336
OLAPARIB,2,NCIH841,3.9966349601745605,3.745643706833307,3.7521467208862305
OLAPARIB,2,P12ICHIKAWA,3.0477566719055176,2.8184694392727314,2.8019816875457764
OLAPARIB,2,P31FUJ,3.2859749794006348,3.350554332718997,3.3472604751586914
OLAPARIB,2,REH,2.408996105194092,2.8637439936051257,2.848378896713257
OLAPARIB,2,RL,3.760345935821533,2.3426101522799887,2.3143227100372314
OLAPARIB,2,SUDHL6,3.0105090141296387,3.1902717457219314,3.1830034255981445
OLAPARIB,2,SUPB15,0.3340129852294922,2.2492713415484404,2.2186694145202637
OLAPARIB,2,SW1573,3.743604898452759,3.547791224276667,3.5493881702423096
OLAPARIB,3,697,0.6951836347579956,2.148145116333419,1.9112367630004883
OLAPARIB,3,CAL12T,3.714121103286743,3.737382251351473,3.7898507118225098
OLAPARIB,3,CALU6,4.357745170593262,3.5035643664994494,3.513458013534546
OLAPARIB,3,CHAGOK1,4.5495829582214355,3.772558150574563,3.8314316272735596
OLAPARIB,3,COLO668,3.925457000732422,3.592839222696984,3.618988513946533
OLAPARIB,3,CORL105,3.6286349296569824,3.747576027391072,3.801900625228882
OLAPARIB,3,DB,2.959984064102173,3.2901433116138405,3.261176109313965
OLAPARIB,3,DOHH2,0.24862700700759888,3.200513878770066,3.155226469039917
OLAPARIB,3,EJM,3.8657829761505127,3.482848457890059,3.4889700412750244
OLAPARIB,3,GA10,3.877859115600586,3.06909240465166,2.999875068664551
OLAPARIB,3,HCC827,4.050180912017822,3.875288766941184,3.9528679847717285
OLAPARIB,3,HEL,3.598891496658325,3.22066081086123,3.179041862487793
OLAPARIB,3,IALM,4.503911018371582,4.03266150007083,4.1388959884643555
OLAPARIB,3,KG1,4.2064127922058105,3.062786870128679,2.9924213886260986
OLAPARIB,3,KNS62,3.732089042663574,3.4994899621588953,3.5086417198181152
OLAPARIB,3,L363,3.8743364810943604,3.4455126261842706,3.444835901260376
OLAPARIB,3,LOUCY,3.2427849769592285,2.8305304940338734,2.717874526977539
OLAPARIB,3,MHHCALL2,2.7677578926086426,2.6705131596610543,2.5287203788757324
OLAPARIB,3,MM1S,3.2206454277038574,3.324993879704743,3.302372455596924
OLAPARIB,3,MOLP8,3.392080068588257,3.3571468012407766,3.3403799533843994
OLAPARIB,3,NCIH1092,4.870373249053955,3.6184913706920843,3.6493115425109863
OLAPARIB,3,NCIH1155,2.9632370471954346,3.830400936734165,3.8998067378997803
OLAPARIB,3,NCIH146,3.061906099319458,3.8933633013986073,3.974233627319336
OLAPARIB,3,NCIH1648,4.809979438781738,3.89638426215366,3.977804660797119
OLAPARIB,3,NCIH1793,5.372661113739014,4.190864805799576,4.325905799865723
OLAPARIB,3,NCIH196,4.580589771270752,3.8886606227389193,3.968674659729004
OLAPARIB,3,NCIH2228,4.738545894622803,3.429502825018974,3.4259109497070312
OLAPARIB,3,NCIH23,2.598694086074829,3.824992735259604,3.893413782119751
OLAPARIB,3,NOMO1,3.370598077774048,3.303871760989819,3.277404308319092
OLAPARIB,3,OCILY19,1.495224952697754,3.020055140233551,2.941908836364746
OLAPARIB,3,PF382,3.8372631072998047,2.7708254745553105,2.6472980976104736
OLAPARIB,3,PL21,4.570310115814209,3.2332704680547892,3.1939475536346436
OLAPARIB,3,RS411,2.0364019870758057,2.541696351532149,2.376447916030884
OLAPARIB,3,SBC5,3.4794886112213135,3.900397553454504,3.982548713684082
OLAPARIB,3,SIGM5,2.6304540634155273,3.443990447601123,3.4430365562438965
OLAPARIB,3,SKLU1,3.452787399291992,3.3981389272827642,3.388836145401001
OLAPARIB,3,SUDHL10,3.10319447517395,3.2503101147011444,3.214089870452881
OLAPARIB,3,SUDHL4,3.273993968963623,2.987048653073577,2.9028923511505127
OLAPARIB,3,SUDHL5,1.0164320468902588,3.1660511667034634,3.1144886016845703
OLAPARIB,3,SUPT1,3.2643001079559326,2.9324156125045686,2.8383114337921143
OLAPARIB,3,SW1271,4.535501956939697,3.854630139200697,3.928447723388672
OLAPARIB,4,AMO1,4.40307092666626,3.3575922833272744,3.3745129108428955
OLAPARIB,4,BEN,5.086228847503662,3.751759811139982,3.813220500946045
OLAPARIB,4,CALU3,4.531649112701416,3.8311794891115025,3.9016144275665283
OLAPARIB,4,CMK,3.0633394718170166,3.374401147743201,3.393221139907837
OLAPARIB,4,CMLT1,1.4169410467147827,2.639369351525547,2.575132369995117
OLAPARIB,4,CORL95,4.626766204833984,3.4346871077851833,3.4603192806243896
OLAPARIB,4,DMS114,3.7119369506835938,3.7297262920482073,3.7886972427368164
OLAPARIB,4,DND41,3.420628070831299,3.231288880647697,3.2339375019073486
OLAPARIB,4,GDM1,4.192355155944824,3.026318330208828,3.005805730819702
OLAPARIB,4,HCC44,3.1642885208129883,3.6442733053868444,3.6935882568359375
OLAPARIB,4,HCC78,4.763959884643555,3.8334197284964975,3.9041078090667725
OLAPARIB,4,JEKO1,3.4577174186706543,2.916725468185595,2.883829116821289
OLAPARIB,4,JURKAT,2.6650679111480713,3.0747225386761787,3.0596795082092285
OLAPARIB,4,JURLMK1,3.1844863891601562,3.423086832071317,3.4474081993103027
OLAPARIB,4,KMS11,4.038886070251465,3.3479985406330335,3.363835096359253
OLAPARIB,4,KOPN8,1.2810114622116089,1.9551757588041219,1.8136264085769653
OLAPARIB,4,LP1,3.730889081954956,3.040271092911221,3.0213351249694824
OLAPARIB,4,LXF289,4.084269046783447,4.067841351018556,4.165018558502197
OLAPARIB,4,MOLT13,2.2494070529937744,2.2282809259063647,2.1175918579101562
OLAPARIB,4,NAMALWA,3.1419010162353516,2.938723213709069,2.9083125591278076
OLAPARIB,4,NCIH1105,2.49530291557312,3.1632781861954746,3.1582417488098145
OLAPARIB,4,NCIH1436,4.480844974517822,3.4256875919081136,3.450302839279175
OLAPARIB,4,NCIH2030,4.026554107666016,3.6539799383235687,3.7043917179107666
OLAPARIB,4,NCIH2087,3.4920709133148193,3.6976903118890254,3.7530412673950195
OLAPARIB,4,NCIH211,2.163992404937744,3.523401915551472,3.559058666229248
OLAPARIB,4,NCIH2122,3.2415504455566406,4.033014604105912,4.126256465911865
OLAPARIB,4,NCIH2291,5.3564958572387695,3.9686423171842042,4.054610252380371
OLAPARIB,4,NCIH2342,4.26907205581665,4.326258469351375,4.452636241912842
OLAPARIB,4,NCIH446,3.707557439804077,2.985349025984583,2.960206985473633
OLAPARIB,4,NCIH647,2.7222704887390137,4.119224191026196,4.222207546234131
OLAPARIB,4,NCIH727,4.363997936248779,3.6200323214966024,3.6666080951690674
OLAPARIB,4,NCIH82,4.242812633514404,3.487832492223856,3.519469976425171
OLAPARIB,4,NCIH929,3.7275400161743164,3.502384837068016,3.5356667041778564
OLAPARIB,4,OCIAML3,3.8123679161071777,3.655446440410935,3.706023931503296
OLAPARIB,4,RAJI,3.7070178985595703,2.717421065382268,2.662003755569458
OLAPARIB,4,RPMI8226,3.100374937057495,3.73399105834347,3.7934439182281494
OLAPARIB,4,RPMI8402,2.949899911880493,2.6156326249992636,2.548713445663452
OLAPARIB,4,SKM1,3.027637481689453,3.0933050865982974,3.080361843109131
OLAPARIB,4,SUDHL1,4.284554958343506,3.2579292641699267,3.2635881900787354
OLAPARIB,4,SUPM2,1.3024330139160156,3.186544929435214,3.1841375827789307
OLAPARIB,5,ALLSIL,3.0693631172180176,2.6267827791840364,2.6258468627929688
OLAPARIB,5,BL41,3.0221939086914062,3.045511453581861,3.0314314365386963
OLAPARIB,5,CORL23,3.1534674167633057,4.038564320818573,3.993311882019043
OLAPARIB,5,DMS273,2.04447865486145,3.747333936551563,3.7112233638763428
OLAPARIB,5,DMS79,3.2405529022216797,4.054236877923499,4.008492469787598
OLAPARIB,5,HARA,3.7808170318603516,3.7713230014920227,3.734459400177002
OLAPARIB,5,HCC366,3.9729185104370117,3.847080832376597,3.8078391551971436
OLAPARIB,5,HH,4.835765838623047,3.407350803462669,3.3819124698638916
OLAPARIB,5,JM1,2.405493974685669,3.3006567055436316,3.2785675525665283
OLAPARIB,5,KMH2,3.4734175205230713,3.4850403818682802,3.4571633338928223
OLAPARIB,5,KU812,2.924823045730591,3.6947858749077027,3.660324811935425
OLAPARIB,5,LCLC103H,4.097171783447266,3.5714188857953744,3.540830373764038
OLAPARIB,5,LOUNH91,4.451174736022949,4.452395444193707,4.394152641296387
OLAPARIB,5,MEG01,3.1140758991241455,3.41397161702292,3.3883254528045654
OLAPARIB,5,NALM6,2.2974350452423096,1.48864023981349,1.5234311819076538
OLAPARIB,5,NB4,2.349273920059204,3.18966614317764,3.1710610389709473
OLAPARIB,5,NCIH1341,3.4622130393981934,3.4900661745396016,3.462031364440918
OLAPARIB,5,NCIH1435,3.704982042312622,3.8179202568070623,3.7795939445495605
OLAPARIB,5,NCIH1650,4.470430850982666,4.06286279027406,4.016847610473633
OLAPARIB,5,NCIH1792,3.3917484283447266,4.030244613095453,3.98525333404541
OLAPARIB,5,NCIH1915,3.939929962158203,4.139587725645148,4.0911641120910645
OLAPARIB,5,NCIH2009,3.6037750244140625,3.9059944550094396,3.864903450012207
OLAPARIB,5,NCIH2029,4.039730072021484,3.8062037453390003,3.768245220184326
OLAPARIB,5,NCIH2110,3.834649085998535,4.189392745192368,4.139405727386475
OLAPARIB,5,NCIH2171,2.8820579051971436,3.970343455924588,3.927232503890991
OLAPARIB,5,NCIH2172,5.027032375335693,3.9991429364873237,3.9551279544830322
OLAPARIB,5,NCIH358,4.723379135131836,4.475566568638193,4.416596412658691
OLAPARIB,5,NCIH526,2.855201005935669,3.441504680537269,3.414994239807129
OLAPARIB,5,NCIH596,3.963118553161621,4.160570126980936,4.111487865447998
OLAPARIB,5,NCIH661,5.217538833618164,4.2106542751837175,4.159999847412109
OLAPARIB,5,NCIH838,4.1581220626831055,3.9703850544632036,3.9272727966308594
OLAPARIB,5,NUDUL1,2.265810966491699,2.838119108644007,2.8305492401123047
OLAPARIB,5,OCIAML5,2.77559757232666,3.795249791697158,3.7576351165771484
OLAPARIB,5,RCHACV,1.5713474750518799,2.6243749868483097,2.6235146522521973
OLAPARIB,5,RERFLCKJ,5.036983966827393,4.086756104732144,4.0399909019470215
OLAPARIB,5,RERFLCMS,3.427949905395508,3.7220203642957754,3.686704397201538
OLAPARIB,5,SKMES1,4.334650993347168,4.003082736541058,3.958944082260132
OLAPARIB,5,SKMM2,4.797709941864014,3.558139844604639,3.527968168258667
OLAPARIB,5,ST486,3.482469081878662,1.89290074556465,1.9150017499923706
OLAPARIB,5,WSUDLCL2,2.5167605876922607,3.5400988783958125,3.510493516921997
PALBOCICLIB,1,A549,1.4889991283416748,3.1577797137831567,3.1785404682159424
PALBOCICLIB,1,BEN,1.8081190586090088,3.955454216051287,3.9344255924224854
PALBOCICLIB,1,BV173,0.09903199970722198,0.8477218785469405,0.9895042777061462
PALBOCICLIB,1,CMK,1.9712049961090088,2.9573403484965857,2.9886019229888916
PALBOCICLIB,1,CORL105,0.9424435496330261,2.579426877815069,2.6304869651794434
PALBOCICLIB,1,CORL88,4.847788333892822,3.505544000192475,3.5080857276916504
PALBOCICLIB,1,DMS53,3.072093963623047,3.4678372660816024,3.4723544120788574
PALBOCICLIB,1,EHEB,1.9867019653320312,1.3760039340367325,1.490110158920288
PALBOCICLIB,1,EJM,3.8504064083099365,1.5278663287784142,1.6340166330337524
PALBOCICLIB,1,GRANTA519,3.582771062850952,0.9707194422536221,1.106058120727539
PALBOCICLIB,1,HCC15,4.328616619110107,3.3980133353528985,3.406188488006592
PALBOCICLIB,1,HDLM2,2.232173442840576,2.392032953607639,2.4529104232788086
PALBOCICLIB,1,HL60,0.8921260237693787,0.6410920300389279,0.7936995625495911
PALBOCICLIB,1,K562,2.856861114501953,2.7079751697710805,2.75230073928833
PALBOCICLIB,1,KCL22,1.530921459197998,1.414095489789467,1.526206135749817
PALBOCICLIB,1,L540,2.2610321044921875,2.0515957517712575,2.1303083896636963
PALBOCICLIB,1,ME1,3.3842926025390625,0.6836742618784718,0.8340509533882141
PALBOCICLIB,1,NALM6,0.3954299986362457,0.5930320967441377,0.7481574416160583
PALBOCICLIB,1,NCIH1437,0.9984815120697021,3.5634690293791182,3.562976121902466
PALBOCICLIB,1,NCIH1568,5.782299995422363,3.3409047469821047,3.352071762084961
PALBOCICLIB,1,NCIH1781,4.752129554748535,2.963986352857348,2.9948997497558594
PALBOCICLIB,1,NCIH1876,4.4407196044921875,3.714122362074401,3.7057368755340576
PALBOCICLIB,1,NCIH1915,1.895946979522705,2.588445718334315,2.639033317565918
PALBOCICLIB,1,NCIH1963,4.180132865905762,3.2118157674102963,3.229745626449585
PALBOCICLIB,1,NCIH1975,2.770841598510742,3.0902931436643897,3.1145894527435303
PALBOCICLIB,1,NCIH2023,2.407521963119507,3.3456909268403208,3.35660719871521
PALBOCICLIB,1,NCIH2085,3.0417890548706055,3.1948348048391604,3.2136542797088623
PALBOCICLIB,1,NCIH209,1.5118584632873535,3.632412361385026,3.628307580947876
PALBOCICLIB,1,NCIH2122,1.6187820434570312,2.812836110882773,2.851668119430542
PALBOCICLIB,1,NCIH2196,5.442220211029053,3.7368060819743665,3.7272322177886963
PALBOCICLIB,1,NCIH2342,3.6758105754852295,3.4150242382806097,3.4223082065582275
PALBOCICLIB,1,NCIH647,2.959080934524536,3.7601379225343106,3.7493417263031006
PALBOCICLIB,1,NCIH69,3.5459964275360107,3.8746494708489467,3.857854127883911
PALBOCICLIB,1,NCIH810,4.746111869812012,3.571128980269272,3.570234775543213
PALBOCICLIB,1,NCIH838,0.25696951150894165,2.8513436866321205,2.8881583213806152
PALBOCICLIB,1,NCIH841,1.2463326454162598,3.2142932690169754,3.232093334197998
PALBOCICLIB,1,OCIAML5,0.6808810234069824,2.316137923684342,2.3809914588928223
PALBOCICLIB,1,PL21,0.6270018815994263,1.1705971113548665,1.2954643964767456
PALBOCICLIB,1,SHP77,1.7733299732208252,3.3475970456757222,3.3584134578704834
PALBOCICLIB,1,SUDHL10,-0.23044849932193756,0.9429703927003139,1.0797628164291382
PALBOCICLIB,1,SW1271,2.3768293857574463,3.081821280751818,3.1065614223480225
PALBOCICLIB,2,A3KAW,0.6165364980697632,2.4037626537522185,2.4244558811187744
PALBOCICLIB,2,CORL95,4.36765718460083,3.842422400596848,3.86580753326416
PALBOCICLIB,2,EBC1,1.4803210496902466,2.7956028303145013,2.8170292377471924
PALBOCICLIB,2,EPLC272H,3.492993116378784,2.955304333855909,2.97702956199646
PALBOCICLIB,2,HARA,1.1465853452682495,3.1538411765707948,3.1759378910064697
PALBOCICLIB,2,HCC78,1.0728850364685059,2.927824604728757,2.949498414993286
PALBOCICLIB,2,HT,2.125473976135254,1.0423668888806572,1.0605127811431885
PALBOCICLIB,2,IALM,5.082275867462158,2.413316805898995,2.434027910232544
PALBOCICLIB,2,JM1,0.5192750096321106,0.6546517415430485,0.672072172164917
PALBOCICLIB,2,JVM2,1.3650020360946655,1.620665454205307,1.6398934125900269
PALBOCICLIB,2,JVM3,0.9007980227470398,2.3915184513945427,2.412188768386841
PALBOCICLIB,2,KOPN8,0.2958313226699829,0.309016312651212,0.32579001784324646
PALBOCICLIB,2,L1236,3.171961545944214,1.9994148383864472,2.0193514823913574
PALBOCICLIB,2,L428,3.2515065670013428,2.2238186651577787,2.2441751956939697
PALBOCICLIB,2,MHHCALL2,2.614732027053833,1.4833423650930744,1.5023133754730225
PALBOCICLIB,2,MM1S,2.3437039852142334,1.9212047935494874,1.9409950971603394
PALBOCICLIB,2,MOLM16,0.8805354833602905,1.6252899893918247,1.6445266008377075
PALBOCICLIB,2,MONOMAC6,2.152620553970337,2.1863364421820335,2.206622838973999
PALBOCICLIB,2,NCIH1048,3.9747469425201416,2.3828714534767066,2.4035255908966064
PALBOCICLIB,2,NCIH1105,4.327730655670166,2.6178743731658747,2.6389682292938232
PALBOCICLIB,2,NCIH1435,4.287580966949463,2.7476554933901993,2.7689921855926514
PALBOCICLIB,2,NCIH146,2.870910882949829,3.9292824180179244,3.9528300762176514
PALBOCICLIB,2,NCIH1623,3.372220039367676,2.9859712394227786,3.007753849029541
PALBOCICLIB,2,NCIH1651,3.748025894165039,2.9376966892076073,2.9593889713287354
PALBOCICLIB,2,NCIH196,3.0411036014556885,3.335563777627748,3.3580005168914795
PALBOCICLIB,2,NCIH2009,4.292317867279053,3.0449893323503736,3.066882371902466
PALBOCICLIB,2,NCIH2029,4.307912826538086,3.8243535636883976,3.8477048873901367
PALBOCICLIB,2,NCIH211,1.0500149726867676,3.5770298142381654,3.5999183654785156
PALBOCICLIB,2,NCIH2170,1.8890299797058105,2.978939128335371,3.00070858001709
PALBOCICLIB,2,NCIH2444,3.883344888687134,3.1751193214360907,3.197255849838257
PALBOCICLIB,2,NCIH358,2.3970463275909424,3.20053891568393,3.2227230072021484
PALBOCICLIB,2,NCIH441,2.7466835975646973,2.4939362114366137,2.514798164367676
PALBOCICLIB,2,NCIH460,0.6316275000572205,2.2944569944440247,2.314945697784424
PALBOCICLIB,2,NCIH650,3.2084872722625732,2.160861876101328,2.181100606918335
PALBOCICLIB,2,RL,1.333801507949829,1.1670633525381764,1.185442566871643
PALBOCICLIB,2,RPMI8402,-1.540902018547058,1.4172066096758407,1.4360538721084595
PALBOCICLIB,2,ST486,1.9474685192108154,1.5306462222075508,1.5497057437896729
PALBOCICLIB,2,SUDHL5,0.6707894802093506,1.6363019659894122,1.6555591821670532
PALBOCICLIB,2,SUPB15,1.7490555047988892,0.592468127746259,0.6097722053527832
PALBOCICLIB,2,SUPT1,2.526287078857422,1.4716343165858194,1.4905834197998047
PALBOCICLIB,2,THP1,2.338123083114624,0.8111227575036926,0.8288359642028809
PALBOCICLIB,3,697,-1.5424449443817139,1.401346102291689,1.437245488166809
PALBOCICLIB,3,A4FUK,1.2876604795455933,1.6920019515441718,1.7260266542434692
PALBOCICLIB,3,AMO1,2.2449300289154053,2.1703730167750224,2.201312303543091
PALBOCICLIB,3,CALU3,4.827610015869141,2.744998773587475,2.7722318172454834
PALBOCICLIB,3,CHAGOK1,4.558003902435303,3.1972119498259732,3.2215282917022705
PALBOCICLIB,3,CORL23,1.9255143404006958,2.663767293642892,2.6915242671966553
PALBOCICLIB,3,CORL311,4.426292896270752,3.550611553597144,3.572648525238037
PALBOCICLIB,3,DMS79,4.231515407562256,4.048833472951912,4.067656993865967
PALBOCICLIB,3,DND41,1.4825409650802612,1.3480658996546908,1.384308934211731
PALBOCICLIB,3,DOHH2,0.1339409351348877,0.7441877681311366,0.7843257188796997
PALBOCICLIB,3,HCC33,4.3340630531311035,3.4570131692284227,3.479653835296631
PALBOCICLIB,3,HCC44,3.2775895595550537,2.442717755815367,2.471900463104248
PALBOCICLIB,3,HCC827,3.337791919708252,3.5560743869411273,3.578076124191284
PALBOCICLIB,3,JURLMK1,-1.3133740425109863,2.2183053299367734,2.2489354610443115
PALBOCICLIB,3,KARPAS422,1.5143954753875732,0.9951980612553748,1.0337170362472534
PALBOCICLIB,3,KG1,1.8704334497451782,2.104585289448585,2.135948896408081
PALBOCICLIB,3,KMS12BM,4.1785407066345215,1.7852022317829712,1.818625807762146
PALBOCICLIB,3,LCLC103H,2.9839630126953125,3.135029476536874,3.1597468852996826
PALBOCICLIB,3,LCLC97TM1,2.270002603530884,2.4072401747519874,2.4366517066955566
PALBOCICLIB,3,MEG01,3.2448151111602783,2.5263714558247057,2.5550146102905273
PALBOCICLIB,3,NCIH1092,4.2433929443359375,3.5665959503410956,3.5885298252105713
PALBOCICLIB,3,NCIH1341,3.4334049224853516,2.9998744442432255,3.025463581085205
PALBOCICLIB,3,NCIH1792,1.3918304443359375,3.270323689297885,3.294168472290039
PALBOCICLIB,3,NCIH2228,4.657900810241699,3.011006481969005,3.0365238189697266
PALBOCICLIB,3,NCIH522,3.935699462890625,3.075083969311144,3.1001880168914795
PALBOCICLIB,3,NCIH661,1.186929702758789,3.126521470553526,3.1512937545776367
PALBOCICLIB,3,NCIH82,3.0309510231018066,3.307603177480965,3.331207513809204
PALBOCICLIB,3,NOMO1,1.5410255193710327,0.8083918377086784,0.8481156826019287
PALBOCICLIB,3,OCIAML3,0.8259180188179016,1.3794386167961654,1.415479302406311
PALBOCICLIB,3,RAJI,2.676600933074951,2.287899403079256,2.3180806636810303
PALBOCICLIB,3,REH,0.6807184815406799,1.2771614904052537,1.3138618469238281
PALBOCICLIB,3,RS411,-0.40347549319267273,0.6062776824826772,0.6473051309585571
PALBOCICLIB,3,SIGM5,-1.2262660264968872,1.6009684472192531,1.63558030128479
PALBOCICLIB,3,SKLU1,1.942820429801941,2.659314718518903,2.687100410461426
PALBOCICLIB,3,SKM1,0.7306789755821228,1.2863177654102917,1.322959065437317
PALBOCICLIB,3,SKMES1,2.217633008956909,2.7913792245381326,2.8183131217956543
PALBOCICLIB,3,SKMM2,3.466576099395752,2.387623647742517,2.417161703109741
PALBOCICLIB,3,SUDHL1,1.2701685428619385,1.8443992840471424,1.8774410486221313
PALBOCICLIB,3,SUDHL8,2.680510997772217,1.1765612486797385,1.213910460472107
PALBOCICLIB,3,SUPM2,1.9414600133895874,1.4979862997712527,1.5332623720169067
PALBOCICLIB,3,SW1573,2.9754693508148193,2.154771126349995,2.1858110427856445
PALBOCICLIB,4,ALLSIL,1.7106125354766846,0.7290597414072758,0.6863759756088257
PALBOCICLIB,4,CA46,3.3885724544525146,1.475707334952774,1.43692147731781
PALBOCICLIB,4,CAL12T,3.8894131183624268,2.894813333045222,2.863435983657837
PALBOCICLIB,4,CMLT1,0.20453152060508728,0.9952563999275833,0.9539623260498047
PALBOCICLIB,4,DAUDI,2.9303998947143555,1.750047225639943,1.7126935720443726
PALBOCICLIB,4,DMS273,3.4413435459136963,3.050999451578557,3.020437479019165
PALBOCICLIB,4,GDM1,2.6012380123138428,0.5564071386408596,0.5128220319747925
PALBOCICLIB,4,HCC366,3.2575020790100098,2.430662737405286,2.396862268447876
PALBOCICLIB,4,HEL,0.2314130961894989,1.3082779182518223,1.2686179876327515
PALBOCICLIB,4,JEKO1,0.5465354919433594,1.6331642658981855,1.5952004194259644
PALBOCICLIB,4,JURKAT,1.5078200101852417,1.054037047724791,1.013049840927124
PALBOCICLIB,4,KNS62,1.174725890159607,3.0839200866655814,3.053529977798462
PALBOCICLIB,4,KU812,1.1007695198059082,1.3829476346760645,1.3436775207519531
PALBOCICLIB,4,L363,2.4798269271850586,2.152406998841411,2.1171538829803467
PALBOCICLIB,4,LOUNH91,3.3807995319366455,3.013132657095964,2.982372999191284
PALBOCICLIB,4,MOLM13,-1.412693977355957,1.575044876967135,1.5367776155471802
PALBOCICLIB,4,NB4,-1.2053710222244263,0.7020120480040217,0.6591870784759521
PALBOCICLIB,4,NCIH1155,3.809638500213623,3.5123117097538934,3.4841580390930176
PALBOCICLIB,4,NCIH1436,4.437455654144287,3.731823326297242,3.704815626144409
PALBOCICLIB,4,NCIH1648,5.3365325927734375,3.2852494561932866,3.2559103965759277
PALBOCICLIB,4,NCIH1944,1.9491093158721924,2.88326098885802,2.851823329925537
PALBOCICLIB,4,NCIH2030,1.9046931266784668,2.805898445124984,2.774056911468506
PALBOCICLIB,4,NCIH2081,4.418533802032471,3.9086083226164052,3.882523536682129
PALBOCICLIB,4,NCIH2087,4.368855953216553,2.9195875340304167,2.8883395195007324
PALBOCICLIB,4,NCIH2227,4.8455281257629395,3.674552568723118,3.6472458839416504
PALBOCICLIB,4,NCIH2291,3.155041456222534,2.6967914437501435,2.6643803119659424
PALBOCICLIB,4,NCIH23,2.618976593017578,2.3046578207078587,2.2701995372772217
PALBOCICLIB,4,NCIH2347,1.6962225437164307,3.4559778146336146,3.42753005027771
PALBOCICLIB,4,NCIH446,4.212732315063477,2.8465241216488755,2.814894676208496
PALBOCICLIB,4,NCIH596,5.393075942993164,2.9949176791895282,2.9640629291534424
PALBOCICLIB,4,NCIH727,2.9985404014587402,3.5418857298475612,3.5138864517211914
PALBOCICLIB,4,NCIH929,2.073625087738037,1.5533744182784017,1.5149940252304077
PALBOCICLIB,4,NUDUL1,0.7091140151023865,1.554111930632891,1.515735387802124
PALBOCICLIB,4,OCIAML2,1.3276159763336182,1.036574287355664,0.9954959154129028
PALBOCICLIB,4,OCILY19,0.47683000564575195,1.0075923880508633,0.966362714767456
PALBOCICLIB,4,OCIM1,2.2512850761413574,1.4603722010753486,1.4215062856674194
PALBOCICLIB,4,OPM2,2.670811414718628,1.9380076865414577,1.9016352891921997
PALBOCICLIB,4,RERFLCMS,2.4079554080963135,2.6059577666522826,2.5730724334716797
PALBOCICLIB,4,SBC5,1.882981538772583,2.7632636137032383,2.7311995029449463
PALBOCICLIB,4,SUDHL6,-0.4735009968280792,1.499617132086566,1.46095609664917
PALBOCICLIB,5,ABC1,2.346066951751709,3.1654266316130837,3.135308027267456
PALBOCICLIB,5,BL41,1.5789974927902222,1.12695612056877,1.1548911333084106
PALBOCICLIB,5,CALU6,2.489241600036621,2.7458717620154447,2.7277016639709473
PALBOCICLIB,5,COLO668,4.025798797607422,3.4676521552110846,3.428926467895508
PALBOCICLIB,5,CORL279,3.711009979248047,3.255306407777755,3.222628116607666
PALBOCICLIB,5,DB,0.8019390106201172,1.600276469694436,1.614731788635254
PALBOCICLIB,5,DMS114,3.8830509185791016,3.059595856010461,3.0324912071228027
PALBOCICLIB,5,EM2,1.0740950107574463,0.8420251413512251,0.8780747056007385
PALBOCICLIB,5,GA10,0.45204150676727295,1.360160650175825,1.3814542293548584
PALBOCICLIB,5,HH,2.4205191135406494,1.4761531385884876,1.4941433668136597
PALBOCICLIB,5,KMH2,2.4988694190979004,2.0246801015139133,2.0270488262176514
PALBOCICLIB,5,KMS11,2.7782344818115234,2.034689538943922,2.036773204803467
PALBOCICLIB,5,LAMA84,1.039250135421753,0.4870936852893123,0.5332513451576233
PALBOCICLIB,5,LOUCY,1.5779509544372559,1.4224097457392724,1.4419305324554443
PALBOCICLIB,5,LP1,3.4311320781707764,2.3068573013468137,2.30118989944458
PALBOCICLIB,5,LU65,4.279881477355957,1.643730660515358,1.656948447227478
PALBOCICLIB,5,LXF289,1.8253024816513062,2.948088803953181,2.9241597652435303
PALBOCICLIB,5,MOLP8,1.9861584901809692,2.433138378268913,2.423874616622925
PALBOCICLIB,5,MOLT13,0.17993800342082977,0.9103977686152706,0.9445001482963562
PALBOCICLIB,5,MOLT16,-0.7884014844894409,1.109937475617806,1.138357162475586
PALBOCICLIB,5,NAMALWA,1.9791685342788696,1.243157450799976,1.2677831649780273
PALBOCICLIB,5,NCIH1650,3.1093928813934326,3.641578124851121,3.5978991985321045
PALBOCICLIB,5,NCIH1793,1.5169873237609863,2.7703285868713996,2.751461982727051
PALBOCICLIB,5,NCIH1836,5.1856689453125,3.033417988059975,3.00705885887146
PALBOCICLIB,5,NCIH2066,5.989119529724121,3.1612932323772087,3.1312923431396484
PALBOCICLIB,5,NCIH2110,3.336752414703369,2.773201818377285,2.754253387451172
PALBOCICLIB,5,NCIH2171,3.4219648838043213,3.782969680378608,3.7352640628814697
PALBOCICLIB,5,NCIH2172,4.6599884033203125,2.7353342075542892,2.7174642086029053
PALBOCICLIB,5,NCIH2405,3.9263994693756104,3.2448083639309186,3.2124290466308594
PALBOCICLIB,5,NCIH292,2.0046770572662354,3.325795552390836,3.291109800338745
PALBOCICLIB,5,NCIH524,3.1257808208465576,3.7220575651059074,3.676086664199829
PALBOCICLIB,5,NCIH526,3.9714064598083496,3.3357782403987284,3.3008081912994385
PALBOCICLIB,5,P12ICHIKAWA,-0.17164599895477295,0.7968470852490344,0.8341832756996155
PALBOCICLIB,5,P31FUJ,2.9543330669403076,1.3243240321733547,1.3466382026672363
PALBOCICLIB,5,PF382,1.2126350402832031,0.9282139880788863,0.961808979511261
PALBOCICLIB,5,RCHACV,-1.033139944076538,1.1259006227291037,1.1538656949996948
PALBOCICLIB,5,RERFLCKJ,3.84242844581604,2.987316708783447,2.962270498275757
PALBOCICLIB,5,RPMI8226,0.8826280236244202,2.7600165619416677,2.741443634033203
PALBOCICLIB,5,SUDHL4,1.8561245203018188,0.8970310333020823,0.9315140843391418
PALBOCICLIB,5,WSUDLCL2,0.8497740030288696,1.4204218219424307,1.4399992227554321
PD0325901,1,ALLSIL,1.2877860069274902,0.547316046067303,0.5542959570884705
PD0325901,1,AMO1,-0.6095715165138245,1.4589748395621163,1.2481998205184937
PD0325901,1,CALU3,1.322532057762146,-0.03843976902549781,0.10845127701759338
PD0325901,1,CALU6,-0.7083579897880554,0.6123262016417902,0.603778064250946
PD0325901,1,CORL105,-1.6355880498886108,-0.33191351215925524,-0.11492457985877991
PD0325901,1,DAUDI,1.8725974559783936,1.4920620683934094,1.2733839750289917
PD0325901,1,DMS114,1.416791558265686,1.601104894785859,1.3563812971115112
PD0325901,1,DOHH2,1.4946424961090088,1.1666137927136562,1.0256708860397339
PD0325901,1,EM2,-2.362565517425537,-1.6042452222813124,-1.0833525657653809
PD0325901,1,GRANTA519,2.1724610328674316,0.37290965440682344,0.421547532081604
PD0325901,1,HCC15,-1.7001014947891235,-0.10777658956296379,0.05567595362663269
PD0325901,1,HCC366,0.945468008518219,0.11555989492507468,0.22566723823547363
PD0325901,1,JEKO1,2.3185079097747803,0.7776201361808236,0.7295905947685242
PD0325901,1,JURLMK1,-4.110527038574219,-0.43195500227119327,-0.1910705864429474
PD0325901,1,KARPAS422,2.041069984436035,1.0913121557886118,0.9683554768562317
PD0325901,1,KOPN8,-1.925268530845642,0.855860797969229,0.7891430258750916
PD0325901,1,LOUNH91,-0.0018070000223815441,-1.8510442184503237,-1.2712022066116333
PD0325901,1,NCIH1568,0.5854405164718628,1.0662474757883313,0.9492776393890381
PD0325901,1,NCIH1623,-0.3868350088596344,0.38254717512126835,0.42888307571411133
PD0325901,1,NCIH1651,2.321887493133545,0.906260246609947,0.8275042772293091
PD0325901,1,NCIH1781,1.2926039695739746,0.3782824527835039,0.42563700675964355
PD0325901,1,NCIH1915,-1.9041069746017456,-0.18834844095675277,-0.0056508490815758705
PD0325901,1,NCIH1944,-1.7628154754638672,-0.8741873271553414,-0.5276731848716736
PD0325901,1,NCIH196,3.0530154705047607,0.3532505452088267,0.40658411383628845
PD0325901,1,NCIH1975,-0.8042964935302734,-0.8830777775227009,-0.5344401001930237
PD0325901,1,NCIH2023,0.7955759763717651,-0.21520507054606697,-0.026092618703842163
PD0325901,1,NCIH2029,2.6015539169311523,2.462361263888048,2.0119216442108154
PD0325901,1,NCIH2081,3.377523899078369,1.5831083303471702,1.3426833152770996
PD0325901,1,NCIH2085,0.9580519795417786,1.2203503904991377,1.0665721893310547
PD0325901,1,NCIH2228,0.5935369729995728,-0.29283523333804895,-0.0851803719997406
PD0325901,1,NCIH23,-0.49132201075553894,1.4118137137791575,1.2123034000396729
PD0325901,1,NCIH441,1.8220914602279663,-0.3240210350102666,-0.10891726613044739
PD0325901,1,NCIH526,2.3820390701293945,1.9956546716746724,1.6566905975341797
PD0325901,1,NCIH650,2.0152740478515625,0.5219699225840639,0.5350039005279541
PD0325901,1,NCIH838,-0.8340204954147339,-0.47213109861816377,-0.2216503918170929
PD0325901,1,PF382,1.6735254526138306,0.3735419233777215,0.4220287799835205
PD0325901,1,REH,1.9017845392227173,1.3303683238058337,1.1503117084503174
PD0325901,1,SKM1,-4.884747505187988,-2.0550188556939855,-1.426456332206726
PD0325901,1,SKMES1,-0.9797459840774536,-0.16759601701548207,0.010144739411771297
PD0325901,1,SUDHL1,0.5339000225067139,-0.5094345763548476,-0.25004372000694275
PD0325901,1,WSUDLCL2,2.295907497406006,1.2186816201536042,1.0653020143508911
PD0325901,2,ABC1,0.41464149951934814,0.7582428215567398,0.6973152160644531
PD0325901,2,CORL23,-0.04751100018620491,-0.8636317631540222,-0.5393081903457642
PD0325901,2,DMS273,1.418442964553833,1.4711299055290943,1.240867018699646
PD0325901,2,EHEB,-0.6251929998397827,0.9067571140029737,0.8105522394180298
PD0325901,2,HCC33,3.8037750720977783,3.219604074912005,2.5740182399749756
PD0325901,2,HDLM2,1.9016159772872925,1.1118382661008184,0.9669195413589478
PD0325901,2,HEL,1.8254444599151611,-0.9416333448993053,-0.5987817049026489
PD0325901,2,HL60,-4.152990341186523,-1.924221412100278,-1.3479712009429932
PD0325901,2,IALM,0.17741550505161285,-0.04283603201000172,0.0865202322602272
PD0325901,2,KCL22,-0.9065219759941101,-0.5141499678729224,-0.27284038066864014
PD0325901,2,KMS11,1.3451509475708008,1.4372163374803213,1.215009093284607
PD0325901,2,L428,2.2052035331726074,1.2776212550901436,1.0933233499526978
PD0325901,2,LAMA84,-2.597193479537964,-1.4273457078862468,-0.9691206216812134
PD0325901,2,LCLC97TM1,-1.5441689491271973,-0.24269476010575736,-0.06586515158414841
PD0325901,2,MEG01,-2.0167200565338135,-1.2985655498314532,-0.8709301948547363
PD0325901,2,MOLT16,0.847055971622467,0.23191632169188592,0.2960094213485718
PD0325901,2,MONOMAC6,0.8418490290641785,-2.33295751780192,-1.6596183776855469
PD0325901,2,NAMALWA,1.717872977256775,1.4764851073289327,1.2449501752853394
PD0325901,2,NCIH1048,1.188035488128662,0.33459639846502603,0.37429943680763245
PD0325901,2,NCIH1092,3.2230710983276367,3.2496145932780975,2.596900224685669
PD0325901,2,NCIH1435,2.4340755939483643,-0.5525583594807155,-0.3021254539489746
PD0325901,2,NCIH1436,2.6357696056365967,2.9230539122286783,2.3479089736938477
PD0325901,2,NCIH1650,1.9618910551071167,-0.21116532939920493,-0.04182504862546921
PD0325901,2,NCIH1793,1.35183846950531,0.11555254891488864,0.2072860598564148
PD0325901,2,NCIH209,2.490216016769409,2.232642196828442,1.8214938640594482
PD0325901,2,NCIH2110,0.06890399754047394,-0.21458597002100122,-0.044433169066905975
PD0325901,2,NCIH2122,-1.6554515361785889,-1.6605929512909556,-1.1469635963439941
PD0325901,2,NCIH2170,3.3567121028900146,-0.05319914955345162,0.07861871272325516
PD0325901,2,NCIH2291,-2.9845991134643555,0.30391061685668475,0.35090258717536926
PD0325901,2,NCIH2342,1.8335144519805908,0.6354590448703104,0.6036968231201172
PD0325901,2,NCIH2347,-0.5931640267372131,-0.7203886359267727,-0.4300902485847473
PD0325901,2,NCIH2444,2.097825527191162,-0.005797319409784368,0.11476097255945206
PD0325901,2,OCIAML5,-2.1597185134887695,-0.4737476813523259,-0.24203503131866455
PD0325901,2,OPM2,1.2488130331039429,0.9671323551517633,0.8565862774848938
PD0325901,2,RAJI,2.3023204803466797,1.2763398340358556,1.0923463106155396
PD0325901,2,RCHACV,1.8680005073547363,0.6478594827411353,0.6131517291069031
PD0325901,2,RERFLCMS,-1.191643476486206,0.44599298392503983,0.4592354893684387
PD0325901,2,RPMI8226,-0.21450650691986084,0.3645299940445508,0.3971227705478668
PD0325901,2,SUDHL10,1.1197479963302612,1.95304006273038,1.608306884765625
PD0325901,2,SW1271,-1.3322269916534424,0.7750090184331057,0.7100988626480103
PD0325901,2,THP1,-0.420461505651474,-3.0274326950373136,-2.189131736755371
PD0325901,3,697,0.36041900515556335,-0.32113303599517273,-0.0998125895857811
PD0325901,3,A3KAW,-0.7778475284576416,0.2629126484856575,0.3559238612651825
PD0325901,3,A549,-3.0224764347076416,0.1445464443693621,0.26356157660484314
PD0325901,3,COLO668,0.28847599029541016,2.549802729715437,2.1404061317443848
PD0325901,3,CORL311,2.601304054260254,1.8504244972918493,1.5946745872497559
PD0325901,3,CORL88,2.844585418701172,2.027278004371249,1.7326750755310059
PD0325901,3,DMS53,1.2261489629745483,1.8199821219988452,1.5709201097488403
PD0325901,3,DMS79,3.405984401702881,1.4146442025903112,1.2546310424804688
PD0325901,3,EBC1,-2.8435099124908447,-1.2314136820621937,-0.8101133108139038
PD0325901,3,GA10,1.9116874933242798,1.397076058395867,1.240922451019287
PD0325901,3,HCC827,2.0442054271698,-0.2684438805903463,-0.058698736131191254
PD0325901,3,HT,2.809283971786499,0.5410591578775479,0.5729642510414124
PD0325901,3,JM1,1.5964970588684082,1.616142701263362,1.4118622541427612
PD0325901,3,KG1,0.141184002161026,-1.2424367774412146,-0.8187147378921509
PD0325901,3,KMS12BM,3.050678014755249,1.1156004608428476,1.0212843418121338
PD0325901,3,KU812,-3.225461483001709,-0.8394581127093195,-0.504266619682312
PD0325901,3,L1236,2.0526585578918457,0.8756861982569769,0.8340769410133362
PD0325901,3,L540,1.8540664911270142,0.024878223618443107,0.17018331587314606
PD0325901,3,LCLC103H,2.653895616531372,-0.8160539717468496,-0.48600414395332336
PD0325901,3,LOUCY,1.3894239664077759,0.3143781018921753,0.3960828483104706
PD0325901,3,LU65,0.3183155059814453,-0.7216275646643812,-0.4123223125934601
PD0325901,3,MOLP8,-0.2659609913825989,0.9465883475609741,0.8894025683403015
PD0325901,3,NCIH1105,2.8368570804595947,1.2488293736120082,1.125244140625
PD0325901,3,NCIH2066,0.7575454711914062,1.7008858215217617,1.4779881238937378
PD0325901,3,NCIH358,-1.040440559387207,-0.0075627885525723915,0.14486928284168243
PD0325901,3,NCIH810,2.946939468383789,2.611466616405237,2.188523054122925
PD0325901,3,NCIH841,0.9386914968490601,1.7382797713502258,1.5071669816970825
PD0325901,3,NCIH929,-1.7109839916229248,0.5043780411981609,0.5443416237831116
PD0325901,3,OCIAML2,-5.954269886016846,-0.8129389550495321,-0.48357346653938293
PD0325901,3,OCIAML3,-4.839598655700684,-0.8181953738579971,-0.48767510056495667
PD0325901,3,OCILY19,-0.44704800844192505,1.7164952786599867,1.4901683330535889
PD0325901,3,OCIM1,-1.2057820558547974,-0.5543132042298489,-0.28176531195640564
PD0325901,3,PL21,-2.6493070125579834,-1.0885127875810583,-0.6986063718795776
PD0325901,3,RERFLCKJ,0.659711480140686,0.32045024564695346,0.4008210003376007
PD0325901,3,RS411,1.894950032234192,-0.08774335080552717,0.08230362087488174
PD0325901,3,SHP77,0.44804251194000244,1.153517654035133,1.05087149143219
PD0325901,3,SKMM2,2.1439321041107178,1.2522441285516082,1.127908706665039
PD0325901,3,ST486,0.5545294880867004,0.9735668517854824,0.9104541540145874
PD0325901,3,SUDHL4,1.7174625396728516,0.6510803560068759,0.6588148474693298
PD0325901,3,SUDHL5,0.21812599897384644,1.343427801724451,1.1990602016448975
PD0325901,3,SUDHL8,2.2447025775909424,0.5381684101606945,0.5707085728645325
PD0325901,4,BEN,2.1084349155426025,0.9199228146020435,0.7808021903038025
PD0325901,4,BL41,1.1161905527114868,1.7853724122253791,1.4568926095962524
PD0325901,4,CA46,2.6156818866729736,1.9189317496309486,1.5612293481826782
PD0325901,4,CAL12T,-0.37115898728370667,-0.28686281857366636,-0.16194041073322296
PD0325901,4,CORL279,2.114794969558716,2.181739548246179,1.7665351629257202
PD0325901,4,CORL95,1.9406354427337646,1.4891424286126136,1.2254773378372192
PD0325901,4,EJM,1.9765679836273193,0.05717752880470356,0.10682438313961029
PD0325901,4,EPLC272H,-1.1166654825210571,0.32366981041496906,0.3150085210800171
PD0325901,4,HARA,0.43476051092147827,0.13177350273891486,0.1650988608598709
PD0325901,4,HCC78,0.7499439716339111,0.6507328591521373,0.5705106258392334
PD0325901,4,JURKAT,1.8869580030441284,1.0926460426046303,0.915733814239502
PD0325901,4,K562,-0.03719799965620041,-0.0034439626475265134,0.05946679040789604
PD0325901,4,KNS62,-1.3972795009613037,0.18274305206787705,0.2049163430929184
PD0325901,4,L363,1.8294529914855957,0.5764777496321777,0.5125024318695068
PD0325901,4,LXF289,0.07433699816465378,0.3516540349127728,0.33686983585357666
PD0325901,4,MHHCALL2,0.23731550574302673,-0.020371857884536125,0.046242695301771164
PD0325901,4,NALM6,1.0500965118408203,-0.5076469180280563,-0.3344172537326813
PD0325901,4,NCIH1437,-2.5684075355529785,-0.07523305815039942,0.0033850499894469976
PD0325901,4,NCIH146,2.3689000606536865,2.598420601083814,2.0920469760894775
PD0325901,4,NCIH1648,0.9831234812736511,0.6560977255032725,0.5747016668319702
PD0325901,4,NCIH1792,-0.8290539979934692,0.32978835526279787,0.3197883367538452
PD0325901,4,NCIH1836,4.122115612030029,2.0440812924158904,1.658996343612671
PD0325901,4,NCIH2009,-1.8045464754104614,0.3817088152117532,0.3603486716747284
PD0325901,4,NCIH2030,0.7923055291175842,0.1751708263577021,0.19900090992450714
PD0325901,4,NCIH211,0.46995899081230164,2.165422157007073,1.7537879943847656
PD0325901,4,NCIH2172,3.0094549655914307,0.30281657628148284,0.2987179458141327
PD0325901,4,NCIH2196,2.5498900413513184,1.4440492902269189,1.1902505159378052
PD0325901,4,NCIH2405,-0.19616200029850006,-0.0903463031069708,-0.008421437814831734
PD0325901,4,NCIH292,-2.348602056503296,-0.328796885844044,-0.19469936192035675
PD0325901,4,NCIH460,-1.8176145553588867,-0.11490463995747356,-0.02760644443333149
PD0325901,4,NCIH596,1.451272964477539,-0.24754739877089563,-0.13122715055942535
PD0325901,4,NCIH69,2.9529941082000732,2.6978356626543603,2.169710159301758
PD0325901,4,NCIH727,-1.441027045249939,1.1641543991502055,0.9715962409973145
PD0325901,4,NOMO1,-4.5301079750061035,-3.247061903692099,-2.474452018737793
PD0325901,4,P12ICHIKAWA,-0.34934350848197937,1.280593072669049,1.0625582933425903
PD0325901,4,RL,2.64251446723938,0.6322859713709462,0.5560998916625977
PD0325901,4,RPMI8402,1.9331719875335693,-0.11242462721637933,-0.025669055059552193
PD0325901,4,SKLU1,-0.3142090141773224,-0.07579034380942452,0.0029496976640075445
PD0325901,4,SUDHL6,0.5721150040626526,1.5664658138023482,1.2858824729919434
PD0325901,4,SW1573,2.559927463531494,-0.798522984152237,-0.5616500377655029
PD0325901,5,A4FUK,-1.067665457725525,0.7884436614306206,0.7922385931015015
PD0325901,5,BV173,-1.3749079704284668,0.7843695102582547,0.7881171107292175
PD0325901,5,CHAGOK1,1.6254714727401733,0.3955333873153651,0.394763708114624
PD0325901,5,CMK,1.103013038635254,-0.3707985574439144,-0.38047105073928833
PD0325901,5,CMLT1,-0.48006200790405273,0.8476664189296753,0.8521493673324585
PD0325901,5,DB,2.3821585178375244,1.234304997275175,1.2432796955108643
PD0325901,5,DND41,-0.09599850326776505,0.9978278223678926,1.0040552616119385
PD0325901,5,GDM1,1.1804344654083252,-0.40627307968718884,-0.41635769605636597
PD0325901,5,HCC44,-2.129000425338745,-0.1063224198030108,-0.11292237788438797
PD0325901,5,HH,2.3099894523620605,0.39904785604328213,0.3983190059661865
PD0325901,5,JVM2,1.5698845386505127,0.3399031382744803,0.3384871780872345
PD0325901,5,JVM3,-1.325091004371643,-0.3188659893175993,-0.3279351592063904
PD0325901,5,KMH2,-1.0599185228347778,0.9004498528503146,0.9055460095405579
PD0325901,5,LP1,2.9725840091705322,1.1571476550934283,1.1652259826660156
PD0325901,5,ME1,-1.3676685094833374,-1.191189969674673,-1.2103933095932007
PD0325901,5,MM1S,0.07331199944019318,0.414927158815406,0.41438278555870056
PD0325901,5,MOLM13,-0.6590055227279663,-2.2919842898591805,-2.3239760398864746
PD0325901,5,MOLM16,-0.8209819793701172,-0.8442655125081585,-0.8594384789466858
PD0325901,5,MOLT13,-1.027543544769287,1.3212262321402983,1.331210732460022
PD0325901,5,NB4,-5.221301555633545,-0.7177930706612184,-0.7314967513084412
PD0325901,5,NCIH1155,0.7669064998626709,0.9810741152040598,0.9871069192886353
PD0325901,5,NCIH1341,0.7586789727210999,1.48543525838519,1.497327446937561
PD0325901,5,NCIH1876,2.134458541870117,2.2631607680808212,2.284088134765625
PD0325901,5,NCIH1963,2.2900490760803223,2.509402189192342,2.5331902503967285
PD0325901,5,NCIH2087,-1.5885870456695557,0.37815250468254236,0.37718090415000916
PD0325901,5,NCIH2171,2.2230100631713867,2.0302991688679444,2.0485212802886963
PD0325901,5,NCIH2227,0.8720325231552124,1.365260437171208,1.3757565021514893
PD0325901,5,NCIH446,1.9471490383148193,1.4366855564183787,1.4480113983154297
PD0325901,5,NCIH522,2.413440465927124,1.3345021189055588,1.344640851020813
PD0325901,5,NCIH524,2.1219615936279297,0.8124284610631208,0.816502034664154
PD0325901,5,NCIH647,1.2986249923706055,-0.6732266988929403,-0.6864126324653625
PD0325901,5,NCIH661,1.586463451385498,1.1254687685035272,1.1331790685653687
PD0325901,5,NCIH82,2.7105023860931396,1.884266771255823,1.9007923603057861
PD0325901,5,NUDUL1,0.4664449989795685,1.4363999115620056,1.4477224349975586
PD0325901,5,P31FUJ,-1.0295820236206055,0.2769394524754231,0.27479201555252075
PD0325901,5,SBC5,1.526876449584961,1.3778554427565497,1.3884978294372559
PD0325901,5,SIGM5,1.7344739437103271,-0.23449006046767307,-0.24257899820804596
PD0325901,5,SUPB15,-0.06355399638414383,0.6184996430044016,0.6203202605247498
PD0325901,5,SUPM2,1.3233784437179565,0.3334831405031792,0.33199259638786316
PD0325901,5,SUPT1,2.6278140544891357,1.2839374408340205,1.2934887409210205
PD173074,1,A4FUK,0.559909999370575,2.4131779134147457,2.364198684692383
PD173074,1,A549,3.994593381881714,4.085983693106511,4.114296913146973
PD173074,1,ALLSIL,2.4688639640808105,2.0452555986334406,1.979276418685913
PD173074,1,AMO1,2.79443359375,2.558972805935272,2.5167300701141357
PD173074,1,CALU6,4.270909309387207,3.401217172202859,3.397890567779541
PD173074,1,CMK,1.6840029954910278,3.1033422110329645,3.086252212524414
PD173074,1,DAUDI,2.70686411857605,2.1216428217120145,2.0591931343078613
PD173074,1,DND41,2.7465920448303223,2.6552191801585807,2.6174235343933105
PD173074,1,EJM,3.5264785289764404,2.9027006109541817,2.876339912414551
PD173074,1,GDM1,2.4152190685272217,1.8102282967515884,1.7333896160125732
PD173074,1,HARA,2.3773584365844727,3.49774954700781,3.4988832473754883
PD173074,1,HCC827,3.899205446243286,3.7161767370421925,3.727402925491333
PD173074,1,JURLMK1,1.696524977684021,2.486219499410378,2.440615177154541
PD173074,1,KARPAS422,2.9153060913085938,2.5625189852587273,2.520440101623535
PD173074,1,LCLC97TM1,2.417179584503174,3.6011577859954804,3.607069492340088
PD173074,1,MM1S,2.2601840496063232,2.5619064198695205,2.51979923248291
PD173074,1,MOLT16,1.4982244968414307,1.9016860413158923,1.829073190689087
PD173074,1,NB4,1.6060290336608887,2.36599943977815,2.314840316772461
PD173074,1,NCIH1436,3.843688488006592,2.8238813574315538,2.7938787937164307
PD173074,1,NCIH146,2.201416492462158,3.679906621845019,3.6894569396972656
PD173074,1,NCIH1568,4.613149642944336,3.9570015327861814,3.9793550968170166
PD173074,1,NCIH1781,3.6404035091400146,3.4330076751025476,3.431149959564209
PD173074,1,NCIH1792,2.9627435207366943,3.3950265699715323,3.391413927078247
PD173074,1,NCIH196,3.6490814685821533,3.2587052473151132,3.248793840408325
PD173074,1,NCIH2081,4.242602825164795,3.543906166773422,3.5471725463867188
PD173074,1,NCIH2170,2.709480047225952,3.542148231724188,3.5453333854675293
PD173074,1,NCIH2171,4.0437331199646,3.6829140717860023,3.692603349685669
PD173074,1,NCIH2196,4.439842224121094,3.4985781510833887,3.4997501373291016
PD173074,1,NCIH2227,1.2818374633789062,3.5265647323027793,3.5290298461914062
PD173074,1,NCIH2444,5.221948146820068,3.604982673455469,3.6110711097717285
PD173074,1,NCIH441,3.864738941192627,3.5473105991950598,3.550734281539917
PD173074,1,NCIH460,2.6876025199890137,3.4364431004159006,3.434744119644165
PD173074,1,NCIH526,3.4397809505462646,3.4278557905215203,3.42576003074646
PD173074,1,NCIH838,2.1078600883483887,3.788034212263153,3.8025805950164795
PD173074,1,NCIH929,2.333853006362915,2.43911987533653,2.3913393020629883
PD173074,1,NUDUL1,2.2527594566345215,2.8977479012802108,2.8711583614349365
PD173074,1,OCIAML5,2.694045066833496,3.3709587664429166,3.366234064102173
PD173074,1,OCILY19,2.032991409301758,2.3819368506762837,2.3315141201019287
PD173074,1,RS411,1.5956535339355469,1.942888356185166,1.8721792697906494
PD173074,1,SKMES1,3.619913101196289,3.684494709263509,3.6942570209503174
PD173074,1,SKMM2,4.456928730010986,1.9160427007920646,1.8440932035446167
PD173074,2,A3KAW,1.675491452217102,2.0700997061511077,2.078568458557129
PD173074,2,CAL12T,3.580785036087036,3.521828877106432,3.5107014179229736
PD173074,2,CORL311,5.156472206115723,2.6807452106527516,2.680971145629883
PD173074,2,DMS273,2.8319904804229736,3.1692362377578336,3.1628682613372803
PD173074,2,DMS79,4.4897074699401855,3.6951643638726037,3.681697130203247
PD173074,2,EM2,3.364307403564453,1.9174139202531297,1.9279437065124512
PD173074,2,GRANTA519,4.5918989181518555,2.3955479533622195,2.3996236324310303
PD173074,2,HCC366,4.5212907791137695,3.5714831881264666,3.559685468673706
PD173074,2,HEL,2.683323383331299,2.0587735716799225,2.0673952102661133
PD173074,2,HT,3.8681070804595947,2.3218853017772934,2.3269553184509277
PD173074,2,IALM,2.8497705459594727,3.1187998472919825,3.113112688064575
PD173074,2,KG1,-1.0972504615783691,2.5946840863700986,2.596071720123291
PD173074,2,KMS12BM,2.062506914138794,2.466267414745923,2.469388484954834
PD173074,2,KU812,1.7092134952545166,2.2101332543890266,2.2167117595672607
PD173074,2,L1236,2.5967514514923096,2.6343552837719777,2.635207414627075
PD173074,2,L540,2.2671279907226562,2.457399900238364,2.4606406688690186
PD173074,2,LCLC103H,3.162808895111084,3.518725210776649,3.5076396465301514
PD173074,2,LOUCY,1.4148019552230835,2.257045695411289,2.262990951538086
PD173074,2,LU65,3.0451865196228027,3.0199762788513427,3.015623092651367
PD173074,2,NAMALWA,2.443358898162842,2.241937254596769,2.248086452484131
PD173074,2,NCIH1092,3.7614364624023438,3.096968568422986,3.091576099395752
PD173074,2,NCIH1105,3.554905891418457,3.124736013963228,3.1189687252044678
PD173074,2,NCIH1341,3.1613545417785645,3.2034587388970617,3.1966288089752197
PD173074,2,NCIH1437,3.1831204891204834,3.2739058258878617,3.266124963760376
PD173074,2,NCIH1975,3.4743266105651855,3.5748130677941004,3.5629703998565674
PD173074,2,NCIH2009,3.5799694061279297,3.4745993507217126,3.464109420776367
PD173074,2,NCIH2023,4.0105299949646,3.61209645774089,3.599750518798828
PD173074,2,NCIH209,1.597417950630188,3.248140223379048,3.2407071590423584
PD173074,2,NCIH211,2.4108335971832275,3.515520280142849,3.5044779777526855
PD173074,2,NCIH2172,3.97477650642395,3.395068444803079,3.3856520652770996
PD173074,2,NCIH2342,4.7131829261779785,3.737272671636539,3.7232370376586914
PD173074,2,NCIH596,2.5176310539245605,3.617908400421051,3.6054840087890625
PD173074,2,NCIH647,2.657045602798462,3.468185622559449,3.45778226852417
PD173074,2,NCIH810,3.9667444229125977,3.413272093115305,3.4036099910736084
PD173074,2,OCIM1,2.39692759513855,2.3404894153681712,2.345308303833008
PD173074,2,P12ICHIKAWA,2.1136159896850586,2.3401684631110498,2.344991683959961
PD173074,2,RCHACV,1.889765977859497,2.0790547091504425,2.087402582168579
PD173074,2,RERFLCKJ,3.501375436782837,3.6112986690355005,3.598963499069214
PD173074,2,SKLU1,2.086500883102417,3.718657440723502,3.7048730850219727
PD173074,2,SUPB15,2.4050486087799072,1.859790785213567,1.8710983991622925
PD173074,2,SW1573,4.693129539489746,3.543393581924521,3.531975030899048
PD173074,3,697,0.798229992389679,1.999736665013174,1.8993161916732788
PD173074,3,ABC1,4.71476936340332,3.5661392749116163,3.584164619445801
PD173074,3,CALU3,4.352529525756836,3.424073146201722,3.4313559532165527
PD173074,3,COLO668,3.209662437438965,3.089529075688659,3.071514844894409
PD173074,3,CORL23,3.831386089324951,2.879836981827782,2.8459665775299072
PD173074,3,DMS114,1.2993930578231812,3.755932942994142,3.7883098125457764
PD173074,3,DMS53,3.8200485706329346,3.362294952256189,3.3649063110351562
PD173074,3,EBC1,4.111774444580078,3.279103967704936,3.2754247188568115
PD173074,3,HCC33,3.786712884902954,3.3135912327460093,3.3125197887420654
PD173074,3,HCC44,2.5497825145721436,3.081961463046506,3.0633749961853027
PD173074,3,HCC78,3.2617709636688232,3.2459165029196715,3.239727735519409
PD173074,3,JM1,2.8075714111328125,2.429731935263233,2.361826181411743
PD173074,3,K562,3.3153345584869385,2.7363345117710858,2.691612958908081
PD173074,3,KCL22,3.2057344913482666,1.770835057242133,1.6531058549880981
PD173074,3,KMS11,1.6181584596633911,2.324132474098569,2.248241662979126
PD173074,3,L428,2.793435573577881,2.3048932580679624,2.2275476455688477
PD173074,3,LXF289,2.489295482635498,3.552942667130262,3.56997013092041
PD173074,3,ME1,2.783571481704712,2.269185546197338,2.1891398429870605
PD173074,3,MHHCALL2,2.2060840129852295,2.261037412260853,2.180375576019287
PD173074,3,MOLP8,2.4311439990997314,3.09583479152721,3.0782973766326904
PD173074,3,MONOMAC6,2.3131964206695557,2.511306814141719,2.4495694637298584
PD173074,3,NCIH1048,3.5122599601745605,3.071822400409871,3.052469253540039
PD173074,3,NCIH1155,3.4433319568634033,3.43777513334584,3.446094036102295
PD173074,3,NCIH1623,4.034000873565674,3.550413553740292,3.5672497749328613
PD173074,3,NCIH1648,3.767457962036133,3.3817620323152697,3.385845422744751
PD173074,3,NCIH1651,4.5694966316223145,3.7546697162448486,3.7869510650634766
PD173074,3,NCIH2030,3.1564505100250244,3.764778855103425,3.7978246212005615
PD173074,3,NCIH2405,5.066765308380127,3.559532769689175,3.5770585536956787
PD173074,3,NCIH82,1.767386555671692,3.1182129010473316,3.102367639541626
PD173074,3,NCIH841,4.23874044418335,3.5372927528633524,3.5531368255615234
PD173074,3,P31FUJ,2.003446102142334,2.7859492440799314,2.7449793815612793
PD173074,3,REH,1.9420700073242188,2.104590359131339,2.012098550796509
PD173074,3,RL,3.6367990970611572,2.482356334671904,2.4184298515319824
PD173074,3,RPMI8226,2.072465419769287,2.883553958377861,2.8499646186828613
PD173074,3,RPMI8402,1.4317890405654907,2.2491940242205826,2.1676366329193115
PD173074,3,SUDHL1,4.976861000061035,2.345760937563925,2.27150559425354
PD173074,3,SUDHL4,3.1209425926208496,2.608649750796042,2.5542731285095215
PD173074,3,SUDHL6,2.1943728923797607,2.5411057989627,2.481621742248535
PD173074,3,SUDHL8,2.6408634185791016,2.2452890820127736,2.1634364128112793
PD173074,3,SUPM2,2.157895088195801,2.348657337622359,2.27462100982666
PD173074,3,WSUDLCL2,2.762822389602661,2.414643258078129,2.3455965518951416
PD173074,4,BEN,3.055382013320923,3.852861807050259,3.8270366191864014
PD173074,4,BV173,0.8476535081863403,2.1176495034189267,2.182102918624878
PD173074,4,CA46,3.1671030521392822,2.2741370948648836,2.330448865890503
PD173074,4,CHAGOK1,4.004014492034912,3.4416613653792854,3.437229871749878
PD173074,4,CMLT1,2.6429879665374756,1.8246444659182388,1.9043421745300293
PD173074,4,CORL105,4.052297592163086,3.585263921137885,3.5733611583709717
PD173074,4,CORL279,3.052764415740967,3.156380005384038,3.1667909622192383
PD173074,4,DOHH2,2.294684886932373,2.356748754711502,2.4087624549865723
PD173074,4,EHEB,2.8340420722961426,2.7440483002347364,2.775911808013916
PD173074,4,HCC15,4.390401363372803,3.3834025537636774,3.382002115249634
PD173074,4,JEKO1,1.9113789796829224,2.5595228288804748,2.6009867191314697
PD173074,4,JURKAT,2.73392653465271,1.8810603844397042,1.9578229188919067
PD173074,4,JVM2,2.245043992996216,2.7790138485535714,2.80905818939209
PD173074,4,JVM3,1.9252469539642334,2.57566659753553,2.61629056930542
PD173074,4,KOPN8,2.426811933517456,1.9776776545463108,2.0494134426116943
PD173074,4,LAMA84,1.7731934785842896,1.9065436158862212,1.981980323791504
PD173074,4,LOUNH91,3.512234926223755,3.860383527113926,3.834167003631592
PD173074,4,MOLM13,2.3198795318603516,2.3622383251742587,2.413966417312622
PD173074,4,NALM6,1.961498498916626,2.0408302244458936,2.1092803478240967
PD173074,4,NCIH1435,3.8508009910583496,3.2029361000343037,3.2109248638153076
PD173074,4,NCIH1650,4.027660846710205,3.609163559767306,3.596017360687256
PD173074,4,NCIH1944,3.9204070568084717,3.538765672330219,3.5292820930480957
PD173074,4,NCIH2087,4.238948822021484,3.019988311161046,3.0374953746795654
PD173074,4,NCIH2110,2.626220941543579,3.251500954444776,3.256963014602661
PD173074,4,NCIH2122,2.7750658988952637,3.399228924795422,3.397005081176758
PD173074,4,NCIH2228,3.5527920722961426,3.480287801023721,3.473846673965454
PD173074,4,NCIH23,4.119946002960205,3.7134895429113763,3.694915533065796
PD173074,4,NCIH2347,4.528967380523682,3.4932867678706345,3.4861693382263184
PD173074,4,NCIH358,3.2945001125335693,3.9102793389115296,3.881466865539551
PD173074,4,NCIH446,1.6308095455169678,3.1124008172697786,3.1250998973846436
PD173074,4,NCIH650,3.77421498298645,3.423437661427259,3.419954299926758
PD173074,4,NCIH661,4.3288445472717285,3.182253444764443,3.1913182735443115
PD173074,4,OCIAML2,1.7547874450683594,2.429567364909574,2.477792501449585
PD173074,4,PF382,2.3967125415802,2.0313264040103483,2.100270986557007
PD173074,4,RERFLCMS,3.683861017227173,3.424345841156082,3.4208152294158936
PD173074,4,SHP77,3.4460558891296387,3.0101210679317734,3.028141498565674
PD173074,4,SIGM5,2.852818012237549,2.5612119274843996,2.602587938308716
PD173074,4,SKM1,1.387723445892334,2.515530059568387,2.5592827796936035
PD173074,4,ST486,2.5453124046325684,2.4276270141458336,2.4759531021118164
PD173074,4,SUDHL10,2.117738962173462,2.549531594345107,2.591515302658081
PD173074,5,BL41,2.3453450202941895,2.56211583450626,2.49992299079895
PD173074,5,CORL88,2.6291704177856445,3.3243245599052313,3.3687005043029785
PD173074,5,CORL95,4.181751728057861,3.0877976892775947,3.0991034507751465
PD173074,5,DB,2.105936050415039,2.4542303039860864,2.376953363418579
PD173074,5,EPLC272H,2.8306615352630615,3.2739960933698873,3.311335325241089
PD173074,5,GA10,2.6122899055480957,2.4153251884522855,2.332608699798584
PD173074,5,HDLM2,2.053921937942505,2.9655999206855954,2.959820508956909
PD173074,5,HH,2.5389020442962646,2.6088021823197316,2.5531368255615234
PD173074,5,HL60,3.0978939533233643,2.49658656337425,2.425231695175171
PD173074,5,KMH2,3.0294458866119385,2.4944647133676647,2.4228131771087646
PD173074,5,KNS62,4.085081100463867,3.2262178629623324,3.2568769454956055
PD173074,5,L363,2.3375051021575928,2.3785816657781114,2.2907278537750244
PD173074,5,LP1,3.4337735176086426,2.5739025188537648,2.513357639312744
PD173074,5,MEG01,2.223109483718872,2.8767361563226457,2.858532190322876
PD173074,5,MOLM16,0.4243195056915283,2.3531146547221375,2.26170015335083
PD173074,5,MOLT13,1.9403375387191772,2.4283248665091937,2.347425937652588
PD173074,5,NCIH1793,4.934384822845459,3.586197748819342,3.6671876907348633
PD173074,5,NCIH1836,4.934869289398193,3.591800654406527,3.6735739707946777
PD173074,5,NCIH1876,2.9334585666656494,3.3690147706314746,3.4196391105651855
PD173074,5,NCIH1915,3.4563233852386475,3.0806002585918097,3.090899705886841
PD173074,5,NCIH1963,3.9370739459991455,3.06606483302422,3.0743319988250732
PD173074,5,NCIH2029,3.568129062652588,3.241017264743281,3.273745536804199
PD173074,5,NCIH2066,5.152918338775635,3.370919289983797,3.4218099117279053
PD173074,5,NCIH2085,3.644094467163086,3.417973572947268,3.475443124771118
PD173074,5,NCIH2291,3.3763160705566406,3.4967472544417557,3.56523060798645
PD173074,5,NCIH292,3.171967029571533,3.48356831520034,3.5502090454101562
PD173074,5,NCIH522,3.499823570251465,3.320936377097002,3.3648386001586914
PD173074,5,NCIH524,2.476996898651123,3.6298634306287623,3.716958522796631
PD173074,5,NCIH69,3.423224925994873,3.3257433797588067,3.3703176975250244
PD173074,5,NCIH727,4.209766864776611,3.579124148496718,3.6591250896453857
PD173074,5,NOMO1,2.386443614959717,2.565038398415173,2.5032541751861572
PD173074,5,OCIAML3,1.6356070041656494,2.4923098140411817,2.4203569889068604
PD173074,5,OPM2,-0.5831009745597839,2.373211569640585,2.28460693359375
PD173074,5,PL21,1.2957179546356201,2.5603485325833852,2.497908592224121
PD173074,5,RAJI,2.8372209072113037,2.5479368395785778,2.4837615489959717
PD173074,5,SBC5,3.308929443359375,3.507009068269938,3.5769271850585938
PD173074,5,SUDHL5,1.8436665534973145,2.7664221283087365,2.7327945232391357
PD173074,5,SUPT1,2.706916570663452,2.5970117328598334,2.5396978855133057
PD173074,5,SW1271,4.281443119049072,3.3463759865016685,3.3938350677490234
PD173074,5,THP1,3.2355101108551025,2.6612847114899156,2.612957239151001
PEVONEDISTAT,1,A3KAW,-1.1007380485534668,1.3998865824764863,1.455899953842163
PEVONEDISTAT,1,AMO1,0.051270999014377594,-0.3090482520473376,-0.32481372356414795
PEVONEDISTAT,1,BEN,1.3137919902801514,1.3155931997484862,1.3680660724639893
PEVONEDISTAT,1,BV173,-1.5650559663772583,-0.3963154543944381,-0.4157463312149048
PEVONEDISTAT,1,CORL105,0.5819555521011353,0.690460541658209,0.7166765332221985
PEVONEDISTAT,1,DMS114,-0.1888359934091568,0.8331793437001677,0.8653898239135742
PEVONEDISTAT,1,DMS79,2.3309719562530518,0.9943341914022248,1.033313512802124
PEVONEDISTAT,1,EJM,2.285214900970459,0.442234179785495,0.45802414417266846
PEVONEDISTAT,1,GDM1,-0.474824994802475,-0.5767737594805306,-0.6037842631340027
PEVONEDISTAT,1,HCC366,0.9902020692825317,0.5035813648627915,0.5219480395317078
PEVONEDISTAT,1,HCC44,0.07430703192949295,0.7025329176482817,0.7292559742927551
PEVONEDISTAT,1,JVM2,-1.1097874641418457,0.2016505680830721,0.20733551681041718
PEVONEDISTAT,1,KMS12BM,0.004123112186789513,0.4402997784225051,0.4560084939002991
PEVONEDISTAT,1,MHHCALL2,0.10172399878501892,-0.41781209516725415,-0.43814587593078613
PEVONEDISTAT,1,MOLM16,0.6748740077018738,0.33302687785590945,0.34422990679740906
PEVONEDISTAT,1,NCIH1048,0.2708423137664795,0.05408563429755533,0.05357254669070244
PEVONEDISTAT,1,NCIH1155,-1.069885015487671,0.9532312656493219,0.9904841780662537
PEVONEDISTAT,1,NCIH1435,1.7112330198287964,0.042731773123123214,0.04174179956316948
PEVONEDISTAT,1,NCIH146,-0.6693295240402222,1.2323802491387743,1.281358003616333
PEVONEDISTAT,1,NCIH1568,1.0448061227798462,0.8782042700755988,0.9123058915138245
PEVONEDISTAT,1,NCIH1915,1.0011135339736938,0.6152160639310693,0.6382716298103333
PEVONEDISTAT,1,NCIH2023,-0.026579735800623894,0.413530968692556,0.4281153380870819
PEVONEDISTAT,1,NCIH2066,4.117818832397461,0.7176188114727285,0.7449755072593689
PEVONEDISTAT,1,NCIH209,-1.7790755033493042,0.9446471272177698,0.9815394878387451
PEVONEDISTAT,1,NCIH2122,0.08972011506557465,0.990142197154203,1.0289454460144043
PEVONEDISTAT,1,NCIH2170,-0.19312939047813416,0.7479060328369286,0.7765348553657532
PEVONEDISTAT,1,NCIH2342,3.6499946117401123,0.9230846468977201,0.9590713381767273
PEVONEDISTAT,1,NCIH2444,1.4774954319000244,0.5726563738433271,0.593924343585968
PEVONEDISTAT,1,NCIH524,0.38979753851890564,0.5207537030706861,0.5398416519165039
PEVONEDISTAT,1,NCIH526,-0.9440510272979736,0.5797017202156846,0.6012656092643738
PEVONEDISTAT,1,NCIH596,2.0686428546905518,1.1310669716376127,1.1757893562316895
PEVONEDISTAT,1,NCIH661,1.1497408151626587,0.41787798046707925,0.43264493346214294
PEVONEDISTAT,1,NCIH810,-0.33816251158714294,0.6743657182645983,0.6999056935310364
PEVONEDISTAT,1,NCIH841,0.1190984919667244,0.4959239566699298,0.5139690041542053
PEVONEDISTAT,1,OCIAML5,-0.24898001551628113,-0.04677521797427713,-0.05152467265725136
PEVONEDISTAT,1,PF382,0.09199612587690353,-0.6466971319059165,-0.6766445636749268
PEVONEDISTAT,1,RAJI,-1.135274052619934,-0.3203420510805053,-0.33658188581466675
PEVONEDISTAT,1,SKMM2,0.4459192454814911,0.32652969862615877,0.33745983242988586
PEVONEDISTAT,1,SUDHL10,-0.8278884887695312,-0.23591307091834582,-0.24860671162605286
PEVONEDISTAT,1,SUDHL4,-0.7215535044670105,-0.1321441956731172,-0.14047932624816895
PEVONEDISTAT,1,THP1,-1.7772239446640015,-0.706913318262184,-0.739389955997467
PEVONEDISTAT,2,ABC1,0.028101036325097084,0.9015943423149966,1.0124670267105103
PEVONEDISTAT,2,ALLSIL,-0.6193479895591736,-0.3975616342589623,-0.5027438998222351
PEVONEDISTAT,2,CA46,0.7210220098495483,-0.41775278383224945,-0.5262929201126099
PEVONEDISTAT,2,CORL23,0.8084459900856018,0.5784233124480538,0.6355513334274292
PEVONEDISTAT,2,CORL279,-0.9388895630836487,0.38296231168968264,0.40758436918258667
PEVONEDISTAT,2,DND41,-0.28438401222229004,-0.516933379439998,-0.6419676542282104
PEVONEDISTAT,2,EHEB,2.3594980239868164,0.15163585054977124,0.1377873718738556
PEVONEDISTAT,2,EM2,-2.355792999267578,-0.5976690519758872,-0.7361299991607666
PEVONEDISTAT,2,HCC78,-0.4720413088798523,0.9051910506973752,1.0166618824005127
PEVONEDISTAT,2,HDLM2,0.8143274784088135,0.04445655320816486,0.012783719226717949
PEVONEDISTAT,2,HEL,-1.7123459577560425,-0.31696775414978184,-0.4087469279766083
PEVONEDISTAT,2,JM1,-0.9529029726982117,-0.17262385589672224,-0.24039804935455322
PEVONEDISTAT,2,JURLMK1,-0.25159144401550293,0.22327235375713206,0.22133731842041016
PEVONEDISTAT,2,KARPAS422,1.66274094581604,-0.3340871518399344,-0.4287133514881134
PEVONEDISTAT,2,KG1,0.42033448815345764,-0.36864678804016315,-0.46902039647102356
PEVONEDISTAT,2,KMH2,1.2736530303955078,-0.5095232750236837,-0.6333252191543579
PEVONEDISTAT,2,KOPN8,0.08763299882411957,-0.6548369782814067,-0.8028051853179932
PEVONEDISTAT,2,KU812,-0.09230399876832962,-0.05082106946641307,-0.09833896160125732
PEVONEDISTAT,2,L428,0.6201140284538269,-0.04683427220565352,-0.09368914365768433
PEVONEDISTAT,2,MEG01,0.1409648060798645,-0.3612676024986583,-0.46041402220726013
PEVONEDISTAT,2,NAMALWA,-1.0774974822998047,-0.5430914630068823,-0.6724759340286255
PEVONEDISTAT,2,NCIH1437,0.16447819769382477,0.8039232521704656,0.8985528349876404
PEVONEDISTAT,2,NCIH1781,2.067020893096924,0.4588202634200965,0.49605780839920044
PEVONEDISTAT,2,NCIH1793,3.1089038848876953,0.7961849988365456,0.8895276784896851
PEVONEDISTAT,2,NCIH1876,3.074294090270996,0.25509393194706625,0.2584509551525116
PEVONEDISTAT,2,NCIH1944,0.5557547807693481,1.1303007993302496,1.2792083024978638
PEVONEDISTAT,2,NCIH196,0.9313849806785583,0.6434323165108267,0.7113716006278992
PEVONEDISTAT,2,NCIH1975,1.183577060699463,0.6370537781904275,0.7039322853088379
PEVONEDISTAT,2,NCIH2030,0.2559371292591095,0.4171226344546658,0.4474256932735443
PEVONEDISTAT,2,NCIH2110,-0.3607836067676544,0.9190218555361015,1.0327928066253662
PEVONEDISTAT,2,NCIH2227,-0.8593425154685974,0.6726117618607429,0.7454037070274353
PEVONEDISTAT,2,NCIH2228,0.24489712715148926,1.0098114262596143,1.1386810541152954
PEVONEDISTAT,2,NCIH358,1.4892945289611816,0.8435462246361826,0.9447652697563171
PEVONEDISTAT,2,NCIH82,0.1597297638654709,-0.14910994939298372,-0.2129736840724945
PEVONEDISTAT,2,OCIAML2,-1.8963040113449097,-0.2765802933398095,-0.36164286732673645
PEVONEDISTAT,2,OPM2,0.5069050192832947,-0.3117322431913463,-0.4026407301425934
PEVONEDISTAT,2,PL21,0.052981093525886536,-0.41564064139092793,-0.5238295197486877
PEVONEDISTAT,2,REH,-0.06491400301456451,-0.3164446885569312,-0.40813687443733215
PEVONEDISTAT,2,SKM1,-1.3860419988632202,-0.7932127926653598,-0.9641934633255005
PEVONEDISTAT,2,SUDHL6,-0.6405770182609558,-0.035122892353141824,-0.08003011345863342
PEVONEDISTAT,2,SW1573,0.10538840293884277,0.03459239715617817,0.0012791136978194118
PEVONEDISTAT,3,697,-0.3934429883956909,-0.4381415129139651,-0.4628998935222626
PEVONEDISTAT,3,A4FUK,-1.0337220430374146,0.10674857984466991,0.12874066829681396
PEVONEDISTAT,3,A549,-0.05174621194601059,0.11270617343705204,0.13520941138267517
PEVONEDISTAT,3,BL41,-1.5717979669570923,-0.42590409335134927,-0.4496125280857086
PEVONEDISTAT,3,CAL12T,2.581792116165161,0.1383224535147132,0.16302351653575897
PEVONEDISTAT,3,CALU3,0.9401869773864746,0.7612038567359477,0.8393468856811523
PEVONEDISTAT,3,CHAGOK1,0.5592389702796936,0.7666416790728465,0.8452512621879578
PEVONEDISTAT,3,COLO668,0.024462679401040077,0.7881020260690594,0.8685528635978699
PEVONEDISTAT,3,DB,1.5709190368652344,-0.10386513726869448,-0.09994328022003174
PEVONEDISTAT,3,DMS273,0.9719025492668152,-0.013551470325102379,-0.0018808831227943301
PEVONEDISTAT,3,EPLC272H,-1.559738039970398,0.5797718221505619,0.6423483490943909
PEVONEDISTAT,3,HARA,-0.021050572395324707,0.5157251452868794,0.5728065967559814
PEVONEDISTAT,3,HCC827,2.3206748962402344,0.509983315640178,0.5665721297264099
PEVONEDISTAT,3,HH,0.7034976482391357,-0.21327960777384297,-0.21874529123306274
PEVONEDISTAT,3,IALM,1.2817353010177612,0.07030633487207931,0.08917175233364105
PEVONEDISTAT,3,JVM3,-1.5952919721603394,0.26845433874286373,0.30432045459747314
PEVONEDISTAT,3,K562,0.5451390147209167,0.5458735249484126,0.6055416464805603
PEVONEDISTAT,3,L363,-0.802420973777771,0.06579834782176289,0.08427698910236359
PEVONEDISTAT,3,LCLC97TM1,2.453329086303711,0.34039005470123107,0.3824281096458435
PEVONEDISTAT,3,LP1,0.807104229927063,0.01966124496372,0.034181416034698486
PEVONEDISTAT,3,ME1,2.185072898864746,-0.6742832530171727,-0.7193021178245544
PEVONEDISTAT,3,MOLP8,-0.8310369849205017,0.6084951881329387,0.6735361218452454
PEVONEDISTAT,3,NALM6,0.13359299302101135,-0.5885324414247325,-0.6261940598487854
PEVONEDISTAT,3,NCIH1105,0.5201814770698547,-0.09931323439175432,-0.09500083327293396
PEVONEDISTAT,3,NCIH1436,2.9829494953155518,-0.02549664389244951,-0.014850928448140621
PEVONEDISTAT,3,NCIH1651,1.3424922227859497,0.5214180087868955,0.5789878964424133
PEVONEDISTAT,3,NCIH2009,0.33490049839019775,1.0051370604565608,1.104209065437317
PEVONEDISTAT,3,NCIH2196,3.838627338409424,0.014801219383693158,0.02890441007912159
PEVONEDISTAT,3,NCIH23,-0.302114337682724,0.3237353342702768,0.36434444785118103
PEVONEDISTAT,3,OCIM1,-1.1215389966964722,-0.24327955194138798,-0.25131916999816895
PEVONEDISTAT,3,P31FUJ,-0.7151569724082947,-0.03830831692522273,-0.028761817142367363
PEVONEDISTAT,3,RERFLCMS,0.10226451605558395,0.645093979303747,0.7132750153541565
PEVONEDISTAT,3,RPMI8402,-0.4444139897823334,-0.8092725992096937,-0.8658732771873474
PEVONEDISTAT,3,RS411,-0.8023179769515991,-0.6470066390481312,-0.6896852254867554
PEVONEDISTAT,3,SHP77,0.827301025390625,0.7431562635214473,0.8197508454322815
PEVONEDISTAT,3,ST486,-0.06403999775648117,-0.5684708684012683,-0.604411244392395
PEVONEDISTAT,3,SUDHL1,-1.4425510168075562,-0.7338388778711805,-0.7839674949645996
PEVONEDISTAT,3,SUDHL5,-2.0315260887145996,-0.2166466067536919,-0.22240117192268372
PEVONEDISTAT,3,SUPB15,0.08725232630968094,-0.7149445326245916,-0.7634520530700684
PEVONEDISTAT,3,SW1271,0.34343743324279785,0.1609167346017422,0.18755634129047394
PEVONEDISTAT,3,WSUDLCL2,0.06468654423952103,-0.19265816285570966,-0.19635456800460815
PEVONEDISTAT,4,CALU6,0.01276599895209074,0.8109834668354565,1.013051152229309
PEVONEDISTAT,4,CMK,-0.829505980014801,0.6047557818540739,0.7479739785194397
PEVONEDISTAT,4,CMLT1,-0.8892920017242432,-0.24572286135909865,-0.34519872069358826
PEVONEDISTAT,4,CORL95,1.3731759786605835,0.7600440915600917,0.9475756287574768
PEVONEDISTAT,4,DAUDI,-0.7655640244483948,-0.5368731625221588,-0.7194321751594543
PEVONEDISTAT,4,DMS53,1.9243340492248535,0.457435135600199,0.558613657951355
PEVONEDISTAT,4,EBC1,-0.6952030062675476,0.5469062075655036,0.673616349697113
PEVONEDISTAT,4,GRANTA519,-0.8056797981262207,-0.0763927742532494,-0.12754830718040466
PEVONEDISTAT,4,HL60,-0.9032909870147705,-0.7580478040758014,-1.0037215948104858
PEVONEDISTAT,4,HT,0.4147160053253174,-0.5611686908752369,-0.7506607174873352
PEVONEDISTAT,4,KCL22,-0.7638199925422668,-0.1728542222189073,-0.25153616070747375
PEVONEDISTAT,4,L540,-0.31081050634384155,-0.30612581068718886,-0.42283836007118225
PEVONEDISTAT,4,LAMA84,0.17037814855575562,-0.5799599693610555,-0.7748143076896667
PEVONEDISTAT,4,LCLC103H,0.10532029718160629,0.5347530642504397,0.6579951643943787
PEVONEDISTAT,4,LOUNH91,0.33222463726997375,0.7676100817544693,0.9573006629943848
PEVONEDISTAT,4,LU65,1.2216730117797852,0.4937727929784439,0.6053206920623779
PEVONEDISTAT,4,LXF289,0.5033262372016907,0.4347568730676952,0.5294638872146606
PEVONEDISTAT,4,MM1S,0.3791234493255615,-0.233736981429022,-0.3297925293445587
PEVONEDISTAT,4,MOLM13,-1.5111030340194702,-0.10502820084241404,-0.16435518860816956
PEVONEDISTAT,4,NCIH1650,1.611784815788269,1.042578659008495,1.310734748840332
PEVONEDISTAT,4,NCIH1792,1.080827236175537,0.3742222739614019,0.4516550302505493
PEVONEDISTAT,4,NCIH1836,3.432636022567749,0.5775919669983629,0.7130586504936218
PEVONEDISTAT,4,NCIH1963,-3.0927650928497314,0.4588390443832559,0.5604181885719299
PEVONEDISTAT,4,NCIH2029,2.7959370613098145,0.701160424262036,0.8718888163566589
PEVONEDISTAT,4,NCIH2171,-0.2898116707801819,0.5878374637562873,0.7262278199195862
PEVONEDISTAT,4,NCIH2172,1.8923523426055908,0.7773782727120964,0.969856321811676
PEVONEDISTAT,4,NCIH2291,1.8320775032043457,0.7350208492340153,0.9154117107391357
PEVONEDISTAT,4,NCIH2347,0.46689459681510925,0.8397141876458989,1.0499805212020874
PEVONEDISTAT,4,NCIH292,0.32217085361480713,0.6353227828924359,0.7872636318206787
PEVONEDISTAT,4,NCIH460,0.4719063341617584,0.44678393123061594,0.5449230074882507
PEVONEDISTAT,4,NCIH69,0.4126800000667572,0.8619363363290171,1.078544020652771
PEVONEDISTAT,4,NCIH838,-0.44341468811035156,0.8996396456861564,1.1270064115524292
PEVONEDISTAT,4,NOMO1,-1.0981630086898804,0.15631196957724217,0.17156146466732025
PEVONEDISTAT,4,OCIAML3,-0.8498304486274719,-0.5510581826711516,-0.737665057182312
PEVONEDISTAT,4,RERFLCKJ,0.05835029482841492,0.5552402552718141,0.6843286156654358
PEVONEDISTAT,4,RL,0.11153832823038101,-0.4655110531439477,-0.6277060508728027
PEVONEDISTAT,4,RPMI8226,0.8819419741630554,0.21272865265535973,0.24407730996608734
PEVONEDISTAT,4,SBC5,-0.807407021522522,0.3566016768689001,0.4290061891078949
PEVONEDISTAT,4,SKMES1,0.9918220043182373,0.7029099426953034,0.8741375803947449
PEVONEDISTAT,4,SUDHL8,-0.37699300050735474,-0.3234220132663339,-0.4450702369213104
PEVONEDISTAT,5,CORL311,-2.6154210567474365,0.47221895002904546,0.5205563306808472
PEVONEDISTAT,5,CORL88,1.7145930528640747,0.861285151300317,0.978961169719696
PEVONEDISTAT,5,DOHH2,-0.7421061992645264,-0.47209489245953373,-0.5920513272285461
PEVONEDISTAT,5,GA10,-0.510532021522522,-0.4625846019498493,-0.5808461308479309
PEVONEDISTAT,5,HCC15,0.2521388828754425,0.6240376213509619,0.699431836605072
PEVONEDISTAT,5,HCC33,1.1904150247573853,0.9636641935397915,1.099586009979248
PEVONEDISTAT,5,JEKO1,0.42652076482772827,-0.13243964906583167,-0.19186337292194366
PEVONEDISTAT,5,JURKAT,-1.1972579956054688,-0.28612442755586487,-0.37293756008148193
PEVONEDISTAT,5,KMS11,-0.6076629757881165,0.204752539268278,0.2054225653409958
PEVONEDISTAT,5,KNS62,0.295437216758728,0.5712530605240823,0.6372401118278503
PEVONEDISTAT,5,L1236,0.1780730038881302,-0.1043162450615149,-0.15872786939144135
PEVONEDISTAT,5,LOUCY,0.32823750376701355,-0.2542158933259515,-0.3353423476219177
PEVONEDISTAT,5,MOLT13,-1.149991512298584,-0.31161951552393863,-0.4029763340950012
PEVONEDISTAT,5,MOLT16,-1.445999026298523,-0.09197563741976866,-0.14418794214725494
PEVONEDISTAT,5,MONOMAC6,-2.0415549278259277,0.25280172241561993,0.26203498244285583
PEVONEDISTAT,5,NB4,-2.375559091567993,-0.7383585417493855,-0.9057679772377014
PEVONEDISTAT,5,NCIH1092,1.3178550004959106,0.3624264979263032,0.3911968767642975
PEVONEDISTAT,5,NCIH1341,0.02040753699839115,0.4508868400663506,0.49542245268821716
PEVONEDISTAT,5,NCIH1623,-0.2504439353942871,1.1754936822701167,1.3491673469543457
PEVONEDISTAT,5,NCIH1648,0.4754607677459717,1.2052731866684412,1.3842540979385376
PEVONEDISTAT,5,NCIH2081,1.1690194606781006,0.8481680813948155,0.9635064005851746
PEVONEDISTAT,5,NCIH2085,1.0049655437469482,0.9917778086104642,1.1327099800109863
PEVONEDISTAT,5,NCIH2087,0.74932861328125,0.5517806203041491,0.6142973303794861
PEVONEDISTAT,5,NCIH211,0.24600152671337128,0.8745934974751125,0.9946413040161133
PEVONEDISTAT,5,NCIH2405,1.4128869771957397,0.6785401779739864,0.763647735118866
PEVONEDISTAT,5,NCIH441,1.0013649463653564,0.6470580061872389,0.7265548706054688
PEVONEDISTAT,5,NCIH446,1.4243510961532593,0.06512379999611488,0.040909457951784134
PEVONEDISTAT,5,NCIH522,2.2582144737243652,0.3661251718852446,0.39555472135543823
PEVONEDISTAT,5,NCIH647,0.3343850076198578,0.8721536500295214,0.991766631603241
PEVONEDISTAT,5,NCIH650,0.565207839012146,0.32089946373417444,0.3422689735889435
PEVONEDISTAT,5,NCIH727,2.961000919342041,0.7872894636363751,0.8917781114578247
PEVONEDISTAT,5,NCIH929,0.692238986492157,0.025139825514646098,-0.006200384348630905
PEVONEDISTAT,5,NUDUL1,-0.5035725235939026,-0.15033551449221483,-0.21294860541820526
PEVONEDISTAT,5,OCILY19,0.2979173958301544,-0.3291515209749456,-0.4236328601837158
PEVONEDISTAT,5,P12ICHIKAWA,-0.12439499795436859,-0.4998505411505385,-0.6247535347938538
PEVONEDISTAT,5,RCHACV,-0.7926440238952637,-0.21841298234742113,-0.29315871000289917
PEVONEDISTAT,5,SIGM5,-0.8836449980735779,-0.12001506400884396,-0.17722450196743011
PEVONEDISTAT,5,SKLU1,0.4773530066013336,0.5310735097249487,0.5898998379707336
PEVONEDISTAT,5,SUPM2,-1.7437729835510254,-0.2613212932538591,-0.34371405839920044
PEVONEDISTAT,5,SUPT1,-0.40571048855781555,-0.4877326507199974,-0.610476016998291
PFI-1,1,A4FUK,1.8682550191879272,1.9345529825076548,1.9814059734344482
PFI-1,1,AMO1,1.9860199689865112,2.167255470096018,2.2111966609954834
PFI-1,1,BV173,2.166956901550293,2.5502920817815156,2.58944034576416
PFI-1,1,CMK,1.1244759559631348,3.10707377738465,3.1392550468444824
PFI-1,1,CORL23,3.324863910675049,2.7062551312247085,2.7434518337249756
PFI-1,1,CORL95,4.99148416519165,3.283754043829182,3.3137245178222656
PFI-1,1,DMS114,2.9078149795532227,3.067386401107119,3.100064277648926
PFI-1,1,DND41,2.649264097213745,2.5591661982391964,2.598203420639038
PFI-1,1,EJM,3.000309467315674,2.303622548540578,2.3458573818206787
PFI-1,1,GRANTA519,4.5559821128845215,2.224655829091582,2.267878770828247
PFI-1,1,HCC44,1.5551999807357788,3.4231963398311214,3.4514219760894775
PFI-1,1,JURLMK1,3.1401994228363037,2.6500624536472186,2.687962293624878
PFI-1,1,KG1,2.1202235221862793,2.3481285785050194,2.3898065090179443
PFI-1,1,KNS62,2.4875473976135254,3.4360853571886736,3.4641497135162354
PFI-1,1,L428,3.6949245929718018,2.462832962052763,2.50307559967041
PFI-1,1,ME1,3.507952928543091,1.9979333201843192,2.0439932346343994
PFI-1,1,MOLP8,1.8345999717712402,1.8027470623017094,1.85124933719635
PFI-1,1,MOLT16,1.6529204845428467,1.8182270898827853,1.8665356636047363
PFI-1,1,NAMALWA,1.8848730325698853,2.235835694758101,2.278918743133545
PFI-1,1,NCIH146,3.3646531105041504,4.075428568049222,4.095492839813232
PFI-1,1,NCIH1568,2.259608030319214,2.885384562064471,2.920339822769165
PFI-1,1,NCIH1781,4.512916564941406,3.3507057576626145,3.379838466644287
PFI-1,1,NCIH1836,4.591365814208984,4.096309722612111,4.11611270904541
PFI-1,1,NCIH1975,3.2859740257263184,3.770261090901372,3.7941439151763916
PFI-1,1,NCIH2009,3.1182808876037598,3.4578523540392303,3.4856443405151367
PFI-1,1,NCIH2029,4.981089115142822,3.6808697291916417,3.705871105194092
PFI-1,1,NCIH2066,5.009895324707031,3.141825160277313,3.1735715866088867
PFI-1,1,NCIH2087,2.546114921569824,3.484048079448711,3.511512279510498
PFI-1,1,NCIH211,2.1623809337615967,3.5803986992941015,3.6066572666168213
PFI-1,1,NCIH2227,1.8541375398635864,3.9314213714931983,3.9532876014709473
PFI-1,1,NCIH2342,4.264359951019287,3.5432942450098843,3.570017099380493
PFI-1,1,NCIH2347,2.05056095123291,3.801161751895421,3.824657917022705
PFI-1,1,NCIH596,2.763606071472168,3.3836550345767678,3.4123754501342773
PFI-1,1,NCIH838,2.6794042587280273,3.037796999165761,3.070845127105713
PFI-1,1,NOMO1,1.5376574993133545,2.0939642738566726,2.138822555541992
PFI-1,1,P31FUJ,2.1630771160125732,2.3592809200448572,2.4008193016052246
PFI-1,1,PF382,2.5934829711914062,2.8821666536398225,2.9171621799468994
PFI-1,1,SKM1,1.6146074533462524,2.006297757418978,2.052253007888794
PFI-1,1,SUDHL1,3.5011088848114014,2.3088417507026153,2.351011276245117
PFI-1,1,SUDHL6,2.353320598602295,2.2586471597843056,2.3014447689056396
PFI-1,1,SW1271,4.541827201843262,2.4864996065237532,2.5264461040496826
PFI-1,2,A3KAW,0.6175804734230042,3.1961937059282794,3.2636821269989014
PFI-1,2,CALU3,3.6335625648498535,3.355668210715699,3.4365339279174805
PFI-1,2,DMS53,3.8804264068603516,3.5755955746717074,3.6749095916748047
PFI-1,2,DOHH2,2.56707501411438,2.4023826670082937,2.4032833576202393
PFI-1,2,EM2,2.136275053024292,2.180722623324053,2.163029670715332
PFI-1,2,GDM1,2.343647003173828,2.080984765289946,2.0549254417419434
PFI-1,2,HCC15,2.2307040691375732,3.4048976957858224,3.4898929595947266
PFI-1,2,HCC827,4.0530219078063965,3.146834440352931,3.2101824283599854
PFI-1,2,HEL,1.801632046699524,2.137061821762872,2.115706443786621
PFI-1,2,IALM,2.6133458614349365,2.9973908687846125,3.0482029914855957
PFI-1,2,JEKO1,2.4595324993133545,2.795333180563295,2.829195976257324
PFI-1,2,JURKAT,2.6095099449157715,2.664635633090372,2.687535047531128
PFI-1,2,JVM2,1.6062674522399902,3.2912123928452734,3.366671323776245
PFI-1,2,JVM3,1.9196720123291016,3.477157941326388,3.5682146549224854
PFI-1,2,KMS12BM,1.6734490394592285,2.9681572600652895,3.016517162322998
PFI-1,2,LCLC97TM1,2.6778485774993896,2.875158969657603,2.915717840194702
PFI-1,2,LXF289,2.5745110511779785,2.707878277464379,2.734405040740967
PFI-1,2,MM1S,2.5841779708862305,2.210371309693138,2.1951653957366943
PFI-1,2,MONOMAC6,1.5459765195846558,2.562566125301375,2.5769035816192627
PFI-1,2,NCIH1048,4.083115100860596,3.0258904477650614,3.0790932178497314
PFI-1,2,NCIH1436,4.112109184265137,4.050703967009822,4.189871788024902
PFI-1,2,NCIH1623,5.251211166381836,3.4195134003106937,3.50573468208313
PFI-1,2,NCIH1648,3.853156089782715,3.5275308146442392,3.6228129863739014
PFI-1,2,NCIH1876,3.7459795475006104,3.592264670749588,3.692976951599121
PFI-1,2,NCIH2023,3.0123279094696045,2.8683054591469337,2.9082894325256348
PFI-1,2,NCIH2030,2.832568883895874,3.0268622617855425,3.080146551132202
PFI-1,2,NCIH2085,4.598452568054199,2.915897290214684,2.9598734378814697
PFI-1,2,NCIH2110,3.13120698928833,3.546769564725574,3.6436655521392822
PFI-1,2,NCIH2122,3.259208917617798,3.1754776577569594,3.2412283420562744
PFI-1,2,NCIH2170,4.209565162658691,3.495167516046372,3.5877349376678467
PFI-1,2,NCIH23,2.244575023651123,3.23660845509013,3.3074870109558105
PFI-1,2,NCIH526,3.884906530380249,3.7400136168734095,3.8531196117401123
PFI-1,2,NCIH810,2.4751229286193848,3.8592368079487795,3.9823436737060547
PFI-1,2,OCIAML5,2.93886399269104,2.172521375261666,2.1541404724121094
PFI-1,2,OPM2,1.5510585308074951,2.395729766363328,2.3960723876953125
PFI-1,2,P12ICHIKAWA,3.459584951400757,2.071648927658151,2.044806480407715
PFI-1,2,SKLU1,3.641930103302002,2.938858321159438,2.9847605228424072
PFI-1,2,SKMM2,1.7184025049209595,2.7147869996815084,2.7418932914733887
PFI-1,2,ST486,2.284492015838623,2.4149267227226416,2.416879653930664
PFI-1,2,SUDHL4,3.324584484100342,2.5552539836832584,2.5689780712127686
PFI-1,2,WSUDLCL2,2.4781808853149414,2.634669314433923,2.655055046081543
PFI-1,3,697,1.0376379489898682,2.540777824362681,2.546292304992676
PFI-1,3,A549,2.4490609169006348,3.132463944505067,3.1754539012908936
PFI-1,3,ABC1,3.288691997528076,3.508139938666429,3.5749239921569824
PFI-1,3,ALLSIL,2.608189582824707,2.420496411441597,2.4183926582336426
PFI-1,3,CHAGOK1,4.282498836517334,3.6641889563074255,3.740856647491455
PFI-1,3,COLO668,3.9940578937530518,3.465942003736499,3.5300533771514893
PFI-1,3,CORL105,2.4704172611236572,3.1919342410026412,3.2386908531188965
PFI-1,3,CORL88,4.744368553161621,3.8345591863747344,3.9220175743103027
PFI-1,3,EBC1,1.0924978256225586,3.3540212084405465,3.411043882369995
PFI-1,3,EHEB,5.0865631103515625,2.415306227554381,2.4128737449645996
PFI-1,3,HCC33,4.152021884918213,3.5644111016015874,3.6347591876983643
PFI-1,3,HDLM2,2.8207879066467285,2.5579239515459937,2.5645244121551514
PFI-1,3,HH,1.6863889694213867,2.4993283270435827,2.5022175312042236
PFI-1,3,HT,2.7732250690460205,2.158327326314661,2.1396186351776123
PFI-1,3,JM1,2.017364501953125,2.322665660454292,2.3143656253814697
PFI-1,3,K562,3.012223958969116,2.933224157380288,2.963594913482666
PFI-1,3,KMH2,3.657125949859619,2.4939076476908375,2.4964535236358643
PFI-1,3,KOPN8,2.1360208988189697,2.2940759266857125,2.2839651107788086
PFI-1,3,LAMA84,3.923335075378418,1.9912859395634728,1.961997389793396
PFI-1,3,LCLC103H,3.6588070392608643,3.046165365967701,3.0836894512176514
PFI-1,3,LP1,3.0009024143218994,2.2104329787842625,2.1950244903564453
PFI-1,3,MEG01,1.9993904829025269,2.749703353822002,2.7684504985809326
PFI-1,3,NCIH1092,5.4825897216796875,3.8680151099179922,3.957592487335205
PFI-1,3,NCIH1437,3.0901200771331787,3.362285636810121,3.4198317527770996
PFI-1,3,NCIH1944,1.5603220462799072,3.2203858568658066,3.268944501876831
PFI-1,3,NCIH358,5.437346935272217,3.881660531164243,3.972102165222168
PFI-1,3,NCIH727,3.7400805950164795,3.6781935737947045,3.7557482719421387
PFI-1,3,NCIH82,4.107970237731934,3.2176535438863,3.2660391330718994
PFI-1,3,NUDUL1,2.2754194736480713,2.380643566077781,2.3760156631469727
PFI-1,3,OCIAML3,0.43147599697113037,2.1493850888086143,2.130110025405884
PFI-1,3,OCILY19,3.195413112640381,2.5485617548892323,2.5545692443847656
PFI-1,3,PL21,2.4553439617156982,2.2206741075663867,2.205914258956909
PFI-1,3,RCHACV,1.825342059135437,2.8159331316418466,2.8388750553131104
PFI-1,3,REH,3.2424325942993164,2.735529676431018,2.7533791065216064
PFI-1,3,RERFLCKJ,1.5337309837341309,3.5937555510676082,3.6659622192382812
PFI-1,3,RL,2.67495059967041,2.493250690770605,2.4957549571990967
PFI-1,3,RPMI8402,1.8546165227890015,2.8653853956493207,2.8914594650268555
PFI-1,3,SIGM5,3.573683977127075,2.5353822573563747,2.540555000305176
PFI-1,3,SUDHL8,2.8849945068359375,2.5190486939542645,2.5231869220733643
PFI-1,3,SUPM2,2.0992119312286377,2.3456091521869338,2.3387622833251953
PFI-1,3,SW1573,2.877408027648926,3.234392492309496,3.2838382720947266
PFI-1,4,BEN,2.1568329334259033,3.853870181314664,3.9273195266723633
PFI-1,4,BL41,1.5862984657287598,2.6794856802823364,2.6485064029693604
PFI-1,4,CALU6,4.538898944854736,3.4823053227342466,3.522714376449585
PFI-1,4,CORL279,2.751140594482422,3.7660117872448,3.831648588180542
PFI-1,4,DB,2.5188350677490234,2.6243564663983943,2.588474988937378
PFI-1,4,HARA,1.9482450485229492,3.2685901234568875,3.2899951934814453
PFI-1,4,HCC366,3.038783073425293,2.9175020489825427,2.9076876640319824
PFI-1,4,HCC78,1.934544563293457,3.2451198661699054,3.2644379138946533
PFI-1,4,HL60,2.1486945152282715,2.2315964514542572,2.160789966583252
PFI-1,4,KARPAS422,2.7443668842315674,2.58391239292674,2.5444345474243164
PFI-1,4,KMS11,1.6338169574737549,2.8263670804427905,2.8084487915039062
PFI-1,4,KU812,2.012234926223755,2.554263170847595,2.512148857116699
PFI-1,4,L1236,2.261312961578369,2.836084045025059,2.8190298080444336
PFI-1,4,LOUNH91,2.667952060699463,3.418676063807204,3.4534270763397217
PFI-1,4,MHHCALL2,3.772916078567505,2.694699801912081,2.6650733947753906
PFI-1,4,MOLT13,1.345205545425415,2.6935310511923842,2.6638007164001465
PFI-1,4,NB4,0.9370114803314209,2.3216738954574536,2.2588772773742676
PFI-1,4,NCIH1651,3.922621965408325,3.0968358775661433,3.102968215942383
PFI-1,4,NCIH1792,2.2848060131073,3.48595936558944,3.526693344116211
PFI-1,4,NCIH1793,5.992767333984375,3.298155050101959,3.3221890926361084
PFI-1,4,NCIH1963,3.1433889865875244,3.550102498240561,3.5965402126312256
PFI-1,4,NCIH2081,3.692509889602661,3.4226696968396637,3.457775831222534
PFI-1,4,NCIH2171,3.0126030445098877,3.6442541485742406,3.699064016342163
PFI-1,4,NCIH2196,5.884451866149902,3.3784012380512345,3.4095709323883057
PFI-1,4,NCIH2228,5.374157905578613,3.1577816953503226,3.1693334579467773
PFI-1,4,NCIH2405,5.176997661590576,3.4530850220975684,3.4908957481384277
PFI-1,4,NCIH2444,3.420414924621582,3.3729774289788605,3.4036648273468018
PFI-1,4,NCIH292,1.4406108856201172,3.444982588764278,3.4820728302001953
PFI-1,4,NCIH460,3.446981906890869,3.069177998273743,3.0728509426116943
PFI-1,4,NCIH522,2.6015098094940186,2.975785225795903,2.971153497695923
PFI-1,4,NCIH524,3.35148549079895,3.696473746812987,3.755927085876465
PFI-1,4,NCIH647,5.704588890075684,3.606112325724095,3.6575305461883545
PFI-1,4,NCIH661,3.5205938816070557,3.1709004733331025,3.1836187839508057
PFI-1,4,NCIH69,3.733762502670288,3.7451818381123374,3.8089663982391357
PFI-1,4,NCIH841,2.4211299419403076,3.1910229976668876,3.2055306434631348
PFI-1,4,RERFLCMS,2.6391119956970215,3.2636431856972714,3.2846083641052246
PFI-1,4,RPMI8226,2.3434605598449707,2.4327465952235676,2.379826784133911
PFI-1,4,SUDHL10,1.089601993560791,1.9549295314855428,1.8595212697982788
PFI-1,4,SUDHL5,2.1799795627593994,2.517320313703905,2.471920967102051
PFI-1,4,SUPB15,4.229732990264893,2.417094356285821,2.3627827167510986
PFI-1,5,CA46,2.3033034801483154,2.5032873495892174,2.3706350326538086
PFI-1,5,CAL12T,2.759690999984741,2.9050413758750797,2.9100351333618164
PFI-1,5,CMLT1,3.708807945251465,2.4145127028116242,2.2514450550079346
PFI-1,5,CORL311,4.802606105804443,3.276113287168554,3.408241033554077
PFI-1,5,DAUDI,1.872302532196045,2.6087134911656387,2.512181520462036
PFI-1,5,DMS273,3.5191900730133057,2.947923103671983,2.967608690261841
PFI-1,5,DMS79,4.5460710525512695,3.667357178324167,3.93353009223938
PFI-1,5,EPLC272H,2.1243784427642822,2.983247997074473,3.0150363445281982
PFI-1,5,GA10,1.7492079734802246,2.5665577024829256,2.455582618713379
PFI-1,5,KCL22,2.9875783920288086,2.8127002513163233,2.7860567569732666
PFI-1,5,L363,2.20892596244812,2.19349567385757,1.954704761505127
PFI-1,5,L540,2.0282950401306152,2.6942670494911054,2.627046823501587
PFI-1,5,LOUCY,2.2958765029907227,2.6732146376015313,2.5987815856933594
PFI-1,5,LU65,5.41284704208374,2.922581293714096,2.933584451675415
PFI-1,5,MOLM13,1.6035665273666382,2.5724223955321532,2.463456630706787
PFI-1,5,MOLM16,1.0829620361328125,2.8312724304251016,2.8109920024871826
PFI-1,5,NALM6,2.0551400184631348,2.420402434367481,2.259352684020996
PFI-1,5,NCIH1105,3.546452522277832,3.3061516816890872,3.448570966720581
PFI-1,5,NCIH1155,3.6001999378204346,3.6661828546054442,3.9319534301757812
PFI-1,5,NCIH1341,2.918497085571289,3.2248367341064297,3.3393964767456055
PFI-1,5,NCIH1435,3.320843458175659,3.1866878167966584,3.288177251815796
PFI-1,5,NCIH1650,3.5935890674591064,3.431986159527106,3.6175179481506348
PFI-1,5,NCIH1915,3.4771170616149902,2.976324050890181,3.005740165710449
PFI-1,5,NCIH196,4.654658317565918,3.231202552444367,3.3479433059692383
PFI-1,5,NCIH209,3.4398300647735596,3.5639003774464664,3.7946276664733887
PFI-1,5,NCIH2172,4.6594672203063965,3.3666990525923373,3.529862642288208
PFI-1,5,NCIH2291,5.096412658691406,3.0278200904359496,3.0748794078826904
PFI-1,5,NCIH441,5.743142604827881,3.017227559085304,3.0606577396392822
PFI-1,5,NCIH446,2.5632383823394775,3.2024705997200895,3.3093674182891846
PFI-1,5,NCIH650,2.5836446285247803,3.0082891673747465,3.048656940460205
PFI-1,5,NCIH929,1.128411054611206,2.6685077535113346,2.5924620628356934
PFI-1,5,OCIAML2,1.1260180473327637,2.697405741722835,2.631260871887207
PFI-1,5,OCIM1,1.6937919855117798,2.508138604643171,2.377148389816284
PFI-1,5,RAJI,2.984161615371704,2.4601861353086703,2.3127667903900146
PFI-1,5,RS411,2.712656021118164,2.3136014834412415,2.1159603595733643
PFI-1,5,SBC5,2.4851250648498535,3.0930732799610285,3.162489175796509
PFI-1,5,SHP77,4.182944297790527,3.2062405819593893,3.3144290447235107
PFI-1,5,SKMES1,2.2373292446136475,3.1118267662702936,3.1876678466796875
PFI-1,5,SUPT1,2.3350605964660645,2.7922286972649375,2.7585713863372803
PFI-1,5,THP1,1.9787174463272095,2.7226882406082806,2.665205478668213
PICTILISIB,1,A3KAW,1.219702959060669,0.7418015435822037,0.7724111080169678
PICTILISIB,1,A549,0.09607700258493423,0.8161462588491716,0.850023090839386
PICTILISIB,1,ABC1,3.551754951477051,1.3964292020142974,1.4558080434799194
PICTILISIB,1,CALU3,1.025818943977356,0.9944778721125911,1.0361919403076172
PICTILISIB,1,CORL311,0.6796500086784363,1.7710935932010392,1.8469380140304565
PICTILISIB,1,DB,2.0606119632720947,-0.19409230004659636,-0.20461297035217285
PICTILISIB,1,DMS79,2.8991520404815674,1.2045677393199161,1.2555147409439087
PICTILISIB,1,DOHH2,0.06606750190258026,0.1957383529902035,0.20234978199005127
PICTILISIB,1,EHEB,-0.8656014800071716,0.5366195433415961,0.5582118630409241
PICTILISIB,1,GA10,-1.1549999713897705,-0.184125149005055,-0.1942077875137329
PICTILISIB,1,HCC366,0.8960739970207214,1.4678130048343196,1.5303289890289307
PICTILISIB,1,HDLM2,2.3858680725097656,0.21931734251521096,0.2269650101661682
PICTILISIB,1,IALM,1.6235229969024658,1.206420143790282,1.2574485540390015
PICTILISIB,1,KMS11,-0.9357550144195557,0.5848167165034692,0.6085271835327148
PICTILISIB,1,L1236,-0.007096000015735626,0.8155584041941696,0.8494094014167786
PICTILISIB,1,MOLT16,0.8526489734649658,0.8404850174004137,0.875431478023529
PICTILISIB,1,NB4,-0.36229801177978516,0.5044355286981616,0.5246134400367737
PICTILISIB,1,NCIH1092,2.862128973007202,2.2298535160723776,2.325859308242798
PICTILISIB,1,NCIH1155,1.8207759857177734,1.2501681547541137,1.30311918258667
PICTILISIB,1,NCIH1437,0.3690134882926941,1.0875284810610906,1.1333318948745728
PICTILISIB,1,NCIH1648,-0.7786189913749695,1.4469930382787823,1.508594036102295
PICTILISIB,1,NCIH1650,1.8880579471588135,1.0886146647204495,1.1344658136367798
PICTILISIB,1,NCIH2009,0.7174540162086487,1.2421714815538145,1.2947710752487183
PICTILISIB,1,NCIH2023,-0.23115000128746033,1.3094311665183482,1.3649866580963135
PICTILISIB,1,NCIH2029,2.6910359859466553,1.9820606747556304,2.067176580429077
PICTILISIB,1,NCIH2066,2.0629520416259766,2.0453171700075754,2.1332130432128906
PICTILISIB,1,NCIH2122,0.9975450038909912,1.0851610757177528,1.130860447883606
PICTILISIB,1,NCIH23,2.579571008682251,1.079876778512066,1.125343918800354
PICTILISIB,1,NCIH2405,2.4837210178375244,1.0500283099561911,1.0941836833953857
PICTILISIB,1,NCIH292,-0.9938780069351196,0.9233905088194503,0.9619804620742798
PICTILISIB,1,NCIH446,0.23645299673080444,1.450553167373382,1.5123106241226196
PICTILISIB,1,NCIH460,0.7640860080718994,0.8437356892077066,0.8788250088691711
PICTILISIB,1,NCIH522,2.357595920562744,1.0855605154192285,1.1312774419784546
PICTILISIB,1,NCIH647,1.7500065565109253,1.2858872906892254,1.3404080867767334
PICTILISIB,1,NCIH727,1.6658960580825806,1.6226621198671134,1.6919833421707153
PICTILISIB,1,NOMO1,-0.24815300107002258,0.9980780822063955,1.0399503707885742
PICTILISIB,1,OCIAML3,0.4004729986190796,0.7608695365471488,0.7923170924186707
PICTILISIB,1,RERFLCKJ,1.0732029676437378,1.418324275713744,1.4786653518676758
PICTILISIB,1,SUDHL1,1.3492419719696045,1.0268787352389024,1.0700167417526245
PICTILISIB,1,SUDHL10,-0.5224630236625671,-0.16786402498868772,-0.177232027053833
PICTILISIB,1,SUPB15,1.6152420043945312,0.10844348543621979,0.11121851950883865
PICTILISIB,2,A4FUK,-0.7129250168800354,0.8897568904272568,0.8924422860145569
PICTILISIB,2,CHAGOK1,1.7831079959869385,1.572021795696368,1.5417943000793457
PICTILISIB,2,CORL23,1.0257209539413452,0.6464847822225803,0.6609057784080505
PICTILISIB,2,DAUDI,1.0424129962921143,0.7415526757435502,0.7513875365257263
PICTILISIB,2,DMS273,0.8397150039672852,0.7691550379712642,0.7776583433151245
PICTILISIB,2,DND41,1.8889869451522827,1.1793312847542519,1.1680474281311035
PICTILISIB,2,EJM,1.331050992012024,1.2323022739352547,1.2184630632400513
PICTILISIB,2,HCC33,2.46354603767395,1.8025659715890674,1.7612168788909912
PICTILISIB,2,HT,0.20153899490833282,0.1331684018490947,0.17235210537910461
PICTILISIB,2,KARPAS422,0.2477249950170517,0.29064554880679583,0.3222324550151825
PICTILISIB,2,KG1,2.5102200508117676,1.120802134950961,1.1123417615890503
PICTILISIB,2,KMH2,1.439805507659912,0.5839897315074494,0.6014255285263062
PICTILISIB,2,L363,-0.5208590030670166,0.5157655518707375,0.5364925265312195
PICTILISIB,2,LCLC103H,1.7594250440597534,0.45806102663921944,0.4815717041492462
PICTILISIB,2,LCLC97TM1,0.8867800235748291,0.8130653335472481,0.8194503784179688
PICTILISIB,2,LP1,1.6447639465332031,0.6142501810960385,0.630226194858551
PICTILISIB,2,LU65,3.259239912033081,1.8801260850049346,1.8350354433059692
PICTILISIB,2,MM1S,-1.5224984884262085,0.5367194391572293,0.5564355850219727
PICTILISIB,2,MOLM13,-0.26600199937820435,0.7839186203083387,0.7917097210884094
PICTILISIB,2,MOLP8,-0.38300999999046326,0.36052286038359393,0.38873884081840515
PICTILISIB,2,NCIH146,2.7173080444335938,1.620070025121246,1.587524652481079
PICTILISIB,2,NCIH1651,3.143794059753418,1.6454694013181075,1.6116987466812134
PICTILISIB,2,NCIH1915,3.5037078857421875,1.351642906398771,1.332046627998352
PICTILISIB,2,NCIH1944,0.24317699670791626,1.0114238816504195,1.008239984512329
PICTILISIB,2,NCIH1963,2.9392080307006836,1.8704093240360358,1.8257874250411987
PICTILISIB,2,NCIH1975,-0.4276520013809204,1.2972893911462697,1.2803151607513428
PICTILISIB,2,NCIH2030,0.3542479872703552,1.8586123861333221,1.8145595788955688
PICTILISIB,2,NCIH209,2.1635210514068604,1.8294039865300158,1.7867602109909058
PICTILISIB,2,NCIH211,1.7433580160140991,2.426061432049618,2.3546345233917236
PICTILISIB,2,NCIH2196,0.6455119848251343,1.7805655453833507,1.7402777671813965
PICTILISIB,2,NCIH2291,1.324125051498413,1.2660367617900257,1.2505701780319214
PICTILISIB,2,NCIH2444,2.487431049346924,1.06809354766521,1.0621758699417114
PICTILISIB,2,NCIH596,0.9145709872245789,1.1287551042783632,1.1199110746383667
PICTILISIB,2,OCIAML2,1.587020993232727,0.21911034573286148,0.2541481554508209
PICTILISIB,2,OCIAML5,0.24286499619483948,0.9857820185470152,0.9838351011276245
PICTILISIB,2,OCILY19,0.748009979724884,-0.6078429332652109,-0.5329123735427856
PICTILISIB,2,REH,-1.1936229467391968,-0.1870273542675243,-0.13239720463752747
PICTILISIB,2,SKLU1,0.9780759811401367,1.3880497602855668,1.3666971921920776
PICTILISIB,2,SUDHL4,0.03311900049448013,0.5639112269636376,0.5823156237602234
PICTILISIB,2,SUDHL5,-2.2657930850982666,0.8423617849559778,0.847333550453186
PICTILISIB,2,SW1573,1.0498310327529907,1.371556642592605,1.3509997129440308
PICTILISIB,3,697,-1.1903380155563354,0.7403131554451894,0.7812783718109131
PICTILISIB,3,BL41,0.8301029801368713,0.7462062938180107,0.7863799333572388
PICTILISIB,3,CAL12T,0.974511981010437,0.8373057165870641,0.8652427196502686
PICTILISIB,3,COLO668,2.142177104949951,2.5165514680151233,2.3189291954040527
PICTILISIB,3,CORL88,3.7654690742492676,1.7775629325622029,1.679202914237976
PICTILISIB,3,CORL95,2.167987108230591,1.1591225738754058,1.1438325643539429
PICTILISIB,3,DMS114,0.8395500183105469,1.473800326766921,1.416242241859436
PICTILISIB,3,EM2,0.28308001160621643,0.48138790667521936,0.5571324229240417
PICTILISIB,3,GRANTA519,1.6155500411987305,-0.9253931122926404,-0.660687267780304
PICTILISIB,3,HCC827,1.1067739725112915,1.7501253781430055,1.6554508209228516
PICTILISIB,3,HH,-1.9403189420700073,0.6486390845529958,0.7019181251525879
PICTILISIB,3,JM1,1.2745939493179321,-0.48801390464805905,-0.28205761313438416
PICTILISIB,3,K562,2.5941009521484375,1.3777671649717795,1.3331084251403809
PICTILISIB,3,KOPN8,1.604675054550171,-0.3572063206686109,-0.1688203364610672
PICTILISIB,3,LAMA84,2.0619969367980957,1.2314969780754788,1.2064855098724365
PICTILISIB,3,LOUCY,0.6299430131912231,1.4037760171917006,1.355623722076416
PICTILISIB,3,LXF289,-0.6381809711456299,1.265796434238284,1.2361778020858765
PICTILISIB,3,ME1,3.9965291023254395,1.1520868868618717,1.1377419233322144
PICTILISIB,3,MHHCALL2,2.1964941024780273,-0.05634677749578,0.09162721782922745
PICTILISIB,3,NCIH1048,0.3777729868888855,2.0493728718698665,1.9145028591156006
PICTILISIB,3,NCIH1105,2.956329107284546,2.2719317627266666,2.1071672439575195
PICTILISIB,3,NCIH1436,2.387732982635498,2.085178971961566,1.9454994201660156
PICTILISIB,3,NCIH1568,1.7264169454574585,1.125824930580045,1.1150075197219849
PICTILISIB,3,NCIH1792,0.6012709736824036,1.0693648229644293,1.0661312341690063
PICTILISIB,3,NCIH1836,4.066717147827148,1.86830858801078,1.75775945186615
PICTILISIB,3,NCIH1876,0.2705470025539398,1.942674637503203,1.8221365213394165
PICTILISIB,3,NCIH2087,2.6810081005096436,0.41566863830528755,0.500240683555603
PICTILISIB,3,NCIH2228,-0.10023900121450424,0.6186564434786639,0.6759628057479858
PICTILISIB,3,OCIM1,2.6049540042877197,0.4918451116833862,0.5661849975585938
PICTILISIB,3,OPM2,1.095852017402649,-0.09808360545942947,0.05549655482172966
PICTILISIB,3,P31FUJ,1.7170100212097168,0.8608111382882633,0.8855908513069153
PICTILISIB,3,PL21,-1.171828031539917,0.5534382192486903,0.6195048093795776
PICTILISIB,3,RPMI8402,-0.9765440225601196,0.7508538104324175,0.7904031872749329
PICTILISIB,3,RS411,-0.778652012348175,-0.7674078427747476,-0.523922860622406
PICTILISIB,3,SIGM5,0.3252609968185425,1.1696831274137467,1.1529746055603027
PICTILISIB,3,SKM1,-0.38514500856399536,0.43649229991204797,0.5182672739028931
PICTILISIB,3,SKMES1,0.2973310053348541,1.3236462731883665,1.2862571477890015
PICTILISIB,3,SKMM2,1.3363239765167236,-0.13389528265369002,0.024495165795087814
PICTILISIB,3,SUPM2,1.1411269903182983,-0.07595759142831149,0.07465056329965591
PICTILISIB,3,SW1271,2.697438955307007,1.1995239310649215,1.1788071393966675
PICTILISIB,3,THP1,0.4755780100822449,0.5120334655700154,0.5836616158485413
PICTILISIB,4,BEN,2.339901924133301,1.6367200058928892,1.5758023262023926
PICTILISIB,4,BV173,0.6538509726524353,-0.8667620906208937,-0.6135278344154358
PICTILISIB,4,CALU6,2.624919891357422,2.0660165207749026,1.951228141784668
PICTILISIB,4,CMK,1.0874040126800537,1.699504195210321,1.6307079792022705
PICTILISIB,4,CMLT1,2.50517201423645,0.2598847503811292,0.3717406094074249
PICTILISIB,4,CORL105,1.0793410539627075,0.9500313111330534,0.9752834439277649
PICTILISIB,4,DMS53,3.623775005340576,2.4730762586335535,2.3072075843811035
PICTILISIB,4,EBC1,0.9751949906349182,0.9309261644671176,0.9585757255554199
PICTILISIB,4,EPLC272H,-0.4209269881248474,1.1214669955107028,1.1252063512802124
PICTILISIB,4,HCC44,-0.03892600163817406,0.8768313684565014,0.9112690687179565
PICTILISIB,4,HCC78,0.31797900795936584,1.3201163820717814,1.2989280223846436
PICTILISIB,4,HEL,2.4358789920806885,0.8898730920511302,0.9226742386817932
PICTILISIB,4,HL60,0.910739004611969,1.0595779861422219,1.0710835456848145
PICTILISIB,4,JVM2,-0.8128629922866821,0.6397745772180085,0.703959584236145
PICTILISIB,4,KMS12BM,-0.5657650232315063,0.7231789170010767,0.7768978476524353
PICTILISIB,4,KU812,1.6293729543685913,0.22809693356742577,0.34394171833992004
PICTILISIB,4,MEG01,3.4140028953552246,1.0397508476079116,1.0537444353103638
PICTILISIB,4,MOLM16,-1.5590230226516724,0.991882916233821,1.01188325881958
PICTILISIB,4,MOLT13,1.7583810091018677,0.417040392532925,0.5091754198074341
PICTILISIB,4,NCIH1341,-1.0600630044937134,1.3309209736834342,1.3083767890930176
PICTILISIB,4,NCIH1623,-0.05015699937939644,1.4432880721331027,1.4066433906555176
PICTILISIB,4,NCIH1793,1.2792719602584839,1.8036254690380962,1.7217634916305542
PICTILISIB,4,NCIH196,1.7057889699935913,1.0633828076337872,1.0744109153747559
PICTILISIB,4,NCIH2085,0.7424319982528687,1.7143344384516994,1.6436772346496582
PICTILISIB,4,NCIH2171,-0.7956749796867371,1.8487223911229729,1.7612013816833496
PICTILISIB,4,NCIH2172,2.9185891151428223,1.5566847570232196,1.5058103799819946
PICTILISIB,4,NCIH2342,1.4275109767913818,1.5738867432114219,1.5208537578582764
PICTILISIB,4,NCIH441,1.8063180446624756,0.8432170001389205,0.881872832775116
PICTILISIB,4,NCIH524,0.8422639966011047,1.586123868108216,1.5315552949905396
PICTILISIB,4,NCIH661,0.9322119951248169,1.9764146922162797,1.8728700876235962
PICTILISIB,4,NCIH810,3.599256992340088,2.1449875592194987,2.020289421081543
PICTILISIB,4,NCIH82,2.1290230751037598,2.0006310342188804,1.8940476179122925
PICTILISIB,4,NCIH838,-0.3750630021095276,1.4861881432879824,1.4441601037979126
PICTILISIB,4,P12ICHIKAWA,1.953444004058838,0.1088158752272822,0.23962876200675964
PICTILISIB,4,PF382,0.4828230142593384,-0.41476304478060544,-0.21824833750724792
PICTILISIB,4,RERFLCMS,0.034400999546051025,1.7098777591078604,1.639779806137085
PICTILISIB,4,RL,1.0415420532226562,-0.3177061543355644,-0.13337072730064392
PICTILISIB,4,RPMI8226,0.3467729985713959,0.7082373726437673,0.7638312578201294
PICTILISIB,4,ST486,1.8871150016784668,0.07494850645511736,0.21001127362251282
PICTILISIB,4,SUDHL6,-3.021902084350586,-0.03306407214865503,0.11555276066064835
PICTILISIB,5,ALLSIL,0.11252900213003159,0.3634472442952851,0.47136348485946655
PICTILISIB,5,AMO1,0.012095999903976917,0.16260447416679252,0.29037904739379883
PICTILISIB,5,CA46,0.25788500905036926,0.3321155565235065,0.4431297183036804
PICTILISIB,5,CORL279,0.8958619832992554,2.203379978159931,2.1293728351593018
PICTILISIB,5,GDM1,-1.6578630208969116,0.2926525019062191,0.4075685739517212
PICTILISIB,5,HARA,0.5014899969100952,0.8637109482341343,0.9221636056900024
PICTILISIB,5,HCC15,1.3052079677581787,0.9969938488469672,1.04226815700531
PICTILISIB,5,JEKO1,-1.4132009744644165,-0.04321212136037848,0.10491257160902023
PICTILISIB,5,JURKAT,1.150583028793335,0.9912960117909624,1.0371336936950684
PICTILISIB,5,JURLMK1,2.356534004211426,1.6735845822678939,1.6519609689712524
PICTILISIB,5,JVM3,0.5011379718780518,0.6786946874765329,0.7554408311843872
PICTILISIB,5,KCL22,1.1096299886703491,1.006029083066931,1.0504100322723389
PICTILISIB,5,KNS62,1.1907570362091064,1.5503972154734524,1.5409537553787231
PICTILISIB,5,L428,2.7457640171051025,0.5360122937611072,0.6268661618232727
PICTILISIB,5,L540,2.285278081893921,0.7023820318552805,0.7767860889434814
PICTILISIB,5,LOUNH91,1.3305939435958862,0.7851706610555561,0.8513889908790588
PICTILISIB,5,MONOMAC6,-0.09980499744415283,1.27525641487535,1.2930175065994263
PICTILISIB,5,NALM6,-1.6089140176773071,0.5724234317550975,0.6596771478652954
PICTILISIB,5,NAMALWA,-0.2551470100879669,0.21094282511078138,0.33393794298171997
PICTILISIB,5,NCIH1435,2.6353609561920166,1.6344684566208967,1.6167124509811401
PICTILISIB,5,NCIH1781,1.492522954940796,1.6326568854791788,1.6150799989700317
PICTILISIB,5,NCIH2081,2.619715929031372,1.971417646324049,1.9203457832336426
PICTILISIB,5,NCIH2110,0.33746400475502014,1.2013161611074177,1.2263880968093872
PICTILISIB,5,NCIH2170,1.603369951248169,1.6545859713472961,1.6348408460617065
PICTILISIB,5,NCIH2227,1.933223009109497,1.9905869105798895,1.937619686126709
PICTILISIB,5,NCIH2347,2.5057389736175537,1.3985977665397313,1.4041634798049927
PICTILISIB,5,NCIH358,1.456186056137085,1.5406649483671362,1.5321837663650513
PICTILISIB,5,NCIH526,3.683029890060425,1.5001804210924239,1.4957021474838257
PICTILISIB,5,NCIH650,2.271224021911621,1.326221438143304,1.338943362236023
PICTILISIB,5,NCIH69,0.10366400331258774,2.2771628075333368,2.1958603858947754
PICTILISIB,5,NCIH841,1.7941190004348755,1.0394551767329463,1.080531120300293
PICTILISIB,5,NCIH929,-2.4344849586486816,0.442562196658588,0.5426559448242188
PICTILISIB,5,NUDUL1,-1.7391639947891235,0.7511695053365947,0.8207497000694275
PICTILISIB,5,RAJI,1.687419056892395,0.4764018931561046,0.5731497406959534
PICTILISIB,5,RCHACV,-2.684990882873535,0.4141744112091563,0.5170750021934509
PICTILISIB,5,SBC5,0.821973979473114,1.8126990645273753,1.7773205041885376
PICTILISIB,5,SHP77,3.563016891479492,2.214471915793089,2.1393680572509766
PICTILISIB,5,SUDHL8,2.691735029220581,-0.23769977451336682,-0.07034511119127274
PICTILISIB,5,SUPT1,0.8522239923477173,1.2884610143409339,1.304916501045227
PICTILISIB,5,WSUDLCL2,-0.6365399956703186,-0.10898535628757088,0.0456426665186882
PLX-4720,1,A4FUK,2.9833970069885254,3.539762999004722,3.5644350051879883
PLX-4720,1,BL41,3.5278968811035156,3.7047794658349993,3.728827714920044
PLX-4720,1,BV173,2.9944260120391846,3.6351995920684894,3.659510850906372
PLX-4720,1,COLO668,4.922050952911377,4.3085409573592415,4.3303070068359375
PLX-4720,1,CORL23,3.441821575164795,3.5204757019148647,3.5452206134796143
PLX-4720,1,CORL88,5.168890953063965,4.538746913606492,4.559642791748047
PLX-4720,1,DMS114,5.15036678314209,4.276221314684539,4.298109531402588
PLX-4720,1,DOHH2,2.6095681190490723,3.3917700709889,3.417001485824585
PLX-4720,1,EHEB,4.388335227966309,3.3094486293418077,3.334991216659546
PLX-4720,1,EJM,4.521431922912598,3.5022907275458555,3.527104377746582
PLX-4720,1,GDM1,4.377754211425781,3.5396967064746145,3.564368963241577
PLX-4720,1,HCC33,3.9180378913879395,4.1745783527280755,4.196850776672363
PLX-4720,1,HCC78,5.034546852111816,4.137549786506824,4.159962177276611
PLX-4720,1,HT,3.800640106201172,3.6005405649829556,3.6249828338623047
PLX-4720,1,KNS62,2.751844882965088,3.744017942608642,3.7679178714752197
PLX-4720,1,LAMA84,2.339747905731201,3.5583500363722167,3.582951784133911
PLX-4720,1,LP1,3.3408188819885254,3.829907214720868,3.853482484817505
PLX-4720,1,ME1,4.941098213195801,3.230925247091125,3.2567646503448486
PLX-4720,1,MEG01,3.1109800338745117,3.5117825255118915,3.536560297012329
PLX-4720,1,MOLT13,3.92372989654541,3.512889874020221,3.537663459777832
PLX-4720,1,MONOMAC6,2.7387468814849854,3.873317573750227,3.896728754043579
PLX-4720,1,NCIH1651,4.457982540130615,4.479254991930559,4.500375747680664
PLX-4720,1,NCIH1792,3.3833980560302734,4.2732699808170835,4.295169353485107
PLX-4720,1,NCIH1876,3.944298028945923,4.098414697361362,4.120975017547607
PLX-4720,1,NCIH196,5.00089693069458,4.0076657280781545,4.030569076538086
PLX-4720,1,NCIH1963,4.953086853027344,4.27289424337207,4.294795036315918
PLX-4720,1,NCIH2009,3.2592129707336426,4.468366743014426,4.489528656005859
PLX-4720,1,NCIH2023,4.100792407989502,4.3102449386385375,4.332004547119141
PLX-4720,1,NCIH2087,4.001265525817871,3.9683564116333496,3.991408348083496
PLX-4720,1,NCIH2122,2.545802593231201,4.094913877395976,4.11748743057251
PLX-4720,1,NCIH2171,3.4593350887298584,4.2224003958729615,4.244492053985596
PLX-4720,1,NCIH526,3.4844720363616943,4.271153884964339,4.293061256408691
PLX-4720,1,NCIH661,4.427849292755127,4.354812664727823,4.37640380859375
PLX-4720,1,OCIAML3,4.458110809326172,3.6725282695993253,3.6966984272003174
PLX-4720,1,OCIM1,3.709338903427124,3.721311674092376,3.745297431945801
PLX-4720,1,OPM2,4.54915714263916,3.6474646674312234,3.671729564666748
PLX-4720,1,RERFLCKJ,4.575979709625244,4.676172046488902,4.6965484619140625
PLX-4720,1,SKLU1,3.065049409866333,4.144849144515046,4.167233943939209
PLX-4720,1,SKM1,4.670436859130859,3.587692498272417,3.6121833324432373
PLX-4720,1,ST486,3.5988380908966064,3.655668188539612,3.6799020767211914
PLX-4720,1,SW1271,3.7293920516967773,4.010157082729485,4.033051013946533
PLX-4720,2,A3KAW,2.658134937286377,4.172400005115265,4.173418045043945
PLX-4720,2,DMS79,4.954063892364502,4.273865312203116,4.274643898010254
PLX-4720,2,EPLC272H,4.301421165466309,3.988896522918306,3.9903476238250732
PLX-4720,2,HCC15,3.0177054405212402,3.7498597053406995,3.7518749237060547
PLX-4720,2,HCC366,4.159908771514893,4.274910143992749,4.275686264038086
PLX-4720,2,HDLM2,3.3675990104675293,3.7189967794924423,3.7210848331451416
PLX-4720,2,HEL,3.145009994506836,3.380880895773803,3.3837668895721436
PLX-4720,2,JEKO1,3.0493860244750977,3.5213180462428566,3.5238726139068604
PLX-4720,2,JURLMK1,3.3418760299682617,3.898459066455482,3.9001235961914062
PLX-4720,2,JVM2,2.829667091369629,3.9283390569993566,3.9299330711364746
PLX-4720,2,K562,3.887321949005127,3.4826380005778343,3.485283851623535
PLX-4720,2,KMS11,4.175826072692871,3.641937567216183,3.64420747756958
PLX-4720,2,KMS12BM,3.197516918182373,3.623526350136281,3.6258397102355957
PLX-4720,2,L1236,4.006653785705566,3.7495839194566107,3.7515997886657715
PLX-4720,2,L428,3.865488052368164,3.7899282397289076,3.79184889793396
PLX-4720,2,L540,3.3610448837280273,3.6934789377720287,3.695627212524414
PLX-4720,2,LCLC97TM1,2.779906988143921,3.914675228643394,3.9163014888763428
PLX-4720,2,NCIH1092,5.131642818450928,4.298704204446322,4.299424171447754
PLX-4720,2,NCIH1105,4.735436916351318,3.9690363545253793,3.970534324645996
PLX-4720,2,NCIH1155,4.58354377746582,4.439674764008345,4.440062046051025
PLX-4720,2,NCIH1435,4.542119979858398,3.986982750509481,3.988438367843628
PLX-4720,2,NCIH1650,5.3787760734558105,4.199483421642148,4.200437545776367
PLX-4720,2,NCIH2030,3.276132583618164,4.314480399725562,4.3151631355285645
PLX-4720,2,NCIH2081,4.953409194946289,4.344654338828734,4.345265865325928
PLX-4720,2,NCIH2085,5.08694314956665,3.781726357976802,3.7836663722991943
PLX-4720,2,NCIH2110,3.6461215019226074,4.437357589023834,4.437750339508057
PLX-4720,2,NCIH2170,4.12122106552124,4.322289394134997,4.322953701019287
PLX-4720,2,NCIH2196,4.593578815460205,4.304729910929352,4.305435657501221
PLX-4720,2,NCIH2227,4.458782196044922,4.515853325519554,4.516060829162598
PLX-4720,2,NCIH2342,4.251833915710449,4.555001060071199,4.555116176605225
PLX-4720,2,NCIH292,4.22825813293457,3.8106114640878674,3.812483310699463
PLX-4720,2,NCIH446,3.2311766147613525,4.031199066357175,4.03255033493042
PLX-4720,2,NCIH727,4.657020092010498,4.252598731394363,4.253427505493164
PLX-4720,2,OCILY19,2.9199559688568115,3.569351391675184,3.5717926025390625
PLX-4720,2,RAJI,4.242185115814209,3.7711578318484986,3.773122787475586
PLX-4720,2,REH,3.612060070037842,3.6050625568913017,3.607419490814209
PLX-4720,2,RL,3.7884368896484375,3.5808447803437162,3.583258867263794
PLX-4720,2,SBC5,4.806584358215332,4.101976143854367,4.103160381317139
PLX-4720,2,SKMES1,2.890096426010132,4.382318947560053,4.38284158706665
PLX-4720,2,SKMM2,5.174736976623535,4.194943230805129,4.195908069610596
PLX-4720,2,WSUDLCL2,3.213437557220459,3.471355633517318,3.4740281105041504
PLX-4720,3,697,2.1396849155426025,3.7351937589874993,3.7494447231292725
PLX-4720,3,A549,3.4421510696411133,4.056773137969332,4.083261489868164
PLX-4720,3,BEN,5.743273735046387,4.1954180406630295,4.227182388305664
PLX-4720,3,CALU6,3.037339448928833,3.74264705252498,3.7571816444396973
PLX-4720,3,CHAGOK1,3.7725510597229004,4.300521629528508,4.336285591125488
PLX-4720,3,CORL105,4.15357780456543,3.815732784344284,3.8330485820770264
PLX-4720,3,CORL311,4.7528557777404785,4.233949806618529,4.267180442810059
PLX-4720,3,GA10,3.5705859661102295,3.338246563671606,3.3373920917510986
PLX-4720,3,HARA,3.8698859214782715,3.701202964543803,3.714160442352295
PLX-4720,3,HCC827,2.74743390083313,3.83707771613721,3.855205774307251
PLX-4720,3,HH,3.7508718967437744,3.598166021860268,3.6072025299072266
PLX-4720,3,HL60,4.560887813568115,3.8067822173615826,3.8237574100494385
PLX-4720,3,JM1,4.074923038482666,3.3602509021313867,3.360233783721924
PLX-4720,3,KCL22,3.8845129013061523,3.341226640823275,3.3404855728149414
PLX-4720,3,KOPN8,3.6493020057678223,3.3968083526190065,3.3981823921203613
PLX-4720,3,LOUCY,3.229541063308716,3.6768152533978666,3.688844680786133
PLX-4720,3,LXF289,3.2282934188842773,4.092868016173061,4.120729923248291
PLX-4720,3,MM1S,4.443118095397949,3.5670372498741396,3.5748891830444336
PLX-4720,3,MOLP8,4.9314141273498535,3.6479605271827347,3.6588919162750244
PLX-4720,3,MOLT16,2.5611050128936768,3.82355195556212,3.84116530418396
PLX-4720,3,NCIH1048,3.55173659324646,3.9206487259625247,3.9419569969177246
PLX-4720,3,NCIH1436,4.293838977813721,4.158744372908455,4.189113140106201
PLX-4720,3,NCIH1781,4.435152053833008,3.9786737565050347,4.002190113067627
PLX-4720,3,NCIH211,4.251676082611084,4.173667037470939,4.204603672027588
PLX-4720,3,NCIH2405,4.747439861297607,4.344832103856724,4.382282257080078
PLX-4720,3,NCIH441,5.169405937194824,3.7637763163066986,3.7791149616241455
PLX-4720,3,NCIH524,3.587606906890869,4.410028153191481,4.4499592781066895
PLX-4720,3,NCIH596,4.952596187591553,3.938231985031748,3.960209369659424
PLX-4720,3,NCIH647,2.5095999240875244,4.322375528640748,4.358971118927002
PLX-4720,3,NCIH838,4.847987174987793,4.1699108770286735,4.200704574584961
PLX-4720,3,NOMO1,4.88514518737793,3.89122830186496,3.911417007446289
PLX-4720,3,NUDUL1,3.230210065841675,3.759783357441052,3.774970054626465
PLX-4720,3,PF382,3.8432929515838623,3.4735726135836766,3.477867841720581
PLX-4720,3,RCHACV,2.978437900543213,3.5065183713383483,3.5120673179626465
PLX-4720,3,RS411,2.998745918273926,3.5351358397733126,3.541773796081543
PLX-4720,3,SHP77,4.374701976776123,3.9203620873278204,3.941659450531006
PLX-4720,3,SIGM5,2.2053890228271484,3.661162441223423,3.6725962162017822
PLX-4720,3,SUDHL1,3.812730073928833,3.680845190484817,3.693027973175049
PLX-4720,3,SUDHL5,3.3497679233551025,3.6495342835328874,3.6605255603790283
PLX-4720,3,SW1573,4.599557876586914,3.719019806538903,3.7326552867889404
PLX-4720,3,THP1,4.307587146759033,3.7548289648215025,3.769827127456665
PLX-4720,4,ALLSIL,3.1460020542144775,3.660396899756626,3.6700439453125
PLX-4720,4,AMO1,4.2208170890808105,3.6953160352375303,3.708178997039795
PLX-4720,4,CA46,4.129932880401611,3.6444541694861416,3.65263295173645
PLX-4720,4,CMK,3.4318225383758545,3.8345557332093043,3.8602421283721924
PLX-4720,4,CORL95,5.271581649780273,4.08017621174968,4.128483295440674
PLX-4720,4,DB,2.667480945587158,3.6163546898611454,3.62194561958313
PLX-4720,4,DMS273,4.2695488929748535,3.9053727005409837,3.9375810623168945
PLX-4720,4,DND41,4.329945087432861,3.643985670175469,3.6521213054656982
PLX-4720,4,EBC1,2.5418694019317627,3.8816532310138516,3.911677122116089
PLX-4720,4,GRANTA519,4.547576904296875,3.289040244382556,3.264486789703369
PLX-4720,4,JURKAT,3.134161949157715,3.34060616897687,3.3208017349243164
PLX-4720,4,KU812,2.9614078998565674,3.5865399264132454,3.5893850326538086
PLX-4720,4,L363,3.3132119178771973,3.7863304313791586,3.8075754642486572
PLX-4720,4,LCLC103H,3.8862454891204834,3.8317689700682367,3.857198715209961
PLX-4720,4,LU65,5.194914817810059,3.3704842431424287,3.353431463241577
PLX-4720,4,MHHCALL2,3.295759916305542,3.5995000669435604,3.603538751602173
PLX-4720,4,MOLM13,3.5924930572509766,3.7407678910085984,3.757816791534424
PLX-4720,4,MOLM16,1.8355439901351929,3.688122846147438,3.7003233432769775
PLX-4720,4,NCIH1341,4.162496089935303,3.9310668095205994,3.965641498565674
PLX-4720,4,NCIH1437,4.390958309173584,3.9063153752956357,3.938610553741455
PLX-4720,4,NCIH1648,2.709777593612671,3.915317286095383,3.948441505432129
PLX-4720,4,NCIH1836,5.206600189208984,4.235006283101246,4.297572612762451
PLX-4720,4,NCIH1915,3.4267749786376953,3.466600828188866,3.458400011062622
PLX-4720,4,NCIH1944,4.441686630249023,4.07989022195612,4.128170967102051
PLX-4720,4,NCIH2029,5.073337078094482,4.212638824865351,4.2731451988220215
PLX-4720,4,NCIH2172,5.112327575683594,4.467274967913103,4.55123233795166
PLX-4720,4,NCIH2291,5.816341876983643,3.8658137627069964,3.894378900527954
PLX-4720,4,NCIH2347,5.082534313201904,4.249713581126114,4.313634395599365
PLX-4720,4,NCIH2444,5.295472621917725,3.818955317439814,3.843204975128174
PLX-4720,4,NCIH460,3.5067224502563477,3.72484459057905,3.740427017211914
PLX-4720,4,NCIH522,4.1307573318481445,4.339480756129872,4.41166877746582
PLX-4720,4,NCIH650,4.195916175842285,3.786457926065754,3.8077147006988525
PLX-4720,4,NCIH841,4.407626628875732,4.444733296047237,4.526614665985107
PLX-4720,4,OCIAML2,3.4395999908447266,3.6156960400846785,3.6212263107299805
PLX-4720,4,P31FUJ,3.872775077819824,3.566025070763726,3.5669808387756348
PLX-4720,4,RERFLCMS,3.4660589694976807,4.203304205328667,4.262950897216797
PLX-4720,4,RPMI8226,4.244241237640381,3.920205310124251,3.953779697418213
PLX-4720,4,RPMI8402,3.848788022994995,3.2297499756082773,3.1997361183166504
PLX-4720,4,SUDHL10,2.6785740852355957,3.557905143754806,3.5581130981445312
PLX-4720,4,SUPT1,3.8078479766845703,3.6055608674388453,3.6101577281951904
PLX-4720,5,ABC1,4.865682125091553,4.072263042531824,4.076338768005371
PLX-4720,5,CAL12T,2.4605519771575928,3.748600261481814,3.733419179916382
PLX-4720,5,CALU3,5.307161808013916,4.109975382613551,4.116294860839844
PLX-4720,5,CMLT1,2.5262351036071777,3.595347804992097,3.5710487365722656
PLX-4720,5,CORL279,3.6875529289245605,4.610362607076953,4.646453380584717
PLX-4720,5,DAUDI,4.408512115478516,3.722249689848463,3.705500841140747
PLX-4720,5,DMS53,4.8709259033203125,4.537145021881644,4.5688796043396
PLX-4720,5,EM2,3.4089150428771973,3.6907666322818464,3.672144651412964
PLX-4720,5,HCC44,3.673405408859253,3.6181026210691676,3.5951573848724365
PLX-4720,5,IALM,3.536983013153076,3.7920555940882195,3.7794599533081055
PLX-4720,5,JVM3,2.0085370540618896,3.442221590374028,3.4088120460510254
PLX-4720,5,KARPAS422,4.8281660079956055,3.3383209295260254,3.298729658126831
PLX-4720,5,KG1,2.7192649841308594,3.7780440965156683,3.7646148204803467
PLX-4720,5,KMH2,4.07349157333374,3.763168033397887,3.7488536834716797
PLX-4720,5,LOUNH91,4.779232501983643,4.012466701024335,4.012984752655029
PLX-4720,5,NALM6,3.485867977142334,3.469892413452945,3.438129186630249
PLX-4720,5,NAMALWA,3.424791097640991,3.516281688167291,3.487278461456299
PLX-4720,5,NB4,3.3123960494995117,3.6555915062871747,3.6348767280578613
PLX-4720,5,NCIH146,3.484513998031616,4.793362914230823,4.840341567993164
PLX-4720,5,NCIH1568,4.3156328201293945,4.150312923541362,4.159032344818115
PLX-4720,5,NCIH1623,5.5293288230896,4.0902978528017115,4.095446586608887
PLX-4720,5,NCIH1793,5.5336480140686035,4.666310034194641,4.7057294845581055
PLX-4720,5,NCIH1975,4.041454315185547,4.134130110782468,4.1418867111206055
PLX-4720,5,NCIH2066,5.790404796600342,4.158910422557774,4.1681413650512695
PLX-4720,5,NCIH209,2.7464749813079834,4.519153867446159,4.54981803894043
PLX-4720,5,NCIH2228,3.9101614952087402,3.7428039368295414,3.727277994155884
PLX-4720,5,NCIH23,4.546818733215332,4.149108112523881,4.1577558517456055
PLX-4720,5,NCIH358,2.861318588256836,4.329430111734148,4.348806381225586
PLX-4720,5,NCIH69,4.381549835205078,4.53637631914804,4.568065166473389
PLX-4720,5,NCIH810,4.483374118804932,4.527638851425451,4.558807849884033
PLX-4720,5,NCIH82,2.8108348846435547,3.9668152999234216,3.9646172523498535
PLX-4720,5,NCIH929,3.8941490650177,3.868374543766704,3.8603196144104004
PLX-4720,5,OCIAML5,4.49058723449707,3.689726318248635,3.6710424423217773
PLX-4720,5,P12ICHIKAWA,3.412353038787842,3.565137517525381,3.539041042327881
PLX-4720,5,PL21,3.8492701053619385,3.825860736990918,3.8152763843536377
PLX-4720,5,SUDHL4,3.664966106414795,3.386387578413756,3.349656105041504
PLX-4720,5,SUDHL6,2.893712043762207,3.580851142579484,3.555689573287964
PLX-4720,5,SUDHL8,4.197164058685303,3.4779239618326434,3.446638584136963
PLX-4720,5,SUPB15,4.241666793823242,3.308127519314878,3.266739845275879
PLX-4720,5,SUPM2,3.304877996444702,3.6991310001413455,3.681006669998169
REFAMETINIB,1,A3KAW,0.2787399888038635,1.5233750724798105,1.62185800075531
REFAMETINIB,1,ALLSIL,2.8458058834075928,2.7273265243717697,2.6121251583099365
REFAMETINIB,1,BEN,4.1428422927856445,2.9059451921263384,2.7590415477752686
REFAMETINIB,1,BV173,0.25782299041748047,2.5002229054976133,2.4253292083740234
REFAMETINIB,1,CMLT1,1.6994229555130005,1.9688495289719294,1.9882670640945435
REFAMETINIB,1,CORL95,4.4595160484313965,2.927087699911566,2.7764315605163574
REFAMETINIB,1,DAUDI,3.819899082183838,2.2206982503749857,2.195416212081909
REFAMETINIB,1,DMS53,3.518580913543701,3.1637078966534857,2.971055030822754
REFAMETINIB,1,EJM,3.6698389053344727,1.9511377256231772,1.9736988544464111
REFAMETINIB,1,HCC366,2.9862589836120605,1.839804692503872,1.8821258544921875
REFAMETINIB,1,IALM,2.4024219512939453,1.7978621531525625,1.8476275205612183
REFAMETINIB,1,JVM3,1.7835030555725098,2.6026115554648497,2.50954532623291
REFAMETINIB,1,LAMA84,-1.092918038368225,0.6443586222964441,0.8988544940948486
REFAMETINIB,1,LP1,3.433098077774048,2.0369127281081303,2.044250011444092
REFAMETINIB,1,MM1S,1.3858959674835205,2.182801800151853,2.164245843887329
REFAMETINIB,1,MOLP8,0.9765470027923584,2.6668866458664744,2.5624125003814697
REFAMETINIB,1,NAMALWA,3.3867340087890625,3.36915913413304,3.1400415897369385
REFAMETINIB,1,NCIH1092,4.225751876831055,4.111411626633078,3.7505548000335693
REFAMETINIB,1,NCIH1155,2.999216079711914,3.141442159626457,2.9527411460876465
REFAMETINIB,1,NCIH146,3.8160629272460938,3.8967044004698583,3.5739550590515137
REFAMETINIB,1,NCIH1623,1.4454129934310913,1.8966950216722696,1.9289189577102661
REFAMETINIB,1,NCIH1650,3.5855300426483154,1.9160770306703792,1.9448609352111816
REFAMETINIB,1,NCIH1944,0.7276820540428162,0.8842654602662778,1.0961812734603882
REFAMETINIB,1,NCIH2081,4.339649200439453,3.6949840232667497,3.4080371856689453
REFAMETINIB,1,NCIH2087,1.3364784717559814,0.04490128501018742,0.40579232573509216
REFAMETINIB,1,NCIH2122,0.20165300369262695,1.1038680817972817,1.2768075466156006
REFAMETINIB,1,NCIH2196,3.740525960922241,3.393781768441382,3.1602940559387207
REFAMETINIB,1,NCIH2228,1.7968080043792725,0.7317809310475021,0.9707605838775635
REFAMETINIB,1,NCIH2347,0.61477130651474,0.9709129582397009,1.1674500703811646
REFAMETINIB,1,NCIH446,3.882235050201416,3.3481827193427938,3.122788190841675
REFAMETINIB,1,NCIH69,3.507519006729126,4.071386113498711,3.7176332473754883
REFAMETINIB,1,NUDUL1,2.673485040664673,2.8858496789272756,2.7425127029418945
REFAMETINIB,1,OCIAML2,-4.434335231781006,0.5655960486676619,0.834071159362793
REFAMETINIB,1,PF382,3.3131260871887207,2.4870511222778195,2.4144952297210693
REFAMETINIB,1,RERFLCMS,0.37159499526023865,2.8136992297461663,2.6831679344177246
REFAMETINIB,1,RPMI8226,1.1747089624404907,2.8125681741328736,2.6822376251220703
REFAMETINIB,1,SBC5,2.485546112060547,3.1809954816808506,2.985274314880371
REFAMETINIB,1,SUDHL1,-1.8293590545654297,1.0317276329797445,1.2174710035324097
REFAMETINIB,1,SUDHL10,2.782172918319702,3.87312847088207,3.554563522338867
REFAMETINIB,1,SUPT1,3.4648380279541016,2.385690625632046,2.331124782562256
REFAMETINIB,1,SW1573,2.6510300636291504,0.9560758970859333,1.155246376991272
REFAMETINIB,2,ABC1,4.327076435089111,2.251999749510336,2.1897470951080322
REFAMETINIB,2,BL41,3.0221939086914062,3.7120711198634555,3.204235792160034
REFAMETINIB,2,CAL12T,1.352236032485962,1.11784667083914,1.4017133712768555
REFAMETINIB,2,CORL105,1.718714952468872,1.4514186230486428,1.633486270904541
REFAMETINIB,2,DMS79,4.955769062042236,4.01209221058876,3.4126968383789062
REFAMETINIB,2,DOHH2,3.3414053916931152,2.5964697182343373,2.4290921688079834
REFAMETINIB,2,EM2,0.06830299645662308,-2.1219862617774106,-0.8493915796279907
REFAMETINIB,2,HCC15,-0.02788049913942814,1.2366475753308932,1.484258770942688
REFAMETINIB,2,HCC78,2.2528605461120605,1.8794455990912016,1.9308885335922241
REFAMETINIB,2,HCC827,3.048766613006592,1.6747938195101284,1.7886921167373657
REFAMETINIB,2,HL60,-1.1635669469833374,-0.6585919142776135,0.16740599274635315
REFAMETINIB,2,JM1,3.564650058746338,3.224067479540009,2.8651604652404785
REFAMETINIB,2,JURKAT,3.4381051063537598,2.560527538201979,2.404118776321411
REFAMETINIB,2,KCL22,0.7016100287437439,1.76269682267769,1.8497689962387085
REFAMETINIB,2,KG1,2.029263973236084,1.3225325925059561,1.5439335107803345
REFAMETINIB,2,KMH2,0.9224460124969482,2.6447154020495636,2.4626142978668213
REFAMETINIB,2,L363,2.674923896789551,1.4325757946522657,1.6203938722610474
REFAMETINIB,2,LCLC103H,3.9052155017852783,0.9212501931058665,1.2651139497756958
REFAMETINIB,2,LOUCY,2.735785961151123,2.356038405340927,2.262035369873047
REFAMETINIB,2,LXF289,1.1096999645233154,1.1440971308638233,1.4199527502059937
REFAMETINIB,2,NCIH1568,1.867805004119873,2.0506262964336557,2.04982852935791
REFAMETINIB,2,NCIH1651,3.169208526611328,1.9353907521621134,1.9697604179382324
REFAMETINIB,2,NCIH1781,3.4278860092163086,2.4322428544458687,2.31498384475708
REFAMETINIB,2,NCIH1792,0.18413099646568298,1.5754448107734813,1.7196623086929321
REFAMETINIB,2,NCIH196,4.325761318206787,2.0668772429741677,2.06112003326416
REFAMETINIB,2,NCIH2029,3.9930338859558105,4.574394176536732,3.803396224975586
REFAMETINIB,2,NCIH2085,2.360511064529419,2.661796052744108,2.474482297897339
REFAMETINIB,2,NCIH209,4.20845890045166,3.8733981367512933,3.31632924079895
REFAMETINIB,2,NCIH211,2.528630018234253,3.763672335904604,3.2400894165039062
REFAMETINIB,2,NCIH2172,3.772308111190796,1.6814901290907467,1.7933448553085327
REFAMETINIB,2,NCIH2291,-0.8400350213050842,1.6234444656894347,1.7530134916305542
REFAMETINIB,2,NCIH460,1.0812300443649292,1.5247304311202967,1.684424877166748
REFAMETINIB,2,NCIH522,3.9251060485839844,3.4147460529339466,2.997648000717163
REFAMETINIB,2,NCIH596,2.2218990325927734,1.5150289317212278,1.6776840686798096
REFAMETINIB,2,NCIH650,2.2444651126861572,1.5030778291650728,1.6693801879882812
REFAMETINIB,2,NCIH727,0.1750664860010147,2.786224911198788,2.5609381198883057
REFAMETINIB,2,P31FUJ,0.67495197057724,1.1388039065957924,1.416274905204773
REFAMETINIB,2,RPMI8402,3.102200984954834,1.5986909388210644,1.7358142137527466
REFAMETINIB,2,SKLU1,0.9142493605613708,1.9234336447165061,1.9614523649215698
REFAMETINIB,2,SKMM2,4.270845890045166,2.483049709396618,2.350285530090332
REFAMETINIB,2,SUDHL4,2.77236008644104,2.433816821755441,2.316077470779419
REFAMETINIB,3,697,2.0089669227600098,1.7341857215671985,1.7841689586639404
REFAMETINIB,3,A4FUK,0.30861398577690125,1.90014070521336,1.9073820114135742
REFAMETINIB,3,A549,-0.7372174859046936,1.5065902144989942,1.6151909828186035
REFAMETINIB,3,AMO1,1.0856289863586426,2.497113400911861,2.3506035804748535
REFAMETINIB,3,CHAGOK1,3.96488094329834,2.5530022602980402,2.3920981884002686
REFAMETINIB,3,CMK,2.59010910987854,2.200578206581784,2.130441427230835
REFAMETINIB,3,CORL279,3.1431260108947754,4.019299910200832,3.4807488918304443
REFAMETINIB,3,CORL311,5.064395904541016,2.7369614199162164,2.5286784172058105
REFAMETINIB,3,DMS273,3.504228115081787,3.031423754475678,2.7473015785217285
REFAMETINIB,3,EHEB,3.645310401916504,2.7501313850459614,2.538456439971924
REFAMETINIB,3,GA10,2.864650011062622,3.7447990065013648,3.2769460678100586
REFAMETINIB,3,HCC44,-0.010404500178992748,0.6601176160323081,0.9867285490036011
REFAMETINIB,3,HEL,3.4521219730377197,0.08924031415405242,0.5628814697265625
REFAMETINIB,3,JEKO1,3.312056064605713,2.4591847234173607,2.3224434852600098
REFAMETINIB,3,KMS11,2.6232850551605225,3.1245033468555246,2.816408395767212
REFAMETINIB,3,KMS12BM,2.8918368816375732,2.3737793684965665,2.2590343952178955
REFAMETINIB,3,L1236,3.0552940368652344,2.4460179695343554,2.3126678466796875
REFAMETINIB,3,LCLC97TM1,0.6638240218162537,1.5950928169004381,1.6808996200561523
REFAMETINIB,3,LOUNH91,2.1998839378356934,1.30162548714334,1.4630151987075806
REFAMETINIB,3,ME1,1.6185489892959595,0.48438021144233945,0.8562525510787964
REFAMETINIB,3,MOLM13,0.5264700055122375,-0.9203776277642896,-0.186708003282547
REFAMETINIB,3,MOLT16,2.417440891265869,2.174203915982176,2.1108598709106445
REFAMETINIB,3,NALM6,3.116507053375244,1.8175850106495672,1.8460886478424072
REFAMETINIB,3,NCIH1341,2.311152935028076,3.5442755939493513,3.1280677318573
REFAMETINIB,3,NCIH1436,4.2580060958862305,4.6726409044237815,3.9658210277557373
REFAMETINIB,3,NCIH1963,4.117481231689453,4.334652689302144,3.7148821353912354
REFAMETINIB,3,NCIH1975,1.2918949127197266,1.3375368594358248,1.4896775484085083
REFAMETINIB,3,NCIH2030,2.0751705169677734,2.063864835749301,2.0289387702941895
REFAMETINIB,3,NCIH2405,1.029034972190857,1.7669730324687563,1.8085118532180786
REFAMETINIB,3,NCIH647,1.8311740159988403,0.7166760203637594,1.0287202596664429
REFAMETINIB,3,NCIH810,3.85396409034729,4.289832676303783,3.681605577468872
REFAMETINIB,3,NOMO1,-2.6669299602508545,0.793129543310026,1.0854830741882324
REFAMETINIB,3,OCILY19,1.7965209484100342,3.632811914441564,3.1938014030456543
REFAMETINIB,3,OCIM1,1.332298994064331,1.4255975942858563,1.5550581216812134
REFAMETINIB,3,PL21,-0.7987930178642273,-0.9423078740005266,-0.2029900848865509
REFAMETINIB,3,RAJI,4.031009197235107,3.4529294325597113,3.0602478981018066
REFAMETINIB,3,RCHACV,2.9266469478607178,2.460934852890615,2.3237428665161133
REFAMETINIB,3,SHP77,3.7882239818573,3.59102460286438,3.162776470184326
REFAMETINIB,3,SKM1,-2.956623077392578,0.0937289948471075,0.5662140846252441
REFAMETINIB,3,ST486,3.1844539642333984,2.986290002670827,2.713792085647583
REFAMETINIB,3,WSUDLCL2,3.7229859828948975,2.850672309226004,2.613102912902832
REFAMETINIB,4,CA46,4.209004878997803,3.2362977057470754,3.0377321243286133
REFAMETINIB,4,CALU3,1.5286500453948975,1.2682364669045085,1.4595309495925903
REFAMETINIB,4,CALU6,0.6490175127983093,2.006171928046155,2.051286220550537
REFAMETINIB,4,DMS114,2.8230419158935547,2.084068372032636,2.1137518882751465
REFAMETINIB,4,DND41,1.377540946006775,2.621530644994961,2.5447463989257812
REFAMETINIB,4,EBC1,-0.7780960202217102,2.021989663210158,2.0639705657958984
REFAMETINIB,4,GDM1,2.497941017150879,1.2658201905675692,1.457593321800232
REFAMETINIB,4,HCC33,5.396549224853516,3.8980428631458155,3.568389892578125
REFAMETINIB,4,HDLM2,3.9522769451141357,2.0612033872052304,2.095416307449341
REFAMETINIB,4,HH,3.5556039810180664,2.1853275056069554,2.1949522495269775
REFAMETINIB,4,JURLMK1,-2.046921968460083,1.0196387367044704,1.260178804397583
REFAMETINIB,4,K562,1.6582109928131104,0.8050227355641908,1.0880768299102783
REFAMETINIB,4,KNS62,0.9643840193748474,1.463765163436055,1.6163266897201538
REFAMETINIB,4,L428,4.034764766693115,2.750211705369895,2.6479365825653076
REFAMETINIB,4,L540,3.442636013031006,0.6670288877274684,0.9774186611175537
REFAMETINIB,4,LU65,2.460066080093384,0.8161237221189437,1.096978783607483
REFAMETINIB,4,MEG01,-0.3031269907951355,1.0507542036716655,1.285130500793457
REFAMETINIB,4,MHHCALL2,2.0201644897460938,1.7732420864155807,1.864498257637024
REFAMETINIB,4,NCIH1105,3.806654930114746,3.1430773662662923,2.9629781246185303
REFAMETINIB,4,NCIH1435,3.2891924381256104,1.824286109855096,1.905430793762207
REFAMETINIB,4,NCIH1648,1.8254565000534058,1.9096451521013504,1.9738807678222656
REFAMETINIB,4,NCIH2009,0.5722770094871521,1.8699197495562756,1.9420247077941895
REFAMETINIB,4,NCIH2023,2.379539966583252,0.6553170681796994,0.968026876449585
REFAMETINIB,4,NCIH2110,1.66280198097229,1.179540662097719,1.388405203819275
REFAMETINIB,4,NCIH2170,4.375984191894531,1.4541222080313392,1.6085939407348633
REFAMETINIB,4,NCIH2342,3.5333609580993652,2.5488951841242846,2.486499547958374
REFAMETINIB,4,NCIH292,-0.34092050790786743,1.531169669972769,1.6703788042068481
REFAMETINIB,4,NCIH524,2.9841670989990234,2.6583001450739534,2.5742321014404297
REFAMETINIB,4,NCIH526,3.935107946395874,3.5140350982634994,3.260451555252075
REFAMETINIB,4,NCIH661,3.6976680755615234,2.3226381243281016,2.3050625324249268
REFAMETINIB,4,NCIH82,3.829425096511841,3.385955208154751,3.157743453979492
REFAMETINIB,4,NCIH838,2.233041524887085,1.1467172709989193,1.362083911895752
REFAMETINIB,4,NCIH929,-0.482573002576828,2.3742552217973265,2.346454620361328
REFAMETINIB,4,OCIAML3,-2.6772170066833496,0.4584837548687155,0.8101849555969238
REFAMETINIB,4,P12ICHIKAWA,2.6757194995880127,2.6157588752731686,2.5401179790496826
REFAMETINIB,4,REH,3.330821990966797,2.589086181445248,2.5187289714813232
REFAMETINIB,4,RERFLCKJ,2.1812379360198975,2.1200553398957034,2.1426100730895996
REFAMETINIB,4,RS411,3.4412240982055664,0.7851540879982193,1.0721440315246582
REFAMETINIB,4,SUPB15,1.8678745031356812,1.1527331360661806,1.366908073425293
REFAMETINIB,4,SUPM2,3.1186559200286865,0.7575097698231696,1.049975872039795
REFAMETINIB,5,COLO668,2.2131896018981934,3.9591201684231403,3.445932388305664
REFAMETINIB,5,CORL23,1.308251976966858,1.1865302999639482,1.3829985857009888
REFAMETINIB,5,CORL88,4.3934807777404785,3.9626696309121736,3.448573350906372
REFAMETINIB,5,DB,4.098886013031006,2.9955832157332045,2.7290167808532715
REFAMETINIB,5,EPLC272H,0.5135650038719177,1.8235133390915998,1.856943130493164
REFAMETINIB,5,GRANTA519,4.434629440307617,2.8242025287920898,2.601501703262329
REFAMETINIB,5,HARA,1.601686954498291,2.7422460583605734,2.540522336959839
REFAMETINIB,5,HT,3.1424810886383057,2.861986343898327,2.6296145915985107
REFAMETINIB,5,JVM2,2.7459540367126465,1.6506607323217075,1.7283328771591187
REFAMETINIB,5,KARPAS422,3.9810690879821777,3.157736966466709,2.8496665954589844
REFAMETINIB,5,KOPN8,1.0797920227050781,2.2532802833818453,2.1767094135284424
REFAMETINIB,5,KU812,-1.4026329517364502,0.5911529885968907,0.9400106072425842
REFAMETINIB,5,MOLM16,1.790855050086975,1.591846103630548,1.6845721006393433
REFAMETINIB,5,MOLT13,0.1854570060968399,3.2177090076802473,2.8942885398864746
REFAMETINIB,5,MONOMAC6,2.0714709758758545,-0.2194035968075153,0.3369193971157074
REFAMETINIB,5,NB4,-2.824605941772461,-0.22449082859192276,0.333134263753891
REFAMETINIB,5,NCIH1048,3.6696999073028564,2.0803852189266774,2.048067569732666
REFAMETINIB,5,NCIH1437,-0.35660800337791443,1.213660440419638,1.4031846523284912
REFAMETINIB,5,NCIH1793,3.3615639209747314,1.5952550552139706,1.6871085166931152
REFAMETINIB,5,NCIH1836,4.458174228668213,4.21994622060765,3.6399989128112793
REFAMETINIB,5,NCIH1876,3.444648027420044,4.848063614396734,4.107347011566162
REFAMETINIB,5,NCIH1915,0.021847499534487724,1.070393470273483,1.2965874671936035
REFAMETINIB,5,NCIH2066,4.263538837432861,3.0792357505282175,2.7912580966949463
REFAMETINIB,5,NCIH2171,3.888317108154297,4.09900462290312,3.5500128269195557
REFAMETINIB,5,NCIH2227,1.835508942604065,4.16076020733359,3.595961809158325
REFAMETINIB,5,NCIH23,1.7935645580291748,2.27452066169258,2.1925132274627686
REFAMETINIB,5,NCIH2444,4.36718225479126,2.3287248664158606,2.2328436374664307
REFAMETINIB,5,NCIH358,1.5593459606170654,1.344769612332731,1.500735878944397
REFAMETINIB,5,NCIH441,3.621634006500244,1.3270046759427367,1.4875179529190063
REFAMETINIB,5,NCIH841,3.1553308963775635,3.1540881690158997,2.846951723098755
REFAMETINIB,5,OCIAML5,-0.6943020224571228,1.6124831021573303,1.6999269723892212
REFAMETINIB,5,OPM2,2.048548936843872,2.2860739586179273,2.2011094093322754
REFAMETINIB,5,RL,3.2665319442749023,2.1965709150096293,2.1345150470733643
REFAMETINIB,5,SIGM5,2.6752889156341553,1.5018332473635834,1.6175984144210815
REFAMETINIB,5,SKMES1,0.527970016002655,1.4540472026948374,1.5820434093475342
REFAMETINIB,5,SUDHL5,2.1119120121002197,3.5547352294789962,3.1450514793395996
REFAMETINIB,5,SUDHL6,2.728851079940796,3.1464983370654416,2.8413045406341553
REFAMETINIB,5,SUDHL8,3.62648606300354,2.8356529659666942,2.6100213527679443
REFAMETINIB,5,SW1271,0.7295529842376709,2.1096893530861536,2.069871187210083
REFAMETINIB,5,THP1,2.2897469997406006,-1.0335665620318752,-0.26885512471199036
RO-3306,1,A4FUK,1.4207874536514282,2.6465145277169175,2.5663108825683594
RO-3306,1,ALLSIL,2.487236976623535,2.4810802482441336,2.3760600090026855
RO-3306,1,BL41,2.0863735675811768,2.615078345072185,2.5301589965820312
RO-3306,1,CMLT1,3.2261478900909424,2.559271615932841,2.4659807682037354
RO-3306,1,CORL279,2.620668888092041,3.4156295783286015,3.4507999420166016
RO-3306,1,DAUDI,2.9630625247955322,2.4888443418394512,2.384988784790039
RO-3306,1,DMS53,5.170895576477051,3.5862943068619004,3.6470658779144287
RO-3306,1,DMS79,3.990570068359375,3.17388680160857,3.1727936267852783
RO-3306,1,DND41,3.5284008979797363,2.582259759861536,2.492417335510254
RO-3306,1,EM2,3.196911096572876,3.0051333462089227,2.9787256717681885
RO-3306,1,HCC366,3.679231882095337,3.3693307022299748,3.3975558280944824
RO-3306,1,HCC78,4.1245341300964355,4.111823515544945,4.251429080963135
RO-3306,1,HDLM2,2.99025559425354,2.9478482258431913,2.9128472805023193
RO-3306,1,JEKO1,1.965811014175415,2.7481874583665458,2.6832356452941895
RO-3306,1,KG1,2.9593124389648438,2.830257141112332,2.777616500854492
RO-3306,1,L540,2.401411533355713,2.5803016326517154,2.4901654720306396
RO-3306,1,NCIH1048,3.1211349964141846,3.3717751996287038,3.400367021560669
RO-3306,1,NCIH1105,3.627572536468506,3.4035710806015502,3.4369325637817383
RO-3306,1,NCIH146,2.6054494380950928,3.264061202937047,3.2764949798583984
RO-3306,1,NCIH1568,5.570999622344971,3.2968180071092075,3.3141655921936035
RO-3306,1,NCIH1651,4.019944667816162,3.582520273222136,3.642725706100464
RO-3306,1,NCIH1792,2.0358951091766357,3.47737889702245,3.5218122005462646
RO-3306,1,NCIH1793,5.637918949127197,3.5792494026038897,3.6389641761779785
RO-3306,1,NCIH1836,4.589284896850586,3.470445115706151,3.513838291168213
RO-3306,1,NCIH1876,2.9294514656066895,3.1250949154836767,3.116682529449463
RO-3306,1,NCIH1963,2.1955859661102295,2.9208725097859958,2.8818249702453613
RO-3306,1,NCIH209,2.427877902984619,3.4024631682871744,3.4356584548950195
RO-3306,1,NCIH2110,2.255431890487671,3.77696240881677,3.866335868835449
RO-3306,1,NCIH2170,2.3731460571289062,3.6471519468760834,3.717052698135376
RO-3306,1,NCIH2227,3.8970694541931152,3.3053147657717044,3.323936939239502
RO-3306,1,NCIH2405,4.74677848815918,3.758014910660378,3.84454607963562
RO-3306,1,NCIH292,1.679026484489441,3.678355517691338,3.752937078475952
RO-3306,1,NCIH526,3.7055768966674805,3.3364484701105472,3.359740972518921
RO-3306,1,NCIH841,3.4734835624694824,3.4231633406025734,3.4594638347625732
RO-3306,1,NCIH929,2.4366939067840576,3.0974325591597873,3.0848705768585205
RO-3306,1,NUDUL1,2.152381420135498,2.833761660154662,2.781646728515625
RO-3306,1,PL21,3.3131654262542725,2.6594576552803164,2.581195592880249
RO-3306,1,RS411,2.337733030319214,2.653603590905123,2.574463367462158
RO-3306,1,SUDHL10,1.7889809608459473,2.6187512070784504,2.5343828201293945
RO-3306,1,SW1573,5.110902309417725,3.191075406038322,3.1925606727600098
RO-3306,1,THP1,3.289308547973633,2.9076016110083325,2.866563320159912
RO-3306,2,A3KAW,2.008714437484741,2.790677166429684,2.745309829711914
RO-3306,2,EBC1,4.490530490875244,3.7908472137511158,3.8387701511383057
RO-3306,2,GDM1,2.7163898944854736,2.9209647492575974,2.8877499103546143
RO-3306,2,GRANTA519,3.580641984939575,2.581949278318749,2.517112970352173
RO-3306,2,HCC15,2.8263099193573,3.547778003407611,3.573028802871704
RO-3306,2,HEL,2.45772647857666,2.7921960763974236,2.7469704151153564
RO-3306,2,HH,4.495927810668945,2.5134984502636173,2.442277431488037
RO-3306,2,JM1,2.377016544342041,2.467528143963608,2.392019271850586
RO-3306,2,K562,3.6445610523223877,3.7955036050836606,3.8438608646392822
RO-3306,2,KARPAS422,3.527085065841675,2.154281149637544,2.0495543479919434
RO-3306,2,KMS11,2.629117488861084,2.9036956261383784,2.8688700199127197
RO-3306,2,KMS12BM,0.7086679935455322,3.1715833673919436,3.1617448329925537
RO-3306,2,KNS62,4.4022064208984375,4.044957471152292,4.11658239364624
RO-3306,2,L1236,2.247910976409912,2.6000335752296997,2.536884069442749
RO-3306,2,L428,3.0294604301452637,3.1076923223253923,3.0918943881988525
RO-3306,2,LCLC97TM1,3.1096885204315186,3.2033867033783467,3.19651460647583
RO-3306,2,LXF289,1.8377264738082886,3.8171735326750955,3.8675520420074463
RO-3306,2,ME1,4.14756441116333,2.823268416517084,2.7809410095214844
RO-3306,2,MM1S,3.023232936859131,2.651392795271678,2.593033790588379
RO-3306,2,MOLM16,1.0291165113449097,3.3768824225635,3.386193037033081
RO-3306,2,NCIH1092,4.938694953918457,3.1734564352617087,3.163792610168457
RO-3306,2,NCIH1648,3.887342929840088,3.9135816814702484,3.9729526042938232
RO-3306,2,NCIH196,3.9214789867401123,3.5222867033302174,3.5451598167419434
RO-3306,2,NCIH2029,3.378268003463745,3.850920157494597,3.9044463634490967
RO-3306,2,NCIH2030,3.184828519821167,3.04049216888117,3.0184261798858643
RO-3306,2,NCIH2066,4.129822731018066,3.0443357852747677,3.0226283073425293
RO-3306,2,NCIH2081,2.890902042388916,3.6497024232198454,3.684460163116455
RO-3306,2,NCIH2087,3.6655430793762207,4.085686502195353,4.1611104011535645
RO-3306,2,NCIH211,2.1254994869232178,3.4900683658120686,3.5099363327026367
RO-3306,2,NCIH2122,2.755033493041992,4.077079854559056,4.151700973510742
RO-3306,2,NCIH2172,4.709203720092773,3.906858569424959,3.965602397918701
RO-3306,2,NCIH460,2.465272903442383,3.0675510102145735,3.048008918762207
RO-3306,2,NCIH650,4.3030900955200195,3.2057999492797116,3.199152946472168
RO-3306,2,OCIAML5,3.325511932373047,3.181807277960151,3.172922372817993
RO-3306,2,PF382,2.754986047744751,2.488338628025558,2.4147708415985107
RO-3306,2,RCHACV,2.187056541442871,2.755383717719131,2.7067244052886963
RO-3306,2,RL,3.1984379291534424,1.8853247194684144,1.7555111646652222
RO-3306,2,SUDHL4,2.5898194313049316,2.3416941403691727,2.254448175430298
RO-3306,2,SUDHL5,1.8594319820404053,2.0797493388120696,1.96807062625885
RO-3306,2,SUPT1,3.145730495452881,2.788707054060903,2.7431559562683105
RO-3306,2,WSUDLCL2,2.9229040145874023,2.84586888091144,2.805649518966675
RO-3306,3,697,1.4546455144882202,2.8093176637992854,2.7443552017211914
RO-3306,3,ABC1,2.7620644569396973,3.6745621340822505,3.8475584983825684
RO-3306,3,BEN,3.0331344604492188,3.353539432411001,3.4382483959198
RO-3306,3,COLO668,4.751730442047119,3.212105675269559,3.257917642593384
RO-3306,3,CORL105,4.8934431076049805,3.530554616977597,3.6639461517333984
RO-3306,3,CORL23,3.171088933944702,3.1482538395300934,3.1765053272247314
RO-3306,3,DB,1.8128060102462769,2.7718754774818084,2.696615695953369
RO-3306,3,DMS114,4.349557399749756,3.8136719527739102,4.02492618560791
RO-3306,3,EJM,4.017889022827148,2.5775977385324875,2.4489078521728516
RO-3306,3,EPLC272H,2.6048905849456787,3.824449058391445,4.03866720199585
RO-3306,3,HCC827,4.942661762237549,3.7210008867576208,3.906768798828125
RO-3306,3,HL60,4.16140604019165,2.793920356120501,2.7247233390808105
RO-3306,3,HT,3.518320083618164,2.5252691070921327,2.382187843322754
RO-3306,3,JVM2,3.3386614322662354,3.029419953730833,3.0249898433685303
RO-3306,3,KOPN8,2.2607483863830566,2.270158146693242,2.0569164752960205
RO-3306,3,KU812,3.275526523590088,3.008303678112869,2.9980661869049072
RO-3306,3,L363,2.731890916824341,2.778745756093285,2.7053754329681396
RO-3306,3,LAMA84,2.591303586959839,2.69269458619859,2.595658540725708
RO-3306,3,LCLC103H,3.8982720375061035,3.1714750857892864,3.206112861633301
RO-3306,3,LU65,4.94478702545166,3.005399316027094,2.9943630695343018
RO-3306,3,NCIH1155,2.6681575775146484,3.25942011218699,3.318244457244873
RO-3306,3,NCIH1341,3.919182538986206,3.4119355851595725,3.512704610824585
RO-3306,3,NCIH1623,3.9401888847351074,3.570417790671106,3.7147724628448486
RO-3306,3,NCIH23,2.3260135650634766,3.4429143877856503,3.5522031784057617
RO-3306,3,NCIH441,5.724937915802002,3.3647118394352655,3.45249342918396
RO-3306,3,NCIH727,4.45358419418335,3.3320534733109626,3.410853385925293
RO-3306,3,NCIH838,2.7433040142059326,3.546151445281254,3.6838324069976807
RO-3306,3,NOMO1,2.9260430335998535,2.6580466235900837,2.5514817237854004
RO-3306,3,OCIAML2,2.3283214569091797,2.9975237676130724,2.9843215942382812
RO-3306,3,P12ICHIKAWA,2.037463903427124,2.7900449437957726,2.7197821140289307
RO-3306,3,REH,2.9939730167388916,2.8400780595932624,2.7835752964019775
RO-3306,3,RERFLCMS,3.191633462905884,3.5268259934912236,3.6591920852661133
RO-3306,3,RPMI8402,1.8880984783172607,2.825864225236708,2.7654523849487305
RO-3306,3,SBC5,3.3471295833587646,3.323702777841832,3.4002060890197754
RO-3306,3,SHP77,3.039644956588745,3.1227269800518944,3.14395809173584
RO-3306,3,SIGM5,0.41090500354766846,2.9814486133877436,2.9638254642486572
RO-3306,3,SKM1,2.635631561279297,3.006498081905024,2.9957640171051025
RO-3306,3,SUDHL1,1.0625790357589722,2.732849093663,2.6468563079833984
RO-3306,3,SUDHL8,2.94537091255188,2.885378404054739,2.841334104537964
RO-3306,3,SUPB15,3.3532514572143555,2.4999185812121105,2.349865436553955
RO-3306,3,SW1271,3.56774640083313,3.549144067662193,3.687648057937622
RO-3306,4,A549,2.187314987182617,3.4988405979093753,3.5230443477630615
RO-3306,4,CA46,3.958972930908203,2.617433141633358,2.585637092590332
RO-3306,4,CAL12T,2.7763969898223877,3.457886838761846,3.4794886112213135
RO-3306,4,CALU3,4.5482306480407715,3.5974252179213804,3.62789249420166
RO-3306,4,CMK,3.3777570724487305,3.360165743487567,3.375558853149414
RO-3306,4,CORL88,3.4722089767456055,3.494282657886672,3.5181968212127686
RO-3306,4,DMS273,3.034921407699585,3.269649206370362,3.2792913913726807
RO-3306,4,GA10,2.0406880378723145,2.453841159849585,2.411651372909546
RO-3306,4,HCC44,3.3661060333251953,3.8112199992548415,3.8552706241607666
RO-3306,4,JVM3,2.545790910720825,3.1291643574697368,3.129880905151367
RO-3306,4,KCL22,2.884141445159912,2.99659515199827,2.98888897895813
RO-3306,4,KMH2,1.580106496810913,2.8580752029746366,2.8415682315826416
RO-3306,4,LOUCY,2.824228048324585,2.824533140316907,2.8058950901031494
RO-3306,4,LOUNH91,3.7994420528411865,3.758934607593659,3.7996633052825928
RO-3306,4,MHHCALL2,2.6570069789886475,3.0569345034861133,3.0530619621276855
RO-3306,4,MOLM13,1.6085220575332642,3.2829156992192483,3.293400764465332
RO-3306,4,MONOMAC6,3.1839613914489746,3.0361027538033607,3.0309066772460938
RO-3306,4,NCIH1435,4.77541446685791,3.3871127816751057,3.4042179584503174
RO-3306,4,NCIH1436,3.473287582397461,3.4767895566771694,3.4995923042297363
RO-3306,4,NCIH1650,4.6160736083984375,3.9257083148713443,3.9770328998565674
RO-3306,4,NCIH1915,2.6202805042266846,4.0337334213203,4.091921329498291
RO-3306,4,NCIH1944,1.8094024658203125,3.4210240616856478,3.44028377532959
RO-3306,4,NCIH1975,3.2177274227142334,4.104900234206754,4.167609691619873
RO-3306,4,NCIH2085,2.8577170372009277,3.373949185465528,3.3902180194854736
RO-3306,4,NCIH2171,1.1465389728546143,3.2501212624702203,3.2585227489471436
RO-3306,4,NCIH2291,5.948805809020996,4.237946709711092,4.309109210968018
RO-3306,4,NCIH2342,4.332651138305664,3.8050240075035386,3.8486809730529785
RO-3306,4,NCIH2444,4.399465084075928,3.543484513003871,3.5705246925354004
RO-3306,4,NCIH446,2.15427303314209,3.183403216047988,3.187565803527832
RO-3306,4,NCIH522,3.8981685638427734,3.3580354019552163,3.373293161392212
RO-3306,4,NCIH647,2.8421125411987305,3.678708631110045,3.7143402099609375
RO-3306,4,NCIH661,4.375671863555908,3.438733268255267,3.459118127822876
RO-3306,4,NCIH810,2.9849555492401123,3.369660704615916,3.3856570720672607
RO-3306,4,NCIH82,2.48410701751709,3.1167741673726086,3.116703510284424
RO-3306,4,OCIAML3,2.6682515144348145,2.876727965001444,2.861406087875366
RO-3306,4,OPM2,2.9817779064178467,2.5117071810073828,2.473193883895874
RO-3306,4,RAJI,3.4453744888305664,2.594599727261312,2.5613529682159424
RO-3306,4,RPMI8226,2.5676424503326416,3.278263381233258,3.2884528636932373
RO-3306,4,SKMM2,4.697336196899414,3.2959004032323813,3.3072104454040527
RO-3306,4,SUDHL6,1.1888405084609985,2.847034326324127,2.8298258781433105
RO-3306,5,AMO1,2.9064745903015137,2.898644468117894,2.8827991485595703
RO-3306,5,BV173,1.9206949472427368,2.799073941190563,2.7730371952056885
RO-3306,5,CALU6,3.3886139392852783,3.406284699008837,3.4423983097076416
RO-3306,5,CHAGOK1,3.0909149646759033,3.638416877569316,3.6982901096343994
RO-3306,5,CORL311,2.5387730598449707,3.3125053215335973,3.339020252227783
RO-3306,5,CORL95,4.01941442489624,3.1813903758567164,3.1944851875305176
RO-3306,5,DOHH2,2.1679155826568604,2.8487107275068255,2.827754497528076
RO-3306,5,EHEB,4.176015853881836,3.1153092858677116,3.12164044380188
RO-3306,5,HARA,3.0445353984832764,2.6574183075955062,2.616882562637329
RO-3306,5,HCC33,2.712831974029541,3.0539295036035385,3.053978204727173
RO-3306,5,IALM,4.311519622802734,3.8139523359410994,3.8917922973632812
RO-3306,5,JURKAT,2.885782480239868,2.8597687604163897,2.839944362640381
RO-3306,5,JURLMK1,2.89528489112854,2.99565790063336,2.9897422790527344
RO-3306,5,LP1,3.7071990966796875,2.9337216264532837,2.921466588973999
RO-3306,5,MEG01,2.975287437438965,3.2855893236936202,3.309349298477173
RO-3306,5,MOLP8,2.9567575454711914,2.334916210775606,2.26137113571167
RO-3306,5,MOLT13,2.475966453552246,2.9659391127668804,2.956981658935547
RO-3306,5,MOLT16,1.703914999961853,2.7731997706179423,2.7445147037506104
RO-3306,5,NALM6,2.4104886054992676,2.5585502624959466,2.507894992828369
RO-3306,5,NAMALWA,2.718851089477539,2.5707844333917844,2.521381378173828
RO-3306,5,NB4,1.678926944732666,2.6450827007460895,2.6032843589782715
RO-3306,5,NCIH1437,2.557006597518921,3.464740141127293,3.5068368911743164
RO-3306,5,NCIH1781,4.697554111480713,3.403889166766106,3.4397575855255127
RO-3306,5,NCIH2009,3.9872748851776123,3.806820458394689,3.8839304447174072
RO-3306,5,NCIH2023,3.0442795753479004,3.4976525394213787,3.5431180000305176
RO-3306,5,NCIH2196,4.155299186706543,3.4849293563911226,3.52909255027771
RO-3306,5,NCIH2228,3.5793769359588623,3.3173056861171477,3.3443119525909424
RO-3306,5,NCIH2347,5.831075668334961,4.235972619601409,4.35700798034668
RO-3306,5,NCIH358,3.4691100120544434,4.077613144712512,4.182439804077148
RO-3306,5,NCIH524,2.147704601287842,3.428601257640263,3.466999053955078
RO-3306,5,NCIH596,5.490478515625,3.6088525145873893,3.6656997203826904
RO-3306,5,NCIH69,3.3576464653015137,3.1782151493439383,3.1909849643707275
RO-3306,5,OCILY19,2.0261640548706055,2.453619418567548,2.392224073410034
RO-3306,5,OCIM1,2.7985599040985107,2.784294355075811,2.756744861602783
RO-3306,5,P31FUJ,2.107896089553833,2.9328549870801686,2.920511245727539
RO-3306,5,RERFLCKJ,4.047891616821289,3.657672622522598,3.7195167541503906
RO-3306,5,SKLU1,3.7246859073638916,3.9881743176687783,4.083846569061279
RO-3306,5,SKMES1,3.6172945499420166,3.7193424380783475,3.787498712539673
RO-3306,5,ST486,2.5029654502868652,2.735021353991787,2.7024285793304443
RO-3306,5,SUPM2,1.6817175149917603,2.512687802034496,2.457338333129883
RUCAPARIB,1,AMO1,2.4411120414733887,3.746672200446065,3.7542340755462646
RUCAPARIB,1,BV173,1.031470537185669,2.3834156963403466,2.2208425998687744
RUCAPARIB,1,CAL12T,3.829200506210327,4.318846694273548,4.397816181182861
RUCAPARIB,1,CALU6,4.090450763702393,3.4678149815858905,3.440575361251831
RUCAPARIB,1,COLO668,4.353455066680908,3.4844851991587307,3.4593260288238525
RUCAPARIB,1,DND41,2.813572406768799,3.4129178943925496,3.3788270950317383
RUCAPARIB,1,EPLC272H,4.294301509857178,3.7150830220405466,3.718702554702759
RUCAPARIB,1,HARA,3.307792901992798,3.811678757376189,3.8273534774780273
RUCAPARIB,1,HCC33,4.591487884521484,3.3615074232871933,3.321000576019287
RUCAPARIB,1,HCC44,3.8997108936309814,3.7092067099360295,3.712092876434326
RUCAPARIB,1,HDLM2,3.13203501701355,3.562992881490046,3.5476315021514893
RUCAPARIB,1,IALM,4.617057800292969,3.723743073526394,3.7284433841705322
RUCAPARIB,1,JM1,3.041212558746338,3.2631723012643357,3.210393190383911
RUCAPARIB,1,JURKAT,3.6913299560546875,3.1722006394080844,3.1080682277679443
RUCAPARIB,1,KG1,3.2061049938201904,3.150642715569037,3.08381986618042
RUCAPARIB,1,ME1,3.7637739181518555,3.271180559664248,3.2194008827209473
RUCAPARIB,1,MOLT16,1.7673285007476807,3.1121099801199166,3.040478229522705
RUCAPARIB,1,NALM6,2.823162078857422,2.8623670336257865,2.7595672607421875
RUCAPARIB,1,NCIH1048,1.1009360551834106,3.7736174326012546,3.7845420837402344
RUCAPARIB,1,NCIH1092,5.193252086639404,3.3577759873571744,3.316803455352783
RUCAPARIB,1,NCIH1436,3.8435354232788086,3.4773686784864712,3.4513213634490967
RUCAPARIB,1,NCIH1437,2.7402114868164062,3.637164391086732,3.6310596466064453
RUCAPARIB,1,NCIH1648,3.574333906173706,3.9110247415866324,3.9390978813171387
RUCAPARIB,1,NCIH1781,3.758713483810425,4.30870839726532,4.386412620544434
RUCAPARIB,1,NCIH1963,3.706003427505493,3.70058163271333,3.7023913860321045
RUCAPARIB,1,NCIH2009,4.59197998046875,3.887031549206345,3.9121103286743164
RUCAPARIB,1,NCIH2023,4.553779602050781,4.041212938727851,4.085533618927002
RUCAPARIB,1,NCIH2085,4.063255786895752,4.002122734720679,4.04156494140625
RUCAPARIB,1,NCIH209,0.3066929876804352,3.3576051433808285,3.3166112899780273
RUCAPARIB,1,NCIH2122,3.3830490112304688,3.596213132349637,3.5849976539611816
RUCAPARIB,1,NCIH23,3.292923927307129,3.9997601702537393,4.038907527923584
RUCAPARIB,1,NCIH460,1.426164984703064,3.8256716421137607,3.843092679977417
RUCAPARIB,1,NCIH810,3.1921305656433105,3.5772912081257746,3.5637142658233643
RUCAPARIB,1,NCIH841,3.9736239910125732,3.674570319366801,3.6731338500976562
RUCAPARIB,1,OCIAML3,2.9424469470977783,3.2402062923944364,3.184561014175415
RUCAPARIB,1,OPM2,3.446743965148926,3.307871529219484,3.2606709003448486
RUCAPARIB,1,P31FUJ,3.07027006149292,3.6572938812327327,3.6537013053894043
RUCAPARIB,1,REH,3.059598922729492,2.656529081365503,2.528040647506714
RUCAPARIB,1,SUDHL5,1.843785047531128,3.3290549104950036,3.2844979763031006
RUCAPARIB,1,SW1271,4.920483589172363,3.9656176586732035,4.000504016876221
RUCAPARIB,1,WSUDLCL2,3.4102084636688232,3.206421790089395,3.1465601921081543
RUCAPARIB,2,A3KAW,1.5778340101242065,3.6755344865941875,3.726912498474121
RUCAPARIB,2,CORL23,4.016202926635742,3.8405236409760057,3.9304797649383545
RUCAPARIB,2,CORL95,3.7649810314178467,3.6885775153512768,3.7430052757263184
RUCAPARIB,2,DAUDI,3.8833653926849365,3.127807085174073,3.051114320755005
RUCAPARIB,2,EHEB,4.043865203857422,3.4800422912123175,3.4857099056243896
RUCAPARIB,2,GDM1,2.546658992767334,3.170489004517843,3.103776216506958
RUCAPARIB,2,HCC827,3.382854461669922,3.91077354303971,4.017155647277832
RUCAPARIB,2,HH,4.173107624053955,3.15664597962673,3.0866963863372803
RUCAPARIB,2,JVM2,3.0033140182495117,3.3338897607784834,3.3053836822509766
RUCAPARIB,2,KCL22,2.140127420425415,3.0486971293081626,2.9535067081451416
RUCAPARIB,2,KMS12BM,3.5158374309539795,3.1960430839264733,3.135305404663086
RUCAPARIB,2,KOPN8,2.021752119064331,2.5325295753752926,2.31664776802063
RUCAPARIB,2,LAMA84,3.3341164588928223,3.2662964642342383,3.2219855785369873
RUCAPARIB,2,LCLC97TM1,3.2169299125671387,3.875648108918405,3.9738171100616455
RUCAPARIB,2,LOUCY,2.168018102645874,2.997347812236008,2.890150785446167
RUCAPARIB,2,MEG01,3.7161519527435303,3.0877216750218195,3.0016560554504395
RUCAPARIB,2,MHHCALL2,2.845999002456665,2.8394579472184187,2.695342779159546
RUCAPARIB,2,MOLP8,3.3832895755767822,3.516684239744207,3.5309195518493652
RUCAPARIB,2,NCIH1155,2.653496026992798,3.6710431073325647,3.7213709354400635
RUCAPARIB,2,NCIH1341,4.197658061981201,3.700355622684858,3.757537364959717
RUCAPARIB,2,NCIH1568,4.639191150665283,3.8316239738386613,3.919499158859253
RUCAPARIB,2,NCIH1623,4.146475791931152,4.0044557956348505,4.132742881774902
RUCAPARIB,2,NCIH1793,5.3482441902160645,3.7664729843325633,3.8391144275665283
RUCAPARIB,2,NCIH1944,4.0648512840271,3.660599099832148,3.7084848880767822
RUCAPARIB,2,NCIH2170,3.2059125900268555,3.508067469790488,3.5202879905700684
RUCAPARIB,2,NCIH2171,3.1550180912017822,3.413124546959026,3.4031453132629395
RUCAPARIB,2,NCIH2172,4.474917411804199,3.669315386213167,3.7192392349243164
RUCAPARIB,2,NCIH2196,4.603600025177002,3.7959617307172793,3.8754982948303223
RUCAPARIB,2,NCIH446,3.4514288902282715,3.446465062169708,3.444281578063965
RUCAPARIB,2,NCIH522,3.6602859497070312,3.2862024549951907,3.2465460300445557
RUCAPARIB,2,NCIH526,3.2426369190216064,3.225189223271183,3.171266555786133
RUCAPARIB,2,NCIH647,2.9322619438171387,3.598659109301672,3.6320619583129883
RUCAPARIB,2,NCIH650,4.29231595993042,3.818749833154311,3.9036147594451904
RUCAPARIB,2,NCIH727,4.083561897277832,4.014573621136661,4.14522647857666
RUCAPARIB,2,RCHACV,2.883450984954834,3.089086112872627,3.0033395290374756
RUCAPARIB,2,RPMI8226,3.267784595489502,3.454967243305196,3.4547717571258545
RUCAPARIB,2,RS411,2.7444989681243896,2.9515107390573725,2.8335959911346436
RUCAPARIB,2,SUDHL1,6.531480312347412,3.3270552044344512,3.2969510555267334
RUCAPARIB,2,SUDHL6,2.7953579425811768,3.448031044940271,3.446213722229004
RUCAPARIB,2,SW1573,4.146791458129883,3.4616690466675673,3.463040590286255
RUCAPARIB,2,THP1,4.115508079528809,3.289906978155909,3.2511167526245117
RUCAPARIB,3,697,0.43546199798583984,2.327605583849604,2.429900884628296
RUCAPARIB,3,A4FUK,4.088334083557129,3.538631378322265,3.506821870803833
RUCAPARIB,3,ABC1,5.083209991455078,3.6384576100561747,3.5955936908721924
RUCAPARIB,3,CORL105,3.946063995361328,3.7465324501586683,3.6917006969451904
RUCAPARIB,3,CORL279,2.5180130004882812,3.3581456821840243,3.346322536468506
RUCAPARIB,3,DMS273,4.76182222366333,3.4524633685255863,3.4301958084106445
RUCAPARIB,3,EBC1,3.633402109146118,4.813676787046887,4.6406731605529785
RUCAPARIB,3,EJM,3.882201910018921,3.311511526219163,3.3048524856567383
RUCAPARIB,3,EM2,3.7163400650024414,3.011439508183148,3.0380094051361084
RUCAPARIB,3,GRANTA519,3.70888352394104,2.544839760604385,2.623079299926758
RUCAPARIB,3,HCC78,4.123249053955078,3.3750308510862252,3.361337900161743
RUCAPARIB,3,JEKO1,3.666586399078369,2.8402633234660337,2.885788679122925
RUCAPARIB,3,JURLMK1,3.285862445831299,3.1482236128217034,3.159646511077881
RUCAPARIB,3,JVM3,2.749314546585083,3.0407388782584164,3.0640642642974854
RUCAPARIB,3,KU812,3.1344845294952393,3.6267418300233323,3.5851752758026123
RUCAPARIB,3,L1236,3.830709457397461,4.0741560427178865,3.983044385910034
RUCAPARIB,3,L428,3.3453783988952637,3.3560179777046284,3.344430446624756
RUCAPARIB,3,LCLC103H,3.053436517715454,3.966298638141198,3.8871307373046875
RUCAPARIB,3,LXF289,3.3932509422302246,3.8908758576949753,3.8200600147247314
RUCAPARIB,3,MM1S,3.185889959335327,3.063866940154913,3.0846312046051025
RUCAPARIB,3,NAMALWA,3.1981871128082275,2.9343574077995545,2.9694631099700928
RUCAPARIB,3,NCIH1105,4.263073921203613,2.74117036690238,2.797668933868408
RUCAPARIB,3,NCIH1876,2.0504369735717773,3.2910245954752027,3.2866342067718506
RUCAPARIB,3,NCIH2029,4.055751323699951,3.948943476049433,3.871697425842285
RUCAPARIB,3,NCIH2030,3.2384469509124756,4.287939134283809,4.173153877258301
RUCAPARIB,3,NCIH2110,3.825608015060425,4.293176354457765,4.177811145782471
RUCAPARIB,3,NCIH2347,4.639523029327393,4.076554804307751,3.985177516937256
RUCAPARIB,3,NCIH441,5.272456645965576,4.4526780477622285,4.319650173187256
RUCAPARIB,3,NCIH596,4.818331718444824,4.234750275809841,4.125854969024658
RUCAPARIB,3,NUDUL1,2.5550544261932373,2.982697534480444,3.0124502182006836
RUCAPARIB,3,PF382,3.300306558609009,2.7423631790531906,2.798729658126831
RUCAPARIB,3,PL21,4.312209606170654,3.049806288224793,3.0721275806427
RUCAPARIB,3,RAJI,3.8239634037017822,3.1632483808440495,3.1730074882507324
RUCAPARIB,3,RPMI8402,2.878077507019043,2.7299430795058104,2.787684917449951
RUCAPARIB,3,SHP77,2.4607019424438477,3.851074700263617,3.7846662998199463
RUCAPARIB,3,SIGM5,2.4474120140075684,3.3852795445627097,3.3704516887664795
RUCAPARIB,3,SKMES1,3.2485411167144775,3.6489347314833203,3.6049106121063232
RUCAPARIB,3,SKMM2,4.413690090179443,3.320948388903862,3.313244342803955
RUCAPARIB,3,ST486,3.32623291015625,2.9482317247229735,2.9818010330200195
RUCAPARIB,3,SUDHL10,2.665085554122925,3.3202108240068333,3.3125884532928467
RUCAPARIB,3,SUDHL4,3.2316720485687256,3.057270144701847,3.0787649154663086
RUCAPARIB,4,ALLSIL,2.8837389945983887,2.767444591607662,2.7827882766723633
RUCAPARIB,4,BL41,2.6653659343719482,3.349219764645087,3.347867012023926
RUCAPARIB,4,CA46,3.543131113052368,3.0768491822715056,3.083313226699829
RUCAPARIB,4,CALU3,4.008077144622803,3.953098158545703,3.9344146251678467
RUCAPARIB,4,DB,2.0890755653381348,3.225181585957839,3.227388620376587
RUCAPARIB,4,DMS114,4.1083574295043945,3.470302321463603,3.4654746055603027
RUCAPARIB,4,DMS53,3.1119039058685303,3.572438068149766,3.5646791458129883
RUCAPARIB,4,DMS79,2.889967441558838,3.7397727566418464,3.7272114753723145
RUCAPARIB,4,DOHH2,1.9725470542907715,2.9776862398750374,2.9869961738586426
RUCAPARIB,4,HCC15,5.0044097900390625,3.890903931239839,3.8740053176879883
RUCAPARIB,4,HL60,3.878567934036255,3.058600223893392,3.0655879974365234
RUCAPARIB,4,HT,4.0331268310546875,3.032367576346563,3.0401082038879395
RUCAPARIB,4,KMH2,3.0323851108551025,3.5706260591276764,3.5629191398620605
RUCAPARIB,4,L363,2.6675024032592773,3.4964483205161487,3.490870237350464
RUCAPARIB,4,LU65,4.502274513244629,3.817766465486021,3.802966833114624
RUCAPARIB,4,MOLT13,2.852344512939453,2.6667084758404855,2.684943199157715
RUCAPARIB,4,NB4,2.7546334266662598,3.167024736651883,3.170900821685791
RUCAPARIB,4,NCIH1435,4.096097946166992,2.916984428561357,2.9280364513397217
RUCAPARIB,4,NCIH146,3.2732961177825928,4.063992276122841,4.042126178741455
RUCAPARIB,4,NCIH1651,1.255703330039978,3.8109369440796823,3.7963333129882812
RUCAPARIB,4,NCIH1792,2.855513572692871,3.9272751890072555,3.909332752227783
RUCAPARIB,4,NCIH1915,3.4020824432373047,3.6787756531507654,3.6679649353027344
RUCAPARIB,4,NCIH196,4.174256801605225,3.655554102146062,3.6454098224639893
RUCAPARIB,4,NCIH1975,4.074942588806152,4.278014057001997,4.250005722045898
RUCAPARIB,4,NCIH2066,5.430111408233643,2.9708427270687716,2.980349063873291
RUCAPARIB,4,NCIH211,2.7409274578094482,3.817691108296942,3.80289363861084
RUCAPARIB,4,NCIH2228,4.565361976623535,3.9895815929756906,3.969851016998291
RUCAPARIB,4,NCIH2291,5.386232376098633,3.951659498984817,3.9330172538757324
RUCAPARIB,4,NCIH2342,4.273184776306152,4.253743641929102,4.226431846618652
RUCAPARIB,4,NCIH2405,4.008647441864014,3.7219725049140147,3.7099220752716064
RUCAPARIB,4,NCIH2444,4.774471282958984,3.9116291219418264,3.8941357135772705
RUCAPARIB,4,NCIH69,3.7467169761657715,3.858484875756987,3.8425166606903076
RUCAPARIB,4,NCIH82,3.772388458251953,3.2921593992597042,3.2924442291259766
RUCAPARIB,4,NCIH838,3.6553080081939697,4.141492849485386,4.11740255355835
RUCAPARIB,4,OCIAML2,3.0723729133605957,3.047003071596232,3.054323673248291
RUCAPARIB,4,P12ICHIKAWA,3.588175058364868,2.654707291187547,2.6732864379882812
RUCAPARIB,4,RERFLCMS,3.2267239093780518,3.8515446504670177,3.83577561378479
RUCAPARIB,4,SBC5,3.3606114387512207,3.7586721923849744,3.7455685138702393
RUCAPARIB,4,SUPB15,0.8794875144958496,2.6131253415316293,2.6328978538513184
RUCAPARIB,4,SUPT1,3.416062116622925,3.408565637481658,3.4055097103118896
RUCAPARIB,5,A549,4.347542762756348,4.110345693953958,4.238556385040283
RUCAPARIB,5,BEN,4.457855224609375,3.606115448050443,3.6196939945220947
RUCAPARIB,5,CHAGOK1,4.142047882080078,3.5838177496765438,3.592327117919922
RUCAPARIB,5,CMK,3.1045339107513428,3.5894867284773064,3.5992848873138428
RUCAPARIB,5,CMLT1,2.115428924560547,2.9108940564429533,2.766420364379883
RUCAPARIB,5,CORL311,2.384294033050537,3.38917963799904,3.3534398078918457
RUCAPARIB,5,CORL88,3.8726816177368164,3.7618997936011995,3.81089448928833
RUCAPARIB,5,GA10,3.3098864555358887,3.1333925871515413,3.039501905441284
RUCAPARIB,5,HCC366,5.1284403800964355,3.666668991955238,3.694013833999634
RUCAPARIB,5,HEL,3.3744115829467773,3.288694983060222,3.2301108837127686
RUCAPARIB,5,K562,3.771585464477539,3.344549080878321,3.2986629009246826
RUCAPARIB,5,KARPAS422,4.246679306030273,3.2876599860054143,3.2288405895233154
RUCAPARIB,5,KMS11,3.8843295574188232,3.5944983442837986,3.605435848236084
RUCAPARIB,5,KNS62,4.113245010375977,3.3767357798282545,3.3381669521331787
RUCAPARIB,5,L540,3.6529109477996826,3.8042575531353466,3.862881898880005
RUCAPARIB,5,LOUNH91,4.239118576049805,4.032086862593568,4.142506122589111
RUCAPARIB,5,LP1,3.894888401031494,3.498131920869367,3.48716139793396
RUCAPARIB,5,MOLM13,1.8804149627685547,3.4429072131521647,3.419381856918335
RUCAPARIB,5,MOLM16,2.6368629932403564,3.3190780131561968,3.2674012184143066
RUCAPARIB,5,MONOMAC6,3.0838944911956787,3.0258937291993964,2.907564163208008
RUCAPARIB,5,NCIH1650,5.42850923538208,3.685366151588359,3.716961622238159
RUCAPARIB,5,NCIH1836,5.005701541900635,3.6147682021443455,3.6303138732910156
RUCAPARIB,5,NCIH2081,3.3360559940338135,3.4583735036006824,3.438364267349243
RUCAPARIB,5,NCIH2087,5.7322821617126465,3.912648241319966,3.9959142208099365
RUCAPARIB,5,NCIH2227,2.793704032897949,3.793327533562181,3.8494670391082764
RUCAPARIB,5,NCIH292,2.9464094638824463,3.7419914465362605,3.7864601612091064
RUCAPARIB,5,NCIH358,4.093257904052734,3.8032437300067725,3.861637592315674
RUCAPARIB,5,NCIH524,2.4878416061401367,3.9390424145234055,4.028308868408203
RUCAPARIB,5,NCIH661,3.5623080730438232,4.073812318183758,4.1937174797058105
RUCAPARIB,5,NCIH929,3.122626543045044,3.5538566440556147,3.5555546283721924
RUCAPARIB,5,NOMO1,3.1403989791870117,3.3236290475030517,3.272986888885498
RUCAPARIB,5,OCIAML5,3.3503193855285645,3.842071077289779,3.909291982650757
RUCAPARIB,5,OCILY19,2.075343132019043,3.2054536743239357,3.1279454231262207
RUCAPARIB,5,OCIM1,3.0791895389556885,3.3287335177750466,3.27925181388855
RUCAPARIB,5,RERFLCKJ,3.5746500492095947,3.7693028975348954,3.8199806213378906
RUCAPARIB,5,RL,3.897552490234375,3.2803248717431113,3.2198379039764404
RUCAPARIB,5,SKLU1,3.1830999851226807,3.6497141162156175,3.6732044219970703
RUCAPARIB,5,SKM1,3.1744585037231445,3.3641778932657327,3.322754144668579
RUCAPARIB,5,SUDHL8,3.475761890411377,3.080825110048588,2.9749836921691895
RUCAPARIB,5,SUPM2,2.038017988204956,3.4388911603910723,3.4144527912139893
SB216763,1,ALLSIL,3.729043483734131,4.07764975718456,4.082170486450195
SB216763,1,AMO1,4.006234169006348,4.1679088368774115,4.176313877105713
SB216763,1,BV173,2.684216022491455,3.720407434869525,3.7095541954040527
SB216763,1,CMK,3.9487929344177246,4.602834596696854,4.6299567222595215
SB216763,1,CORL105,5.68101692199707,4.904015009692097,4.944098472595215
SB216763,1,CORL23,5.292381763458252,4.536580236359492,4.560851097106934
SB216763,1,CORL88,5.778162002563477,5.112776704573004,5.161844253540039
SB216763,1,DMS114,5.4591965675354,5.252499458755569,5.30757999420166
SB216763,1,EM2,3.2987775802612305,4.234883229076298,4.246170520782471
SB216763,1,EPLC272H,5.092069149017334,5.266871294711585,5.322570323944092
SB216763,1,HCC33,5.2915191650390625,5.116566129398509,5.165796756744385
SB216763,1,HCC827,4.900299072265625,5.508467356804153,5.574563503265381
SB216763,1,HL60,4.389063835144043,4.564155856585052,4.589613437652588
SB216763,1,KCL22,4.525834560394287,3.7493165998189366,3.7397074699401855
SB216763,1,LAMA84,3.998356580734253,4.290999083640318,4.304701328277588
SB216763,1,LU65,6.141140460968018,4.663518424822999,4.693252086639404
SB216763,1,ME1,5.178616046905518,4.047674487917006,4.050905227661133
SB216763,1,MOLT13,3.8457839488983154,4.081371064710149,4.086051940917969
SB216763,1,NALM6,3.3028500080108643,3.5165357849453107,3.4969089031219482
SB216763,1,NCIH1341,3.317129611968994,4.7486508776618015,4.782048225402832
SB216763,1,NCIH1437,4.767918586730957,4.940233755234464,4.981875896453857
SB216763,1,NCIH1915,4.808259010314941,5.011607884979577,5.056321620941162
SB216763,1,NCIH196,4.97210168838501,5.1856549008733,5.237858772277832
SB216763,1,NCIH1975,3.9153079986572266,5.372928102027814,5.433191299438477
SB216763,1,NCIH2009,5.827042102813721,5.277010714811101,5.333146095275879
SB216763,1,NCIH2029,4.967574119567871,5.26390567776828,5.319477081298828
SB216763,1,NCIH2085,4.098005294799805,5.335042539871405,5.393675327301025
SB216763,1,NCIH209,4.482507228851318,4.91122995752611,4.951623916625977
SB216763,1,NCIH211,4.63859748840332,4.982492082314986,5.0259528160095215
SB216763,1,NCIH2196,6.250992774963379,5.21140369740448,5.264715671539307
SB216763,1,NCIH2228,5.649043560028076,5.35902577256182,5.4186906814575195
SB216763,1,NCIH2347,6.162210941314697,5.526998919685887,5.593892574310303
SB216763,1,NCIH524,4.299835681915283,5.377905236552519,5.438382625579834
SB216763,1,NCIH650,3.7866714000701904,5.20405068631829,5.257046222686768
SB216763,1,NOMO1,4.88297700881958,4.095766673146674,4.101067066192627
SB216763,1,OPM2,3.754976511001587,4.267562160838488,4.2802557945251465
SB216763,1,P12ICHIKAWA,4.126436233520508,4.131979475568913,4.138838291168213
SB216763,1,SKMES1,4.300025939941406,5.031650371862795,5.077226638793945
SB216763,1,SKMM2,4.893548011779785,4.3189354055412705,4.3338398933410645
SB216763,1,SUDHL5,3.8594729900360107,3.9606594374872484,3.9601454734802246
SB216763,1,THP1,4.844801425933838,4.548633341139857,4.573422908782959
SB216763,2,A549,3.7607579231262207,4.907154775743781,4.967098236083984
SB216763,2,CA46,5.120022296905518,3.9379007235643795,3.8676247596740723
SB216763,2,CORL95,5.683319091796875,5.026963275218274,5.103003025054932
SB216763,2,DMS273,4.366085529327393,4.694174825582743,4.725504398345947
SB216763,2,HARA,4.362277030944824,4.650275630749102,4.6757073402404785
SB216763,2,HCC15,5.770309925079346,5.025523957354876,5.101370334625244
SB216763,2,HCC366,6.663266181945801,4.761135053706692,4.8014607429504395
SB216763,2,JEKO1,3.5009989738464355,4.171817199865721,4.132967948913574
SB216763,2,JURKAT,4.016302108764648,4.413473792936557,4.40709114074707
SB216763,2,JURLMK1,4.744104862213135,4.468165349576529,4.469130516052246
SB216763,2,JVM3,3.5167360305786133,4.5076436022462225,4.513912677764893
SB216763,2,KMH2,3.8630685806274414,4.277782773943146,4.253170013427734
SB216763,2,KNS62,4.782725811004639,5.052958431956748,5.132490634918213
SB216763,2,KOPN8,4.038268566131592,3.551671503008076,3.4295055866241455
SB216763,2,L428,4.422634601593018,4.473207586075203,4.474850177764893
SB216763,2,L540,3.782953977584839,4.421347584671167,4.416022777557373
SB216763,2,MOLP8,4.566418170928955,4.48186240952424,4.484667778015137
SB216763,2,NB4,3.5562405586242676,4.042649771386936,3.9864468574523926
SB216763,2,NCIH1092,5.61944580078125,4.971223336933642,5.039774417877197
SB216763,2,NCIH1105,5.054721355438232,4.700530271487158,4.73271369934082
SB216763,2,NCIH1155,4.6175947189331055,4.987675025958119,5.058436393737793
SB216763,2,NCIH1568,5.616995334625244,4.947119386698505,5.012432098388672
SB216763,2,NCIH1650,5.61363410949707,5.23868550369494,5.343170166015625
SB216763,2,NCIH1651,5.151787281036377,5.055322545176302,5.135172367095947
SB216763,2,NCIH1836,5.877258777618408,5.198224025417044,5.297272682189941
SB216763,2,NCIH1944,6.194558143615723,4.6541143722001985,4.6800618171691895
SB216763,2,NCIH2110,4.9474568367004395,5.122699351572046,5.211601257324219
SB216763,2,NCIH2122,4.104931831359863,4.920283506908981,4.981990814208984
SB216763,2,NCIH2170,5.115429878234863,5.103221900286839,5.189507007598877
SB216763,2,NCIH2291,6.980614185333252,5.217387887004209,5.319011211395264
SB216763,2,NCIH23,4.616804122924805,4.991703350457226,5.0630059242248535
SB216763,2,NCIH292,4.4899139404296875,4.770530554163704,4.8121185302734375
SB216763,2,NCIH810,5.236733913421631,5.2134768433707235,5.314574718475342
SB216763,2,NCIH82,4.280401229858398,4.936647340374623,5.000553131103516
SB216763,2,RAJI,4.728853702545166,3.930097342385294,3.8587729930877686
SB216763,2,RERFLCKJ,5.004355430603027,5.134011280223927,5.224432945251465
SB216763,2,RPMI8402,4.056087970733643,4.15501829222116,4.113912105560303
SB216763,2,RS411,2.3230719566345215,3.510596717264439,3.3829123973846436
SB216763,2,SUDHL6,3.088844060897827,4.103310882050891,4.055257797241211
SB216763,2,SW1573,4.942913055419922,4.649547984948419,4.674881935119629
SB216763,2,WSUDLCL2,4.119027137756348,4.280185980784574,4.255896091461182
SB216763,3,697,3.588306427001953,3.7160878639519397,3.703864097595215
SB216763,3,A3KAW,3.9975790977478027,4.319003132944361,4.342299938201904
SB216763,3,A4FUK,5.0709228515625,4.376414178297104,4.403093338012695
SB216763,3,ABC1,5.675395488739014,4.783768585054539,4.834446907043457
SB216763,3,DAUDI,4.094699859619141,4.066911126077608,4.0753560066223145
SB216763,3,DB,3.793226957321167,4.047430826594816,4.054728031158447
SB216763,3,DMS79,5.632885932922363,5.174592656312349,5.24829626083374
SB216763,3,EBC1,4.422406196594238,4.862592199078254,4.917914390563965
SB216763,3,EHEB,5.5893120765686035,4.7693339803406944,4.819161891937256
SB216763,3,EJM,4.537794589996338,4.835538178906578,4.889266490936279
SB216763,3,GDM1,4.986422061920166,3.3864033835789464,3.3547563552856445
SB216763,3,HCC44,4.8458075523376465,5.054634359044202,5.121270656585693
SB216763,3,HCC78,5.125030994415283,4.989850430116986,5.052670001983643
SB216763,3,HH,5.477159023284912,3.9511042130196294,3.952726364135742
SB216763,3,JM1,3.200166940689087,4.060491093027997,4.0685577392578125
SB216763,3,KARPAS422,4.837291717529297,3.8112959138675038,3.8046813011169434
SB216763,3,KG1,4.712294578552246,4.093584636469743,4.103600978851318
SB216763,3,KU812,4.735023498535156,4.775736451400481,4.825941562652588
SB216763,3,L363,4.2611823081970215,4.267179952507984,4.287423610687256
SB216763,3,LCLC97TM1,4.285208702087402,4.755609960753615,4.804629325866699
SB216763,3,LOUCY,4.416829586029053,3.9780449808723053,3.9812543392181396
SB216763,3,LP1,4.910674571990967,4.065095036206731,4.073432922363281
SB216763,3,NAMALWA,4.258065223693848,3.5406807359634196,3.518122911453247
SB216763,3,NCIH146,5.332724571228027,5.246898970881268,5.324862480163574
SB216763,3,NCIH2171,3.731882095336914,4.979298826384189,5.041496753692627
SB216763,3,NCIH441,6.5404582023620605,4.666139728129076,4.709887981414795
SB216763,3,NCIH647,4.887063980102539,5.288549706442095,5.368967056274414
SB216763,3,NCIH727,5.3045220375061035,5.3037935136101835,5.385108947753906
SB216763,3,NCIH838,5.267829418182373,4.808789467173399,4.8609418869018555
SB216763,3,OCIAML2,4.156772613525391,4.256196053641034,4.275792598724365
SB216763,3,OCIAML5,4.499751567840576,4.55702123134983,4.594340801239014
SB216763,3,P31FUJ,4.341538429260254,4.013768995174631,4.019083023071289
SB216763,3,PF382,4.93411922454834,3.8954106402102844,3.893751621246338
SB216763,3,REH,3.6768484115600586,3.595672279487197,3.5763542652130127
SB216763,3,SIGM5,2.010032892227173,4.694914372996169,4.740357875823975
SB216763,3,SKLU1,5.459832191467285,4.93772419277927,4.997472763061523
SB216763,3,SKM1,4.646952152252197,4.289814205240371,4.311391353607178
SB216763,3,ST486,3.222588062286377,3.8127434271057705,3.8062140941619873
SB216763,3,SUDHL10,4.151862144470215,4.023815353969386,4.029721260070801
SB216763,3,SUDHL4,2.847332000732422,4.034804656525513,4.04135799407959
SB216763,3,SW1271,6.309411525726318,4.97896694980724,5.041145324707031
SB216763,4,BL41,2.5566813945770264,4.135177605818537,4.1821441650390625
SB216763,4,CAL12T,3.9330315589904785,5.217769198635008,5.240712642669678
SB216763,4,CALU3,5.7600555419921875,5.36310459353393,5.3828229904174805
SB216763,4,COLO668,5.350346565246582,5.016974355027497,5.044373512268066
SB216763,4,CORL279,4.494630813598633,5.12271675764101,5.147769451141357
SB216763,4,DMS53,5.552117824554443,5.2307218956185375,5.253377914428711
SB216763,4,DOHH2,2.9738259315490723,4.10549090796946,4.153116226196289
SB216763,4,HDLM2,4.923363208770752,4.343949566901165,4.3862833976745605
SB216763,4,HEL,3.2215030193328857,4.227421621605346,4.272341251373291
SB216763,4,IALM,5.85955810546875,4.649027738939188,4.684591770172119
SB216763,4,KMS11,3.7858214378356934,4.434118108181672,4.474451065063477
SB216763,4,KMS12BM,3.9663333892822266,4.143578010857439,4.1903581619262695
SB216763,4,LXF289,4.078185558319092,5.041625491374675,5.068477630615234
SB216763,4,MEG01,4.043646335601807,4.494039144356935,4.5330424308776855
SB216763,4,MOLT16,3.689495086669922,4.180971175723221,4.226921558380127
SB216763,4,NCIH1435,4.5663580894470215,4.656906837059097,4.692296028137207
SB216763,4,NCIH1436,5.348120212554932,4.883649500921742,4.914007186889648
SB216763,4,NCIH1648,4.695868968963623,5.3190158776879946,5.339712619781494
SB216763,4,NCIH1792,3.8201539516448975,5.0185182817866485,5.0458831787109375
SB216763,4,NCIH1876,4.948451042175293,4.998357992415161,5.026170253753662
SB216763,4,NCIH2023,4.161957263946533,5.2840585669479125,5.305531024932861
SB216763,4,NCIH2030,5.248641490936279,5.3323894239428915,5.352789402008057
SB216763,4,NCIH2066,7.0247931480407715,4.902012768781076,4.931962966918945
SB216763,4,NCIH2172,5.582812786102295,5.052139408281602,5.078758239746094
SB216763,4,NCIH2342,5.2151780128479,5.265401728681437,5.287288188934326
SB216763,4,NCIH2405,5.045085906982422,5.158346061771525,5.182608127593994
SB216763,4,NCIH358,5.3905839920043945,5.3665694070600765,5.386210918426514
SB216763,4,NCIH446,4.988136291503906,4.627364973779656,4.66340970993042
SB216763,4,NCIH522,5.306634902954102,4.850438495211517,4.881533145904541
SB216763,4,NCIH526,4.930718898773193,5.059757121454288,5.086206912994385
SB216763,4,NCIH596,4.767374038696289,5.250945092934412,5.2731523513793945
SB216763,4,NCIH661,4.862502574920654,5.318111758859356,5.3388285636901855
SB216763,4,NUDUL1,4.271457195281982,4.210108770119738,4.255412578582764
SB216763,4,OCIAML3,4.80495548248291,3.9055923806548485,3.957653522491455
SB216763,4,OCILY19,3.4742441177368164,3.387841467323691,3.4513916969299316
SB216763,4,RL,3.9071764945983887,3.6443695798783473,3.7022273540496826
SB216763,4,SBC5,4.313460350036621,4.825014420167795,4.856673240661621
SB216763,4,SHP77,4.826220512390137,4.89694112055139,4.927003860473633
SB216763,4,SUDHL8,2.8997609615325928,3.9832593090491786,4.033596992492676
SB216763,4,SUPT1,4.458516597747803,4.329084273344864,4.371747970581055
SB216763,5,BEN,6.036424160003662,4.997597215939259,5.074506759643555
SB216763,5,CALU6,3.7537333965301514,5.024478089238451,5.105554103851318
SB216763,5,CHAGOK1,4.883586883544922,5.3085435787349695,5.433649063110352
SB216763,5,CMLT1,4.0229997634887695,4.095265447858125,4.032315731048584
SB216763,5,CORL311,5.060004234313965,5.139809342657516,5.2387614250183105
SB216763,5,DND41,3.878999948501587,3.948938889119169,3.863308906555176
SB216763,5,GA10,4.33494234085083,3.928754598660812,3.839996099472046
SB216763,5,GRANTA519,4.733236312866211,4.308393521946595,4.278478145599365
SB216763,5,HT,5.164877414703369,4.0424493270417425,3.971313238143921
SB216763,5,JVM2,5.168018817901611,4.742857066127097,4.780282497406006
SB216763,5,K562,4.771318435668945,4.717967353337221,4.751534938812256
SB216763,5,L1236,4.46439790725708,4.288757285723385,4.25579833984375
SB216763,5,LCLC103H,5.047233581542969,4.728233203891777,4.763391971588135
SB216763,5,LOUNH91,5.970211982727051,5.166971364682986,5.2701334953308105
SB216763,5,MHHCALL2,3.001223087310791,4.394264847597946,4.377659320831299
SB216763,5,MM1S,3.929647922515869,4.589571560354135,4.603238105773926
SB216763,5,MOLM13,3.944425106048584,4.619837365234472,4.638195037841797
SB216763,5,MOLM16,2.212291955947876,4.553254658732136,4.5612921714782715
SB216763,5,MONOMAC6,3.912838935852051,4.565439008744869,4.57536506652832
SB216763,5,NCIH1048,4.299854278564453,4.938780572124196,5.006573677062988
SB216763,5,NCIH1623,5.111181735992432,5.030001154818715,5.11193323135376
SB216763,5,NCIH1781,5.264195919036865,5.125435252785484,5.222159385681152
SB216763,5,NCIH1793,6.220869541168213,4.999641220849402,5.076867580413818
SB216763,5,NCIH1963,4.738279342651367,4.749636424767664,4.788112640380859
SB216763,5,NCIH2081,5.329466819763184,4.87123510669428,4.928558826446533
SB216763,5,NCIH2087,5.335447311401367,4.8813011393582055,4.940185070037842
SB216763,5,NCIH2227,5.734425067901611,4.982457707948987,5.057020664215088
SB216763,5,NCIH2444,6.754528999328613,5.059948654753441,5.146522521972656
SB216763,5,NCIH460,4.847939491271973,4.797840426647739,4.843788146972656
SB216763,5,NCIH69,5.429253578186035,4.966814939610206,5.0389533042907715
SB216763,5,NCIH841,5.701926231384277,5.272172594171499,5.391640663146973
SB216763,5,NCIH929,4.5522637367248535,4.677540561010219,4.7048420906066895
SB216763,5,OCIM1,3.7685775756835938,4.261740585800192,4.2245941162109375
SB216763,5,PL21,4.819538593292236,3.6733150862314443,3.544964075088501
SB216763,5,RCHACV,2.8766438961029053,4.058825930712331,3.9902281761169434
SB216763,5,RERFLCMS,3.3605730533599854,4.929486975975496,4.995839595794678
SB216763,5,RPMI8226,4.29355001449585,4.63486292748546,4.6555495262146
SB216763,5,SUDHL1,4.616987228393555,4.128216821702406,4.070374488830566
SB216763,5,SUPB15,4.019765377044678,3.506377766205576,3.352151870727539
SB216763,5,SUPM2,3.689850091934204,4.288986828589481,4.256063461303711
SB590885,1,ALLSIL,2.348691940307617,2.9853831198255305,2.923893690109253
SB590885,1,BEN,4.32098913192749,4.169971083320025,4.198306560516357
SB590885,1,BV173,1.257662057876587,2.808417885688597,2.7335095405578613
SB590885,1,CALU6,4.805087566375732,3.8899821379836945,3.8970866203308105
SB590885,1,CHAGOK1,4.383293628692627,4.590117166026561,4.650311470031738
SB590885,1,CORL88,5.178144931793213,4.260222956040737,4.2954020500183105
SB590885,1,DMS79,4.740297317504883,4.4670287416689405,4.517889499664307
SB590885,1,DOHH2,2.660224437713623,2.9826944983471004,2.9210011959075928
SB590885,1,EM2,4.040221691131592,3.374723300302251,3.342756748199463
SB590885,1,EPLC272H,4.063058853149414,4.335393107190967,4.376272201538086
SB590885,1,HARA,4.098246097564697,4.095030081082479,4.117682933807373
SB590885,1,HCC44,3.2609848976135254,4.172267891183727,4.200777530670166
SB590885,1,HCC827,4.777580738067627,4.819056431834184,4.896610736846924
SB590885,1,HH,4.386676788330078,3.6080296922930213,3.593754291534424
SB590885,1,JURKAT,3.029940605163574,3.206366220145425,3.1616334915161133
SB590885,1,LXF289,3.727694034576416,4.249867375390878,4.284261226654053
SB590885,1,MOLM13,2.982823610305786,3.5228835853357072,3.5021517276763916
SB590885,1,MOLT13,3.3092455863952637,3.0350264366850883,2.9773013591766357
SB590885,1,MOLT16,2.105752468109131,3.0896188381849616,3.0360333919525146
SB590885,1,NB4,1.9326494932174683,3.2357438199165793,3.1932387351989746
SB590885,1,NCIH1155,3.630767583847046,4.376996266843351,4.421030044555664
SB590885,1,NCIH1623,4.996291637420654,4.623611911348842,4.686346054077148
SB590885,1,NCIH1781,4.552487850189209,4.804844323738921,4.881320953369141
SB590885,1,NCIH1876,3.2094759941101074,4.093728763466146,4.116282939910889
SB590885,1,NCIH1963,4.514339923858643,4.033085855569628,4.051041603088379
SB590885,1,NCIH1975,4.900540828704834,4.626389621669535,4.689334392547607
SB590885,1,NCIH2009,4.7706298828125,4.692987741927443,4.760982513427734
SB590885,1,NCIH2030,4.272731781005859,4.4155340611569915,4.462490081787109
SB590885,1,NCIH209,3.7088193893432617,3.8016594154418257,3.8020665645599365
SB590885,1,NCIH2228,3.712218999862671,4.630825891431751,4.6941070556640625
SB590885,1,NCIH446,2.61669659614563,4.098578565018567,4.121500492095947
SB590885,1,NCIH522,4.330898761749268,4.2978649864229705,4.335898399353027
SB590885,1,NCIH524,3.722337007522583,4.298624236108521,4.336715221405029
SB590885,1,OCIAML3,0.7224709987640381,3.631721562369929,3.6192426681518555
SB590885,1,OCIAML5,3.4143924713134766,3.7510886438437887,3.7476611137390137
SB590885,1,OCIM1,3.23319411277771,3.705871845728886,3.6990156173706055
SB590885,1,P31FUJ,3.7755680084228516,3.60110646982466,3.586306095123291
SB590885,1,RERFLCMS,4.471546173095703,4.432587261187093,4.480836391448975
SB590885,1,SKMM2,4.906850814819336,3.5006827344895015,3.4782674312591553
SB590885,1,SUDHL6,2.150463581085205,3.1601424078533062,3.1119046211242676
SB590885,1,SUPM2,3.320556402206421,3.2993838360289143,3.261704444885254
SB590885,2,A3KAW,2.5180909633636475,3.947454294154008,3.911327600479126
SB590885,2,CMLT1,3.49503755569458,3.044791608861653,2.9505679607391357
SB590885,2,CORL311,4.408352851867676,3.994943050093592,3.9618728160858154
SB590885,2,DMS114,4.572563171386719,4.286594061296875,4.272294998168945
SB590885,2,DMS273,4.533432483673096,3.8725437283984214,3.8315956592559814
SB590885,2,GDM1,3.9763295650482178,2.864344998760373,2.758507490158081
SB590885,2,GRANTA519,4.530616283416748,3.29594315744724,3.217884063720703
SB590885,2,HCC78,4.728654861450195,4.2299190057889735,4.211972236633301
SB590885,2,HEL,3.5184900760650635,3.596993045597293,3.5383100509643555
SB590885,2,JEKO1,2.590179443359375,3.067494604078626,2.9747321605682373
SB590885,2,JVM2,2.757776975631714,3.598703744690276,3.540130853652954
SB590885,2,JVM3,3.554034471511841,3.591975861063492,3.5329699516296387
SB590885,2,KCL22,3.70186448097229,3.594694566692867,3.5358636379241943
SB590885,2,KMH2,2.900959014892578,3.8075969712528894,3.7624688148498535
SB590885,2,KMS11,3.8064420223236084,3.567330101248713,3.5067379474639893
SB590885,2,L363,2.601469039916992,3.7061543294507566,3.6544971466064453
SB590885,2,L540,3.481934070587158,3.3976684890824678,3.3261566162109375
SB590885,2,LAMA84,3.5609290599823,3.525782087831717,3.4625158309936523
SB590885,2,MONOMAC6,4.076268672943115,3.7770068848922818,3.729909896850586
SB590885,2,NAMALWA,2.626147985458374,2.814241697866841,2.705179452896118
SB590885,2,NCIH1048,3.9144885540008545,3.962701849026375,3.9275565147399902
SB590885,2,NCIH1436,3.884458065032959,4.02653487094992,3.995497941970825
SB590885,2,NCIH1650,5.332394599914551,4.553674129170525,4.556564807891846
SB590885,2,NCIH1651,4.579913139343262,4.582343627077128,4.5870795249938965
SB590885,2,NCIH1836,5.391096115112305,4.318651805174469,4.306416034698486
SB590885,2,NCIH2023,4.5361456871032715,4.3511727840558985,4.341030120849609
SB590885,2,NCIH2029,3.786651611328125,4.367682139110375,4.358602046966553
SB590885,2,NCIH2085,4.655839443206787,4.439180714741002,4.434702396392822
SB590885,2,NCIH2087,4.51711893081665,4.2626572660793585,4.246817588806152
SB590885,2,NCIH2122,3.5826470851898193,4.347991067424141,4.337643623352051
SB590885,2,NCIH2172,5.065995216369629,4.517292261253263,4.517841339111328
SB590885,2,NCIH441,6.294363021850586,4.168684176713342,4.146796226501465
SB590885,2,NCIH526,3.1770830154418945,3.922933303148289,3.885228395462036
SB590885,2,NCIH810,4.608909606933594,4.307513108945888,4.294560432434082
SB590885,2,NCIH841,4.169689178466797,4.406956761785629,4.400404453277588
SB590885,2,OPM2,3.786334991455078,3.671689465964259,3.617814064025879
SB590885,2,RCHACV,3.519301414489746,3.0108728609164275,2.914466142654419
SB590885,2,SIGM5,3.002408027648926,3.6091204842373488,3.551218032836914
SB590885,2,SUDHL8,2.228595495223999,2.9303120825221867,2.8287203311920166
SB590885,2,SUPT1,4.127788066864014,3.015259481361352,2.919135093688965
SB590885,2,SW1573,4.789047718048096,4.25043753884086,4.233811378479004
SB590885,3,697,1.482843041419983,2.8319659796032752,2.833664894104004
SB590885,3,A4FUK,4.23410701751709,3.1456163183126917,3.1559619903564453
SB590885,3,ABC1,4.922647953033447,4.30268483842194,4.344928741455078
SB590885,3,AMO1,3.8613719940185547,3.370970392418593,3.387528657913208
SB590885,3,CMK,2.9708359241485596,3.8882941906590394,3.919114112854004
SB590885,3,CORL105,5.411218166351318,4.03867007208409,4.073635578155518
SB590885,3,CORL23,4.105370998382568,4.252265495197505,4.293119430541992
SB590885,3,DAUDI,3.426440477371216,2.7372422371530414,2.7363297939300537
SB590885,3,HCC33,3.4631600379943848,4.195072961109543,4.234350204467773
SB590885,3,HDLM2,4.557185649871826,3.825575584811807,3.8546664714813232
SB590885,3,HL60,3.137437582015991,3.6629596064144887,3.6875674724578857
SB590885,3,HT,4.06766939163208,3.0199649501655337,3.0268466472625732
SB590885,3,IALM,4.340424537658691,4.350454024547061,4.394014835357666
SB590885,3,JM1,2.409508466720581,3.188568492396237,3.2000982761383057
SB590885,3,JURLMK1,3.9970204830169678,4.010430655120545,4.044617652893066
SB590885,3,KG1,3.3074100017547607,3.5966864210924268,3.619467258453369
SB590885,3,KOPN8,3.202894449234009,3.0055883931538245,3.0120737552642822
SB590885,3,L1236,4.070268630981445,3.5353935914118284,3.5564846992492676
SB590885,3,LOUCY,3.064507007598877,3.145850892715371,3.156203031539917
SB590885,3,MEG01,4.006626129150391,3.8175763888604872,3.8464467525482178
SB590885,3,MOLM16,3.7098584175109863,4.018979743588533,4.053402423858643
SB590885,3,NALM6,3.0362625122070312,2.8645954878359614,2.8671939373016357
SB590885,3,NCIH1435,4.184114456176758,4.151935401321011,4.190023422241211
SB590885,3,NCIH1648,5.090634822845459,4.42929979459514,4.475034236907959
SB590885,3,NCIH2342,4.926044940948486,4.615027964287937,4.665882587432861
SB590885,3,NCIH2444,5.286645412445068,4.431441359122077,4.477234840393066
SB590885,3,NCIH292,2.5935165882110596,4.275775372473391,4.317277431488037
SB590885,3,NCIH358,5.5620927810668945,4.564892616186033,4.614365100860596
SB590885,3,NCIH460,4.275389671325684,4.247731318167666,4.2884602546691895
SB590885,3,NCIH596,5.051912307739258,4.329125155565131,4.372097969055176
SB590885,3,NCIH647,4.148081302642822,4.350810874627498,4.394381523132324
SB590885,3,NCIH661,4.919243812561035,4.466029830442622,4.512776851654053
SB590885,3,PF382,2.352715492248535,3.1584471437015997,3.1691465377807617
SB590885,3,RPMI8226,3.0441129207611084,3.5952353545104696,3.617976188659668
SB590885,3,SHP77,4.063510894775391,4.1582737826587,4.196536540985107
SB590885,3,SKLU1,4.529867172241211,4.42980374672434,4.475552082061768
SB590885,3,ST486,2.7957615852355957,2.598277437526398,2.593533992767334
SB590885,3,SUDHL10,2.3882689476013184,2.9745412760450507,2.980170726776123
SB590885,3,SUDHL5,1.8419640064239502,2.686900621351848,2.684600353240967
SB590885,3,SW1271,3.9710946083068848,4.211157665255305,4.25087833404541
SB590885,3,THP1,4.047452926635742,3.6972677949670434,3.7228214740753174
SB590885,4,BL41,2.2214884757995605,2.67015769979216,2.6318905353546143
SB590885,4,CAL12T,4.12175178527832,4.451158696675977,4.467034339904785
SB590885,4,DMS53,4.589655876159668,4.23608917074443,4.245426654815674
SB590885,4,DND41,2.957969903945923,2.755127389106903,2.7194433212280273
SB590885,4,EBC1,3.703193426132202,4.584783212513123,4.6047210693359375
SB590885,4,EHEB,4.314847946166992,3.4315777257809357,3.4164578914642334
SB590885,4,EJM,4.020414352416992,3.640936683659045,3.632181406021118
SB590885,4,GA10,2.9619829654693604,2.9482119221860414,2.9183976650238037
SB590885,4,HCC15,4.049560546875,4.532635175054628,4.550987720489502
SB590885,4,KARPAS422,4.358391284942627,2.8651182979352074,2.832777976989746
SB590885,4,KMS12BM,3.6002309322357178,3.2306992391235143,3.20947265625
SB590885,4,KU812,2.511404514312744,3.5377271900864207,3.525834321975708
SB590885,4,L428,3.937056064605713,3.803140880358773,3.799316644668579
SB590885,4,LCLC103H,4.553600311279297,4.264843778245925,4.275055408477783
SB590885,4,LU65,3.355698585510254,4.071037557089044,4.075357437133789
SB590885,4,MM1S,3.8157429695129395,3.5798336054872526,3.569220781326294
SB590885,4,MOLP8,2.6577229499816895,3.6104554854438233,3.600773572921753
SB590885,4,NCIH1568,5.117380142211914,4.5274419826157555,4.5456366539001465
SB590885,4,NCIH1792,3.3852059841156006,4.314389666258352,4.326107501983643
SB590885,4,NCIH1944,4.9109368324279785,4.329070083629439,4.34123420715332
SB590885,4,NCIH196,4.405333518981934,4.189808117222846,4.1977386474609375
SB590885,4,NCIH2066,5.830804347991943,4.193447794511362,4.201488971710205
SB590885,4,NCIH211,2.7830710411071777,4.292382691883857,4.303431510925293
SB590885,4,NCIH2110,3.690861463546753,4.673329873932328,4.695959568023682
SB590885,4,NCIH2171,3.645206928253174,4.200875697900807,4.209142684936523
SB590885,4,NCIH2196,5.665363788604736,4.451637662473004,4.467527866363525
SB590885,4,NCIH2227,5.069636821746826,4.1523525291264765,4.159144401550293
SB590885,4,NCIH2291,5.561428070068359,4.794706748432171,4.82102632522583
SB590885,4,NCIH2347,5.167761325836182,4.686387823589044,4.709414482116699
SB590885,4,NCIH2405,4.125171661376953,4.427630600973147,4.442790985107422
SB590885,4,NCIH650,4.175806999206543,4.284958953414387,4.295782089233398
SB590885,4,NCIH82,3.4966518878936768,4.162964282451711,4.170078754425049
SB590885,4,NCIH929,2.2215495109558105,3.6929683347427074,3.6857948303222656
SB590885,4,NUDUL1,3.050291061401367,3.2846307878687155,3.2650437355041504
SB590885,4,PL21,3.1196794509887695,2.739686873840533,2.703533411026001
SB590885,4,REH,3.212503433227539,2.877849764142839,2.8458964824676514
SB590885,4,RERFLCKJ,4.461881160736084,4.238177183958134,4.247578144073486
SB590885,4,SBC5,3.8427350521087646,4.238085092949817,4.247483253479004
SB590885,4,SUDHL4,3.194037914276123,2.95618936362763,2.9266176223754883
SB590885,4,SUPB15,2.6495540142059326,2.663701148294463,2.6252377033233643
SB590885,5,A549,4.724678039550781,4.411517720593544,4.398763656616211
SB590885,5,CA46,2.695429563522339,2.8474132172040445,2.7898778915405273
SB590885,5,CALU3,5.205965518951416,4.311483636289646,4.295865535736084
SB590885,5,COLO668,4.310379505157471,4.248341446213813,4.230915546417236
SB590885,5,CORL279,3.7776296138763428,4.12338564338215,4.102382183074951
SB590885,5,CORL95,4.2098870277404785,4.323989229577038,4.30872917175293
SB590885,5,DB,2.1243669986724854,3.058800484454942,3.007317304611206
SB590885,5,HCC366,5.343612194061279,4.486788162038248,4.476189136505127
SB590885,5,K562,4.577122688293457,3.909288606862562,3.882155418395996
SB590885,5,KNS62,3.533000946044922,4.0028388073650465,3.978384017944336
SB590885,5,LCLC97TM1,2.525731086730957,4.446718066098414,4.434971809387207
SB590885,5,LOUNH91,4.886729717254639,4.540609450448602,4.531551361083984
SB590885,5,LP1,4.004627704620361,3.7209439973694978,3.688418388366699
SB590885,5,ME1,4.3886189460754395,3.3006006295651016,3.256040334701538
SB590885,5,MHHCALL2,2.9081549644470215,3.04630022216517,2.9944591522216797
SB590885,5,NCIH1092,4.10312032699585,4.138516868888832,4.117946624755859
SB590885,5,NCIH1105,4.478942394256592,3.9774528284792985,3.9522712230682373
SB590885,5,NCIH1341,4.108144283294678,4.022571379165633,3.9986815452575684
SB590885,5,NCIH1437,4.537779331207275,4.133572484487182,4.112860679626465
SB590885,5,NCIH146,3.41217041015625,4.2863394065568565,4.270001411437988
SB590885,5,NCIH1793,5.95979118347168,4.637983598722436,4.631713390350342
SB590885,5,NCIH1915,4.71514368057251,4.547425246797512,4.538562297821045
SB590885,5,NCIH2081,4.7092509269714355,4.4216007231362315,4.409135341644287
SB590885,5,NCIH2170,3.9489965438842773,4.341313581148244,4.326549530029297
SB590885,5,NCIH23,3.932509422302246,4.4367579082835,4.424726486206055
SB590885,5,NCIH69,3.491792917251587,4.194873857906446,4.175917148590088
SB590885,5,NCIH727,3.288813591003418,4.546187991784573,4.537289619445801
SB590885,5,NCIH838,4.575520038604736,4.3936760304706555,4.380411148071289
SB590885,5,NOMO1,3.6108734607696533,3.176989165263795,3.128889799118042
SB590885,5,OCIAML2,2.1067004203796387,2.6451157644609067,2.5817885398864746
SB590885,5,OCILY19,3.2885661125183105,2.8824974396737915,2.8259665966033936
SB590885,5,P12ICHIKAWA,1.661152958869934,2.9316747338092783,2.876551866531372
SB590885,5,RAJI,3.0274510383605957,2.979478253036244,2.9257240295410156
SB590885,5,RL,3.976102113723755,2.985153447676897,2.9315617084503174
SB590885,5,RPMI8402,2.909947395324707,3.0255830382823494,2.973148822784424
SB590885,5,RS411,3.3093559741973877,2.3844459738171464,2.3136556148529053
SB590885,5,SKM1,4.063250541687012,3.5108913337837375,3.4723517894744873
SB590885,5,SKMES1,4.4591264724731445,4.3896675838251396,4.376287937164307
SB590885,5,SUDHL1,3.932563066482544,3.181099827994119,3.133118152618408
SB590885,5,WSUDLCL2,2.7197749614715576,3.349013736780832,3.3058395385742188
SELUMETINIB,1,A549,0.5238671898841858,2.6524437724473584,2.715564727783203
SELUMETINIB,1,ABC1,3.9427359104156494,2.9787765201902285,2.9652390480041504
SELUMETINIB,1,ALLSIL,3.4148690700531006,3.648014338187895,3.477267026901245
SELUMETINIB,1,BV173,1.9124490022659302,2.7652814665344523,2.8018958568573
SELUMETINIB,1,CORL279,3.0964860916137695,4.067815346378518,3.7984530925750732
SELUMETINIB,1,DMS273,4.341040134429932,3.8971283085198922,3.6678619384765625
SELUMETINIB,1,DOHH2,3.1661128997802734,3.7625647019225235,3.564908504486084
SELUMETINIB,1,EBC1,0.7091119885444641,2.010687197331204,2.224562406539917
SELUMETINIB,1,GA10,4.025158882141113,3.1804863749012973,3.119565486907959
SELUMETINIB,1,HARA,4.028369903564453,2.7573690948058216,2.795842170715332
SELUMETINIB,1,HCC15,2.277010440826416,2.3504333643441773,2.484499216079712
SELUMETINIB,1,HCC33,4.100644111633301,4.766212175340362,4.332790374755859
SELUMETINIB,1,KMS11,3.0736870765686035,3.538880884293713,3.3937699794769287
SELUMETINIB,1,LOUNH91,4.036895275115967,2.6654791953050774,2.7255380153656006
SELUMETINIB,1,MOLM13,1.5682220458984375,1.1685144625625226,1.5802234411239624
SELUMETINIB,1,MOLM16,1.8155909776687622,1.8703732463004368,2.1172094345092773
SELUMETINIB,1,MOLT16,2.593161106109619,2.7780454674010864,2.8116614818573
SELUMETINIB,1,NALM6,2.6777539253234863,2.7785686792530173,2.8120617866516113
SELUMETINIB,1,NCIH1435,4.223591327667236,2.9350445477873763,2.9317800998687744
SELUMETINIB,1,NCIH1650,4.626568794250488,2.440541725930992,2.5534403324127197
SELUMETINIB,1,NCIH1793,4.453848838806152,2.672835011722482,2.731165885925293
SELUMETINIB,1,NCIH1836,4.295496940612793,3.9206871764280566,3.6858866214752197
SELUMETINIB,1,NCIH1876,3.5643320083618164,4.122526042280697,3.8403117656707764
SELUMETINIB,1,NCIH1944,1.8540431261062622,2.428191246283841,2.5439910888671875
SELUMETINIB,1,NCIH2023,3.176516532897949,3.1121721708489223,3.0672988891601562
SELUMETINIB,1,NCIH2122,0.3854284882545471,1.863698633640221,2.112102746963501
SELUMETINIB,1,NCIH2227,3.891920566558838,4.449189420026485,4.09023904800415
SELUMETINIB,1,NCIH2347,0.5803171992301941,1.849578146060392,2.101299285888672
SELUMETINIB,1,NCIH2444,2.936598062515259,2.5867596506048076,2.6653103828430176
SELUMETINIB,1,NCIH358,1.3048579692840576,2.6753890583802686,2.7331199645996094
SELUMETINIB,1,NCIH441,4.929890155792236,2.650826147239871,2.714327096939087
SELUMETINIB,1,NCIH524,3.9839439392089844,3.880372752792401,3.6550424098968506
SELUMETINIB,1,NCIH647,2.701663017272949,3.1435539752257387,3.091308832168579
SELUMETINIB,1,NCIH661,3.833897590637207,3.606328158404414,3.445373296737671
SELUMETINIB,1,OCIAML2,-2.892664909362793,1.2148268136073712,1.6156566143035889
SELUMETINIB,1,RCHACV,3.14077091217041,3.1102532080233183,3.065830707550049
SELUMETINIB,1,RERFLCMS,0.49899399280548096,2.819177896463376,2.8431315422058105
SELUMETINIB,1,RL,3.152527093887329,2.471351705561952,2.577012777328491
SELUMETINIB,1,SKM1,-1.9079220294952393,1.6564394301148697,1.9535305500030518
SELUMETINIB,1,SUDHL4,2.5606329441070557,2.5739339487574218,2.6554975509643555
SELUMETINIB,1,SW1573,4.674265384674072,1.7854832919038723,2.0522608757019043
SELUMETINIB,2,A4FUK,1.961698055267334,2.7053602272467296,2.6748409271240234
SELUMETINIB,2,CAL12T,1.9615869522094727,2.7491371352343,2.7119505405426025
SELUMETINIB,2,DMS53,4.296433448791504,3.5603412489393036,3.399606943130493
SELUMETINIB,2,DND41,3.0856430530548096,3.377683071390693,3.244767904281616
SELUMETINIB,2,HCC827,3.357480049133301,2.6502552508294523,2.6281285285949707
SELUMETINIB,2,HH,4.0631890296936035,3.6781821860237964,3.4995005130767822
SELUMETINIB,2,HL60,0.22130900621414185,1.4209767298349838,1.5860711336135864
SELUMETINIB,2,JURKAT,3.610649585723877,3.4186131261209334,3.2794642448425293
SELUMETINIB,2,JVM2,3.1647675037384033,3.4370754841895885,3.295114755630493
SELUMETINIB,2,JVM3,1.5802680253982544,2.0708708310000477,2.1369853019714355
SELUMETINIB,2,KG1,2.1393940448760986,2.3416939895236193,2.3665616512298584
SELUMETINIB,2,KMH2,2.2936179637908936,3.549198245659106,3.3901610374450684
SELUMETINIB,2,L363,3.2766284942626953,3.1466514512976507,3.0489227771759033
SELUMETINIB,2,L428,4.282098770141602,3.7564745881567494,3.565868854522705
SELUMETINIB,2,L540,3.819622039794922,3.5118780863603845,3.358524799346924
SELUMETINIB,2,LAMA84,0.6608989834785461,2.6138584485000864,2.5972750186920166
SELUMETINIB,2,LP1,4.206047534942627,3.274304216354404,3.1571338176727295
SELUMETINIB,2,LU65,1.309872031211853,2.284816831484683,2.3183469772338867
SELUMETINIB,2,LXF289,4.292840003967285,2.5936306589064104,2.5801279544830322
SELUMETINIB,2,ME1,2.4117350578308105,2.1256315524887555,2.183405876159668
SELUMETINIB,2,MONOMAC6,2.63032603263855,1.1202287053883317,1.3311275243759155
SELUMETINIB,2,NCIH1341,3.314255952835083,3.8495288891302715,3.6447508335113525
SELUMETINIB,2,NCIH146,3.486780881881714,4.3007736931828635,4.027270317077637
SELUMETINIB,2,NCIH1651,3.481717586517334,2.7561507668958334,2.717895984649658
SELUMETINIB,2,NCIH196,4.3797173500061035,3.3432840164123263,3.2156078815460205
SELUMETINIB,2,NCIH1963,5.203125,3.920436685540594,3.7048592567443848
SELUMETINIB,2,NCIH1975,3.1073920726776123,2.8724296191165433,2.816465377807617
SELUMETINIB,2,NCIH2030,1.3637230396270752,3.0620097395140133,2.9771721363067627
SELUMETINIB,2,NCIH2171,3.9626450538635254,3.628554913028745,3.4574315547943115
SELUMETINIB,2,NCIH2342,3.860917091369629,3.6008654541091487,3.4339592456817627
SELUMETINIB,2,NCIH292,0.781965970993042,2.725472140181443,2.691889762878418
SELUMETINIB,2,NCIH522,3.819171905517578,3.6212454021312195,3.451235294342041
SELUMETINIB,2,NCIH69,4.038931846618652,3.9709099706476834,3.747645378112793
SELUMETINIB,2,NCIH727,0.13171522319316864,3.615986233087669,3.446777105331421
SELUMETINIB,2,NCIH841,4.242900848388672,3.682629937200582,3.5032708644866943
SELUMETINIB,2,OCILY19,1.2150084972381592,3.544389083058129,3.3860843181610107
SELUMETINIB,2,OPM2,3.5362064838409424,3.1175810351074067,3.024279832839966
SELUMETINIB,2,P12ICHIKAWA,2.3851425647735596,3.3954557945861046,3.259833812713623
SELUMETINIB,2,REH,3.206631898880005,3.241461339905262,3.1292929649353027
SELUMETINIB,2,SIGM5,3.880620002746582,2.0731841453689017,2.138946294784546
SELUMETINIB,2,SUDHL6,2.7496345043182373,3.3300431393476564,3.204383611679077
SELUMETINIB,3,697,2.130647897720337,2.4442032369553943,2.487792730331421
SELUMETINIB,3,A3KAW,2.280535936355591,3.4685611452957192,3.3067498207092285
SELUMETINIB,3,CALU6,1.4540419578552246,2.841548375956026,2.8054635524749756
SELUMETINIB,3,COLO668,2.971575975418091,4.096953162784535,3.809138774871826
SELUMETINIB,3,CORL105,1.7433340549468994,2.4313057011280512,2.4774813652038574
SELUMETINIB,3,CORL311,4.526618480682373,3.7197963398814697,3.50760817527771
SELUMETINIB,3,CORL95,4.211582183837891,3.6466362465988795,3.44911789894104
SELUMETINIB,3,DMS114,4.708415508270264,3.8294983081809035,3.59531307220459
SELUMETINIB,3,GRANTA519,4.6511712074279785,2.6837233214243486,2.6792850494384766
SELUMETINIB,3,HCC366,3.9840304851531982,2.6737107254012487,2.6712801456451416
SELUMETINIB,3,HCC78,3.174166440963745,3.0870649840536473,3.0017499923706055
SELUMETINIB,3,HDLM2,4.285719394683838,3.030976255159511,2.9569079875946045
SELUMETINIB,3,IALM,4.735693454742432,2.270090230983965,2.3485922813415527
SELUMETINIB,3,K562,3.181072950363159,2.3758312968149307,2.4331305027008057
SELUMETINIB,3,KU812,-1.203402042388916,1.9166397761601335,2.066014528274536
SELUMETINIB,3,LCLC103H,4.572504043579102,2.675959272654091,2.6730778217315674
SELUMETINIB,3,MHHCALL2,2.8225948810577393,2.0261168897342827,2.1535396575927734
SELUMETINIB,3,MOLT13,1.0366164445877075,3.259573588934852,3.1396677494049072
SELUMETINIB,3,NAMALWA,3.521089553833008,3.5820161596398497,3.3974552154541016
SELUMETINIB,3,NCIH1048,3.1799559593200684,1.9033542615561396,2.0553929805755615
SELUMETINIB,3,NCIH1155,3.5087029933929443,4.155897009901311,3.8562633991241455
SELUMETINIB,3,NCIH1437,0.3854140043258667,2.284286198474289,2.3599417209625244
SELUMETINIB,3,NCIH1568,2.9742074012756348,2.9008399427142897,2.8528661727905273
SELUMETINIB,3,NCIH1792,2.1413910388946533,2.924699295507146,2.871941328048706
SELUMETINIB,3,NCIH2081,4.00072717666626,3.877357175200147,3.633575439453125
SELUMETINIB,3,NCIH211,3.7908365726470947,4.154591719274563,3.855219841003418
SELUMETINIB,3,NCIH2110,2.9210169315338135,2.950677173457056,2.8927102088928223
SELUMETINIB,3,NCIH810,4.3458991050720215,4.166241221911834,3.8645334243774414
SELUMETINIB,3,NOMO1,-0.6419410109519958,0.5427561567967518,0.9676174521446228
SELUMETINIB,3,NUDUL1,2.6225039958953857,3.001875162968352,2.9336421489715576
SELUMETINIB,3,P31FUJ,2.3728010654449463,2.4912259068264997,2.5253865718841553
SELUMETINIB,3,PL21,0.40791916847229004,0.6701397135981841,1.0694584846496582
SELUMETINIB,3,RPMI8226,1.7924234867095947,3.574469211983659,3.3914215564727783
SELUMETINIB,3,RS411,3.8749709129333496,1.5973860271759106,1.8107764720916748
SELUMETINIB,3,SBC5,3.7687408924102783,3.4368834684540883,3.281424045562744
SELUMETINIB,3,SKMES1,2.70259690284729,3.1028388114265684,3.0143609046936035
SELUMETINIB,3,ST486,3.1991639137268066,3.2926212692353096,3.166088819503784
SELUMETINIB,3,SUDHL1,5.1152119636535645,1.995837845069818,2.1293320655822754
SELUMETINIB,3,SUDHL10,2.6221156120300293,3.0009981102534176,2.93294095993042
SELUMETINIB,3,SUDHL5,3.7686209678649902,3.4368891345545927,3.281428575515747
SELUMETINIB,3,WSUDLCL2,3.1117660999298096,2.5279285201681816,2.554729700088501
SELUMETINIB,4,AMO1,2.631850481033325,3.3169859289358032,3.187915325164795
SELUMETINIB,4,BEN,3.4328930377960205,3.6956479262986055,3.509702205657959
SELUMETINIB,4,BL41,2.9017789363861084,3.5303666856887483,3.369246244430542
SELUMETINIB,4,CALU3,4.078363418579102,2.284465715716219,2.3104798793792725
SELUMETINIB,4,CHAGOK1,3.2800140380859375,3.1372432987038263,3.035170078277588
SELUMETINIB,4,CMLT1,2.802164077758789,2.7478749071346082,2.704284906387329
SELUMETINIB,4,CORL23,3.498180389404297,3.041201940313618,2.953554153442383
SELUMETINIB,4,DAUDI,3.7350006103515625,3.6528038326097145,3.4732933044433594
SELUMETINIB,4,EHEB,3.1203033924102783,2.024222705954022,2.089325428009033
SELUMETINIB,4,EPLC272H,1.6855930089950562,2.974156586944958,2.8965790271759033
SELUMETINIB,4,HCC44,0.7247059941291809,2.4567435250407224,2.456881523132324
SELUMETINIB,4,HT,3.604063034057617,3.255532668261839,3.1356923580169678
SELUMETINIB,4,JEKO1,3.632072925567627,2.228780738496145,2.2631587982177734
SELUMETINIB,4,KARPAS422,3.273373603820801,3.5909446037374138,3.4207253456115723
SELUMETINIB,4,KCL22,2.515523910522461,1.315054339078255,1.4866743087768555
SELUMETINIB,4,KNS62,1.8838218450546265,2.1916519026982653,2.2316067218780518
SELUMETINIB,4,LCLC97TM1,1.3416454792022705,2.795035954982304,2.7443623542785645
SELUMETINIB,4,MM1S,2.7252728939056396,3.049966027790886,2.9610018730163574
SELUMETINIB,4,NB4,-1.3350732326507568,1.6622904139587042,1.7817554473876953
SELUMETINIB,4,NCIH1092,4.637235164642334,4.230564474006407,3.9642741680145264
SELUMETINIB,4,NCIH1436,4.216794013977051,4.163629380141511,3.907392740249634
SELUMETINIB,4,NCIH1623,2.4379405975341797,3.07170819192234,2.979478359222412
SELUMETINIB,4,NCIH2029,3.8731555938720703,3.979757769968342,3.751138687133789
SELUMETINIB,4,NCIH209,4.479588985443115,3.9611247555079,3.735304355621338
SELUMETINIB,4,NCIH2170,5.012014389038086,3.0887796175839317,2.993985652923584
SELUMETINIB,4,NCIH2196,3.360954999923706,3.9289171969505214,3.7079343795776367
SELUMETINIB,4,NCIH2228,2.811908006668091,2.6205436971509157,2.596078872680664
SELUMETINIB,4,NCIH2291,-0.3539170026779175,2.7049059648981983,2.6677699089050293
SELUMETINIB,4,NCIH2405,3.5945138931274414,2.517070623760216,2.5081474781036377
SELUMETINIB,4,NCIH460,1.4139469861984253,2.53191469522237,2.5207619667053223
SELUMETINIB,4,NCIH526,4.541496276855469,3.896927071256798,3.6807491779327393
SELUMETINIB,4,NCIH929,1.367113471031189,2.7976712412898133,2.7466018199920654
SELUMETINIB,4,OCIAML3,-1.9074499607086182,1.5145250037278981,1.656184434890747
SELUMETINIB,4,PF382,4.054419994354248,2.603890864821678,2.5819272994995117
SELUMETINIB,4,RAJI,4.029435634613037,3.4093968598992928,3.266446113586426
SELUMETINIB,4,RERFLCKJ,3.5188000202178955,2.75073407915205,2.706714630126953
SELUMETINIB,4,SHP77,3.1335384845733643,3.762234005347518,3.566287040710449
SELUMETINIB,4,SKMM2,5.090573310852051,3.0179921744921203,2.933830499649048
SELUMETINIB,4,SUPT1,4.127771854400635,3.3803792518706457,3.2417869567871094
SELUMETINIB,4,SW1271,2.5586795806884766,3.8251882541770423,3.6197855472564697
SELUMETINIB,5,CA46,3.814857006072998,3.513850765194367,3.440808057785034
SELUMETINIB,5,CMK,2.624999523162842,3.1289745272163225,3.0801889896392822
SELUMETINIB,5,CORL88,3.9931108951568604,3.963603331238547,3.8622145652770996
SELUMETINIB,5,DB,4.246201515197754,3.1838527744686287,3.131608486175537
SELUMETINIB,5,DMS79,4.621129035949707,3.2767024563011145,3.2186062335968018
SELUMETINIB,5,EJM,3.7665135860443115,1.8773837425900708,1.9074808359146118
SELUMETINIB,5,EM2,1.9603029489517212,0.7394823226979577,0.8412966728210449
SELUMETINIB,5,GDM1,3.2719509601593018,2.41306008283589,2.409395694732666
SELUMETINIB,5,HEL,3.7958695888519287,2.666383643718694,2.6467533111572266
SELUMETINIB,5,JM1,3.1745290756225586,3.187406759878553,3.1349384784698486
SELUMETINIB,5,JURLMK1,0.23702800273895264,2.754145225582908,2.7289836406707764
SELUMETINIB,5,KMS12BM,4.3519110679626465,2.788034169870482,2.7607367038726807
SELUMETINIB,5,KOPN8,2.3674230575561523,2.8882162526174353,2.854604721069336
SELUMETINIB,5,L1236,3.586411476135254,2.985948688515292,2.9461774826049805
SELUMETINIB,5,LOUCY,3.1043310165405273,2.746132664075562,2.7214760780334473
SELUMETINIB,5,MEG01,1.382343053817749,2.5980670720252825,2.58274245262146
SELUMETINIB,5,MOLP8,2.513029098510742,2.8952664619503468,2.861210584640503
SELUMETINIB,5,NCIH1105,3.601003885269165,2.9719777878972713,2.933087110519409
SELUMETINIB,5,NCIH1648,1.155595302581787,2.7988566877665866,2.7708771228790283
SELUMETINIB,5,NCIH1781,4.156508922576904,3.1881118571486113,3.135599136352539
SELUMETINIB,5,NCIH1915,1.6559510231018066,3.194448572167108,3.1415364742279053
SELUMETINIB,5,NCIH2009,1.4739810228347778,2.817176239537726,2.7880420684814453
SELUMETINIB,5,NCIH2066,4.9108781814575195,3.637513528521044,3.5566768646240234
SELUMETINIB,5,NCIH2085,3.4854280948638916,3.455262296615927,3.3859121799468994
SELUMETINIB,5,NCIH2087,1.7347478866577148,2.696264144377533,2.674750566482544
SELUMETINIB,5,NCIH2172,4.582716941833496,3.0345772446633417,2.991741180419922
SELUMETINIB,5,NCIH23,2.662818431854248,3.4558134480727825,3.3864285945892334
SELUMETINIB,5,NCIH446,3.911712884902954,3.5607996580152235,3.484797954559326
SELUMETINIB,5,NCIH596,3.107870101928711,2.721334410899534,2.6982407569885254
SELUMETINIB,5,NCIH650,3.9747560024261475,3.4503869217713543,3.3813440799713135
SELUMETINIB,5,NCIH82,4.598150730133057,3.6414044135287873,3.5603225231170654
SELUMETINIB,5,NCIH838,2.5798990726470947,2.4713607618032016,2.464021921157837
SELUMETINIB,5,OCIAML5,0.8769789934158325,2.672816288607567,2.652780532836914
SELUMETINIB,5,OCIM1,2.2372090816497803,2.6329557735030606,2.6154322624206543
SELUMETINIB,5,RPMI8402,3.0418450832366943,2.7413198853798284,2.7169666290283203
SELUMETINIB,5,SKLU1,0.4547461271286011,2.850202832815474,2.8189871311187744
SELUMETINIB,5,SUDHL8,4.229053020477295,2.7274718869564807,2.703991413116455
SELUMETINIB,5,SUPB15,3.067173957824707,2.176593206814963,2.1878323554992676
SELUMETINIB,5,SUPM2,3.4067699909210205,2.71777406409237,2.6949048042297363
SELUMETINIB,5,THP1,1.888396978378296,0.6835038081790578,0.7888462543487549
SERDEMETAN,1,ALLSIL,2.486407995223999,2.5030974877758183,2.4164621829986572
SERDEMETAN,1,AMO1,1.0357015132904053,2.8291752730016473,2.8247017860412598
SERDEMETAN,1,CMLT1,1.55458402633667,2.6333959831139526,2.579591989517212
SERDEMETAN,1,CORL105,3.0481350421905518,3.263064448287434,3.367918014526367
SERDEMETAN,1,CORL23,3.1564764976501465,2.908609030438556,2.9241504669189453
SERDEMETAN,1,CORL279,3.0369839668273926,3.1989018430008116,3.287588357925415
SERDEMETAN,1,CORL88,3.7969675064086914,3.298632325348616,3.412447929382324
SERDEMETAN,1,DAUDI,2.4798505306243896,3.0395275812866767,3.0880565643310547
SERDEMETAN,1,DMS273,3.026221990585327,3.4419036159727776,3.5918192863464355
SERDEMETAN,1,DMS53,3.719230890274048,3.2180045420985577,3.311504364013672
SERDEMETAN,1,HCC15,3.4185609817504883,3.133627670143,3.205867052078247
SERDEMETAN,1,JM1,2.181381940841675,2.427578687702025,2.3219149112701416
SERDEMETAN,1,K562,2.635786533355713,2.9764232218443403,3.00905179977417
SERDEMETAN,1,KG1,3.9911694526672363,2.8167640697607523,2.8091633319854736
SERDEMETAN,1,KMS11,3.115438461303711,2.942548690481807,2.966641902923584
SERDEMETAN,1,LU65,3.666205406188965,2.791122413032045,2.7770607471466064
SERDEMETAN,1,MOLM13,0.13611799478530884,2.67060940675431,2.6261820793151855
SERDEMETAN,1,MOLT16,-0.2261359989643097,2.76750926714252,2.747497797012329
SERDEMETAN,1,NB4,1.6461164951324463,2.582086960966781,2.515354633331299
SERDEMETAN,1,NCIH1048,2.4278109073638916,3.5216232159528342,3.6916258335113525
SERDEMETAN,1,NCIH1341,3.32832407951355,3.2998474894177883,3.4139692783355713
SERDEMETAN,1,NCIH1436,5.11948299407959,3.262497904939089,3.36720871925354
SERDEMETAN,1,NCIH1568,2.5628345012664795,3.3000459224157632,3.414217710494995
SERDEMETAN,1,NCIH1781,3.5912814140319824,3.1974255929045534,3.2857401371002197
SERDEMETAN,1,NCIH1792,2.5314431190490723,3.3048488769665525,3.4202308654785156
SERDEMETAN,1,NCIH1975,4.020074367523193,3.0876999528487774,3.148366928100586
SERDEMETAN,1,NCIH2066,5.064986705780029,3.1772416053591095,3.260470390319824
SERDEMETAN,1,NCIH2087,2.26359486579895,3.2831267480346953,3.393035411834717
SERDEMETAN,1,NCIH2122,3.4339609146118164,2.8001097901015495,2.7883126735687256
SERDEMETAN,1,NCIH2228,2.6009280681610107,3.2602976219653836,3.3644540309906006
SERDEMETAN,1,NCIH2347,2.152431011199951,3.3194807396982196,3.438549518585205
SERDEMETAN,1,NCIH2444,2.979120969772339,3.251167228406936,3.353023052215576
SERDEMETAN,1,NCIH727,3.4291930198669434,3.220333368521047,3.314419984817505
SERDEMETAN,1,NCIH841,3.038003921508789,3.3600437199617814,3.489333152770996
SERDEMETAN,1,OCIAML3,2.9259889125823975,2.639245947859431,2.586915969848633
SERDEMETAN,1,OPM2,3.411186456680298,2.5850371759424298,2.5190482139587402
SERDEMETAN,1,P12ICHIKAWA,3.0764119625091553,2.7371082654182404,2.7094366550445557
SERDEMETAN,1,REH,2.549482583999634,2.5813202707078116,2.514394760131836
SERDEMETAN,1,SUDHL5,1.8050049543380737,2.998957935807252,3.037264585494995
SERDEMETAN,1,SUDHL8,4.335785865783691,2.8580731733314786,2.8608810901641846
SERDEMETAN,1,THP1,3.2002954483032227,2.8004097248153785,2.7886881828308105
SERDEMETAN,2,A4FUK,1.8891229629516602,2.7395200083358118,2.7658708095550537
SERDEMETAN,2,CA46,3.5308220386505127,2.7381544288441617,2.764414072036743
SERDEMETAN,2,CORL311,3.3793931007385254,3.41343639295344,3.484773874282837
SERDEMETAN,2,CORL95,3.0658254623413086,3.1672217401116227,3.222123384475708
SERDEMETAN,2,DND41,2.3262031078338623,2.7482105472807095,2.775141477584839
SERDEMETAN,2,GA10,2.549983501434326,2.823129233080556,2.8550612926483154
SERDEMETAN,2,GRANTA519,2.5222315788269043,2.2308327077321928,2.223226547241211
SERDEMETAN,2,HCC33,3.6089470386505127,3.575384286702815,3.6575324535369873
SERDEMETAN,2,HCC366,2.84592604637146,3.242857187520262,3.3028078079223633
SERDEMETAN,2,HCC44,2.9092674255371094,2.6814442145966453,2.703918218612671
SERDEMETAN,2,HDLM2,2.4377593994140625,2.7433371494385765,2.7699427604675293
SERDEMETAN,2,JVM2,1.1946619749069214,2.568395018104171,2.583322525024414
SERDEMETAN,2,KCL22,1.8296979665756226,2.8135945380407383,2.8448901176452637
SERDEMETAN,2,KMS12BM,1.7845804691314697,2.7789731866931837,2.807957649230957
SERDEMETAN,2,L363,2.044240951538086,2.5172374154590367,2.528749942779541
SERDEMETAN,2,L428,3.6238794326782227,3.0473835350040313,3.094285488128662
SERDEMETAN,2,LCLC97TM1,3.312819480895996,3.1623396258046497,3.2169153690338135
SERDEMETAN,2,LOUNH91,4.280699729919434,3.0897153817496936,3.1394431591033936
SERDEMETAN,2,MONOMAC6,1.9994674921035767,2.558403714406179,2.572664260864258
SERDEMETAN,2,NAMALWA,2.912384033203125,3.0420785604027536,3.0886263847351074
SERDEMETAN,2,NCIH1155,2.904690980911255,3.4538841422990023,3.527921676635742
SERDEMETAN,2,NCIH1648,2.4324400424957275,3.2543761075562943,3.3150956630706787
SERDEMETAN,2,NCIH1650,6.8277459144592285,3.200077672080365,3.2571725845336914
SERDEMETAN,2,NCIH1793,5.15952730178833,3.37193238686851,3.4404993057250977
SERDEMETAN,2,NCIH1876,4.556848049163818,3.424835293973594,3.496933698654175
SERDEMETAN,2,NCIH1915,2.558743715286255,3.3163769924627866,3.381235361099243
SERDEMETAN,2,NCIH211,3.6396429538726807,3.521613309099274,3.6001720428466797
SERDEMETAN,2,NCIH2110,3.093285083770752,3.5094104818219245,3.5871546268463135
SERDEMETAN,2,NCIH2170,3.2567338943481445,3.2910169967576213,3.354182481765747
SERDEMETAN,2,NCIH2171,3.6617650985717773,3.6888018097095676,3.7785210609436035
SERDEMETAN,2,NCIH2291,3.5031535625457764,3.157808405082274,3.2120816707611084
SERDEMETAN,2,NCIH2342,3.0333526134490967,3.255135333993796,3.3159055709838867
SERDEMETAN,2,NCIH810,3.848803997039795,3.625736398597064,3.7112457752227783
SERDEMETAN,2,OCILY19,2.4370059967041016,2.819215763866351,2.850886583328247
SERDEMETAN,2,OCIM1,2.9758834838867188,2.8815856457844164,2.917419910430908
SERDEMETAN,2,RERFLCMS,1.817181944847107,3.153543371786176,3.2075319290161133
SERDEMETAN,2,RL,3.4037320613861084,2.240229056830058,2.233250141143799
SERDEMETAN,2,SKMM2,4.221294403076172,2.8359614338191963,2.8687500953674316
SERDEMETAN,2,SUDHL10,2.6022729873657227,2.8416765292661665,2.8748466968536377
SERDEMETAN,2,SUDHL6,1.8013005256652832,2.7510033920151873,2.778120756149292
SERDEMETAN,2,SUPT1,3.77695894241333,2.699770023175672,2.7234673500061035
SERDEMETAN,3,697,1.8811310529708862,2.4842740187479686,2.4696717262268066
SERDEMETAN,3,A3KAW,2.4797630310058594,2.6888235601762345,2.705059289932251
SERDEMETAN,3,ABC1,3.108393907546997,3.3070414085940953,3.41648006439209
SERDEMETAN,3,CAL12T,4.107211112976074,3.1847132467286428,3.275709629058838
SERDEMETAN,3,CALU3,3.2679929733276367,3.4616228563448526,3.5943663120269775
SERDEMETAN,3,CHAGOK1,3.30704402923584,3.2504977261102415,3.351411819458008
SERDEMETAN,3,DMS114,3.931117534637451,3.2613746508296417,3.3639285564422607
SERDEMETAN,3,DMS79,2.4761199951171875,3.576312992596381,3.7263472080230713
SERDEMETAN,3,EHEB,1.7713559865951538,2.7983444689805914,2.8310916423797607
SERDEMETAN,3,EJM,3.0564520359039307,2.911075478388815,2.96081805229187
SERDEMETAN,3,EM2,2.867933511734009,2.769606879309757,2.7980215549468994
SERDEMETAN,3,GDM1,3.171466112136841,2.6080062629544822,2.61205792427063
SERDEMETAN,3,HCC78,2.869997501373291,3.017058522347966,3.0827791690826416
SERDEMETAN,3,HH,3.214168071746826,2.6730048954540315,2.6868557929992676
SERDEMETAN,3,JEKO1,2.8047995567321777,2.5638252178162273,2.561216115951538
SERDEMETAN,3,JURKAT,3.4636216163635254,3.1190099832652525,3.200100898742676
SERDEMETAN,3,JVM3,0.8946805000305176,2.989776396517467,3.0513839721679688
SERDEMETAN,3,KNS62,2.8082170486450195,3.1450757349738137,3.2300963401794434
SERDEMETAN,3,LP1,3.5112335681915283,3.0853600736436193,3.1613779067993164
SERDEMETAN,3,LXF289,3.084610939025879,3.278550781613322,3.3836941719055176
SERDEMETAN,3,MOLP8,2.4909980297088623,2.882617379212018,2.928069591522217
SERDEMETAN,3,NALM6,2.9968295097351074,2.4005449651116852,2.373319625854492
SERDEMETAN,3,NCIH146,3.354793071746826,3.8753112601305344,4.070422649383545
SERDEMETAN,3,NCIH1623,3.7810122966766357,3.356299070170748,3.4731638431549072
SERDEMETAN,3,NCIH1944,2.242047071456909,2.7307858775897698,2.753347873687744
SERDEMETAN,3,NCIH2172,2.3320255279541016,3.4206374089679272,3.5472018718719482
SERDEMETAN,3,NCIH441,4.748251438140869,3.1951337462750526,3.28770112991333
SERDEMETAN,3,NCIH647,2.5864064693450928,3.0658715682091224,3.138951301574707
SERDEMETAN,3,NCIH661,4.888747215270996,3.2555913315927545,3.3572733402252197
SERDEMETAN,3,NCIH69,4.145040512084961,3.589405951655458,3.7414140701293945
SERDEMETAN,3,NUDUL1,1.3711625337600708,2.447146327485926,2.4269466400146484
SERDEMETAN,3,P31FUJ,3.684554100036621,2.731701214137329,2.754401206970215
SERDEMETAN,3,RPMI8226,3.0638084411621094,3.0258431012561844,3.092888116836548
SERDEMETAN,3,RPMI8402,1.9687755107879639,2.4609955061915834,2.4428837299346924
SERDEMETAN,3,RS411,1.7038915157318115,2.371147081738481,2.339489698410034
SERDEMETAN,3,SIGM5,2.8060500621795654,2.6427851152759003,2.6520800590515137
SERDEMETAN,3,SKLU1,2.884735584259033,3.060160348817991,3.1323790550231934
SERDEMETAN,3,SKM1,1.5268340110778809,2.609899919822905,2.614237070083618
SERDEMETAN,3,SKMES1,3.8834235668182373,3.188647453542043,3.2802369594573975
SERDEMETAN,3,SUDHL4,3.2776260375976562,2.338567896263019,2.3019988536834717
SERDEMETAN,3,WSUDLCL2,2.898747444152832,2.931214332719371,2.9839930534362793
SERDEMETAN,4,BL41,2.6158089637756348,2.7451386072923745,2.7725813388824463
SERDEMETAN,4,BV173,0.5993890166282654,2.606220714586491,2.6132848262786865
SERDEMETAN,4,CMK,3.1296188831329346,3.1799443468081248,3.2711710929870605
SERDEMETAN,4,COLO668,3.1150450706481934,3.442124741194113,3.571812152862549
SERDEMETAN,4,EBC1,3.1022095680236816,3.0538888831161035,3.1266238689422607
SERDEMETAN,4,HCC827,2.790271043777466,3.2198234281607405,3.3169002532958984
SERDEMETAN,4,HEL,2.2432544231414795,2.800226056047929,2.835749864578247
SERDEMETAN,4,HL60,3.455230474472046,2.776214026208559,2.808215379714966
SERDEMETAN,4,IALM,3.132957935333252,3.2326351251913596,3.3315913677215576
SERDEMETAN,4,JURLMK1,1.2780674695968628,2.9780770033697186,3.0396907329559326
SERDEMETAN,4,KARPAS422,4.205289363861084,2.647841524724473,2.661011219024658
SERDEMETAN,4,KOPN8,2.345000982284546,1.9413479260777842,1.8508782386779785
SERDEMETAN,4,KU812,2.250282049179077,2.723432179757043,2.7476906776428223
SERDEMETAN,4,L540,2.5663983821868896,2.595174656907111,2.600618362426758
SERDEMETAN,4,MHHCALL2,2.9999840259552,2.515119795267092,2.508819818496704
SERDEMETAN,4,MOLM16,1.973691463470459,2.821691714580819,2.8603644371032715
SERDEMETAN,4,NCIH1105,3.613253116607666,3.5824030411391816,3.73266863822937
SERDEMETAN,4,NCIH1435,4.234803676605225,3.1847079552838955,3.2766335010528564
SERDEMETAN,4,NCIH1437,2.6238129138946533,2.8237490628357076,2.8627235889434814
SERDEMETAN,4,NCIH1651,1.3804490566253662,3.4383936533281223,3.5675337314605713
SERDEMETAN,4,NCIH1963,3.781869411468506,3.5551302338686424,3.701395034790039
SERDEMETAN,4,NCIH2009,2.3777310848236084,3.3813197563434416,3.502087354660034
SERDEMETAN,4,NCIH2030,3.313870906829834,3.0654143996207255,3.1398401260375977
SERDEMETAN,4,NCIH2081,4.838190078735352,3.305383333736554,3.415011405944824
SERDEMETAN,4,NCIH209,1.3675860166549683,3.6771593661856343,3.841325283050537
SERDEMETAN,4,NCIH2227,4.62829065322876,3.5199925137696373,3.661102771759033
SERDEMETAN,4,NCIH23,3.637542486190796,3.3004402920577545,3.4093432426452637
SERDEMETAN,4,NCIH2405,5.175168037414551,3.015630522293741,3.0827531814575195
SERDEMETAN,4,NCIH358,2.8259329795837402,2.841578859930171,2.883168935775757
SERDEMETAN,4,NCIH522,3.4626100063323975,3.584877056994151,3.7355055809020996
SERDEMETAN,4,NCIH596,3.1751439571380615,3.2015524291464317,3.2959489822387695
SERDEMETAN,4,NCIH650,4.894471645355225,3.338107126272218,3.452535629272461
SERDEMETAN,4,NCIH82,2.8346920013427734,3.6500824176372886,3.8102762699127197
SERDEMETAN,4,NOMO1,2.6387391090393066,2.3088065420020785,2.2722413539886475
SERDEMETAN,4,PF382,3.191904067993164,2.7865340343572593,2.820049285888672
SERDEMETAN,4,RCHACV,2.2988405227661133,2.4423027658757768,2.425320863723755
SERDEMETAN,4,RERFLCKJ,2.944736957550049,3.324373520988726,3.4367873668670654
SERDEMETAN,4,ST486,3.4150619506835938,2.5310777069306543,2.527118682861328
SERDEMETAN,4,SUPB15,1.2150269746780396,2.558511026869488,2.5585763454437256
SERDEMETAN,4,SW1573,3.4992620944976807,2.643469009939197,2.6559972763061523
SERDEMETAN,5,A549,3.862704038619995,2.922568026791869,2.945568799972534
SERDEMETAN,5,BEN,2.9444925785064697,3.571362801400698,3.868086814880371
SERDEMETAN,5,CALU6,3.976512908935547,3.18398413689468,3.317275047302246
SERDEMETAN,5,DB,2.303929567337036,2.9666202033830604,3.008206367492676
SERDEMETAN,5,DOHH2,1.455502986907959,2.628442059262815,2.5273525714874268
SERDEMETAN,5,EPLC272H,2.602424383163452,3.2668720695634694,3.4351329803466797
SERDEMETAN,5,HARA,2.0973598957061768,3.2369677778085046,3.3926122188568115
SERDEMETAN,5,HT,3.405306577682495,2.2438924351587692,1.9805634021759033
SERDEMETAN,5,KMH2,3.046281099319458,2.8262857481421433,2.8086655139923096
SERDEMETAN,5,L1236,3.9025259017944336,2.6119404973211773,2.5038890838623047
SERDEMETAN,5,LAMA84,2.05561900138855,2.7030714139966614,2.633467674255371
SERDEMETAN,5,LCLC103H,2.268479347229004,3.1631357255350285,3.287630796432495
SERDEMETAN,5,LOUCY,2.273411989212036,2.589021950067574,2.471301317214966
SERDEMETAN,5,ME1,4.437317371368408,2.604380292624394,2.4931392669677734
SERDEMETAN,5,MEG01,2.5835630893707275,3.0120379385940756,3.0727856159210205
SERDEMETAN,5,MM1S,1.839510440826416,2.7600492803381407,2.714484214782715
SERDEMETAN,5,MOLT13,2.668610095977783,2.608910412618472,2.4995806217193604
SERDEMETAN,5,NCIH1092,4.764313220977783,3.2860730578583164,3.462434768676758
SERDEMETAN,5,NCIH1836,5.320160865783691,3.169358373612174,3.296478748321533
SERDEMETAN,5,NCIH196,4.678826332092285,3.118782066331062,3.224564552307129
SERDEMETAN,5,NCIH2023,3.378016471862793,2.961065579070819,3.0003082752227783
SERDEMETAN,5,NCIH2029,3.0399603843688965,3.5063595953413906,3.7756590843200684
SERDEMETAN,5,NCIH2085,4.489559173583984,3.249032783325546,3.4097673892974854
SERDEMETAN,5,NCIH2196,2.241381883621216,3.3421037188162757,3.542104482650757
SERDEMETAN,5,NCIH292,3.224926710128784,3.3021234019406775,3.4852566719055176
SERDEMETAN,5,NCIH446,3.5163369178771973,3.161552019596395,3.285378932952881
SERDEMETAN,5,NCIH460,1.155676007270813,3.0521401563926367,3.1298067569732666
SERDEMETAN,5,NCIH524,2.9401824474334717,3.3811262666795416,3.597590446472168
SERDEMETAN,5,NCIH526,3.5193445682525635,3.412427137234176,3.642096996307373
SERDEMETAN,5,NCIH838,3.6356260776519775,3.3273530364311457,3.5211305618286133
SERDEMETAN,5,NCIH929,3.0240750312805176,2.790634506959891,2.7579731941223145
SERDEMETAN,5,OCIAML2,1.926440954208374,2.465524242387281,2.2957005500793457
SERDEMETAN,5,OCIAML5,2.393371105194092,2.7851476240133675,2.750171422958374
SERDEMETAN,5,PL21,3.0215699672698975,2.5417165111554327,2.4040379524230957
SERDEMETAN,5,RAJI,3.4558866024017334,2.7952115764153582,2.76448130607605
SERDEMETAN,5,SBC5,2.9266254901885986,3.1900910880848317,3.325958490371704
SERDEMETAN,5,SHP77,3.0703375339508057,3.2665097203275364,3.434617757797241
SERDEMETAN,5,SUDHL1,2.3559019565582275,2.621663898451451,2.517714738845825
SERDEMETAN,5,SUPM2,2.2662765979766846,2.6343442772659813,2.5357449054718018
SERDEMETAN,5,SW1271,3.3570079803466797,3.263220910557249,3.429941415786743
SGC0946,1,AMO1,1.0796170234680176,1.489064830702342,1.458235740661621
SGC0946,1,CA46,2.0154635906219482,1.5161271340767135,1.4884376525878906
SGC0946,1,CALU6,2.1745734214782715,1.9499816218480888,1.9726253747940063
SGC0946,1,CMK,1.1854050159454346,1.762333828625881,1.7632077932357788
SGC0946,1,COLO668,2.2319819927215576,1.8627767481414668,1.8753035068511963
SGC0946,1,CORL105,2.8991684913635254,1.8178232363243476,1.8251347541809082
SGC0946,1,DMS114,2.317967414855957,1.7702668075828438,1.7720611095428467
SGC0946,1,DMS53,1.5900394916534424,2.040291238796838,2.0734121799468994
SGC0946,1,EJM,1.6527459621429443,1.8632376635439913,1.875817894935608
SGC0946,1,GA10,1.4133599996566772,1.363604405854222,1.3182201385498047
SGC0946,1,GDM1,1.7342164516448975,1.4581816828440064,1.4237697124481201
SGC0946,1,HARA,1.181185007095337,1.7981084478695721,1.8031327724456787
SGC0946,1,JURKAT,1.3737014532089233,1.4597446293491605,1.4255139827728271
SGC0946,1,JURLMK1,1.6638915538787842,1.627841811862521,1.6131128072738647
SGC0946,1,KARPAS422,1.8627790212631226,1.2929998570122458,1.239424467086792
SGC0946,1,L1236,1.6931730508804321,1.3265765026203058,1.2768964767456055
SGC0946,1,LCLC103H,2.378614902496338,1.9950946114626515,2.0229721069335938
SGC0946,1,MOLP8,1.341202974319458,1.5683610797305123,1.5467314720153809
SGC0946,1,NALM6,1.2075635194778442,1.4031703880868376,1.36237633228302
SGC0946,1,NAMALWA,1.4096829891204834,1.277566614809937,1.2222007513046265
SGC0946,1,NCIH1651,1.8178470134735107,1.9945145950928465,2.022324800491333
SGC0946,1,NCIH1836,1.825474500656128,1.8289281464233655,1.8375279903411865
SGC0946,1,NCIH1876,1.5173025131225586,1.8205469632881888,1.8281744718551636
SGC0946,1,NCIH196,1.0817835330963135,1.9982363133905898,2.0264782905578613
SGC0946,1,NCIH1963,2.164278984069824,1.6623754310722538,1.6516528129577637
SGC0946,1,NCIH2009,2.3882369995117188,2.059725098512647,2.0951006412506104
SGC0946,1,NCIH2066,2.092264413833618,1.9945316858146087,2.022343873977661
SGC0946,1,NCIH2087,2.0444090366363525,1.5862590176449538,1.5667058229446411
SGC0946,1,NCIH2171,0.7926089763641357,1.7417761471371955,1.740265130996704
SGC0946,1,NCIH2228,3.344938039779663,1.892457884174864,1.9084280729293823
SGC0946,1,NCIH2342,2.1805055141448975,2.09318509994468,2.1324424743652344
SGC0946,1,NCIH2405,2.775679588317871,1.8893396819893487,1.904948115348816
SGC0946,1,NCIH661,1.94052255153656,1.9139773460307177,1.9324440956115723
SGC0946,1,NCIH727,2.599903106689453,1.9149373105086989,1.9335154294967651
SGC0946,1,OCIAML2,1.0522550344467163,1.4517392284587303,1.4165798425674438
SGC0946,1,OCILY19,1.3952829837799072,1.4133472719941675,1.3737338781356812
SGC0946,1,P12ICHIKAWA,1.334028959274292,1.3429302938235315,1.2951475381851196
SGC0946,1,RCHACV,0.9073305130004883,1.493682102820425,1.4633886814117432
SGC0946,1,SUDHL1,1.7138780355453491,1.3483899248904696,1.3012405633926392
SGC0946,1,SUDHL5,0.9198845028877258,1.3408887002920244,1.2928690910339355
SGC0946,1,WSUDLCL2,1.3705384731292725,1.5129000853569752,1.484836220741272
SGC0946,2,A3KAW,1.2665605545043945,1.8594229496802932,1.92514967918396
SGC0946,2,ALLSIL,1.474990963935852,1.4958637086484832,1.4404330253601074
SGC0946,2,CORL88,2.6757025718688965,1.9958294855103984,2.1070141792297363
SGC0946,2,CORL95,1.9653069972991943,1.6794548226953618,1.6852065324783325
SGC0946,2,HCC15,2.2721340656280518,1.7902098590634234,1.8328710794448853
SGC0946,2,HCC366,2.7295584678649902,1.9237365135934732,2.0108959674835205
SGC0946,2,HCC44,1.4710659980773926,1.8350952889753867,1.8927147388458252
SGC0946,2,HCC78,1.6673195362091064,2.0574122184550196,2.189119577407837
SGC0946,2,HDLM2,1.8901640176773071,1.6988568483001794,1.7110743522644043
SGC0946,2,HL60,1.8660800457000732,1.6270526781653392,1.6153411865234375
SGC0946,2,IALM,1.8713074922561646,1.7889292064551248,1.8311636447906494
SGC0946,2,JM1,0.928643524646759,1.630578384627005,1.620041847229004
SGC0946,2,JVM3,1.5169734954833984,1.662699222832388,1.6628670692443848
SGC0946,2,L540,1.505599021911621,1.3955607932470426,1.306703805923462
SGC0946,2,LAMA84,1.758136510848999,1.5862810195202348,1.5609822273254395
SGC0946,2,LCLC97TM1,1.1334819793701172,1.7736642887317555,1.8108116388320923
SGC0946,2,LOUCY,1.2069710493087769,1.4774007806031826,1.4158172607421875
SGC0946,2,LOUNH91,1.4252384901046753,2.051762254179491,2.181586742401123
SGC0946,2,MEG01,1.6206940412521362,1.7201325089958928,1.7394402027130127
SGC0946,2,MOLM13,1.1699905395507812,1.4917337537523496,1.4349267482757568
SGC0946,2,NCIH1048,1.5598725080490112,1.7678302244966868,1.8030333518981934
SGC0946,2,NCIH1648,2.9867019653320312,1.933762495459965,2.0242631435394287
SGC0946,2,NCIH1650,3.0297980308532715,1.8953233359137012,1.973013997077942
SGC0946,2,NCIH1793,3.2263829708099365,1.9010906985607092,1.980703353881836
SGC0946,2,NCIH1915,2.30696702003479,2.046097089810168,2.1740336418151855
SGC0946,2,NCIH2029,1.5856980085372925,1.8649470214142818,1.9325146675109863
SGC0946,2,NCIH2085,2.1401214599609375,1.8404701315532452,1.8998807668685913
SGC0946,2,NCIH209,1.566375494003296,1.7647411183761732,1.7989147901535034
SGC0946,2,NCIH211,1.2710789442062378,1.7906929538091219,1.8335151672363281
SGC0946,2,NCIH2110,1.8724950551986694,1.9865769201810695,2.0946781635284424
SGC0946,2,NCIH2122,1.5180729627609253,1.9823205362694967,2.089003324508667
SGC0946,2,NCIH2227,1.4804760217666626,1.8414303304194408,1.9011609554290771
SGC0946,2,NCIH441,2.731696605682373,1.8922298485896822,1.968889594078064
SGC0946,2,NCIH596,2.1699540615081787,1.995269943234148,2.1062681674957275
SGC0946,2,NCIH82,1.7604365348815918,1.7796192384186444,1.8187510967254639
SGC0946,2,RAJI,2.008012056350708,1.3685774973316995,1.2707282304763794
SGC0946,2,RS411,1.5064959526062012,1.4239477731180992,1.3445508480072021
SGC0946,2,SBC5,1.0702675580978394,1.8865889149581132,1.9613687992095947
SGC0946,2,ST486,1.6415859460830688,1.3442275729600008,1.2382636070251465
SGC0946,2,SUDHL6,0.9380155205726624,1.429909249904088,1.352499008178711
SGC0946,2,SUPT1,1.6529104709625244,1.3677384521542733,1.2696095705032349
SGC0946,3,697,1.1792634725570679,1.3209066931636384,1.2654844522476196
SGC0946,3,A4FUK,1.8749134540557861,1.4838666470685151,1.464766502380371
SGC0946,3,ABC1,2.46315598487854,1.7781692634822328,1.824666142463684
SGC0946,3,BV173,1.5632480382919312,1.3119465710823783,1.25452721118927
SGC0946,3,CORL279,1.2912180423736572,1.8640945492719636,1.9297432899475098
SGC0946,3,CORL311,2.093195915222168,1.8016583410811098,1.8533906936645508
SGC0946,3,DAUDI,1.3473670482635498,1.4626835950577217,1.4388619661331177
SGC0946,3,EBC1,1.760638952255249,1.835652819659721,1.894962191581726
SGC0946,3,EHEB,2.5393760204315186,1.7824982279866128,1.8299599885940552
SGC0946,3,EPLC272H,1.4087779521942139,1.8474896248279085,1.9094372987747192
SGC0946,3,GRANTA519,2.1831350326538086,1.4673975145438123,1.4446265697479248
SGC0946,3,HCC827,2.410658597946167,2.0004627800581156,2.0965065956115723
SGC0946,3,JEKO1,1.4861564636230469,1.3207576437417505,1.2653021812438965
SGC0946,3,K562,1.836079478263855,1.6103248947093938,1.6194109916687012
SGC0946,3,KMH2,1.3438270092010498,1.4837041451808193,1.46456778049469
SGC0946,3,KMS11,1.1350704431533813,1.6392887359656072,1.6548305749893188
SGC0946,3,KNS62,1.8465964794158936,1.944820067100333,2.0284616947174072
SGC0946,3,L363,1.3983210325241089,1.517262295955395,1.505605697631836
SGC0946,3,L428,1.5914164781570435,1.6391066402690169,1.654607892036438
SGC0946,3,LU65,2.8545379638671875,1.7269453930974905,1.762024998664856
SGC0946,3,LXF289,1.396934986114502,1.8555303001156784,1.9192701578140259
SGC0946,3,MOLT13,1.4863979816436768,1.2363349398937986,1.1620625257492065
SGC0946,3,NCIH1437,2.0106780529022217,1.7868563395002437,1.835289478302002
SGC0946,3,NCIH1568,2.333177089691162,1.9817116024278563,2.073575973510742
SGC0946,3,NCIH2196,1.9531739950180054,1.7916492191117295,1.8411506414413452
SGC0946,3,NCIH292,1.712003469467163,1.9625012862906699,2.050083875656128
SGC0946,3,NCIH358,2.090290069580078,1.9874645786751652,2.080611228942871
SGC0946,3,NCIH460,1.7412844896316528,1.8406046918199963,1.9010177850723267
SGC0946,3,NCIH524,1.6143674850463867,1.914928590593181,1.9919077157974243
SGC0946,3,NCIH69,2.0388998985290527,1.912949420931579,1.9894874095916748
SGC0946,3,NCIH841,0.583387017250061,1.7904622827082588,1.839699149131775
SGC0946,3,NOMO1,1.8316584825515747,1.4069329699285662,1.37068510055542
SGC0946,3,P31FUJ,1.584228515625,1.4554104901741016,1.4299677610397339
SGC0946,3,RPMI8226,1.129062533378601,1.6402015540078296,1.6559468507766724
SGC0946,3,SIGM5,-0.38082799315452576,1.4572153626700166,1.4321749210357666
SGC0946,3,SKLU1,2.18300199508667,1.834526614315659,1.893584966659546
SGC0946,3,SKM1,1.4127124547958374,1.5795472126467265,1.581773281097412
SGC0946,3,SUDHL10,0.28954949975013733,1.3697045380660238,1.3251588344573975
SGC0946,3,SUDHL4,0.5377069711685181,1.3412012975412821,1.2903025150299072
SGC0946,3,SW1271,2.788983106613159,1.796515892321887,1.8471020460128784
SGC0946,3,SW1573,2.3435709476470947,1.7693522444430467,1.813883900642395
SGC0946,4,BL41,0.49949800968170166,1.4337877525353182,1.4142868518829346
SGC0946,4,CAL12T,2.168044090270996,1.8924030806861563,1.933746337890625
SGC0946,4,CALU3,2.7622499465942383,2.2414569733752083,2.329108953475952
SGC0946,4,CHAGOK1,2.2181553840637207,1.958902556911697,2.009068250656128
SGC0946,4,DMS79,2.3430325984954834,1.762921039788765,1.787086009979248
SGC0946,4,DOHH2,0.36578699946403503,1.555543133697429,1.552195429801941
SGC0946,4,EM2,1.8007659912109375,1.522025543660307,1.5142310857772827
SGC0946,4,HEL,1.1403554677963257,1.5759778674829197,1.5753412246704102
SGC0946,4,HH,2.299149513244629,1.4068409017285037,1.3837649822235107
SGC0946,4,HT,2.03256893157959,1.0614158500711566,0.9925126433372498
SGC0946,4,KMS12BM,1.3806999921798706,1.5850450497959878,1.585611343383789
SGC0946,4,KU812,1.681514024734497,1.4187255284482116,1.397226333618164
SGC0946,4,LP1,1.8928459882736206,1.4597005580938982,1.443637490272522
SGC0946,4,ME1,2.0817010402679443,1.4096980240037018,1.3870011568069458
SGC0946,4,MHHCALL2,1.156125545501709,1.3035220474223184,1.2667388916015625
SGC0946,4,MM1S,1.4434770345687866,1.3395450264807351,1.307541012763977
SGC0946,4,NB4,0.3899399936199188,1.3792454177547815,1.3525084257125854
SGC0946,4,NCIH1092,2.4995994567871094,1.8396362515888476,1.8739789724349976
SGC0946,4,NCIH146,1.7577004432678223,1.7992066084547487,1.8281855583190918
SGC0946,4,NCIH1792,1.446552038192749,2.070542607503522,2.135519504547119
SGC0946,4,NCIH1944,1.7541170120239258,1.8601018225506978,1.8971596956253052
SGC0946,4,NCIH2023,2.044867992401123,1.9355815476160199,1.982653260231018
SGC0946,4,NCIH2030,2.3255228996276855,2.0933124417391475,2.1613101959228516
SGC0946,4,NCIH2170,2.075360059738159,1.9816871256343205,2.0348756313323975
SGC0946,4,NCIH2172,2.6145401000976562,1.9227184457133262,1.9680836200714111
SGC0946,4,NCIH2291,1.7950990200042725,2.068726266242043,2.1334621906280518
SGC0946,4,NCIH23,1.7011795043945312,2.0608746791062886,2.1245689392089844
SGC0946,4,NCIH2444,1.66178297996521,2.1948922055942566,2.2763664722442627
SGC0946,4,NCIH446,1.7857035398483276,1.6308275215636951,1.6374677419662476
SGC0946,4,NCIH522,2.0970284938812256,1.7647706388923246,1.7891809940338135
SGC0946,4,NCIH647,1.0357789993286133,2.2114952360359843,2.2951722145080566
SGC0946,4,NCIH650,2.094691514968872,1.995676889560663,2.0507214069366455
SGC0946,4,NUDUL1,1.3843920230865479,1.2633824631894037,1.2212740182876587
SGC0946,4,OCIAML5,1.4829695224761963,1.6245684167333898,1.630378246307373
SGC0946,4,OCIM1,1.1010504961013794,1.4805124947465311,1.4672105312347412
SGC0946,4,REH,1.5148580074310303,1.461887892688713,1.4461150169372559
SGC0946,4,RERFLCMS,2.185351610183716,1.9360304232377725,1.9831616878509521
SGC0946,4,SHP77,1.4903830289840698,1.776236595688625,1.8021681308746338
SGC0946,4,SUDHL8,1.1331230401992798,1.4072979865644408,1.3842827081680298
SGC0946,4,THP1,1.4772839546203613,1.6069317620287704,1.6104017496109009
SGC0946,5,A549,1.670989990234375,1.9776218642120127,2.0224406719207764
SGC0946,5,BEN,2.920207977294922,1.8265194647490153,1.846062183380127
SGC0946,5,CMLT1,1.2895619869232178,1.5043198468004249,1.4699656963348389
SGC0946,5,CORL23,1.93669855594635,1.9336186787855572,1.9710767269134521
SGC0946,5,DB,1.7447400093078613,1.3862512911806388,1.3321468830108643
SGC0946,5,DMS273,2.0446765422821045,1.7313580520874865,1.7349823713302612
SGC0946,5,DND41,1.3299064636230469,1.4282533198402787,1.381174921989441
SGC0946,5,HCC33,1.6335090398788452,1.7076217490480976,1.7072755098342896
SGC0946,5,JVM2,2.3971049785614014,1.7393950530611069,1.744363784790039
SGC0946,5,KCL22,1.6349514722824097,1.5338896826633543,1.5044819116592407
SGC0946,5,KG1,1.7484954595565796,1.6792741558075335,1.6741859912872314
SGC0946,5,KOPN8,1.3819794654846191,1.2047349853939961,1.1202669143676758
SGC0946,5,MOLM16,1.2036784887313843,1.676352334164329,1.6707754135131836
SGC0946,5,MOLT16,0.9454990029335022,1.4357194371024165,1.3898899555206299
SGC0946,5,MONOMAC6,1.5991774797439575,1.6133962180202048,1.5972881317138672
SGC0946,5,NCIH1105,1.8609185218811035,1.5493649205318076,1.5225458145141602
SGC0946,5,NCIH1155,1.8799179792404175,1.7625857996091294,1.7714338302612305
SGC0946,5,NCIH1341,1.658968448638916,1.7327063180551059,1.7365561723709106
SGC0946,5,NCIH1435,1.9362150430679321,1.9187407752334655,1.9537100791931152
SGC0946,5,NCIH1436,1.4751185178756714,1.7171399838949455,1.718385934829712
SGC0946,5,NCIH1623,1.8494174480438232,2.1098534421709427,2.1767916679382324
SGC0946,5,NCIH1781,2.195913076400757,1.9246400771285972,1.9605962038040161
SGC0946,5,NCIH1975,1.7010624408721924,2.185755240074448,2.265390157699585
SGC0946,5,NCIH2081,2.264129400253296,1.8876787780273392,1.917452096939087
SGC0946,5,NCIH2347,2.6627700328826904,2.2310057910916097,2.3182101249694824
SGC0946,5,NCIH526,1.9020415544509888,1.6910004544694017,1.6878738403320312
SGC0946,5,NCIH810,1.5585135221481323,1.8291535977669524,1.8491369485855103
SGC0946,5,NCIH838,2.0359559059143066,2.1474743723799765,2.22070574760437
SGC0946,5,NCIH929,1.36172354221344,1.5459830217651274,1.518598198890686
SGC0946,5,OCIAML3,1.4469389915466309,1.501097162292457,1.4662039279937744
SGC0946,5,OPM2,1.4167720079421997,1.543183138431674,1.5153299570083618
SGC0946,5,PF382,1.2994375228881836,1.4764272243889582,1.4374072551727295
SGC0946,5,PL21,2.2192349433898926,1.3957174418248293,1.3431965112686157
SGC0946,5,RERFLCKJ,1.2289350032806396,2.0616506359960827,2.120525598526001
SGC0946,5,RL,1.414826512336731,1.1889898288047114,1.1018879413604736
SGC0946,5,RPMI8402,0.4655570089817047,1.4408594330235103,1.3958897590637207
SGC0946,5,SKMES1,2.197998523712158,1.9729790171115802,2.0170211791992188
SGC0946,5,SKMM2,2.222174882888794,1.5592272174938586,1.534057855606079
SGC0946,5,SUPB15,1.4072329998016357,1.2485575101253508,1.1714199781417847
SGC0946,5,SUPM2,0.5234789848327637,1.4668225910412311,1.4261959791183472
SN-38,1,ABC1,-4.793377876281738,-3.744756798465666,-3.7826390266418457
SN-38,1,ALLSIL,-6.834723949432373,-5.927837304454013,-5.785175323486328
SN-38,1,BV173,-7.076459884643555,-5.7227548670012895,-5.597053527832031
SN-38,1,CORL23,-3.5729284286499023,-3.476795998358877,-3.536839008331299
SN-38,1,CORL95,-2.0198960304260254,-3.7977425794358,-3.831242799758911
SN-38,1,DB,-6.328969955444336,-4.283627381411854,-4.276944160461426
SN-38,1,DMS273,-4.378851890563965,-4.216097080369965,-4.214998722076416
SN-38,1,DMS79,-3.6929030418395996,-3.857498076980372,-3.886056423187256
SN-38,1,EHEB,-1.5297105312347412,-4.524006641802522,-4.497443675994873
SN-38,1,EPLC272H,-2.9718050956726074,-2.643149301669079,-2.7721362113952637
SN-38,1,HARA,-4.2667012214660645,-4.375808953235663,-4.361502170562744
SN-38,1,HCC366,-1.935238003730774,-2.704425295334377,-2.8283445835113525
SN-38,1,HDLM2,-3.711219072341919,-4.1728260999988755,-4.17530632019043
SN-38,1,HEL,-4.984799861907959,-4.7952610704292855,-4.746264934539795
SN-38,1,KG1,-6.4982500076293945,-4.854641512264077,-4.800734519958496
SN-38,1,L540,-6.1746392250061035,-4.891515492545708,-4.834558963775635
SN-38,1,LAMA84,-3.038710117340088,-4.850571780937865,-4.797001361846924
SN-38,1,MOLT13,-6.510457992553711,-6.828851076277356,-6.611673831939697
SN-38,1,MONOMAC6,-5.372129917144775,-4.467734769814549,-4.445825576782227
SN-38,1,NB4,-6.093206882476807,-5.802653949136025,-5.670344829559326
SN-38,1,NCIH1092,-2.4315450191497803,-4.131251837350198,-4.137170314788818
SN-38,1,NCIH1155,-5.9251298904418945,-3.7549072147054527,-3.791949987411499
SN-38,1,NCIH1651,-4.370110511779785,-3.1081708175578235,-3.198699712753296
SN-38,1,NCIH1792,-2.9302210807800293,-2.8134997090163965,-2.928398370742798
SN-38,1,NCIH1915,-2.975454568862915,-4.101040489129885,-4.109457492828369
SN-38,1,NCIH2066,0.4920879900455475,-3.8105999985982146,-3.8430368900299072
SN-38,1,NCIH2110,-3.9479219913482666,-2.6955320824682585,-2.8201868534088135
SN-38,1,NCIH2170,-4.202756881713867,-4.090790006051384,-4.100054740905762
SN-38,1,NCIH2171,-3.964747905731201,-3.5054083564706913,-3.5630850791931152
SN-38,1,NCIH2227,-4.8477911949157715,-2.7541910034088386,-2.8739945888519287
SN-38,1,NCIH2291,-0.03152000159025192,-3.3638855159168903,-3.4332664012908936
SN-38,1,NCIH2347,-1.277787685394287,-3.602947013002928,-3.652557134628296
SN-38,1,NCIH358,-2.352015495300293,-3.1049681588912255,-3.1957619190216064
SN-38,1,NCIH810,-4.326369762420654,-2.5256755114678433,-2.6643776893615723
SN-38,1,NCIH929,-4.836305141448975,-4.244716716070049,-4.241251468658447
SN-38,1,NUDUL1,-5.760293960571289,-5.176746529445288,-5.096200942993164
SN-38,1,PF382,-5.527194976806641,-6.878868900802605,-6.657555103302002
SN-38,1,SKM1,-5.674411773681641,-5.254576697200369,-5.1675944328308105
SN-38,1,SUDHL5,-7.601734161376953,-5.291917482786756,-5.201847076416016
SN-38,1,SUDHL8,-3.6333510875701904,-5.562188397341583,-5.449766159057617
SN-38,1,THP1,-4.313282012939453,-4.630100883087916,-4.59476375579834
SN-38,2,A3KAW,-6.780488967895508,-3.1524659503231094,-3.1579675674438477
SN-38,2,AMO1,-3.3313310146331787,-4.4580482680941795,-4.482005596160889
SN-38,2,DMS53,-4.684045791625977,-3.649553275165881,-3.662081718444824
SN-38,2,DOHH2,-6.257994174957275,-5.3570323717718145,-5.393697738647461
SN-38,2,EM2,-5.914794921875,-5.107840316588995,-5.1409831047058105
SN-38,2,GRANTA519,-5.968767166137695,-4.766389353445794,-4.794705390930176
SN-38,2,HCC33,0.9293839931488037,-3.9730624724010717,-3.990164041519165
SN-38,2,HH,-3.960513114929199,-5.60089293636588,-5.641005516052246
SN-38,2,JM1,-6.901670932769775,-4.770658213403046,-4.799034595489502
SN-38,2,JURLMK1,-5.136891841888428,-4.050892408014479,-4.069094181060791
SN-38,2,KMS12BM,-4.31851863861084,-3.849627580360322,-3.8649842739105225
SN-38,2,L1236,-4.713565826416016,-4.963711868476139,-4.99481725692749
SN-38,2,L428,-2.149665117263794,-4.815595734351887,-4.844607353210449
SN-38,2,LCLC103H,-2.3948800563812256,-3.314066208894338,-3.321852207183838
SN-38,2,LOUCY,-4.863663196563721,-5.92396932320448,-5.968648910522461
SN-38,2,LOUNH91,-4.273408889770508,-3.3003324132680136,-3.307924270629883
SN-38,2,LXF289,-3.7141144275665283,-3.2978011424694817,-3.3053572177886963
SN-38,2,MHHCALL2,-5.860063076019287,-5.244123635460001,-5.279192924499512
SN-38,2,MOLM13,-6.537460803985596,-4.667280239436592,-4.69419527053833
SN-38,2,MOLM16,-4.981479167938232,-3.8360790398086926,-3.8512442111968994
SN-38,2,NCIH1435,-1.968479037284851,-4.247564649521212,-4.2685465812683105
SN-38,2,NCIH146,-2.7319231033325195,-3.220180206553288,-3.2266390323638916
SN-38,2,NCIH1793,-0.13006800413131714,-2.9491440390349637,-2.9517714977264404
SN-38,2,NCIH1836,-0.7497400045394897,-3.4154449326638274,-3.42466402053833
SN-38,2,NCIH1975,-1.9592524766921997,-3.038191780668873,-3.0420780181884766
SN-38,2,NCIH2029,-2.5263259410858154,-4.428997545276814,-4.452544212341309
SN-38,2,NCIH2030,-2.308422565460205,-3.196929284107407,-3.203059434890747
SN-38,2,NCIH2228,-2.7690439224243164,-3.6165851598235834,-3.628647565841675
SN-38,2,NCIH23,-3.7548234462738037,-3.4631775013068955,-3.473071336746216
SN-38,2,NCIH2444,-0.4162437915802002,-2.9159210804173243,-2.918078899383545
SN-38,2,NCIH446,-3.9551260471343994,-4.482177506477956,-4.506475925445557
SN-38,2,NOMO1,-5.648194789886475,-4.317882115703293,-4.339858055114746
SN-38,2,OCIAML2,-6.462464809417725,-4.398324194888957,-4.4214372634887695
SN-38,2,OCIAML3,-4.833767890930176,-4.261266942381027,-4.282442569732666
SN-38,2,RERFLCMS,-3.9266209602355957,-3.972624725003759,-3.989720106124878
SN-38,2,RL,-3.7071170806884766,-5.580738218658242,-5.620565891265869
SN-38,2,SBC5,-4.829714775085449,-3.775368036649701,-3.789674997329712
SN-38,2,SUDHL4,-2.8472180366516113,-5.057099703934855,-5.08952522277832
SN-38,2,SUPB15,-6.864811420440674,-6.041866781197806,-6.088212966918945
SN-38,2,SW1271,-2.554995059967041,-3.4386561240086633,-3.4482033252716064
SN-38,2,WSUDLCL2,-5.012693881988525,-4.599510265626842,-4.625467300415039
SN-38,3,697,-6.071026802062988,-5.258727972977785,-5.348287582397461
SN-38,3,A4FUK,-5.063316822052002,-4.1428055516336775,-4.101361274719238
SN-38,3,A549,-3.1669609546661377,-3.510560863550887,-3.3948941230773926
SN-38,3,BEN,-0.7349788546562195,-3.3279652379942615,-3.1908626556396484
SN-38,3,CALU6,-3.807451009750366,-3.8086397888237222,-3.727966070175171
SN-38,3,CMLT1,-7.816985130310059,-5.683513458777886,-5.822940826416016
SN-38,3,COLO668,-4.625886917114258,-3.7606761382347798,-3.6743717193603516
SN-38,3,DMS114,-3.8699951171875,-3.765794670622545,-3.680091142654419
SN-38,3,EBC1,-6.3149261474609375,-3.64868911896819,-3.5492379665374756
SN-38,3,EJM,-3.564965009689331,-3.812245741441724,-3.7319953441619873
SN-38,3,GDM1,-4.581751823425293,-5.470769082155086,-5.585221290588379
SN-38,3,HCC15,-3.4396491050720215,-3.263129143072711,-3.118415117263794
SN-38,3,HCC44,-4.236376762390137,-3.5728469738725717,-3.4644923210144043
SN-38,3,IALM,-2.512993097305298,-3.9687421647331838,-3.9068636894226074
SN-38,3,JURKAT,-5.724452018737793,-5.311966342777946,-5.40777587890625
SN-38,3,K562,-3.7349419593811035,-4.308346088157045,-4.286335468292236
SN-38,3,KNS62,-3.2710158824920654,-4.270743043560545,-4.244318008422852
SN-38,3,KU812,-4.163053035736084,-4.897656469388105,-4.944828033447266
SN-38,3,L363,-2.5082879066467285,-3.9562258818591034,-3.8928780555725098
SN-38,3,LP1,-1.3928649425506592,-4.236677246449325,-4.2062530517578125
SN-38,3,MOLP8,-4.990202903747559,-3.9052076266737523,-3.8358705043792725
SN-38,3,NALM6,-5.327868938446045,-5.662484140545639,-5.799442768096924
SN-38,3,NAMALWA,-6.172102928161621,-5.7342831379395705,-5.8796706199646
SN-38,3,NCIH1650,-1.1830854415893555,-3.0888553733745043,-2.923682451248169
SN-38,3,NCIH2087,-5.301942825317383,-3.8780580040098633,-3.8055336475372314
SN-38,3,NCIH209,-7.351658821105957,-3.8484132328302993,-3.7724087238311768
SN-38,3,NCIH82,-2.140842914581299,-3.636548580624305,-3.535672187805176
SN-38,3,NCIH838,-2.8119986057281494,-2.85804986827502,-2.6657814979553223
SN-38,3,NCIH841,-2.725865602493286,-3.3723479002525583,-3.2404556274414062
SN-38,3,OCILY19,-5.634760856628418,-5.332094812965625,-5.430267333984375
SN-38,3,P12ICHIKAWA,-6.4405388832092285,-5.904104729689421,-6.069428443908691
SN-38,3,P31FUJ,-4.337360858917236,-4.859732943085556,-4.90245246887207
SN-38,3,RAJI,-5.714733123779297,-5.086830291347866,-5.156209945678711
SN-38,3,REH,-6.678639888763428,-5.324763420542281,-5.422075271606445
SN-38,3,RPMI8402,-6.534286975860596,-5.566541476729381,-5.69223690032959
SN-38,3,SHP77,-2.0427420139312744,-3.475534901541383,-3.3557562828063965
SN-38,3,SIGM5,-3.498589038848877,-4.22351061188414,-4.191540718078613
SN-38,3,SKMES1,-3.667543888092041,-3.3542421774505984,-3.220224380493164
SN-38,3,SKMM2,-2.519892930984497,-3.5667162143120374,-3.457641839981079
SN-38,3,ST486,-4.422721862792969,-5.098069341537251,-5.168768405914307
SN-38,3,SUDHL1,-5.852482795715332,-4.882889133252491,-4.9283270835876465
SN-38,4,BL41,-6.361566066741943,-5.39108433210237,-5.539378643035889
SN-38,4,CALU3,-4.208014965057373,-3.2856495925754103,-3.109461784362793
SN-38,4,CHAGOK1,-2.0714468955993652,-3.9636605572953547,-3.891965389251709
SN-38,4,CORL105,-0.4011540114879608,-3.570977263311741,-3.43876314163208
SN-38,4,CORL311,-5.988671779632568,-3.3813660266998165,-3.2199296951293945
SN-38,4,DND41,-6.231439113616943,-5.4791692493374695,-5.64103889465332
SN-38,4,HCC78,-5.808980941772461,-3.355629953785878,-3.1902272701263428
SN-38,4,HCC827,-2.0500850677490234,-2.914147672670387,-2.6807053089141846
SN-38,4,HT,-3.459357976913452,-5.218279702822112,-5.33994197845459
SN-38,4,JEKO1,-5.893331050872803,-5.321082279882391,-5.458588123321533
SN-38,4,KOPN8,-6.301623821258545,-5.803739881320085,-6.015631198883057
SN-38,4,LU65,-2.149200916290283,-4.0740149109623545,-4.019327163696289
SN-38,4,MEG01,-4.476912021636963,-4.3479161710500644,-4.3354411125183105
SN-38,4,MM1S,-5.170550346374512,-4.069143316807094,-4.013704776763916
SN-38,4,MOLT16,-7.18423318862915,-5.526542414110784,-5.695713043212891
SN-38,4,NCIH1048,-6.495160102844238,-3.90438212701582,-3.8235511779785156
SN-38,4,NCIH1341,-5.355515956878662,-4.12309360882641,-4.075969696044922
SN-38,4,NCIH1436,-0.7870650291442871,-3.943911822749744,-3.869173049926758
SN-38,4,NCIH1623,-5.716139793395996,-2.5122647051003004,-2.216885566711426
SN-38,4,NCIH1648,-2.9121949672698975,-3.2718150667089176,-3.0934951305389404
SN-38,4,NCIH1944,-4.27908992767334,-3.474119675505982,-3.3269782066345215
SN-38,4,NCIH1963,-3.546626567840576,-4.231004108755103,-4.2005109786987305
SN-38,4,NCIH2085,-2.1462719440460205,-3.3753863318300783,-3.2130284309387207
SN-38,4,NCIH2196,-1.9711270332336426,-3.551371482847864,-3.416135787963867
SN-38,4,NCIH2405,-3.4950668811798096,-3.1848306066897063,-2.993104934692383
SN-38,4,NCIH292,-4.9809675216674805,-3.4266456991836987,-3.2721877098083496
SN-38,4,NCIH441,-2.93210506439209,-3.6350901031588014,-3.512756824493408
SN-38,4,NCIH522,-2.522813081741333,-3.5285552263952287,-3.389803171157837
SN-38,4,NCIH524,-3.7603940963745117,-3.2457145848351843,-3.0633721351623535
SN-38,4,NCIH647,-4.441120147705078,-2.725993452154513,-2.4635534286499023
SN-38,4,NCIH650,-3.403421401977539,-3.430278839986369,-3.276380777359009
SN-38,4,NCIH69,-2.935089111328125,-3.5405406453461192,-3.4036357402801514
SN-38,4,NCIH727,-1.0441080331802368,-2.9418964646859584,-2.712730646133423
SN-38,4,OCIAML5,-5.332466125488281,-4.641847115901821,-4.674671649932861
SN-38,4,OCIM1,-4.719607830047607,-4.211436752365218,-4.1779279708862305
SN-38,4,RCHACV,-5.7396039962768555,-5.914570610872167,-6.143542766571045
SN-38,4,RPMI8226,-4.224857807159424,-3.6442482539556385,-3.5233263969421387
SN-38,4,SKLU1,-5.01230001449585,-3.7855697257066008,-3.6864278316497803
SN-38,4,SUPM2,-6.99745512008667,-4.8197976789623995,-4.88004732131958
SN-38,4,SW1573,-4.526670932769775,-4.38812675790161,-4.3818488121032715
SN-38,5,CA46,-3.0820770263671875,-5.440415376409799,-5.4523162841796875
SN-38,5,CAL12T,-0.5200614929199219,-3.4239830772682622,-3.368881940841675
SN-38,5,CMK,-6.839783668518066,-3.5717879736633447,-3.5215981006622314
SN-38,5,CORL279,-6.386270046234131,-3.1894727344591636,-3.1265792846679688
SN-38,5,CORL88,-3.103142023086548,-2.4299372420038643,-2.341805934906006
SN-38,5,DAUDI,-4.528103828430176,-5.602780210470932,-5.6200761795043945
SN-38,5,GA10,-4.330904006958008,-5.781119948405734,-5.804341793060303
SN-38,5,HL60,-4.950310230255127,-5.435666517219851,-5.447409629821777
SN-38,5,JVM2,-8.157926559448242,-4.235287826678079,-4.207144737243652
SN-38,5,JVM3,-7.215719223022461,-4.265029345676737,-4.237874507904053
SN-38,5,KARPAS422,-3.7804439067840576,-5.317837583017644,-5.325665473937988
SN-38,5,KCL22,-3.59238600730896,-5.175150747693166,-5.178237438201904
SN-38,5,KMH2,-3.217463970184326,-4.638832404771201,-4.624098300933838
SN-38,5,KMS11,-3.1557838916778564,-4.151473461740781,-4.120545387268066
SN-38,5,LCLC97TM1,-5.034012794494629,-3.3600903843088528,-3.302866220474243
SN-38,5,ME1,-2.1990010738372803,-5.458162910812971,-5.470653533935547
SN-38,5,NCIH1105,-6.518280029296875,-3.587417904529774,-3.537747383117676
SN-38,5,NCIH1437,-2.58427357673645,-4.193559245619198,-4.164029598236084
SN-38,5,NCIH1568,-2.8678109645843506,-3.1786241986984147,-3.115370273590088
SN-38,5,NCIH1781,-4.9251251220703125,-2.9509570127472893,-2.8801381587982178
SN-38,5,NCIH1876,-8.044732093811035,-3.5992782841946975,-3.550001859664917
SN-38,5,NCIH196,-1.5935510396957397,-3.103888277255291,-3.0381510257720947
SN-38,5,NCIH2009,-4.993350028991699,-3.1293269790860694,-3.0644350051879883
SN-38,5,NCIH2023,-2.821413040161133,-3.6068390772081975,-3.557813882827759
SN-38,5,NCIH2081,-4.76945686340332,-4.286053085268387,-4.259596824645996
SN-38,5,NCIH211,-4.74910306930542,-3.393082033613167,-3.336954116821289
SN-38,5,NCIH2122,-4.531558990478516,-3.2164521618881574,-3.1544551849365234
SN-38,5,NCIH2172,0.15724213421344757,-2.4815987381594655,-2.39518404006958
SN-38,5,NCIH2342,-2.4518918991088867,-2.8695812262317286,-2.796058416366577
SN-38,5,NCIH460,-4.606598377227783,-3.64346090400407,-3.5956525802612305
SN-38,5,NCIH526,-6.520318031311035,-3.3923307077860305,-3.3361778259277344
SN-38,5,NCIH596,-0.10654798895120621,-2.684226421813273,-2.6045446395874023
SN-38,5,NCIH661,-4.034582138061523,-2.831702728534571,-2.7569212913513184
SN-38,5,OPM2,-1.870100975036621,-4.629979866677753,-4.6149516105651855
SN-38,5,PL21,-4.082837104797363,-5.676833339186016,-5.696589946746826
SN-38,5,RERFLCKJ,-1.484213948249817,-3.291385144835082,-3.2318780422210693
SN-38,5,RS411,-5.699379920959473,-6.033961856842968,-6.065585136413574
SN-38,5,SUDHL10,-3.7853739261627197,-4.830282962990475,-4.821910381317139
SN-38,5,SUDHL6,-5.507805824279785,-5.521232745080867,-5.535819053649902
SN-38,5,SUPT1,-7.776179313659668,-5.6676600569587485,-5.687111854553223
TALAZOPARIB,1,ALLSIL,0.6905894875526428,0.9976001897666797,0.9658684134483337
TALAZOPARIB,1,CAL12T,4.741016864776611,1.577055956274643,1.5062834024429321
TALAZOPARIB,1,CALU6,0.007818717509508133,2.1414931752736495,2.032691717147827
TALAZOPARIB,1,CHAGOK1,3.5998730659484863,1.7672231461345727,1.683638095855713
TALAZOPARIB,1,CMK,0.5257120132446289,2.157491536444544,2.047612190246582
TALAZOPARIB,1,CORL279,-1.0329769849777222,1.6565307252414307,1.5804035663604736
TALAZOPARIB,1,CORL88,4.287561893463135,2.155002601394612,2.045290946960449
TALAZOPARIB,1,DMS114,2.842599391937256,1.193398735780438,1.1484750509262085
TALAZOPARIB,1,DMS53,1.2687159776687622,2.520332302209301,2.3860065937042236
TALAZOPARIB,1,EPLC272H,3.066314458847046,1.4015681402817735,1.3426190614700317
TALAZOPARIB,1,GA10,1.706460952758789,1.3545781151245557,1.2987949848175049
TALAZOPARIB,1,HCC15,1.7819530963897705,1.6157609925693155,1.542380690574646
TALAZOPARIB,1,HEL,0.21559879183769226,1.5642653967683493,1.4943546056747437
TALAZOPARIB,1,JEKO1,0.9410549998283386,1.6301002341352322,1.5557538270950317
TALAZOPARIB,1,KOPN8,-0.6670809984207153,-0.2633888526996898,-0.21016161143779755
TALAZOPARIB,1,L363,3.4504990577697754,2.592585554972512,2.4533917903900146
TALAZOPARIB,1,MEG01,1.8993430137634277,2.5463142686087297,2.410238027572632
TALAZOPARIB,1,NCIH1437,0.09325682371854782,2.28897382525066,2.1702358722686768
TALAZOPARIB,1,NCIH146,2.6126549243927,3.346321035089181,3.156344413757324
TALAZOPARIB,1,NCIH1648,1.5593922138214111,1.9793215196973717,1.881446361541748
TALAZOPARIB,1,NCIH1650,2.311863899230957,1.6761882248508222,1.5987366437911987
TALAZOPARIB,1,NCIH1792,0.007193789351731539,1.9718830908613112,1.8745090961456299
TALAZOPARIB,1,NCIH1793,4.036348819732666,1.6346165417625569,1.5599658489227295
TALAZOPARIB,1,NCIH1915,1.5656709671020508,1.3487556023167022,1.2933647632598877
TALAZOPARIB,1,NCIH1975,0.2053060084581375,1.764840558350537,1.6814160346984863
TALAZOPARIB,1,NCIH2009,0.0333387590944767,1.5783087321797573,1.5074517726898193
TALAZOPARIB,1,NCIH2066,5.04068660736084,2.9752943419174924,2.8103156089782715
TALAZOPARIB,1,NCIH2087,0.6664466261863708,0.9818107524012041,0.9511427879333496
TALAZOPARIB,1,NCIH211,0.05184505134820938,1.9645140689547962,1.8676365613937378
TALAZOPARIB,1,NCIH2172,3.818892478942871,2.4010101585880808,2.274723768234253
TALAZOPARIB,1,NCIH2342,2.6262590885162354,2.13109185025551,2.022991180419922
TALAZOPARIB,1,NCIH292,0.25967058539390564,1.6155265684279034,1.5421620607376099
TALAZOPARIB,1,NCIH358,4.015998840332031,1.8389665199991512,1.7505477666854858
TALAZOPARIB,1,NCIH460,0.006235490553081036,1.6448833988435285,1.5695409774780273
TALAZOPARIB,1,NCIH82,2.840585947036743,2.6287060459349316,2.4870786666870117
TALAZOPARIB,1,OCILY19,0.049830250442028046,1.7043661600340352,1.6250160932540894
TALAZOPARIB,1,REH,0.6687840223312378,1.261793576802829,1.2122617959976196
TALAZOPARIB,1,RERFLCKJ,3.201093912124634,1.954805151556084,1.858581781387329
TALAZOPARIB,1,SUDHL5,-1.4298030138015747,0.2280853222289838,0.24819953739643097
TALAZOPARIB,1,SUPT1,1.4932700395584106,1.6441617201617331,1.5688679218292236
TALAZOPARIB,1,WSUDLCL2,2.432223081588745,2.4307293621993997,2.302440643310547
TALAZOPARIB,2,BV173,-1.7352349758148193,-0.029686107960915534,0.00276751397177577
TALAZOPARIB,2,CALU3,3.1884210109710693,1.318470111577155,1.3928256034851074
TALAZOPARIB,2,CORL105,4.641374111175537,1.7568514170783387,1.844832181930542
TALAZOPARIB,2,CORL311,0.6317930221557617,2.9927698048008935,3.119163990020752
TALAZOPARIB,2,DMS79,0.7354220151901245,1.7133532664915816,1.7999820709228516
TALAZOPARIB,2,DND41,0.8253024816513062,1.2826898969402665,1.3559333086013794
TALAZOPARIB,2,EBC1,2.1148650646209717,1.436780618401392,1.5148133039474487
TALAZOPARIB,2,GDM1,3.0527889728546143,0.8305515194638471,0.8897420763969421
TALAZOPARIB,2,HCC44,0.13081815838813782,1.5500535114857192,1.6316068172454834
TALAZOPARIB,2,HH,4.841253280639648,0.7525046364478266,0.8092694282531738
TALAZOPARIB,2,HL60,1.951095461845398,0.8623207312853541,0.9224987030029297
TALAZOPARIB,2,IALM,4.842329025268555,1.25636728992185,1.3287925720214844
TALAZOPARIB,2,KMS12BM,2.0370676517486572,1.9753824814146697,2.070155382156372
TALAZOPARIB,2,KNS62,2.842182159423828,1.666686201120165,1.7518645524978638
TALAZOPARIB,2,LU65,4.223133563995361,1.486040600401491,1.565604329109192
TALAZOPARIB,2,ME1,4.016727924346924,1.196438855524566,1.2670015096664429
TALAZOPARIB,2,MM1S,1.3309040069580078,1.9867842851372988,2.081911563873291
TALAZOPARIB,2,MOLM16,1.7782779932022095,1.0182676651901188,1.0832926034927368
TALAZOPARIB,2,MOLT13,1.7172679901123047,1.0231563657174836,1.088333249092102
TALAZOPARIB,2,MOLT16,-1.5258090496063232,2.129683854951305,2.229252576828003
TALAZOPARIB,2,NAMALWA,-0.5117675065994263,0.8050962625389956,0.8634956479072571
TALAZOPARIB,2,NB4,0.03655274957418442,1.0757452748362188,1.1425566673278809
TALAZOPARIB,2,NCIH1435,5.13666296005249,1.4455844183980158,1.523890733718872
TALAZOPARIB,2,NCIH1436,4.505195617675781,2.7215521359540573,2.8395166397094727
TALAZOPARIB,2,NCIH1623,0.004558546468615532,1.7270510853445897,1.8141056299209595
TALAZOPARIB,2,NCIH2023,0.5544417500495911,1.2403596976525217,1.312287449836731
TALAZOPARIB,2,NCIH209,-3.1417670249938965,2.128317506856697,2.227843761444092
TALAZOPARIB,2,NCIH2122,0.2159220278263092,1.2626922861320133,1.335314154624939
TALAZOPARIB,2,NCIH2171,1.5838984251022339,2.5974054567260545,2.7115113735198975
TALAZOPARIB,2,NCIH2196,1.602813959121704,2.190379169270025,2.2918343544006348
TALAZOPARIB,2,NCIH2291,3.471540927886963,1.3430114252215977,1.4181296825408936
TALAZOPARIB,2,NCIH2405,2.5958709716796875,0.941778301073786,1.0044258832931519
TALAZOPARIB,2,NCIH2444,2.795137882232666,1.3587842017031322,1.4343926906585693
TALAZOPARIB,2,OCIAML3,1.6610629558563232,1.0190524655680337,1.0841017961502075
TALAZOPARIB,2,OCIM1,0.06610697507858276,1.805078833937725,1.8945585489273071
TALAZOPARIB,2,RPMI8402,0.029776999726891518,0.4071668612549019,0.45319825410842896
TALAZOPARIB,2,SIGM5,3.125432014465332,2.198630672359563,2.300342321395874
TALAZOPARIB,2,SKMES1,1.1308526992797852,1.634704313945804,1.7188886404037476
TALAZOPARIB,2,SUDHL8,0.05241861194372177,0.5590950460824523,0.6098484992980957
TALAZOPARIB,2,SW1573,0.4632887542247772,1.2750323124631842,1.3480377197265625
TALAZOPARIB,2,THP1,1.2680134773254395,1.018736949918162,1.0837764739990234
TALAZOPARIB,3,697,-3.487809896469116,-0.20944564791123751,-0.2564958333969116
TALAZOPARIB,3,A3KAW,0.06309341639280319,2.748469720791995,2.8688905239105225
TALAZOPARIB,3,A549,1.1807485818862915,0.8619445730755796,0.8755542635917664
TALAZOPARIB,3,ABC1,3.5319631099700928,1.6985365261392595,1.7595123052597046
TALAZOPARIB,3,CORL23,0.5976388454437256,1.8341671178038033,1.9028220176696777
TALAZOPARIB,3,CORL95,3.2713561058044434,1.9260680696846082,1.999926209449768
TALAZOPARIB,3,DB,2.3551089763641357,1.4645489940042697,1.5122768878936768
TALAZOPARIB,3,EHEB,2.5159659385681152,2.393434461594853,2.4937539100646973
TALAZOPARIB,3,EM2,1.886459469795227,1.7136946679172373,1.7755286693572998
TALAZOPARIB,3,HCC33,4.639098167419434,2.0485398305789335,2.1293320655822754
TALAZOPARIB,3,HCC78,0.3043714165687561,1.967395625462579,2.043593645095825
TALAZOPARIB,3,HCC827,2.0545830726623535,1.5886817140237144,1.6434377431869507
TALAZOPARIB,3,HDLM2,3.390498399734497,1.3911938771258654,1.434768557548523
TALAZOPARIB,3,HT,0.022073131054639816,0.5597352489985636,0.5562344789505005
TALAZOPARIB,3,JURKAT,0.5473105907440186,1.680992433839748,1.7409749031066895
TALAZOPARIB,3,K562,3.606635093688965,2.839427597185307,2.964998245239258
TALAZOPARIB,3,KMS11,3.254318952560425,2.125981457474383,2.211158275604248
TALAZOPARIB,3,L428,2.3679850101470947,1.4825424546094021,1.5312891006469727
TALAZOPARIB,3,LCLC97TM1,3.4009764194488525,1.5557669241119823,1.6086593866348267
TALAZOPARIB,3,LP1,4.301325798034668,1.7005182369824003,1.761606216430664
TALAZOPARIB,3,MHHCALL2,1.9194375276565552,1.2467794494577027,1.2821776866912842
TALAZOPARIB,3,NALM6,0.022734493017196655,0.23239744501665205,0.2103634923696518
TALAZOPARIB,3,NCIH1105,0.8031665086746216,1.2990245227346229,1.3373807668685913
TALAZOPARIB,3,NCIH1568,2.640388011932373,2.387998718445264,2.4880104064941406
TALAZOPARIB,3,NCIH23,0.04132883623242378,1.4029399562207172,1.4471796751022339
TALAZOPARIB,3,NCIH2347,0.1486855298280716,1.9939815766918845,2.0716848373413086
TALAZOPARIB,3,NCIH446,0.07737557590007782,1.9741082831195782,2.0506863594055176
TALAZOPARIB,3,NCIH661,1.3283476829528809,1.5383221147923718,1.5902268886566162
TALAZOPARIB,3,NCIH929,1.8299365043640137,2.615587800990328,2.728485107421875
TALAZOPARIB,3,NOMO1,1.0219253301620483,1.0488939165324087,1.07308828830719
TALAZOPARIB,3,OCIAML5,0.9817959666252136,1.1615204161107173,1.192091464996338
TALAZOPARIB,3,OPM2,3.596977472305298,2.672289664670698,2.7883973121643066
TALAZOPARIB,3,PL21,1.4663599729537964,1.60416083316285,1.6597932577133179
TALAZOPARIB,3,RCHACV,-1.4487395286560059,0.965959176720007,0.9854579567909241
TALAZOPARIB,3,RL,0.6604681015014648,-0.12389600030760095,-0.1661025434732437
TALAZOPARIB,3,RS411,-0.05602499842643738,-0.06998556786440688,-0.1091398149728775
TALAZOPARIB,3,SKLU1,0.026547173038125038,1.63613367580277,1.6935763359069824
TALAZOPARIB,3,ST486,3.9090890884399414,0.7271688304322986,0.7331477999687195
TALAZOPARIB,3,SUDHL1,-1.5678625106811523,0.7728079188448294,0.7813708782196045
TALAZOPARIB,3,SUDHL10,3.468886613845825,2.124621957579146,2.209721803665161
TALAZOPARIB,3,SUDHL4,2.7644848823547363,-0.06548082829452787,-0.10438002645969391
TALAZOPARIB,4,BEN,3.5470709800720215,2.1051034698116036,2.4223358631134033
TALAZOPARIB,4,BL41,0.21671150624752045,0.4769436189814612,0.1782950460910797
TALAZOPARIB,4,CA46,3.791032552719116,1.2101585762214184,1.1888618469238281
TALAZOPARIB,4,CMLT1,-1.6955139636993408,-0.4594957896569759,-1.1123695373535156
TALAZOPARIB,4,EJM,4.647781848907471,1.4108035307899573,1.4654043912887573
TALAZOPARIB,4,GRANTA519,0.19385884702205658,0.4238478605109397,0.10511485487222672
TALAZOPARIB,4,HARA,0.837272047996521,1.5705902277433172,1.6856333017349243
TALAZOPARIB,4,JURLMK1,0.44374561309814453,1.7547791108795496,1.9394949674606323
TALAZOPARIB,4,JVM2,-0.24480600655078888,1.9118329172823152,2.1559572219848633
TALAZOPARIB,4,JVM3,0.07678113877773285,1.6362442105484012,1.7761220932006836
TALAZOPARIB,4,KARPAS422,4.532739639282227,1.3805298291142505,1.4236791133880615
TALAZOPARIB,4,KCL22,2.1967079639434814,1.4757814914238403,1.5549614429473877
TALAZOPARIB,4,L540,-0.003315499983727932,0.6103779061188568,0.3622032701969147
TALAZOPARIB,4,LAMA84,2.2886950969696045,1.5927616099548974,1.7161914110183716
TALAZOPARIB,4,LOUCY,4.058650970458984,0.7244936877463666,0.5194854140281677
TALAZOPARIB,4,LOUNH91,1.3762776851654053,1.5354020455446253,1.6371345520019531
TALAZOPARIB,4,NCIH1048,0.0030440804548561573,1.7284998733712666,1.9032751321792603
TALAZOPARIB,4,NCIH1341,1.2519110441207886,1.8539236956435396,2.0761427879333496
TALAZOPARIB,4,NCIH1836,5.052521705627441,1.952707002949865,2.2122926712036133
TALAZOPARIB,4,NCIH1876,-2.6870880126953125,2.0844249410640625,2.3938353061676025
TALAZOPARIB,4,NCIH1944,0.13155411183834076,1.4676722525925572,1.543784737586975
TALAZOPARIB,4,NCIH2029,4.2852654457092285,1.4883114274393947,1.5722310543060303
TALAZOPARIB,4,NCIH2030,1.3916529417037964,1.9295765964503782,2.180412769317627
TALAZOPARIB,4,NCIH2081,2.5355589389801025,1.6525528994602718,1.7985998392105103
TALAZOPARIB,4,NCIH2170,0.03958946466445923,1.3707389245876418,1.410184621810913
TALAZOPARIB,4,NCIH2227,0.8975080251693726,1.7171222714635568,1.8875937461853027
TALAZOPARIB,4,NCIH2228,0.3339781165122986,0.9829332186891049,0.875684380531311
TALAZOPARIB,4,NCIH526,2.1468119621276855,1.450256983888165,1.5197818279266357
TALAZOPARIB,4,NCIH596,0.04298308491706848,1.7652343611452828,1.9539051055908203
TALAZOPARIB,4,NCIH647,1.5296859741210938,1.812080552605706,2.0184717178344727
TALAZOPARIB,4,NCIH650,1.6388217210769653,1.4578471836906126,1.530243158340454
TALAZOPARIB,4,NCIH727,6.02353572845459,1.537414802958395,1.6399086713790894
TALAZOPARIB,4,NCIH810,2.777463436126709,2.0651164470135317,2.367223024368286
TALAZOPARIB,4,NCIH838,0.2355351746082306,1.8901367226102155,2.126054048538208
TALAZOPARIB,4,NCIH841,1.462195873260498,1.6103531495376042,1.7404372692108154
TALAZOPARIB,4,P12ICHIKAWA,0.570285975933075,0.9283646675135425,0.8004742860794067
TALAZOPARIB,4,RPMI8226,3.203223466873169,2.472723565380419,2.9290149211883545
TALAZOPARIB,4,SKM1,2.254518508911133,1.3607946695864246,1.3964787721633911
TALAZOPARIB,4,SUPB15,-0.08675098419189453,0.38906964811339945,0.05718115344643593
TALAZOPARIB,4,SW1271,2.012953996658325,1.3529417933082941,1.385655403137207
TALAZOPARIB,5,A4FUK,1.7431750297546387,1.9084029275754484,2.015329599380493
TALAZOPARIB,5,AMO1,3.59910249710083,1.3984132916527359,1.2820690870285034
TALAZOPARIB,5,COLO668,0.15642857551574707,2.0571376442272475,2.229179620742798
TALAZOPARIB,5,DAUDI,1.3118289709091187,0.7829244926009653,0.39712241291999817
TALAZOPARIB,5,DMS273,0.05728635936975479,1.1165125071839093,0.876753568649292
TALAZOPARIB,5,DOHH2,-2.4028873443603516,1.5240806226487638,1.4627529382705688
TALAZOPARIB,5,HCC366,0.8469054102897644,1.7205341289105378,1.7452127933502197
TALAZOPARIB,5,JM1,0.05593499913811684,1.9157284629190638,2.025862216949463
TALAZOPARIB,5,KG1,2.5875279903411865,1.728145210394944,1.7561559677124023
TALAZOPARIB,5,KMH2,1.5121829509735107,2.7300380692774366,3.1966724395751953
TALAZOPARIB,5,KU812,1.2809665203094482,1.6518533175103827,1.6464638710021973
TALAZOPARIB,5,L1236,3.6670451164245605,1.8599605720041843,1.9456794261932373
TALAZOPARIB,5,LCLC103H,0.5925946235656738,2.1018382177619612,2.293449878692627
TALAZOPARIB,5,LXF289,0.05645279958844185,1.6463969320500376,1.6386187076568604
TALAZOPARIB,5,MOLM13,0.13642647862434387,1.4336682077862979,1.3327584266662598
TALAZOPARIB,5,MOLP8,1.2963509559631348,2.1795097528598664,2.405125617980957
TALAZOPARIB,5,MONOMAC6,0.8623819947242737,1.649030440200424,1.6424051523208618
TALAZOPARIB,5,NCIH1092,3.6192209720611572,1.5184197781921382,1.4546138048171997
TALAZOPARIB,5,NCIH1155,0.574352502822876,1.7736471205878288,1.8215783834457397
TALAZOPARIB,5,NCIH1651,0.002497681649401784,1.681285712365443,1.6887816190719604
TALAZOPARIB,5,NCIH1781,-1.8930339813232422,1.4249876548529783,1.3202775716781616
TALAZOPARIB,5,NCIH196,3.158003807067871,2.1461411492260507,2.3571484088897705
TALAZOPARIB,5,NCIH1963,3.4058690071105957,1.6468604056060827,1.6392850875854492
TALAZOPARIB,5,NCIH2085,4.397261142730713,1.7944711781566745,1.8515191078186035
TALAZOPARIB,5,NCIH2110,1.2006514072418213,1.9814669219834535,2.1203806400299072
TALAZOPARIB,5,NCIH441,3.0426979064941406,1.8207718515163975,1.8893340826034546
TALAZOPARIB,5,NCIH522,2.0194356441497803,1.7684148440759615,1.8140554428100586
TALAZOPARIB,5,NCIH524,3.966315507888794,1.6978347860303096,1.7125757932662964
TALAZOPARIB,5,NCIH69,2.781569004058838,1.6527897164982133,1.6478102207183838
TALAZOPARIB,5,NUDUL1,0.19995750486850739,0.7355104016168337,0.3289506733417511
TALAZOPARIB,5,OCIAML2,-0.5813419818878174,1.8215007237938916,1.8903820514678955
TALAZOPARIB,5,P31FUJ,4.525211811065674,1.9682732642064484,2.1014108657836914
TALAZOPARIB,5,PF382,2.4590320587158203,1.051258125106455,0.7829311490058899
TALAZOPARIB,5,RAJI,-0.3266400098800659,1.166365265020269,0.9484316110610962
TALAZOPARIB,5,RERFLCMS,0.030745375901460648,1.8027739047939477,1.8634567260742188
TALAZOPARIB,5,SBC5,0.23888938128948212,2.0267981180346757,2.1855576038360596
TALAZOPARIB,5,SHP77,3.2973310947418213,1.9591071004291654,2.0882318019866943
TALAZOPARIB,5,SKMM2,4.8356733322143555,2.294242921848002,2.5700883865356445
TALAZOPARIB,5,SUDHL6,3.2503299713134766,1.9995296223458443,2.1463510990142822
TALAZOPARIB,5,SUPM2,-3.5092239379882812,1.2637141130083682,1.0883992910385132
TAMOXIFEN,1,A4FUK,3.7642769813537598,3.1299135168411714,3.0858724117279053
TAMOXIFEN,1,A549,4.047026634216309,4.139638503023827,4.230045318603516
TAMOXIFEN,1,ABC1,4.84229850769043,3.762714279924424,3.8029325008392334
TAMOXIFEN,1,AMO1,2.316744089126587,2.9959816071584497,2.9341070652008057
TAMOXIFEN,1,BV173,2.7760136127471924,3.174603284414056,3.1365127563476562
TAMOXIFEN,1,CORL23,3.334857940673828,3.780444924852494,3.823024034500122
TAMOXIFEN,1,CORL279,3.075885057449341,4.025195364162363,4.100363731384277
TAMOXIFEN,1,CORL95,4.171957015991211,4.043059404472946,4.120606422424316
TAMOXIFEN,1,DMS114,3.8321399688720703,4.076118735832601,4.15806770324707
TAMOXIFEN,1,EHEB,0.5585529804229736,3.472598890419454,3.4741873741149902
TAMOXIFEN,1,EM2,3.2357215881347656,3.1185887959131016,3.0730397701263428
TAMOXIFEN,1,HCC366,4.613422870635986,3.897273189985521,3.9554083347320557
TAMOXIFEN,1,IALM,4.468203067779541,3.6931721530586263,3.724130630493164
TAMOXIFEN,1,KMS11,3.6418845653533936,3.2730627528916267,3.248082399368286
TAMOXIFEN,1,KOPN8,2.8503406047821045,2.8901130140754794,2.8141417503356934
TAMOXIFEN,1,L1236,3.2980306148529053,3.2065727292099586,3.172739028930664
TAMOXIFEN,1,LCLC97TM1,4.303526878356934,3.836403025399957,3.8864331245422363
TAMOXIFEN,1,MOLM13,2.6562230587005615,3.4693203938101127,3.4704723358154297
TAMOXIFEN,1,MOLT16,1.6640069484710693,2.8328805036985476,2.749288558959961
TAMOXIFEN,1,NALM6,2.5429670810699463,3.126576738653035,3.0820913314819336
TAMOXIFEN,1,NAMALWA,3.034929037094116,3.082652626911327,3.032318592071533
TAMOXIFEN,1,NCIH1437,4.300909996032715,3.521318503041672,3.5293941497802734
TAMOXIFEN,1,NCIH1651,3.899707078933716,4.111599803553025,4.198273181915283
TAMOXIFEN,1,NCIH196,4.059703350067139,3.964976817084124,4.0321269035339355
TAMOXIFEN,1,NCIH2030,4.490272521972656,4.127845846242903,4.216682434082031
TAMOXIFEN,1,NCIH2085,4.351878643035889,3.9071598076967473,3.966611385345459
TAMOXIFEN,1,NCIH209,3.431856393814087,3.9597314749925516,4.026183128356934
TAMOXIFEN,1,NCIH2171,3.681934118270874,3.894685235403638,3.9524757862091064
TAMOXIFEN,1,NCIH2347,4.7892608642578125,3.961311179301558,4.027973175048828
TAMOXIFEN,1,NCIH292,3.4229514598846436,3.843966585669024,3.8950037956237793
TAMOXIFEN,1,NCIH460,4.592400074005127,3.762527652630592,3.8027210235595703
TAMOXIFEN,1,NCIH596,4.984984874725342,4.023795764660031,4.098777770996094
TAMOXIFEN,1,NCIH650,4.536632537841797,4.025307719263723,4.100491046905518
TAMOXIFEN,1,NCIH82,3.073064088821411,3.8054656063946353,3.8513762950897217
TAMOXIFEN,1,NOMO1,2.7474679946899414,3.40319163175585,3.395538330078125
TAMOXIFEN,1,OCIAML3,2.787329912185669,3.5776462813290024,3.593222141265869
TAMOXIFEN,1,OPM2,3.4591734409332275,2.6084240467696818,2.4949450492858887
TAMOXIFEN,1,P31FUJ,2.939415454864502,3.0875829959940306,3.03790545463562
TAMOXIFEN,1,SKMM2,3.4994919300079346,3.619929882349171,3.6411359310150146
TAMOXIFEN,1,SUDHL4,3.1344714164733887,3.356890178646606,3.343071699142456
TAMOXIFEN,1,SUDHL5,1.9129970073699951,3.191929535138356,3.1561460494995117
TAMOXIFEN,2,A3KAW,2.44589900970459,3.4239870193154753,3.4035439491271973
TAMOXIFEN,2,ALLSIL,3.1005771160125732,2.981306977693488,2.9264004230499268
TAMOXIFEN,2,DMS273,3.219212532043457,3.755536571801227,3.7609052658081055
TAMOXIFEN,2,GA10,3.116938591003418,2.9543865295286733,2.8973841667175293
TAMOXIFEN,2,HCC15,3.4662814140319824,4.190674870983181,4.229919910430908
TAMOXIFEN,2,HCC78,2.4903390407562256,4.075303354488014,4.105566501617432
TAMOXIFEN,2,HCC827,3.692802906036377,4.349258724657263,4.40084981918335
TAMOXIFEN,2,HEL,3.8196804523468018,3.047840209591649,2.9981133937835693
TAMOXIFEN,2,HT,4.487940311431885,3.043413375995744,2.9933419227600098
TAMOXIFEN,2,JM1,3.61143159866333,3.0695545439547733,3.0215182304382324
TAMOXIFEN,2,JVM3,3.0169661045074463,2.930309137987462,2.871432304382324
TAMOXIFEN,2,K562,3.0172688961029053,3.452659797253275,3.4344489574432373
TAMOXIFEN,2,KARPAS422,3.4385480880737305,2.9727090152754183,2.917133092880249
TAMOXIFEN,2,KMS12BM,2.1170899868011475,2.8780568849839607,2.8151121139526367
TAMOXIFEN,2,L363,2.647989511489868,2.946691275745236,2.889089822769165
TAMOXIFEN,2,LCLC103H,4.121255397796631,4.096590998099803,4.128511428833008
TAMOXIFEN,2,LOUCY,2.357715606689453,3.044838996468717,2.9948785305023193
TAMOXIFEN,2,MONOMAC6,2.721740484237671,3.319451324404409,3.290869951248169
TAMOXIFEN,2,NB4,3.1419880390167236,3.0369973096747116,2.98642635345459
TAMOXIFEN,2,NCIH1105,4.904339790344238,3.6349354945268475,3.6309151649475098
TAMOXIFEN,2,NCIH1155,3.0411550998687744,3.8827669501733566,3.898040771484375
TAMOXIFEN,2,NCIH1648,3.3236870765686035,4.374894676610044,4.428481578826904
TAMOXIFEN,2,NCIH1650,3.836215019226074,4.260366366514098,4.305037021636963
TAMOXIFEN,2,NCIH1781,4.246480941772461,4.02581872962382,4.052229404449463
TAMOXIFEN,2,NCIH1836,5.116335391998291,3.6995936318168794,3.7006070613861084
TAMOXIFEN,2,NCIH1944,4.082643985748291,4.0381951945894965,4.0655694007873535
TAMOXIFEN,2,NCIH2110,4.067342281341553,4.250908829052122,4.2948431968688965
TAMOXIFEN,2,NCIH2170,4.139877796173096,3.933682061864349,3.9529197216033936
TAMOXIFEN,2,NCIH2172,4.454256534576416,4.064214261307086,4.093614101409912
TAMOXIFEN,2,NCIH2196,5.199020862579346,4.071415580177235,4.101376056671143
TAMOXIFEN,2,NCIH2228,4.779585838317871,4.1302559914688715,4.164797306060791
TAMOXIFEN,2,NCIH2291,5.843874454498291,4.29998025623695,4.3477349281311035
TAMOXIFEN,2,NCIH2342,3.3390040397644043,4.280808591747654,4.327070713043213
TAMOXIFEN,2,NCIH647,5.00834321975708,4.1038330173837645,4.136317253112793
TAMOXIFEN,2,NCIH810,3.386214017868042,4.232541440131442,4.275045871734619
TAMOXIFEN,2,RCHACV,3.627694606781006,3.0440298545462756,2.994006395339966
TAMOXIFEN,2,REH,2.8412630558013916,3.1999849923629777,3.1621029376983643
TAMOXIFEN,2,SBC5,2.9595704078674316,4.014077102634472,4.039573669433594
TAMOXIFEN,2,SKMES1,4.300203800201416,3.9661134345386513,3.9878759384155273
TAMOXIFEN,2,SUDHL6,1.3622385263442993,3.0654758758552934,3.0171220302581787
TAMOXIFEN,2,SUPT1,3.3728408813476562,3.166584994079498,3.1261026859283447
TAMOXIFEN,3,697,2.720731019973755,3.0884327692664475,3.03562331199646
TAMOXIFEN,3,CA46,3.3005974292755127,2.9493671099401024,2.8821299076080322
TAMOXIFEN,3,CALU3,2.9661569595336914,4.097568950012883,4.1494550704956055
TAMOXIFEN,3,CMLT1,3.280550956726074,3.0400050226331703,2.9821712970733643
TAMOXIFEN,3,CORL105,3.315784454345703,4.272409890557295,4.342435359954834
TAMOXIFEN,3,DB,2.7669243812561035,2.859310691372376,2.7827303409576416
TAMOXIFEN,3,DMS53,3.946713447570801,3.9778399144281082,4.017304420471191
TAMOXIFEN,3,DMS79,4.873733043670654,3.948259100904103,3.984654664993286
TAMOXIFEN,3,EBC1,2.9572179317474365,4.232071651722693,4.297912120819092
TAMOXIFEN,3,HDLM2,3.209007501602173,3.274155987871994,3.240614891052246
TAMOXIFEN,3,JEKO1,3.314953565597534,2.1402099342193814,1.9890245199203491
TAMOXIFEN,3,JURKAT,2.4783334732055664,2.985836857582008,2.9223833084106445
TAMOXIFEN,3,JURLMK1,2.9143049716949463,3.546628539213552,3.541355848312378
TAMOXIFEN,3,KCL22,3.1479685306549072,2.5822121080143576,2.4768834114074707
TAMOXIFEN,3,KU812,2.8742589950561523,2.9450192965096154,2.877331018447876
TAMOXIFEN,3,L540,3.355438470840454,3.5033160832125962,3.4935498237609863
TAMOXIFEN,3,LP1,4.002194404602051,3.3297245342064357,3.3019485473632812
TAMOXIFEN,3,MOLM16,3.4656410217285156,3.240349621569412,3.203301191329956
TAMOXIFEN,3,NCIH1092,4.406886577606201,3.883783887678799,3.9134902954101562
TAMOXIFEN,3,NCIH1435,4.268184185028076,3.5609876855664746,3.5572047233581543
TAMOXIFEN,3,NCIH1568,3.9973011016845703,4.315815446100607,4.390344142913818
TAMOXIFEN,3,NCIH1623,4.403219699859619,4.0858742650403785,4.136547088623047
TAMOXIFEN,3,NCIH2023,4.738122463226318,4.176198101783132,4.236241817474365
TAMOXIFEN,3,NCIH2066,4.907784461975098,3.8772686477796365,3.906299114227295
TAMOXIFEN,3,NCIH2087,4.494968414306641,4.20943960659323,4.272932052612305
TAMOXIFEN,3,NCIH211,2.4965715408325195,3.9971838824491224,4.0386552810668945
TAMOXIFEN,3,NCIH2227,4.598651885986328,3.8578894704189377,3.8849093914031982
TAMOXIFEN,3,NCIH358,4.712437629699707,4.243380546016201,4.310394287109375
TAMOXIFEN,3,OCILY19,3.5088798999786377,3.1840984892631727,3.14121413230896
TAMOXIFEN,3,OCIM1,2.608409881591797,3.2231205900198754,3.1842846870422363
TAMOXIFEN,3,RERFLCKJ,3.360642910003662,3.9690220269152237,4.007571697235107
TAMOXIFEN,3,RERFLCMS,3.931684970855713,3.8484239902657214,3.8744618892669678
TAMOXIFEN,3,RL,4.275848865509033,3.0981332663618524,3.046330213546753
TAMOXIFEN,3,RPMI8402,2.464585065841675,3.0666349478784656,3.011564016342163
TAMOXIFEN,3,RS411,2.829516887664795,3.033519807876438,2.975013256072998
TAMOXIFEN,3,SIGM5,3.153580904006958,3.1850595098291623,3.142274856567383
TAMOXIFEN,3,SKLU1,5.188284873962402,4.1449049911077225,4.201702117919922
TAMOXIFEN,3,SUDHL10,2.3940393924713135,2.59425219012892,2.4901726245880127
TAMOXIFEN,3,SUDHL8,3.3244659900665283,2.813569654966066,2.732243776321411
TAMOXIFEN,3,SW1573,5.474998474121094,4.107840140822683,4.160791873931885
TAMOXIFEN,3,THP1,4.032332420349121,3.5232849630109553,3.5155904293060303
TAMOXIFEN,4,BL41,2.5733110904693604,2.7647016929143637,2.671657085418701
TAMOXIFEN,4,CAL12T,4.681556224822998,4.126256564737112,4.182071685791016
TAMOXIFEN,4,CALU6,4.832365036010742,3.6639221479844846,3.669189929962158
TAMOXIFEN,4,COLO668,4.189705848693848,3.8170826659773485,3.8390955924987793
TAMOXIFEN,4,CORL311,4.55053186416626,3.6904440573489756,3.6986114978790283
TAMOXIFEN,4,DAUDI,3.5466365814208984,3.143936433811467,3.0923538208007812
TAMOXIFEN,4,DOHH2,2.5106489658355713,3.0410638011927973,2.978234052658081
TAMOXIFEN,4,EPLC272H,4.085159778594971,3.7850869309392174,3.8036017417907715
TAMOXIFEN,4,GDM1,2.4195303916931152,2.9962398551213223,2.928509473800659
TAMOXIFEN,4,GRANTA519,4.1237640380859375,3.0247624650706775,2.9601504802703857
TAMOXIFEN,4,HARA,3.365351438522339,3.674730530454443,3.681180000305176
TAMOXIFEN,4,HCC33,5.029394149780273,3.6367116313932337,3.6390044689178467
TAMOXIFEN,4,HH,3.0492875576019287,3.0867429183489405,3.028907299041748
TAMOXIFEN,4,JVM2,3.500246047973633,2.9500305275942624,2.8772480487823486
TAMOXIFEN,4,KNS62,3.102813959121704,3.8827126945732164,3.9119009971618652
TAMOXIFEN,4,LAMA84,2.8019518852233887,3.2315589094422497,3.189556121826172
TAMOXIFEN,4,LOUNH91,4.734167575836182,4.142110005272287,4.199658393859863
TAMOXIFEN,4,MEG01,3.54258394241333,3.511996781593427,3.500654458999634
TAMOXIFEN,4,MM1S,2.846914052963257,3.190876278181147,3.144425630569458
TAMOXIFEN,4,MOLT13,2.40498948097229,2.988024495807062,2.919395923614502
TAMOXIFEN,4,NCIH146,3.9095685482025146,4.143923509572973,4.201670169830322
TAMOXIFEN,4,NCIH1876,4.306938171386719,3.7636382343049584,3.7798080444335938
TAMOXIFEN,4,NCIH1963,2.6506760120391846,3.5880603702486824,3.585034132003784
TAMOXIFEN,4,NCIH2029,4.622525691986084,3.9281603416971436,3.96231746673584
TAMOXIFEN,4,NCIH2122,3.548428535461426,4.080400997352139,4.131202697753906
TAMOXIFEN,4,NCIH23,4.146721839904785,4.2029356874427535,4.267134189605713
TAMOXIFEN,4,NCIH2405,4.313726902008057,3.9274332635922344,3.9615108966827393
TAMOXIFEN,4,NCIH441,5.045985698699951,4.083979863625547,4.1351728439331055
TAMOXIFEN,4,NCIH446,3.1246891021728516,3.817942350405263,3.8400492668151855
TAMOXIFEN,4,NCIH526,3.919858932495117,3.4629244900003044,3.4462170600891113
TAMOXIFEN,4,NCIH661,3.5447731018066406,4.227715231392969,4.294622898101807
TAMOXIFEN,4,NCIH69,2.9192750453948975,3.898912158090628,3.9298715591430664
TAMOXIFEN,4,NCIH838,4.879051685333252,4.007789041674961,4.050652027130127
TAMOXIFEN,4,NCIH841,3.6946065425872803,4.09345487554781,4.145683765411377
TAMOXIFEN,4,NUDUL1,2.6113295555114746,3.357797120048321,3.3295960426330566
TAMOXIFEN,4,PF382,2.9842140674591064,2.8365205897067898,2.7513279914855957
TAMOXIFEN,4,PL21,3.431307554244995,2.8465071138636615,2.762406349182129
TAMOXIFEN,4,SHP77,3.2340774536132812,3.6211870201517353,3.6217825412750244
TAMOXIFEN,4,ST486,3.263319969177246,3.194022078423994,3.1479153633117676
TAMOXIFEN,4,SUPM2,1.9969290494918823,2.8586727231241897,2.775902032852173
TAMOXIFEN,5,BEN,4.153742790222168,3.861873145915651,3.8987252712249756
TAMOXIFEN,5,CHAGOK1,4.362972736358643,4.1617614692033245,4.211726665496826
TAMOXIFEN,5,CMK,2.6411569118499756,3.8373358670725835,3.873115062713623
TAMOXIFEN,5,CORL88,3.8250315189361572,4.005401047965723,4.048529148101807
TAMOXIFEN,5,DND41,1.9415475130081177,2.8935747456891723,2.8880865573883057
TAMOXIFEN,5,EJM,4.331171989440918,3.257050934717518,3.267456293106079
TAMOXIFEN,5,HCC44,3.664151906967163,3.705351909869354,3.7353599071502686
TAMOXIFEN,5,HL60,3.0013954639434814,3.280517789990214,3.2919492721557617
TAMOXIFEN,5,KG1,3.533687114715576,3.044301851589827,3.0454044342041016
TAMOXIFEN,5,KMH2,3.7814595699310303,2.9895478356812957,2.9882562160491943
TAMOXIFEN,5,L428,3.0361249446868896,3.415049656818694,3.432363748550415
TAMOXIFEN,5,LU65,4.917863845825195,3.8055580385261294,3.8399477005004883
TAMOXIFEN,5,LXF289,2.686872959136963,3.913178552212167,3.9522740840911865
TAMOXIFEN,5,ME1,3.813417911529541,2.984568515795047,2.9830591678619385
TAMOXIFEN,5,MHHCALL2,2.0580050945281982,3.13926025496232,3.144515037536621
TAMOXIFEN,5,MOLP8,3.5964760780334473,2.831067582874541,2.8228461742401123
TAMOXIFEN,5,NCIH1048,3.391832113265991,3.806612471987682,3.841048240661621
TAMOXIFEN,5,NCIH1341,3.1351609230041504,3.653374462142186,3.681109666824341
TAMOXIFEN,5,NCIH1436,3.5986626148223877,3.7281732216060126,3.75917911529541
TAMOXIFEN,5,NCIH1792,3.4088804721832275,4.050171068357772,4.095256805419922
TAMOXIFEN,5,NCIH1793,4.835913181304932,4.14763215219057,4.196979522705078
TAMOXIFEN,5,NCIH1915,4.10236120223999,3.997169339945681,4.039937496185303
TAMOXIFEN,5,NCIH1975,3.2321465015411377,4.597271727880686,4.666280269622803
TAMOXIFEN,5,NCIH2009,3.966481924057007,4.080524406638576,4.126937389373779
TAMOXIFEN,5,NCIH2081,4.834334850311279,3.7793413413968113,3.812584638595581
TAMOXIFEN,5,NCIH2444,5.478336334228516,4.190375083644617,4.241591453552246
TAMOXIFEN,5,NCIH522,4.588005542755127,3.8633595407454435,3.9002766609191895
TAMOXIFEN,5,NCIH524,3.2759056091308594,3.9518252746470286,3.9926106929779053
TAMOXIFEN,5,NCIH727,4.656348705291748,4.135635915694275,4.1844587326049805
TAMOXIFEN,5,NCIH929,2.966681957244873,3.232480533506183,3.241811513900757
TAMOXIFEN,5,OCIAML2,2.743216037750244,3.2531984606427597,3.2634353637695312
TAMOXIFEN,5,OCIAML5,2.6083219051361084,3.2933706394589572,3.3053641319274902
TAMOXIFEN,5,P12ICHIKAWA,2.7168290615081787,2.875655544456179,2.8693838119506836
TAMOXIFEN,5,RAJI,3.603837013244629,2.9887937878354154,2.98746919631958
TAMOXIFEN,5,RPMI8226,2.8468210697174072,3.211828851106142,3.220256805419922
TAMOXIFEN,5,SKM1,3.093158006668091,3.1163610485527,3.120614528656006
TAMOXIFEN,5,SUDHL1,4.8336181640625,3.1623266722241614,3.1685900688171387
TAMOXIFEN,5,SUPB15,3.3859810829162598,2.9277408112028125,2.9237465858459473
TAMOXIFEN,5,SW1271,5.524227619171143,3.9003743583602586,3.9389100074768066
TAMOXIFEN,5,WSUDLCL2,0.40093550086021423,2.9689601137165313,2.966768264770508
TANESPIMYCIN,1,CA46,1.6576449871063232,0.6328296674344338,0.5942773222923279
TANESPIMYCIN,1,CAL12T,-0.4256120026111603,-0.17744047070583863,-0.1559721678495407
TANESPIMYCIN,1,CHAGOK1,0.07022669911384583,-0.2928346884194267,-0.2628185749053955
TANESPIMYCIN,1,CMK,0.8688210248947144,0.08805495543928232,0.08985672146081924
TANESPIMYCIN,1,CORL279,0.5159130096435547,0.5701677613307629,0.5362570881843567
TANESPIMYCIN,1,CORL311,-0.039246998727321625,0.6983813450719164,0.6549732685089111
TANESPIMYCIN,1,DAUDI,1.1269619464874268,0.6615439838930463,0.6208646297454834
TANESPIMYCIN,1,DMS53,1.720898985862732,0.24366299042281195,0.23393811285495758
TANESPIMYCIN,1,EBC1,-0.24398528039455414,0.37470008971436897,0.355268657207489
TANESPIMYCIN,1,HCC366,0.1325438767671585,-0.060930792393275014,-0.048092927783727646
TANESPIMYCIN,1,HCC44,-1.4790395498275757,-0.49875181535834145,-0.45348241925239563
TANESPIMYCIN,1,HDLM2,-0.6247375011444092,-0.20468424872872015,-0.1811978667974472
TANESPIMYCIN,1,IALM,1.2864773273468018,0.13813270667047695,0.13622497022151947
TANESPIMYCIN,1,JVM3,-0.6805269718170166,0.12160641734482178,0.12092286348342896
TANESPIMYCIN,1,KNS62,-0.15704971551895142,0.19875237709416357,0.1923542469739914
TANESPIMYCIN,1,L428,1.5924550294876099,0.066656228130481,0.07004310190677643
TANESPIMYCIN,1,LOUCY,0.4580639898777008,0.8884589950737867,0.8309709429740906
TANESPIMYCIN,1,MOLT16,0.2452399879693985,0.3650383676626431,0.346322625875473
TANESPIMYCIN,1,NALM6,0.6596189737319946,0.6152142983989948,0.5779668092727661
TANESPIMYCIN,1,NB4,-1.9072550535202026,0.11526984604651712,0.11505567282438278
TANESPIMYCIN,1,NCIH1436,0.8177409768104553,0.6307802219704887,0.5923796892166138
TANESPIMYCIN,1,NCIH1651,0.11703484505414963,-0.03660279061326263,-0.02556701935827732
TANESPIMYCIN,1,NCIH1876,2.366929531097412,0.5428225313478607,0.5109374523162842
TANESPIMYCIN,1,NCIH1963,-0.15043599903583527,1.0250210580301171,0.9574171900749207
TANESPIMYCIN,1,NCIH2029,0.9510459899902344,0.7554380303844462,0.70780348777771
TANESPIMYCIN,1,NCIH2030,-0.6179026365280151,-0.06527383428650058,-0.05211425945162773
TANESPIMYCIN,1,NCIH2087,-0.1443353295326233,-0.8865774564599759,-0.8125799298286438
TANESPIMYCIN,1,NCIH2171,-0.07303150743246078,0.9486640385466528,0.8867163062095642
TANESPIMYCIN,1,NCIH2196,-1.058670997619629,0.42547174241862684,0.40227940678596497
TANESPIMYCIN,1,NCIH2228,-0.44171953201293945,-0.6452489284261995,-0.589127779006958
TANESPIMYCIN,1,NCIH441,0.8980709910392761,-0.2893790132177587,-0.259618878364563
TANESPIMYCIN,1,NCIH460,-3.428236961364746,-0.32785592433047794,-0.29524561762809753
TANESPIMYCIN,1,NCIH526,0.17962850630283356,0.41345361191351515,0.3911515176296234
TANESPIMYCIN,1,NCIH650,-0.2363390028476715,-0.0707321235429037,-0.057168226689100266
TANESPIMYCIN,1,NCIH69,0.6315935254096985,0.7634103133722369,0.7151852250099182
TANESPIMYCIN,1,NCIH82,0.1540006697177887,0.9512584664303536,0.8891185522079468
TANESPIMYCIN,1,NCIH838,-0.6093853116035461,-0.05670824079584175,-0.0441831611096859
TANESPIMYCIN,1,RPMI8226,-0.4091145098209381,0.2661661584654834,0.2547743618488312
TANESPIMYCIN,1,SIGM5,0.11346700042486191,0.4149873003319745,0.3925715982913971
TANESPIMYCIN,1,SUPB15,1.4662549495697021,0.363413430415929,0.3448180556297302
TANESPIMYCIN,1,THP1,0.4170230031013489,0.0715014363045607,0.07452940195798874
TANESPIMYCIN,2,BEN,0.5704909563064575,0.9505884805716659,0.9225186109542847
TANESPIMYCIN,2,CALU6,0.05488931015133858,-0.12197493161026843,-0.13105645775794983
TANESPIMYCIN,2,CMLT1,0.75108402967453,0.32095277907592834,0.30402979254722595
TANESPIMYCIN,2,CORL95,0.6746799945831299,0.10778258968039536,0.09463350474834442
TANESPIMYCIN,2,GRANTA519,1.7879669666290283,0.08975044042246436,0.07692059129476547
TANESPIMYCIN,2,HCC15,-0.5072070360183716,-0.3140057652926931,-0.3196876347064972
TANESPIMYCIN,2,HCC33,0.8119279742240906,0.860136892797938,0.8336683511734009
TANESPIMYCIN,2,HCC827,0.3109254240989685,0.1336205011356123,0.12001398950815201
TANESPIMYCIN,2,HEL,0.21719099581241608,0.06907649934761888,0.05661265552043915
TANESPIMYCIN,2,JEKO1,0.12712399661540985,0.2732771358573748,0.25719818472862244
TANESPIMYCIN,2,JURLMK1,-0.7797160148620605,0.0025354416579708543,-0.008750379085540771
TANESPIMYCIN,2,JVM2,-0.40473949909210205,0.08194793213042469,0.06925621628761292
TANESPIMYCIN,2,K562,-0.48190099000930786,-0.1550224731349658,-0.16351893544197083
TANESPIMYCIN,2,KCL22,0.13189077377319336,0.006540915582629426,-0.004815816879272461
TANESPIMYCIN,2,KMS11,-0.40635401010513306,1.0202871006067706,0.9909833073616028
TANESPIMYCIN,2,L363,-1.4858289957046509,0.4095752625187885,0.39108332991600037
TANESPIMYCIN,2,LCLC97TM1,-1.3217004537582397,0.2536516576638663,0.2379201501607895
TANESPIMYCIN,2,ME1,2.119450092315674,-0.0952346568607848,-0.10478958487510681
TANESPIMYCIN,2,MEG01,0.9791569709777832,-0.18850787349895262,-0.19641152024269104
TANESPIMYCIN,2,MHHCALL2,-0.06092099845409393,0.23533719230530487,0.21992991864681244
TANESPIMYCIN,2,NCIH1092,1.766502022743225,0.7301391761976528,0.7059720754623413
TANESPIMYCIN,2,NCIH146,0.7781435251235962,0.7429590470973259,0.7185649871826172
TANESPIMYCIN,2,NCIH1568,0.47487908601760864,0.24962490062004464,0.2339646816253662
TANESPIMYCIN,2,NCIH1792,-1.1821340322494507,-0.21298057828942196,-0.2204509675502777
TANESPIMYCIN,2,NCIH1793,0.03488202020525932,-0.06283446802829358,-0.07296299934387207
TANESPIMYCIN,2,NCIH1915,-1.221590518951416,0.04451787325498298,0.032488808035850525
TANESPIMYCIN,2,NCIH1975,-0.6370465159416199,-0.09700520606694155,-0.10652878880500793
TANESPIMYCIN,2,NCIH2009,-0.6739234328269958,-0.295665208013276,-0.3016717731952667
TANESPIMYCIN,2,NCIH2085,1.8470970392227173,1.0180495060172974,0.9887853264808655
TANESPIMYCIN,2,NCIH209,1.5108150243759155,0.6668700908924693,0.6438230872154236
TANESPIMYCIN,2,NCIH211,-0.2440589964389801,0.6904393477535898,0.6669750809669495
TANESPIMYCIN,2,NCIH23,-0.3396610617637634,0.37293729064769476,0.35509398579597473
TANESPIMYCIN,2,NCIH647,-1.8234299421310425,-0.07004897516321304,-0.0800497829914093
TANESPIMYCIN,2,P12ICHIKAWA,0.7170231342315674,0.8517115688381016,0.8253921866416931
TANESPIMYCIN,2,PF382,0.15479163825511932,0.9767280343526121,0.9481953978538513
TANESPIMYCIN,2,REH,1.7180465459823608,0.7685174185109336,0.7436708807945251
TANESPIMYCIN,2,RERFLCKJ,-0.13732892274856567,-0.09873170240207221,-0.10822471976280212
TANESPIMYCIN,2,SKLU1,0.008527882397174835,0.020602777084753436,0.008997097611427307
TANESPIMYCIN,2,SUDHL8,1.7124639749526978,-0.046877468397927044,-0.05728849768638611
TANESPIMYCIN,2,SUPT1,-0.2368755042552948,0.7957862063549587,0.7704569101333618
TANESPIMYCIN,2,SW1271,1.1072421073913574,0.0930146307398364,0.08012699335813522
TANESPIMYCIN,3,697,0.1566784828901291,0.43883510005254245,0.430338054895401
TANESPIMYCIN,3,A3KAW,-0.2595579922199249,0.10237777979054154,0.08901644498109818
TANESPIMYCIN,3,A549,-3.2170939445495605,-0.15781373537428584,-0.17493675649166107
TANESPIMYCIN,3,ABC1,2.9784018993377686,0.20457064570886796,0.1926867514848709
TANESPIMYCIN,3,BL41,0.822561502456665,0.4866073952103661,0.47880101203918457
TANESPIMYCIN,3,CALU3,0.6931480169296265,-0.06067305273795763,-0.07639167457818985
TANESPIMYCIN,3,CORL105,3.2705159187316895,-0.09878160125662841,-0.11505117267370224
TANESPIMYCIN,3,CORL23,0.35079121589660645,-0.5854574717341439,-0.6087630987167358
TANESPIMYCIN,3,DB,0.6968770027160645,0.140182262810855,0.12736748158931732
TANESPIMYCIN,3,DMS79,0.10648687183856964,1.2208970848162648,1.223706603050232
TANESPIMYCIN,3,EM2,0.3457116186618805,0.27428746414498917,0.2634114921092987
TANESPIMYCIN,3,HARA,-0.5699005722999573,-0.29299492066463706,-0.3120723068714142
TANESPIMYCIN,3,HH,0.7506420016288757,0.19492871193728162,0.1829054206609726
TANESPIMYCIN,3,HT,0.08852901309728622,0.21433483436042475,0.20259210467338562
TANESPIMYCIN,3,KMS12BM,-0.43776533007621765,-0.050727839318798346,-0.06630267947912216
TANESPIMYCIN,3,KU812,-0.664758026599884,0.05417395340269371,0.04011571779847145
TANESPIMYCIN,3,L1236,-1.4092005491256714,0.4087666863860905,0.39983493089675903
TANESPIMYCIN,3,L540,-0.40525248646736145,-0.3436506272051588,-0.36346036195755005
TANESPIMYCIN,3,LP1,2.045314073562622,0.014146378326331525,-0.0004905509413219988
TANESPIMYCIN,3,LXF289,-0.8438121676445007,-0.5127694763370686,-0.5350242257118225
TANESPIMYCIN,3,MM1S,0.5993130207061768,-0.11781845459950999,-0.13436324894428253
TANESPIMYCIN,3,NCIH1155,-1.4075499773025513,0.30547725015875615,0.2950522005558014
TANESPIMYCIN,3,NCIH1648,-0.30145999789237976,-0.09698342777396342,-0.1132270023226738
TANESPIMYCIN,3,NCIH1781,-0.8249099850654602,0.032727973494788565,0.018359685316681862
TANESPIMYCIN,3,NCIH2347,0.01210812758654356,-0.13456289307154864,-0.1513497680425644
TANESPIMYCIN,3,NCIH522,-0.247883141040802,0.3148649208073955,0.3045755922794342
TANESPIMYCIN,3,NCIH810,2.249962091445923,0.8328806307320958,0.8300804495811462
TANESPIMYCIN,3,OCIAML3,-0.28931400179862976,-0.1965097624372817,-0.2141922265291214
TANESPIMYCIN,3,OCIAML5,0.14484353363513947,-0.8450139092991921,-0.8720720410346985
TANESPIMYCIN,3,P31FUJ,1.2038414478302002,-0.10433872671739194,-0.12068863958120346
TANESPIMYCIN,3,RAJI,1.5338200330734253,0.7858208892481117,0.7823403477668762
TANESPIMYCIN,3,RCHACV,0.143865168094635,0.3748921403168777,0.36547064781188965
TANESPIMYCIN,3,RL,0.18294355273246765,0.34094799871464787,0.3310357630252838
TANESPIMYCIN,3,RS411,0.906108021736145,0.3960162794426787,0.3869001865386963
TANESPIMYCIN,3,SBC5,-0.7172744870185852,0.09676893506600583,0.08332651108503342
TANESPIMYCIN,3,SHP77,-0.004482000134885311,0.19251155243491772,0.1804533153772354
TANESPIMYCIN,3,SKMM2,2.1401050090789795,0.028462699508802133,0.01403274666517973
TANESPIMYCIN,3,SUDHL1,-0.572823703289032,0.36697437785502696,0.35743841528892517
TANESPIMYCIN,3,SUDHL10,-0.39659151434898376,0.11750191145558045,0.1043592318892479
TANESPIMYCIN,3,SUDHL6,1.0705845355987549,0.17266272427737245,0.160317525267601
TANESPIMYCIN,3,SUPM2,-1.253233551979065,-0.08068297296190152,-0.09669088572263718
TANESPIMYCIN,4,BV173,-0.6378750205039978,0.9819116212484452,1.1424721479415894
TANESPIMYCIN,4,COLO668,0.03667464479804039,0.3427916732063293,0.3853026032447815
TANESPIMYCIN,4,DMS114,1.562201976776123,-0.2265592740064494,-0.2892111539840698
TANESPIMYCIN,4,DMS273,-0.1324176788330078,0.16909793669077344,0.17952650785446167
TANESPIMYCIN,4,DND41,0.8593109846115112,0.5379056331411496,0.6164553761482239
TANESPIMYCIN,4,EPLC272H,-2.6061134338378906,0.368628336653963,0.415911465883255
TANESPIMYCIN,4,GDM1,0.18588249385356903,0.748537494685649,0.8659923076629639
TANESPIMYCIN,4,HCC78,0.12338109314441681,-0.06471465039949424,-0.09747277945280075
TANESPIMYCIN,4,KARPAS422,-0.47680848836898804,0.15141923388211276,0.1585824340581894
TANESPIMYCIN,4,KG1,1.725525975227356,0.5304275476263584,0.6075960397720337
TANESPIMYCIN,4,KMH2,0.22349244356155396,0.07363227112006673,0.06642771512269974
TANESPIMYCIN,4,KOPN8,-1.325314998626709,0.5206781385971508,0.5960458517074585
TANESPIMYCIN,4,LAMA84,-0.5469939708709717,-0.13143655212431457,-0.17651864886283875
TANESPIMYCIN,4,LCLC103H,0.8157140016555786,-0.42003342339070227,-0.5184212327003479
TANESPIMYCIN,4,LOUNH91,-0.5349310040473938,-0.3629010965852243,-0.4507361948490143
TANESPIMYCIN,4,MOLM16,-0.6928330063819885,0.02217713130604544,0.0054684774950146675
TANESPIMYCIN,4,NCIH1341,-1.2722140550613403,0.5395429281047036,0.6183950901031494
TANESPIMYCIN,4,NCIH1435,0.43136581778526306,-0.23657936019830075,-0.3010820150375366
TANESPIMYCIN,4,NCIH1623,0.005031588487327099,-0.21618562205986194,-0.27692142128944397
TANESPIMYCIN,4,NCIH1836,3.3562633991241455,0.7027995444133235,0.8118062615394592
TANESPIMYCIN,4,NCIH2023,-0.56195467710495,-0.8887734680017799,-1.0737406015396118
TANESPIMYCIN,4,NCIH2066,1.3761065006256104,-0.039327597818768975,-0.06739657372236252
TANESPIMYCIN,4,NCIH2110,-1.7312920093536377,-0.48389416562510257,-0.594077467918396
TANESPIMYCIN,4,NCIH2170,-1.1587260961532593,-0.2527985823114509,-0.3202970325946808
TANESPIMYCIN,4,NCIH2172,0.01594931073486805,-0.21795226850764599,-0.27901437878608704
TANESPIMYCIN,4,NCIH2227,1.17866051197052,0.36833127098354823,0.4155595302581787
TANESPIMYCIN,4,NCIH2342,0.9437655210494995,-0.025401399302509495,-0.05089811608195305
TANESPIMYCIN,4,NCIH2444,0.2593950927257538,0.18485769941385768,0.19819720089435577
TANESPIMYCIN,4,NCIH292,-0.4422729015350342,-0.1679362858044296,-0.21976011991500854
TANESPIMYCIN,4,NCIH446,2.009445905685425,0.3361977662150146,0.377490758895874
TANESPIMYCIN,4,NCIH524,2.352731943130493,-0.09116791566895464,-0.12881213426589966
TANESPIMYCIN,4,NCIH661,0.1263177990913391,0.2903744369194535,0.32320356369018555
TANESPIMYCIN,4,NOMO1,0.5363289713859558,-0.29104566788695707,-0.3656086027622223
TANESPIMYCIN,4,NUDUL1,0.9933649897575378,0.24699852222924812,0.27181583642959595
TANESPIMYCIN,4,OCIAML2,-1.0973130464553833,-0.008878470369229206,-0.03132329508662224
TANESPIMYCIN,4,OPM2,-0.08292949944734573,0.20237223501402263,0.21894678473472595
TANESPIMYCIN,4,RERFLCMS,-0.4207180142402649,-0.39214791494411927,-0.48538509011268616
TANESPIMYCIN,4,RPMI8402,0.4615269899368286,0.6015295077023662,0.6918309926986694
TANESPIMYCIN,4,SUDHL4,0.5185815095901489,0.2588607224792861,0.2858690619468689
TANESPIMYCIN,4,SW1573,0.01198264304548502,-0.02080445332799244,-0.04545208439230919
TANESPIMYCIN,5,A4FUK,2.4798479080200195,-0.12695957625698853,-0.1358397752046585
TANESPIMYCIN,5,ALLSIL,1.1957429647445679,0.9667147571670985,0.9791019558906555
TANESPIMYCIN,5,AMO1,-1.5707199573516846,-0.03210761067464044,-0.039143335074186325
TANESPIMYCIN,5,CORL88,0.13706350326538086,0.5350807601808731,0.5390744805335999
TANESPIMYCIN,5,DOHH2,0.07340697944164276,0.4365453921011637,0.43862301111221313
TANESPIMYCIN,5,EHEB,1.0009770393371582,-0.048101506390035596,-0.055448245257139206
TANESPIMYCIN,5,EJM,0.528095006942749,-0.1647142408231153,-0.17432861030101776
TANESPIMYCIN,5,GA10,-0.18446700274944305,0.46172912276782707,0.46429646015167236
TANESPIMYCIN,5,HL60,-0.18878799676895142,0.2635351930041421,0.2622484862804413
TANESPIMYCIN,5,JM1,1.128167986869812,0.3079552914357875,0.3075323700904846
TANESPIMYCIN,5,JURKAT,1.0202064514160156,0.5827953669083142,0.5877169370651245
TANESPIMYCIN,5,LU65,-0.29515498876571655,0.045817077297093486,0.04029666259884834
TANESPIMYCIN,5,MOLM13,-0.06300000101327896,-0.015280241560478223,-0.021988743916153908
TANESPIMYCIN,5,MOLP8,-0.05413550138473511,-0.13346895985157267,-0.14247573912143707
TANESPIMYCIN,5,MOLT13,0.9759039878845215,0.8301747459025361,0.8399068117141724
TANESPIMYCIN,5,MONOMAC6,-0.7761600017547607,-0.014785400246108155,-0.02148428000509739
TANESPIMYCIN,5,NAMALWA,0.4558109939098358,0.7263126787094947,0.7340250611305237
TANESPIMYCIN,5,NCIH1048,-0.36732304096221924,0.061821964938654134,0.056612778455019
TANESPIMYCIN,5,NCIH1105,2.846920967102051,0.6965470688625957,0.7036806344985962
TANESPIMYCIN,5,NCIH1437,-0.4410359561443329,-0.2578085908339871,-0.26923325657844543
TANESPIMYCIN,5,NCIH1650,-0.42071253061294556,-0.1952630838769975,-0.20547150075435638
TANESPIMYCIN,5,NCIH1944,-0.7895862460136414,-0.23237796571937,-0.24330811202526093
TANESPIMYCIN,5,NCIH196,0.29214808344841003,-0.129866940727759,-0.13880367577075958
TANESPIMYCIN,5,NCIH2081,1.6416815519332886,0.3696273349195446,0.3704036772251129
TANESPIMYCIN,5,NCIH2122,-0.8392999172210693,-0.48494046179138717,-0.5007818937301636
TANESPIMYCIN,5,NCIH2291,0.3496670126914978,0.23495598033696066,0.23311352729797363
TANESPIMYCIN,5,NCIH2405,0.6069039702415466,-0.09931905508233936,-0.10766176134347916
TANESPIMYCIN,5,NCIH358,-1.003159999847412,-0.15002665952448782,-0.15935541689395905
TANESPIMYCIN,5,NCIH596,0.45338335633277893,-0.43776568726759457,-0.4526897668838501
TANESPIMYCIN,5,NCIH727,0.12543882429599762,0.206844202253351,0.20445509254932404
TANESPIMYCIN,5,NCIH841,-0.025723999366164207,0.10259542243451554,0.09817910939455032
TANESPIMYCIN,5,NCIH929,-0.8139010071754456,0.145227703077345,0.14164040982723236
TANESPIMYCIN,5,OCILY19,0.3320870101451874,0.5072911829329892,0.5107445120811462
TANESPIMYCIN,5,OCIM1,0.19307941198349,-0.08100931253987691,-0.08899597078561783
TANESPIMYCIN,5,PL21,-0.16544699668884277,0.269522489339712,0.268352210521698
TANESPIMYCIN,5,SKM1,-1.3769079446792603,0.5448938022651089,0.5490783452987671
TANESPIMYCIN,5,SKMES1,-0.8177139759063721,-0.4161428729370089,-0.43064647912979126
TANESPIMYCIN,5,ST486,0.5341070294380188,1.1579724599480552,1.1740788221359253
TANESPIMYCIN,5,SUDHL5,-0.47768649458885193,0.6694660031108465,0.6760729551315308
TANESPIMYCIN,5,WSUDLCL2,0.1487399935722351,0.2578366686011857,0.2564391493797302
TEMOZOLOMIDE,1,A4FUK,3.4097700119018555,4.879580919787678,4.848505020141602
TEMOZOLOMIDE,1,ABC1,6.72040319442749,6.128121960193264,6.083771705627441
TEMOZOLOMIDE,1,BV173,5.567756652832031,4.772684308940699,4.7427449226379395
TEMOZOLOMIDE,1,CMK,4.673585891723633,5.896653771031186,5.854764461517334
TEMOZOLOMIDE,1,CORL279,5.2376298904418945,6.045121955487157,6.001654148101807
TEMOZOLOMIDE,1,CORL95,6.537144184112549,5.739006633246326,5.698793411254883
TEMOZOLOMIDE,1,DMS114,6.056763648986816,5.940767208638946,5.898408889770508
TEMOZOLOMIDE,1,DMS273,5.534334659576416,5.860367385251262,5.818863868713379
TEMOZOLOMIDE,1,DMS53,6.471475601196289,5.94756575501108,5.905135154724121
TEMOZOLOMIDE,1,EJM,5.6864848136901855,5.454366061516143,5.417179107666016
TEMOZOLOMIDE,1,EPLC272H,6.2480788230896,6.332747795630002,6.286221981048584
TEMOZOLOMIDE,1,HL60,5.273847579956055,4.965295330644916,4.933308124542236
TEMOZOLOMIDE,1,L540,2.28165602684021,5.167325322415108,5.133190155029297
TEMOZOLOMIDE,1,LCLC103H,5.686863899230957,6.519248029764938,6.470739364624023
TEMOZOLOMIDE,1,LXF289,6.039905548095703,6.219941375083951,6.174614906311035
TEMOZOLOMIDE,1,NAMALWA,5.2238030433654785,4.871142259045462,4.840156078338623
TEMOZOLOMIDE,1,NCIH1435,5.31058406829834,6.055308207973692,6.01173210144043
TEMOZOLOMIDE,1,NCIH1436,5.968494415283203,5.6861725875244735,5.646521091461182
TEMOZOLOMIDE,1,NCIH1648,6.701506614685059,6.651330975243635,6.6014180183410645
TEMOZOLOMIDE,1,NCIH1781,6.372109889984131,6.054137523928753,6.010573863983154
TEMOZOLOMIDE,1,NCIH1876,5.214768886566162,5.734859838053795,5.694690704345703
TEMOZOLOMIDE,1,NCIH1915,6.94765043258667,6.2307127286122945,6.185271739959717
TEMOZOLOMIDE,1,NCIH2122,5.8979644775390625,6.3386137468490045,6.292025566101074
TEMOZOLOMIDE,1,NCIH2170,5.400665283203125,6.320078478425671,6.273687362670898
TEMOZOLOMIDE,1,NCIH2172,6.514775276184082,6.2570340821513115,6.211313247680664
TEMOZOLOMIDE,1,NCIH2405,7.1152167320251465,6.578322992612325,6.529186248779297
TEMOZOLOMIDE,1,NCIH292,4.507862091064453,6.449693299987474,6.401924133300781
TEMOZOLOMIDE,1,NCIH358,6.8638176918029785,6.508925382225001,6.460526466369629
TEMOZOLOMIDE,1,NCIH460,5.302921295166016,6.355932544902051,6.309160232543945
TEMOZOLOMIDE,1,NCIH522,6.3025360107421875,5.5198935225082995,5.4820098876953125
TEMOZOLOMIDE,1,NCIH82,5.744772911071777,5.957437286756016,5.9149017333984375
TEMOZOLOMIDE,1,NUDUL1,4.528750419616699,5.062840446010646,5.029816150665283
TEMOZOLOMIDE,1,OCIAML3,5.630563735961914,4.8743400724,4.843319892883301
TEMOZOLOMIDE,1,OCIAML5,5.161295413970947,5.452479182950504,5.41531229019165
TEMOZOLOMIDE,1,OCIM1,3.745516538619995,5.05265515744675,5.019739151000977
TEMOZOLOMIDE,1,SHP77,5.788435935974121,5.696519815091704,5.6567583084106445
TEMOZOLOMIDE,1,SIGM5,4.402650833129883,5.211144763618004,5.176543712615967
TEMOZOLOMIDE,1,ST486,5.313599109649658,5.040535758107909,5.007748603820801
TEMOZOLOMIDE,1,SUDHL1,6.075472831726074,5.024190039958829,4.991576671600342
TEMOZOLOMIDE,1,SUDHL6,4.701321125030518,5.090012461278488,5.056699275970459
TEMOZOLOMIDE,1,WSUDLCL2,4.721316337585449,5.137968094524888,5.104145050048828
TEMOZOLOMIDE,2,A549,6.627472400665283,6.194330913170822,6.180655002593994
TEMOZOLOMIDE,2,BL41,4.876925945281982,5.295385020337293,5.3030524253845215
TEMOZOLOMIDE,2,CAL12T,6.184326171875,6.382162057379015,6.3640265464782715
TEMOZOLOMIDE,2,DB,5.102636337280273,4.735264711875783,4.75623083114624
TEMOZOLOMIDE,2,DMS79,5.839200019836426,6.018366757764532,6.00886869430542
TEMOZOLOMIDE,2,EBC1,6.217489719390869,6.220651636440371,6.206350803375244
TEMOZOLOMIDE,2,GRANTA519,6.01926326751709,4.661640147171977,4.684354305267334
TEMOZOLOMIDE,2,HCC366,6.407286643981934,6.517371292402082,6.496025562286377
TEMOZOLOMIDE,2,HT,5.770486831665039,4.492120387972977,4.518859386444092
TEMOZOLOMIDE,2,JEKO1,4.716091156005859,4.653908727771857,4.676806449890137
TEMOZOLOMIDE,2,JURLMK1,4.34712553024292,5.118922173970897,5.130779266357422
TEMOZOLOMIDE,2,JVM3,2.5745155811309814,4.710899677738718,4.7324442863464355
TEMOZOLOMIDE,2,K562,5.7643327713012695,5.235720871913368,5.244804859161377
TEMOZOLOMIDE,2,KG1,5.898159503936768,4.900504325253617,4.917547225952148
TEMOZOLOMIDE,2,KMH2,5.257656574249268,4.762207699869304,4.782534122467041
TEMOZOLOMIDE,2,KNS62,5.948481559753418,6.021894227023972,6.012312412261963
TEMOZOLOMIDE,2,KOPN8,4.3948140144348145,4.362904236280473,4.392711162567139
TEMOZOLOMIDE,2,L1236,5.138418197631836,4.9070468966646095,4.923934459686279
TEMOZOLOMIDE,2,MEG01,4.864975452423096,5.212297538237698,5.221937656402588
TEMOZOLOMIDE,2,NALM6,4.402769565582275,5.186730468397577,5.196977615356445
TEMOZOLOMIDE,2,NCIH1155,5.413079261779785,5.690169982386512,5.688464164733887
TEMOZOLOMIDE,2,NCIH1437,5.781734943389893,5.41834286911908,5.423090934753418
TEMOZOLOMIDE,2,NCIH146,5.239551544189453,6.179840546164481,6.166508674621582
TEMOZOLOMIDE,2,NCIH1623,7.1330413818359375,6.56452030030612,6.542055130004883
TEMOZOLOMIDE,2,NCIH1792,5.919497966766357,6.60316518646049,6.579782485961914
TEMOZOLOMIDE,2,NCIH196,6.721863269805908,6.072049545270277,6.061276912689209
TEMOZOLOMIDE,2,NCIH1963,5.833661079406738,5.742380141836702,5.739434719085693
TEMOZOLOMIDE,2,NCIH1975,6.313241481781006,6.6594698868691244,6.6347503662109375
TEMOZOLOMIDE,2,NCIH2085,6.765407085418701,6.215452746548724,6.20127534866333
TEMOZOLOMIDE,2,NCIH211,5.616934299468994,6.322609760306574,6.3058881759643555
TEMOZOLOMIDE,2,NCIH2228,7.640270233154297,6.45101999614778,6.431249618530273
TEMOZOLOMIDE,2,NCIH2347,7.366124153137207,6.593727179191014,6.570568561553955
TEMOZOLOMIDE,2,NCIH441,6.975308418273926,6.8205626968666415,6.792018413543701
TEMOZOLOMIDE,2,NCIH69,5.979258060455322,5.802576194722484,5.798201560974121
TEMOZOLOMIDE,2,OCIAML2,3.69931697845459,4.7301376217599795,4.751225471496582
TEMOZOLOMIDE,2,PF382,5.364531993865967,4.534429504864582,4.560163974761963
TEMOZOLOMIDE,2,PL21,4.809865951538086,4.737408936474086,4.758324146270752
TEMOZOLOMIDE,2,RCHACV,3.9382801055908203,4.448701060941977,4.476470947265625
TEMOZOLOMIDE,2,SUDHL4,3.8974714279174805,4.70350185865765,4.725222110748291
TEMOZOLOMIDE,2,SUPB15,5.168129920959473,4.950610311681145,4.966463565826416
TEMOZOLOMIDE,2,SW1271,7.191267967224121,6.4048913265548695,6.386216163635254
TEMOZOLOMIDE,3,697,5.206569671630859,4.672297974831214,4.674835681915283
TEMOZOLOMIDE,3,A3KAW,4.904812812805176,5.009312651056206,5.0023980140686035
TEMOZOLOMIDE,3,ALLSIL,4.560120582580566,5.1148032860901225,5.1049299240112305
TEMOZOLOMIDE,3,AMO1,4.360506057739258,5.222855819024967,5.209951877593994
TEMOZOLOMIDE,3,CA46,5.889260768890381,4.824504244089987,4.822772979736328
TEMOZOLOMIDE,3,CALU3,6.662729263305664,6.6574185617424915,6.604279041290283
TEMOZOLOMIDE,3,CALU6,6.752689361572266,5.93784904564801,5.904891490936279
TEMOZOLOMIDE,3,CHAGOK1,6.196004390716553,6.326204705276323,6.282354831695557
TEMOZOLOMIDE,3,CORL311,5.846322059631348,5.755803681381527,5.727952003479004
TEMOZOLOMIDE,3,CORL88,6.359736919403076,5.921008320016993,5.888523101806641
TEMOZOLOMIDE,3,EHEB,6.117613792419434,4.720403961153203,4.721592426300049
TEMOZOLOMIDE,3,GA10,5.6260504722595215,4.6068979511852834,4.611269950866699
TEMOZOLOMIDE,3,HARA,6.359165191650391,5.7188631937817185,5.692047595977783
TEMOZOLOMIDE,3,HH,5.643000602722168,4.606807681324354,4.61118221282959
TEMOZOLOMIDE,3,IALM,6.289035320281982,5.335894289984924,5.319819927215576
TEMOZOLOMIDE,3,JVM2,2.919757604598999,4.682981707230394,4.685219764709473
TEMOZOLOMIDE,3,KARPAS422,5.565334320068359,4.687507955800667,4.689619064331055
TEMOZOLOMIDE,3,KMS11,5.449413776397705,4.7880823175934495,4.787372589111328
TEMOZOLOMIDE,3,L428,5.925203800201416,4.94172554567103,4.93670654296875
TEMOZOLOMIDE,3,LP1,5.55292272567749,5.359523897874279,5.34278678894043
TEMOZOLOMIDE,3,MHHCALL2,4.347033500671387,4.677905499344353,4.680285930633545
TEMOZOLOMIDE,3,MM1S,4.9010090827941895,4.743804460210744,4.7443366050720215
TEMOZOLOMIDE,3,MOLM16,3.708336591720581,4.9307033012933665,4.9259934425354
TEMOZOLOMIDE,3,NCIH1048,5.6473612785339355,5.283521580942833,5.268916130065918
TEMOZOLOMIDE,3,NCIH1341,5.978311061859131,5.949060660494795,5.915788650512695
TEMOZOLOMIDE,3,NCIH1793,7.5977630615234375,6.408226648259932,6.362076282501221
TEMOZOLOMIDE,3,NCIH2066,7.577147483825684,5.954778078751674,5.9213457107543945
TEMOZOLOMIDE,3,NCIH2227,4.836418151855469,5.856113120756366,5.825448036193848
TEMOZOLOMIDE,3,NCIH446,5.63621711730957,5.684150998075058,5.658308982849121
TEMOZOLOMIDE,3,NCIH650,6.567277908325195,6.331001272832313,6.287016868591309
TEMOZOLOMIDE,3,NCIH841,6.1653218269348145,5.94541552426272,5.912245750427246
TEMOZOLOMIDE,3,OPM2,5.115579605102539,4.6606492379948214,4.663513660430908
TEMOZOLOMIDE,3,REH,4.8692097663879395,4.903581132860789,4.899631977081299
TEMOZOLOMIDE,3,RERFLCKJ,6.493074893951416,5.9542183074945,5.920801639556885
TEMOZOLOMIDE,3,RPMI8226,5.3245744705200195,5.160282615697908,5.149133682250977
TEMOZOLOMIDE,3,RS411,4.395728588104248,4.679790373288315,4.682117938995361
TEMOZOLOMIDE,3,SKLU1,4.846196174621582,6.390188865777467,6.344544410705566
TEMOZOLOMIDE,3,SKMES1,6.788904666900635,6.3388405234180905,6.294636249542236
TEMOZOLOMIDE,3,SUDHL5,4.24633264541626,5.088354216837949,5.079222679138184
TEMOZOLOMIDE,3,SUDHL8,4.12258768081665,4.801901455868697,4.800804138183594
TEMOZOLOMIDE,3,SW1573,7.084134101867676,6.2583168638870745,6.216371059417725
TEMOZOLOMIDE,4,BEN,6.89132022857666,6.068080030385153,6.0613694190979
TEMOZOLOMIDE,4,CMLT1,4.776937961578369,4.965292235052123,4.967342853546143
TEMOZOLOMIDE,4,CORL23,5.6815924644470215,6.263140722644208,6.254880428314209
TEMOZOLOMIDE,4,DAUDI,5.795583724975586,4.851067752174116,4.854025840759277
TEMOZOLOMIDE,4,DOHH2,3.871613025665283,4.88691169608015,4.889585018157959
TEMOZOLOMIDE,4,GDM1,4.800105571746826,4.78970483129439,4.793150424957275
TEMOZOLOMIDE,4,HCC15,6.324864387512207,6.650689156741536,6.639349937438965
TEMOZOLOMIDE,4,HCC827,7.058113098144531,6.662366208399016,6.650934219360352
TEMOZOLOMIDE,4,HEL,4.630255222320557,4.756351165014,4.760061740875244
TEMOZOLOMIDE,4,JURKAT,5.121821880340576,4.900921370265568,4.9034833908081055
TEMOZOLOMIDE,4,KCL22,5.400291442871094,4.587109378938906,4.592164516448975
TEMOZOLOMIDE,4,KMS12BM,3.0121359825134277,4.613669937000182,4.618514060974121
TEMOZOLOMIDE,4,LAMA84,4.924138069152832,4.726259228895282,4.730208873748779
TEMOZOLOMIDE,4,LCLC97TM1,6.298832416534424,6.248428329700116,6.2402849197387695
TEMOZOLOMIDE,4,LOUNH91,6.6301350593566895,6.580434103826601,6.569653034210205
TEMOZOLOMIDE,4,ME1,5.508216381072998,4.609247903771862,4.614127159118652
TEMOZOLOMIDE,4,MOLM13,4.724510192871094,4.969626308271662,4.97164249420166
TEMOZOLOMIDE,4,MOLT13,4.922064781188965,4.722302470467507,4.726283550262451
TEMOZOLOMIDE,4,NCIH1092,6.576354026794434,5.731919948302975,5.727880001068115
TEMOZOLOMIDE,4,NCIH1650,7.607629776000977,6.545682690521434,6.535177707672119
TEMOZOLOMIDE,4,NCIH1651,5.9918293952941895,6.326933839176368,6.318166732788086
TEMOZOLOMIDE,4,NCIH1836,5.764304161071777,5.929239722754759,5.9236321449279785
TEMOZOLOMIDE,4,NCIH2029,5.960740566253662,5.926944591378104,5.921355247497559
TEMOZOLOMIDE,4,NCIH2081,5.9793477058410645,5.8178035240895225,5.81308126449585
TEMOZOLOMIDE,4,NCIH209,5.222054481506348,5.828312582187782,5.823506832122803
TEMOZOLOMIDE,4,NCIH2110,5.48345422744751,6.684638836196178,6.673029899597168
TEMOZOLOMIDE,4,NCIH2196,5.7895379066467285,6.039585313442273,6.0331010818481445
TEMOZOLOMIDE,4,NCIH2291,7.235568523406982,6.715220079904725,6.703368186950684
TEMOZOLOMIDE,4,NCIH524,5.6545610427856445,5.969699884826531,5.963770866394043
TEMOZOLOMIDE,4,NCIH526,6.00433349609375,5.992031152629547,5.98592472076416
TEMOZOLOMIDE,4,NCIH596,7.041560649871826,6.635254818807343,6.624038219451904
TEMOZOLOMIDE,4,NCIH647,2.7396130561828613,6.5855410715495255,6.574719429016113
TEMOZOLOMIDE,4,NCIH727,7.455270290374756,6.37768339965234,6.368513107299805
TEMOZOLOMIDE,4,NCIH810,5.180846691131592,5.909549177838307,5.904098033905029
TEMOZOLOMIDE,4,NCIH838,6.222471714019775,6.502736576726089,6.492572784423828
TEMOZOLOMIDE,4,P31FUJ,4.222895622253418,5.1491796029170995,5.149769306182861
TEMOZOLOMIDE,4,RL,5.917250156402588,4.827742488206299,4.830885887145996
TEMOZOLOMIDE,4,RPMI8402,4.487245559692383,4.601835230244998,4.606773376464844
TEMOZOLOMIDE,4,SKM1,3.7140910625457764,5.070232370773801,5.071449279785156
TEMOZOLOMIDE,4,SUPT1,5.063771724700928,5.124007659420673,5.124797344207764
TEMOZOLOMIDE,5,COLO668,5.88445520401001,5.934275100620991,5.952811241149902
TEMOZOLOMIDE,5,CORL105,7.008891582489014,5.9791185474810655,6.000074863433838
TEMOZOLOMIDE,5,DND41,4.966397285461426,4.925621705408095,4.889721393585205
TEMOZOLOMIDE,5,EM2,5.711075782775879,4.801795628921633,4.759212493896484
TEMOZOLOMIDE,5,HCC33,6.6338300704956055,5.697002373972625,5.702733039855957
TEMOZOLOMIDE,5,HCC44,5.900536060333252,5.628809968295356,5.630860328674316
TEMOZOLOMIDE,5,HCC78,6.7137980461120605,6.134783701972529,6.1641411781311035
TEMOZOLOMIDE,5,HDLM2,5.159648895263672,4.702453181343117,4.654508590698242
TEMOZOLOMIDE,5,JM1,4.65104866027832,4.86900175836372,4.830045700073242
TEMOZOLOMIDE,5,KU812,4.222205638885498,4.791399010626003,4.748254776000977
TEMOZOLOMIDE,5,L363,5.397364616394043,4.7590758429092395,4.714187145233154
TEMOZOLOMIDE,5,LOUCY,5.164520263671875,4.851537882696636,4.811639308929443
TEMOZOLOMIDE,5,LU65,7.006933212280273,5.537454096120353,5.534574031829834
TEMOZOLOMIDE,5,MOLP8,4.559380054473877,4.911037032475275,4.874349594116211
TEMOZOLOMIDE,5,MOLT16,4.227993965148926,4.9568767088169405,4.92266321182251
TEMOZOLOMIDE,5,MONOMAC6,3.7168920040130615,4.716417586056472,4.66922664642334
TEMOZOLOMIDE,5,NB4,3.954848051071167,4.912570737263011,4.8759660720825195
TEMOZOLOMIDE,5,NCIH1105,4.926669597625732,5.607869695109403,5.608789920806885
TEMOZOLOMIDE,5,NCIH1568,6.067563056945801,6.3426400612761675,6.383215427398682
TEMOZOLOMIDE,5,NCIH1944,6.715048789978027,6.169551296523553,6.200785160064697
TEMOZOLOMIDE,5,NCIH2009,6.380624771118164,6.095913560219382,6.123173236846924
TEMOZOLOMIDE,5,NCIH2023,6.001236915588379,6.4071773634194775,6.451235771179199
TEMOZOLOMIDE,5,NCIH2030,6.0082478523254395,6.100403831611207,6.12790584564209
TEMOZOLOMIDE,5,NCIH2087,6.722061634063721,6.263168365314812,6.299454689025879
TEMOZOLOMIDE,5,NCIH2171,5.356459140777588,5.810840820106854,5.8227152824401855
TEMOZOLOMIDE,5,NCIH23,6.094064712524414,6.392278710804447,6.435533046722412
TEMOZOLOMIDE,5,NCIH2342,6.685586929321289,6.315793893606701,6.354920387268066
TEMOZOLOMIDE,5,NCIH2444,6.765665054321289,6.416735194494911,6.461309432983398
TEMOZOLOMIDE,5,NCIH661,6.093578815460205,6.375950410068697,6.418323516845703
TEMOZOLOMIDE,5,NCIH929,5.515226364135742,5.175383494199667,5.152962684631348
TEMOZOLOMIDE,5,NOMO1,5.3032145500183105,4.953393977413992,4.918992519378662
TEMOZOLOMIDE,5,OCILY19,4.840954303741455,4.8841682437912395,4.8460307121276855
TEMOZOLOMIDE,5,P12ICHIKAWA,4.784165859222412,4.968903849842659,4.935339450836182
TEMOZOLOMIDE,5,RAJI,5.537637233734131,5.0606139671058035,5.031999111175537
TEMOZOLOMIDE,5,RERFLCMS,6.1294379234313965,6.04513300187569,6.069652080535889
TEMOZOLOMIDE,5,SBC5,5.5000762939453125,5.835308614304601,5.848503589630127
TEMOZOLOMIDE,5,SKMM2,5.849410533905029,4.813639087309056,4.771695137023926
TEMOZOLOMIDE,5,SUDHL10,4.713738441467285,4.859197810649783,4.8197126388549805
TEMOZOLOMIDE,5,SUPM2,3.0753250122070312,5.034338753844042,5.004305839538574
TEMOZOLOMIDE,5,THP1,4.884252548217773,5.133101651029317,5.108398914337158
TRAMETINIB,1,AMO1,-0.18100300431251526,0.3630251774449944,0.21569491922855377
TRAMETINIB,1,CALU3,-0.34349700808525085,-0.2555327619225757,-0.4225751757621765
TRAMETINIB,1,CALU6,-1.692241907119751,0.09643902964988293,-0.05938677489757538
TRAMETINIB,1,COLO668,2.688408136367798,1.3333983828424867,1.216991901397705
TRAMETINIB,1,CORL311,3.006347894668579,1.1241556036652747,1.0010809898376465
TRAMETINIB,1,CORL95,2.869374990463257,1.7624391261356285,1.6597052812576294
TRAMETINIB,1,DAUDI,1.9145410060882568,1.28712990035574,1.1692489385604858
TRAMETINIB,1,DMS114,1.0139034986495972,1.5378013616296402,1.4279087781906128
TRAMETINIB,1,DOHH2,0.8057878613471985,0.8091791345591735,0.6760668754577637
TRAMETINIB,1,EBC1,-1.8755230903625488,-0.18590279527914672,-0.35072624683380127
TRAMETINIB,1,EJM,2.0401198863983154,-0.21627178313237932,-0.38206303119659424
TRAMETINIB,1,EPLC272H,-2.8177719116210938,0.38136259458898075,0.2346167117357254
TRAMETINIB,1,HL60,-3.320143938064575,-0.36831028899805884,-0.5389466881752014
TRAMETINIB,1,IALM,0.9863874912261963,-0.562860375510452,-0.7396966814994812
TRAMETINIB,1,KOPN8,0.02559487521648407,-0.02512605135512566,-0.18482588231563568
TRAMETINIB,1,KU812,-5.543590068817139,-0.4947521970091481,-0.6694180369377136
TRAMETINIB,1,L428,2.424406051635742,1.1912509511442206,1.0703145265579224
TRAMETINIB,1,NCIH1155,1.8234765529632568,1.47837393173333,1.366587519645691
TRAMETINIB,1,NCIH1650,2.705922842025757,-0.07478948751342748,-0.23607198894023895
TRAMETINIB,1,NCIH1651,1.6300605535507202,0.39361587732466513,0.24726048111915588
TRAMETINIB,1,NCIH1781,0.327505499124527,0.07424873605974687,-0.08228422701358795
TRAMETINIB,1,NCIH1792,-1.1644765138626099,0.45438767375450156,0.3099689483642578
TRAMETINIB,1,NCIH1793,0.09792724251747131,0.4786806574587225,0.33503609895706177
TRAMETINIB,1,NCIH1915,-1.056755542755127,-0.04601466588324929,-0.20638017356395721
TRAMETINIB,1,NCIH1975,-0.8305590152740479,0.059692857029948795,-0.09730397164821625
TRAMETINIB,1,NCIH2066,2.3952784538269043,1.1872756442571055,1.06621253490448
TRAMETINIB,1,NCIH2085,1.2440979480743408,0.8079840008844508,0.6748336553573608
TRAMETINIB,1,NCIH2087,-0.8508210778236389,-0.13679227451641984,-0.30005067586898804
TRAMETINIB,1,NCIH211,0.6974939703941345,2.0872277062514173,1.9948441982269287
TRAMETINIB,1,NCIH2170,3.9143259525299072,-0.24806256993532794,-0.41486692428588867
TRAMETINIB,1,NCIH2196,2.796905040740967,1.2511763052684723,1.132149577140808
TRAMETINIB,1,NCIH2227,0.571707010269165,1.6711154326799635,1.5654712915420532
TRAMETINIB,1,NCIH441,0.8095871806144714,-0.5909978310233325,-0.7687308192253113
TRAMETINIB,1,NCIH460,-0.1341586858034134,0.2043858541387763,0.05200009047985077
TRAMETINIB,1,NCIH650,0.3148573338985443,0.0750957271217313,-0.0814102441072464
TRAMETINIB,1,RAJI,1.6792620420455933,0.9081992231664271,0.7782425284385681
TRAMETINIB,1,REH,1.4273960590362549,0.46368799721667625,0.31956565380096436
TRAMETINIB,1,SKM1,-4.869623184204102,-1.3412534794658992,-1.5428955554962158
TRAMETINIB,1,SUDHL1,-0.5083431005477905,-0.6875402556040091,-0.8683498501777649
TRAMETINIB,1,SUDHL4,1.260285496711731,0.7710051555510424,0.6366763710975647
TRAMETINIB,1,SUDHL8,0.910259485244751,0.9545134546077597,0.8260326981544495
TRAMETINIB,2,ALLSIL,1.4398829936981201,0.5209289129359855,0.45171791315078735
TRAMETINIB,2,CMK,0.7234309911727905,-0.2758877213642796,-0.2792331874370575
TRAMETINIB,2,CORL88,2.871870517730713,1.7228818421398393,1.5543164014816284
TRAMETINIB,2,DB,1.4635499715805054,1.2544067336156925,1.124565839767456
TRAMETINIB,2,DND41,-0.797540009021759,0.6992738226715742,0.6153206825256348
TRAMETINIB,2,GA10,1.5566380023956299,0.866420385949663,0.7686507701873779
TRAMETINIB,2,HARA,-0.10663184523582458,-0.39812946569096436,-0.39137032628059387
TRAMETINIB,2,HCC44,-2.292491912841797,-0.7185476092184019,-0.6853024363517761
TRAMETINIB,2,HDLM2,2.1646006107330322,1.320832439625884,1.1855007410049438
TRAMETINIB,2,HH,2.775484085083008,0.5615232193564851,0.48895666003227234
TRAMETINIB,2,JVM3,-0.240665003657341,-0.8929871616583717,-0.8453226685523987
TRAMETINIB,2,KG1,0.24519449472427368,0.4116915438283077,0.3515101969242096
TRAMETINIB,2,KMS11,0.6786580085754395,1.0847656928076794,0.9689474701881409
TRAMETINIB,2,KMS12BM,1.7688440084457397,0.03041600843324142,0.0017512182239443064
TRAMETINIB,2,L363,1.5119119882583618,0.13080487677721492,0.09384185820817947
TRAMETINIB,2,LOUNH91,0.8181126713752747,0.19569179046857837,0.15336516499519348
TRAMETINIB,2,LU65,-1.7520450353622437,-0.24976409409906902,-0.25526896119117737
TRAMETINIB,2,MEG01,-3.1895859241485596,-0.2656174861056918,-0.2698118984699249
TRAMETINIB,2,MM1S,0.7378460168838501,-0.060508736583415254,-0.08165761083364487
TRAMETINIB,2,MOLT13,-3.0445475578308105,1.0187964402539678,0.9084312915802002
TRAMETINIB,2,NALM6,0.930571973323822,0.2250355750400401,0.18028336763381958
TRAMETINIB,2,NCIH1092,2.5834219455718994,2.5799631653726944,2.340550661087036
TRAMETINIB,2,NCIH1105,2.267302989959717,1.0391313930084605,0.9270853400230408
TRAMETINIB,2,NCIH1436,2.515549421310425,2.3989391175059978,2.174490213394165
TRAMETINIB,2,NCIH146,2.1562209129333496,2.1826714048502507,1.9760993719100952
TRAMETINIB,2,NCIH2030,-0.2472483366727829,0.4927433180957343,0.4258621633052826
TRAMETINIB,2,NCIH209,1.4042270183563232,2.098846927615085,1.899203896522522
TRAMETINIB,2,NCIH2110,-0.2231750339269638,0.11108634735960819,0.07575327903032303
TRAMETINIB,2,NCIH2171,2.1262340545654297,2.048008603582929,1.8525679111480713
TRAMETINIB,2,NCIH2172,1.0321489572525024,0.02122264571243987,-0.006682213395833969
TRAMETINIB,2,NCIH2291,-4.616305351257324,0.15218531911768485,0.11345497518777847
TRAMETINIB,2,NCIH2342,1.9375834465026855,0.7159337565650703,0.6306034922599792
TRAMETINIB,2,NCIH2405,-2.028916597366333,0.09771268342602425,0.06348509341478348
TRAMETINIB,2,OCIAML5,-2.6397149562835693,-0.42514377822043486,-0.41615161299705505
TRAMETINIB,2,RERFLCMS,-1.860748052597046,0.4112799884982944,0.35113266110420227
TRAMETINIB,2,RPMI8226,-0.11123800277709961,0.15909771381389604,0.11979598551988602
TRAMETINIB,2,RPMI8402,1.668995976448059,0.5870002421274381,0.5123277306556702
TRAMETINIB,2,SBC5,0.7819769978523254,1.0474648361487917,0.9347299337387085
TRAMETINIB,2,SKMES1,-1.1702419519424438,0.057329543582780015,0.026440057903528214
TRAMETINIB,2,SW1271,0.34471380710601807,0.5010040210731432,0.43344002962112427
TRAMETINIB,2,WSUDLCL2,0.02573252283036709,-0.3954503275598562,-0.3889126479625702
TRAMETINIB,3,697,0.5100989937782288,0.19800944861315886,0.2277751863002777
TRAMETINIB,3,A3KAW,-0.0835125744342804,0.02102434255928383,0.06260089576244354
TRAMETINIB,3,A549,-1.5725111961364746,0.40352592640487167,0.41957685351371765
TRAMETINIB,3,ABC1,2.6966331005096436,0.20711155291993333,0.23626987636089325
TRAMETINIB,3,BL41,1.1942775249481201,1.2055545912332057,1.1680834293365479
TRAMETINIB,3,CORL105,-0.8996325135231018,-0.3272834652267961,-0.26246315240859985
TRAMETINIB,3,CORL23,0.11571499705314636,-0.6820526176300233,-0.5935573577880859
TRAMETINIB,3,CORL279,1.925971508026123,1.4650778874254,1.410287857055664
TRAMETINIB,3,DMS273,1.916787028312683,1.4381582074491386,1.3851646184921265
TRAMETINIB,3,GRANTA519,2.0604214668273926,0.21032490937354786,0.23926879465579987
TRAMETINIB,3,HCC33,2.858551025390625,2.2143955569576996,2.1096010208129883
TRAMETINIB,3,HCC366,1.7084790468215942,0.15694015248455348,0.1894465833902359
TRAMETINIB,3,HCC78,0.5355073809623718,-0.26540097447078104,-0.20471028983592987
TRAMETINIB,3,JEKO1,2.258939027786255,0.3916838614800597,0.4085250496864319
TRAMETINIB,3,JURKAT,1.7511789798736572,1.2043859586318513,1.1669927835464478
TRAMETINIB,3,KNS62,-0.7239575386047363,-0.7832275375390957,-0.6879805326461792
TRAMETINIB,3,L540,2.5551459789276123,-0.12913788944605437,-0.07754050195217133
TRAMETINIB,3,LAMA84,0.015316503122448921,-0.41248883989564367,-0.34198248386383057
TRAMETINIB,3,LCLC97TM1,-3.390101909637451,0.048916999547531814,0.08863218128681183
TRAMETINIB,3,LOUCY,0.7244064807891846,-0.21656071541663008,-0.1591293066740036
TRAMETINIB,3,LP1,1.9423409700393677,0.29345437728120466,0.3168507516384125
TRAMETINIB,3,NAMALWA,2.061216115951538,1.0726215790288536,1.044021487236023
TRAMETINIB,3,NCIH1568,1.7242792844772339,0.24549180614508365,0.272088885307312
TRAMETINIB,3,NCIH1623,-0.23491400480270386,0.40659555088398913,0.42244163155555725
TRAMETINIB,3,NCIH2347,0.028167661279439926,-0.8392890749280333,-0.7403008937835693
TRAMETINIB,3,NCIH2444,0.31387901306152344,-0.41364514622680115,-0.343061625957489
TRAMETINIB,3,NCIH69,2.8642029762268066,1.7435020180973182,1.670131802558899
TRAMETINIB,3,NCIH838,0.14695000648498535,-0.47320140474993405,-0.39864349365234375
TRAMETINIB,3,NCIH929,-3.8262484073638916,0.181303328895318,0.21218392252922058
TRAMETINIB,3,OCIAML2,-6.6227498054504395,-0.7136187266703204,-0.6230169534683228
TRAMETINIB,3,OCIAML3,-5.920936107635498,-1.2503843643959776,-1.12396240234375
TRAMETINIB,3,P12ICHIKAWA,0.5016869902610779,0.5061367929251884,0.5153401494026184
TRAMETINIB,3,P31FUJ,-1.2861089706420898,-0.3213279607211842,-0.25690507888793945
TRAMETINIB,3,PL21,-2.008626937866211,-0.800960505817685,-0.7045301198959351
TRAMETINIB,3,SHP77,1.4450269937515259,1.1485358199701234,1.1148697137832642
TRAMETINIB,3,SKMM2,3.320274591445923,1.2067270558356573,1.1691776514053345
TRAMETINIB,3,SUDHL10,1.0030659437179565,0.8428132798801451,0.8295490741729736
TRAMETINIB,3,SUDHL5,0.4595760107040405,1.2630973247796802,1.2217861413955688
TRAMETINIB,3,SUDHL6,1.024625539779663,1.3454951838444762,1.2986853122711182
TRAMETINIB,3,SUPB15,-0.3954159915447235,-0.23363636777363564,-0.17506544291973114
TRAMETINIB,3,SUPT1,2.7225794792175293,0.7157455285555598,0.7109609842300415
TRAMETINIB,4,CA46,2.072065591812134,1.7442431298925303,1.3732854127883911
TRAMETINIB,4,CAL12T,-0.10257799923419952,-0.5425893874704508,-0.4292880594730377
TRAMETINIB,4,CHAGOK1,2.6126580238342285,0.7986325923170818,0.6279171109199524
TRAMETINIB,4,DMS53,0.3388589918613434,2.2892487197304265,1.8028807640075684
TRAMETINIB,4,DMS79,2.6327950954437256,1.438029588374474,1.13191556930542
TRAMETINIB,4,EM2,-0.9754350185394287,-2.748891613661695,-2.168384313583374
TRAMETINIB,4,HEL,1.635174036026001,-0.13249788324790795,-0.10603742301464081
TRAMETINIB,4,HT,0.9143319725990295,0.8206499466111354,0.6452720761299133
TRAMETINIB,4,JVM2,0.6348974704742432,1.126909917185738,0.8866785168647766
TRAMETINIB,4,K562,0.02950969710946083,-0.6816716718842142,-0.5389183163642883
TRAMETINIB,4,KARPAS422,2.1994595527648926,0.7928738013408339,0.623377799987793
TRAMETINIB,4,KMH2,-0.9593870043754578,1.1496238585627017,0.9045825600624084
TRAMETINIB,4,LCLC103H,3.352705717086792,-0.5885820562558868,-0.4655413329601288
TRAMETINIB,4,LXF289,0.24665190279483795,-1.0626966395616952,-0.839257538318634
TRAMETINIB,4,ME1,0.11574850231409073,-1.7282283549440205,-1.3638564348220825
TRAMETINIB,4,MHHCALL2,1.5755754709243774,-0.9185164220539128,-0.7256088852882385
TRAMETINIB,4,MOLT16,0.46248599886894226,0.3797468085031696,0.29773446917533875
TRAMETINIB,4,NCIH1437,-3.142927885055542,-0.8053598127845893,-0.6364142894744873
TRAMETINIB,4,NCIH1836,3.161149501800537,2.581863992129968,2.033531904220581
TRAMETINIB,4,NCIH1944,-0.18420150876045227,0.7199493306815115,0.5658957958221436
TRAMETINIB,4,NCIH1963,1.759634017944336,2.358707646967064,1.8576310873031616
TRAMETINIB,4,NCIH2009,-0.9528569579124451,-0.6376012719041042,-0.5041802525520325
TRAMETINIB,4,NCIH2023,0.42911800742149353,0.37391432841355887,0.2931370735168457
TRAMETINIB,4,NCIH2029,2.0424070358276367,2.3026732201649933,1.813462495803833
TRAMETINIB,4,NCIH2228,0.27340176701545715,-0.8956535144857491,-0.7075874209403992
TRAMETINIB,4,NCIH23,0.26336121559143066,1.2479980309195058,0.9821250438690186
TRAMETINIB,4,NCIH292,-1.8810019493103027,-0.909589944420023,-0.7185726761817932
TRAMETINIB,4,NCIH358,-1.0874302387237549,-0.27932126762386095,-0.2217695266008377
TRAMETINIB,4,NCIH526,2.57206392288208,2.0794597082809987,1.6375166177749634
TRAMETINIB,4,NCIH596,0.3021567165851593,-0.059899063458021734,-0.04881210997700691
TRAMETINIB,4,NCIH661,1.1344624757766724,1.1534643128361328,0.907609760761261
TRAMETINIB,4,NCIH727,-3.8684890270233154,0.6415516757993225,0.5040996074676514
TRAMETINIB,4,NOMO1,-2.000136375427246,-3.2067162902556614,-2.5292601585388184
TRAMETINIB,4,NUDUL1,1.2304054498672485,0.8420507169848619,0.6621410250663757
TRAMETINIB,4,OCILY19,-0.2090969979763031,1.2289305096806336,0.9670952558517456
TRAMETINIB,4,RERFLCKJ,1.4702785015106201,0.04150706240251329,0.031120281666517258
TRAMETINIB,4,RS411,1.620023488998413,-0.5640297813386896,-0.4461882412433624
TRAMETINIB,4,SKLU1,-0.21268145740032196,-0.25193712272674723,-0.20018424093723297
TRAMETINIB,4,ST486,1.4234035015106201,1.6333295582524259,1.2858588695526123
TRAMETINIB,4,SW1573,0.8184935450553894,-1.0445740328026372,-0.8249725699424744
TRAMETINIB,5,A4FUK,-2.676455020904541,0.7968890311305256,0.6620543599128723
TRAMETINIB,5,BEN,2.7813880443573,1.3000010593151647,1.1539390087127686
TRAMETINIB,5,BV173,-1.8400330543518066,1.200823588328593,1.0569747686386108
TRAMETINIB,5,CMLT1,-0.5171459913253784,0.3612341316100156,0.23612147569656372
TRAMETINIB,5,EHEB,0.02681400068104267,0.885681762088955,0.7488656044006348
TRAMETINIB,5,GDM1,0.5748664736747742,-0.12643379721438186,-0.24066372215747833
TRAMETINIB,5,HCC15,-2.9562854766845703,-0.08073091842246069,-0.1959807425737381
TRAMETINIB,5,HCC827,1.1258745193481445,-0.24153245022042324,-0.35319384932518005
TRAMETINIB,5,JM1,1.381173014640808,0.2855085608693694,0.16208578646183014
TRAMETINIB,5,JURLMK1,-4.589414119720459,0.0007828193494402447,-0.11628605425357819
TRAMETINIB,5,KCL22,-1.1205699443817139,-0.7225623275574972,-0.8234891295433044
TRAMETINIB,5,L1236,2.1967239379882812,1.053636134969094,0.9130719304084778
TRAMETINIB,5,MOLM13,-2.907633066177368,-2.713007940396579,-2.7695162296295166
TRAMETINIB,5,MOLM16,-0.6397429704666138,-0.3855395963789402,-0.4939873516559601
TRAMETINIB,5,MOLP8,-0.46449801325798035,0.6553623124301068,0.5236859321594238
TRAMETINIB,5,MONOMAC6,-0.8785495162010193,-2.473256696725356,-2.5351152420043945
TRAMETINIB,5,NB4,-5.629967212677002,-0.7257449514335862,-0.8266007304191589
TRAMETINIB,5,NCIH1048,0.9158180952072144,-1.0689092188036495,-1.162106990814209
TRAMETINIB,5,NCIH1341,0.8696050047874451,1.3314623607815521,1.184698224067688
TRAMETINIB,5,NCIH1435,2.067578077316284,-0.41700074543249155,-0.5247464179992676
TRAMETINIB,5,NCIH1648,-0.49318113923072815,-0.04766879445706276,-0.16365642845630646
TRAMETINIB,5,NCIH1876,1.9129395484924316,2.3461649603217647,2.1767568588256836
TRAMETINIB,5,NCIH196,2.7592859268188477,0.8514459373561356,0.7153937816619873
TRAMETINIB,5,NCIH2081,2.78597354888916,1.1730871346436262,1.0298572778701782
TRAMETINIB,5,NCIH2122,-1.9659115076065063,-0.49449127205523014,-0.6005076766014099
TRAMETINIB,5,NCIH446,1.5607404708862305,1.3071848249617641,1.160962462425232
TRAMETINIB,5,NCIH522,1.3312009572982788,1.017214466307585,0.8774630427360535
TRAMETINIB,5,NCIH524,2.288459062576294,0.9227928854553654,0.785148561000824
TRAMETINIB,5,NCIH647,0.7658380270004272,-0.9376020246171559,-1.0337300300598145
TRAMETINIB,5,NCIH810,2.5014915466308594,2.088382668501126,1.924727201461792
TRAMETINIB,5,NCIH82,2.6035335063934326,1.2686974136863294,1.1233339309692383
TRAMETINIB,5,NCIH841,1.1651500463485718,0.8589601340311699,0.7227402925491333
TRAMETINIB,5,OCIM1,0.19099299609661102,0.6525494420941388,0.5209358334541321
TRAMETINIB,5,OPM2,0.5325915217399597,0.976718192888617,0.8378704786300659
TRAMETINIB,5,PF382,0.8938300013542175,0.5201190262715047,0.39146071672439575
TRAMETINIB,5,RCHACV,1.4267610311508179,0.5791472678666663,0.44917169213294983
TRAMETINIB,5,RL,1.7791515588760376,1.1873378567393198,1.0437899827957153
TRAMETINIB,5,SIGM5,1.7017990350723267,0.06699003701783027,-0.0515563078224659
TRAMETINIB,5,SUPM2,0.18683350086212158,0.890571226832772,0.7536459565162659
TRAMETINIB,5,THP1,0.7297620177268982,-3.0541634675533778,-3.1030585765838623
VELIPARIB,1,ALLSIL,3.4561004638671875,3.7889350424170987,3.8163585662841797
VELIPARIB,1,BV173,2.731775999069214,3.595841340524377,3.6208572387695312
VELIPARIB,1,CALU3,4.72899055480957,4.8277247715798355,4.868100643157959
VELIPARIB,1,CMLT1,3.918445110321045,3.7376862965463844,3.7644708156585693
VELIPARIB,1,CORL23,4.901491165161133,4.4403722007720745,4.475918292999268
VELIPARIB,1,CORL279,3.73205304145813,4.709677904572088,4.748581886291504
VELIPARIB,1,DMS114,4.616733551025391,5.084675654645618,5.128255367279053
VELIPARIB,1,DMS53,4.880249977111816,4.554485569408599,4.59145450592041
VELIPARIB,1,EHEB,4.135019779205322,3.8597681548490863,3.8880748748779297
VELIPARIB,1,EJM,4.317940711975098,3.90325351624288,3.9321024417877197
VELIPARIB,1,GA10,4.366859436035156,3.606468662213392,3.6316170692443848
VELIPARIB,1,HCC33,5.317461013793945,4.628614964778828,4.666508197784424
VELIPARIB,1,IALM,5.191198348999023,4.671978110795786,4.71041202545166
VELIPARIB,1,K562,4.706218719482422,4.341430493597544,4.3757429122924805
VELIPARIB,1,KCL22,4.068474292755127,3.8355132299368284,3.8635175228118896
VELIPARIB,1,KG1,3.566274881362915,3.7517040941423,3.778663396835327
VELIPARIB,1,ME1,4.394379615783691,3.5576135951587387,3.582152843475342
VELIPARIB,1,MONOMAC6,3.884195566177368,3.97014677227826,3.9998297691345215
VELIPARIB,1,NAMALWA,3.4191629886627197,3.60644982361966,3.6315979957580566
VELIPARIB,1,NCIH1155,3.883402109146118,4.363381223013968,4.397967338562012
VELIPARIB,1,NCIH1436,4.526022434234619,4.254322720040558,4.287549018859863
VELIPARIB,1,NCIH1437,4.837676048278809,4.684348002405002,4.722936153411865
VELIPARIB,1,NCIH1836,5.668968677520752,4.487166325672456,4.523295879364014
VELIPARIB,1,NCIH1975,5.110002517700195,4.912181484033899,4.953610420227051
VELIPARIB,1,NCIH2023,4.224584579467773,4.697280697001959,4.736030101776123
VELIPARIB,1,NCIH2029,3.9392685890197754,4.73296381931926,4.772158145904541
VELIPARIB,1,NCIH2087,5.323318958282471,4.750113533123106,4.78952169418335
VELIPARIB,1,NCIH209,3.0216574668884277,4.534543034083997,4.571263313293457
VELIPARIB,1,NCIH2170,4.944301128387451,4.5122715776092885,4.5487141609191895
VELIPARIB,1,NCIH2342,4.380901336669922,4.815705277814033,4.855931282043457
VELIPARIB,1,NCIH2405,6.104926109313965,4.722998674199922,4.762068748474121
VELIPARIB,1,NCIH526,4.439786911010742,4.477873718349348,4.513887405395508
VELIPARIB,1,NCIH69,4.0794291496276855,4.590679217616034,4.62809944152832
VELIPARIB,1,NCIH929,3.7689194679260254,3.8632339851309148,3.8915839195251465
VELIPARIB,1,OCIAML2,3.032883405685425,3.625526961044702,3.6509130001068115
VELIPARIB,1,OCIM1,3.4878945350646973,3.72884416709589,3.7555184364318848
VELIPARIB,1,REH,3.557554006576538,3.690162176138891,3.7163541316986084
VELIPARIB,1,SBC5,3.9039065837860107,4.687704097878343,4.726334095001221
VELIPARIB,1,SKMM2,4.9178571701049805,3.9083804395270194,3.937293291091919
VELIPARIB,1,SUDHL6,3.2666103839874268,3.7798284662070927,3.807138442993164
VELIPARIB,1,SW1573,5.523120880126953,4.449690711161565,4.485352993011475
VELIPARIB,2,A3KAW,3.0792765617370605,4.133277301785724,4.154212951660156
VELIPARIB,2,ABC1,4.842123985290527,4.69042560803077,4.728384494781494
VELIPARIB,2,DND41,3.9192585945129395,3.7317476372669356,3.74041485786438
VELIPARIB,2,EM2,4.144021511077881,3.6123701828433217,3.6173899173736572
VELIPARIB,2,HCC366,5.333141326904297,4.737800507463818,4.777206897735596
VELIPARIB,2,HEL,3.8294830322265625,3.7384840825617527,3.747357130050659
VELIPARIB,2,HL60,3.8262579441070557,3.915605999953145,3.9298908710479736
VELIPARIB,2,JM1,3.7871899604797363,3.6885722005370796,3.69592022895813
VELIPARIB,2,JVM2,4.225973129272461,4.167852076029141,4.189844131469727
VELIPARIB,2,KARPAS422,4.349484920501709,3.61796792411516,3.6231586933135986
VELIPARIB,2,KNS62,4.539483547210693,4.7216647799573845,4.760578155517578
VELIPARIB,2,L540,3.554713010787964,3.980221322485823,3.9964804649353027
VELIPARIB,2,LCLC97TM1,4.518421649932861,4.647417205901603,4.6840620040893555
VELIPARIB,2,LOUCY,3.5786285400390625,3.8278649451699716,3.8394689559936523
VELIPARIB,2,LU65,5.034399032592773,4.572385355812116,4.6067376136779785
VELIPARIB,2,MHHCALL2,2.7317941188812256,3.7445530835034018,3.7536115646362305
VELIPARIB,2,MOLM16,3.0386219024658203,3.977208915926863,3.9933760166168213
VELIPARIB,2,NCIH1341,4.198862552642822,4.438591566059797,4.468855857849121
VELIPARIB,2,NCIH1568,5.17225980758667,4.703164656856713,4.741512775421143
VELIPARIB,2,NCIH1650,5.582678318023682,4.785251289651748,4.826107501983643
VELIPARIB,2,NCIH1651,4.344088554382324,4.872221718043101,4.915735244750977
VELIPARIB,2,NCIH1781,5.144594192504883,4.897413404565274,4.941696643829346
VELIPARIB,2,NCIH1792,4.363744735717773,4.7200481071185845,4.758912086486816
VELIPARIB,2,NCIH1876,4.003924369812012,4.493520038501835,4.525462627410889
VELIPARIB,2,NCIH196,4.368098735809326,4.6437683558710425,4.680301666259766
VELIPARIB,2,NCIH1963,4.070657730102539,4.425834009244858,4.4557085037231445
VELIPARIB,2,NCIH2030,4.871285915374756,4.587580414777828,4.622396945953369
VELIPARIB,2,NCIH2081,4.691893100738525,4.64350461702785,4.68002986907959
VELIPARIB,2,NCIH211,3.644064426422119,4.670969084598731,4.708333492279053
VELIPARIB,2,NCIH2172,5.2522759437561035,4.849451801881053,4.892269611358643
VELIPARIB,2,NCIH2196,6.202530860900879,4.526236610650054,4.559178829193115
VELIPARIB,2,NCIH522,5.12419319152832,4.459589804975203,4.490495681762695
VELIPARIB,2,NCIH647,4.187563419342041,4.813304773972427,4.855018138885498
VELIPARIB,2,NCIH841,4.775335788726807,4.575268900497693,4.6097092628479
VELIPARIB,2,NUDUL1,3.6130270957946777,3.8750320924265385,3.8880772590637207
VELIPARIB,2,PF382,3.835958480834961,3.670941258869633,3.677750587463379
VELIPARIB,2,SKM1,2.7984960079193115,3.8349444823108017,3.8467648029327393
VELIPARIB,2,SKMES1,4.676657676696777,4.76086932764815,4.800980567932129
VELIPARIB,2,SUDHL1,4.705398082733154,3.929494857595464,3.944204092025757
VELIPARIB,2,SUDHL8,3.31337308883667,3.865414878644495,3.8781661987304688
VELIPARIB,2,WSUDLCL2,3.696342945098877,3.7665010136041643,3.7762300968170166
VELIPARIB,3,697,2.922269105911255,3.865251838321611,3.849872350692749
VELIPARIB,3,A4FUK,3.9066450595855713,3.7139610609048814,3.6868457794189453
VELIPARIB,3,A549,4.792680263519287,4.600085961496975,4.6417083740234375
VELIPARIB,3,AMO1,4.195534706115723,3.9027132776916433,3.890239715576172
VELIPARIB,3,CHAGOK1,5.005344867706299,4.8126771352656865,4.870790481567383
VELIPARIB,3,CORL311,4.952917098999023,4.426418947478157,4.4545698165893555
VELIPARIB,3,CORL95,4.689151763916016,4.215319921076225,4.227095603942871
VELIPARIB,3,DB,3.7569754123687744,3.911844051347077,3.900078773498535
VELIPARIB,3,DMS273,4.819575786590576,4.303877451259114,4.3225226402282715
VELIPARIB,3,DOHH2,2.868927001953125,3.663374300346818,3.6323349475860596
VELIPARIB,3,EPLC272H,5.020322322845459,4.711921787121567,4.762219429016113
VELIPARIB,3,HCC44,4.474836826324463,4.493627088023551,4.526991367340088
VELIPARIB,3,HDLM2,4.219219207763672,4.042382607830781,4.040743350982666
VELIPARIB,3,HH,4.985195636749268,3.7334627455216207,3.707860231399536
VELIPARIB,3,HT,4.500560283660889,3.649612648223607,3.6175057888031006
VELIPARIB,3,JURKAT,3.6862475872039795,3.9439362825098687,3.9346604347229004
VELIPARIB,3,KMH2,3.6298394203186035,3.8862823987248936,3.8725342750549316
VELIPARIB,3,L1236,4.279867172241211,3.816732710791803,3.7975895404815674
VELIPARIB,3,LAMA84,3.253032922744751,3.7599078715179965,3.736356735229492
VELIPARIB,3,LOUNH91,5.009426116943359,4.902813987498408,4.96791934967041
VELIPARIB,3,MM1S,3.839855432510376,3.7619867885788296,3.7385969161987305
VELIPARIB,3,NCIH1048,5.629053115844727,4.525747639895558,4.561603546142578
VELIPARIB,3,NCIH146,4.454762935638428,4.553285104496587,4.591277122497559
VELIPARIB,3,NCIH1623,5.0497612953186035,4.797340143692376,4.854263782501221
VELIPARIB,3,NCIH358,5.1904802322387695,4.829514239405243,4.8889336585998535
VELIPARIB,3,NCIH524,3.908838987350464,4.794777119508395,4.851501941680908
VELIPARIB,3,NCIH661,4.943508625030518,4.775872603596124,4.8311309814453125
VELIPARIB,3,NCIH810,4.627795696258545,4.4328464209367775,4.461495876312256
VELIPARIB,3,NCIH838,4.655539035797119,4.76972656718533,4.824508190155029
VELIPARIB,3,NOMO1,3.786367893218994,3.6832543319382305,3.653757095336914
VELIPARIB,3,OCILY19,3.4663031101226807,3.751680705490962,3.7274913787841797
VELIPARIB,3,RAJI,4.140056610107422,3.8038036432684126,3.7836575508117676
VELIPARIB,3,RERFLCKJ,4.571401119232178,4.640304023649141,4.685046195983887
VELIPARIB,3,RERFLCMS,4.674877166748047,4.630850659415302,4.674859523773193
VELIPARIB,3,RS411,3.2079484462738037,3.3932858917159785,3.3412954807281494
VELIPARIB,3,SHP77,3.945807456970215,4.421357948239173,4.449116230010986
VELIPARIB,3,ST486,3.401482105255127,3.9834199975223035,3.9772069454193115
VELIPARIB,3,SUDHL4,3.565247058868408,3.9451191146306877,3.9359350204467773
VELIPARIB,3,SUDHL5,3.1049985885620117,3.832417958586245,3.8144915103912354
VELIPARIB,3,SUPT1,4.209499359130859,3.7769582659988306,3.754729747772217
VELIPARIB,3,THP1,4.498477935791016,4.056369055583389,4.055814743041992
VELIPARIB,4,BL41,3.2223875522613525,3.5661451236012973,3.5440938472747803
VELIPARIB,4,CAL12T,4.483191967010498,4.925596956352466,5.027925491333008
VELIPARIB,4,CALU6,5.2132182121276855,4.61966289511431,4.694000720977783
VELIPARIB,4,COLO668,3.892096519470215,4.296617188510674,4.3413987159729
VELIPARIB,4,CORL88,4.3976850509643555,4.405418489708749,4.4601545333862305
VELIPARIB,4,EBC1,4.551528453826904,4.734504320104749,4.81934928894043
VELIPARIB,4,HCC15,4.4853315353393555,4.637505419049486,4.713475704193115
VELIPARIB,4,JEKO1,3.9205234050750732,3.71460739966483,3.706139326095581
VELIPARIB,4,JVM3,3.3184289932250977,4.048275310083701,4.070335388183594
VELIPARIB,4,KMS11,4.037007808685303,3.800059686233323,3.799409866333008
VELIPARIB,4,KMS12BM,3.781604528427124,3.9152499495608235,3.9251391887664795
VELIPARIB,4,L363,3.2601630687713623,3.8702897774147806,3.876065492630005
VELIPARIB,4,LP1,4.447571277618408,4.157799189377579,4.189879894256592
VELIPARIB,4,MOLM13,3.1870474815368652,3.835915330685545,3.83854603767395
VELIPARIB,4,NALM6,3.876354455947876,3.3992300203378742,3.3619072437286377
VELIPARIB,4,NB4,3.1705050468444824,3.7686753760075473,3.7651541233062744
VELIPARIB,4,NCIH1105,4.627261638641357,4.795851375185235,4.8863091468811035
VELIPARIB,4,NCIH1435,4.179767608642578,4.574328327908955,4.6445183753967285
VELIPARIB,4,NCIH1648,4.796940803527832,4.887256193703161,4.986076831817627
VELIPARIB,4,NCIH1793,5.698672294616699,4.697942916938036,4.77944278717041
VELIPARIB,4,NCIH1944,5.14705753326416,4.545553642988667,4.6131110191345215
VELIPARIB,4,NCIH2085,4.202441215515137,4.734816243176336,4.819689750671387
VELIPARIB,4,NCIH2110,4.547774791717529,4.865394929802271,4.962215423583984
VELIPARIB,4,NCIH2171,4.062876224517822,4.5431722807152575,4.610511779785156
VELIPARIB,4,NCIH2228,5.127155303955078,4.623582903127392,4.69827938079834
VELIPARIB,4,NCIH2291,6.341158866882324,4.828374816236165,4.921808242797852
VELIPARIB,4,NCIH23,4.083950519561768,4.796340666277919,4.886843204498291
VELIPARIB,4,NCIH2444,5.477895736694336,4.921738983460061,5.023714542388916
VELIPARIB,4,NCIH292,4.84424352645874,4.729894499024391,4.81431770324707
VELIPARIB,4,NCIH460,4.516144275665283,4.5085435773646445,4.572714805603027
VELIPARIB,4,NCIH596,5.455521583557129,4.899986499453885,4.999971866607666
VELIPARIB,4,NCIH650,4.887619495391846,4.725297347088398,4.809299945831299
VELIPARIB,4,NCIH727,4.8509650230407715,4.667142479520628,4.745824337005615
VELIPARIB,4,OCIAML3,3.437035083770752,3.895168045142524,3.9032199382781982
VELIPARIB,4,OPM2,3.976534605026245,3.7676513596492875,3.7640364170074463
VELIPARIB,4,P12ICHIKAWA,3.077444076538086,3.6864506631825806,3.6754064559936523
VELIPARIB,4,PL21,4.321028709411621,3.688247497347053,3.677367687225342
VELIPARIB,4,RPMI8402,3.7833120822906494,3.855986531861192,3.8604536056518555
VELIPARIB,4,SUPB15,3.027531385421753,3.2531314134323472,3.202441692352295
VELIPARIB,4,SW1271,5.183621883392334,4.595898201489469,4.66806173324585
VELIPARIB,5,BEN,4.106698036193848,4.443684947290204,4.471350193023682
VELIPARIB,5,CA46,4.851024150848389,3.6377199916499787,3.6156413555145264
VELIPARIB,5,CMK,3.244075059890747,4.546224820279105,4.58021879196167
VELIPARIB,5,CORL105,4.598873615264893,4.800120972410957,4.849785327911377
VELIPARIB,5,DAUDI,3.911220073699951,3.6390222086043984,3.6170239448547363
VELIPARIB,5,DMS79,4.965050220489502,4.53484372704167,4.5681352615356445
VELIPARIB,5,GDM1,4.648961067199707,3.6177129180935035,3.5943994522094727
VELIPARIB,5,GRANTA519,4.654597282409668,3.727051086664073,3.7104859352111816
VELIPARIB,5,HARA,3.8619179725646973,4.629322385298764,4.668445110321045
VELIPARIB,5,HCC78,4.693052768707275,4.732306884873241,4.777785778045654
VELIPARIB,5,HCC827,5.174092769622803,4.891781865821689,4.947103500366211
VELIPARIB,5,JURLMK1,3.424079418182373,4.104241741858161,4.11095666885376
VELIPARIB,5,KOPN8,4.050905227661133,3.3327119924763253,3.2918083667755127
VELIPARIB,5,KU812,3.6473023891448975,3.740224384335587,3.7244722843170166
VELIPARIB,5,L428,4.019730091094971,4.348306257035642,4.370084762573242
VELIPARIB,5,LCLC103H,4.628929138183594,4.735125997072893,4.780778884887695
VELIPARIB,5,LXF289,4.2427802085876465,4.746659341232055,4.793024063110352
VELIPARIB,5,MEG01,4.699667453765869,3.9872391540995773,3.9867327213287354
VELIPARIB,5,MOLP8,3.989232063293457,4.107805491309209,4.114740371704102
VELIPARIB,5,MOLT13,3.3465704917907715,3.4987524014462186,3.4680967330932617
VELIPARIB,5,MOLT16,3.2118256092071533,3.6076297751917377,3.5836939811706543
VELIPARIB,5,NCIH1092,5.439545154571533,4.310874986178897,4.330343246459961
VELIPARIB,5,NCIH1915,4.226164817810059,4.884245669755071,4.9391021728515625
VELIPARIB,5,NCIH2009,4.527101516723633,4.8973729328558555,4.953039646148682
VELIPARIB,5,NCIH2066,6.164770126342773,4.556696000928282,4.591336250305176
VELIPARIB,5,NCIH2122,4.232494354248047,4.753056125533416,4.799815654754639
VELIPARIB,5,NCIH2227,5.416211128234863,4.367828957084498,4.390812397003174
VELIPARIB,5,NCIH2347,5.385170936584473,5.065132340064425,5.131153106689453
VELIPARIB,5,NCIH441,6.086462497711182,4.968971286666356,5.029057025909424
VELIPARIB,5,NCIH446,4.185037136077881,4.317675976467144,4.337563991546631
VELIPARIB,5,NCIH82,4.964662551879883,4.238439476857778,4.253437042236328
VELIPARIB,5,OCIAML5,4.1333112716674805,4.3117462746395185,4.331268310546875
VELIPARIB,5,P31FUJ,3.8265678882598877,4.167032896332167,4.177623271942139
VELIPARIB,5,RCHACV,3.5797054767608643,3.52222756237018,3.49302077293396
VELIPARIB,5,RL,4.221323490142822,3.5213704211190993,3.4921107292175293
VELIPARIB,5,RPMI8226,2.990509033203125,4.304606649557813,4.32368803024292
VELIPARIB,5,SIGM5,3.842590093612671,3.9925219017893023,3.9923415184020996
VELIPARIB,5,SKLU1,3.5025269985198975,4.844859389275085,4.897284984588623
VELIPARIB,5,SUDHL10,4.151936054229736,3.7141786978939084,3.6968190670013428
VELIPARIB,5,SUPM2,3.452732563018799,3.736538474852945,3.7205588817596436
VISMODEGIB,1,A4FUK,3.654465913772583,3.9071746394908216,3.8764452934265137
VISMODEGIB,1,AMO1,3.288022518157959,3.983640664795239,3.9553210735321045
VISMODEGIB,1,BV173,3.2306840419769287,3.6787986407349402,3.6408722400665283
VISMODEGIB,1,CMK,3.781235933303833,4.6215418548084415,4.613325119018555
VISMODEGIB,1,COLO668,4.812421798706055,4.5200825528739745,4.508668422698975
VISMODEGIB,1,CORL279,4.306482791900635,4.576715612406661,4.567086219787598
VISMODEGIB,1,CORL88,4.230411529541016,5.117726800196857,5.125146865844727
VISMODEGIB,1,DMS114,4.709968566894531,4.996956203260489,5.000570297241211
VISMODEGIB,1,DOHH2,2.8840715885162354,3.99105338223397,3.9629673957824707
VISMODEGIB,1,EM2,4.5761494636535645,3.981960778594475,3.9535882472991943
VISMODEGIB,1,EPLC272H,5.363240718841553,4.902268682546437,4.902898788452148
VISMODEGIB,1,HARA,5.180157661437988,4.66810946521195,4.661360263824463
VISMODEGIB,1,HCC827,5.526762008666992,5.087290535104812,5.093751430511475
VISMODEGIB,1,JVM3,3.9141714572906494,4.213535680077182,4.192461013793945
VISMODEGIB,1,KARPAS422,4.229991436004639,3.4477340844271485,3.4025259017944336
VISMODEGIB,1,L428,4.536872863769531,4.109785834354938,4.085441589355469
VISMODEGIB,1,LCLC103H,4.917233467102051,4.828173404732559,4.826468467712402
VISMODEGIB,1,MOLM13,3.8240175247192383,4.383711757914167,4.368000030517578
VISMODEGIB,1,NALM6,3.34733510017395,3.7951064910058783,3.760845422744751
VISMODEGIB,1,NB4,3.362056016921997,3.704056104201461,3.6669256687164307
VISMODEGIB,1,NCIH1048,4.7540669441223145,4.577192211931424,4.567577838897705
VISMODEGIB,1,NCIH146,4.847504615783691,5.035057353629052,5.039872169494629
VISMODEGIB,1,NCIH1651,4.381867408752441,4.918314045790388,4.919449806213379
VISMODEGIB,1,NCIH1792,4.623750686645508,4.949802435536516,4.951930522918701
VISMODEGIB,1,NCIH1793,5.943260669708252,5.0180407628375505,5.022319316864014
VISMODEGIB,1,NCIH209,5.055970191955566,4.732590006347324,4.727872848510742
VISMODEGIB,1,NCIH211,3.964613437652588,4.930698237127334,4.932224273681641
VISMODEGIB,1,NCIH2291,6.572759628295898,4.956772992504408,4.959120750427246
VISMODEGIB,1,NCIH2444,5.830776691436768,5.095551285354579,5.1022725105285645
VISMODEGIB,1,NCIH292,3.705354928970337,5.04386912874159,5.048961639404297
VISMODEGIB,1,NCIH441,6.452869415283203,4.908492674788343,4.909318923950195
VISMODEGIB,1,NCIH522,5.409842014312744,4.6517497589254795,4.644484996795654
VISMODEGIB,1,NCIH524,3.553813934326172,4.801701560129713,4.7991623878479
VISMODEGIB,1,NCIH647,4.898662567138672,5.205794163981592,5.215989589691162
VISMODEGIB,1,NCIH929,3.764404058456421,3.94278508351659,3.913177967071533
VISMODEGIB,1,P12ICHIKAWA,3.066786050796509,3.8619896762052233,3.829836368560791
VISMODEGIB,1,REH,3.3219144344329834,3.75735712748343,3.7219064235687256
VISMODEGIB,1,RPMI8402,3.6811840534210205,3.8766900672694473,3.8450000286102295
VISMODEGIB,1,SUDHL10,4.140952110290527,3.88530745819172,3.853888988494873
VISMODEGIB,1,SUDHL5,2.871767997741699,3.7746545468018895,3.739748954772949
VISMODEGIB,1,SW1271,4.874664306640625,4.431478956840235,4.417272567749023
VISMODEGIB,2,ALLSIL,3.6444449424743652,3.470118682025147,3.484496593475342
VISMODEGIB,2,CA46,5.0264973640441895,3.4773081644241706,3.49160099029541
VISMODEGIB,2,CORL23,4.8650407791137695,4.754940808108148,4.75411319732666
VISMODEGIB,2,DMS53,4.807785987854004,4.915320938292857,4.912595272064209
VISMODEGIB,2,HCC33,3.791304111480713,4.500956502725086,4.503134727478027
VISMODEGIB,2,HCC366,5.073975086212158,4.87558311189111,4.873327732086182
VISMODEGIB,2,HCC78,5.085155963897705,5.210977604941594,5.2047529220581055
VISMODEGIB,2,HEL,3.982717514038086,3.7638116196569817,3.7747137546539307
VISMODEGIB,2,HH,4.370530605316162,3.958165781860248,3.9667677879333496
VISMODEGIB,2,HL60,3.8194949626922607,3.735066236308445,3.7463085651397705
VISMODEGIB,2,HT,5.022324562072754,3.3787670408115345,3.39422607421875
VISMODEGIB,2,JM1,3.803330898284912,3.730849249484828,3.7421414852142334
VISMODEGIB,2,KMS12BM,2.836230993270874,4.221937607982916,4.227417945861816
VISMODEGIB,2,KU812,3.6309854984283447,4.012808550361534,4.020763874053955
VISMODEGIB,2,L540,3.312333583831787,3.87191105371729,3.8815338611602783
VISMODEGIB,2,LOUCY,3.3281350135803223,3.551104951289485,3.5645244121551514
VISMODEGIB,2,MM1S,4.084285736083984,3.8283688190174097,3.8385069370269775
VISMODEGIB,2,MOLP8,4.194037437438965,4.174978933563249,4.1810150146484375
VISMODEGIB,2,NCIH1092,5.488525390625,4.707112582223078,4.706851005554199
VISMODEGIB,2,NCIH1105,4.1119704246521,4.633020234718163,4.633635520935059
VISMODEGIB,2,NCIH1155,3.2584500312805176,4.8558903287040405,4.853868007659912
VISMODEGIB,2,NCIH1436,5.276383399963379,4.590595098598976,4.591712474822998
VISMODEGIB,2,NCIH1650,5.055830955505371,5.503607730640827,5.493919849395752
VISMODEGIB,2,NCIH1915,4.816924571990967,4.650923729984194,4.651327133178711
VISMODEGIB,2,NCIH2023,4.5183234214782715,4.878165708696237,4.875879764556885
VISMODEGIB,2,NCIH2029,4.486273765563965,4.736214085983085,4.735608100891113
VISMODEGIB,2,NCIH2170,5.117316722869873,4.915829543866961,4.913097858428955
VISMODEGIB,2,NCIH2171,3.95757794380188,4.41073691907964,4.41398286819458
VISMODEGIB,2,NCIH2172,5.463696002960205,5.150594928182278,5.145084857940674
VISMODEGIB,2,NCIH2227,5.761473178863525,4.595025371631087,4.596090316772461
VISMODEGIB,2,NCIH2228,6.0583577156066895,4.851223124612265,4.8492560386657715
VISMODEGIB,2,NCIH460,5.087390899658203,4.7984507120931665,4.797108173370361
VISMODEGIB,2,NCIH526,4.0316243171691895,4.38618294751162,4.389719486236572
VISMODEGIB,2,NCIH810,4.694822788238525,4.742174518669355,4.741497993469238
VISMODEGIB,2,OCIM1,3.7355539798736572,3.7899473835133435,3.8005402088165283
VISMODEGIB,2,P31FUJ,4.5128173828125,3.7621726454326523,3.7730941772460938
VISMODEGIB,2,SIGM5,0.1826220005750656,4.041676018349776,4.049289703369141
VISMODEGIB,2,SUDHL1,4.279594898223877,3.7168835870342374,3.7283411026000977
VISMODEGIB,2,SUDHL6,3.0285561084747314,3.9316495289192743,3.940565347671509
VISMODEGIB,2,THP1,4.643989086151123,4.109675232473089,4.11648416519165
VISMODEGIB,2,WSUDLCL2,3.9074900150299072,4.051171115011671,4.0586724281311035
VISMODEGIB,3,697,3.06477952003479,3.3401390255872223,3.334412097930908
VISMODEGIB,3,A3KAW,3.81789493560791,4.289416230036179,4.326813220977783
VISMODEGIB,3,BEN,5.262208938598633,4.7465290073084425,4.804691791534424
VISMODEGIB,3,CAL12T,4.122566223144531,4.587421847250126,4.638356685638428
VISMODEGIB,3,CALU6,5.0090765953063965,4.80202836522369,4.862712383270264
VISMODEGIB,3,CHAGOK1,4.69411563873291,4.7786783871688625,4.838301658630371
VISMODEGIB,3,CORL311,4.522596836090088,4.293322412757674,4.330896854400635
VISMODEGIB,3,CORL95,4.896542549133301,4.347738949820419,4.3877854347229
VISMODEGIB,3,DB,3.5130059719085693,3.573001839277652,3.5778534412384033
VISMODEGIB,3,EBC1,4.938044548034668,4.934491473007814,5.001193046569824
VISMODEGIB,3,GA10,3.8515141010284424,3.581260514831922,3.586487293243408
VISMODEGIB,3,HCC15,4.863235950469971,5.069583180864799,5.142421722412109
VISMODEGIB,3,IALM,4.851528644561768,4.878062549423906,4.942200660705566
VISMODEGIB,3,JURKAT,3.829730987548828,3.804795971730755,3.8201775550842285
VISMODEGIB,3,K562,3.9419569969177246,4.237774706480858,4.272825717926025
VISMODEGIB,3,KOPN8,3.522817611694336,3.08844520924052,3.071284294128418
VISMODEGIB,3,LOUNH91,5.477392673492432,5.110912363790706,5.185628414154053
VISMODEGIB,3,LU65,5.239975452423096,4.576449049757012,4.626885414123535
VISMODEGIB,3,LXF289,4.563053131103516,5.1943151119640385,5.272819995880127
VISMODEGIB,3,ME1,4.721515655517578,3.7988306505346916,3.813941240310669
VISMODEGIB,3,MEG01,3.913191556930542,4.190599020738027,4.223506927490234
VISMODEGIB,3,NCIH1568,6.500522136688232,4.70495808257469,4.761232376098633
VISMODEGIB,3,NCIH1836,5.596879482269287,4.528690903092258,4.576957702636719
VISMODEGIB,3,NCIH2066,6.085737228393555,4.646044691769391,4.699642658233643
VISMODEGIB,3,NCIH23,4.364891052246094,4.867296828875626,4.930945873260498
VISMODEGIB,3,NCIH69,4.2141876220703125,4.293310553725592,4.3308844566345215
VISMODEGIB,3,NCIH838,5.247964859008789,4.818813456787335,4.880259990692139
VISMODEGIB,3,NCIH841,3.859875440597534,4.661354246071937,4.7156476974487305
VISMODEGIB,3,NOMO1,3.6888294219970703,4.035939453827457,4.061821460723877
VISMODEGIB,3,OCIAML3,4.115363121032715,3.9328349763729884,3.954033136367798
VISMODEGIB,3,OCILY19,3.6055634021759033,3.6456826540980876,3.6538360118865967
VISMODEGIB,3,PF382,4.203582763671875,3.4857588172342084,3.486647129058838
VISMODEGIB,3,PL21,4.677007675170898,3.9266083003544807,3.947523593902588
VISMODEGIB,3,RL,4.794882774353027,3.4201078997975953,3.41801381111145
VISMODEGIB,3,RS411,3.3602426052093506,3.3445131839593785,3.338984966278076
VISMODEGIB,3,SKM1,3.277556896209717,3.9960246885357584,4.0200934410095215
VISMODEGIB,3,SKMM2,5.4607720375061035,4.466548206627432,4.51199197769165
VISMODEGIB,3,ST486,3.5679171085357666,3.176013898549628,3.1628310680389404
VISMODEGIB,3,SUDHL4,2.9350929260253906,3.8027151677168054,3.818002223968506
VISMODEGIB,3,SUPB15,3.8015029430389404,3.7611608912396304,3.7745602130889893
VISMODEGIB,3,SW1573,5.4482293128967285,4.547707317153983,4.596837997436523
VISMODEGIB,4,A549,4.04774808883667,4.785285702488723,4.793184280395508
VISMODEGIB,4,BL41,2.5855484008789062,3.631941046539723,3.6103789806365967
VISMODEGIB,4,DMS79,5.193422794342041,4.697802479213741,4.703466415405273
VISMODEGIB,4,DND41,3.376518487930298,3.6752607066426988,3.6548051834106445
VISMODEGIB,4,EHEB,5.358942985534668,4.347908177824408,4.344634532928467
VISMODEGIB,4,EJM,4.525726795196533,4.294460983452522,4.289822101593018
VISMODEGIB,4,GDM1,5.061388969421387,3.386052567604164,3.3582096099853516
VISMODEGIB,4,JEKO1,3.6868479251861572,3.9083485941502,3.8938469886779785
VISMODEGIB,4,JURLMK1,3.3397610187530518,4.118068968412396,4.108924388885498
VISMODEGIB,4,JVM2,5.214512348175049,4.23881220173526,4.232751846313477
VISMODEGIB,4,KG1,3.847745418548584,4.037391370052779,4.026185989379883
VISMODEGIB,4,KMS11,4.355476379394531,4.139094476281005,4.130486965179443
VISMODEGIB,4,KNS62,5.075237274169922,4.6409950162579,4.64520788192749
VISMODEGIB,4,L1236,3.839705467224121,4.033621471384078,4.022319793701172
VISMODEGIB,4,LAMA84,3.1548686027526855,4.113818300722549,4.104565143585205
VISMODEGIB,4,MOLM16,3.7146294116973877,4.057367927329802,4.046672821044922
VISMODEGIB,4,NAMALWA,3.2869555950164795,3.638824552316831,3.617438316345215
VISMODEGIB,4,NCIH1437,4.744863510131836,4.867823607283153,4.877830505371094
VISMODEGIB,4,NCIH1623,5.559472560882568,5.056853245142139,5.071688652038574
VISMODEGIB,4,NCIH1648,4.435547828674316,5.214924426777869,5.233797550201416
VISMODEGIB,4,NCIH1876,4.233154773712158,4.620780399272149,4.624476909637451
VISMODEGIB,4,NCIH1944,5.514774322509766,4.989986829571758,5.003114223480225
VISMODEGIB,4,NCIH2009,4.79822301864624,5.088581675735816,5.104227542877197
VISMODEGIB,4,NCIH2030,4.581350326538086,5.089396286301623,5.105062961578369
VISMODEGIB,4,NCIH2081,4.354837894439697,4.784779825607674,4.792665481567383
VISMODEGIB,4,NCIH2087,4.899172782897949,5.059268714257076,5.0741658210754395
VISMODEGIB,4,NCIH2122,4.558807373046875,4.903286599557518,4.914199352264404
VISMODEGIB,4,NCIH2342,5.3210015296936035,5.068177354919671,5.083302021026611
VISMODEGIB,4,NCIH2405,5.999279975891113,5.010052194279185,5.0236921310424805
VISMODEGIB,4,NCIH446,4.290341854095459,4.221951808848671,4.215460777282715
VISMODEGIB,4,NCIH650,4.865990161895752,4.8546508150800225,4.864321231842041
VISMODEGIB,4,NCIH661,5.142423152923584,5.135095846051337,5.15192985534668
VISMODEGIB,4,NCIH82,4.0426859855651855,4.348862276500799,4.3456130027771
VISMODEGIB,4,NUDUL1,3.5129730701446533,3.424497815682802,3.397636890411377
VISMODEGIB,4,OCIAML2,3.753376007080078,3.910578079117692,3.8961334228515625
VISMODEGIB,4,OPM2,3.7498040199279785,3.935754985637449,3.9219534397125244
VISMODEGIB,4,RAJI,3.4800820350646973,3.382038099781573,3.354092597961426
VISMODEGIB,4,RERFLCMS,4.863822937011719,4.923953622981928,4.935394287109375
VISMODEGIB,4,SKLU1,4.967251777648926,5.081281797948616,5.096741199493408
VISMODEGIB,4,SUDHL8,3.631200075149536,3.5877488883050472,3.5650579929351807
VISMODEGIB,5,ABC1,4.58301305770874,4.939613446255875,4.922475814819336
VISMODEGIB,5,CALU3,4.67317008972168,5.0809912438722336,5.067316055297852
VISMODEGIB,5,CMLT1,3.2556838989257812,3.218751185105081,3.159468412399292
VISMODEGIB,5,CORL105,5.089478969573975,4.923736882300768,4.906210422515869
VISMODEGIB,5,DAUDI,3.942692995071411,3.5673681536749458,3.5166232585906982
VISMODEGIB,5,DMS273,3.479316473007202,4.395719069613869,4.365261077880859
VISMODEGIB,5,GRANTA519,4.994190216064453,4.287334327390836,4.2542219161987305
VISMODEGIB,5,HCC44,3.959094524383545,4.857717259960521,4.838573932647705
VISMODEGIB,5,HDLM2,4.5275468826293945,3.6129259471952704,3.5632967948913574
VISMODEGIB,5,KCL22,4.423158645629883,4.337437823525201,4.3055524826049805
VISMODEGIB,5,KMH2,4.129386901855469,4.142979121324979,4.1063313484191895
VISMODEGIB,5,L363,3.664263963699341,3.843740263385565,3.7997639179229736
VISMODEGIB,5,LCLC97TM1,4.08111572265625,4.99755352611139,4.981834888458252
VISMODEGIB,5,LP1,4.077267646789551,4.0766872176117515,4.038415908813477
VISMODEGIB,5,MHHCALL2,3.6879920959472656,4.188229958323115,4.152690410614014
VISMODEGIB,5,MOLT13,3.4406650066375732,3.7656616015708706,3.719773054122925
VISMODEGIB,5,MOLT16,3.053847074508667,3.7523400608584585,3.706125259399414
VISMODEGIB,5,MONOMAC6,4.089845657348633,4.064767809610627,4.026204586029053
VISMODEGIB,5,NCIH1341,4.252137184143066,4.312414467190927,4.279916286468506
VISMODEGIB,5,NCIH1435,4.982852458953857,4.93658251240827,4.919370651245117
VISMODEGIB,5,NCIH1781,5.280016899108887,4.916348515608987,4.898641109466553
VISMODEGIB,5,NCIH196,4.7960028648376465,4.771243953969629,4.749982833862305
VISMODEGIB,5,NCIH1963,4.693726539611816,4.396449807657595,4.366009712219238
VISMODEGIB,5,NCIH1975,4.928816795349121,5.3592716503849385,5.35241174697876
VISMODEGIB,5,NCIH2085,4.807424545288086,4.714283621618598,4.691627502441406
VISMODEGIB,5,NCIH2110,4.724733829498291,5.146192160340562,5.134113788604736
VISMODEGIB,5,NCIH2196,5.956739902496338,4.717307573892538,4.694725513458252
VISMODEGIB,5,NCIH2347,5.999744415283203,5.247364006089957,5.237763404846191
VISMODEGIB,5,NCIH358,5.703436374664307,5.198369649292023,5.1875691413879395
VISMODEGIB,5,NCIH596,5.180118560791016,4.863224325268393,4.8442158699035645
VISMODEGIB,5,NCIH727,4.921459197998047,4.92727607471127,4.909836292266846
VISMODEGIB,5,OCIAML5,3.772200107574463,4.47259131549905,4.444015979766846
VISMODEGIB,5,RCHACV,3.6489105224609375,3.695237537123761,3.6476242542266846
VISMODEGIB,5,RERFLCKJ,5.2340264320373535,5.018217122410265,5.003004550933838
VISMODEGIB,5,RPMI8226,3.483067512512207,4.524198642601108,4.49688720703125
VISMODEGIB,5,SBC5,4.841652870178223,4.3662996490611325,4.335121154785156
VISMODEGIB,5,SHP77,3.6040914058685303,4.435802611222552,4.4063262939453125
VISMODEGIB,5,SKMES1,5.0762939453125,5.020620180066159,5.005466461181641
VISMODEGIB,5,SUPM2,3.3972299098968506,3.757232747683708,3.7111377716064453
VISMODEGIB,5,SUPT1,3.7007319927215576,3.682100309956136,3.6341652870178223
VORINOSTAT,1,A4FUK,-0.09973599761724472,0.28773282552124996,0.30201655626296997
VORINOSTAT,1,ABC1,1.3739855289459229,2.058797616072078,2.0627307891845703
VORINOSTAT,1,AMO1,-0.08653300255537033,0.7912274355920847,0.8025686144828796
VORINOSTAT,1,CORL105,1.7614035606384277,1.9771676335284514,1.9815778732299805
VORINOSTAT,1,CORL88,0.37629950046539307,1.1483289314769285,1.1575831174850464
VORINOSTAT,1,CORL95,2.616441011428833,0.7127191319816353,0.7245191335678101
VORINOSTAT,1,DMS53,1.8699469566345215,1.705290844365629,1.7112900018692017
VORINOSTAT,1,DND41,0.6427410244941711,0.09320851926317741,0.10862910002470016
VORINOSTAT,1,DOHH2,-0.22620399296283722,0.04718463434059876,0.0628741905093193
VORINOSTAT,1,HCC33,0.36507299542427063,0.4152819515370879,0.42882025241851807
VORINOSTAT,1,HCC78,1.261206030845642,2.0721930103518735,2.076047897338867
VORINOSTAT,1,HT,0.7222610116004944,0.16345268796552184,0.17846274375915527
VORINOSTAT,1,JM1,0.2543579936027527,0.36190560051098336,0.37575584650039673
VORINOSTAT,1,KCL22,0.5628969073295593,1.2108650332544486,1.2197537422180176
VORINOSTAT,1,L1236,-0.0818134993314743,0.6323985674551904,0.6446679830551147
VORINOSTAT,1,LU65,3.098759412765503,1.9539170700182436,1.958463191986084
VORINOSTAT,1,MHHCALL2,0.27624401450157166,0.3436773505751001,0.35763412714004517
VORINOSTAT,1,MM1S,-0.03294900059700012,0.16057364706877048,0.17560052871704102
VORINOSTAT,1,MOLP8,-0.060846999287605286,0.27425721140139087,0.2886196970939636
VORINOSTAT,1,NB4,-0.9326289892196655,0.1686663780192807,0.18364596366882324
VORINOSTAT,1,NCIH1048,1.4882107973098755,1.2178864875963968,1.2267341613769531
VORINOSTAT,1,NCIH1155,0.922949492931366,1.272426985584022,1.2809559106826782
VORINOSTAT,1,NCIH1436,0.9983810186386108,0.7646091376751416,0.7761058807373047
VORINOSTAT,1,NCIH1651,1.181257963180542,2.361142476059409,2.3633086681365967
VORINOSTAT,1,NCIH1836,1.5886249542236328,0.8848316382085804,0.8956257700920105
VORINOSTAT,1,NCIH1876,0.7608759999275208,0.8203085665360322,0.8314797878265381
VORINOSTAT,1,NCIH196,1.8544889688491821,1.7263975356478893,1.7322733402252197
VORINOSTAT,1,NCIH2009,0.6136289834976196,2.4122560640183686,2.41412353515625
VORINOSTAT,1,NCIH211,0.24892300367355347,1.0899182159139786,1.0995137691497803
VORINOSTAT,1,NCIH2170,1.3718723058700562,1.8263925855227838,1.8316839933395386
VORINOSTAT,1,NCIH2227,0.5258579850196838,1.083899329707713,1.0935300588607788
VORINOSTAT,1,NCIH2342,3.1568994522094727,1.8843741429279048,1.8893266916275024
VORINOSTAT,1,NCIH358,2.2905797958374023,2.425899911973219,2.427687644958496
VORINOSTAT,1,NCIH522,3.7630279064178467,1.1569828415776593,1.1661864519119263
VORINOSTAT,1,NCIH650,1.3063381910324097,1.8484540008208683,1.85361647605896
VORINOSTAT,1,NCIH727,3.243424892425537,2.0054947099668086,2.009739398956299
VORINOSTAT,1,NCIH82,0.8749560117721558,0.7324107045157487,0.7440956234931946
VORINOSTAT,1,NCIH929,-0.17535099387168884,0.4026105143340994,0.41622287034988403
VORINOSTAT,1,SIGM5,-0.7904090285301208,0.6785373861844969,0.69053715467453
VORINOSTAT,1,SUPT1,0.22230499982833862,0.30966413838814016,0.32381969690322876
VORINOSTAT,1,THP1,0.6320149898529053,0.5308013391154086,0.5436645150184631
VORINOSTAT,2,A3KAW,-0.6400219798088074,0.37369676935966817,0.4074745774269104
VORINOSTAT,2,CMK,0.17134399712085724,1.342532822796291,1.4053698778152466
VORINOSTAT,2,EBC1,1.4817250967025757,1.8607820360773015,1.9391634464263916
VORINOSTAT,2,EJM,0.608955979347229,0.49005601691333955,0.5273239016532898
VORINOSTAT,2,GA10,-0.10130400210618973,0.23620188053310598,0.26585566997528076
VORINOSTAT,2,GRANTA519,1.4924230575561523,0.21781360990076906,0.24691586196422577
VORINOSTAT,2,HARA,1.187091588973999,1.4406204200697714,1.5063995122909546
VORINOSTAT,2,HCC366,1.8128268718719482,2.0164468994819242,2.0994973182678223
VORINOSTAT,2,HL60,-0.028166500851511955,0.3131523319416317,0.34511417150497437
VORINOSTAT,2,IALM,3.02384090423584,1.3957641326212014,1.4601978063583374
VORINOSTAT,2,JEKO1,0.09734100103378296,0.4163775902913249,0.45143556594848633
VORINOSTAT,2,JVM3,-0.03558000177145004,0.39754576881214115,0.43203890323638916
VORINOSTAT,2,K562,0.9375315308570862,1.3676286082490008,1.4312183856964111
VORINOSTAT,2,L540,0.8715825080871582,0.2908389422966445,0.32213151454925537
VORINOSTAT,2,MEG01,0.8816260099411011,0.5676110249867283,0.6072050929069519
VORINOSTAT,2,MOLM13,-0.7557169795036316,0.2898316757791175,0.3210940361022949
VORINOSTAT,2,MOLM16,0.41985398530960083,0.5116420520335194,0.5495573878288269
VORINOSTAT,2,MONOMAC6,0.21679100394248962,0.6174112283488846,0.658499002456665
VORINOSTAT,2,NALM6,0.7787969708442688,0.08115180935954712,0.10615503042936325
VORINOSTAT,2,NCIH1650,2.8094544410705566,1.9184355734522738,1.9985462427139282
VORINOSTAT,2,NCIH1781,3.2691755294799805,1.6746740670266131,1.7474733591079712
VORINOSTAT,2,NCIH1792,1.4325581789016724,1.8632470208285703,1.9417023658752441
VORINOSTAT,2,NCIH1975,1.2797040939331055,1.8922746525565213,1.9716006517410278
VORINOSTAT,2,NCIH2023,2.0985305309295654,1.8447791948908807,1.9226806163787842
VORINOSTAT,2,NCIH2081,0.7771095037460327,1.0213876003167686,1.0745922327041626
VORINOSTAT,2,NCIH2085,2.2495384216308594,1.7019697975517292,1.775587797164917
VORINOSTAT,2,NCIH2087,2.0702364444732666,1.8934734652175056,1.9728354215621948
VORINOSTAT,2,NCIH2122,0.8060359954833984,1.7255679352120916,1.7998937368392944
VORINOSTAT,2,NCIH2228,2.3373630046844482,1.8550545170433068,1.933264136314392
VORINOSTAT,2,NCIH2291,3.1495115756988525,1.8258390427831315,1.9031723737716675
VORINOSTAT,2,NCIH2444,1.6194775104522705,1.97528056619994,2.057096242904663
VORINOSTAT,2,NCIH596,2.5000956058502197,1.80582819981549,1.8825613260269165
VORINOSTAT,2,NOMO1,1.3285030126571655,0.1069017957815965,0.132677361369133
VORINOSTAT,2,OCIAML2,0.5350189805030823,0.3194146755852432,0.35156434774398804
VORINOSTAT,2,OCIAML5,0.23740063607692719,0.8479068622893167,0.8959081172943115
VORINOSTAT,2,P31FUJ,0.5972970128059387,0.6971444227786858,0.7406237125396729
VORINOSTAT,2,RCHACV,-0.5025420188903809,0.45663005750156443,0.49289536476135254
VORINOSTAT,2,SKMM2,0.4034765064716339,0.3968978683220669,0.4313715696334839
VORINOSTAT,2,SUDHL10,-0.11225000023841858,0.11742728529902718,0.14351855218410492
VORINOSTAT,2,SUPM2,0.32345050573349,0.39875893296665316,0.43328845500946045
VORINOSTAT,2,WSUDLCL2,0.3166019916534424,0.4443597041419831,0.48025697469711304
VORINOSTAT,3,697,-0.14313599467277527,0.31299889256779206,0.30104073882102966
VORINOSTAT,3,A549,1.3431893587112427,1.8619463994512788,1.9233602285385132
VORINOSTAT,3,BL41,0.11790800094604492,0.18946713396249354,0.17165741324424744
VORINOSTAT,3,CA46,0.07225749641656876,0.2292742474375066,0.21335014700889587
VORINOSTAT,3,CAL12T,2.153926372528076,1.9337518106924043,1.99856698513031
VORINOSTAT,3,CORL23,0.9914349913597107,1.337245611594263,1.3738049268722534
VORINOSTAT,3,CORL279,0.6240879893302917,0.7729160628481693,0.7827436923980713
VORINOSTAT,3,DMS273,0.9461135268211365,1.01706652576111,1.038459300994873
VORINOSTAT,3,DMS79,1.608994960784912,1.057369657468099,1.0806715488433838
VORINOSTAT,3,HCC44,1.305690050125122,1.0567289767366184,1.0800005197525024
VORINOSTAT,3,HCC827,1.532723307609558,2.0132329845646013,2.081813097000122
VORINOSTAT,3,HDLM2,0.5876290202140808,0.5528157120234056,0.552217423915863
VORINOSTAT,3,HEL,-0.04186899960041046,0.3271409323452881,0.31585267186164856
VORINOSTAT,3,HH,0.580800473690033,0.2472511523572599,0.23217859864234924
VORINOSTAT,3,JURLMK1,0.9482093453407288,0.4383859391928978,0.4323672354221344
VORINOSTAT,3,KARPAS422,0.4121834933757782,0.30806181527352644,0.2958697974681854
VORINOSTAT,3,KMS11,0.7568039894104004,0.467761645838959,0.46313443779945374
VORINOSTAT,3,LOUNH91,1.8085126876831055,1.8229274746537398,1.882493019104004
VORINOSTAT,3,LP1,0.8517850041389465,0.3151547735547052,0.3032987415790558
VORINOSTAT,3,ME1,0.43192899227142334,0.46020021324781873,0.45521482825279236
VORINOSTAT,3,NAMALWA,0.04077500104904175,0.16024786996440174,0.14105406403541565
VORINOSTAT,3,NCIH1568,1.8844470977783203,1.9125663234026393,1.9763779640197754
VORINOSTAT,3,NCIH1623,2.485668897628784,2.151300877286133,2.2264211177825928
VORINOSTAT,3,NCIH1793,4.275208473205566,2.0138148214626876,2.0824224948883057
VORINOSTAT,3,NCIH2066,2.785050392150879,1.3041205170184762,1.3391107320785522
VORINOSTAT,3,NCIH2110,1.5150539875030518,1.926782401697781,1.991267442703247
VORINOSTAT,3,NCIH2171,1.5613189935684204,0.955093270318337,0.9735504388809204
VORINOSTAT,3,NCIH661,1.2449480295181274,1.5033828095697914,1.5478118658065796
VORINOSTAT,3,OCIAML3,0.5938159823417664,0.40338262229860206,0.39570584893226624
VORINOSTAT,3,OCIM1,-0.25743600726127625,0.3969413281723514,0.38895943760871887
VORINOSTAT,3,RL,0.5857314467430115,0.16733422680972587,0.14847609400749207
VORINOSTAT,3,RPMI8226,0.015352499671280384,0.4327830274201884,0.4264989197254181
VORINOSTAT,3,RPMI8402,-0.510906994342804,0.05167547896452545,0.02733871527016163
VORINOSTAT,3,RS411,-0.19010500609874725,0.013403484759570804,-0.012746182270348072
VORINOSTAT,3,SHP77,1.917451024055481,0.9009938205822748,0.9168883562088013
VORINOSTAT,3,SKM1,0.17013399302959442,0.32875851176539794,0.31754687428474426
VORINOSTAT,3,ST486,0.37440600991249084,0.4066997869066369,0.399180144071579
VORINOSTAT,3,SUDHL1,0.6910194754600525,0.8861146963462486,0.9013044238090515
VORINOSTAT,3,SUPB15,0.2921780049800873,0.068188744897632,0.044634196907281876
VORINOSTAT,3,SW1271,2.5444371700286865,1.8527389898840676,1.9137166738510132
VORINOSTAT,3,SW1573,2.709102153778076,1.4872300065763246,1.5308939218521118
VORINOSTAT,4,ALLSIL,-0.19148050248622894,0.26308267401365465,0.28182554244995117
VORINOSTAT,4,BEN,1.5543674230575562,1.1581266517488864,1.2148420810699463
VORINOSTAT,4,CALU6,2.559900999069214,1.272260137151932,1.333817720413208
VORINOSTAT,4,CHAGOK1,2.448967933654785,2.029284752068249,2.1229593753814697
VORINOSTAT,4,COLO668,0.7756731510162354,1.2526022898975004,1.3133258819580078
VORINOSTAT,4,DB,-0.9397140145301819,0.21845924181416393,0.2353089451789856
VORINOSTAT,4,EHEB,-0.03343899920582771,0.4650251482007612,0.4923354983329773
VORINOSTAT,4,HCC15,1.5524423122406006,2.1946486243543832,2.2953388690948486
VORINOSTAT,4,JURKAT,0.026869000867009163,0.11472955582599902,0.12717849016189575
VORINOSTAT,4,JVM2,1.4823964834213257,0.2721447153985626,0.29127204418182373
VORINOSTAT,4,KMH2,1.3948559761047363,0.3314133570166548,0.3530551791191101
VORINOSTAT,4,KOPN8,0.12552900612354279,0.04616134488571683,0.05570124834775925
VORINOSTAT,4,LOUCY,-0.03182400017976761,0.2772661645158652,0.2966107726097107
VORINOSTAT,4,MOLT13,-0.7263590097427368,0.027907752104058756,0.03667324036359787
VORINOSTAT,4,NCIH1092,0.9141950011253357,0.7716911333278333,0.8120118975639343
VORINOSTAT,4,NCIH1341,0.9630810022354126,1.2409023611455612,1.3011295795440674
VORINOSTAT,4,NCIH1435,2.244807720184326,1.5158944857870291,1.5877883434295654
VORINOSTAT,4,NCIH146,-0.2987945079803467,1.1437862054045094,1.1998932361602783
VORINOSTAT,4,NCIH1648,1.5698720216751099,1.7515387814266299,1.8334299325942993
VORINOSTAT,4,NCIH1915,1.976205587387085,1.621418671647889,1.6977894306182861
VORINOSTAT,4,NCIH1963,0.1437074989080429,0.8908018057025401,0.9361758828163147
VORINOSTAT,4,NCIH2029,1.7984299659729004,1.1001583135212147,1.154414415359497
VORINOSTAT,4,NCIH2030,2.1701929569244385,1.5049310201487882,1.576359748840332
VORINOSTAT,4,NCIH2196,1.7294585704803467,1.316829535372972,1.3802779912948608
VORINOSTAT,4,NCIH2347,2.3228952884674072,1.8196193071219877,1.904398798942566
VORINOSTAT,4,NCIH292,2.3789589405059814,1.8726122881000198,1.9596400260925293
VORINOSTAT,4,NCIH460,0.9370049834251404,1.6504975288763433,1.7281019687652588
VORINOSTAT,4,NCIH524,0.2258860021829605,1.3116748653652144,1.3749046325683594
VORINOSTAT,4,NCIH647,1.7397630214691162,1.906093685227723,1.994541883468628
VORINOSTAT,4,NCIH69,0.6709960103034973,0.8850260594260719,0.9301550984382629
VORINOSTAT,4,NCIH841,0.7044529914855957,1.230912193265191,1.2907155752182007
VORINOSTAT,4,OPM2,0.37516701221466064,0.38261944290414407,0.40643370151519775
VORINOSTAT,4,PF382,0.29280200600624084,0.08042094566073647,0.09141432493925095
VORINOSTAT,4,PL21,0.4210122525691986,0.2357331899896888,0.2533157467842102
VORINOSTAT,4,RAJI,0.3361609876155853,0.292776603735436,0.3127792477607727
VORINOSTAT,4,REH,0.4068779945373535,0.273807589643328,0.29300546646118164
VORINOSTAT,4,RERFLCMS,1.8828380107879639,1.5644638850625636,1.6384183168411255
VORINOSTAT,4,SBC5,0.7976129651069641,1.347269477070252,1.412009358406067
VORINOSTAT,4,SUDHL5,-0.6401360034942627,0.2828320073691666,0.302412748336792
VORINOSTAT,4,SUDHL8,0.9996510148048401,0.4840779864329842,0.5121966600418091
VORINOSTAT,5,BV173,-0.1710370033979416,0.29184426435272126,0.2782743573188782
VORINOSTAT,5,CALU3,2.185091018676758,1.8471464831453939,1.8965243101119995
VORINOSTAT,5,CMLT1,0.0820389986038208,0.15108389830360877,0.13181699812412262
VORINOSTAT,5,CORL311,0.4423460066318512,0.6960404113468701,0.6988295316696167
VORINOSTAT,5,DAUDI,0.9317585229873657,0.3510200085298277,0.33984512090682983
VORINOSTAT,5,DMS114,1.5435354709625244,1.984161440702903,2.0390846729278564
VORINOSTAT,5,EM2,0.599714994430542,0.08757652260370558,0.06573928892612457
VORINOSTAT,5,EPLC272H,1.818983554840088,1.6932278855217895,1.736376166343689
VORINOSTAT,5,GDM1,0.454241007566452,0.010862809322866263,-0.014079257845878601
VORINOSTAT,5,KG1,0.06878799945116043,0.20462612694190185,0.18752624094486237
VORINOSTAT,5,KMS12BM,-0.18409700691699982,0.5043332638847862,0.49936342239379883
VORINOSTAT,5,KNS62,1.5030516386032104,1.8580991280802812,1.907920241355896
VORINOSTAT,5,KU812,0.3984754979610443,0.12585744651231012,0.10556955635547638
VORINOSTAT,5,L363,0.4726240038871765,0.09261890282784518,0.07098574936389923
VORINOSTAT,5,L428,0.6920174956321716,0.5584970467593628,0.5557193756103516
VORINOSTAT,5,LAMA84,0.4289630055427551,0.22604121961353066,0.20980806648731232
VORINOSTAT,5,LCLC103H,1.0958195924758911,1.8042422841548293,1.8518836498260498
VORINOSTAT,5,LCLC97TM1,1.337141990661621,1.500167525693854,1.5355020761489868
VORINOSTAT,5,LXF289,1.0909857749938965,1.796106855278187,1.8434189558029175
VORINOSTAT,5,MOLT16,0.24642300605773926,-0.0528346989586245,-0.08035479485988617
VORINOSTAT,5,NCIH1105,0.13630400598049164,1.3669656458391564,1.3969091176986694
VORINOSTAT,5,NCIH1437,0.8860452771186829,2.0728490383075906,2.131361722946167
VORINOSTAT,5,NCIH1944,1.9543049335479736,1.644853321818673,1.6860437393188477
VORINOSTAT,5,NCIH209,-0.33904799818992615,0.8229006621222289,0.8308241963386536
VORINOSTAT,5,NCIH2172,2.784431219100952,2.1414131730439196,2.2027008533477783
VORINOSTAT,5,NCIH23,1.6426303386688232,1.6709839202008716,1.7132319211959839
VORINOSTAT,5,NCIH2405,3.1164934635162354,1.8389767971781246,1.8880239725112915
VORINOSTAT,5,NCIH441,3.959038019180298,1.7317356051190065,1.7764424085617065
VORINOSTAT,5,NCIH446,0.5997209548950195,0.7593822302041134,0.7647349834442139
VORINOSTAT,5,NCIH526,0.4276044964790344,1.1605880998176388,1.1821788549423218
VORINOSTAT,5,NCIH810,0.8026055097579956,0.7840482520328718,0.7903993129730225
VORINOSTAT,5,NCIH838,1.494452953338623,2.21602832445031,2.2803359031677246
VORINOSTAT,5,NUDUL1,-0.30138149857521057,0.2503773880512733,0.2351291924715042
VORINOSTAT,5,OCILY19,0.6556450724601746,0.2340802932620232,0.21817250549793243
VORINOSTAT,5,P12ICHIKAWA,-0.32463300228118896,0.13799310679590618,0.11819638311862946
VORINOSTAT,5,RERFLCKJ,2.3954784870147705,2.1038305094658276,2.1635971069335938
VORINOSTAT,5,SKLU1,2.534140110015869,2.064881228573378,2.1230714321136475
VORINOSTAT,5,SKMES1,2.137911558151245,1.9238311523711369,1.9763126373291016
VORINOSTAT,5,SUDHL4,0.9810119867324829,0.21020722569489037,0.1933332234621048
VORINOSTAT,5,SUDHL6,0.11219850182533264,0.1893344032906035,0.1716156154870987
WEE1 INHIBITOR,1,A4FUK,0.7214565277099609,1.3699462849829607,1.3794060945510864
WEE1 INHIBITOR,1,AMO1,1.8852920532226562,1.0072722190882761,0.9998140335083008
WEE1 INHIBITOR,1,BV173,0.015232999809086323,1.0834578859042878,1.0795536041259766
WEE1 INHIBITOR,1,CHAGOK1,2.0566539764404297,2.6275841663083237,2.6957101821899414
WEE1 INHIBITOR,1,CORL95,3.7227940559387207,1.5450435680354275,1.5626713037490845
WEE1 INHIBITOR,1,DMS53,3.063438892364502,2.4650655866918663,2.5256104469299316
WEE1 INHIBITOR,1,EBC1,2.7624166011810303,2.3471863699663458,2.4022324085235596
WEE1 INHIBITOR,1,EPLC272H,0.9779084920883179,2.238968062176439,2.288965940475464
WEE1 INHIBITOR,1,GA10,1.0981955528259277,0.9516030850085048,0.9415480494499207
WEE1 INHIBITOR,1,GDM1,1.8098020553588867,0.7631503829452201,0.7443044185638428
WEE1 INHIBITOR,1,HARA,0.03441400080919266,1.5735462220879877,1.592503547668457
WEE1 INHIBITOR,1,HCC33,1.0948690176010132,1.526649093548626,1.5434187650680542
WEE1 INHIBITOR,1,HCC366,2.9270944595336914,2.129450425802704,2.174339532852173
WEE1 INHIBITOR,1,KARPAS422,1.5428564548492432,0.836983864109652,0.8215820789337158
WEE1 INHIBITOR,1,L1236,1.2124805450439453,0.8579108220345164,0.8434852361679077
WEE1 INHIBITOR,1,LCLC103H,2.1425774097442627,2.2213576495734975,2.270534038543701
WEE1 INHIBITOR,1,LOUCY,0.4910210072994232,0.9078681723528569,0.8957729935646057
WEE1 INHIBITOR,1,MOLM16,-0.18512849509716034,1.737089298602371,1.763675570487976
WEE1 INHIBITOR,1,MONOMAC6,0.5189570188522339,1.6585782117569043,1.681502103805542
WEE1 INHIBITOR,1,NCIH1092,2.962242603302002,1.8160147400575821,1.846282720565796
WEE1 INHIBITOR,1,NCIH1155,1.5337680578231812,2.019386087360037,2.059140920639038
WEE1 INHIBITOR,1,NCIH1568,2.0416605472564697,2.366116840273229,2.422045946121216
WEE1 INHIBITOR,1,NCIH1792,1.4814895391464233,2.3652421169629383,2.421130418777466
WEE1 INHIBITOR,1,NCIH1793,2.4440195560455322,2.7135587614610905,2.7856953144073486
WEE1 INHIBITOR,1,NCIH196,2.1519250869750977,2.16461908651951,2.211148738861084
WEE1 INHIBITOR,1,NCIH1963,1.5469989776611328,1.4428419443066456,1.4557021856307983
WEE1 INHIBITOR,1,NCIH2009,1.747881531715393,2.8024670965912635,2.878751039505005
WEE1 INHIBITOR,1,NCIH2066,4.440131187438965,1.7364630969409152,1.7630201578140259
WEE1 INHIBITOR,1,NCIH2110,0.5821999907493591,2.6716278517366536,2.7418084144592285
WEE1 INHIBITOR,1,NCIH2172,2.778721570968628,2.490403405246632,2.5521302223205566
WEE1 INHIBITOR,1,NCIH2196,2.053973913192749,2.208448419178313,2.2570226192474365
WEE1 INHIBITOR,1,NCIH524,1.8354140520095825,2.7354569128321597,2.80861496925354
WEE1 INHIBITOR,1,NCIH838,1.1788899898529053,2.266954880047709,2.318258285522461
WEE1 INHIBITOR,1,NUDUL1,0.5604115128517151,1.0036074928862022,0.9959783554077148
WEE1 INHIBITOR,1,OCIM1,1.111670970916748,0.9360457095187991,0.9252649545669556
WEE1 INHIBITOR,1,PF382,1.2397805452346802,0.8021332587110735,0.7851057648658752
WEE1 INHIBITOR,1,RAJI,1.9087475538253784,0.9659755407119326,0.9565909504890442
WEE1 INHIBITOR,1,REH,1.1177245378494263,1.001472621307023,0.993743896484375
WEE1 INHIBITOR,1,ST486,0.5724530220031738,0.7532734127961139,0.7339667081832886
WEE1 INHIBITOR,1,SUDHL10,1.4342634677886963,0.8292376083260758,0.8134744763374329
WEE1 INHIBITOR,1,SW1271,3.3358800411224365,2.4701068631450047,2.5308868885040283
WEE1 INHIBITOR,2,A3KAW,0.08577600121498108,1.68103749017082,1.6867905855178833
WEE1 INHIBITOR,2,CORL311,2.054703950881958,1.8864461519831333,1.9088245630264282
WEE1 INHIBITOR,2,DMS273,2.360044479370117,1.6120081386394525,1.612174153327942
WEE1 INHIBITOR,2,GRANTA519,1.1851195096969604,1.4313932387005983,1.416940689086914
WEE1 INHIBITOR,2,HCC15,2.5944719314575195,2.3140246493111123,2.3710103034973145
WEE1 INHIBITOR,2,HCC44,1.847077488899231,2.0698490115702426,2.1070716381073
WEE1 INHIBITOR,2,HCC78,1.9593034982681274,2.2541488045362783,2.306288242340088
WEE1 INHIBITOR,2,HT,-0.09738250076770782,1.036486088359001,0.990070641040802
WEE1 INHIBITOR,2,JM1,0.5747799873352051,1.0892796002765917,1.0471371412277222
WEE1 INHIBITOR,2,JVM2,1.069798469543457,1.5659013736907237,1.5623356103897095
WEE1 INHIBITOR,2,JVM3,-0.23901599645614624,1.4728828866147605,1.4617884159088135
WEE1 INHIBITOR,2,KCL22,2.0522665977478027,1.5088055481727414,1.500618577003479
WEE1 INHIBITOR,2,KG1,0.9248279929161072,1.3992266028427864,1.382170557975769
WEE1 INHIBITOR,2,L363,0.46528300642967224,1.1465748178453667,1.1090697050094604
WEE1 INHIBITOR,2,LCLC97TM1,1.3445415496826172,2.120497680401635,2.1618196964263916
WEE1 INHIBITOR,2,MOLP8,1.3520164489746094,1.3400305437986424,1.3181833028793335
WEE1 INHIBITOR,2,MOLT16,-0.47112250328063965,1.0145899076484475,0.9664022326469421
WEE1 INHIBITOR,2,NAMALWA,1.3740694522857666,0.8446895182177576,0.7827504873275757
WEE1 INHIBITOR,2,NCIH1048,1.6258169412612915,2.104595282085188,2.144630193710327
WEE1 INHIBITOR,2,NCIH1623,3.6561279296875,2.504695503546123,2.577113628387451
WEE1 INHIBITOR,2,NCIH1650,4.169185161590576,2.7306183871151815,2.821322202682495
WEE1 INHIBITOR,2,NCIH1836,2.9258840084075928,2.137698553278943,2.180412769317627
WEE1 INHIBITOR,2,NCIH1915,1.888898491859436,2.3727195814311397,2.4344558715820312
WEE1 INHIBITOR,2,NCIH2023,2.074901580810547,2.3454211774860223,2.4049479961395264
WEE1 INHIBITOR,2,NCIH2029,1.738347053527832,2.1006158225935883,2.1403286457061768
WEE1 INHIBITOR,2,NCIH2030,1.2148375511169434,2.096328893501541,2.135694742202759
WEE1 INHIBITOR,2,NCIH2085,1.3342314958572388,2.176981654648711,2.2228753566741943
WEE1 INHIBITOR,2,NCIH2170,1.1350090503692627,2.5460768533442018,2.6218442916870117
WEE1 INHIBITOR,2,NCIH2291,4.190893173217773,2.906210217508977,3.0111260414123535
WEE1 INHIBITOR,2,NCIH2342,4.193865776062012,2.171055696431174,2.2164697647094727
WEE1 INHIBITOR,2,NCIH647,1.259413480758667,2.638960243483096,2.722245454788208
WEE1 INHIBITOR,2,NCIH661,2.630174398422241,2.0776727233331584,2.1155285835266113
WEE1 INHIBITOR,2,NCIH82,0.8472210168838501,1.9120199470287487,1.936468243598938
WEE1 INHIBITOR,2,NCIH841,2.152712106704712,2.0937264302191227,2.1328816413879395
WEE1 INHIBITOR,2,PL21,0.8434039950370789,0.7078698470635727,0.6348569393157959
WEE1 INHIBITOR,2,RERFLCMS,1.2831039428710938,2.4623090325362478,2.531296491622925
WEE1 INHIBITOR,2,RL,0.5173885226249695,0.8480341323883452,0.786365807056427
WEE1 INHIBITOR,2,SKMM2,4.027483940124512,1.4309755961694297,1.4164892435073853
WEE1 INHIBITOR,2,SUDHL1,-1.3333879709243774,0.9472438639529639,0.8936053514480591
WEE1 INHIBITOR,2,SW1573,3.559995412826538,2.1026834122884255,2.142563581466675
WEE1 INHIBITOR,2,THP1,2.1795339584350586,1.3482167564857597,1.3270320892333984
WEE1 INHIBITOR,3,697,-0.2528055012226105,1.0153345890866072,0.936799943447113
WEE1 INHIBITOR,3,A549,2.2117795944213867,2.1947581695317875,2.34944486618042
WEE1 INHIBITOR,3,CALU3,4.623143196105957,2.244312349867011,2.4087979793548584
WEE1 INHIBITOR,3,CALU6,1.8775850534439087,1.6938479054088966,1.7494837045669556
WEE1 INHIBITOR,3,CMK,1.4855120182037354,1.6956864929951758,1.7516858577728271
WEE1 INHIBITOR,3,CORL23,0.6102805137634277,2.0947594280598,2.2296721935272217
WEE1 INHIBITOR,3,CORL279,2.23602557182312,2.213005103789511,2.371299982070923
WEE1 INHIBITOR,3,DMS114,3.215421438217163,1.9823564657856698,2.0950424671173096
WEE1 INHIBITOR,3,EJM,1.4880739450454712,2.2682885352380664,2.4375152587890625
WEE1 INHIBITOR,3,JEKO1,0.24408450722694397,1.157863943087704,1.1075133085250854
WEE1 INHIBITOR,3,JURKAT,1.1744149923324585,0.9688487688822451,0.8811219334602356
WEE1 INHIBITOR,3,JURLMK1,0.8576520085334778,1.6345326792040706,1.6784393787384033
WEE1 INHIBITOR,3,K562,1.7560089826583862,1.7691648053637388,1.8396939039230347
WEE1 INHIBITOR,3,KMH2,0.9814975261688232,0.9111501322335357,0.8120138645172119
WEE1 INHIBITOR,3,KNS62,2.4045450687408447,1.719920854959032,1.780712366104126
WEE1 INHIBITOR,3,KU812,1.5781630277633667,1.6402468020051026,1.6852834224700928
WEE1 INHIBITOR,3,LAMA84,0.8234750032424927,1.3552030232584682,1.3438745737075806
WEE1 INHIBITOR,3,LOUNH91,2.5348525047302246,2.702621585138739,2.9577341079711914
WEE1 INHIBITOR,3,MEG01,1.2650619745254517,1.902755068542128,1.9997005462646484
WEE1 INHIBITOR,3,MOLT13,1.8173315525054932,0.9932115224439088,0.9103022217750549
WEE1 INHIBITOR,3,NCIH1435,4.352844715118408,2.362895625829097,2.550830125808716
WEE1 INHIBITOR,3,NCIH1436,2.298051118850708,1.9149265920142908,2.0142788887023926
WEE1 INHIBITOR,3,NCIH146,1.0221184492111206,2.169004407465504,2.318598508834839
WEE1 INHIBITOR,3,NCIH2087,2.301772117614746,2.4136107050765903,2.6115736961364746
WEE1 INHIBITOR,3,NCIH209,-0.255900502204895,2.4220803703403364,2.621718168258667
WEE1 INHIBITOR,3,NCIH358,2.6681015491485596,2.4592806912288365,2.6662745475769043
WEE1 INHIBITOR,3,NCIH522,2.683678388595581,2.057275451315679,2.1847760677337646
WEE1 INHIBITOR,3,NCIH526,2.0977060794830322,1.9409594316311574,2.045459508895874
WEE1 INHIBITOR,3,NCIH596,4.083512783050537,2.437003256083658,2.639591932296753
WEE1 INHIBITOR,3,NCIH69,2.588520050048828,1.8493386897937842,1.935721516609192
WEE1 INHIBITOR,3,OCIAML2,1.3477989435195923,1.0862266069863096,1.0217102766036987
WEE1 INHIBITOR,3,P12ICHIKAWA,0.3147754967212677,0.764090893746534,0.63587486743927
WEE1 INHIBITOR,3,RERFLCKJ,2.9779140949249268,2.326978026578228,2.507810115814209
WEE1 INHIBITOR,3,RPMI8402,1.3511550426483154,0.8532584105462627,0.7426745295524597
WEE1 INHIBITOR,3,RS411,0.7478734850883484,0.8949722932679229,0.7926369905471802
WEE1 INHIBITOR,3,SBC5,2.1330554485321045,1.695815282706465,1.7518401145935059
WEE1 INHIBITOR,3,SIGM5,0.3016499876976013,1.3808143602267184,1.3745503425598145
WEE1 INHIBITOR,3,SKM1,0.24934600293636322,1.0966781806897024,1.0342285633087158
WEE1 INHIBITOR,3,SUDHL8,1.236914038658142,0.7943171621931904,0.6720781326293945
WEE1 INHIBITOR,3,SUPT1,1.0797239542007446,1.0016041029847855,0.9203543663024902
WEE1 INHIBITOR,3,WSUDLCL2,1.248602032661438,1.1696225233511042,1.1215970516204834
WEE1 INHIBITOR,4,ALLSIL,1.1485199928283691,0.5618195105709464,0.3964135944843292
WEE1 INHIBITOR,4,BEN,1.5060595273971558,2.361075432447495,2.4708445072174072
WEE1 INHIBITOR,4,BL41,0.7443280220031738,0.9639154579486511,0.8600053787231445
WEE1 INHIBITOR,4,CA46,2.4640090465545654,0.7411735783533313,0.6031977534294128
WEE1 INHIBITOR,4,DMS79,2.9542765617370605,2.124345976345236,2.1979100704193115
WEE1 INHIBITOR,4,DND41,0.9080315232276917,0.848761591699368,0.7272400856018066
WEE1 INHIBITOR,4,DOHH2,0.37428051233291626,0.9801197946668574,0.8786879777908325
WEE1 INHIBITOR,4,EM2,0.7978004813194275,1.0945918671787354,1.0106672048568726
WEE1 INHIBITOR,4,HEL,0.027957500889897346,1.2782055173316755,1.2223623991012573
WEE1 INHIBITOR,4,HH,2.071911573410034,1.038242400592402,0.9456997513771057
WEE1 INHIBITOR,4,HL60,1.2166780233383179,1.42949807052615,1.3967933654785156
WEE1 INHIBITOR,4,KMS11,1.1711164712905884,1.5839373799541978,1.5748523473739624
WEE1 INHIBITOR,4,KMS12BM,0.690742015838623,1.3124815239342293,1.2618805170059204
WEE1 INHIBITOR,4,LP1,2.098057985305786,1.4855077259025984,1.4613690376281738
WEE1 INHIBITOR,4,LU65,2.778508424758911,1.5525205850926906,1.538630723953247
WEE1 INHIBITOR,4,LXF289,2.2168705463409424,2.0760761377730326,2.1422579288482666
WEE1 INHIBITOR,4,MOLM13,0.6574414968490601,1.4581521221872533,1.429829716682434
WEE1 INHIBITOR,4,NALM6,1.018476963043213,0.7878066570130203,0.6569628119468689
WEE1 INHIBITOR,4,NB4,0.48267701268196106,0.7644472083108642,0.6300308108329773
WEE1 INHIBITOR,4,NCIH1105,1.6928465366363525,1.694676750659273,1.7025279998779297
WEE1 INHIBITOR,4,NCIH1648,2.4318795204162598,2.1181895670773305,2.190812110900879
WEE1 INHIBITOR,4,NCIH1651,1.67124605178833,2.2548216937881955,2.3483405113220215
WEE1 INHIBITOR,4,NCIH1975,3.1105918884277344,2.2400869255246048,2.3313522338867188
WEE1 INHIBITOR,4,NCIH2081,2.37005352973938,2.043155033374749,2.104301929473877
WEE1 INHIBITOR,4,NCIH2122,1.4161754846572876,2.1467343290841363,2.223722457885742
WEE1 INHIBITOR,4,NCIH2171,0.37706899642944336,1.9800989352921805,2.031602144241333
WEE1 INHIBITOR,4,NCIH2227,3.790057420730591,2.030198057273873,2.0893633365631104
WEE1 INHIBITOR,4,NCIH2347,4.161177635192871,2.9222301416727925,3.117821216583252
WEE1 INHIBITOR,4,NCIH2405,4.16606330871582,2.3990701823863407,2.5146501064300537
WEE1 INHIBITOR,4,NCIH2444,4.174563407897949,2.2027861700603517,2.288346767425537
WEE1 INHIBITOR,4,NCIH441,5.281459331512451,1.909655911219102,1.9503856897354126
WEE1 INHIBITOR,4,NCIH446,1.598019003868103,1.6668324970799644,1.670425295829773
WEE1 INHIBITOR,4,NCIH650,2.5419020652770996,2.1868420812701173,2.2699642181396484
WEE1 INHIBITOR,4,NCIH810,1.4467724561691284,2.1667098309501096,2.246752977371216
WEE1 INHIBITOR,4,OCIAML3,0.8664464950561523,1.3940076769891372,1.3558751344680786
WEE1 INHIBITOR,4,P31FUJ,1.9474644660949707,0.973563087483519,0.871128499507904
WEE1 INHIBITOR,4,RPMI8226,1.3246049880981445,1.825449008053533,1.8533003330230713
WEE1 INHIBITOR,4,SKLU1,1.6503289937973022,2.3955342433157045,2.510573387145996
WEE1 INHIBITOR,4,SUDHL4,1.1676770448684692,0.9117372476333614,0.7998471260070801
WEE1 INHIBITOR,4,SUDHL5,0.6469925045967102,0.8497828864584245,0.7284175753593445
WEE1 INHIBITOR,5,ABC1,2.568959951400757,2.4311918907272836,2.5073840618133545
WEE1 INHIBITOR,5,CAL12T,1.0844604969024658,2.178540109713547,2.231738805770874
WEE1 INHIBITOR,5,CMLT1,0.4725154936313629,0.9598354089495865,0.9021215438842773
WEE1 INHIBITOR,5,COLO668,1.9424325227737427,2.2042600496571625,2.2597994804382324
WEE1 INHIBITOR,5,CORL105,3.121894598007202,1.8522196418870973,1.8757203817367554
WEE1 INHIBITOR,5,CORL88,1.6359829902648926,2.4019761193611093,2.4755094051361084
WEE1 INHIBITOR,5,DAUDI,1.9577544927597046,0.7643837516479994,0.6888821125030518
WEE1 INHIBITOR,5,DB,0.23260200023651123,1.313027799925504,1.2874574661254883
WEE1 INHIBITOR,5,EHEB,2.828141927719116,1.4421356921780046,1.428315281867981
WEE1 INHIBITOR,5,HCC827,2.7343084812164307,2.458740493379155,2.5374398231506348
WEE1 INHIBITOR,5,HDLM2,1.3326084613800049,1.635778354510789,1.6395810842514038
WEE1 INHIBITOR,5,IALM,3.7860186100006104,1.8626827700108948,1.8871357440948486
WEE1 INHIBITOR,5,KOPN8,0.8726239800453186,0.7260777696370692,0.647089958190918
WEE1 INHIBITOR,5,L428,0.6174250245094299,1.5315073207004624,1.5258204936981201
WEE1 INHIBITOR,5,L540,0.11774399876594543,0.9450518794266619,0.8859925866127014
WEE1 INHIBITOR,5,ME1,2.2352519035339355,0.8608415027975582,0.794118344783783
WEE1 INHIBITOR,5,MHHCALL2,1.2728899717330933,0.9163157823727036,0.8546412587165833
WEE1 INHIBITOR,5,MM1S,2.132411479949951,1.0085407628289205,0.9552595019340515
WEE1 INHIBITOR,5,NCIH1341,2.080521583557129,1.9996607082055289,2.0365798473358154
WEE1 INHIBITOR,5,NCIH1437,2.3642570972442627,2.086207940077311,2.1310036182403564
WEE1 INHIBITOR,5,NCIH1781,3.923151969909668,2.7733592025571427,2.8806915283203125
WEE1 INHIBITOR,5,NCIH1876,1.4308104515075684,1.9059896025734175,1.9343838691711426
WEE1 INHIBITOR,5,NCIH1944,4.082351207733154,2.1947841327886883,2.2494611740112305
WEE1 INHIBITOR,5,NCIH211,1.3246945142745972,2.2728692104955814,2.3346526622772217
WEE1 INHIBITOR,5,NCIH2228,3.207308053970337,2.2492421365602078,2.308875322341919
WEE1 INHIBITOR,5,NCIH23,0.8268705010414124,2.355185911611015,2.4244608879089355
WEE1 INHIBITOR,5,NCIH292,-0.24807199835777283,2.427799205671634,2.5036826133728027
WEE1 INHIBITOR,5,NCIH460,1.6565885543823242,2.1335656713758446,2.182671308517456
WEE1 INHIBITOR,5,NCIH727,2.142953395843506,2.462507521075727,2.5415496826171875
WEE1 INHIBITOR,5,NCIH929,1.2508959770202637,1.418748127603081,1.4027992486953735
WEE1 INHIBITOR,5,NOMO1,1.0302139520645142,1.3129415896675682,1.2873634099960327
WEE1 INHIBITOR,5,OCIAML5,1.800847053527832,1.3820078069178319,1.362715244293213
WEE1 INHIBITOR,5,OCILY19,0.29612499475479126,0.9253729949212663,0.8645227551460266
WEE1 INHIBITOR,5,OPM2,1.0149954557418823,0.7424342266227506,0.6649349927902222
WEE1 INHIBITOR,5,RCHACV,0.5486354827880859,1.1198783607921143,1.0767297744750977
WEE1 INHIBITOR,5,SHP77,1.7772375345230103,2.0852682591923326,2.1299784183502197
WEE1 INHIBITOR,5,SKMES1,2.077230930328369,2.31995465286791,2.3860232830047607
WEE1 INHIBITOR,5,SUDHL6,0.6977794766426086,1.1523949251646042,1.1122056245803833
WEE1 INHIBITOR,5,SUPB15,0.8882840275764465,0.8418256942747782,0.7733719348907471
WEE1 INHIBITOR,5,SUPM2,1.0760984420776367,0.47023784805799507,0.3679664134979248
YK-4-279,1,A4FUK,0.03250100091099739,1.4871116023437052,1.5001678466796875
YK-4-279,1,A549,1.1849429607391357,1.9614901785704246,2.0094306468963623
YK-4-279,1,ABC1,1.181043028831482,1.7598726821369088,1.7929868698120117
YK-4-279,1,AMO1,-0.17393849790096283,0.9539201036761337,0.9277672171592712
YK-4-279,1,CALU6,1.3016995191574097,1.5973974706690597,1.6185637712478638
YK-4-279,1,DMS53,3.4439144134521484,2.9142142496698398,3.032214879989624
YK-4-279,1,EJM,2.4349520206451416,2.61648303601471,2.7125895023345947
YK-4-279,1,GA10,1.1095165014266968,0.8754030641393433,0.8434762954711914
YK-4-279,1,GDM1,0.5989825129508972,1.0081374901141942,0.9859715700149536
YK-4-279,1,HH,2.9308950901031494,0.98850482952225,0.9648951888084412
YK-4-279,1,HT,1.7437385320663452,0.6801319268608732,0.6338455677032471
YK-4-279,1,IALM,4.805027961730957,1.9515878728304472,1.9988001585006714
YK-4-279,1,JEKO1,0.153439000248909,1.1364082997859344,1.123674988746643
YK-4-279,1,KOPN8,0.06883200258016586,0.5311770132837557,0.4739370048046112
YK-4-279,1,L1236,2.984797477722168,0.948097037100843,0.921515941619873
YK-4-279,1,L363,0.8531680107116699,1.643455212820805,1.6680084466934204
YK-4-279,1,MOLM13,0.3181770145893097,1.5465237711307955,1.5639489889144897
YK-4-279,1,MOLT13,0.2713885009288788,0.951652595033461,0.9253329634666443
YK-4-279,1,NALM6,0.822704017162323,0.7212265789644179,0.6779621839523315
YK-4-279,1,NCIH1048,1.2683049440383911,1.8268484691261053,1.8648878335952759
YK-4-279,1,NCIH1651,1.5890740156173706,2.5294464601489555,2.619152545928955
YK-4-279,1,NCIH1792,0.8422160148620605,2.439851219535676,2.5229687690734863
YK-4-279,1,NCIH1793,3.640223979949951,2.3358471940812633,2.4113166332244873
YK-4-279,1,NCIH1944,1.907981038093567,2.3090865945310686,2.3825881481170654
YK-4-279,1,NCIH196,4.324692726135254,2.6218979621386715,2.718402624130249
YK-4-279,1,NCIH2087,3.2226760387420654,1.8352096018762858,1.8738638162612915
YK-4-279,1,NCIH209,2.003135919570923,2.2975054218386637,2.3701553344726562
YK-4-279,1,NCIH2110,1.7147694826126099,2.2695393338543424,2.340132713317871
YK-4-279,1,NCIH2122,-0.015416000038385391,2.259222058486664,2.329056739807129
YK-4-279,1,NCIH2172,3.575779438018799,2.72189176197499,2.825749635696411
YK-4-279,1,NCIH441,4.394471168518066,1.979314884119975,2.0285661220550537
YK-4-279,1,NCIH460,0.44780001044273376,1.7115583136072794,1.741119623184204
YK-4-279,1,NCIH522,2.1960294246673584,1.9717283909531094,2.0204217433929443
YK-4-279,1,NCIH650,2.5291495323181152,2.020780976792067,2.0730814933776855
YK-4-279,1,NCIH82,2.50064754486084,1.7745353124607617,1.808727741241455
YK-4-279,1,NCIH841,1.2006474733352661,1.833036924398199,1.871531367301941
YK-4-279,1,OCIAML2,0.7089154720306396,1.3277017471971577,1.3290355205535889
YK-4-279,1,OCIM1,0.777227520942688,1.354872763590806,1.3582046031951904
YK-4-279,1,ST486,0.5592564940452576,0.8502274997686544,0.8164494037628174
YK-4-279,1,SUDHL4,1.7642234563827515,0.9390042941306701,0.9117545485496521
YK-4-279,1,SW1573,4.031012058258057,1.739008493405809,1.7705883979797363
YK-4-279,2,A3KAW,0.5873000025749207,2.0941598604087135,2.2468602657318115
YK-4-279,2,DMS79,4.375802516937256,2.086195147762488,2.237536907196045
YK-4-279,2,DND41,1.5987404584884644,0.5552377069956891,0.4454239010810852
YK-4-279,2,EM2,1.5391680002212524,0.9315454293367825,0.8859233856201172
YK-4-279,2,HCC15,1.300704002380371,2.1167449788312838,2.2732980251312256
YK-4-279,2,HCC78,1.4377739429473877,2.084534585118205,2.23559308052063
YK-4-279,2,HDLM2,0.8300769925117493,1.7028048803150995,1.78874671459198
YK-4-279,2,JVM2,0.4751434922218323,2.224402719572651,2.399320363998413
YK-4-279,2,K562,0.14626550674438477,1.54097242897614,1.5993083715438843
YK-4-279,2,KCL22,0.5650960206985474,1.379587349874169,1.4103937149047852
YK-4-279,2,KMH2,0.4210974872112274,1.0984598785683972,1.0813106298446655
YK-4-279,2,KNS62,2.3644895553588867,1.7599925558577274,1.8556896448135376
YK-4-279,2,KU812,1.0960350036621094,1.9681255387056877,2.0993266105651855
YK-4-279,2,LU65,3.7757298946380615,1.8262702486718307,1.933273196220398
YK-4-279,2,LXF289,2.6322109699249268,2.0104365852649906,2.148855209350586
YK-4-279,2,MM1S,1.7122149467468262,1.5348762311954427,1.5921722650527954
YK-4-279,2,MOLM16,-0.4750789999961853,1.7908606291847953,1.8918232917785645
YK-4-279,2,NCIH1105,2.2451424598693848,1.756246462587156,1.851304531097412
YK-4-279,2,NCIH1435,5.071025371551514,2.2337573107279622,2.4102706909179688
YK-4-279,2,NCIH1568,3.6886589527130127,2.0293056524861703,2.170943021774292
YK-4-279,2,NCIH1623,3.322866916656494,1.9716595044165852,2.1034634113311768
YK-4-279,2,NCIH1648,0.9411259889602661,2.175931317593383,2.342580556869507
YK-4-279,2,NCIH1876,0.8495364785194397,1.9034464913220976,2.0236144065856934
YK-4-279,2,NCIH2023,2.4475555419921875,1.7900447069533472,1.8908681869506836
YK-4-279,2,NCIH2029,2.87530255317688,2.530590266613884,2.7577383518218994
YK-4-279,2,NCIH2066,2.909977912902832,2.047943955881032,2.192760705947876
YK-4-279,2,NCIH2081,2.471724033355713,1.8592644857967235,1.971895694732666
YK-4-279,2,NCIH211,1.5892194509506226,2.2929049512314554,2.4795079231262207
YK-4-279,2,NCIH2196,3.228631019592285,2.124111294194435,2.281920909881592
YK-4-279,2,NCIH2291,4.629885673522949,2.452870720780295,2.6667611598968506
YK-4-279,2,NCIH647,1.6089080572128296,2.556801819217916,2.788421154022217
YK-4-279,2,NCIH661,2.5075254440307617,2.155381523898436,2.3185253143310547
YK-4-279,2,NCIH69,0.7959359884262085,2.0470318990282053,2.191693067550659
YK-4-279,2,P12ICHIKAWA,1.2008874416351318,0.49247666751363367,0.37195688486099243
YK-4-279,2,P31FUJ,0.6449844837188721,1.3445280514650395,1.3693538904190063
YK-4-279,2,PL21,1.014799952507019,0.7245621412007462,0.6436322331428528
YK-4-279,2,RPMI8226,0.48910149931907654,2.2466627726229316,2.425377607345581
YK-4-279,2,SKLU1,3.2038509845733643,2.265229789751941,2.4471118450164795
YK-4-279,2,SKM1,0.8972730040550232,0.9489931502543778,0.906347393989563
YK-4-279,2,SUDHL1,-0.052705999463796616,1.057291550850717,1.0331196784973145
YK-4-279,2,WSUDLCL2,1.645277976989746,1.571318483162119,1.6348309516906738
YK-4-279,3,697,-0.24331100285053253,1.2696229723586614,1.313443660736084
YK-4-279,3,BV173,-0.09711000323295593,1.118871774603513,1.1623029708862305
YK-4-279,3,CA46,1.5230079889297485,0.9420592611056434,0.9850336313247681
YK-4-279,3,CAL12T,1.353561520576477,2.3200296759597654,2.3665642738342285
YK-4-279,3,COLO668,3.7306203842163086,2.556269332743822,2.603414297103882
YK-4-279,3,CORL105,3.4721195697784424,1.944308123252653,1.9898719787597656
YK-4-279,3,CORL95,3.997009038925171,2.103923947068594,2.149900197982788
YK-4-279,3,EPLC272H,1.4448360204696655,1.9925321931682094,2.0382206439971924
YK-4-279,3,GRANTA519,0.7330260276794434,1.2437099275161978,1.287463665008545
YK-4-279,3,HCC827,3.5056281089782715,2.344120665248461,2.3907175064086914
YK-4-279,3,JM1,1.3361295461654663,1.4535867328694392,1.4978827238082886
YK-4-279,3,JVM3,-0.6037120223045349,1.6445282622508026,1.6893175840377808
YK-4-279,3,KARPAS422,3.3407914638519287,0.6588158265065466,0.7010583877563477
YK-4-279,3,L428,1.5406304597854614,1.254334185536023,1.2981153726577759
YK-4-279,3,LCLC103H,2.0824735164642334,2.08787787286525,2.133812665939331
YK-4-279,3,LOUCY,0.9349150061607361,1.3632953430105323,1.4073580503463745
YK-4-279,3,LP1,2.6814041137695312,1.3640836638354787,1.4081484079360962
YK-4-279,3,ME1,3.627309560775757,0.9273894785386116,0.9703259468078613
YK-4-279,3,MONOMAC6,0.9523894786834717,1.7059360764724285,1.7508840560913086
YK-4-279,3,NB4,-1.0524344444274902,1.2593360395545785,1.3031301498413086
YK-4-279,3,NCIH1155,0.7782620191574097,2.1967743476054045,2.242990493774414
YK-4-279,3,NCIH1341,2.1211965084075928,1.9307680293972074,1.9762969017028809
YK-4-279,3,NCIH1437,0.8539379835128784,2.7722533058997367,2.8199563026428223
YK-4-279,3,NCIH146,3.136730909347534,2.8176936401963424,2.865514039993286
YK-4-279,3,NCIH1963,1.9490079879760742,1.7782293765950876,1.8233641386032104
YK-4-279,3,NCIH2009,1.9457155466079712,2.7154009872687856,2.7629570960998535
YK-4-279,3,NCIH2228,2.798309564590454,2.233218550134973,2.279528856277466
YK-4-279,3,NCIH727,4.699859142303467,2.1481719312547076,2.1942625045776367
YK-4-279,3,NCIH838,1.182966947555542,2.5866764007989067,2.6338999271392822
YK-4-279,3,OCILY19,0.49707451462745667,0.6592814470722315,0.7015252113342285
YK-4-279,3,OPM2,2.0920751094818115,0.5542966131313359,0.5962691307067871
YK-4-279,3,RPMI8402,0.32378700375556946,1.3700254388376243,1.4141055345535278
YK-4-279,3,RS411,0.9388064742088318,1.3472779242097233,1.3912992477416992
YK-4-279,3,SBC5,-0.027025500312447548,1.6487119510210237,1.6935120820999146
YK-4-279,3,SHP77,0.23285549879074097,1.9057051344639997,1.9511692523956299
YK-4-279,3,SIGM5,0.6149700284004211,1.468459243491755,1.5127936601638794
YK-4-279,3,SKMM2,6.137569904327393,1.9923935533368538,2.038081645965576
YK-4-279,3,SUDHL10,1.8003004789352417,0.6987316132180105,0.7410773038864136
YK-4-279,3,SUDHL6,0.7060465216636658,1.1240425884851528,1.1674871444702148
YK-4-279,3,SUPB15,1.208279013633728,1.040131246714478,1.0833590030670166
YK-4-279,3,THP1,2.243217945098877,1.3787265745312531,1.4228291511535645
YK-4-279,4,ALLSIL,-0.5746614933013916,0.9312739882047302,0.8730253577232361
YK-4-279,4,BEN,3.062525987625122,3.2394815951606315,3.5270307064056396
YK-4-279,4,CALU3,3.630496025085449,2.119389427372397,2.2391350269317627
YK-4-279,4,CMLT1,0.654679000377655,1.1257978297166487,1.0966912508010864
YK-4-279,4,CORL279,1.752252459526062,2.6386793899373044,2.8362209796905518
YK-4-279,4,CORL311,2.5605781078338623,2.1327519643309696,2.2544994354248047
YK-4-279,4,DAUDI,2.0665833950042725,1.543403288159862,1.5768591165542603
YK-4-279,4,DMS114,1.2273099422454834,2.2925809116208935,2.438272714614868
YK-4-279,4,DOHH2,-0.43974900245666504,1.138731661537939,1.111562728881836
YK-4-279,4,HCC33,1.081987977027893,2.5568785100111233,2.7421653270721436
YK-4-279,4,HCC366,1.4198780059814453,2.20444203835679,2.3369295597076416
YK-4-279,4,HCC44,0.749563992023468,2.1652122524643547,2.291822671890259
YK-4-279,4,JURKAT,-0.11863400042057037,1.0327738951083028,0.9897311925888062
YK-4-279,4,JURLMK1,1.7112040519714355,1.634267316087436,1.681335687637329
YK-4-279,4,KG1,0.419576495885849,1.4224222837102316,1.437753677368164
YK-4-279,4,L540,0.562409520149231,1.2855197821573159,1.2803415060043335
YK-4-279,4,LAMA84,2.608886480331421,1.336360271706111,1.3387985229492188
YK-4-279,4,MOLT16,-0.49146249890327454,0.9385803263992937,0.8814262747764587
YK-4-279,4,NAMALWA,0.7020779848098755,1.0960201886031347,1.0624525547027588
YK-4-279,4,NCIH1436,1.5851860046386719,2.211614840344142,2.345176935195923
YK-4-279,4,NCIH1650,3.255436420440674,2.3661489940763927,2.522862195968628
YK-4-279,4,NCIH1781,2.5817813873291016,2.3198411671386783,2.4696168899536133
YK-4-279,4,NCIH1836,4.022228717803955,2.2364822265587927,2.373769760131836
YK-4-279,4,NCIH1975,1.9814164638519287,2.662548986976332,2.863666534423828
YK-4-279,4,NCIH2170,1.1895054578781128,2.267286168072295,2.4091885089874268
YK-4-279,4,NCIH2171,1.054993987083435,2.692425225087562,2.8980185985565186
YK-4-279,4,NCIH23,0.5694779753684998,1.7672092457058173,1.8341939449310303
YK-4-279,4,NCIH2347,4.284379959106445,2.8080476745141194,3.0309627056121826
YK-4-279,4,NCIH2405,4.448846340179443,1.9689403618672754,2.0661468505859375
YK-4-279,4,NCIH358,1.907172441482544,2.5492596887975107,2.733405113220215
YK-4-279,4,NCIH526,3.512864589691162,1.7812914059673817,1.8503857851028442
YK-4-279,4,NCIH810,1.3519580364227295,2.46343779314114,2.634726047515869
YK-4-279,4,NOMO1,1.268194556236267,1.1627249454521245,1.1391505002975464
YK-4-279,4,NUDUL1,1.8186074495315552,1.3427193115114742,1.346110224723816
YK-4-279,4,RAJI,0.8749589920043945,1.1218995677670005,1.092208981513977
YK-4-279,4,REH,1.0200550556182861,1.254670015330469,1.2448700666427612
YK-4-279,4,RERFLCMS,1.090837001800537,1.9226922529849604,2.012970209121704
YK-4-279,4,SKMES1,3.0919029712677,2.3526860976080526,2.507382392883301
YK-4-279,4,SUDHL5,0.217677503824234,1.0391765311676509,0.9970930218696594
YK-4-279,4,SW1271,3.57128643989563,1.7780264042301925,1.846631646156311
YK-4-279,5,BL41,-0.030720999464392662,0.7255302326099764,0.7842233180999756
YK-4-279,5,CHAGOK1,1.1163984537124634,1.8242478827040063,1.8950376510620117
YK-4-279,5,CMK,0.7044969797134399,2.081332776329677,2.1549530029296875
YK-4-279,5,CORL23,2.4352529048919678,2.207766500859626,2.282778739929199
YK-4-279,5,CORL88,4.7991623878479,2.60360305680593,2.6829733848571777
YK-4-279,5,DB,0.178957000374794,1.2805049279818248,1.3453081846237183
YK-4-279,5,DMS273,1.147094964981079,1.755064600385557,1.8250926733016968
YK-4-279,5,EBC1,1.6751699447631836,2.232682061592806,2.3079686164855957
YK-4-279,5,EHEB,5.475887775421143,1.6521726542516204,1.7210679054260254
YK-4-279,5,HARA,0.7483054995536804,1.834993475849069,1.905901551246643
YK-4-279,5,HEL,1.6341300010681152,1.4308586897471673,1.4973173141479492
YK-4-279,5,HL60,1.12751305103302,1.119947138797504,1.1829826831817627
YK-4-279,5,KMS11,0.25418350100517273,1.404658015831188,1.4708281755447388
YK-4-279,5,KMS12BM,-0.154122993350029,1.7129609013935454,1.7825254201889038
YK-4-279,5,LCLC97TM1,1.6962554454803467,2.181916140850069,2.256643772125244
YK-4-279,5,LOUNH91,1.5257575511932373,2.4397056712663083,2.5172715187072754
YK-4-279,5,MEG01,0.6450319886207581,1.89019627373242,1.961712121963501
YK-4-279,5,MHHCALL2,1.739514946937561,1.0250152537570245,1.087005615234375
YK-4-279,5,MOLP8,1.385233998298645,1.8859728157000608,1.9574421644210815
YK-4-279,5,NCIH1092,3.4174416065216064,1.6133116286828733,1.6817790269851685
YK-4-279,5,NCIH1915,2.023582935333252,2.4180536542227804,2.4953811168670654
YK-4-279,5,NCIH2030,2.470553398132324,1.6661651656198908,1.7352144718170166
YK-4-279,5,NCIH2085,3.7720730304718018,1.8937046008854623,1.965259075164795
YK-4-279,5,NCIH2227,1.9959394931793213,2.01245948231819,2.0853214263916016
YK-4-279,5,NCIH2342,4.675107955932617,2.1489448931136,2.2233095169067383
YK-4-279,5,NCIH2444,4.425510406494141,2.5617634786992722,2.6406731605529785
YK-4-279,5,NCIH292,0.6387529969215393,2.478323917860527,2.5563149452209473
YK-4-279,5,NCIH446,0.41376250982284546,1.8713098617629862,1.9426177740097046
YK-4-279,5,NCIH524,0.25652751326560974,2.4388538814110428,2.5164103507995605
YK-4-279,5,NCIH596,2.9057090282440186,2.326197362563357,2.4025135040283203
YK-4-279,5,NCIH929,2.304725408554077,1.2970057623831888,1.3619906902313232
YK-4-279,5,OCIAML3,0.794030487537384,1.0324457760575696,1.0945179462432861
YK-4-279,5,OCIAML5,1.478281021118164,1.3407740125084764,1.4062408208847046
YK-4-279,5,PF382,3.167598009109497,0.338948549128688,0.3933854401111603
YK-4-279,5,RCHACV,0.5237064957618713,0.7814294135062289,0.8407379388809204
YK-4-279,5,RERFLCKJ,1.9868509769439697,2.1684811132076702,2.243060827255249
YK-4-279,5,RL,1.8451730012893677,1.1284921569053539,1.1916217803955078
YK-4-279,5,SUDHL8,3.237635612487793,1.0282908243798488,1.0903172492980957
YK-4-279,5,SUPM2,-0.17967550456523895,0.9995708616975894,1.0612810850143433
YK-4-279,5,SUPT1,1.507394552230835,0.8281282853034022,0.8879509568214417
ZM447439,1,A4FUK,0.9225735068321228,1.6732917549353767,1.7081859111785889
ZM447439,1,ALLSIL,-0.3422915041446686,0.9303645788311112,0.948145866394043
ZM447439,1,BV173,-0.44046398997306824,0.7138700728307082,0.7266645431518555
ZM447439,1,CMLT1,1.608057975769043,0.4737119780885706,0.48097455501556396
ZM447439,1,CORL105,2.942544937133789,2.386986952400473,2.4383206367492676
ZM447439,1,CORL23,3.017008066177368,2.2850733103087855,2.334059476852417
ZM447439,1,CORL279,1.1209365129470825,1.8072471478971088,1.8452268838882446
ZM447439,1,DMS53,4.398975849151611,2.784114633887231,2.8445959091186523
ZM447439,1,DND41,1.648687481880188,0.6799526157606722,0.6919658184051514
ZM447439,1,EJM,3.1089866161346436,1.8181133561695584,1.856343388557434
ZM447439,1,GRANTA519,2.0150234699249268,0.9343876114803447,0.9522615671157837
ZM447439,1,HCC33,0.5440070033073425,1.9965389616764861,2.038878917694092
ZM447439,1,HDLM2,1.6142350435256958,2.087479658409361,2.1319143772125244
ZM447439,1,IALM,3.7774510383605957,2.3601922149167383,2.4109086990356445
ZM447439,1,KARPAS422,1.7990260124206543,0.9169143076468759,0.9343857765197754
ZM447439,1,L428,2.8347325325012207,1.757052867782665,1.7938764095306396
ZM447439,1,LAMA84,1.3952720165252686,1.1011834190565917,1.1228994131088257
ZM447439,1,NALM6,-0.6467859745025635,0.7390074723457234,0.7523809671401978
ZM447439,1,NCIH1437,1.6062915325164795,2.2980777560646075,2.3473634719848633
ZM447439,1,NCIH1648,2.182964563369751,2.707150436157388,2.7658588886260986
ZM447439,1,NCIH1836,4.6083478927612305,2.4053487609102753,2.4571053981781006
ZM447439,1,NCIH1876,0.906141996383667,1.7096977242503666,1.7454304695129395
ZM447439,1,NCIH1944,2.9750540256500244,2.5536030781129946,2.6087746620178223
ZM447439,1,NCIH196,4.122234344482422,1.9304804742630632,1.9712988138198853
ZM447439,1,NCIH1963,-0.23224599659442902,1.8110074162125547,1.8490737676620483
ZM447439,1,NCIH2029,3.75715708732605,2.7690714631717857,2.8292062282562256
ZM447439,1,NCIH2066,4.4220499992370605,1.6229423797751361,1.6566767692565918
ZM447439,1,NCIH2085,1.4545589685440063,2.4545596848327746,2.5074498653411865
ZM447439,1,NCIH211,1.2500649690628052,2.486863500885386,2.5404977798461914
ZM447439,1,NCIH2228,2.7486400604248047,2.9264324580748067,2.99019193649292
ZM447439,1,NCIH2444,3.9629435539245605,2.7854528093236914,2.8459649085998535
ZM447439,1,NCIH292,0.6349210143089294,2.3013358007531686,2.350696563720703
ZM447439,1,NCIH661,2.5923099517822266,2.6655017648886163,2.7232508659362793
ZM447439,1,NCIH810,1.2962839603424072,2.5828485736757645,2.6386938095092773
ZM447439,1,NUDUL1,0.7024444937705994,1.167964246206223,1.1912184953689575
ZM447439,1,P12ICHIKAWA,-0.6371440291404724,0.8465700232504318,0.8624211549758911
ZM447439,1,RAJI,3.1290619373321533,1.3711897942389644,1.3991252183914185
ZM447439,1,REH,0.9153105020523071,0.9973416344233582,1.0166656970977783
ZM447439,1,SUDHL10,-0.1110294982790947,1.410288777530969,1.4391248226165771
ZM447439,1,SUPT1,1.708723545074463,1.261538529062351,1.2869482040405273
ZM447439,1,THP1,3.5415730476379395,1.0962187462382502,1.117820382118225
ZM447439,2,ABC1,0.7590669989585876,2.2206774181203643,2.2799549102783203
ZM447439,2,DMS79,4.054328441619873,2.0324551530140544,2.057055711746216
ZM447439,2,EHEB,2.3755359649658203,2.182438324902572,2.234670877456665
ZM447439,2,GDM1,1.3981084823608398,0.9549021284606074,0.7809808254241943
ZM447439,2,HCC44,0.9922800064086914,2.6662810835413637,2.8076539039611816
ZM447439,2,HCC78,2.1652615070343018,2.769854899327604,2.930309534072876
ZM447439,2,JEKO1,0.2984110116958618,1.3479057251834388,1.2463890314102173
ZM447439,2,JURKAT,2.6236274242401123,1.4332654637147568,1.3474749326705933
ZM447439,2,JURLMK1,1.02315354347229,1.993790051313102,2.0112671852111816
ZM447439,2,K562,3.153083562850952,2.3298298109670306,2.40921688079834
ZM447439,2,KG1,1.8069549798965454,1.5417429069206894,1.4759376049041748
ZM447439,2,KMH2,1.7897875308990479,1.608001419623814,1.5544031858444214
ZM447439,2,KOPN8,0.44266849756240845,0.4095220694574411,0.13512323796749115
ZM447439,2,L363,1.3854379653930664,1.99161913946343,2.0086963176727295
ZM447439,2,LOUCY,0.05984650179743767,0.7046870726460579,0.48466765880584717
ZM447439,2,LP1,3.8448479175567627,1.9728153746625843,1.9864282608032227
ZM447439,2,MOLM16,-0.1457120031118393,2.285822289082187,2.3571016788482666
ZM447439,2,MOLP8,1.9658335447311401,1.6231118358312966,1.57229745388031
ZM447439,2,NCIH1092,3.8434605598449707,1.810033325507696,1.7936562299728394
ZM447439,2,NCIH1435,4.697133541107178,2.178551098157374,2.230067491531372
ZM447439,2,NCIH146,2.308440923690796,2.8722950413101254,3.0516226291656494
ZM447439,2,NCIH1568,2.7077465057373047,2.375297156817558,2.4630608558654785
ZM447439,2,NCIH1650,3.9123098850250244,2.6730285666760905,2.8156445026397705
ZM447439,2,NCIH1651,2.398491382598877,2.5139695618854843,2.627281427383423
ZM447439,2,NCIH1792,2.3733019828796387,2.249574523797725,2.314175844192505
ZM447439,2,NCIH2087,3.5915753841400146,2.278647992155259,2.3486056327819824
ZM447439,2,NCIH209,1.1186585426330566,1.8973721110094561,1.8970857858657837
ZM447439,2,NCIH2170,1.350208044052124,2.5444700378652456,2.6634011268615723
ZM447439,2,NCIH2171,-0.4195860028266907,1.480066803993173,1.4028986692428589
ZM447439,2,NCIH2172,3.790118932723999,2.7926678951934942,2.9573254585266113
ZM447439,2,NCIH2196,2.2734720706939697,2.4447325130273034,2.545288562774658
ZM447439,2,NCIH358,2.0358290672302246,3.0192430034197635,3.2256433963775635
ZM447439,2,NCIH650,4.236799716949463,2.4877281641010134,2.596205472946167
ZM447439,2,OCIAML3,1.2727930545806885,1.9482189212598013,1.9573003053665161
ZM447439,2,OPM2,2.516225576400757,1.4643867323021842,1.3843297958374023
ZM447439,2,RERFLCKJ,1.9418569803237915,2.6488783551461443,2.7870450019836426
ZM447439,2,RPMI8402,-0.5474895238876343,0.7288954677542807,0.5133360624313354
ZM447439,2,SUDHL5,-0.43944698572158813,1.4071992206468964,1.3166064023971558
ZM447439,2,SUDHL6,1.4824105501174927,1.9136865648981929,1.9164059162139893
ZM447439,2,SUDHL8,1.6812385320663452,1.647525584745201,1.601209044456482
ZM447439,2,WSUDLCL2,1.7517149448394775,1.7396180088576012,1.7102680206298828
ZM447439,3,697,-0.5608565211296082,0.6081433354409398,0.5799316763877869
ZM447439,3,A3KAW,1.248321533203125,2.4349411994477554,2.4922192096710205
ZM447439,3,BEN,1.750880479812622,2.2584689028410194,2.307488441467285
ZM447439,3,COLO668,3.9005329608917236,2.3449192991002983,2.397984504699707
ZM447439,3,CORL88,3.7664854526519775,2.0408378743116495,2.0796728134155273
ZM447439,3,DB,1.6162275075912476,1.2546101165380115,1.256651520729065
ZM447439,3,DMS114,3.3336966037750244,2.313231054486544,2.3648133277893066
ZM447439,3,DMS273,0.6831160187721252,1.1243881259812765,1.1203354597091675
ZM447439,3,GA10,0.9368559718132019,0.8727524770041621,0.8569238781929016
ZM447439,3,HCC827,2.8590924739837646,3.026977276595516,3.1119611263275146
ZM447439,3,HH,2.4838600158691406,1.61131001613538,1.6300441026687622
ZM447439,3,HT,3.517518997192383,0.44792695116668063,0.41221755743026733
ZM447439,3,JM1,0.7308940291404724,1.1472110415262047,1.1442264318466187
ZM447439,3,KCL22,2.0160489082336426,1.983704285859409,2.0198655128479004
ZM447439,3,KMS11,2.3382375240325928,1.774979127673509,1.8013725280761719
ZM447439,3,KNS62,4.195974826812744,2.113476905995509,2.1557111740112305
ZM447439,3,L540,1.184054970741272,1.6866472063027933,1.708906888961792
ZM447439,3,LCLC97TM1,1.35081148147583,2.789986195103749,2.863879442214966
ZM447439,3,LOUNH91,3.0818164348602295,3.1569851727805345,3.2480530738830566
ZM447439,3,LU65,3.60807204246521,1.978249434580034,2.014155387878418
ZM447439,3,MM1S,2.683382511138916,1.5946280787791844,1.612581491470337
ZM447439,3,NCIH1341,3.5026655197143555,1.818310006429187,1.846731185913086
ZM447439,3,NCIH1436,1.1541160345077515,2.5206062793307797,2.5818932056427
ZM447439,3,NCIH460,0.8650205135345459,2.664446721768419,2.7324650287628174
ZM447439,3,NCIH522,3.454580068588257,2.3521711765422726,2.405575752258301
ZM447439,3,NCIH524,-0.14439749717712402,2.1783322407076513,2.2236015796661377
ZM447439,3,NCIH82,1.6784470081329346,1.884385565180129,1.9158989191055298
ZM447439,3,NCIH841,1.286581039428711,2.1397403636459167,2.18320369720459
ZM447439,3,NCIH929,1.762263536453247,1.4540390237920133,1.465413212776184
ZM447439,3,OCIM1,2.210193395614624,1.3619810631935345,1.3690471649169922
ZM447439,3,PF382,0.6279550194740295,0.03335050475709676,-0.02176005207002163
ZM447439,3,RL,2.8401615619659424,0.581975081457955,0.5525388121604919
ZM447439,3,RPMI8226,1.162969946861267,2.1776161633622504,2.2228519916534424
ZM447439,3,RS411,-0.6668605208396912,0.4852531660756182,0.4512905478477478
ZM447439,3,SIGM5,-0.6279150247573853,1.8561625746285897,1.8863551616668701
ZM447439,3,SKLU1,2.2084479331970215,3.4112648303083564,3.5142323970794678
ZM447439,3,SKMES1,2.384594440460205,2.65679558109919,2.7244558334350586
ZM447439,3,SKMM2,4.917807579040527,2.0821266571771035,2.122893810272217
ZM447439,3,ST486,0.13169650733470917,0.6016544538981679,0.5731391310691833
ZM447439,3,SUDHL4,1.7685434818267822,0.7921539176518136,0.7725535035133362
ZM447439,3,SW1271,2.6821084022521973,2.70877245607267,2.778865098953247
ZM447439,4,AMO1,1.0776220560073853,1.4947270009427955,1.5246987342834473
ZM447439,4,BL41,0.10231199860572815,0.6151511443033666,0.6962465047836304
ZM447439,4,CA46,2.860697031021118,0.8559587884290714,0.9230576753616333
ZM447439,4,CALU3,4.652769088745117,2.471757792035361,2.444941520690918
ZM447439,4,CHAGOK1,2.3475685119628906,2.527217856890184,2.497178077697754
ZM447439,4,CMK,2.298440933227539,2.1529917692367064,2.1447031497955322
ZM447439,4,EM2,-0.3962540030479431,1.3262635354205965,1.3660268783569336
ZM447439,4,EPLC272H,2.0362625122070312,2.038130890770079,2.0365183353424072
ZM447439,4,HCC366,3.2344024181365967,2.6142099869531137,2.5791139602661133
ZM447439,4,HL60,0.414390504360199,1.0889558118170155,1.1425122022628784
ZM447439,4,JVM3,1.5154269933700562,1.938970737020859,1.9431216716766357
ZM447439,4,KMS12BM,2.5772650241851807,2.02010009203494,2.019535541534424
ZM447439,4,KU812,1.2884714603424072,2.323320559629807,2.3051319122314453
ZM447439,4,LXF289,1.1041685342788696,2.3963279423535147,2.3738958835601807
ZM447439,4,MEG01,1.2487294673919678,2.4676360543677127,2.4410593509674072
ZM447439,4,MHHCALL2,2.8065779209136963,1.1592964558360197,1.2087644338607788
ZM447439,4,MOLM13,-0.5168470144271851,2.0315191000755517,2.0302908420562744
ZM447439,4,NB4,0.13776199519634247,1.474651913476838,1.5057904720306396
ZM447439,4,NCIH1105,1.716689944267273,1.8962664668321383,1.9028995037078857
ZM447439,4,NCIH1793,5.078062057495117,3.2073230506402366,3.137753486633301
ZM447439,4,NCIH1915,3.341442584991455,2.704361196184026,2.66402530670166
ZM447439,4,NCIH2030,2.558161497116089,2.700971767493378,2.6608328819274902
ZM447439,4,NCIH2081,1.2263095378875732,2.0891163528642904,2.084540367126465
ZM447439,4,NCIH2110,2.235384464263916,3.091482047611235,3.0286455154418945
ZM447439,4,NCIH2227,1.1169965267181396,1.859560903223773,1.8683273792266846
ZM447439,4,NCIH2342,4.091508388519287,2.5850530531418956,2.5516517162323
ZM447439,4,NCIH2347,4.359264850616455,2.6588858971770435,2.6211931705474854
ZM447439,4,NCIH441,5.598150730133057,2.543205885682564,2.5122368335723877
ZM447439,4,NCIH446,0.6448130011558533,1.9627997623122309,1.9655656814575195
ZM447439,4,NCIH526,2.1306943893432617,1.4158243157925887,1.450382113456726
ZM447439,4,NCIH647,1.4939454793930054,2.81138234380838,2.7648260593414307
ZM447439,4,NCIH69,2.2855684757232666,2.0062092564241887,2.0064520835876465
ZM447439,4,NCIH727,3.7522215843200684,2.7490525474199146,2.7061190605163574
ZM447439,4,NCIH838,1.8052979707717896,2.76332738327889,2.719564199447632
ZM447439,4,NOMO1,0.8300949931144714,1.6238490461758444,1.6463158130645752
ZM447439,4,OCIAML5,-0.30151599645614624,2.014853691807729,2.014594078063965
ZM447439,4,PL21,1.0745799541473389,1.21331164698164,1.259640097618103
ZM447439,4,RERFLCMS,2.410240888595581,3.3769666144862445,3.297536849975586
ZM447439,4,SUPB15,0.24233399331569672,0.024561800111819132,0.13998401165008545
ZM447439,4,SW1573,4.080390930175781,2.5123922072275606,2.4832141399383545
ZM447439,5,A549,1.9350135326385498,2.60236373486946,2.7210981845855713
ZM447439,5,CAL12T,2.852543592453003,2.845743680144966,2.989170789718628
ZM447439,5,CALU6,1.6632440090179443,2.100047267004586,2.167818069458008
ZM447439,5,CORL311,0.10777900367975235,1.943852360415346,1.9957760572433472
ZM447439,5,CORL95,4.918449878692627,2.141978962785614,2.2140040397644043
ZM447439,5,DAUDI,0.9885519742965698,0.995041300440177,0.9507012367248535
ZM447439,5,DOHH2,-0.05379600077867508,1.0767966133249212,1.0407512187957764
ZM447439,5,EBC1,3.2934389114379883,2.4253775532876682,2.526155471801758
ZM447439,5,HARA,1.513129472732544,1.6791788507365988,1.7042495012283325
ZM447439,5,HCC15,1.3530550003051758,2.6184445720207226,2.7388105392456055
ZM447439,5,HEL,2.006108522415161,1.2836466656155436,1.2685877084732056
ZM447439,5,JVM2,1.4924094676971436,2.057496286584911,2.1209499835968018
ZM447439,5,L1236,3.0637030601501465,1.870363339409424,1.9148310422897339
ZM447439,5,LCLC103H,2.0643539428710938,2.3370655291169147,2.4288835525512695
ZM447439,5,ME1,4.38413667678833,1.4344770000824765,1.4347208738327026
ZM447439,5,MOLT13,-0.22434400022029877,0.5557447829099538,0.4668349027633667
ZM447439,5,MOLT16,-0.776485025882721,0.7972739091352133,0.7328689098358154
ZM447439,5,MONOMAC6,1.2585539817810059,2.2088361617856345,2.287644386291504
ZM447439,5,NAMALWA,1.753699541091919,0.5549653197908453,0.465976357460022
ZM447439,5,NCIH1048,0.9374189972877502,2.2524884774871827,2.3357255458831787
ZM447439,5,NCIH1155,1.1092275381088257,2.2678900712983285,2.352689743041992
ZM447439,5,NCIH1623,2.7232439517974854,2.865146056191736,3.0105416774749756
ZM447439,5,NCIH1781,1.1110340356826782,2.5165853446362707,2.626616954803467
ZM447439,5,NCIH1975,3.2550876140594482,2.7630225343145227,2.898056983947754
ZM447439,5,NCIH2009,2.438260555267334,2.794192833697438,2.932389736175537
ZM447439,5,NCIH2023,2.517970561981201,2.730917355394971,2.862694501876831
ZM447439,5,NCIH2122,1.7322674989700317,2.5395941175248815,2.6519601345062256
ZM447439,5,NCIH2291,3.5692689418792725,3.1386083859274585,3.311748743057251
ZM447439,5,NCIH23,2.9098715782165527,2.2711345513572896,2.3562633991241455
ZM447439,5,NCIH2405,5.813555717468262,2.309486474557418,2.3985064029693604
ZM447439,5,NCIH596,3.690371513366699,2.5888533294147855,2.706217050552368
ZM447439,5,OCIAML2,0.9001244902610779,1.4118642360181948,1.4098138809204102
ZM447439,5,OCILY19,0.23822550475597382,1.1804685632561593,1.154941439628601
ZM447439,5,P31FUJ,-0.508947491645813,1.2918100319977992,1.2775793075561523
ZM447439,5,RCHACV,0.015168000012636185,0.6844503565344964,0.6085985898971558
ZM447439,5,SBC5,2.8103630542755127,2.1958069411445615,2.2732932567596436
ZM447439,5,SHP77,2.9253170490264893,2.760433920195828,2.8952057361602783
ZM447439,5,SKM1,0.7640770077705383,0.7110683402112263,0.637917160987854
ZM447439,5,SUDHL1,3.3024370670318604,1.4013544713545905,1.3982378244400024
ZM447439,5,SUPM2,-0.03707350045442581,1.7830511319971163,1.8186603784561157
