drug,fold,cell_line,y_true,y_pred,y_pred_raw
TEMOZOLOMIDE,1,A4FUK,3.4097700119018555,4.73821077645699,4.60317850112915
TEMOZOLOMIDE,1,ABC1,6.72040319442749,6.212697936186564,6.24049711227417
TEMOZOLOMIDE,1,BV173,5.567756652832031,5.000904953241562,4.894882678985596
TEMOZOLOMIDE,1,CMK,4.673585891723633,5.260292629373511,5.182915210723877
TEMOZOLOMIDE,1,CORL279,5.2376298904418945,5.7208070107225115,5.6942853927612305
TEMOZOLOMIDE,1,CORL95,6.537144184112549,5.713463143948333,5.686130523681641
TEMOZOLOMIDE,1,DMS114,6.056763648986816,5.452259039535788,5.39608097076416
TEMOZOLOMIDE,1,DMS273,5.534334659576416,6.272036311015414,6.3063883781433105
TEMOZOLOMIDE,1,DMS53,6.471475601196289,5.9023381907082415,5.8958635330200195
TEMOZOLOMIDE,1,EJM,5.6864848136901855,5.536625477226653,5.489764213562012
TEMOZOLOMIDE,1,EPLC272H,6.2480788230896,6.200562219960097,6.227021217346191
TEMOZOLOMIDE,1,HL60,5.273847579956055,5.147318949218083,5.057465553283691
TEMOZOLOMIDE,1,L540,2.28165602684021,5.14932775571847,5.059696197509766
TEMOZOLOMIDE,1,LCLC103H,5.686863899230957,6.115810166998315,6.132909774780273
TEMOZOLOMIDE,1,LXF289,6.039905548095703,5.712662283725328,5.685241222381592
TEMOZOLOMIDE,1,NAMALWA,5.2238030433654785,5.238179010658166,5.158359527587891
TEMOZOLOMIDE,1,NCIH1435,5.31058406829834,6.23086522490222,6.2606706619262695
TEMOZOLOMIDE,1,NCIH1436,5.968494415283203,5.5846530433295145,5.543095588684082
TEMOZOLOMIDE,1,NCIH1648,6.701506614685059,6.568660337483935,6.635769367218018
TEMOZOLOMIDE,1,NCIH1781,6.372109889984131,6.412099678660551,6.46191930770874
TEMOZOLOMIDE,1,NCIH1876,5.214768886566162,5.370941882511712,5.305783748626709
TEMOZOLOMIDE,1,NCIH1915,6.94765043258667,5.444916890424286,5.387928009033203
TEMOZOLOMIDE,1,NCIH2122,5.8979644775390625,6.143470547912354,6.1636247634887695
TEMOZOLOMIDE,1,NCIH2172,6.514775276184082,5.915559899162044,5.910545349121094
TEMOZOLOMIDE,1,NCIH2227,4.836418151855469,5.852245994068,5.840239524841309
TEMOZOLOMIDE,1,NCIH23,6.094064712524414,6.184222094916768,6.208876609802246
TEMOZOLOMIDE,1,NCIH2405,7.1152167320251465,6.116711939903577,6.1339111328125
TEMOZOLOMIDE,1,NCIH292,4.507862091064453,5.619558525413822,5.581855773925781
TEMOZOLOMIDE,1,NCIH358,6.8638176918029785,5.881735256317042,5.872985363006592
TEMOZOLOMIDE,1,NCIH526,6.00433349609375,5.899418164157872,5.892621040344238
TEMOZOLOMIDE,1,NCIH82,5.744772911071777,5.192701314798847,5.1078596115112305
TEMOZOLOMIDE,1,NOMO1,5.3032145500183105,5.004165935833254,4.89850378036499
TEMOZOLOMIDE,1,NUDUL1,4.528750419616699,5.076523764335727,4.978852272033691
TEMOZOLOMIDE,1,OCIAML3,5.630563735961914,5.6337528603583,5.5976176261901855
TEMOZOLOMIDE,1,OCIM1,3.745516538619995,4.6386662125235745,4.492640972137451
TEMOZOLOMIDE,1,SHP77,5.788435935974121,5.646909297630388,5.612226963043213
TEMOZOLOMIDE,1,SIGM5,4.402650833129883,5.307357016130421,5.235177040100098
TEMOZOLOMIDE,1,ST486,5.313599109649658,4.972104044310203,4.862901210784912
TEMOZOLOMIDE,1,SUDHL1,6.075472831726074,5.965335616454105,5.965817928314209
TEMOZOLOMIDE,1,SUDHL6,4.701321125030518,4.782222017806087,4.652050018310547
TEMOZOLOMIDE,1,WSUDLCL2,4.721316337585449,4.8796487036591465,4.760235786437988
TEMOZOLOMIDE,2,A549,6.627472400665283,6.615444599470025,6.613349437713623
TEMOZOLOMIDE,2,BL41,4.876925945281982,5.651833299392728,5.583934783935547
TEMOZOLOMIDE,2,CAL12T,6.184326171875,6.324859086728027,6.302920341491699
TEMOZOLOMIDE,2,DB,5.102636337280273,5.231432656742766,5.134825706481934
TEMOZOLOMIDE,2,DMS79,5.839200019836426,4.922048850148028,4.804314613342285
TEMOZOLOMIDE,2,EBC1,6.217489719390869,6.297013597859231,6.2731733322143555
TEMOZOLOMIDE,2,GRANTA519,6.01926326751709,5.615463298687303,5.54508113861084
TEMOZOLOMIDE,2,HCC366,6.407286643981934,5.948924900967625,5.9013142585754395
TEMOZOLOMIDE,2,HT,5.770486831665039,5.255937615368325,5.161004066467285
TEMOZOLOMIDE,2,JEKO1,4.716091156005859,5.319004630287836,5.228377819061279
TEMOZOLOMIDE,2,JURLMK1,4.34712553024292,5.632088730270659,5.562841892242432
TEMOZOLOMIDE,2,JVM3,2.5745155811309814,5.4350666311398665,5.352365493774414
TEMOZOLOMIDE,2,K562,5.7643327713012695,5.572930457112241,5.499643802642822
TEMOZOLOMIDE,2,KG1,5.898159503936768,4.891587713600803,4.771773338317871
TEMOZOLOMIDE,2,KMH2,5.257656574249268,5.197948795608796,5.099055290222168
TEMOZOLOMIDE,2,KNS62,5.948481559753418,6.436392356975051,6.422070026397705
TEMOZOLOMIDE,2,KOPN8,4.3948140144348145,4.899741749742364,4.780484199523926
TEMOZOLOMIDE,2,L1236,5.138418197631836,5.682031978459592,5.6161956787109375
TEMOZOLOMIDE,2,MEG01,4.864975452423096,5.217901366747614,5.120370388031006
TEMOZOLOMIDE,2,NALM6,4.402769565582275,5.134775994255874,5.03156852722168
TEMOZOLOMIDE,2,NCIH1155,5.413079261779785,5.182629402439619,5.0826897621154785
TEMOZOLOMIDE,2,NCIH1437,5.781734943389893,6.644489893963328,6.644378185272217
TEMOZOLOMIDE,2,NCIH146,5.239551544189453,5.453229313679623,5.371768474578857
TEMOZOLOMIDE,2,NCIH1623,7.1330413818359375,6.413822352732766,6.397958755493164
TEMOZOLOMIDE,2,NCIH1792,5.919497966766357,6.1691905559357085,6.136621475219727
TEMOZOLOMIDE,2,NCIH196,6.721863269805908,6.376701580799506,6.358303070068359
TEMOZOLOMIDE,2,NCIH1963,5.833661079406738,5.306539685395716,5.215061664581299
TEMOZOLOMIDE,2,NCIH1975,6.313241481781006,6.637033512654768,6.636412620544434
TEMOZOLOMIDE,2,NCIH2085,6.765407085418701,5.92838849584188,5.879375457763672
TEMOZOLOMIDE,2,NCIH211,5.616934299468994,5.545207269858444,5.470027446746826
TEMOZOLOMIDE,2,NCIH2228,7.640270233154297,6.301742742424583,6.278225421905518
TEMOZOLOMIDE,2,NCIH2347,7.366124153137207,6.087675190470606,6.049539566040039
TEMOZOLOMIDE,2,NCIH441,6.975308418273926,6.030690225937833,5.988663196563721
TEMOZOLOMIDE,2,NCIH838,6.222471714019775,5.861611814052843,5.808038711547852
TEMOZOLOMIDE,2,OCIAML2,3.69931697845459,5.290839103981252,5.198288917541504
TEMOZOLOMIDE,2,P12ICHIKAWA,4.784165859222412,5.045517686763858,4.936214923858643
TEMOZOLOMIDE,2,PF382,5.364531993865967,5.0106996667713855,4.899019241333008
TEMOZOLOMIDE,2,RCHACV,3.9382801055908203,5.3042949597686135,5.212663650512695
TEMOZOLOMIDE,2,SUDHL4,3.8974714279174805,4.637821682317161,4.500678062438965
TEMOZOLOMIDE,2,SUPB15,5.168129920959473,5.011646388396974,4.900030612945557
TEMOZOLOMIDE,2,SW1271,7.191267967224121,6.214899222294393,6.185451507568359
TEMOZOLOMIDE,3,697,5.206569671630859,5.148365209368063,5.107101917266846
TEMOZOLOMIDE,3,A3KAW,4.904812812805176,4.913453217670701,4.863281726837158
TEMOZOLOMIDE,3,ALLSIL,4.560120582580566,4.914034378235929,4.863884925842285
TEMOZOLOMIDE,3,AMO1,4.360506057739258,5.242518274505215,5.204825401306152
TEMOZOLOMIDE,3,CA46,5.889260768890381,5.025081528325766,4.979143142700195
TEMOZOLOMIDE,3,CALU3,6.662729263305664,5.93811004415042,5.92679500579834
TEMOZOLOMIDE,3,CALU6,6.752689361572266,6.048846629384847,6.041730880737305
TEMOZOLOMIDE,3,CHAGOK1,6.196004390716553,6.22033310001205,6.219720363616943
TEMOZOLOMIDE,3,CORL311,5.846322059631348,5.417856484404257,5.386812686920166
TEMOZOLOMIDE,3,CORL88,6.359736919403076,5.748691669031518,5.730193614959717
TEMOZOLOMIDE,3,EHEB,6.117613792419434,4.879476228008563,4.82801628112793
TEMOZOLOMIDE,3,GA10,5.6260504722595215,4.730473090900504,4.673362731933594
TEMOZOLOMIDE,3,HARA,6.359165191650391,6.544150253971777,6.555817127227783
TEMOZOLOMIDE,3,HH,5.643000602722168,4.975632344580019,4.927818775177002
TEMOZOLOMIDE,3,IALM,6.289035320281982,6.145593094830864,6.142146110534668
TEMOZOLOMIDE,3,JVM2,2.919757604598999,4.95487641321523,4.906275749206543
TEMOZOLOMIDE,3,KARPAS422,5.565334320068359,5.714823560834961,5.695041179656982
TEMOZOLOMIDE,3,KMS11,5.449413776397705,5.623109991825369,5.599849700927734
TEMOZOLOMIDE,3,L428,5.925203800201416,5.5197989387773365,5.492620944976807
TEMOZOLOMIDE,3,LP1,5.55292272567749,5.7841746225931185,5.767022132873535
TEMOZOLOMIDE,3,MHHCALL2,4.347033500671387,4.917852580178707,4.867847919464111
TEMOZOLOMIDE,3,MM1S,4.9010090827941895,5.166022842826212,5.125429153442383
TEMOZOLOMIDE,3,MOLM16,3.708336591720581,5.902577014302962,5.889914512634277
TEMOZOLOMIDE,3,NCIH1048,5.6473612785339355,4.894029591159004,4.843121528625488
TEMOZOLOMIDE,3,NCIH1341,5.978311061859131,5.3703800306720195,5.337535858154297
TEMOZOLOMIDE,3,NCIH1793,7.5977630615234375,6.320193024075105,6.323367118835449
TEMOZOLOMIDE,3,NCIH2066,7.577147483825684,5.575075348301233,5.549993515014648
TEMOZOLOMIDE,3,NCIH2171,5.356459140777588,5.8766315258276425,5.862985134124756
TEMOZOLOMIDE,3,NCIH446,5.63621711730957,6.082499731143043,6.07666015625
TEMOZOLOMIDE,3,NCIH650,6.567277908325195,6.477370540580089,6.486505031585693
TEMOZOLOMIDE,3,OCILY19,4.840954303741455,4.583691686988845,4.521015167236328
TEMOZOLOMIDE,3,PL21,4.809865951538086,4.748711425508414,4.6922926902771
TEMOZOLOMIDE,3,REH,4.8692097663879395,5.069917721371547,5.025679588317871
TEMOZOLOMIDE,3,RERFLCKJ,6.493074893951416,6.5321098934235495,6.543320178985596
TEMOZOLOMIDE,3,RERFLCMS,6.1294379234313965,5.2808027435820435,5.244561672210693
TEMOZOLOMIDE,3,RPMI8226,5.3245744705200195,5.245617950658256,5.208042621612549
TEMOZOLOMIDE,3,RS411,4.395728588104248,4.836081221281456,4.782975673675537
TEMOZOLOMIDE,3,SKMES1,6.788904666900635,6.0497810804438785,6.04270076751709
TEMOZOLOMIDE,3,SUDHL5,4.24633264541626,5.477009901050654,5.448209285736084
TEMOZOLOMIDE,3,SUDHL8,4.12258768081665,5.025473409718763,4.979549884796143
TEMOZOLOMIDE,3,SW1573,7.084134101867676,5.774892133090793,5.757387638092041
TEMOZOLOMIDE,4,BEN,6.89132022857666,5.988454110330434,5.927924633026123
TEMOZOLOMIDE,4,CMLT1,4.776937961578369,4.721181226540707,4.622677326202393
TEMOZOLOMIDE,4,CORL23,5.6815924644470215,6.021637996686925,5.962102890014648
TEMOZOLOMIDE,4,DAUDI,5.795583724975586,4.92274936618393,4.830285549163818
TEMOZOLOMIDE,4,DOHH2,3.871613025665283,4.647214359129906,4.546494007110596
TEMOZOLOMIDE,4,GDM1,4.800105571746826,4.956579087626534,4.865128993988037
TEMOZOLOMIDE,4,HCC15,6.324864387512207,6.326813361961879,6.27642297744751
TEMOZOLOMIDE,4,HCC827,7.058113098144531,6.374688028929503,6.325732231140137
TEMOZOLOMIDE,4,HEL,4.630255222320557,4.551155765096075,4.447556972503662
TEMOZOLOMIDE,4,JURKAT,5.121821880340576,5.651930511829051,5.581316947937012
TEMOZOLOMIDE,4,KCL22,5.400291442871094,5.188919995971427,5.104432106018066
TEMOZOLOMIDE,4,KMS12BM,3.0121359825134277,5.353046830296229,5.273477077484131
TEMOZOLOMIDE,4,LAMA84,4.924138069152832,5.331278252698363,5.25105619430542
TEMOZOLOMIDE,4,LCLC97TM1,6.298832416534424,6.633585490829666,6.592387676239014
TEMOZOLOMIDE,4,LOUNH91,6.6301350593566895,5.4435915204765815,5.366734981536865
TEMOZOLOMIDE,4,ME1,5.508216381072998,5.1120290465506715,5.025237083435059
TEMOZOLOMIDE,4,MOLM13,4.724510192871094,4.284685134494383,4.173101425170898
TEMOZOLOMIDE,4,MOLT13,4.922064781188965,4.647501859910176,4.54679012298584
TEMOZOLOMIDE,4,NCIH1092,6.576354026794434,5.210038571805205,5.12618350982666
TEMOZOLOMIDE,4,NCIH1650,7.607629776000977,6.026979214886555,5.967604160308838
TEMOZOLOMIDE,4,NCIH1651,5.9918293952941895,6.365525041098432,6.3162946701049805
TEMOZOLOMIDE,4,NCIH1836,5.764304161071777,5.786784581523154,5.720211982727051
TEMOZOLOMIDE,4,NCIH2029,5.960740566253662,6.02066577182611,5.961101531982422
TEMOZOLOMIDE,4,NCIH2081,5.9793477058410645,5.81366428410359,5.747897148132324
TEMOZOLOMIDE,4,NCIH209,5.222054481506348,6.043318148118878,5.984432697296143
TEMOZOLOMIDE,4,NCIH2110,5.48345422744751,5.9540091094402,5.892447471618652
TEMOZOLOMIDE,4,NCIH2196,5.7895379066467285,5.528178324117016,5.453856468200684
TEMOZOLOMIDE,4,NCIH2291,7.235568523406982,5.999966178610921,5.939781665802002
TEMOZOLOMIDE,4,NCIH460,5.302921295166016,6.485779071168412,6.440152168273926
TEMOZOLOMIDE,4,NCIH524,5.6545610427856445,5.456789704444254,5.38032865524292
TEMOZOLOMIDE,4,NCIH596,7.041560649871826,6.4732438519629705,6.427241325378418
TEMOZOLOMIDE,4,NCIH647,2.7396130561828613,5.622845710671443,5.551360607147217
TEMOZOLOMIDE,4,NCIH661,6.093578815460205,6.03357043647866,5.974392890930176
TEMOZOLOMIDE,4,NCIH727,7.455270290374756,5.637852695844451,5.566817283630371
TEMOZOLOMIDE,4,NCIH841,6.1653218269348145,5.783952629392866,5.717295169830322
TEMOZOLOMIDE,4,P31FUJ,4.222895622253418,4.713733521142645,4.615006446838379
TEMOZOLOMIDE,4,RPMI8402,4.487245559692383,5.695946372027679,5.626651763916016
TEMOZOLOMIDE,4,SKLU1,4.846196174621582,5.932813218581776,5.870616436004639
TEMOZOLOMIDE,4,SKM1,3.7140910625457764,4.933859581521947,4.841728687286377
TEMOZOLOMIDE,4,SUPT1,5.063771724700928,4.905015521758446,4.812020301818848
TEMOZOLOMIDE,5,COLO668,5.88445520401001,5.403201639295833,5.3765482902526855
TEMOZOLOMIDE,5,CORL105,7.008891582489014,6.163201827959504,6.088718891143799
TEMOZOLOMIDE,5,DND41,4.966397285461426,5.074753813156353,5.068770885467529
TEMOZOLOMIDE,5,EM2,5.711075782775879,4.340185513660648,4.380431652069092
TEMOZOLOMIDE,5,HCC33,6.6338300704956055,5.634556112105972,5.5933427810668945
TEMOZOLOMIDE,5,HCC44,5.900536060333252,5.7868299174238915,5.7360334396362305
TEMOZOLOMIDE,5,HCC78,6.7137980461120605,5.77522380016944,5.725157737731934
TEMOZOLOMIDE,5,HDLM2,5.159648895263672,4.5016900698991105,4.531772136688232
TEMOZOLOMIDE,5,JM1,4.65104866027832,5.705534175027751,5.659853935241699
TEMOZOLOMIDE,5,KU812,4.222205638885498,5.1090948526615225,5.100950717926025
TEMOZOLOMIDE,5,L363,5.397364616394043,4.614525059376579,4.637506008148193
TEMOZOLOMIDE,5,LOUCY,5.164520263671875,5.022145148111129,5.019473075866699
TEMOZOLOMIDE,5,LU65,7.006933212280273,5.970033862389186,5.907707691192627
TEMOZOLOMIDE,5,MOLP8,4.559380054473877,5.016942546269252,5.0145978927612305
TEMOZOLOMIDE,5,MOLT16,4.227993965148926,4.6802547229050555,4.699099063873291
TEMOZOLOMIDE,5,MONOMAC6,3.7168920040130615,5.200208572359812,5.186330318450928
TEMOZOLOMIDE,5,NB4,3.954848051071167,5.217913905740704,5.202921390533447
TEMOZOLOMIDE,5,NCIH1105,4.926669597625732,5.779537420651989,5.7291998863220215
TEMOZOLOMIDE,5,NCIH1568,6.067563056945801,6.201658031891049,6.124754905700684
TEMOZOLOMIDE,5,NCIH1944,6.715048789978027,5.196744750887037,5.183084487915039
TEMOZOLOMIDE,5,NCIH2009,6.380624771118164,6.3620639557569945,6.275065898895264
TEMOZOLOMIDE,5,NCIH2023,6.001236915588379,6.058055738504606,5.990190029144287
TEMOZOLOMIDE,5,NCIH2030,6.0082478523254395,6.087649607373737,6.017921447753906
TEMOZOLOMIDE,5,NCIH2087,6.722061634063721,6.754348479966054,6.642662525177002
TEMOZOLOMIDE,5,NCIH2170,5.400665283203125,6.114791780656585,6.043355464935303
TEMOZOLOMIDE,5,NCIH2342,6.685586929321289,6.260926678636828,6.180293560028076
TEMOZOLOMIDE,5,NCIH2444,6.765665054321289,6.585479677458457,6.484421253204346
TEMOZOLOMIDE,5,NCIH522,6.3025360107421875,6.04544919918236,5.978376865386963
TEMOZOLOMIDE,5,NCIH69,5.979258060455322,5.732423444054396,5.685050964355469
TEMOZOLOMIDE,5,NCIH810,5.180846691131592,6.352134537746379,6.265761375427246
TEMOZOLOMIDE,5,NCIH929,5.515226364135742,4.986851519536319,4.986400604248047
TEMOZOLOMIDE,5,OCIAML5,5.161295413970947,4.635602619127395,4.657257080078125
TEMOZOLOMIDE,5,OPM2,5.115579605102539,4.870325756275682,4.877208232879639
TEMOZOLOMIDE,5,RAJI,5.537637233734131,4.575189033595992,4.600645542144775
TEMOZOLOMIDE,5,RL,5.917250156402588,4.635030658596266,4.656721115112305
TEMOZOLOMIDE,5,SBC5,5.5000762939453125,5.997102759589753,5.933073043823242
TEMOZOLOMIDE,5,SKMM2,5.849410533905029,5.3719977320632735,5.347308158874512
TEMOZOLOMIDE,5,SUDHL10,4.713738441467285,4.925615104664314,4.929018020629883
TEMOZOLOMIDE,5,SUPM2,3.0753250122070312,5.978300320421392,5.915453910827637
TEMOZOLOMIDE,5,THP1,4.884252548217773,4.937733645633043,4.94037389755249
OLAPARIB,1,AMO1,4.40307092666626,3.55914130840841,3.5107810497283936
OLAPARIB,1,BV173,1.3066129684448242,2.1594484270775984,2.044442892074585
OLAPARIB,1,CAL12T,3.714121103286743,3.9320398844722564,3.901434898376465
OLAPARIB,1,CORL279,1.8438440561294556,3.6580565939662453,3.614406108856201
OLAPARIB,1,CORL311,3.2829129695892334,3.6118537211814727,3.5660033226013184
OLAPARIB,1,DND41,3.420628070831299,3.271362426705314,3.2092998027801514
OLAPARIB,1,EBC1,4.300568103790283,3.594201518277869,3.5475106239318848
OLAPARIB,1,EHEB,4.513337135314941,2.2149555519807254,2.102592945098877
OLAPARIB,1,GDM1,4.192355155944824,2.211924609297648,2.0994176864624023
OLAPARIB,1,HARA,3.7808170318603516,3.8311359837195926,3.7957265377044678
OLAPARIB,1,HCC15,4.488855361938477,3.8004881418287715,3.7636194229125977
OLAPARIB,1,HCC33,4.764308929443359,3.829701986884777,3.794224262237549
OLAPARIB,1,HH,4.835765838623047,2.8709841836335954,2.789857864379883
OLAPARIB,1,HL60,3.4739298820495605,3.714719154820865,3.673766613006592
OLAPARIB,1,JURKAT,2.6650679111480713,3.3517864129732633,3.293553113937378
OLAPARIB,1,KMS11,4.038886070251465,3.845081779314547,3.8103363513946533
OLAPARIB,1,MOLP8,3.392080068588257,3.0277211073162795,2.9540576934814453
OLAPARIB,1,MONOMAC6,3.3026649951934814,3.382359152665149,3.3255815505981445
OLAPARIB,1,NB4,2.349273920059204,3.8801631543491606,3.847088098526001
OLAPARIB,1,NCIH1105,2.49530291557312,3.6653660861644037,3.622063636779785
OLAPARIB,1,NCIH1155,2.9632370471954346,2.570114533491298,2.4746625423431396
OLAPARIB,1,NCIH1341,3.4622130393981934,3.7762510691555207,3.7382283210754395
OLAPARIB,1,NCIH1568,4.2579755783081055,4.688550251486808,4.693965911865234
OLAPARIB,1,NCIH1650,4.470430850982666,4.713776397361789,4.720393180847168
OLAPARIB,1,NCIH1876,1.3801189661026,3.4338091657488423,3.379481315612793
OLAPARIB,1,NCIH1915,3.939929962158203,3.539510503936502,3.490215539932251
OLAPARIB,1,NCIH2030,4.026554107666016,4.0482402824885995,4.023168087005615
OLAPARIB,1,NCIH2081,3.331890106201172,3.967840419957277,3.9389400482177734
OLAPARIB,1,NCIH2228,4.738545894622803,3.7395103906892873,3.6997382640838623
OLAPARIB,1,NCIH2342,4.26907205581665,4.136314679421387,4.11543607711792
OLAPARIB,1,NCIH2444,4.85365104675293,3.9560313957132323,3.9265687465667725
OLAPARIB,1,NCIH292,2.8764355182647705,3.6207196495569525,3.575291395187378
OLAPARIB,1,NCIH441,5.296687126159668,3.978258005279237,3.9498536586761475
OLAPARIB,1,NCIH650,4.849461078643799,4.202188411184165,4.184446334838867
OLAPARIB,1,OCIAML2,1.7784290313720703,3.4516743857985164,3.3981971740722656
OLAPARIB,1,OCIAML5,2.77559757232666,2.894729223112612,2.8147335052490234
OLAPARIB,1,P12ICHIKAWA,3.0477566719055176,3.5864020411272652,3.539339780807495
OLAPARIB,1,SHP77,3.806260108947754,3.2515133706916526,3.1885056495666504
OLAPARIB,1,SUDHL6,3.0105090141296387,3.064249678966127,2.9923255443573
OLAPARIB,1,SUDHL8,1.4634560346603394,3.764376046009381,3.725787878036499
OLAPARIB,1,SUPT1,3.2643001079559326,2.9064312836187796,2.8269927501678467
OLAPARIB,2,A3KAW,2.496955156326294,3.60185902753182,3.5863587856292725
OLAPARIB,2,ALLSIL,3.0693631172180176,3.346260098147467,3.2869296073913574
OLAPARIB,2,CORL105,3.6286349296569824,3.8951506974168906,3.9299442768096924
OLAPARIB,2,DAUDI,2.8734850883483887,2.92857577024181,2.7976205348968506
OLAPARIB,2,DMS114,3.7119369506835938,3.3444066504125787,3.2847583293914795
OLAPARIB,2,DMS53,4.071601867675781,3.2726883786715986,3.200741767883301
OLAPARIB,2,EPLC272H,4.2327880859375,3.796029810455055,3.813826084136963
OLAPARIB,2,HCC366,3.9729185104370117,3.9206005476200394,3.9597582817077637
OLAPARIB,2,HCC44,3.1642885208129883,3.8450113440774145,3.8712069988250732
OLAPARIB,2,HEL,3.598891496658325,3.4558962024276827,3.4153661727905273
OLAPARIB,2,JVM3,2.24908709526062,3.559871425106281,3.5371711254119873
OLAPARIB,2,KNS62,3.732089042663574,3.7266770403087395,3.7325806617736816
OLAPARIB,2,L428,3.8866350650787354,3.6689323846298487,3.664933919906616
OLAPARIB,2,L540,2.4288530349731445,3.8732068694086386,3.9042375087738037
OLAPARIB,2,LAMA84,3.2450339794158936,3.653376204651377,3.646710157394409
OLAPARIB,2,LOUCY,3.2427849769592285,2.9063085505073323,2.7715349197387695
OLAPARIB,2,LP1,3.730889081954956,3.590525460225301,3.5730817317962646
OLAPARIB,2,LU65,5.92929220199585,3.7818376149631567,3.7972002029418945
OLAPARIB,2,MOLM13,2.2769479751586914,3.2369488102266324,3.1588735580444336
OLAPARIB,2,MOLT13,2.2494070529937744,3.4067571450821648,3.3578007221221924
OLAPARIB,2,NCIH1092,4.870373249053955,3.3129476975608827,3.2479047775268555
OLAPARIB,2,NCIH1651,1.5969610214233398,4.229456131206423,4.3215765953063965
OLAPARIB,2,NCIH1944,4.533949375152588,3.182510117543847,3.095099687576294
OLAPARIB,2,NCIH1963,3.6879215240478516,3.461260556814,3.4216504096984863
OLAPARIB,2,NCIH1975,4.496391773223877,4.159454135379391,4.239570617675781
OLAPARIB,2,NCIH2009,3.6037750244140625,4.107199812361539,4.178355693817139
OLAPARIB,2,NCIH2029,4.039730072021484,4.061310343242986,4.124597072601318
OLAPARIB,2,NCIH2085,3.4979939460754395,3.9286845266995942,3.969228506088257
OLAPARIB,2,NCIH2170,4.501124858856201,3.796802775701251,3.8147315979003906
OLAPARIB,2,NCIH2171,2.8820579051971436,3.8527450669198173,3.8802669048309326
OLAPARIB,2,NCIH2172,5.027032375335693,3.9395915181356487,3.9820058345794678
OLAPARIB,2,NCIH23,2.598694086074829,4.084954369162434,4.1522955894470215
OLAPARIB,2,NCIH522,6.117648601531982,3.7722040420488105,3.785914659500122
OLAPARIB,2,NCIH841,3.9966349601745605,3.504638397679972,3.4724667072296143
OLAPARIB,2,OPM2,3.7902181148529053,3.250466340160042,3.1747090816497803
OLAPARIB,2,RPMI8226,3.100374937057495,3.7129057221546855,3.7164478302001953
OLAPARIB,2,RS411,2.0364019870758057,2.9204238158088507,2.7880706787109375
OLAPARIB,2,ST486,3.482469081878662,3.76939588658093,3.7826249599456787
OLAPARIB,2,SUPB15,0.3340129852294922,2.8840962809088397,2.745513677597046
OLAPARIB,2,SW1573,3.743604898452759,3.65423993938146,3.647722005844116
OLAPARIB,2,THP1,3.860685110092163,3.2583938131115495,3.1839959621429443
OLAPARIB,3,697,0.6951836347579956,2.7175251667772913,2.671194314956665
OLAPARIB,3,A4FUK,3.6303229331970215,2.9909315693336365,2.9645724296569824
OLAPARIB,3,ABC1,4.859859943389893,4.136573223294829,4.1939005851745605
OLAPARIB,3,BL41,3.0221939086914062,3.253237891956986,3.246039628982544
OLAPARIB,3,CMK,3.0633394718170166,3.1214331636409574,3.104606866836548
OLAPARIB,3,COLO668,3.925457000732422,3.4841847890296114,3.49385666847229
OLAPARIB,3,CORL23,3.1534674167633057,3.7269580993812625,3.754364013671875
OLAPARIB,3,DMS273,2.04447865486145,3.7613279533521027,3.7912445068359375
OLAPARIB,3,DMS79,3.2405529022216797,3.887853044785793,3.9270119667053223
OLAPARIB,3,EM2,3.815643072128296,2.738930114943851,2.6941628456115723
OLAPARIB,3,GA10,3.877859115600586,3.168656384921214,3.1552796363830566
OLAPARIB,3,HCC78,4.763959884643555,3.4481287485298573,3.455166816711426
OLAPARIB,3,JEKO1,3.4577174186706543,3.5158323927234374,3.5278160572052
OLAPARIB,3,KARPAS422,4.472655773162842,2.80557503218918,2.7656760215759277
OLAPARIB,3,KMS12BM,3.415842056274414,4.024660119064659,4.073812484741211
OLAPARIB,3,KOPN8,1.2810114622116089,2.6145591384657307,2.560706853866577
OLAPARIB,3,L363,3.8743364810943604,3.294502913479782,3.2903189659118652
OLAPARIB,3,LCLC103H,4.097171783447266,2.971219917719568,2.943420886993408
OLAPARIB,3,ME1,3.9335389137268066,3.237969116325546,3.2296555042266846
OLAPARIB,3,MHHCALL2,2.7677578926086426,2.6989391207707443,2.6512506008148193
OLAPARIB,3,NAMALWA,3.1419010162353516,3.4456777900899502,3.4525368213653564
OLAPARIB,3,NCIH1436,4.480844974517822,3.38937262463136,3.3921186923980713
OLAPARIB,3,NCIH1793,5.372661113739014,3.822053998157881,3.8564064502716064
OLAPARIB,3,NCIH196,4.580589771270752,3.5170879784494744,3.529163360595703
OLAPARIB,3,NCIH211,2.163992404937744,3.521096476429201,3.5334646701812744
OLAPARIB,3,NCIH2110,3.834649085998535,4.070221594522048,4.122702121734619
OLAPARIB,3,NCIH446,3.707557439804077,3.8789690703264292,3.9174790382385254
OLAPARIB,3,NCIH69,3.819581985473633,3.232477289677085,3.2237625122070312
OLAPARIB,3,NCIH929,3.7275400161743164,3.704988570905048,3.7307896614074707
OLAPARIB,3,NOMO1,3.370598077774048,2.8821702052421743,2.8478662967681885
OLAPARIB,3,PF382,3.8372631072998047,2.475425975536027,2.411410331726074
OLAPARIB,3,PL21,4.570310115814209,3.081777895893623,3.0620548725128174
OLAPARIB,3,RAJI,3.7070178985595703,3.235872770311538,3.2274060249328613
OLAPARIB,3,RCHACV,1.5713474750518799,3.197623065350067,3.1863622665405273
OLAPARIB,3,SBC5,3.4794886112213135,3.780485467503645,3.8118014335632324
OLAPARIB,3,SIGM5,2.6304540634155273,3.5503697766248083,3.5648763179779053
OLAPARIB,3,SKLU1,3.452787399291992,3.59033077538595,3.6077563762664795
OLAPARIB,3,SKM1,3.027637481689453,2.8386648597279374,2.801182985305786
OLAPARIB,3,SUDHL1,4.284554958343506,3.2019057436139784,3.19095778465271
OLAPARIB,3,SUDHL5,1.0164320468902588,2.804239236509666,2.764242649078369
OLAPARIB,3,SW1271,4.535501956939697,3.983654391214184,4.029811382293701
OLAPARIB,4,CA46,4.079376220703125,2.4292628817996436,2.0759387016296387
OLAPARIB,4,CALU3,4.531649112701416,3.9801618906079033,4.11522912979126
OLAPARIB,4,CHAGOK1,4.5495829582214355,4.189042689614141,4.389888286590576
OLAPARIB,4,CMLT1,1.4169410467147827,2.8286312475559887,2.60107159614563
OLAPARIB,4,EJM,3.8657829761505127,3.5145498929973837,3.5029919147491455
OLAPARIB,4,GRANTA519,3.692828893661499,3.5064735594522434,3.4923722743988037
OLAPARIB,4,HCC827,4.050180912017822,4.1072403933793495,4.282325744628906
OLAPARIB,4,HT,4.060614585876465,2.945488044358378,2.754727602005005
OLAPARIB,4,IALM,4.503911018371582,4.26120676605805,4.484777450561523
OLAPARIB,4,JM1,2.405493974685669,3.4828641275771774,3.4613280296325684
OLAPARIB,4,JURLMK1,3.1844863891601562,3.636780637391055,3.6637141704559326
OLAPARIB,4,JVM2,3.1511659622192383,2.7476789771767858,2.494626760482788
OLAPARIB,4,KMH2,3.4734175205230713,3.3295606590213516,3.2597479820251465
OLAPARIB,4,MEG01,3.1140758991241455,3.302719750866786,3.224454641342163
OLAPARIB,4,MM1S,3.2206454277038574,3.3672539023953445,3.3093111515045166
OLAPARIB,4,MOLM16,2.0755369663238525,3.3600658531220744,3.2998595237731934
OLAPARIB,4,NCIH1048,1.6129440069198608,3.0378159380583796,2.8761303424835205
OLAPARIB,4,NCIH1437,4.663337230682373,3.968746376995247,4.100218772888184
OLAPARIB,4,NCIH1623,3.146622896194458,4.271625747652294,4.498477458953857
OLAPARIB,4,NCIH1781,4.285407066345215,4.076066855570501,4.241335391998291
OLAPARIB,4,NCIH1836,4.518640995025635,3.3490871382052614,3.285423517227173
OLAPARIB,4,NCIH2023,3.167038917541504,3.8043142422891236,3.884005546569824
OLAPARIB,4,NCIH2087,3.4920709133148193,4.2151276767380015,4.424187660217285
OLAPARIB,4,NCIH209,0.8144919872283936,3.41033505496277,3.3659589290618896
OLAPARIB,4,NCIH2122,3.2415504455566406,3.611396268847825,3.630336046218872
OLAPARIB,4,NCIH2196,3.702558994293213,3.3385463099013415,3.2715632915496826
OLAPARIB,4,NCIH2227,3.596898078918457,3.4831700135879236,3.4617302417755127
OLAPARIB,4,NCIH2291,5.3564958572387695,4.114059094813919,4.2912917137146
OLAPARIB,4,NCIH2405,4.284059047698975,3.724097585155681,3.7785279750823975
OLAPARIB,4,NCIH460,2.7931559085845947,3.5510518672008957,3.5509886741638184
OLAPARIB,4,NCIH596,3.963118553161621,4.42949665462584,4.706063270568848
OLAPARIB,4,NCIH647,2.7222704887390137,3.6284147365909285,3.6527137756347656
OLAPARIB,4,NCIH727,4.363997936248779,3.451256873504128,3.419767379760742
OLAPARIB,4,NCIH82,4.242812633514404,2.963424895411754,2.778312921524048
OLAPARIB,4,OCIAML3,3.8123679161071777,3.4766764180319965,3.4531917572021484
OLAPARIB,4,P31FUJ,3.2859749794006348,3.06123480313007,2.90692400932312
OLAPARIB,4,RL,3.760345935821533,3.1732090282090626,3.0541598796844482
OLAPARIB,4,RPMI8402,2.949899911880493,3.1799263720384108,3.062992572784424
OLAPARIB,4,SUDHL4,3.273993968963623,3.3136493281968105,3.238826036453247
OLAPARIB,4,SUPM2,1.3024330139160156,3.800235097307645,3.8786418437957764
OLAPARIB,5,A549,3.2347230911254883,3.4391651607986744,3.41843581199646
OLAPARIB,5,BEN,5.086228847503662,3.7966822003424707,3.8421530723571777
OLAPARIB,5,CALU6,4.357745170593262,3.8667501077300295,3.9251952171325684
OLAPARIB,5,CORL88,3.7056119441986084,3.583921823547666,3.589996576309204
OLAPARIB,5,CORL95,4.626766204833984,3.7159444994988253,3.7464654445648193
OLAPARIB,5,DB,2.959984064102173,3.6848291134011752,3.7095885276794434
OLAPARIB,5,DOHH2,0.24862700700759888,3.535699845011777,3.5328454971313477
OLAPARIB,5,HDLM2,3.5369160175323486,3.418334531020759,3.3937480449676514
OLAPARIB,5,K562,4.2492241859436035,3.650269515803277,3.6686296463012695
OLAPARIB,5,KCL22,3.6340343952178955,3.3656659167158445,3.331326961517334
OLAPARIB,5,KG1,4.2064127922058105,3.454429449112197,3.4365265369415283
OLAPARIB,5,KU812,2.924823045730591,3.085830018846558,2.9996747970581055
OLAPARIB,5,L1236,4.1497907638549805,3.5214922965505298,3.5160071849823
OLAPARIB,5,LCLC97TM1,3.125793933868408,4.0508457370870765,4.143379211425781
OLAPARIB,5,LOUNH91,4.451174736022949,3.766578693448503,3.8064754009246826
OLAPARIB,5,LXF289,4.084269046783447,4.025478347905295,4.113314628601074
OLAPARIB,5,MOLT16,1.6349430084228516,3.244952952261908,3.1882619857788086
OLAPARIB,5,NALM6,2.2974350452423096,2.8658231385378277,2.7389299869537354
OLAPARIB,5,NCIH1435,3.704982042312622,3.484396563540937,3.4720425605773926
OLAPARIB,5,NCIH146,3.061906099319458,3.3476327406568975,3.3099546432495117
OLAPARIB,5,NCIH1648,4.809979438781738,3.806490186540391,3.8537771701812744
OLAPARIB,5,NCIH1792,3.3917484283447266,3.909331111166424,3.975660800933838
OLAPARIB,5,NCIH2066,5.401173114776611,3.2767867122435246,3.2259902954101562
OLAPARIB,5,NCIH2347,3.6950790882110596,3.4275446434625474,3.404663562774658
OLAPARIB,5,NCIH358,4.723379135131836,3.4760619378376028,3.4621646404266357
OLAPARIB,5,NCIH524,3.035475015640259,3.2276528354113543,3.1677584648132324
OLAPARIB,5,NCIH526,2.855201005935669,3.660915169000031,3.681246519088745
OLAPARIB,5,NCIH661,5.217538833618164,3.367249316559221,3.3332035541534424
OLAPARIB,5,NCIH810,3.683518886566162,3.7737966309888864,3.8150298595428467
OLAPARIB,5,NCIH838,4.1581220626831055,3.810632856210656,3.858686923980713
OLAPARIB,5,NUDUL1,2.265810966491699,2.9061910836999254,2.7867727279663086
OLAPARIB,5,OCILY19,1.495224952697754,2.7076269899120136,2.551441192626953
OLAPARIB,5,OCIM1,2.8607285022735596,2.739506616386361,2.589223861694336
OLAPARIB,5,REH,2.408996105194092,2.9603000668116723,2.850900888442993
OLAPARIB,5,RERFLCKJ,5.036983966827393,3.681852015919009,3.7060601711273193
OLAPARIB,5,RERFLCMS,3.427949905395508,3.0326102019535544,2.93660044670105
OLAPARIB,5,SKMES1,4.334650993347168,4.128632492396166,4.235569477081299
OLAPARIB,5,SKMM2,4.797709941864014,3.691919912242408,3.7179923057556152
OLAPARIB,5,SUDHL10,3.10319447517395,3.5420579869822717,3.5403809547424316
OLAPARIB,5,WSUDLCL2,2.5167605876922607,2.9813123520410634,2.8758039474487305
PLX-4720,1,A549,3.4421510696411133,3.5007098458493835,3.476043939590454
PLX-4720,1,BL41,3.5278968811035156,3.7341586677175744,3.7112927436828613
PLX-4720,1,BV173,2.9944260120391846,3.7776652917915134,3.7551348209381104
PLX-4720,1,CMK,3.4318225383758545,3.851287300087825,3.82932448387146
PLX-4720,1,CORL95,5.271581649780273,4.1577415653927305,4.138141632080078
PLX-4720,1,DMS273,4.2695488929748535,4.253434513632386,4.234572410583496
PLX-4720,1,EBC1,2.5418694019317627,3.8547526974395194,3.8328166007995605
PLX-4720,1,EHEB,4.388335227966309,3.5312281502390217,3.5067975521087646
PLX-4720,1,EJM,4.521431922912598,3.7689659543692122,3.746368408203125
PLX-4720,1,GDM1,4.377754211425781,3.2954148045002203,3.2691659927368164
PLX-4720,1,HARA,3.8698859214782715,3.7112118555139753,3.688169002532959
PLX-4720,1,HCC33,3.9180378913879395,3.8354560627700187,3.813371181488037
PLX-4720,1,HL60,4.560887813568115,3.6536780259926926,3.6301915645599365
PLX-4720,1,IALM,3.536983013153076,4.154032239272715,4.134403705596924
PLX-4720,1,JURLMK1,3.3418760299682617,3.674282317599642,3.6509547233581543
PLX-4720,1,LOUCY,3.229541063308716,3.5621406208052093,3.5379483699798584
PLX-4720,1,MEG01,3.1109800338745117,3.902040808908292,3.88046932220459
PLX-4720,1,MOLT13,3.92372989654541,3.4543823074159,3.429359197616577
PLX-4720,1,MOLT16,2.5611050128936768,3.7064790222632555,3.6833996772766113
PLX-4720,1,NCIH1436,4.293838977813721,4.049674732979279,4.029241561889648
PLX-4720,1,NCIH1623,5.5293288230896,4.148145772002275,4.128471851348877
PLX-4720,1,NCIH1648,2.709777593612671,3.777307087955201,3.7547738552093506
PLX-4720,1,NCIH1651,4.457982540130615,4.240748798113635,4.2217888832092285
PLX-4720,1,NCIH1792,3.3833980560302734,4.298566777441662,4.280052661895752
PLX-4720,1,NCIH1836,5.206600189208984,3.6426692911818557,3.619097948074341
PLX-4720,1,NCIH1963,4.953086853027344,4.371144458305027,4.353189945220947
PLX-4720,1,NCIH1975,4.041454315185547,4.458926638069824,4.441648960113525
PLX-4720,1,NCIH2030,3.276132583618164,4.0319618608462875,4.011392116546631
PLX-4720,1,NCIH2122,2.545802593231201,3.863488470390745,3.8416197299957275
PLX-4720,1,NCIH2291,5.816341876983643,4.516225056219157,4.499389171600342
PLX-4720,1,NCIH23,4.546818733215332,4.532439339779361,4.51572847366333
PLX-4720,1,NCIH2342,4.251833915710449,4.535866172253037,4.519181728363037
PLX-4720,1,NCIH2444,5.295472621917725,4.308748851615726,4.290313243865967
PLX-4720,1,NCIH460,3.5067224502563477,4.190435591366733,4.171087741851807
PLX-4720,1,NCIH650,4.195916175842285,4.074237957738813,4.053994178771973
PLX-4720,1,NCIH841,4.407626628875732,4.303863178418997,4.2853899002075195
PLX-4720,1,P31FUJ,3.872775077819824,3.483935780072063,3.4591405391693115
PLX-4720,1,RS411,2.998745918273926,3.576492197097721,3.55241060256958
PLX-4720,1,SKMES1,2.890096426010132,3.830665027310757,3.8085432052612305
PLX-4720,1,SKMM2,5.174736976623535,3.559338870587502,3.5351250171661377
PLX-4720,1,SW1573,4.599557876586914,3.819184759972991,3.7969744205474854
PLX-4720,2,A3KAW,2.658134937286377,3.9115795302650405,3.907722234725952
PLX-4720,2,CA46,4.129932880401611,3.717254951913873,3.6998462677001953
PLX-4720,2,DMS114,5.15036678314209,3.9943091417007617,3.9962210655212402
PLX-4720,2,GA10,3.5705859661102295,3.6313333086266724,3.6079328060150146
PLX-4720,2,HCC366,4.159908771514893,3.994088271461632,3.9959847927093506
PLX-4720,2,HCC44,3.673405408859253,4.424652626470657,4.4565749168396
PLX-4720,2,HDLM2,3.3675990104675293,3.480047224248406,3.446096658706665
PLX-4720,2,HH,3.7508718967437744,4.208961582716212,4.225842475891113
PLX-4720,2,JEKO1,3.0493860244750977,3.7030245342567656,3.6846234798431396
PLX-4720,2,JVM2,2.829667091369629,3.8391659631162596,3.830258846282959
PLX-4720,2,JVM3,2.0085370540618896,3.560915374294408,3.532604217529297
PLX-4720,2,KARPAS422,4.8281660079956055,3.938167760383324,3.936164617538452
PLX-4720,2,KNS62,2.751844882965088,3.815151729356916,3.804569959640503
PLX-4720,2,KOPN8,3.6493020057678223,3.583411153019251,3.556668758392334
PLX-4720,2,L1236,4.006653785705566,3.9469357071112383,3.9455440044403076
PLX-4720,2,ME1,4.941098213195801,4.000395442901725,4.002731800079346
PLX-4720,2,MOLM16,1.8355439901351929,3.492932584495677,3.4598805904388428
PLX-4720,2,NALM6,3.485867977142334,3.60447651277867,3.5792031288146973
PLX-4720,2,NCIH1092,5.131642818450928,3.9759851582695918,3.976619243621826
PLX-4720,2,NCIH1105,4.735436916351318,4.00926992441703,4.012225151062012
PLX-4720,2,NCIH146,3.484513998031616,4.4585752640856935,4.492863178253174
PLX-4720,2,NCIH1781,4.435152053833008,4.272846349218396,4.294182300567627
PLX-4720,2,NCIH1944,4.441686630249023,4.3133331344447825,4.3374924659729
PLX-4720,2,NCIH2009,3.2592129707336426,4.301311196302848,4.324632167816162
PLX-4720,2,NCIH2023,4.100792407989502,4.28976130979207,4.312276840209961
PLX-4720,2,NCIH2029,5.073337078094482,3.871342143421688,3.8646788597106934
PLX-4720,2,NCIH2066,5.790404796600342,4.207179910978974,4.223936557769775
PLX-4720,2,NCIH2087,4.001265525817871,3.7939651249859057,3.7819058895111084
PLX-4720,2,NCIH2170,4.12122106552124,4.504280916637468,4.5417561531066895
PLX-4720,2,NCIH2171,3.4593350887298584,4.119552596712904,4.1301984786987305
PLX-4720,2,NCIH596,4.952596187591553,3.958504760968701,3.9579198360443115
PLX-4720,2,NCIH727,4.657020092010498,3.905931403524349,3.9016802310943604
PLX-4720,2,NCIH810,4.483374118804932,4.449423078919574,4.483072757720947
PLX-4720,2,OCILY19,2.9199559688568115,3.571354891954182,3.543771743774414
PLX-4720,2,P12ICHIKAWA,3.412353038787842,4.087852479808869,4.096287727355957
PLX-4720,2,PL21,3.8492701053619385,4.23855953201634,4.257504463195801
PLX-4720,2,SUDHL10,2.6785740852355957,3.5396382822169534,3.509843349456787
PLX-4720,2,SUDHL8,4.197164058685303,4.061243299334906,4.0678229331970215
PLX-4720,2,SUPM2,3.304877996444702,3.838101729622976,3.829120397567749
PLX-4720,2,SW1271,3.7293920516967773,4.368896152219795,4.39693021774292
PLX-4720,2,THP1,4.307587146759033,3.9819865436672166,3.983039140701294
PLX-4720,3,697,2.1396849155426025,3.450614467368508,3.473191499710083
PLX-4720,3,A4FUK,2.9833970069885254,3.284661322147904,3.3066399097442627
PLX-4720,3,ABC1,4.865682125091553,4.1445772174909585,4.169656753540039
PLX-4720,3,AMO1,4.2208170890808105,4.022003351343505,4.046640872955322
PLX-4720,3,CALU3,5.307161808013916,4.774274958491988,4.8016252517700195
PLX-4720,3,CMLT1,2.5262351036071777,3.4439826892137995,3.466535806655884
PLX-4720,3,COLO668,4.922050952911377,4.3076762939785525,4.333343982696533
PLX-4720,3,CORL88,5.168890953063965,4.303632515222663,4.329285621643066
PLX-4720,3,DMS79,4.954063892364502,4.281314999569778,4.306887626647949
PLX-4720,3,EM2,3.4089150428771973,3.022201978673391,3.04323410987854
PLX-4720,3,EPLC272H,4.301421165466309,3.886727525231302,3.910877227783203
PLX-4720,3,GRANTA519,4.547576904296875,3.8026992660652295,3.8265459537506104
PLX-4720,3,HCC78,5.034546852111816,4.061880017681556,4.086661338806152
PLX-4720,3,JM1,4.074923038482666,4.133338163740447,4.158377170562744
PLX-4720,3,JURKAT,3.134161949157715,3.3783735548309037,3.4006900787353516
PLX-4720,3,KCL22,3.8845129013061523,3.888110135521473,3.912264823913574
PLX-4720,3,KG1,2.7192649841308594,3.8415012023426747,3.865487813949585
PLX-4720,3,KMS11,4.175826072692871,4.138599684824072,4.1636576652526855
PLX-4720,3,L363,3.3132119178771973,4.073335252766098,4.09815788269043
PLX-4720,3,LOUNH91,4.779232501983643,4.609421249770165,4.636177062988281
PLX-4720,3,MOLP8,4.9314141273498535,3.778739722521338,3.802500009536743
PLX-4720,3,NAMALWA,3.424791097640991,3.9571085656105307,3.9815120697021484
PLX-4720,3,NB4,3.3123960494995117,3.6799469909267253,3.7033510208129883
PLX-4720,3,NCIH1341,4.162496089935303,4.080458308941436,4.105306625366211
PLX-4720,3,NCIH1437,4.390958309173584,3.9188670378682255,3.9431326389312744
PLX-4720,3,NCIH2405,4.747439861297607,3.6505665222605996,3.6738646030426025
PLX-4720,3,NCIH446,3.2311766147613525,4.591860673713565,4.618553161621094
PLX-4720,3,NCIH647,2.5095999240875244,3.9287833469287583,3.953084707260132
PLX-4720,3,NOMO1,4.88514518737793,3.5045391194280286,3.527310609817505
PLX-4720,3,NUDUL1,3.230210065841675,3.7944746353339585,3.818291664123535
PLX-4720,3,RCHACV,2.978437900543213,3.6826342912020533,3.706048011779785
PLX-4720,3,RERFLCKJ,4.575979709625244,3.5810775268366273,3.6041250228881836
PLX-4720,3,SHP77,4.374701976776123,3.643353905246876,3.6666259765625
PLX-4720,3,SIGM5,2.2053890228271484,3.9834299496191776,4.007928371429443
PLX-4720,3,SKLU1,3.065049409866333,3.590689043972368,3.6137712001800537
PLX-4720,3,SKM1,4.670436859130859,3.539535551540827,3.5624332427978516
PLX-4720,3,ST486,3.5988380908966064,3.661087663932606,3.6844236850738525
PLX-4720,3,SUDHL1,3.812730073928833,4.079764153053485,4.104609966278076
PLX-4720,3,SUDHL4,3.664966106414795,3.7742683323354975,3.7980124950408936
PLX-4720,3,SUPB15,4.241666793823242,3.3120410444456767,3.334118366241455
PLX-4720,3,SUPT1,3.8078479766845703,3.3943372397585474,3.4167113304138184
PLX-4720,4,ALLSIL,3.1460020542144775,3.424359799559683,3.392435312271118
PLX-4720,4,BEN,5.743273735046387,4.32410241944387,4.345417499542236
PLX-4720,4,CALU6,3.037339448928833,3.4875554491929055,3.4593703746795654
PLX-4720,4,CORL105,4.15357780456543,3.7515882716756264,3.7390265464782715
PLX-4720,4,CORL279,3.6875529289245605,4.611174351782511,4.649476051330566
PLX-4720,4,DOHH2,2.6095681190490723,3.7625834584351328,3.7506723403930664
PLX-4720,4,HCC827,2.74743390083313,4.093218804227634,4.100872039794922
PLX-4720,4,HEL,3.145009994506836,3.496360872680159,3.4686968326568604
PLX-4720,4,HT,3.800640106201172,3.49156873963092,3.463621139526367
PLX-4720,4,K562,3.887321949005127,3.973622118897554,3.974198579788208
PLX-4720,4,KMS12BM,3.197516918182373,4.004282181194407,4.0066728591918945
PLX-4720,4,L428,3.865488052368164,3.752619675387948,3.740118980407715
PLX-4720,4,L540,3.3610448837280273,4.216583422063291,4.231536388397217
PLX-4720,4,LCLC103H,3.8862454891204834,3.5662435389179072,3.5427145957946777
PLX-4720,4,LXF289,3.2282934188842773,3.556716898168699,3.5326242446899414
PLX-4720,4,MONOMAC6,2.7387468814849854,3.666995159343612,3.649427890777588
PLX-4720,4,NCIH1435,4.542119979858398,3.9282500348132907,3.9261417388916016
PLX-4720,4,NCIH1568,4.3156328201293945,4.386965372724668,4.4120001792907715
PLX-4720,4,NCIH1650,5.3787760734558105,4.716534199357636,4.761070251464844
PLX-4720,4,NCIH1915,3.4267749786376953,3.6002105309261783,3.5786914825439453
PLX-4720,4,NCIH2085,5.08694314956665,3.992599091827992,3.9942984580993652
PLX-4720,4,NCIH209,2.7464749813079834,4.087964542889134,4.095306873321533
PLX-4720,4,NCIH2172,5.112327575683594,4.071610648845574,4.0779852867126465
PLX-4720,4,NCIH2196,4.593578815460205,4.460890592273106,4.490299701690674
PLX-4720,4,NCIH2228,3.9101614952087402,4.266730531671229,4.284650802612305
PLX-4720,4,NCIH2347,5.082534313201904,4.303538273319285,4.323636531829834
PLX-4720,4,NCIH292,4.22825813293457,4.107698073627759,4.116208076477051
PLX-4720,4,NCIH524,3.587606906890869,3.343192244122935,3.306464910507202
PLX-4720,4,NCIH526,3.4844720363616943,4.219728955776949,4.234868049621582
PLX-4720,4,NCIH838,4.847987174987793,4.157278383901863,4.168722152709961
PLX-4720,4,NCIH929,3.8941490650177,4.079165422174457,4.085987091064453
PLX-4720,4,OCIAML2,3.4395999908447266,3.84771995980284,3.840846538543701
PLX-4720,4,OCIAML5,4.49058723449707,3.6353635696739133,3.615924596786499
PLX-4720,4,OPM2,4.54915714263916,3.9277822790485146,3.9256463050842285
PLX-4720,4,RAJI,4.242185115814209,3.707724125930264,3.6925668716430664
PLX-4720,4,REH,3.612060070037842,3.301998898256816,3.262834072113037
PLX-4720,4,RL,3.7884368896484375,3.6570072907012245,3.6388490200042725
PLX-4720,4,RPMI8226,4.244241237640381,4.070690444049422,4.077010631561279
PLX-4720,4,SBC5,4.806584358215332,3.5663860265979377,3.542865514755249
PLX-4720,4,SUDHL6,2.893712043762207,3.3992738643095817,3.3658649921417236
PLX-4720,5,CAL12T,2.4605519771575928,3.5753612414748934,3.534332036972046
PLX-4720,5,CHAGOK1,3.7725510597229004,4.738439387332129,4.859442710876465
PLX-4720,5,CORL23,3.441821575164795,3.8688499165405403,3.8687076568603516
PLX-4720,5,CORL311,4.7528557777404785,4.035955226699717,4.059092998504639
PLX-4720,5,DAUDI,4.408512115478516,3.5904624400425393,3.551537036895752
PLX-4720,5,DB,2.667480945587158,4.2277148972381555,4.277567386627197
PLX-4720,5,DMS53,4.8709259033203125,4.551073447169732,4.645974159240723
PLX-4720,5,DND41,4.329945087432861,3.850488576730355,3.8477883338928223
PLX-4720,5,HCC15,3.0177054405212402,3.6918842433794246,3.667088270187378
PLX-4720,5,KMH2,4.07349157333374,3.434393353572241,3.373725414276123
PLX-4720,5,KU812,2.9614078998565674,3.2319048698003634,3.1430275440216064
PLX-4720,5,LAMA84,2.339747905731201,3.3614680181448193,3.2906405925750732
PLX-4720,5,LCLC97TM1,2.779906988143921,3.744273346645822,3.726775884628296
PLX-4720,5,LP1,3.3408188819885254,3.9281110769520526,3.9362246990203857
PLX-4720,5,LU65,5.194914817810059,3.8819455182362113,3.8836276531219482
PLX-4720,5,MHHCALL2,3.295759916305542,3.3110669334806504,3.23321795463562
PLX-4720,5,MM1S,4.443118095397949,4.1567610484687965,4.196728706359863
PLX-4720,5,MOLM13,3.5924930572509766,3.657994176369556,3.628476858139038
PLX-4720,5,NCIH1048,3.55173659324646,3.713968409603678,3.692249059677124
PLX-4720,5,NCIH1155,4.58354377746582,3.488994598380129,3.4359333515167236
PLX-4720,5,NCIH1793,5.5336480140686035,4.228352737311797,4.278294086456299
PLX-4720,5,NCIH1876,3.944298028945923,3.7389320638244232,3.7206904888153076
PLX-4720,5,NCIH196,5.00089693069458,4.230801976229743,4.2810845375061035
PLX-4720,5,NCIH2081,4.953409194946289,3.826233703457583,3.8201544284820557
PLX-4720,5,NCIH211,4.251676082611084,4.425064457555829,4.502410411834717
PLX-4720,5,NCIH2110,3.6461215019226074,4.364656733573621,4.433587074279785
PLX-4720,5,NCIH2227,4.458782196044922,3.912107317938995,3.9179913997650146
PLX-4720,5,NCIH358,2.861318588256836,3.570285516085729,3.5285491943359375
PLX-4720,5,NCIH441,5.169405937194824,3.9187619486285605,3.9255731105804443
PLX-4720,5,NCIH522,4.1307573318481445,4.521967180712174,4.6128129959106445
PLX-4720,5,NCIH661,4.427849292755127,3.7789695028826156,3.766305685043335
PLX-4720,5,NCIH69,4.381549835205078,3.5974790993828267,3.5595312118530273
PLX-4720,5,NCIH82,2.8108348846435547,3.903733992851523,3.908451557159424
PLX-4720,5,OCIAML3,4.458110809326172,4.001754610257668,4.020127773284912
PLX-4720,5,OCIM1,3.709338903427124,3.5363127893550312,3.4898436069488525
PLX-4720,5,PF382,3.8432929515838623,3.4941718173505647,3.4418318271636963
PLX-4720,5,RERFLCMS,3.4660589694976807,3.2964845031356282,3.216603994369507
PLX-4720,5,RPMI8402,3.848788022994995,3.5849518617422773,3.5452587604522705
PLX-4720,5,SUDHL5,3.3497679233551025,3.621609041381332,3.5870227813720703
PLX-4720,5,WSUDLCL2,3.213437557220459,3.1725290321052695,3.0753798484802246
NUTLIN-3A (-),1,A549,1.6861070394515991,4.050054559490871,3.993337392807007
NUTLIN-3A (-),1,ALLSIL,3.3851466178894043,2.283871980559459,2.3225440979003906
NUTLIN-3A (-),1,BL41,3.511749029159546,3.6679663569679475,3.631885290145874
NUTLIN-3A (-),1,BV173,0.2830674946308136,2.3970084374554115,2.429570198059082
NUTLIN-3A (-),1,DMS273,4.724742889404297,5.120229922196257,5.005713939666748
NUTLIN-3A (-),1,DMS53,5.222582817077637,4.186067061793539,4.12200403213501
NUTLIN-3A (-),1,DND41,4.008326053619385,3.763244190118767,3.722017288208008
NUTLIN-3A (-),1,EBC1,4.720058441162109,3.722115345385306,3.683109760284424
NUTLIN-3A (-),1,EM2,4.061418056488037,2.711104124485055,2.7267019748687744
NUTLIN-3A (-),1,GDM1,1.2768820524215698,2.1291560485336767,2.1761841773986816
NUTLIN-3A (-),1,HCC33,5.321680068969727,4.77884866547865,4.682770252227783
NUTLIN-3A (-),1,HCC44,4.3554511070251465,4.808800969072642,4.711104869842529
NUTLIN-3A (-),1,HCC827,4.587244987487793,4.863955810908294,4.763280868530273
NUTLIN-3A (-),1,KCL22,3.8882083892822266,3.687873988052275,3.6507177352905273
NUTLIN-3A (-),1,KMS11,3.9431440830230713,4.334157113997993,4.262095928192139
NUTLIN-3A (-),1,LXF289,4.292276382446289,3.497027478642465,3.4701786041259766
NUTLIN-3A (-),1,ME1,4.6690993309021,3.6966179315487064,3.658989429473877
NUTLIN-3A (-),1,MOLM13,0.8783599734306335,2.6000338129970615,2.6216304302215576
NUTLIN-3A (-),1,MOLT13,2.9342753887176514,0.5324418764246078,0.6657065153121948
NUTLIN-3A (-),1,NALM6,0.6962040066719055,3.0592120731932,3.05600905418396
NUTLIN-3A (-),1,NCIH1648,3.946969509124756,4.468731278676458,4.389401912689209
NUTLIN-3A (-),1,NCIH1650,3.9575860500335693,3.7961152580418114,3.753113031387329
NUTLIN-3A (-),1,NCIH1915,4.747992038726807,3.441559867051839,3.4177067279815674
NUTLIN-3A (-),1,NCIH1975,5.1270222663879395,4.977805513901407,4.870981693267822
NUTLIN-3A (-),1,NCIH2029,5.137491226196289,5.666874836642398,5.5228352546691895
NUTLIN-3A (-),1,NCIH2081,4.993232727050781,4.3505395955554675,4.277593612670898
NUTLIN-3A (-),1,NCIH211,3.742098569869995,5.065538312278125,4.953976154327393
NUTLIN-3A (-),1,NCIH2196,5.876129150390625,5.16470069033903,5.047782897949219
NUTLIN-3A (-),1,NCIH2444,5.863656520843506,5.468135742505135,5.334829807281494
NUTLIN-3A (-),1,NCIH292,1.7120524644851685,3.2375482964648916,3.2247135639190674
NUTLIN-3A (-),1,NCIH522,4.521843433380127,4.598013308532241,4.511701583862305
NUTLIN-3A (-),1,NCIH524,3.3821964263916016,4.24815021995815,4.180734157562256
NUTLIN-3A (-),1,NCIH647,4.745840072631836,3.634590220077161,3.600311756134033
NUTLIN-3A (-),1,NCIH838,4.802493572235107,3.837395321029087,3.792163610458374
NUTLIN-3A (-),1,NOMO1,3.8660778999328613,1.6213002543888422,1.6957570314407349
NUTLIN-3A (-),1,NUDUL1,2.4308974742889404,2.8167199935579394,2.826613664627075
NUTLIN-3A (-),1,PF382,3.5392699241638184,1.9325183840635969,1.9901666641235352
NUTLIN-3A (-),1,ST486,3.803184986114502,4.013403287252872,3.958665609359741
NUTLIN-3A (-),1,SUDHL5,0.7758225202560425,3.9278339180274027,3.8777177333831787
NUTLIN-3A (-),1,SUDHL8,4.314573764801025,3.7847638077887624,3.7423746585845947
NUTLIN-3A (-),1,SW1271,6.044585227966309,4.326544787100943,4.254894733428955
NUTLIN-3A (-),2,A3KAW,0.8924974799156189,2.617480494107743,2.494053602218628
NUTLIN-3A (-),2,CORL23,3.7384910583496094,4.395790463023241,4.349102020263672
NUTLIN-3A (-),2,DMS79,5.007762432098389,5.034505736571175,5.015379428863525
NUTLIN-3A (-),2,HARA,3.867570400238037,4.048001623433457,3.9863052368164062
NUTLIN-3A (-),2,HCC78,4.564342975616455,3.1975609115410144,3.099165916442871
NUTLIN-3A (-),2,HEL,3.9703919887542725,3.9248260284856875,3.857814311981201
NUTLIN-3A (-),2,HL60,3.189054489135742,3.659135358245576,3.580658435821533
NUTLIN-3A (-),2,JM1,1.920333981513977,3.930727797199141,3.8639707565307617
NUTLIN-3A (-),2,JURKAT,3.5106256008148193,3.8023781553094165,3.7300825119018555
NUTLIN-3A (-),2,JVM3,0.2420254945755005,3.498911548475383,3.413520574569702
NUTLIN-3A (-),2,K562,4.460346698760986,3.935125897088885,3.868558645248413
NUTLIN-3A (-),2,KARPAS422,4.692560195922852,2.8958491563908897,2.7844345569610596
NUTLIN-3A (-),2,KOPN8,1.6607675552368164,2.521479730563124,2.3939101696014404
NUTLIN-3A (-),2,LCLC97TM1,5.046185493469238,4.404121780238901,4.357792854309082
NUTLIN-3A (-),2,LOUCY,2.925230026245117,3.0754053612748398,2.9717390537261963
NUTLIN-3A (-),2,MOLM16,3.9316415786743164,4.457494595416,4.413468837738037
NUTLIN-3A (-),2,MOLT16,0.005297000054270029,2.559649011745221,2.4337265491485596
NUTLIN-3A (-),2,MONOMAC6,4.314247131347656,3.820776899846361,3.7492752075195312
NUTLIN-3A (-),2,NB4,3.904665470123291,4.233714208228552,4.180031776428223
NUTLIN-3A (-),2,NCIH1435,4.898723602294922,4.77815477188085,4.747966289520264
NUTLIN-3A (-),2,NCIH1436,4.787761688232422,3.7793650970649395,3.7060763835906982
NUTLIN-3A (-),2,NCIH1568,5.751007080078125,4.987182794287158,4.966014385223389
NUTLIN-3A (-),2,NCIH1781,5.041545867919922,4.631343304044339,4.59481954574585
NUTLIN-3A (-),2,NCIH1792,4.52594518661499,3.8040182719652815,3.7317934036254883
NUTLIN-3A (-),2,NCIH1793,5.01809549331665,4.392158253729065,4.34531307220459
NUTLIN-3A (-),2,NCIH1876,4.823702812194824,4.056056616647314,3.9947078227996826
NUTLIN-3A (-),2,NCIH2085,4.0917277336120605,4.638173009438786,4.6019439697265625
NUTLIN-3A (-),2,NCIH2087,3.928614616394043,4.473493503708994,4.4301581382751465
NUTLIN-3A (-),2,NCIH2227,5.650783538818359,4.3833702819595555,4.336145877838135
NUTLIN-3A (-),2,NCIH2228,5.1772379875183105,4.775329821787972,4.745019435882568
NUTLIN-3A (-),2,NCIH650,5.355279445648193,4.413457828895362,4.367531776428223
NUTLIN-3A (-),2,NCIH661,3.8634815216064453,4.635813856133067,4.599483013153076
NUTLIN-3A (-),2,NCIH810,4.92745304107666,4.73991235283227,4.708073616027832
NUTLIN-3A (-),2,OCILY19,0.035251498222351074,3.2654221095124156,3.1699554920196533
NUTLIN-3A (-),2,OCIM1,3.833897590637207,3.7443896550897904,3.6695916652679443
NUTLIN-3A (-),2,RERFLCKJ,4.456696510314941,4.534798577617758,4.4941086769104
NUTLIN-3A (-),2,SBC5,4.13397741317749,3.9850984871420554,3.920687675476074
NUTLIN-3A (-),2,SIGM5,3.3479130268096924,3.5809434366335555,3.4990923404693604
NUTLIN-3A (-),2,SUDHL6,2.9289820194244385,4.152701679084476,4.095523357391357
NUTLIN-3A (-),2,SW1573,4.107854843139648,4.172231774993568,4.115896224975586
NUTLIN-3A (-),2,WSUDLCL2,3.684530019760132,2.7552320087337625,2.637749433517456
NUTLIN-3A (-),3,697,0.5054064989089966,1.635130870489954,1.4815653562545776
NUTLIN-3A (-),3,A4FUK,3.567193031311035,2.5769217465076992,2.480116605758667
NUTLIN-3A (-),3,CAL12T,3.9083385467529297,4.430521636029466,4.445430278778076
NUTLIN-3A (-),3,COLO668,5.021295070648193,3.5490725975839204,3.510857582092285
NUTLIN-3A (-),3,CORL105,3.1813204288482666,4.678306668166146,4.708148956298828
NUTLIN-3A (-),3,CORL311,5.337561130523682,3.877398637446638,3.858971357345581
NUTLIN-3A (-),3,CORL95,5.280206203460693,4.948706046065885,4.994844913482666
NUTLIN-3A (-),3,DAUDI,2.451792001724243,2.420611617057512,2.3143858909606934
NUTLIN-3A (-),3,EJM,4.380341053009033,4.045416201645532,4.037115097045898
NUTLIN-3A (-),3,HCC15,5.056120872497559,4.300089335757135,4.3071370124816895
NUTLIN-3A (-),3,HCC366,5.344211101531982,4.238126999788412,4.241440296173096
NUTLIN-3A (-),3,HT,4.839818477630615,3.1756575081161618,3.1149373054504395
NUTLIN-3A (-),3,IALM,4.744051456451416,4.394443650358908,4.407177925109863
NUTLIN-3A (-),3,JURLMK1,3.6165294647216797,3.8926040910750093,3.8750932216644287
NUTLIN-3A (-),3,JVM2,1.6130985021591187,2.6973531217560467,2.6078062057495117
NUTLIN-3A (-),3,KG1,3.6511526107788086,3.5785323207405746,3.542092800140381
NUTLIN-3A (-),3,KNS62,4.933337211608887,4.707400758853121,4.738996505737305
NUTLIN-3A (-),3,LOUNH91,5.506997585296631,3.541145163951643,3.5024523735046387
NUTLIN-3A (-),3,MEG01,4.081717014312744,4.196405771523095,4.19720458984375
NUTLIN-3A (-),3,NCIH1048,4.48307991027832,2.087241715502822,1.9609242677688599
NUTLIN-3A (-),3,NCIH1341,4.833114147186279,4.192539871511575,4.193105697631836
NUTLIN-3A (-),3,NCIH1437,3.7866430282592773,4.811507071576089,4.849377155303955
NUTLIN-3A (-),3,NCIH1623,5.329571723937988,4.749370239422575,4.7834954261779785
NUTLIN-3A (-),3,NCIH2122,2.8311829566955566,3.6222283241281095,3.5884222984313965
NUTLIN-3A (-),3,NCIH358,4.02947998046875,4.051439468147892,4.043501377105713
NUTLIN-3A (-),3,NCIH446,5.0275492668151855,4.984168797765322,5.032444953918457
NUTLIN-3A (-),3,NCIH727,5.64237642288208,4.552321322211393,4.574570655822754
NUTLIN-3A (-),3,OCIAML3,1.1853975057601929,3.3369086229638083,3.2859067916870117
NUTLIN-3A (-),3,OPM2,4.0415449142456055,2.699314629771431,2.6098859310150146
NUTLIN-3A (-),3,P31FUJ,3.7372825145721436,2.6484085159854915,2.5559117794036865
NUTLIN-3A (-),3,PL21,3.4625134468078613,3.598820875215875,3.5636041164398193
NUTLIN-3A (-),3,RAJI,4.160658836364746,2.166372474745714,2.0448241233825684
NUTLIN-3A (-),3,RCHACV,0.5827400088310242,2.7098163318618216,2.621020555496216
NUTLIN-3A (-),3,REH,1.773471474647522,2.702115563376799,2.6128556728363037
NUTLIN-3A (-),3,RERFLCMS,4.134206295013428,3.368700208796094,3.3196144104003906
NUTLIN-3A (-),3,RL,4.731052398681641,3.545091116336598,3.506636142730713
NUTLIN-3A (-),3,RPMI8226,3.9001336097717285,3.746459713586245,3.7201409339904785
NUTLIN-3A (-),3,RS411,0.5840805172920227,2.3862320459278448,2.2779343128204346
NUTLIN-3A (-),3,SUDHL10,3.2240889072418213,2.4727446009262137,2.3696608543395996
NUTLIN-3A (-),3,SUPT1,4.644179344177246,2.7494672168624774,2.6630611419677734
NUTLIN-3A (-),3,THP1,4.710322380065918,3.27265827323187,3.2177841663360596
NUTLIN-3A (-),4,AMO1,1.0484119653701782,3.883689517554882,3.843369960784912
NUTLIN-3A (-),4,BEN,3.8209574222564697,4.759911117652784,4.746960639953613
NUTLIN-3A (-),4,CA46,4.780208110809326,3.0583243348440736,2.9922242164611816
NUTLIN-3A (-),4,CALU3,5.220479965209961,4.508844519434051,4.488051891326904
NUTLIN-3A (-),4,CORL279,4.675802707672119,4.7347781476054305,4.721042633056641
NUTLIN-3A (-),4,DMS114,4.795528888702393,4.1446878790964075,4.112520694732666
NUTLIN-3A (-),4,EHEB,2.880023956298828,2.086854285380686,1.9904099702835083
NUTLIN-3A (-),4,GA10,4.277040004730225,2.7693844213648537,2.6942591667175293
NUTLIN-3A (-),4,GRANTA519,1.9221374988555908,4.341163302613545,4.315133094787598
NUTLIN-3A (-),4,HH,4.672770023345947,3.4855943047285436,3.43284010887146
NUTLIN-3A (-),4,JEKO1,3.3357155323028564,3.7650583754881772,3.7210333347320557
NUTLIN-3A (-),4,KMH2,3.1844229698181152,3.6121661410334496,3.5633654594421387
NUTLIN-3A (-),4,KMS12BM,3.5530009269714355,4.309642820180091,4.282628059387207
NUTLIN-3A (-),4,L428,4.6389360427856445,3.123782696175041,3.059727191925049
NUTLIN-3A (-),4,L540,1.0792690515518188,3.76570249049859,3.7216975688934326
NUTLIN-3A (-),4,LP1,4.353950500488281,3.555066709423037,3.5044825077056885
NUTLIN-3A (-),4,MOLP8,2.1637775897979736,2.8313854618538583,2.7581968307495117
NUTLIN-3A (-),4,NCIH1105,4.8259406089782715,5.2325079648295745,5.23431921005249
NUTLIN-3A (-),4,NCIH146,4.193402290344238,4.295550434557448,4.26809549331665
NUTLIN-3A (-),4,NCIH1836,5.988602161407471,4.29872893174451,4.271373271942139
NUTLIN-3A (-),4,NCIH1944,2.819931983947754,2.2436450802672447,2.1520981788635254
NUTLIN-3A (-),4,NCIH2009,5.106454372406006,4.014168815378446,3.9779248237609863
NUTLIN-3A (-),4,NCIH2023,4.176649570465088,4.189957188320676,4.159204006195068
NUTLIN-3A (-),4,NCIH209,4.395960807800293,3.4309668320884574,3.3765063285827637
NUTLIN-3A (-),4,NCIH2110,3.928795576095581,4.568423539517786,4.549491882324219
NUTLIN-3A (-),4,NCIH2171,3.7314488887786865,4.615935922622535,4.5984883308410645
NUTLIN-3A (-),4,NCIH2172,4.943519592285156,4.502291469952668,4.48129415512085
NUTLIN-3A (-),4,NCIH23,4.000420093536377,4.628016893819268,4.6109466552734375
NUTLIN-3A (-),4,NCIH2342,5.566284656524658,4.520766889447314,4.500346660614014
NUTLIN-3A (-),4,NCIH2347,5.8975372314453125,4.665016284191255,4.649101734161377
NUTLIN-3A (-),4,NCIH441,5.559101581573486,4.4486583758695755,4.425985813140869
NUTLIN-3A (-),4,NCIH460,1.1723010540008545,3.994699942115048,3.957847833633423
NUTLIN-3A (-),4,NCIH69,5.507256507873535,4.194883072890615,4.164283752441406
NUTLIN-3A (-),4,NCIH82,4.378170490264893,4.084497111590723,4.050449848175049
NUTLIN-3A (-),4,NCIH841,4.800590991973877,4.784733358850891,4.772558212280273
NUTLIN-3A (-),4,P12ICHIKAWA,3.4465320110321045,3.932019875859503,3.893209934234619
NUTLIN-3A (-),4,RPMI8402,3.3021080493927,3.785855707060919,3.7424802780151367
NUTLIN-3A (-),4,SKM1,3.8044369220733643,2.7999239346708196,2.725752592086792
NUTLIN-3A (-),4,SUDHL1,4.976861000061035,4.562515067440936,4.543398857116699
NUTLIN-3A (-),4,SUPB15,-0.21328699588775635,1.2335091720201494,1.1104103326797485
NUTLIN-3A (-),5,ABC1,3.981234073638916,4.06209712335929,4.0079569816589355
NUTLIN-3A (-),5,CALU6,4.779769420623779,3.6076038117810056,3.5853142738342285
NUTLIN-3A (-),5,CHAGOK1,3.9926705360412598,4.413178190028784,4.334434509277344
NUTLIN-3A (-),5,CMK,3.3993780612945557,4.033105000828544,3.980996608734131
NUTLIN-3A (-),5,CMLT1,1.6271934509277344,2.5269908994944728,2.580430030822754
NUTLIN-3A (-),5,CORL88,5.322666168212891,5.151059500293296,5.020605564117432
NUTLIN-3A (-),5,DB,3.149282455444336,4.8836843421162675,4.771967887878418
NUTLIN-3A (-),5,DOHH2,0.31648048758506775,3.0423656172997724,3.059687614440918
NUTLIN-3A (-),5,EPLC272H,5.048256874084473,4.574368032928321,4.484328269958496
NUTLIN-3A (-),5,HDLM2,4.455613613128662,3.735757300271482,3.704486846923828
NUTLIN-3A (-),5,KU812,3.1381030082702637,3.723978417239049,3.693533420562744
NUTLIN-3A (-),5,L1236,4.183867454528809,4.030602930402496,3.9786698818206787
NUTLIN-3A (-),5,L363,3.7452099323272705,3.8193039930928148,3.7821786403656006
NUTLIN-3A (-),5,LAMA84,3.0180060863494873,2.897589346139674,2.9250571727752686
NUTLIN-3A (-),5,LCLC103H,3.929363489151001,3.351721922694959,3.3473644256591797
NUTLIN-3A (-),5,LU65,4.848196506500244,4.143081751443714,4.083266258239746
NUTLIN-3A (-),5,MHHCALL2,2.5323314666748047,2.064566545129081,2.150412082672119
NUTLIN-3A (-),5,MM1S,1.4574464559555054,3.4096869388106614,3.4012672901153564
NUTLIN-3A (-),5,NAMALWA,3.990572929382324,4.333668806665282,4.260497093200684
NUTLIN-3A (-),5,NCIH1092,5.184531211853027,4.887484494576037,4.775501728057861
NUTLIN-3A (-),5,NCIH1155,4.010498046875,2.71602220480875,2.756214141845703
NUTLIN-3A (-),5,NCIH1651,4.8800578117370605,3.907373846735579,3.864076614379883
NUTLIN-3A (-),5,NCIH196,3.888110399246216,4.63461001261137,4.540348529815674
NUTLIN-3A (-),5,NCIH1963,4.5777997970581055,3.911481918713914,3.867896795272827
NUTLIN-3A (-),5,NCIH2030,4.191578388214111,4.1063195964986,4.0490803718566895
NUTLIN-3A (-),5,NCIH2066,5.58698034286499,4.329727641936395,4.256832122802734
NUTLIN-3A (-),5,NCIH2170,4.745299339294434,4.7819729615589885,4.677384376525879
NUTLIN-3A (-),5,NCIH2291,6.232835292816162,4.633740864261713,4.5395402908325195
NUTLIN-3A (-),5,NCIH2405,6.070629596710205,4.670607111900031,4.573822975158691
NUTLIN-3A (-),5,NCIH526,4.552740097045898,4.503028644051597,4.417988300323486
NUTLIN-3A (-),5,NCIH596,5.851844310760498,4.168658813202355,4.107050895690918
NUTLIN-3A (-),5,NCIH929,1.0357069969177246,3.551793463137433,3.5334150791168213
NUTLIN-3A (-),5,OCIAML2,1.0991250276565552,3.05858869428293,3.0747737884521484
NUTLIN-3A (-),5,OCIAML5,0.573049008846283,2.1065366677516537,2.189440965652466
NUTLIN-3A (-),5,SHP77,3.0055348873138428,4.1470608612922915,4.086966514587402
NUTLIN-3A (-),5,SKLU1,4.680829048156738,4.1684593449380385,4.106865406036377
NUTLIN-3A (-),5,SKMES1,4.721282005310059,4.72832163894859,4.627492904663086
NUTLIN-3A (-),5,SKMM2,5.470673084259033,4.500590413725568,4.4157209396362305
NUTLIN-3A (-),5,SUDHL4,3.693180561065674,4.010833010272095,3.9602854251861572
NUTLIN-3A (-),5,SUPM2,0.7092509865760803,3.90543556900006,3.862274169921875
JQ1,1,ALLSIL,0.2799130082130432,0.014970999343938432,-0.06843622028827667
JQ1,1,BEN,0.22552800178527832,1.7779890359135546,1.852757453918457
JQ1,1,BV173,-1.4394429922103882,0.31112501968057693,0.25428834557533264
JQ1,1,CORL105,2.106782913208008,2.1118739084093674,2.2165980339050293
JQ1,1,CORL88,3.19427490234375,1.7472946740136908,1.8193092346191406
JQ1,1,CORL95,3.6541008949279785,1.4721364088147648,1.519464135169983
JQ1,1,DAUDI,1.3691320419311523,-0.6723427803395003,-0.8174148797988892
JQ1,1,DMS79,3.0621259212493896,1.3322678122650362,1.3670467138290405
JQ1,1,DOHH2,-0.8010395169258118,-0.21474100715209005,-0.31875768303871155
JQ1,1,EHEB,1.8314470052719116,-0.7262119411981023,-0.8761171102523804
JQ1,1,HARA,1.1733649969100952,1.6969659585423067,1.764465093612671
JQ1,1,HT,-0.14837400615215302,0.3060387882042348,0.24874578416347504
JQ1,1,JEKO1,-1.183197021484375,0.6274348090621782,0.5989770293235779
JQ1,1,JM1,1.485092043876648,1.3283251230980382,1.3627502918243408
JQ1,1,L428,1.1315950155258179,1.2497521555814906,1.2771278619766235
JQ1,1,LXF289,0.8183820247650146,0.9621547448957528,0.963727593421936
JQ1,1,MOLM13,-1.0740150213241577,-0.46855571089909664,-0.5953443050384521
JQ1,1,MOLT13,-1.9380085468292236,-0.45810284235258014,-0.5839536190032959
JQ1,1,MONOMAC6,-0.5087059736251831,0.3831494650259789,0.33277472853660583
JQ1,1,NAMALWA,0.31081900000572205,0.5992825031407311,0.5682989358901978
JQ1,1,NCIH1155,1.232414960861206,0.10409014554408005,0.02867857739329338
JQ1,1,NCIH1435,2.2551019191741943,2.1249003932635,2.2307932376861572
JQ1,1,NCIH1648,1.4640949964523315,2.0190987927530477,2.115499258041382
JQ1,1,NCIH1792,1.4801520109176636,2.2067509310509177,2.3199872970581055
JQ1,1,NCIH1975,2.436511993408203,1.3523453231800127,1.388925552368164
JQ1,1,NCIH2029,2.182905912399292,1.656370186049114,1.7202271223068237
JQ1,1,NCIH211,-0.3718259930610657,1.5892487499742725,1.6470836400985718
JQ1,1,NCIH2170,1.800076961517334,1.563878292896425,1.6194369792938232
JQ1,1,NCIH2171,0.7056059837341309,1.7618369298258414,1.8351562023162842
JQ1,1,NCIH2228,2.8908610343933105,2.04169795756188,2.1401259899139404
JQ1,1,NCIH23,1.6909610033035278,2.1989801982108594,2.3115193843841553
JQ1,1,NCIH2342,2.214982032775879,1.7564608438009544,1.8292977809906006
JQ1,1,NCIH2347,2.796747922897339,1.6460316348128694,1.708961009979248
JQ1,1,NCIH2444,1.146733045578003,1.7940449841871728,1.8702539205551147
JQ1,1,NCIH460,0.7176070213317871,1.9558188558815663,2.046541929244995
JQ1,1,OCIAML2,-1.7898160219192505,-0.3110781189230188,-0.423738032579422
JQ1,1,PF382,-1.2534819841384888,0.1500481690694963,0.07875989377498627
JQ1,1,SKM1,0.2716690003871918,-0.7578709442864624,-0.9106165170669556
JQ1,1,SUDHL4,1.03010094165802,-0.22188184614282191,-0.32653918862342834
JQ1,1,SUDHL5,-0.39301401376724243,-0.34345398453215625,-0.45901861786842346
JQ1,1,SW1271,1.6623270511627197,1.4505519879007485,1.4959431886672974
JQ1,2,A3KAW,-2.601196050643921,0.5046110483849848,0.43935656547546387
JQ1,2,CHAGOK1,2.2223949432373047,1.9950858819752755,2.00537109375
JQ1,2,CORL311,-0.18690800666809082,0.6787685746929285,0.6223406791687012
JQ1,2,DMS53,2.8564391136169434,1.606843244932938,1.5974516868591309
JQ1,2,DND41,0.9343960285186768,0.10928073738076767,0.023990269750356674
JQ1,2,EBC1,-0.4006359875202179,1.7543796586071925,1.7524654865264893
JQ1,2,EJM,1.6035139560699463,1.144187273166249,1.1113475561141968
JQ1,2,HCC15,2.2005391120910645,1.7684332579302684,1.7672313451766968
JQ1,2,HCC44,-1.0940239429473877,2.001966262794312,2.0126001834869385
JQ1,2,K562,2.427949905395508,-0.30102161647916426,-0.407106876373291
JQ1,2,KG1,-0.9631929993629456,0.09967320013872735,0.013895806856453419
JQ1,2,KMS12BM,-2.1663994789123535,0.42802015175849695,0.35888391733169556
JQ1,2,KNS62,2.3833110332489014,1.885201405517824,1.8899174928665161
JQ1,2,KU812,-0.9906479716300964,0.32216534195714686,0.247664213180542
JQ1,2,L363,-0.09226199984550476,0.5203253471251021,0.45586729049682617
JQ1,2,L540,1.8414549827575684,0.38751925899329503,0.3163303732872009
JQ1,2,LCLC103H,2.724220037460327,1.570663324812309,1.5594381093978882
JQ1,2,LOUCY,-1.033735990524292,0.05990564874865929,-0.02788722887635231
JQ1,2,MOLT16,-1.5891599655151367,-0.2726662829949264,-0.3773144483566284
JQ1,2,NCIH1437,1.4825060367584229,1.9456049360939973,1.9533823728561401
JQ1,2,NCIH146,1.1824419498443604,1.3532613536039249,1.3310178518295288
JQ1,2,NCIH1651,2.413295030593872,1.5472738649418634,1.5348632335662842
JQ1,2,NCIH1781,2.570233106613159,2.3357485787203025,2.3632991313934326
JQ1,2,NCIH1836,2.6303510665893555,1.7369676728152754,1.7341710329055786
JQ1,2,NCIH1876,2.6480870246887207,1.8577573747402663,1.8610825538635254
JQ1,2,NCIH1963,1.2493679523468018,1.2867996795985694,1.2611877918243408
JQ1,2,NCIH2009,2.623872995376587,1.1302512173695827,1.0967051982879639
JQ1,2,NCIH2023,2.618849992752075,1.591052134448246,1.5808602571487427
JQ1,2,NCIH2405,2.7279319763183594,1.546869383598572,1.5344382524490356
JQ1,2,NCIH446,0.1987680047750473,2.437316623766281,2.470014810562134
JQ1,2,NCIH524,1.8517169952392578,1.6787875983076792,1.6730422973632812
JQ1,2,NCIH526,-1.402927041053772,1.5714040986384936,1.5602164268493652
JQ1,2,NCIH647,0.7680580019950867,1.16744137644692,1.1357802152633667
JQ1,2,NCIH69,0.3583979904651642,1.914017269092502,1.9201937913894653
JQ1,2,RCHACV,-1.5365519523620605,-0.6494294785589543,-0.7731726169586182
JQ1,2,RL,0.8468120098114014,-0.06968699324418368,-0.16404783725738525
JQ1,2,RPMI8402,0.02241400070488453,1.1131266232305566,1.0787127017974854
JQ1,2,SUDHL1,0.7703970074653625,1.3053624800510764,1.280691385269165
JQ1,2,SUDHL6,-1.1371690034866333,0.7383682482376241,0.6849609613418579
JQ1,2,THP1,1.745803952217102,0.17033858956894732,0.08814263343811035
JQ1,2,WSUDLCL2,-1.2879430055618286,-0.16831281944185145,-0.26767218112945557
JQ1,3,697,-1.4822200536727905,-0.625928892436241,-0.8188097476959229
JQ1,3,A4FUK,-0.7941399812698364,0.5176100641263448,0.42221975326538086
JQ1,3,ABC1,3.1439049243927,1.803759357305926,1.818017601966858
JQ1,3,CA46,-0.4105980098247528,0.002859178861721018,-0.13641537725925446
JQ1,3,CALU3,0.3831680119037628,1.4418935822669177,1.4253015518188477
JQ1,3,CORL23,1.5130970478057861,1.6570412696930992,1.6587913036346436
JQ1,3,CORL279,0.8404495120048523,2.433631609152549,2.5015885829925537
JQ1,3,DMS114,2.2492051124572754,0.9276640335007187,0.8672322034835815
JQ1,3,EPLC272H,2.1011500358581543,1.9522438569351175,1.9791609048843384
JQ1,3,GA10,-1.0910940170288086,-0.49057137918946614,-0.6719125509262085
JQ1,3,HCC33,1.6051445007324219,1.3033707852278689,1.274969220161438
JQ1,3,HCC78,2.826529026031494,0.7813449566241298,0.7084389328956604
JQ1,3,HCC827,2.0128509998321533,2.2893578948125386,2.345015048980713
JQ1,3,HEL,-0.7170109748840332,0.7201159490440155,0.6419899463653564
JQ1,3,IALM,2.3420119285583496,1.5829064479583494,1.578336238861084
JQ1,3,JURLMK1,0.3997119963169098,1.4392853207577718,1.4224709272384644
JQ1,3,KMS11,-1.30207097530365,0.8202869765003521,0.7507008910179138
JQ1,3,LCLC97TM1,0.2589170038700104,1.2957973252880464,1.2667500972747803
JQ1,3,LU65,2.148845911026001,0.9098546986933552,0.8479045629501343
JQ1,3,MHHCALL2,1.4474090337753296,-0.4521005929150226,-0.6301620006561279
JQ1,3,NB4,-2.265660047531128,1.0238318820798469,0.9715986847877502
JQ1,3,NCIH1341,0.8250640034675598,0.8153231511279558,0.7453138828277588
JQ1,3,NCIH1436,2.6559150218963623,0.7458912736923566,0.6699627041816711
JQ1,3,NCIH1623,3.203968048095703,1.255772566574357,1.2233130931854248
JQ1,3,NCIH1650,2.7989959716796875,1.700693318849198,1.706164836883545
JQ1,3,NCIH661,1.2815929651260376,1.493902942873863,1.4817448854446411
JQ1,3,NCIH841,2.4595229625701904,1.4440519200387942,1.427643895149231
JQ1,3,OCILY19,0.9616659879684448,-0.29425515861562535,-0.45885971188545227
JQ1,3,OCIM1,-0.898082971572876,-0.0231641201120317,-0.16465725004673004
JQ1,3,P12ICHIKAWA,0.8134264945983887,-0.09245995493322459,-0.23986078798770905
JQ1,3,PL21,0.13710300624370575,0.541488508760533,0.4481339156627655
JQ1,3,REH,0.392969012260437,-0.00737219237466083,-0.14751900732517242
JQ1,3,RERFLCKJ,1.5388109683990479,2.1447693656700344,2.1880998611450195
JQ1,3,SBC5,1.1888060569763184,1.2669505791114684,1.2354440689086914
JQ1,3,SHP77,2.209968090057373,1.2292147634732722,1.1944911479949951
JQ1,3,SIGM5,-0.5646384954452515,0.6923204712091213,0.6118248105049133
JQ1,3,SKMM2,1.556054949760437,0.3822382985346211,0.2753070890903473
JQ1,3,ST486,-0.9947460293769836,0.4156659515904017,0.31158456206321716
JQ1,3,SUDHL10,-1.3175380229949951,-0.028651520067849462,-0.17061246931552887
JQ1,3,SUDHL8,0.14031900465488434,0.36118338348675505,0.2524571716785431
JQ1,3,SW1573,3.0410759449005127,1.509307997710193,1.4984632730484009
JQ1,4,AMO1,-0.39266398549079895,0.45431730638509227,0.4739075303077698
JQ1,4,CALU6,2.2314629554748535,1.0639817631985138,1.1468560695648193
JQ1,4,CMK,-1.475780963897705,0.3925637003028379,0.405743807554245
JQ1,4,COLO668,2.4152920246124268,0.9624334707299249,1.0347669124603271
JQ1,4,DMS273,1.0543899536132812,1.5057599053773139,1.6344914436340332
JQ1,4,GDM1,-1.035491943359375,-0.5969225787701083,-0.6864526271820068
JQ1,4,GRANTA519,1.905379056930542,0.7892941461454958,0.8436554670333862
JQ1,4,HCC366,2.103929042816162,1.7392394821246389,1.8922065496444702
JQ1,4,HL60,-1.7719290256500244,0.23478089386267695,0.231582909822464
JQ1,4,JVM2,-1.4473869800567627,-0.3507289726828702,-0.41470375657081604
JQ1,4,JVM3,-0.5346009731292725,0.03995308544674753,0.01653168350458145
JQ1,4,KARPAS422,0.4210520088672638,0.021351903923393225,-0.004000328481197357
JQ1,4,L1236,-0.35522300004959106,0.6650913134033348,0.7065601944923401
JQ1,4,ME1,1.3729239702224731,-0.4165075068187011,-0.4873102009296417
JQ1,4,MOLM16,-0.09336449950933456,1.165294726178094,1.2586854696273804
JQ1,4,MOLP8,-1.5101959705352783,0.37668187576364653,0.3882134258747101
JQ1,4,NALM6,-0.7974860072135925,0.025409960491648908,0.000478960428154096
JQ1,4,NCIH1048,2.0424580574035645,-0.44768620713855123,-0.5217252969741821
JQ1,4,NCIH1092,2.5409040451049805,0.25695602725157307,0.256059855222702
JQ1,4,NCIH1568,2.664602041244507,2.209413437317002,2.4111852645874023
JQ1,4,NCIH196,2.698996067047119,1.6681788323495605,1.8137696981430054
JQ1,4,NCIH2066,3.1088340282440186,0.9639192108769147,1.0364068746566772
JQ1,4,NCIH2087,2.594464063644409,2.0020301621192793,2.1822752952575684
JQ1,4,NCIH2110,1.9325220584869385,1.658630870227363,1.8032306432724
JQ1,4,NCIH2122,1.5753949880599976,1.3068982792526618,1.4149876832962036
JQ1,4,NCIH2196,4.004598617553711,1.2114850773219845,1.3096704483032227
JQ1,4,NCIH292,1.5329619646072388,0.8549993490637787,0.9161809682846069
JQ1,4,NCIH522,1.4024770259857178,0.9961660467996408,1.0720009803771973
JQ1,4,NCIH650,2.876913070678711,2.0830537055891893,2.2717092037200928
JQ1,4,NCIH810,1.9222110509872437,2.1943851816701367,2.394597053527832
JQ1,4,NCIH838,1.0529229640960693,1.2054272059601359,1.3029837608337402
JQ1,4,NCIH929,-0.5762410163879395,1.0368532086631643,1.11691153049469
JQ1,4,NOMO1,0.9768970012664795,0.4269418934837485,0.4436905086040497
JQ1,4,OCIAML5,0.44308000802993774,-0.5001241836195945,-0.5796064138412476
JQ1,4,P31FUJ,0.24028700590133667,-0.14831926041668586,-0.19128361344337463
JQ1,4,RAJI,-0.19009199738502502,-0.5375361724295732,-0.6209018230438232
JQ1,4,RERFLCMS,1.2878730297088623,1.1754529897883077,1.2698981761932373
JQ1,4,RS411,0.18162700533866882,-0.2994220681331654,-0.35807111859321594
JQ1,4,SKMES1,2.1231729984283447,1.479227180484397,1.6052045822143555
JQ1,4,SUPB15,-1.0319440364837646,-0.09155377011068941,-0.1286257803440094
JQ1,5,A549,0.9485960006713867,1.7848050893231444,1.7974618673324585
JQ1,5,BL41,0.0055229999125003815,-0.3330617805863672,-0.55450838804245
JQ1,5,CAL12T,2.5356640815734863,1.7613233128808798,1.7713844776153564
JQ1,5,CMLT1,0.8354774713516235,-0.2642662179925609,-0.47810834646224976
JQ1,5,DB,0.24606099724769592,1.2696475273706223,1.2253601551055908
JQ1,5,EM2,-0.9319049715995789,-0.5143836930309049,-0.7558731436729431
JQ1,5,HDLM2,2.4114990234375,-0.04720451216862881,-0.23705321550369263
JQ1,5,HH,-1.579882025718689,0.40538407116520947,0.26556330919265747
JQ1,5,JURKAT,0.7296329736709595,-0.05015743253155072,-0.24033254384994507
JQ1,5,KCL22,-0.5734320282936096,0.09647348904934859,-0.07749342918395996
JQ1,5,KMH2,0.3384050130844116,0.552533516931397,0.4289782643318176
JQ1,5,KOPN8,0.13972200453281403,-0.8815732591344497,-1.1636508703231812
JQ1,5,LAMA84,0.3515940010547638,0.5216074753781309,0.3946337401866913
JQ1,5,LOUNH91,0.5208809971809387,1.5638933910699508,1.552131175994873
JQ1,5,LP1,0.6167780160903931,0.4136552323387971,0.2747487425804138
JQ1,5,MEG01,-0.9716240167617798,0.8360217615405816,0.743802547454834
JQ1,5,MM1S,-0.9589369893074036,0.6518082757100172,0.5392265915870667
JQ1,5,NCIH1105,2.69864559173584,1.5010624935997807,1.4823551177978516
JQ1,5,NCIH1793,2.8168389797210693,1.5990177824921443,1.5911381244659424
JQ1,5,NCIH1915,2.5437610149383545,0.784353652301922,0.6864231824874878
JQ1,5,NCIH1944,1.4035600423812866,1.6383427511669413,1.634809970855713
JQ1,5,NCIH2030,1.1450040340423584,1.4765593409805122,1.4551434516906738
JQ1,5,NCIH2081,1.2767809629440308,1.715210781576097,1.720174789428711
JQ1,5,NCIH2085,0.88229900598526,1.5942391589218148,1.5858312845230103
JQ1,5,NCIH209,1.4103009700775146,1.3390759889596588,1.3024630546569824
JQ1,5,NCIH2172,3.2545509338378906,2.3398816604931367,2.4138951301574707
JQ1,5,NCIH2227,2.199726104736328,1.70861858464681,1.7128539085388184
JQ1,5,NCIH2291,2.78029203414917,1.9968323713213816,2.032926082611084
JQ1,5,NCIH358,1.8373030424118042,1.478289722900986,1.4570651054382324
JQ1,5,NCIH441,3.0864369869232178,1.7136521497221722,1.7184438705444336
JQ1,5,NCIH596,1.6536569595336914,1.8103820018897139,1.8258659839630127
JQ1,5,NCIH727,2.2755250930786133,0.8330044885746,0.7404517531394958
JQ1,5,NCIH82,2.6744940280914307,0.8706959531008358,0.7823095321655273
JQ1,5,NUDUL1,-1.3059289455413818,-0.25582019378246884,-0.4687287211418152
JQ1,5,OCIAML3,-0.9994840025901794,1.482792472926922,1.462065577507019
JQ1,5,OPM2,-1.9824700355529785,-0.3664803718163623,-0.5916209816932678
JQ1,5,RPMI8226,0.23776200413703918,0.8383831102680365,0.7464249134063721
JQ1,5,SKLU1,1.3952690362930298,1.6258266797548226,1.620910406112671
JQ1,5,SUPM2,0.86353600025177,1.1812264067037255,1.1271651983261108
JQ1,5,SUPT1,-0.09787099808454514,-0.09902504959135,-0.2946018576622009
AZD7762,1,A4FUK,-2.3888819217681885,-1.6787284512434244,-1.716698408126831
AZD7762,1,BL41,-2.598510980606079,-1.3649694247335211,-1.3859491348266602
AZD7762,1,CA46,0.3622089922428131,-1.4121124499610453,-1.4356449842453003
AZD7762,1,CORL105,0.3001917600631714,0.614593321373946,0.7008081674575806
AZD7762,1,CORL23,-0.9286245107650757,-0.002370749984937262,0.050435107201337814
AZD7762,1,DMS114,1.3587859869003296,-1.0898707571010935,-1.0959537029266357
AZD7762,1,EHEB,0.6107094883918762,-1.5663531099907584,-1.5982378721237183
AZD7762,1,EM2,-2.1438939571380615,-2.8663171198961654,-2.9685957431793213
AZD7762,1,HCC33,-0.9953140020370483,-0.32296307123096474,-0.2875174880027771
AZD7762,1,HCC78,-0.4348689913749695,-0.4435307597446501,-0.4146139919757843
AZD7762,1,HEL,-1.4511109590530396,-1.6847007296463086,-1.722994089126587
AZD7762,1,HL60,-0.11007899791002274,-1.7825041956024426,-1.8260936737060547
AZD7762,1,JURKAT,-1.1665840148925781,-1.113094701024572,-1.1204352378845215
AZD7762,1,KU812,-2.099843978881836,-2.1705233903199286,-2.235124349594116
AZD7762,1,L428,-0.6053959727287292,-0.005388100820841207,0.04725436493754387
AZD7762,1,LCLC103H,0.38009849190711975,-0.7077773625916957,-0.6931697130203247
AZD7762,1,LXF289,-0.21095100045204163,-0.4346157952944611,-0.4052162766456604
AZD7762,1,MEG01,-2.18141508102417,-1.3247613758950159,-1.3435637950897217
AZD7762,1,MHHCALL2,-2.0316760540008545,-1.7149215077995692,-1.7548513412475586
AZD7762,1,MOLM16,-1.8537859916687012,-0.6099202940459427,-0.5900136232376099
AZD7762,1,NAMALWA,-2.0074410438537598,-0.6939002288760184,-0.6785411238670349
AZD7762,1,NCIH146,0.7324489951133728,-0.26683221199906193,-0.22834710776805878
AZD7762,1,NCIH1836,2.1293981075286865,-0.22976483387827445,-0.18927250802516937
AZD7762,1,NCIH196,0.5812180042266846,-0.2556309387817307,-0.21653927862644196
AZD7762,1,NCIH2030,0.018087130039930344,0.49126925539185373,0.5708060264587402
AZD7762,1,NCIH2066,2.0141170024871826,-0.6851026755833655,-0.6692671775817871
AZD7762,1,NCIH2081,1.3505229949951172,0.07056490629050712,0.1273202747106552
AZD7762,1,NCIH2085,0.19925999641418457,0.15018595543098245,0.2112528532743454
AZD7762,1,NCIH209,-0.671908974647522,-0.6560781172465426,-0.6386709213256836
AZD7762,1,NCIH2228,0.2920129597187042,0.13661285243722743,0.19694475829601288
AZD7762,1,NCIH2405,2.124346971511841,0.4087125315132644,0.48377880454063416
AZD7762,1,NCIH650,0.4383549988269806,0.1804721536224175,0.2431790679693222
AZD7762,1,NCIH838,-1.0030674934387207,-0.7641254451871738,-0.7525690793991089
AZD7762,1,NOMO1,-1.8521690368652344,-1.8122831481910573,-1.8574851751327515
AZD7762,1,P12ICHIKAWA,-1.5209150314331055,-1.077947008051633,-1.0833842754364014
AZD7762,1,RPMI8226,-1.4477729797363281,-0.8220916135496683,-0.8136741518974304
AZD7762,1,SBC5,0.07717707753181458,-0.7235010715940633,-0.7097448706626892
AZD7762,1,SKLU1,-0.5714398622512817,-0.07944313169177998,-0.03081079199910164
AZD7762,1,SKM1,-1.9285449981689453,-1.9266092165975854,-1.9780020713806152
AZD7762,1,ST486,-1.080644965171814,-0.7845234357070909,-0.7740716338157654
AZD7762,1,SW1573,0.2412164956331253,-0.5822133529516255,-0.5608063340187073
AZD7762,2,A3KAW,-1.8917920589447021,-1.8578366517766005,-1.8187872171401978
AZD7762,2,DB,0.31213098764419556,0.6140411769706483,0.5457213521003723
AZD7762,2,DMS53,2.6741650104522705,0.17029375003499697,0.12124867737293243
AZD7762,2,GA10,-2.2380740642547607,-1.860588314995205,-1.821419358253479
AZD7762,2,HARA,-2.310593605041504,0.03467170702812569,-0.00848244410008192
AZD7762,2,HCC366,0.7503520846366882,0.4694362899358557,0.4073975682258606
AZD7762,2,HCC44,0.0692640021443367,-0.09509008506498368,-0.1326078623533249
AZD7762,2,HDLM2,0.110166996717453,-0.6999803249266174,-0.7112239003181458
AZD7762,2,JEKO1,-3.3581349849700928,-0.05377376213969698,-0.09308616816997528
AZD7762,2,JM1,-1.7699240446090698,-0.21002040909953246,-0.24254603683948517
AZD7762,2,JVM3,-2.2017290592193604,-1.2219527049325296,-1.2105237245559692
AZD7762,2,KG1,-0.033385999500751495,-1.3283656779439208,-1.312314510345459
AZD7762,2,KMH2,-0.06969700008630753,-0.7516460420390516,-0.7606454491615295
AZD7762,2,KMS11,-1.218019962310791,-0.42750042644353264,-0.45057952404022217
AZD7762,2,KOPN8,-1.6748559474945068,-1.6992696909783866,-1.6671078205108643
AZD7762,2,LU65,2.16577410697937,-0.6667708779010155,-0.6794569492340088
AZD7762,2,MOLM13,-5.885913848876953,-2.2723977708085923,-2.215341329574585
AZD7762,2,NCIH1092,2.523176908493042,0.035097479554681926,-0.008075165562331676
AZD7762,2,NCIH1105,1.731855034828186,0.9414574458877552,0.8589158654212952
AZD7762,2,NCIH1155,-0.43195000290870667,-2.0338004050867835,-1.987107753753662
AZD7762,2,NCIH1341,-1.2984850406646729,-1.138946316419248,-1.1311228275299072
AZD7762,2,NCIH1568,-0.2713640034198761,-0.2728780147483654,-0.30267333984375
AZD7762,2,NCIH1650,-0.045037832111120224,0.6103137201378378,0.5421558022499084
AZD7762,2,NCIH1944,-0.40057724714279175,-0.5270486352988909,-0.5458037257194519
AZD7762,2,NCIH2023,-1.171610951423645,0.22331535916819265,0.17196722328662872
AZD7762,2,NCIH2087,0.9526119828224182,0.17513757458122492,0.1258821040391922
AZD7762,2,NCIH2170,-0.19930832087993622,0.6227162688325263,0.5540196299552917
AZD7762,2,NCIH2171,0.15237200260162354,0.6628931688951454,0.5924513936042786
AZD7762,2,NCIH2172,1.276170015335083,0.24039131123830101,0.1883014589548111
AZD7762,2,NCIH2196,-0.5327320098876953,0.5021078042493604,0.4386499524116516
AZD7762,2,NCIH292,0.1470779925584793,-0.589338975231547,-0.6053884029388428
AZD7762,2,NCIH526,0.9206330180168152,0.49399002388719254,0.43088477849960327
AZD7762,2,NCIH647,-1.4801759719848633,0.2770578467383456,0.2233753353357315
AZD7762,2,OPM2,-0.518775999546051,-0.41599085975939265,-0.439569890499115
AZD7762,2,PL21,-2.2342350482940674,-1.9168200732610106,-1.8752086162567139
AZD7762,2,RERFLCKJ,0.5628893375396729,0.6780430190234449,0.6069431900978088
AZD7762,2,RERFLCMS,-0.4815559983253479,-0.7074777348403156,-0.7183956503868103
AZD7762,2,RS411,-0.9800099730491638,-0.8893728303179745,-0.8923898935317993
AZD7762,2,SUDHL10,-0.48174551129341125,-1.6818399981453251,-1.650435209274292
AZD7762,2,SUDHL5,-3.5534420013427734,-1.2815374296338673,-1.2675203084945679
AZD7762,2,WSUDLCL2,-1.2391810417175293,-2.003080228756834,-1.9577219486236572
AZD7762,3,697,-2.325587034225464,-1.2891276940183845,-1.337140440940857
AZD7762,3,A549,-0.12730549275875092,0.4818329508309484,0.5932644605636597
AZD7762,3,CAL12T,-0.6631850004196167,-0.3858862660868016,-0.352577805519104
AZD7762,3,CALU3,1.9975589513778687,0.2803676554804364,0.37366071343421936
AZD7762,3,CHAGOK1,0.7021999955177307,0.30380798397293934,0.39921143651008606
AZD7762,3,CMLT1,-2.0972750186920166,-1.550854898567077,-1.6224316358566284
AZD7762,3,CORL88,0.16750800609588623,0.6736215031114063,0.8023202419281006
AZD7762,3,CORL95,1.2695850133895874,0.02970662416213149,0.10043200850486755
AZD7762,3,EBC1,1.1209709644317627,0.09816827381084287,0.17505744099617004
AZD7762,3,GDM1,-3.6933228969573975,-1.7503668878914034,-1.8399062156677246
AZD7762,3,GRANTA519,-0.658381998538971,-0.22869875988261443,-0.1812382936477661
AZD7762,3,HCC15,0.9041860103607178,0.7662071643355091,0.9032416343688965
AZD7762,3,IALM,1.1114405393600464,-0.3798159608482504,-0.34596097469329834
AZD7762,3,K562,-0.882194995880127,-0.2825194864120518,-0.23990464210510254
AZD7762,3,KARPAS422,-1.0321799516677856,-1.0831019323034452,-1.1125656366348267
AZD7762,3,KNS62,0.08449459075927734,-0.2911474652104704,-0.24930942058563232
AZD7762,3,L1236,-1.020179033279419,-0.7430184565073328,-0.7418635487556458
AZD7762,3,ME1,1.266903042793274,-1.3086143296671569,-1.3583815097808838
AZD7762,3,MM1S,-0.7805814743041992,-0.7614098212491025,-0.7619107365608215
AZD7762,3,MOLP8,-1.169327974319458,-1.0282975945371051,-1.0528271198272705
AZD7762,3,MONOMAC6,-4.958408832550049,-0.992771883905796,-1.0141029357910156
AZD7762,3,NALM6,-1.4447799921035767,-1.2788204456466232,-1.325905203819275
AZD7762,3,NCIH1048,0.07917849719524384,-0.9629789841526775,-0.9816277027130127
AZD7762,3,NCIH1781,-0.026419999077916145,-0.05770113727024534,0.005154695827513933
AZD7762,3,NCIH441,1.6463969945907593,-0.025729343294733968,0.040004994720220566
AZD7762,3,NCIH446,-0.0076385000720620155,0.41373553480737657,0.519036054611206
AZD7762,3,NCIH661,-0.43529409170150757,0.11704428089154251,0.1956329047679901
AZD7762,3,NCIH69,0.8499169945716858,0.2496542469680328,0.3401820957660675
AZD7762,3,NCIH810,-0.07856699824333191,0.46347002048117264,0.5732482671737671
AZD7762,3,NCIH929,-0.45620501041412354,-1.009568079256698,-1.0324113368988037
AZD7762,3,OCIAML3,-0.6532610058784485,-0.7352135439940968,-0.7333559393882751
AZD7762,3,OCIAML5,-2.1156630516052246,-1.8258043141191083,-1.9221354722976685
AZD7762,3,PF382,-0.947625994682312,-1.2258073652128638,-1.268119215965271
AZD7762,3,RCHACV,-2.5272130966186523,-1.4988950936306058,-1.565793752670288
AZD7762,3,REH,-0.5744609832763672,-1.3339336246552378,-1.3859803676605225
AZD7762,3,RPMI8402,-1.9850800037384033,-0.5270710605212907,-0.5064738392829895
AZD7762,3,SIGM5,-1.9227850437164307,-1.1195445427135173,-1.1522892713546753
AZD7762,3,SKMES1,-0.012991689145565033,0.14381455009416733,0.22481337189674377
AZD7762,3,SUDHL4,-1.0383720397949219,-1.8253957337787625,-1.9216901063919067
AZD7762,3,SUPT1,-1.083793044090271,-0.9882710477422718,-1.0091968774795532
AZD7762,3,THP1,-0.87534499168396,-1.2397437169074383,-1.2833102941513062
AZD7762,4,ALLSIL,-1.8254300355911255,-1.4686607430716658,-1.4543465375900269
AZD7762,4,AMO1,-1.2528489828109741,-1.0769212256058394,-1.0866279602050781
AZD7762,4,BEN,1.0605854988098145,0.8820501027801781,0.7522218823432922
AZD7762,4,COLO668,0.26162976026535034,-1.4324781568888096,-1.4203826189041138
AZD7762,4,DAUDI,-0.9212470054626465,-0.8703459754589733,-0.8927196264266968
AZD7762,4,DOHH2,-2.0151960849761963,-0.6544040949940539,-0.6900190114974976
AZD7762,4,EJM,-1.5851320028305054,-0.524628927126152,-0.56820148229599
AZD7762,4,EPLC272H,-1.9745060205459595,-0.2724176900876937,-0.3314554989337921
AZD7762,4,HCC827,-0.48162850737571716,0.9213491842244407,0.7891111969947815
AZD7762,4,HH,-0.3834860026836395,-0.424752048313338,-0.47444891929626465
AZD7762,4,JURLMK1,-2.9631950855255127,-0.2558501650644801,-0.3159038722515106
AZD7762,4,JVM2,-2.3354570865631104,-1.3506226595683448,-1.3435463905334473
AZD7762,4,L363,-2.292670965194702,-1.5998315394919405,-1.5774741172790527
AZD7762,4,L540,-1.8007160425186157,-0.01053615017564484,-0.08563218265771866
AZD7762,4,LOUNH91,-0.9002609848976135,-0.37754524113289756,-0.4301367700099945
AZD7762,4,MOLT13,-1.0760350227355957,-1.198985226643058,-1.201207160949707
AZD7762,4,MOLT16,-2.076029062271118,-1.2781273157420396,-1.2754963636398315
AZD7762,4,NB4,-2.7893900871276855,0.5754183689540171,0.46439239382743835
AZD7762,4,NCIH1435,1.6440634727478027,0.5100724227330966,0.4030533730983734
AZD7762,4,NCIH1436,0.08582600206136703,-0.13394022671324315,-0.201469287276268
AZD7762,4,NCIH1437,0.20854587852954865,0.889429364135487,0.7591486573219299
AZD7762,4,NCIH1793,0.5533279776573181,-1.4752890738450395,-1.4605684280395508
AZD7762,4,NCIH1975,-0.06693550199270248,-0.34565164583088276,-0.4001988470554352
AZD7762,4,NCIH2009,0.0946694165468216,-0.26807701161225606,-0.3273809850215912
AZD7762,4,NCIH211,-0.5866090059280396,0.8517369160063041,0.7237674593925476
AZD7762,4,NCIH2291,1.7158019542694092,-0.17274713303991884,-0.2378966063261032
AZD7762,4,NCIH23,-0.29059600830078125,0.25646271559452827,0.16499467194080353
AZD7762,4,NCIH2342,1.1460859775543213,0.45152955453411087,0.3481002748012543
AZD7762,4,NCIH2444,0.8690288662910461,0.22182447092048763,0.13248039782047272
AZD7762,4,NCIH358,-0.05875450000166893,-0.6696473000259902,-0.7043275237083435
AZD7762,4,NCIH460,-0.25648948550224304,-0.037676613966963965,-0.11110842972993851
AZD7762,4,NCIH524,-0.4721109867095947,-1.9331542963298727,-1.8903579711914062
AZD7762,4,NCIH596,0.9130669832229614,0.1615425199452694,0.07589485496282578
AZD7762,4,NCIH727,-0.3054024875164032,0.7224630670073672,0.6024205088615417
AZD7762,4,NCIH82,0.28003498911857605,-1.1711348839035955,-1.1750645637512207
AZD7762,4,OCIM1,-1.3764760494232178,-1.1156089456732312,-1.12294340133667
AZD7762,4,RL,0.22449399530887604,-0.27987803873821065,-0.338458389043808
AZD7762,4,SKMM2,1.4058010578155518,0.07930152349044928,-0.0013032342540100217
AZD7762,4,SUDHL1,-0.83120197057724,-1.657408217961962,-1.6315202713012695
AZD7762,4,SUDHL6,-3.0900180339813232,-1.5189686471821986,-1.5015696287155151
AZD7762,5,ABC1,-0.16224592924118042,-0.3773136341285082,-0.38960883021354675
AZD7762,5,BV173,-2.203557014465332,-1.1021548468487747,-1.086458683013916
AZD7762,5,CALU6,-0.1744520217180252,-0.7851986468949984,-0.7817424535751343
AZD7762,5,CMK,-0.9871764779090881,-0.9527175460029335,-0.9427922368049622
AZD7762,5,CORL279,-0.02459000051021576,0.5150422617765755,0.46828675270080566
AZD7762,5,CORL311,0.7899389863014221,0.29777503588430115,0.2594097852706909
AZD7762,5,DMS273,0.042954981327056885,0.29248535434748374,0.25432437658309937
AZD7762,5,DMS79,1.2000420093536377,0.12541835724861655,0.09370904415845871
AZD7762,5,DND41,-1.9702539443969727,-0.9645563541091977,-0.9541738629341125
AZD7762,5,HT,-0.8063570261001587,-1.3073649046168212,-1.2837440967559814
AZD7762,5,KCL22,-1.9230320453643799,-2.483958120140586,-2.414900541305542
AZD7762,5,KMS12BM,-1.7175190448760986,-0.11314745649039498,-0.13564401865005493
AZD7762,5,LAMA84,-1.9916549921035767,-1.3751295448537948,-1.3488918542861938
AZD7762,5,LCLC97TM1,-1.0588539838790894,-0.2697047384955195,-0.28615549206733704
AZD7762,5,LOUCY,-1.5843759775161743,-1.024320970235443,-1.0116305351257324
AZD7762,5,LP1,2.6704208850860596,-0.7389938654901971,-0.7373219728469849
AZD7762,5,NCIH1623,0.4448375105857849,0.3466824100043407,0.3064284920692444
AZD7762,5,NCIH1648,0.20794381201267242,0.3288690808500636,0.2893030643463135
AZD7762,5,NCIH1651,0.016424840316176414,0.09499321808461836,0.06445883959531784
AZD7762,5,NCIH1792,-0.19083812832832336,0.5647470033557392,0.5160720348358154
AZD7762,5,NCIH1876,-1.1982879638671875,-0.5679203852039739,-0.5728548765182495
AZD7762,5,NCIH1915,0.5548091530799866,-0.6961760823197437,-0.696157693862915
AZD7762,5,NCIH1963,-0.15317800641059875,-0.3651765804610811,-0.37794047594070435
AZD7762,5,NCIH2029,2.4655349254608154,0.5705662172359497,0.5216665267944336
AZD7762,5,NCIH2110,-0.9992009997367859,0.13529142920224968,0.10320084542036057
AZD7762,5,NCIH2122,-1.8219759464263916,-0.4932354931654318,-0.5010541081428528
AZD7762,5,NCIH2227,0.37080198526382446,-0.7478677016659977,-0.7458531260490417
AZD7762,5,NCIH2347,0.3170536160469055,-0.19355574315651747,-0.21294716000556946
AZD7762,5,NCIH522,1.9239089488983154,-0.3939311600895767,-0.4055846333503723
AZD7762,5,NCIH841,0.3300822675228119,0.23619447287385212,0.20020729303359985
AZD7762,5,NUDUL1,-3.121006965637207,-0.992682575196505,-0.9812139272689819
AZD7762,5,OCIAML2,-1.3338299989700317,-1.7489343681101648,-1.7082613706588745
AZD7762,5,OCILY19,-1.487130045890808,-1.4461874410346103,-1.4172056913375854
AZD7762,5,P31FUJ,-2.2074599266052246,-2.0127117818378175,-1.9618524312973022
AZD7762,5,RAJI,-1.477774977684021,-0.977962307636835,-0.9670621156692505
AZD7762,5,SHP77,1.5568469762802124,-0.16283505538217447,-0.1834128201007843
AZD7762,5,SUDHL8,-1.0073275566101074,-1.8016382429968214,-1.758929967880249
AZD7762,5,SUPB15,-0.834663987159729,-1.2167270214986834,-1.1966063976287842
AZD7762,5,SUPM2,-2.5612740516662598,-0.9360334642555833,-0.9267524480819702
AZD7762,5,SW1271,0.055750008672475815,0.7365332226443797,0.6812243461608887
PALBOCICLIB,1,A549,1.4889991283416748,2.8122396367482603,2.854431629180908
PALBOCICLIB,1,ALLSIL,1.7106125354766846,0.7696683424473044,0.7545285820960999
PALBOCICLIB,1,BL41,1.5789974927902222,1.7449113933711589,1.7571451663970947
PALBOCICLIB,1,CALU6,2.489241600036621,2.1154571563556908,2.138091564178467
PALBOCICLIB,1,CMLT1,0.20453152060508728,1.439834192104071,1.4435049295425415
PALBOCICLIB,1,DAUDI,2.9303998947143555,1.369983589108452,1.371693730354309
PALBOCICLIB,1,DMS114,3.8830509185791016,2.64228540496673,2.6797070503234863
PALBOCICLIB,1,EJM,3.8504064083099365,2.922256226526767,2.967536211013794
PALBOCICLIB,1,EPLC272H,3.492993116378784,2.682486641955978,2.721036672592163
PALBOCICLIB,1,GDM1,2.6012380123138428,0.7043757998524098,0.6874033808708191
PALBOCICLIB,1,HCC366,3.2575020790100098,2.8855851121771092,2.929835796356201
PALBOCICLIB,1,HCC44,3.2775895595550537,2.911407743610108,2.956383228302002
PALBOCICLIB,1,HEL,0.2314130961894989,1.1089338955854802,1.1033167839050293
PALBOCICLIB,1,HT,2.125473976135254,0.8916703502522194,0.879954993724823
PALBOCICLIB,1,JVM2,1.3650020360946655,1.2444514586639466,1.242638111114502
PALBOCICLIB,1,L540,2.2610321044921875,2.559382949247675,2.594477653503418
PALBOCICLIB,1,MOLT16,-0.7884014844894409,1.418135602905985,1.4211972951889038
PALBOCICLIB,1,NAMALWA,1.9791685342788696,2.8359314859704745,2.878788471221924
PALBOCICLIB,1,NB4,-1.2053710222244263,1.7944742271054905,1.8080991506576538
PALBOCICLIB,1,NCIH1155,3.809638500213623,1.3338718398755127,1.3345683813095093
PALBOCICLIB,1,NCIH1648,5.3365325927734375,2.8732078834688206,2.9171111583709717
PALBOCICLIB,1,NCIH1781,4.752129554748535,2.860647678360411,2.904198408126831
PALBOCICLIB,1,NCIH1792,1.3918304443359375,3.2823173722116095,3.3377037048339844
PALBOCICLIB,1,NCIH1876,4.4407196044921875,2.84447015273352,2.8875668048858643
PALBOCICLIB,1,NCIH1944,1.9491093158721924,2.270458111453596,2.297443151473999
PALBOCICLIB,1,NCIH2009,4.292317867279053,2.5637210437225257,2.598937511444092
PALBOCICLIB,1,NCIH2029,4.307912826538086,3.9109667695316195,3.9839982986450195
PALBOCICLIB,1,NCIH209,1.5118584632873535,3.1131984775571193,3.1638379096984863
PALBOCICLIB,1,NCIH2291,3.155041456222534,2.507643995043721,2.5412864685058594
PALBOCICLIB,1,NCIH2347,1.6962225437164307,2.0588288593840005,2.07987380027771
PALBOCICLIB,1,NCIH524,3.1257808208465576,2.8542351556231025,2.8976058959960938
PALBOCICLIB,1,NCIH661,1.186929702758789,3.2694297112388524,3.3244543075561523
PALBOCICLIB,1,NCIH727,2.9985404014587402,2.6144954873458692,2.651137113571167
PALBOCICLIB,1,NCIH838,0.25696951150894165,2.488953500758138,2.522071361541748
PALBOCICLIB,1,OCIAML3,0.8259180188179016,2.2981619907418276,2.3259246349334717
PALBOCICLIB,1,P12ICHIKAWA,-0.17164599895477295,1.8394597519711509,1.8543473482131958
PALBOCICLIB,1,PF382,1.2126350402832031,1.103665845008622,1.0979008674621582
PALBOCICLIB,1,SKM1,0.7306789755821228,0.8686714458760897,0.8563105463981628
PALBOCICLIB,1,SUDHL4,1.8561245203018188,2.0632768788444746,2.084446668624878
PALBOCICLIB,1,SUPT1,2.526287078857422,1.4921264817841822,1.4972649812698364
PALBOCICLIB,1,SW1271,2.3768293857574463,3.206800762362064,3.2600674629211426
PALBOCICLIB,2,A3KAW,0.6165364980697632,1.7558837181365627,1.75344979763031
PALBOCICLIB,2,DMS53,3.072093963623047,3.047042779853417,3.039604902267456
PALBOCICLIB,2,DMS79,4.231515407562256,4.3722257385153815,4.359652042388916
PALBOCICLIB,2,EBC1,1.4803210496902466,2.978367420283914,2.971195697784424
PALBOCICLIB,2,EM2,1.0740950107574463,-0.8166140316049204,-0.8090780973434448
PALBOCICLIB,2,GRANTA519,3.582771062850952,1.8518235992321617,1.849017858505249
PALBOCICLIB,2,HDLM2,2.232173442840576,1.3989356329648983,1.3978850841522217
PALBOCICLIB,2,JEKO1,0.5465354919433594,2.2135309634845735,2.2093234062194824
PALBOCICLIB,2,JM1,0.5192750096321106,1.9051237193322996,1.9021114110946655
PALBOCICLIB,2,JVM3,0.9007980227470398,1.309429377139761,1.3087257146835327
PALBOCICLIB,2,KOPN8,0.2958313226699829,0.9013927305546797,0.9022704362869263
PALBOCICLIB,2,L1236,3.171961545944214,2.8893026384844966,2.8824760913848877
PALBOCICLIB,2,L428,3.2515065670013428,2.2622436550599234,2.257847309112549
PALBOCICLIB,2,LCLC97TM1,2.270002603530884,2.2701090491684766,2.2656822204589844
PALBOCICLIB,2,LU65,4.279881477355957,2.4903293136299425,2.48504900932312
PALBOCICLIB,2,MHHCALL2,2.614732027053833,0.96643421677341,0.967059850692749
PALBOCICLIB,2,MOLM13,-1.412693977355957,1.4506762930408663,1.449425220489502
PALBOCICLIB,2,MOLP8,1.9861584901809692,1.6012646509315864,1.599429965019226
PALBOCICLIB,2,NCIH1105,4.327730655670166,4.20190268986526,4.18998908996582
PALBOCICLIB,2,NCIH1435,4.287580966949463,2.976201337371054,2.9690380096435547
PALBOCICLIB,2,NCIH1436,4.437455654144287,1.9294080219203316,1.9263015985488892
PALBOCICLIB,2,NCIH1793,1.5169873237609863,1.8562430067398417,1.8534201383590698
PALBOCICLIB,2,NCIH1915,1.895946979522705,1.764677895089685,1.7622098922729492
PALBOCICLIB,2,NCIH196,3.0411036014556885,3.742434379120288,3.7323014736175537
PALBOCICLIB,2,NCIH2030,1.9046931266784668,2.113229596656423,2.1094107627868652
PALBOCICLIB,2,NCIH2066,5.989119529724121,2.8135613010416836,2.807028293609619
PALBOCICLIB,2,NCIH2081,4.418533802032471,3.9145707144165787,3.903770685195923
PALBOCICLIB,2,NCIH2087,4.368855953216553,2.512092343576641,2.506727695465088
PALBOCICLIB,2,NCIH211,1.0500149726867676,3.3772617608996565,3.368544101715088
PALBOCICLIB,2,NCIH2110,3.336752414703369,2.119831482290171,2.1159870624542236
PALBOCICLIB,2,NCIH2171,3.4219648838043213,4.020070440889415,4.008861541748047
PALBOCICLIB,2,NCIH460,0.6316275000572205,2.426672086032928,2.4216384887695312
PALBOCICLIB,2,NCIH522,3.935699462890625,3.0770098787508453,3.069455862045288
PALBOCICLIB,2,NCIH69,3.5459964275360107,3.464173384479837,3.4551188945770264
PALBOCICLIB,2,OPM2,2.670811414718628,1.7671855249988602,1.7647078037261963
PALBOCICLIB,2,RPMI8226,0.8826280236244202,2.5142476559114812,2.5088746547698975
PALBOCICLIB,2,ST486,1.9474685192108154,2.461135063541976,2.455967903137207
PALBOCICLIB,2,SUDHL10,-0.23044849932193756,1.6705471120821362,1.6684439182281494
PALBOCICLIB,2,SUDHL8,2.680510997772217,2.413367310678225,2.4083852767944336
PALBOCICLIB,2,THP1,2.338123083114624,2.0138013646864064,2.0103678703308105
PALBOCICLIB,2,WSUDLCL2,0.8497740030288696,1.135316880123025,1.1352880001068115
PALBOCICLIB,3,697,-1.5424449443817139,1.0512153983267638,0.9827858805656433
PALBOCICLIB,3,A4FUK,1.2876604795455933,2.0528736036274156,2.0279433727264404
PALBOCICLIB,3,AMO1,2.2449300289154053,1.0715601356548028,1.0040141344070435
PALBOCICLIB,3,COLO668,4.025798797607422,2.3770913171670465,2.366240978240967
PALBOCICLIB,3,CORL105,0.9424435496330261,2.718026913925941,2.721982479095459
PALBOCICLIB,3,CORL23,1.9255143404006958,2.659847355048214,2.661276340484619
PALBOCICLIB,3,CORL311,4.426292896270752,2.2092544175422852,2.191115379333496
PALBOCICLIB,3,CORL95,4.36765718460083,3.2855984208569393,3.314202070236206
PALBOCICLIB,3,DOHH2,0.1339409351348877,0.8806317526597861,0.8047942519187927
PALBOCICLIB,3,HCC33,4.3340630531311035,3.181393214484194,3.2054715156555176
PALBOCICLIB,3,IALM,5.082275867462158,2.5979963282887524,2.5967392921447754
PALBOCICLIB,3,JURKAT,1.5078200101852417,1.351464433748941,1.2960739135742188
PALBOCICLIB,3,JURLMK1,-1.3133740425109863,1.6905608691324256,1.6498963832855225
PALBOCICLIB,3,K562,2.856861114501953,1.7885757859782843,1.752167820930481
PALBOCICLIB,3,KARPAS422,1.5143954753875732,1.4794599202712124,1.4296278953552246
PALBOCICLIB,3,LCLC103H,2.9839630126953125,2.159186910739325,2.13887357711792
PALBOCICLIB,3,LOUCY,1.5779509544372559,1.3850662022671345,1.3311349153518677
PALBOCICLIB,3,LOUNH91,3.3807995319366455,2.2609291626499584,2.2450342178344727
PALBOCICLIB,3,LP1,3.4311320781707764,2.056422369352535,2.031646251678467
PALBOCICLIB,3,NCIH1048,3.9747469425201416,1.7687750396360207,1.7315071821212769
PALBOCICLIB,3,NCIH1341,3.4334049224853516,2.022476714901929,1.99622642993927
PALBOCICLIB,3,NCIH1623,3.372220039367676,3.283382241681874,3.3118896484375
PALBOCICLIB,3,NCIH1651,3.748025894165039,2.3876267939588707,2.3772339820861816
PALBOCICLIB,3,NCIH2444,3.883344888687134,3.8969419228235616,3.952094554901123
PALBOCICLIB,3,NCIH596,5.393075942993164,4.186750707010282,4.254488945007324
PALBOCICLIB,3,NCIH647,2.959080934524536,2.398329301060724,2.3884012699127197
PALBOCICLIB,3,NCIH929,2.073625087738037,2.150809803726619,2.1301326751708984
PALBOCICLIB,3,NOMO1,1.5410255193710327,1.4767834366371135,1.4268351793289185
PALBOCICLIB,3,OCIAML2,1.3276159763336182,1.5647192967243673,1.5185898542404175
PALBOCICLIB,3,OCIM1,2.2512850761413574,1.889378235337413,1.857347846031189
PALBOCICLIB,3,P31FUJ,2.9543330669403076,1.4225583374864992,1.3702552318572998
PALBOCICLIB,3,RAJI,2.676600933074951,1.2057280890443411,1.1440086364746094
PALBOCICLIB,3,RCHACV,-1.033139944076538,1.6827249540339522,1.641720175743103
PALBOCICLIB,3,RL,1.333801507949829,1.680783426613545,1.639694333076477
PALBOCICLIB,3,RPMI8402,-1.540902018547058,1.6985800377310953,1.6582638025283813
PALBOCICLIB,3,RS411,-0.40347549319267273,1.1566055259446988,1.0927528142929077
PALBOCICLIB,3,SIGM5,-1.2262660264968872,1.6236067350829015,1.580034613609314
PALBOCICLIB,3,SKMES1,2.217633008956909,3.588644642733014,3.630408763885498
PALBOCICLIB,3,SKMM2,3.466576099395752,2.1600561081392575,2.1397805213928223
PALBOCICLIB,3,SUPB15,1.7490555047988892,1.0070354243327853,0.9366872906684875
PALBOCICLIB,3,SW1573,2.9754693508148193,2.191883950786164,2.172990560531616
PALBOCICLIB,4,BEN,1.8081190586090088,4.126821155523185,4.0910162925720215
PALBOCICLIB,4,BV173,0.09903199970722198,1.2330284659872672,1.195931315422058
PALBOCICLIB,4,CA46,3.3885724544525146,1.6884311986916916,1.6515374183654785
PALBOCICLIB,4,CALU3,4.827610015869141,2.6878363572714785,2.6513888835906982
PALBOCICLIB,4,CORL279,3.711009979248047,3.768412065886718,3.7324471473693848
PALBOCICLIB,4,DMS273,3.4413435459136963,3.96133862461851,3.925459861755371
PALBOCICLIB,4,EHEB,1.9867019653320312,0.28491119622311845,0.24739064276218414
PALBOCICLIB,4,HARA,1.1465853452682495,2.5234653142600436,2.4869444370269775
PALBOCICLIB,4,HCC827,3.337791919708252,3.779313417127805,3.7433533668518066
PALBOCICLIB,4,HH,2.4205191135406494,1.5741123810751296,1.5371675491333008
PALBOCICLIB,4,HL60,0.8921260237693787,1.683146984111763,1.64625084400177
PALBOCICLIB,4,KCL22,1.530921459197998,1.451936054223575,1.4149366617202759
PALBOCICLIB,4,KG1,1.8704334497451782,1.6617489356696238,1.6248432397842407
PALBOCICLIB,4,KNS62,1.174725890159607,2.8828564882893177,2.846496105194092
PALBOCICLIB,4,LAMA84,1.039250135421753,0.15998200650733202,0.12240566313266754
PALBOCICLIB,4,ME1,3.3842926025390625,0.7721276335433551,0.7348246574401855
PALBOCICLIB,4,NALM6,0.3954299986362457,0.654117241482056,0.6167615652084351
PALBOCICLIB,4,NCIH1437,0.9984815120697021,3.4840477545241653,3.447955846786499
PALBOCICLIB,4,NCIH146,2.870910882949829,2.9286865372252375,2.8923466205596924
PALBOCICLIB,4,NCIH1568,5.782299995422363,2.915222615376084,2.8788766860961914
PALBOCICLIB,4,NCIH1650,3.1093928813934326,3.287295332448013,3.251115560531616
PALBOCICLIB,4,NCIH1836,5.1856689453125,2.662225664856606,2.6257667541503906
PALBOCICLIB,4,NCIH1975,2.770841598510742,2.781925094319995,2.7455196380615234
PALBOCICLIB,4,NCIH2122,1.6187820434570312,2.0806849040276334,2.043966293334961
PALBOCICLIB,4,NCIH2170,1.8890299797058105,3.0054008882650387,2.969095230102539
PALBOCICLIB,4,NCIH2196,5.442220211029053,3.9232325109544264,3.8873367309570312
PALBOCICLIB,4,NCIH2227,4.8455281257629395,2.4311505728970517,2.3945884704589844
PALBOCICLIB,4,NCIH2405,3.9263994693756104,2.607431027567329,2.5709476470947266
PALBOCICLIB,4,NCIH292,2.0046770572662354,1.5109915936970735,1.4740185737609863
PALBOCICLIB,4,NCIH358,2.3970463275909424,2.8355307922654944,2.79914927482605
PALBOCICLIB,4,NCIH441,2.7466835975646973,2.8485624158645755,2.8121867179870605
PALBOCICLIB,4,NCIH526,3.9714064598083496,3.593043393523375,3.557000160217285
PALBOCICLIB,4,NCIH82,3.0309510231018066,2.9936463795072696,2.9573354721069336
PALBOCICLIB,4,NCIH841,1.2463326454162598,2.9009820342121624,2.8646297454833984
PALBOCICLIB,4,NUDUL1,0.7091140151023865,1.5745830475822375,1.5376384258270264
PALBOCICLIB,4,OCIAML5,0.6808810234069824,1.0708431029099796,1.0336735248565674
PALBOCICLIB,4,RERFLCKJ,3.84242844581604,3.8687138391412157,3.832793712615967
PALBOCICLIB,4,SHP77,1.7733299732208252,2.5239559989882134,2.4874353408813477
PALBOCICLIB,4,SUDHL1,1.2701685428619385,1.5284172168192214,1.4914519786834717
PALBOCICLIB,4,SUDHL5,0.6707894802093506,1.587151511507109,1.5502125024795532
PALBOCICLIB,5,ABC1,2.346066951751709,2.885723762130052,2.9077281951904297
PALBOCICLIB,5,CAL12T,3.8894131183624268,2.619248810201619,2.6196045875549316
PALBOCICLIB,5,CHAGOK1,4.558003902435303,3.2612827782027227,3.313797950744629
PALBOCICLIB,5,CMK,1.9712049961090088,1.9392507865879465,1.8843629360198975
PALBOCICLIB,5,CORL88,4.847788333892822,3.623419238569962,3.705354690551758
PALBOCICLIB,5,DB,0.8019390106201172,2.9019970012393435,2.925323486328125
PALBOCICLIB,5,DND41,1.4825409650802612,1.4534533648163348,1.3590989112854004
PALBOCICLIB,5,GA10,0.45204150676727295,0.9066079780239613,0.7678273320198059
PALBOCICLIB,5,HCC15,4.328616619110107,2.785268042787259,2.7991113662719727
PALBOCICLIB,5,HCC78,1.0728850364685059,2.732364359855818,2.7419097423553467
PALBOCICLIB,5,KMH2,2.4988694190979004,1.444721713612144,1.3496578931808472
PALBOCICLIB,5,KMS11,2.7782344818115234,3.2392250420534032,3.2899482250213623
PALBOCICLIB,5,KMS12BM,4.1785407066345215,2.279403600349779,2.252150058746338
PALBOCICLIB,5,KU812,1.1007695198059082,2.796115325327955,2.810839891433716
PALBOCICLIB,5,L363,2.4798269271850586,1.4765971963482125,1.3841229677200317
PALBOCICLIB,5,LXF289,1.8253024816513062,2.5986763930040637,2.597360849380493
PALBOCICLIB,5,MEG01,3.2448151111602783,2.2431874846615916,2.212991714477539
PALBOCICLIB,5,MM1S,2.3437039852142334,2.0040797990249253,1.9544587135314941
PALBOCICLIB,5,MOLM16,0.8805354833602905,2.8149126805359463,2.8311643600463867
PALBOCICLIB,5,MOLT13,0.17993800342082977,0.8573850680441717,0.7146055102348328
PALBOCICLIB,5,MONOMAC6,2.152620553970337,1.8668003635824855,1.806026577949524
PALBOCICLIB,5,NCIH1092,4.2433929443359375,2.6417122748056956,2.643893003463745
PALBOCICLIB,5,NCIH1963,4.180132865905762,3.0925729485491753,3.1313819885253906
PALBOCICLIB,5,NCIH2023,2.407521963119507,3.2833230944890386,3.3376288414001465
PALBOCICLIB,5,NCIH2085,3.0417890548706055,2.3568088718566673,2.335843801498413
PALBOCICLIB,5,NCIH2172,4.6599884033203125,2.7899775799267745,2.804203510284424
PALBOCICLIB,5,NCIH2228,4.657900810241699,2.4322624571934157,2.4174273014068604
PALBOCICLIB,5,NCIH23,2.618976593017578,3.0588154590949794,3.094882011413574
PALBOCICLIB,5,NCIH2342,3.6758105754852295,3.2027787195680597,3.2505409717559814
PALBOCICLIB,5,NCIH446,4.212732315063477,4.0083505819475285,4.12155818939209
PALBOCICLIB,5,NCIH650,3.2084872722625732,2.254723623556995,2.2254650592803955
PALBOCICLIB,5,NCIH810,4.746111869812012,4.317746312279015,4.456089496612549
PALBOCICLIB,5,OCILY19,0.47683000564575195,1.4063780593393223,1.308199167251587
PALBOCICLIB,5,PL21,0.6270018815994263,1.5756664930500888,1.4912407398223877
PALBOCICLIB,5,REH,0.6807184815406799,1.7140250779803452,1.640839695930481
PALBOCICLIB,5,RERFLCMS,2.4079554080963135,3.0868856940355323,3.125232696533203
PALBOCICLIB,5,SBC5,1.882981538772583,1.8701597510869576,1.8096588850021362
PALBOCICLIB,5,SKLU1,1.942820429801941,2.743909759944211,2.7543931007385254
PALBOCICLIB,5,SUDHL6,-0.4735009968280792,1.7712839471671735,1.702750325202942
PALBOCICLIB,5,SUPM2,1.9414600133895874,1.9745494929087328,1.9225293397903442
SELUMETINIB,1,A3KAW,2.280535936355591,2.666664756574736,2.5471763610839844
SELUMETINIB,1,ABC1,3.9427359104156494,2.1206128670099713,1.8061637878417969
SELUMETINIB,1,ALLSIL,3.4148690700531006,2.667093792927746,2.5477585792541504
SELUMETINIB,1,CAL12T,1.9615869522094727,2.3561692855817236,2.1258225440979004
SELUMETINIB,1,CMLT1,2.802164077758789,2.936587127575008,2.913470983505249
SELUMETINIB,1,DB,4.246201515197754,3.3982395550131446,3.539950370788574
SELUMETINIB,1,DMS273,4.341040134429932,3.481236303690785,3.6525800228118896
SELUMETINIB,1,EHEB,3.1203033924102783,2.9190888746467945,2.8897252082824707
SELUMETINIB,1,EJM,3.7665135860443115,3.614337189672558,3.833202838897705
SELUMETINIB,1,HARA,4.028369903564453,2.2183762317539935,1.9388322830200195
SELUMETINIB,1,HCC78,3.174166440963745,3.068372442626668,3.092308521270752
SELUMETINIB,1,KG1,2.1393940448760986,2.652562953595901,2.5280396938323975
SELUMETINIB,1,KU812,-1.203402042388916,2.6875879213234124,2.5755698680877686
SELUMETINIB,1,L1236,3.586411476135254,2.5607180768223268,2.403402805328369
SELUMETINIB,1,MHHCALL2,2.8225948810577393,2.6591736623816065,2.537010669708252
SELUMETINIB,1,NCIH1105,3.601003885269165,3.473215326761915,3.641695261001587
SELUMETINIB,1,NCIH1436,4.216794013977051,3.739793954981483,4.003452301025391
SELUMETINIB,1,NCIH1568,2.9742074012756348,2.4680460488816895,2.2776434421539307
SELUMETINIB,1,NCIH1648,1.155595302581787,2.2966920567816604,2.045109748840332
SELUMETINIB,1,NCIH1781,4.156508922576904,3.154887746194449,3.2097129821777344
SELUMETINIB,1,NCIH1836,4.295496940612793,3.0568423980980186,3.0766618251800537
SELUMETINIB,1,NCIH1944,1.8540431261062622,2.1647636417670495,1.8660780191421509
SELUMETINIB,1,NCIH196,4.3797173500061035,2.56770529048293,2.4128847122192383
SELUMETINIB,1,NCIH2009,1.4739810228347778,3.291363647877006,3.394915819168091
SELUMETINIB,1,NCIH2085,3.4854280948638916,3.595611738167042,3.8077917098999023
SELUMETINIB,1,NCIH2087,1.7347478866577148,2.3255072415865166,2.0842130184173584
SELUMETINIB,1,NCIH2172,4.582716941833496,2.784833174599365,2.7075352668762207
SELUMETINIB,1,NCIH2228,2.811908006668091,3.446441314909256,3.6053619384765625
SELUMETINIB,1,NCIH2291,-0.3539170026779175,2.974237263683629,2.9645636081695557
SELUMETINIB,1,NCIH596,3.107870101928711,3.2055670943993815,3.278486728668213
SELUMETINIB,1,NCIH647,2.701663017272949,3.306361472723306,3.4152684211730957
SELUMETINIB,1,NCIH661,3.833897590637207,2.8790672673289497,2.835414409637451
SELUMETINIB,1,NCIH838,2.5798990726470947,2.243650109740898,1.9731298685073853
SELUMETINIB,1,NCIH929,1.367113471031189,3.1212366786637165,3.1640472412109375
SELUMETINIB,1,OCIM1,2.2372090816497803,2.265654386364367,2.002990484237671
SELUMETINIB,1,PL21,0.40791916847229004,2.7257366672476935,2.6273391246795654
SELUMETINIB,1,RCHACV,3.14077091217041,2.7928367581625726,2.7183964252471924
SELUMETINIB,1,RPMI8402,3.0418450832366943,3.421663499224859,3.57173752784729
SELUMETINIB,1,SKM1,-1.9079220294952393,2.7513729070192343,2.662128448486328
SELUMETINIB,1,SUDHL6,2.7496345043182373,3.410638037990986,3.5567755699157715
SELUMETINIB,1,SW1573,4.674265384674072,2.768524873849257,2.6854043006896973
SELUMETINIB,2,BV173,1.9124490022659302,1.6920900303968378,1.152844786643982
SELUMETINIB,2,DMS53,4.296433448791504,3.2130757763190907,3.332181692123413
SELUMETINIB,2,DND41,3.0856430530548096,3.3959752473450227,3.5942482948303223
SELUMETINIB,2,EBC1,0.7091119885444641,3.3351324995872944,3.5070700645446777
SELUMETINIB,2,EPLC272H,1.6855930089950562,2.7896182255846087,2.7254326343536377
SELUMETINIB,2,GDM1,3.2719509601593018,2.3739948949553886,2.129908800125122
SELUMETINIB,2,HCC44,0.7247059941291809,3.515858848940937,3.7660229206085205
SELUMETINIB,2,HDLM2,4.285719394683838,3.0620659506602528,3.1158080101013184
SELUMETINIB,2,HT,3.604063034057617,2.6028891683957562,2.457878828048706
SELUMETINIB,2,JURLMK1,0.23702800273895264,1.9083148880110998,1.4626615047454834
SELUMETINIB,2,JVM2,3.1647675037384033,2.9844517287283243,3.00459885597229
SELUMETINIB,2,KARPAS422,3.273373603820801,2.887787749166071,2.8660943508148193
SELUMETINIB,2,KOPN8,2.3674230575561523,2.734752727192269,2.6468188762664795
SELUMETINIB,2,L363,3.2766284942626953,2.5702174654590024,2.4110653400421143
SELUMETINIB,2,L428,4.282098770141602,2.4369508621034743,2.2201149463653564
SELUMETINIB,2,LP1,4.206047534942627,3.30995590328198,3.4709959030151367
SELUMETINIB,2,ME1,2.4117350578308105,1.7647349420544873,1.2569336891174316
SELUMETINIB,2,MM1S,2.7252728939056396,3.0028026264027825,3.030892848968506
SELUMETINIB,2,MOLP8,2.513029098510742,2.687028745572746,2.5784378051757812
SELUMETINIB,2,NCIH1092,4.637235164642334,2.969181139506961,2.9827184677124023
SELUMETINIB,2,NCIH1155,3.5087029933929443,2.1893511859562733,1.8653429746627808
SELUMETINIB,2,NCIH1341,3.314255952835083,2.733755354198111,2.6453897953033447
SELUMETINIB,2,NCIH1437,0.3854140043258667,3.147642517022686,3.2384259700775146
SELUMETINIB,2,NCIH1792,2.1413910388946533,2.686653357939309,2.577899932861328
SELUMETINIB,2,NCIH1963,5.203125,3.4500936311654953,3.6717915534973145
SELUMETINIB,2,NCIH1975,3.1073920726776123,2.627649610236875,2.493356704711914
SELUMETINIB,2,NCIH2023,3.176516532897949,3.3242765421490477,3.4915151596069336
SELUMETINIB,2,NCIH2029,3.8731555938720703,3.319689192119695,3.4849421977996826
SELUMETINIB,2,NCIH2122,0.3854284882545471,2.20644738041711,1.8898391723632812
SELUMETINIB,2,NCIH2171,3.9626450538635254,3.3289540783917526,3.4982173442840576
SELUMETINIB,2,NCIH2405,3.5945138931274414,3.638848883040677,3.942248582839966
SELUMETINIB,2,NCIH292,0.781965970993042,2.9341860600074066,2.9325759410858154
SELUMETINIB,2,NCIH524,3.9839439392089844,2.1584937733835172,1.8211290836334229
SELUMETINIB,2,NCIH526,4.541496276855469,3.3587406544773715,3.5408968925476074
SELUMETINIB,2,NCIH69,4.038931846618652,2.6464584275776533,2.5203068256378174
SELUMETINIB,2,OCIAML3,-1.9074499607086182,2.5656900177115816,2.40457820892334
SELUMETINIB,2,PF382,4.054419994354248,3.095644673982585,3.1639211177825928
SELUMETINIB,2,RL,3.152527093887329,2.7873106565684287,2.7221262454986572
SELUMETINIB,2,SKMES1,2.70259690284729,2.8500301760981133,2.8119935989379883
SELUMETINIB,2,SUDHL8,4.229053020477295,3.349622196005591,3.527831554412842
SELUMETINIB,2,SUPB15,3.067173957824707,2.712727989287912,2.6152608394622803
SELUMETINIB,3,697,2.130647897720337,2.878726526233557,2.880514144897461
SELUMETINIB,3,A4FUK,1.961698055267334,2.7953470602158648,2.7743072509765625
SELUMETINIB,3,A549,0.5238671898841858,2.902428235916841,2.9107048511505127
SELUMETINIB,3,AMO1,2.631850481033325,2.739744091013986,2.703481435775757
SELUMETINIB,3,CALU3,4.078363418579102,1.825057512866745,1.5383741855621338
SELUMETINIB,3,CORL279,3.0964860916137695,3.7998616375130863,4.053835391998291
SELUMETINIB,3,CORL311,4.526618480682373,3.452600304448605,3.611501693725586
SELUMETINIB,3,DMS114,4.708415508270264,2.05206639343976,1.8275330066680908
SELUMETINIB,3,GA10,4.025158882141113,2.918180647964914,2.930769920349121
SELUMETINIB,3,GRANTA519,4.6511712074279785,2.8361750421931005,2.826313018798828
SELUMETINIB,3,HCC15,2.277010440826416,1.8314503616089581,1.546517252922058
SELUMETINIB,3,HCC33,4.100644111633301,2.9454338051012354,2.965484380722046
SELUMETINIB,3,IALM,4.735693454742432,2.9307529666100627,2.946784257888794
SELUMETINIB,3,JM1,3.1745290756225586,2.7384699947341913,2.7018585205078125
SELUMETINIB,3,L540,3.819622039794922,3.4203263806589552,3.570391893386841
SELUMETINIB,3,LAMA84,0.6608989834785461,1.521547639052029,1.1517701148986816
SELUMETINIB,3,LCLC103H,4.572504043579102,3.08927397805395,3.148704767227173
SELUMETINIB,3,LOUCY,3.1043310165405273,2.8946137038643327,2.9007508754730225
SELUMETINIB,3,LU65,1.309872031211853,2.1686645461341687,1.9760531187057495
SELUMETINIB,3,MOLT16,2.593161106109619,2.7435192118994243,2.7082901000976562
SELUMETINIB,3,NAMALWA,3.521089553833008,3.408209831727528,3.5549581050872803
SELUMETINIB,3,NCIH1048,3.1799559593200684,2.93504094540745,2.9522461891174316
SELUMETINIB,3,NCIH1651,3.481717586517334,2.8029371701382906,2.78397536277771
SELUMETINIB,3,NCIH1876,3.5643320083618164,2.7013948598863644,2.654633045196533
SELUMETINIB,3,NCIH211,3.7908365726470947,2.8002654424612246,2.7805721759796143
SELUMETINIB,3,NCIH23,2.662818431854248,3.4104081952953536,3.557758331298828
SELUMETINIB,3,NCIH2342,3.860917091369629,3.289694170683133,3.4039955139160156
SELUMETINIB,3,NCIH358,1.3048579692840576,1.8845249787398122,1.6141225099563599
SELUMETINIB,3,NCIH727,0.13171522319316864,2.857250133234639,2.8531579971313477
SELUMETINIB,3,NCIH82,4.598150730133057,3.5294631058449766,3.7094078063964844
SELUMETINIB,3,OCIAML5,0.8769789934158325,2.817705044734958,2.802786350250244
SELUMETINIB,3,P31FUJ,2.3728010654449463,2.9308955935184224,2.9469659328460693
SELUMETINIB,3,RERFLCMS,0.49899399280548096,3.3225191359664974,3.4458072185516357
SELUMETINIB,3,RS411,3.8749709129333496,2.1344614155932566,1.9324859380722046
SELUMETINIB,3,SIGM5,3.880620002746582,2.686358951519656,2.6354806423187256
SELUMETINIB,3,ST486,3.1991639137268066,2.848211854821429,2.8416452407836914
SELUMETINIB,3,SUDHL1,5.1152119636535645,1.7629102708165336,1.4592124223709106
SELUMETINIB,3,SUDHL10,2.6221156120300293,3.3808312677295262,3.5200839042663574
SELUMETINIB,3,SUDHL4,2.5606329441070557,3.0736628826932932,3.128819704055786
SELUMETINIB,3,SUPT1,4.127771854400635,3.0297399716744238,3.072871685028076
SELUMETINIB,3,WSUDLCL2,3.1117660999298096,2.7496021933886334,2.716038465499878
SELUMETINIB,4,BL41,2.9017789363861084,2.8583990685899767,2.8180439472198486
SELUMETINIB,4,CA46,3.814857006072998,3.0637192003728355,3.1748199462890625
SELUMETINIB,4,CALU6,1.4540419578552246,2.851066319446269,2.805302143096924
SELUMETINIB,4,CMK,2.624999523162842,2.067864278531112,1.4443655014038086
SELUMETINIB,4,COLO668,2.971575975418091,2.640389355298672,2.4392178058624268
SELUMETINIB,4,CORL105,1.7433340549468994,3.1654702018507477,3.351628303527832
SELUMETINIB,4,CORL23,3.498180389404297,3.2157960516893107,3.439077377319336
SELUMETINIB,4,CORL88,3.9931108951568604,3.699165584543902,4.279007911682129
SELUMETINIB,4,DOHH2,3.1661128997802734,2.7251025509335536,2.5864202976226807
SELUMETINIB,4,HCC827,3.357480049133301,3.154467716565775,3.332509756088257
SELUMETINIB,4,HEL,3.7958695888519287,2.1470516714857713,1.5819660425186157
SELUMETINIB,4,HH,4.0631890296936035,2.8743142474567174,2.8456990718841553
SELUMETINIB,4,HL60,0.22130900621414185,2.992483291143842,3.0510363578796387
SELUMETINIB,4,K562,3.181072950363159,2.9946566486731037,3.0548129081726074
SELUMETINIB,4,KNS62,1.8838218450546265,2.8580253169542624,2.817394495010376
SELUMETINIB,4,LCLC97TM1,1.3416454792022705,2.8291948512043517,2.7672970294952393
SELUMETINIB,4,LXF289,4.292840003967285,3.121974237813421,3.2760472297668457
SELUMETINIB,4,MOLM13,1.5682220458984375,2.262319337754097,1.7822617292404175
SELUMETINIB,4,MONOMAC6,2.63032603263855,3.001867283662705,3.067342519760132
SELUMETINIB,4,NCIH1435,4.223591327667236,3.087529676733662,3.2161943912506104
SELUMETINIB,4,NCIH146,3.486780881881714,3.6293623899184784,4.157713890075684
SELUMETINIB,4,NCIH1650,4.626568794250488,2.7968749391991263,2.7111361026763916
SELUMETINIB,4,NCIH2030,1.3637230396270752,2.0769408589575313,1.4601374864578247
SELUMETINIB,4,NCIH2081,4.00072717666626,3.2314875832850483,3.466343879699707
SELUMETINIB,4,NCIH209,4.479588985443115,2.824216984338088,2.7586472034454346
SELUMETINIB,4,NCIH2110,2.9210169315338135,3.2486754934927884,3.4962105751037598
SELUMETINIB,4,NCIH2227,3.891920566558838,3.413294291677463,3.782261610031128
SELUMETINIB,4,NCIH2347,0.5803171992301941,3.036652117890985,3.127786636352539
SELUMETINIB,4,NCIH2444,2.936598062515259,3.231244178218324,3.465920925140381
SELUMETINIB,4,NCIH441,4.929890155792236,2.820178984837699,2.7516305446624756
SELUMETINIB,4,NCIH460,1.4139469861984253,2.7968398142289566,2.7110750675201416
SELUMETINIB,4,NCIH810,4.3458991050720215,3.2475384597904533,3.494234800338745
SELUMETINIB,4,NOMO1,-0.6419410109519958,2.355736528438459,1.9445887804031372
SELUMETINIB,4,NUDUL1,2.6225039958953857,2.8223563213674874,2.7554140090942383
SELUMETINIB,4,RAJI,4.029435634613037,3.155692151072791,3.334637403488159
SELUMETINIB,4,REH,3.206631898880005,2.828484531006815,2.7660627365112305
SELUMETINIB,4,RERFLCKJ,3.5188000202178955,3.2251006014045474,3.4552454948425293
SELUMETINIB,4,SHP77,3.1335384845733643,2.4273206002135703,2.0689773559570312
SELUMETINIB,4,SKMM2,5.090573310852051,2.9737611332156337,3.0185036659240723
SELUMETINIB,4,SW1271,2.5586795806884766,2.895426961460199,2.882385730743408
SELUMETINIB,5,BEN,3.4328930377960205,2.8740400994834596,2.878592014312744
SELUMETINIB,5,CHAGOK1,3.2800140380859375,2.83706786706336,2.825882911682129
SELUMETINIB,5,CORL95,4.211582183837891,3.826996137368504,4.237164497375488
SELUMETINIB,5,DAUDI,3.7350006103515625,2.9796360115608,3.0291337966918945
SELUMETINIB,5,DMS79,4.621129035949707,3.675143711056346,4.02067756652832
SELUMETINIB,5,EM2,1.9603029489517212,2.1481817991030985,1.84377920627594
SELUMETINIB,5,HCC366,3.9840304851531982,3.4705960116984254,3.7290661334991455
SELUMETINIB,5,JEKO1,3.632072925567627,2.6394131398856615,2.544098377227783
SELUMETINIB,5,JURKAT,3.610649585723877,3.0882289625891017,3.183948278427124
SELUMETINIB,5,JVM3,1.5802680253982544,2.282912170820268,2.035856246948242
SELUMETINIB,5,KCL22,2.515523910522461,2.375523032434611,2.1678860187530518
SELUMETINIB,5,KMH2,2.2936179637908936,2.685038170437714,2.6091432571411133
SELUMETINIB,5,KMS11,3.0736870765686035,3.131471881494623,3.2455971240997314
SELUMETINIB,5,KMS12BM,4.3519110679626465,2.990030072432411,3.043951988220215
SELUMETINIB,5,LOUNH91,4.036895275115967,2.762205610260499,2.719156265258789
SELUMETINIB,5,MEG01,1.382343053817749,2.2993864362083736,2.059342622756958
SELUMETINIB,5,MOLM16,1.8155909776687622,2.008590625219244,1.6447724103927612
SELUMETINIB,5,MOLT13,1.0366164445877075,2.858069047655057,2.855823040008545
SELUMETINIB,5,NALM6,2.6777539253234863,2.836739415274973,2.8254146575927734
SELUMETINIB,5,NB4,-1.3350732326507568,2.8856770593832244,2.8951821327209473
SELUMETINIB,5,NCIH1623,2.4379405975341797,2.603029745931403,2.4922287464141846
SELUMETINIB,5,NCIH1793,4.453848838806152,2.1939175399830084,1.9089819192886353
SELUMETINIB,5,NCIH1915,1.6559510231018066,2.426293584689871,2.2402665615081787
SELUMETINIB,5,NCIH2066,4.9108781814575195,3.0999256257925603,3.2006235122680664
SELUMETINIB,5,NCIH2170,5.012014389038086,3.300691112499684,3.4868428707122803
SELUMETINIB,5,NCIH2196,3.360954999923706,3.362762647239805,3.5753345489501953
SELUMETINIB,5,NCIH446,3.911712884902954,3.66668591026923,4.008619785308838
SELUMETINIB,5,NCIH522,3.819171905517578,3.550931238576012,3.843595266342163
SELUMETINIB,5,NCIH650,3.9747560024261475,3.2585014468341136,3.4266955852508545
SELUMETINIB,5,NCIH841,4.242900848388672,2.563093921789303,2.4352946281433105
SELUMETINIB,5,OCIAML2,-2.892664909362793,3.040412971304024,3.1157798767089844
SELUMETINIB,5,OCILY19,1.2150084972381592,2.7621323608290766,2.7190518379211426
SELUMETINIB,5,OPM2,3.5362064838409424,2.8048401240712373,2.779937744140625
SELUMETINIB,5,P12ICHIKAWA,2.3851425647735596,3.055449340319139,3.137216329574585
SELUMETINIB,5,RPMI8226,1.7924234867095947,2.9324262513006225,2.961829662322998
SELUMETINIB,5,SBC5,3.7687408924102783,2.5388595648101866,2.400745153427124
SELUMETINIB,5,SKLU1,0.4547461271286011,3.0437662232434097,3.12056040763855
SELUMETINIB,5,SUDHL5,3.7686209678649902,2.868903608532072,2.8712692260742188
SELUMETINIB,5,SUPM2,3.4067699909210205,2.892410153809018,2.9047811031341553
SELUMETINIB,5,THP1,1.888396978378296,2.5530764767157814,2.421013355255127
REFAMETINIB,1,A3KAW,0.2787399888038635,2.0253197180537184,1.9288671016693115
REFAMETINIB,1,AMO1,1.0856289863586426,1.7992504852776112,1.6794601678848267
REFAMETINIB,1,BEN,4.1428422927856445,2.353947733154591,2.2914202213287354
REFAMETINIB,1,BL41,3.0221939086914062,2.4423047986394355,2.3888986110687256
REFAMETINIB,1,BV173,0.25782299041748047,1.6733923337376304,1.540609359741211
REFAMETINIB,1,COLO668,2.2131896018981934,1.7889788202761812,1.6681281328201294
REFAMETINIB,1,CORL95,4.4595160484313965,3.8310635137779627,3.921022415161133
REFAMETINIB,1,DAUDI,3.819899082183838,2.695894983630345,2.6686675548553467
REFAMETINIB,1,DMS53,3.518580913543701,2.2273441133120135,2.151746988296509
REFAMETINIB,1,GA10,2.864650011062622,2.0281019064658454,1.931936502456665
REFAMETINIB,1,HARA,1.601686954498291,1.1292468282414592,0.9402903318405151
REFAMETINIB,1,HCC827,3.048766613006592,2.433998429693612,2.379734754562378
REFAMETINIB,1,K562,1.6582109928131104,2.1868016159924624,2.1070191860198975
REFAMETINIB,1,KU812,-1.4026329517364502,1.9991761371178254,1.900024652481079
REFAMETINIB,1,LCLC103H,3.9052155017852783,1.2110423895652804,1.0305298566818237
REFAMETINIB,1,MOLT16,2.417440891265869,2.5965636824956464,2.55908203125
REFAMETINIB,1,MONOMAC6,2.0714709758758545,3.3993279073207407,3.4447176456451416
REFAMETINIB,1,NCIH1048,3.6696999073028564,2.2971974863762297,2.228811502456665
REFAMETINIB,1,NCIH1105,3.806654930114746,3.6682957667595106,3.7414517402648926
REFAMETINIB,1,NCIH1341,2.311152935028076,2.772092671221113,2.7527313232421875
REFAMETINIB,1,NCIH1651,3.169208526611328,1.9130151721956685,1.804969072341919
REFAMETINIB,1,NCIH1876,3.444648027420044,2.4363164157825103,2.3822920322418213
REFAMETINIB,1,NCIH1915,0.021847499534487724,1.7877283050325294,1.6667485237121582
REFAMETINIB,1,NCIH196,4.325761318206787,2.7492240074203282,2.72750186920166
REFAMETINIB,1,NCIH2085,2.360511064529419,1.9941619740342322,1.8944928646087646
REFAMETINIB,1,NCIH2122,0.20165300369262695,1.7442170091024767,1.6187454462051392
REFAMETINIB,1,NCIH2170,4.375984191894531,2.6232140392453065,2.5884835720062256
REFAMETINIB,1,NCIH2172,3.772308111190796,2.1665543554415683,2.084681749343872
REFAMETINIB,1,NCIH2347,0.61477130651474,1.7000391246873217,1.5700069665908813
REFAMETINIB,1,NCIH2405,1.029034972190857,2.585625320954569,2.5470144748687744
REFAMETINIB,1,NCIH2444,4.36718225479126,2.809682037839117,2.794201135635376
REFAMETINIB,1,NCIH596,2.2218990325927734,2.9837613667953944,2.98625111579895
REFAMETINIB,1,NOMO1,-2.6669299602508545,0.0767317314601903,-0.22087857127189636
REFAMETINIB,1,OCILY19,1.7965209484100342,1.9187027312006681,1.8112437725067139
REFAMETINIB,1,P31FUJ,0.67495197057724,2.5071824760379053,2.4604737758636475
REFAMETINIB,1,RERFLCMS,0.37159499526023865,2.811657491021908,2.7963805198669434
REFAMETINIB,1,RL,3.2665319442749023,1.664294681362337,1.530572533607483
REFAMETINIB,1,RS411,3.4412240982055664,1.7439207235414214,1.618418574333191
REFAMETINIB,1,SIGM5,2.6752889156341553,2.165145972508383,2.083127975463867
REFAMETINIB,1,SUPB15,1.8678745031356812,2.1801677152866157,2.099700450897217
REFAMETINIB,1,WSUDLCL2,3.7229859828948975,2.278108354433429,2.207751750946045
REFAMETINIB,2,ABC1,4.327076435089111,0.9064075807289196,1.0140695571899414
REFAMETINIB,2,ALLSIL,2.8458058834075928,2.1145493730983396,2.111278533935547
REFAMETINIB,2,CORL279,3.1431260108947754,4.546328161506696,4.319768905639648
REFAMETINIB,2,DMS79,4.955769062042236,3.1907464504450216,3.088658094406128
REFAMETINIB,2,DOHH2,3.3414053916931152,2.0464278646510716,2.0494120121002197
REFAMETINIB,2,EM2,0.06830299645662308,-0.778084794229824,-0.5157510042190552
REFAMETINIB,2,HCC15,-0.02788049913942814,1.729497342253333,1.761582374572754
REFAMETINIB,2,HEL,3.4521219730377197,1.8456902366103014,1.867106318473816
REFAMETINIB,2,HL60,-1.1635669469833374,1.7803954529785575,1.8078069686889648
REFAMETINIB,2,IALM,2.4024219512939453,0.9496868575341311,1.0533748865127563
REFAMETINIB,2,JVM3,1.7835030555725098,2.1956857605290705,2.184964895248413
REFAMETINIB,2,KMH2,0.9224460124969482,1.593227154147429,1.6378246545791626
REFAMETINIB,2,KMS11,2.6232850551605225,3.625464830433229,3.4834601879119873
REFAMETINIB,2,KMS12BM,2.8918368816375732,2.1315007961829204,2.126673460006714
REFAMETINIB,2,L1236,3.0552940368652344,2.1215088785415297,2.1175990104675293
REFAMETINIB,2,L428,4.034764766693115,0.9386226615078781,1.0433266162872314
REFAMETINIB,2,L540,3.442636013031006,2.441930442183461,2.4085991382598877
REFAMETINIB,2,LOUCY,2.735785961151123,2.5664885255707772,2.5217201709747314
REFAMETINIB,2,LU65,2.460066080093384,1.2333998520938838,1.3110370635986328
REFAMETINIB,2,LXF289,1.1096999645233154,2.4341978042042394,2.401576519012451
REFAMETINIB,2,NCIH1155,2.999216079711914,0.9272448808248204,1.0329935550689697
REFAMETINIB,2,NCIH1437,-0.35660800337791443,2.67424403685753,2.619581460952759
REFAMETINIB,2,NCIH1781,3.4278860092163086,2.046306316140314,2.0493016242980957
REFAMETINIB,2,NCIH1963,4.117481231689453,3.8319901890192014,3.6710221767425537
REFAMETINIB,2,NCIH1975,1.2918949127197266,1.409892883880807,1.4713243246078491
REFAMETINIB,2,NCIH2030,2.0751705169677734,-0.1425693122585713,0.06141079589724541
REFAMETINIB,2,NCIH209,4.20845890045166,2.518941793438075,2.478539228439331
REFAMETINIB,2,NCIH2110,1.66280198097229,1.7351532858603045,1.7667189836502075
REFAMETINIB,2,NCIH2196,3.740525960922241,3.8444222652080997,3.6823127269744873
REFAMETINIB,2,NCIH2228,1.7968080043792725,2.7478711940469553,2.686448097229004
REFAMETINIB,2,NCIH2291,-0.8400350213050842,1.9028945623488638,1.919058084487915
REFAMETINIB,2,NCIH441,3.621634006500244,1.788791751076994,1.8154323101043701
REFAMETINIB,2,NCIH446,3.882235050201416,3.8480490312472426,3.6856064796447754
REFAMETINIB,2,NCIH460,1.0812300443649292,1.0594110346571148,1.1530240774154663
REFAMETINIB,2,OCIAML5,-0.6943020224571228,1.4190755719662322,1.4796638488769531
REFAMETINIB,2,OPM2,2.048548936843872,1.2835382189959248,1.3565716743469238
REFAMETINIB,2,RAJI,4.031009197235107,2.9831607583062376,2.9001331329345703
REFAMETINIB,2,RPMI8226,1.1747089624404907,2.4447292082162733,2.4111409187316895
REFAMETINIB,2,SUDHL1,-1.8293590545654297,1.2225832159934296,1.3012136220932007
REFAMETINIB,2,SUDHL10,2.782172918319702,2.5231159215613013,2.482330083847046
REFAMETINIB,2,SUDHL6,2.728851079940796,3.594611723031836,3.455440044403076
REFAMETINIB,3,697,2.0089669227600098,2.813621439400663,2.848524808883667
REFAMETINIB,3,A4FUK,0.30861398577690125,2.3530756721869794,2.3158984184265137
REFAMETINIB,3,A549,-0.7372174859046936,1.6049205424995665,1.450648546218872
REFAMETINIB,3,CAL12T,1.352236032485962,1.9479121539999895,1.8473222255706787
REFAMETINIB,3,CHAGOK1,3.96488094329834,0.28075984596245995,-0.08075828105211258
REFAMETINIB,3,CORL105,1.718714952468872,2.1000796484334656,2.023305654525757
REFAMETINIB,3,CORL311,5.064395904541016,3.148552252232233,3.2358760833740234
REFAMETINIB,3,DMS114,2.8230419158935547,1.9930368352057548,1.8995094299316406
REFAMETINIB,3,DMS273,3.504228115081787,2.254774581850091,2.20221209526062
REFAMETINIB,3,EJM,3.6698389053344727,2.9330118022120413,2.9866011142730713
REFAMETINIB,3,GDM1,2.497941017150879,0.8567108337362328,0.5853355526924133
REFAMETINIB,3,HCC44,-0.010404500178992748,3.224373154040854,3.323563814163208
REFAMETINIB,3,HH,3.5556039810180664,2.7361344069344717,2.7589101791381836
REFAMETINIB,3,JURKAT,3.4381051063537598,2.2816631517173205,2.233309030532837
REFAMETINIB,3,JVM2,2.7459540367126465,2.794775526715296,2.8267292976379395
REFAMETINIB,3,KG1,2.029263973236084,1.0594436000936067,0.8197982907295227
REFAMETINIB,3,KOPN8,1.0797920227050781,2.677958368911069,2.691628932952881
REFAMETINIB,3,LAMA84,-1.092918038368225,0.4665721646524231,0.13413576781749725
REFAMETINIB,3,MEG01,-0.3031269907951355,1.5589411498725827,1.397472858428955
REFAMETINIB,3,MOLM16,1.790855050086975,2.5984805144008094,2.5997118949890137
REFAMETINIB,3,NAMALWA,3.3867340087890625,3.407317681155603,3.5351412296295166
REFAMETINIB,3,NCIH1092,4.225751876831055,3.052372891260319,3.124643564224243
REFAMETINIB,3,NCIH146,3.8160629272460938,3.3189257596281,3.432914972305298
REFAMETINIB,3,NCIH1568,1.867805004119873,1.6320225840688392,1.4819923639297485
REFAMETINIB,3,NCIH1650,3.5855300426483154,0.3505610710919011,-3.23744498018641e-05
REFAMETINIB,3,NCIH1793,3.3615639209747314,1.1262385967407464,0.8970474600791931
REFAMETINIB,3,NCIH1944,0.7276820540428162,1.7505734908003323,1.6190978288650513
REFAMETINIB,3,NCIH2023,2.379539966583252,1.7195417557647625,1.5832092761993408
REFAMETINIB,3,NCIH526,3.935107946395874,3.3937690826717866,3.519472122192383
REFAMETINIB,3,NCIH647,1.8311740159988403,2.6245145790000812,2.6298205852508545
REFAMETINIB,3,NCIH810,3.85396409034729,2.364626645569106,2.3292572498321533
REFAMETINIB,3,NCIH82,3.829425096511841,2.435169611582735,2.4108409881591797
REFAMETINIB,3,NCIH841,3.1553308963775635,2.9218929260655333,2.9737420082092285
REFAMETINIB,3,NCIH929,-0.482573002576828,2.52538557716594,2.515176773071289
REFAMETINIB,3,P12ICHIKAWA,2.6757194995880127,1.908857243265748,1.802154779434204
REFAMETINIB,3,PL21,-0.7987930178642273,2.398715118086132,2.368680953979492
REFAMETINIB,3,RERFLCKJ,2.1812379360198975,2.4797370605232913,2.46238374710083
REFAMETINIB,3,SBC5,2.485546112060547,2.040324991811901,1.9541987180709839
REFAMETINIB,3,SKM1,-2.956623077392578,2.188491772980573,2.1255552768707275
REFAMETINIB,3,SKMM2,4.270845890045166,2.380600637171744,2.347731351852417
REFAMETINIB,3,SUDHL8,3.62648606300354,2.4857103512685415,2.469291925430298
REFAMETINIB,4,CA46,4.209004878997803,2.4170072914021334,2.382387161254883
REFAMETINIB,4,CALU6,0.6490175127983093,1.8841593466703055,1.8425319194793701
REFAMETINIB,4,CMK,2.59010910987854,1.3010666865459215,1.2517712116241455
REFAMETINIB,4,CMLT1,1.6994229555130005,2.302877780442518,2.266756772994995
REFAMETINIB,4,DND41,1.377540946006775,2.1171166105832913,2.078552722930908
REFAMETINIB,4,EBC1,-0.7780960202217102,2.7718341052137063,2.741880178451538
REFAMETINIB,4,GRANTA519,4.434629440307617,1.9832582484325734,1.9429340362548828
REFAMETINIB,4,HCC33,5.396549224853516,3.1020841598295026,3.0764732360839844
REFAMETINIB,4,HCC78,2.2528605461120605,2.4709891859132878,2.4370789527893066
REFAMETINIB,4,HT,3.1424810886383057,2.8124764281917805,2.7830569744110107
REFAMETINIB,4,JEKO1,3.312056064605713,0.4087290434272272,0.34769874811172485
REFAMETINIB,4,JURLMK1,-2.046921968460083,0.7336013582402556,0.6768433451652527
REFAMETINIB,4,KARPAS422,3.9810690879821777,2.2976142904012304,2.2614240646362305
REFAMETINIB,4,L363,2.674923896789551,2.118538202363119,2.0799930095672607
REFAMETINIB,4,LCLC97TM1,0.6638240218162537,2.502001348254728,2.468498945236206
REFAMETINIB,4,LP1,3.433098077774048,1.8859993443737446,1.8443961143493652
REFAMETINIB,4,ME1,1.6185489892959595,1.2595244849109917,1.2096827030181885
REFAMETINIB,4,MM1S,1.3858959674835205,2.347390711199869,2.3118550777435303
REFAMETINIB,4,NALM6,3.116507053375244,1.956064687284854,1.9153828620910645
REFAMETINIB,4,NCIH1435,3.2891924381256104,2.4280726926057548,2.3935980796813965
REFAMETINIB,4,NCIH1623,1.4454129934310913,2.4250052453536344,2.3904902935028076
REFAMETINIB,4,NCIH1648,1.8254565000534058,2.3341233841091675,2.2984132766723633
REFAMETINIB,4,NCIH2009,0.5722770094871521,2.699873698802687,2.668973445892334
REFAMETINIB,4,NCIH2066,4.263538837432861,2.9062228874723086,2.8780362606048584
REFAMETINIB,4,NCIH2087,1.3364784717559814,1.071921552418952,1.0196126699447632
REFAMETINIB,4,NCIH211,2.528630018234253,2.8176912061823436,2.7883403301239014
REFAMETINIB,4,NCIH23,1.7935645580291748,3.2854167868700195,3.262216806411743
REFAMETINIB,4,NCIH2342,3.5333609580993652,2.158492908857059,2.1204731464385986
REFAMETINIB,4,NCIH292,-0.34092050790786743,1.9040775159522652,1.862712025642395
REFAMETINIB,4,NCIH522,3.9251060485839844,2.9938970484103966,2.9668633937835693
REFAMETINIB,4,NCIH69,3.507519006729126,2.863784807687105,2.8350400924682617
REFAMETINIB,4,NCIH727,0.1750664860010147,2.3062130263116623,2.2701358795166016
REFAMETINIB,4,NCIH838,2.233041524887085,2.0954679868810424,2.05661940574646
REFAMETINIB,4,OCIAML2,-4.434335231781006,1.6732598170884763,1.6288589239120483
REFAMETINIB,4,PF382,3.3131260871887207,2.7059130517968115,2.6750922203063965
REFAMETINIB,4,REH,3.330821990966797,2.4118393428709624,2.3771512508392334
REFAMETINIB,4,SHP77,3.7882239818573,0.8153334726237085,0.7596502900123596
REFAMETINIB,4,SUDHL4,2.77236008644104,2.087866789052831,2.0489182472229004
REFAMETINIB,4,SUPM2,3.1186559200286865,0.5219686769964408,0.46242755651474
REFAMETINIB,4,SW1573,2.6510300636291504,1.3420431694854849,1.2932865619659424
REFAMETINIB,5,CALU3,1.5286500453948975,1.6562645555532067,1.4793604612350464
REFAMETINIB,5,CORL23,1.308251976966858,1.7210637690871928,1.552979826927185
REFAMETINIB,5,CORL88,4.3934807777404785,3.8360547015128557,3.95585298538208
REFAMETINIB,5,DB,4.098886013031006,3.443802911036643,3.510209798812866
REFAMETINIB,5,EHEB,3.645310401916504,2.8673225969712184,2.85526180267334
REFAMETINIB,5,EPLC272H,0.5135650038719177,1.0803999013795678,0.8251119256019592
REFAMETINIB,5,HCC366,2.9862589836120605,2.378362205710758,2.299746513366699
REFAMETINIB,5,HDLM2,3.9522769451141357,2.3067628752160836,2.2184014320373535
REFAMETINIB,5,JM1,3.564650058746338,2.4093257798780106,2.3349246978759766
REFAMETINIB,5,KCL22,0.7016100287437439,1.9767172342933375,1.8434315919876099
REFAMETINIB,5,KNS62,0.9643840193748474,1.3480053528019145,1.1291425228118896
REFAMETINIB,5,LOUNH91,2.1998839378356934,1.9877182135339622,1.855929970741272
REFAMETINIB,5,MHHCALL2,2.0201644897460938,1.8361872897398939,1.683773398399353
REFAMETINIB,5,MOLM13,0.5264700055122375,2.141289235372511,2.0304043292999268
REFAMETINIB,5,MOLP8,0.9765470027923584,2.874752906230171,2.863703489303589
REFAMETINIB,5,MOLT13,0.1854570060968399,2.1725140780750074,2.0658793449401855
REFAMETINIB,5,NB4,-2.824605941772461,2.5809510870646775,2.5299108028411865
REFAMETINIB,5,NCIH1436,4.2580060958862305,3.8660630191560665,3.989945888519287
REFAMETINIB,5,NCIH1792,0.18413099646568298,2.375235377457633,2.296194076538086
REFAMETINIB,5,NCIH1836,4.458174228668213,3.0231939361182656,3.0323495864868164
REFAMETINIB,5,NCIH2029,3.9930338859558105,2.8656169016664266,2.8533239364624023
REFAMETINIB,5,NCIH2081,4.339649200439453,2.9313107238475986,2.927959680557251
REFAMETINIB,5,NCIH2171,3.888317108154297,3.142267333373672,3.167630672454834
REFAMETINIB,5,NCIH2227,1.835508942604065,2.969391504740001,2.971223831176758
REFAMETINIB,5,NCIH358,1.5593459606170654,0.9258495947059047,0.649524986743927
REFAMETINIB,5,NCIH524,2.9841670989990234,0.6429877921228123,0.32816141843795776
REFAMETINIB,5,NCIH650,2.2444651126861572,1.6036704649186664,1.4196075201034546
REFAMETINIB,5,NCIH661,3.6976680755615234,2.7657239725658758,2.7398340702056885
REFAMETINIB,5,NUDUL1,2.673485040664673,2.8096708091736873,2.7897627353668213
REFAMETINIB,5,OCIAML3,-2.6772170066833496,2.033704098915028,1.9081752300262451
REFAMETINIB,5,OCIM1,1.332298994064331,1.7755322778396467,1.614862322807312
REFAMETINIB,5,RCHACV,2.9266469478607178,1.737863755611893,1.5720665454864502
REFAMETINIB,5,RPMI8402,3.102200984954834,2.615176635618948,2.5687949657440186
REFAMETINIB,5,SKLU1,0.9142493605613708,1.2926433896006229,1.0662449598312378
REFAMETINIB,5,SKMES1,0.527970016002655,2.6294349724531974,2.584994077682495
REFAMETINIB,5,ST486,3.1844539642333984,2.2396726828875093,2.142179250717163
REFAMETINIB,5,SUDHL5,2.1119120121002197,2.340316260623055,2.2565219402313232
REFAMETINIB,5,SUPT1,3.4648380279541016,2.5120924530120035,2.4516794681549072
REFAMETINIB,5,SW1271,0.7295529842376709,1.3377331973547864,1.1174721717834473
REFAMETINIB,5,THP1,2.2897469997406006,2.733199502523003,2.7028825283050537
NAVITOCLAX,1,A549,2.17195200920105,2.294219190584262,2.41914439201355
NAVITOCLAX,1,BL41,1.9493160247802734,1.7948038204629038,1.8867170810699463
NAVITOCLAX,1,BV173,-3.231868028640747,0.03786036972576097,0.013637610711157322
NAVITOCLAX,1,CORL311,-1.9186869859695435,-0.76220948523799,-0.839317798614502
NAVITOCLAX,1,DB,-0.9773774743080139,-0.5856125389759378,-0.6510475873947144
NAVITOCLAX,1,DMS114,2.7091939449310303,1.6258662946633935,1.7066125869750977
NAVITOCLAX,1,DOHH2,-1.0459840297698975,0.5838794572833771,0.5957491993904114
NAVITOCLAX,1,EBC1,-0.05490272864699364,0.9445104761069041,0.9802183508872986
NAVITOCLAX,1,GA10,3.5636725425720215,1.6287388988135667,1.7096750736236572
NAVITOCLAX,1,GRANTA519,-0.6392170190811157,-0.8987423813173031,-0.9848756790161133
NAVITOCLAX,1,HCC33,1.6086245775222778,0.1954214275709223,0.18161363899707794
NAVITOCLAX,1,HCC78,3.0594000816345215,1.728417815552615,1.8159428834915161
NAVITOCLAX,1,JVM2,1.082252025604248,-0.12181973860826184,-0.1565975397825241
NAVITOCLAX,1,KMS11,1.989248514175415,0.9665535477393739,1.0037184953689575
NAVITOCLAX,1,LAMA84,-0.04683699831366539,0.2158009270646532,0.20334024727344513
NAVITOCLAX,1,LCLC103H,2.7653872966766357,0.15906705100772933,0.1428561955690384
NAVITOCLAX,1,ME1,-2.996201992034912,-1.578514130325586,-1.7095811367034912
NAVITOCLAX,1,MOLT16,-1.7866405248641968,-0.6739845324350581,-0.7452610731124878
NAVITOCLAX,1,NCIH1048,-0.3216380476951599,-0.4362128586632161,-0.4917724132537842
NAVITOCLAX,1,NCIH1436,0.2534410059452057,-0.7209323216872,-0.7953121662139893
NAVITOCLAX,1,NCIH146,-2.9857735633850098,-0.8862579027899841,-0.9715659618377686
NAVITOCLAX,1,NCIH1568,3.742185115814209,1.4604344864705874,1.5302455425262451
NAVITOCLAX,1,NCIH1650,1.3836499452590942,2.6561413717325086,2.80499005317688
NAVITOCLAX,1,NCIH1876,-1.0367029905319214,0.13415958685869017,0.11630231887102127
NAVITOCLAX,1,NCIH2030,2.8197906017303467,1.2742171676641876,1.3317190408706665
NAVITOCLAX,1,NCIH2066,0.9605699777603149,1.3947600912454565,1.4602299928665161
NAVITOCLAX,1,NCIH2081,2.387655019760132,0.7744634922156066,0.7989310622215271
NAVITOCLAX,1,NCIH2085,1.117376446723938,1.8263387298607945,1.9203364849090576
NAVITOCLAX,1,NCIH211,-1.1578949689865112,-1.1013522173839356,-1.2008782625198364
NAVITOCLAX,1,NCIH2110,6.159334182739258,2.2967203353733265,2.4218108654022217
NAVITOCLAX,1,NCIH2122,1.1566979885101318,2.40385583474197,2.5360281467437744
NAVITOCLAX,1,NCIH23,1.9687241315841675,1.5480318048984738,1.6236331462860107
NAVITOCLAX,1,NCIH292,1.7893290519714355,0.33314354990028,0.3284393548965454
NAVITOCLAX,1,OCIAML3,1.901515007019043,0.4239693611844105,0.42526885867118835
NAVITOCLAX,1,OCIM1,-0.5007835030555725,-0.07377295323497486,-0.10537480562925339
NAVITOCLAX,1,OPM2,1.0994269847869873,0.34636155443869815,0.34253108501434326
NAVITOCLAX,1,RCHACV,0.3862999975681305,0.4152748975020911,0.4159996807575226
NAVITOCLAX,1,REH,-2.047804594039917,-0.8358137886422559,-0.9177874326705933
NAVITOCLAX,1,RPMI8226,-1.3481504917144775,1.2287293859009054,1.2832244634628296
NAVITOCLAX,1,SW1271,2.7747154235839844,1.45513174195468,1.5245922803878784
NAVITOCLAX,1,THP1,0.5032140016555786,-0.008866468052713267,-0.036177925765514374
NAVITOCLAX,2,ALLSIL,-2.6583070755004883,-0.4347594881878861,-0.48753491044044495
NAVITOCLAX,2,CORL23,1.7016379833221436,1.5593378939562936,1.5124329328536987
NAVITOCLAX,2,EHEB,-1.0371379852294922,-0.7224201893420791,-0.7760424613952637
NAVITOCLAX,2,EPLC272H,2.1409859657287598,1.0613281575224311,1.0129570960998535
NAVITOCLAX,2,GDM1,-2.6339919567108154,-0.5918844235334548,-0.6451224088668823
NAVITOCLAX,2,HARA,3.008707046508789,1.6491063197070175,1.6024656295776367
NAVITOCLAX,2,HH,0.5478410124778748,-0.2647166482975294,-0.3169914782047272
NAVITOCLAX,2,HL60,-2.1056950092315674,-2.5804437610021567,-2.639535903930664
NAVITOCLAX,2,HT,2.158629894256592,-0.9444870654649066,-0.9987630844116211
NAVITOCLAX,2,JEKO1,0.02106558158993721,0.6065676043715357,0.5568577647209167
NAVITOCLAX,2,JM1,-0.7840579748153687,2.0810370174170485,2.035667896270752
NAVITOCLAX,2,KCL22,0.704039990901947,0.4830049616435348,0.4329313635826111
NAVITOCLAX,2,KG1,-2.30017352104187,-1.968337699216503,-2.025627851486206
NAVITOCLAX,2,KNS62,2.295171022415161,1.5279105237566677,1.4809130430221558
NAVITOCLAX,2,KOPN8,-1.1647100448608398,-0.7654226799877226,-0.8191715478897095
NAVITOCLAX,2,LOUNH91,1.145208477973938,1.8403737597198253,1.794296145439148
NAVITOCLAX,2,MOLM16,0.32099398970603943,-0.4439064304176311,-0.49670878052711487
NAVITOCLAX,2,MOLP8,1.528199553489685,0.6683593259310389,0.6188313961029053
NAVITOCLAX,2,NALM6,-1.1000360250473022,-0.7248918700903969,-0.7785214185714722
NAVITOCLAX,2,NB4,0.18463249504566193,0.8041914655865033,0.7550634145736694
NAVITOCLAX,2,NCIH1092,0.14270634949207306,-0.7661375002820425,-0.8198884725570679
NAVITOCLAX,2,NCIH1435,-0.2871219515800476,0.043344338126518216,-0.008023585192859173
NAVITOCLAX,2,NCIH1781,2.858140468597412,2.1637339045228496,2.118608236312866
NAVITOCLAX,2,NCIH1793,4.378100872039795,2.4524226501450586,2.408146858215332
NAVITOCLAX,2,NCIH1836,-1.1612850427627563,0.9515788761719974,0.9028847217559814
NAVITOCLAX,2,NCIH1975,2.83661150932312,1.7822867066577466,1.736038088798523
NAVITOCLAX,2,NCIH2227,0.46091151237487793,0.8432110973624483,0.7941979169845581
NAVITOCLAX,2,NCIH2291,2.22506046295166,1.9214332400456873,1.8755942583084106
NAVITOCLAX,2,NCIH2342,1.1329704523086548,1.0596309644757742,1.011254906654358
NAVITOCLAX,2,NCIH2347,2.242053508758545,1.0472350011709985,0.9988224506378174
NAVITOCLAX,2,NCIH358,3.3064358234405518,2.0438135885489457,1.9983348846435547
NAVITOCLAX,2,NCIH441,3.1656603813171387,2.0582837668447724,2.012847661972046
NAVITOCLAX,2,NCIH841,2.108186960220337,1.620438151089091,1.5737130641937256
NAVITOCLAX,2,OCIAML2,-2.64837908744812,0.478047307306794,0.4279591143131256
NAVITOCLAX,2,RERFLCKJ,2.367464542388916,2.084143526098849,2.038783550262451
NAVITOCLAX,2,RL,-0.2243890017271042,0.8045885747656392,0.7554616928100586
NAVITOCLAX,2,RS411,-3.1500325202941895,-1.122126921306669,-1.1769258975982666
NAVITOCLAX,2,SIGM5,0.356891006231308,1.1492428524267608,1.1011306047439575
NAVITOCLAX,2,SUDHL10,1.8802729845046997,0.9951350137965139,0.9465690851211548
NAVITOCLAX,2,SUDHL5,2.789731025695801,-0.2973629214100672,-0.3497338593006134
NAVITOCLAX,2,SW1573,3.0785107612609863,1.8322355770241496,1.7861340045928955
NAVITOCLAX,3,697,-1.781980037689209,-0.7137722622563337,-0.6839934587478638
NAVITOCLAX,3,A3KAW,2.226543426513672,1.761700860416516,1.7432029247283936
NAVITOCLAX,3,AMO1,3.3735454082489014,0.5221645451198007,0.5278400778770447
NAVITOCLAX,3,CALU6,0.6898720264434814,2.1807399470236026,2.1540699005126953
NAVITOCLAX,3,CHAGOK1,2.5408945083618164,2.224502794960272,2.196979284286499
NAVITOCLAX,3,COLO668,0.3629831373691559,0.568950427734957,0.5737135410308838
NAVITOCLAX,3,DMS273,2.5496275424957275,0.26178389775568567,0.27253738045692444
NAVITOCLAX,3,DMS53,-2.0697379112243652,0.12119684298230879,0.13469205796718597
NAVITOCLAX,3,EJM,1.125150442123413,0.35542073886975456,0.3643481135368347
NAVITOCLAX,3,HCC366,0.35435086488723755,2.1359857328914185,2.1101884841918945
NAVITOCLAX,3,HDLM2,-2.5409159660339355,0.45246283289595635,0.45949769020080566
NAVITOCLAX,3,HEL,-0.11579199880361557,0.12764917308766513,0.1410185545682907
NAVITOCLAX,3,JURKAT,0.5564329028129578,0.1966219503071914,0.20864622294902802
NAVITOCLAX,3,JURLMK1,0.0752328634262085,1.26389946817481,1.2551096677780151
NAVITOCLAX,3,K562,2.3642280101776123,0.5727282332427002,0.5774176716804504
NAVITOCLAX,3,KARPAS422,0.30656200647354126,0.4711913439740851,0.4778609573841095
NAVITOCLAX,3,KU812,0.4398669898509979,-0.7702042692606312,-0.7393249273300171
NAVITOCLAX,3,L363,2.4101738929748535,1.6981390167917154,1.6808806657791138
NAVITOCLAX,3,LP1,1.408262014389038,0.18331947918260513,0.1956031769514084
NAVITOCLAX,3,MEG01,0.007258316036313772,-0.6944933873168428,-0.6650905609130859
NAVITOCLAX,3,MOLM13,-0.3415369987487793,-0.6553130244519362,-0.6266742944717407
NAVITOCLAX,3,NCIH1341,-1.6103049516677856,0.5192903247929586,0.5250219106674194
NAVITOCLAX,3,NCIH1651,2.898348093032837,1.6493088213369114,1.633002758026123
NAVITOCLAX,3,NCIH1915,2.113208532333374,1.3053767270619963,1.2957780361175537
NAVITOCLAX,3,NCIH2196,-1.7002760171890259,-0.5752859184086903,-0.5482078790664673
NAVITOCLAX,3,NCIH2444,1.8396861553192139,1.7485557142682597,1.7303141355514526
NAVITOCLAX,3,NCIH650,4.106070041656494,1.2178055601367657,1.2099146842956543
NAVITOCLAX,3,NCIH727,3.9912824630737305,1.6509502776780502,1.6346122026443481
NAVITOCLAX,3,NCIH838,2.5018534660339355,1.2920575994290968,1.2827186584472656
NAVITOCLAX,3,OCIAML5,-1.2245509624481201,0.19969437700394257,0.21165873110294342
NAVITOCLAX,3,OCILY19,-2.3240950107574463,0.3563316188718147,0.36524122953414917
NAVITOCLAX,3,P12ICHIKAWA,-1.7882939577102661,-1.1635268012553652,-1.1249768733978271
NAVITOCLAX,3,PL21,1.610079050064087,-0.5963105656318946,-0.5688225030899048
NAVITOCLAX,3,RAJI,3.6066393852233887,-0.3043809109780607,-0.28258606791496277
NAVITOCLAX,3,RERFLCMS,2.3493669033050537,2.2659215736978338,2.2375903129577637
NAVITOCLAX,3,SKM1,0.04906483739614487,-0.7418542842098613,-0.7115278244018555
NAVITOCLAX,3,SKMES1,3.307007074356079,1.2787109946364983,1.269632339477539
NAVITOCLAX,3,SUDHL1,3.598475933074951,1.909936124841467,1.8885473012924194
NAVITOCLAX,3,SUDHL4,0.45387399196624756,-0.17419277574235087,-0.15493686497211456
NAVITOCLAX,3,SUDHL8,-0.888338029384613,0.5377403864684287,0.5431121587753296
NAVITOCLAX,3,WSUDLCL2,-0.185916006565094,0.006373438110699823,0.022107942029833794
NAVITOCLAX,4,ABC1,2.4376180171966553,2.3023336048064076,2.1676084995269775
NAVITOCLAX,4,BEN,-0.4416349232196808,1.424773162898425,1.3456907272338867
NAVITOCLAX,4,CALU3,0.33936598896980286,2.435465510032055,2.2922990322113037
NAVITOCLAX,4,CMLT1,-1.3352710008621216,-1.2699485623472706,-1.1781692504882812
NAVITOCLAX,4,CORL279,-1.117779016494751,-0.023251022126441187,-0.010519917123019695
NAVITOCLAX,4,CORL88,-0.8531579971313477,-0.7370700316159011,-0.6790784597396851
NAVITOCLAX,4,DND41,-1.9551249742507935,-1.9935699408251772,-1.8559086322784424
NAVITOCLAX,4,EM2,-1.7942994832992554,-0.9859723969148994,-0.9121989011764526
NAVITOCLAX,4,HCC15,-0.5703726410865784,2.830671181616349,2.6624462604522705
NAVITOCLAX,4,HCC44,2.153434991836548,1.1533822760151722,1.0915076732635498
NAVITOCLAX,4,HCC827,2.110140562057495,2.73927247193633,2.576842784881592
NAVITOCLAX,4,JVM3,-0.3088879883289337,-0.12139624711474409,-0.10244213789701462
NAVITOCLAX,4,KMS12BM,-1.0749508142471313,-0.4273104578609281,-0.38895952701568604
NAVITOCLAX,4,LXF289,2.762836456298828,1.7819484567603991,1.6802189350128174
NAVITOCLAX,4,MHHCALL2,2.171461582183838,-0.043478040955426865,-0.029464419931173325
NAVITOCLAX,4,MM1S,-0.6992924809455872,0.9101638989928278,0.8637108206748962
NAVITOCLAX,4,MOLT13,-2.0882749557495117,-1.0826779018075208,-1.0027726888656616
NAVITOCLAX,4,MONOMAC6,1.1652050018310547,-1.7303407303513103,-1.6093697547912598
NAVITOCLAX,4,NCIH1105,-2.5925049781799316,-0.4848307773139576,-0.44283270835876465
NAVITOCLAX,4,NCIH1437,3.3150064945220947,3.3841597144677142,3.180840253829956
NAVITOCLAX,4,NCIH1648,1.0271024703979492,2.5093138916486746,2.3614649772644043
NAVITOCLAX,4,NCIH1963,-3.078207015991211,0.34304518580077065,0.33255088329315186
NAVITOCLAX,4,NCIH2023,2.5769379138946533,2.1248037785453477,2.0013351440429688
NAVITOCLAX,4,NCIH2087,1.8118809461593628,3.3437955381888087,3.143035411834717
NAVITOCLAX,4,NCIH2172,3.2399868965148926,2.4391550907780357,2.2957546710968018
NAVITOCLAX,4,NCIH2405,2.3944449424743652,1.5208880904948774,1.43571138381958
NAVITOCLAX,4,NCIH460,3.342432975769043,2.644011844945888,2.4876222610473633
NAVITOCLAX,4,NCIH522,3.006845474243164,0.728320440157529,0.6933973431587219
NAVITOCLAX,4,NCIH596,1.3360910415649414,2.333012313428139,2.1963419914245605
NAVITOCLAX,4,NCIH647,2.5474627017974854,1.3109941192853893,1.2391259670257568
NAVITOCLAX,4,NCIH661,1.584867238998413,0.48493239944212563,0.46544158458709717
NAVITOCLAX,4,NCIH69,-1.115887999534607,-0.5872223705964628,-0.5387320518493652
NAVITOCLAX,4,NCIH810,2.5286624431610107,2.1832475114215897,2.0560731887817383
NAVITOCLAX,4,NCIH929,2.254686117172241,1.2770057594929065,1.2072926759719849
NAVITOCLAX,4,NOMO1,0.949921190738678,-0.6397959687961272,-0.5879721641540527
NAVITOCLAX,4,P31FUJ,0.4067144989967346,-0.8395323923502749,-0.7750440835952759
NAVITOCLAX,4,RPMI8402,-0.8122159838676453,0.45864655493921613,0.44082242250442505
NAVITOCLAX,4,SKLU1,1.3233890533447266,1.438246471144822,1.3583097457885742
NAVITOCLAX,4,SKMM2,-2.7632415294647217,-0.1029931458004112,-0.08520590513944626
NAVITOCLAX,4,SUPT1,0.46744048595428467,-0.8580991752169511,-0.7924336194992065
NAVITOCLAX,5,A4FUK,2.7260875701904297,0.5702240331833088,0.6347074508666992
NAVITOCLAX,5,CA46,3.2268614768981934,1.5542226722215275,1.5959489345550537
NAVITOCLAX,5,CAL12T,2.5819740295410156,1.5772268378489525,1.6184210777282715
NAVITOCLAX,5,CMK,-0.6631159782409668,0.6192015748565108,0.6825522780418396
NAVITOCLAX,5,CORL105,1.5234639644622803,0.8567398116874444,0.9145969152450562
NAVITOCLAX,5,CORL95,-1.5506930351257324,-1.1579081716710173,-1.0534578561782837
NAVITOCLAX,5,DAUDI,1.959581971168518,-1.6179795251285785,-1.5028890371322632
NAVITOCLAX,5,DMS79,-1.3107019662857056,0.15537184826460404,0.22944964468479156
NAVITOCLAX,5,IALM,1.6249505281448364,1.4054564622958963,1.4506232738494873
NAVITOCLAX,5,KMH2,2.6510629653930664,1.7139755037354178,1.7520071268081665
NAVITOCLAX,5,L1236,-2.3862979412078857,1.0648932807686347,1.117936372756958
NAVITOCLAX,5,L428,-0.4366615116596222,1.2113629791408074,1.2610186338424683
NAVITOCLAX,5,L540,0.6349520087242126,1.2565846950880633,1.3051944971084595
NAVITOCLAX,5,LCLC97TM1,3.877685546875,2.470339314565115,2.4908783435821533
NAVITOCLAX,5,LOUCY,-3.7334394454956055,-1.6553516842893594,-1.53939688205719
NAVITOCLAX,5,LU65,3.966174602508545,1.9982166143317759,2.029674530029297
NAVITOCLAX,5,NAMALWA,2.4797544479370117,0.2482286521661794,0.3201589286327362
NAVITOCLAX,5,NCIH1155,-0.455051988363266,0.0880683420858964,0.16370268166065216
NAVITOCLAX,5,NCIH1623,2.378549098968506,3.3442667247333495,3.3445942401885986
NAVITOCLAX,5,NCIH1792,1.640181064605713,1.8071906380006038,1.8430664539337158
NAVITOCLAX,5,NCIH1944,1.6497119665145874,1.9860188297078576,2.017758846282959
NAVITOCLAX,5,NCIH196,2.0641849040985107,2.285275799284052,2.3100948333740234
NAVITOCLAX,5,NCIH2009,2.9240028858184814,2.942219660159782,2.951845407485962
NAVITOCLAX,5,NCIH2029,1.6254860162734985,0.06931300960648967,0.1453811079263687
NAVITOCLAX,5,NCIH209,-1.877692461013794,0.019049804642386745,0.09628035128116608
NAVITOCLAX,5,NCIH2170,-0.038617439568042755,1.1381981150429779,1.1895458698272705
NAVITOCLAX,5,NCIH2171,-0.9022607207298279,0.680860207068264,0.7427849173545837
NAVITOCLAX,5,NCIH2228,1.9877970218658447,2.2524322305770066,2.278010845184326
NAVITOCLAX,5,NCIH446,1.6401604413986206,0.3291407190962111,0.3991997241973877
NAVITOCLAX,5,NCIH524,-0.8798530101776123,0.3601342896550849,0.4294764995574951
NAVITOCLAX,5,NCIH526,-0.9932649731636047,0.5641469235012605,0.6287708878517151
NAVITOCLAX,5,NCIH82,1.641337513923645,0.5161818165006378,0.5819150805473328
NAVITOCLAX,5,NUDUL1,0.3401404917240143,0.7561597688973573,0.8163430094718933
NAVITOCLAX,5,PF382,-0.1580670028924942,-1.0771825994421693,-0.9745992422103882
NAVITOCLAX,5,SBC5,2.5430195331573486,1.1651345029875873,1.215859293937683
NAVITOCLAX,5,SHP77,1.3253437280654907,1.5098545668973888,1.5526069402694702
NAVITOCLAX,5,ST486,-0.38733649253845215,2.2287922806255733,2.254917621612549
NAVITOCLAX,5,SUDHL6,-1.115159511566162,-0.09053348206781177,-0.010768578387796879
NAVITOCLAX,5,SUPB15,-3.7644619941711426,-0.0980226196539234,-0.018084513023495674
NAVITOCLAX,5,SUPM2,1.1739239692687988,1.3456170762842046,1.3921678066253662
SN-38,1,A3KAW,-6.780488967895508,-4.8579031841666005,-4.984025955200195
SN-38,1,A549,-3.1669609546661377,-4.124440090635976,-4.149623870849609
SN-38,1,BEN,-0.7349788546562195,-2.7844498951933625,-2.6252245903015137
SN-38,1,BV173,-7.076459884643555,-5.265072553641036,-5.447229862213135
SN-38,1,CORL311,-5.988671779632568,-3.909502217343181,-3.90510630607605
SN-38,1,DMS53,-4.684045791625977,-3.9620491717356954,-3.9648847579956055
SN-38,1,DMS79,-3.6929030418395996,-4.087311483892528,-4.107385635375977
SN-38,1,EPLC272H,-2.9718050956726074,-3.3624686988546304,-3.282790184020996
SN-38,1,HCC33,0.9293839931488037,-4.173549358550657,-4.205491542816162
SN-38,1,HCC78,-5.808980941772461,-4.5739460476484775,-4.6609907150268555
SN-38,1,HDLM2,-3.711219072341919,-4.571124307068246,-4.657780647277832
SN-38,1,IALM,-2.512993097305298,-3.9294547567222913,-3.927804708480835
SN-38,1,KG1,-6.4982500076293945,-5.001277952347343,-5.14713191986084
SN-38,1,LAMA84,-3.038710117340088,-5.362547930520793,-5.558119773864746
SN-38,1,MM1S,-5.170550346374512,-4.329041851059161,-4.382382869720459
SN-38,1,NALM6,-5.327868938446045,-5.857020662555162,-6.120641708374023
SN-38,1,NAMALWA,-6.172102928161621,-4.889147296553859,-5.0195698738098145
SN-38,1,NCIH1048,-6.495160102844238,-4.9880809080561095,-5.1321187019348145
SN-38,1,NCIH1092,-2.4315450191497803,-4.175159745851497,-4.2073235511779785
SN-38,1,NCIH1341,-5.355515956878662,-4.033169022144303,-4.045792102813721
SN-38,1,NCIH1623,-5.716139793395996,-2.906206618024176,-2.763737440109253
SN-38,1,NCIH1793,-0.13006800413131714,-2.5876951052696593,-2.4013924598693848
SN-38,1,NCIH1915,-2.975454568862915,-4.206958817319002,-4.243498802185059
SN-38,1,NCIH2081,-4.76945686340332,-3.9319638088781534,-3.930659055709839
SN-38,1,NCIH2170,-4.202756881713867,-2.889257731793898,-2.7444560527801514
SN-38,1,NCIH2171,-3.964747905731201,-2.878991198386011,-2.732776641845703
SN-38,1,NCIH2196,-1.9711270332336426,-4.29186965236379,-4.340095043182373
SN-38,1,NCIH2347,-1.277787685394287,-3.224539152283779,-3.1258788108825684
SN-38,1,NCIH2405,-3.4950668811798096,-3.235531030622458,-3.138383388519287
SN-38,1,NCIH292,-4.9809675216674805,-4.620218485461108,-4.7136311531066895
SN-38,1,NCIH460,-4.606598377227783,-3.967112335036186,-3.97064471244812
SN-38,1,NCIH522,-2.522813081741333,-3.9222386120655384,-3.91959547996521
SN-38,1,NCIH524,-3.7603940963745117,-4.047101261470848,-4.061641693115234
SN-38,1,NCIH727,-1.0441080331802368,-2.9761281089082914,-2.8432815074920654
SN-38,1,NOMO1,-5.648194789886475,-6.027484056475448,-6.314564228057861
SN-38,1,OCIM1,-4.719607830047607,-4.8000575022718595,-4.918219566345215
SN-38,1,P12ICHIKAWA,-6.4405388832092285,-4.742279304071921,-4.852489948272705
SN-38,1,SKLU1,-5.01230001449585,-3.290091178717713,-3.2004520893096924
SN-38,1,SUDHL6,-5.507805824279785,-5.076261977801873,-5.23243522644043
SN-38,1,SUPT1,-7.776179313659668,-5.254589527510379,-5.435304164886475
SN-38,1,WSUDLCL2,-5.012693881988525,-5.190214693355052,-5.362070083618164
SN-38,2,ABC1,-4.793377876281738,-3.4955455119531322,-3.36431622505188
SN-38,2,CORL279,-6.386270046234131,-2.731420598576504,-2.502051591873169
SN-38,2,DND41,-6.231439113616943,-5.175290719523648,-5.259798049926758
SN-38,2,EBC1,-6.3149261474609375,-3.093107799459258,-2.910191774368286
SN-38,2,EJM,-3.564965009689331,-3.9441506012157745,-3.870537519454956
SN-38,2,EM2,-5.914794921875,-4.898356604758311,-4.947296142578125
SN-38,2,HCC366,-1.935238003730774,-3.5442438438558215,-3.41926908493042
SN-38,2,HL60,-4.950310230255127,-5.119736053615544,-5.197108268737793
SN-38,2,HT,-3.459357976913452,-4.900020244521604,-4.949173450469971
SN-38,2,JEKO1,-5.893331050872803,-4.620004783260473,-4.633194446563721
SN-38,2,JVM2,-8.157926559448242,-5.316080196042478,-5.418669700622559
SN-38,2,KMS11,-3.1557838916778564,-3.5502677241315723,-3.4260666370391846
SN-38,2,KMS12BM,-4.31851863861084,-3.8794262673210125,-3.7975003719329834
SN-38,2,KU812,-4.163053035736084,-4.707586521797369,-4.732024669647217
SN-38,2,L363,-2.5082879066467285,-4.76843888943583,-4.800692558288574
SN-38,2,LCLC97TM1,-5.034012794494629,-3.8341914922686753,-3.7464559078216553
SN-38,2,LOUNH91,-4.273408889770508,-4.178810222453224,-4.135335445404053
SN-38,2,MOLT16,-7.18423318862915,-5.601293633612542,-5.740514278411865
SN-38,2,NCIH1105,-6.518280029296875,-2.6086564919796498,-2.363520383834839
SN-38,2,NCIH1155,-5.9251298904418945,-5.197774998966141,-5.285170078277588
SN-38,2,NCIH1435,-1.968479037284851,-3.655600165116187,-3.5449273586273193
SN-38,2,NCIH1437,-2.58427357673645,-2.356951007289953,-2.0794873237609863
SN-38,2,NCIH1651,-4.370110511779785,-2.5643264293309733,-2.3134968280792236
SN-38,2,NCIH1836,-0.7497400045394897,-3.072168207635441,-2.8865628242492676
SN-38,2,NCIH1944,-4.27908992767334,-4.975547038896131,-5.034400463104248
SN-38,2,NCIH2023,-2.821413040161133,-4.067744837432896,-4.010005474090576
SN-38,2,NCIH2030,-2.308422565460205,-3.33594258114389,-3.1842148303985596
SN-38,2,NCIH2085,-2.1462719440460205,-3.7376084780351087,-3.6374683380126953
SN-38,2,NCIH209,-7.351658821105957,-3.9925710964041214,-3.9251768589019775
SN-38,2,NCIH2110,-3.9479219913482666,-3.3086936661537694,-3.15346622467041
SN-38,2,NCIH2172,0.15724213421344757,-2.6178331322945,-2.373875617980957
SN-38,2,NCIH358,-2.352015495300293,-3.37944758495644,-3.233307361602783
SN-38,2,NCIH441,-2.93210506439209,-3.5768489858765817,-3.456061840057373
SN-38,2,NCIH596,-0.10654798895120621,-2.6964890230488066,-2.4626336097717285
SN-38,2,NCIH647,-4.441120147705078,-3.801634522697246,-3.7097175121307373
SN-38,2,NCIH661,-4.034582138061523,-3.8432692522927936,-3.756699562072754
SN-38,2,P31FUJ,-4.337360858917236,-5.414848084392405,-5.530122756958008
SN-38,2,RPMI8402,-6.534286975860596,-4.553822598925436,-4.558512210845947
SN-38,2,SKM1,-5.674411773681641,-4.965478151855299,-5.023038387298584
SN-38,2,SKMES1,-3.667543888092041,-4.402682806846,-4.387960910797119
SN-38,2,SUDHL10,-3.7853739261627197,-4.890595769631908,-4.938538551330566
SN-38,3,697,-6.071026802062988,-4.932003692206812,-5.019169330596924
SN-38,3,A4FUK,-5.063316822052002,-4.898438111995022,-4.981378078460693
SN-38,3,ALLSIL,-6.834723949432373,-5.282812583057117,-5.414142608642578
SN-38,3,BL41,-6.361566066741943,-4.499387011151976,-4.5320892333984375
SN-38,3,CALU3,-4.208014965057373,-3.773332602749367,-3.714629650115967
SN-38,3,COLO668,-4.625886917114258,-3.723679438981731,-3.6587255001068115
SN-38,3,CORL88,-3.103142023086548,-3.8548168243859795,-3.8063721656799316
SN-38,3,DMS114,-3.8699951171875,-3.9317028995017926,-3.892937660217285
SN-38,3,DOHH2,-6.257994174957275,-4.841882646217371,-4.917702674865723
SN-38,3,HCC15,-3.4396491050720215,-3.215765938113587,-3.086869239807129
SN-38,3,HCC44,-4.236376762390137,-3.7201199729750947,-3.6547179222106934
SN-38,3,HH,-3.960513114929199,-5.265459736285753,-5.3946051597595215
SN-38,3,K562,-3.7349419593811035,-4.328305636612985,-4.339469909667969
SN-38,3,KOPN8,-6.301623821258545,-5.945517856312993,-6.160277843475342
SN-38,3,L1236,-4.713565826416016,-4.514644709094161,-4.549267768859863
SN-38,3,LCLC103H,-2.3948800563812256,-4.287379295000117,-4.293391227722168
SN-38,3,LOUCY,-4.863663196563721,-5.831810186390943,-6.032255172729492
SN-38,3,LU65,-2.149200916290283,-4.387029096499502,-4.405586242675781
SN-38,3,ME1,-2.1990010738372803,-5.026378563714803,-5.125425338745117
SN-38,3,MHHCALL2,-5.860063076019287,-5.2668823368350175,-5.396206855773926
SN-38,3,NCIH1568,-2.8678109645843506,-3.4324044117544767,-3.3307809829711914
SN-38,3,NCIH1648,-2.9121949672698975,-3.071016438105697,-2.9238967895507812
SN-38,3,NCIH1650,-1.1830854415893555,-3.5762742626582225,-3.492763042449951
SN-38,3,NCIH1975,-1.9592524766921997,-3.5475054594101025,-3.4603724479675293
SN-38,3,NCIH2009,-4.993350028991699,-3.5644978914546357,-3.479504108428955
SN-38,3,NCIH2066,0.4920879900455475,-3.86800245528819,-3.8212177753448486
SN-38,3,NCIH2291,-0.03152000159025192,-2.788639758255733,-2.605970859527588
SN-38,3,OCIAML2,-6.462464809417725,-4.630373412008497,-4.679565906524658
SN-38,3,OCIAML5,-5.332466125488281,-5.062866849014559,-5.166507244110107
SN-38,3,OPM2,-1.870100975036621,-4.915912085219821,-5.001051902770996
SN-38,3,PL21,-4.082837104797363,-5.368332941411351,-5.510429382324219
SN-38,3,RCHACV,-5.7396039962768555,-5.081668978036468,-5.187676429748535
SN-38,3,RL,-3.7071170806884766,-4.717217690969162,-4.777343273162842
SN-38,3,RS411,-5.699379920959473,-5.7505135837014345,-5.940723896026611
SN-38,3,SBC5,-4.829714775085449,-3.9896570370013675,-3.9581878185272217
SN-38,3,SIGM5,-3.498589038848877,-4.2660017465259665,-4.269322395324707
SN-38,3,SKMM2,-2.519892930984497,-4.123212292764578,-4.108556747436523
SN-38,3,SUDHL5,-7.601734161376953,-4.907517090254796,-4.991600036621094
SN-38,3,SUDHL8,-3.6333510875701904,-4.626953495534752,-4.675715446472168
SN-38,3,SUPB15,-6.864811420440674,-5.599336758318243,-5.770514965057373
SN-38,3,SW1271,-2.554995059967041,-3.8927084401174072,-3.849034070968628
SN-38,4,CA46,-3.0820770263671875,-5.059619595120212,-5.498403072357178
SN-38,4,CAL12T,-0.5200614929199219,-2.6547822508631858,-2.350548267364502
SN-38,4,CALU6,-3.807451009750366,-3.5281553530493293,-3.4937655925750732
SN-38,4,CHAGOK1,-2.0714468955993652,-2.734426939759085,-2.454800605773926
SN-38,4,CMK,-6.839783668518066,-3.868484099692001,-3.9392449855804443
SN-38,4,CMLT1,-7.816985130310059,-5.609988062977369,-6.218817710876465
SN-38,4,CORL105,-0.4011540114879608,-3.5127779789565885,-3.473637104034424
SN-38,4,CORL95,-2.0198960304260254,-3.5835000569590196,-3.5662100315093994
SN-38,4,EHEB,-1.5297105312347412,-5.876466435496285,-6.567629337310791
SN-38,4,GDM1,-4.581751823425293,-5.391659768645155,-5.933032989501953
SN-38,4,HEL,-4.984799861907959,-4.096134261109704,-4.237231731414795
SN-38,4,JM1,-6.901670932769775,-3.8533278465012275,-3.919405937194824
SN-38,4,JURKAT,-5.724452018737793,-4.528236196335421,-4.802839279174805
SN-38,4,KARPAS422,-3.7804439067840576,-3.7141147530401857,-3.737180471420288
SN-38,4,KMH2,-3.217463970184326,-4.0116125266857345,-4.126595497131348
SN-38,4,L428,-2.149665117263794,-2.845066622696886,-2.5996243953704834
SN-38,4,L540,-6.1746392250061035,-3.6059733355812833,-3.5956268310546875
SN-38,4,MEG01,-4.476912021636963,-3.952241018080252,-4.048880100250244
SN-38,4,NB4,-6.093206882476807,-4.299244191684776,-4.503096103668213
SN-38,4,NCIH146,-2.7319231033325195,-4.158625140857766,-4.319030284881592
SN-38,4,NCIH1781,-4.9251251220703125,-2.3540216689166553,-1.9568623304367065
SN-38,4,NCIH1792,-2.9302210807800293,-2.8754270325357782,-2.6393651962280273
SN-38,4,NCIH1876,-8.044732093811035,-3.86628217993592,-3.9363627433776855
SN-38,4,NCIH1963,-3.546626567840576,-3.3499044025577787,-3.2604408264160156
SN-38,4,NCIH2087,-5.301942825317383,-2.793923033782151,-2.5326790809631348
SN-38,4,NCIH2122,-4.531558990478516,-3.3666044949290086,-3.2823007106781006
SN-38,4,NCIH2227,-4.8477911949157715,-3.620066605589288,-3.614074468612671
SN-38,4,NCIH2342,-2.4518918991088867,-3.3344683786047136,-3.2402355670928955
SN-38,4,NCIH526,-6.520318031311035,-3.9351677158835434,-4.02653169631958
SN-38,4,NCIH650,-3.403421401977539,-2.78509768694276,-2.5211269855499268
SN-38,4,NCIH810,-4.326369762420654,-2.9806497998026518,-2.7770984172821045
SN-38,4,NCIH838,-2.8119986057281494,-3.240323513527008,-3.1170029640197754
SN-38,4,NCIH841,-2.725865602493286,-4.096517488768467,-4.237733364105225
SN-38,4,NCIH929,-4.836305141448975,-3.747632237503294,-3.7810537815093994
SN-38,4,PF382,-5.527194976806641,-5.310383447920735,-5.8266448974609375
SN-38,4,RAJI,-5.714733123779297,-5.6976375470953915,-6.333548069000244
SN-38,4,RERFLCMS,-3.9266209602355957,-4.057509138810543,-4.186672687530518
SN-38,4,ST486,-4.422721862792969,-4.307093801562191,-4.513370990753174
SN-38,4,SUDHL4,-2.8472180366516113,-5.193399562234646,-5.673516750335693
SN-38,4,THP1,-4.313282012939453,-4.621208610633915,-4.924537181854248
SN-38,5,AMO1,-3.3313310146331787,-4.375627600233367,-4.4126129150390625
SN-38,5,CORL23,-3.5729284286499023,-2.244826562177461,-1.8914159536361694
SN-38,5,DAUDI,-4.528103828430176,-5.089619384032914,-5.257419109344482
SN-38,5,DB,-6.328969955444336,-4.221174210286133,-4.229861259460449
SN-38,5,DMS273,-4.378851890563965,-3.7429705029703726,-3.6640431880950928
SN-38,5,GA10,-4.330904006958008,-5.019506867217975,-5.1744608879089355
SN-38,5,GRANTA519,-5.968767166137695,-4.593068850808646,-4.66989278793335
SN-38,5,HARA,-4.2667012214660645,-3.575650094371902,-3.46606707572937
SN-38,5,HCC827,-2.0500850677490234,-3.348629911000293,-3.197453260421753
SN-38,5,JURLMK1,-5.136891841888428,-3.9846718143786637,-3.9500279426574707
SN-38,5,JVM3,-7.215719223022461,-4.7312434149165545,-4.833383083343506
SN-38,5,KCL22,-3.59238600730896,-4.04341970058834,-4.0195393562316895
SN-38,5,KNS62,-3.2710158824920654,-2.2308015199076356,-1.8748213052749634
SN-38,5,LP1,-1.3928649425506592,-4.57932087178496,-4.653625965118408
SN-38,5,LXF289,-3.7141144275665283,-3.828827063184455,-3.765630006790161
SN-38,5,MOLM13,-6.537460803985596,-4.487788444285611,-4.545323371887207
SN-38,5,MOLM16,-4.981479167938232,-3.3659883767471195,-3.217992067337036
SN-38,5,MOLP8,-4.990202903747559,-5.797819639235715,-6.095372676849365
SN-38,5,MOLT13,-6.510457992553711,-5.362045699684488,-5.579758167266846
SN-38,5,MONOMAC6,-5.372129917144775,-4.470961133969201,-4.5254130363464355
SN-38,5,NCIH1436,-0.7870650291442871,-5.3974062239113545,-5.6215972900390625
SN-38,5,NCIH196,-1.5935510396957397,-3.18688341041251,-3.0060722827911377
SN-38,5,NCIH2029,-2.5263259410858154,-4.016330975137656,-3.987487554550171
SN-38,5,NCIH211,-4.74910306930542,-3.601123188471646,-3.4962072372436523
SN-38,5,NCIH2228,-2.7690439224243164,-3.6652864017649476,-3.5721261501312256
SN-38,5,NCIH23,-3.7548234462738037,-2.8052752347311785,-2.5545475482940674
SN-38,5,NCIH2444,-0.4162437915802002,-2.993020947335556,-2.776691198348999
SN-38,5,NCIH446,-3.9551260471343994,-3.4523750848889048,-3.3202061653137207
SN-38,5,NCIH69,-2.935089111328125,-3.6728902262422563,-3.581123113632202
SN-38,5,NCIH82,-2.140842914581299,-4.431621780027236,-4.478866100311279
SN-38,5,NUDUL1,-5.760293960571289,-5.714081252725932,-5.9962921142578125
SN-38,5,OCIAML3,-4.833767890930176,-4.152777269091285,-4.148932933807373
SN-38,5,OCILY19,-5.634760856628418,-5.501746428902401,-5.745054244995117
SN-38,5,REH,-6.678639888763428,-5.820404626057706,-6.122095584869385
SN-38,5,RERFLCKJ,-1.484213948249817,-2.9943228423415946,-2.778231620788574
SN-38,5,RPMI8226,-4.224857807159424,-3.9443287862337773,-3.9022934436798096
SN-38,5,SHP77,-2.0427420139312744,-3.2950347966671734,-3.1340386867523193
SN-38,5,SUDHL1,-5.852482795715332,-2.6322608237986027,-2.3498342037200928
SN-38,5,SUPM2,-6.99745512008667,-3.7486238021948632,-3.670732259750366
SN-38,5,SW1573,-4.526670932769775,-4.030001376452423,-4.003662586212158
PD0325901,1,ALLSIL,1.2877860069274902,0.34445243002983805,0.30939236283302307
PD0325901,1,AMO1,-0.6095715165138245,0.5381037993659659,0.4839918613433838
PD0325901,1,CALU3,1.322532057762146,-1.1895025535594115,-1.0736485719680786
PD0325901,1,CALU6,-0.7083579897880554,-1.004004385739591,-0.9064001441001892
PD0325901,1,CORL105,-1.6355880498886108,0.13023081267588732,0.11624636501073837
PD0325901,1,DAUDI,1.8725974559783936,0.11130875843619716,0.09918590635061264
PD0325901,1,DMS114,1.416791558265686,-0.2548794604599619,-0.23097586631774902
PD0325901,1,DOHH2,1.4946424961090088,-0.1245196725983714,-0.11344117671251297
PD0325901,1,EM2,-2.362565517425537,-1.5426749642168238,-1.3920750617980957
PD0325901,1,GRANTA519,2.1724610328674316,1.194354331963936,1.0756789445877075
PD0325901,1,HCC15,-1.7001014947891235,0.8476822436006477,0.763113260269165
PD0325901,1,HCC366,0.945468008518219,0.06070527268288959,0.05356090888381004
PD0325901,1,JEKO1,2.3185079097747803,-1.787474557956224,-1.6127907037734985
PD0325901,1,JURLMK1,-4.110527038574219,0.24369122026645978,0.21854427456855774
PD0325901,1,KARPAS422,2.041069984436035,0.6508468547297684,0.5856429934501648
PD0325901,1,KMH2,-1.0599185228347778,0.6025062277318162,0.5420582294464111
PD0325901,1,KU812,-3.225461483001709,0.2354057024712523,0.21107390522956848
PD0325901,1,MOLT13,-1.027543544769287,-0.1371035027282308,-0.12478698045015335
PD0325901,1,NCIH1568,0.5854405164718628,-0.9960889436522441,-0.8992634415626526
PD0325901,1,NCIH1651,2.321887493133545,-0.062057526278961536,-0.05712420120835304
PD0325901,1,NCIH1781,1.2926039695739746,0.5921513798531058,0.5327221155166626
PD0325901,1,NCIH1792,-0.8290539979934692,-0.07376251337013467,-0.06767762452363968
PD0325901,1,NCIH1944,-1.7628154754638672,0.31717028754148086,0.28479430079460144
PD0325901,1,NCIH196,3.0530154705047607,1.2616129144709805,1.1363204717636108
PD0325901,1,NCIH2009,-1.8045464754104614,1.6418815042430075,1.4791773557662964
PD0325901,1,NCIH2023,0.7955759763717651,0.9256062519920347,0.8333709239959717
PD0325901,1,NCIH2029,2.6015539169311523,1.2787215448553078,1.1517459154129028
PD0325901,1,NCIH2081,3.377523899078369,1.8116010797575368,1.6321995258331299
PD0325901,1,NCIH2085,0.9580519795417786,-0.022617427057476495,-0.021564310416579247
PD0325901,1,NCIH2110,0.06890399754047394,0.11001117965915433,0.09801598638296127
PD0325901,1,NCIH2228,0.5935369729995728,0.7371396776994826,0.6634461283683777
PD0325901,1,NCIH441,1.8220914602279663,0.41224027765248294,0.37051108479499817
PD0325901,1,NCIH526,2.3820390701293945,1.7987025067828892,1.6205699443817139
PD0325901,1,NCIH650,2.0152740478515625,-0.8052082831460546,-0.7271620631217957
PD0325901,1,NCIH838,-0.8340204954147339,-0.6038197995578699,-0.5455866456031799
PD0325901,1,PF382,1.6735254526138306,0.7421593666193745,0.6679719686508179
PD0325901,1,REH,1.9017845392227173,0.2409414678494174,0.21606504917144775
PD0325901,1,SKM1,-4.884747505187988,-0.18092368437297543,-0.16429603099822998
PD0325901,1,SKMES1,-0.9797459840774536,1.2041529424353692,1.084513545036316
PD0325901,1,SUDHL1,0.5339000225067139,-0.15315782556550156,-0.13926184177398682
PD0325901,1,WSUDLCL2,2.295907497406006,0.05890288895671801,0.05193584784865379
PD0325901,2,ABC1,0.41464149951934814,-0.5868896245239228,-0.6794511079788208
PD0325901,2,CORL23,-0.04751100018620491,0.6795839679032816,0.6367930769920349
PD0325901,2,DMS273,1.418442964553833,0.945662670192408,0.9133282899856567
PD0325901,2,EHEB,-0.6251929998397827,0.37510297163645223,0.3203464150428772
PD0325901,2,HCC33,3.8037750720977783,0.8350546373526941,0.7983735203742981
PD0325901,2,HDLM2,1.9016159772872925,0.9882341981270928,0.9575728178024292
PD0325901,2,HEL,1.8254444599151611,0.10535238545227285,0.039995018392801285
PD0325901,2,HL60,-4.152990341186523,0.7491558694752478,0.7090990543365479
PD0325901,2,IALM,0.17741550505161285,0.7643165064656909,0.7248554825782776
PD0325901,2,KCL22,-0.9065219759941101,-0.20403170969430923,-0.2815474271774292
PD0325901,2,KMS11,1.3451509475708008,0.3537738504346782,0.29817909002304077
PD0325901,2,L428,2.2052035331726074,-0.16899361594380388,-0.24513238668441772
PD0325901,2,LCLC97TM1,-1.5441689491271973,0.9000007922876836,0.8658719658851624
PD0325901,2,ME1,-1.3676685094833374,-1.4941183057925629,-1.6223325729370117
PD0325901,2,MOLT16,0.847055971622467,0.09593107634346193,0.03020346537232399
PD0325901,2,MONOMAC6,0.8418490290641785,0.992512398678546,0.962019145488739
PD0325901,2,NAMALWA,1.717872977256775,1.7309345625088468,1.7294602394104004
PD0325901,2,NB4,-5.221301555633545,1.1225701657196034,1.0971879959106445
PD0325901,2,NCIH1048,1.188035488128662,0.5081265799756564,0.45859766006469727
PD0325901,2,NCIH1092,3.2230710983276367,1.5386580743924116,1.5296275615692139
PD0325901,2,NCIH1435,2.4340755939483643,0.39699450384279517,0.3430982530117035
PD0325901,2,NCIH1436,2.6357696056365967,1.7283441398040726,1.7267680168151855
PD0325901,2,NCIH1650,1.9618910551071167,-0.3001224672576731,-0.38141441345214844
PD0325901,2,NCIH1793,1.35183846950531,-0.1423739371771009,-0.2174665927886963
PD0325901,2,NCIH1975,-0.8042964935302734,-0.24911652345505048,-0.3284040093421936
PD0325901,2,NCIH209,2.490216016769409,0.5605872851653075,0.5131199955940247
PD0325901,2,NCIH2170,3.3567121028900146,0.598659754466798,0.5526886582374573
PD0325901,2,NCIH2291,-2.9845991134643555,0.8462921901879814,0.8100526928901672
PD0325901,2,NCIH23,-0.49132201075553894,1.821728052459096,1.823821783065796
PD0325901,2,NCIH2342,1.8335144519805908,1.1118330563071344,1.0860289335250854
PD0325901,2,NCIH2444,2.097825527191162,1.6854607380058437,1.6821993589401245
PD0325901,2,NCIH292,-2.348602056503296,0.5652980257459717,0.5180158615112305
PD0325901,2,OCIAML5,-2.1597185134887695,-0.04638830370198205,-0.11770886182785034
PD0325901,2,OPM2,1.2488130331039429,0.7927761148554582,0.7544335126876831
PD0325901,2,RAJI,2.3023204803466797,1.1024643379178656,1.0762920379638672
PD0325901,2,RCHACV,1.8680005073547363,0.39005009145257125,0.33588093519210815
PD0325901,2,RERFLCMS,-1.191643476486206,1.171463706062145,1.1480029821395874
PD0325901,2,RPMI8226,-0.21450650691986084,0.9366334687711755,0.9039442539215088
PD0325901,2,SUDHL10,1.1197479963302612,1.0563224908399154,1.0283368825912476
PD0325901,2,SW1271,-1.3322269916534424,0.1356782439158674,0.07151263952255249
PD0325901,2,THP1,-0.420461505651474,0.005675361627919873,-0.06359916925430298
PD0325901,3,697,0.36041900515556335,0.7006919003841365,0.6982352137565613
PD0325901,3,A3KAW,-0.7778475284576416,0.9359596964754349,0.9571952819824219
PD0325901,3,A549,-3.0224764347076416,0.8676253795288873,0.8819794654846191
PD0325901,3,COLO668,0.28847599029541016,-0.5301652598465609,-0.656573474407196
PD0325901,3,CORL311,2.601304054260254,1.8139689619972639,1.9236230850219727
PD0325901,3,CORL88,2.844585418701172,2.508998006228228,2.6886439323425293
PD0325901,3,DMS53,1.2261489629745483,1.4079856438262233,1.4767558574676514
PD0325901,3,DMS79,3.405984401702881,2.2894153291519785,2.446948528289795
PD0325901,3,EBC1,-2.8435099124908447,0.516200015344356,0.4951643645763397
PD0325901,3,GA10,1.9116874933242798,1.1601671207642499,1.2039811611175537
PD0325901,3,HCC827,2.0442054271698,1.3406021173761187,1.402586579322815
PD0325901,3,HT,2.809283971786499,1.1746455838599321,1.21991765499115
PD0325901,3,JM1,1.5964970588684082,0.8997740441102078,0.9173656105995178
PD0325901,3,KG1,0.141184002161026,-0.20429976838385788,-0.2978922128677368
PD0325901,3,KMS12BM,3.050678014755249,1.020336585909353,1.0500692129135132
PD0325901,3,L1236,2.0526585578918457,0.9601889877709417,0.9838645458221436
PD0325901,3,L540,1.8540664911270142,1.1083049053071108,1.146896243095398
PD0325901,3,LAMA84,-2.597193479537964,-0.5250200092593622,-0.6509100794792175
PD0325901,3,LCLC103H,2.653895616531372,0.304230756074657,0.2618490755558014
PD0325901,3,LOUCY,1.3894239664077759,0.35787888510809707,0.32089975476264954
PD0325901,3,LOUNH91,-0.0018070000223815441,0.868524238820974,0.8829688429832458
PD0325901,3,MOLM16,-0.8209819793701172,0.8045439661771092,0.8125455379486084
PD0325901,3,NCIH1105,2.8368570804595947,2.334399340526807,2.49646258354187
PD0325901,3,NCIH2066,0.7575454711914062,2.03867046377153,2.170952796936035
PD0325901,3,NCIH2405,-0.19616200029850006,0.8816162091571773,0.8973792195320129
PD0325901,3,NCIH810,2.946939468383789,1.4675333526196297,1.5423002243041992
PD0325901,3,NCIH841,0.9386914968490601,1.3006710825819996,1.358634352684021
PD0325901,3,NCIH929,-1.7109839916229248,0.4512496743012838,0.4236733019351959
PD0325901,3,OCIAML2,-5.954269886016846,1.3323903806155186,1.3935478925704956
PD0325901,3,OCIAML3,-4.839598655700684,1.0210812761307384,1.0508888959884644
PD0325901,3,OCILY19,-0.44704800844192505,0.4765953240362155,0.45157134532928467
PD0325901,3,OCIM1,-1.2057820558547974,-0.04293907876394357,-0.12028194963932037
PD0325901,3,PL21,-2.6493070125579834,0.5711385996076337,0.5556354522705078
PD0325901,3,RERFLCKJ,0.659711480140686,1.0454015417988403,1.0776582956314087
PD0325901,3,RS411,1.894950032234192,0.4485839627300113,0.42073914408683777
PD0325901,3,SHP77,0.44804251194000244,-0.24387578651920722,-0.3414536714553833
PD0325901,3,SKMM2,2.1439321041107178,0.4334033994986854,0.40402984619140625
PD0325901,3,ST486,0.5545294880867004,0.6559736641406748,0.6490136981010437
PD0325901,3,SUDHL4,1.7174625396728516,1.2305283250716512,1.2814279794692993
PD0325901,3,SUDHL5,0.21812599897384644,0.8324187305458901,0.8432273864746094
PD0325901,3,SUDHL8,2.2447025775909424,1.1768784631930187,1.2223753929138184
PD0325901,4,BEN,2.1084349155426025,1.5780756147478352,1.5250895023345947
PD0325901,4,BL41,1.1161905527114868,0.6478060302721309,0.5976219773292542
PD0325901,4,CA46,2.6156818866729736,0.34711440678846534,0.2978360652923584
PD0325901,4,CAL12T,-0.37115898728370667,-0.30996877102968423,-0.35726791620254517
PD0325901,4,CORL279,2.114794969558716,2.512608387963219,2.4568073749542236
PD0325901,4,CORL95,1.9406354427337646,2.537495572029099,2.4816195964813232
PD0325901,4,EJM,1.9765679836273193,2.0038951667178204,1.9496264457702637
PD0325901,4,EPLC272H,-1.1166654825210571,0.20653556529180112,0.1576806604862213
PD0325901,4,HARA,0.43476051092147827,-0.13412420740847594,-0.18195301294326782
PD0325901,4,HCC78,0.7499439716339111,0.9519548846584622,0.9008547067642212
PD0325901,4,JURKAT,1.8869580030441284,-0.26107694496379463,-0.30852335691452026
PD0325901,4,K562,-0.03719799965620041,-0.5406917038522605,-0.5872958898544312
PD0325901,4,KOPN8,-1.925268530845642,-0.08587763784691765,-0.1338517665863037
PD0325901,4,L363,1.8294529914855957,-0.2602809113906295,-0.30772972106933594
PD0325901,4,LU65,0.3183155059814453,-1.0070253292276186,-1.05222487449646
PD0325901,4,LXF289,0.07433699816465378,1.440802718914866,1.3882300853729248
PD0325901,4,NALM6,1.0500965118408203,0.31551650724976205,0.26633334159851074
PD0325901,4,NCIH146,2.3689000606536865,1.854744481460731,1.8009250164031982
PD0325901,4,NCIH1623,-0.3868350088596344,0.8367899605206837,0.7860366702079773
PD0325901,4,NCIH1648,0.9831234812736511,0.0860593664533097,0.037567347288131714
PD0325901,4,NCIH1836,4.122115612030029,1.0760329336420893,1.0245590209960938
PD0325901,4,NCIH1915,-1.9041069746017456,-0.41280512893961246,-0.4597945213317871
PD0325901,4,NCIH2030,0.7923055291175842,-1.706026385507956,-1.7491204738616943
PD0325901,4,NCIH2087,-1.5885870456695557,-0.3297502800537409,-0.37698984146118164
PD0325901,4,NCIH211,0.46995899081230164,1.329459533129666,1.2772222757339478
PD0325901,4,NCIH2172,3.0094549655914307,0.6399610192691789,0.5898005962371826
PD0325901,4,NCIH2196,2.5498900413513184,3.0220727444555755,2.9647371768951416
PD0325901,4,NCIH2347,-0.5931640267372131,-0.23481931571596454,-0.2823448181152344
PD0325901,4,NCIH358,-1.040440559387207,-0.05260600523165916,-0.10068035125732422
PD0325901,4,NCIH460,-1.8176145553588867,-0.577119013232517,-0.6236134767532349
PD0325901,4,NCIH596,1.451272964477539,1.4618765942739667,1.409240484237671
PD0325901,4,NCIH69,2.9529941082000732,1.3514619847905618,1.2991584539413452
PD0325901,4,NCIH727,-1.441027045249939,0.11703693971674742,0.06845161318778992
PD0325901,4,NOMO1,-4.5301079750061035,-0.6964535032353543,-0.7425885200500488
PD0325901,4,P12ICHIKAWA,-0.34934350848197937,0.1827695839019361,0.13398626446723938
PD0325901,4,RL,2.64251446723938,0.5640476945627193,0.5141159296035767
PD0325901,4,RPMI8402,1.9331719875335693,0.6463293476392222,0.596149742603302
PD0325901,4,SKLU1,-0.3142090141773224,0.9335453154344051,0.8825005888938904
PD0325901,4,SUDHL6,0.5721150040626526,1.3199048584322488,1.2676963806152344
PD0325901,4,SW1573,2.559927463531494,-0.5910628430788258,-0.6375153064727783
PD0325901,5,A4FUK,-1.067665457725525,0.890154450594479,0.9150102734565735
PD0325901,5,BV173,-1.3749079704284668,-0.903433615624617,-1.1971254348754883
PD0325901,5,CHAGOK1,1.6254714727401733,0.12329442114706644,0.011953165754675865
PD0325901,5,CMK,1.103013038635254,-1.5431425760415607,-1.950448989868164
PD0325901,5,CMLT1,-0.48006200790405273,0.7904620869779775,0.797612190246582
PD0325901,5,DB,2.3821585178375244,1.6543178459146148,1.8148918151855469
PD0325901,5,DND41,-0.09599850326776505,-0.37029020920856803,-0.5692938566207886
PD0325901,5,GDM1,1.1804344654083252,-0.8068333854301104,-1.0833686590194702
PD0325901,5,HCC44,-2.129000425338745,1.2109913212956176,1.292828917503357
PD0325901,5,HH,2.3099894523620605,0.9594450450591556,0.9966071248054504
PD0325901,5,JVM2,1.5698845386505127,0.8484590122248823,0.8659095764160156
PD0325901,5,JVM3,-1.325091004371643,0.7591551155194467,0.7607449889183044
PD0325901,5,KNS62,-1.3972795009613037,0.04420016941901184,-0.08118850737810135
PD0325901,5,LP1,2.9725840091705322,-0.19154362890857857,-0.3588012456893921
PD0325901,5,MEG01,-2.0167200565338135,-0.6701722336458351,-0.922435998916626
PD0325901,5,MHHCALL2,0.23731550574302673,-0.25346869890044077,-0.4317244291305542
PD0325901,5,MM1S,0.07331199944019318,0.2394718735478803,0.14876414835453033
PD0325901,5,MOLM13,-0.6590055227279663,-0.955116901566341,-1.2579878568649292
PD0325901,5,MOLP8,-0.2659609913825989,0.4927674745004367,0.4470459520816803
PD0325901,5,NCIH1155,0.7669064998626709,-0.020519321692353987,-0.1574024111032486
PD0325901,5,NCIH1341,0.7586789727210999,0.08291209143075169,-0.035601209849119186
PD0325901,5,NCIH1437,-2.5684075355529785,0.5821627569565297,0.5523181557655334
PD0325901,5,NCIH1876,2.134458541870117,1.0498466843069663,1.1030644178390503
PD0325901,5,NCIH1963,2.2900490760803223,2.008925130048527,2.232478618621826
PD0325901,5,NCIH2122,-1.6554515361785889,-0.3213995665273103,-0.5117200613021851
PD0325901,5,NCIH2171,2.2230100631713867,1.4291768635597437,1.5497649908065796
PD0325901,5,NCIH2227,0.8720325231552124,0.6700726603311122,0.6558411717414856
PD0325901,5,NCIH446,1.9471490383148193,2.2427446964960156,2.5078253746032715
PD0325901,5,NCIH522,2.413440465927124,1.1091689180530202,1.1729224920272827
PD0325901,5,NCIH524,2.1219615936279297,-1.8022865486911668,-2.25561785697937
PD0325901,5,NCIH647,1.2986249923706055,0.7732436550666566,0.7773357033729553
PD0325901,5,NCIH661,1.586463451385498,0.07453542702945043,-0.04546559974551201
PD0325901,5,NCIH82,2.7105023860931396,1.2384094760226283,1.3251166343688965
PD0325901,5,NUDUL1,0.4664449989795685,0.30731436702872494,0.22865571081638336
PD0325901,5,P31FUJ,-1.0295820236206055,0.5294368484294875,0.49022793769836426
PD0325901,5,SBC5,1.526876449584961,-0.5156974657674751,-0.7405259609222412
PD0325901,5,SIGM5,1.7344739437103271,0.0941095427276177,-0.022415051236748695
PD0325901,5,SUPB15,-0.06355399638414383,0.31874839220693574,0.24212045967578888
PD0325901,5,SUPM2,1.3233784437179565,-0.22143793002601364,-0.3940048813819885
PD0325901,5,SUPT1,2.6278140544891357,0.9520167577334944,0.9878595471382141
GEMCITABINE,1,A4FUK,-3.9603559970855713,-3.831138966474836,-4.0567545890808105
GEMCITABINE,1,ABC1,-2.3829050064086914,-1.8427006768846486,-1.7861450910568237
GEMCITABINE,1,ALLSIL,-3.8079400062561035,-3.556796588568185,-3.743481397628784
GEMCITABINE,1,BL41,-4.694701194763184,-3.0954512089678268,-3.2166683673858643
GEMCITABINE,1,CORL105,-0.0960799977183342,-2.035303740443891,-2.00607967376709
GEMCITABINE,1,CORL23,-1.7715888023376465,-1.7070049026983125,-1.6311932802200317
GEMCITABINE,1,DAUDI,-2.2215518951416016,-2.908480152149142,-3.0031650066375732
GEMCITABINE,1,DMS53,-0.3459329903125763,-1.5199624396884,-1.417608380317688
GEMCITABINE,1,HCC33,1.5660054683685303,-2.257219567477171,-2.259486675262451
GEMCITABINE,1,HCC366,-3.1653525829315186,-0.9004223851490558,-0.7101519107818604
GEMCITABINE,1,HCC44,-2.7534019947052,-2.097749081042581,-2.0773863792419434
GEMCITABINE,1,HCC78,-5.406406879425049,-2.987946473804153,-3.0939080715179443
GEMCITABINE,1,K562,-1.1583549976348877,-3.20307244896982,-3.339561700820923
GEMCITABINE,1,KG1,-2.6212356090545654,-2.670886490340733,-2.7318553924560547
GEMCITABINE,1,KMS11,-1.1095130443572998,-2.4985117359271203,-2.535019636154175
GEMCITABINE,1,MM1S,-3.1703319549560547,-3.175935799612947,-3.3085741996765137
GEMCITABINE,1,MOLT16,-4.491506099700928,-3.140903755164629,-3.268570899963379
GEMCITABINE,1,NALM6,-5.251550197601318,-3.840172476035234,-4.067070007324219
GEMCITABINE,1,NB4,-5.731371879577637,-2.5568735610637328,-2.60166335105896
GEMCITABINE,1,NCIH1651,-1.9376715421676636,-1.3357417739721769,-1.2072457075119019
GEMCITABINE,1,NCIH1792,-3.1622300148010254,-1.3967724577034315,-1.2769370079040527
GEMCITABINE,1,NCIH1793,-0.6104323863983154,-2.584073891380619,-2.632723569869995
GEMCITABINE,1,NCIH1915,0.3493284285068512,-2.2741236261151068,-2.278789520263672
GEMCITABINE,1,NCIH2023,-2.3113861083984375,-3.1891714173740695,-3.32368803024292
GEMCITABINE,1,NCIH2029,0.7794010043144226,-1.001175998996207,-0.8252030611038208
GEMCITABINE,1,NCIH2081,-1.6466829776763916,-1.8063278872405164,-1.7446107864379883
GEMCITABINE,1,NCIH2085,-1.010511040687561,-2.5711950957856016,-2.6180171966552734
GEMCITABINE,1,NCIH209,-3.040226936340332,-1.5110719513004902,-1.4074562788009644
GEMCITABINE,1,NCIH2170,-4.841003894805908,-1.6584613244604873,-1.575761079788208
GEMCITABINE,1,NCIH2171,-0.22226500511169434,-1.6135861870994754,-1.5245178937911987
GEMCITABINE,1,NCIH23,-2.6425058841705322,-2.6619811778604925,-2.721686363220215
GEMCITABINE,1,NCIH2405,-3.7806150913238525,-1.6294157078334548,-1.5425937175750732
GEMCITABINE,1,NCIH446,-0.7017243504524231,-1.1820423484400089,-1.0317354202270508
GEMCITABINE,1,NCIH524,-1.745000958442688,-2.779694910469394,-2.8561043739318848
GEMCITABINE,1,NCIH838,-1.313627004623413,-2.9778598273181633,-3.082390069961548
GEMCITABINE,1,NOMO1,-4.254693984985352,-3.0871906401089637,-3.20723557472229
GEMCITABINE,1,P12ICHIKAWA,-3.9906539916992188,-2.9117343536008216,-3.00688099861145
GEMCITABINE,1,RCHACV,-3.983320951461792,-3.5603435136458916,-3.7475316524505615
GEMCITABINE,1,SIGM5,-5.091703414916992,-3.679961411354198,-3.8841240406036377
GEMCITABINE,1,SKMM2,-1.3354049921035767,-2.9338744486820536,-3.03216290473938
GEMCITABINE,1,SUDHL6,-2.9015140533447266,-3.0695756514092434,-3.1871209144592285
GEMCITABINE,2,A3KAW,-5.063676834106445,-3.4507429437864294,-3.5067837238311768
GEMCITABINE,2,CORL311,-1.6676950454711914,-2.7306452403699564,-2.7219185829162598
GEMCITABINE,2,EJM,-3.1466619968414307,-2.083871675369899,-2.016972541809082
GEMCITABINE,2,EPLC272H,-3.869805097579956,-0.590382806900311,-0.38915544748306274
GEMCITABINE,2,GRANTA519,-2.9856200218200684,-2.9364320964052757,-2.946214437484741
GEMCITABINE,2,HCC827,1.1757087707519531,-2.4369923524566532,-2.4018537998199463
GEMCITABINE,2,HT,-2.7746400833129883,-2.961620924695209,-2.9736688137054443
GEMCITABINE,2,IALM,-1.1872014999389648,-2.137842204888682,-2.0757973194122314
GEMCITABINE,2,JEKO1,-4.279512405395508,-2.118984489017079,-2.055243492126465
GEMCITABINE,2,JURKAT,-2.4281504154205322,-3.615099217150411,-3.685922622680664
GEMCITABINE,2,JURLMK1,-4.535852909088135,-2.1696480442228916,-2.110463857650757
GEMCITABINE,2,KOPN8,-4.0490241050720215,-4.059551927437349,-4.170350551605225
GEMCITABINE,2,LCLC97TM1,-5.0579118728637695,-3.054078396633337,-3.074442148208618
GEMCITABINE,2,LOUNH91,-0.613299548625946,-1.8924776386465052,-1.8083640336990356
GEMCITABINE,2,LP1,1.1605249643325806,-2.784475773622018,-2.780590772628784
GEMCITABINE,2,MHHCALL2,-3.5627450942993164,-3.5541995286613948,-3.6195454597473145
GEMCITABINE,2,MOLM13,-4.426741123199463,-3.277375941961395,-3.317823648452759
GEMCITABINE,2,MOLT13,-2.107386589050293,-3.6139164674407778,-3.684633493423462
GEMCITABINE,2,NAMALWA,-4.690575122833252,-2.9703864409453327,-2.983222723007202
GEMCITABINE,2,NCIH1092,0.9847429990768433,-1.461471569778203,-1.3385921716690063
GEMCITABINE,2,NCIH1436,3.067039966583252,-3.5799253738807066,-3.647585153579712
GEMCITABINE,2,NCIH1437,-1.9501044750213623,-1.8562863068851496,-1.7689175605773926
GEMCITABINE,2,NCIH146,-1.9197520017623901,-2.7801015465194596,-2.7758231163024902
GEMCITABINE,2,NCIH1648,-0.7204362750053406,-1.2960096540233692,-1.1582481861114502
GEMCITABINE,2,NCIH1650,-1.7920430898666382,-2.0109138240607107,-1.9374526739120483
GEMCITABINE,2,NCIH2087,-1.9328889846801758,-1.937875474898158,-1.8578450679779053
GEMCITABINE,2,NCIH2172,0.5309751033782959,-1.5316180116841989,-1.4150477647781372
GEMCITABINE,2,NCIH2196,0.23285099864006042,-1.6716713706335962,-1.5676978826522827
GEMCITABINE,2,NCIH2228,-1.9240994453430176,-2.254106698215365,-2.202518939971924
GEMCITABINE,2,NCIH441,-3.9737019538879395,-2.440890154764024,-2.406102180480957
GEMCITABINE,2,NCIH522,-1.2659120559692383,-2.2427912812134028,-2.190185785293579
GEMCITABINE,2,NCIH647,-3.2815868854522705,-2.0770291390897,-2.009514570236206
GEMCITABINE,2,NCIH841,0.6297454237937927,-3.081514165004156,-3.1043455600738525
GEMCITABINE,2,OCILY19,-5.718118190765381,-3.727354348644679,-3.808274269104004
GEMCITABINE,2,OCIM1,-3.5479800701141357,-2.808044582612979,-2.806279420852661
GEMCITABINE,2,REH,-3.7933828830718994,-4.001049675015945,-4.106586456298828
GEMCITABINE,2,RERFLCMS,-2.654792070388794,-2.310060799838264,-2.263505697250366
GEMCITABINE,2,SKLU1,-4.530402183532715,-1.8268727631306336,-1.7368584871292114
GEMCITABINE,2,SUDHL1,-5.165506839752197,-2.668277778522028,-2.6539416313171387
GEMCITABINE,2,SUPM2,-3.9251089096069336,-2.9703715663419934,-2.9832065105438232
GEMCITABINE,2,WSUDLCL2,-1.5174269676208496,-3.480767330626603,-3.539508581161499
GEMCITABINE,3,697,-5.604207992553711,-3.1487629327127395,-3.33817195892334
GEMCITABINE,3,AMO1,-3.246645927429199,-2.664335417787488,-2.731611967086792
GEMCITABINE,3,CALU6,-2.023819923400879,-2.1196128768712237,-2.049555540084839
GEMCITABINE,3,CMLT1,-4.524988174438477,-3.7957605223109963,-4.148288726806641
GEMCITABINE,3,CORL88,0.8413490056991577,-2.214653017506432,-2.1685569286346436
GEMCITABINE,3,CORL95,0.05089600011706352,-1.7127647843362046,-1.540134072303772
GEMCITABINE,3,DMS79,-1.318444013595581,-0.3305485595591856,0.19056254625320435
GEMCITABINE,3,GA10,-3.1275315284729004,-3.743073041356124,-4.08231782913208
GEMCITABINE,3,GDM1,-1.7831859588623047,-3.205473255606353,-3.409179925918579
GEMCITABINE,3,HCC15,-1.5662410259246826,-2.452004880964095,-2.4657492637634277
GEMCITABINE,3,HH,-2.7012031078338623,-2.3227078429768255,-2.30385422706604
GEMCITABINE,3,HL60,-3.0045740604400635,-3.5308102913330432,-3.816540002822876
GEMCITABINE,3,JM1,-5.49085807800293,-2.3406989548517707,-2.326381206512451
GEMCITABINE,3,JVM2,-4.792754173278809,-3.6171662954462573,-3.9246678352355957
GEMCITABINE,3,KMS12BM,-0.4056355059146881,-2.257466094274281,-2.2221639156341553
GEMCITABINE,3,KNS62,6.936003774171695e-05,-1.907029282020824,-1.7833759784698486
GEMCITABINE,3,L1236,-3.1292591094970703,-2.95434220168639,-3.0947344303131104
GEMCITABINE,3,LCLC103H,-1.6576848030090332,-2.355317673411194,-2.3446855545043945
GEMCITABINE,3,LOUCY,-3.0273659229278564,-3.578259718664929,-3.8759522438049316
GEMCITABINE,3,LU65,0.5595089793205261,-2.9167370933885803,-3.0476484298706055
GEMCITABINE,3,NCIH1048,-3.456300973892212,-3.7165596434655477,-4.04911994934082
GEMCITABINE,3,NCIH1435,-0.024308107793331146,-1.6477284905705603,-1.4587010145187378
GEMCITABINE,3,NCIH1781,-3.4590630531311035,-0.7305757957251693,-0.3103184103965759
GEMCITABINE,3,NCIH1944,-3.011251449584961,-3.712576216885415,-4.044132232666016
GEMCITABINE,3,NCIH1975,-0.9794989824295044,-1.817616873904216,-1.6714211702346802
GEMCITABINE,3,NCIH211,-3.5596890449523926,-1.2839480561292802,-1.0032052993774414
GEMCITABINE,3,NCIH2122,-4.67613410949707,-2.9406812572999153,-3.077629327774048
GEMCITABINE,3,NCIH661,-1.8640813827514648,-1.1618571263192805,-0.8503331542015076
GEMCITABINE,3,NCIH727,-1.022606611251831,-2.0161128102684245,-1.9199613332748413
GEMCITABINE,3,NCIH82,-2.988800048828125,-2.9885355013100687,-3.1375484466552734
GEMCITABINE,3,OCIAML2,-5.0584611892700195,-3.697371028255877,-4.0250935554504395
GEMCITABINE,3,P31FUJ,-2.2965569496154785,-3.3552241989383305,-3.5966856479644775
GEMCITABINE,3,RPMI8226,-4.052393913269043,-2.313411149891338,-2.2922136783599854
GEMCITABINE,3,RS411,-4.028273105621338,-3.5313289746028467,-3.8171894550323486
GEMCITABINE,3,SBC5,-5.203776836395264,-2.4116054712770194,-2.4151644706726074
GEMCITABINE,3,SUDHL10,-3.6205334663391113,-3.4473264672645105,-3.712008476257324
GEMCITABINE,3,SUDHL4,-1.8366889953613281,-3.1304378375576056,-3.3152267932891846
GEMCITABINE,3,SUDHL8,-3.750312089920044,-2.706443397584675,-2.7843360900878906
GEMCITABINE,3,SUPT1,-3.795620918273926,-3.3902913008840088,-3.6405937671661377
GEMCITABINE,3,SW1271,-1.969796895980835,-2.104331332885155,-2.030421257019043
GEMCITABINE,3,SW1573,-0.3472859263420105,-3.0889216593766253,-3.2632436752319336
GEMCITABINE,4,A549,-3.659730911254883,-2.288149473789325,-2.2150778770446777
GEMCITABINE,4,BEN,-1.000626564025879,-2.021007662646997,-1.8825660943984985
GEMCITABINE,4,CAL12T,-1.763534426689148,-1.846401444679127,-1.6652334928512573
GEMCITABINE,4,CALU3,-2.6983890533447266,-2.314584082757997,-2.247981071472168
GEMCITABINE,4,CHAGOK1,-1.2498810291290283,-1.2828939566750093,-0.9638349413871765
GEMCITABINE,4,CORL279,-3.1781206130981445,-0.8553802498332959,-0.43170803785324097
GEMCITABINE,4,DMS273,-2.7578139305114746,-0.9770863150541145,-0.5831957459449768
GEMCITABINE,4,DND41,-2.6391990184783936,-2.968518185679124,-3.061933755874634
GEMCITABINE,4,EBC1,-4.921037197113037,-1.7242190983169043,-1.5131529569625854
GEMCITABINE,4,EHEB,-1.2940094470977783,-3.4599817102844197,-3.673659086227417
GEMCITABINE,4,HARA,-2.186556577682495,-2.2314780516867403,-2.1445388793945312
GEMCITABINE,4,HEL,-5.237459182739258,-2.9679293707872376,-3.0612008571624756
GEMCITABINE,4,KARPAS422,-1.7287310361862183,-3.0909397740062023,-3.2143120765686035
GEMCITABINE,4,KU812,-3.8348429203033447,-2.9597562599798506,-3.051027774810791
GEMCITABINE,4,L363,-2.0435659885406494,-3.2924039193913686,-3.4650747776031494
GEMCITABINE,4,L428,-3.0965359210968018,-2.464283852202046,-2.434312582015991
GEMCITABINE,4,L540,-4.955411911010742,-1.842946993746229,-1.6609337329864502
GEMCITABINE,4,LAMA84,-3.087385892868042,-3.2879747825191847,-3.459561824798584
GEMCITABINE,4,MONOMAC6,-4.842422962188721,-2.533559054358676,-2.5205395221710205
GEMCITABINE,4,NCIH1836,0.4759019911289215,-1.473261268641847,-1.2007853984832764
GEMCITABINE,4,NCIH1876,-3.510585069656372,-2.3407645091106857,-2.2805678844451904
GEMCITABINE,4,NCIH196,1.4554710388183594,-1.943213990785754,-1.7857362031936646
GEMCITABINE,4,NCIH2009,-2.1925246715545654,-2.7333414187579073,-2.7692089080810547
GEMCITABINE,4,NCIH2030,-1.6896133422851562,-2.1428104590065287,-2.0341742038726807
GEMCITABINE,4,NCIH2110,-4.784646034240723,-2.13805281935634,-2.028252363204956
GEMCITABINE,4,NCIH2291,2.502293109893799,-1.4527631741613969,-1.1752713918685913
GEMCITABINE,4,NCIH2347,-0.38733020424842834,-2.2467263269904234,-2.1635184288024902
GEMCITABINE,4,NCIH292,-4.377070426940918,-2.101834669780822,-1.9831715822219849
GEMCITABINE,4,NCIH358,-3.949457883834839,-3.0718937001138937,-3.190605401992798
GEMCITABINE,4,NCIH596,-0.9337882399559021,-1.5548461307267938,-1.302334189414978
GEMCITABINE,4,NCIH650,-1.1757349967956543,-2.1424930659434653,-2.0337791442871094
GEMCITABINE,4,NCIH810,-4.147688865661621,-0.9742501772217402,-0.5796656012535095
GEMCITABINE,4,NCIH929,-3.619882583618164,-2.7039795914490234,-2.7326622009277344
GEMCITABINE,4,OPM2,-1.0559489727020264,-3.037534608096347,-3.147838592529297
GEMCITABINE,4,PF382,-3.28511905670166,-3.601268169222179,-3.8495185375213623
GEMCITABINE,4,SHP77,0.23872500658035278,-1.964948232600228,-1.8127888441085815
GEMCITABINE,4,SKM1,-4.018045425415039,-3.8258681044257017,-4.129078388214111
GEMCITABINE,4,SKMES1,-2.534069061279297,-1.650161163878063,-1.4209729433059692
GEMCITABINE,4,ST486,-3.679316997528076,-2.4610507336073306,-2.430288314819336
GEMCITABINE,4,SUDHL5,-5.921642780303955,-3.5229850952630923,-3.752079486846924
GEMCITABINE,5,BV173,-4.538396835327148,-3.543498720040726,-3.956608533859253
GEMCITABINE,5,CA46,-2.1270930767059326,-2.375971818841559,-2.2837960720062256
GEMCITABINE,5,CMK,-3.5058178901672363,-2.5922835320223157,-2.593723773956299
GEMCITABINE,5,COLO668,-2.757281541824341,-1.3694293528758918,-0.8416393399238586
GEMCITABINE,5,DB,-4.805051803588867,-1.1227976142884382,-0.4882696270942688
GEMCITABINE,5,DMS114,0.9053630232810974,-3.002954314157812,-3.1821258068084717
GEMCITABINE,5,DOHH2,-3.6980395317077637,-3.616686015368612,-4.061470031738281
GEMCITABINE,5,EM2,-2.924617052078247,-3.832799876027218,-4.371114253997803
GEMCITABINE,5,HDLM2,-0.08038300275802612,-2.7202210631749275,-2.7770304679870605
GEMCITABINE,5,JVM3,-5.519795894622803,-3.1439334715266067,-3.3841183185577393
GEMCITABINE,5,KCL22,-3.8711180686950684,-3.037488981011972,-3.2316064834594727
GEMCITABINE,5,KMH2,-2.3069543838500977,-2.7029486544728893,-2.7522828578948975
GEMCITABINE,5,LXF289,-2.4091711044311523,-2.3579512646899072,-2.257976531982422
GEMCITABINE,5,ME1,-0.25008898973464966,-3.424658910455437,-3.786336898803711
GEMCITABINE,5,MEG01,-3.5743401050567627,-2.5784934275516047,-2.573965549468994
GEMCITABINE,5,MOLM16,-4.880643367767334,-1.9009519583127876,-1.6031957864761353
GEMCITABINE,5,MOLP8,-5.381662845611572,-3.3805650880188796,-3.7231600284576416
GEMCITABINE,5,NCIH1105,-1.9679310321807861,-1.3108455372317303,-0.7577014565467834
GEMCITABINE,5,NCIH1155,-2.8590850830078125,-3.218891954613763,-3.4915175437927246
GEMCITABINE,5,NCIH1341,-3.061779499053955,-2.9954628755142245,-3.1713922023773193
GEMCITABINE,5,NCIH1568,-2.606917142868042,-1.3947569717480501,-0.8779283165931702
GEMCITABINE,5,NCIH1623,-2.455897569656372,-2.010809862441281,-1.7605983018875122
GEMCITABINE,5,NCIH1963,-1.1543630361557007,-1.9683460352786746,-1.6997568607330322
GEMCITABINE,5,NCIH2066,2.3724775314331055,-2.177947070147157,-2.0000696182250977
GEMCITABINE,5,NCIH2227,-1.695557951927185,-1.8990084608086164,-1.6004111766815186
GEMCITABINE,5,NCIH2342,-3.3980228900909424,-1.8823675494333754,-1.576568365097046
GEMCITABINE,5,NCIH2444,1.5368050336837769,-1.2740045323144846,-0.7049162983894348
GEMCITABINE,5,NCIH460,-4.294601917266846,-2.950528720666514,-3.107011318206787
GEMCITABINE,5,NCIH526,-1.8103810548782349,-2.3947664772262165,-2.3107247352600098
GEMCITABINE,5,NCIH69,-0.5005559921264648,-1.666727186968024,-1.267602562904358
GEMCITABINE,5,NUDUL1,-6.266263008117676,-3.3993717273804887,-3.750105857849121
GEMCITABINE,5,OCIAML3,-4.8830790519714355,-2.9317713364323703,-3.0801360607147217
GEMCITABINE,5,OCIAML5,-3.3067939281463623,-3.435884919456156,-3.8024213314056396
GEMCITABINE,5,PL21,-1.1996209621429443,-3.338667944425814,-3.663130521774292
GEMCITABINE,5,RAJI,-5.168655872344971,-3.831243014633406,-4.3688836097717285
GEMCITABINE,5,RERFLCKJ,-0.31465277075767517,-2.4524775119799824,-2.3934121131896973
GEMCITABINE,5,RL,-1.3100450038909912,-3.0548013263038474,-3.25641131401062
GEMCITABINE,5,RPMI8402,-3.2510790824890137,-2.807340903477276,-2.9018542766571045
GEMCITABINE,5,SUPB15,-4.357687950134277,-3.302002161296478,-3.6105964183807373
GEMCITABINE,5,THP1,-3.541110038757324,-3.362086594303764,-3.6966843605041504
TALAZOPARIB,1,A4FUK,1.7431750297546387,1.8784654730979293,1.8904790878295898
TALAZOPARIB,1,ALLSIL,0.6905894875526428,1.1285742475794818,0.942765474319458
TALAZOPARIB,1,BV173,-1.7352349758148193,1.344620322151068,1.2158048152923584
TALAZOPARIB,1,CAL12T,4.741016864776611,2.145226090891092,2.227611541748047
TALAZOPARIB,1,CALU6,0.007818717509508133,3.10947910656711,3.4462358951568604
TALAZOPARIB,1,CORL279,-1.0329769849777222,2.4891106353195944,2.6622133255004883
TALAZOPARIB,1,CORL95,3.2713561058044434,1.999338347813861,2.043238401412964
TALAZOPARIB,1,EM2,1.886459469795227,1.6451280344271426,1.595586895942688
TALAZOPARIB,1,GDM1,3.0527889728546143,1.6294998257260118,1.575835943222046
TALAZOPARIB,1,GRANTA519,0.19385884702205658,2.047769070793941,2.104445219039917
TALAZOPARIB,1,HCC33,4.639098167419434,1.568634299557598,1.4989140033721924
TALAZOPARIB,1,HCC827,2.0545830726623535,1.2739636665886542,1.1265088319778442
TALAZOPARIB,1,IALM,4.842329025268555,1.96294465543173,1.9972440004348755
TALAZOPARIB,1,JVM2,-0.24480600655078888,1.3499565305891117,1.2225487232208252
TALAZOPARIB,1,KG1,2.5875279903411865,2.1915141052718896,2.2861104011535645
TALAZOPARIB,1,L1236,3.6670451164245605,1.2978707708281902,1.1567226648330688
TALAZOPARIB,1,ME1,4.016727924346924,1.5085790334203444,1.42301607131958
TALAZOPARIB,1,MOLP8,1.2963509559631348,1.6204566069009372,1.5644071102142334
TALAZOPARIB,1,MONOMAC6,0.8623819947242737,2.201396825176979,2.298600196838379
TALAZOPARIB,1,NCIH1155,0.574352502822876,1.3876674850591533,1.2702078819274902
TALAZOPARIB,1,NCIH1623,0.004558546468615532,2.32729765108045,2.4577138423919678
TALAZOPARIB,1,NCIH1781,-1.8930339813232422,2.1085600794507586,2.1812729835510254
TALAZOPARIB,1,NCIH1963,3.4058690071105957,2.2179653694136903,2.3195395469665527
TALAZOPARIB,1,NCIH1975,0.2053060084581375,2.5108597501536725,2.68969988822937
TALAZOPARIB,1,NCIH2029,4.2852654457092285,2.2199697961496803,2.322072744369507
TALAZOPARIB,1,NCIH2030,1.3916529417037964,1.759754077848125,1.740451455116272
TALAZOPARIB,1,NCIH2087,0.6664466261863708,1.7942619112310727,1.7840625047683716
TALAZOPARIB,1,NCIH209,-3.1417670249938965,1.759140393126038,1.7396758794784546
TALAZOPARIB,1,NCIH2110,1.2006514072418213,2.220720064867707,2.3230209350585938
TALAZOPARIB,1,NCIH2171,1.5838984251022339,2.3979659087364418,2.5470244884490967
TALAZOPARIB,1,NCIH2196,1.602813959121704,2.7987971128310782,3.053595542907715
TALAZOPARIB,1,NCIH2347,0.1486855298280716,2.3992698708634217,2.5486724376678467
TALAZOPARIB,1,NCIH292,0.25967058539390564,1.25229482314998,1.0991237163543701
TALAZOPARIB,1,NCIH358,4.015998840332031,1.781484799119214,1.7679147720336914
TALAZOPARIB,1,NCIH522,2.0194356441497803,1.4190172851658212,1.3098278045654297
TALAZOPARIB,1,NCIH838,0.2355351746082306,1.7260464116181846,1.6978516578674316
TALAZOPARIB,1,OCIAML2,-0.5813419818878174,1.577559139297794,1.5101932287216187
TALAZOPARIB,1,RL,0.6604681015014648,1.2185425407390456,1.0564675331115723
TALAZOPARIB,1,SUDHL5,-1.4298030138015747,1.841900767742982,1.844268560409546
TALAZOPARIB,1,SW1271,2.012953996658325,1.672992207184397,1.6308016777038574
TALAZOPARIB,1,SW1573,0.4632887542247772,1.1620954313785021,0.9851295948028564
TALAZOPARIB,2,AMO1,3.59910249710083,1.9469526723358621,1.9740005731582642
TALAZOPARIB,2,BL41,0.21671150624752045,2.058408150389954,2.104170560836792
TALAZOPARIB,2,CORL311,0.6317930221557617,1.0950663661452125,0.9790738821029663
TALAZOPARIB,2,DMS273,0.05728635936975479,2.7134115027104393,2.8691556453704834
TALAZOPARIB,2,DMS53,1.2687159776687622,2.104538140144678,2.158046245574951
TALAZOPARIB,2,DND41,0.8253024816513062,1.368563816344253,1.2984943389892578
TALAZOPARIB,2,HH,4.841253280639648,1.3301747585963097,1.2536593675613403
TALAZOPARIB,2,HL60,1.951095461845398,1.4436176532448186,1.3861504793167114
TALAZOPARIB,2,KOPN8,-0.6670809984207153,1.1253795982575792,1.014477014541626
TALAZOPARIB,2,L363,3.4504990577697754,1.0553877995099201,0.932732880115509
TALAZOPARIB,2,L428,2.3679850101470947,0.8263237216020729,0.6652066111564636
TALAZOPARIB,2,LAMA84,2.2886950969696045,0.6783960205766221,0.4924403429031372
TALAZOPARIB,2,LCLC103H,0.5925946235656738,0.9984062763044795,0.8661835789680481
TALAZOPARIB,2,LOUNH91,1.3762776851654053,1.5555968555321777,1.5169321298599243
TALAZOPARIB,2,MHHCALL2,1.9194375276565552,0.829058090825423,0.6684001088142395
TALAZOPARIB,2,MOLM13,0.13642647862434387,1.3133615877859228,1.234023094177246
TALAZOPARIB,2,MOLT16,-1.5258090496063232,0.8048776174286171,0.6401594877243042
TALAZOPARIB,2,NAMALWA,-0.5117675065994263,2.2735466346768787,2.3554329872131348
TALAZOPARIB,2,NCIH1092,3.6192209720611572,1.9858665770936403,2.0194485187530518
TALAZOPARIB,2,NCIH1105,0.8031665086746216,2.5466577476662295,2.6744022369384766
TALAZOPARIB,2,NCIH1341,1.2519110441207886,1.3575813263175704,1.2856677770614624
TALAZOPARIB,2,NCIH1568,2.640388011932373,2.5342084010898898,2.659862518310547
TALAZOPARIB,2,NCIH1650,2.311863899230957,1.9570807293949588,1.98582923412323
TALAZOPARIB,2,NCIH1836,5.052521705627441,1.6170618297113633,1.5887176990509033
TALAZOPARIB,2,NCIH1876,-2.6870880126953125,2.2026388033563373,2.2726190090179443
TALAZOPARIB,2,NCIH1915,1.5656709671020508,0.7807020434204678,0.6119245886802673
TALAZOPARIB,2,NCIH1944,0.13155411183834076,1.256972584396136,1.1681658029556274
TALAZOPARIB,2,NCIH196,3.158003807067871,1.3238866994673955,1.2463154792785645
TALAZOPARIB,2,NCIH2342,2.6262590885162354,2.6542050446313348,2.8000078201293945
TALAZOPARIB,2,NCIH2405,2.5958709716796875,2.0719255636934255,2.119957685470581
TALAZOPARIB,2,NCIH441,3.0426979064941406,1.5891941070328033,1.5561707019805908
TALAZOPARIB,2,NCIH446,0.07737557590007782,2.1992810889970356,2.268697500228882
TALAZOPARIB,2,NCIH647,1.5296859741210938,0.7684797528871807,0.5976500511169434
TALAZOPARIB,2,P12ICHIKAWA,0.570285975933075,1.4332721858140869,1.3740679025650024
TALAZOPARIB,2,RCHACV,-1.4487395286560059,1.049803057829716,0.9262104034423828
TALAZOPARIB,2,RERFLCMS,0.030745375901460648,0.42319227519762515,0.19438529014587402
TALAZOPARIB,2,SHP77,3.2973310947418213,1.1565024543454436,1.0508257150650024
TALAZOPARIB,2,SUDHL6,3.2503299713134766,1.1413238420756042,1.0330984592437744
TALAZOPARIB,2,SUDHL8,0.05241861194372177,1.6171749239328523,1.5888497829437256
TALAZOPARIB,2,THP1,1.2680134773254395,1.1648532581693702,1.06057870388031
TALAZOPARIB,2,WSUDLCL2,2.432223081588745,1.7800376457483738,1.779058814048767
TALAZOPARIB,3,697,-3.487809896469116,0.46682455255024896,0.10019262880086899
TALAZOPARIB,3,A3KAW,0.06309341639280319,0.8409600135569624,0.5512310862541199
TALAZOPARIB,3,ABC1,3.5319631099700928,1.4247361431905987,1.2550015449523926
TALAZOPARIB,3,BEN,3.5470709800720215,2.0034432390849903,1.9526610374450684
TALAZOPARIB,3,CHAGOK1,3.5998730659484863,1.4664857977336427,1.3053327798843384
TALAZOPARIB,3,COLO668,0.15642857551574707,1.8576044809032506,1.7768453359603882
TALAZOPARIB,3,DB,2.3551089763641357,2.643176903100521,2.723891019821167
TALAZOPARIB,3,DMS114,2.842599391937256,1.2198322770828272,1.0079799890518188
TALAZOPARIB,3,EHEB,2.5159659385681152,1.0181721970327424,0.764868974685669
TALAZOPARIB,3,EPLC272H,3.066314458847046,1.7106973815263138,1.5997416973114014
TALAZOPARIB,3,GA10,1.706460952758789,0.9413355833734589,0.6722387075424194
TALAZOPARIB,3,HARA,0.837272047996521,1.849687245977791,1.7673007249832153
TALAZOPARIB,3,HCC78,0.3043714165687561,1.252195776998944,1.046995759010315
TALAZOPARIB,3,KARPAS422,4.532739639282227,1.6947004454977095,1.5804566144943237
TALAZOPARIB,3,KCL22,2.1967079639434814,1.3045670410830947,1.110131859779358
TALAZOPARIB,3,KMH2,1.5121829509735107,2.055484428853187,2.015399217605591
TALAZOPARIB,3,KMS12BM,2.0370676517486572,1.870599599673191,1.7925115823745728
TALAZOPARIB,3,KNS62,2.842182159423828,1.5579903483782642,1.415645956993103
TALAZOPARIB,3,L540,-0.003315499983727932,2.4897985474446784,2.5389859676361084
TALAZOPARIB,3,LOUCY,4.058650970458984,1.6965142720937392,1.5826432704925537
TALAZOPARIB,3,LXF289,0.05645279958844185,1.9153552245969092,1.8464666604995728
TALAZOPARIB,3,MM1S,1.3309040069580078,1.3869575654763149,1.2094576358795166
TALAZOPARIB,3,NCIH1436,4.505195617675781,2.137875645433409,2.1147258281707764
TALAZOPARIB,3,NCIH146,2.6126549243927,1.6415196192731405,1.5163445472717285
TALAZOPARIB,3,NCIH2023,0.5544417500495911,0.9426709604255269,0.673848569393158
TALAZOPARIB,3,NCIH2170,0.03958946466445923,2.4141419148555805,2.4477782249450684
TALAZOPARIB,3,NCIH2227,0.8975080251693726,1.6210909065242147,1.491716742515564
TALAZOPARIB,3,NCIH661,1.3283476829528809,1.5580134872008924,1.415673851966858
TALAZOPARIB,3,OCIAML3,1.6610629558563232,0.5470987708079371,0.19696709513664246
TALAZOPARIB,3,OCIM1,0.06610697507858276,1.2746354907555268,1.0740479230880737
TALAZOPARIB,3,RERFLCKJ,3.201093912124634,1.7077885150935928,1.596234917640686
TALAZOPARIB,3,RPMI8226,3.203223466873169,1.7171239423016809,1.6074892282485962
TALAZOPARIB,3,RPMI8402,0.029776999726891518,1.6722273089973305,1.5533641576766968
TALAZOPARIB,3,RS411,-0.05602499842643738,0.9249663496217968,0.6525048017501831
TALAZOPARIB,3,SBC5,0.23888938128948212,1.7503731449284035,1.6475727558135986
TALAZOPARIB,3,SIGM5,3.125432014465332,1.3614440470128915,1.1786998510360718
TALAZOPARIB,3,SKM1,2.254518508911133,0.934235920180866,0.6636797189712524
TALAZOPARIB,3,SKMM2,4.8356733322143555,2.478530929663269,2.525402307510376
TALAZOPARIB,3,ST486,3.9090890884399414,1.0631804702120817,0.8191286325454712
TALAZOPARIB,3,SUDHL1,-1.5678625106811523,1.2522076430618303,1.047010064125061
TALAZOPARIB,3,SUDHL10,3.468886613845825,2.026837973136206,1.9808645248413086
TALAZOPARIB,4,A549,1.1807485818862915,1.623496997330663,1.655982494354248
TALAZOPARIB,4,CMLT1,-1.6955139636993408,0.7680299432126465,0.5228458642959595
TALAZOPARIB,4,CORL23,0.5976388454437256,2.0089111602666385,2.1664953231811523
TALAZOPARIB,4,CORL88,4.287561893463135,1.6493676282304786,1.690250277519226
TALAZOPARIB,4,DMS79,0.7354220151901245,2.1006182129702466,2.287968873977661
TALAZOPARIB,4,EJM,4.647781848907471,2.2677445459290495,2.5093414783477783
TALAZOPARIB,4,HCC15,1.7819530963897705,1.2313094321954807,1.1364977359771729
TALAZOPARIB,4,HCC44,0.13081815838813782,1.7891594287166628,1.8754160404205322
TALAZOPARIB,4,JEKO1,0.9410549998283386,1.7041979689422508,1.7628775835037231
TALAZOPARIB,4,JM1,0.05593499913811684,0.6618572327303873,0.3822113573551178
TALAZOPARIB,4,JVM3,0.07678113877773285,1.618520127972738,1.6493902206420898
TALAZOPARIB,4,K562,3.606635093688965,1.104559414364456,0.9686068892478943
TALAZOPARIB,4,LP1,4.301325798034668,1.81388186975629,1.9081629514694214
TALAZOPARIB,4,MOLT13,1.7172679901123047,0.7534284564994848,0.5035049915313721
TALAZOPARIB,4,NALM6,0.022734493017196655,0.5984448972946904,0.29821649193763733
TALAZOPARIB,4,NCIH1435,5.13666296005249,1.2305246527958222,1.13545823097229
TALAZOPARIB,4,NCIH1648,1.5593922138214111,2.516396678847819,2.8387017250061035
TALAZOPARIB,4,NCIH1651,0.002497681649401784,1.2064232854531036,1.1035339832305908
TALAZOPARIB,4,NCIH1792,0.007193789351731539,2.0048333673080925,2.1610939502716064
TALAZOPARIB,4,NCIH2009,0.0333387590944767,1.6512546986951615,1.6927498579025269
TALAZOPARIB,4,NCIH2066,5.04068660736084,2.1042632972873294,2.292797088623047
TALAZOPARIB,4,NCIH2081,2.5355589389801025,0.8470076400599387,0.6274583339691162
TALAZOPARIB,4,NCIH211,0.05184505134820938,1.7050697760574447,1.7640323638916016
TALAZOPARIB,4,NCIH2172,3.818892478942871,1.5494053622249824,1.5578420162200928
TALAZOPARIB,4,NCIH2228,0.3339781165122986,1.540674331413233,1.5462770462036133
TALAZOPARIB,4,NCIH23,0.04132883623242378,2.218124528447073,2.443615674972534
TALAZOPARIB,4,NCIH460,0.006235490553081036,0.37476737580783137,0.001937176799401641
TALAZOPARIB,4,NCIH596,0.04298308491706848,2.121058296421119,2.3150434494018555
TALAZOPARIB,4,NCIH650,1.6388217210769653,2.707184290701597,3.0914156436920166
TALAZOPARIB,4,NCIH69,2.781569004058838,1.5178311310438197,1.516019344329834
TALAZOPARIB,4,NCIH82,2.840585947036743,0.8811367241765946,0.6726651191711426
TALAZOPARIB,4,NCIH841,1.462195873260498,1.0782973837388248,0.9338206648826599
TALAZOPARIB,4,NCIH929,1.8299365043640137,1.9437201115218992,2.0801444053649902
TALAZOPARIB,4,OPM2,3.596977472305298,1.5256767650971013,1.526411533355713
TALAZOPARIB,4,PF382,2.4590320587158203,1.1040142536748423,0.9678847789764404
TALAZOPARIB,4,PL21,1.4663599729537964,1.1512222444721578,1.030415654182434
TALAZOPARIB,4,REH,0.6687840223312378,1.0299175337026387,0.8697375655174255
TALAZOPARIB,4,SKLU1,0.026547173038125038,2.0015657330830012,2.1567656993865967
TALAZOPARIB,4,SUDHL4,2.7644848823547363,1.8028735387233301,1.893581509590149
TALAZOPARIB,4,SUPB15,-0.08675098419189453,0.4949664235891195,0.161150723695755
TALAZOPARIB,5,CA46,3.791032552719116,0.8762551968547756,0.6697059273719788
TALAZOPARIB,5,CALU3,3.1884210109710693,1.0728928186834623,0.8818504810333252
TALAZOPARIB,5,CMK,0.5257120132446289,2.085818542565028,1.9746559858322144
TALAZOPARIB,5,CORL105,4.641374111175537,1.1365419074323755,0.9505189657211304
TALAZOPARIB,5,DAUDI,1.3118289709091187,1.234704836735852,1.0564230680465698
TALAZOPARIB,5,DOHH2,-2.4028873443603516,1.092405340068972,0.9029017686843872
TALAZOPARIB,5,EBC1,2.1148650646209717,1.7274817738982005,1.5880606174468994
TALAZOPARIB,5,HCC366,0.8469054102897644,2.198062031538459,2.0957510471343994
TALAZOPARIB,5,HDLM2,3.390498399734497,1.5221532895635241,1.3665398359298706
TALAZOPARIB,5,HEL,0.21559879183769226,2.0879147538283687,1.9769175052642822
TALAZOPARIB,5,HT,0.022073131054639816,1.1927833738580413,1.0111956596374512
TALAZOPARIB,5,JURKAT,0.5473105907440186,1.4497781454728527,1.2884571552276611
TALAZOPARIB,5,JURLMK1,0.44374561309814453,1.9593529491096495,1.8382172584533691
TALAZOPARIB,5,KMS11,3.254318952560425,1.821464103699886,1.689454436302185
TALAZOPARIB,5,KU812,1.2809665203094482,2.2308670582620405,2.131143093109131
TALAZOPARIB,5,LCLC97TM1,3.4009764194488525,0.9883110091200316,0.7905985116958618
TALAZOPARIB,5,LU65,4.223133563995361,1.437049830462682,1.274725079536438
TALAZOPARIB,5,MEG01,1.8993430137634277,2.6934366088141313,2.6301910877227783
TALAZOPARIB,5,MOLM16,1.7782779932022095,1.6963654508137327,1.5544904470443726
TALAZOPARIB,5,NB4,0.03655274957418442,2.331270616525404,2.239464521408081
TALAZOPARIB,5,NCIH1048,0.0030440804548561573,0.4356709616309861,0.19437702000141144
TALAZOPARIB,5,NCIH1437,0.09325682371854782,1.7588670431750126,1.6219209432601929
TALAZOPARIB,5,NCIH1793,4.036348819732666,0.881121366056814,0.6749558448791504
TALAZOPARIB,5,NCIH2085,4.397261142730713,1.996086866449993,1.8778480291366577
TALAZOPARIB,5,NCIH2122,0.2159220278263092,0.9578922997518201,0.7577809691429138
TALAZOPARIB,5,NCIH2291,3.471540927886963,1.8622458048792434,1.7334522008895874
TALAZOPARIB,5,NCIH2444,2.795137882232666,1.4661569022893046,1.3061275482177734
TALAZOPARIB,5,NCIH524,3.966315507888794,2.064063624290677,1.9511854648590088
TALAZOPARIB,5,NCIH526,2.1468119621276855,2.220503016743077,2.119961738586426
TALAZOPARIB,5,NCIH727,6.02353572845459,1.6573987496982425,1.5124508142471313
TALAZOPARIB,5,NCIH810,2.777463436126709,1.6090159484705777,1.4602525234222412
TALAZOPARIB,5,NOMO1,1.0219253301620483,0.7788199360597978,0.564586877822876
TALAZOPARIB,5,NUDUL1,0.19995750486850739,0.3009652757584585,0.04904838278889656
TALAZOPARIB,5,OCIAML5,0.9817959666252136,0.809935264684228,0.5981559753417969
TALAZOPARIB,5,OCILY19,0.049830250442028046,0.5730633643028984,0.34260424971580505
TALAZOPARIB,5,P31FUJ,4.525211811065674,1.163396969256461,0.9794918298721313
TALAZOPARIB,5,RAJI,-0.3266400098800659,1.1431567241146725,0.9576554298400879
TALAZOPARIB,5,SKMES1,1.1308526992797852,2.066468339156739,1.9537798166275024
TALAZOPARIB,5,SUPM2,-3.5092239379882812,1.3865218684387237,1.220212459564209
TALAZOPARIB,5,SUPT1,1.4932700395584106,1.379578548457396,1.212721586227417
TRAMETINIB,1,ALLSIL,1.4398829936981201,0.19054600015149273,0.06588715314865112
TRAMETINIB,1,AMO1,-0.18100300431251526,0.5100903766595973,0.45233646035194397
TRAMETINIB,1,CAL12T,-0.10257799923419952,-0.056149228362914194,-0.2324601411819458
TRAMETINIB,1,CMK,0.7234309911727905,-0.7918926190958593,-1.1222505569458008
TRAMETINIB,1,CORL105,-0.8996325135231018,0.37421371032930584,0.28801047801971436
TRAMETINIB,1,CORL88,2.871870517730713,1.685630607085463,1.8740066289901733
TRAMETINIB,1,CORL95,2.869374990463257,1.9598393902850928,2.2056281566619873
TRAMETINIB,1,DMS273,1.916787028312683,1.2655810436546768,1.3660087585449219
TRAMETINIB,1,EHEB,0.02681400068104267,0.5180468722873877,0.4619588553905487
TRAMETINIB,1,EJM,2.0401198863983154,0.6867898877499192,0.666032612323761
TRAMETINIB,1,EM2,-0.9754350185394287,-1.2717535293617424,-1.702582836151123
TRAMETINIB,1,HCC15,-2.9562854766845703,0.008244482722568308,-0.15458393096923828
TRAMETINIB,1,HCC827,1.1258745193481445,0.1246763383840402,-0.013774036429822445
TRAMETINIB,1,JURLMK1,-4.589414119720459,0.2963793511162031,0.19387947022914886
TRAMETINIB,1,KMH2,-0.9593870043754578,-0.22594485788152036,-0.4378069043159485
TRAMETINIB,1,L540,2.5551459789276123,0.37377470015936626,0.28747954964637756
TRAMETINIB,1,MEG01,-3.1895859241485596,-0.1929363202182362,-0.3978871703147888
TRAMETINIB,1,MOLT16,0.46248599886894226,0.4058685244632348,0.32629305124282837
TRAMETINIB,1,NCIH1341,0.8696050047874451,0.3857124500136666,0.30191677808761597
TRAMETINIB,1,NCIH1435,2.067578077316284,0.5890330794544172,0.5478078722953796
TRAMETINIB,1,NCIH1623,-0.23491400480270386,0.5596195705675469,0.5122358798980713
TRAMETINIB,1,NCIH1793,0.09792724251747131,-1.0322880331895878,-1.412979006767273
TRAMETINIB,1,NCIH1836,3.161149501800537,0.4126488966904802,0.33449307084083557
TRAMETINIB,1,NCIH1876,1.9129395484924316,1.022185821196812,1.0716524124145508
TRAMETINIB,1,NCIH1944,-0.18420150876045227,-0.16760926535666748,-0.3672572374343872
TRAMETINIB,1,NCIH2009,-0.9528569579124451,0.35164176155921,0.26071250438690186
TRAMETINIB,1,NCIH2030,-0.2472483366727829,-0.14582213813539213,-0.340908408164978
TRAMETINIB,1,NCIH2081,2.78597354888916,1.202894482079873,1.2901971340179443
TRAMETINIB,1,NCIH2087,-0.8508210778236389,-0.7268747570373635,-1.0436195135116577
TRAMETINIB,1,NCIH209,1.4042270183563232,0.44962589900529826,0.3792121708393097
TRAMETINIB,1,NCIH2171,2.1262340545654297,1.8148902824642148,2.030330181121826
TRAMETINIB,1,NCIH2444,0.31387901306152344,0.6573103856418814,0.6303808093070984
TRAMETINIB,1,NCIH441,0.8095871806144714,0.04914539563967804,-0.10511934757232666
TRAMETINIB,1,NCIH460,-0.1341586858034134,-0.20075644299840123,-0.40734463930130005
TRAMETINIB,1,NCIH650,0.3148573338985443,-0.4836807177974265,-0.7495064735412598
TRAMETINIB,1,RAJI,1.6792620420455933,0.7242518096338684,0.7113381624221802
TRAMETINIB,1,REH,1.4273960590362549,1.0489628047914095,1.1040358543395996
TRAMETINIB,1,SKLU1,-0.21268145740032196,1.0547111642818097,1.1109877824783325
TRAMETINIB,1,SKMES1,-1.1702419519424438,1.1124497621180878,1.1808154582977295
TRAMETINIB,1,SUDHL4,1.260285496711731,-0.8361119215433687,-1.1757283210754395
TRAMETINIB,1,SUDHL8,0.910259485244751,0.36403195186931125,0.27569690346717834
TRAMETINIB,2,ABC1,2.6966331005096436,-0.1116712638878582,-0.41644689440727234
TRAMETINIB,2,CORL23,0.11571499705314636,0.14034179333976216,-0.0768624022603035
TRAMETINIB,2,CORL279,1.925971508026123,1.9688963499510144,2.387092351913452
TRAMETINIB,2,DMS79,2.6327950954437256,2.0665832173305505,2.518724203109741
TRAMETINIB,2,GA10,1.5566380023956299,0.9842161451616049,1.0602478981018066
TRAMETINIB,2,HARA,-0.10663184523582458,-0.6820757408794584,-1.185059905052185
TRAMETINIB,2,HCC78,0.5355073809623718,0.6255751933395954,0.576983630657196
TRAMETINIB,2,HEL,1.635174036026001,0.054580945669476466,-0.19242408871650696
TRAMETINIB,2,HH,2.775484085083008,0.6646021057446648,0.6295719146728516
TRAMETINIB,2,HL60,-3.320143938064575,1.1087353003675406,1.2280359268188477
TRAMETINIB,2,IALM,0.9863874912261963,0.2783804892158944,0.10914304107427597
TRAMETINIB,2,JEKO1,2.258939027786255,0.024264529945064478,-0.23327508568763733
TRAMETINIB,2,K562,0.02950969710946083,0.1524872740480475,-0.06049651652574539
TRAMETINIB,2,KG1,0.24519449472427368,-0.04168725185320438,-0.3221442997455597
TRAMETINIB,2,KMS11,0.6786580085754395,0.8152385076746038,0.8325526118278503
TRAMETINIB,2,L363,1.5119119882583618,0.6486100002726611,0.6080227494239807
TRAMETINIB,2,LOUNH91,0.8181126713752747,0.8553011127720032,0.8865364789962769
TRAMETINIB,2,MHHCALL2,1.5755754709243774,1.1987398882285105,1.3493160009384155
TRAMETINIB,2,MOLT13,-3.0445475578308105,0.6968261971649046,0.6729934811592102
TRAMETINIB,2,NB4,-5.629967212677002,0.6189159113821259,0.5680103302001953
TRAMETINIB,2,NCIH1092,2.5834219455718994,0.6474215679003699,0.6064213514328003
TRAMETINIB,2,NCIH1105,2.267302989959717,1.5897150738985342,1.8761502504348755
TRAMETINIB,2,NCIH146,2.1562209129333496,1.5427247754975877,1.8128314018249512
TRAMETINIB,2,NCIH1650,2.705922842025757,-0.6977146386061708,-1.2061331272125244
TRAMETINIB,2,NCIH1781,0.327505499124527,0.3873651221273012,0.25599849224090576
TRAMETINIB,2,NCIH1792,-1.1644765138626099,0.7371345216142255,0.727308452129364
TRAMETINIB,2,NCIH2023,0.42911800742149353,0.3463936982405691,0.20079000294208527
TRAMETINIB,2,NCIH2110,-0.2231750339269638,0.5501822149552877,0.47539252042770386
TRAMETINIB,2,NCIH2172,1.0321489572525024,0.035039378819210654,-0.21875610947608948
TRAMETINIB,2,NCIH2196,2.796905040740967,1.9954343938298027,2.422852039337158
TRAMETINIB,2,NCIH2342,1.9375834465026855,0.588897676423025,0.5275611281394958
TRAMETINIB,2,NCIH2347,0.028167661279439926,-0.21838045487359098,-0.5602362155914307
TRAMETINIB,2,NCIH2405,-2.028916597366333,1.105064063044033,1.2230889797210693
TRAMETINIB,2,OCIAML5,-2.6397149562835693,0.43287077579949484,0.31731680035591125
TRAMETINIB,2,P31FUJ,-1.2861089706420898,0.80529627362696,0.8191555738449097
TRAMETINIB,2,RPMI8402,1.668995976448059,0.6256040780806944,0.5770225524902344
TRAMETINIB,2,SBC5,0.7819769978523254,0.001436295356458478,-0.2640358507633209
TRAMETINIB,2,SKM1,-4.869623184204102,0.02522617507751737,-0.23197928071022034
TRAMETINIB,2,SUPM2,0.18683350086212158,0.08379447739722569,-0.1530592143535614
TRAMETINIB,2,SW1271,0.34471380710601807,0.3188444561953064,0.1636677384376526
TRAMETINIB,2,THP1,0.7297620177268982,-0.34985455146962335,-0.7373959422111511
TRAMETINIB,3,697,0.5100989937782288,0.44733936956181064,0.4213709235191345
TRAMETINIB,3,A3KAW,-0.0835125744342804,-0.0653320824027731,-0.1430068463087082
TRAMETINIB,3,A549,-1.5725111961364746,-0.2558148255808824,-0.3527010381221771
TRAMETINIB,3,BEN,2.7813880443573,1.2485965551766145,1.3034402132034302
TRAMETINIB,3,CMLT1,-0.5171459913253784,0.12505749270133693,0.06658478081226349
TRAMETINIB,3,DAUDI,1.9145410060882568,-0.06088280942245017,-0.13810883462429047
TRAMETINIB,3,DB,1.4635499715805054,1.4952272147947832,1.5749452114105225
TRAMETINIB,3,DMS114,1.0139034986495972,-0.6567615678015168,-0.7940859198570251
TRAMETINIB,3,EBC1,-1.8755230903625488,0.5467885662857774,0.5308502316474915
TRAMETINIB,3,HCC33,2.858551025390625,0.4582763512243085,0.43341097235679626
TRAMETINIB,3,HCC366,1.7084790468215942,0.14609588066559231,0.08974502980709076
TRAMETINIB,3,HDLM2,2.1646006107330322,-0.47682284357251403,-0.5959991812705994
TRAMETINIB,3,HT,0.9143319725990295,0.5587611849294878,0.5440303683280945
TRAMETINIB,3,JVM2,0.6348974704742432,0.822899050158797,0.8348082900047302
TRAMETINIB,3,KARPAS422,2.1994595527648926,0.7205029647156329,0.7220848798751831
TRAMETINIB,3,KCL22,-1.1205699443817139,0.6747515522355121,0.6717191338539124
TRAMETINIB,3,KMS12BM,1.7688440084457397,0.9606543350242878,0.986457109451294
TRAMETINIB,3,KOPN8,0.02559487521648407,-0.6847197325755161,-0.824863851070404
TRAMETINIB,3,LCLC103H,3.352705717086792,0.036545658338993495,-0.030854059383273125
TRAMETINIB,3,MOLM13,-2.907633066177368,0.901293155532875,0.9211089611053467
TRAMETINIB,3,MONOMAC6,-0.8785495162010193,0.5745291809674745,0.5613886713981628
TRAMETINIB,3,NAMALWA,2.061216115951538,1.0503321865123691,1.0851795673370361
TRAMETINIB,3,NCIH1048,0.9158180952072144,0.2110320113837217,0.1612304002046585
TRAMETINIB,3,NCIH1651,1.6300605535507202,-0.0005656115189466293,-0.07170824706554413
TRAMETINIB,3,NCIH2227,0.571707010269165,1.0087595442098978,1.0394140481948853
TRAMETINIB,3,NCIH23,0.26336121559143066,0.5203007325985278,0.5016909241676331
TRAMETINIB,3,NCIH69,2.8642029762268066,0.09816642250029411,0.03698156774044037
TRAMETINIB,3,NCIH838,0.14695000648498535,0.8324098550651258,0.8452783226966858
TRAMETINIB,3,NCIH841,1.1651500463485718,0.44556112225432365,0.41941332817077637
TRAMETINIB,3,NCIH929,-3.8262484073638916,0.7768503878014389,0.7841153144836426
TRAMETINIB,3,OCIAML2,-6.6227498054504395,0.9328457697786685,0.9558438658714294
TRAMETINIB,3,OCIAML3,-5.920936107635498,1.179160716458008,1.2270013093948364
TRAMETINIB,3,PL21,-2.008626937866211,1.2868306861074195,1.3455305099487305
TRAMETINIB,3,RERFLCMS,-1.860748052597046,1.0027609442282737,1.0328104496002197
TRAMETINIB,3,SHP77,1.4450269937515259,-0.11494184160453425,-0.19762007892131805
TRAMETINIB,3,SKMM2,3.320274591445923,-1.1504762337085475,-1.337594985961914
TRAMETINIB,3,SUDHL1,-0.5083431005477905,0.18974948868422717,0.137801393866539
TRAMETINIB,3,SUDHL10,1.0030659437179565,0.3449152105191297,0.30861660838127136
TRAMETINIB,3,SUDHL5,0.4595760107040405,0.8769242424186091,0.8942822813987732
TRAMETINIB,3,SUDHL6,1.024625539779663,0.5039852336901178,0.48372989892959595
TRAMETINIB,3,SUPT1,2.7225794792175293,0.04944237758010757,-0.016656620427966118
TRAMETINIB,4,BL41,1.1942775249481201,0.589276267602017,0.7215387225151062
TRAMETINIB,4,BV173,-1.8400330543518066,0.3236779480349893,0.10754312574863434
TRAMETINIB,4,CHAGOK1,2.6126580238342285,-0.011432015747299795,-0.6671456694602966
TRAMETINIB,4,CORL311,3.006347894668579,1.0339439613091335,1.7494970560073853
TRAMETINIB,4,DOHH2,0.8057878613471985,-0.009562616182063666,-0.6628240942955017
TRAMETINIB,4,EPLC272H,-2.8177719116210938,0.06496004453164494,-0.49054670333862305
TRAMETINIB,4,GDM1,0.5748664736747742,-0.6077264647954304,-2.045626401901245
TRAMETINIB,4,GRANTA519,2.0604214668273926,0.24842940728762608,-0.0664123147726059
TRAMETINIB,4,JM1,1.381173014640808,-0.06816518823096945,-0.7982982993125916
TRAMETINIB,4,JVM3,-0.240665003657341,0.6576596947330372,0.8796237707138062
TRAMETINIB,4,L1236,2.1967239379882812,0.8007696776975096,1.2104575634002686
TRAMETINIB,4,LAMA84,0.015316503122448921,-1.115334452258622,-3.2190866470336914
TRAMETINIB,4,LCLC97TM1,-3.390101909637451,0.4833142453887449,0.47658154368400574
TRAMETINIB,4,LOUCY,0.7244064807891846,0.5559564841341205,0.644511878490448
TRAMETINIB,4,LP1,1.9423409700393677,0.3975905541894576,0.2784102261066437
TRAMETINIB,4,LU65,-1.7520450353622437,-0.33441274023210477,-1.413794755935669
TRAMETINIB,4,NALM6,0.930571973323822,0.04779363792321992,-0.5302310585975647
TRAMETINIB,4,NCIH1155,1.8234765529632568,-0.07039761805492956,-0.803459107875824
TRAMETINIB,4,NCIH1648,-0.49318113923072815,0.2080483501033601,-0.15976302325725555
TRAMETINIB,4,NCIH196,2.7592859268188477,0.599843464788575,0.7459673881530762
TRAMETINIB,4,NCIH1975,-0.8305590152740479,0.21684822420154895,-0.13941995799541473
TRAMETINIB,4,NCIH2066,2.3952784538269043,0.5915406172740099,0.7267733216285706
TRAMETINIB,4,NCIH2085,1.2440979480743408,0.16194208271261484,-0.2663489580154419
TRAMETINIB,4,NCIH211,0.6974939703941345,0.48607859962695255,0.48297202587127686
TRAMETINIB,4,NCIH2122,-1.9659115076065063,-0.20314275194864412,-1.1103320121765137
TRAMETINIB,4,NCIH2228,0.27340176701545715,0.6488037675252982,0.8591511249542236
TRAMETINIB,4,NCIH292,-1.8810019493103027,-0.08690652220399941,-0.8416234850883484
TRAMETINIB,4,NCIH358,-1.0874302387237549,0.4553569706069415,0.4119514524936676
TRAMETINIB,4,NCIH526,2.57206392288208,1.0683184404988597,1.8289620876312256
TRAMETINIB,4,NCIH596,0.3021567165851593,0.5934644971614536,0.7312208414077759
TRAMETINIB,4,NCIH727,-3.8684890270233154,0.7995802894990055,1.2077080011367798
TRAMETINIB,4,NOMO1,-2.000136375427246,0.29065334419973554,0.031198661774396896
TRAMETINIB,4,NUDUL1,1.2304054498672485,0.4940449480004234,0.5013881921768188
TRAMETINIB,4,OCILY19,-0.2090969979763031,0.6057192435996979,0.7595506906509399
TRAMETINIB,4,PF382,0.8938300013542175,0.5157723863352517,0.5516164898872375
TRAMETINIB,4,RERFLCKJ,1.4702785015106201,0.3474537227245099,0.16250665485858917
TRAMETINIB,4,RPMI8226,-0.11123800277709961,0.6209245906592389,0.7947015762329102
TRAMETINIB,4,RS411,1.620023488998413,0.2924354798508629,0.03531850501894951
TRAMETINIB,4,ST486,1.4234035015106201,0.5821770149388364,0.7051270604133606
TRAMETINIB,4,SW1573,0.8184935450553894,0.17276265980755667,-0.24133454263210297
TRAMETINIB,5,A4FUK,-2.676455020904541,0.017553472113339543,0.006495384033769369
TRAMETINIB,5,CA46,2.072065591812134,0.6302752235836266,0.682811975479126
TRAMETINIB,5,CALU3,-0.34349700808525085,-0.5475210949685585,-0.6172286868095398
TRAMETINIB,5,CALU6,-1.692241907119751,-0.6839027215119131,-0.767765462398529
TRAMETINIB,5,COLO668,2.688408136367798,-0.313954704824889,-0.3594202697277069
TRAMETINIB,5,DMS53,0.3388589918613434,0.5706274724532374,0.616973340511322
TRAMETINIB,5,DND41,-0.797540009021759,0.16829382255756448,0.17288118600845337
TRAMETINIB,5,HCC44,-2.292491912841797,0.8517339878650292,0.9272561073303223
TRAMETINIB,5,JURKAT,1.7511789798736572,0.2750208903799708,0.2906855344772339
TRAMETINIB,5,KNS62,-0.7239575386047363,0.03829639245392573,0.029391227290034294
TRAMETINIB,5,KU812,-5.543590068817139,-0.5791618258624389,-0.6521534323692322
TRAMETINIB,5,L428,2.424406051635742,-0.44215720189217594,-0.5009289979934692
TRAMETINIB,5,LXF289,0.24665190279483795,0.6800005918415568,0.7376983761787415
TRAMETINIB,5,ME1,0.11574850231409073,-0.43589798664999074,-0.49402013421058655
TRAMETINIB,5,MM1S,0.7378460168838501,0.5487894065419443,0.5928686857223511
TRAMETINIB,5,MOLM16,-0.6397429704666138,0.9348920753684,1.0190452337265015
TRAMETINIB,5,MOLP8,-0.46449801325798035,-0.06542741244366425,-0.08509814739227295
TRAMETINIB,5,NCIH1436,2.515549421310425,1.6732726001365554,1.8340628147125244
TRAMETINIB,5,NCIH1437,-3.142927885055542,0.18799889043098994,0.1946314573287964
TRAMETINIB,5,NCIH1568,1.7242792844772339,-0.34876539480274277,-0.39784398674964905
TRAMETINIB,5,NCIH1915,-1.056755542755127,-0.27863425531596003,-0.3204338848590851
TRAMETINIB,5,NCIH1963,1.759634017944336,1.880803049230532,2.0631330013275146
TRAMETINIB,5,NCIH2029,2.0424070358276367,1.354588977291721,1.4823027849197388
TRAMETINIB,5,NCIH2170,3.9143259525299072,0.3767499927999757,0.4029731750488281
TRAMETINIB,5,NCIH2291,-4.616305351257324,-0.3066381975553005,-0.35134437680244446
TRAMETINIB,5,NCIH446,1.5607404708862305,1.8168450760650905,1.9925367832183838
TRAMETINIB,5,NCIH522,1.3312009572982788,1.3745998468838414,1.5043905973434448
TRAMETINIB,5,NCIH524,2.288459062576294,-0.7801796649473265,-0.8740350604057312
TRAMETINIB,5,NCIH647,0.7658380270004272,0.20512771517428616,0.21353809535503387
TRAMETINIB,5,NCIH661,1.1344624757766724,0.4313684315567994,0.4632605016231537
TRAMETINIB,5,NCIH810,2.5014915466308594,1.0586574775173443,1.155656337738037
TRAMETINIB,5,NCIH82,2.6035335063934326,0.7251730082877201,0.7875592708587646
TRAMETINIB,5,OCIM1,0.19099299609661102,-0.6257807389779784,-0.7036109566688538
TRAMETINIB,5,OPM2,0.5325915217399597,0.33832908214314245,0.36056452989578247
TRAMETINIB,5,P12ICHIKAWA,0.5016869902610779,0.603653356072924,0.653427004814148
TRAMETINIB,5,RCHACV,1.4267610311508179,0.010373557823568661,-0.0014297388261184096
TRAMETINIB,5,RL,1.7791515588760376,-0.09007560876993534,-0.11230459809303284
TRAMETINIB,5,SIGM5,1.7017990350723267,0.12388591040813822,0.12386414408683777
TRAMETINIB,5,SUPB15,-0.3954159915447235,0.4641126784355618,0.49940329790115356
TRAMETINIB,5,WSUDLCL2,0.02573252283036709,0.6618736185164515,0.7176899909973145
