drug,source,field,token_original,token_norm,feature
ERLOTINIB,drug_sample,PUTATIVE_TARGET,EGFR,EGFR,rawtok_EGFR
ERLOTINIB,drug_sample,PUTATIVE_TARGET,NR1I2,NR1I2,rawtok_NR1I2
ERLOTINIB,drug_sample,PATHWAY_NAME,EGFR signaling,EGFR SIGNALING,rawtok_EGFR_SIGNALING
RAPAMYCIN,drug_sample,PUTATIVE_TARGET,MTORC1,MTORC1,rawtok_MTORC1
RAPAMYCIN,drug_sample,PATHWAY_NAME,MTOR signaling,MTOR SIGNALING,rawtok_MTOR_SIGNALING
RAPAMYCIN,drug_sample,PATHWAY_NAME,PI3K,PI3K,rawtok_PI3K
SUNITINIB,drug_sample,PUTATIVE_TARGET,CSF1R,CSF1R,rawtok_CSF1R
SUNITINIB,drug_sample,PUTATIVE_TARGET,FGFR1,FGFR1,rawtok_FGFR1
SUNITINIB,drug_sample,PUTATIVE_TARGET,FLT1,FLT1,rawtok_FLT1
SUNITINIB,drug_sample,PUTATIVE_TARGET,FLT3,FLT3,rawtok_FLT3
SUNITINIB,drug_sample,PUTATIVE_TARGET,FLT4,FLT4,rawtok_FLT4
SUNITINIB,drug_sample,PUTATIVE_TARGET,KDR,KDR,rawtok_KDR
SUNITINIB,drug_sample,PUTATIVE_TARGET,KIT,KIT,rawtok_KIT
SUNITINIB,drug_sample,PUTATIVE_TARGET,PDGFR,PDGFR,rawtok_PDGFR
SUNITINIB,drug_sample,PUTATIVE_TARGET,PDGFRA,PDGFRA,rawtok_PDGFRA
SUNITINIB,drug_sample,PUTATIVE_TARGET,PDGFRB,PDGFRB,rawtok_PDGFRB
SUNITINIB,drug_sample,PUTATIVE_TARGET,RET,RET,rawtok_RET
SUNITINIB,drug_sample,PUTATIVE_TARGET,VEGFR,VEGFR,rawtok_VEGFR
SUNITINIB,drug_sample,PATHWAY_NAME,RTK signaling,RTK SIGNALING,rawtok_RTK_SIGNALING
PHA-665752,drug_sample,PUTATIVE_TARGET,MET,MET,rawtok_MET
PHA-665752,drug_sample,PATHWAY_NAME,RTK signaling,RTK SIGNALING,rawtok_RTK_SIGNALING
MG-132,drug_sample,PUTATIVE_TARGET,CAPN1,CAPN1,rawtok_CAPN1
MG-132,drug_sample,PUTATIVE_TARGET,PSMB1,PSMB1,rawtok_PSMB1
MG-132,drug_sample,PUTATIVE_TARGET,Proteasome,PROTEASOME,rawtok_PROTEASOME
MG-132,drug_sample,PATHWAY_NAME,Protein stability and degradation,PROTEIN STABILITY AND DEGRADATION,rawtok_PROTEIN_STABILITY_AND_DEGRADATION
PACLITAXEL,drug_sample,PUTATIVE_TARGET,BCL2,BCL2,rawtok_BCL2
PACLITAXEL,drug_sample,PUTATIVE_TARGET,MAP2,MAP2,rawtok_MAP2
PACLITAXEL,drug_sample,PUTATIVE_TARGET,MAP4,MAP4,rawtok_MAP4
PACLITAXEL,drug_sample,PUTATIVE_TARGET,MAPT,MAPT,rawtok_MAPT
PACLITAXEL,drug_sample,PUTATIVE_TARGET,Microtubule stabiliser,MICROTUBULE STABILISER,rawtok_MICROTUBULE_STABILISER
PACLITAXEL,drug_sample,PUTATIVE_TARGET,NR1I2,NR1I2,rawtok_NR1I2
PACLITAXEL,drug_sample,PUTATIVE_TARGET,TLR4,TLR4,rawtok_TLR4
PACLITAXEL,drug_sample,PUTATIVE_TARGET,TUBB,TUBB,rawtok_TUBB
PACLITAXEL,drug_sample,PUTATIVE_TARGET,TUBB1,TUBB1,rawtok_TUBB1
PACLITAXEL,drug_sample,PATHWAY_NAME,Mitosis,MITOSIS,rawtok_MITOSIS
CYCLOPAMINE,drug_sample,PUTATIVE_TARGET,SMO,SMO,rawtok_SMO
AZ628,drug_sample,PUTATIVE_TARGET,BRAF,BRAF,rawtok_BRAF
AZ628,drug_sample,PATHWAY_NAME,ERK MAPK signaling,ERK MAPK SIGNALING,rawtok_ERK_MAPK_SIGNALING
SORAFENIB,drug_sample,PUTATIVE_TARGET,BRAF,BRAF,rawtok_BRAF
SORAFENIB,drug_sample,PUTATIVE_TARGET,DDR2,DDR2,rawtok_DDR2
SORAFENIB,drug_sample,PUTATIVE_TARGET,FGFR1,FGFR1,rawtok_FGFR1
SORAFENIB,drug_sample,PUTATIVE_TARGET,FLT1,FLT1,rawtok_FLT1
SORAFENIB,drug_sample,PUTATIVE_TARGET,FLT3,FLT3,rawtok_FLT3
SORAFENIB,drug_sample,PUTATIVE_TARGET,FLT4,FLT4,rawtok_FLT4
SORAFENIB,drug_sample,PUTATIVE_TARGET,KDR,KDR,rawtok_KDR
SORAFENIB,drug_sample,PUTATIVE_TARGET,KIT,KIT,rawtok_KIT
SORAFENIB,drug_sample,PUTATIVE_TARGET,PDGFR,PDGFR,rawtok_PDGFR
SORAFENIB,drug_sample,PUTATIVE_TARGET,PDGFRB,PDGFRB,rawtok_PDGFRB
SORAFENIB,drug_sample,PUTATIVE_TARGET,RAF,RAF,rawtok_RAF
SORAFENIB,drug_sample,PUTATIVE_TARGET,RAF1,RAF1,rawtok_RAF1
SORAFENIB,drug_sample,PUTATIVE_TARGET,RET,RET,rawtok_RET
SORAFENIB,drug_sample,PUTATIVE_TARGET,VEGFR,VEGFR,rawtok_VEGFR
SORAFENIB,drug_sample,PATHWAY_NAME,RTK signaling,RTK SIGNALING,rawtok_RTK_SIGNALING
SORAFENIB,drug_sample,PATHWAY_NAME,kinases,KINASES,rawtok_KINASES
TOZASERTIB,drug_sample,PUTATIVE_TARGET,AURKA,AURKA,rawtok_AURKA
TOZASERTIB,drug_sample,PUTATIVE_TARGET,AURKB,AURKB,rawtok_AURKB
TOZASERTIB,drug_sample,PUTATIVE_TARGET,AURKC,AURKC,rawtok_AURKC
TOZASERTIB,drug_sample,PUTATIVE_TARGET,LCK,LCK,rawtok_LCK
TOZASERTIB,drug_sample,PUTATIVE_TARGET,others,OTHERS,rawtok_OTHERS
TOZASERTIB,drug_sample,PATHWAY_NAME,Mitosis,MITOSIS,rawtok_MITOSIS
IMATINIB,drug_sample,PUTATIVE_TARGET,ABL,ABL,rawtok_ABL
IMATINIB,drug_sample,PUTATIVE_TARGET,ABL1,ABL1,rawtok_ABL1
IMATINIB,drug_sample,PUTATIVE_TARGET,CSF1R,CSF1R,rawtok_CSF1R
IMATINIB,drug_sample,PUTATIVE_TARGET,DDR1,DDR1,rawtok_DDR1
IMATINIB,drug_sample,PUTATIVE_TARGET,KIT,KIT,rawtok_KIT
IMATINIB,drug_sample,PUTATIVE_TARGET,NTRK1,NTRK1,rawtok_NTRK1
IMATINIB,drug_sample,PUTATIVE_TARGET,PDGFR,PDGFR,rawtok_PDGFR
IMATINIB,drug_sample,PUTATIVE_TARGET,PDGFRA,PDGFRA,rawtok_PDGFRA
IMATINIB,drug_sample,PUTATIVE_TARGET,PDGFRB,PDGFRB,rawtok_PDGFRB
IMATINIB,drug_sample,PUTATIVE_TARGET,RET,RET,rawtok_RET
IMATINIB,drug_sample,PATHWAY_NAME,kinases,KINASES,rawtok_KINASES
NVP-TAE684,drug_sample,PUTATIVE_TARGET,ALK,ALK,rawtok_ALK
NVP-TAE684,drug_sample,PUTATIVE_TARGET,INSR,INSR,rawtok_INSR
NVP-TAE684,drug_sample,PATHWAY_NAME,RTK signaling,RTK SIGNALING,rawtok_RTK_SIGNALING
CRIZOTINIB,drug_sample,PUTATIVE_TARGET,ALK,ALK,rawtok_ALK
CRIZOTINIB,drug_sample,PUTATIVE_TARGET,MET,MET,rawtok_MET
CRIZOTINIB,drug_sample,PUTATIVE_TARGET,ROS1,ROS1,rawtok_ROS1
CRIZOTINIB,drug_sample,PATHWAY_NAME,RTK signaling,RTK SIGNALING,rawtok_RTK_SIGNALING
SARACATINIB,drug_sample,PUTATIVE_TARGET,ABL,ABL,rawtok_ABL
SARACATINIB,drug_sample,PUTATIVE_TARGET,ABL1,ABL1,rawtok_ABL1
SARACATINIB,drug_sample,PUTATIVE_TARGET,LCK,LCK,rawtok_LCK
SARACATINIB,drug_sample,PUTATIVE_TARGET,SRC,SRC,rawtok_SRC
SARACATINIB,drug_sample,PUTATIVE_TARGET,YES1,YES1,rawtok_YES1
SARACATINIB,drug_sample,PATHWAY_NAME,kinases,KINASES,rawtok_KINASES
S-TRITYL-L-CYSTEINE,drug_sample,PUTATIVE_TARGET,KIF11,KIF11,rawtok_KIF11
S-TRITYL-L-CYSTEINE,drug_sample,PATHWAY_NAME,Mitosis,MITOSIS,rawtok_MITOSIS
Z-LLNLE-CHO,drug_sample,PUTATIVE_TARGET,gamma-secretase,GAMMA-SECRETASE,rawtok_GAMMA_SECRETASE
DASATINIB,drug_sample,PUTATIVE_TARGET,ABL,ABL,rawtok_ABL
DASATINIB,drug_sample,PUTATIVE_TARGET,ABL1,ABL1,rawtok_ABL1
DASATINIB,drug_sample,PUTATIVE_TARGET,ABL2,ABL2,rawtok_ABL2
DASATINIB,drug_sample,PUTATIVE_TARGET,BLK,BLK,rawtok_BLK
DASATINIB,drug_sample,PUTATIVE_TARGET,EPHA2,EPHA2,rawtok_EPHA2
DASATINIB,drug_sample,PUTATIVE_TARGET,Ephrins,EPHRINS,rawtok_EPHRINS
DASATINIB,drug_sample,PUTATIVE_TARGET,FGR,FGR,rawtok_FGR
DASATINIB,drug_sample,PUTATIVE_TARGET,FRK,FRK,rawtok_FRK
DASATINIB,drug_sample,PUTATIVE_TARGET,FYN,FYN,rawtok_FYN
DASATINIB,drug_sample,PUTATIVE_TARGET,HCK,HCK,rawtok_HCK
DASATINIB,drug_sample,PUTATIVE_TARGET,KIT,KIT,rawtok_KIT
DASATINIB,drug_sample,PUTATIVE_TARGET,LCK,LCK,rawtok_LCK
DASATINIB,drug_sample,PUTATIVE_TARGET,LYN,LYN,rawtok_LYN
DASATINIB,drug_sample,PUTATIVE_TARGET,PDGFR,PDGFR,rawtok_PDGFR
DASATINIB,drug_sample,PUTATIVE_TARGET,PDGFRB,PDGFRB,rawtok_PDGFRB
DASATINIB,drug_sample,PUTATIVE_TARGET,SRC,SRC,rawtok_SRC
DASATINIB,drug_sample,PUTATIVE_TARGET,SRMS,SRMS,rawtok_SRMS
DASATINIB,drug_sample,PUTATIVE_TARGET,STAT5B,STAT5B,rawtok_STAT5B
DASATINIB,drug_sample,PUTATIVE_TARGET,YES1,YES1,rawtok_YES1
DASATINIB,drug_sample,PATHWAY_NAME,RTK signaling,RTK SIGNALING,rawtok_RTK_SIGNALING
DASATINIB,drug_sample,PATHWAY_NAME,kinases,KINASES,rawtok_KINASES
GNF-2,drug_sample,PUTATIVE_TARGET,BCR-ABL,BCR-ABL,rawtok_BCR_ABL
GNF-2,drug_sample,PATHWAY_NAME,ABL signaling,ABL SIGNALING,rawtok_ABL_SIGNALING
CGP-60474,drug_sample,PUTATIVE_TARGET,CDK1,CDK1,rawtok_CDK1
CGP-60474,drug_sample,PUTATIVE_TARGET,CDK2,CDK2,rawtok_CDK2
CGP-60474,drug_sample,PUTATIVE_TARGET,CDK5,CDK5,rawtok_CDK5
CGP-60474,drug_sample,PUTATIVE_TARGET,CDK7,CDK7,rawtok_CDK7
CGP-60474,drug_sample,PUTATIVE_TARGET,CDK9,CDK9,rawtok_CDK9
CGP-60474,drug_sample,PUTATIVE_TARGET,PKC,PKC,rawtok_PKC
CGP-60474,drug_sample,PATHWAY_NAME,Cell cycle,CELL CYCLE,rawtok_CELL_CYCLE
CGP-082996,drug_sample,PUTATIVE_TARGET,CDK4,CDK4,rawtok_CDK4
CGP-082996,drug_sample,PATHWAY_NAME,Cell cycle,CELL CYCLE,rawtok_CELL_CYCLE
A-770041,drug_sample,PUTATIVE_TARGET,FYN,FYN,rawtok_FYN
A-770041,drug_sample,PUTATIVE_TARGET,LCK,LCK,rawtok_LCK
A-770041,drug_sample,PATHWAY_NAME,kinases,KINASES,rawtok_KINASES
WH-4-023,drug_sample,PUTATIVE_TARGET,LCK,LCK,rawtok_LCK
WH-4-023,drug_sample,PUTATIVE_TARGET,SRC,SRC,rawtok_SRC
WH-4-023,drug_sample,PATHWAY_NAME,kinases,KINASES,rawtok_KINASES
WZ-1-84,drug_sample,PUTATIVE_TARGET,BMX,BMX,rawtok_BMX
WZ-1-84,drug_sample,PATHWAY_NAME,kinases,KINASES,rawtok_KINASES
BI-2536,drug_sample,PUTATIVE_TARGET,BRD4,BRD4,rawtok_BRD4
BI-2536,drug_sample,PUTATIVE_TARGET,PLK1,PLK1,rawtok_PLK1
BI-2536,drug_sample,PUTATIVE_TARGET,PLK2,PLK2,rawtok_PLK2
BI-2536,drug_sample,PUTATIVE_TARGET,PLK3,PLK3,rawtok_PLK3
BI-2536,drug_sample,PATHWAY_NAME,Cell cycle,CELL CYCLE,rawtok_CELL_CYCLE
BMS-536924,drug_sample,PUTATIVE_TARGET,IGF1R,IGF1R,rawtok_IGF1R
BMS-536924,drug_sample,PUTATIVE_TARGET,IR,IR,rawtok_IR
BMS-536924,drug_sample,PATHWAY_NAME,IGF1R signaling,IGF1R SIGNALING,rawtok_IGF1R_SIGNALING
BMS-509744,drug_sample,PUTATIVE_TARGET,ITK,ITK,rawtok_ITK
BMS-509744,drug_sample,PATHWAY_NAME,kinases,KINASES,rawtok_KINASES
CMK,drug_sample,PUTATIVE_TARGET,RSK2,RSK2,rawtok_RSK2
CMK,drug_sample,PATHWAY_NAME,kinases,KINASES,rawtok_KINASES
PYRIMETHAMINE,drug_sample,PUTATIVE_TARGET,DHFR,DHFR,rawtok_DHFR
PYRIMETHAMINE,drug_sample,PUTATIVE_TARGET,Dihydrofolate reductase (DHFR),DIHYDROFOLATE REDUCTASE (DHFR),rawtok_DIHYDROFOLATE_REDUCTASE_DHFR
PYRIMETHAMINE,drug_sample,PUTATIVE_TARGET,SLC47A1,SLC47A1,rawtok_SLC47A1
JW-7-52-1,drug_sample,PUTATIVE_TARGET,MTOR,MTOR,rawtok_MTOR
JW-7-52-1,drug_sample,PATHWAY_NAME,MTOR signaling,MTOR SIGNALING,rawtok_MTOR_SIGNALING
JW-7-52-1,drug_sample,PATHWAY_NAME,PI3K,PI3K,rawtok_PI3K
A-443654,drug_sample,PUTATIVE_TARGET,AKT1,AKT1,rawtok_AKT1
A-443654,drug_sample,PUTATIVE_TARGET,AKT2,AKT2,rawtok_AKT2
A-443654,drug_sample,PUTATIVE_TARGET,AKT3,AKT3,rawtok_AKT3
A-443654,drug_sample,PATHWAY_NAME,MTOR signaling,MTOR SIGNALING,rawtok_MTOR_SIGNALING
A-443654,drug_sample,PATHWAY_NAME,PI3K,PI3K,rawtok_PI3K
GW843682X,drug_sample,PUTATIVE_TARGET,PLK1,PLK1,rawtok_PLK1
GW843682X,drug_sample,PATHWAY_NAME,Cell cycle,CELL CYCLE,rawtok_CELL_CYCLE
ENTINOSTAT,drug_sample,PUTATIVE_TARGET,HDAC1,HDAC1,rawtok_HDAC1
ENTINOSTAT,drug_sample,PUTATIVE_TARGET,HDAC2,HDAC2,rawtok_HDAC2
ENTINOSTAT,drug_sample,PUTATIVE_TARGET,HDAC3,HDAC3,rawtok_HDAC3
ENTINOSTAT,drug_sample,PUTATIVE_TARGET,HDAC9,HDAC9,rawtok_HDAC9
ENTINOSTAT,drug_sample,PATHWAY_NAME,Chromatin histone acetylation,CHROMATIN HISTONE ACETYLATION,rawtok_CHROMATIN_HISTONE_ACETYLATION
PARTHENOLIDE,drug_sample,PUTATIVE_TARGET,HDAC1,HDAC1,rawtok_HDAC1
PARTHENOLIDE,drug_sample,PATHWAY_NAME,Chromatin histone acetylation,CHROMATIN HISTONE ACETYLATION,rawtok_CHROMATIN_HISTONE_ACETYLATION
GSK319347A,drug_sample,PUTATIVE_TARGET,IKK,IKK,rawtok_IKK
GSK319347A,drug_sample,PATHWAY_NAME,kinases,KINASES,rawtok_KINASES
TGX221,drug_sample,PUTATIVE_TARGET,PI3Kbeta,PI3KBETA,rawtok_PI3KBETA
TGX221,drug_sample,PATHWAY_NAME,MTOR signaling,MTOR SIGNALING,rawtok_MTOR_SIGNALING
TGX221,drug_sample,PATHWAY_NAME,PI3K,PI3K,rawtok_PI3K
BORTEZOMIB,drug_sample,PUTATIVE_TARGET,PSMA1,PSMA1,rawtok_PSMA1
BORTEZOMIB,drug_sample,PUTATIVE_TARGET,PSMA2,PSMA2,rawtok_PSMA2
BORTEZOMIB,drug_sample,PUTATIVE_TARGET,PSMA3,PSMA3,rawtok_PSMA3
BORTEZOMIB,drug_sample,PUTATIVE_TARGET,PSMA4,PSMA4,rawtok_PSMA4
BORTEZOMIB,drug_sample,PUTATIVE_TARGET,PSMA5,PSMA5,rawtok_PSMA5
BORTEZOMIB,drug_sample,PUTATIVE_TARGET,PSMA6,PSMA6,rawtok_PSMA6
BORTEZOMIB,drug_sample,PUTATIVE_TARGET,PSMA7,PSMA7,rawtok_PSMA7
BORTEZOMIB,drug_sample,PUTATIVE_TARGET,PSMA8,PSMA8,rawtok_PSMA8
BORTEZOMIB,drug_sample,PUTATIVE_TARGET,PSMB1,PSMB1,rawtok_PSMB1
BORTEZOMIB,drug_sample,PUTATIVE_TARGET,PSMB10,PSMB10,rawtok_PSMB10
BORTEZOMIB,drug_sample,PUTATIVE_TARGET,PSMB11,PSMB11,rawtok_PSMB11
BORTEZOMIB,drug_sample,PUTATIVE_TARGET,PSMB2,PSMB2,rawtok_PSMB2
BORTEZOMIB,drug_sample,PUTATIVE_TARGET,PSMB3,PSMB3,rawtok_PSMB3
BORTEZOMIB,drug_sample,PUTATIVE_TARGET,PSMB4,PSMB4,rawtok_PSMB4
BORTEZOMIB,drug_sample,PUTATIVE_TARGET,PSMB5,PSMB5,rawtok_PSMB5
BORTEZOMIB,drug_sample,PUTATIVE_TARGET,PSMB6,PSMB6,rawtok_PSMB6
BORTEZOMIB,drug_sample,PUTATIVE_TARGET,PSMB7,PSMB7,rawtok_PSMB7
BORTEZOMIB,drug_sample,PUTATIVE_TARGET,PSMB8,PSMB8,rawtok_PSMB8
BORTEZOMIB,drug_sample,PUTATIVE_TARGET,PSMB9,PSMB9,rawtok_PSMB9
BORTEZOMIB,drug_sample,PUTATIVE_TARGET,PSMD1,PSMD1,rawtok_PSMD1
BORTEZOMIB,drug_sample,PUTATIVE_TARGET,PSMD2,PSMD2,rawtok_PSMD2
BORTEZOMIB,drug_sample,PUTATIVE_TARGET,Proteasome,PROTEASOME,rawtok_PROTEASOME
BORTEZOMIB,drug_sample,PUTATIVE_TARGET,RELA,RELA,rawtok_RELA
BORTEZOMIB,drug_sample,PATHWAY_NAME,Protein stability and degradation,PROTEIN STABILITY AND DEGRADATION,rawtok_PROTEIN_STABILITY_AND_DEGRADATION
XMD8-85,drug_sample,PUTATIVE_TARGET,BET,BET,rawtok_BET
XMD8-85,drug_sample,PUTATIVE_TARGET,ERK5,ERK5,rawtok_ERK5
SELICICLIB,drug_sample,PUTATIVE_TARGET,CDK2,CDK2,rawtok_CDK2
SELICICLIB,drug_sample,PUTATIVE_TARGET,CDK7,CDK7,rawtok_CDK7
SELICICLIB,drug_sample,PUTATIVE_TARGET,CDK9,CDK9,rawtok_CDK9
SELICICLIB,drug_sample,PATHWAY_NAME,Cell cycle,CELL CYCLE,rawtok_CELL_CYCLE
SALUBRINAL,drug_sample,PUTATIVE_TARGET,EIF2A,EIF2A,rawtok_EIF2A
LAPATINIB,drug_sample,PUTATIVE_TARGET,EGFR,EGFR,rawtok_EGFR
LAPATINIB,drug_sample,PUTATIVE_TARGET,ERBB2,ERBB2,rawtok_ERBB2
LAPATINIB,drug_sample,PATHWAY_NAME,EGFR signaling,EGFR SIGNALING,rawtok_EGFR_SIGNALING
LAPATINIB,drug_sample,PATHWAY_NAME,RTK signaling,RTK SIGNALING,rawtok_RTK_SIGNALING
GSK269962A,drug_sample,PUTATIVE_TARGET,ROCK1,ROCK1,rawtok_ROCK1
GSK269962A,drug_sample,PUTATIVE_TARGET,ROCK2,ROCK2,rawtok_ROCK2
GSK269962A,drug_sample,PATHWAY_NAME,Cytoskeleton,CYTOSKELETON,rawtok_CYTOSKELETON
DOXORUBICIN,drug_sample,PUTATIVE_TARGET,Anthracycline,ANTHRACYCLINE,rawtok_ANTHRACYCLINE
DOXORUBICIN,drug_sample,PUTATIVE_TARGET,TOP2A,TOP2A,rawtok_TOP2A
DOXORUBICIN,drug_sample,PATHWAY_NAME,DNA replication,DNA REPLICATION,rawtok_DNA_REPLICATION
ETOPOSIDE,drug_sample,PUTATIVE_TARGET,TOP2,TOP2,rawtok_TOP2
ETOPOSIDE,drug_sample,PUTATIVE_TARGET,TOP2A,TOP2A,rawtok_TOP2A
ETOPOSIDE,drug_sample,PUTATIVE_TARGET,TOP2B,TOP2B,rawtok_TOP2B
ETOPOSIDE,drug_sample,PATHWAY_NAME,DNA replication,DNA REPLICATION,rawtok_DNA_REPLICATION
GEMCITABINE,drug_sample,PUTATIVE_TARGET,CMPK1,CMPK1,rawtok_CMPK1
GEMCITABINE,drug_sample,PUTATIVE_TARGET,Pyrimidine antimetabolite,PYRIMIDINE ANTIMETABOLITE,rawtok_PYRIMIDINE_ANTIMETABOLITE
GEMCITABINE,drug_sample,PUTATIVE_TARGET,RRM1,RRM1,rawtok_RRM1
GEMCITABINE,drug_sample,PUTATIVE_TARGET,RRM2,RRM2,rawtok_RRM2
GEMCITABINE,drug_sample,PUTATIVE_TARGET,TYMS,TYMS,rawtok_TYMS
GEMCITABINE,drug_sample,PATHWAY_NAME,DNA replication,DNA REPLICATION,rawtok_DNA_REPLICATION
MITOMYCIN-C,drug_sample,PUTATIVE_TARGET,DNA crosslinker,DNA CROSSLINKER,rawtok_DNA_CROSSLINKER
MITOMYCIN-C,drug_sample,PATHWAY_NAME,DNA replication,DNA REPLICATION,rawtok_DNA_REPLICATION
VINORELBINE,drug_sample,PUTATIVE_TARGET,Microtubule destabiliser,MICROTUBULE DESTABILISER,rawtok_MICROTUBULE_DESTABILISER
VINORELBINE,drug_sample,PUTATIVE_TARGET,TUBA1A,TUBA1A,rawtok_TUBA1A
VINORELBINE,drug_sample,PUTATIVE_TARGET,TUBA1B,TUBA1B,rawtok_TUBA1B
VINORELBINE,drug_sample,PUTATIVE_TARGET,TUBA1C,TUBA1C,rawtok_TUBA1C
VINORELBINE,drug_sample,PUTATIVE_TARGET,TUBA3C,TUBA3C,rawtok_TUBA3C
VINORELBINE,drug_sample,PUTATIVE_TARGET,TUBA3D,TUBA3D,rawtok_TUBA3D
VINORELBINE,drug_sample,PUTATIVE_TARGET,TUBA3E,TUBA3E,rawtok_TUBA3E
VINORELBINE,drug_sample,PUTATIVE_TARGET,TUBA4A,TUBA4A,rawtok_TUBA4A
VINORELBINE,drug_sample,PUTATIVE_TARGET,TUBB,TUBB,rawtok_TUBB
VINORELBINE,drug_sample,PUTATIVE_TARGET,TUBB1,TUBB1,rawtok_TUBB1
VINORELBINE,drug_sample,PUTATIVE_TARGET,TUBB2A,TUBB2A,rawtok_TUBB2A
VINORELBINE,drug_sample,PUTATIVE_TARGET,TUBB2B,TUBB2B,rawtok_TUBB2B
VINORELBINE,drug_sample,PUTATIVE_TARGET,TUBB3,TUBB3,rawtok_TUBB3
VINORELBINE,drug_sample,PUTATIVE_TARGET,TUBB4A,TUBB4A,rawtok_TUBB4A
VINORELBINE,drug_sample,PUTATIVE_TARGET,TUBB4B,TUBB4B,rawtok_TUBB4B
VINORELBINE,drug_sample,PUTATIVE_TARGET,TUBB6,TUBB6,rawtok_TUBB6
VINORELBINE,drug_sample,PUTATIVE_TARGET,TUBB8,TUBB8,rawtok_TUBB8
VINORELBINE,drug_sample,PATHWAY_NAME,Mitosis,MITOSIS,rawtok_MITOSIS
NSC-87877,drug_sample,PUTATIVE_TARGET,SHP-1 (PTPN6),SHP-1 (PTPN6),rawtok_SHP_1_PTPN6
NSC-87877,drug_sample,PUTATIVE_TARGET,SHP-2 (PTPN11),SHP-2 (PTPN11),rawtok_SHP_2_PTPN11
BICALUTAMIDE,drug_sample,PUTATIVE_TARGET,AR,AR,rawtok_AR
BICALUTAMIDE,drug_sample,PATHWAY_NAME,Hormone-related,HORMONE-RELATED,rawtok_HORMONE_RELATED
QS11,drug_sample,PUTATIVE_TARGET,ARFGAP1,ARFGAP1,rawtok_ARFGAP1
CP466722,drug_sample,PUTATIVE_TARGET,ATM,ATM,rawtok_ATM
CP466722,drug_sample,PATHWAY_NAME,Genome integrity,GENOME INTEGRITY,rawtok_GENOME_INTEGRITY
MIDOSTAURIN,drug_sample,PUTATIVE_TARGET,FLT1,FLT1,rawtok_FLT1
MIDOSTAURIN,drug_sample,PUTATIVE_TARGET,FLT3,FLT3,rawtok_FLT3
MIDOSTAURIN,drug_sample,PUTATIVE_TARGET,PKC,PKC,rawtok_PKC
MIDOSTAURIN,drug_sample,PUTATIVE_TARGET,PPK,PPK,rawtok_PPK
MIDOSTAURIN,drug_sample,PUTATIVE_TARGET,PRKCG,PRKCG,rawtok_PRKCG
MIDOSTAURIN,drug_sample,PUTATIVE_TARGET,c-FGR,C-FGR,rawtok_C_FGR
MIDOSTAURIN,drug_sample,PUTATIVE_TARGET,others,OTHERS,rawtok_OTHERS
CHIR-99021,drug_sample,PUTATIVE_TARGET,CDK1,CDK1,rawtok_CDK1
CHIR-99021,drug_sample,PUTATIVE_TARGET,GSK3A,GSK3A,rawtok_GSK3A
CHIR-99021,drug_sample,PUTATIVE_TARGET,GSK3B,GSK3B,rawtok_GSK3B
CHIR-99021,drug_sample,PUTATIVE_TARGET,MAPK1,MAPK1,rawtok_MAPK1
CHIR-99021,drug_sample,PATHWAY_NAME,WNT signaling,WNT SIGNALING,rawtok_WNT_SIGNALING
PONATINIB,drug_sample,PUTATIVE_TARGET,ABL,ABL,rawtok_ABL
PONATINIB,drug_sample,PUTATIVE_TARGET,ABL1,ABL1,rawtok_ABL1
PONATINIB,drug_sample,PUTATIVE_TARGET,BCR,BCR,rawtok_BCR
PONATINIB,drug_sample,PUTATIVE_TARGET,FGFR1,FGFR1,rawtok_FGFR1
PONATINIB,drug_sample,PUTATIVE_TARGET,FGFR2,FGFR2,rawtok_FGFR2
PONATINIB,drug_sample,PUTATIVE_TARGET,FGFR3,FGFR3,rawtok_FGFR3
PONATINIB,drug_sample,PUTATIVE_TARGET,FGFR4,FGFR4,rawtok_FGFR4
PONATINIB,drug_sample,PUTATIVE_TARGET,FLT3,FLT3,rawtok_FLT3
PONATINIB,drug_sample,PUTATIVE_TARGET,KDR,KDR,rawtok_KDR
PONATINIB,drug_sample,PUTATIVE_TARGET,KIT,KIT,rawtok_KIT
PONATINIB,drug_sample,PUTATIVE_TARGET,LCK,LCK,rawtok_LCK
PONATINIB,drug_sample,PUTATIVE_TARGET,LYN,LYN,rawtok_LYN
PONATINIB,drug_sample,PUTATIVE_TARGET,PDGFRA,PDGFRA,rawtok_PDGFRA
PONATINIB,drug_sample,PUTATIVE_TARGET,RET,RET,rawtok_RET
PONATINIB,drug_sample,PUTATIVE_TARGET,SRC,SRC,rawtok_SRC
PONATINIB,drug_sample,PUTATIVE_TARGET,TEK,TEK,rawtok_TEK
PONATINIB,drug_sample,PUTATIVE_TARGET,TIE2,TIE2,rawtok_TIE2
PONATINIB,drug_sample,PUTATIVE_TARGET,VEGFR2,VEGFR2,rawtok_VEGFR2
PONATINIB,drug_sample,PATHWAY_NAME,kinases,KINASES,rawtok_KINASES
AZD6482,drug_sample,PUTATIVE_TARGET,PI3Kbeta,PI3KBETA,rawtok_PI3KBETA
AZD6482,drug_sample,PUTATIVE_TARGET,PIK3CA,PIK3CA,rawtok_PIK3CA
AZD6482,drug_sample,PUTATIVE_TARGET,PIK3CB,PIK3CB,rawtok_PIK3CB
AZD6482,drug_sample,PUTATIVE_TARGET,PIK3CD,PIK3CD,rawtok_PIK3CD
AZD6482,drug_sample,PUTATIVE_TARGET,PIK3CG,PIK3CG,rawtok_PIK3CG
AZD6482,drug_sample,PATHWAY_NAME,MTOR signaling,MTOR SIGNALING,rawtok_MTOR_SIGNALING
AZD6482,drug_sample,PATHWAY_NAME,PI3K,PI3K,rawtok_PI3K
JNK-9L,drug_sample,PUTATIVE_TARGET,JNK2,JNK2,rawtok_JNK2
JNK-9L,drug_sample,PUTATIVE_TARGET,JNK3,JNK3,rawtok_JNK3
JNK-9L,drug_sample,PATHWAY_NAME,JNK and p38 signaling,JNK AND P38 SIGNALING,rawtok_JNK_AND_P38_SIGNALING
PF-562271,drug_sample,PUTATIVE_TARGET,FAK,FAK,rawtok_FAK
PF-562271,drug_sample,PUTATIVE_TARGET,FAK2,FAK2,rawtok_FAK2
PF-562271,drug_sample,PUTATIVE_TARGET,PTK2,PTK2,rawtok_PTK2
PF-562271,drug_sample,PUTATIVE_TARGET,PTK2B,PTK2B,rawtok_PTK2B
PF-562271,drug_sample,PATHWAY_NAME,Cytoskeleton,CYTOSKELETON,rawtok_CYTOSKELETON
HG6-64-1,drug_sample,PUTATIVE_TARGET,BRAF,BRAF,rawtok_BRAF
HG6-64-1,drug_sample,PATHWAY_NAME,ERK MAPK signaling,ERK MAPK SIGNALING,rawtok_ERK_MAPK_SIGNALING
JQ1,drug_sample,PUTATIVE_TARGET,BRD2,BRD2,rawtok_BRD2
JQ1,drug_sample,PUTATIVE_TARGET,BRD3,BRD3,rawtok_BRD3
JQ1,drug_sample,PUTATIVE_TARGET,BRD4,BRD4,rawtok_BRD4
JQ1,drug_sample,PUTATIVE_TARGET,BRDT,BRDT,rawtok_BRDT
JQ1,drug_sample,PATHWAY_NAME,Chromatin other,CHROMATIN OTHER,rawtok_CHROMATIN_OTHER
JQ12,drug_sample,PUTATIVE_TARGET,HDAC1,HDAC1,rawtok_HDAC1
JQ12,drug_sample,PUTATIVE_TARGET,HDAC2,HDAC2,rawtok_HDAC2
JQ12,drug_sample,PATHWAY_NAME,Chromatin histone acetylation,CHROMATIN HISTONE ACETYLATION,rawtok_CHROMATIN_HISTONE_ACETYLATION
DMOG,drug_sample,PUTATIVE_TARGET,HIF-PH,HIF-PH,rawtok_HIF_PH
DMOG,drug_sample,PATHWAY_NAME,Metabolism,METABOLISM,rawtok_METABOLISM
FTI-277,drug_sample,PUTATIVE_TARGET,Farnesyl-transferase (FNTA),FARNESYL-TRANSFERASE (FNTA),rawtok_FARNESYL_TRANSFERASE_FNTA
OSU-03012,drug_sample,PUTATIVE_TARGET,PDK1 (PDPK1),PDK1 (PDPK1),rawtok_PDK1_PDPK1
OSU-03012,drug_sample,PATHWAY_NAME,Metabolism,METABOLISM,rawtok_METABOLISM
SHIKONIN,drug_sample,PUTATIVE_TARGET,not defined,NOT DEFINED,rawtok_NOT_DEFINED
AKT INHIBITOR VIII,drug_sample,PUTATIVE_TARGET,AKT1,AKT1,rawtok_AKT1
AKT INHIBITOR VIII,drug_sample,PUTATIVE_TARGET,AKT2,AKT2,rawtok_AKT2
AKT INHIBITOR VIII,drug_sample,PUTATIVE_TARGET,AKT3,AKT3,rawtok_AKT3
AKT INHIBITOR VIII,drug_sample,PATHWAY_NAME,MTOR signaling,MTOR SIGNALING,rawtok_MTOR_SIGNALING
AKT INHIBITOR VIII,drug_sample,PATHWAY_NAME,PI3K,PI3K,rawtok_PI3K
EMBELIN,drug_sample,PUTATIVE_TARGET,XIAP,XIAP,rawtok_XIAP
EMBELIN,drug_sample,PATHWAY_NAME,Apoptosis regulation,APOPTOSIS REGULATION,rawtok_APOPTOSIS_REGULATION
FH535,drug_sample,PUTATIVE_TARGET,PPARdelta,PPARDELTA,rawtok_PPARDELTA
FH535,drug_sample,PUTATIVE_TARGET,PPARgamma,PPARGAMMA,rawtok_PPARGAMMA
PAC-1,drug_sample,PUTATIVE_TARGET,CASP3,CASP3,rawtok_CASP3
PAC-1,drug_sample,PUTATIVE_TARGET,Procaspase-3,PROCASPASE-3,rawtok_PROCASPASE_3
PAC-1,drug_sample,PUTATIVE_TARGET,Procaspase-7,PROCASPASE-7,rawtok_PROCASPASE_7
PAC-1,drug_sample,PATHWAY_NAME,Apoptosis regulation,APOPTOSIS REGULATION,rawtok_APOPTOSIS_REGULATION
IPA-3,drug_sample,PUTATIVE_TARGET,PAK1,PAK1,rawtok_PAK1
IPA-3,drug_sample,PATHWAY_NAME,Cytoskeleton,CYTOSKELETON,rawtok_CYTOSKELETON
GSK650394,drug_sample,PUTATIVE_TARGET,SGK1,SGK1,rawtok_SGK1
GSK650394,drug_sample,PUTATIVE_TARGET,SGK2,SGK2,rawtok_SGK2
GSK650394,drug_sample,PUTATIVE_TARGET,SGK3,SGK3,rawtok_SGK3
GSK650394,drug_sample,PATHWAY_NAME,kinases,KINASES,rawtok_KINASES
BAY-61-3606,drug_sample,PUTATIVE_TARGET,SYK,SYK,rawtok_SYK
BAY-61-3606,drug_sample,PATHWAY_NAME,kinases,KINASES,rawtok_KINASES
5-FLUOROURACIL,drug_sample,PUTATIVE_TARGET,Antimetabolite (DNA & RNA),ANTIMETABOLITE (DNA & RNA),rawtok_ANTIMETABOLITE_DNA_RNA
5-FLUOROURACIL,drug_sample,PUTATIVE_TARGET,DPYD,DPYD,rawtok_DPYD
5-FLUOROURACIL,drug_sample,PUTATIVE_TARGET,TYMS,TYMS,rawtok_TYMS
THAPSIGARGIN,drug_sample,PUTATIVE_TARGET,SERCA,SERCA,rawtok_SERCA
OBATOCLAX MESYLATE,drug_sample,PUTATIVE_TARGET,BCL-W,BCL-W,rawtok_BCL_W
OBATOCLAX MESYLATE,drug_sample,PUTATIVE_TARGET,BCL-XL,BCL-XL,rawtok_BCL_XL
OBATOCLAX MESYLATE,drug_sample,PUTATIVE_TARGET,BCL2,BCL2,rawtok_BCL2
OBATOCLAX MESYLATE,drug_sample,PUTATIVE_TARGET,MCL1,MCL1,rawtok_MCL1
OBATOCLAX MESYLATE,drug_sample,PATHWAY_NAME,Apoptosis regulation,APOPTOSIS REGULATION,rawtok_APOPTOSIS_REGULATION
BMS-754807,drug_sample,PUTATIVE_TARGET,AKT1,AKT1,rawtok_AKT1
BMS-754807,drug_sample,PUTATIVE_TARGET,IGF1R,IGF1R,rawtok_IGF1R
BMS-754807,drug_sample,PUTATIVE_TARGET,IR,IR,rawtok_IR
BMS-754807,drug_sample,PATHWAY_NAME,IGF1R signaling,IGF1R SIGNALING,rawtok_IGF1R_SIGNALING
BMS-754807,drug_sample,PATHWAY_NAME,RTK signaling,RTK SIGNALING,rawtok_RTK_SIGNALING
LINSITINIB,drug_sample,PUTATIVE_TARGET,IGF1R,IGF1R,rawtok_IGF1R
LINSITINIB,drug_sample,PUTATIVE_TARGET,INSR,INSR,rawtok_INSR
LINSITINIB,drug_sample,PUTATIVE_TARGET,INSRR,INSRR,rawtok_INSRR
LINSITINIB,drug_sample,PATHWAY_NAME,IGF1R signaling,IGF1R SIGNALING,rawtok_IGF1R_SIGNALING
BEXAROTENE,drug_sample,PUTATIVE_TARGET,RXRA,RXRA,rawtok_RXRA
BEXAROTENE,drug_sample,PUTATIVE_TARGET,RXRB,RXRB,rawtok_RXRB
BEXAROTENE,drug_sample,PUTATIVE_TARGET,RXRG,RXRG,rawtok_RXRG
BEXAROTENE,drug_sample,PUTATIVE_TARGET,Retinioic X receptor (RXR) agonist,RETINIOIC X RECEPTOR (RXR) AGONIST,rawtok_RETINIOIC_X_RECEPTOR_RXR_AGONIST
BLEOMYCIN,drug_sample,PUTATIVE_TARGET,dsDNA break induction,DSDNA BREAK INDUCTION,rawtok_DSDNA_BREAK_INDUCTION
BLEOMYCIN,drug_sample,PATHWAY_NAME,DNA replication,DNA REPLICATION,rawtok_DNA_REPLICATION
LFM-A13,drug_sample,PUTATIVE_TARGET,BTK,BTK,rawtok_BTK
LFM-A13,drug_sample,PATHWAY_NAME,kinases,KINASES,rawtok_KINASES
GW-2580,drug_sample,PUTATIVE_TARGET,CSF1R,CSF1R,rawtok_CSF1R
GW-2580,drug_sample,PATHWAY_NAME,RTK signaling,RTK SIGNALING,rawtok_RTK_SIGNALING
LUMINESPIB,drug_sample,PUTATIVE_TARGET,HSP90,HSP90,rawtok_HSP90
LUMINESPIB,drug_sample,PATHWAY_NAME,Protein stability and degradation,PROTEIN STABILITY AND DEGRADATION,rawtok_PROTEIN_STABILITY_AND_DEGRADATION
PHENFORMIN,drug_sample,PUTATIVE_TARGET,Biguanide agent,BIGUANIDE AGENT,rawtok_BIGUANIDE_AGENT
BRYOSTATIN 1,drug_sample,PUTATIVE_TARGET,PKC,PKC,rawtok_PKC
PAZOPANIB,drug_sample,PUTATIVE_TARGET,CSF1R,CSF1R,rawtok_CSF1R
PAZOPANIB,drug_sample,PUTATIVE_TARGET,FGF1,FGF1,rawtok_FGF1
PAZOPANIB,drug_sample,PUTATIVE_TARGET,FGFR1,FGFR1,rawtok_FGFR1
PAZOPANIB,drug_sample,PUTATIVE_TARGET,FGFR3,FGFR3,rawtok_FGFR3
PAZOPANIB,drug_sample,PUTATIVE_TARGET,FLT1,FLT1,rawtok_FLT1
PAZOPANIB,drug_sample,PUTATIVE_TARGET,FLT4,FLT4,rawtok_FLT4
PAZOPANIB,drug_sample,PUTATIVE_TARGET,ITK,ITK,rawtok_ITK
PAZOPANIB,drug_sample,PUTATIVE_TARGET,KDR,KDR,rawtok_KDR
PAZOPANIB,drug_sample,PUTATIVE_TARGET,KIT,KIT,rawtok_KIT
PAZOPANIB,drug_sample,PUTATIVE_TARGET,PDGFRA,PDGFRA,rawtok_PDGFRA
PAZOPANIB,drug_sample,PUTATIVE_TARGET,PDGFRB,PDGFRB,rawtok_PDGFRB
PAZOPANIB,drug_sample,PUTATIVE_TARGET,SH2B3,SH2B3,rawtok_SH2B3
PAZOPANIB,drug_sample,PATHWAY_NAME,RTK signaling,RTK SIGNALING,rawtok_RTK_SIGNALING
DACINOSTAT,drug_sample,PUTATIVE_TARGET,HDAC1,HDAC1,rawtok_HDAC1
DACINOSTAT,drug_sample,PUTATIVE_TARGET,HDAC2,HDAC2,rawtok_HDAC2
DACINOSTAT,drug_sample,PUTATIVE_TARGET,HDAC3,HDAC3,rawtok_HDAC3
DACINOSTAT,drug_sample,PUTATIVE_TARGET,HDAC4,HDAC4,rawtok_HDAC4
DACINOSTAT,drug_sample,PUTATIVE_TARGET,HDAC5,HDAC5,rawtok_HDAC5
DACINOSTAT,drug_sample,PUTATIVE_TARGET,HDAC6,HDAC6,rawtok_HDAC6
DACINOSTAT,drug_sample,PUTATIVE_TARGET,HDAC7,HDAC7,rawtok_HDAC7
DACINOSTAT,drug_sample,PUTATIVE_TARGET,HDAC8,HDAC8,rawtok_HDAC8
DACINOSTAT,drug_sample,PUTATIVE_TARGET,HDAC9,HDAC9,rawtok_HDAC9
DACINOSTAT,drug_sample,PATHWAY_NAME,Chromatin histone acetylation,CHROMATIN HISTONE ACETYLATION,rawtok_CHROMATIN_HISTONE_ACETYLATION
EPOTHILONE B,drug_sample,PUTATIVE_TARGET,Microtubule stabiliser,MICROTUBULE STABILISER,rawtok_MICROTUBULE_STABILISER
EPOTHILONE B,drug_sample,PATHWAY_NAME,Mitosis,MITOSIS,rawtok_MITOSIS
GSK1904529A,drug_sample,PUTATIVE_TARGET,IGF1R,IGF1R,rawtok_IGF1R
GSK1904529A,drug_sample,PUTATIVE_TARGET,INSR,INSR,rawtok_INSR
GSK1904529A,drug_sample,PUTATIVE_TARGET,IR,IR,rawtok_IR
GSK1904529A,drug_sample,PATHWAY_NAME,IGF1R signaling,IGF1R SIGNALING,rawtok_IGF1R_SIGNALING
GSK1904529A,drug_sample,PATHWAY_NAME,RTK signaling,RTK SIGNALING,rawtok_RTK_SIGNALING
BMS-345541,drug_sample,PUTATIVE_TARGET,CHUK,CHUK,rawtok_CHUK
BMS-345541,drug_sample,PUTATIVE_TARGET,IKBKB,IKBKB,rawtok_IKBKB
BMS-345541,drug_sample,PUTATIVE_TARGET,IKK-1,IKK-1,rawtok_IKK_1
BMS-345541,drug_sample,PUTATIVE_TARGET,IKK-2,IKK-2,rawtok_IKK_2
BMS-345541,drug_sample,PUTATIVE_TARGET,IKK1,IKK1,rawtok_IKK1
BMS-345541,drug_sample,PUTATIVE_TARGET,IKK2,IKK2,rawtok_IKK2
BMS-345541,drug_sample,PATHWAY_NAME,kinases,KINASES,rawtok_KINASES
TIPIFARNIB,drug_sample,PUTATIVE_TARGET,FNTA,FNTA,rawtok_FNTA
TIPIFARNIB,drug_sample,PUTATIVE_TARGET,FNTB,FNTB,rawtok_FNTB
TIPIFARNIB,drug_sample,PUTATIVE_TARGET,Farnesyl-transferase (FNTA),FARNESYL-TRANSFERASE (FNTA),rawtok_FARNESYL_TRANSFERASE_FNTA
AVAGACESTAT,drug_sample,PUTATIVE_TARGET,Amyloid beta20,AMYLOID BETA20,rawtok_AMYLOID_BETA20
AVAGACESTAT,drug_sample,PUTATIVE_TARGET,Amyloid beta40,AMYLOID BETA40,rawtok_AMYLOID_BETA40
RUXOLITINIB,drug_sample,PUTATIVE_TARGET,JAK1,JAK1,rawtok_JAK1
RUXOLITINIB,drug_sample,PUTATIVE_TARGET,JAK2,JAK2,rawtok_JAK2
RUXOLITINIB,drug_sample,PUTATIVE_TARGET,JAK3,JAK3,rawtok_JAK3
RUXOLITINIB,drug_sample,PUTATIVE_TARGET,TYK2,TYK2,rawtok_TYK2
RUXOLITINIB,drug_sample,PATHWAY_NAME,kinases,KINASES,rawtok_KINASES
AS601245,drug_sample,PUTATIVE_TARGET,JNK1,JNK1,rawtok_JNK1
AS601245,drug_sample,PUTATIVE_TARGET,JNK2,JNK2,rawtok_JNK2
AS601245,drug_sample,PATHWAY_NAME,JNK and p38 signaling,JNK AND P38 SIGNALING,rawtok_JNK_AND_P38_SIGNALING
ISPINESIB MESYLATE,drug_sample,PUTATIVE_TARGET,KSP,KSP,rawtok_KSP
ISPINESIB MESYLATE,drug_sample,PATHWAY_NAME,Mitosis,MITOSIS,rawtok_MITOSIS
TL-2-105,drug_sample,PUTATIVE_TARGET,not defined,NOT DEFINED,rawtok_NOT_DEFINED
AT-7519,drug_sample,PUTATIVE_TARGET,CDK1,CDK1,rawtok_CDK1
AT-7519,drug_sample,PUTATIVE_TARGET,CDK2,CDK2,rawtok_CDK2
AT-7519,drug_sample,PUTATIVE_TARGET,CDK4,CDK4,rawtok_CDK4
AT-7519,drug_sample,PUTATIVE_TARGET,CDK5,CDK5,rawtok_CDK5
AT-7519,drug_sample,PUTATIVE_TARGET,CDK6,CDK6,rawtok_CDK6
AT-7519,drug_sample,PUTATIVE_TARGET,CDK9,CDK9,rawtok_CDK9
AT-7519,drug_sample,PATHWAY_NAME,Cell cycle,CELL CYCLE,rawtok_CELL_CYCLE
TAK-715,drug_sample,PUTATIVE_TARGET,MAPK14,MAPK14,rawtok_MAPK14
TAK-715,drug_sample,PUTATIVE_TARGET,p38alpha,P38ALPHA,rawtok_P38ALPHA
TAK-715,drug_sample,PUTATIVE_TARGET,p38beta,P38BETA,rawtok_P38BETA
TAK-715,drug_sample,PATHWAY_NAME,JNK and p38 signaling,JNK AND P38 SIGNALING,rawtok_JNK_AND_P38_SIGNALING
BX-912,drug_sample,PUTATIVE_TARGET,CDK2,CDK2,rawtok_CDK2
BX-912,drug_sample,PUTATIVE_TARGET,CHEK1,CHEK1,rawtok_CHEK1
BX-912,drug_sample,PUTATIVE_TARGET,GSK3B,GSK3B,rawtok_GSK3B
BX-912,drug_sample,PUTATIVE_TARGET,KDR,KDR,rawtok_KDR
BX-912,drug_sample,PUTATIVE_TARGET,PDK1,PDK1,rawtok_PDK1
BX-912,drug_sample,PUTATIVE_TARGET,PDK1 (PDPK1),PDK1 (PDPK1),rawtok_PDK1_PDPK1
BX-912,drug_sample,PUTATIVE_TARGET,PDPK1,PDPK1,rawtok_PDPK1
BX-912,drug_sample,PATHWAY_NAME,Metabolism,METABOLISM,rawtok_METABOLISM
ZSTK474,drug_sample,PUTATIVE_TARGET,PI3K (class 1),PI3K (CLASS 1),rawtok_PI3K_CLASS_1
ZSTK474,drug_sample,PATHWAY_NAME,MTOR signaling,MTOR SIGNALING,rawtok_MTOR_SIGNALING
ZSTK474,drug_sample,PATHWAY_NAME,PI3K,PI3K,rawtok_PI3K
AS605240,drug_sample,PUTATIVE_TARGET,PI3Kgamma,PI3KGAMMA,rawtok_PI3KGAMMA
AS605240,drug_sample,PATHWAY_NAME,MTOR signaling,MTOR SIGNALING,rawtok_MTOR_SIGNALING
AS605240,drug_sample,PATHWAY_NAME,PI3K,PI3K,rawtok_PI3K
GENENTECH CPD 10,drug_sample,PUTATIVE_TARGET,AURKA,AURKA,rawtok_AURKA
GENENTECH CPD 10,drug_sample,PUTATIVE_TARGET,AURKB,AURKB,rawtok_AURKB
GENENTECH CPD 10,drug_sample,PATHWAY_NAME,Mitosis,MITOSIS,rawtok_MITOSIS
GSK1070916,drug_sample,PUTATIVE_TARGET,AURKA,AURKA,rawtok_AURKA
GSK1070916,drug_sample,PUTATIVE_TARGET,AURKB,AURKB,rawtok_AURKB
GSK1070916,drug_sample,PUTATIVE_TARGET,AURKC,AURKC,rawtok_AURKC
GSK1070916,drug_sample,PUTATIVE_TARGET,CYP2D6,CYP2D6,rawtok_CYP2D6
GSK1070916,drug_sample,PUTATIVE_TARGET,CYP3A4,CYP3A4,rawtok_CYP3A4
GSK1070916,drug_sample,PATHWAY_NAME,Mitosis,MITOSIS,rawtok_MITOSIS
ENZASTAURIN,drug_sample,PUTATIVE_TARGET,PKCB,PKCB,rawtok_PKCB
ENZASTAURIN,drug_sample,PATHWAY_NAME,kinases,KINASES,rawtok_KINASES
GSK429286A,drug_sample,PUTATIVE_TARGET,ROCK1,ROCK1,rawtok_ROCK1
GSK429286A,drug_sample,PUTATIVE_TARGET,ROCK2,ROCK2,rawtok_ROCK2
GSK429286A,drug_sample,PATHWAY_NAME,Cytoskeleton,CYTOSKELETON,rawtok_CYTOSKELETON
FMK,drug_sample,PUTATIVE_TARGET,RSK,RSK,rawtok_RSK
FMK,drug_sample,PATHWAY_NAME,kinases,KINASES,rawtok_KINASES
QL-XII-47,drug_sample,PUTATIVE_TARGET,BMX,BMX,rawtok_BMX
QL-XII-47,drug_sample,PUTATIVE_TARGET,BTK,BTK,rawtok_BTK
QL-XII-47,drug_sample,PUTATIVE_TARGET,IRAK1,IRAK1,rawtok_IRAK1
QL-XII-47,drug_sample,PATHWAY_NAME,kinases,KINASES,rawtok_KINASES
IC-87114,drug_sample,PUTATIVE_TARGET,PI3Kdelta,PI3KDELTA,rawtok_PI3KDELTA
IC-87114,drug_sample,PATHWAY_NAME,MTOR signaling,MTOR SIGNALING,rawtok_MTOR_SIGNALING
IC-87114,drug_sample,PATHWAY_NAME,PI3K,PI3K,rawtok_PI3K
IDELALISIB,drug_sample,PUTATIVE_TARGET,PI3Kdelta,PI3KDELTA,rawtok_PI3KDELTA
IDELALISIB,drug_sample,PUTATIVE_TARGET,PIK3CA,PIK3CA,rawtok_PIK3CA
IDELALISIB,drug_sample,PUTATIVE_TARGET,PIK3CB,PIK3CB,rawtok_PIK3CB
IDELALISIB,drug_sample,PUTATIVE_TARGET,PIK3CD,PIK3CD,rawtok_PIK3CD
IDELALISIB,drug_sample,PUTATIVE_TARGET,PIK3CG,PIK3CG,rawtok_PIK3CG
IDELALISIB,drug_sample,PATHWAY_NAME,MTOR signaling,MTOR SIGNALING,rawtok_MTOR_SIGNALING
IDELALISIB,drug_sample,PATHWAY_NAME,PI3K,PI3K,rawtok_PI3K
UNC0638,drug_sample,PUTATIVE_TARGET,G9A,G9A,rawtok_G9A
UNC0638,drug_sample,PUTATIVE_TARGET,G9a and GLP methyltransferases,G9A AND GLP METHYLTRANSFERASES,rawtok_G9A_AND_GLP_METHYLTRANSFERASES
UNC0638,drug_sample,PUTATIVE_TARGET,GLP,GLP,rawtok_GLP
UNC0638,drug_sample,PATHWAY_NAME,Chromatin histone methylation,CHROMATIN HISTONE METHYLATION,rawtok_CHROMATIN_HISTONE_METHYLATION
CABOZANTINIB,drug_sample,PUTATIVE_TARGET,AXL,AXL,rawtok_AXL
CABOZANTINIB,drug_sample,PUTATIVE_TARGET,FLT1,FLT1,rawtok_FLT1
CABOZANTINIB,drug_sample,PUTATIVE_TARGET,FLT3,FLT3,rawtok_FLT3
CABOZANTINIB,drug_sample,PUTATIVE_TARGET,FLT4,FLT4,rawtok_FLT4
CABOZANTINIB,drug_sample,PUTATIVE_TARGET,KDR,KDR,rawtok_KDR
CABOZANTINIB,drug_sample,PUTATIVE_TARGET,KIT,KIT,rawtok_KIT
CABOZANTINIB,drug_sample,PUTATIVE_TARGET,MET,MET,rawtok_MET
CABOZANTINIB,drug_sample,PUTATIVE_TARGET,RET,RET,rawtok_RET
CABOZANTINIB,drug_sample,PUTATIVE_TARGET,TIE2,TIE2,rawtok_TIE2
CABOZANTINIB,drug_sample,PUTATIVE_TARGET,VEGFR,VEGFR,rawtok_VEGFR
CABOZANTINIB,drug_sample,PATHWAY_NAME,RTK signaling,RTK SIGNALING,rawtok_RTK_SIGNALING
WZ3105,drug_sample,PUTATIVE_TARGET,FLT3,FLT3,rawtok_FLT3
WZ3105,drug_sample,PUTATIVE_TARGET,IRAK1,IRAK1,rawtok_IRAK1
WZ3105,drug_sample,PUTATIVE_TARGET,NTRK2,NTRK2,rawtok_NTRK2
WZ3105,drug_sample,PUTATIVE_TARGET,ROCK2,ROCK2,rawtok_ROCK2
WZ3105,drug_sample,PUTATIVE_TARGET,SRC,SRC,rawtok_SRC
WZ3105,drug_sample,PUTATIVE_TARGET,others,OTHERS,rawtok_OTHERS
XMD14-99,drug_sample,PUTATIVE_TARGET,ALK,ALK,rawtok_ALK
XMD14-99,drug_sample,PUTATIVE_TARGET,CDK7,CDK7,rawtok_CDK7
XMD14-99,drug_sample,PUTATIVE_TARGET,LTK,LTK,rawtok_LTK
XMD14-99,drug_sample,PUTATIVE_TARGET,others,OTHERS,rawtok_OTHERS
XMD14-99,drug_sample,PATHWAY_NAME,kinases,KINASES,rawtok_KINASES
QUIZARTINIB,drug_sample,PUTATIVE_TARGET,CSF1R,CSF1R,rawtok_CSF1R
QUIZARTINIB,drug_sample,PUTATIVE_TARGET,FLT3,FLT3,rawtok_FLT3
QUIZARTINIB,drug_sample,PUTATIVE_TARGET,KIT,KIT,rawtok_KIT
QUIZARTINIB,drug_sample,PUTATIVE_TARGET,PDGFRA,PDGFRA,rawtok_PDGFRA
QUIZARTINIB,drug_sample,PUTATIVE_TARGET,PDGFRB,PDGFRB,rawtok_PDGFRB
QUIZARTINIB,drug_sample,PUTATIVE_TARGET,RET,RET,rawtok_RET
QUIZARTINIB,drug_sample,PATHWAY_NAME,RTK signaling,RTK SIGNALING,rawtok_RTK_SIGNALING
CP724714,drug_sample,PUTATIVE_TARGET,ERBB2,ERBB2,rawtok_ERBB2
CP724714,drug_sample,PATHWAY_NAME,EGFR signaling,EGFR SIGNALING,rawtok_EGFR_SIGNALING
JW-7-24-1,drug_sample,PUTATIVE_TARGET,LCK,LCK,rawtok_LCK
JW-7-24-1,drug_sample,PATHWAY_NAME,kinases,KINASES,rawtok_KINASES
NPK76-II-72-1,drug_sample,PUTATIVE_TARGET,PLK3,PLK3,rawtok_PLK3
NPK76-II-72-1,drug_sample,PATHWAY_NAME,Cell cycle,CELL CYCLE,rawtok_CELL_CYCLE
STF-62247,drug_sample,PUTATIVE_TARGET,Autophagy inducer,AUTOPHAGY INDUCER,rawtok_AUTOPHAGY_INDUCER
NG-25,drug_sample,PUTATIVE_TARGET,M4K2,M4K2,rawtok_M4K2
NG-25,drug_sample,PUTATIVE_TARGET,TAK1,TAK1,rawtok_TAK1
NG-25,drug_sample,PATHWAY_NAME,Unclassified,UNCLASSIFIED,rawtok_UNCLASSIFIED
NG-25,drug_sample,PATHWAY_NAME,kinases,KINASES,rawtok_KINASES
TL-1-85,drug_sample,PUTATIVE_TARGET,MAP4K2,MAP4K2,rawtok_MAP4K2
TL-1-85,drug_sample,PUTATIVE_TARGET,TAK1,TAK1,rawtok_TAK1
TL-1-85,drug_sample,PATHWAY_NAME,kinases,KINASES,rawtok_KINASES
VX-11E,drug_sample,PUTATIVE_TARGET,ERK2,ERK2,rawtok_ERK2
VX-11E,drug_sample,PATHWAY_NAME,ERK MAPK signaling,ERK MAPK SIGNALING,rawtok_ERK_MAPK_SIGNALING
FR-180204,drug_sample,PUTATIVE_TARGET,ERK1,ERK1,rawtok_ERK1
FR-180204,drug_sample,PUTATIVE_TARGET,ERK2,ERK2,rawtok_ERK2
FR-180204,drug_sample,PATHWAY_NAME,ERK MAPK signaling,ERK MAPK SIGNALING,rawtok_ERK_MAPK_SIGNALING
ACY-1215,drug_sample,PUTATIVE_TARGET,HDAC1,HDAC1,rawtok_HDAC1
ACY-1215,drug_sample,PUTATIVE_TARGET,HDAC2,HDAC2,rawtok_HDAC2
ACY-1215,drug_sample,PUTATIVE_TARGET,HDAC3,HDAC3,rawtok_HDAC3
ACY-1215,drug_sample,PUTATIVE_TARGET,HDAC6,HDAC6,rawtok_HDAC6
ACY-1215,drug_sample,PUTATIVE_TARGET,HDAC8,HDAC8,rawtok_HDAC8
ACY-1215,drug_sample,PATHWAY_NAME,Chromatin histone acetylation,CHROMATIN HISTONE ACETYLATION,rawtok_CHROMATIN_HISTONE_ACETYLATION
TUBASTATIN A,drug_sample,PUTATIVE_TARGET,HDAC1,HDAC1,rawtok_HDAC1
TUBASTATIN A,drug_sample,PUTATIVE_TARGET,HDAC6,HDAC6,rawtok_HDAC6
TUBASTATIN A,drug_sample,PUTATIVE_TARGET,HDAC8,HDAC8,rawtok_HDAC8
TUBASTATIN A,drug_sample,PATHWAY_NAME,Chromatin histone acetylation,CHROMATIN HISTONE ACETYLATION,rawtok_CHROMATIN_HISTONE_ACETYLATION
ZIBOTENTAN,drug_sample,PUTATIVE_TARGET,EDNRA,EDNRA,rawtok_EDNRA
ZIBOTENTAN,drug_sample,PUTATIVE_TARGET,Endothelin-1 receptor (EDNRA),ENDOTHELIN-1 RECEPTOR (EDNRA),rawtok_ENDOTHELIN_1_RECEPTOR_EDNRA
SEPANTRONIUM BROMIDE,drug_sample,PUTATIVE_TARGET,BIRC5,BIRC5,rawtok_BIRC5
SEPANTRONIUM BROMIDE,drug_sample,PATHWAY_NAME,Apoptosis regulation,APOPTOSIS REGULATION,rawtok_APOPTOSIS_REGULATION
NSC-207895,drug_sample,PUTATIVE_TARGET,MDM4,MDM4,rawtok_MDM4
NSC-207895,drug_sample,PATHWAY_NAME,p53 pathway,P53 PATHWAY,rawtok_P53_PATHWAY
VNLG/124,drug_sample,PUTATIVE_TARGET,HDAC,HDAC,rawtok_HDAC
VNLG/124,drug_sample,PUTATIVE_TARGET,RAR,RAR,rawtok_RAR
VNLG/124,drug_sample,PATHWAY_NAME,Chromatin histone acetylation,CHROMATIN HISTONE ACETYLATION,rawtok_CHROMATIN_HISTONE_ACETYLATION
AR-42,drug_sample,PUTATIVE_TARGET,HDAC1,HDAC1,rawtok_HDAC1
AR-42,drug_sample,PATHWAY_NAME,Chromatin histone acetylation,CHROMATIN HISTONE ACETYLATION,rawtok_CHROMATIN_HISTONE_ACETYLATION
CUDC-101,drug_sample,PUTATIVE_TARGET,EGFR,EGFR,rawtok_EGFR
CUDC-101,drug_sample,PUTATIVE_TARGET,ERBB2,ERBB2,rawtok_ERBB2
CUDC-101,drug_sample,PUTATIVE_TARGET,HDAC1-10,HDAC1-10,rawtok_HDAC1_10
BELINOSTAT,drug_sample,PUTATIVE_TARGET,HDAC1,HDAC1,rawtok_HDAC1
BELINOSTAT,drug_sample,PUTATIVE_TARGET,HDAC10,HDAC10,rawtok_HDAC10
BELINOSTAT,drug_sample,PUTATIVE_TARGET,HDAC11,HDAC11,rawtok_HDAC11
BELINOSTAT,drug_sample,PUTATIVE_TARGET,HDAC2,HDAC2,rawtok_HDAC2
BELINOSTAT,drug_sample,PUTATIVE_TARGET,HDAC3,HDAC3,rawtok_HDAC3
BELINOSTAT,drug_sample,PUTATIVE_TARGET,HDAC4,HDAC4,rawtok_HDAC4
BELINOSTAT,drug_sample,PUTATIVE_TARGET,HDAC5,HDAC5,rawtok_HDAC5
BELINOSTAT,drug_sample,PUTATIVE_TARGET,HDAC6,HDAC6,rawtok_HDAC6
BELINOSTAT,drug_sample,PUTATIVE_TARGET,HDAC7,HDAC7,rawtok_HDAC7
BELINOSTAT,drug_sample,PUTATIVE_TARGET,HDAC8,HDAC8,rawtok_HDAC8
BELINOSTAT,drug_sample,PUTATIVE_TARGET,HDAC9,HDAC9,rawtok_HDAC9
BELINOSTAT,drug_sample,PATHWAY_NAME,Chromatin histone acetylation,CHROMATIN HISTONE ACETYLATION,rawtok_CHROMATIN_HISTONE_ACETYLATION
I-BET-762,drug_sample,PUTATIVE_TARGET,BRD2,BRD2,rawtok_BRD2
I-BET-762,drug_sample,PUTATIVE_TARGET,BRD3,BRD3,rawtok_BRD3
I-BET-762,drug_sample,PUTATIVE_TARGET,BRD4,BRD4,rawtok_BRD4
I-BET-762,drug_sample,PATHWAY_NAME,Chromatin other,CHROMATIN OTHER,rawtok_CHROMATIN_OTHER
CAY10603,drug_sample,PUTATIVE_TARGET,HDAC1,HDAC1,rawtok_HDAC1
CAY10603,drug_sample,PUTATIVE_TARGET,HDAC6,HDAC6,rawtok_HDAC6
CAY10603,drug_sample,PATHWAY_NAME,Chromatin histone acetylation,CHROMATIN HISTONE ACETYLATION,rawtok_CHROMATIN_HISTONE_ACETYLATION
LINIFANIB,drug_sample,PUTATIVE_TARGET,CSF1,CSF1,rawtok_CSF1
LINIFANIB,drug_sample,PUTATIVE_TARGET,CSF1R,CSF1R,rawtok_CSF1R
LINIFANIB,drug_sample,PUTATIVE_TARGET,FLT1,FLT1,rawtok_FLT1
LINIFANIB,drug_sample,PUTATIVE_TARGET,FLT3,FLT3,rawtok_FLT3
LINIFANIB,drug_sample,PUTATIVE_TARGET,FLT4,FLT4,rawtok_FLT4
LINIFANIB,drug_sample,PUTATIVE_TARGET,KDR,KDR,rawtok_KDR
LINIFANIB,drug_sample,PUTATIVE_TARGET,KIT,KIT,rawtok_KIT
LINIFANIB,drug_sample,PUTATIVE_TARGET,PDGFRB,PDGFRB,rawtok_PDGFRB
LINIFANIB,drug_sample,PUTATIVE_TARGET,RET,RET,rawtok_RET
LINIFANIB,drug_sample,PUTATIVE_TARGET,TEK,TEK,rawtok_TEK
LINIFANIB,drug_sample,PUTATIVE_TARGET,VEGFR1,VEGFR1,rawtok_VEGFR1
LINIFANIB,drug_sample,PUTATIVE_TARGET,VEGFR2,VEGFR2,rawtok_VEGFR2
LINIFANIB,drug_sample,PUTATIVE_TARGET,VEGFR3,VEGFR3,rawtok_VEGFR3
LINIFANIB,drug_sample,PATHWAY_NAME,RTK signaling,RTK SIGNALING,rawtok_RTK_SIGNALING
BIX02189,drug_sample,PUTATIVE_TARGET,ERK5,ERK5,rawtok_ERK5
BIX02189,drug_sample,PUTATIVE_TARGET,MEK5,MEK5,rawtok_MEK5
BIX02189,drug_sample,PATHWAY_NAME,ERK MAPK signaling,ERK MAPK SIGNALING,rawtok_ERK_MAPK_SIGNALING
ALECTINIB,drug_sample,PUTATIVE_TARGET,ALK,ALK,rawtok_ALK
ALECTINIB,drug_sample,PUTATIVE_TARGET,MET,MET,rawtok_MET
ALECTINIB,drug_sample,PATHWAY_NAME,RTK signaling,RTK SIGNALING,rawtok_RTK_SIGNALING
PELITINIB,drug_sample,PUTATIVE_TARGET,EGFR,EGFR,rawtok_EGFR
PELITINIB,drug_sample,PATHWAY_NAME,EGFR signaling,EGFR SIGNALING,rawtok_EGFR_SIGNALING
OMIPALISIB,drug_sample,PUTATIVE_TARGET,MTORC1,MTORC1,rawtok_MTORC1
OMIPALISIB,drug_sample,PUTATIVE_TARGET,MTORC2,MTORC2,rawtok_MTORC2
OMIPALISIB,drug_sample,PUTATIVE_TARGET,PI3K (class 1),PI3K (CLASS 1),rawtok_PI3K_CLASS_1
OMIPALISIB,drug_sample,PATHWAY_NAME,MTOR signaling,MTOR SIGNALING,rawtok_MTOR_SIGNALING
OMIPALISIB,drug_sample,PATHWAY_NAME,PI3K,PI3K,rawtok_PI3K
JNJ38877605,drug_sample,PUTATIVE_TARGET,MET,MET,rawtok_MET
JNJ38877605,drug_sample,PATHWAY_NAME,RTK signaling,RTK SIGNALING,rawtok_RTK_SIGNALING
SU11274,drug_sample,PUTATIVE_TARGET,MET,MET,rawtok_MET
SU11274,drug_sample,PATHWAY_NAME,RTK signaling,RTK SIGNALING,rawtok_RTK_SIGNALING
KIN001-236,drug_sample,PUTATIVE_TARGET,HDAC10,HDAC10,rawtok_HDAC10
KIN001-236,drug_sample,PUTATIVE_TARGET,HDAC6,HDAC6,rawtok_HDAC6
KIN001-236,drug_sample,PATHWAY_NAME,Chromatin histone acetylation,CHROMATIN HISTONE ACETYLATION,rawtok_CHROMATIN_HISTONE_ACETYLATION
KIN001-244,drug_sample,PUTATIVE_TARGET,PDK1,PDK1,rawtok_PDK1
KIN001-244,drug_sample,PATHWAY_NAME,kinases,KINASES,rawtok_KINASES
WHI-P97,drug_sample,PUTATIVE_TARGET,JAK3,JAK3,rawtok_JAK3
WHI-P97,drug_sample,PATHWAY_NAME,kinases,KINASES,rawtok_KINASES
KIN001-042,drug_sample,PUTATIVE_TARGET,GSK3B,GSK3B,rawtok_GSK3B
KIN001-042,drug_sample,PATHWAY_NAME,WNT signaling,WNT SIGNALING,rawtok_WNT_SIGNALING
KIN001-260,drug_sample,PUTATIVE_TARGET,CDC7,CDC7,rawtok_CDC7
KIN001-260,drug_sample,PATHWAY_NAME,DNA replication,DNA REPLICATION,rawtok_DNA_REPLICATION
KIN001-266,drug_sample,PUTATIVE_TARGET,CDC7,CDC7,rawtok_CDC7
KIN001-266,drug_sample,PATHWAY_NAME,DNA replication,DNA REPLICATION,rawtok_DNA_REPLICATION
MASITINIB,drug_sample,PUTATIVE_TARGET,FGFR3,FGFR3,rawtok_FGFR3
MASITINIB,drug_sample,PUTATIVE_TARGET,KIT,KIT,rawtok_KIT
MASITINIB,drug_sample,PUTATIVE_TARGET,PDGFRA,PDGFRA,rawtok_PDGFRA
MASITINIB,drug_sample,PUTATIVE_TARGET,PDGFRB,PDGFRB,rawtok_PDGFRB
MASITINIB,drug_sample,PATHWAY_NAME,RTK signaling,RTK SIGNALING,rawtok_RTK_SIGNALING
AMUVATINIB,drug_sample,PUTATIVE_TARGET,FLT3,FLT3,rawtok_FLT3
AMUVATINIB,drug_sample,PUTATIVE_TARGET,KIT,KIT,rawtok_KIT
AMUVATINIB,drug_sample,PUTATIVE_TARGET,PDGFRA,PDGFRA,rawtok_PDGFRA
AMUVATINIB,drug_sample,PATHWAY_NAME,RTK signaling,RTK SIGNALING,rawtok_RTK_SIGNALING
MPS-1-IN-1,drug_sample,PUTATIVE_TARGET,MPS1,MPS1,rawtok_MPS1
MPS-1-IN-1,drug_sample,PATHWAY_NAME,Mitosis,MITOSIS,rawtok_MITOSIS
NVP-BHG712,drug_sample,PUTATIVE_TARGET,ABL,ABL,rawtok_ABL
NVP-BHG712,drug_sample,PUTATIVE_TARGET,EPHB4,EPHB4,rawtok_EPHB4
NVP-BHG712,drug_sample,PUTATIVE_TARGET,RAF,RAF,rawtok_RAF
NVP-BHG712,drug_sample,PUTATIVE_TARGET,SRC,SRC,rawtok_SRC
NVP-BHG712,drug_sample,PATHWAY_NAME,kinases,KINASES,rawtok_KINASES
OSI-930,drug_sample,PUTATIVE_TARGET,KDR,KDR,rawtok_KDR
OSI-930,drug_sample,PUTATIVE_TARGET,KIT,KIT,rawtok_KIT
OSI-930,drug_sample,PUTATIVE_TARGET,VEGFR2,VEGFR2,rawtok_VEGFR2
OSI-930,drug_sample,PATHWAY_NAME,RTK signaling,RTK SIGNALING,rawtok_RTK_SIGNALING
OSI-027,drug_sample,PUTATIVE_TARGET,MTOR,MTOR,rawtok_MTOR
OSI-027,drug_sample,PUTATIVE_TARGET,MTORC1,MTORC1,rawtok_MTORC1
OSI-027,drug_sample,PUTATIVE_TARGET,MTORC2,MTORC2,rawtok_MTORC2
OSI-027,drug_sample,PATHWAY_NAME,MTOR signaling,MTOR SIGNALING,rawtok_MTOR_SIGNALING
OSI-027,drug_sample,PATHWAY_NAME,PI3K,PI3K,rawtok_PI3K
CX-5461,drug_sample,PUTATIVE_TARGET,RNA Polymerase 1,RNA POLYMERASE 1,rawtok_RNA_POLYMERASE_1
PHA-793887,drug_sample,PUTATIVE_TARGET,CDK1,CDK1,rawtok_CDK1
PHA-793887,drug_sample,PUTATIVE_TARGET,CDK2,CDK2,rawtok_CDK2
PHA-793887,drug_sample,PUTATIVE_TARGET,CDK4,CDK4,rawtok_CDK4
PHA-793887,drug_sample,PUTATIVE_TARGET,CDK5,CDK5,rawtok_CDK5
PHA-793887,drug_sample,PUTATIVE_TARGET,CDK7,CDK7,rawtok_CDK7
PHA-793887,drug_sample,PUTATIVE_TARGET,CDK9,CDK9,rawtok_CDK9
PHA-793887,drug_sample,PATHWAY_NAME,Cell cycle,CELL CYCLE,rawtok_CELL_CYCLE
PI-103,drug_sample,PUTATIVE_TARGET,CLK4,CLK4,rawtok_CLK4
PI-103,drug_sample,PUTATIVE_TARGET,DAPK3,DAPK3,rawtok_DAPK3
PI-103,drug_sample,PUTATIVE_TARGET,HIPK2,HIPK2,rawtok_HIPK2
PI-103,drug_sample,PUTATIVE_TARGET,MTOR,MTOR,rawtok_MTOR
PI-103,drug_sample,PUTATIVE_TARGET,PI3Kalpha,PI3KALPHA,rawtok_PI3KALPHA
PI-103,drug_sample,PUTATIVE_TARGET,PIK3CA,PIK3CA,rawtok_PIK3CA
PI-103,drug_sample,PUTATIVE_TARGET,PIK3CB,PIK3CB,rawtok_PIK3CB
PI-103,drug_sample,PUTATIVE_TARGET,PIK3CD,PIK3CD,rawtok_PIK3CD
PI-103,drug_sample,PUTATIVE_TARGET,PIK3CG,PIK3CG,rawtok_PIK3CG
PI-103,drug_sample,PUTATIVE_TARGET,PIM3,PIM3,rawtok_PIM3
PI-103,drug_sample,PUTATIVE_TARGET,PRKDC,PRKDC,rawtok_PRKDC
PI-103,drug_sample,PATHWAY_NAME,kinases,KINASES,rawtok_KINASES
PIK-93,drug_sample,PUTATIVE_TARGET,PK3CG,PK3CG,rawtok_PK3CG
PIK-93,drug_sample,PATHWAY_NAME,MTOR signaling,MTOR SIGNALING,rawtok_MTOR_SIGNALING
PIK-93,drug_sample,PATHWAY_NAME,PI3K,PI3K,rawtok_PI3K
SB52334,drug_sample,PUTATIVE_TARGET,ALK5,ALK5,rawtok_ALK5
SB52334,drug_sample,PATHWAY_NAME,RTK signaling,RTK SIGNALING,rawtok_RTK_SIGNALING
TPCA-1,drug_sample,PUTATIVE_TARGET,IKBKB,IKBKB,rawtok_IKBKB
TPCA-1,drug_sample,PUTATIVE_TARGET,IKK2,IKK2,rawtok_IKK2
TPCA-1,drug_sample,PATHWAY_NAME,kinases,KINASES,rawtok_KINASES
FEDRATINIB,drug_sample,PUTATIVE_TARGET,JAK2,JAK2,rawtok_JAK2
FEDRATINIB,drug_sample,PATHWAY_NAME,kinases,KINASES,rawtok_KINASES
FORETINIB,drug_sample,PUTATIVE_TARGET,EGFR,EGFR,rawtok_EGFR
FORETINIB,drug_sample,PUTATIVE_TARGET,FGFR1,FGFR1,rawtok_FGFR1
FORETINIB,drug_sample,PUTATIVE_TARGET,FLT1,FLT1,rawtok_FLT1
FORETINIB,drug_sample,PUTATIVE_TARGET,FLT4,FLT4,rawtok_FLT4
FORETINIB,drug_sample,PUTATIVE_TARGET,KDR,KDR,rawtok_KDR
FORETINIB,drug_sample,PUTATIVE_TARGET,MET,MET,rawtok_MET
FORETINIB,drug_sample,PUTATIVE_TARGET,PDGFR,PDGFR,rawtok_PDGFR
FORETINIB,drug_sample,PUTATIVE_TARGET,RON,RON,rawtok_RON
FORETINIB,drug_sample,PUTATIVE_TARGET,TIE2,TIE2,rawtok_TIE2
FORETINIB,drug_sample,PUTATIVE_TARGET,VEGFR3,VEGFR3,rawtok_VEGFR3
FORETINIB,drug_sample,PATHWAY_NAME,RTK signaling,RTK SIGNALING,rawtok_RTK_SIGNALING
Y-39983,drug_sample,PUTATIVE_TARGET,ROCK,ROCK,rawtok_ROCK
Y-39983,drug_sample,PUTATIVE_TARGET,ROCK1,ROCK1,rawtok_ROCK1
Y-39983,drug_sample,PUTATIVE_TARGET,ROCK2,ROCK2,rawtok_ROCK2
Y-39983,drug_sample,PATHWAY_NAME,Cytoskeleton,CYTOSKELETON,rawtok_CYTOSKELETON
YM201636,drug_sample,PUTATIVE_TARGET,PIKFYVE,PIKFYVE,rawtok_PIKFYVE
YM201636,drug_sample,PATHWAY_NAME,MTOR signaling,MTOR SIGNALING,rawtok_MTOR_SIGNALING
YM201636,drug_sample,PATHWAY_NAME,PI3K,PI3K,rawtok_PI3K
TIVOZANIB,drug_sample,PUTATIVE_TARGET,FLT1,FLT1,rawtok_FLT1
TIVOZANIB,drug_sample,PUTATIVE_TARGET,FLT4,FLT4,rawtok_FLT4
TIVOZANIB,drug_sample,PUTATIVE_TARGET,KDR,KDR,rawtok_KDR
TIVOZANIB,drug_sample,PUTATIVE_TARGET,KIT,KIT,rawtok_KIT
TIVOZANIB,drug_sample,PUTATIVE_TARGET,PDGFR,PDGFR,rawtok_PDGFR
TIVOZANIB,drug_sample,PUTATIVE_TARGET,PDGFRA,PDGFRA,rawtok_PDGFRA
TIVOZANIB,drug_sample,PUTATIVE_TARGET,PDGFRB,PDGFRB,rawtok_PDGFRB
TIVOZANIB,drug_sample,PUTATIVE_TARGET,VEGFR1,VEGFR1,rawtok_VEGFR1
TIVOZANIB,drug_sample,PUTATIVE_TARGET,VEGFR2,VEGFR2,rawtok_VEGFR2
TIVOZANIB,drug_sample,PUTATIVE_TARGET,VEGFR3,VEGFR3,rawtok_VEGFR3
TIVOZANIB,drug_sample,PATHWAY_NAME,RTK signaling,RTK SIGNALING,rawtok_RTK_SIGNALING
WYE-125132,drug_sample,PUTATIVE_TARGET,MTOR,MTOR,rawtok_MTOR
WYE-125132,drug_sample,PUTATIVE_TARGET,mTOR,MTOR,rawtok_MTOR
WYE-125132,drug_sample,PATHWAY_NAME,MTOR signaling,MTOR SIGNALING,rawtok_MTOR_SIGNALING
WYE-125132,drug_sample,PATHWAY_NAME,PI3K,PI3K,rawtok_PI3K
GSK690693,drug_sample,PUTATIVE_TARGET,AKT1,AKT1,rawtok_AKT1
GSK690693,drug_sample,PUTATIVE_TARGET,AKT2,AKT2,rawtok_AKT2
GSK690693,drug_sample,PUTATIVE_TARGET,AKT3,AKT3,rawtok_AKT3
GSK690693,drug_sample,PATHWAY_NAME,MTOR signaling,MTOR SIGNALING,rawtok_MTOR_SIGNALING
GSK690693,drug_sample,PATHWAY_NAME,PI3K,PI3K,rawtok_PI3K
SNX-2112,drug_sample,PUTATIVE_TARGET,HSP90,HSP90,rawtok_HSP90
SNX-2112,drug_sample,PATHWAY_NAME,Protein stability and degradation,PROTEIN STABILITY AND DEGRADATION,rawtok_PROTEIN_STABILITY_AND_DEGRADATION
QL-XI-92,drug_sample,PUTATIVE_TARGET,DDR1,DDR1,rawtok_DDR1
QL-XI-92,drug_sample,PATHWAY_NAME,Cytoskeleton,CYTOSKELETON,rawtok_CYTOSKELETON
XMD13-2,drug_sample,PUTATIVE_TARGET,MRCKB,MRCKB,rawtok_MRCKB
XMD13-2,drug_sample,PATHWAY_NAME,Cytoskeleton,CYTOSKELETON,rawtok_CYTOSKELETON
QL-X-138,drug_sample,PUTATIVE_TARGET,BTK,BTK,rawtok_BTK
QL-X-138,drug_sample,PATHWAY_NAME,kinases,KINASES,rawtok_KINASES
XMD15-27,drug_sample,PUTATIVE_TARGET,CAMK2,CAMK2,rawtok_CAMK2
XMD15-27,drug_sample,PATHWAY_NAME,kinases,KINASES,rawtok_KINASES
T0901317,drug_sample,PUTATIVE_TARGET,FXR,FXR,rawtok_FXR
T0901317,drug_sample,PUTATIVE_TARGET,LXR,LXR,rawtok_LXR
SELISISTAT,drug_sample,PUTATIVE_TARGET,SIRT1,SIRT1,rawtok_SIRT1
SELISISTAT,drug_sample,PATHWAY_NAME,Chromatin histone acetylation,CHROMATIN HISTONE ACETYLATION,rawtok_CHROMATIN_HISTONE_ACETYLATION
TENOVIN-6,drug_sample,PUTATIVE_TARGET,SIRT,SIRT,rawtok_SIRT
TENOVIN-6,drug_sample,PUTATIVE_TARGET,SIRT1,SIRT1,rawtok_SIRT1
TENOVIN-6,drug_sample,PUTATIVE_TARGET,SIRT2,SIRT2,rawtok_SIRT2
TENOVIN-6,drug_sample,PUTATIVE_TARGET,SIRT3,SIRT3,rawtok_SIRT3
TENOVIN-6,drug_sample,PATHWAY_NAME,Chromatin histone acetylation,CHROMATIN HISTONE ACETYLATION,rawtok_CHROMATIN_HISTONE_ACETYLATION
THZ-2-49,drug_sample,PUTATIVE_TARGET,CDK9,CDK9,rawtok_CDK9
THZ-2-49,drug_sample,PATHWAY_NAME,Cell cycle,CELL CYCLE,rawtok_CELL_CYCLE
KIN001-270,drug_sample,PUTATIVE_TARGET,CDK9,CDK9,rawtok_CDK9
THZ-2-102-1,drug_sample,PUTATIVE_TARGET,CDK7,CDK7,rawtok_CDK7
THZ-2-102-1,drug_sample,PATHWAY_NAME,Cell cycle,CELL CYCLE,rawtok_CELL_CYCLE
AT7867,drug_sample,PUTATIVE_TARGET,AKT,AKT,rawtok_AKT
AT7867,drug_sample,PUTATIVE_TARGET,AKT2,AKT2,rawtok_AKT2
AT7867,drug_sample,PUTATIVE_TARGET,GSK3B,GSK3B,rawtok_GSK3B
AT7867,drug_sample,PUTATIVE_TARGET,PKIA,PKIA,rawtok_PKIA
AT7867,drug_sample,PUTATIVE_TARGET,PRKACA,PRKACA,rawtok_PRKACA
AT7867,drug_sample,PATHWAY_NAME,MTOR signaling,MTOR SIGNALING,rawtok_MTOR_SIGNALING
AT7867,drug_sample,PATHWAY_NAME,PI3K,PI3K,rawtok_PI3K
CI-1033,drug_sample,PUTATIVE_TARGET,EGFR,EGFR,rawtok_EGFR
CI-1033,drug_sample,PUTATIVE_TARGET,ERBB2,ERBB2,rawtok_ERBB2
CI-1033,drug_sample,PUTATIVE_TARGET,ERBB4,ERBB4,rawtok_ERBB4
CI-1033,drug_sample,PATHWAY_NAME,RTK signaling,RTK SIGNALING,rawtok_RTK_SIGNALING
PF-00299804,drug_sample,PUTATIVE_TARGET,EGFR,EGFR,rawtok_EGFR
PF-00299804,drug_sample,PUTATIVE_TARGET,ERBB2,ERBB2,rawtok_ERBB2
PF-00299804,drug_sample,PUTATIVE_TARGET,ERBB4,ERBB4,rawtok_ERBB4
PF-00299804,drug_sample,PATHWAY_NAME,RTK signaling,RTK SIGNALING,rawtok_RTK_SIGNALING
TWS119,drug_sample,PUTATIVE_TARGET,GSK3,GSK3,rawtok_GSK3
TWS119,drug_sample,PATHWAY_NAME,WNT signaling,WNT SIGNALING,rawtok_WNT_SIGNALING
TORIN 2,drug_sample,PUTATIVE_TARGET,mTOR,MTOR,rawtok_MTOR
TORIN 2,drug_sample,PATHWAY_NAME,MTOR signaling,MTOR SIGNALING,rawtok_MTOR_SIGNALING
TORIN 2,drug_sample,PATHWAY_NAME,PI3K,PI3K,rawtok_PI3K
PILARALISIB,drug_sample,PUTATIVE_TARGET,PI3K,PI3K,rawtok_PI3K
PILARALISIB,drug_sample,PATHWAY_NAME,MTOR signaling,MTOR SIGNALING,rawtok_MTOR_SIGNALING
PILARALISIB,drug_sample,PATHWAY_NAME,PI3K,PI3K,rawtok_PI3K
GSK1059615,drug_sample,PUTATIVE_TARGET,PI3K,PI3K,rawtok_PI3K
GSK1059615,drug_sample,PATHWAY_NAME,MTOR signaling,MTOR SIGNALING,rawtok_MTOR_SIGNALING
GSK1059615,drug_sample,PATHWAY_NAME,PI3K,PI3K,rawtok_PI3K
VOXTALISIB,drug_sample,PUTATIVE_TARGET,DNAPK,DNAPK,rawtok_DNAPK
VOXTALISIB,drug_sample,PUTATIVE_TARGET,MTOR,MTOR,rawtok_MTOR
VOXTALISIB,drug_sample,PUTATIVE_TARGET,PI3K (class 1),PI3K (CLASS 1),rawtok_PI3K_CLASS_1
VOXTALISIB,drug_sample,PUTATIVE_TARGET,PIK3CA,PIK3CA,rawtok_PIK3CA
VOXTALISIB,drug_sample,PATHWAY_NAME,MTOR signaling,MTOR SIGNALING,rawtok_MTOR_SIGNALING
VOXTALISIB,drug_sample,PATHWAY_NAME,PI3K,PI3K,rawtok_PI3K
"BRIVANIB, BMS-540215",drug_sample,PUTATIVE_TARGET,PDGFR,PDGFR,rawtok_PDGFR
"BRIVANIB, BMS-540215",drug_sample,PUTATIVE_TARGET,VEGFR,VEGFR,rawtok_VEGFR
"BRIVANIB, BMS-540215",drug_sample,PATHWAY_NAME,RTK signaling,RTK SIGNALING,rawtok_RTK_SIGNALING
BIBF-1120,drug_sample,PUTATIVE_TARGET,FGFR,FGFR,rawtok_FGFR
BIBF-1120,drug_sample,PUTATIVE_TARGET,PDGFR,PDGFR,rawtok_PDGFR
BIBF-1120,drug_sample,PUTATIVE_TARGET,VEGFR,VEGFR,rawtok_VEGFR
BIBF-1120,drug_sample,PATHWAY_NAME,RTK signaling,RTK SIGNALING,rawtok_RTK_SIGNALING
AST-1306,drug_sample,PUTATIVE_TARGET,EGFR,EGFR,rawtok_EGFR
AST-1306,drug_sample,PUTATIVE_TARGET,ERBB2,ERBB2,rawtok_ERBB2
AST-1306,drug_sample,PUTATIVE_TARGET,ERBB4,ERBB4,rawtok_ERBB4
AST-1306,drug_sample,PATHWAY_NAME,RTK signaling,RTK SIGNALING,rawtok_RTK_SIGNALING
APITOLISIB,drug_sample,PUTATIVE_TARGET,PI3K,PI3K,rawtok_PI3K
APITOLISIB,drug_sample,PUTATIVE_TARGET,mTOR,MTOR,rawtok_MTOR
APITOLISIB,drug_sample,PATHWAY_NAME,MTOR signaling,MTOR SIGNALING,rawtok_MTOR_SIGNALING
APITOLISIB,drug_sample,PATHWAY_NAME,PI3K,PI3K,rawtok_PI3K
LIMK1 INHIBITOR BMS4,drug_sample,PUTATIVE_TARGET,LIMK1,LIMK1,rawtok_LIMK1
LIMK1 INHIBITOR BMS4,drug_sample,PATHWAY_NAME,Cytoskeleton,CYTOSKELETON,rawtok_CYTOSKELETON
KB NB 142-70,drug_sample,PUTATIVE_TARGET,PKD,PKD,rawtok_PKD
KB NB 142-70,drug_sample,PATHWAY_NAME,kinases,KINASES,rawtok_KINASES
SPHINGOSINE KINASE 1 INHIBITOR II,drug_sample,PUTATIVE_TARGET,Sphingosine Kinase,SPHINGOSINE KINASE,rawtok_SPHINGOSINE_KINASE
SPHINGOSINE KINASE 1 INHIBITOR II,drug_sample,PATHWAY_NAME,kinases,KINASES,rawtok_KINASES
"EEF2K INHIBITOR, A-484954",drug_sample,PUTATIVE_TARGET,eEF2K,EEF2K,rawtok_EEF2K
"EEF2K INHIBITOR, A-484954",drug_sample,PATHWAY_NAME,kinases,KINASES,rawtok_KINASES
"METAP2 INHIBITOR, A832234",drug_sample,PUTATIVE_TARGET,MetAP2,METAP2,rawtok_METAP2
VENOTOCLAX,drug_sample,PUTATIVE_TARGET,BCL-2 selective,BCL-2 SELECTIVE,rawtok_BCL_2_SELECTIVE
VENOTOCLAX,drug_sample,PATHWAY_NAME,Apoptosis regulation,APOPTOSIS REGULATION,rawtok_APOPTOSIS_REGULATION
CPI-613,drug_sample,PUTATIVE_TARGET,Metabo,METABO,rawtok_METABO
CPI-613,drug_sample,PUTATIVE_TARGET,Mitochondria,MITOCHONDRIA,rawtok_MITOCHONDRIA
CAY10566,drug_sample,PUTATIVE_TARGET,Stearoyl-CoA desaturase,STEAROYL-COA DESATURASE,rawtok_STEAROYL_COA_DESATURASE
ARA-G,drug_sample,PUTATIVE_TARGET,Anti-metabolite,ANTI-METABOLITE,rawtok_ANTI_METABOLITE
PEMETREXED,drug_sample,PUTATIVE_TARGET,ATIC,ATIC,rawtok_ATIC
PEMETREXED,drug_sample,PUTATIVE_TARGET,DHFR,DHFR,rawtok_DHFR
PEMETREXED,drug_sample,PUTATIVE_TARGET,GART,GART,rawtok_GART
PEMETREXED,drug_sample,PUTATIVE_TARGET,TYMS,TYMS,rawtok_TYMS
PEMETREXED,drug_sample,PATHWAY_NAME,DNA replication,DNA REPLICATION,rawtok_DNA_REPLICATION
ALISERTIB,drug_sample,PUTATIVE_TARGET,AURKA,AURKA,rawtok_AURKA
ALISERTIB,drug_sample,PATHWAY_NAME,Mitosis,MITOSIS,rawtok_MITOSIS
FLAVOPIRIDOL,drug_sample,PUTATIVE_TARGET,CDK,CDK,rawtok_CDK
FLAVOPIRIDOL,drug_sample,PATHWAY_NAME,Cell cycle,CELL CYCLE,rawtok_CELL_CYCLE
C-75,drug_sample,PUTATIVE_TARGET,FAS,FAS,rawtok_FAS
C-75,drug_sample,PATHWAY_NAME,Apoptosis regulation,APOPTOSIS REGULATION,rawtok_APOPTOSIS_REGULATION
"CAP-232, TT-232, TLN-232",drug_sample,PUTATIVE_TARGET,Glycolysis,GLYCOLYSIS,rawtok_GLYCOLYSIS
"CAP-232, TT-232, TLN-232",drug_sample,PATHWAY_NAME,Metabolism,METABOLISM,rawtok_METABOLISM
TRICHOSTATIN A,drug_sample,PUTATIVE_TARGET,HDAC,HDAC,rawtok_HDAC
TRICHOSTATIN A,drug_sample,PATHWAY_NAME,Chromatin histone acetylation,CHROMATIN HISTONE ACETYLATION,rawtok_CHROMATIN_HISTONE_ACETYLATION
PANOBINOSTAT,drug_sample,PUTATIVE_TARGET,HDAC,HDAC,rawtok_HDAC
PANOBINOSTAT,drug_sample,PUTATIVE_TARGET,HDAC1,HDAC1,rawtok_HDAC1
PANOBINOSTAT,drug_sample,PUTATIVE_TARGET,HDAC2,HDAC2,rawtok_HDAC2
PANOBINOSTAT,drug_sample,PUTATIVE_TARGET,HDAC3,HDAC3,rawtok_HDAC3
PANOBINOSTAT,drug_sample,PUTATIVE_TARGET,HDAC4,HDAC4,rawtok_HDAC4
PANOBINOSTAT,drug_sample,PUTATIVE_TARGET,HDAC6,HDAC6,rawtok_HDAC6
PANOBINOSTAT,drug_sample,PUTATIVE_TARGET,HDAC7,HDAC7,rawtok_HDAC7
PANOBINOSTAT,drug_sample,PUTATIVE_TARGET,HDAC8,HDAC8,rawtok_HDAC8
PANOBINOSTAT,drug_sample,PUTATIVE_TARGET,HDAC9,HDAC9,rawtok_HDAC9
PANOBINOSTAT,drug_sample,PATHWAY_NAME,Chromatin histone acetylation,CHROMATIN HISTONE ACETYLATION,rawtok_CHROMATIN_HISTONE_ACETYLATION
LCL161,drug_sample,PUTATIVE_TARGET,IAP1,IAP1,rawtok_IAP1
LCL161,drug_sample,PUTATIVE_TARGET,IAP2,IAP2,rawtok_IAP2
LCL161,drug_sample,PUTATIVE_TARGET,XIAP,XIAP,rawtok_XIAP
LCL161,drug_sample,PUTATIVE_TARGET,cIAP1,CIAP1,rawtok_CIAP1
LCL161,drug_sample,PUTATIVE_TARGET,cIAP2,CIAP2,rawtok_CIAP2
LCL161,drug_sample,PATHWAY_NAME,Apoptosis regulation,APOPTOSIS REGULATION,rawtok_APOPTOSIS_REGULATION
IMD-0354,drug_sample,PUTATIVE_TARGET,IKKb,IKKB,rawtok_IKKB
IMD-0354,drug_sample,PATHWAY_NAME,kinases,KINASES,rawtok_KINASES
MIM1,drug_sample,PUTATIVE_TARGET,MCL-1,MCL-1,rawtok_MCL_1
MIM1,drug_sample,PUTATIVE_TARGET,MCL1,MCL1,rawtok_MCL1
MIM1,drug_sample,PATHWAY_NAME,Apoptosis regulation,APOPTOSIS REGULATION,rawtok_APOPTOSIS_REGULATION
ETP-45835,drug_sample,PUTATIVE_TARGET,MNK1,MNK1,rawtok_MNK1
ETP-45835,drug_sample,PUTATIVE_TARGET,MNK2,MNK2,rawtok_MNK2
ETP-45835,drug_sample,PATHWAY_NAME,kinases,KINASES,rawtok_KINASES
CD532,drug_sample,PUTATIVE_TARGET,AURKA,AURKA,rawtok_AURKA
CD532,drug_sample,PATHWAY_NAME,Mitosis,MITOSIS,rawtok_MITOSIS
NSC319726,drug_sample,PUTATIVE_TARGET,P53 Mut specific,P53 MUT SPECIFIC,rawtok_P53_MUT_SPECIFIC
NSC319726,drug_sample,PATHWAY_NAME,p53 pathway,P53 PATHWAY,rawtok_P53_PATHWAY
ARRY-520,drug_sample,PUTATIVE_TARGET,KIF11,KIF11,rawtok_KIF11
ARRY-520,drug_sample,PATHWAY_NAME,Mitosis,MITOSIS,rawtok_MITOSIS
SB505124,drug_sample,PUTATIVE_TARGET,ACVR1B,ACVR1B,rawtok_ACVR1B
SB505124,drug_sample,PUTATIVE_TARGET,ACVR1C,ACVR1C,rawtok_ACVR1C
SB505124,drug_sample,PUTATIVE_TARGET,TGFBR1,TGFBR1,rawtok_TGFBR1
SB505124,drug_sample,PATHWAY_NAME,RTK signaling,RTK SIGNALING,rawtok_RTK_SIGNALING
A-83-01,drug_sample,PUTATIVE_TARGET,TGFB,TGFB,rawtok_TGFB
LDN-193189,drug_sample,PUTATIVE_TARGET,BMP,BMP,rawtok_BMP
FTY-720,drug_sample,PUTATIVE_TARGET,S1P,S1P,rawtok_S1P
BAM7,drug_sample,PUTATIVE_TARGET,BAX,BAX,rawtok_BAX
BAM7,drug_sample,PUTATIVE_TARGET,Bax activator,BAX ACTIVATOR,rawtok_BAX_ACTIVATOR
AGI-6780,drug_sample,PUTATIVE_TARGET,IDH2 R140Q mutant,IDH2 R140Q MUTANT,rawtok_IDH2_R140Q_MUTANT
AGI-6780,drug_sample,PUTATIVE_TARGET,IDH2(R140Q),IDH2(R140Q),rawtok_IDH2_R140Q
AGI-6780,drug_sample,PATHWAY_NAME,Metabolism,METABOLISM,rawtok_METABOLISM
KOBE2602,drug_sample,PUTATIVE_TARGET,RAS effector,RAS EFFECTOR,rawtok_RAS_EFFECTOR
KOBE2602,drug_sample,PATHWAY_NAME,RTK signaling,RTK SIGNALING,rawtok_RTK_SIGNALING
LGK974,drug_sample,PUTATIVE_TARGET,PORCN,PORCN,rawtok_PORCN
LGK974,drug_sample,PATHWAY_NAME,WNT signaling,WNT SIGNALING,rawtok_WNT_SIGNALING
WNT-C59,drug_sample,PUTATIVE_TARGET,PORCN,PORCN,rawtok_PORCN
WNT-C59,drug_sample,PATHWAY_NAME,WNT signaling,WNT SIGNALING,rawtok_WNT_SIGNALING
RU-SKI 43,drug_sample,PUTATIVE_TARGET,Shh,SHH,rawtok_SHH
AICA RIBONUCLEOTIDE,drug_sample,PUTATIVE_TARGET,AMPK agonist,AMPK AGONIST,rawtok_AMPK_AGONIST
AICA RIBONUCLEOTIDE,drug_sample,PATHWAY_NAME,Metabolism,METABOLISM,rawtok_METABOLISM
VINBLASTINE,drug_sample,PUTATIVE_TARGET,JUN,JUN,rawtok_JUN
VINBLASTINE,drug_sample,PUTATIVE_TARGET,Microtubule destabiliser,MICROTUBULE DESTABILISER,rawtok_MICROTUBULE_DESTABILISER
VINBLASTINE,drug_sample,PUTATIVE_TARGET,TUBA1A,TUBA1A,rawtok_TUBA1A
VINBLASTINE,drug_sample,PUTATIVE_TARGET,TUBB,TUBB,rawtok_TUBB
VINBLASTINE,drug_sample,PUTATIVE_TARGET,TUBD1,TUBD1,rawtok_TUBD1
VINBLASTINE,drug_sample,PUTATIVE_TARGET,TUBE1,TUBE1,rawtok_TUBE1
VINBLASTINE,drug_sample,PUTATIVE_TARGET,TUBG1,TUBG1,rawtok_TUBG1
VINBLASTINE,drug_sample,PATHWAY_NAME,Mitosis,MITOSIS,rawtok_MITOSIS
CISPLATIN,drug_sample,PUTATIVE_TARGET,DNA crosslinker,DNA CROSSLINKER,rawtok_DNA_CROSSLINKER
CISPLATIN,drug_sample,PUTATIVE_TARGET,XIAP,XIAP,rawtok_XIAP
CISPLATIN,drug_sample,PATHWAY_NAME,DNA replication,DNA REPLICATION,rawtok_DNA_REPLICATION
CYTARABINE,drug_sample,PUTATIVE_TARGET,Antimetabolite,ANTIMETABOLITE,rawtok_ANTIMETABOLITE
CYTARABINE,drug_sample,PUTATIVE_TARGET,POLA1,POLA1,rawtok_POLA1
CYTARABINE,drug_sample,PUTATIVE_TARGET,POLB,POLB,rawtok_POLB
CYTARABINE,drug_sample,PUTATIVE_TARGET,POLD1,POLD1,rawtok_POLD1
CYTARABINE,drug_sample,PUTATIVE_TARGET,POLE,POLE,rawtok_POLE
DOCETAXEL,drug_sample,PUTATIVE_TARGET,BCL2,BCL2,rawtok_BCL2
DOCETAXEL,drug_sample,PUTATIVE_TARGET,MAP2,MAP2,rawtok_MAP2
DOCETAXEL,drug_sample,PUTATIVE_TARGET,MAP4,MAP4,rawtok_MAP4
DOCETAXEL,drug_sample,PUTATIVE_TARGET,MAPT,MAPT,rawtok_MAPT
DOCETAXEL,drug_sample,PUTATIVE_TARGET,Microtubule stabiliser,MICROTUBULE STABILISER,rawtok_MICROTUBULE_STABILISER
DOCETAXEL,drug_sample,PUTATIVE_TARGET,NR1I2,NR1I2,rawtok_NR1I2
DOCETAXEL,drug_sample,PUTATIVE_TARGET,TUBB,TUBB,rawtok_TUBB
DOCETAXEL,drug_sample,PUTATIVE_TARGET,TUBB1,TUBB1,rawtok_TUBB1
DOCETAXEL,drug_sample,PATHWAY_NAME,Mitosis,MITOSIS,rawtok_MITOSIS
METHOTREXATE,drug_sample,PUTATIVE_TARGET,Antimetabolite,ANTIMETABOLITE,rawtok_ANTIMETABOLITE
METHOTREXATE,drug_sample,PUTATIVE_TARGET,DHFR,DHFR,rawtok_DHFR
METHOTREXATE,drug_sample,PATHWAY_NAME,DNA replication,DNA REPLICATION,rawtok_DNA_REPLICATION
TRETINOIN,drug_sample,PUTATIVE_TARGET,Retinoic acid,RETINOIC ACID,rawtok_RETINOIC_ACID
GEFITINIB,drug_sample,PUTATIVE_TARGET,EGFR,EGFR,rawtok_EGFR
GEFITINIB,drug_sample,PATHWAY_NAME,EGFR signaling,EGFR SIGNALING,rawtok_EGFR_SIGNALING
NAVITOCLAX,drug_sample,PUTATIVE_TARGET,BCL-W,BCL-W,rawtok_BCL_W
NAVITOCLAX,drug_sample,PUTATIVE_TARGET,BCL-XL,BCL-XL,rawtok_BCL_XL
NAVITOCLAX,drug_sample,PUTATIVE_TARGET,BCL2,BCL2,rawtok_BCL2
NAVITOCLAX,drug_sample,PUTATIVE_TARGET,BCL2L1,BCL2L1,rawtok_BCL2L1
NAVITOCLAX,drug_sample,PUTATIVE_TARGET,BCL2L2,BCL2L2,rawtok_BCL2L2
NAVITOCLAX,drug_sample,PATHWAY_NAME,Apoptosis regulation,APOPTOSIS REGULATION,rawtok_APOPTOSIS_REGULATION
VORINOSTAT,drug_sample,PUTATIVE_TARGET,HDAC inhibitor Class I,HDAC INHIBITOR CLASS I,rawtok_HDAC_INHIBITOR_CLASS_I
VORINOSTAT,drug_sample,PUTATIVE_TARGET,HDAC1,HDAC1,rawtok_HDAC1
VORINOSTAT,drug_sample,PUTATIVE_TARGET,HDAC10,HDAC10,rawtok_HDAC10
VORINOSTAT,drug_sample,PUTATIVE_TARGET,HDAC11,HDAC11,rawtok_HDAC11
VORINOSTAT,drug_sample,PUTATIVE_TARGET,HDAC2,HDAC2,rawtok_HDAC2
VORINOSTAT,drug_sample,PUTATIVE_TARGET,HDAC3,HDAC3,rawtok_HDAC3
VORINOSTAT,drug_sample,PUTATIVE_TARGET,HDAC5,HDAC5,rawtok_HDAC5
VORINOSTAT,drug_sample,PUTATIVE_TARGET,HDAC6,HDAC6,rawtok_HDAC6
VORINOSTAT,drug_sample,PUTATIVE_TARGET,HDAC8,HDAC8,rawtok_HDAC8
VORINOSTAT,drug_sample,PUTATIVE_TARGET,HDAC9,HDAC9,rawtok_HDAC9
VORINOSTAT,drug_sample,PUTATIVE_TARGET,IIa,IIA,rawtok_IIA
VORINOSTAT,drug_sample,PUTATIVE_TARGET,IIb,IIB,rawtok_IIB
VORINOSTAT,drug_sample,PUTATIVE_TARGET,IV,IV,rawtok_IV
VORINOSTAT,drug_sample,PATHWAY_NAME,Chromatin histone acetylation,CHROMATIN HISTONE ACETYLATION,rawtok_CHROMATIN_HISTONE_ACETYLATION
NILOTINIB,drug_sample,PUTATIVE_TARGET,ABL,ABL,rawtok_ABL
NILOTINIB,drug_sample,PUTATIVE_TARGET,ABL1,ABL1,rawtok_ABL1
NILOTINIB,drug_sample,PUTATIVE_TARGET,KIT,KIT,rawtok_KIT
NILOTINIB,drug_sample,PATHWAY_NAME,ABL signaling,ABL SIGNALING,rawtok_ABL_SIGNALING
REFAMETINIB,drug_sample,PUTATIVE_TARGET,MAP2K1,MAP2K1,rawtok_MAP2K1
REFAMETINIB,drug_sample,PUTATIVE_TARGET,MAP2K2,MAP2K2,rawtok_MAP2K2
REFAMETINIB,drug_sample,PUTATIVE_TARGET,MEK1,MEK1,rawtok_MEK1
REFAMETINIB,drug_sample,PUTATIVE_TARGET,MEK2,MEK2,rawtok_MEK2
REFAMETINIB,drug_sample,PATHWAY_NAME,ERK MAPK signaling,ERK MAPK SIGNALING,rawtok_ERK_MAPK_SIGNALING
CI-1040,drug_sample,PUTATIVE_TARGET,MEK1,MEK1,rawtok_MEK1
CI-1040,drug_sample,PUTATIVE_TARGET,MEK2,MEK2,rawtok_MEK2
CI-1040,drug_sample,PATHWAY_NAME,ERK MAPK signaling,ERK MAPK SIGNALING,rawtok_ERK_MAPK_SIGNALING
TEMSIROLIMUS,drug_sample,PUTATIVE_TARGET,MTOR,MTOR,rawtok_MTOR
TEMSIROLIMUS,drug_sample,PATHWAY_NAME,MTOR signaling,MTOR SIGNALING,rawtok_MTOR_SIGNALING
TEMSIROLIMUS,drug_sample,PATHWAY_NAME,PI3K,PI3K,rawtok_PI3K
OLAPARIB,drug_sample,PUTATIVE_TARGET,PARP1,PARP1,rawtok_PARP1
OLAPARIB,drug_sample,PUTATIVE_TARGET,PARP2,PARP2,rawtok_PARP2
OLAPARIB,drug_sample,PATHWAY_NAME,Genome integrity,GENOME INTEGRITY,rawtok_GENOME_INTEGRITY
VELIPARIB,drug_sample,PUTATIVE_TARGET,PARP1,PARP1,rawtok_PARP1
VELIPARIB,drug_sample,PUTATIVE_TARGET,PARP2,PARP2,rawtok_PARP2
VELIPARIB,drug_sample,PATHWAY_NAME,Genome integrity,GENOME INTEGRITY,rawtok_GENOME_INTEGRITY
BOSUTINIB,drug_sample,PUTATIVE_TARGET,ABL,ABL,rawtok_ABL
BOSUTINIB,drug_sample,PUTATIVE_TARGET,ABL1,ABL1,rawtok_ABL1
BOSUTINIB,drug_sample,PUTATIVE_TARGET,BCR,BCR,rawtok_BCR
BOSUTINIB,drug_sample,PUTATIVE_TARGET,CAMK1D,CAMK1D,rawtok_CAMK1D
BOSUTINIB,drug_sample,PUTATIVE_TARGET,CAMK2G,CAMK2G,rawtok_CAMK2G
BOSUTINIB,drug_sample,PUTATIVE_TARGET,CDK2,CDK2,rawtok_CDK2
BOSUTINIB,drug_sample,PUTATIVE_TARGET,FRK,FRK,rawtok_FRK
BOSUTINIB,drug_sample,PUTATIVE_TARGET,FYN,FYN,rawtok_FYN
BOSUTINIB,drug_sample,PUTATIVE_TARGET,HCK,HCK,rawtok_HCK
BOSUTINIB,drug_sample,PUTATIVE_TARGET,LYN,LYN,rawtok_LYN
BOSUTINIB,drug_sample,PUTATIVE_TARGET,MAP2K1,MAP2K1,rawtok_MAP2K1
BOSUTINIB,drug_sample,PUTATIVE_TARGET,MAP2K2,MAP2K2,rawtok_MAP2K2
BOSUTINIB,drug_sample,PUTATIVE_TARGET,MAP3K2,MAP3K2,rawtok_MAP3K2
BOSUTINIB,drug_sample,PUTATIVE_TARGET,MAP4K5,MAP4K5,rawtok_MAP4K5
BOSUTINIB,drug_sample,PUTATIVE_TARGET,SRC,SRC,rawtok_SRC
BOSUTINIB,drug_sample,PUTATIVE_TARGET,STK10,STK10,rawtok_STK10
BOSUTINIB,drug_sample,PUTATIVE_TARGET,STK24,STK24,rawtok_STK24
BOSUTINIB,drug_sample,PUTATIVE_TARGET,STK4,STK4,rawtok_STK4
BOSUTINIB,drug_sample,PUTATIVE_TARGET,TEC,TEC,rawtok_TEC
BOSUTINIB,drug_sample,PUTATIVE_TARGET,TNK2,TNK2,rawtok_TNK2
BOSUTINIB,drug_sample,PUTATIVE_TARGET,TXK,TXK,rawtok_TXK
BOSUTINIB,drug_sample,PATHWAY_NAME,kinases,KINASES,rawtok_KINASES
LENALIDOMIDE,drug_sample,PUTATIVE_TARGET,CDH5,CDH5,rawtok_CDH5
LENALIDOMIDE,drug_sample,PUTATIVE_TARGET,CRBN,CRBN,rawtok_CRBN
LENALIDOMIDE,drug_sample,PUTATIVE_TARGET,PTGS2,PTGS2,rawtok_PTGS2
LENALIDOMIDE,drug_sample,PUTATIVE_TARGET,TNF,TNF,rawtok_TNF
LENALIDOMIDE,drug_sample,PUTATIVE_TARGET,TNFSF11,TNFSF11,rawtok_TNFSF11
LENALIDOMIDE,drug_sample,PATHWAY_NAME,Protein stability and degradation,PROTEIN STABILITY AND DEGRADATION,rawtok_PROTEIN_STABILITY_AND_DEGRADATION
AXITINIB,drug_sample,PUTATIVE_TARGET,CSF1,CSF1,rawtok_CSF1
AXITINIB,drug_sample,PUTATIVE_TARGET,FLT1,FLT1,rawtok_FLT1
AXITINIB,drug_sample,PUTATIVE_TARGET,FLT4,FLT4,rawtok_FLT4
AXITINIB,drug_sample,PUTATIVE_TARGET,KDR,KDR,rawtok_KDR
AXITINIB,drug_sample,PUTATIVE_TARGET,KIT,KIT,rawtok_KIT
AXITINIB,drug_sample,PUTATIVE_TARGET,PDGFR,PDGFR,rawtok_PDGFR
AXITINIB,drug_sample,PUTATIVE_TARGET,PLK4,PLK4,rawtok_PLK4
AXITINIB,drug_sample,PUTATIVE_TARGET,VEGFR,VEGFR,rawtok_VEGFR
AXITINIB,drug_sample,PATHWAY_NAME,RTK signaling,RTK SIGNALING,rawtok_RTK_SIGNALING
AZD7762,drug_sample,PUTATIVE_TARGET,CHEK1,CHEK1,rawtok_CHEK1
AZD7762,drug_sample,PUTATIVE_TARGET,CHEK2,CHEK2,rawtok_CHEK2
AZD7762,drug_sample,PATHWAY_NAME,Cell cycle,CELL CYCLE,rawtok_CELL_CYCLE
GW441756,drug_sample,PUTATIVE_TARGET,NTRK1,NTRK1,rawtok_NTRK1
GW441756,drug_sample,PATHWAY_NAME,RTK signaling,RTK SIGNALING,rawtok_RTK_SIGNALING
LESTAURTINIB,drug_sample,PUTATIVE_TARGET,FLT3,FLT3,rawtok_FLT3
LESTAURTINIB,drug_sample,PUTATIVE_TARGET,JAK2,JAK2,rawtok_JAK2
LESTAURTINIB,drug_sample,PUTATIVE_TARGET,NTRK1,NTRK1,rawtok_NTRK1
LESTAURTINIB,drug_sample,PUTATIVE_TARGET,NTRK2,NTRK2,rawtok_NTRK2
LESTAURTINIB,drug_sample,PUTATIVE_TARGET,NTRK3,NTRK3,rawtok_NTRK3
LESTAURTINIB,drug_sample,PATHWAY_NAME,kinases,KINASES,rawtok_KINASES
SB216763,drug_sample,PUTATIVE_TARGET,GSK3A,GSK3A,rawtok_GSK3A
SB216763,drug_sample,PUTATIVE_TARGET,GSK3B,GSK3B,rawtok_GSK3B
SB216763,drug_sample,PATHWAY_NAME,WNT signaling,WNT SIGNALING,rawtok_WNT_SIGNALING
TANESPIMYCIN,drug_sample,PUTATIVE_TARGET,HSP90,HSP90,rawtok_HSP90
TANESPIMYCIN,drug_sample,PUTATIVE_TARGET,HSP90AA1,HSP90AA1,rawtok_HSP90AA1
TANESPIMYCIN,drug_sample,PATHWAY_NAME,Protein stability and degradation,PROTEIN STABILITY AND DEGRADATION,rawtok_PROTEIN_STABILITY_AND_DEGRADATION
VX-702,drug_sample,PUTATIVE_TARGET,MAPK11,MAPK11,rawtok_MAPK11
VX-702,drug_sample,PUTATIVE_TARGET,MAPK12,MAPK12,rawtok_MAPK12
VX-702,drug_sample,PUTATIVE_TARGET,MAPK14,MAPK14,rawtok_MAPK14
VX-702,drug_sample,PUTATIVE_TARGET,p38,P38,rawtok_P38
VX-702,drug_sample,PATHWAY_NAME,JNK and p38 signaling,JNK AND P38 SIGNALING,rawtok_JNK_AND_P38_SIGNALING
MOTESANIB,drug_sample,PUTATIVE_TARGET,FLT1,FLT1,rawtok_FLT1
MOTESANIB,drug_sample,PUTATIVE_TARGET,FLT4,FLT4,rawtok_FLT4
MOTESANIB,drug_sample,PUTATIVE_TARGET,KDR,KDR,rawtok_KDR
MOTESANIB,drug_sample,PUTATIVE_TARGET,KIT,KIT,rawtok_KIT
MOTESANIB,drug_sample,PUTATIVE_TARGET,PDGFR,PDGFR,rawtok_PDGFR
MOTESANIB,drug_sample,PUTATIVE_TARGET,RET,RET,rawtok_RET
MOTESANIB,drug_sample,PUTATIVE_TARGET,VEGFR,VEGFR,rawtok_VEGFR
MOTESANIB,drug_sample,PATHWAY_NAME,RTK signaling,RTK SIGNALING,rawtok_RTK_SIGNALING
KU-55933,drug_sample,PUTATIVE_TARGET,ATM,ATM,rawtok_ATM
KU-55933,drug_sample,PATHWAY_NAME,Genome integrity,GENOME INTEGRITY,rawtok_GENOME_INTEGRITY
ELESCLOMOL,drug_sample,PUTATIVE_TARGET,HSP90,HSP90,rawtok_HSP90
ELESCLOMOL,drug_sample,PUTATIVE_TARGET,HSPA1A,HSPA1A,rawtok_HSPA1A
ELESCLOMOL,drug_sample,PATHWAY_NAME,Protein stability and degradation,PROTEIN STABILITY AND DEGRADATION,rawtok_PROTEIN_STABILITY_AND_DEGRADATION
AFATINIB,drug_sample,PUTATIVE_TARGET,EGFR,EGFR,rawtok_EGFR
AFATINIB,drug_sample,PUTATIVE_TARGET,ERBB2,ERBB2,rawtok_ERBB2
AFATINIB,drug_sample,PUTATIVE_TARGET,ERBB4,ERBB4,rawtok_ERBB4
AFATINIB,drug_sample,PATHWAY_NAME,EGFR signaling,EGFR SIGNALING,rawtok_EGFR_SIGNALING
VISMODEGIB,drug_sample,PUTATIVE_TARGET,SMO,SMO,rawtok_SMO
PLX-4720,drug_sample,PUTATIVE_TARGET,BRAF,BRAF,rawtok_BRAF
PLX-4720,drug_sample,PUTATIVE_TARGET,KDR,KDR,rawtok_KDR
PLX-4720,drug_sample,PATHWAY_NAME,ERK MAPK signaling,ERK MAPK SIGNALING,rawtok_ERK_MAPK_SIGNALING
BX795,drug_sample,PUTATIVE_TARGET,AURKB,AURKB,rawtok_AURKB
BX795,drug_sample,PUTATIVE_TARGET,AURKC,AURKC,rawtok_AURKC
BX795,drug_sample,PUTATIVE_TARGET,IKK,IKK,rawtok_IKK
BX795,drug_sample,PUTATIVE_TARGET,PDK1 (PDPK1),PDK1 (PDPK1),rawtok_PDK1_PDPK1
BX795,drug_sample,PUTATIVE_TARGET,TBK1,TBK1,rawtok_TBK1
BX795,drug_sample,PATHWAY_NAME,kinases,KINASES,rawtok_KINASES
NU7441,drug_sample,PUTATIVE_TARGET,DNAPK,DNAPK,rawtok_DNAPK
NU7441,drug_sample,PATHWAY_NAME,Genome integrity,GENOME INTEGRITY,rawtok_GENOME_INTEGRITY
SL0101,drug_sample,PUTATIVE_TARGET,AURKB,AURKB,rawtok_AURKB
SL0101,drug_sample,PUTATIVE_TARGET,PIM1,PIM1,rawtok_PIM1
SL0101,drug_sample,PUTATIVE_TARGET,PIM3,PIM3,rawtok_PIM3
SL0101,drug_sample,PUTATIVE_TARGET,RSK,RSK,rawtok_RSK
SL0101,drug_sample,PATHWAY_NAME,kinases,KINASES,rawtok_KINASES
DORAMAPIMOD,drug_sample,PUTATIVE_TARGET,JNK2,JNK2,rawtok_JNK2
DORAMAPIMOD,drug_sample,PUTATIVE_TARGET,p38,P38,rawtok_P38
DORAMAPIMOD,drug_sample,PATHWAY_NAME,JNK and p38 signaling,JNK AND P38 SIGNALING,rawtok_JNK_AND_P38_SIGNALING
JNK INHIBITOR VIII,drug_sample,PUTATIVE_TARGET,JNK,JNK,rawtok_JNK
JNK INHIBITOR VIII,drug_sample,PATHWAY_NAME,JNK and p38 signaling,JNK AND P38 SIGNALING,rawtok_JNK_AND_P38_SIGNALING
WEE1 INHIBITOR,drug_sample,PUTATIVE_TARGET,CHEK1,CHEK1,rawtok_CHEK1
WEE1 INHIBITOR,drug_sample,PUTATIVE_TARGET,WEE1,WEE1,rawtok_WEE1
WEE1 INHIBITOR,drug_sample,PATHWAY_NAME,Cell cycle,CELL CYCLE,rawtok_CELL_CYCLE
NUTLIN-3A (-),drug_sample,PUTATIVE_TARGET,MDM2,MDM2,rawtok_MDM2
NUTLIN-3A (-),drug_sample,PATHWAY_NAME,p53 pathway,P53 PATHWAY,rawtok_P53_PATHWAY
MIRIN,drug_sample,PUTATIVE_TARGET,MRE11,MRE11,rawtok_MRE11
MIRIN,drug_sample,PATHWAY_NAME,Genome integrity,GENOME INTEGRITY,rawtok_GENOME_INTEGRITY
PD173074,drug_sample,PUTATIVE_TARGET,FGFR1,FGFR1,rawtok_FGFR1
PD173074,drug_sample,PUTATIVE_TARGET,FGFR2,FGFR2,rawtok_FGFR2
PD173074,drug_sample,PUTATIVE_TARGET,FGFR3,FGFR3,rawtok_FGFR3
PD173074,drug_sample,PATHWAY_NAME,RTK signaling,RTK SIGNALING,rawtok_RTK_SIGNALING
ZM447439,drug_sample,PUTATIVE_TARGET,AURKA,AURKA,rawtok_AURKA
ZM447439,drug_sample,PUTATIVE_TARGET,AURKB,AURKB,rawtok_AURKB
ZM447439,drug_sample,PATHWAY_NAME,Mitosis,MITOSIS,rawtok_MITOSIS
RO-3306,drug_sample,PUTATIVE_TARGET,CDK1,CDK1,rawtok_CDK1
RO-3306,drug_sample,PATHWAY_NAME,Cell cycle,CELL CYCLE,rawtok_CELL_CYCLE
MK-2206,drug_sample,PUTATIVE_TARGET,AKT1,AKT1,rawtok_AKT1
MK-2206,drug_sample,PUTATIVE_TARGET,AKT2,AKT2,rawtok_AKT2
MK-2206,drug_sample,PUTATIVE_TARGET,AKT3,AKT3,rawtok_AKT3
MK-2206,drug_sample,PATHWAY_NAME,MTOR signaling,MTOR SIGNALING,rawtok_MTOR_SIGNALING
MK-2206,drug_sample,PATHWAY_NAME,PI3K,PI3K,rawtok_PI3K
PALBOCICLIB,drug_sample,PUTATIVE_TARGET,CDK4,CDK4,rawtok_CDK4
PALBOCICLIB,drug_sample,PUTATIVE_TARGET,CDK6,CDK6,rawtok_CDK6
PALBOCICLIB,drug_sample,PATHWAY_NAME,Cell cycle,CELL CYCLE,rawtok_CELL_CYCLE
DACTOLISIB,drug_sample,PUTATIVE_TARGET,MTORC1,MTORC1,rawtok_MTORC1
DACTOLISIB,drug_sample,PUTATIVE_TARGET,MTORC2,MTORC2,rawtok_MTORC2
DACTOLISIB,drug_sample,PUTATIVE_TARGET,PI3K (class 1),PI3K (CLASS 1),rawtok_PI3K_CLASS_1
DACTOLISIB,drug_sample,PATHWAY_NAME,MTOR signaling,MTOR SIGNALING,rawtok_MTOR_SIGNALING
DACTOLISIB,drug_sample,PATHWAY_NAME,PI3K,PI3K,rawtok_PI3K
PICTILISIB,drug_sample,PUTATIVE_TARGET,PI3K (class 1),PI3K (CLASS 1),rawtok_PI3K_CLASS_1
PICTILISIB,drug_sample,PATHWAY_NAME,MTOR signaling,MTOR SIGNALING,rawtok_MTOR_SIGNALING
PICTILISIB,drug_sample,PATHWAY_NAME,PI3K,PI3K,rawtok_PI3K
AZD8055,drug_sample,PUTATIVE_TARGET,MTOR,MTOR,rawtok_MTOR
AZD8055,drug_sample,PUTATIVE_TARGET,MTORC1,MTORC1,rawtok_MTORC1
AZD8055,drug_sample,PUTATIVE_TARGET,MTORC2,MTORC2,rawtok_MTORC2
AZD8055,drug_sample,PATHWAY_NAME,MTOR signaling,MTOR SIGNALING,rawtok_MTOR_SIGNALING
AZD8055,drug_sample,PATHWAY_NAME,PI3K,PI3K,rawtok_PI3K
PD0325901,drug_sample,PUTATIVE_TARGET,MEK1,MEK1,rawtok_MEK1
PD0325901,drug_sample,PUTATIVE_TARGET,MEK2,MEK2,rawtok_MEK2
PD0325901,drug_sample,PATHWAY_NAME,ERK MAPK signaling,ERK MAPK SIGNALING,rawtok_ERK_MAPK_SIGNALING
SB590885,drug_sample,PUTATIVE_TARGET,BRAF,BRAF,rawtok_BRAF
SB590885,drug_sample,PATHWAY_NAME,ERK MAPK signaling,ERK MAPK SIGNALING,rawtok_ERK_MAPK_SIGNALING
SELUMETINIB,drug_sample,PUTATIVE_TARGET,MAP2K1,MAP2K1,rawtok_MAP2K1
SELUMETINIB,drug_sample,PUTATIVE_TARGET,MEK1,MEK1,rawtok_MEK1
SELUMETINIB,drug_sample,PUTATIVE_TARGET,MEK2,MEK2,rawtok_MEK2
SELUMETINIB,drug_sample,PATHWAY_NAME,ERK MAPK signaling,ERK MAPK SIGNALING,rawtok_ERK_MAPK_SIGNALING
CCT007093,drug_sample,PUTATIVE_TARGET,PPM1D,PPM1D,rawtok_PPM1D
CCT007093,drug_sample,PATHWAY_NAME,Cell cycle,CELL CYCLE,rawtok_CELL_CYCLE
EHT-1864,drug_sample,PUTATIVE_TARGET,RAC1,RAC1,rawtok_RAC1
EHT-1864,drug_sample,PUTATIVE_TARGET,RAC2,RAC2,rawtok_RAC2
EHT-1864,drug_sample,PUTATIVE_TARGET,RAC3,RAC3,rawtok_RAC3
EHT-1864,drug_sample,PATHWAY_NAME,Cytoskeleton,CYTOSKELETON,rawtok_CYTOSKELETON
CRT0105950,drug_sample,PUTATIVE_TARGET,JNK1,JNK1,rawtok_JNK1
CRT0105950,drug_sample,PUTATIVE_TARGET,JNK2,JNK2,rawtok_JNK2
CRT0105950,drug_sample,PUTATIVE_TARGET,JNK3,JNK3,rawtok_JNK3
CRT0105950,drug_sample,PATHWAY_NAME,JNK and p38 signaling,JNK AND P38 SIGNALING,rawtok_JNK_AND_P38_SIGNALING
CRT0105446,drug_sample,PUTATIVE_TARGET,LCK,LCK,rawtok_LCK
CRT0105446,drug_sample,PUTATIVE_TARGET,mTOR,MTOR,rawtok_MTOR
CRT0105446,drug_sample,PATHWAY_NAME,MTOR signaling,MTOR SIGNALING,rawtok_MTOR_SIGNALING
CRT0105446,drug_sample,PATHWAY_NAME,PI3K,PI3K,rawtok_PI3K
CETUXIMAB,drug_sample,PUTATIVE_TARGET,EGFR,EGFR,rawtok_EGFR
CETUXIMAB,drug_sample,PATHWAY_NAME,EGFR signaling,EGFR SIGNALING,rawtok_EGFR_SIGNALING
FS106,drug_sample,PUTATIVE_TARGET,CHEK1,CHEK1,rawtok_CHEK1
FS106,drug_sample,PATHWAY_NAME,Cell cycle,CELL CYCLE,rawtok_CELL_CYCLE
PF-4708671,drug_sample,PUTATIVE_TARGET,S6K1,S6K1,rawtok_S6K1
PF-4708671,drug_sample,PATHWAY_NAME,MTOR signaling,MTOR SIGNALING,rawtok_MTOR_SIGNALING
PF-4708671,drug_sample,PATHWAY_NAME,PI3K,PI3K,rawtok_PI3K
SERDEMETAN,drug_sample,PUTATIVE_TARGET,MDM2,MDM2,rawtok_MDM2
SERDEMETAN,drug_sample,PATHWAY_NAME,p53 pathway,P53 PATHWAY,rawtok_P53_PATHWAY
AZD4547,drug_sample,PUTATIVE_TARGET,FGFR1,FGFR1,rawtok_FGFR1
AZD4547,drug_sample,PUTATIVE_TARGET,FGFR2,FGFR2,rawtok_FGFR2
AZD4547,drug_sample,PUTATIVE_TARGET,FGFR3,FGFR3,rawtok_FGFR3
AZD4547,drug_sample,PUTATIVE_TARGET,FGFR4,FGFR4,rawtok_FGFR4
AZD4547,drug_sample,PUTATIVE_TARGET,FGRF1,FGRF1,rawtok_FGRF1
AZD4547,drug_sample,PUTATIVE_TARGET,IGF1R,IGF1R,rawtok_IGF1R
AZD4547,drug_sample,PUTATIVE_TARGET,KDR,KDR,rawtok_KDR
AZD4547,drug_sample,PATHWAY_NAME,RTK signaling,RTK SIGNALING,rawtok_RTK_SIGNALING
CAPIVASERTIB,drug_sample,PUTATIVE_TARGET,AKT,AKT,rawtok_AKT
CAPIVASERTIB,drug_sample,PATHWAY_NAME,MTOR signaling,MTOR SIGNALING,rawtok_MTOR_SIGNALING
CAPIVASERTIB,drug_sample,PATHWAY_NAME,PI3K,PI3K,rawtok_PI3K
HG-5-113-01,drug_sample,PUTATIVE_TARGET,AURKA,AURKA,rawtok_AURKA
HG-5-113-01,drug_sample,PATHWAY_NAME,Mitosis,MITOSIS,rawtok_MITOSIS
HG-5-88-01,drug_sample,PUTATIVE_TARGET,M4K2,M4K2,rawtok_M4K2
HG-5-88-01,drug_sample,PUTATIVE_TARGET,TAK1,TAK1,rawtok_TAK1
HG-5-88-01,drug_sample,PATHWAY_NAME,kinases,KINASES,rawtok_KINASES
THZ-1-87,drug_sample,PUTATIVE_TARGET,BMX,BMX,rawtok_BMX
THZ-1-87,drug_sample,PUTATIVE_TARGET,BTK,BTK,rawtok_BTK
THZ-1-87,drug_sample,PATHWAY_NAME,kinases,KINASES,rawtok_KINASES
TW 37,drug_sample,PUTATIVE_TARGET,BCL-XL,BCL-XL,rawtok_BCL_XL
TW 37,drug_sample,PUTATIVE_TARGET,BCL2,BCL2,rawtok_BCL2
TW 37,drug_sample,PUTATIVE_TARGET,MCL1,MCL1,rawtok_MCL1
TW 37,drug_sample,PATHWAY_NAME,Apoptosis regulation,APOPTOSIS REGULATION,rawtok_APOPTOSIS_REGULATION
XMD11-50,drug_sample,PUTATIVE_TARGET,ERK5,ERK5,rawtok_ERK5
XMD11-50,drug_sample,PUTATIVE_TARGET,LRRK2,LRRK2,rawtok_LRRK2
XMD11-50,drug_sample,PATHWAY_NAME,kinases,KINASES,rawtok_KINASES
XMD11-85H,drug_sample,PUTATIVE_TARGET,ERK5,ERK5,rawtok_ERK5
XMD11-85H,drug_sample,PUTATIVE_TARGET,LRRK2,LRRK2,rawtok_LRRK2
XMD11-85H,drug_sample,PATHWAY_NAME,kinases,KINASES,rawtok_KINASES
ZG-10,drug_sample,PUTATIVE_TARGET,JNK1,JNK1,rawtok_JNK1
ZG-10,drug_sample,PATHWAY_NAME,JNK and p38 signaling,JNK AND P38 SIGNALING,rawtok_JNK_AND_P38_SIGNALING
XMD8-92,drug_sample,PUTATIVE_TARGET,ERK5,ERK5,rawtok_ERK5
XMD8-92,drug_sample,PATHWAY_NAME,ERK MAPK signaling,ERK MAPK SIGNALING,rawtok_ERK_MAPK_SIGNALING
THZ-2-98-01,drug_sample,PUTATIVE_TARGET,IRAK1,IRAK1,rawtok_IRAK1
THZ-2-98-01,drug_sample,PATHWAY_NAME,Unclassified,UNCLASSIFIED,rawtok_UNCLASSIFIED
QL-VIII-58,drug_sample,PUTATIVE_TARGET,ATR,ATR,rawtok_ATR
QL-VIII-58,drug_sample,PUTATIVE_TARGET,MTOR,MTOR,rawtok_MTOR
CCT-018159,drug_sample,PUTATIVE_TARGET,HSP90,HSP90,rawtok_HSP90
CCT-018159,drug_sample,PATHWAY_NAME,Protein stability and degradation,PROTEIN STABILITY AND DEGRADATION,rawtok_PROTEIN_STABILITY_AND_DEGRADATION
RUCAPARIB,drug_sample,PUTATIVE_TARGET,PARP1,PARP1,rawtok_PARP1
RUCAPARIB,drug_sample,PUTATIVE_TARGET,PARP2,PARP2,rawtok_PARP2
RUCAPARIB,drug_sample,PATHWAY_NAME,Genome integrity,GENOME INTEGRITY,rawtok_GENOME_INTEGRITY
CRT0160829,drug_sample,PUTATIVE_TARGET,CDC7,CDC7,rawtok_CDC7
CRT0160829,drug_sample,PATHWAY_NAME,DNA replication,DNA REPLICATION,rawtok_DNA_REPLICATION
AZ20,drug_sample,PUTATIVE_TARGET,ATR,ATR,rawtok_ATR
AZ20,drug_sample,PUTATIVE_TARGET,MTOR,MTOR,rawtok_MTOR
AZ20,drug_sample,PATHWAY_NAME,Genome integrity,GENOME INTEGRITY,rawtok_GENOME_INTEGRITY
KU-60019,drug_sample,PUTATIVE_TARGET,ATM,ATM,rawtok_ATM
KU-60019,drug_sample,PATHWAY_NAME,Genome integrity,GENOME INTEGRITY,rawtok_GENOME_INTEGRITY
FS112,drug_sample,PUTATIVE_TARGET,KS6B1 (p70S6K),KS6B1 (P70S6K),rawtok_KS6B1_P70S6K
FS112,drug_sample,PATHWAY_NAME,MTOR signaling,MTOR SIGNALING,rawtok_MTOR_SIGNALING
FS112,drug_sample,PATHWAY_NAME,PI3K,PI3K,rawtok_PI3K
CCT245232,drug_sample,PUTATIVE_TARGET,HSF1,HSF1,rawtok_HSF1
CCT245232,drug_sample,PATHWAY_NAME,Unclassified,UNCLASSIFIED,rawtok_UNCLASSIFIED
CCT245467,drug_sample,PUTATIVE_TARGET,HSF1,HSF1,rawtok_HSF1
CCT245467,drug_sample,PATHWAY_NAME,Unclassified,UNCLASSIFIED,rawtok_UNCLASSIFIED
FY026,drug_sample,PATHWAY_NAME,Unclassified,UNCLASSIFIED,rawtok_UNCLASSIFIED
FY069,drug_sample,PATHWAY_NAME,Unclassified,UNCLASSIFIED,rawtok_UNCLASSIFIED
ZL049,drug_sample,PATHWAY_NAME,Unclassified,UNCLASSIFIED,rawtok_UNCLASSIFIED
FY012,drug_sample,PATHWAY_NAME,Unclassified,UNCLASSIFIED,rawtok_UNCLASSIFIED
TAMOXIFEN,drug_sample,PUTATIVE_TARGET,EBP,EBP,rawtok_EBP
TAMOXIFEN,drug_sample,PUTATIVE_TARGET,ESR1,ESR1,rawtok_ESR1
TAMOXIFEN,drug_sample,PUTATIVE_TARGET,ESR2,ESR2,rawtok_ESR2
TAMOXIFEN,drug_sample,PUTATIVE_TARGET,GPER1,GPER1,rawtok_GPER1
TAMOXIFEN,drug_sample,PUTATIVE_TARGET,PRKCA,PRKCA,rawtok_PRKCA
TAMOXIFEN,drug_sample,PUTATIVE_TARGET,PRKCB,PRKCB,rawtok_PRKCB
TAMOXIFEN,drug_sample,PUTATIVE_TARGET,PRKCD,PRKCD,rawtok_PRKCD
TAMOXIFEN,drug_sample,PUTATIVE_TARGET,PRKCE,PRKCE,rawtok_PRKCE
TAMOXIFEN,drug_sample,PUTATIVE_TARGET,PRKCG,PRKCG,rawtok_PRKCG
TAMOXIFEN,drug_sample,PUTATIVE_TARGET,PRKCI,PRKCI,rawtok_PRKCI
TAMOXIFEN,drug_sample,PUTATIVE_TARGET,PRKCQ,PRKCQ,rawtok_PRKCQ
TAMOXIFEN,drug_sample,PUTATIVE_TARGET,PRKCZ,PRKCZ,rawtok_PRKCZ
TAMOXIFEN,drug_sample,PATHWAY_NAME,Hormone-related,HORMONE-RELATED,rawtok_HORMONE_RELATED
TORIN2,drug_sample,PUTATIVE_TARGET,ATM,ATM,rawtok_ATM
TORIN2,drug_sample,PUTATIVE_TARGET,ATR,ATR,rawtok_ATR
TORIN2,drug_sample,PUTATIVE_TARGET,DNAPK,DNAPK,rawtok_DNAPK
TORIN2,drug_sample,PUTATIVE_TARGET,MTOR,MTOR,rawtok_MTOR
TORIN2,drug_sample,PATHWAY_NAME,MTOR signaling,MTOR SIGNALING,rawtok_MTOR_SIGNALING
TORIN2,drug_sample,PATHWAY_NAME,PI3K,PI3K,rawtok_PI3K
QL-XII-61,drug_sample,PUTATIVE_TARGET,BMX,BMX,rawtok_BMX
QL-XII-61,drug_sample,PUTATIVE_TARGET,BTK,BTK,rawtok_BTK
QL-XII-61,drug_sample,PATHWAY_NAME,kinases,KINASES,rawtok_KINASES
HG-6-71-01,drug_sample,PUTATIVE_TARGET,DDR1,DDR1,rawtok_DDR1
HG-6-71-01,drug_sample,PUTATIVE_TARGET,DDR2,DDR2,rawtok_DDR2
HG-6-71-01,drug_sample,PUTATIVE_TARGET,SRC,SRC,rawtok_SRC
HG-6-71-01,drug_sample,PATHWAY_NAME,kinases,KINASES,rawtok_KINASES
PFI-1,drug_sample,PUTATIVE_TARGET,BRD4,BRD4,rawtok_BRD4
PFI-1,drug_sample,PATHWAY_NAME,Chromatin other,CHROMATIN OTHER,rawtok_CHROMATIN_OTHER
IOX2,drug_sample,PUTATIVE_TARGET,EGLN1,EGLN1,rawtok_EGLN1
I-BET-151,drug_sample,PUTATIVE_TARGET,BRD2,BRD2,rawtok_BRD2
I-BET-151,drug_sample,PUTATIVE_TARGET,BRD3,BRD3,rawtok_BRD3
I-BET-151,drug_sample,PUTATIVE_TARGET,BRD4,BRD4,rawtok_BRD4
I-BET-151,drug_sample,PATHWAY_NAME,Chromatin other,CHROMATIN OTHER,rawtok_CHROMATIN_OTHER
YK-4-279,drug_sample,PUTATIVE_TARGET,RNA helicase A,RNA HELICASE A,rawtok_RNA_HELICASE_A
(5Z)-7-OXOZEAENOL,drug_sample,PUTATIVE_TARGET,TAK1,TAK1,rawtok_TAK1
(5Z)-7-OXOZEAENOL,drug_sample,PATHWAY_NAME,kinases,KINASES,rawtok_KINASES
PIPERLONGUMINE,drug_sample,PUTATIVE_TARGET,Induces reactive oxygen species,INDUCES REACTIVE OXYGEN SPECIES,rawtok_INDUCES_REACTIVE_OXYGEN_SPECIES
DAPORINAD,drug_sample,PUTATIVE_TARGET,NAMPT,NAMPT,rawtok_NAMPT
DAPORINAD,drug_sample,PATHWAY_NAME,Metabolism,METABOLISM,rawtok_METABOLISM
N22899-6-C1,drug_sample,PUTATIVE_TARGET,Peptidyl arginine deaminase (PAD),PEPTIDYL ARGININE DEAMINASE (PAD),rawtok_PEPTIDYL_ARGININE_DEAMINASE_PAD
N22899-6-C1,drug_sample,PATHWAY_NAME,Unclassified,UNCLASSIFIED,rawtok_UNCLASSIFIED
N23918-95-7,drug_sample,PUTATIVE_TARGET,JMJ histone demethylase,JMJ HISTONE DEMETHYLASE,rawtok_JMJ_HISTONE_DEMETHYLASE
N23918-95-7,drug_sample,PATHWAY_NAME,Chromatin histone methylation,CHROMATIN HISTONE METHYLATION,rawtok_CHROMATIN_HISTONE_METHYLATION
N24798-49-A1,drug_sample,PUTATIVE_TARGET,JMJ histone demethylase,JMJ HISTONE DEMETHYLASE,rawtok_JMJ_HISTONE_DEMETHYLASE
N24798-49-A1,drug_sample,PATHWAY_NAME,Chromatin histone methylation,CHROMATIN HISTONE METHYLATION,rawtok_CHROMATIN_HISTONE_METHYLATION
GSK-J4,drug_sample,PUTATIVE_TARGET,KDM6A,KDM6A,rawtok_KDM6A
GSK-J4,drug_sample,PUTATIVE_TARGET,KDM6B,KDM6B,rawtok_KDM6B
GSK-J4,drug_sample,PATHWAY_NAME,Chromatin histone methylation,CHROMATIN HISTONE METHYLATION,rawtok_CHROMATIN_HISTONE_METHYLATION
TALAZOPARIB,drug_sample,PUTATIVE_TARGET,PARP1,PARP1,rawtok_PARP1
TALAZOPARIB,drug_sample,PUTATIVE_TARGET,PARP2,PARP2,rawtok_PARP2
TALAZOPARIB,drug_sample,PATHWAY_NAME,Genome integrity,GENOME INTEGRITY,rawtok_GENOME_INTEGRITY
RTRAIL,drug_sample,PUTATIVE_TARGET,TRAIL receptor agonist,TRAIL RECEPTOR AGONIST,rawtok_TRAIL_RECEPTOR_AGONIST
RTRAIL,drug_sample,PATHWAY_NAME,Apoptosis regulation,APOPTOSIS REGULATION,rawtok_APOPTOSIS_REGULATION
UNC1215,drug_sample,PUTATIVE_TARGET,L3MBTL3,L3MBTL3,rawtok_L3MBTL3
UNC1215,drug_sample,PATHWAY_NAME,Chromatin other,CHROMATIN OTHER,rawtok_CHROMATIN_OTHER
UNC0642,drug_sample,PUTATIVE_TARGET,G9A,G9A,rawtok_G9A
UNC0642,drug_sample,PUTATIVE_TARGET,GLP,GLP,rawtok_GLP
UNC0642,drug_sample,PATHWAY_NAME,Chromatin histone methylation,CHROMATIN HISTONE METHYLATION,rawtok_CHROMATIN_HISTONE_METHYLATION
SGC0946,drug_sample,PUTATIVE_TARGET,DOT1L,DOT1L,rawtok_DOT1L
SGC0946,drug_sample,PATHWAY_NAME,Chromatin histone methylation,CHROMATIN HISTONE METHYLATION,rawtok_CHROMATIN_HISTONE_METHYLATION
ICL1100013,drug_sample,PUTATIVE_TARGET,2,2,rawtok_2
ICL1100013,drug_sample,PUTATIVE_TARGET,N-myristoyltransferase 1,N-MYRISTOYLTRANSFERASE 1,rawtok_N_MYRISTOYLTRANSFERASE_1
XAV939,drug_sample,PUTATIVE_TARGET,TNKS1,TNKS1,rawtok_TNKS1
XAV939,drug_sample,PUTATIVE_TARGET,TNKS2,TNKS2,rawtok_TNKS2
XAV939,drug_sample,PATHWAY_NAME,WNT signaling,WNT SIGNALING,rawtok_WNT_SIGNALING
965-D2,drug_sample,PUTATIVE_TARGET,MKNK1,MKNK1,rawtok_MKNK1
965-D2,drug_sample,PUTATIVE_TARGET,MKNK2,MKNK2,rawtok_MKNK2
965-D2,drug_sample,PUTATIVE_TARGET,PIM1,PIM1,rawtok_PIM1
965-D2,drug_sample,PUTATIVE_TARGET,PIM3,PIM3,rawtok_PIM3
965-D2,drug_sample,PATHWAY_NAME,kinases,KINASES,rawtok_KINASES
993-D2,drug_sample,PUTATIVE_TARGET,MKNK1,MKNK1,rawtok_MKNK1
993-D2,drug_sample,PUTATIVE_TARGET,MKNK2,MKNK2,rawtok_MKNK2
993-D2,drug_sample,PATHWAY_NAME,kinases,KINASES,rawtok_KINASES
BAY ACCI,drug_sample,PUTATIVE_TARGET,ACACA,ACACA,rawtok_ACACA
BAY ACCI,drug_sample,PATHWAY_NAME,Metabolism,METABOLISM,rawtok_METABOLISM
BAY AKT1,drug_sample,PUTATIVE_TARGET,AKT1,AKT1,rawtok_AKT1
BAY AKT1,drug_sample,PUTATIVE_TARGET,AKT2,AKT2,rawtok_AKT2
BAY AKT1,drug_sample,PUTATIVE_TARGET,AKT3,AKT3,rawtok_AKT3
BAY AKT1,drug_sample,PATHWAY_NAME,Apoptosis regulation,APOPTOSIS REGULATION,rawtok_APOPTOSIS_REGULATION
BAY-HDAC11_1,drug_sample,PUTATIVE_TARGET,HDAC11,HDAC11,rawtok_HDAC11
BAY-HDAC11_1,drug_sample,PATHWAY_NAME,Chromatin histone acetylation,CHROMATIN HISTONE ACETYLATION,rawtok_CHROMATIN_HISTONE_ACETYLATION
BAY-HDAC11_2,drug_sample,PUTATIVE_TARGET,HDAC11,HDAC11,rawtok_HDAC11
BAY-HDAC11_2,drug_sample,PATHWAY_NAME,Chromatin histone acetylation,CHROMATIN HISTONE ACETYLATION,rawtok_CHROMATIN_HISTONE_ACETYLATION
BAY-HDAC11_4,drug_sample,PUTATIVE_TARGET,HDAC11,HDAC11,rawtok_HDAC11
BAY-HDAC11_4,drug_sample,PATHWAY_NAME,Chromatin histone acetylation,CHROMATIN HISTONE ACETYLATION,rawtok_CHROMATIN_HISTONE_ACETYLATION
BAY-MPS1,drug_sample,PUTATIVE_TARGET,MPS1,MPS1,rawtok_MPS1
BAY-MPS1,drug_sample,PATHWAY_NAME,Mitosis,MITOSIS,rawtok_MITOSIS
BAY-MPS-COMBO-1 (PACLITAXEL 5 UM),drug_sample,PUTATIVE_TARGET,TTK and microtubules,TTK AND MICROTUBULES,rawtok_TTK_AND_MICROTUBULES
BAY-MPS-COMBO-1 (PACLITAXEL 5 UM),drug_sample,PATHWAY_NAME,Mitosis,MITOSIS,rawtok_MITOSIS
BAY-MPS-COMBO 2 (PACLITAXEL 1 UM),drug_sample,PUTATIVE_TARGET,TTK and microtubules,TTK AND MICROTUBULES,rawtok_TTK_AND_MICROTUBULES
BAY-MPS-COMBO 2 (PACLITAXEL 1 UM),drug_sample,PATHWAY_NAME,Unclassified,UNCLASSIFIED,rawtok_UNCLASSIFIED
TRAMETINIB,drug_sample,PUTATIVE_TARGET,MAP2K1,MAP2K1,rawtok_MAP2K1
TRAMETINIB,drug_sample,PUTATIVE_TARGET,MAP2K2,MAP2K2,rawtok_MAP2K2
TRAMETINIB,drug_sample,PUTATIVE_TARGET,MEK1,MEK1,rawtok_MEK1
TRAMETINIB,drug_sample,PUTATIVE_TARGET,MEK2,MEK2,rawtok_MEK2
TRAMETINIB,drug_sample,PATHWAY_NAME,ERK MAPK signaling,ERK MAPK SIGNALING,rawtok_ERK_MAPK_SIGNALING
DABRAFENIB,drug_sample,PUTATIVE_TARGET,BRAF,BRAF,rawtok_BRAF
DABRAFENIB,drug_sample,PUTATIVE_TARGET,LIMK1,LIMK1,rawtok_LIMK1
DABRAFENIB,drug_sample,PUTATIVE_TARGET,NEK11,NEK11,rawtok_NEK11
DABRAFENIB,drug_sample,PUTATIVE_TARGET,RAF1,RAF1,rawtok_RAF1
DABRAFENIB,drug_sample,PUTATIVE_TARGET,SIK1,SIK1,rawtok_SIK1
DABRAFENIB,drug_sample,PATHWAY_NAME,ERK MAPK signaling,ERK MAPK SIGNALING,rawtok_ERK_MAPK_SIGNALING
TEMOZOLOMIDE,drug_sample,PUTATIVE_TARGET,DNA alkylating agent,DNA ALKYLATING AGENT,rawtok_DNA_ALKYLATING_AGENT
TEMOZOLOMIDE,drug_sample,PUTATIVE_TARGET,MGMT,MGMT,rawtok_MGMT
TEMOZOLOMIDE,drug_sample,PATHWAY_NAME,DNA replication,DNA REPLICATION,rawtok_DNA_REPLICATION
BLEOMYCIN (50 UM),drug_sample,PUTATIVE_TARGET,dsDNA break induction,DSDNA BREAK INDUCTION,rawtok_DSDNA_BREAK_INDUCTION
BLEOMYCIN (50 UM),drug_sample,PATHWAY_NAME,DNA replication,DNA REPLICATION,rawtok_DNA_REPLICATION
ZL109,drug_sample,PUTATIVE_TARGET,DNA damage,DNA DAMAGE,rawtok_DNA_DAMAGE
ZL109,drug_sample,PATHWAY_NAME,Unclassified,UNCLASSIFIED,rawtok_UNCLASSIFIED
AZD3514,drug_sample,PUTATIVE_TARGET,AR,AR,rawtok_AR
AZD3514,drug_sample,PATHWAY_NAME,Hormone-related,HORMONE-RELATED,rawtok_HORMONE_RELATED
BLEOMYCIN (10 UM),drug_sample,PUTATIVE_TARGET,dsDNA break induction,DSDNA BREAK INDUCTION,rawtok_DSDNA_BREAK_INDUCTION
BLEOMYCIN (10 UM),drug_sample,PATHWAY_NAME,DNA replication,DNA REPLICATION,rawtok_DNA_REPLICATION
AZD6738,drug_sample,PUTATIVE_TARGET,ATR,ATR,rawtok_ATR
AZD6738,drug_sample,PATHWAY_NAME,Genome integrity,GENOME INTEGRITY,rawtok_GENOME_INTEGRITY
AZD5438,drug_sample,PUTATIVE_TARGET,CDK2,CDK2,rawtok_CDK2
AZD5438,drug_sample,PUTATIVE_TARGET,KCNH2,KCNH2,rawtok_KCNH2
AZD5438,drug_sample,PATHWAY_NAME,Cell cycle,CELL CYCLE,rawtok_CELL_CYCLE
AZD6094,drug_sample,PUTATIVE_TARGET,MET,MET,rawtok_MET
AZD6094,drug_sample,PATHWAY_NAME,RTK signaling,RTK SIGNALING,rawtok_RTK_SIGNALING
DYRK1B_0191,drug_sample,PUTATIVE_TARGET,DYRK1B,DYRK1B,rawtok_DYRK1B
DYRK1B_0191,drug_sample,PATHWAY_NAME,kinases,KINASES,rawtok_KINASES
AZD4877,drug_sample,PUTATIVE_TARGET,EG5,EG5,rawtok_EG5
AZD4877,drug_sample,PATHWAY_NAME,Mitosis,MITOSIS,rawtok_MITOSIS
EPHB4_9721,drug_sample,PUTATIVE_TARGET,EPHB4,EPHB4,rawtok_EPHB4
EPHB4_9721,drug_sample,PATHWAY_NAME,RTK signaling,RTK SIGNALING,rawtok_RTK_SIGNALING
FULVESTRANT,drug_sample,PUTATIVE_TARGET,ESR,ESR,rawtok_ESR
FULVESTRANT,drug_sample,PUTATIVE_TARGET,ESR1,ESR1,rawtok_ESR1
FULVESTRANT,drug_sample,PUTATIVE_TARGET,ESR2,ESR2,rawtok_ESR2
FULVESTRANT,drug_sample,PUTATIVE_TARGET,GPER1,GPER1,rawtok_GPER1
FULVESTRANT,drug_sample,PATHWAY_NAME,Hormone-related,HORMONE-RELATED,rawtok_HORMONE_RELATED
AZD8931,drug_sample,PUTATIVE_TARGET,EGFR,EGFR,rawtok_EGFR
AZD8931,drug_sample,PUTATIVE_TARGET,ERBB2,ERBB2,rawtok_ERBB2
AZD8931,drug_sample,PUTATIVE_TARGET,ERBB3,ERBB3,rawtok_ERBB3
AZD8931,drug_sample,PATHWAY_NAME,RTK signaling,RTK SIGNALING,rawtok_RTK_SIGNALING
FEN1_3940,drug_sample,PUTATIVE_TARGET,FEN1,FEN1,rawtok_FEN1
FEN1_3940,drug_sample,PATHWAY_NAME,Genome integrity,GENOME INTEGRITY,rawtok_GENOME_INTEGRITY
FGFR_0939,drug_sample,PUTATIVE_TARGET,FGFR4,FGFR4,rawtok_FGFR4
FGFR_0939,drug_sample,PATHWAY_NAME,RTK signaling,RTK SIGNALING,rawtok_RTK_SIGNALING
FGFR_3831,drug_sample,PUTATIVE_TARGET,FGFR1,FGFR1,rawtok_FGFR1
FGFR_3831,drug_sample,PUTATIVE_TARGET,FGFR2,FGFR2,rawtok_FGFR2
FGFR_3831,drug_sample,PUTATIVE_TARGET,FGFR3,FGFR3,rawtok_FGFR3
FGFR_3831,drug_sample,PUTATIVE_TARGET,FGFR4,FGFR4,rawtok_FGFR4
FGFR_3831,drug_sample,PATHWAY_NAME,RTK signaling,RTK SIGNALING,rawtok_RTK_SIGNALING
BPTES,drug_sample,PUTATIVE_TARGET,GLS,GLS,rawtok_GLS
AZD7969,drug_sample,PUTATIVE_TARGET,GSK3B,GSK3B,rawtok_GSK3B
AZD7969,drug_sample,PATHWAY_NAME,WNT signaling,WNT SIGNALING,rawtok_WNT_SIGNALING
AZD5582,drug_sample,PUTATIVE_TARGET,IAP,IAP,rawtok_IAP
AZD5582,drug_sample,PUTATIVE_TARGET,XIAP,XIAP,rawtok_XIAP
AZD5582,drug_sample,PUTATIVE_TARGET,cIAP,CIAP,rawtok_CIAP
AZD5582,drug_sample,PATHWAY_NAME,Apoptosis regulation,APOPTOSIS REGULATION,rawtok_APOPTOSIS_REGULATION
IAP_5620,drug_sample,PUTATIVE_TARGET,IAP,IAP,rawtok_IAP
IAP_7638,drug_sample,PUTATIVE_TARGET,IAP,IAP,rawtok_IAP
IGFR_3801,drug_sample,PUTATIVE_TARGET,IGFR1,IGFR1,rawtok_IGFR1
IGFR_3801,drug_sample,PATHWAY_NAME,IGF1R signaling,IGF1R SIGNALING,rawtok_IGF1R_SIGNALING
AZD1480,drug_sample,PUTATIVE_TARGET,JAK1,JAK1,rawtok_JAK1
AZD1480,drug_sample,PUTATIVE_TARGET,JAK2,JAK2,rawtok_JAK2
AZD1480,drug_sample,PUTATIVE_TARGET,JAK3,JAK3,rawtok_JAK3
AZD1480,drug_sample,PATHWAY_NAME,kinases,KINASES,rawtok_KINASES
JAK1_3715,drug_sample,PUTATIVE_TARGET,JAK1,JAK1,rawtok_JAK1
JAK1_3715,drug_sample,PATHWAY_NAME,kinases,KINASES,rawtok_KINASES
JAK3_7406,drug_sample,PUTATIVE_TARGET,JAK3,JAK3,rawtok_JAK3
JAK3_7406,drug_sample,PATHWAY_NAME,kinases,KINASES,rawtok_KINASES
MCT1_6447,drug_sample,PUTATIVE_TARGET,MCT1,MCT1,rawtok_MCT1
MCT1_6447,drug_sample,PATHWAY_NAME,Cell cycle,CELL CYCLE,rawtok_CELL_CYCLE
MCT4_1422,drug_sample,PUTATIVE_TARGET,MCT4,MCT4,rawtok_MCT4
AZD2014,drug_sample,PUTATIVE_TARGET,MTOR,MTOR,rawtok_MTOR
AZD2014,drug_sample,PUTATIVE_TARGET,mTORC1,MTORC1,rawtok_MTORC1
AZD2014,drug_sample,PUTATIVE_TARGET,mTORC2,MTORC2,rawtok_MTORC2
AZD2014,drug_sample,PATHWAY_NAME,MTOR signaling,MTOR SIGNALING,rawtok_MTOR_SIGNALING
AZD2014,drug_sample,PATHWAY_NAME,PI3K,PI3K,rawtok_PI3K
AZD8186,drug_sample,PUTATIVE_TARGET,PI3Kalpha,PI3KALPHA,rawtok_PI3KALPHA
AZD8186,drug_sample,PUTATIVE_TARGET,PI3Kbeta,PI3KBETA,rawtok_PI3KBETA
AZD8186,drug_sample,PUTATIVE_TARGET,PI3Kdelta,PI3KDELTA,rawtok_PI3KDELTA
AZD8186,drug_sample,PATHWAY_NAME,MTOR signaling,MTOR SIGNALING,rawtok_MTOR_SIGNALING
AZD8186,drug_sample,PATHWAY_NAME,PI3K,PI3K,rawtok_PI3K
AZD8835,drug_sample,PUTATIVE_TARGET,PI3Kalpha,PI3KALPHA,rawtok_PI3KALPHA
AZD8835,drug_sample,PUTATIVE_TARGET,PI3Kdelta,PI3KDELTA,rawtok_PI3KDELTA
AZD8835,drug_sample,PATHWAY_NAME,MTOR signaling,MTOR SIGNALING,rawtok_MTOR_SIGNALING
AZD8835,drug_sample,PATHWAY_NAME,PI3K,PI3K,rawtok_PI3K
PI3KA_4409,drug_sample,PUTATIVE_TARGET,PI3Kalpha,PI3KALPHA,rawtok_PI3KALPHA
PI3KA_4409,drug_sample,PUTATIVE_TARGET,PI3Kdelta,PI3KDELTA,rawtok_PI3KDELTA
PI3KA_4409,drug_sample,PATHWAY_NAME,MTOR signaling,MTOR SIGNALING,rawtok_MTOR_SIGNALING
PI3KA_4409,drug_sample,PATHWAY_NAME,PI3K,PI3K,rawtok_PI3K
AZD1208,drug_sample,PUTATIVE_TARGET,PIM1,PIM1,rawtok_PIM1
AZD1208,drug_sample,PUTATIVE_TARGET,PIM2,PIM2,rawtok_PIM2
AZD1208,drug_sample,PUTATIVE_TARGET,PIM3,PIM3,rawtok_PIM3
AZD1208,drug_sample,PATHWAY_NAME,kinases,KINASES,rawtok_KINASES
PLK_6522,drug_sample,PUTATIVE_TARGET,PLK1,PLK1,rawtok_PLK1
PLK_6522,drug_sample,PUTATIVE_TARGET,PLK2,PLK2,rawtok_PLK2
PLK_6522,drug_sample,PUTATIVE_TARGET,PLK3,PLK3,rawtok_PLK3
PLK_6522,drug_sample,PATHWAY_NAME,Cell cycle,CELL CYCLE,rawtok_CELL_CYCLE
RAF_9304,drug_sample,PUTATIVE_TARGET,ARAF,ARAF,rawtok_ARAF
RAF_9304,drug_sample,PUTATIVE_TARGET,BRAF,BRAF,rawtok_BRAF
RAF_9304,drug_sample,PUTATIVE_TARGET,CRAF,CRAF,rawtok_CRAF
RAF_9304,drug_sample,PATHWAY_NAME,ERK MAPK signaling,ERK MAPK SIGNALING,rawtok_ERK_MAPK_SIGNALING
PARP_9495,drug_sample,PUTATIVE_TARGET,PARP1,PARP1,rawtok_PARP1
PARP_9495,drug_sample,PUTATIVE_TARGET,PARP2,PARP2,rawtok_PARP2
PARP_9495,drug_sample,PUTATIVE_TARGET,PARP7,PARP7,rawtok_PARP7
PARP_9495,drug_sample,PATHWAY_NAME,Genome integrity,GENOME INTEGRITY,rawtok_GENOME_INTEGRITY
PARP_0108,drug_sample,PUTATIVE_TARGET,PARP1,PARP1,rawtok_PARP1
PARP_0108,drug_sample,PUTATIVE_TARGET,PARP2,PARP2,rawtok_PARP2
PARP_0108,drug_sample,PUTATIVE_TARGET,PARP6,PARP6,rawtok_PARP6
PARP_0108,drug_sample,PATHWAY_NAME,Genome integrity,GENOME INTEGRITY,rawtok_GENOME_INTEGRITY
PARP_9482,drug_sample,PUTATIVE_TARGET,PARP1,PARP1,rawtok_PARP1
PARP_9482,drug_sample,PUTATIVE_TARGET,PARP2,PARP2,rawtok_PARP2
PARP_9482,drug_sample,PUTATIVE_TARGET,PARP5a,PARP5A,rawtok_PARP5A
PARP_9482,drug_sample,PATHWAY_NAME,Genome integrity,GENOME INTEGRITY,rawtok_GENOME_INTEGRITY
TANK_1366,drug_sample,PUTATIVE_TARGET,2 (PARP5a,2 (PARP5A,rawtok_2_PARP5A
TANK_1366,drug_sample,PUTATIVE_TARGET,PARP5b),PARP5B),rawtok_PARP5B
TANK_1366,drug_sample,PUTATIVE_TARGET,Tankyrase 1,TANKYRASE 1,rawtok_TANKYRASE_1
TANK_1366,drug_sample,PATHWAY_NAME,Genome integrity,GENOME INTEGRITY,rawtok_GENOME_INTEGRITY
AZD1332,drug_sample,PUTATIVE_TARGET,NTRK1,NTRK1,rawtok_NTRK1
AZD1332,drug_sample,PUTATIVE_TARGET,NTRK2,NTRK2,rawtok_NTRK2
AZD1332,drug_sample,PUTATIVE_TARGET,NTRK3,NTRK3,rawtok_NTRK3
AZD1332,drug_sample,PATHWAY_NAME,RTK signaling,RTK SIGNALING,rawtok_RTK_SIGNALING
TTK_3146,drug_sample,PUTATIVE_TARGET,TTK,TTK,rawtok_TTK
TTK_3146,drug_sample,PATHWAY_NAME,Mitosis,MITOSIS,rawtok_MITOSIS
SN-38,drug_sample,PUTATIVE_TARGET,TOP1,TOP1,rawtok_TOP1
SN-38,drug_sample,PATHWAY_NAME,DNA replication,DNA REPLICATION,rawtok_DNA_REPLICATION
PEVONEDISTAT,drug_sample,PUTATIVE_TARGET,NAE,NAE,rawtok_NAE
PEVONEDISTAT,drug_sample,PUTATIVE_TARGET,NAE1,NAE1,rawtok_NAE1
PEVONEDISTAT,drug_sample,PUTATIVE_TARGET,UBA3,UBA3,rawtok_UBA3
PFI-3,drug_sample,PUTATIVE_TARGET,PB1,PB1,rawtok_PB1
PFI-3,drug_sample,PUTATIVE_TARGET,SMARCA2,SMARCA2,rawtok_SMARCA2
PFI-3,drug_sample,PUTATIVE_TARGET,SMARCA4,SMARCA4,rawtok_SMARCA4
PFI-3,drug_sample,PATHWAY_NAME,Chromatin other,CHROMATIN OTHER,rawtok_CHROMATIN_OTHER
I-CBP112,drug_sample,PUTATIVE_TARGET,CBP,CBP,rawtok_CBP
I-CBP112,drug_sample,PUTATIVE_TARGET,EP300,EP300,rawtok_EP300
I-CBP112,drug_sample,PATHWAY_NAME,Chromatin histone acetylation,CHROMATIN HISTONE ACETYLATION,rawtok_CHROMATIN_HISTONE_ACETYLATION
CAMPTOTHECIN,drug_sample,PUTATIVE_TARGET,TOP1,TOP1,rawtok_TOP1
CAMPTOTHECIN,drug_sample,PATHWAY_NAME,DNA replication,DNA REPLICATION,rawtok_DNA_REPLICATION
STAUROSPORINE,drug_sample,PUTATIVE_TARGET,Broad spectrum kinase inhibitor,BROAD SPECTRUM KINASE INHIBITOR,rawtok_BROAD_SPECTRUM_KINASE_INHIBITOR
STAUROSPORINE,drug_sample,PATHWAY_NAME,RTK signaling,RTK SIGNALING,rawtok_RTK_SIGNALING
IRINOTECAN,drug_sample,PUTATIVE_TARGET,TOP1,TOP1,rawtok_TOP1
IRINOTECAN,drug_sample,PUTATIVE_TARGET,TOP1MT,TOP1MT,rawtok_TOP1MT
IRINOTECAN,drug_sample,PATHWAY_NAME,DNA replication,DNA REPLICATION,rawtok_DNA_REPLICATION
OXALIPLATIN,drug_sample,PUTATIVE_TARGET,DNA alkylating agent,DNA ALKYLATING AGENT,rawtok_DNA_ALKYLATING_AGENT
OXALIPLATIN,drug_sample,PATHWAY_NAME,DNA replication,DNA REPLICATION,rawtok_DNA_REPLICATION
PRIMA-1MET,drug_sample,PUTATIVE_TARGET,TP53 activation,TP53 ACTIVATION,rawtok_TP53_ACTIVATION
PRIMA-1MET,drug_sample,PATHWAY_NAME,p53 pathway,P53 PATHWAY,rawtok_P53_PATHWAY
NIRAPARIB,drug_sample,PUTATIVE_TARGET,PARP1,PARP1,rawtok_PARP1
NIRAPARIB,drug_sample,PUTATIVE_TARGET,PARP2,PARP2,rawtok_PARP2
NIRAPARIB,drug_sample,PATHWAY_NAME,Genome integrity,GENOME INTEGRITY,rawtok_GENOME_INTEGRITY
MK-1775,drug_sample,PUTATIVE_TARGET,PLK1,PLK1,rawtok_PLK1
MK-1775,drug_sample,PUTATIVE_TARGET,WEE1,WEE1,rawtok_WEE1
MK-1775,drug_sample,PATHWAY_NAME,Cell cycle,CELL CYCLE,rawtok_CELL_CYCLE
DINACICLIB,drug_sample,PUTATIVE_TARGET,CDK1,CDK1,rawtok_CDK1
DINACICLIB,drug_sample,PUTATIVE_TARGET,CDK2,CDK2,rawtok_CDK2
DINACICLIB,drug_sample,PUTATIVE_TARGET,CDK5,CDK5,rawtok_CDK5
DINACICLIB,drug_sample,PUTATIVE_TARGET,CDK9,CDK9,rawtok_CDK9
DINACICLIB,drug_sample,PATHWAY_NAME,Cell cycle,CELL CYCLE,rawtok_CELL_CYCLE
EPZ004777,drug_sample,PUTATIVE_TARGET,DOT1L,DOT1L,rawtok_DOT1L
EPZ004777,drug_sample,PATHWAY_NAME,Chromatin histone methylation,CHROMATIN HISTONE METHYLATION,rawtok_CHROMATIN_HISTONE_METHYLATION
AZ960,drug_sample,PUTATIVE_TARGET,JAK2,JAK2,rawtok_JAK2
AZ960,drug_sample,PUTATIVE_TARGET,JAK3,JAK3,rawtok_JAK3
AZ960,drug_sample,PATHWAY_NAME,kinases,KINASES,rawtok_KINASES
EPIRUBICIN,drug_sample,PUTATIVE_TARGET,Anthracycline,ANTHRACYCLINE,rawtok_ANTHRACYCLINE
EPIRUBICIN,drug_sample,PUTATIVE_TARGET,CHD1,CHD1,rawtok_CHD1
EPIRUBICIN,drug_sample,PUTATIVE_TARGET,TOP2A,TOP2A,rawtok_TOP2A
EPIRUBICIN,drug_sample,PATHWAY_NAME,DNA replication,DNA REPLICATION,rawtok_DNA_REPLICATION
CYCLOPHOSPHAMIDE,drug_sample,PUTATIVE_TARGET,Alkylating agent,ALKYLATING AGENT,rawtok_ALKYLATING_AGENT
CYCLOPHOSPHAMIDE,drug_sample,PUTATIVE_TARGET,CYP2A6,CYP2A6,rawtok_CYP2A6
CYCLOPHOSPHAMIDE,drug_sample,PUTATIVE_TARGET,CYP2B6,CYP2B6,rawtok_CYP2B6
CYCLOPHOSPHAMIDE,drug_sample,PUTATIVE_TARGET,CYP2C18,CYP2C18,rawtok_CYP2C18
CYCLOPHOSPHAMIDE,drug_sample,PUTATIVE_TARGET,CYP2C19,CYP2C19,rawtok_CYP2C19
CYCLOPHOSPHAMIDE,drug_sample,PUTATIVE_TARGET,CYP2C8,CYP2C8,rawtok_CYP2C8
CYCLOPHOSPHAMIDE,drug_sample,PUTATIVE_TARGET,CYP2C9,CYP2C9,rawtok_CYP2C9
CYCLOPHOSPHAMIDE,drug_sample,PUTATIVE_TARGET,CYP2D6,CYP2D6,rawtok_CYP2D6
CYCLOPHOSPHAMIDE,drug_sample,PUTATIVE_TARGET,CYP3A4,CYP3A4,rawtok_CYP3A4
CYCLOPHOSPHAMIDE,drug_sample,PUTATIVE_TARGET,CYP3A5,CYP3A5,rawtok_CYP3A5
CYCLOPHOSPHAMIDE,drug_sample,PUTATIVE_TARGET,CYP3A7,CYP3A7,rawtok_CYP3A7
CYCLOPHOSPHAMIDE,drug_sample,PATHWAY_NAME,DNA replication,DNA REPLICATION,rawtok_DNA_REPLICATION
SAPITINIB,drug_sample,PUTATIVE_TARGET,EGFR,EGFR,rawtok_EGFR
SAPITINIB,drug_sample,PUTATIVE_TARGET,ERBB2,ERBB2,rawtok_ERBB2
SAPITINIB,drug_sample,PUTATIVE_TARGET,ERBB3,ERBB3,rawtok_ERBB3
SAPITINIB,drug_sample,PATHWAY_NAME,EGFR signaling,EGFR SIGNALING,rawtok_EGFR_SIGNALING
UPROSERTIB,drug_sample,PUTATIVE_TARGET,AKT1,AKT1,rawtok_AKT1
UPROSERTIB,drug_sample,PUTATIVE_TARGET,AKT2,AKT2,rawtok_AKT2
UPROSERTIB,drug_sample,PUTATIVE_TARGET,AKT3,AKT3,rawtok_AKT3
UPROSERTIB,drug_sample,PATHWAY_NAME,MTOR signaling,MTOR SIGNALING,rawtok_MTOR_SIGNALING
UPROSERTIB,drug_sample,PATHWAY_NAME,PI3K,PI3K,rawtok_PI3K
ALPELISIB,drug_sample,PUTATIVE_TARGET,PI3Kalpha,PI3KALPHA,rawtok_PI3KALPHA
ALPELISIB,drug_sample,PUTATIVE_TARGET,PIK3CA,PIK3CA,rawtok_PIK3CA
ALPELISIB,drug_sample,PUTATIVE_TARGET,PIK3CB,PIK3CB,rawtok_PIK3CB
ALPELISIB,drug_sample,PUTATIVE_TARGET,PIK3CD,PIK3CD,rawtok_PIK3CD
ALPELISIB,drug_sample,PUTATIVE_TARGET,PIK3CG,PIK3CG,rawtok_PIK3CG
ALPELISIB,drug_sample,PATHWAY_NAME,MTOR signaling,MTOR SIGNALING,rawtok_MTOR_SIGNALING
ALPELISIB,drug_sample,PATHWAY_NAME,PI3K,PI3K,rawtok_PI3K
TASELISIB,drug_sample,PUTATIVE_TARGET,PI3K (beta sparing),PI3K (BETA SPARING),rawtok_PI3K_BETA_SPARING
TASELISIB,drug_sample,PUTATIVE_TARGET,PIK3CA,PIK3CA,rawtok_PIK3CA
TASELISIB,drug_sample,PATHWAY_NAME,MTOR signaling,MTOR SIGNALING,rawtok_MTOR_SIGNALING
TASELISIB,drug_sample,PATHWAY_NAME,PI3K,PI3K,rawtok_PI3K
EPZ5676,drug_sample,PUTATIVE_TARGET,DOT1L,DOT1L,rawtok_DOT1L
EPZ5676,drug_sample,PATHWAY_NAME,Chromatin histone methylation,CHROMATIN HISTONE METHYLATION,rawtok_CHROMATIN_HISTONE_METHYLATION
SCH772984,drug_sample,PUTATIVE_TARGET,ERK1,ERK1,rawtok_ERK1
SCH772984,drug_sample,PUTATIVE_TARGET,ERK2,ERK2,rawtok_ERK2
SCH772984,drug_sample,PATHWAY_NAME,ERK MAPK signaling,ERK MAPK SIGNALING,rawtok_ERK_MAPK_SIGNALING
IWP-2,drug_sample,PUTATIVE_TARGET,PORCN,PORCN,rawtok_PORCN
IWP-2,drug_sample,PATHWAY_NAME,WNT signaling,WNT SIGNALING,rawtok_WNT_SIGNALING
LEFLUNOMIDE,drug_sample,PUTATIVE_TARGET,Pyrimidine synthesis inhibitor,PYRIMIDINE SYNTHESIS INHIBITOR,rawtok_PYRIMIDINE_SYNTHESIS_INHIBITOR
LEFLUNOMIDE,drug_sample,PATHWAY_NAME,DNA replication,DNA REPLICATION,rawtok_DNA_REPLICATION
GSK2801,drug_sample,PATHWAY_NAME,Chromatin other,CHROMATIN OTHER,rawtok_CHROMATIN_OTHER
BROMOSPORINE,drug_sample,PUTATIVE_TARGET,BRD2,BRD2,rawtok_BRD2
BROMOSPORINE,drug_sample,PUTATIVE_TARGET,BRD4,BRD4,rawtok_BRD4
BROMOSPORINE,drug_sample,PUTATIVE_TARGET,BRD9,BRD9,rawtok_BRD9
BROMOSPORINE,drug_sample,PUTATIVE_TARGET,CECR2,CECR2,rawtok_CECR2
BROMOSPORINE,drug_sample,PATHWAY_NAME,Chromatin other,CHROMATIN OTHER,rawtok_CHROMATIN_OTHER
SGC-CBP30,drug_sample,PUTATIVE_TARGET,CBP,CBP,rawtok_CBP
SGC-CBP30,drug_sample,PUTATIVE_TARGET,EP300,EP300,rawtok_EP300
SGC-CBP30,drug_sample,PATHWAY_NAME,Chromatin histone acetylation,CHROMATIN HISTONE ACETYLATION,rawtok_CHROMATIN_HISTONE_ACETYLATION
GSK-LSD1,drug_sample,PUTATIVE_TARGET,KDM1,KDM1,rawtok_KDM1
GSK-LSD1,drug_sample,PATHWAY_NAME,Chromatin histone methylation,CHROMATIN HISTONE METHYLATION,rawtok_CHROMATIN_HISTONE_METHYLATION
BDOCA000347A,drug_sample,PUTATIVE_TARGET,BRPF1,BRPF1,rawtok_BRPF1
BDOCA000347A,drug_sample,PUTATIVE_TARGET,BRPF2,BRPF2,rawtok_BRPF2
BDOCA000347A,drug_sample,PUTATIVE_TARGET,BRPF3,BRPF3,rawtok_BRPF3
BDOCA000347A,drug_sample,PATHWAY_NAME,Chromatin histone acetylation,CHROMATIN HISTONE ACETYLATION,rawtok_CHROMATIN_HISTONE_ACETYLATION
BDF00022089A,drug_sample,PUTATIVE_TARGET,BRPF1,BRPF1,rawtok_BRPF1
BDF00022089A,drug_sample,PUTATIVE_TARGET,BRPF2,BRPF2,rawtok_BRPF2
BDF00022089A,drug_sample,PUTATIVE_TARGET,BRPF3,BRPF3,rawtok_BRPF3
BDF00022089A,drug_sample,PATHWAY_NAME,Chromatin histone acetylation,CHROMATIN HISTONE ACETYLATION,rawtok_CHROMATIN_HISTONE_ACETYLATION
BDILV000379A,drug_sample,PUTATIVE_TARGET,BAZ2A,BAZ2A,rawtok_BAZ2A
BDILV000379A,drug_sample,PUTATIVE_TARGET,BAZ2B,BAZ2B,rawtok_BAZ2B
BDILV000379A,drug_sample,PATHWAY_NAME,Chromatin histone acetylation,CHROMATIN HISTONE ACETYLATION,rawtok_CHROMATIN_HISTONE_ACETYLATION
VE-822,drug_sample,PUTATIVE_TARGET,ATM,ATM,rawtok_ATM
VE-822,drug_sample,PUTATIVE_TARGET,ATR,ATR,rawtok_ATR
VE-822,drug_sample,PUTATIVE_TARGET,MTOR,MTOR,rawtok_MTOR
VE-822,drug_sample,PUTATIVE_TARGET,PIK3CG,PIK3CG,rawtok_PIK3CG
VE-822,drug_sample,PATHWAY_NAME,Genome integrity,GENOME INTEGRITY,rawtok_GENOME_INTEGRITY
WZ4003,drug_sample,PUTATIVE_TARGET,NUAK1,NUAK1,rawtok_NUAK1
WZ4003,drug_sample,PUTATIVE_TARGET,NUAK2,NUAK2,rawtok_NUAK2
WZ4003,drug_sample,PATHWAY_NAME,kinases,KINASES,rawtok_KINASES
CZC24832,drug_sample,PUTATIVE_TARGET,PI3Kgamma,PI3KGAMMA,rawtok_PI3KGAMMA
CZC24832,drug_sample,PATHWAY_NAME,MTOR signaling,MTOR SIGNALING,rawtok_MTOR_SIGNALING
CZC24832,drug_sample,PATHWAY_NAME,PI3K,PI3K,rawtok_PI3K
GSK2606414,drug_sample,PUTATIVE_TARGET,PERK,PERK,rawtok_PERK
GSK2606414,drug_sample,PATHWAY_NAME,Metabolism,METABOLISM,rawtok_METABOLISM
PFI3,drug_sample,PUTATIVE_TARGET,Polybromo 1,POLYBROMO 1,rawtok_POLYBROMO_1
PFI3,drug_sample,PUTATIVE_TARGET,SMARCA2,SMARCA2,rawtok_SMARCA2
PFI3,drug_sample,PUTATIVE_TARGET,SMARCA4,SMARCA4,rawtok_SMARCA4
PFI3,drug_sample,PATHWAY_NAME,Chromatin other,CHROMATIN OTHER,rawtok_CHROMATIN_OTHER
PCI-34051,drug_sample,PUTATIVE_TARGET,HDAC1,HDAC1,rawtok_HDAC1
PCI-34051,drug_sample,PUTATIVE_TARGET,HDAC6,HDAC6,rawtok_HDAC6
PCI-34051,drug_sample,PUTATIVE_TARGET,HDAC8,HDAC8,rawtok_HDAC8
PCI-34051,drug_sample,PATHWAY_NAME,Chromatin histone acetylation,CHROMATIN HISTONE ACETYLATION,rawtok_CHROMATIN_HISTONE_ACETYLATION
RVX-208,drug_sample,PUTATIVE_TARGET,BRD4,BRD4,rawtok_BRD4
RVX-208,drug_sample,PATHWAY_NAME,Chromatin other,CHROMATIN OTHER,rawtok_CHROMATIN_OTHER
OTX015,drug_sample,PUTATIVE_TARGET,BRD2,BRD2,rawtok_BRD2
OTX015,drug_sample,PUTATIVE_TARGET,BRD3,BRD3,rawtok_BRD3
OTX015,drug_sample,PUTATIVE_TARGET,BRD4,BRD4,rawtok_BRD4
OTX015,drug_sample,PATHWAY_NAME,Chromatin other,CHROMATIN OTHER,rawtok_CHROMATIN_OTHER
GSK343,drug_sample,PUTATIVE_TARGET,EZH2,EZH2,rawtok_EZH2
GSK343,drug_sample,PATHWAY_NAME,Chromatin histone methylation,CHROMATIN HISTONE METHYLATION,rawtok_CHROMATIN_HISTONE_METHYLATION
ML323,drug_sample,PUTATIVE_TARGET,UAF1,UAF1,rawtok_UAF1
ML323,drug_sample,PUTATIVE_TARGET,USP1,USP1,rawtok_USP1
ML323,drug_sample,PATHWAY_NAME,Protein stability and degradation,PROTEIN STABILITY AND DEGRADATION,rawtok_PROTEIN_STABILITY_AND_DEGRADATION
ENTOSPLETINIB,drug_sample,PUTATIVE_TARGET,SYK,SYK,rawtok_SYK
ENTOSPLETINIB,drug_sample,PATHWAY_NAME,kinases,KINASES,rawtok_KINASES
PRT062607,drug_sample,PUTATIVE_TARGET,FGR,FGR,rawtok_FGR
PRT062607,drug_sample,PUTATIVE_TARGET,MAP3K9,MAP3K9,rawtok_MAP3K9
PRT062607,drug_sample,PUTATIVE_TARGET,SYK,SYK,rawtok_SYK
PRT062607,drug_sample,PATHWAY_NAME,kinases,KINASES,rawtok_KINASES
RIBOCICLIB,drug_sample,PUTATIVE_TARGET,CDK4,CDK4,rawtok_CDK4
RIBOCICLIB,drug_sample,PUTATIVE_TARGET,CDK6,CDK6,rawtok_CDK6
RIBOCICLIB,drug_sample,PATHWAY_NAME,Cell cycle,CELL CYCLE,rawtok_CELL_CYCLE
PICOLINICI-ACID,drug_sample,PUTATIVE_TARGET,Inflammatory related,INFLAMMATORY RELATED,rawtok_INFLAMMATORY_RELATED
AZD5153,drug_sample,PUTATIVE_TARGET,BRD4,BRD4,rawtok_BRD4
AZD5153,drug_sample,PATHWAY_NAME,Chromatin other,CHROMATIN OTHER,rawtok_CHROMATIN_OTHER
CDK9_5576,drug_sample,PUTATIVE_TARGET,CDK9,CDK9,rawtok_CDK9
CDK9_5576,drug_sample,PATHWAY_NAME,Cell cycle,CELL CYCLE,rawtok_CELL_CYCLE
CDK9_5038,drug_sample,PUTATIVE_TARGET,CDK9,CDK9,rawtok_CDK9
CDK9_5038,drug_sample,PATHWAY_NAME,Cell cycle,CELL CYCLE,rawtok_CELL_CYCLE
EG5_9814,drug_sample,PUTATIVE_TARGET,KSP11,KSP11,rawtok_KSP11
ERK_2440,drug_sample,PUTATIVE_TARGET,ERK1,ERK1,rawtok_ERK1
ERK_2440,drug_sample,PUTATIVE_TARGET,ERK2,ERK2,rawtok_ERK2
ERK_2440,drug_sample,PATHWAY_NAME,ERK MAPK signaling,ERK MAPK SIGNALING,rawtok_ERK_MAPK_SIGNALING
ERK_6604,drug_sample,PUTATIVE_TARGET,ERK1,ERK1,rawtok_ERK1
ERK_6604,drug_sample,PUTATIVE_TARGET,ERK2,ERK2,rawtok_ERK2
ERK_6604,drug_sample,PATHWAY_NAME,ERK MAPK signaling,ERK MAPK SIGNALING,rawtok_ERK_MAPK_SIGNALING
IRAK4_4710,drug_sample,PUTATIVE_TARGET,IRAK4,IRAK4,rawtok_IRAK4
IRAK4_4710,drug_sample,PATHWAY_NAME,kinases,KINASES,rawtok_KINASES
JAK1_8709,drug_sample,PUTATIVE_TARGET,JAK1,JAK1,rawtok_JAK1
JAK1_8709,drug_sample,PATHWAY_NAME,kinases,KINASES,rawtok_KINASES
AZD5991,drug_sample,PUTATIVE_TARGET,MCL1,MCL1,rawtok_MCL1
AZD5991,drug_sample,PATHWAY_NAME,Apoptosis regulation,APOPTOSIS REGULATION,rawtok_APOPTOSIS_REGULATION
PAK_5339,drug_sample,PUTATIVE_TARGET,PAK1,PAK1,rawtok_PAK1
PAK_5339,drug_sample,PUTATIVE_TARGET,PAK2,PAK2,rawtok_PAK2
PAK_5339,drug_sample,PATHWAY_NAME,Cytoskeleton,CYTOSKELETON,rawtok_CYTOSKELETON
TAF1_5496,drug_sample,PUTATIVE_TARGET,TAF1,TAF1,rawtok_TAF1
ULK1_4989,drug_sample,PUTATIVE_TARGET,ULK1,ULK1,rawtok_ULK1
ULK1_4989,drug_sample,PATHWAY_NAME,kinases,KINASES,rawtok_KINASES
VSP34_8731,drug_sample,PUTATIVE_TARGET,VSP34,VSP34,rawtok_VSP34
IGF1R_3801,drug_sample,PUTATIVE_TARGET,IGFR1,IGFR1,rawtok_IGFR1
IGF1R_3801,drug_sample,PATHWAY_NAME,IGF1R signaling,IGF1R SIGNALING,rawtok_IGF1R_SIGNALING
JAK_8517,drug_sample,PUTATIVE_TARGET,JAK1,JAK1,rawtok_JAK1
JAK_8517,drug_sample,PUTATIVE_TARGET,JAK2,JAK2,rawtok_JAK2
JAK_8517,drug_sample,PATHWAY_NAME,kinases,KINASES,rawtok_KINASES
GSK2256098C,drug_sample,PUTATIVE_TARGET,FAK1,FAK1,rawtok_FAK1
GSK2256098C,drug_sample,PATHWAY_NAME,Cytoskeleton,CYTOSKELETON,rawtok_CYTOSKELETON
GSK2276186C,drug_sample,PUTATIVE_TARGET,JAK1,JAK1,rawtok_JAK1
GSK2276186C,drug_sample,PUTATIVE_TARGET,JAK2,JAK2,rawtok_JAK2
GSK2276186C,drug_sample,PUTATIVE_TARGET,JAK3,JAK3,rawtok_JAK3
GSK2276186C,drug_sample,PATHWAY_NAME,kinases,KINASES,rawtok_KINASES
GSK2110183B,drug_sample,PUTATIVE_TARGET,AKT1,AKT1,rawtok_AKT1
GSK2110183B,drug_sample,PUTATIVE_TARGET,AKT2,AKT2,rawtok_AKT2
GSK2110183B,drug_sample,PUTATIVE_TARGET,AKT3,AKT3,rawtok_AKT3
GSK2110183B,drug_sample,PATHWAY_NAME,MTOR signaling,MTOR SIGNALING,rawtok_MTOR_SIGNALING
GSK2110183B,drug_sample,PATHWAY_NAME,PI3K,PI3K,rawtok_PI3K
GSK626616AC,drug_sample,PUTATIVE_TARGET,DYRK1A,DYRK1A,rawtok_DYRK1A
GSK626616AC,drug_sample,PATHWAY_NAME,kinases,KINASES,rawtok_KINASES
GSK3337463A,drug_sample,PUTATIVE_TARGET,NIK,NIK,rawtok_NIK
GSK3337463A,drug_sample,PATHWAY_NAME,kinases,KINASES,rawtok_KINASES
GSK2830371A,drug_sample,PUTATIVE_TARGET,PPM1D,PPM1D,rawtok_PPM1D
LMB_AB1,drug_sample,PUTATIVE_TARGET,ADRA1A,ADRA1A,rawtok_ADRA1A
LMB_AB1,drug_sample,PUTATIVE_TARGET,ADRB1,ADRB1,rawtok_ADRB1
LMB_AB2,drug_sample,PUTATIVE_TARGET,GADD34,GADD34,rawtok_GADD34
LMB_AB2,drug_sample,PATHWAY_NAME,Unclassified,UNCLASSIFIED,rawtok_UNCLASSIFIED
LMB_AB3,drug_sample,PUTATIVE_TARGET,PPP1R15B,PPP1R15B,rawtok_PPP1R15B
IBRUTINIB,drug_sample,PUTATIVE_TARGET,BLK,BLK,rawtok_BLK
IBRUTINIB,drug_sample,PUTATIVE_TARGET,BMX,BMX,rawtok_BMX
IBRUTINIB,drug_sample,PUTATIVE_TARGET,BTK,BTK,rawtok_BTK
IBRUTINIB,drug_sample,PATHWAY_NAME,kinases,KINASES,rawtok_KINASES
ACETALAX,drug_sample,PATHWAY_NAME,Unclassified,UNCLASSIFIED,rawtok_UNCLASSIFIED
TOPOTECAN,drug_sample,PUTATIVE_TARGET,TOP1,TOP1,rawtok_TOP1
TOPOTECAN,drug_sample,PUTATIVE_TARGET,TOP1MT,TOP1MT,rawtok_TOP1MT
TOPOTECAN,drug_sample,PATHWAY_NAME,DNA replication,DNA REPLICATION,rawtok_DNA_REPLICATION
TENIPOSIDE,drug_sample,PUTATIVE_TARGET,TOP2A,TOP2A,rawtok_TOP2A
TENIPOSIDE,drug_sample,PUTATIVE_TARGET,TOP2B,TOP2B,rawtok_TOP2B
TENIPOSIDE,drug_sample,PATHWAY_NAME,DNA replication,DNA REPLICATION,rawtok_DNA_REPLICATION
MITOXANTRONE,drug_sample,PUTATIVE_TARGET,TOP2,TOP2,rawtok_TOP2
MITOXANTRONE,drug_sample,PUTATIVE_TARGET,TOP2A,TOP2A,rawtok_TOP2A
MITOXANTRONE,drug_sample,PATHWAY_NAME,DNA replication,DNA REPLICATION,rawtok_DNA_REPLICATION
DACTINOMYCIN,drug_sample,PUTATIVE_TARGET,RNA polymerase,RNA POLYMERASE,rawtok_RNA_POLYMERASE
FLUDARABINE,drug_sample,PUTATIVE_TARGET,ADA,ADA,rawtok_ADA
FLUDARABINE,drug_sample,PUTATIVE_TARGET,Antimetabolite,ANTIMETABOLITE,rawtok_ANTIMETABOLITE
FLUDARABINE,drug_sample,PUTATIVE_TARGET,RRM1,RRM1,rawtok_RRM1
FLUDARABINE,drug_sample,PUTATIVE_TARGET,RRM2,RRM2,rawtok_RRM2
FLUDARABINE,drug_sample,PATHWAY_NAME,DNA replication,DNA REPLICATION,rawtok_DNA_REPLICATION
NELARABINE,drug_sample,PUTATIVE_TARGET,POLA1,POLA1,rawtok_POLA1
NELARABINE,drug_sample,PATHWAY_NAME,DNA replication,DNA REPLICATION,rawtok_DNA_REPLICATION
DACARBAZINE,drug_sample,PUTATIVE_TARGET,CP11A,CP11A,rawtok_CP11A
DACARBAZINE,drug_sample,PUTATIVE_TARGET,PGD,PGD,rawtok_PGD
DACARBAZINE,drug_sample,PUTATIVE_TARGET,POLA2,POLA2,rawtok_POLA2
ROMIDEPSIN,drug_sample,PUTATIVE_TARGET,HDAC1,HDAC1,rawtok_HDAC1
ROMIDEPSIN,drug_sample,PUTATIVE_TARGET,HDAC2,HDAC2,rawtok_HDAC2
ROMIDEPSIN,drug_sample,PUTATIVE_TARGET,HDAC3,HDAC3,rawtok_HDAC3
ROMIDEPSIN,drug_sample,PUTATIVE_TARGET,HDAC4,HDAC4,rawtok_HDAC4
ROMIDEPSIN,drug_sample,PUTATIVE_TARGET,HDAC5,HDAC5,rawtok_HDAC5
ROMIDEPSIN,drug_sample,PUTATIVE_TARGET,HDAC6,HDAC6,rawtok_HDAC6
ROMIDEPSIN,drug_sample,PUTATIVE_TARGET,HDAC7,HDAC7,rawtok_HDAC7
ROMIDEPSIN,drug_sample,PUTATIVE_TARGET,HDAC8,HDAC8,rawtok_HDAC8
ROMIDEPSIN,drug_sample,PUTATIVE_TARGET,HDAC9,HDAC9,rawtok_HDAC9
ROMIDEPSIN,drug_sample,PATHWAY_NAME,Chromatin histone acetylation,CHROMATIN HISTONE ACETYLATION,rawtok_CHROMATIN_HISTONE_ACETYLATION
123829,drug_sample,PATHWAY_NAME,Unclassified,UNCLASSIFIED,rawtok_UNCLASSIFIED
765771,drug_sample,PATHWAY_NAME,Unclassified,UNCLASSIFIED,rawtok_UNCLASSIFIED
123138,drug_sample,PATHWAY_NAME,Unclassified,UNCLASSIFIED,rawtok_UNCLASSIFIED
PODOPHYLLOTOXIN BROMIDE,drug_sample,PATHWAY_NAME,Unclassified,UNCLASSIFIED,rawtok_UNCLASSIFIED
50869,drug_sample,PATHWAY_NAME,Unclassified,UNCLASSIFIED,rawtok_UNCLASSIFIED
DIHYDROROTENONE,drug_sample,PATHWAY_NAME,Unclassified,UNCLASSIFIED,rawtok_UNCLASSIFIED
720427,drug_sample,PATHWAY_NAME,Unclassified,UNCLASSIFIED,rawtok_UNCLASSIFIED
667880,drug_sample,PATHWAY_NAME,Unclassified,UNCLASSIFIED,rawtok_UNCLASSIFIED
GALLIBISCOQUINAZOLE,drug_sample,PATHWAY_NAME,Unclassified,UNCLASSIFIED,rawtok_UNCLASSIFIED
L-OXONORELEAGNINE,drug_sample,PATHWAY_NAME,Unclassified,UNCLASSIFIED,rawtok_UNCLASSIFIED
729189,drug_sample,PATHWAY_NAME,Unclassified,UNCLASSIFIED,rawtok_UNCLASSIFIED
741909,drug_sample,PATHWAY_NAME,Unclassified,UNCLASSIFIED,rawtok_UNCLASSIFIED
743380,drug_sample,PATHWAY_NAME,Unclassified,UNCLASSIFIED,rawtok_UNCLASSIFIED
ELEPHANTIN,drug_sample,PATHWAY_NAME,Unclassified,UNCLASSIFIED,rawtok_UNCLASSIFIED
150412,drug_sample,PATHWAY_NAME,Unclassified,UNCLASSIFIED,rawtok_UNCLASSIFIED
SINULARIN,drug_sample,PATHWAY_NAME,Unclassified,UNCLASSIFIED,rawtok_UNCLASSIFIED
615590,drug_sample,PATHWAY_NAME,Unclassified,UNCLASSIFIED,rawtok_UNCLASSIFIED
630600,drug_sample,PATHWAY_NAME,Unclassified,UNCLASSIFIED,rawtok_UNCLASSIFIED
LMP744,drug_sample,PUTATIVE_TARGET,TOP1,TOP1,rawtok_TOP1
LMP744,drug_sample,PATHWAY_NAME,DNA replication,DNA REPLICATION,rawtok_DNA_REPLICATION
776928,drug_sample,PATHWAY_NAME,Unclassified,UNCLASSIFIED,rawtok_UNCLASSIFIED
SCHWEINFURTHIN A,drug_sample,PATHWAY_NAME,Unclassified,UNCLASSIFIED,rawtok_UNCLASSIFIED
BEN,drug_sample,PATHWAY_NAME,Unclassified,UNCLASSIFIED,rawtok_UNCLASSIFIED
SABUTOCLAX,drug_sample,PUTATIVE_TARGET,BCL-XL,BCL-XL,rawtok_BCL_XL
SABUTOCLAX,drug_sample,PUTATIVE_TARGET,BCL2,BCL2,rawtok_BCL2
SABUTOCLAX,drug_sample,PUTATIVE_TARGET,BFL1,BFL1,rawtok_BFL1
SABUTOCLAX,drug_sample,PUTATIVE_TARGET,MCL1,MCL1,rawtok_MCL1
SABUTOCLAX,drug_sample,PATHWAY_NAME,Apoptosis regulation,APOPTOSIS REGULATION,rawtok_APOPTOSIS_REGULATION
LY2109761,drug_sample,PUTATIVE_TARGET,TGFB1,TGFB1,rawtok_TGFB1
LY2109761,drug_sample,PUTATIVE_TARGET,TGFBR1,TGFBR1,rawtok_TGFBR1
LY2109761,drug_sample,PUTATIVE_TARGET,TGFBR2,TGFBR2,rawtok_TGFBR2
OF-1,drug_sample,PUTATIVE_TARGET,BRPF1B,BRPF1B,rawtok_BRPF1B
OF-1,drug_sample,PUTATIVE_TARGET,BRPF2,BRPF2,rawtok_BRPF2
OF-1,drug_sample,PATHWAY_NAME,Chromatin histone acetylation,CHROMATIN HISTONE ACETYLATION,rawtok_CHROMATIN_HISTONE_ACETYLATION
MN-64,drug_sample,PUTATIVE_TARGET,TNKS1,TNKS1,rawtok_TNKS1
MN-64,drug_sample,PUTATIVE_TARGET,TNKS2,TNKS2,rawtok_TNKS2
MN-64,drug_sample,PATHWAY_NAME,WNT signaling,WNT SIGNALING,rawtok_WNT_SIGNALING
KRAS (G12C) INHIBITOR-12,drug_sample,PUTATIVE_TARGET,KRAS (G12C),KRAS (G12C),rawtok_KRAS_G12C
KRAS (G12C) INHIBITOR-12,drug_sample,PATHWAY_NAME,ERK MAPK signaling,ERK MAPK SIGNALING,rawtok_ERK_MAPK_SIGNALING
BDP-00009066,drug_sample,PUTATIVE_TARGET,MRCKB_HUMAN,MRCKB_HUMAN,rawtok_MRCKB_HUMAN
BDP-00009066,drug_sample,PATHWAY_NAME,Cytoskeleton,CYTOSKELETON,rawtok_CYTOSKELETON
BUPARLISIB,drug_sample,PUTATIVE_TARGET,PI3Kalpha,PI3KALPHA,rawtok_PI3KALPHA
BUPARLISIB,drug_sample,PUTATIVE_TARGET,PI3Kbeta,PI3KBETA,rawtok_PI3KBETA
BUPARLISIB,drug_sample,PUTATIVE_TARGET,PI3Kdelta,PI3KDELTA,rawtok_PI3KDELTA
BUPARLISIB,drug_sample,PUTATIVE_TARGET,PI3Kgamma,PI3KGAMMA,rawtok_PI3KGAMMA
BUPARLISIB,drug_sample,PUTATIVE_TARGET,PIK3CA,PIK3CA,rawtok_PIK3CA
BUPARLISIB,drug_sample,PUTATIVE_TARGET,PIK3CG,PIK3CG,rawtok_PIK3CG
BUPARLISIB,drug_sample,PATHWAY_NAME,MTOR signaling,MTOR SIGNALING,rawtok_MTOR_SIGNALING
BUPARLISIB,drug_sample,PATHWAY_NAME,PI3K,PI3K,rawtok_PI3K
ULIXERTINIB,drug_sample,PUTATIVE_TARGET,ERK1,ERK1,rawtok_ERK1
ULIXERTINIB,drug_sample,PUTATIVE_TARGET,ERK2,ERK2,rawtok_ERK2
ULIXERTINIB,drug_sample,PATHWAY_NAME,ERK MAPK signaling,ERK MAPK SIGNALING,rawtok_ERK_MAPK_SIGNALING
VENETOCLAX,drug_sample,PUTATIVE_TARGET,BCL2,BCL2,rawtok_BCL2
VENETOCLAX,drug_sample,PATHWAY_NAME,Apoptosis regulation,APOPTOSIS REGULATION,rawtok_APOPTOSIS_REGULATION
ABT737,drug_sample,PUTATIVE_TARGET,BCL-B,BCL-B,rawtok_BCL_B
ABT737,drug_sample,PUTATIVE_TARGET,BCL-W,BCL-W,rawtok_BCL_W
ABT737,drug_sample,PUTATIVE_TARGET,BCL-XL,BCL-XL,rawtok_BCL_XL
ABT737,drug_sample,PUTATIVE_TARGET,BCL2,BCL2,rawtok_BCL2
ABT737,drug_sample,PUTATIVE_TARGET,BFL1,BFL1,rawtok_BFL1
ABT737,drug_sample,PATHWAY_NAME,Apoptosis regulation,APOPTOSIS REGULATION,rawtok_APOPTOSIS_REGULATION
AFURESERTIB,drug_sample,PUTATIVE_TARGET,AKT1,AKT1,rawtok_AKT1
AFURESERTIB,drug_sample,PUTATIVE_TARGET,AKT2,AKT2,rawtok_AKT2
AFURESERTIB,drug_sample,PUTATIVE_TARGET,AKT3,AKT3,rawtok_AKT3
AFURESERTIB,drug_sample,PATHWAY_NAME,MTOR signaling,MTOR SIGNALING,rawtok_MTOR_SIGNALING
AFURESERTIB,drug_sample,PATHWAY_NAME,PI3K,PI3K,rawtok_PI3K
AGI-5198,drug_sample,PUTATIVE_TARGET,IDH1 (R132H),IDH1 (R132H),rawtok_IDH1_R132H
AGI-5198,drug_sample,PATHWAY_NAME,Metabolism,METABOLISM,rawtok_METABOLISM
AZD3759,drug_sample,PUTATIVE_TARGET,EGFR,EGFR,rawtok_EGFR
AZD3759,drug_sample,PATHWAY_NAME,EGFR signaling,EGFR SIGNALING,rawtok_EGFR_SIGNALING
AZD5363,drug_sample,PUTATIVE_TARGET,AKT1,AKT1,rawtok_AKT1
AZD5363,drug_sample,PUTATIVE_TARGET,AKT2,AKT2,rawtok_AKT2
AZD5363,drug_sample,PUTATIVE_TARGET,AKT3,AKT3,rawtok_AKT3
AZD5363,drug_sample,PUTATIVE_TARGET,ROCK2,ROCK2,rawtok_ROCK2
AZD5363,drug_sample,PATHWAY_NAME,kinases,KINASES,rawtok_KINASES
OSIMERTINIB,drug_sample,PUTATIVE_TARGET,EGFR,EGFR,rawtok_EGFR
OSIMERTINIB,drug_sample,PATHWAY_NAME,EGFR signaling,EGFR SIGNALING,rawtok_EGFR_SIGNALING
CEDIRANIB,drug_sample,PUTATIVE_TARGET,CSF1R,CSF1R,rawtok_CSF1R
CEDIRANIB,drug_sample,PUTATIVE_TARGET,FLT1,FLT1,rawtok_FLT1
CEDIRANIB,drug_sample,PUTATIVE_TARGET,FLT2,FLT2,rawtok_FLT2
CEDIRANIB,drug_sample,PUTATIVE_TARGET,FLT3,FLT3,rawtok_FLT3
CEDIRANIB,drug_sample,PUTATIVE_TARGET,FLT4,FLT4,rawtok_FLT4
CEDIRANIB,drug_sample,PUTATIVE_TARGET,KDR,KDR,rawtok_KDR
CEDIRANIB,drug_sample,PUTATIVE_TARGET,KIT,KIT,rawtok_KIT
CEDIRANIB,drug_sample,PUTATIVE_TARGET,PDGFRA,PDGFRA,rawtok_PDGFRA
CEDIRANIB,drug_sample,PUTATIVE_TARGET,PDGFRB,PDGFRB,rawtok_PDGFRB
CEDIRANIB,drug_sample,PUTATIVE_TARGET,VEGFR,VEGFR,rawtok_VEGFR
CEDIRANIB,drug_sample,PATHWAY_NAME,RTK signaling,RTK SIGNALING,rawtok_RTK_SIGNALING
IPATASERTIB,drug_sample,PUTATIVE_TARGET,AKT,AKT,rawtok_AKT
IPATASERTIB,drug_sample,PUTATIVE_TARGET,AKT1,AKT1,rawtok_AKT1
IPATASERTIB,drug_sample,PUTATIVE_TARGET,AKT3,AKT3,rawtok_AKT3
IPATASERTIB,drug_sample,PATHWAY_NAME,MTOR signaling,MTOR SIGNALING,rawtok_MTOR_SIGNALING
IPATASERTIB,drug_sample,PATHWAY_NAME,PI3K,PI3K,rawtok_PI3K
GDC0810,drug_sample,PUTATIVE_TARGET,ESR1,ESR1,rawtok_ESR1
GDC0810,drug_sample,PUTATIVE_TARGET,ESR2,ESR2,rawtok_ESR2
GDC0810,drug_sample,PATHWAY_NAME,Hormone-related,HORMONE-RELATED,rawtok_HORMONE_RELATED
GNE-317,drug_sample,PUTATIVE_TARGET,PI3Kalpha,PI3KALPHA,rawtok_PI3KALPHA
GNE-317,drug_sample,PATHWAY_NAME,MTOR signaling,MTOR SIGNALING,rawtok_MTOR_SIGNALING
GNE-317,drug_sample,PATHWAY_NAME,PI3K,PI3K,rawtok_PI3K
GSK2578215A,drug_sample,PUTATIVE_TARGET,LRRK2,LRRK2,rawtok_LRRK2
GSK2578215A,drug_sample,PATHWAY_NAME,kinases,KINASES,rawtok_KINASES
I-BRD9,drug_sample,PUTATIVE_TARGET,BRD9,BRD9,rawtok_BRD9
I-BRD9,drug_sample,PATHWAY_NAME,Chromatin other,CHROMATIN OTHER,rawtok_CHROMATIN_OTHER
TELOMERASE INHIBITOR IX,drug_sample,PUTATIVE_TARGET,Telomerase,TELOMERASE,rawtok_TELOMERASE
TELOMERASE INHIBITOR IX,drug_sample,PATHWAY_NAME,Genome integrity,GENOME INTEGRITY,rawtok_GENOME_INTEGRITY
MIRA-1,drug_sample,PUTATIVE_TARGET,TP53,TP53,rawtok_TP53
MIRA-1,drug_sample,PATHWAY_NAME,p53 pathway,P53 PATHWAY,rawtok_P53_PATHWAY
NVP-ADW742,drug_sample,PUTATIVE_TARGET,IGF1R,IGF1R,rawtok_IGF1R
NVP-ADW742,drug_sample,PATHWAY_NAME,IGF1R signaling,IGF1R SIGNALING,rawtok_IGF1R_SIGNALING
P22077,drug_sample,PUTATIVE_TARGET,USP47,USP47,rawtok_USP47
P22077,drug_sample,PUTATIVE_TARGET,USP7,USP7,rawtok_USP7
P22077,drug_sample,PATHWAY_NAME,Protein stability and degradation,PROTEIN STABILITY AND DEGRADATION,rawtok_PROTEIN_STABILITY_AND_DEGRADATION
SAVOLITINIB,drug_sample,PUTATIVE_TARGET,MET,MET,rawtok_MET
SAVOLITINIB,drug_sample,PATHWAY_NAME,RTK signaling,RTK SIGNALING,rawtok_RTK_SIGNALING
UMI-77,drug_sample,PUTATIVE_TARGET,MCL1,MCL1,rawtok_MCL1
UMI-77,drug_sample,PATHWAY_NAME,Apoptosis regulation,APOPTOSIS REGULATION,rawtok_APOPTOSIS_REGULATION
WIKI4,drug_sample,PUTATIVE_TARGET,TNKS1,TNKS1,rawtok_TNKS1
WIKI4,drug_sample,PUTATIVE_TARGET,TNKS2,TNKS2,rawtok_TNKS2
WIKI4,drug_sample,PATHWAY_NAME,WNT signaling,WNT SIGNALING,rawtok_WNT_SIGNALING
WEHI-539,drug_sample,PUTATIVE_TARGET,BCL-XL,BCL-XL,rawtok_BCL_XL
WEHI-539,drug_sample,PATHWAY_NAME,Apoptosis regulation,APOPTOSIS REGULATION,rawtok_APOPTOSIS_REGULATION
N25720-51-A1,drug_sample,PATHWAY_NAME,Unclassified,UNCLASSIFIED,rawtok_UNCLASSIFIED
N27922-53-1,drug_sample,PATHWAY_NAME,Unclassified,UNCLASSIFIED,rawtok_UNCLASSIFIED
N30652-18-1,drug_sample,PATHWAY_NAME,Unclassified,UNCLASSIFIED,rawtok_UNCLASSIFIED
N29087-69-1,drug_sample,PATHWAY_NAME,Unclassified,UNCLASSIFIED,rawtok_UNCLASSIFIED
HKMTI-1-005,drug_sample,PATHWAY_NAME,Unclassified,UNCLASSIFIED,rawtok_UNCLASSIFIED
ICL-SIRT078,drug_sample,PUTATIVE_TARGET,SIR2,SIR2,rawtok_SIR2
AGK2,drug_sample,PUTATIVE_TARGET,BAZ2A,BAZ2A,rawtok_BAZ2A
AGK2,drug_sample,PUTATIVE_TARGET,BAZ2B,BAZ2B,rawtok_BAZ2B
AGK2,drug_sample,PATHWAY_NAME,Chromatin histone acetylation,CHROMATIN HISTONE ACETYLATION,rawtok_CHROMATIN_HISTONE_ACETYLATION
BIBR-1532,drug_sample,PUTATIVE_TARGET,TERT,TERT,rawtok_TERT
BIBR-1532,drug_sample,PATHWAY_NAME,Genome integrity,GENOME INTEGRITY,rawtok_GENOME_INTEGRITY
PYRIDOSTATIN,drug_sample,PUTATIVE_TARGET,G-quadruplex stabiliser,G-QUADRUPLEX STABILISER,rawtok_G_QUADRUPLEX_STABILISER
PYRIDOSTATIN,drug_sample,PATHWAY_NAME,DNA replication,DNA REPLICATION,rawtok_DNA_REPLICATION
AMG-319,drug_sample,PUTATIVE_TARGET,PI3K (beta sparing),PI3K (BETA SPARING),rawtok_PI3K_BETA_SPARING
AMG-319,drug_sample,PATHWAY_NAME,MTOR signaling,MTOR SIGNALING,rawtok_MTOR_SIGNALING
AMG-319,drug_sample,PATHWAY_NAME,PI3K,PI3K,rawtok_PI3K
MK-8776,drug_sample,PUTATIVE_TARGET,CDK2,CDK2,rawtok_CDK2
MK-8776,drug_sample,PUTATIVE_TARGET,CHEK1,CHEK1,rawtok_CHEK1
MK-8776,drug_sample,PUTATIVE_TARGET,CHEK2,CHEK2,rawtok_CHEK2
MK-8776,drug_sample,PATHWAY_NAME,Cell cycle,CELL CYCLE,rawtok_CELL_CYCLE
MYCOPHENOLIC ACID,drug_sample,PATHWAY_NAME,Unclassified,UNCLASSIFIED,rawtok_UNCLASSIFIED
REMODELIN,drug_sample,PATHWAY_NAME,Unclassified,UNCLASSIFIED,rawtok_UNCLASSIFIED
LJI308,drug_sample,PUTATIVE_TARGET,RSK1,RSK1,rawtok_RSK1
LJI308,drug_sample,PUTATIVE_TARGET,RSK2,RSK2,rawtok_RSK2
LJI308,drug_sample,PUTATIVE_TARGET,RSK3,RSK3,rawtok_RSK3
LJI308,drug_sample,PATHWAY_NAME,MTOR signaling,MTOR SIGNALING,rawtok_MTOR_SIGNALING
LJI308,drug_sample,PATHWAY_NAME,PI3K,PI3K,rawtok_PI3K
AZ6102,drug_sample,PUTATIVE_TARGET,TNKS1,TNKS1,rawtok_TNKS1
AZ6102,drug_sample,PUTATIVE_TARGET,TNKS2,TNKS2,rawtok_TNKS2
AZ6102,drug_sample,PATHWAY_NAME,WNT signaling,WNT SIGNALING,rawtok_WNT_SIGNALING
GSK591,drug_sample,PUTATIVE_TARGET,PMRT5,PMRT5,rawtok_PMRT5
GSK591,drug_sample,PATHWAY_NAME,Chromatin histone methylation,CHROMATIN HISTONE METHYLATION,rawtok_CHROMATIN_HISTONE_METHYLATION
VE821,drug_sample,PUTATIVE_TARGET,ATR,ATR,rawtok_ATR
VE821,drug_sample,PATHWAY_NAME,Genome integrity,GENOME INTEGRITY,rawtok_GENOME_INTEGRITY
VTP-A,drug_sample,PATHWAY_NAME,Unclassified,UNCLASSIFIED,rawtok_UNCLASSIFIED
VTP-B,drug_sample,PATHWAY_NAME,Unclassified,UNCLASSIFIED,rawtok_UNCLASSIFIED
PBD-288,drug_sample,PATHWAY_NAME,Unclassified,UNCLASSIFIED,rawtok_UNCLASSIFIED
POMHEX,drug_sample,PATHWAY_NAME,Unclassified,UNCLASSIFIED,rawtok_UNCLASSIFIED
CT7033-2,drug_sample,PUTATIVE_TARGET,KDM3A,KDM3A,rawtok_KDM3A
CT7033-2,drug_sample,PUTATIVE_TARGET,KDM4A,KDM4A,rawtok_KDM4A
CT7033-2,drug_sample,PUTATIVE_TARGET,KDM4C,KDM4C,rawtok_KDM4C
CT7033-2,drug_sample,PUTATIVE_TARGET,KDM4E,KDM4E,rawtok_KDM4E
CT7033-2,drug_sample,PUTATIVE_TARGET,KDM6B,KDM6B,rawtok_KDM6B
CT7033-2,drug_sample,PATHWAY_NAME,Chromatin histone methylation,CHROMATIN HISTONE METHYLATION,rawtok_CHROMATIN_HISTONE_METHYLATION
GSK-LSD1-2HCL,drug_sample,PUTATIVE_TARGET,LSD1,LSD1,rawtok_LSD1
GSK-LSD1-2HCL,drug_sample,PATHWAY_NAME,Chromatin histone methylation,CHROMATIN HISTONE METHYLATION,rawtok_CHROMATIN_HISTONE_METHYLATION
5-AZACYTIDINE,drug_sample,PUTATIVE_TARGET,DNA methyltransferases,DNA METHYLTRANSFERASES,rawtok_DNA_METHYLTRANSFERASES
A-366,drug_sample,PUTATIVE_TARGET,EHMT1,EHMT1,rawtok_EHMT1
A-366,drug_sample,PUTATIVE_TARGET,EHMT2,EHMT2,rawtok_EHMT2
A-366,drug_sample,PATHWAY_NAME,Chromatin histone methylation,CHROMATIN HISTONE METHYLATION,rawtok_CHROMATIN_HISTONE_METHYLATION
CPI-637,drug_sample,PUTATIVE_TARGET,EP300,EP300,rawtok_EP300
CPI-637,drug_sample,PATHWAY_NAME,Chromatin histone methylation,CHROMATIN HISTONE METHYLATION,rawtok_CHROMATIN_HISTONE_METHYLATION
UNC0379,drug_sample,PUTATIVE_TARGET,SETD8,SETD8,rawtok_SETD8
UNC0379,drug_sample,PATHWAY_NAME,Chromatin histone methylation,CHROMATIN HISTONE METHYLATION,rawtok_CHROMATIN_HISTONE_METHYLATION
AT13148,drug_sample,PUTATIVE_TARGET,AKT1,AKT1,rawtok_AKT1
AT13148,drug_sample,PATHWAY_NAME,MTOR signaling,MTOR SIGNALING,rawtok_MTOR_SIGNALING
AT13148,drug_sample,PATHWAY_NAME,PI3K,PI3K,rawtok_PI3K
GSK2830371,drug_sample,PUTATIVE_TARGET,PPM1D,PPM1D,rawtok_PPM1D
GSK2830371,drug_sample,PUTATIVE_TARGET,WIP1,WIP1,rawtok_WIP1
THR-101,drug_sample,PUTATIVE_TARGET,Mutant RAS,MUTANT RAS,rawtok_MUTANT_RAS
THR-101,drug_sample,PATHWAY_NAME,MTOR signaling,MTOR SIGNALING,rawtok_MTOR_SIGNALING
THR-101,drug_sample,PATHWAY_NAME,PI3K,PI3K,rawtok_PI3K
THR-102,drug_sample,PUTATIVE_TARGET,Mutant RAS,MUTANT RAS,rawtok_MUTANT_RAS
THR-102,drug_sample,PATHWAY_NAME,MTOR signaling,MTOR SIGNALING,rawtok_MTOR_SIGNALING
THR-102,drug_sample,PATHWAY_NAME,PI3K,PI3K,rawtok_PI3K
THR-103,drug_sample,PUTATIVE_TARGET,Mutant RAS,MUTANT RAS,rawtok_MUTANT_RAS
THR-103,drug_sample,PATHWAY_NAME,MTOR signaling,MTOR SIGNALING,rawtok_MTOR_SIGNALING
THR-103,drug_sample,PATHWAY_NAME,PI3K,PI3K,rawtok_PI3K
ASCORBATE (VITAMIN C),drug_sample,PUTATIVE_TARGET,anti-oxidant proteins,ANTI-OXIDANT PROTEINS,rawtok_ANTI_OXIDANT_PROTEINS
GLUTATHIONE,drug_sample,PUTATIVE_TARGET,anti-oxidant proteins,ANTI-OXIDANT PROTEINS,rawtok_ANTI_OXIDANT_PROTEINS
ALPHA-LIPOIC ACID,drug_sample,PUTATIVE_TARGET,Metabolism,METABOLISM,rawtok_METABOLISM
ALPHA-LIPOIC ACID,drug_sample,PATHWAY_NAME,Metabolism,METABOLISM,rawtok_METABOLISM
N-ACETYL CYSTEINE,drug_sample,PUTATIVE_TARGET,Metabolism,METABOLISM,rawtok_METABOLISM
N-ACETYL CYSTEINE,drug_sample,PATHWAY_NAME,Metabolism,METABOLISM,rawtok_METABOLISM
ANLOTINIB,drug_sample,PUTATIVE_TARGET,KDR,KDR,rawtok_KDR
ANLOTINIB,drug_sample,PUTATIVE_TARGET,PDGFRB,PDGFRB,rawtok_PDGFRB
LITRONESIB,drug_sample,PUTATIVE_TARGET,KIF11,KIF11,rawtok_KIF11
BIIB021,drug_sample,PUTATIVE_TARGET,HSP90AA1,HSP90AA1,rawtok_HSP90AA1
IMIQUIMOD,drug_sample,PUTATIVE_TARGET,TLR7,TLR7,rawtok_TLR7
IMIQUIMOD,drug_sample,PUTATIVE_TARGET,TLR8,TLR8,rawtok_TLR8
EXISULIND,drug_sample,PUTATIVE_TARGET,PDE5A,PDE5A,rawtok_PDE5A
TALMAPIMOD,drug_sample,PUTATIVE_TARGET,MAPK11,MAPK11,rawtok_MAPK11
TALMAPIMOD,drug_sample,PUTATIVE_TARGET,MAPK14,MAPK14,rawtok_MAPK14
P276-00,drug_sample,PUTATIVE_TARGET,CDK1,CDK1,rawtok_CDK1
P276-00,drug_sample,PUTATIVE_TARGET,CDK4,CDK4,rawtok_CDK4
P276-00,drug_sample,PUTATIVE_TARGET,CDK9,CDK9,rawtok_CDK9
MLN0128,drug_sample,PUTATIVE_TARGET,MTOR,MTOR,rawtok_MTOR
MLN0128,drug_sample,PUTATIVE_TARGET,PIK3CA,PIK3CA,rawtok_PIK3CA
MLN0128,drug_sample,PUTATIVE_TARGET,PIK3CD,PIK3CD,rawtok_PIK3CD
MLN0128,drug_sample,PUTATIVE_TARGET,PIK3CG,PIK3CG,rawtok_PIK3CG
OLTIPRAZ,drug_sample,PUTATIVE_TARGET,ANG,ANG,rawtok_ANG
DICHLOROACETATE,drug_sample,PUTATIVE_TARGET,PDK1,PDK1,rawtok_PDK1
ROSCOVITINE,drug_sample,PUTATIVE_TARGET,CDK2,CDK2,rawtok_CDK2
ROSCOVITINE,drug_sample,PUTATIVE_TARGET,CDK9,CDK9,rawtok_CDK9
EVEROLIMUS,drug_sample,PUTATIVE_TARGET,MTOR,MTOR,rawtok_MTOR
BARDOXOLONE-METHYL,drug_sample,PUTATIVE_TARGET,PPARG,PPARG,rawtok_PPARG
BARDOXOLONE-METHYL,drug_sample,PUTATIVE_TARGET,STAT3,STAT3,rawtok_STAT3
GENISTEIN,drug_sample,PUTATIVE_TARGET,CFTR,CFTR,rawtok_CFTR
GENISTEIN,drug_sample,PUTATIVE_TARGET,ESR1,ESR1,rawtok_ESR1
GENISTEIN,drug_sample,PUTATIVE_TARGET,ESR2,ESR2,rawtok_ESR2
GENISTEIN,drug_sample,PUTATIVE_TARGET,ESRRA,ESRRA,rawtok_ESRRA
GENISTEIN,drug_sample,PUTATIVE_TARGET,ESRRB,ESRRB,rawtok_ESRRB
GENISTEIN,drug_sample,PUTATIVE_TARGET,ESRRG,ESRRG,rawtok_ESRRG
GENISTEIN,drug_sample,PUTATIVE_TARGET,NCOA1,NCOA1,rawtok_NCOA1
GENISTEIN,drug_sample,PUTATIVE_TARGET,NCOA2,NCOA2,rawtok_NCOA2
GENISTEIN,drug_sample,PUTATIVE_TARGET,PPARG,PPARG,rawtok_PPARG
GENISTEIN,drug_sample,PUTATIVE_TARGET,PTK2B,PTK2B,rawtok_PTK2B
GENISTEIN,drug_sample,PUTATIVE_TARGET,TOP2A,TOP2A,rawtok_TOP2A
GENISTEIN,drug_sample,PUTATIVE_TARGET,TRPC5,TRPC5,rawtok_TRPC5
CYT387,drug_sample,PUTATIVE_TARGET,JAK1,JAK1,rawtok_JAK1
CYT387,drug_sample,PUTATIVE_TARGET,JAK2,JAK2,rawtok_JAK2
CYT387,drug_sample,PUTATIVE_TARGET,JAK3,JAK3,rawtok_JAK3
S-111,drug_sample,PUTATIVE_TARGET,PARP1,PARP1,rawtok_PARP1
AMINOGLUTETHIMIDE,drug_sample,PUTATIVE_TARGET,CYP11A1,CYP11A1,rawtok_CYP11A1
AMINOGLUTETHIMIDE,drug_sample,PUTATIVE_TARGET,CYP19A1,CYP19A1,rawtok_CYP19A1
FILANESIB,drug_sample,PUTATIVE_TARGET,KIF11,KIF11,rawtok_KIF11
NVP-AUY922,drug_sample,PUTATIVE_TARGET,HSP90AA1,HSP90AA1,rawtok_HSP90AA1
NVP-AUY922,drug_sample,PUTATIVE_TARGET,HSP90AB1,HSP90AB1,rawtok_HSP90AB1
TAMIBAROTENE,drug_sample,PUTATIVE_TARGET,RARA,RARA,rawtok_RARA
TAMIBAROTENE,drug_sample,PUTATIVE_TARGET,RARB,RARB,rawtok_RARB
RIGOSERTIB,drug_sample,PUTATIVE_TARGET,PLK1,PLK1,rawtok_PLK1
ALVESPIMYCIN,drug_sample,PUTATIVE_TARGET,HSP90AA1,HSP90AA1,rawtok_HSP90AA1
PEXIDARTINIB,drug_sample,PUTATIVE_TARGET,CSF1R,CSF1R,rawtok_CSF1R
PEXIDARTINIB,drug_sample,PUTATIVE_TARGET,FLT3,FLT3,rawtok_FLT3
PEXIDARTINIB,drug_sample,PUTATIVE_TARGET,KIT,KIT,rawtok_KIT
VEMURAFENIB,drug_sample,PUTATIVE_TARGET,BRAF,BRAF,rawtok_BRAF
VEMURAFENIB,drug_sample,PUTATIVE_TARGET,RAF1,RAF1,rawtok_RAF1
LOMEGUATRIB,drug_sample,PUTATIVE_TARGET,MGMT,MGMT,rawtok_MGMT
AZACITIDINE,drug_sample,PUTATIVE_TARGET,DNMT1,DNMT1,rawtok_DNMT1
AZACITIDINE,drug_sample,PUTATIVE_TARGET,DNMT3A,DNMT3A,rawtok_DNMT3A
DAUNORUBICIN,drug_sample,PUTATIVE_TARGET,TOP2A,TOP2A,rawtok_TOP2A
DAUNORUBICIN,drug_sample,PUTATIVE_TARGET,TOP2B,TOP2B,rawtok_TOP2B
TIVANTINIB,drug_sample,PUTATIVE_TARGET,MET,MET,rawtok_MET
RESIQUIMOD,drug_sample,PUTATIVE_TARGET,TLR7,TLR7,rawtok_TLR7
RESIQUIMOD,drug_sample,PUTATIVE_TARGET,TLR8,TLR8,rawtok_TLR8
ESTRAMUSTINE,drug_sample,PUTATIVE_TARGET,ESR1,ESR1,rawtok_ESR1
ESTRAMUSTINE,drug_sample,PUTATIVE_TARGET,ESR2,ESR2,rawtok_ESR2
ESTRAMUSTINE,drug_sample,PUTATIVE_TARGET,MAP1A,MAP1A,rawtok_MAP1A
ESTRAMUSTINE,drug_sample,PUTATIVE_TARGET,MAP2,MAP2,rawtok_MAP2
INDOXIMOD,drug_sample,PUTATIVE_TARGET,IDO1,IDO1,rawtok_IDO1
AVL-292,drug_sample,PUTATIVE_TARGET,BTK,BTK,rawtok_BTK
AVL-292,drug_sample,PUTATIVE_TARGET,YES1,YES1,rawtok_YES1
BRIGATINIB,drug_sample,PUTATIVE_TARGET,ALK,ALK,rawtok_ALK
BRIGATINIB,drug_sample,PUTATIVE_TARGET,EGFR,EGFR,rawtok_EGFR
FK-866,drug_sample,PUTATIVE_TARGET,NAMPT,NAMPT,rawtok_NAMPT
AS-703026,drug_sample,PUTATIVE_TARGET,MAP2K1,MAP2K1,rawtok_MAP2K1
AS-703026,drug_sample,PUTATIVE_TARGET,MAP2K2,MAP2K2,rawtok_MAP2K2
ACALABRUTINIB,drug_sample,PUTATIVE_TARGET,BTK,BTK,rawtok_BTK
LOXO-101,drug_sample,PUTATIVE_TARGET,NTRK1,NTRK1,rawtok_NTRK1
LOXO-101,drug_sample,PUTATIVE_TARGET,NTRK2,NTRK2,rawtok_NTRK2
LOXO-101,drug_sample,PUTATIVE_TARGET,NTRK3,NTRK3,rawtok_NTRK3
AMG-337,drug_sample,PUTATIVE_TARGET,MET,MET,rawtok_MET
GOLVATINIB,drug_sample,PUTATIVE_TARGET,KDR,KDR,rawtok_KDR
GOLVATINIB,drug_sample,PUTATIVE_TARGET,MET,MET,rawtok_MET
NAPABUCASIN,drug_sample,PUTATIVE_TARGET,STAT3,STAT3,rawtok_STAT3
VX-745,drug_sample,PUTATIVE_TARGET,MAPK11,MAPK11,rawtok_MAPK11
VX-745,drug_sample,PUTATIVE_TARGET,MAPK12,MAPK12,rawtok_MAPK12
VX-745,drug_sample,PUTATIVE_TARGET,MAPK14,MAPK14,rawtok_MAPK14
DOVITINIB,drug_sample,PUTATIVE_TARGET,CSF1R,CSF1R,rawtok_CSF1R
DOVITINIB,drug_sample,PUTATIVE_TARGET,EGFR,EGFR,rawtok_EGFR
DOVITINIB,drug_sample,PUTATIVE_TARGET,FGFR1,FGFR1,rawtok_FGFR1
DOVITINIB,drug_sample,PUTATIVE_TARGET,FGFR2,FGFR2,rawtok_FGFR2
DOVITINIB,drug_sample,PUTATIVE_TARGET,FGFR3,FGFR3,rawtok_FGFR3
DOVITINIB,drug_sample,PUTATIVE_TARGET,FLT1,FLT1,rawtok_FLT1
DOVITINIB,drug_sample,PUTATIVE_TARGET,FLT3,FLT3,rawtok_FLT3
DOVITINIB,drug_sample,PUTATIVE_TARGET,FLT4,FLT4,rawtok_FLT4
DOVITINIB,drug_sample,PUTATIVE_TARGET,INSR,INSR,rawtok_INSR
DOVITINIB,drug_sample,PUTATIVE_TARGET,KDR,KDR,rawtok_KDR
DOVITINIB,drug_sample,PUTATIVE_TARGET,KIT,KIT,rawtok_KIT
DOVITINIB,drug_sample,PUTATIVE_TARGET,PDGFRA,PDGFRA,rawtok_PDGFRA
DOVITINIB,drug_sample,PUTATIVE_TARGET,PDGFRB,PDGFRB,rawtok_PDGFRB
ISPINESIB,drug_sample,PUTATIVE_TARGET,KIF11,KIF11,rawtok_KIF11
CANERTINIB,drug_sample,PUTATIVE_TARGET,AKT1,AKT1,rawtok_AKT1
CANERTINIB,drug_sample,PUTATIVE_TARGET,EGFR,EGFR,rawtok_EGFR
CANERTINIB,drug_sample,PUTATIVE_TARGET,ERBB2,ERBB2,rawtok_ERBB2
CANERTINIB,drug_sample,PUTATIVE_TARGET,ERBB4,ERBB4,rawtok_ERBB4
CINACALCET,drug_sample,PUTATIVE_TARGET,CASR,CASR,rawtok_CASR
3-AMINO-BENZAMIDE,drug_sample,PUTATIVE_TARGET,PARP1,PARP1,rawtok_PARP1
GDC-0980,drug_sample,PUTATIVE_TARGET,FGR,FGR,rawtok_FGR
GDC-0980,drug_sample,PUTATIVE_TARGET,MAP3K9,MAP3K9,rawtok_MAP3K9
GDC-0980,drug_sample,PUTATIVE_TARGET,MTOR,MTOR,rawtok_MTOR
GDC-0980,drug_sample,PUTATIVE_TARGET,PIK3CA,PIK3CA,rawtok_PIK3CA
GDC-0980,drug_sample,PUTATIVE_TARGET,PIK3CB,PIK3CB,rawtok_PIK3CB
GDC-0980,drug_sample,PUTATIVE_TARGET,PIK3CD,PIK3CD,rawtok_PIK3CD
GDC-0980,drug_sample,PUTATIVE_TARGET,PIK3CG,PIK3CG,rawtok_PIK3CG
GDC-0980,drug_sample,PUTATIVE_TARGET,SYK,SYK,rawtok_SYK
AT13387,drug_sample,PUTATIVE_TARGET,HSP90AA1,HSP90AA1,rawtok_HSP90AA1
NERATINIB,drug_sample,PUTATIVE_TARGET,EGFR,EGFR,rawtok_EGFR
NERATINIB,drug_sample,PUTATIVE_TARGET,ERBB2,ERBB2,rawtok_ERBB2
NERATINIB,drug_sample,PUTATIVE_TARGET,KDR,KDR,rawtok_KDR
IVOSIDENIB,drug_sample,PUTATIVE_TARGET,IDH1,IDH1,rawtok_IDH1
CARFILZOMIB,drug_sample,PUTATIVE_TARGET,PSMA1,PSMA1,rawtok_PSMA1
CARFILZOMIB,drug_sample,PUTATIVE_TARGET,PSMA2,PSMA2,rawtok_PSMA2
CARFILZOMIB,drug_sample,PUTATIVE_TARGET,PSMA3,PSMA3,rawtok_PSMA3
CARFILZOMIB,drug_sample,PUTATIVE_TARGET,PSMA4,PSMA4,rawtok_PSMA4
CARFILZOMIB,drug_sample,PUTATIVE_TARGET,PSMA5,PSMA5,rawtok_PSMA5
CARFILZOMIB,drug_sample,PUTATIVE_TARGET,PSMA6,PSMA6,rawtok_PSMA6
CARFILZOMIB,drug_sample,PUTATIVE_TARGET,PSMA7,PSMA7,rawtok_PSMA7
CARFILZOMIB,drug_sample,PUTATIVE_TARGET,PSMA8,PSMA8,rawtok_PSMA8
CARFILZOMIB,drug_sample,PUTATIVE_TARGET,PSMB1,PSMB1,rawtok_PSMB1
CARFILZOMIB,drug_sample,PUTATIVE_TARGET,PSMB10,PSMB10,rawtok_PSMB10
CARFILZOMIB,drug_sample,PUTATIVE_TARGET,PSMB11,PSMB11,rawtok_PSMB11
CARFILZOMIB,drug_sample,PUTATIVE_TARGET,PSMB2,PSMB2,rawtok_PSMB2
CARFILZOMIB,drug_sample,PUTATIVE_TARGET,PSMB3,PSMB3,rawtok_PSMB3
CARFILZOMIB,drug_sample,PUTATIVE_TARGET,PSMB4,PSMB4,rawtok_PSMB4
CARFILZOMIB,drug_sample,PUTATIVE_TARGET,PSMB5,PSMB5,rawtok_PSMB5
CARFILZOMIB,drug_sample,PUTATIVE_TARGET,PSMB6,PSMB6,rawtok_PSMB6
CARFILZOMIB,drug_sample,PUTATIVE_TARGET,PSMB7,PSMB7,rawtok_PSMB7
CARFILZOMIB,drug_sample,PUTATIVE_TARGET,PSMB8,PSMB8,rawtok_PSMB8
CARFILZOMIB,drug_sample,PUTATIVE_TARGET,PSMB9,PSMB9,rawtok_PSMB9
ABEMACICLIB,drug_sample,PUTATIVE_TARGET,CDK4,CDK4,rawtok_CDK4
ABEMACICLIB,drug_sample,PUTATIVE_TARGET,CDK6,CDK6,rawtok_CDK6
2-METHOXYESTRADIOL,drug_sample,PUTATIVE_TARGET,COMT,COMT,rawtok_COMT
2-METHOXYESTRADIOL,drug_sample,PUTATIVE_TARGET,CYP19A1,CYP19A1,rawtok_CYP19A1
2-METHOXYESTRADIOL,drug_sample,PUTATIVE_TARGET,CYP1A1,CYP1A1,rawtok_CYP1A1
2-METHOXYESTRADIOL,drug_sample,PUTATIVE_TARGET,CYP1B1,CYP1B1,rawtok_CYP1B1
2-METHOXYESTRADIOL,drug_sample,PUTATIVE_TARGET,HIF1A,HIF1A,rawtok_HIF1A
2-METHOXYESTRADIOL,drug_sample,PUTATIVE_TARGET,TUBB,TUBB,rawtok_TUBB
ICARIIN,drug_sample,PUTATIVE_TARGET,PDE5A,PDE5A,rawtok_PDE5A
BARASERTIB,drug_sample,PUTATIVE_TARGET,AURKA,AURKA,rawtok_AURKA
BARASERTIB,drug_sample,PUTATIVE_TARGET,AURKB,AURKB,rawtok_AURKB
ATIPRIMOD,drug_sample,PUTATIVE_TARGET,JAK2,JAK2,rawtok_JAK2
ATIPRIMOD,drug_sample,PUTATIVE_TARGET,STAT3,STAT3,rawtok_STAT3
ALVOCIDIB,drug_sample,PUTATIVE_TARGET,CDK1,CDK1,rawtok_CDK1
ALVOCIDIB,drug_sample,PUTATIVE_TARGET,CDK2,CDK2,rawtok_CDK2
ALVOCIDIB,drug_sample,PUTATIVE_TARGET,CDK4,CDK4,rawtok_CDK4
ALVOCIDIB,drug_sample,PUTATIVE_TARGET,CDK5,CDK5,rawtok_CDK5
ALVOCIDIB,drug_sample,PUTATIVE_TARGET,CDK6,CDK6,rawtok_CDK6
ALVOCIDIB,drug_sample,PUTATIVE_TARGET,CDK7,CDK7,rawtok_CDK7
ALVOCIDIB,drug_sample,PUTATIVE_TARGET,CDK8,CDK8,rawtok_CDK8
ALVOCIDIB,drug_sample,PUTATIVE_TARGET,CDK9,CDK9,rawtok_CDK9
ALVOCIDIB,drug_sample,PUTATIVE_TARGET,EGFR,EGFR,rawtok_EGFR
ALVOCIDIB,drug_sample,PUTATIVE_TARGET,PYGM,PYGM,rawtok_PYGM
CP-724714,drug_sample,PUTATIVE_TARGET,ERBB2,ERBB2,rawtok_ERBB2
SCH-900776,drug_sample,PUTATIVE_TARGET,CDK2,CDK2,rawtok_CDK2
SCH-900776,drug_sample,PUTATIVE_TARGET,CHEK1,CHEK1,rawtok_CHEK1
TACEDINALINE,drug_sample,PUTATIVE_TARGET,HDAC1,HDAC1,rawtok_HDAC1
IDASANUTLIN,drug_sample,PUTATIVE_TARGET,MDM2,MDM2,rawtok_MDM2
IDASANUTLIN,drug_sample,PUTATIVE_TARGET,TP53,TP53,rawtok_TP53
BMS-690514,drug_sample,PUTATIVE_TARGET,EGFR,EGFR,rawtok_EGFR
BMS-690514,drug_sample,PUTATIVE_TARGET,ERBB2,ERBB2,rawtok_ERBB2
BMS-690514,drug_sample,PUTATIVE_TARGET,FLT3,FLT3,rawtok_FLT3
BMS-690514,drug_sample,PUTATIVE_TARGET,KDR,KDR,rawtok_KDR
MEISOINDIGO,drug_sample,PUTATIVE_TARGET,STAT3,STAT3,rawtok_STAT3
NVP-BEZ235,drug_sample,PUTATIVE_TARGET,ATR,ATR,rawtok_ATR
NVP-BEZ235,drug_sample,PUTATIVE_TARGET,MTOR,MTOR,rawtok_MTOR
NVP-BEZ235,drug_sample,PUTATIVE_TARGET,PIK3CA,PIK3CA,rawtok_PIK3CA
NVP-BEZ235,drug_sample,PUTATIVE_TARGET,PIK3CD,PIK3CD,rawtok_PIK3CD
NVP-BEZ235,drug_sample,PUTATIVE_TARGET,PIK3CG,PIK3CG,rawtok_PIK3CG
PHA-848125,drug_sample,PUTATIVE_TARGET,CDK2,CDK2,rawtok_CDK2
PHA-848125,drug_sample,PUTATIVE_TARGET,CDK4,CDK4,rawtok_CDK4
PHA-848125,drug_sample,PUTATIVE_TARGET,CDK7,CDK7,rawtok_CDK7
PHA-848125,drug_sample,PUTATIVE_TARGET,NTRK1,NTRK1,rawtok_NTRK1
COPANLISIB,drug_sample,PUTATIVE_TARGET,PIK3CA,PIK3CA,rawtok_PIK3CA
COPANLISIB,drug_sample,PUTATIVE_TARGET,PIK3CB,PIK3CB,rawtok_PIK3CB
COPANLISIB,drug_sample,PUTATIVE_TARGET,PIK3CD,PIK3CD,rawtok_PIK3CD
COPANLISIB,drug_sample,PUTATIVE_TARGET,PIK3CG,PIK3CG,rawtok_PIK3CG
ITACITINIB,drug_sample,PUTATIVE_TARGET,JAK1,JAK1,rawtok_JAK1
RESMINOSTAT,drug_sample,PUTATIVE_TARGET,HDAC1,HDAC1,rawtok_HDAC1
RESMINOSTAT,drug_sample,PUTATIVE_TARGET,HDAC3,HDAC3,rawtok_HDAC3
RESMINOSTAT,drug_sample,PUTATIVE_TARGET,HDAC6,HDAC6,rawtok_HDAC6
RESMINOSTAT,drug_sample,PUTATIVE_TARGET,HDAC8,HDAC8,rawtok_HDAC8
XL-647,drug_sample,PUTATIVE_TARGET,EGFR,EGFR,rawtok_EGFR
XL-647,drug_sample,PUTATIVE_TARGET,EPHB4,EPHB4,rawtok_EPHB4
XL-647,drug_sample,PUTATIVE_TARGET,ERBB2,ERBB2,rawtok_ERBB2
XL-647,drug_sample,PUTATIVE_TARGET,FLT4,FLT4,rawtok_FLT4
XL-647,drug_sample,PUTATIVE_TARGET,KDR,KDR,rawtok_KDR
INDIRUBIN,drug_sample,PUTATIVE_TARGET,CDK1,CDK1,rawtok_CDK1
INDIRUBIN,drug_sample,PUTATIVE_TARGET,CDK5,CDK5,rawtok_CDK5
INDIRUBIN,drug_sample,PUTATIVE_TARGET,GSK3A,GSK3A,rawtok_GSK3A
LY2603618,drug_sample,PUTATIVE_TARGET,CHEK1,CHEK1,rawtok_CHEK1
INCB-024360,drug_sample,PUTATIVE_TARGET,IDO1,IDO1,rawtok_IDO1
HEXAMETHYLENEBISACETAMIDE,drug_sample,PUTATIVE_TARGET,AKT1,AKT1,rawtok_AKT1
PRALATREXATE,drug_sample,PUTATIVE_TARGET,DHFR,DHFR,rawtok_DHFR
PRALATREXATE,drug_sample,PUTATIVE_TARGET,TYMS,TYMS,rawtok_TYMS
GANETESPIB,drug_sample,PUTATIVE_TARGET,HSP90AA1,HSP90AA1,rawtok_HSP90AA1
GLASDEGIB,drug_sample,PUTATIVE_TARGET,SMO,SMO,rawtok_SMO
ELAFIBRANOR,drug_sample,PUTATIVE_TARGET,PPARA,PPARA,rawtok_PPARA
ELAFIBRANOR,drug_sample,PUTATIVE_TARGET,PPARD,PPARD,rawtok_PPARD
ANAGRELIDE,drug_sample,PUTATIVE_TARGET,PDE3A,PDE3A,rawtok_PDE3A
SONIDEGIB,drug_sample,PUTATIVE_TARGET,SMO,SMO,rawtok_SMO
FRUQUINTINIB,drug_sample,PUTATIVE_TARGET,KDR,KDR,rawtok_KDR
BATIMASTAT,drug_sample,PUTATIVE_TARGET,ADAM28,ADAM28,rawtok_ADAM28
BATIMASTAT,drug_sample,PUTATIVE_TARGET,ADAMTS5,ADAMTS5,rawtok_ADAMTS5
BATIMASTAT,drug_sample,PUTATIVE_TARGET,MMP12,MMP12,rawtok_MMP12
BATIMASTAT,drug_sample,PUTATIVE_TARGET,MMP16,MMP16,rawtok_MMP16
BATIMASTAT,drug_sample,PUTATIVE_TARGET,MMP2,MMP2,rawtok_MMP2
BATIMASTAT,drug_sample,PUTATIVE_TARGET,MMP8,MMP8,rawtok_MMP8
DECITABINE,drug_sample,PUTATIVE_TARGET,DNMT1,DNMT1,rawtok_DNMT1
DECITABINE,drug_sample,PUTATIVE_TARGET,DNMT3A,DNMT3A,rawtok_DNMT3A
ARRY-334543,drug_sample,PUTATIVE_TARGET,ERBB2,ERBB2,rawtok_ERBB2
ODANACATIB,drug_sample,PUTATIVE_TARGET,CTSK,CTSK,rawtok_CTSK
SEMAXANIB,drug_sample,PUTATIVE_TARGET,FGFR1,FGFR1,rawtok_FGFR1
SEMAXANIB,drug_sample,PUTATIVE_TARGET,FLT1,FLT1,rawtok_FLT1
SEMAXANIB,drug_sample,PUTATIVE_TARGET,KDR,KDR,rawtok_KDR
SEMAXANIB,drug_sample,PUTATIVE_TARGET,KIT,KIT,rawtok_KIT
SEMAXANIB,drug_sample,PUTATIVE_TARGET,PDGFRA,PDGFRA,rawtok_PDGFRA
SEMAXANIB,drug_sample,PUTATIVE_TARGET,PDGFRB,PDGFRB,rawtok_PDGFRB
SEMAXANIB,drug_sample,PUTATIVE_TARGET,RET,RET,rawtok_RET
VANDETANIB,drug_sample,PUTATIVE_TARGET,EGFR,EGFR,rawtok_EGFR
VANDETANIB,drug_sample,PUTATIVE_TARGET,EPHA1,EPHA1,rawtok_EPHA1
VANDETANIB,drug_sample,PUTATIVE_TARGET,EPHA10,EPHA10,rawtok_EPHA10
VANDETANIB,drug_sample,PUTATIVE_TARGET,EPHA2,EPHA2,rawtok_EPHA2
VANDETANIB,drug_sample,PUTATIVE_TARGET,EPHA3,EPHA3,rawtok_EPHA3
VANDETANIB,drug_sample,PUTATIVE_TARGET,EPHA4,EPHA4,rawtok_EPHA4
VANDETANIB,drug_sample,PUTATIVE_TARGET,EPHA5,EPHA5,rawtok_EPHA5
VANDETANIB,drug_sample,PUTATIVE_TARGET,EPHA6,EPHA6,rawtok_EPHA6
VANDETANIB,drug_sample,PUTATIVE_TARGET,EPHA7,EPHA7,rawtok_EPHA7
VANDETANIB,drug_sample,PUTATIVE_TARGET,EPHA8,EPHA8,rawtok_EPHA8
VANDETANIB,drug_sample,PUTATIVE_TARGET,EPHB1,EPHB1,rawtok_EPHB1
VANDETANIB,drug_sample,PUTATIVE_TARGET,EPHB2,EPHB2,rawtok_EPHB2
VANDETANIB,drug_sample,PUTATIVE_TARGET,EPHB3,EPHB3,rawtok_EPHB3
VANDETANIB,drug_sample,PUTATIVE_TARGET,EPHB4,EPHB4,rawtok_EPHB4
VANDETANIB,drug_sample,PUTATIVE_TARGET,EPHB6,EPHB6,rawtok_EPHB6
VANDETANIB,drug_sample,PUTATIVE_TARGET,ERBB2,ERBB2,rawtok_ERBB2
VANDETANIB,drug_sample,PUTATIVE_TARGET,ERBB3,ERBB3,rawtok_ERBB3
VANDETANIB,drug_sample,PUTATIVE_TARGET,ERBB4,ERBB4,rawtok_ERBB4
VANDETANIB,drug_sample,PUTATIVE_TARGET,FLT1,FLT1,rawtok_FLT1
VANDETANIB,drug_sample,PUTATIVE_TARGET,FLT4,FLT4,rawtok_FLT4
VANDETANIB,drug_sample,PUTATIVE_TARGET,KDR,KDR,rawtok_KDR
VANDETANIB,drug_sample,PUTATIVE_TARGET,PTK6,PTK6,rawtok_PTK6
VANDETANIB,drug_sample,PUTATIVE_TARGET,RET,RET,rawtok_RET
VANDETANIB,drug_sample,PUTATIVE_TARGET,SRC,SRC,rawtok_SRC
VANDETANIB,drug_sample,PUTATIVE_TARGET,TEK,TEK,rawtok_TEK
VANDETANIB,drug_sample,PUTATIVE_TARGET,VEGFA,VEGFA,rawtok_VEGFA
TOCERANIB,drug_sample,PUTATIVE_TARGET,FLT1,FLT1,rawtok_FLT1
TOCERANIB,drug_sample,PUTATIVE_TARGET,FLT3,FLT3,rawtok_FLT3
TOCERANIB,drug_sample,PUTATIVE_TARGET,KDR,KDR,rawtok_KDR
TOCERANIB,drug_sample,PUTATIVE_TARGET,PDGFRA,PDGFRA,rawtok_PDGFRA
TOCERANIB,drug_sample,PUTATIVE_TARGET,PDGFRB,PDGFRB,rawtok_PDGFRB
LY2801653,drug_sample,PUTATIVE_TARGET,MET,MET,rawtok_MET
THIOTEPA,drug_sample,PUTATIVE_TARGET,CYP2B6,CYP2B6,rawtok_CYP2B6
THIOTEPA,drug_sample,PUTATIVE_TARGET,CYP3A4,CYP3A4,rawtok_CYP3A4
PLERIXAFOR,drug_sample,PUTATIVE_TARGET,ACKR3,ACKR3,rawtok_ACKR3
PLERIXAFOR,drug_sample,PUTATIVE_TARGET,CCR4,CCR4,rawtok_CCR4
PLERIXAFOR,drug_sample,PUTATIVE_TARGET,CXCR4,CXCR4,rawtok_CXCR4
MATRINE,drug_sample,PUTATIVE_TARGET,OPRK1,OPRK1,rawtok_OPRK1
ONC201,drug_sample,PUTATIVE_TARGET,TNFSF10,TNFSF10,rawtok_TNFSF10
OBATOCLAX,drug_sample,PUTATIVE_TARGET,BCL2,BCL2,rawtok_BCL2
ANANDAMIDE,drug_sample,PUTATIVE_TARGET,CACNA1G,CACNA1G,rawtok_CACNA1G
ANANDAMIDE,drug_sample,PUTATIVE_TARGET,CACNA1H,CACNA1H,rawtok_CACNA1H
ANANDAMIDE,drug_sample,PUTATIVE_TARGET,CACNA1I,CACNA1I,rawtok_CACNA1I
ANANDAMIDE,drug_sample,PUTATIVE_TARGET,CNR1,CNR1,rawtok_CNR1
ANANDAMIDE,drug_sample,PUTATIVE_TARGET,CNR2,CNR2,rawtok_CNR2
ANANDAMIDE,drug_sample,PUTATIVE_TARGET,GLRA1,GLRA1,rawtok_GLRA1
ANANDAMIDE,drug_sample,PUTATIVE_TARGET,GPR18,GPR18,rawtok_GPR18
ANANDAMIDE,drug_sample,PUTATIVE_TARGET,GPR55,GPR55,rawtok_GPR55
ANANDAMIDE,drug_sample,PUTATIVE_TARGET,KCNA2,KCNA2,rawtok_KCNA2
ANANDAMIDE,drug_sample,PUTATIVE_TARGET,KCNK3,KCNK3,rawtok_KCNK3
ANANDAMIDE,drug_sample,PUTATIVE_TARGET,KCNK9,KCNK9,rawtok_KCNK9
ANANDAMIDE,drug_sample,PUTATIVE_TARGET,TRPM8,TRPM8,rawtok_TRPM8
ANANDAMIDE,drug_sample,PUTATIVE_TARGET,TRPV1,TRPV1,rawtok_TRPV1
ICOTINIB,drug_sample,PUTATIVE_TARGET,EGFR,EGFR,rawtok_EGFR
VOLASERTIB,drug_sample,PUTATIVE_TARGET,PLK1,PLK1,rawtok_PLK1
THIOGUANINE,drug_sample,PUTATIVE_TARGET,IMPDH1,IMPDH1,rawtok_IMPDH1
THIOGUANINE,drug_sample,PUTATIVE_TARGET,IMPDH2,IMPDH2,rawtok_IMPDH2
INC-280,drug_sample,PUTATIVE_TARGET,MET,MET,rawtok_MET
LENVATINIB,drug_sample,PUTATIVE_TARGET,FLT4,FLT4,rawtok_FLT4
LENVATINIB,drug_sample,PUTATIVE_TARGET,KDR,KDR,rawtok_KDR
GAMBOGIC-ACID,drug_sample,PUTATIVE_TARGET,BCL2,BCL2,rawtok_BCL2
DACOMITINIB,drug_sample,PUTATIVE_TARGET,EGFR,EGFR,rawtok_EGFR
DACOMITINIB,drug_sample,PUTATIVE_TARGET,ERBB2,ERBB2,rawtok_ERBB2
DACOMITINIB,drug_sample,PUTATIVE_TARGET,ERBB4,ERBB4,rawtok_ERBB4
AVN-944,drug_sample,PUTATIVE_TARGET,IMPDH1,IMPDH1,rawtok_IMPDH1
AVN-944,drug_sample,PUTATIVE_TARGET,IMPDH2,IMPDH2,rawtok_IMPDH2
TUCATINIB,drug_sample,PUTATIVE_TARGET,ERBB2,ERBB2,rawtok_ERBB2
INIPARIB,drug_sample,PUTATIVE_TARGET,PARP1,PARP1,rawtok_PARP1
CARMOFUR,drug_sample,PUTATIVE_TARGET,TYMS,TYMS,rawtok_TYMS
ATRASENTAN,drug_sample,PUTATIVE_TARGET,EDNRA,EDNRA,rawtok_EDNRA
BREQUINAR,drug_sample,PUTATIVE_TARGET,DHODH,DHODH,rawtok_DHODH
LY2157299,drug_sample,PUTATIVE_TARGET,TGFBR1,TGFBR1,rawtok_TGFBR1
AKBA,drug_sample,PUTATIVE_TARGET,ALOX5,ALOX5,rawtok_ALOX5
O6-BENZYLGUANINE,drug_sample,PUTATIVE_TARGET,MGMT,MGMT,rawtok_MGMT
CAPECITABINE,drug_sample,PUTATIVE_TARGET,TYMS,TYMS,rawtok_TYMS
FOSBRETABULIN,drug_sample,PUTATIVE_TARGET,CDH5,CDH5,rawtok_CDH5
ROCILETINIB,drug_sample,PUTATIVE_TARGET,EGFR,EGFR,rawtok_EGFR
AMYGDALIN,drug_sample,PUTATIVE_TARGET,CASP3,CASP3,rawtok_CASP3
POZIOTINIB,drug_sample,PUTATIVE_TARGET,EGFR,EGFR,rawtok_EGFR
POZIOTINIB,drug_sample,PUTATIVE_TARGET,ERBB2,ERBB2,rawtok_ERBB2
POZIOTINIB,drug_sample,PUTATIVE_TARGET,ERBB4,ERBB4,rawtok_ERBB4
ENASIDENIB,drug_sample,PUTATIVE_TARGET,IDH1,IDH1,rawtok_IDH1
EGF816,drug_sample,PUTATIVE_TARGET,EGFR,EGFR,rawtok_EGFR
FLOXURIDINE,drug_sample,PUTATIVE_TARGET,TYMS,TYMS,rawtok_TYMS
HOMOHARRINGTONINE,drug_sample,PUTATIVE_TARGET,RPL3,RPL3,rawtok_RPL3
INDISULAM,drug_sample,PUTATIVE_TARGET,CA1,CA1,rawtok_CA1
INDISULAM,drug_sample,PUTATIVE_TARGET,CA12,CA12,rawtok_CA12
INDISULAM,drug_sample,PUTATIVE_TARGET,CA14,CA14,rawtok_CA14
INDISULAM,drug_sample,PUTATIVE_TARGET,CA2,CA2,rawtok_CA2
INDISULAM,drug_sample,PUTATIVE_TARGET,CA6,CA6,rawtok_CA6
INDISULAM,drug_sample,PUTATIVE_TARGET,CA7,CA7,rawtok_CA7
INDISULAM,drug_sample,PUTATIVE_TARGET,CA9,CA9,rawtok_CA9
EPINASTINE,drug_sample,PUTATIVE_TARGET,ADRA1A,ADRA1A,rawtok_ADRA1A
EPINASTINE,drug_sample,PUTATIVE_TARGET,ADRA2A,ADRA2A,rawtok_ADRA2A
EPINASTINE,drug_sample,PUTATIVE_TARGET,HRH1,HRH1,rawtok_HRH1
EPINASTINE,drug_sample,PUTATIVE_TARGET,HRH2,HRH2,rawtok_HRH2
EPINASTINE,drug_sample,PUTATIVE_TARGET,HTR2A,HTR2A,rawtok_HTR2A
EPINASTINE,drug_sample,PUTATIVE_TARGET,HTR7,HTR7,rawtok_HTR7
VALRUBICIN,drug_sample,PUTATIVE_TARGET,TOP2A,TOP2A,rawtok_TOP2A
ADAPALENE,drug_sample,PUTATIVE_TARGET,RARA,RARA,rawtok_RARA
ADAPALENE,drug_sample,PUTATIVE_TARGET,RARB,RARB,rawtok_RARB
ADAPALENE,drug_sample,PUTATIVE_TARGET,RARG,RARG,rawtok_RARG
ADAPALENE,drug_sample,PUTATIVE_TARGET,RXRA,RXRA,rawtok_RXRA
ADAPALENE,drug_sample,PUTATIVE_TARGET,RXRB,RXRB,rawtok_RXRB
ADAPALENE,drug_sample,PUTATIVE_TARGET,RXRG,RXRG,rawtok_RXRG
METHYLPHENIDATE,drug_sample,PUTATIVE_TARGET,SLC6A2,SLC6A2,rawtok_SLC6A2
METHYLPHENIDATE,drug_sample,PUTATIVE_TARGET,SLC6A3,SLC6A3,rawtok_SLC6A3
METHYLPHENIDATE,drug_sample,PUTATIVE_TARGET,SLC6A4,SLC6A4,rawtok_SLC6A4
ESTRAMUSTINE-PHOSPHATE,drug_sample,PUTATIVE_TARGET,ESR1,ESR1,rawtok_ESR1
ESTRAMUSTINE-PHOSPHATE,drug_sample,PUTATIVE_TARGET,ESR2,ESR2,rawtok_ESR2
ESTRAMUSTINE-PHOSPHATE,drug_sample,PUTATIVE_TARGET,MAP1A,MAP1A,rawtok_MAP1A
ESTRAMUSTINE-PHOSPHATE,drug_sample,PUTATIVE_TARGET,MAP2,MAP2,rawtok_MAP2
METOXIBUTROPATE,drug_sample,PUTATIVE_TARGET,PTGS1,PTGS1,rawtok_PTGS1
METOXIBUTROPATE,drug_sample,PUTATIVE_TARGET,PTGS2,PTGS2,rawtok_PTGS2
OCTOPAMINE,drug_sample,PUTATIVE_TARGET,F10,F10,rawtok_F10
OCTOPAMINE,drug_sample,PUTATIVE_TARGET,TAAR1,TAAR1,rawtok_TAAR1
PF-3845,drug_sample,PUTATIVE_TARGET,FAAH,FAAH,rawtok_FAAH
UNC2250,drug_sample,PUTATIVE_TARGET,MERTK,MERTK,rawtok_MERTK
FLUFENAMIC-ACID,drug_sample,PUTATIVE_TARGET,AKR1C3,AKR1C3,rawtok_AKR1C3
FLUFENAMIC-ACID,drug_sample,PUTATIVE_TARGET,ANO1,ANO1,rawtok_ANO1
FLUFENAMIC-ACID,drug_sample,PUTATIVE_TARGET,AR,AR,rawtok_AR
FLUFENAMIC-ACID,drug_sample,PUTATIVE_TARGET,GJA1,GJA1,rawtok_GJA1
FLUFENAMIC-ACID,drug_sample,PUTATIVE_TARGET,GJA10,GJA10,rawtok_GJA10
FLUFENAMIC-ACID,drug_sample,PUTATIVE_TARGET,GJA3,GJA3,rawtok_GJA3
FLUFENAMIC-ACID,drug_sample,PUTATIVE_TARGET,GJA4,GJA4,rawtok_GJA4
FLUFENAMIC-ACID,drug_sample,PUTATIVE_TARGET,GJA5,GJA5,rawtok_GJA5
FLUFENAMIC-ACID,drug_sample,PUTATIVE_TARGET,GJA8,GJA8,rawtok_GJA8
FLUFENAMIC-ACID,drug_sample,PUTATIVE_TARGET,GJA9,GJA9,rawtok_GJA9
FLUFENAMIC-ACID,drug_sample,PUTATIVE_TARGET,GJB1,GJB1,rawtok_GJB1
FLUFENAMIC-ACID,drug_sample,PUTATIVE_TARGET,GJB2,GJB2,rawtok_GJB2
FLUFENAMIC-ACID,drug_sample,PUTATIVE_TARGET,GJB3,GJB3,rawtok_GJB3
FLUFENAMIC-ACID,drug_sample,PUTATIVE_TARGET,GJB4,GJB4,rawtok_GJB4
FLUFENAMIC-ACID,drug_sample,PUTATIVE_TARGET,GJB5,GJB5,rawtok_GJB5
FLUFENAMIC-ACID,drug_sample,PUTATIVE_TARGET,GJB6,GJB6,rawtok_GJB6
FLUFENAMIC-ACID,drug_sample,PUTATIVE_TARGET,GJB7,GJB7,rawtok_GJB7
FLUFENAMIC-ACID,drug_sample,PUTATIVE_TARGET,GJC1,GJC1,rawtok_GJC1
FLUFENAMIC-ACID,drug_sample,PUTATIVE_TARGET,GJC2,GJC2,rawtok_GJC2
FLUFENAMIC-ACID,drug_sample,PUTATIVE_TARGET,GJC3,GJC3,rawtok_GJC3
FLUFENAMIC-ACID,drug_sample,PUTATIVE_TARGET,GJD2,GJD2,rawtok_GJD2
FLUFENAMIC-ACID,drug_sample,PUTATIVE_TARGET,GJD3,GJD3,rawtok_GJD3
FLUFENAMIC-ACID,drug_sample,PUTATIVE_TARGET,GJD4,GJD4,rawtok_GJD4
FLUFENAMIC-ACID,drug_sample,PUTATIVE_TARGET,GJE1,GJE1,rawtok_GJE1
FLUFENAMIC-ACID,drug_sample,PUTATIVE_TARGET,PANX1,PANX1,rawtok_PANX1
FLUFENAMIC-ACID,drug_sample,PUTATIVE_TARGET,PANX2,PANX2,rawtok_PANX2
FLUFENAMIC-ACID,drug_sample,PUTATIVE_TARGET,PANX3,PANX3,rawtok_PANX3
FLUFENAMIC-ACID,drug_sample,PUTATIVE_TARGET,PKD2L1,PKD2L1,rawtok_PKD2L1
FLUFENAMIC-ACID,drug_sample,PUTATIVE_TARGET,PTGS1,PTGS1,rawtok_PTGS1
FLUFENAMIC-ACID,drug_sample,PUTATIVE_TARGET,PTGS2,PTGS2,rawtok_PTGS2
FLUFENAMIC-ACID,drug_sample,PUTATIVE_TARGET,TRPC5,TRPC5,rawtok_TRPC5
FLUFENAMIC-ACID,drug_sample,PUTATIVE_TARGET,TRPM2,TRPM2,rawtok_TRPM2
FLUFENAMIC-ACID,drug_sample,PUTATIVE_TARGET,TRPM5,TRPM5,rawtok_TRPM5
PUROMYCIN,drug_sample,PUTATIVE_TARGET,NHP2L1,NHP2L1,rawtok_NHP2L1
PUROMYCIN,drug_sample,PUTATIVE_TARGET,RPL10L,RPL10L,rawtok_RPL10L
PUROMYCIN,drug_sample,PUTATIVE_TARGET,RPL11,RPL11,rawtok_RPL11
PUROMYCIN,drug_sample,PUTATIVE_TARGET,RPL13A,RPL13A,rawtok_RPL13A
PUROMYCIN,drug_sample,PUTATIVE_TARGET,RPL15,RPL15,rawtok_RPL15
PUROMYCIN,drug_sample,PUTATIVE_TARGET,RPL19,RPL19,rawtok_RPL19
PUROMYCIN,drug_sample,PUTATIVE_TARGET,RPL23,RPL23,rawtok_RPL23
PUROMYCIN,drug_sample,PUTATIVE_TARGET,RPL23A,RPL23A,rawtok_RPL23A
PUROMYCIN,drug_sample,PUTATIVE_TARGET,RPL26L1,RPL26L1,rawtok_RPL26L1
PUROMYCIN,drug_sample,PUTATIVE_TARGET,RPL3,RPL3,rawtok_RPL3
PUROMYCIN,drug_sample,PUTATIVE_TARGET,RPL37,RPL37,rawtok_RPL37
PUROMYCIN,drug_sample,PUTATIVE_TARGET,RPL8,RPL8,rawtok_RPL8
PUROMYCIN,drug_sample,PUTATIVE_TARGET,RSL24D1,RSL24D1,rawtok_RSL24D1
AZD3463,drug_sample,PUTATIVE_TARGET,ALK,ALK,rawtok_ALK
AZD3463,drug_sample,PUTATIVE_TARGET,IGF1R,IGF1R,rawtok_IGF1R
GZD824,drug_sample,PUTATIVE_TARGET,ABL1,ABL1,rawtok_ABL1
GZD824,drug_sample,PUTATIVE_TARGET,BCR,BCR,rawtok_BCR
CYCLOHEXIMIDE,drug_sample,PUTATIVE_TARGET,RPL3,RPL3,rawtok_RPL3
BAY-K-8644-(S)-(-),drug_sample,PUTATIVE_TARGET,CACNA1C,CACNA1C,rawtok_CACNA1C
AG-14361,drug_sample,PUTATIVE_TARGET,PARP1,PARP1,rawtok_PARP1
RGFP966,drug_sample,PUTATIVE_TARGET,HDAC3,HDAC3,rawtok_HDAC3
A-803467,drug_sample,PUTATIVE_TARGET,SCN10A,SCN10A,rawtok_SCN10A
NITROCARAMIPHEN,drug_sample,PUTATIVE_TARGET,CHRM1,CHRM1,rawtok_CHRM1
ISOFLUPREDONE-ACETATE,drug_sample,PUTATIVE_TARGET,NR3C1,NR3C1,rawtok_NR3C1
DEMECARIUM,drug_sample,PUTATIVE_TARGET,ACHE,ACHE,rawtok_ACHE
DEMECARIUM,drug_sample,PUTATIVE_TARGET,BCHE,BCHE,rawtok_BCHE
ASTEMIZOLE,drug_sample,PUTATIVE_TARGET,HRH1,HRH1,rawtok_HRH1
ASTEMIZOLE,drug_sample,PUTATIVE_TARGET,KCNH1,KCNH1,rawtok_KCNH1
ASTEMIZOLE,drug_sample,PUTATIVE_TARGET,KCNH2,KCNH2,rawtok_KCNH2
IXABEPILONE,drug_sample,PUTATIVE_TARGET,TUBA1A,TUBA1A,rawtok_TUBA1A
IXABEPILONE,drug_sample,PUTATIVE_TARGET,TUBA1B,TUBA1B,rawtok_TUBA1B
IXABEPILONE,drug_sample,PUTATIVE_TARGET,TUBA1C,TUBA1C,rawtok_TUBA1C
IXABEPILONE,drug_sample,PUTATIVE_TARGET,TUBA3C,TUBA3C,rawtok_TUBA3C
IXABEPILONE,drug_sample,PUTATIVE_TARGET,TUBA3D,TUBA3D,rawtok_TUBA3D
IXABEPILONE,drug_sample,PUTATIVE_TARGET,TUBA3E,TUBA3E,rawtok_TUBA3E
IXABEPILONE,drug_sample,PUTATIVE_TARGET,TUBA4A,TUBA4A,rawtok_TUBA4A
IXABEPILONE,drug_sample,PUTATIVE_TARGET,TUBB,TUBB,rawtok_TUBB
IXABEPILONE,drug_sample,PUTATIVE_TARGET,TUBB1,TUBB1,rawtok_TUBB1
IXABEPILONE,drug_sample,PUTATIVE_TARGET,TUBB2A,TUBB2A,rawtok_TUBB2A
IXABEPILONE,drug_sample,PUTATIVE_TARGET,TUBB2B,TUBB2B,rawtok_TUBB2B
IXABEPILONE,drug_sample,PUTATIVE_TARGET,TUBB3,TUBB3,rawtok_TUBB3
IXABEPILONE,drug_sample,PUTATIVE_TARGET,TUBB4A,TUBB4A,rawtok_TUBB4A
IXABEPILONE,drug_sample,PUTATIVE_TARGET,TUBB4B,TUBB4B,rawtok_TUBB4B
IXABEPILONE,drug_sample,PUTATIVE_TARGET,TUBB6,TUBB6,rawtok_TUBB6
IXABEPILONE,drug_sample,PUTATIVE_TARGET,TUBB8,TUBB8,rawtok_TUBB8
AZATHIOPRINE,drug_sample,PUTATIVE_TARGET,HPRT1,HPRT1,rawtok_HPRT1
AZATHIOPRINE,drug_sample,PUTATIVE_TARGET,IMPDH1,IMPDH1,rawtok_IMPDH1
AZATHIOPRINE,drug_sample,PUTATIVE_TARGET,PPAT,PPAT,rawtok_PPAT
DISULFIRAM,drug_sample,PUTATIVE_TARGET,ALDH2,ALDH2,rawtok_ALDH2
DISULFIRAM,drug_sample,PUTATIVE_TARGET,DBH,DBH,rawtok_DBH
RIMEXOLONE,drug_sample,PUTATIVE_TARGET,NR3C1,NR3C1,rawtok_NR3C1
RIMEXOLONE,drug_sample,PUTATIVE_TARGET,SERPINA6,SERPINA6,rawtok_SERPINA6
PRIMAQUINE,drug_sample,PUTATIVE_TARGET,KRT7,KRT7,rawtok_KRT7
PRIMAQUINE,drug_sample,PUTATIVE_TARGET,NQO2,NQO2,rawtok_NQO2
PIROXICAM,drug_sample,PUTATIVE_TARGET,PTGS1,PTGS1,rawtok_PTGS1
PIROXICAM,drug_sample,PUTATIVE_TARGET,PTGS2,PTGS2,rawtok_PTGS2
QUINIDINE,drug_sample,PUTATIVE_TARGET,KCNA5,KCNA5,rawtok_KCNA5
QUINIDINE,drug_sample,PUTATIVE_TARGET,KCNA7,KCNA7,rawtok_KCNA7
QUINIDINE,drug_sample,PUTATIVE_TARGET,KCNH1,KCNH1,rawtok_KCNH1
QUINIDINE,drug_sample,PUTATIVE_TARGET,KCNH2,KCNH2,rawtok_KCNH2
QUINIDINE,drug_sample,PUTATIVE_TARGET,KCNH5,KCNH5,rawtok_KCNH5
QUINIDINE,drug_sample,PUTATIVE_TARGET,KCNK1,KCNK1,rawtok_KCNK1
QUINIDINE,drug_sample,PUTATIVE_TARGET,KCNK6,KCNK6,rawtok_KCNK6
QUINIDINE,drug_sample,PUTATIVE_TARGET,SCN5A,SCN5A,rawtok_SCN5A
QUINIDINE,drug_sample,PUTATIVE_TARGET,SLC29A4,SLC29A4,rawtok_SLC29A4
7-NITROINDAZOLE,drug_sample,PUTATIVE_TARGET,NOS1,NOS1,rawtok_NOS1
7-NITROINDAZOLE,drug_sample,PUTATIVE_TARGET,NOS2,NOS2,rawtok_NOS2
7-NITROINDAZOLE,drug_sample,PUTATIVE_TARGET,NOS3,NOS3,rawtok_NOS3
RITA,drug_sample,PUTATIVE_TARGET,MDM2,MDM2,rawtok_MDM2
UH-232-(+),drug_sample,PUTATIVE_TARGET,DRD2,DRD2,rawtok_DRD2
UH-232-(+),drug_sample,PUTATIVE_TARGET,DRD3,DRD3,rawtok_DRD3
UH-232-(+),drug_sample,PUTATIVE_TARGET,DRD4,DRD4,rawtok_DRD4
UH-232-(+),drug_sample,PUTATIVE_TARGET,HTR1A,HTR1A,rawtok_HTR1A
KI-8751,drug_sample,PUTATIVE_TARGET,KDR,KDR,rawtok_KDR
D-4476,drug_sample,PUTATIVE_TARGET,CSNK1A1,CSNK1A1,rawtok_CSNK1A1
D-4476,drug_sample,PUTATIVE_TARGET,CSNK1D,CSNK1D,rawtok_CSNK1D
D-4476,drug_sample,PUTATIVE_TARGET,TGFB1,TGFB1,rawtok_TGFB1
CAFFEIC-ACID,drug_sample,PUTATIVE_TARGET,ALOX5,ALOX5,rawtok_ALOX5
CAFFEIC-ACID,drug_sample,PUTATIVE_TARGET,MIF,MIF,rawtok_MIF
NUTLIN-3,drug_sample,PUTATIVE_TARGET,MDM2,MDM2,rawtok_MDM2
NUTLIN-3,drug_sample,PUTATIVE_TARGET,TP53,TP53,rawtok_TP53
TW-37,drug_sample,PUTATIVE_TARGET,BCL2,BCL2,rawtok_BCL2
TW-37,drug_sample,PUTATIVE_TARGET,BCL2L1,BCL2L1,rawtok_BCL2L1
TW-37,drug_sample,PUTATIVE_TARGET,MCL1,MCL1,rawtok_MCL1
EPZ-5676,drug_sample,PUTATIVE_TARGET,DOT1L,DOT1L,rawtok_DOT1L
PP242,drug_sample,PUTATIVE_TARGET,MTOR,MTOR,rawtok_MTOR
PP242,drug_sample,PUTATIVE_TARGET,PASK,PASK,rawtok_PASK
ESTRADIOL-BENZOATE,drug_sample,PUTATIVE_TARGET,ESR1,ESR1,rawtok_ESR1
OLEOYLETHANOLAMIDE,drug_sample,PUTATIVE_TARGET,CNR1,CNR1,rawtok_CNR1
OLEOYLETHANOLAMIDE,drug_sample,PUTATIVE_TARGET,GPR119,GPR119,rawtok_GPR119
OLEOYLETHANOLAMIDE,drug_sample,PUTATIVE_TARGET,GPR55,GPR55,rawtok_GPR55
OLEOYLETHANOLAMIDE,drug_sample,PUTATIVE_TARGET,PPARA,PPARA,rawtok_PPARA
PARBENDAZOLE,drug_sample,PUTATIVE_TARGET,TUBB,TUBB,rawtok_TUBB
D-64131,drug_sample,PUTATIVE_TARGET,TUBB,TUBB,rawtok_TUBB
SB-228357,drug_sample,PUTATIVE_TARGET,HTR2A,HTR2A,rawtok_HTR2A
SB-228357,drug_sample,PUTATIVE_TARGET,HTR2B,HTR2B,rawtok_HTR2B
SB-228357,drug_sample,PUTATIVE_TARGET,HTR2C,HTR2C,rawtok_HTR2C
MEPIVACAINE,drug_sample,PUTATIVE_TARGET,SCN10A,SCN10A,rawtok_SCN10A
ATORVASTATIN,drug_sample,PUTATIVE_TARGET,AHR,AHR,rawtok_AHR
ATORVASTATIN,drug_sample,PUTATIVE_TARGET,DPP4,DPP4,rawtok_DPP4
ATORVASTATIN,drug_sample,PUTATIVE_TARGET,HMGCR,HMGCR,rawtok_HMGCR
TACROLIMUS,drug_sample,PUTATIVE_TARGET,FKBP1A,FKBP1A,rawtok_FKBP1A
TACALCITOL,drug_sample,PUTATIVE_TARGET,VDR,VDR,rawtok_VDR
PROTIRELIN,drug_sample,PUTATIVE_TARGET,TRHR,TRHR,rawtok_TRHR
REGORAFENIB,drug_sample,PUTATIVE_TARGET,ABL1,ABL1,rawtok_ABL1
REGORAFENIB,drug_sample,PUTATIVE_TARGET,BRAF,BRAF,rawtok_BRAF
REGORAFENIB,drug_sample,PUTATIVE_TARGET,DDR2,DDR2,rawtok_DDR2
REGORAFENIB,drug_sample,PUTATIVE_TARGET,EPHA2,EPHA2,rawtok_EPHA2
REGORAFENIB,drug_sample,PUTATIVE_TARGET,FGFR1,FGFR1,rawtok_FGFR1
REGORAFENIB,drug_sample,PUTATIVE_TARGET,FGFR2,FGFR2,rawtok_FGFR2
REGORAFENIB,drug_sample,PUTATIVE_TARGET,FLT1,FLT1,rawtok_FLT1
REGORAFENIB,drug_sample,PUTATIVE_TARGET,FLT4,FLT4,rawtok_FLT4
REGORAFENIB,drug_sample,PUTATIVE_TARGET,FRK,FRK,rawtok_FRK
REGORAFENIB,drug_sample,PUTATIVE_TARGET,KDR,KDR,rawtok_KDR
REGORAFENIB,drug_sample,PUTATIVE_TARGET,KIT,KIT,rawtok_KIT
REGORAFENIB,drug_sample,PUTATIVE_TARGET,MAPK11,MAPK11,rawtok_MAPK11
REGORAFENIB,drug_sample,PUTATIVE_TARGET,NTRK1,NTRK1,rawtok_NTRK1
REGORAFENIB,drug_sample,PUTATIVE_TARGET,PDGFRA,PDGFRA,rawtok_PDGFRA
REGORAFENIB,drug_sample,PUTATIVE_TARGET,PDGFRB,PDGFRB,rawtok_PDGFRB
REGORAFENIB,drug_sample,PUTATIVE_TARGET,RAF1,RAF1,rawtok_RAF1
REGORAFENIB,drug_sample,PUTATIVE_TARGET,RET,RET,rawtok_RET
REGORAFENIB,drug_sample,PUTATIVE_TARGET,TEK,TEK,rawtok_TEK
CYCLOSPORIN-A,drug_sample,PUTATIVE_TARGET,PPP3CA,PPP3CA,rawtok_PPP3CA
SAXAGLIPTIN,drug_sample,PUTATIVE_TARGET,DPP4,DPP4,rawtok_DPP4
CLONAZEPAM,drug_sample,PUTATIVE_TARGET,GABRA1,GABRA1,rawtok_GABRA1
CLONAZEPAM,drug_sample,PUTATIVE_TARGET,GABRA2,GABRA2,rawtok_GABRA2
CLONAZEPAM,drug_sample,PUTATIVE_TARGET,GABRA3,GABRA3,rawtok_GABRA3
CLONAZEPAM,drug_sample,PUTATIVE_TARGET,GABRA4,GABRA4,rawtok_GABRA4
CLONAZEPAM,drug_sample,PUTATIVE_TARGET,GABRA5,GABRA5,rawtok_GABRA5
CLONAZEPAM,drug_sample,PUTATIVE_TARGET,GABRA6,GABRA6,rawtok_GABRA6
CLONAZEPAM,drug_sample,PUTATIVE_TARGET,GABRB1,GABRB1,rawtok_GABRB1
CLONAZEPAM,drug_sample,PUTATIVE_TARGET,GABRB2,GABRB2,rawtok_GABRB2
CLONAZEPAM,drug_sample,PUTATIVE_TARGET,GABRB3,GABRB3,rawtok_GABRB3
CLONAZEPAM,drug_sample,PUTATIVE_TARGET,GABRD,GABRD,rawtok_GABRD
CLONAZEPAM,drug_sample,PUTATIVE_TARGET,GABRE,GABRE,rawtok_GABRE
CLONAZEPAM,drug_sample,PUTATIVE_TARGET,GABRG1,GABRG1,rawtok_GABRG1
CLONAZEPAM,drug_sample,PUTATIVE_TARGET,GABRG2,GABRG2,rawtok_GABRG2
CLONAZEPAM,drug_sample,PUTATIVE_TARGET,GABRG3,GABRG3,rawtok_GABRG3
CLONAZEPAM,drug_sample,PUTATIVE_TARGET,GABRP,GABRP,rawtok_GABRP
CLONAZEPAM,drug_sample,PUTATIVE_TARGET,GABRQ,GABRQ,rawtok_GABRQ
CLONAZEPAM,drug_sample,PUTATIVE_TARGET,TSPO,TSPO,rawtok_TSPO
THIOCOLCHICOSIDE,drug_sample,PUTATIVE_TARGET,GABRA1,GABRA1,rawtok_GABRA1
THIOCOLCHICOSIDE,drug_sample,PUTATIVE_TARGET,GABRB2,GABRB2,rawtok_GABRB2
THIOCOLCHICOSIDE,drug_sample,PUTATIVE_TARGET,GABRG2,GABRG2,rawtok_GABRG2
THIOCOLCHICOSIDE,drug_sample,PUTATIVE_TARGET,GLRA1,GLRA1,rawtok_GLRA1
THIOCOLCHICOSIDE,drug_sample,PUTATIVE_TARGET,GLRB,GLRB,rawtok_GLRB
ESTRONE,drug_sample,PUTATIVE_TARGET,ESR1,ESR1,rawtok_ESR1
ESTRONE,drug_sample,PUTATIVE_TARGET,ESR2,ESR2,rawtok_ESR2
NALTREXONE,drug_sample,PUTATIVE_TARGET,OPRD1,OPRD1,rawtok_OPRD1
NALTREXONE,drug_sample,PUTATIVE_TARGET,OPRK1,OPRK1,rawtok_OPRK1
NALTREXONE,drug_sample,PUTATIVE_TARGET,OPRM1,OPRM1,rawtok_OPRM1
NALTREXONE,drug_sample,PUTATIVE_TARGET,SIGMAR1,SIGMAR1,rawtok_SIGMAR1
NILUTAMIDE,drug_sample,PUTATIVE_TARGET,AR,AR,rawtok_AR
MESORIDAZINE,drug_sample,PUTATIVE_TARGET,DRD2,DRD2,rawtok_DRD2
MESORIDAZINE,drug_sample,PUTATIVE_TARGET,HTR2A,HTR2A,rawtok_HTR2A
OSELTAMIVIR-PHOSPHATE,drug_sample,PUTATIVE_TARGET,CES1,CES1,rawtok_CES1
OSELTAMIVIR-PHOSPHATE,drug_sample,PUTATIVE_TARGET,NEU1,NEU1,rawtok_NEU1
OSELTAMIVIR-PHOSPHATE,drug_sample,PUTATIVE_TARGET,NEU2,NEU2,rawtok_NEU2
OXPRENOLOL,drug_sample,PUTATIVE_TARGET,ADRB1,ADRB1,rawtok_ADRB1
OXPRENOLOL,drug_sample,PUTATIVE_TARGET,ADRB2,ADRB2,rawtok_ADRB2
NIZATIDINE,drug_sample,PUTATIVE_TARGET,HRH2,HRH2,rawtok_HRH2
TEPOXALIN,drug_sample,PUTATIVE_TARGET,ALOX5,ALOX5,rawtok_ALOX5
HEXACHLOROPHENE,drug_sample,PUTATIVE_TARGET,GLUD1,GLUD1,rawtok_GLUD1
HEXACHLOROPHENE,drug_sample,PUTATIVE_TARGET,SDHD,SDHD,rawtok_SDHD
TRIAMTERENE,drug_sample,PUTATIVE_TARGET,SCNN1A,SCNN1A,rawtok_SCNN1A
TRIAMTERENE,drug_sample,PUTATIVE_TARGET,SCNN1B,SCNN1B,rawtok_SCNN1B
TRIAMTERENE,drug_sample,PUTATIVE_TARGET,SCNN1D,SCNN1D,rawtok_SCNN1D
TRIAMTERENE,drug_sample,PUTATIVE_TARGET,SCNN1G,SCNN1G,rawtok_SCNN1G
CIMETIDINE,drug_sample,PUTATIVE_TARGET,HRH2,HRH2,rawtok_HRH2
CIMETIDINE,drug_sample,PUTATIVE_TARGET,SLC29A4,SLC29A4,rawtok_SLC29A4
CIMETIDINE,drug_sample,PUTATIVE_TARGET,SLC47A1,SLC47A1,rawtok_SLC47A1
CIMETIDINE,drug_sample,PUTATIVE_TARGET,SLC47A2,SLC47A2,rawtok_SLC47A2
NITISINONE,drug_sample,PUTATIVE_TARGET,HPD,HPD,rawtok_HPD
SERTINDOLE,drug_sample,PUTATIVE_TARGET,ADRA1A,ADRA1A,rawtok_ADRA1A
SERTINDOLE,drug_sample,PUTATIVE_TARGET,ADRA1B,ADRA1B,rawtok_ADRA1B
SERTINDOLE,drug_sample,PUTATIVE_TARGET,ADRA1D,ADRA1D,rawtok_ADRA1D
SERTINDOLE,drug_sample,PUTATIVE_TARGET,DRD2,DRD2,rawtok_DRD2
SERTINDOLE,drug_sample,PUTATIVE_TARGET,DRD3,DRD3,rawtok_DRD3
SERTINDOLE,drug_sample,PUTATIVE_TARGET,DRD4,DRD4,rawtok_DRD4
SERTINDOLE,drug_sample,PUTATIVE_TARGET,HRH1,HRH1,rawtok_HRH1
SERTINDOLE,drug_sample,PUTATIVE_TARGET,HTR1A,HTR1A,rawtok_HTR1A
SERTINDOLE,drug_sample,PUTATIVE_TARGET,HTR1B,HTR1B,rawtok_HTR1B
SERTINDOLE,drug_sample,PUTATIVE_TARGET,HTR1D,HTR1D,rawtok_HTR1D
SERTINDOLE,drug_sample,PUTATIVE_TARGET,HTR1E,HTR1E,rawtok_HTR1E
SERTINDOLE,drug_sample,PUTATIVE_TARGET,HTR1F,HTR1F,rawtok_HTR1F
SERTINDOLE,drug_sample,PUTATIVE_TARGET,HTR2A,HTR2A,rawtok_HTR2A
SERTINDOLE,drug_sample,PUTATIVE_TARGET,HTR2C,HTR2C,rawtok_HTR2C
SERTINDOLE,drug_sample,PUTATIVE_TARGET,HTR6,HTR6,rawtok_HTR6
SERTINDOLE,drug_sample,PUTATIVE_TARGET,KCNH2,KCNH2,rawtok_KCNH2
FLUDARABINE-PHOSPHATE,drug_sample,PUTATIVE_TARGET,DCK,DCK,rawtok_DCK
FLUDARABINE-PHOSPHATE,drug_sample,PUTATIVE_TARGET,POLA1,POLA1,rawtok_POLA1
FLUDARABINE-PHOSPHATE,drug_sample,PUTATIVE_TARGET,POLD1,POLD1,rawtok_POLD1
FLUDARABINE-PHOSPHATE,drug_sample,PUTATIVE_TARGET,POLE,POLE,rawtok_POLE
FLUDARABINE-PHOSPHATE,drug_sample,PUTATIVE_TARGET,RRM1,RRM1,rawtok_RRM1
FLUDARABINE-PHOSPHATE,drug_sample,PUTATIVE_TARGET,RRM2,RRM2,rawtok_RRM2
FLUDARABINE-PHOSPHATE,drug_sample,PUTATIVE_TARGET,RRM2B,RRM2B,rawtok_RRM2B
EPTIFIBATIDE,drug_sample,PUTATIVE_TARGET,ITGA2B,ITGA2B,rawtok_ITGA2B
EPTIFIBATIDE,drug_sample,PUTATIVE_TARGET,ITGB3,ITGB3,rawtok_ITGB3
VIDARABINE,drug_sample,PUTATIVE_TARGET,ADA,ADA,rawtok_ADA
GIMERACIL,drug_sample,PUTATIVE_TARGET,DPYD,DPYD,rawtok_DPYD
CLOFARABINE,drug_sample,PUTATIVE_TARGET,POLA1,POLA1,rawtok_POLA1
CLOFARABINE,drug_sample,PUTATIVE_TARGET,POLD1,POLD1,rawtok_POLD1
CLOFARABINE,drug_sample,PUTATIVE_TARGET,POLE,POLE,rawtok_POLE
CLOFARABINE,drug_sample,PUTATIVE_TARGET,RRM1,RRM1,rawtok_RRM1
CLOFARABINE,drug_sample,PUTATIVE_TARGET,RRM2,RRM2,rawtok_RRM2
CLOFARABINE,drug_sample,PUTATIVE_TARGET,RRM2B,RRM2B,rawtok_RRM2B
RACLOPRIDE,drug_sample,PUTATIVE_TARGET,DRD2,DRD2,rawtok_DRD2
RACLOPRIDE,drug_sample,PUTATIVE_TARGET,DRD3,DRD3,rawtok_DRD3
RACLOPRIDE,drug_sample,PUTATIVE_TARGET,HTR1A,HTR1A,rawtok_HTR1A
CLOTRIMAZOLE,drug_sample,PUTATIVE_TARGET,CYP3A4,CYP3A4,rawtok_CYP3A4
CLOTRIMAZOLE,drug_sample,PUTATIVE_TARGET,KCNN4,KCNN4,rawtok_KCNN4
CLOTRIMAZOLE,drug_sample,PUTATIVE_TARGET,NR1I2,NR1I2,rawtok_NR1I2
CLOTRIMAZOLE,drug_sample,PUTATIVE_TARGET,NR1I3,NR1I3,rawtok_NR1I3
CLOTRIMAZOLE,drug_sample,PUTATIVE_TARGET,TRPM2,TRPM2,rawtok_TRPM2
CLOTRIMAZOLE,drug_sample,PUTATIVE_TARGET,TRPM4,TRPM4,rawtok_TRPM4
CLOTRIMAZOLE,drug_sample,PUTATIVE_TARGET,TRPM8,TRPM8,rawtok_TRPM8
METOPROLOL,drug_sample,PUTATIVE_TARGET,ADRB1,ADRB1,rawtok_ADRB1
METOPROLOL,drug_sample,PUTATIVE_TARGET,ADRB2,ADRB2,rawtok_ADRB2
CABAZITAXEL,drug_sample,PUTATIVE_TARGET,TUBA4A,TUBA4A,rawtok_TUBA4A
CABAZITAXEL,drug_sample,PUTATIVE_TARGET,TUBB,TUBB,rawtok_TUBB
CABAZITAXEL,drug_sample,PUTATIVE_TARGET,TUBB1,TUBB1,rawtok_TUBB1
EPROSARTAN,drug_sample,PUTATIVE_TARGET,AGTR1,AGTR1,rawtok_AGTR1
HYDROXYUREA,drug_sample,PUTATIVE_TARGET,RRM1,RRM1,rawtok_RRM1
HYDROXYUREA,drug_sample,PUTATIVE_TARGET,RRM2,RRM2,rawtok_RRM2
HYDROXYUREA,drug_sample,PUTATIVE_TARGET,RRM2B,RRM2B,rawtok_RRM2B
TROMETAMOL,drug_sample,PUTATIVE_TARGET,AMD1,AMD1,rawtok_AMD1
TROMETAMOL,drug_sample,PUTATIVE_TARGET,CANT1,CANT1,rawtok_CANT1
TROMETAMOL,drug_sample,PUTATIVE_TARGET,DCN,DCN,rawtok_DCN
TROMETAMOL,drug_sample,PUTATIVE_TARGET,NEIL1,NEIL1,rawtok_NEIL1
TROMETAMOL,drug_sample,PUTATIVE_TARGET,VEGFA,VEGFA,rawtok_VEGFA
DEOXYCORTICOSTERONE-ACETATE,drug_sample,PUTATIVE_TARGET,NR3C2,NR3C2,rawtok_NR3C2
MERCAPTOPURINE,drug_sample,PUTATIVE_TARGET,HPRT1,HPRT1,rawtok_HPRT1
MERCAPTOPURINE,drug_sample,PUTATIVE_TARGET,IMPDH1,IMPDH1,rawtok_IMPDH1
MERCAPTOPURINE,drug_sample,PUTATIVE_TARGET,IMPDH2,IMPDH2,rawtok_IMPDH2
MERCAPTOPURINE,drug_sample,PUTATIVE_TARGET,PPAT,PPAT,rawtok_PPAT
ESTRADIOL-CYPIONATE,drug_sample,PUTATIVE_TARGET,ESR1,ESR1,rawtok_ESR1
OXCARBAZEPINE,drug_sample,PUTATIVE_TARGET,SCN10A,SCN10A,rawtok_SCN10A
OXCARBAZEPINE,drug_sample,PUTATIVE_TARGET,SCN11A,SCN11A,rawtok_SCN11A
OXCARBAZEPINE,drug_sample,PUTATIVE_TARGET,SCN1A,SCN1A,rawtok_SCN1A
OXCARBAZEPINE,drug_sample,PUTATIVE_TARGET,SCN2A,SCN2A,rawtok_SCN2A
OXCARBAZEPINE,drug_sample,PUTATIVE_TARGET,SCN3A,SCN3A,rawtok_SCN3A
OXCARBAZEPINE,drug_sample,PUTATIVE_TARGET,SCN4A,SCN4A,rawtok_SCN4A
OXCARBAZEPINE,drug_sample,PUTATIVE_TARGET,SCN5A,SCN5A,rawtok_SCN5A
OXCARBAZEPINE,drug_sample,PUTATIVE_TARGET,SCN7A,SCN7A,rawtok_SCN7A
OXCARBAZEPINE,drug_sample,PUTATIVE_TARGET,SCN8A,SCN8A,rawtok_SCN8A
OXCARBAZEPINE,drug_sample,PUTATIVE_TARGET,SCN9A,SCN9A,rawtok_SCN9A
XYLAZINE,drug_sample,PUTATIVE_TARGET,ADRA2A,ADRA2A,rawtok_ADRA2A
XYLAZINE,drug_sample,PUTATIVE_TARGET,ADRA2B,ADRA2B,rawtok_ADRA2B
XYLAZINE,drug_sample,PUTATIVE_TARGET,ADRA2C,ADRA2C,rawtok_ADRA2C
RIBOFLAVIN,drug_sample,PUTATIVE_TARGET,BLVRB,BLVRB,rawtok_BLVRB
RIBOFLAVIN,drug_sample,PUTATIVE_TARGET,RFK,RFK,rawtok_RFK
FLUTAMIDE,drug_sample,PUTATIVE_TARGET,AHR,AHR,rawtok_AHR
FLUTAMIDE,drug_sample,PUTATIVE_TARGET,AR,AR,rawtok_AR
POSACONAZOLE,drug_sample,PUTATIVE_TARGET,CYP3A4,CYP3A4,rawtok_CYP3A4
PALMITOYLETHANOLAMIDE,drug_sample,PUTATIVE_TARGET,CNR2,CNR2,rawtok_CNR2
PALMITOYLETHANOLAMIDE,drug_sample,PUTATIVE_TARGET,GPR119,GPR119,rawtok_GPR119
PALMITOYLETHANOLAMIDE,drug_sample,PUTATIVE_TARGET,GPR55,GPR55,rawtok_GPR55
ARTEMISININ,drug_sample,PUTATIVE_TARGET,CYP2B6,CYP2B6,rawtok_CYP2B6
CLOBETASOL-PROPIONATE,drug_sample,PUTATIVE_TARGET,NR3C1,NR3C1,rawtok_NR3C1
CLOBETASOL-PROPIONATE,drug_sample,PUTATIVE_TARGET,PLA2G1B,PLA2G1B,rawtok_PLA2G1B
CLOMIFENE,drug_sample,PUTATIVE_TARGET,ESR1,ESR1,rawtok_ESR1
MOZAVAPTAN,drug_sample,PUTATIVE_TARGET,AVPR1A,AVPR1A,rawtok_AVPR1A
MOZAVAPTAN,drug_sample,PUTATIVE_TARGET,AVPR1B,AVPR1B,rawtok_AVPR1B
MOZAVAPTAN,drug_sample,PUTATIVE_TARGET,AVPR2,AVPR2,rawtok_AVPR2
GENZ-644282,drug_sample,PUTATIVE_TARGET,TOP1,TOP1,rawtok_TOP1
FK-888,drug_sample,PUTATIVE_TARGET,TACR1,TACR1,rawtok_TACR1
FK-888,drug_sample,PUTATIVE_TARGET,TACR2,TACR2,rawtok_TACR2
TRIPTOLIDE,drug_sample,PUTATIVE_TARGET,RELA,RELA,rawtok_RELA
SB-743921,drug_sample,PUTATIVE_TARGET,KIF11,KIF11,rawtok_KIF11
FLUMATINIB,drug_sample,PUTATIVE_TARGET,ABL1,ABL1,rawtok_ABL1
FLUMATINIB,drug_sample,PUTATIVE_TARGET,PDGFRB,PDGFRB,rawtok_PDGFRB
GDC-0068,drug_sample,PUTATIVE_TARGET,AKT1,AKT1,rawtok_AKT1
GDC-0068,drug_sample,PUTATIVE_TARGET,AKT2,AKT2,rawtok_AKT2
GDC-0068,drug_sample,PUTATIVE_TARGET,AKT3,AKT3,rawtok_AKT3
GDC-0068,drug_sample,PUTATIVE_TARGET,PRKG1,PRKG1,rawtok_PRKG1
SPIRADOLINE,drug_sample,PUTATIVE_TARGET,OPRK1,OPRK1,rawtok_OPRK1
R406,drug_sample,PUTATIVE_TARGET,RET,RET,rawtok_RET
R406,drug_sample,PUTATIVE_TARGET,SYK,SYK,rawtok_SYK
TANAPROGET,drug_sample,PUTATIVE_TARGET,PGR,PGR,rawtok_PGR
BW-180C,drug_sample,PUTATIVE_TARGET,OPRD1,OPRD1,rawtok_OPRD1
BW-180C,drug_sample,PUTATIVE_TARGET,OPRM1,OPRM1,rawtok_OPRM1
DALCETRAPIB,drug_sample,PUTATIVE_TARGET,CETP,CETP,rawtok_CETP
APATINIB,drug_sample,PUTATIVE_TARGET,CSK,CSK,rawtok_CSK
APATINIB,drug_sample,PUTATIVE_TARGET,KDR,KDR,rawtok_KDR
APATINIB,drug_sample,PUTATIVE_TARGET,KIT,KIT,rawtok_KIT
APATINIB,drug_sample,PUTATIVE_TARGET,RET,RET,rawtok_RET
MK-3207,drug_sample,PUTATIVE_TARGET,CALCA,CALCA,rawtok_CALCA
PALOMID-529,drug_sample,PUTATIVE_TARGET,MTOR,MTOR,rawtok_MTOR
MEGLITINIDE,drug_sample,PUTATIVE_TARGET,CCR2,CCR2,rawtok_CCR2
RO-4987655,drug_sample,PUTATIVE_TARGET,MAP2K1,MAP2K1,rawtok_MAP2K1
DANUSERTIB,drug_sample,PUTATIVE_TARGET,AURKA,AURKA,rawtok_AURKA
DANUSERTIB,drug_sample,PUTATIVE_TARGET,AURKB,AURKB,rawtok_AURKB
DANUSERTIB,drug_sample,PUTATIVE_TARGET,AURKC,AURKC,rawtok_AURKC
DANUSERTIB,drug_sample,PUTATIVE_TARGET,FGFR1,FGFR1,rawtok_FGFR1
DANUSERTIB,drug_sample,PUTATIVE_TARGET,NTRK1,NTRK1,rawtok_NTRK1
DANUSERTIB,drug_sample,PUTATIVE_TARGET,RET,RET,rawtok_RET
DANUSERTIB,drug_sample,PUTATIVE_TARGET,SLK,SLK,rawtok_SLK
BERBERINE,drug_sample,PUTATIVE_TARGET,LDLR,LDLR,rawtok_LDLR
DAPIVIRINE,drug_sample,PUTATIVE_TARGET,CYP3A4,CYP3A4,rawtok_CYP3A4
DAPIVIRINE,drug_sample,PUTATIVE_TARGET,CYP3A5,CYP3A5,rawtok_CYP3A5
TOSEDOSTAT,drug_sample,PUTATIVE_TARGET,ANPEP,ANPEP,rawtok_ANPEP
TOSEDOSTAT,drug_sample,PUTATIVE_TARGET,LAP3,LAP3,rawtok_LAP3
TOSEDOSTAT,drug_sample,PUTATIVE_TARGET,NPEPPS,NPEPPS,rawtok_NPEPPS
GDC-0941,drug_sample,PUTATIVE_TARGET,PIK3CA,PIK3CA,rawtok_PIK3CA
GDC-0941,drug_sample,PUTATIVE_TARGET,PIK3CB,PIK3CB,rawtok_PIK3CB
GDC-0941,drug_sample,PUTATIVE_TARGET,PIK3CD,PIK3CD,rawtok_PIK3CD
GDC-0941,drug_sample,PUTATIVE_TARGET,PIK3CG,PIK3CG,rawtok_PIK3CG
PACRITINIB,drug_sample,PUTATIVE_TARGET,FLT3,FLT3,rawtok_FLT3
PACRITINIB,drug_sample,PUTATIVE_TARGET,JAK1,JAK1,rawtok_JAK1
PACRITINIB,drug_sample,PUTATIVE_TARGET,JAK2,JAK2,rawtok_JAK2
PACRITINIB,drug_sample,PUTATIVE_TARGET,JAK3,JAK3,rawtok_JAK3
BAY-87-2243,drug_sample,PUTATIVE_TARGET,HIF1A,HIF1A,rawtok_HIF1A
ORANTINIB,drug_sample,PUTATIVE_TARGET,AURKA,AURKA,rawtok_AURKA
ORANTINIB,drug_sample,PUTATIVE_TARGET,AURKB,AURKB,rawtok_AURKB
ORANTINIB,drug_sample,PUTATIVE_TARGET,EGFR,EGFR,rawtok_EGFR
ORANTINIB,drug_sample,PUTATIVE_TARGET,FGFR1,FGFR1,rawtok_FGFR1
ORANTINIB,drug_sample,PUTATIVE_TARGET,FGFR2,FGFR2,rawtok_FGFR2
ORANTINIB,drug_sample,PUTATIVE_TARGET,KDR,KDR,rawtok_KDR
ORANTINIB,drug_sample,PUTATIVE_TARGET,PDGFRA,PDGFRA,rawtok_PDGFRA
ORANTINIB,drug_sample,PUTATIVE_TARGET,PDGFRB,PDGFRB,rawtok_PDGFRB
CEP-37440,drug_sample,PUTATIVE_TARGET,ALK,ALK,rawtok_ALK
SC-12267,drug_sample,PUTATIVE_TARGET,IL17A,IL17A,rawtok_IL17A
BUTHIONINE-SULFOXIMINE,drug_sample,PUTATIVE_TARGET,GCLM,GCLM,rawtok_GCLM
LERISETRON,drug_sample,PUTATIVE_TARGET,HTR3A,HTR3A,rawtok_HTR3A
ANGUIDINE,drug_sample,PUTATIVE_TARGET,SLC5A1,SLC5A1,rawtok_SLC5A1
EMETINE,drug_sample,PUTATIVE_TARGET,RPS2,RPS2,rawtok_RPS2
DPI-201106,drug_sample,PUTATIVE_TARGET,ADRB2,ADRB2,rawtok_ADRB2
ILOMASTAT,drug_sample,PUTATIVE_TARGET,ACAN,ACAN,rawtok_ACAN
ILOMASTAT,drug_sample,PUTATIVE_TARGET,ADAM28,ADAM28,rawtok_ADAM28
ILOMASTAT,drug_sample,PUTATIVE_TARGET,MMP1,MMP1,rawtok_MMP1
ILOMASTAT,drug_sample,PUTATIVE_TARGET,MMP12,MMP12,rawtok_MMP12
ILOMASTAT,drug_sample,PUTATIVE_TARGET,MMP13,MMP13,rawtok_MMP13
ILOMASTAT,drug_sample,PUTATIVE_TARGET,MMP14,MMP14,rawtok_MMP14
ILOMASTAT,drug_sample,PUTATIVE_TARGET,MMP2,MMP2,rawtok_MMP2
ILOMASTAT,drug_sample,PUTATIVE_TARGET,MMP3,MMP3,rawtok_MMP3
ILOMASTAT,drug_sample,PUTATIVE_TARGET,MMP8,MMP8,rawtok_MMP8
ILOMASTAT,drug_sample,PUTATIVE_TARGET,MMP9,MMP9,rawtok_MMP9
GOSSYPOL,drug_sample,PUTATIVE_TARGET,BCL2,BCL2,rawtok_BCL2
AMG-232,drug_sample,PUTATIVE_TARGET,MDM2,MDM2,rawtok_MDM2
EVACETRAPIB,drug_sample,PUTATIVE_TARGET,CETP,CETP,rawtok_CETP
TAZEMETOSTAT,drug_sample,PUTATIVE_TARGET,EZH2,EZH2,rawtok_EZH2
FR-139317,drug_sample,PUTATIVE_TARGET,EDNRA,EDNRA,rawtok_EDNRA
NISOXETINE,drug_sample,PUTATIVE_TARGET,SLC6A2,SLC6A2,rawtok_SLC6A2
NISOXETINE,drug_sample,PUTATIVE_TARGET,SLC6A3,SLC6A3,rawtok_SLC6A3
NISOXETINE,drug_sample,PUTATIVE_TARGET,SLC6A4,SLC6A4,rawtok_SLC6A4
ABT-751,drug_sample,PUTATIVE_TARGET,TUBB,TUBB,rawtok_TUBB
VX-765,drug_sample,PUTATIVE_TARGET,CASP1,CASP1,rawtok_CASP1
PTEROSTILBENE,drug_sample,PUTATIVE_TARGET,PTGS2,PTGS2,rawtok_PTGS2
BMS-387032,drug_sample,PUTATIVE_TARGET,CDK2,CDK2,rawtok_CDK2
BMS-387032,drug_sample,PUTATIVE_TARGET,CDK7,CDK7,rawtok_CDK7
BMS-387032,drug_sample,PUTATIVE_TARGET,CDK9,CDK9,rawtok_CDK9
GSK1292263,drug_sample,PUTATIVE_TARGET,GRPR,GRPR,rawtok_GRPR
BIBX-1382,drug_sample,PUTATIVE_TARGET,EGFR,EGFR,rawtok_EGFR
BIBX-1382,drug_sample,PUTATIVE_TARGET,ERBB2,ERBB2,rawtok_ERBB2
DOXERCALCIFEROL,drug_sample,PUTATIVE_TARGET,VDR,VDR,rawtok_VDR
DEXRAZOXANE,drug_sample,PUTATIVE_TARGET,TOP2A,TOP2A,rawtok_TOP2A
DEXRAZOXANE,drug_sample,PUTATIVE_TARGET,TOP2B,TOP2B,rawtok_TOP2B
ALOGLIPTIN,drug_sample,PUTATIVE_TARGET,DPP4,DPP4,rawtok_DPP4
PENTAMIDINE,drug_sample,PUTATIVE_TARGET,TRDMT1,TRDMT1,rawtok_TRDMT1
LEUCOVORIN,drug_sample,PUTATIVE_TARGET,TYMS,TYMS,rawtok_TYMS
OXAZEPAM,drug_sample,PUTATIVE_TARGET,GABRA1,GABRA1,rawtok_GABRA1
OXAZEPAM,drug_sample,PUTATIVE_TARGET,GABRA2,GABRA2,rawtok_GABRA2
OXAZEPAM,drug_sample,PUTATIVE_TARGET,GABRA3,GABRA3,rawtok_GABRA3
OXAZEPAM,drug_sample,PUTATIVE_TARGET,GABRA4,GABRA4,rawtok_GABRA4
OXAZEPAM,drug_sample,PUTATIVE_TARGET,GABRA5,GABRA5,rawtok_GABRA5
OXAZEPAM,drug_sample,PUTATIVE_TARGET,GABRA6,GABRA6,rawtok_GABRA6
OXAZEPAM,drug_sample,PUTATIVE_TARGET,GABRB1,GABRB1,rawtok_GABRB1
OXAZEPAM,drug_sample,PUTATIVE_TARGET,GABRB2,GABRB2,rawtok_GABRB2
OXAZEPAM,drug_sample,PUTATIVE_TARGET,GABRB3,GABRB3,rawtok_GABRB3
OXAZEPAM,drug_sample,PUTATIVE_TARGET,GABRD,GABRD,rawtok_GABRD
OXAZEPAM,drug_sample,PUTATIVE_TARGET,GABRE,GABRE,rawtok_GABRE
OXAZEPAM,drug_sample,PUTATIVE_TARGET,GABRG1,GABRG1,rawtok_GABRG1
OXAZEPAM,drug_sample,PUTATIVE_TARGET,GABRG2,GABRG2,rawtok_GABRG2
OXAZEPAM,drug_sample,PUTATIVE_TARGET,GABRG3,GABRG3,rawtok_GABRG3
OXAZEPAM,drug_sample,PUTATIVE_TARGET,GABRP,GABRP,rawtok_GABRP
OXAZEPAM,drug_sample,PUTATIVE_TARGET,GABRQ,GABRQ,rawtok_GABRQ
OXAZEPAM,drug_sample,PUTATIVE_TARGET,GABRR1,GABRR1,rawtok_GABRR1
OXAZEPAM,drug_sample,PUTATIVE_TARGET,GABRR2,GABRR2,rawtok_GABRR2
OXAZEPAM,drug_sample,PUTATIVE_TARGET,GABRR3,GABRR3,rawtok_GABRR3
EPROBEMIDE,drug_sample,PUTATIVE_TARGET,MAOA,MAOA,rawtok_MAOA
PREDNISOLONE-ACETATE,drug_sample,PUTATIVE_TARGET,NR3C1,NR3C1,rawtok_NR3C1
ACETOPHENAZINE,drug_sample,PUTATIVE_TARGET,DRD1,DRD1,rawtok_DRD1
ACETOPHENAZINE,drug_sample,PUTATIVE_TARGET,DRD2,DRD2,rawtok_DRD2
CANDESARTAN,drug_sample,PUTATIVE_TARGET,AGTR1,AGTR1,rawtok_AGTR1
SULFANILAMIDE,drug_sample,PUTATIVE_TARGET,CYP2C19,CYP2C19,rawtok_CYP2C19
SULFANILAMIDE,drug_sample,PUTATIVE_TARGET,CYP2C9,CYP2C9,rawtok_CYP2C9
SULFANILAMIDE,drug_sample,PUTATIVE_TARGET,CYP2D6,CYP2D6,rawtok_CYP2D6
SULFANILAMIDE,drug_sample,PUTATIVE_TARGET,CYP2E1,CYP2E1,rawtok_CYP2E1
SULFANILAMIDE,drug_sample,PUTATIVE_TARGET,CYP3A4,CYP3A4,rawtok_CYP3A4
QUINETHAZONE,drug_sample,PUTATIVE_TARGET,CA1,CA1,rawtok_CA1
QUINETHAZONE,drug_sample,PUTATIVE_TARGET,CA2,CA2,rawtok_CA2
QUINETHAZONE,drug_sample,PUTATIVE_TARGET,SLC12A1,SLC12A1,rawtok_SLC12A1
QUINETHAZONE,drug_sample,PUTATIVE_TARGET,SLC12A2,SLC12A2,rawtok_SLC12A2
QUINETHAZONE,drug_sample,PUTATIVE_TARGET,SLC12A3,SLC12A3,rawtok_SLC12A3
PHENELZINE,drug_sample,PUTATIVE_TARGET,ABAT,ABAT,rawtok_ABAT
PHENELZINE,drug_sample,PUTATIVE_TARGET,AOC3,AOC3,rawtok_AOC3
PHENELZINE,drug_sample,PUTATIVE_TARGET,GAD2,GAD2,rawtok_GAD2
PHENELZINE,drug_sample,PUTATIVE_TARGET,GPT,GPT,rawtok_GPT
PHENELZINE,drug_sample,PUTATIVE_TARGET,GPT2,GPT2,rawtok_GPT2
PHENELZINE,drug_sample,PUTATIVE_TARGET,MAOA,MAOA,rawtok_MAOA
PHENELZINE,drug_sample,PUTATIVE_TARGET,MAOB,MAOB,rawtok_MAOB
PHENELZINE,drug_sample,PUTATIVE_TARGET,SLC6A2,SLC6A2,rawtok_SLC6A2
PHENELZINE,drug_sample,PUTATIVE_TARGET,SLC6A3,SLC6A3,rawtok_SLC6A3
PHENELZINE,drug_sample,PUTATIVE_TARGET,SLC6A4,SLC6A4,rawtok_SLC6A4
MEPHENYTOIN,drug_sample,PUTATIVE_TARGET,SCN10A,SCN10A,rawtok_SCN10A
MEPHENYTOIN,drug_sample,PUTATIVE_TARGET,SCN11A,SCN11A,rawtok_SCN11A
MEPHENYTOIN,drug_sample,PUTATIVE_TARGET,SCN1A,SCN1A,rawtok_SCN1A
MEPHENYTOIN,drug_sample,PUTATIVE_TARGET,SCN2A,SCN2A,rawtok_SCN2A
MEPHENYTOIN,drug_sample,PUTATIVE_TARGET,SCN3A,SCN3A,rawtok_SCN3A
MEPHENYTOIN,drug_sample,PUTATIVE_TARGET,SCN4A,SCN4A,rawtok_SCN4A
MEPHENYTOIN,drug_sample,PUTATIVE_TARGET,SCN5A,SCN5A,rawtok_SCN5A
MEPHENYTOIN,drug_sample,PUTATIVE_TARGET,SCN7A,SCN7A,rawtok_SCN7A
MEPHENYTOIN,drug_sample,PUTATIVE_TARGET,SCN8A,SCN8A,rawtok_SCN8A
MEPHENYTOIN,drug_sample,PUTATIVE_TARGET,SCN9A,SCN9A,rawtok_SCN9A
RIOCIGUAT,drug_sample,PUTATIVE_TARGET,GUCY1A2,GUCY1A2,rawtok_GUCY1A2
RIOCIGUAT,drug_sample,PUTATIVE_TARGET,GUCY1A3,GUCY1A3,rawtok_GUCY1A3
RIOCIGUAT,drug_sample,PUTATIVE_TARGET,GUCY1B2,GUCY1B2,rawtok_GUCY1B2
RIOCIGUAT,drug_sample,PUTATIVE_TARGET,GUCY1B3,GUCY1B3,rawtok_GUCY1B3
RILUZOLE,drug_sample,PUTATIVE_TARGET,KCNK10,KCNK10,rawtok_KCNK10
RILUZOLE,drug_sample,PUTATIVE_TARGET,KCNK2,KCNK2,rawtok_KCNK2
RILUZOLE,drug_sample,PUTATIVE_TARGET,KCNK4,KCNK4,rawtok_KCNK4
RILUZOLE,drug_sample,PUTATIVE_TARGET,KCNN4,KCNN4,rawtok_KCNN4
RILUZOLE,drug_sample,PUTATIVE_TARGET,SCN10A,SCN10A,rawtok_SCN10A
RILUZOLE,drug_sample,PUTATIVE_TARGET,SCN11A,SCN11A,rawtok_SCN11A
RILUZOLE,drug_sample,PUTATIVE_TARGET,SCN1A,SCN1A,rawtok_SCN1A
RILUZOLE,drug_sample,PUTATIVE_TARGET,SCN2A,SCN2A,rawtok_SCN2A
RILUZOLE,drug_sample,PUTATIVE_TARGET,SCN3A,SCN3A,rawtok_SCN3A
RILUZOLE,drug_sample,PUTATIVE_TARGET,SCN4A,SCN4A,rawtok_SCN4A
RILUZOLE,drug_sample,PUTATIVE_TARGET,SCN5A,SCN5A,rawtok_SCN5A
RILUZOLE,drug_sample,PUTATIVE_TARGET,SCN7A,SCN7A,rawtok_SCN7A
RILUZOLE,drug_sample,PUTATIVE_TARGET,SCN8A,SCN8A,rawtok_SCN8A
RILUZOLE,drug_sample,PUTATIVE_TARGET,SCN9A,SCN9A,rawtok_SCN9A
RILUZOLE,drug_sample,PUTATIVE_TARGET,SLC7A11,SLC7A11,rawtok_SLC7A11
ITRACONAZOLE,drug_sample,PUTATIVE_TARGET,CYP51A1,CYP51A1,rawtok_CYP51A1
FENOPROFEN,drug_sample,PUTATIVE_TARGET,PTGS1,PTGS1,rawtok_PTGS1
FENOPROFEN,drug_sample,PUTATIVE_TARGET,PTGS2,PTGS2,rawtok_PTGS2
FENOPROFEN,drug_sample,PUTATIVE_TARGET,SLC5A8,SLC5A8,rawtok_SLC5A8
NAFCILLIN,drug_sample,PUTATIVE_TARGET,CYP1A2,CYP1A2,rawtok_CYP1A2
NAFCILLIN,drug_sample,PUTATIVE_TARGET,CYP3A4,CYP3A4,rawtok_CYP3A4
NAFCILLIN,drug_sample,PUTATIVE_TARGET,SLC22A6,SLC22A6,rawtok_SLC22A6
FAMOTIDINE,drug_sample,PUTATIVE_TARGET,HRH2,HRH2,rawtok_HRH2
PHENYLBUTAZONE,drug_sample,PUTATIVE_TARGET,PTGIS,PTGIS,rawtok_PTGIS
PHENYLBUTAZONE,drug_sample,PUTATIVE_TARGET,PTGS1,PTGS1,rawtok_PTGS1
PHENYLBUTAZONE,drug_sample,PUTATIVE_TARGET,PTGS2,PTGS2,rawtok_PTGS2
TILUDRONATE,drug_sample,PUTATIVE_TARGET,ATP6V1A,ATP6V1A,rawtok_ATP6V1A
TILUDRONATE,drug_sample,PUTATIVE_TARGET,MMP2,MMP2,rawtok_MMP2
TILUDRONATE,drug_sample,PUTATIVE_TARGET,PTPN1,PTPN1,rawtok_PTPN1
COLCHICINE,drug_sample,PUTATIVE_TARGET,GLRA1,GLRA1,rawtok_GLRA1
COLCHICINE,drug_sample,PUTATIVE_TARGET,GLRA2,GLRA2,rawtok_GLRA2
COLCHICINE,drug_sample,PUTATIVE_TARGET,TUBA1A,TUBA1A,rawtok_TUBA1A
COLCHICINE,drug_sample,PUTATIVE_TARGET,TUBA1B,TUBA1B,rawtok_TUBA1B
COLCHICINE,drug_sample,PUTATIVE_TARGET,TUBA1C,TUBA1C,rawtok_TUBA1C
COLCHICINE,drug_sample,PUTATIVE_TARGET,TUBA3C,TUBA3C,rawtok_TUBA3C
COLCHICINE,drug_sample,PUTATIVE_TARGET,TUBA3D,TUBA3D,rawtok_TUBA3D
COLCHICINE,drug_sample,PUTATIVE_TARGET,TUBA3E,TUBA3E,rawtok_TUBA3E
COLCHICINE,drug_sample,PUTATIVE_TARGET,TUBA4A,TUBA4A,rawtok_TUBA4A
COLCHICINE,drug_sample,PUTATIVE_TARGET,TUBB,TUBB,rawtok_TUBB
COLCHICINE,drug_sample,PUTATIVE_TARGET,TUBB1,TUBB1,rawtok_TUBB1
COLCHICINE,drug_sample,PUTATIVE_TARGET,TUBB2A,TUBB2A,rawtok_TUBB2A
COLCHICINE,drug_sample,PUTATIVE_TARGET,TUBB2B,TUBB2B,rawtok_TUBB2B
COLCHICINE,drug_sample,PUTATIVE_TARGET,TUBB3,TUBB3,rawtok_TUBB3
COLCHICINE,drug_sample,PUTATIVE_TARGET,TUBB4A,TUBB4A,rawtok_TUBB4A
COLCHICINE,drug_sample,PUTATIVE_TARGET,TUBB4B,TUBB4B,rawtok_TUBB4B
COLCHICINE,drug_sample,PUTATIVE_TARGET,TUBB6,TUBB6,rawtok_TUBB6
COLCHICINE,drug_sample,PUTATIVE_TARGET,TUBB8,TUBB8,rawtok_TUBB8
ABIRATERONE-ACETATE,drug_sample,PUTATIVE_TARGET,CYP17A1,CYP17A1,rawtok_CYP17A1
CICLESONIDE,drug_sample,PUTATIVE_TARGET,NR3C1,NR3C1,rawtok_NR3C1
CICLESONIDE,drug_sample,PUTATIVE_TARGET,SERPINA6,SERPINA6,rawtok_SERPINA6
PAPAVERINE,drug_sample,PUTATIVE_TARGET,PDE10A,PDE10A,rawtok_PDE10A
PAPAVERINE,drug_sample,PUTATIVE_TARGET,PDE4B,PDE4B,rawtok_PDE4B
PAPAVERINE,drug_sample,PUTATIVE_TARGET,PDE5A,PDE5A,rawtok_PDE5A
AMSACRINE,drug_sample,PUTATIVE_TARGET,KCNH2,KCNH2,rawtok_KCNH2
AMSACRINE,drug_sample,PUTATIVE_TARGET,TOP2A,TOP2A,rawtok_TOP2A
CIPROFIBRATE,drug_sample,PUTATIVE_TARGET,PPARA,PPARA,rawtok_PPARA
IDARUBICIN,drug_sample,PUTATIVE_TARGET,TOP2A,TOP2A,rawtok_TOP2A
CREATINE,drug_sample,PUTATIVE_TARGET,CKB,CKB,rawtok_CKB
CREATINE,drug_sample,PUTATIVE_TARGET,CKM,CKM,rawtok_CKM
CREATINE,drug_sample,PUTATIVE_TARGET,CKMT1A,CKMT1A,rawtok_CKMT1A
CREATINE,drug_sample,PUTATIVE_TARGET,CKMT2,CKMT2,rawtok_CKMT2
CREATINE,drug_sample,PUTATIVE_TARGET,GAMT,GAMT,rawtok_GAMT
CREATINE,drug_sample,PUTATIVE_TARGET,SLC6A8,SLC6A8,rawtok_SLC6A8
THIRAM,drug_sample,PUTATIVE_TARGET,JAK2,JAK2,rawtok_JAK2
IPRONIAZID,drug_sample,PUTATIVE_TARGET,MAOA,MAOA,rawtok_MAOA
IPRONIAZID,drug_sample,PUTATIVE_TARGET,MAOB,MAOB,rawtok_MAOB
BUPHENINE,drug_sample,PUTATIVE_TARGET,ADRB2,ADRB2,rawtok_ADRB2
PREDNISOLONE,drug_sample,PUTATIVE_TARGET,NR3C1,NR3C1,rawtok_NR3C1
PREDNISOLONE,drug_sample,PUTATIVE_TARGET,NR3C2,NR3C2,rawtok_NR3C2
PREDNISOLONE,drug_sample,PUTATIVE_TARGET,SERPINA6,SERPINA6,rawtok_SERPINA6
AJMALINE,drug_sample,PUTATIVE_TARGET,SCN5A,SCN5A,rawtok_SCN5A
OXYQUINOLINE,drug_sample,PUTATIVE_TARGET,METAP2,METAP2,rawtok_METAP2
METHYLPREDNISOLONE,drug_sample,PUTATIVE_TARGET,NR3C1,NR3C1,rawtok_NR3C1
EPINEPHRINE,drug_sample,PUTATIVE_TARGET,ADRA1A,ADRA1A,rawtok_ADRA1A
EPINEPHRINE,drug_sample,PUTATIVE_TARGET,ADRA1B,ADRA1B,rawtok_ADRA1B
EPINEPHRINE,drug_sample,PUTATIVE_TARGET,ADRA1D,ADRA1D,rawtok_ADRA1D
EPINEPHRINE,drug_sample,PUTATIVE_TARGET,ADRA2A,ADRA2A,rawtok_ADRA2A
EPINEPHRINE,drug_sample,PUTATIVE_TARGET,ADRA2B,ADRA2B,rawtok_ADRA2B
EPINEPHRINE,drug_sample,PUTATIVE_TARGET,ADRA2C,ADRA2C,rawtok_ADRA2C
EPINEPHRINE,drug_sample,PUTATIVE_TARGET,ADRB1,ADRB1,rawtok_ADRB1
EPINEPHRINE,drug_sample,PUTATIVE_TARGET,ADRB2,ADRB2,rawtok_ADRB2
EPINEPHRINE,drug_sample,PUTATIVE_TARGET,ADRB3,ADRB3,rawtok_ADRB3
EPINEPHRINE,drug_sample,PUTATIVE_TARGET,PAH,PAH,rawtok_PAH
EPINEPHRINE,drug_sample,PUTATIVE_TARGET,TNF,TNF,rawtok_TNF
TERFENADINE,drug_sample,PUTATIVE_TARGET,CHRM1,CHRM1,rawtok_CHRM1
TERFENADINE,drug_sample,PUTATIVE_TARGET,CHRM2,CHRM2,rawtok_CHRM2
TERFENADINE,drug_sample,PUTATIVE_TARGET,CHRM3,CHRM3,rawtok_CHRM3
TERFENADINE,drug_sample,PUTATIVE_TARGET,CHRM4,CHRM4,rawtok_CHRM4
TERFENADINE,drug_sample,PUTATIVE_TARGET,CHRM5,CHRM5,rawtok_CHRM5
TERFENADINE,drug_sample,PUTATIVE_TARGET,HRH1,HRH1,rawtok_HRH1
TERFENADINE,drug_sample,PUTATIVE_TARGET,KCNH1,KCNH1,rawtok_KCNH1
TERFENADINE,drug_sample,PUTATIVE_TARGET,KCNH2,KCNH2,rawtok_KCNH2
PILOCARPINE,drug_sample,PUTATIVE_TARGET,CHRM1,CHRM1,rawtok_CHRM1
PILOCARPINE,drug_sample,PUTATIVE_TARGET,CHRM2,CHRM2,rawtok_CHRM2
PILOCARPINE,drug_sample,PUTATIVE_TARGET,CHRM3,CHRM3,rawtok_CHRM3
PILOCARPINE,drug_sample,PUTATIVE_TARGET,CHRM4,CHRM4,rawtok_CHRM4
PILOCARPINE,drug_sample,PUTATIVE_TARGET,CHRM5,CHRM5,rawtok_CHRM5
MINOCYCLINE,drug_sample,PUTATIVE_TARGET,ALOX5,ALOX5,rawtok_ALOX5
MINOCYCLINE,drug_sample,PUTATIVE_TARGET,CASP1,CASP1,rawtok_CASP1
MINOCYCLINE,drug_sample,PUTATIVE_TARGET,CASP3,CASP3,rawtok_CASP3
MINOCYCLINE,drug_sample,PUTATIVE_TARGET,CYCS,CYCS,rawtok_CYCS
MINOCYCLINE,drug_sample,PUTATIVE_TARGET,IL1B,IL1B,rawtok_IL1B
MINOCYCLINE,drug_sample,PUTATIVE_TARGET,MMP9,MMP9,rawtok_MMP9
MINOCYCLINE,drug_sample,PUTATIVE_TARGET,VEGFA,VEGFA,rawtok_VEGFA
NADIDE,drug_sample,PUTATIVE_TARGET,AHCY,AHCY,rawtok_AHCY
NADIDE,drug_sample,PUTATIVE_TARGET,AKR1A1,AKR1A1,rawtok_AKR1A1
NADIDE,drug_sample,PUTATIVE_TARGET,ALDH2,ALDH2,rawtok_ALDH2
NADIDE,drug_sample,PUTATIVE_TARGET,BLVRA,BLVRA,rawtok_BLVRA
NADIDE,drug_sample,PUTATIVE_TARGET,DHPS,DHPS,rawtok_DHPS
NADIDE,drug_sample,PUTATIVE_TARGET,DLD,DLD,rawtok_DLD
NADIDE,drug_sample,PUTATIVE_TARGET,GALE,GALE,rawtok_GALE
NADIDE,drug_sample,PUTATIVE_TARGET,HMGCR,HMGCR,rawtok_HMGCR
NADIDE,drug_sample,PUTATIVE_TARGET,HSD17B1,HSD17B1,rawtok_HSD17B1
NADIDE,drug_sample,PUTATIVE_TARGET,HSD17B4,HSD17B4,rawtok_HSD17B4
NADIDE,drug_sample,PUTATIVE_TARGET,IMPDH2,IMPDH2,rawtok_IMPDH2
NADIDE,drug_sample,PUTATIVE_TARGET,MGAM,MGAM,rawtok_MGAM
NADIDE,drug_sample,PUTATIVE_TARGET,P2RY11,P2RY11,rawtok_P2RY11
NADIDE,drug_sample,PUTATIVE_TARGET,SORD,SORD,rawtok_SORD
NADIDE,drug_sample,PUTATIVE_TARGET,TRPM2,TRPM2,rawtok_TRPM2
BECLOMETHASONE-DIPROPIONATE,drug_sample,PUTATIVE_TARGET,GPR97,GPR97,rawtok_GPR97
BECLOMETHASONE-DIPROPIONATE,drug_sample,PUTATIVE_TARGET,NR3C1,NR3C1,rawtok_NR3C1
FENBENDAZOLE,drug_sample,PUTATIVE_TARGET,TUBB,TUBB,rawtok_TUBB
NALOXONE,drug_sample,PUTATIVE_TARGET,CREB1,CREB1,rawtok_CREB1
NALOXONE,drug_sample,PUTATIVE_TARGET,ESR1,ESR1,rawtok_ESR1
NALOXONE,drug_sample,PUTATIVE_TARGET,OPRD1,OPRD1,rawtok_OPRD1
NALOXONE,drug_sample,PUTATIVE_TARGET,OPRK1,OPRK1,rawtok_OPRK1
NALOXONE,drug_sample,PUTATIVE_TARGET,OPRM1,OPRM1,rawtok_OPRM1
NALOXONE,drug_sample,PUTATIVE_TARGET,TLR4,TLR4,rawtok_TLR4
SULFASALAZINE,drug_sample,PUTATIVE_TARGET,ACAT1,ACAT1,rawtok_ACAT1
SULFASALAZINE,drug_sample,PUTATIVE_TARGET,ALOX5,ALOX5,rawtok_ALOX5
SULFASALAZINE,drug_sample,PUTATIVE_TARGET,CHUK,CHUK,rawtok_CHUK
SULFASALAZINE,drug_sample,PUTATIVE_TARGET,IKBKB,IKBKB,rawtok_IKBKB
SULFASALAZINE,drug_sample,PUTATIVE_TARGET,PLA2G1B,PLA2G1B,rawtok_PLA2G1B
SULFASALAZINE,drug_sample,PUTATIVE_TARGET,PPARG,PPARG,rawtok_PPARG
SULFASALAZINE,drug_sample,PUTATIVE_TARGET,PTGS1,PTGS1,rawtok_PTGS1
SULFASALAZINE,drug_sample,PUTATIVE_TARGET,PTGS2,PTGS2,rawtok_PTGS2
SULFASALAZINE,drug_sample,PUTATIVE_TARGET,SLC46A1,SLC46A1,rawtok_SLC46A1
SULFASALAZINE,drug_sample,PUTATIVE_TARGET,SLC7A11,SLC7A11,rawtok_SLC7A11
SULFASALAZINE,drug_sample,PUTATIVE_TARGET,TBXAS1,TBXAS1,rawtok_TBXAS1
ETHINYL-ESTRADIOL,drug_sample,PUTATIVE_TARGET,ESR1,ESR1,rawtok_ESR1
ETHINYL-ESTRADIOL,drug_sample,PUTATIVE_TARGET,ESR2,ESR2,rawtok_ESR2
ETHINYL-ESTRADIOL,drug_sample,PUTATIVE_TARGET,NR1I2,NR1I2,rawtok_NR1I2
ASPIRIN,drug_sample,PUTATIVE_TARGET,AKR1C1,AKR1C1,rawtok_AKR1C1
ASPIRIN,drug_sample,PUTATIVE_TARGET,ASIC3,ASIC3,rawtok_ASIC3
ASPIRIN,drug_sample,PUTATIVE_TARGET,EDNRA,EDNRA,rawtok_EDNRA
ASPIRIN,drug_sample,PUTATIVE_TARGET,HSPA5,HSPA5,rawtok_HSPA5
ASPIRIN,drug_sample,PUTATIVE_TARGET,IKBKB,IKBKB,rawtok_IKBKB
ASPIRIN,drug_sample,PUTATIVE_TARGET,NFKB1,NFKB1,rawtok_NFKB1
ASPIRIN,drug_sample,PUTATIVE_TARGET,NFKB2,NFKB2,rawtok_NFKB2
ASPIRIN,drug_sample,PUTATIVE_TARGET,NFKBIA,NFKBIA,rawtok_NFKBIA
ASPIRIN,drug_sample,PUTATIVE_TARGET,PRKAA1,PRKAA1,rawtok_PRKAA1
ASPIRIN,drug_sample,PUTATIVE_TARGET,PRKAA2,PRKAA2,rawtok_PRKAA2
ASPIRIN,drug_sample,PUTATIVE_TARGET,PRKAB1,PRKAB1,rawtok_PRKAB1
ASPIRIN,drug_sample,PUTATIVE_TARGET,PRKAB2,PRKAB2,rawtok_PRKAB2
ASPIRIN,drug_sample,PUTATIVE_TARGET,PRKAG1,PRKAG1,rawtok_PRKAG1
ASPIRIN,drug_sample,PUTATIVE_TARGET,PRKAG2,PRKAG2,rawtok_PRKAG2
ASPIRIN,drug_sample,PUTATIVE_TARGET,PRKAG3,PRKAG3,rawtok_PRKAG3
ASPIRIN,drug_sample,PUTATIVE_TARGET,PTGS1,PTGS1,rawtok_PTGS1
ASPIRIN,drug_sample,PUTATIVE_TARGET,PTGS2,PTGS2,rawtok_PTGS2
ASPIRIN,drug_sample,PUTATIVE_TARGET,RPS6KA3,RPS6KA3,rawtok_RPS6KA3
ASPIRIN,drug_sample,PUTATIVE_TARGET,TP53,TP53,rawtok_TP53
PENTAGASTRIN,drug_sample,PUTATIVE_TARGET,CCKBR,CCKBR,rawtok_CCKBR
NORETYNODREL,drug_sample,PUTATIVE_TARGET,PGR,PGR,rawtok_PGR
BETAMETHASONE,drug_sample,PUTATIVE_TARGET,NR3C1,NR3C1,rawtok_NR3C1
PIPERAZINE,drug_sample,PUTATIVE_TARGET,GABRB3,GABRB3,rawtok_GABRB3
MECLIZINE,drug_sample,PUTATIVE_TARGET,HRH1,HRH1,rawtok_HRH1
MECLIZINE,drug_sample,PUTATIVE_TARGET,NR1I3,NR1I3,rawtok_NR1I3
PHENAZONE,drug_sample,PUTATIVE_TARGET,PTGS1,PTGS1,rawtok_PTGS1
PHENAZONE,drug_sample,PUTATIVE_TARGET,PTGS2,PTGS2,rawtok_PTGS2
CLOFIBRATE,drug_sample,PUTATIVE_TARGET,LPL,LPL,rawtok_LPL
CLOFIBRATE,drug_sample,PUTATIVE_TARGET,PPARA,PPARA,rawtok_PPARA
REMOXIPRIDE,drug_sample,PUTATIVE_TARGET,DRD2,DRD2,rawtok_DRD2
REMOXIPRIDE,drug_sample,PUTATIVE_TARGET,DRD3,DRD3,rawtok_DRD3
REMOXIPRIDE,drug_sample,PUTATIVE_TARGET,DRD4,DRD4,rawtok_DRD4
REMOXIPRIDE,drug_sample,PUTATIVE_TARGET,HTR2A,HTR2A,rawtok_HTR2A
REMOXIPRIDE,drug_sample,PUTATIVE_TARGET,SIGMAR1,SIGMAR1,rawtok_SIGMAR1
DOLUTEGRAVIR,drug_sample,PUTATIVE_TARGET,CYP3A4,CYP3A4,rawtok_CYP3A4
DOLUTEGRAVIR,drug_sample,PUTATIVE_TARGET,CYP3A5,CYP3A5,rawtok_CYP3A5
DOLUTEGRAVIR,drug_sample,PUTATIVE_TARGET,CYP3A7,CYP3A7,rawtok_CYP3A7
DOLUTEGRAVIR,drug_sample,PUTATIVE_TARGET,POU2F2,POU2F2,rawtok_POU2F2
DOLUTEGRAVIR,drug_sample,PUTATIVE_TARGET,UGT1A1,UGT1A1,rawtok_UGT1A1
STREPTOZOTOCIN,drug_sample,PUTATIVE_TARGET,SLC2A2,SLC2A2,rawtok_SLC2A2
HEXYLRESORCINOL,drug_sample,PUTATIVE_TARGET,TYR,TYR,rawtok_TYR
BENZETHONIUM,drug_sample,PUTATIVE_TARGET,SCN10A,SCN10A,rawtok_SCN10A
LOVASTATIN,drug_sample,PUTATIVE_TARGET,HDAC2,HDAC2,rawtok_HDAC2
LOVASTATIN,drug_sample,PUTATIVE_TARGET,HMGCR,HMGCR,rawtok_HMGCR
LOVASTATIN,drug_sample,PUTATIVE_TARGET,ITGAL,ITGAL,rawtok_ITGAL
LOVASTATIN,drug_sample,PUTATIVE_TARGET,NR1I2,NR1I2,rawtok_NR1I2
ISOXSUPRINE,drug_sample,PUTATIVE_TARGET,ADRB2,ADRB2,rawtok_ADRB2
ENZALUTAMIDE,drug_sample,PUTATIVE_TARGET,AR,AR,rawtok_AR
TRIAMCINOLONE-ACETONIDE,drug_sample,PUTATIVE_TARGET,NR3C1,NR3C1,rawtok_NR3C1
BUMETANIDE,drug_sample,PUTATIVE_TARGET,CFTR,CFTR,rawtok_CFTR
BUMETANIDE,drug_sample,PUTATIVE_TARGET,GPR35,GPR35,rawtok_GPR35
BUMETANIDE,drug_sample,PUTATIVE_TARGET,SLC12A1,SLC12A1,rawtok_SLC12A1
BUMETANIDE,drug_sample,PUTATIVE_TARGET,SLC12A2,SLC12A2,rawtok_SLC12A2
BUMETANIDE,drug_sample,PUTATIVE_TARGET,SLC12A4,SLC12A4,rawtok_SLC12A4
BUMETANIDE,drug_sample,PUTATIVE_TARGET,SLC12A5,SLC12A5,rawtok_SLC12A5
FLUTICASONE-PROPIONATE,drug_sample,PUTATIVE_TARGET,NR3C1,NR3C1,rawtok_NR3C1
FLUTICASONE-PROPIONATE,drug_sample,PUTATIVE_TARGET,NR3C2,NR3C2,rawtok_NR3C2
FLUTICASONE-PROPIONATE,drug_sample,PUTATIVE_TARGET,PGR,PGR,rawtok_PGR
FLUTICASONE-PROPIONATE,drug_sample,PUTATIVE_TARGET,PLA2G4A,PLA2G4A,rawtok_PLA2G4A
NOMEGESTROL-ACETATE,drug_sample,PUTATIVE_TARGET,PGR,PGR,rawtok_PGR
TYLOXAPOL,drug_sample,PUTATIVE_TARGET,LPL,LPL,rawtok_LPL
TYLOXAPOL,drug_sample,PUTATIVE_TARGET,NFKB2,NFKB2,rawtok_NFKB2
ISTRADEFYLLINE,drug_sample,PUTATIVE_TARGET,ADORA1,ADORA1,rawtok_ADORA1
ISTRADEFYLLINE,drug_sample,PUTATIVE_TARGET,ADORA2A,ADORA2A,rawtok_ADORA2A
ISTRADEFYLLINE,drug_sample,PUTATIVE_TARGET,ADORA2B,ADORA2B,rawtok_ADORA2B
ISTRADEFYLLINE,drug_sample,PUTATIVE_TARGET,ADORA3,ADORA3,rawtok_ADORA3
NIACIN,drug_sample,PUTATIVE_TARGET,DGAT2,DGAT2,rawtok_DGAT2
NIACIN,drug_sample,PUTATIVE_TARGET,HCAR1,HCAR1,rawtok_HCAR1
NIACIN,drug_sample,PUTATIVE_TARGET,HCAR2,HCAR2,rawtok_HCAR2
NIACIN,drug_sample,PUTATIVE_TARGET,HCAR3,HCAR3,rawtok_HCAR3
NIACIN,drug_sample,PUTATIVE_TARGET,NNMT,NNMT,rawtok_NNMT
NIACIN,drug_sample,PUTATIVE_TARGET,QPRT,QPRT,rawtok_QPRT
TIAGABINE,drug_sample,PUTATIVE_TARGET,SLC6A1,SLC6A1,rawtok_SLC6A1
DORZOLAMIDE,drug_sample,PUTATIVE_TARGET,CA1,CA1,rawtok_CA1
DORZOLAMIDE,drug_sample,PUTATIVE_TARGET,CA12,CA12,rawtok_CA12
DORZOLAMIDE,drug_sample,PUTATIVE_TARGET,CA14,CA14,rawtok_CA14
DORZOLAMIDE,drug_sample,PUTATIVE_TARGET,CA2,CA2,rawtok_CA2
DORZOLAMIDE,drug_sample,PUTATIVE_TARGET,CA4,CA4,rawtok_CA4
DORZOLAMIDE,drug_sample,PUTATIVE_TARGET,CA7,CA7,rawtok_CA7
NAPROXEN,drug_sample,PUTATIVE_TARGET,PTGS1,PTGS1,rawtok_PTGS1
NAPROXEN,drug_sample,PUTATIVE_TARGET,PTGS2,PTGS2,rawtok_PTGS2
CHLOROPYRAMINE,drug_sample,PUTATIVE_TARGET,HRH1,HRH1,rawtok_HRH1
OMEPRAZOLE,drug_sample,PUTATIVE_TARGET,ATP4A,ATP4A,rawtok_ATP4A
OMEPRAZOLE,drug_sample,PUTATIVE_TARGET,CLCN2,CLCN2,rawtok_CLCN2
PARICALCITOL,drug_sample,PUTATIVE_TARGET,VDR,VDR,rawtok_VDR
D-SERINE,drug_sample,PUTATIVE_TARGET,GLRA1,GLRA1,rawtok_GLRA1
D-SERINE,drug_sample,PUTATIVE_TARGET,GRIN1,GRIN1,rawtok_GRIN1
D-SERINE,drug_sample,PUTATIVE_TARGET,GRIN2A,GRIN2A,rawtok_GRIN2A
D-SERINE,drug_sample,PUTATIVE_TARGET,GRIN2B,GRIN2B,rawtok_GRIN2B
D-SERINE,drug_sample,PUTATIVE_TARGET,GRIN2C,GRIN2C,rawtok_GRIN2C
D-SERINE,drug_sample,PUTATIVE_TARGET,GRIN2D,GRIN2D,rawtok_GRIN2D
D-SERINE,drug_sample,PUTATIVE_TARGET,SERPINB3,SERPINB3,rawtok_SERPINB3
CYPROTERONE-ACETATE,drug_sample,PUTATIVE_TARGET,ADORA1,ADORA1,rawtok_ADORA1
CYPROTERONE-ACETATE,drug_sample,PUTATIVE_TARGET,AR,AR,rawtok_AR
MYCOPHENOLATE-MOFETIL,drug_sample,PUTATIVE_TARGET,IMPDH1,IMPDH1,rawtok_IMPDH1
MYCOPHENOLATE-MOFETIL,drug_sample,PUTATIVE_TARGET,IMPDH2,IMPDH2,rawtok_IMPDH2
ULIPRISTAL,drug_sample,PUTATIVE_TARGET,PGR,PGR,rawtok_PGR
BENZOCAINE,drug_sample,PUTATIVE_TARGET,SCN10A,SCN10A,rawtok_SCN10A
DIGITOXIN,drug_sample,PUTATIVE_TARGET,ATP1A1,ATP1A1,rawtok_ATP1A1
CARBACHOL,drug_sample,PUTATIVE_TARGET,CHRM1,CHRM1,rawtok_CHRM1
CARBACHOL,drug_sample,PUTATIVE_TARGET,CHRM2,CHRM2,rawtok_CHRM2
CARBACHOL,drug_sample,PUTATIVE_TARGET,CHRM3,CHRM3,rawtok_CHRM3
CARBACHOL,drug_sample,PUTATIVE_TARGET,CHRM4,CHRM4,rawtok_CHRM4
CARBACHOL,drug_sample,PUTATIVE_TARGET,CHRM5,CHRM5,rawtok_CHRM5
CARBACHOL,drug_sample,PUTATIVE_TARGET,CHRNA2,CHRNA2,rawtok_CHRNA2
THIOPROPERAZINE,drug_sample,PUTATIVE_TARGET,ADRA1A,ADRA1A,rawtok_ADRA1A
THIOPROPERAZINE,drug_sample,PUTATIVE_TARGET,ADRA1B,ADRA1B,rawtok_ADRA1B
THIOPROPERAZINE,drug_sample,PUTATIVE_TARGET,DRD1,DRD1,rawtok_DRD1
THIOPROPERAZINE,drug_sample,PUTATIVE_TARGET,DRD2,DRD2,rawtok_DRD2
THIOPROPERAZINE,drug_sample,PUTATIVE_TARGET,HTR1A,HTR1A,rawtok_HTR1A
THIOPROPERAZINE,drug_sample,PUTATIVE_TARGET,HTR2A,HTR2A,rawtok_HTR2A
EXEMESTANE,drug_sample,PUTATIVE_TARGET,CYP19A1,CYP19A1,rawtok_CYP19A1
MYCOPHENOLIC-ACID,drug_sample,PUTATIVE_TARGET,IMPDH1,IMPDH1,rawtok_IMPDH1
MYCOPHENOLIC-ACID,drug_sample,PUTATIVE_TARGET,IMPDH2,IMPDH2,rawtok_IMPDH2
BTS-54505,drug_sample,PUTATIVE_TARGET,SLC6A2,SLC6A2,rawtok_SLC6A2
BTS-54505,drug_sample,PUTATIVE_TARGET,SLC6A3,SLC6A3,rawtok_SLC6A3
BTS-54505,drug_sample,PUTATIVE_TARGET,SLC6A4,SLC6A4,rawtok_SLC6A4
PITAVASTATIN,drug_sample,PUTATIVE_TARGET,HMGCR,HMGCR,rawtok_HMGCR
CAPSAICIN,drug_sample,PUTATIVE_TARGET,CFTR,CFTR,rawtok_CFTR
CAPSAICIN,drug_sample,PUTATIVE_TARGET,TRPV1,TRPV1,rawtok_TRPV1
ETOFYLLINE-CLOFIBRATE,drug_sample,PUTATIVE_TARGET,PPARA,PPARA,rawtok_PPARA
ISOMETHEPTENE-MUCATE,drug_sample,PUTATIVE_TARGET,ADRA1A,ADRA1A,rawtok_ADRA1A
ISOMETHEPTENE-MUCATE,drug_sample,PUTATIVE_TARGET,SLC18A2,SLC18A2,rawtok_SLC18A2
PRACTOLOL,drug_sample,PUTATIVE_TARGET,ADRB1,ADRB1,rawtok_ADRB1
CLEBOPRIDE,drug_sample,PUTATIVE_TARGET,ACHE,ACHE,rawtok_ACHE
CLEBOPRIDE,drug_sample,PUTATIVE_TARGET,DRD2,DRD2,rawtok_DRD2
CLOCORTOLONE-PIVALATE,drug_sample,PUTATIVE_TARGET,NR3C1,NR3C1,rawtok_NR3C1
CLOCORTOLONE-PIVALATE,drug_sample,PUTATIVE_TARGET,PLA2G1B,PLA2G1B,rawtok_PLA2G1B
RALOXIFENE,drug_sample,PUTATIVE_TARGET,ESR1,ESR1,rawtok_ESR1
RALOXIFENE,drug_sample,PUTATIVE_TARGET,ESR2,ESR2,rawtok_ESR2
MONOBENZONE,drug_sample,PUTATIVE_TARGET,TYR,TYR,rawtok_TYR
MEBENDAZOLE,drug_sample,PUTATIVE_TARGET,TUBA1A,TUBA1A,rawtok_TUBA1A
MEBENDAZOLE,drug_sample,PUTATIVE_TARGET,TUBB,TUBB,rawtok_TUBB
MEBENDAZOLE,drug_sample,PUTATIVE_TARGET,TUBB4B,TUBB4B,rawtok_TUBB4B
METHOCARBAMOL,drug_sample,PUTATIVE_TARGET,CA1,CA1,rawtok_CA1
KETOCONAZOLE,drug_sample,PUTATIVE_TARGET,AR,AR,rawtok_AR
KETOCONAZOLE,drug_sample,PUTATIVE_TARGET,CYP19A1,CYP19A1,rawtok_CYP19A1
KETOCONAZOLE,drug_sample,PUTATIVE_TARGET,CYP21A2,CYP21A2,rawtok_CYP21A2
KETOCONAZOLE,drug_sample,PUTATIVE_TARGET,KCNA10,KCNA10,rawtok_KCNA10
CLADRIBINE,drug_sample,PUTATIVE_TARGET,ADA,ADA,rawtok_ADA
CLADRIBINE,drug_sample,PUTATIVE_TARGET,PNP,PNP,rawtok_PNP
CLADRIBINE,drug_sample,PUTATIVE_TARGET,POLA1,POLA1,rawtok_POLA1
CLADRIBINE,drug_sample,PUTATIVE_TARGET,POLE,POLE,rawtok_POLE
CLADRIBINE,drug_sample,PUTATIVE_TARGET,POLE2,POLE2,rawtok_POLE2
CLADRIBINE,drug_sample,PUTATIVE_TARGET,POLE3,POLE3,rawtok_POLE3
CLADRIBINE,drug_sample,PUTATIVE_TARGET,POLE4,POLE4,rawtok_POLE4
CLADRIBINE,drug_sample,PUTATIVE_TARGET,RRM1,RRM1,rawtok_RRM1
CLADRIBINE,drug_sample,PUTATIVE_TARGET,RRM2,RRM2,rawtok_RRM2
CLADRIBINE,drug_sample,PUTATIVE_TARGET,RRM2B,RRM2B,rawtok_RRM2B
RANITIDINE,drug_sample,PUTATIVE_TARGET,HRH2,HRH2,rawtok_HRH2
RABEPRAZOLE,drug_sample,PUTATIVE_TARGET,ATP4A,ATP4A,rawtok_ATP4A
NORETHINDRONE,drug_sample,PUTATIVE_TARGET,PGR,PGR,rawtok_PGR
ARIPIPRAZOLE,drug_sample,PUTATIVE_TARGET,ADRA1A,ADRA1A,rawtok_ADRA1A
ARIPIPRAZOLE,drug_sample,PUTATIVE_TARGET,ADRA1B,ADRA1B,rawtok_ADRA1B
ARIPIPRAZOLE,drug_sample,PUTATIVE_TARGET,ADRA2A,ADRA2A,rawtok_ADRA2A
ARIPIPRAZOLE,drug_sample,PUTATIVE_TARGET,ADRA2B,ADRA2B,rawtok_ADRA2B
ARIPIPRAZOLE,drug_sample,PUTATIVE_TARGET,ADRA2C,ADRA2C,rawtok_ADRA2C
ARIPIPRAZOLE,drug_sample,PUTATIVE_TARGET,CHRM1,CHRM1,rawtok_CHRM1
ARIPIPRAZOLE,drug_sample,PUTATIVE_TARGET,CHRM2,CHRM2,rawtok_CHRM2
ARIPIPRAZOLE,drug_sample,PUTATIVE_TARGET,CHRM3,CHRM3,rawtok_CHRM3
ARIPIPRAZOLE,drug_sample,PUTATIVE_TARGET,CHRM4,CHRM4,rawtok_CHRM4
ARIPIPRAZOLE,drug_sample,PUTATIVE_TARGET,CHRM5,CHRM5,rawtok_CHRM5
ARIPIPRAZOLE,drug_sample,PUTATIVE_TARGET,DRD1,DRD1,rawtok_DRD1
ARIPIPRAZOLE,drug_sample,PUTATIVE_TARGET,DRD2,DRD2,rawtok_DRD2
ARIPIPRAZOLE,drug_sample,PUTATIVE_TARGET,DRD3,DRD3,rawtok_DRD3
ARIPIPRAZOLE,drug_sample,PUTATIVE_TARGET,DRD4,DRD4,rawtok_DRD4
ARIPIPRAZOLE,drug_sample,PUTATIVE_TARGET,DRD5,DRD5,rawtok_DRD5
ARIPIPRAZOLE,drug_sample,PUTATIVE_TARGET,HRH1,HRH1,rawtok_HRH1
ARIPIPRAZOLE,drug_sample,PUTATIVE_TARGET,HTR1A,HTR1A,rawtok_HTR1A
ARIPIPRAZOLE,drug_sample,PUTATIVE_TARGET,HTR1B,HTR1B,rawtok_HTR1B
ARIPIPRAZOLE,drug_sample,PUTATIVE_TARGET,HTR1D,HTR1D,rawtok_HTR1D
ARIPIPRAZOLE,drug_sample,PUTATIVE_TARGET,HTR1E,HTR1E,rawtok_HTR1E
ARIPIPRAZOLE,drug_sample,PUTATIVE_TARGET,HTR2A,HTR2A,rawtok_HTR2A
ARIPIPRAZOLE,drug_sample,PUTATIVE_TARGET,HTR2C,HTR2C,rawtok_HTR2C
ARIPIPRAZOLE,drug_sample,PUTATIVE_TARGET,HTR3A,HTR3A,rawtok_HTR3A
ARIPIPRAZOLE,drug_sample,PUTATIVE_TARGET,HTR6,HTR6,rawtok_HTR6
ARIPIPRAZOLE,drug_sample,PUTATIVE_TARGET,HTR7,HTR7,rawtok_HTR7
UBENIMEX,drug_sample,PUTATIVE_TARGET,LTA4H,LTA4H,rawtok_LTA4H
UBENIMEX,drug_sample,PUTATIVE_TARGET,RNPEP,RNPEP,rawtok_RNPEP
LEVONORGESTREL,drug_sample,PUTATIVE_TARGET,AR,AR,rawtok_AR
LEVONORGESTREL,drug_sample,PUTATIVE_TARGET,ESR1,ESR1,rawtok_ESR1
LEVONORGESTREL,drug_sample,PUTATIVE_TARGET,PGR,PGR,rawtok_PGR
LEVONORGESTREL,drug_sample,PUTATIVE_TARGET,SRD5A1,SRD5A1,rawtok_SRD5A1
PD-98059,drug_sample,PUTATIVE_TARGET,AKT1,AKT1,rawtok_AKT1
PD-98059,drug_sample,PUTATIVE_TARGET,CHEK1,CHEK1,rawtok_CHEK1
PD-98059,drug_sample,PUTATIVE_TARGET,GSK3B,GSK3B,rawtok_GSK3B
PD-98059,drug_sample,PUTATIVE_TARGET,LCK,LCK,rawtok_LCK
PD-98059,drug_sample,PUTATIVE_TARGET,MAP2K1,MAP2K1,rawtok_MAP2K1
PD-98059,drug_sample,PUTATIVE_TARGET,MAPK1,MAPK1,rawtok_MAPK1
PD-98059,drug_sample,PUTATIVE_TARGET,MAPK11,MAPK11,rawtok_MAPK11
PD-98059,drug_sample,PUTATIVE_TARGET,MAPK12,MAPK12,rawtok_MAPK12
PD-98059,drug_sample,PUTATIVE_TARGET,MAPK14,MAPK14,rawtok_MAPK14
PD-98059,drug_sample,PUTATIVE_TARGET,MAPK8,MAPK8,rawtok_MAPK8
PD-98059,drug_sample,PUTATIVE_TARGET,PRKCA,PRKCA,rawtok_PRKCA
PD-98059,drug_sample,PUTATIVE_TARGET,RAF1,RAF1,rawtok_RAF1
PD-98059,drug_sample,PUTATIVE_TARGET,ROCK1,ROCK1,rawtok_ROCK1
PD-98059,drug_sample,PUTATIVE_TARGET,RPS6KB1,RPS6KB1,rawtok_RPS6KB1
PD-98059,drug_sample,PUTATIVE_TARGET,SGK1,SGK1,rawtok_SGK1
HESPERADIN,drug_sample,PUTATIVE_TARGET,AURKB,AURKB,rawtok_AURKB
IDRA-21,drug_sample,PUTATIVE_TARGET,GRIA1,GRIA1,rawtok_GRIA1
IDRA-21,drug_sample,PUTATIVE_TARGET,GRIA2,GRIA2,rawtok_GRIA2
IDRA-21,drug_sample,PUTATIVE_TARGET,GRIA3,GRIA3,rawtok_GRIA3
IDRA-21,drug_sample,PUTATIVE_TARGET,GRIA4,GRIA4,rawtok_GRIA4
ACDPP,drug_sample,PUTATIVE_TARGET,GRM5,GRM5,rawtok_GRM5
PEPSTATIN,drug_sample,PUTATIVE_TARGET,CTSB,CTSB,rawtok_CTSB
PEPSTATIN,drug_sample,PUTATIVE_TARGET,CTSD,CTSD,rawtok_CTSD
PEPSTATIN,drug_sample,PUTATIVE_TARGET,CTSL,CTSL,rawtok_CTSL
PEPSTATIN,drug_sample,PUTATIVE_TARGET,REN,REN,rawtok_REN
SIB-1757,drug_sample,PUTATIVE_TARGET,GRM5,GRM5,rawtok_GRM5
SB-525334,drug_sample,PUTATIVE_TARGET,TGFBR1,TGFBR1,rawtok_TGFBR1
SKF-96365,drug_sample,PUTATIVE_TARGET,CYP3A4,CYP3A4,rawtok_CYP3A4
SKF-96365,drug_sample,PUTATIVE_TARGET,PKD2,PKD2,rawtok_PKD2
SKF-96365,drug_sample,PUTATIVE_TARGET,TRPC1,TRPC1,rawtok_TRPC1
SKF-96365,drug_sample,PUTATIVE_TARGET,TRPC3,TRPC3,rawtok_TRPC3
SKF-96365,drug_sample,PUTATIVE_TARGET,TRPC4,TRPC4,rawtok_TRPC4
SKF-96365,drug_sample,PUTATIVE_TARGET,TRPC5,TRPC5,rawtok_TRPC5
SKF-96365,drug_sample,PUTATIVE_TARGET,TRPV2,TRPV2,rawtok_TRPV2
OUABAIN,drug_sample,PUTATIVE_TARGET,ATP1A1,ATP1A1,rawtok_ATP1A1
ANASTROZOLE,drug_sample,PUTATIVE_TARGET,CYP19A1,CYP19A1,rawtok_CYP19A1
ISOETHARINE,drug_sample,PUTATIVE_TARGET,ADRB1,ADRB1,rawtok_ADRB1
ISOETHARINE,drug_sample,PUTATIVE_TARGET,ADRB2,ADRB2,rawtok_ADRB2
THIOSTREPTON,drug_sample,PUTATIVE_TARGET,FOXM1,FOXM1,rawtok_FOXM1
GSK256066,drug_sample,PUTATIVE_TARGET,PDE4A,PDE4A,rawtok_PDE4A
AT-9283,drug_sample,PUTATIVE_TARGET,AURKA,AURKA,rawtok_AURKA
AT-9283,drug_sample,PUTATIVE_TARGET,AURKB,AURKB,rawtok_AURKB
AT-9283,drug_sample,PUTATIVE_TARGET,JAK2,JAK2,rawtok_JAK2
AT-9283,drug_sample,PUTATIVE_TARGET,JAK3,JAK3,rawtok_JAK3
AT-9283,drug_sample,PUTATIVE_TARGET,RPS6KA6,RPS6KA6,rawtok_RPS6KA6
AT-9283,drug_sample,PUTATIVE_TARGET,STK17A,STK17A,rawtok_STK17A
R547,drug_sample,PUTATIVE_TARGET,CDK1,CDK1,rawtok_CDK1
R547,drug_sample,PUTATIVE_TARGET,CDK2,CDK2,rawtok_CDK2
R547,drug_sample,PUTATIVE_TARGET,CDK4,CDK4,rawtok_CDK4
R547,drug_sample,PUTATIVE_TARGET,CDK7,CDK7,rawtok_CDK7
SOBETIROME,drug_sample,PUTATIVE_TARGET,THRA,THRA,rawtok_THRA
SOBETIROME,drug_sample,PUTATIVE_TARGET,THRB,THRB,rawtok_THRB
CX-4945,drug_sample,PUTATIVE_TARGET,CSNK2A1,CSNK2A1,rawtok_CSNK2A1
CX-4945,drug_sample,PUTATIVE_TARGET,CSNK2A2,CSNK2A2,rawtok_CSNK2A2
CX-4945,drug_sample,PUTATIVE_TARGET,DAPK3,DAPK3,rawtok_DAPK3
CX-4945,drug_sample,PUTATIVE_TARGET,HIPK3,HIPK3,rawtok_HIPK3
SB-242235,drug_sample,PUTATIVE_TARGET,HSPB1,HSPB1,rawtok_HSPB1
SB-242235,drug_sample,PUTATIVE_TARGET,MAPK14,MAPK14,rawtok_MAPK14
FORSKOLIN,drug_sample,PUTATIVE_TARGET,ADCY2,ADCY2,rawtok_ADCY2
FORSKOLIN,drug_sample,PUTATIVE_TARGET,ADCY5,ADCY5,rawtok_ADCY5
FORSKOLIN,drug_sample,PUTATIVE_TARGET,GNAS,GNAS,rawtok_GNAS
BARDOXOLONE,drug_sample,PUTATIVE_TARGET,NOS2,NOS2,rawtok_NOS2
BARDOXOLONE,drug_sample,PUTATIVE_TARGET,PPARG,PPARG,rawtok_PPARG
TELOTRISTAT-ETHYL,drug_sample,PUTATIVE_TARGET,TPH1,TPH1,rawtok_TPH1
ACIVICIN,drug_sample,PUTATIVE_TARGET,CTPS1,CTPS1,rawtok_CTPS1
MRS-1220,drug_sample,PUTATIVE_TARGET,ADORA2B,ADORA2B,rawtok_ADORA2B
MRS-1220,drug_sample,PUTATIVE_TARGET,ADORA3,ADORA3,rawtok_ADORA3
BUCLADESINE,drug_sample,PUTATIVE_TARGET,PRKACA,PRKACA,rawtok_PRKACA
AM-404,drug_sample,PUTATIVE_TARGET,CNR1,CNR1,rawtok_CNR1
AM-404,drug_sample,PUTATIVE_TARGET,CNR2,CNR2,rawtok_CNR2
AM-404,drug_sample,PUTATIVE_TARGET,FAAH,FAAH,rawtok_FAAH
AM-404,drug_sample,PUTATIVE_TARGET,TRPV1,TRPV1,rawtok_TRPV1
CGP-54626,drug_sample,PUTATIVE_TARGET,GABBR1,GABBR1,rawtok_GABBR1
CGP-54626,drug_sample,PUTATIVE_TARGET,GABBR2,GABBR2,rawtok_GABBR2
CGP-54626,drug_sample,PUTATIVE_TARGET,KCTD12,KCTD12,rawtok_KCTD12
CGP-54626,drug_sample,PUTATIVE_TARGET,KCTD16,KCTD16,rawtok_KCTD16
CGP-54626,drug_sample,PUTATIVE_TARGET,KCTD8,KCTD8,rawtok_KCTD8
LOMEFLOXACIN,drug_sample,PUTATIVE_TARGET,TOP2A,TOP2A,rawtok_TOP2A
DEFACTINIB,drug_sample,PUTATIVE_TARGET,PTK2,PTK2,rawtok_PTK2
NMS-1286937,drug_sample,PUTATIVE_TARGET,FLT3,FLT3,rawtok_FLT3
NMS-1286937,drug_sample,PUTATIVE_TARGET,PLK1,PLK1,rawtok_PLK1
NMS-1286937,drug_sample,PUTATIVE_TARGET,PLK2,PLK2,rawtok_PLK2
NMS-1286937,drug_sample,PUTATIVE_TARGET,PLK3,PLK3,rawtok_PLK3
MUBRITINIB,drug_sample,PUTATIVE_TARGET,EGFR,EGFR,rawtok_EGFR
MUBRITINIB,drug_sample,PUTATIVE_TARGET,ERBB2,ERBB2,rawtok_ERBB2
CROMAKALIM,drug_sample,PUTATIVE_TARGET,KCNJ8,KCNJ8,rawtok_KCNJ8
HYPOESTOXIDE,drug_sample,PUTATIVE_TARGET,IKBKB,IKBKB,rawtok_IKBKB
HYPOESTOXIDE,drug_sample,PUTATIVE_TARGET,IL1B,IL1B,rawtok_IL1B
HYPOESTOXIDE,drug_sample,PUTATIVE_TARGET,TNF,TNF,rawtok_TNF
VTP-27999,drug_sample,PUTATIVE_TARGET,REN,REN,rawtok_REN
PFK-015,drug_sample,PUTATIVE_TARGET,PFKFB3,PFKFB3,rawtok_PFKFB3
RU-58841,drug_sample,PUTATIVE_TARGET,AR,AR,rawtok_AR
IMILOXAN,drug_sample,PUTATIVE_TARGET,ADRA2A,ADRA2A,rawtok_ADRA2A
IMILOXAN,drug_sample,PUTATIVE_TARGET,ADRA2B,ADRA2B,rawtok_ADRA2B
LATREPIRDINE,drug_sample,PUTATIVE_TARGET,HRH1,HRH1,rawtok_HRH1
LATREPIRDINE,drug_sample,PUTATIVE_TARGET,HTR6,HTR6,rawtok_HTR6
EPOTHILONE-D,drug_sample,PUTATIVE_TARGET,TUBA1A,TUBA1A,rawtok_TUBA1A
EPOTHILONE-D,drug_sample,PUTATIVE_TARGET,TUBA1B,TUBA1B,rawtok_TUBA1B
EPOTHILONE-D,drug_sample,PUTATIVE_TARGET,TUBA1C,TUBA1C,rawtok_TUBA1C
EPOTHILONE-D,drug_sample,PUTATIVE_TARGET,TUBA3C,TUBA3C,rawtok_TUBA3C
EPOTHILONE-D,drug_sample,PUTATIVE_TARGET,TUBA4A,TUBA4A,rawtok_TUBA4A
EPOTHILONE-D,drug_sample,PUTATIVE_TARGET,TUBA8,TUBA8,rawtok_TUBA8
EPOTHILONE-D,drug_sample,PUTATIVE_TARGET,TUBB,TUBB,rawtok_TUBB
EPOTHILONE-D,drug_sample,PUTATIVE_TARGET,TUBB1,TUBB1,rawtok_TUBB1
EPOTHILONE-D,drug_sample,PUTATIVE_TARGET,TUBB3,TUBB3,rawtok_TUBB3
EPOTHILONE-D,drug_sample,PUTATIVE_TARGET,TUBB4A,TUBB4A,rawtok_TUBB4A
EPOTHILONE-D,drug_sample,PUTATIVE_TARGET,TUBB4B,TUBB4B,rawtok_TUBB4B
MOCETINOSTAT,drug_sample,PUTATIVE_TARGET,HDAC1,HDAC1,rawtok_HDAC1
MOCETINOSTAT,drug_sample,PUTATIVE_TARGET,HDAC11,HDAC11,rawtok_HDAC11
MOCETINOSTAT,drug_sample,PUTATIVE_TARGET,HDAC2,HDAC2,rawtok_HDAC2
MOCETINOSTAT,drug_sample,PUTATIVE_TARGET,HDAC3,HDAC3,rawtok_HDAC3
K-STROPHANTHIDIN,drug_sample,PUTATIVE_TARGET,ATP1A1,ATP1A1,rawtok_ATP1A1
JNJ-26481585,drug_sample,PUTATIVE_TARGET,HDAC1,HDAC1,rawtok_HDAC1
JNJ-26481585,drug_sample,PUTATIVE_TARGET,HDAC10,HDAC10,rawtok_HDAC10
JNJ-26481585,drug_sample,PUTATIVE_TARGET,HDAC11,HDAC11,rawtok_HDAC11
JNJ-26481585,drug_sample,PUTATIVE_TARGET,HDAC2,HDAC2,rawtok_HDAC2
JNJ-26481585,drug_sample,PUTATIVE_TARGET,HDAC3,HDAC3,rawtok_HDAC3
JNJ-26481585,drug_sample,PUTATIVE_TARGET,HDAC4,HDAC4,rawtok_HDAC4
JNJ-26481585,drug_sample,PUTATIVE_TARGET,HDAC5,HDAC5,rawtok_HDAC5
JNJ-26481585,drug_sample,PUTATIVE_TARGET,HDAC6,HDAC6,rawtok_HDAC6
JNJ-26481585,drug_sample,PUTATIVE_TARGET,HDAC7,HDAC7,rawtok_HDAC7
JNJ-26481585,drug_sample,PUTATIVE_TARGET,HDAC8,HDAC8,rawtok_HDAC8
JNJ-26481585,drug_sample,PUTATIVE_TARGET,HDAC9,HDAC9,rawtok_HDAC9
JNJ-26481585,drug_sample,PUTATIVE_TARGET,MDM2,MDM2,rawtok_MDM2
MLN-8054,drug_sample,PUTATIVE_TARGET,AURKA,AURKA,rawtok_AURKA
BMS-599626,drug_sample,PUTATIVE_TARGET,EGFR,EGFR,rawtok_EGFR
BMS-599626,drug_sample,PUTATIVE_TARGET,ERBB2,ERBB2,rawtok_ERBB2
BMS-599626,drug_sample,PUTATIVE_TARGET,ERBB4,ERBB4,rawtok_ERBB4
PF-03814735,drug_sample,PUTATIVE_TARGET,AURKA,AURKA,rawtok_AURKA
PF-03814735,drug_sample,PUTATIVE_TARGET,AURKB,AURKB,rawtok_AURKB
AP26113,drug_sample,PUTATIVE_TARGET,ALK,ALK,rawtok_ALK
AP26113,drug_sample,PUTATIVE_TARGET,EGFR,EGFR,rawtok_EGFR
GDC-0152,drug_sample,PUTATIVE_TARGET,BIRC2,BIRC2,rawtok_BIRC2
GDC-0152,drug_sample,PUTATIVE_TARGET,BIRC3,BIRC3,rawtok_BIRC3
GDC-0152,drug_sample,PUTATIVE_TARGET,BIRC7,BIRC7,rawtok_BIRC7
GDC-0152,drug_sample,PUTATIVE_TARGET,XIAP,XIAP,rawtok_XIAP
12-O-TETRADECANOYLPHORBOL-13-ACETATE,drug_sample,PUTATIVE_TARGET,KCNT2,KCNT2,rawtok_KCNT2
12-O-TETRADECANOYLPHORBOL-13-ACETATE,drug_sample,PUTATIVE_TARGET,TRPV4,TRPV4,rawtok_TRPV4
ADAROTENE,drug_sample,PUTATIVE_TARGET,RARB,RARB,rawtok_RARB
ADAROTENE,drug_sample,PUTATIVE_TARGET,RARG,RARG,rawtok_RARG
ENMD-2076,drug_sample,PUTATIVE_TARGET,AURKA,AURKA,rawtok_AURKA
ENMD-2076,drug_sample,PUTATIVE_TARGET,FLT3,FLT3,rawtok_FLT3
ENMD-2076,drug_sample,PUTATIVE_TARGET,KDR,KDR,rawtok_KDR
ENMD-2076,drug_sample,PUTATIVE_TARGET,PDGFRA,PDGFRA,rawtok_PDGFRA
ENMD-2076,drug_sample,PUTATIVE_TARGET,PTK2,PTK2,rawtok_PTK2
ENMD-2076,drug_sample,PUTATIVE_TARGET,SRC,SRC,rawtok_SRC
SGI-1776,drug_sample,PUTATIVE_TARGET,FLT3,FLT3,rawtok_FLT3
SGI-1776,drug_sample,PUTATIVE_TARGET,PIM1,PIM1,rawtok_PIM1
SGI-1776,drug_sample,PUTATIVE_TARGET,PIM2,PIM2,rawtok_PIM2
SGI-1776,drug_sample,PUTATIVE_TARGET,PIM3,PIM3,rawtok_PIM3
RG2833,drug_sample,PUTATIVE_TARGET,HDAC1,HDAC1,rawtok_HDAC1
RG2833,drug_sample,PUTATIVE_TARGET,HDAC3,HDAC3,rawtok_HDAC3
PF-04691502,drug_sample,PUTATIVE_TARGET,MTOR,MTOR,rawtok_MTOR
PF-04691502,drug_sample,PUTATIVE_TARGET,PIK3CA,PIK3CA,rawtok_PIK3CA
CYC116,drug_sample,PUTATIVE_TARGET,AURKA,AURKA,rawtok_AURKA
CYC116,drug_sample,PUTATIVE_TARGET,AURKB,AURKB,rawtok_AURKB
CYC116,drug_sample,PUTATIVE_TARGET,KDR,KDR,rawtok_KDR
ADL5859,drug_sample,PUTATIVE_TARGET,OPRD1,OPRD1,rawtok_OPRD1
KX2-391,drug_sample,PUTATIVE_TARGET,SRC,SRC,rawtok_SRC
SNS-314,drug_sample,PUTATIVE_TARGET,AURKA,AURKA,rawtok_AURKA
SNS-314,drug_sample,PUTATIVE_TARGET,AURKB,AURKB,rawtok_AURKB
SNS-314,drug_sample,PUTATIVE_TARGET,AURKC,AURKC,rawtok_AURKC
BARASERTIB-HQPA,drug_sample,PUTATIVE_TARGET,AURKB,AURKB,rawtok_AURKB
AZD9668,drug_sample,PUTATIVE_TARGET,ELANE,ELANE,rawtok_ELANE
PF-477736,drug_sample,PUTATIVE_TARGET,CHEK1,CHEK1,rawtok_CHEK1
PF-477736,drug_sample,PUTATIVE_TARGET,CHEK2,CHEK2,rawtok_CHEK2
FG-4592,drug_sample,PUTATIVE_TARGET,EGLN2,EGLN2,rawtok_EGLN2
TANDUTINIB,drug_sample,PUTATIVE_TARGET,CSF1R,CSF1R,rawtok_CSF1R
TANDUTINIB,drug_sample,PUTATIVE_TARGET,FLT3,FLT3,rawtok_FLT3
TANDUTINIB,drug_sample,PUTATIVE_TARGET,KIT,KIT,rawtok_KIT
TANDUTINIB,drug_sample,PUTATIVE_TARGET,PDGFD,PDGFD,rawtok_PDGFD
TANDUTINIB,drug_sample,PUTATIVE_TARGET,PDGFRB,PDGFRB,rawtok_PDGFRB
GSK2110183,drug_sample,PUTATIVE_TARGET,AKT1,AKT1,rawtok_AKT1
GSK2110183,drug_sample,PUTATIVE_TARGET,AKT2,AKT2,rawtok_AKT2
GSK2110183,drug_sample,PUTATIVE_TARGET,AKT3,AKT3,rawtok_AKT3
VORELOXIN,drug_sample,PUTATIVE_TARGET,TOP2A,TOP2A,rawtok_TOP2A
TANSHINONE-I,drug_sample,PUTATIVE_TARGET,IFNG,IFNG,rawtok_IFNG
GW-501516,drug_sample,PUTATIVE_TARGET,PPARA,PPARA,rawtok_PPARA
GW-501516,drug_sample,PUTATIVE_TARGET,PPARD,PPARD,rawtok_PPARD
ASYMMETRICAL-DIMETHYLARGININE,drug_sample,PUTATIVE_TARGET,NOS2,NOS2,rawtok_NOS2
ASYMMETRICAL-DIMETHYLARGININE,drug_sample,PUTATIVE_TARGET,NOS3,NOS3,rawtok_NOS3
EXATECAN-MESYLATE,drug_sample,PUTATIVE_TARGET,TOP1,TOP1,rawtok_TOP1
EPOTHILONE-B,drug_sample,PUTATIVE_TARGET,TUBA1A,TUBA1A,rawtok_TUBA1A
EPOTHILONE-B,drug_sample,PUTATIVE_TARGET,TUBA1B,TUBA1B,rawtok_TUBA1B
EPOTHILONE-B,drug_sample,PUTATIVE_TARGET,TUBA1C,TUBA1C,rawtok_TUBA1C
EPOTHILONE-B,drug_sample,PUTATIVE_TARGET,TUBA3C,TUBA3C,rawtok_TUBA3C
EPOTHILONE-B,drug_sample,PUTATIVE_TARGET,TUBA4A,TUBA4A,rawtok_TUBA4A
EPOTHILONE-B,drug_sample,PUTATIVE_TARGET,TUBA8,TUBA8,rawtok_TUBA8
EPOTHILONE-B,drug_sample,PUTATIVE_TARGET,TUBB,TUBB,rawtok_TUBB
EPOTHILONE-B,drug_sample,PUTATIVE_TARGET,TUBB1,TUBB1,rawtok_TUBB1
EPOTHILONE-B,drug_sample,PUTATIVE_TARGET,TUBB3,TUBB3,rawtok_TUBB3
EPOTHILONE-B,drug_sample,PUTATIVE_TARGET,TUBB4A,TUBB4A,rawtok_TUBB4A
EPOTHILONE-B,drug_sample,PUTATIVE_TARGET,TUBB4B,TUBB4B,rawtok_TUBB4B
CGS-20625,drug_sample,PUTATIVE_TARGET,GABRA1,GABRA1,rawtok_GABRA1
CGS-20625,drug_sample,PUTATIVE_TARGET,GABRA2,GABRA2,rawtok_GABRA2
CGS-20625,drug_sample,PUTATIVE_TARGET,GABRA3,GABRA3,rawtok_GABRA3
CGS-20625,drug_sample,PUTATIVE_TARGET,GABRA4,GABRA4,rawtok_GABRA4
CGS-20625,drug_sample,PUTATIVE_TARGET,GABRA5,GABRA5,rawtok_GABRA5
CGS-20625,drug_sample,PUTATIVE_TARGET,GABRA6,GABRA6,rawtok_GABRA6
ZK-93426,drug_sample,PUTATIVE_TARGET,GABRA1,GABRA1,rawtok_GABRA1
ZK-93426,drug_sample,PUTATIVE_TARGET,GABRA2,GABRA2,rawtok_GABRA2
ZK-93426,drug_sample,PUTATIVE_TARGET,GABRA3,GABRA3,rawtok_GABRA3
ZK-93426,drug_sample,PUTATIVE_TARGET,GABRA5,GABRA5,rawtok_GABRA5
PF-04217903,drug_sample,PUTATIVE_TARGET,MET,MET,rawtok_MET
RUCINOL,drug_sample,PUTATIVE_TARGET,TYR,TYR,rawtok_TYR
HMN-214,drug_sample,PUTATIVE_TARGET,PLK1,PLK1,rawtok_PLK1
DELANZOMIB,drug_sample,PUTATIVE_TARGET,CMA1,CMA1,rawtok_CMA1
DELANZOMIB,drug_sample,PUTATIVE_TARGET,CTSG,CTSG,rawtok_CTSG
DELANZOMIB,drug_sample,PUTATIVE_TARGET,CYP3A4,CYP3A4,rawtok_CYP3A4
DELANZOMIB,drug_sample,PUTATIVE_TARGET,ELANE,ELANE,rawtok_ELANE
LONAFARNIB,drug_sample,PUTATIVE_TARGET,FNTA,FNTA,rawtok_FNTA
LONAFARNIB,drug_sample,PUTATIVE_TARGET,HRAS,HRAS,rawtok_HRAS
LONAFARNIB,drug_sample,PUTATIVE_TARGET,KRAS,KRAS,rawtok_KRAS
LONAFARNIB,drug_sample,PUTATIVE_TARGET,NRAS,NRAS,rawtok_NRAS
BIRINAPANT,drug_sample,PUTATIVE_TARGET,BIRC2,BIRC2,rawtok_BIRC2
BIRINAPANT,drug_sample,PUTATIVE_TARGET,XIAP,XIAP,rawtok_XIAP
PF-03758309,drug_sample,PUTATIVE_TARGET,PAK4,PAK4,rawtok_PAK4
LGX818,drug_sample,PUTATIVE_TARGET,BRAF,BRAF,rawtok_BRAF
VATALANIB,drug_sample,PUTATIVE_TARGET,EGFR,EGFR,rawtok_EGFR
VATALANIB,drug_sample,PUTATIVE_TARGET,FLT1,FLT1,rawtok_FLT1
VATALANIB,drug_sample,PUTATIVE_TARGET,FLT4,FLT4,rawtok_FLT4
VATALANIB,drug_sample,PUTATIVE_TARGET,KDR,KDR,rawtok_KDR
VATALANIB,drug_sample,PUTATIVE_TARGET,PDGFRB,PDGFRB,rawtok_PDGFRB
GW-842166,drug_sample,PUTATIVE_TARGET,CNR2,CNR2,rawtok_CNR2
KD-023,drug_sample,PUTATIVE_TARGET,ACACA,ACACA,rawtok_ACACA
KD-023,drug_sample,PUTATIVE_TARGET,ACACB,ACACB,rawtok_ACACB
KD025,drug_sample,PUTATIVE_TARGET,ROCK2,ROCK2,rawtok_ROCK2
TAK-733,drug_sample,PUTATIVE_TARGET,MAP2K1,MAP2K1,rawtok_MAP2K1
WP1066,drug_sample,PUTATIVE_TARGET,STAT3,STAT3,rawtok_STAT3
SB-939,drug_sample,PUTATIVE_TARGET,HDAC1,HDAC1,rawtok_HDAC1
SB-939,drug_sample,PUTATIVE_TARGET,HDAC10,HDAC10,rawtok_HDAC10
SB-939,drug_sample,PUTATIVE_TARGET,HDAC3,HDAC3,rawtok_HDAC3
SB-939,drug_sample,PUTATIVE_TARGET,HDAC4,HDAC4,rawtok_HDAC4
SB-939,drug_sample,PUTATIVE_TARGET,HDAC5,HDAC5,rawtok_HDAC5
SB-939,drug_sample,PUTATIVE_TARGET,HDAC9,HDAC9,rawtok_HDAC9
MK-5108,drug_sample,PUTATIVE_TARGET,AURKA,AURKA,rawtok_AURKA
MK-5108,drug_sample,PUTATIVE_TARGET,AURKB,AURKB,rawtok_AURKB
MK-5108,drug_sample,PUTATIVE_TARGET,AURKC,AURKC,rawtok_AURKC
YM-155,drug_sample,PUTATIVE_TARGET,BIRC5,BIRC5,rawtok_BIRC5
ZALDARIDE,drug_sample,PUTATIVE_TARGET,CALM1,CALM1,rawtok_CALM1
LY2784544,drug_sample,PUTATIVE_TARGET,JAK2,JAK2,rawtok_JAK2
LY2784544,drug_sample,PUTATIVE_TARGET,JAK3,JAK3,rawtok_JAK3
CRENOLANIB,drug_sample,PUTATIVE_TARGET,CSF1R,CSF1R,rawtok_CSF1R
CRENOLANIB,drug_sample,PUTATIVE_TARGET,FLT3,FLT3,rawtok_FLT3
CRENOLANIB,drug_sample,PUTATIVE_TARGET,KIT,KIT,rawtok_KIT
CRENOLANIB,drug_sample,PUTATIVE_TARGET,PDGFRA,PDGFRA,rawtok_PDGFRA
CRENOLANIB,drug_sample,PUTATIVE_TARGET,PDGFRB,PDGFRB,rawtok_PDGFRB
MARIMASTAT,drug_sample,PUTATIVE_TARGET,MMP1,MMP1,rawtok_MMP1
MARIMASTAT,drug_sample,PUTATIVE_TARGET,MMP10,MMP10,rawtok_MMP10
MARIMASTAT,drug_sample,PUTATIVE_TARGET,MMP11,MMP11,rawtok_MMP11
MARIMASTAT,drug_sample,PUTATIVE_TARGET,MMP12,MMP12,rawtok_MMP12
MARIMASTAT,drug_sample,PUTATIVE_TARGET,MMP13,MMP13,rawtok_MMP13
MARIMASTAT,drug_sample,PUTATIVE_TARGET,MMP14,MMP14,rawtok_MMP14
MARIMASTAT,drug_sample,PUTATIVE_TARGET,MMP15,MMP15,rawtok_MMP15
MARIMASTAT,drug_sample,PUTATIVE_TARGET,MMP16,MMP16,rawtok_MMP16
MARIMASTAT,drug_sample,PUTATIVE_TARGET,MMP17,MMP17,rawtok_MMP17
MARIMASTAT,drug_sample,PUTATIVE_TARGET,MMP19,MMP19,rawtok_MMP19
MARIMASTAT,drug_sample,PUTATIVE_TARGET,MMP2,MMP2,rawtok_MMP2
MARIMASTAT,drug_sample,PUTATIVE_TARGET,MMP20,MMP20,rawtok_MMP20
MARIMASTAT,drug_sample,PUTATIVE_TARGET,MMP21,MMP21,rawtok_MMP21
MARIMASTAT,drug_sample,PUTATIVE_TARGET,MMP23A,MMP23A,rawtok_MMP23A
MARIMASTAT,drug_sample,PUTATIVE_TARGET,MMP24,MMP24,rawtok_MMP24
MARIMASTAT,drug_sample,PUTATIVE_TARGET,MMP25,MMP25,rawtok_MMP25
MARIMASTAT,drug_sample,PUTATIVE_TARGET,MMP26,MMP26,rawtok_MMP26
MARIMASTAT,drug_sample,PUTATIVE_TARGET,MMP27,MMP27,rawtok_MMP27
MARIMASTAT,drug_sample,PUTATIVE_TARGET,MMP28,MMP28,rawtok_MMP28
MARIMASTAT,drug_sample,PUTATIVE_TARGET,MMP3,MMP3,rawtok_MMP3
MARIMASTAT,drug_sample,PUTATIVE_TARGET,MMP7,MMP7,rawtok_MMP7
MARIMASTAT,drug_sample,PUTATIVE_TARGET,MMP8,MMP8,rawtok_MMP8
MARIMASTAT,drug_sample,PUTATIVE_TARGET,MMP9,MMP9,rawtok_MMP9
BITOPERTIN,drug_sample,PUTATIVE_TARGET,SLC6A5,SLC6A5,rawtok_SLC6A5
BITOPERTIN,drug_sample,PUTATIVE_TARGET,SLC6A9,SLC6A9,rawtok_SLC6A9
WARFARIN,drug_sample,PUTATIVE_TARGET,VKORC1,VKORC1,rawtok_VKORC1
HALOFUGINONE,drug_sample,PUTATIVE_TARGET,COL1A1,COL1A1,rawtok_COL1A1
HALOFUGINONE,drug_sample,PUTATIVE_TARGET,MMP2,MMP2,rawtok_MMP2
CHLORPYRIFOS,drug_sample,PUTATIVE_TARGET,ACHE,ACHE,rawtok_ACHE
CARVEDILOL,drug_sample,PUTATIVE_TARGET,ADRA1A,ADRA1A,rawtok_ADRA1A
CARVEDILOL,drug_sample,PUTATIVE_TARGET,ADRA1B,ADRA1B,rawtok_ADRA1B
CARVEDILOL,drug_sample,PUTATIVE_TARGET,ADRA1D,ADRA1D,rawtok_ADRA1D
CARVEDILOL,drug_sample,PUTATIVE_TARGET,ADRA2A,ADRA2A,rawtok_ADRA2A
CARVEDILOL,drug_sample,PUTATIVE_TARGET,ADRA2B,ADRA2B,rawtok_ADRA2B
CARVEDILOL,drug_sample,PUTATIVE_TARGET,ADRA2C,ADRA2C,rawtok_ADRA2C
CARVEDILOL,drug_sample,PUTATIVE_TARGET,ADRB1,ADRB1,rawtok_ADRB1
CARVEDILOL,drug_sample,PUTATIVE_TARGET,ADRB2,ADRB2,rawtok_ADRB2
CARVEDILOL,drug_sample,PUTATIVE_TARGET,ADRB3,ADRB3,rawtok_ADRB3
CARVEDILOL,drug_sample,PUTATIVE_TARGET,GJA1,GJA1,rawtok_GJA1
CARVEDILOL,drug_sample,PUTATIVE_TARGET,HIF1A,HIF1A,rawtok_HIF1A
CARVEDILOL,drug_sample,PUTATIVE_TARGET,KCNH2,KCNH2,rawtok_KCNH2
CARVEDILOL,drug_sample,PUTATIVE_TARGET,NDUFC2,NDUFC2,rawtok_NDUFC2
CARVEDILOL,drug_sample,PUTATIVE_TARGET,NPPB,NPPB,rawtok_NPPB
CARVEDILOL,drug_sample,PUTATIVE_TARGET,SELE,SELE,rawtok_SELE
CARVEDILOL,drug_sample,PUTATIVE_TARGET,VCAM1,VCAM1,rawtok_VCAM1
CARVEDILOL,drug_sample,PUTATIVE_TARGET,VEGFA,VEGFA,rawtok_VEGFA
ESTRADIOL,drug_sample,PUTATIVE_TARGET,ESR1,ESR1,rawtok_ESR1
ESTRADIOL,drug_sample,PUTATIVE_TARGET,ESR2,ESR2,rawtok_ESR2
ESTRADIOL,drug_sample,PUTATIVE_TARGET,GPER1,GPER1,rawtok_GPER1
ESTRADIOL,drug_sample,PUTATIVE_TARGET,KCNMA1,KCNMA1,rawtok_KCNMA1
ESTRADIOL,drug_sample,PUTATIVE_TARGET,NR1I2,NR1I2,rawtok_NR1I2
DIGOXIN,drug_sample,PUTATIVE_TARGET,ATP1A1,ATP1A1,rawtok_ATP1A1
TALTIRELIN,drug_sample,PUTATIVE_TARGET,TRHR,TRHR,rawtok_TRHR
SPIRONOLACTONE,drug_sample,PUTATIVE_TARGET,AR,AR,rawtok_AR
SPIRONOLACTONE,drug_sample,PUTATIVE_TARGET,CACNA1A,CACNA1A,rawtok_CACNA1A
SPIRONOLACTONE,drug_sample,PUTATIVE_TARGET,CACNA1B,CACNA1B,rawtok_CACNA1B
SPIRONOLACTONE,drug_sample,PUTATIVE_TARGET,CACNA1C,CACNA1C,rawtok_CACNA1C
SPIRONOLACTONE,drug_sample,PUTATIVE_TARGET,CACNA1D,CACNA1D,rawtok_CACNA1D
SPIRONOLACTONE,drug_sample,PUTATIVE_TARGET,CACNA1F,CACNA1F,rawtok_CACNA1F
SPIRONOLACTONE,drug_sample,PUTATIVE_TARGET,CACNA1G,CACNA1G,rawtok_CACNA1G
SPIRONOLACTONE,drug_sample,PUTATIVE_TARGET,CACNA1H,CACNA1H,rawtok_CACNA1H
SPIRONOLACTONE,drug_sample,PUTATIVE_TARGET,CACNA1I,CACNA1I,rawtok_CACNA1I
SPIRONOLACTONE,drug_sample,PUTATIVE_TARGET,CACNA1S,CACNA1S,rawtok_CACNA1S
SPIRONOLACTONE,drug_sample,PUTATIVE_TARGET,CACNA2D1,CACNA2D1,rawtok_CACNA2D1
SPIRONOLACTONE,drug_sample,PUTATIVE_TARGET,CACNA2D2,CACNA2D2,rawtok_CACNA2D2
SPIRONOLACTONE,drug_sample,PUTATIVE_TARGET,CACNA2D3,CACNA2D3,rawtok_CACNA2D3
SPIRONOLACTONE,drug_sample,PUTATIVE_TARGET,CACNB1,CACNB1,rawtok_CACNB1
SPIRONOLACTONE,drug_sample,PUTATIVE_TARGET,CACNB2,CACNB2,rawtok_CACNB2
SPIRONOLACTONE,drug_sample,PUTATIVE_TARGET,CACNB3,CACNB3,rawtok_CACNB3
SPIRONOLACTONE,drug_sample,PUTATIVE_TARGET,CACNB4,CACNB4,rawtok_CACNB4
SPIRONOLACTONE,drug_sample,PUTATIVE_TARGET,CACNG1,CACNG1,rawtok_CACNG1
SPIRONOLACTONE,drug_sample,PUTATIVE_TARGET,CYP11B2,CYP11B2,rawtok_CYP11B2
SPIRONOLACTONE,drug_sample,PUTATIVE_TARGET,NR3C1,NR3C1,rawtok_NR3C1
SPIRONOLACTONE,drug_sample,PUTATIVE_TARGET,NR3C2,NR3C2,rawtok_NR3C2
SPIRONOLACTONE,drug_sample,PUTATIVE_TARGET,PGR,PGR,rawtok_PGR
SPIRONOLACTONE,drug_sample,PUTATIVE_TARGET,SHBG,SHBG,rawtok_SHBG
IBUTILIDE,drug_sample,PUTATIVE_TARGET,CACNA1C,CACNA1C,rawtok_CACNA1C
IBUTILIDE,drug_sample,PUTATIVE_TARGET,CACNA2D1,CACNA2D1,rawtok_CACNA2D1
IBUTILIDE,drug_sample,PUTATIVE_TARGET,CACNB1,CACNB1,rawtok_CACNB1
IBUTILIDE,drug_sample,PUTATIVE_TARGET,CACNG1,CACNG1,rawtok_CACNG1
IBUTILIDE,drug_sample,PUTATIVE_TARGET,KCNH2,KCNH2,rawtok_KCNH2
IBUTILIDE,drug_sample,PUTATIVE_TARGET,KCNH6,KCNH6,rawtok_KCNH6
IBUTILIDE,drug_sample,PUTATIVE_TARGET,KCNH7,KCNH7,rawtok_KCNH7
IBUTILIDE,drug_sample,PUTATIVE_TARGET,KCNJ11,KCNJ11,rawtok_KCNJ11
IBUTILIDE,drug_sample,PUTATIVE_TARGET,KCNK1,KCNK1,rawtok_KCNK1
IBUTILIDE,drug_sample,PUTATIVE_TARGET,KCNK6,KCNK6,rawtok_KCNK6
DRONEDARONE,drug_sample,PUTATIVE_TARGET,ADRA1A,ADRA1A,rawtok_ADRA1A
DRONEDARONE,drug_sample,PUTATIVE_TARGET,ADRA1B,ADRA1B,rawtok_ADRA1B
DRONEDARONE,drug_sample,PUTATIVE_TARGET,ADRA1D,ADRA1D,rawtok_ADRA1D
DRONEDARONE,drug_sample,PUTATIVE_TARGET,ADRA2A,ADRA2A,rawtok_ADRA2A
DRONEDARONE,drug_sample,PUTATIVE_TARGET,ADRA2B,ADRA2B,rawtok_ADRA2B
DRONEDARONE,drug_sample,PUTATIVE_TARGET,ADRA2C,ADRA2C,rawtok_ADRA2C
DRONEDARONE,drug_sample,PUTATIVE_TARGET,ADRB1,ADRB1,rawtok_ADRB1
DRONEDARONE,drug_sample,PUTATIVE_TARGET,CACNA1C,CACNA1C,rawtok_CACNA1C
DRONEDARONE,drug_sample,PUTATIVE_TARGET,CACNA1D,CACNA1D,rawtok_CACNA1D
DRONEDARONE,drug_sample,PUTATIVE_TARGET,CACNA1F,CACNA1F,rawtok_CACNA1F
DRONEDARONE,drug_sample,PUTATIVE_TARGET,CACNA1S,CACNA1S,rawtok_CACNA1S
DRONEDARONE,drug_sample,PUTATIVE_TARGET,CACNB1,CACNB1,rawtok_CACNB1
DRONEDARONE,drug_sample,PUTATIVE_TARGET,CACNB2,CACNB2,rawtok_CACNB2
DRONEDARONE,drug_sample,PUTATIVE_TARGET,CACNB3,CACNB3,rawtok_CACNB3
DRONEDARONE,drug_sample,PUTATIVE_TARGET,CACNB4,CACNB4,rawtok_CACNB4
DRONEDARONE,drug_sample,PUTATIVE_TARGET,KCNA5,KCNA5,rawtok_KCNA5
DRONEDARONE,drug_sample,PUTATIVE_TARGET,KCNH2,KCNH2,rawtok_KCNH2
DRONEDARONE,drug_sample,PUTATIVE_TARGET,KCNK2,KCNK2,rawtok_KCNK2
DRONEDARONE,drug_sample,PUTATIVE_TARGET,SCN1A,SCN1A,rawtok_SCN1A
MIBEFRADIL,drug_sample,PUTATIVE_TARGET,ANO1,ANO1,rawtok_ANO1
MIBEFRADIL,drug_sample,PUTATIVE_TARGET,CACNA1C,CACNA1C,rawtok_CACNA1C
MIBEFRADIL,drug_sample,PUTATIVE_TARGET,CACNA1D,CACNA1D,rawtok_CACNA1D
MIBEFRADIL,drug_sample,PUTATIVE_TARGET,CACNA1F,CACNA1F,rawtok_CACNA1F
MIBEFRADIL,drug_sample,PUTATIVE_TARGET,CACNA1G,CACNA1G,rawtok_CACNA1G
MIBEFRADIL,drug_sample,PUTATIVE_TARGET,CACNA1H,CACNA1H,rawtok_CACNA1H
MIBEFRADIL,drug_sample,PUTATIVE_TARGET,CACNA1I,CACNA1I,rawtok_CACNA1I
MIBEFRADIL,drug_sample,PUTATIVE_TARGET,CACNA1S,CACNA1S,rawtok_CACNA1S
MIBEFRADIL,drug_sample,PUTATIVE_TARGET,CACNB1,CACNB1,rawtok_CACNB1
MIBEFRADIL,drug_sample,PUTATIVE_TARGET,CACNB2,CACNB2,rawtok_CACNB2
MIBEFRADIL,drug_sample,PUTATIVE_TARGET,CACNB3,CACNB3,rawtok_CACNB3
MIBEFRADIL,drug_sample,PUTATIVE_TARGET,CACNB4,CACNB4,rawtok_CACNB4
MIBEFRADIL,drug_sample,PUTATIVE_TARGET,CATSPER1,CATSPER1,rawtok_CATSPER1
MIBEFRADIL,drug_sample,PUTATIVE_TARGET,CATSPER2,CATSPER2,rawtok_CATSPER2
MIBEFRADIL,drug_sample,PUTATIVE_TARGET,CATSPER3,CATSPER3,rawtok_CATSPER3
MIBEFRADIL,drug_sample,PUTATIVE_TARGET,CATSPER4,CATSPER4,rawtok_CATSPER4
BAICALIN,drug_sample,PUTATIVE_TARGET,PREP,PREP,rawtok_PREP
TROVAFLOXACIN,drug_sample,PUTATIVE_TARGET,TOP2A,TOP2A,rawtok_TOP2A
RAMATROBAN,drug_sample,PUTATIVE_TARGET,PTGDR2,PTGDR2,rawtok_PTGDR2
RAMATROBAN,drug_sample,PUTATIVE_TARGET,TBXA2R,TBXA2R,rawtok_TBXA2R
FLUOROMETHOLONE,drug_sample,PUTATIVE_TARGET,NR3C1,NR3C1,rawtok_NR3C1
NICOTINE,drug_sample,PUTATIVE_TARGET,CHAT,CHAT,rawtok_CHAT
NICOTINE,drug_sample,PUTATIVE_TARGET,CHRNA10,CHRNA10,rawtok_CHRNA10
NICOTINE,drug_sample,PUTATIVE_TARGET,CHRNA2,CHRNA2,rawtok_CHRNA2
NICOTINE,drug_sample,PUTATIVE_TARGET,CHRNA3,CHRNA3,rawtok_CHRNA3
NICOTINE,drug_sample,PUTATIVE_TARGET,CHRNA4,CHRNA4,rawtok_CHRNA4
NICOTINE,drug_sample,PUTATIVE_TARGET,CHRNA5,CHRNA5,rawtok_CHRNA5
NICOTINE,drug_sample,PUTATIVE_TARGET,CHRNA6,CHRNA6,rawtok_CHRNA6
NICOTINE,drug_sample,PUTATIVE_TARGET,CHRNA7,CHRNA7,rawtok_CHRNA7
NICOTINE,drug_sample,PUTATIVE_TARGET,CHRNA9,CHRNA9,rawtok_CHRNA9
NICOTINE,drug_sample,PUTATIVE_TARGET,CHRNB2,CHRNB2,rawtok_CHRNB2
NICOTINE,drug_sample,PUTATIVE_TARGET,CHRNB3,CHRNB3,rawtok_CHRNB3
NICOTINE,drug_sample,PUTATIVE_TARGET,CHRNB4,CHRNB4,rawtok_CHRNB4
NICOTINE,drug_sample,PUTATIVE_TARGET,CYP19A1,CYP19A1,rawtok_CYP19A1
NICOTINE,drug_sample,PUTATIVE_TARGET,TBXAS1,TBXAS1,rawtok_TBXAS1
NICOTINE,drug_sample,PUTATIVE_TARGET,TRPA1,TRPA1,rawtok_TRPA1
MENADIONE,drug_sample,PUTATIVE_TARGET,AOX1,AOX1,rawtok_AOX1
MENADIONE,drug_sample,PUTATIVE_TARGET,BGLAP,BGLAP,rawtok_BGLAP
MENADIONE,drug_sample,PUTATIVE_TARGET,F10,F10,rawtok_F10
MENADIONE,drug_sample,PUTATIVE_TARGET,F2,F2,rawtok_F2
MENADIONE,drug_sample,PUTATIVE_TARGET,F7,F7,rawtok_F7
MENADIONE,drug_sample,PUTATIVE_TARGET,F9,F9,rawtok_F9
MENADIONE,drug_sample,PUTATIVE_TARGET,GGCX,GGCX,rawtok_GGCX
MENADIONE,drug_sample,PUTATIVE_TARGET,NQO1,NQO1,rawtok_NQO1
MENADIONE,drug_sample,PUTATIVE_TARGET,NQO2,NQO2,rawtok_NQO2
MENADIONE,drug_sample,PUTATIVE_TARGET,PROC,PROC,rawtok_PROC
MENADIONE,drug_sample,PUTATIVE_TARGET,PROS1,PROS1,rawtok_PROS1
MENADIONE,drug_sample,PUTATIVE_TARGET,PROZ,PROZ,rawtok_PROZ
MENADIONE,drug_sample,PUTATIVE_TARGET,VKORC1,VKORC1,rawtok_VKORC1
MENADIONE,drug_sample,PUTATIVE_TARGET,VKORC1L1,VKORC1L1,rawtok_VKORC1L1
RACECADOTRIL,drug_sample,PUTATIVE_TARGET,MME,MME,rawtok_MME
TORASEMIDE,drug_sample,PUTATIVE_TARGET,SLC12A1,SLC12A1,rawtok_SLC12A1
CHLORPROPAMIDE,drug_sample,PUTATIVE_TARGET,ABCC8,ABCC8,rawtok_ABCC8
CHLORPROPAMIDE,drug_sample,PUTATIVE_TARGET,KCNJ10,KCNJ10,rawtok_KCNJ10
CHLORPROPAMIDE,drug_sample,PUTATIVE_TARGET,KCNJ11,KCNJ11,rawtok_KCNJ11
IODIPAMIDE,drug_sample,PUTATIVE_TARGET,ALB,ALB,rawtok_ALB
TERBUTALINE,drug_sample,PUTATIVE_TARGET,ADRB2,ADRB2,rawtok_ADRB2
DICYCLOVERINE,drug_sample,PUTATIVE_TARGET,CHRM1,CHRM1,rawtok_CHRM1
DICYCLOVERINE,drug_sample,PUTATIVE_TARGET,CHRM2,CHRM2,rawtok_CHRM2
DICYCLOVERINE,drug_sample,PUTATIVE_TARGET,CHRM3,CHRM3,rawtok_CHRM3
AMISULPRIDE,drug_sample,PUTATIVE_TARGET,DRD2,DRD2,rawtok_DRD2
AMISULPRIDE,drug_sample,PUTATIVE_TARGET,DRD3,DRD3,rawtok_DRD3
AMISULPRIDE,drug_sample,PUTATIVE_TARGET,HTR2A,HTR2A,rawtok_HTR2A
AMISULPRIDE,drug_sample,PUTATIVE_TARGET,HTR7,HTR7,rawtok_HTR7
LEVOBUNOLOL,drug_sample,PUTATIVE_TARGET,ADRB1,ADRB1,rawtok_ADRB1
LEVOBUNOLOL,drug_sample,PUTATIVE_TARGET,ADRB2,ADRB2,rawtok_ADRB2
LEVOBUNOLOL,drug_sample,PUTATIVE_TARGET,ADRB3,ADRB3,rawtok_ADRB3
AZITHROMYCIN,drug_sample,PUTATIVE_TARGET,MLNR,MLNR,rawtok_MLNR
ATENOLOL-(+/-),drug_sample,PUTATIVE_TARGET,ADRB1,ADRB1,rawtok_ADRB1
ATENOLOL-(+/-),drug_sample,PUTATIVE_TARGET,ADRB2,ADRB2,rawtok_ADRB2
LOXISTATIN-ACID,drug_sample,PUTATIVE_TARGET,CTSB,CTSB,rawtok_CTSB
TRIMEBUTINE,drug_sample,PUTATIVE_TARGET,OPRD1,OPRD1,rawtok_OPRD1
TRIMEBUTINE,drug_sample,PUTATIVE_TARGET,OPRK1,OPRK1,rawtok_OPRK1
TRIMEBUTINE,drug_sample,PUTATIVE_TARGET,OPRM1,OPRM1,rawtok_OPRM1
KETOPROFEN,drug_sample,PUTATIVE_TARGET,CXCR1,CXCR1,rawtok_CXCR1
KETOPROFEN,drug_sample,PUTATIVE_TARGET,PTGS1,PTGS1,rawtok_PTGS1
KETOPROFEN,drug_sample,PUTATIVE_TARGET,PTGS2,PTGS2,rawtok_PTGS2
KETOPROFEN,drug_sample,PUTATIVE_TARGET,SLC5A8,SLC5A8,rawtok_SLC5A8
CALCITRIOL,drug_sample,PUTATIVE_TARGET,VDR,VDR,rawtok_VDR
CLENBUTEROL,drug_sample,PUTATIVE_TARGET,ADRB1,ADRB1,rawtok_ADRB1
CLENBUTEROL,drug_sample,PUTATIVE_TARGET,ADRB2,ADRB2,rawtok_ADRB2
CLENBUTEROL,drug_sample,PUTATIVE_TARGET,ADRB3,ADRB3,rawtok_ADRB3
CLENBUTEROL,drug_sample,PUTATIVE_TARGET,NGF,NGF,rawtok_NGF
CLENBUTEROL,drug_sample,PUTATIVE_TARGET,TNF,TNF,rawtok_TNF
MAPROTILINE,drug_sample,PUTATIVE_TARGET,ADRA1A,ADRA1A,rawtok_ADRA1A
MAPROTILINE,drug_sample,PUTATIVE_TARGET,ADRA1B,ADRA1B,rawtok_ADRA1B
MAPROTILINE,drug_sample,PUTATIVE_TARGET,ADRA1D,ADRA1D,rawtok_ADRA1D
MAPROTILINE,drug_sample,PUTATIVE_TARGET,ADRA2A,ADRA2A,rawtok_ADRA2A
MAPROTILINE,drug_sample,PUTATIVE_TARGET,ADRA2B,ADRA2B,rawtok_ADRA2B
MAPROTILINE,drug_sample,PUTATIVE_TARGET,ADRA2C,ADRA2C,rawtok_ADRA2C
MAPROTILINE,drug_sample,PUTATIVE_TARGET,CHRM1,CHRM1,rawtok_CHRM1
MAPROTILINE,drug_sample,PUTATIVE_TARGET,CHRM2,CHRM2,rawtok_CHRM2
MAPROTILINE,drug_sample,PUTATIVE_TARGET,CHRM3,CHRM3,rawtok_CHRM3
MAPROTILINE,drug_sample,PUTATIVE_TARGET,CHRM4,CHRM4,rawtok_CHRM4
MAPROTILINE,drug_sample,PUTATIVE_TARGET,CHRM5,CHRM5,rawtok_CHRM5
MAPROTILINE,drug_sample,PUTATIVE_TARGET,DRD2,DRD2,rawtok_DRD2
MAPROTILINE,drug_sample,PUTATIVE_TARGET,HRH1,HRH1,rawtok_HRH1
MAPROTILINE,drug_sample,PUTATIVE_TARGET,HTR2A,HTR2A,rawtok_HTR2A
MAPROTILINE,drug_sample,PUTATIVE_TARGET,HTR2C,HTR2C,rawtok_HTR2C
MAPROTILINE,drug_sample,PUTATIVE_TARGET,HTR7,HTR7,rawtok_HTR7
MAPROTILINE,drug_sample,PUTATIVE_TARGET,SLC6A2,SLC6A2,rawtok_SLC6A2
SUFENTANIL,drug_sample,PUTATIVE_TARGET,OPRD1,OPRD1,rawtok_OPRD1
SUFENTANIL,drug_sample,PUTATIVE_TARGET,OPRK1,OPRK1,rawtok_OPRK1
SUFENTANIL,drug_sample,PUTATIVE_TARGET,OPRM1,OPRM1,rawtok_OPRM1
PINDOLOL,drug_sample,PUTATIVE_TARGET,ADRB1,ADRB1,rawtok_ADRB1
PINDOLOL,drug_sample,PUTATIVE_TARGET,ADRB2,ADRB2,rawtok_ADRB2
PINDOLOL,drug_sample,PUTATIVE_TARGET,HTR1A,HTR1A,rawtok_HTR1A
PINDOLOL,drug_sample,PUTATIVE_TARGET,HTR1B,HTR1B,rawtok_HTR1B
PINDOLOL,drug_sample,PUTATIVE_TARGET,HTR2A,HTR2A,rawtok_HTR2A
PINDOLOL,drug_sample,PUTATIVE_TARGET,HTR2B,HTR2B,rawtok_HTR2B
CRIZOTINIB-(S),drug_sample,PUTATIVE_TARGET,NUDT1,NUDT1,rawtok_NUDT1
METHSCOPOLAMINE,drug_sample,PUTATIVE_TARGET,CHRM1,CHRM1,rawtok_CHRM1
METHSCOPOLAMINE,drug_sample,PUTATIVE_TARGET,CHRM2,CHRM2,rawtok_CHRM2
METHSCOPOLAMINE,drug_sample,PUTATIVE_TARGET,CHRM3,CHRM3,rawtok_CHRM3
NEMONAPRIDE,drug_sample,PUTATIVE_TARGET,DRD2,DRD2,rawtok_DRD2
NEMONAPRIDE,drug_sample,PUTATIVE_TARGET,DRD3,DRD3,rawtok_DRD3
NEMONAPRIDE,drug_sample,PUTATIVE_TARGET,DRD4,DRD4,rawtok_DRD4
LATANOPROST,drug_sample,PUTATIVE_TARGET,PTGFR,PTGFR,rawtok_PTGFR
NORGESTREL,drug_sample,PUTATIVE_TARGET,PGR,PGR,rawtok_PGR
BENDROFLUMETHIAZIDE,drug_sample,PUTATIVE_TARGET,CA1,CA1,rawtok_CA1
BENDROFLUMETHIAZIDE,drug_sample,PUTATIVE_TARGET,CA2,CA2,rawtok_CA2
BENDROFLUMETHIAZIDE,drug_sample,PUTATIVE_TARGET,CA4,CA4,rawtok_CA4
BENDROFLUMETHIAZIDE,drug_sample,PUTATIVE_TARGET,KCNMA1,KCNMA1,rawtok_KCNMA1
BENDROFLUMETHIAZIDE,drug_sample,PUTATIVE_TARGET,SLC12A1,SLC12A1,rawtok_SLC12A1
BENDROFLUMETHIAZIDE,drug_sample,PUTATIVE_TARGET,SLC12A3,SLC12A3,rawtok_SLC12A3
BOSENTAN,drug_sample,PUTATIVE_TARGET,EDNRA,EDNRA,rawtok_EDNRA
BOSENTAN,drug_sample,PUTATIVE_TARGET,EDNRB,EDNRB,rawtok_EDNRB
MIDODRINE,drug_sample,PUTATIVE_TARGET,ADRA1A,ADRA1A,rawtok_ADRA1A
MIDODRINE,drug_sample,PUTATIVE_TARGET,ADRA1B,ADRA1B,rawtok_ADRA1B
MIDODRINE,drug_sample,PUTATIVE_TARGET,ADRA1D,ADRA1D,rawtok_ADRA1D
LOMITAPIDE,drug_sample,PUTATIVE_TARGET,MTTP,MTTP,rawtok_MTTP
BENFOTIAMINE,drug_sample,PUTATIVE_TARGET,AGER,AGER,rawtok_AGER
ALBENDAZOLE,drug_sample,PUTATIVE_TARGET,TUBA1A,TUBA1A,rawtok_TUBA1A
ALBENDAZOLE,drug_sample,PUTATIVE_TARGET,TUBB,TUBB,rawtok_TUBB
ALBENDAZOLE,drug_sample,PUTATIVE_TARGET,TUBB4B,TUBB4B,rawtok_TUBB4B
TROPISETRON,drug_sample,PUTATIVE_TARGET,GLRA1,GLRA1,rawtok_GLRA1
TROPISETRON,drug_sample,PUTATIVE_TARGET,GLRA2,GLRA2,rawtok_GLRA2
TROPISETRON,drug_sample,PUTATIVE_TARGET,GLRB,GLRB,rawtok_GLRB
TROPISETRON,drug_sample,PUTATIVE_TARGET,HTR3A,HTR3A,rawtok_HTR3A
TROPISETRON,drug_sample,PUTATIVE_TARGET,HTR4,HTR4,rawtok_HTR4
IMIDAPRIL,drug_sample,PUTATIVE_TARGET,ACE,ACE,rawtok_ACE
DEFLAZACORT,drug_sample,PUTATIVE_TARGET,NR3C1,NR3C1,rawtok_NR3C1
FLUDROXYCORTIDE,drug_sample,PUTATIVE_TARGET,NR3C1,NR3C1,rawtok_NR3C1
FLUDROXYCORTIDE,drug_sample,PUTATIVE_TARGET,SERPINA6,SERPINA6,rawtok_SERPINA6
IFOSFAMIDE,drug_sample,PUTATIVE_TARGET,CYP2A6,CYP2A6,rawtok_CYP2A6
IFOSFAMIDE,drug_sample,PUTATIVE_TARGET,CYP2B6,CYP2B6,rawtok_CYP2B6
IFOSFAMIDE,drug_sample,PUTATIVE_TARGET,CYP2C18,CYP2C18,rawtok_CYP2C18
IFOSFAMIDE,drug_sample,PUTATIVE_TARGET,CYP2C19,CYP2C19,rawtok_CYP2C19
IFOSFAMIDE,drug_sample,PUTATIVE_TARGET,CYP2C8,CYP2C8,rawtok_CYP2C8
IFOSFAMIDE,drug_sample,PUTATIVE_TARGET,CYP2C9,CYP2C9,rawtok_CYP2C9
IFOSFAMIDE,drug_sample,PUTATIVE_TARGET,CYP3A4,CYP3A4,rawtok_CYP3A4
IFOSFAMIDE,drug_sample,PUTATIVE_TARGET,CYP3A5,CYP3A5,rawtok_CYP3A5
IFOSFAMIDE,drug_sample,PUTATIVE_TARGET,CYP3A7,CYP3A7,rawtok_CYP3A7
IFOSFAMIDE,drug_sample,PUTATIVE_TARGET,PTGS1,PTGS1,rawtok_PTGS1
AVANAFIL,drug_sample,PUTATIVE_TARGET,PDE5A,PDE5A,rawtok_PDE5A
THIOMERSAL,drug_sample,PUTATIVE_TARGET,OXCT1,OXCT1,rawtok_OXCT1
TRAPIDIL,drug_sample,PUTATIVE_TARGET,PDGFRA,PDGFRA,rawtok_PDGFRA
TRICIRIBINE,drug_sample,PUTATIVE_TARGET,AKT1,AKT1,rawtok_AKT1
TRICIRIBINE,drug_sample,PUTATIVE_TARGET,AKT2,AKT2,rawtok_AKT2
TRICIRIBINE,drug_sample,PUTATIVE_TARGET,AKT3,AKT3,rawtok_AKT3
PALIPERIDONE,drug_sample,PUTATIVE_TARGET,ADRA1A,ADRA1A,rawtok_ADRA1A
PALIPERIDONE,drug_sample,PUTATIVE_TARGET,ADRA1B,ADRA1B,rawtok_ADRA1B
PALIPERIDONE,drug_sample,PUTATIVE_TARGET,ADRA2A,ADRA2A,rawtok_ADRA2A
PALIPERIDONE,drug_sample,PUTATIVE_TARGET,ADRA2B,ADRA2B,rawtok_ADRA2B
PALIPERIDONE,drug_sample,PUTATIVE_TARGET,ADRA2C,ADRA2C,rawtok_ADRA2C
PALIPERIDONE,drug_sample,PUTATIVE_TARGET,CYP2D6,CYP2D6,rawtok_CYP2D6
PALIPERIDONE,drug_sample,PUTATIVE_TARGET,CYP3A4,CYP3A4,rawtok_CYP3A4
PALIPERIDONE,drug_sample,PUTATIVE_TARGET,CYP3A5,CYP3A5,rawtok_CYP3A5
PALIPERIDONE,drug_sample,PUTATIVE_TARGET,DRD1,DRD1,rawtok_DRD1
PALIPERIDONE,drug_sample,PUTATIVE_TARGET,DRD2,DRD2,rawtok_DRD2
PALIPERIDONE,drug_sample,PUTATIVE_TARGET,DRD3,DRD3,rawtok_DRD3
PALIPERIDONE,drug_sample,PUTATIVE_TARGET,DRD4,DRD4,rawtok_DRD4
PALIPERIDONE,drug_sample,PUTATIVE_TARGET,HRH1,HRH1,rawtok_HRH1
PALIPERIDONE,drug_sample,PUTATIVE_TARGET,HTR1A,HTR1A,rawtok_HTR1A
PALIPERIDONE,drug_sample,PUTATIVE_TARGET,HTR1D,HTR1D,rawtok_HTR1D
PALIPERIDONE,drug_sample,PUTATIVE_TARGET,HTR2A,HTR2A,rawtok_HTR2A
PALIPERIDONE,drug_sample,PUTATIVE_TARGET,HTR2C,HTR2C,rawtok_HTR2C
RIFAMPIN,drug_sample,PUTATIVE_TARGET,NR1I2,NR1I2,rawtok_NR1I2
RIFAMPIN,drug_sample,PUTATIVE_TARGET,SLCO1A2,SLCO1A2,rawtok_SLCO1A2
RIFAMPIN,drug_sample,PUTATIVE_TARGET,SLCO1B1,SLCO1B1,rawtok_SLCO1B1
RIFAMPIN,drug_sample,PUTATIVE_TARGET,SLCO1B3,SLCO1B3,rawtok_SLCO1B3
FORMESTANE,drug_sample,PUTATIVE_TARGET,CYP19A1,CYP19A1,rawtok_CYP19A1
NICLOSAMIDE,drug_sample,PUTATIVE_TARGET,STAT3,STAT3,rawtok_STAT3
LAFUTIDINE,drug_sample,PUTATIVE_TARGET,HRH2,HRH2,rawtok_HRH2
PIRETANIDE,drug_sample,PUTATIVE_TARGET,SLC12A1,SLC12A1,rawtok_SLC12A1
PIRETANIDE,drug_sample,PUTATIVE_TARGET,SLC12A2,SLC12A2,rawtok_SLC12A2
OXYMETAZOLINE,drug_sample,PUTATIVE_TARGET,ADRA1A,ADRA1A,rawtok_ADRA1A
OXYMETAZOLINE,drug_sample,PUTATIVE_TARGET,ADRA1B,ADRA1B,rawtok_ADRA1B
OXYMETAZOLINE,drug_sample,PUTATIVE_TARGET,ADRA1D,ADRA1D,rawtok_ADRA1D
OXYMETAZOLINE,drug_sample,PUTATIVE_TARGET,ADRA2A,ADRA2A,rawtok_ADRA2A
OXYMETAZOLINE,drug_sample,PUTATIVE_TARGET,ADRA2B,ADRA2B,rawtok_ADRA2B
OXYMETAZOLINE,drug_sample,PUTATIVE_TARGET,ADRA2C,ADRA2C,rawtok_ADRA2C
OXYMETAZOLINE,drug_sample,PUTATIVE_TARGET,HTR1B,HTR1B,rawtok_HTR1B
OXYMETAZOLINE,drug_sample,PUTATIVE_TARGET,HTR1D,HTR1D,rawtok_HTR1D
OXYMETAZOLINE,drug_sample,PUTATIVE_TARGET,HTR2C,HTR2C,rawtok_HTR2C
LEVOCETIRIZINE,drug_sample,PUTATIVE_TARGET,HRH1,HRH1,rawtok_HRH1
FELBAMATE,drug_sample,PUTATIVE_TARGET,GRIN1,GRIN1,rawtok_GRIN1
FELBAMATE,drug_sample,PUTATIVE_TARGET,GRIN2A,GRIN2A,rawtok_GRIN2A
FELBAMATE,drug_sample,PUTATIVE_TARGET,GRIN2B,GRIN2B,rawtok_GRIN2B
FELBAMATE,drug_sample,PUTATIVE_TARGET,GRIN2C,GRIN2C,rawtok_GRIN2C
FELBAMATE,drug_sample,PUTATIVE_TARGET,GRIN2D,GRIN2D,rawtok_GRIN2D
FELBAMATE,drug_sample,PUTATIVE_TARGET,GRIN3A,GRIN3A,rawtok_GRIN3A
FELBAMATE,drug_sample,PUTATIVE_TARGET,GRIN3B,GRIN3B,rawtok_GRIN3B
IVERMECTIN,drug_sample,PUTATIVE_TARGET,CHRNA7,CHRNA7,rawtok_CHRNA7
IVERMECTIN,drug_sample,PUTATIVE_TARGET,GABRB3,GABRB3,rawtok_GABRB3
IVERMECTIN,drug_sample,PUTATIVE_TARGET,GLRA3,GLRA3,rawtok_GLRA3
IVERMECTIN,drug_sample,PUTATIVE_TARGET,P2RX7,P2RX7,rawtok_P2RX7
GUANIDINE,drug_sample,PUTATIVE_TARGET,ALDH2,ALDH2,rawtok_ALDH2
GUANIDINE,drug_sample,PUTATIVE_TARGET,DLG4,DLG4,rawtok_DLG4
GUANIDINE,drug_sample,PUTATIVE_TARGET,GAMT,GAMT,rawtok_GAMT
GUANIDINE,drug_sample,PUTATIVE_TARGET,RNASE1,RNASE1,rawtok_RNASE1
COBICISTAT,drug_sample,PUTATIVE_TARGET,CYP3A4,CYP3A4,rawtok_CYP3A4
COBICISTAT,drug_sample,PUTATIVE_TARGET,CYP3A43,CYP3A43,rawtok_CYP3A43
COBICISTAT,drug_sample,PUTATIVE_TARGET,CYP3A5,CYP3A5,rawtok_CYP3A5
COBICISTAT,drug_sample,PUTATIVE_TARGET,CYP3A7,CYP3A7,rawtok_CYP3A7
BIFEMELANE,drug_sample,PUTATIVE_TARGET,MAOA,MAOA,rawtok_MAOA
BIFEMELANE,drug_sample,PUTATIVE_TARGET,MAOB,MAOB,rawtok_MAOB
TRANILAST,drug_sample,PUTATIVE_TARGET,HPGDS,HPGDS,rawtok_HPGDS
TRANILAST,drug_sample,PUTATIVE_TARGET,HRH1,HRH1,rawtok_HRH1
TOREMIFENE,drug_sample,PUTATIVE_TARGET,ESR1,ESR1,rawtok_ESR1
DIPHEMANIL,drug_sample,PUTATIVE_TARGET,CHRM3,CHRM3,rawtok_CHRM3
NORFLOXACIN,drug_sample,PUTATIVE_TARGET,TOP2A,TOP2A,rawtok_TOP2A
ZALEPLON,drug_sample,PUTATIVE_TARGET,GABRA1,GABRA1,rawtok_GABRA1
ZALEPLON,drug_sample,PUTATIVE_TARGET,GABRB1,GABRB1,rawtok_GABRB1
ZALEPLON,drug_sample,PUTATIVE_TARGET,GABRG2,GABRG2,rawtok_GABRG2
ZALEPLON,drug_sample,PUTATIVE_TARGET,TSPO,TSPO,rawtok_TSPO
NOREPINEPHRINE,drug_sample,PUTATIVE_TARGET,ADRA1A,ADRA1A,rawtok_ADRA1A
NOREPINEPHRINE,drug_sample,PUTATIVE_TARGET,ADRA1B,ADRA1B,rawtok_ADRA1B
NOREPINEPHRINE,drug_sample,PUTATIVE_TARGET,ADRA1D,ADRA1D,rawtok_ADRA1D
NOREPINEPHRINE,drug_sample,PUTATIVE_TARGET,ADRA2A,ADRA2A,rawtok_ADRA2A
NOREPINEPHRINE,drug_sample,PUTATIVE_TARGET,ADRA2B,ADRA2B,rawtok_ADRA2B
NOREPINEPHRINE,drug_sample,PUTATIVE_TARGET,ADRA2C,ADRA2C,rawtok_ADRA2C
NOREPINEPHRINE,drug_sample,PUTATIVE_TARGET,ADRB1,ADRB1,rawtok_ADRB1
NOREPINEPHRINE,drug_sample,PUTATIVE_TARGET,ADRB2,ADRB2,rawtok_ADRB2
NOREPINEPHRINE,drug_sample,PUTATIVE_TARGET,ADRB3,ADRB3,rawtok_ADRB3
NOREPINEPHRINE,drug_sample,PUTATIVE_TARGET,PAH,PAH,rawtok_PAH
NOREPINEPHRINE,drug_sample,PUTATIVE_TARGET,SLC18A1,SLC18A1,rawtok_SLC18A1
NOREPINEPHRINE,drug_sample,PUTATIVE_TARGET,SLC18A2,SLC18A2,rawtok_SLC18A2
NAFTIFINE,drug_sample,PUTATIVE_TARGET,SQLE,SQLE,rawtok_SQLE
SIMVASTATIN,drug_sample,PUTATIVE_TARGET,HMGCR,HMGCR,rawtok_HMGCR
SIMVASTATIN,drug_sample,PUTATIVE_TARGET,ITGB2,ITGB2,rawtok_ITGB2
SIROLIMUS,drug_sample,PUTATIVE_TARGET,FGF2,FGF2,rawtok_FGF2
SIROLIMUS,drug_sample,PUTATIVE_TARGET,FKBP1A,FKBP1A,rawtok_FKBP1A
SIROLIMUS,drug_sample,PUTATIVE_TARGET,MTOR,MTOR,rawtok_MTOR
RALTITREXED,drug_sample,PUTATIVE_TARGET,FPGS,FPGS,rawtok_FPGS
RALTITREXED,drug_sample,PUTATIVE_TARGET,TYMS,TYMS,rawtok_TYMS
LIDOCAINE,drug_sample,PUTATIVE_TARGET,EGFR,EGFR,rawtok_EGFR
LIDOCAINE,drug_sample,PUTATIVE_TARGET,SCN10A,SCN10A,rawtok_SCN10A
LIDOCAINE,drug_sample,PUTATIVE_TARGET,SCN11A,SCN11A,rawtok_SCN11A
LIDOCAINE,drug_sample,PUTATIVE_TARGET,SCN1A,SCN1A,rawtok_SCN1A
LIDOCAINE,drug_sample,PUTATIVE_TARGET,SCN2A,SCN2A,rawtok_SCN2A
LIDOCAINE,drug_sample,PUTATIVE_TARGET,SCN3A,SCN3A,rawtok_SCN3A
LIDOCAINE,drug_sample,PUTATIVE_TARGET,SCN4A,SCN4A,rawtok_SCN4A
LIDOCAINE,drug_sample,PUTATIVE_TARGET,SCN5A,SCN5A,rawtok_SCN5A
LIDOCAINE,drug_sample,PUTATIVE_TARGET,SCN7A,SCN7A,rawtok_SCN7A
LIDOCAINE,drug_sample,PUTATIVE_TARGET,SCN8A,SCN8A,rawtok_SCN8A
LIDOCAINE,drug_sample,PUTATIVE_TARGET,SCN9A,SCN9A,rawtok_SCN9A
ABIRATERONE,drug_sample,PUTATIVE_TARGET,CYP11B1,CYP11B1,rawtok_CYP11B1
ABIRATERONE,drug_sample,PUTATIVE_TARGET,CYP17A1,CYP17A1,rawtok_CYP17A1
DOXYCYCLINE,drug_sample,PUTATIVE_TARGET,MMP8,MMP8,rawtok_MMP8
CEFDINIR,drug_sample,PUTATIVE_TARGET,MPO,MPO,rawtok_MPO
FLUOCINOLONE-ACETONIDE,drug_sample,PUTATIVE_TARGET,NR3C1,NR3C1,rawtok_NR3C1
FLUOCINOLONE-ACETONIDE,drug_sample,PUTATIVE_TARGET,SERPINA6,SERPINA6,rawtok_SERPINA6
3-DEAZANEPLANOCIN-A,drug_sample,PUTATIVE_TARGET,EZH2,EZH2,rawtok_EZH2
VINCAMINE,drug_sample,PUTATIVE_TARGET,CHRM1,CHRM1,rawtok_CHRM1
VINCAMINE,drug_sample,PUTATIVE_TARGET,CHRM2,CHRM2,rawtok_CHRM2
VINCAMINE,drug_sample,PUTATIVE_TARGET,CHRM3,CHRM3,rawtok_CHRM3
VINCAMINE,drug_sample,PUTATIVE_TARGET,CHRM4,CHRM4,rawtok_CHRM4
LETROZOLE,drug_sample,PUTATIVE_TARGET,CYP19A1,CYP19A1,rawtok_CYP19A1
FTORAFUR,drug_sample,PUTATIVE_TARGET,TYMS,TYMS,rawtok_TYMS
METRONIDAZOLE,drug_sample,PUTATIVE_TARGET,CYP2C9,CYP2C9,rawtok_CYP2C9
METRONIDAZOLE,drug_sample,PUTATIVE_TARGET,CYP3A4,CYP3A4,rawtok_CYP3A4
FLUVASTATIN,drug_sample,PUTATIVE_TARGET,HMGCR,HMGCR,rawtok_HMGCR
CHLOROXINE,drug_sample,PUTATIVE_TARGET,OPRK1,OPRK1,rawtok_OPRK1
MIFEPRISTONE,drug_sample,PUTATIVE_TARGET,AR,AR,rawtok_AR
MIFEPRISTONE,drug_sample,PUTATIVE_TARGET,NR1I2,NR1I2,rawtok_NR1I2
MIFEPRISTONE,drug_sample,PUTATIVE_TARGET,NR3C1,NR3C1,rawtok_NR3C1
MIFEPRISTONE,drug_sample,PUTATIVE_TARGET,PGR,PGR,rawtok_PGR
FENOFIBRATE,drug_sample,PUTATIVE_TARGET,MMP25,MMP25,rawtok_MMP25
FENOFIBRATE,drug_sample,PUTATIVE_TARGET,PPARA,PPARA,rawtok_PPARA
RUTIN,drug_sample,PUTATIVE_TARGET,AKR1C3,AKR1C3,rawtok_AKR1C3
HALOFANTRINE,drug_sample,PUTATIVE_TARGET,KCNH2,KCNH2,rawtok_KCNH2
HALOFANTRINE,drug_sample,PUTATIVE_TARGET,KCNN4,KCNN4,rawtok_KCNN4
CHLOROGENIC-ACID,drug_sample,PUTATIVE_TARGET,SLC37A4,SLC37A4,rawtok_SLC37A4
RITODRINE,drug_sample,PUTATIVE_TARGET,ADRB2,ADRB2,rawtok_ADRB2
NICORANDIL,drug_sample,PUTATIVE_TARGET,KCNJ11,KCNJ11,rawtok_KCNJ11
DESONIDE,drug_sample,PUTATIVE_TARGET,NR3C1,NR3C1,rawtok_NR3C1
DESONIDE,drug_sample,PUTATIVE_TARGET,PLA2G1B,PLA2G1B,rawtok_PLA2G1B
ZK811752,drug_sample,PUTATIVE_TARGET,CCR1,CCR1,rawtok_CCR1
PRAZOSIN,drug_sample,PUTATIVE_TARGET,ADRA1A,ADRA1A,rawtok_ADRA1A
PRAZOSIN,drug_sample,PUTATIVE_TARGET,ADRA1B,ADRA1B,rawtok_ADRA1B
PRAZOSIN,drug_sample,PUTATIVE_TARGET,ADRA1D,ADRA1D,rawtok_ADRA1D
PRAZOSIN,drug_sample,PUTATIVE_TARGET,ADRA2A,ADRA2A,rawtok_ADRA2A
PRAZOSIN,drug_sample,PUTATIVE_TARGET,ADRA2B,ADRA2B,rawtok_ADRA2B
PRAZOSIN,drug_sample,PUTATIVE_TARGET,ADRA2C,ADRA2C,rawtok_ADRA2C
PRAZOSIN,drug_sample,PUTATIVE_TARGET,KCNH2,KCNH2,rawtok_KCNH2
PRAZOSIN,drug_sample,PUTATIVE_TARGET,KCNH6,KCNH6,rawtok_KCNH6
PRAZOSIN,drug_sample,PUTATIVE_TARGET,KCNH7,KCNH7,rawtok_KCNH7
AEE788,drug_sample,PUTATIVE_TARGET,EGFR,EGFR,rawtok_EGFR
AEE788,drug_sample,PUTATIVE_TARGET,ERBB2,ERBB2,rawtok_ERBB2
AEE788,drug_sample,PUTATIVE_TARGET,ERBB4,ERBB4,rawtok_ERBB4
AEE788,drug_sample,PUTATIVE_TARGET,FGFR2,FGFR2,rawtok_FGFR2
AEE788,drug_sample,PUTATIVE_TARGET,FGFR3,FGFR3,rawtok_FGFR3
AEE788,drug_sample,PUTATIVE_TARGET,KDR,KDR,rawtok_KDR
GDC-0349,drug_sample,PUTATIVE_TARGET,PIK3CA,PIK3CA,rawtok_PIK3CA
LICOCHALCONE-A,drug_sample,PUTATIVE_TARGET,PTPN1,PTPN1,rawtok_PTPN1
METATINIB,drug_sample,PUTATIVE_TARGET,ABL1,ABL1,rawtok_ABL1
METATINIB,drug_sample,PUTATIVE_TARGET,BCR,BCR,rawtok_BCR
MK-8245,drug_sample,PUTATIVE_TARGET,SCD,SCD,rawtok_SCD
PRT062070,drug_sample,PUTATIVE_TARGET,SYK,SYK,rawtok_SYK
TG-101348,drug_sample,PUTATIVE_TARGET,BRD4,BRD4,rawtok_BRD4
TG-101348,drug_sample,PUTATIVE_TARGET,JAK1,JAK1,rawtok_JAK1
TG-101348,drug_sample,PUTATIVE_TARGET,JAK2,JAK2,rawtok_JAK2
TG-101348,drug_sample,PUTATIVE_TARGET,JAK3,JAK3,rawtok_JAK3
TG-101348,drug_sample,PUTATIVE_TARGET,TYK2,TYK2,rawtok_TYK2
NINTEDANIB,drug_sample,PUTATIVE_TARGET,FGFR1,FGFR1,rawtok_FGFR1
NINTEDANIB,drug_sample,PUTATIVE_TARGET,FGFR2,FGFR2,rawtok_FGFR2
NINTEDANIB,drug_sample,PUTATIVE_TARGET,FGFR3,FGFR3,rawtok_FGFR3
NINTEDANIB,drug_sample,PUTATIVE_TARGET,FGFR4,FGFR4,rawtok_FGFR4
NINTEDANIB,drug_sample,PUTATIVE_TARGET,FLT1,FLT1,rawtok_FLT1
NINTEDANIB,drug_sample,PUTATIVE_TARGET,FLT4,FLT4,rawtok_FLT4
NINTEDANIB,drug_sample,PUTATIVE_TARGET,KDR,KDR,rawtok_KDR
NINTEDANIB,drug_sample,PUTATIVE_TARGET,PDGFRA,PDGFRA,rawtok_PDGFRA
NINTEDANIB,drug_sample,PUTATIVE_TARGET,PDGFRB,PDGFRB,rawtok_PDGFRB
NEFIRACETAM,drug_sample,PUTATIVE_TARGET,CHRM1,CHRM1,rawtok_CHRM1
PRANIDIPINE,drug_sample,PUTATIVE_TARGET,CACNA1C,CACNA1C,rawtok_CACNA1C
IOWH032,drug_sample,PUTATIVE_TARGET,CFTR,CFTR,rawtok_CFTR
4-METHYLGENISTEIN,drug_sample,PUTATIVE_TARGET,CYP19A1,CYP19A1,rawtok_CYP19A1
4-METHYLGENISTEIN,drug_sample,PUTATIVE_TARGET,ESRRA,ESRRA,rawtok_ESRRA
4-METHYLGENISTEIN,drug_sample,PUTATIVE_TARGET,ESRRB,ESRRB,rawtok_ESRRB
4-METHYLGENISTEIN,drug_sample,PUTATIVE_TARGET,ESRRG,ESRRG,rawtok_ESRRG
4-METHYLGENISTEIN,drug_sample,PUTATIVE_TARGET,FASN,FASN,rawtok_FASN
PALMATINE-CHLORIDE,drug_sample,PUTATIVE_TARGET,CYP3A4,CYP3A4,rawtok_CYP3A4
PREDNISOLONE-HEMISUCCINATE,drug_sample,PUTATIVE_TARGET,NR3C1,NR3C1,rawtok_NR3C1
NOBILETIN,drug_sample,PUTATIVE_TARGET,MAP2K1,MAP2K1,rawtok_MAP2K1
RG108,drug_sample,PUTATIVE_TARGET,DNMT1,DNMT1,rawtok_DNMT1
RG108,drug_sample,PUTATIVE_TARGET,DNMT3B,DNMT3B,rawtok_DNMT3B
BMS-265246,drug_sample,PUTATIVE_TARGET,CDK1,CDK1,rawtok_CDK1
BMS-265246,drug_sample,PUTATIVE_TARGET,CDK2,CDK2,rawtok_CDK2
EVODIAMINE,drug_sample,PUTATIVE_TARGET,TRPV1,TRPV1,rawtok_TRPV1
PF-573228,drug_sample,PUTATIVE_TARGET,CDK1,CDK1,rawtok_CDK1
PF-573228,drug_sample,PUTATIVE_TARGET,CDK2,CDK2,rawtok_CDK2
PF-573228,drug_sample,PUTATIVE_TARGET,CDK7,CDK7,rawtok_CDK7
PF-573228,drug_sample,PUTATIVE_TARGET,GSK3B,GSK3B,rawtok_GSK3B
PF-573228,drug_sample,PUTATIVE_TARGET,IKBKB,IKBKB,rawtok_IKBKB
SB-366791,drug_sample,PUTATIVE_TARGET,TRPV1,TRPV1,rawtok_TRPV1
ADAPREV,drug_sample,PUTATIVE_TARGET,IGF2R,IGF2R,rawtok_IGF2R
ADAPREV,drug_sample,PUTATIVE_TARGET,M6PR,M6PR,rawtok_M6PR
RYUVIDINE,drug_sample,PUTATIVE_TARGET,CDK2,CDK2,rawtok_CDK2
RYUVIDINE,drug_sample,PUTATIVE_TARGET,CDK4,CDK4,rawtok_CDK4
TC1,drug_sample,PUTATIVE_TARGET,BACE1,BACE1,rawtok_BACE1
SALIDROSIDE,drug_sample,PUTATIVE_TARGET,APP,APP,rawtok_APP
AMINOPURVALANOL-A,drug_sample,PUTATIVE_TARGET,CDK1,CDK1,rawtok_CDK1
AMINOPURVALANOL-A,drug_sample,PUTATIVE_TARGET,CDK2,CDK2,rawtok_CDK2
AMINOPURVALANOL-A,drug_sample,PUTATIVE_TARGET,CDK5,CDK5,rawtok_CDK5
AMINOPURVALANOL-A,drug_sample,PUTATIVE_TARGET,CDK6,CDK6,rawtok_CDK6
CYPROHEPTADINE,drug_sample,PUTATIVE_TARGET,ADRA1A,ADRA1A,rawtok_ADRA1A
CYPROHEPTADINE,drug_sample,PUTATIVE_TARGET,ADRA1B,ADRA1B,rawtok_ADRA1B
CYPROHEPTADINE,drug_sample,PUTATIVE_TARGET,ADRA1D,ADRA1D,rawtok_ADRA1D
CYPROHEPTADINE,drug_sample,PUTATIVE_TARGET,CHRM1,CHRM1,rawtok_CHRM1
CYPROHEPTADINE,drug_sample,PUTATIVE_TARGET,CHRM2,CHRM2,rawtok_CHRM2
CYPROHEPTADINE,drug_sample,PUTATIVE_TARGET,CHRM3,CHRM3,rawtok_CHRM3
CYPROHEPTADINE,drug_sample,PUTATIVE_TARGET,HRH1,HRH1,rawtok_HRH1
CYPROHEPTADINE,drug_sample,PUTATIVE_TARGET,HTR2A,HTR2A,rawtok_HTR2A
CYPROHEPTADINE,drug_sample,PUTATIVE_TARGET,HTR2C,HTR2C,rawtok_HTR2C
CYPROHEPTADINE,drug_sample,PUTATIVE_TARGET,HTR6,HTR6,rawtok_HTR6
CYPROHEPTADINE,drug_sample,PUTATIVE_TARGET,HTR7,HTR7,rawtok_HTR7
REPAGLINIDE,drug_sample,PUTATIVE_TARGET,ABCC8,ABCC8,rawtok_ABCC8
REPAGLINIDE,drug_sample,PUTATIVE_TARGET,KCNJ11,KCNJ11,rawtok_KCNJ11
REPAGLINIDE,drug_sample,PUTATIVE_TARGET,PPARG,PPARG,rawtok_PPARG
BARICITINIB,drug_sample,PUTATIVE_TARGET,JAK1,JAK1,rawtok_JAK1
BARICITINIB,drug_sample,PUTATIVE_TARGET,JAK2,JAK2,rawtok_JAK2
SDZ-WAG-994,drug_sample,PUTATIVE_TARGET,ADORA1,ADORA1,rawtok_ADORA1
ALMOREXANT,drug_sample,PUTATIVE_TARGET,HCRTR1,HCRTR1,rawtok_HCRTR1
ALMOREXANT,drug_sample,PUTATIVE_TARGET,HCRTR2,HCRTR2,rawtok_HCRTR2
CUDC-907,drug_sample,PUTATIVE_TARGET,HDAC2,HDAC2,rawtok_HDAC2
CUDC-907,drug_sample,PUTATIVE_TARGET,PIK3R1,PIK3R1,rawtok_PIK3R1
PD-0325901,drug_sample,PUTATIVE_TARGET,MAP2K1,MAP2K1,rawtok_MAP2K1
CP-673451,drug_sample,PUTATIVE_TARGET,KIT,KIT,rawtok_KIT
CP-673451,drug_sample,PUTATIVE_TARGET,PDGFRA,PDGFRA,rawtok_PDGFRA
CP-673451,drug_sample,PUTATIVE_TARGET,PDGFRB,PDGFRB,rawtok_PDGFRB
PD-318088,drug_sample,PUTATIVE_TARGET,MAP2K1,MAP2K1,rawtok_MAP2K1
EPIANDROSTERONE,drug_sample,PUTATIVE_TARGET,G6PD,G6PD,rawtok_G6PD
S26948,drug_sample,PUTATIVE_TARGET,PPARG,PPARG,rawtok_PPARG
TIOXOLONE,drug_sample,PUTATIVE_TARGET,CA2,CA2,rawtok_CA2
I-BET151,drug_sample,PUTATIVE_TARGET,BRD2,BRD2,rawtok_BRD2
I-BET151,drug_sample,PUTATIVE_TARGET,BRD3,BRD3,rawtok_BRD3
I-BET151,drug_sample,PUTATIVE_TARGET,BRD4,BRD4,rawtok_BRD4
DIOSCIN,drug_sample,PUTATIVE_TARGET,CXCR3,CXCR3,rawtok_CXCR3
SPERMINE,drug_sample,PUTATIVE_TARGET,CA14,CA14,rawtok_CA14
SPERMINE,drug_sample,PUTATIVE_TARGET,CA4,CA4,rawtok_CA4
SPERMINE,drug_sample,PUTATIVE_TARGET,CA6,CA6,rawtok_CA6
SPERMINE,drug_sample,PUTATIVE_TARGET,CA9,CA9,rawtok_CA9
SPERMINE,drug_sample,PUTATIVE_TARGET,CASR,CASR,rawtok_CASR
SPERMINE,drug_sample,PUTATIVE_TARGET,GRIN1,GRIN1,rawtok_GRIN1
SPERMINE,drug_sample,PUTATIVE_TARGET,GRIN2A,GRIN2A,rawtok_GRIN2A
SPERMINE,drug_sample,PUTATIVE_TARGET,KCNJ4,KCNJ4,rawtok_KCNJ4
SPERMINE,drug_sample,PUTATIVE_TARGET,ODC1,ODC1,rawtok_ODC1
SPERMINE,drug_sample,PUTATIVE_TARGET,SMOX,SMOX,rawtok_SMOX
SPERMINE,drug_sample,PUTATIVE_TARGET,SMS,SMS,rawtok_SMS
SPERMINE,drug_sample,PUTATIVE_TARGET,TRPM4,TRPM4,rawtok_TRPM4
SPERMINE,drug_sample,PUTATIVE_TARGET,TRPM5,TRPM5,rawtok_TRPM5
GW-843682X,drug_sample,PUTATIVE_TARGET,PLK1,PLK1,rawtok_PLK1
GW-843682X,drug_sample,PUTATIVE_TARGET,PLK3,PLK3,rawtok_PLK3
LY2608204,drug_sample,PUTATIVE_TARGET,GCK,GCK,rawtok_GCK
ER-27319,drug_sample,PUTATIVE_TARGET,SYK,SYK,rawtok_SYK
GW-3965,drug_sample,PUTATIVE_TARGET,NR1H2,NR1H2,rawtok_NR1H2
GW-3965,drug_sample,PUTATIVE_TARGET,NR1H3,NR1H3,rawtok_NR1H3
WAY-170523,drug_sample,PUTATIVE_TARGET,MMP13,MMP13,rawtok_MMP13
ICG-001,drug_sample,PUTATIVE_TARGET,CTNNB1,CTNNB1,rawtok_CTNNB1
AMG458,drug_sample,PUTATIVE_TARGET,MET,MET,rawtok_MET
RHEOCHRYSIDIN,drug_sample,PUTATIVE_TARGET,PTPN1,PTPN1,rawtok_PTPN1
PHLORIZIN,drug_sample,PUTATIVE_TARGET,SLC5A1,SLC5A1,rawtok_SLC5A1
PHLORIZIN,drug_sample,PUTATIVE_TARGET,SLC5A11,SLC5A11,rawtok_SLC5A11
PHLORIZIN,drug_sample,PUTATIVE_TARGET,SLC5A2,SLC5A2,rawtok_SLC5A2
PHLORIZIN,drug_sample,PUTATIVE_TARGET,SLC5A3,SLC5A3,rawtok_SLC5A3
PARTHENOLIDE-(-),drug_sample,PUTATIVE_TARGET,HDAC1,HDAC1,rawtok_HDAC1
URACIL,drug_sample,PUTATIVE_TARGET,DPYD,DPYD,rawtok_DPYD
URACIL,drug_sample,PUTATIVE_TARGET,UCKL1,UCKL1,rawtok_UCKL1
LURASIDONE,drug_sample,PUTATIVE_TARGET,ADRA2A,ADRA2A,rawtok_ADRA2A
LURASIDONE,drug_sample,PUTATIVE_TARGET,ADRA2C,ADRA2C,rawtok_ADRA2C
LURASIDONE,drug_sample,PUTATIVE_TARGET,DRD2,DRD2,rawtok_DRD2
LURASIDONE,drug_sample,PUTATIVE_TARGET,HTR1A,HTR1A,rawtok_HTR1A
LURASIDONE,drug_sample,PUTATIVE_TARGET,HTR2A,HTR2A,rawtok_HTR2A
LURASIDONE,drug_sample,PUTATIVE_TARGET,HTR7,HTR7,rawtok_HTR7
DIFLUPREDNATE,drug_sample,PUTATIVE_TARGET,NR3C1,NR3C1,rawtok_NR3C1
METHYLDOPA,drug_sample,PUTATIVE_TARGET,ADRA2A,ADRA2A,rawtok_ADRA2A
METHYLDOPA,drug_sample,PUTATIVE_TARGET,ADRA2B,ADRA2B,rawtok_ADRA2B
METHYLDOPA,drug_sample,PUTATIVE_TARGET,ADRA2C,ADRA2C,rawtok_ADRA2C
METHYLDOPA,drug_sample,PUTATIVE_TARGET,DDC,DDC,rawtok_DDC
MAXACALCITOL,drug_sample,PUTATIVE_TARGET,VDR,VDR,rawtok_VDR
HALOBETASOL-PROPIONATE,drug_sample,PUTATIVE_TARGET,NR3C1,NR3C1,rawtok_NR3C1
HALOBETASOL-PROPIONATE,drug_sample,PUTATIVE_TARGET,PLA2G1B,PLA2G1B,rawtok_PLA2G1B
AZILSARTAN,drug_sample,PUTATIVE_TARGET,AGTR1,AGTR1,rawtok_AGTR1
AZILSARTAN,drug_sample,PUTATIVE_TARGET,AGTR2,AGTR2,rawtok_AGTR2
AMFENAC,drug_sample,PUTATIVE_TARGET,PTGS1,PTGS1,rawtok_PTGS1
AMFENAC,drug_sample,PUTATIVE_TARGET,PTGS2,PTGS2,rawtok_PTGS2
PENFLURIDOL,drug_sample,PUTATIVE_TARGET,CACNA1G,CACNA1G,rawtok_CACNA1G
POMALIDOMIDE,drug_sample,PUTATIVE_TARGET,CRBN,CRBN,rawtok_CRBN
POMALIDOMIDE,drug_sample,PUTATIVE_TARGET,PTGS2,PTGS2,rawtok_PTGS2
POMALIDOMIDE,drug_sample,PUTATIVE_TARGET,TNF,TNF,rawtok_TNF
CANRENONE,drug_sample,PUTATIVE_TARGET,NR3C2,NR3C2,rawtok_NR3C2
METARAMINOL,drug_sample,PUTATIVE_TARGET,ADRA1A,ADRA1A,rawtok_ADRA1A
LORAZEPAM,drug_sample,PUTATIVE_TARGET,GABRA1,GABRA1,rawtok_GABRA1
LORAZEPAM,drug_sample,PUTATIVE_TARGET,GABRA2,GABRA2,rawtok_GABRA2
LORAZEPAM,drug_sample,PUTATIVE_TARGET,GABRA3,GABRA3,rawtok_GABRA3
LORAZEPAM,drug_sample,PUTATIVE_TARGET,GABRA4,GABRA4,rawtok_GABRA4
LORAZEPAM,drug_sample,PUTATIVE_TARGET,GABRA5,GABRA5,rawtok_GABRA5
LORAZEPAM,drug_sample,PUTATIVE_TARGET,GABRA6,GABRA6,rawtok_GABRA6
LORAZEPAM,drug_sample,PUTATIVE_TARGET,GABRB1,GABRB1,rawtok_GABRB1
LORAZEPAM,drug_sample,PUTATIVE_TARGET,GABRB2,GABRB2,rawtok_GABRB2
LORAZEPAM,drug_sample,PUTATIVE_TARGET,GABRB3,GABRB3,rawtok_GABRB3
LORAZEPAM,drug_sample,PUTATIVE_TARGET,GABRD,GABRD,rawtok_GABRD
LORAZEPAM,drug_sample,PUTATIVE_TARGET,GABRE,GABRE,rawtok_GABRE
LORAZEPAM,drug_sample,PUTATIVE_TARGET,GABRG1,GABRG1,rawtok_GABRG1
LORAZEPAM,drug_sample,PUTATIVE_TARGET,GABRG2,GABRG2,rawtok_GABRG2
LORAZEPAM,drug_sample,PUTATIVE_TARGET,GABRG3,GABRG3,rawtok_GABRG3
LORAZEPAM,drug_sample,PUTATIVE_TARGET,GABRP,GABRP,rawtok_GABRP
LORAZEPAM,drug_sample,PUTATIVE_TARGET,GABRQ,GABRQ,rawtok_GABRQ
LORAZEPAM,drug_sample,PUTATIVE_TARGET,TSPO,TSPO,rawtok_TSPO
ACETAZOLAMIDE,drug_sample,PUTATIVE_TARGET,AQP1,AQP1,rawtok_AQP1
ACETAZOLAMIDE,drug_sample,PUTATIVE_TARGET,CA1,CA1,rawtok_CA1
ACETAZOLAMIDE,drug_sample,PUTATIVE_TARGET,CA12,CA12,rawtok_CA12
ACETAZOLAMIDE,drug_sample,PUTATIVE_TARGET,CA14,CA14,rawtok_CA14
ACETAZOLAMIDE,drug_sample,PUTATIVE_TARGET,CA2,CA2,rawtok_CA2
ACETAZOLAMIDE,drug_sample,PUTATIVE_TARGET,CA3,CA3,rawtok_CA3
ACETAZOLAMIDE,drug_sample,PUTATIVE_TARGET,CA4,CA4,rawtok_CA4
ACETAZOLAMIDE,drug_sample,PUTATIVE_TARGET,CA7,CA7,rawtok_CA7
DROSPIRENONE,drug_sample,PUTATIVE_TARGET,AR,AR,rawtok_AR
DROSPIRENONE,drug_sample,PUTATIVE_TARGET,NR3C2,NR3C2,rawtok_NR3C2
DROSPIRENONE,drug_sample,PUTATIVE_TARGET,PGR,PGR,rawtok_PGR
DEQUALINIUM,drug_sample,PUTATIVE_TARGET,KCNN1,KCNN1,rawtok_KCNN1
DEQUALINIUM,drug_sample,PUTATIVE_TARGET,KCNN3,KCNN3,rawtok_KCNN3
EPLERENONE,drug_sample,PUTATIVE_TARGET,NR3C2,NR3C2,rawtok_NR3C2
ALFACALCIDOL,drug_sample,PUTATIVE_TARGET,CYP27B1,CYP27B1,rawtok_CYP27B1
ALFACALCIDOL,drug_sample,PUTATIVE_TARGET,VDR,VDR,rawtok_VDR
ZOLMITRIPTAN,drug_sample,PUTATIVE_TARGET,HTR1A,HTR1A,rawtok_HTR1A
ZOLMITRIPTAN,drug_sample,PUTATIVE_TARGET,HTR1B,HTR1B,rawtok_HTR1B
ZOLMITRIPTAN,drug_sample,PUTATIVE_TARGET,HTR1D,HTR1D,rawtok_HTR1D
ZOLMITRIPTAN,drug_sample,PUTATIVE_TARGET,HTR1E,HTR1E,rawtok_HTR1E
ZOLMITRIPTAN,drug_sample,PUTATIVE_TARGET,HTR1F,HTR1F,rawtok_HTR1F
TETRANDRINE,drug_sample,PUTATIVE_TARGET,SLC6A3,SLC6A3,rawtok_SLC6A3
URIDINE,drug_sample,PUTATIVE_TARGET,LSM6,LSM6,rawtok_LSM6
URIDINE,drug_sample,PUTATIVE_TARGET,TYMP,TYMP,rawtok_TYMP
DARIFENACIN,drug_sample,PUTATIVE_TARGET,CHRM1,CHRM1,rawtok_CHRM1
DARIFENACIN,drug_sample,PUTATIVE_TARGET,CHRM2,CHRM2,rawtok_CHRM2
DARIFENACIN,drug_sample,PUTATIVE_TARGET,CHRM3,CHRM3,rawtok_CHRM3
DARIFENACIN,drug_sample,PUTATIVE_TARGET,CHRM4,CHRM4,rawtok_CHRM4
DARIFENACIN,drug_sample,PUTATIVE_TARGET,CHRM5,CHRM5,rawtok_CHRM5
TRIFLURIDINE,drug_sample,PUTATIVE_TARGET,TYMS,TYMS,rawtok_TYMS
MEVASTATIN,drug_sample,PUTATIVE_TARGET,HMGCR,HMGCR,rawtok_HMGCR
SPARFLOXACIN,drug_sample,PUTATIVE_TARGET,TOP2A,TOP2A,rawtok_TOP2A
POLYDATIN,drug_sample,PUTATIVE_TARGET,ICAM1,ICAM1,rawtok_ICAM1
THIAMINE,drug_sample,PUTATIVE_TARGET,SLC19A2,SLC19A2,rawtok_SLC19A2
THIAMINE,drug_sample,PUTATIVE_TARGET,SLC19A3,SLC19A3,rawtok_SLC19A3
THIAMINE,drug_sample,PUTATIVE_TARGET,TPK1,TPK1,rawtok_TPK1
AMOXICILLIN,drug_sample,PUTATIVE_TARGET,CYP2C19,CYP2C19,rawtok_CYP2C19
AMOXICILLIN,drug_sample,PUTATIVE_TARGET,SLC15A1,SLC15A1,rawtok_SLC15A1
AMOXICILLIN,drug_sample,PUTATIVE_TARGET,SLC15A2,SLC15A2,rawtok_SLC15A2
AMOXICILLIN,drug_sample,PUTATIVE_TARGET,SLC22A6,SLC22A6,rawtok_SLC22A6
DIHYDROERGOCRISTINE,drug_sample,PUTATIVE_TARGET,ADRA1A,ADRA1A,rawtok_ADRA1A
DIHYDROERGOCRISTINE,drug_sample,PUTATIVE_TARGET,ADRB1,ADRB1,rawtok_ADRB1
DIHYDROERGOCRISTINE,drug_sample,PUTATIVE_TARGET,DRD1,DRD1,rawtok_DRD1
DIHYDROERGOCRISTINE,drug_sample,PUTATIVE_TARGET,DRD2,DRD2,rawtok_DRD2
DIHYDROERGOCRISTINE,drug_sample,PUTATIVE_TARGET,DRD3,DRD3,rawtok_DRD3
DIHYDROERGOCRISTINE,drug_sample,PUTATIVE_TARGET,DRD4,DRD4,rawtok_DRD4
DIHYDROERGOCRISTINE,drug_sample,PUTATIVE_TARGET,DRD5,DRD5,rawtok_DRD5
DIHYDROERGOCRISTINE,drug_sample,PUTATIVE_TARGET,HTR1A,HTR1A,rawtok_HTR1A
DIHYDROERGOCRISTINE,drug_sample,PUTATIVE_TARGET,HTR2A,HTR2A,rawtok_HTR2A
DIHYDROERGOCRISTINE,drug_sample,PUTATIVE_TARGET,HTR3A,HTR3A,rawtok_HTR3A
DIHYDROERGOCRISTINE,drug_sample,PUTATIVE_TARGET,HTR4,HTR4,rawtok_HTR4
DIHYDROERGOCRISTINE,drug_sample,PUTATIVE_TARGET,HTR5A,HTR5A,rawtok_HTR5A
DIHYDROERGOCRISTINE,drug_sample,PUTATIVE_TARGET,HTR6,HTR6,rawtok_HTR6
DIHYDROERGOCRISTINE,drug_sample,PUTATIVE_TARGET,HTR7,HTR7,rawtok_HTR7
GESTRINONE,drug_sample,PUTATIVE_TARGET,AR,AR,rawtok_AR
GESTRINONE,drug_sample,PUTATIVE_TARGET,ESR1,ESR1,rawtok_ESR1
GESTRINONE,drug_sample,PUTATIVE_TARGET,PGR,PGR,rawtok_PGR
INOSINE,drug_sample,PUTATIVE_TARGET,PARP1,PARP1,rawtok_PARP1
INOSINE,drug_sample,PUTATIVE_TARGET,PNP,PNP,rawtok_PNP
EQUOL,drug_sample,PUTATIVE_TARGET,ESR1,ESR1,rawtok_ESR1
EQUOL,drug_sample,PUTATIVE_TARGET,ESR2,ESR2,rawtok_ESR2
MELOXICAM,drug_sample,PUTATIVE_TARGET,PTGS1,PTGS1,rawtok_PTGS1
MELOXICAM,drug_sample,PUTATIVE_TARGET,PTGS2,PTGS2,rawtok_PTGS2
DOXIFLURIDINE,drug_sample,PUTATIVE_TARGET,TYMS,TYMS,rawtok_TYMS
EBASTINE,drug_sample,PUTATIVE_TARGET,CYP3A4,CYP3A4,rawtok_CYP3A4
EBASTINE,drug_sample,PUTATIVE_TARGET,HRH1,HRH1,rawtok_HRH1
TRICLABENDAZOLE,drug_sample,PUTATIVE_TARGET,DNMT1,DNMT1,rawtok_DNMT1
FLUMETHASONE,drug_sample,PUTATIVE_TARGET,NR3C1,NR3C1,rawtok_NR3C1
FLUMETHASONE,drug_sample,PUTATIVE_TARGET,PLA2G1B,PLA2G1B,rawtok_PLA2G1B
TIPIRACIL,drug_sample,PUTATIVE_TARGET,TYMP,TYMP,rawtok_TYMP
DOMPERIDONE,drug_sample,PUTATIVE_TARGET,DRD2,DRD2,rawtok_DRD2
DOMPERIDONE,drug_sample,PUTATIVE_TARGET,DRD3,DRD3,rawtok_DRD3
INDOPROFEN,drug_sample,PUTATIVE_TARGET,CXCR1,CXCR1,rawtok_CXCR1
INDOPROFEN,drug_sample,PUTATIVE_TARGET,CXCR2,CXCR2,rawtok_CXCR2
INDOPROFEN,drug_sample,PUTATIVE_TARGET,PTGS1,PTGS1,rawtok_PTGS1
INDOPROFEN,drug_sample,PUTATIVE_TARGET,PTGS2,PTGS2,rawtok_PTGS2
PODOPHYLLOTOXIN,drug_sample,PUTATIVE_TARGET,IGF1R,IGF1R,rawtok_IGF1R
PODOPHYLLOTOXIN,drug_sample,PUTATIVE_TARGET,TOP2A,TOP2A,rawtok_TOP2A
PODOPHYLLOTOXIN,drug_sample,PUTATIVE_TARGET,TUBA4A,TUBA4A,rawtok_TUBA4A
PODOPHYLLOTOXIN,drug_sample,PUTATIVE_TARGET,TUBB,TUBB,rawtok_TUBB
CURCUMIN,drug_sample,PUTATIVE_TARGET,APP,APP,rawtok_APP
CURCUMIN,drug_sample,PUTATIVE_TARGET,CA1,CA1,rawtok_CA1
CURCUMIN,drug_sample,PUTATIVE_TARGET,CA12,CA12,rawtok_CA12
CURCUMIN,drug_sample,PUTATIVE_TARGET,CA14,CA14,rawtok_CA14
CURCUMIN,drug_sample,PUTATIVE_TARGET,CA2,CA2,rawtok_CA2
CURCUMIN,drug_sample,PUTATIVE_TARGET,CA4,CA4,rawtok_CA4
CURCUMIN,drug_sample,PUTATIVE_TARGET,CA6,CA6,rawtok_CA6
CURCUMIN,drug_sample,PUTATIVE_TARGET,CA9,CA9,rawtok_CA9
CURCUMIN,drug_sample,PUTATIVE_TARGET,CYP3A4,CYP3A4,rawtok_CYP3A4
CURCUMIN,drug_sample,PUTATIVE_TARGET,DNMT3B,DNMT3B,rawtok_DNMT3B
CURCUMIN,drug_sample,PUTATIVE_TARGET,EP300,EP300,rawtok_EP300
CURCUMIN,drug_sample,PUTATIVE_TARGET,MMP13,MMP13,rawtok_MMP13
CURCUMIN,drug_sample,PUTATIVE_TARGET,MMP9,MMP9,rawtok_MMP9
CURCUMIN,drug_sample,PUTATIVE_TARGET,NOS2,NOS2,rawtok_NOS2
CURCUMIN,drug_sample,PUTATIVE_TARGET,PTGS1,PTGS1,rawtok_PTGS1
CURCUMIN,drug_sample,PUTATIVE_TARGET,PTGS2,PTGS2,rawtok_PTGS2
CURCUMIN,drug_sample,PUTATIVE_TARGET,XDH,XDH,rawtok_XDH
ORIDONIN,drug_sample,PUTATIVE_TARGET,BCL2,BCL2,rawtok_BCL2
ZIPRASIDONE,drug_sample,PUTATIVE_TARGET,ADRA1A,ADRA1A,rawtok_ADRA1A
ZIPRASIDONE,drug_sample,PUTATIVE_TARGET,ADRA1B,ADRA1B,rawtok_ADRA1B
ZIPRASIDONE,drug_sample,PUTATIVE_TARGET,ADRA2A,ADRA2A,rawtok_ADRA2A
ZIPRASIDONE,drug_sample,PUTATIVE_TARGET,ADRA2B,ADRA2B,rawtok_ADRA2B
ZIPRASIDONE,drug_sample,PUTATIVE_TARGET,ADRA2C,ADRA2C,rawtok_ADRA2C
ZIPRASIDONE,drug_sample,PUTATIVE_TARGET,CHRM1,CHRM1,rawtok_CHRM1
ZIPRASIDONE,drug_sample,PUTATIVE_TARGET,CHRM2,CHRM2,rawtok_CHRM2
ZIPRASIDONE,drug_sample,PUTATIVE_TARGET,CHRM3,CHRM3,rawtok_CHRM3
ZIPRASIDONE,drug_sample,PUTATIVE_TARGET,CHRM4,CHRM4,rawtok_CHRM4
ZIPRASIDONE,drug_sample,PUTATIVE_TARGET,CHRM5,CHRM5,rawtok_CHRM5
ZIPRASIDONE,drug_sample,PUTATIVE_TARGET,DRD1,DRD1,rawtok_DRD1
ZIPRASIDONE,drug_sample,PUTATIVE_TARGET,DRD2,DRD2,rawtok_DRD2
ZIPRASIDONE,drug_sample,PUTATIVE_TARGET,DRD3,DRD3,rawtok_DRD3
ZIPRASIDONE,drug_sample,PUTATIVE_TARGET,DRD4,DRD4,rawtok_DRD4
ZIPRASIDONE,drug_sample,PUTATIVE_TARGET,DRD5,DRD5,rawtok_DRD5
ZIPRASIDONE,drug_sample,PUTATIVE_TARGET,HRH1,HRH1,rawtok_HRH1
ZIPRASIDONE,drug_sample,PUTATIVE_TARGET,HTR1A,HTR1A,rawtok_HTR1A
ZIPRASIDONE,drug_sample,PUTATIVE_TARGET,HTR1B,HTR1B,rawtok_HTR1B
ZIPRASIDONE,drug_sample,PUTATIVE_TARGET,HTR1D,HTR1D,rawtok_HTR1D
ZIPRASIDONE,drug_sample,PUTATIVE_TARGET,HTR1E,HTR1E,rawtok_HTR1E
ZIPRASIDONE,drug_sample,PUTATIVE_TARGET,HTR2A,HTR2A,rawtok_HTR2A
ZIPRASIDONE,drug_sample,PUTATIVE_TARGET,HTR2C,HTR2C,rawtok_HTR2C
ZIPRASIDONE,drug_sample,PUTATIVE_TARGET,HTR3A,HTR3A,rawtok_HTR3A
ZIPRASIDONE,drug_sample,PUTATIVE_TARGET,HTR6,HTR6,rawtok_HTR6
ZIPRASIDONE,drug_sample,PUTATIVE_TARGET,HTR7,HTR7,rawtok_HTR7
ZIPRASIDONE,drug_sample,PUTATIVE_TARGET,SLC6A4,SLC6A4,rawtok_SLC6A4
CHOLECALCIFEROL,drug_sample,PUTATIVE_TARGET,VDR,VDR,rawtok_VDR
HALCINONIDE,drug_sample,PUTATIVE_TARGET,NR3C1,NR3C1,rawtok_NR3C1
TERIFLUNOMIDE,drug_sample,PUTATIVE_TARGET,DHODH,DHODH,rawtok_DHODH
INGENOL-MEBUTATE,drug_sample,PUTATIVE_TARGET,PRKCA,PRKCA,rawtok_PRKCA
INGENOL-MEBUTATE,drug_sample,PUTATIVE_TARGET,PRKCB,PRKCB,rawtok_PRKCB
INGENOL-MEBUTATE,drug_sample,PUTATIVE_TARGET,PRKCD,PRKCD,rawtok_PRKCD
INGENOL-MEBUTATE,drug_sample,PUTATIVE_TARGET,PRKCE,PRKCE,rawtok_PRKCE
INGENOL-MEBUTATE,drug_sample,PUTATIVE_TARGET,PRKCG,PRKCG,rawtok_PRKCG
TRIAPINE,drug_sample,PUTATIVE_TARGET,RRM1,RRM1,rawtok_RRM1
TRIAPINE,drug_sample,PUTATIVE_TARGET,RRM2,RRM2,rawtok_RRM2
DEFERASIROX,drug_sample,PUTATIVE_TARGET,CYP3A4,CYP3A4,rawtok_CYP3A4
DANAZOL,drug_sample,PUTATIVE_TARGET,AR,AR,rawtok_AR
DANAZOL,drug_sample,PUTATIVE_TARGET,CCL2,CCL2,rawtok_CCL2
DANAZOL,drug_sample,PUTATIVE_TARGET,ESR1,ESR1,rawtok_ESR1
DANAZOL,drug_sample,PUTATIVE_TARGET,GNRHR,GNRHR,rawtok_GNRHR
DANAZOL,drug_sample,PUTATIVE_TARGET,GNRHR2,GNRHR2,rawtok_GNRHR2
DANAZOL,drug_sample,PUTATIVE_TARGET,PGR,PGR,rawtok_PGR
CICLOPIROX,drug_sample,PUTATIVE_TARGET,ATP1A1,ATP1A1,rawtok_ATP1A1
ELTROMBOPAG,drug_sample,PUTATIVE_TARGET,MPL,MPL,rawtok_MPL
TRIAMCINOLONE,drug_sample,PUTATIVE_TARGET,NR3C1,NR3C1,rawtok_NR3C1
TRIAMCINOLONE,drug_sample,PUTATIVE_TARGET,SERPINA6,SERPINA6,rawtok_SERPINA6
OXIBENDAZOLE,drug_sample,PUTATIVE_TARGET,TUBB,TUBB,rawtok_TUBB
OXIBENDAZOLE,drug_sample,PUTATIVE_TARGET,TUBB4B,TUBB4B,rawtok_TUBB4B
DOFETILIDE,drug_sample,PUTATIVE_TARGET,KCNH1,KCNH1,rawtok_KCNH1
DOFETILIDE,drug_sample,PUTATIVE_TARGET,KCNH2,KCNH2,rawtok_KCNH2
DOFETILIDE,drug_sample,PUTATIVE_TARGET,KCNJ12,KCNJ12,rawtok_KCNJ12
DOFETILIDE,drug_sample,PUTATIVE_TARGET,KCNK2,KCNK2,rawtok_KCNK2
RIBAVIRIN,drug_sample,PUTATIVE_TARGET,ADK,ADK,rawtok_ADK
RIBAVIRIN,drug_sample,PUTATIVE_TARGET,ENPP1,ENPP1,rawtok_ENPP1
RIBAVIRIN,drug_sample,PUTATIVE_TARGET,IMPDH1,IMPDH1,rawtok_IMPDH1
RIBAVIRIN,drug_sample,PUTATIVE_TARGET,IMPDH2,IMPDH2,rawtok_IMPDH2
RIBAVIRIN,drug_sample,PUTATIVE_TARGET,NT5C2,NT5C2,rawtok_NT5C2
TEMAZEPAM,drug_sample,PUTATIVE_TARGET,GABRA1,GABRA1,rawtok_GABRA1
TEMAZEPAM,drug_sample,PUTATIVE_TARGET,GABRA2,GABRA2,rawtok_GABRA2
TEMAZEPAM,drug_sample,PUTATIVE_TARGET,GABRA3,GABRA3,rawtok_GABRA3
TEMAZEPAM,drug_sample,PUTATIVE_TARGET,GABRA4,GABRA4,rawtok_GABRA4
TEMAZEPAM,drug_sample,PUTATIVE_TARGET,GABRA5,GABRA5,rawtok_GABRA5
TEMAZEPAM,drug_sample,PUTATIVE_TARGET,GABRA6,GABRA6,rawtok_GABRA6
TEMAZEPAM,drug_sample,PUTATIVE_TARGET,GABRB1,GABRB1,rawtok_GABRB1
TEMAZEPAM,drug_sample,PUTATIVE_TARGET,GABRB2,GABRB2,rawtok_GABRB2
TEMAZEPAM,drug_sample,PUTATIVE_TARGET,GABRB3,GABRB3,rawtok_GABRB3
TEMAZEPAM,drug_sample,PUTATIVE_TARGET,GABRD,GABRD,rawtok_GABRD
TEMAZEPAM,drug_sample,PUTATIVE_TARGET,GABRE,GABRE,rawtok_GABRE
TEMAZEPAM,drug_sample,PUTATIVE_TARGET,GABRG1,GABRG1,rawtok_GABRG1
TEMAZEPAM,drug_sample,PUTATIVE_TARGET,GABRG2,GABRG2,rawtok_GABRG2
TEMAZEPAM,drug_sample,PUTATIVE_TARGET,GABRG3,GABRG3,rawtok_GABRG3
TEMAZEPAM,drug_sample,PUTATIVE_TARGET,GABRP,GABRP,rawtok_GABRP
TEMAZEPAM,drug_sample,PUTATIVE_TARGET,GABRQ,GABRQ,rawtok_GABRQ
TEMAZEPAM,drug_sample,PUTATIVE_TARGET,GABRR1,GABRR1,rawtok_GABRR1
TEMAZEPAM,drug_sample,PUTATIVE_TARGET,GABRR2,GABRR2,rawtok_GABRR2
TEMAZEPAM,drug_sample,PUTATIVE_TARGET,GABRR3,GABRR3,rawtok_GABRR3
TEMAZEPAM,drug_sample,PUTATIVE_TARGET,TSPO,TSPO,rawtok_TSPO
ENOCITABINE,drug_sample,PUTATIVE_TARGET,CMPK1,CMPK1,rawtok_CMPK1
ENOCITABINE,drug_sample,PUTATIVE_TARGET,RRM1,RRM1,rawtok_RRM1
ENOCITABINE,drug_sample,PUTATIVE_TARGET,TYMS,TYMS,rawtok_TYMS
CPP,drug_sample,PUTATIVE_TARGET,GRIN1,GRIN1,rawtok_GRIN1
CPP,drug_sample,PUTATIVE_TARGET,GRIN2A,GRIN2A,rawtok_GRIN2A
CPP,drug_sample,PUTATIVE_TARGET,GRIN2B,GRIN2B,rawtok_GRIN2B
CPP,drug_sample,PUTATIVE_TARGET,GRIN2C,GRIN2C,rawtok_GRIN2C
CPP,drug_sample,PUTATIVE_TARGET,GRIN2D,GRIN2D,rawtok_GRIN2D
CGP-37849,drug_sample,PUTATIVE_TARGET,GRIN2A,GRIN2A,rawtok_GRIN2A
CGP-37849,drug_sample,PUTATIVE_TARGET,GRIN2B,GRIN2B,rawtok_GRIN2B
CGP-37849,drug_sample,PUTATIVE_TARGET,GRIN2C,GRIN2C,rawtok_GRIN2C
CGP-37849,drug_sample,PUTATIVE_TARGET,GRIN2D,GRIN2D,rawtok_GRIN2D
SRT1720,drug_sample,PUTATIVE_TARGET,SIRT1,SIRT1,rawtok_SIRT1
PIK-75,drug_sample,PUTATIVE_TARGET,PIK3CA,PIK3CA,rawtok_PIK3CA
PIK-75,drug_sample,PUTATIVE_TARGET,PIK3CB,PIK3CB,rawtok_PIK3CB
PIK-75,drug_sample,PUTATIVE_TARGET,PIK3CD,PIK3CD,rawtok_PIK3CD
PIK-75,drug_sample,PUTATIVE_TARGET,PIK3CG,PIK3CG,rawtok_PIK3CG
PIK-75,drug_sample,PUTATIVE_TARGET,PRKDC,PRKDC,rawtok_PRKDC
VU0238429,drug_sample,PUTATIVE_TARGET,CHRM5,CHRM5,rawtok_CHRM5
VU0361737,drug_sample,PUTATIVE_TARGET,GRM4,GRM4,rawtok_GRM4
SKEPINONE-L,drug_sample,PUTATIVE_TARGET,MAPK14,MAPK14,rawtok_MAPK14
BAN-ORL-24,drug_sample,PUTATIVE_TARGET,OPRL1,OPRL1,rawtok_OPRL1
CNX-774,drug_sample,PUTATIVE_TARGET,BTK,BTK,rawtok_BTK
"HYDROXYTACRINE-MALEATE-(R,S)",drug_sample,PUTATIVE_TARGET,ACHE,ACHE,rawtok_ACHE
LY303511,drug_sample,PUTATIVE_TARGET,BRD2,BRD2,rawtok_BRD2
LY303511,drug_sample,PUTATIVE_TARGET,BRD3,BRD3,rawtok_BRD3
LY303511,drug_sample,PUTATIVE_TARGET,BRD4,BRD4,rawtok_BRD4
JIB04,drug_sample,PUTATIVE_TARGET,KDM4E,KDM4E,rawtok_KDM4E
GS-39783,drug_sample,PUTATIVE_TARGET,GABBR1,GABBR1,rawtok_GABBR1
KPT-276,drug_sample,PUTATIVE_TARGET,XPO1,XPO1,rawtok_XPO1
G-1,drug_sample,PUTATIVE_TARGET,GPER1,GPER1,rawtok_GPER1
LY456236,drug_sample,PUTATIVE_TARGET,GRM1,GRM1,rawtok_GRM1
GW-405833,drug_sample,PUTATIVE_TARGET,CNR2,CNR2,rawtok_CNR2
CGS-15943,drug_sample,PUTATIVE_TARGET,ADORA1,ADORA1,rawtok_ADORA1
CGS-15943,drug_sample,PUTATIVE_TARGET,ADORA2A,ADORA2A,rawtok_ADORA2A
CGS-15943,drug_sample,PUTATIVE_TARGET,ADORA2B,ADORA2B,rawtok_ADORA2B
CGS-15943,drug_sample,PUTATIVE_TARGET,ADORA3,ADORA3,rawtok_ADORA3
WZ-4002,drug_sample,PUTATIVE_TARGET,EGFR,EGFR,rawtok_EGFR
WZ-4002,drug_sample,PUTATIVE_TARGET,ERBB2,ERBB2,rawtok_ERBB2
PETCM,drug_sample,PUTATIVE_TARGET,CASP3,CASP3,rawtok_CASP3
BAICALEIN,drug_sample,PUTATIVE_TARGET,ALOX5,ALOX5,rawtok_ALOX5
BAICALEIN,drug_sample,PUTATIVE_TARGET,GLO1,GLO1,rawtok_GLO1
BAICALEIN,drug_sample,PUTATIVE_TARGET,PREP,PREP,rawtok_PREP
BAICALEIN,drug_sample,PUTATIVE_TARGET,SELL,SELL,rawtok_SELL
BAICALEIN,drug_sample,PUTATIVE_TARGET,SELP,SELP,rawtok_SELP
BAICALEIN,drug_sample,PUTATIVE_TARGET,TNF,TNF,rawtok_TNF
BAICALEIN,drug_sample,PUTATIVE_TARGET,XDH,XDH,rawtok_XDH
NSC-663284,drug_sample,PUTATIVE_TARGET,CDC25A,CDC25A,rawtok_CDC25A
NSC-663284,drug_sample,PUTATIVE_TARGET,CDC25B,CDC25B,rawtok_CDC25B
NSC-663284,drug_sample,PUTATIVE_TARGET,CDC25C,CDC25C,rawtok_CDC25C
AZ-628,drug_sample,PUTATIVE_TARGET,BRAF,BRAF,rawtok_BRAF
AZ-628,drug_sample,PUTATIVE_TARGET,RAF1,RAF1,rawtok_RAF1
CHIR-98014,drug_sample,PUTATIVE_TARGET,GSK3A,GSK3A,rawtok_GSK3A
CHIR-98014,drug_sample,PUTATIVE_TARGET,GSK3B,GSK3B,rawtok_GSK3B
IEM1754,drug_sample,PUTATIVE_TARGET,GRIA1,GRIA1,rawtok_GRIA1
LE-135,drug_sample,PUTATIVE_TARGET,RARB,RARB,rawtok_RARB
4-IODO-6-PHENYLPYRIMIDINE,drug_sample,PUTATIVE_TARGET,MIF,MIF,rawtok_MIF
NVP-AEW541,drug_sample,PUTATIVE_TARGET,IGF1R,IGF1R,rawtok_IGF1R
NVP-AEW541,drug_sample,PUTATIVE_TARGET,INSR,INSR,rawtok_INSR
RN-1734,drug_sample,PUTATIVE_TARGET,TRPV4,TRPV4,rawtok_TRPV4
TREQUINSIN,drug_sample,PUTATIVE_TARGET,PDE5A,PDE5A,rawtok_PDE5A
"2,3-DCPE",drug_sample,PUTATIVE_TARGET,BCL2L1,BCL2L1,rawtok_BCL2L1
CCT129202,drug_sample,PUTATIVE_TARGET,AURKA,AURKA,rawtok_AURKA
CCT129202,drug_sample,PUTATIVE_TARGET,AURKB,AURKB,rawtok_AURKB
CCT129202,drug_sample,PUTATIVE_TARGET,AURKC,AURKC,rawtok_AURKC
8-BROMO-CGMP,drug_sample,PUTATIVE_TARGET,PRKG1,PRKG1,rawtok_PRKG1
FENDILINE,drug_sample,PUTATIVE_TARGET,HTR2B,HTR2B,rawtok_HTR2B
LY2183240,drug_sample,PUTATIVE_TARGET,FAAH,FAAH,rawtok_FAAH
SU3327,drug_sample,PUTATIVE_TARGET,MAPK8,MAPK8,rawtok_MAPK8
BAY-11-7085,drug_sample,PUTATIVE_TARGET,NFKBIA,NFKBIA,rawtok_NFKBIA
BISINDOLYLMALEIMIDE-IX,drug_sample,PUTATIVE_TARGET,AKT1,AKT1,rawtok_AKT1
BISINDOLYLMALEIMIDE-IX,drug_sample,PUTATIVE_TARGET,GSK3B,GSK3B,rawtok_GSK3B
BISINDOLYLMALEIMIDE-IX,drug_sample,PUTATIVE_TARGET,LCK,LCK,rawtok_LCK
BISINDOLYLMALEIMIDE-IX,drug_sample,PUTATIVE_TARGET,MAPK1,MAPK1,rawtok_MAPK1
BISINDOLYLMALEIMIDE-IX,drug_sample,PUTATIVE_TARGET,MAPK11,MAPK11,rawtok_MAPK11
BISINDOLYLMALEIMIDE-IX,drug_sample,PUTATIVE_TARGET,MAPK12,MAPK12,rawtok_MAPK12
BISINDOLYLMALEIMIDE-IX,drug_sample,PUTATIVE_TARGET,MAPK14,MAPK14,rawtok_MAPK14
BISINDOLYLMALEIMIDE-IX,drug_sample,PUTATIVE_TARGET,MAPK8,MAPK8,rawtok_MAPK8
BISINDOLYLMALEIMIDE-IX,drug_sample,PUTATIVE_TARGET,PRKCA,PRKCA,rawtok_PRKCA
BISINDOLYLMALEIMIDE-IX,drug_sample,PUTATIVE_TARGET,ROCK1,ROCK1,rawtok_ROCK1
BISINDOLYLMALEIMIDE-IX,drug_sample,PUTATIVE_TARGET,RPS6KB1,RPS6KB1,rawtok_RPS6KB1
BISINDOLYLMALEIMIDE-IX,drug_sample,PUTATIVE_TARGET,SIRT1,SIRT1,rawtok_SIRT1
TG-100572,drug_sample,PUTATIVE_TARGET,KDR,KDR,rawtok_KDR
TG-100572,drug_sample,PUTATIVE_TARGET,SRC,SRC,rawtok_SRC
RO-90-7501,drug_sample,PUTATIVE_TARGET,APP,APP,rawtok_APP
CR8-(R),drug_sample,PUTATIVE_TARGET,CCNA2,CCNA2,rawtok_CCNA2
ABT-702,drug_sample,PUTATIVE_TARGET,ADK,ADK,rawtok_ADK
PIRENPERONE,drug_sample,PUTATIVE_TARGET,HTR2A,HTR2A,rawtok_HTR2A
PIRENPERONE,drug_sample,PUTATIVE_TARGET,HTR7,HTR7,rawtok_HTR7
BIBU-1361,drug_sample,PUTATIVE_TARGET,EGFR,EGFR,rawtok_EGFR
SGI-1027,drug_sample,PUTATIVE_TARGET,DNMT1,DNMT1,rawtok_DNMT1
SGI-1027,drug_sample,PUTATIVE_TARGET,DNMT3A,DNMT3A,rawtok_DNMT3A
SGI-1027,drug_sample,PUTATIVE_TARGET,DNMT3B,DNMT3B,rawtok_DNMT3B
1-AZAKENPAULLONE,drug_sample,PUTATIVE_TARGET,CCNB1,CCNB1,rawtok_CCNB1
1-AZAKENPAULLONE,drug_sample,PUTATIVE_TARGET,CDK1,CDK1,rawtok_CDK1
1-AZAKENPAULLONE,drug_sample,PUTATIVE_TARGET,CDK5,CDK5,rawtok_CDK5
1-AZAKENPAULLONE,drug_sample,PUTATIVE_TARGET,GSK3B,GSK3B,rawtok_GSK3B
DIGITOXIGENIN,drug_sample,PUTATIVE_TARGET,ATP1A1,ATP1A1,rawtok_ATP1A1
ZM-447439,drug_sample,PUTATIVE_TARGET,AURKA,AURKA,rawtok_AURKA
ZM-447439,drug_sample,PUTATIVE_TARGET,AURKB,AURKB,rawtok_AURKB
ARCTIGENIN,drug_sample,PUTATIVE_TARGET,CHUK,CHUK,rawtok_CHUK
ARCTIGENIN,drug_sample,PUTATIVE_TARGET,MAP2K1,MAP2K1,rawtok_MAP2K1
KU-0063794,drug_sample,PUTATIVE_TARGET,MTOR,MTOR,rawtok_MTOR
WYE-354,drug_sample,PUTATIVE_TARGET,MTOR,MTOR,rawtok_MTOR
PD-168393,drug_sample,PUTATIVE_TARGET,EGFR,EGFR,rawtok_EGFR
PD-168393,drug_sample,PUTATIVE_TARGET,ERBB2,ERBB2,rawtok_ERBB2
PD-168393,drug_sample,PUTATIVE_TARGET,SRC,SRC,rawtok_SRC
SB-205384,drug_sample,PUTATIVE_TARGET,GABRA3,GABRA3,rawtok_GABRA3
SB-205384,drug_sample,PUTATIVE_TARGET,GABRA5,GABRA5,rawtok_GABRA5
SB-205384,drug_sample,PUTATIVE_TARGET,GABRA6,GABRA6,rawtok_GABRA6
RKI-1447,drug_sample,PUTATIVE_TARGET,CDC42BPA,CDC42BPA,rawtok_CDC42BPA
RKI-1447,drug_sample,PUTATIVE_TARGET,DMPK,DMPK,rawtok_DMPK
RKI-1447,drug_sample,PUTATIVE_TARGET,LIMK1,LIMK1,rawtok_LIMK1
RKI-1447,drug_sample,PUTATIVE_TARGET,MYLK,MYLK,rawtok_MYLK
RKI-1447,drug_sample,PUTATIVE_TARGET,PAK1,PAK1,rawtok_PAK1
RKI-1447,drug_sample,PUTATIVE_TARGET,PKN1,PKN1,rawtok_PKN1
RKI-1447,drug_sample,PUTATIVE_TARGET,ROCK1,ROCK1,rawtok_ROCK1
RKI-1447,drug_sample,PUTATIVE_TARGET,ROCK2,ROCK2,rawtok_ROCK2
TG-02,drug_sample,PUTATIVE_TARGET,CDK1,CDK1,rawtok_CDK1
TG-02,drug_sample,PUTATIVE_TARGET,CDK2,CDK2,rawtok_CDK2
TG-02,drug_sample,PUTATIVE_TARGET,CDK7,CDK7,rawtok_CDK7
TG-02,drug_sample,PUTATIVE_TARGET,CDK9,CDK9,rawtok_CDK9
TG-02,drug_sample,PUTATIVE_TARGET,FLT3,FLT3,rawtok_FLT3
TG-02,drug_sample,PUTATIVE_TARGET,JAK2,JAK2,rawtok_JAK2
SCRIPTAID,drug_sample,PUTATIVE_TARGET,HDAC1,HDAC1,rawtok_HDAC1
SCRIPTAID,drug_sample,PUTATIVE_TARGET,HDAC2,HDAC2,rawtok_HDAC2
SCRIPTAID,drug_sample,PUTATIVE_TARGET,HDAC3,HDAC3,rawtok_HDAC3
SCRIPTAID,drug_sample,PUTATIVE_TARGET,HDAC4,HDAC4,rawtok_HDAC4
SCRIPTAID,drug_sample,PUTATIVE_TARGET,HDAC5,HDAC5,rawtok_HDAC5
SCRIPTAID,drug_sample,PUTATIVE_TARGET,HDAC6,HDAC6,rawtok_HDAC6
SCRIPTAID,drug_sample,PUTATIVE_TARGET,HDAC7,HDAC7,rawtok_HDAC7
SCRIPTAID,drug_sample,PUTATIVE_TARGET,HDAC8,HDAC8,rawtok_HDAC8
SCRIPTAID,drug_sample,PUTATIVE_TARGET,HDAC9,HDAC9,rawtok_HDAC9
VE-821,drug_sample,PUTATIVE_TARGET,ATR,ATR,rawtok_ATR
U-0126,drug_sample,PUTATIVE_TARGET,AKT1,AKT1,rawtok_AKT1
U-0126,drug_sample,PUTATIVE_TARGET,CHEK1,CHEK1,rawtok_CHEK1
U-0126,drug_sample,PUTATIVE_TARGET,GSK3B,GSK3B,rawtok_GSK3B
U-0126,drug_sample,PUTATIVE_TARGET,LCK,LCK,rawtok_LCK
U-0126,drug_sample,PUTATIVE_TARGET,MAP2K1,MAP2K1,rawtok_MAP2K1
U-0126,drug_sample,PUTATIVE_TARGET,MAP2K2,MAP2K2,rawtok_MAP2K2
U-0126,drug_sample,PUTATIVE_TARGET,MAP2K7,MAP2K7,rawtok_MAP2K7
U-0126,drug_sample,PUTATIVE_TARGET,MAPK1,MAPK1,rawtok_MAPK1
U-0126,drug_sample,PUTATIVE_TARGET,MAPK11,MAPK11,rawtok_MAPK11
U-0126,drug_sample,PUTATIVE_TARGET,MAPK12,MAPK12,rawtok_MAPK12
U-0126,drug_sample,PUTATIVE_TARGET,MAPK14,MAPK14,rawtok_MAPK14
U-0126,drug_sample,PUTATIVE_TARGET,MAPK8,MAPK8,rawtok_MAPK8
U-0126,drug_sample,PUTATIVE_TARGET,PRKCA,PRKCA,rawtok_PRKCA
U-0126,drug_sample,PUTATIVE_TARGET,RAF1,RAF1,rawtok_RAF1
U-0126,drug_sample,PUTATIVE_TARGET,ROCK1,ROCK1,rawtok_ROCK1
U-0126,drug_sample,PUTATIVE_TARGET,RPS6KB1,RPS6KB1,rawtok_RPS6KB1
U-0126,drug_sample,PUTATIVE_TARGET,SGK1,SGK1,rawtok_SGK1
ZM-306416,drug_sample,PUTATIVE_TARGET,EGFR,EGFR,rawtok_EGFR
ZM-306416,drug_sample,PUTATIVE_TARGET,FLT1,FLT1,rawtok_FLT1
ZM-306416,drug_sample,PUTATIVE_TARGET,FLT4,FLT4,rawtok_FLT4
ZM-306416,drug_sample,PUTATIVE_TARGET,KDR,KDR,rawtok_KDR
RO-10-5824,drug_sample,PUTATIVE_TARGET,DRD4,DRD4,rawtok_DRD4
FERB-033,drug_sample,PUTATIVE_TARGET,ERBB2,ERBB2,rawtok_ERBB2
GW-441756,drug_sample,PUTATIVE_TARGET,NTRK1,NTRK1,rawtok_NTRK1
CMPD-1,drug_sample,PUTATIVE_TARGET,GNRHR,GNRHR,rawtok_GNRHR
CMPD-1,drug_sample,PUTATIVE_TARGET,MAPK14,MAPK14,rawtok_MAPK14
AM-251,drug_sample,PUTATIVE_TARGET,CNR1,CNR1,rawtok_CNR1
AM-251,drug_sample,PUTATIVE_TARGET,GPR18,GPR18,rawtok_GPR18
AM-251,drug_sample,PUTATIVE_TARGET,GPR55,GPR55,rawtok_GPR55
EMD-53998,drug_sample,PUTATIVE_TARGET,TNNC1,TNNC1,rawtok_TNNC1
AMONAFIDE,drug_sample,PUTATIVE_TARGET,TOP2A,TOP2A,rawtok_TOP2A
AMONAFIDE,drug_sample,PUTATIVE_TARGET,TOP2B,TOP2B,rawtok_TOP2B
ZK-93423,drug_sample,PUTATIVE_TARGET,GABRA1,GABRA1,rawtok_GABRA1
ZK-93423,drug_sample,PUTATIVE_TARGET,GABRA2,GABRA2,rawtok_GABRA2
ZK-93423,drug_sample,PUTATIVE_TARGET,GABRA3,GABRA3,rawtok_GABRA3
ZK-93423,drug_sample,PUTATIVE_TARGET,GABRA5,GABRA5,rawtok_GABRA5
ZK-93423,drug_sample,PUTATIVE_TARGET,GABRB2,GABRB2,rawtok_GABRB2
ZK-93423,drug_sample,PUTATIVE_TARGET,GABRG2,GABRG2,rawtok_GABRG2
VANOXERINE,drug_sample,PUTATIVE_TARGET,SLC6A3,SLC6A3,rawtok_SLC6A3
GSK461364,drug_sample,PUTATIVE_TARGET,PLK1,PLK1,rawtok_PLK1
BMS-986020,drug_sample,PUTATIVE_TARGET,LPAR1,LPAR1,rawtok_LPAR1
VLX600,drug_sample,PUTATIVE_TARGET,USP14,USP14,rawtok_USP14
CGM097,drug_sample,PUTATIVE_TARGET,MDM2,MDM2,rawtok_MDM2
BF2.649,drug_sample,PUTATIVE_TARGET,HRH3,HRH3,rawtok_HRH3
TIOTIDINE,drug_sample,PUTATIVE_TARGET,HRH2,HRH2,rawtok_HRH2
MK-0812,drug_sample,PUTATIVE_TARGET,CCR2,CCR2,rawtok_CCR2
MK-2461,drug_sample,PUTATIVE_TARGET,FGFR1,FGFR1,rawtok_FGFR1
MK-2461,drug_sample,PUTATIVE_TARGET,FGFR2,FGFR2,rawtok_FGFR2
MK-2461,drug_sample,PUTATIVE_TARGET,FGFR3,FGFR3,rawtok_FGFR3
MK-2461,drug_sample,PUTATIVE_TARGET,FLT1,FLT1,rawtok_FLT1
MK-2461,drug_sample,PUTATIVE_TARGET,FLT3,FLT3,rawtok_FLT3
MK-2461,drug_sample,PUTATIVE_TARGET,FLT4,FLT4,rawtok_FLT4
MK-2461,drug_sample,PUTATIVE_TARGET,KDR,KDR,rawtok_KDR
MK-2461,drug_sample,PUTATIVE_TARGET,MERTK,MERTK,rawtok_MERTK
MK-2461,drug_sample,PUTATIVE_TARGET,MET,MET,rawtok_MET
MK-2461,drug_sample,PUTATIVE_TARGET,MST1R,MST1R,rawtok_MST1R
MK-2461,drug_sample,PUTATIVE_TARGET,NTRK1,NTRK1,rawtok_NTRK1
MK-2461,drug_sample,PUTATIVE_TARGET,NTRK2,NTRK2,rawtok_NTRK2
MK-2461,drug_sample,PUTATIVE_TARGET,PDGFRB,PDGFRB,rawtok_PDGFRB
ICI-162846,drug_sample,PUTATIVE_TARGET,HRH2,HRH2,rawtok_HRH2
SR-27897,drug_sample,PUTATIVE_TARGET,CCKAR,CCKAR,rawtok_CCKAR
AMG-208,drug_sample,PUTATIVE_TARGET,MET,MET,rawtok_MET
SALVINORIN-A,drug_sample,PUTATIVE_TARGET,OPRD1,OPRD1,rawtok_OPRD1
SALVINORIN-A,drug_sample,PUTATIVE_TARGET,OPRK1,OPRK1,rawtok_OPRK1
SALVINORIN-A,drug_sample,PUTATIVE_TARGET,OPRM1,OPRM1,rawtok_OPRM1
TORCETRAPIB,drug_sample,PUTATIVE_TARGET,CETP,CETP,rawtok_CETP
TECASTEMIZOLE,drug_sample,PUTATIVE_TARGET,KCNH2,KCNH2,rawtok_KCNH2
VINCRISTINE,drug_sample,PUTATIVE_TARGET,TUBA4A,TUBA4A,rawtok_TUBA4A
VINCRISTINE,drug_sample,PUTATIVE_TARGET,TUBB,TUBB,rawtok_TUBB
UK-383367,drug_sample,PUTATIVE_TARGET,BMP1,BMP1,rawtok_BMP1
TEMOCAPRIL,drug_sample,PUTATIVE_TARGET,ACE,ACE,rawtok_ACE
STA-5326,drug_sample,PUTATIVE_TARGET,IL12A,IL12A,rawtok_IL12A
TETRAHYDROURIDINE,drug_sample,PUTATIVE_TARGET,CDA,CDA,rawtok_CDA
S-METHYLCYSTEINE,drug_sample,PUTATIVE_TARGET,CTSD,CTSD,rawtok_CTSD
S-METHYLCYSTEINE,drug_sample,PUTATIVE_TARGET,MGMT,MGMT,rawtok_MGMT
TG100-115,drug_sample,PUTATIVE_TARGET,PIK3CA,PIK3CA,rawtok_PIK3CA
TG100-115,drug_sample,PUTATIVE_TARGET,PIK3CB,PIK3CB,rawtok_PIK3CB
TG100-115,drug_sample,PUTATIVE_TARGET,PIK3CD,PIK3CD,rawtok_PIK3CD
TG100-115,drug_sample,PUTATIVE_TARGET,PIK3CG,PIK3CG,rawtok_PIK3CG
PF-05212384,drug_sample,PUTATIVE_TARGET,MTOR,MTOR,rawtok_MTOR
PF-05212384,drug_sample,PUTATIVE_TARGET,PIK3CA,PIK3CA,rawtok_PIK3CA
SB-2343,drug_sample,PUTATIVE_TARGET,MTOR,MTOR,rawtok_MTOR
SB-2343,drug_sample,PUTATIVE_TARGET,PIK3CA,PIK3CA,rawtok_PIK3CA
SB-2343,drug_sample,PUTATIVE_TARGET,PIK3CB,PIK3CB,rawtok_PIK3CB
SB-2343,drug_sample,PUTATIVE_TARGET,PIK3CD,PIK3CD,rawtok_PIK3CD
SB-2343,drug_sample,PUTATIVE_TARGET,PIK3CG,PIK3CG,rawtok_PIK3CG
TAK-901,drug_sample,PUTATIVE_TARGET,AURKB,AURKB,rawtok_AURKB
RESATORVID,drug_sample,PUTATIVE_TARGET,TLR4,TLR4,rawtok_TLR4
CPI-1189,drug_sample,PUTATIVE_TARGET,TNF,TNF,rawtok_TNF
LY2090314,drug_sample,PUTATIVE_TARGET,GSK3B,GSK3B,rawtok_GSK3B
ETOMOXIR,drug_sample,PUTATIVE_TARGET,CPT1A,CPT1A,rawtok_CPT1A
ABT-737,drug_sample,PUTATIVE_TARGET,BCL2,BCL2,rawtok_BCL2
ABT-737,drug_sample,PUTATIVE_TARGET,BCL2L1,BCL2L1,rawtok_BCL2L1
ABT-737,drug_sample,PUTATIVE_TARGET,BCL2L2,BCL2L2,rawtok_BCL2L2
DOLASTATIN-10,drug_sample,PUTATIVE_TARGET,TUBB,TUBB,rawtok_TUBB
IKK-2-INHIBITOR-V,drug_sample,PUTATIVE_TARGET,IKBKB,IKBKB,rawtok_IKBKB
ERTEBEREL,drug_sample,PUTATIVE_TARGET,ESR1,ESR1,rawtok_ESR1
ERTEBEREL,drug_sample,PUTATIVE_TARGET,ESR2,ESR2,rawtok_ESR2
CYTOCHALASIN-B,drug_sample,PUTATIVE_TARGET,ACTB,ACTB,rawtok_ACTB
SU014813,drug_sample,PUTATIVE_TARGET,KDR,KDR,rawtok_KDR
FLUBENDAZOLE,drug_sample,PUTATIVE_TARGET,TUBB,TUBB,rawtok_TUBB
OBIDOXIME,drug_sample,PUTATIVE_TARGET,ACHE,ACHE,rawtok_ACHE
EFONIDIPINE-MONOETHANOLATE,drug_sample,PUTATIVE_TARGET,CACNA1C,CACNA1C,rawtok_CACNA1C
EFONIDIPINE-MONOETHANOLATE,drug_sample,PUTATIVE_TARGET,CACNA1G,CACNA1G,rawtok_CACNA1G
INDIPLON,drug_sample,PUTATIVE_TARGET,GABRA1,GABRA1,rawtok_GABRA1
CL-218872,drug_sample,PUTATIVE_TARGET,GABRA1,GABRA1,rawtok_GABRA1
CL-218872,drug_sample,PUTATIVE_TARGET,GABRA2,GABRA2,rawtok_GABRA2
CL-218872,drug_sample,PUTATIVE_TARGET,GABRA3,GABRA3,rawtok_GABRA3
CL-218872,drug_sample,PUTATIVE_TARGET,GABRA5,GABRA5,rawtok_GABRA5
CL-218872,drug_sample,PUTATIVE_TARGET,GABRB2,GABRB2,rawtok_GABRB2
CL-218872,drug_sample,PUTATIVE_TARGET,GABRG2,GABRG2,rawtok_GABRG2
HYOSCYAMINE,drug_sample,PUTATIVE_TARGET,CHRM1,CHRM1,rawtok_CHRM1
HYOSCYAMINE,drug_sample,PUTATIVE_TARGET,CHRM2,CHRM2,rawtok_CHRM2
HYOSCYAMINE,drug_sample,PUTATIVE_TARGET,CHRM3,CHRM3,rawtok_CHRM3
HYOSCYAMINE,drug_sample,PUTATIVE_TARGET,CHRM4,CHRM4,rawtok_CHRM4
PIPERINE,drug_sample,PUTATIVE_TARGET,MAOA,MAOA,rawtok_MAOA
PIPERINE,drug_sample,PUTATIVE_TARGET,MAOB,MAOB,rawtok_MAOB
PIPERINE,drug_sample,PUTATIVE_TARGET,TRPV1,TRPV1,rawtok_TRPV1
PF-04457845,drug_sample,PUTATIVE_TARGET,FAAH,FAAH,rawtok_FAAH
TAGATOSE,drug_sample,PUTATIVE_TARGET,PYGL,PYGL,rawtok_PYGL
OTS167,drug_sample,PUTATIVE_TARGET,MELK,MELK,rawtok_MELK
SB-590885,drug_sample,PUTATIVE_TARGET,BRAF,BRAF,rawtok_BRAF
SB-505124,drug_sample,PUTATIVE_TARGET,TGFBR1,TGFBR1,rawtok_TGFBR1
VER-49009,drug_sample,PUTATIVE_TARGET,HSP90AA1,HSP90AA1,rawtok_HSP90AA1
JZL-184,drug_sample,PUTATIVE_TARGET,MGLL,MGLL,rawtok_MGLL
SB-216641,drug_sample,PUTATIVE_TARGET,HTR1A,HTR1A,rawtok_HTR1A
SB-216641,drug_sample,PUTATIVE_TARGET,HTR1B,HTR1B,rawtok_HTR1B
SB-216641,drug_sample,PUTATIVE_TARGET,HTR1D,HTR1D,rawtok_HTR1D
SB-216641,drug_sample,PUTATIVE_TARGET,HTR2A,HTR2A,rawtok_HTR2A
SB-216641,drug_sample,PUTATIVE_TARGET,HTR2B,HTR2B,rawtok_HTR2B
SB-216641,drug_sample,PUTATIVE_TARGET,HTR2C,HTR2C,rawtok_HTR2C
LDN-212854,drug_sample,PUTATIVE_TARGET,ABL1,ABL1,rawtok_ABL1
LDN-212854,drug_sample,PUTATIVE_TARGET,ACVR1,ACVR1,rawtok_ACVR1
LDN-212854,drug_sample,PUTATIVE_TARGET,RIPK2,RIPK2,rawtok_RIPK2
P5091,drug_sample,PUTATIVE_TARGET,USP7,USP7,rawtok_USP7
CCT137690,drug_sample,PUTATIVE_TARGET,AURKA,AURKA,rawtok_AURKA
CCT137690,drug_sample,PUTATIVE_TARGET,AURKB,AURKB,rawtok_AURKB
CCT137690,drug_sample,PUTATIVE_TARGET,AURKC,AURKC,rawtok_AURKC
RS-504393,drug_sample,PUTATIVE_TARGET,CCL2,CCL2,rawtok_CCL2
RS-504393,drug_sample,PUTATIVE_TARGET,CCR2,CCR2,rawtok_CCR2
MGCD-265,drug_sample,PUTATIVE_TARGET,AXL,AXL,rawtok_AXL
MGCD-265,drug_sample,PUTATIVE_TARGET,MET,MET,rawtok_MET
REPSOX,drug_sample,PUTATIVE_TARGET,TGFBR1,TGFBR1,rawtok_TGFBR1
PHA-767491,drug_sample,PUTATIVE_TARGET,CDK1,CDK1,rawtok_CDK1
PHA-767491,drug_sample,PUTATIVE_TARGET,RPS6KB1,RPS6KB1,rawtok_RPS6KB1
PP-121,drug_sample,PUTATIVE_TARGET,ABL1,ABL1,rawtok_ABL1
PP-121,drug_sample,PUTATIVE_TARGET,EGFR,EGFR,rawtok_EGFR
PP-121,drug_sample,PUTATIVE_TARGET,HCK,HCK,rawtok_HCK
PP-121,drug_sample,PUTATIVE_TARGET,KDR,KDR,rawtok_KDR
PP-121,drug_sample,PUTATIVE_TARGET,MTOR,MTOR,rawtok_MTOR
PP-121,drug_sample,PUTATIVE_TARGET,PDGFRA,PDGFRA,rawtok_PDGFRA
PP-121,drug_sample,PUTATIVE_TARGET,PIK3CA,PIK3CA,rawtok_PIK3CA
PP-121,drug_sample,PUTATIVE_TARGET,PIK3CB,PIK3CB,rawtok_PIK3CB
PP-121,drug_sample,PUTATIVE_TARGET,PIK3CD,PIK3CD,rawtok_PIK3CD
PP-121,drug_sample,PUTATIVE_TARGET,PIK3CG,PIK3CG,rawtok_PIK3CG
PP-121,drug_sample,PUTATIVE_TARGET,PRKDC,PRKDC,rawtok_PRKDC
PP-121,drug_sample,PUTATIVE_TARGET,SRC,SRC,rawtok_SRC
4-CHLOROPHENYLGUANIDINE,drug_sample,PUTATIVE_TARGET,PLAUR,PLAUR,rawtok_PLAUR
ANISOMYCIN,drug_sample,PUTATIVE_TARGET,NHP2L1,NHP2L1,rawtok_NHP2L1
ANISOMYCIN,drug_sample,PUTATIVE_TARGET,RPL10L,RPL10L,rawtok_RPL10L
ANISOMYCIN,drug_sample,PUTATIVE_TARGET,RPL11,RPL11,rawtok_RPL11
ANISOMYCIN,drug_sample,PUTATIVE_TARGET,RPL13A,RPL13A,rawtok_RPL13A
ANISOMYCIN,drug_sample,PUTATIVE_TARGET,RPL15,RPL15,rawtok_RPL15
ANISOMYCIN,drug_sample,PUTATIVE_TARGET,RPL19,RPL19,rawtok_RPL19
ANISOMYCIN,drug_sample,PUTATIVE_TARGET,RPL23,RPL23,rawtok_RPL23
ANISOMYCIN,drug_sample,PUTATIVE_TARGET,RPL23A,RPL23A,rawtok_RPL23A
ANISOMYCIN,drug_sample,PUTATIVE_TARGET,RPL26L1,RPL26L1,rawtok_RPL26L1
ANISOMYCIN,drug_sample,PUTATIVE_TARGET,RPL3,RPL3,rawtok_RPL3
ANISOMYCIN,drug_sample,PUTATIVE_TARGET,RPL37,RPL37,rawtok_RPL37
ANISOMYCIN,drug_sample,PUTATIVE_TARGET,RPL8,RPL8,rawtok_RPL8
ANISOMYCIN,drug_sample,PUTATIVE_TARGET,RSL24D1,RSL24D1,rawtok_RSL24D1
VU0364770,drug_sample,PUTATIVE_TARGET,GRM4,GRM4,rawtok_GRM4
NOCODAZOLE,drug_sample,PUTATIVE_TARGET,HPGDS,HPGDS,rawtok_HPGDS
GTP-14564,drug_sample,PUTATIVE_TARGET,CSF1R,CSF1R,rawtok_CSF1R
GTP-14564,drug_sample,PUTATIVE_TARGET,FLT3,FLT3,rawtok_FLT3
GTP-14564,drug_sample,PUTATIVE_TARGET,KIT,KIT,rawtok_KIT
GTP-14564,drug_sample,PUTATIVE_TARGET,PDGFRB,PDGFRB,rawtok_PDGFRB
TORIN-1,drug_sample,PUTATIVE_TARGET,MTOR,MTOR,rawtok_MTOR
TYRPHOSTIN-AG-1296,drug_sample,PUTATIVE_TARGET,FLT3,FLT3,rawtok_FLT3
PJ-34,drug_sample,PUTATIVE_TARGET,EEF2,EEF2,rawtok_EEF2
PJ-34,drug_sample,PUTATIVE_TARGET,PARP1,PARP1,rawtok_PARP1
PJ-34,drug_sample,PUTATIVE_TARGET,PARP15,PARP15,rawtok_PARP15
PJ-34,drug_sample,PUTATIVE_TARGET,PARP3,PARP3,rawtok_PARP3
IKK-16,drug_sample,PUTATIVE_TARGET,IKBKB,IKBKB,rawtok_IKBKB
MEK1-2-INHIBITOR,drug_sample,PUTATIVE_TARGET,MAP2K2,MAP2K2,rawtok_MAP2K2
8-HYDROXY-PIPAT,drug_sample,PUTATIVE_TARGET,DRD2,DRD2,rawtok_DRD2
8-HYDROXY-PIPAT,drug_sample,PUTATIVE_TARGET,DRD3,DRD3,rawtok_DRD3
RS-17053,drug_sample,PUTATIVE_TARGET,ADRA1A,ADRA1A,rawtok_ADRA1A
RS-17053,drug_sample,PUTATIVE_TARGET,ADRA1D,ADRA1D,rawtok_ADRA1D
WP1130,drug_sample,PUTATIVE_TARGET,JAK2,JAK2,rawtok_JAK2
WP1130,drug_sample,PUTATIVE_TARGET,UCHL5,UCHL5,rawtok_UCHL5
WP1130,drug_sample,PUTATIVE_TARGET,USP14,USP14,rawtok_USP14
WP1130,drug_sample,PUTATIVE_TARGET,USP9X,USP9X,rawtok_USP9X
CD-437,drug_sample,PUTATIVE_TARGET,RARG,RARG,rawtok_RARG
SB-431542,drug_sample,PUTATIVE_TARGET,ACVR1C,ACVR1C,rawtok_ACVR1C
SB-431542,drug_sample,PUTATIVE_TARGET,TGFBR1,TGFBR1,rawtok_TGFBR1
LY364947,drug_sample,PUTATIVE_TARGET,TGFBR1,TGFBR1,rawtok_TGFBR1
PPT,drug_sample,PUTATIVE_TARGET,ESR1,ESR1,rawtok_ESR1
CGP-52411,drug_sample,PUTATIVE_TARGET,EGFR,EGFR,rawtok_EGFR
PQ-401,drug_sample,PUTATIVE_TARGET,IGF1R,IGF1R,rawtok_IGF1R
GW-788388,drug_sample,PUTATIVE_TARGET,LCK,LCK,rawtok_LCK
GW-788388,drug_sample,PUTATIVE_TARGET,MAPK14,MAPK14,rawtok_MAPK14
GW-788388,drug_sample,PUTATIVE_TARGET,TGFBR1,TGFBR1,rawtok_TGFBR1
TORIN-2,drug_sample,PUTATIVE_TARGET,MTOR,MTOR,rawtok_MTOR
PP-1,drug_sample,PUTATIVE_TARGET,HCK,HCK,rawtok_HCK
PP-1,drug_sample,PUTATIVE_TARGET,RET,RET,rawtok_RET
"L-798,106",drug_sample,PUTATIVE_TARGET,PTGER3,PTGER3,rawtok_PTGER3
DESOXYCORTONE,drug_sample,PUTATIVE_TARGET,NR3C1,NR3C1,rawtok_NR3C1
DESOXYCORTONE,drug_sample,PUTATIVE_TARGET,NR3C2,NR3C2,rawtok_NR3C2
STF-118804,drug_sample,PUTATIVE_TARGET,NAMPT,NAMPT,rawtok_NAMPT
SECURININE,drug_sample,PUTATIVE_TARGET,GABRA1,GABRA1,rawtok_GABRA1
NMS-873,drug_sample,PUTATIVE_TARGET,VCP,VCP,rawtok_VCP
KY02111,drug_sample,PUTATIVE_TARGET,DKK1,DKK1,rawtok_DKK1
BNTX,drug_sample,PUTATIVE_TARGET,OPRD1,OPRD1,rawtok_OPRD1
BNTX,drug_sample,PUTATIVE_TARGET,OPRK1,OPRK1,rawtok_OPRK1
BNTX,drug_sample,PUTATIVE_TARGET,OPRM1,OPRM1,rawtok_OPRM1
WHI-P154,drug_sample,PUTATIVE_TARGET,EGFR,EGFR,rawtok_EGFR
WHI-P154,drug_sample,PUTATIVE_TARGET,JAK1,JAK1,rawtok_JAK1
WHI-P154,drug_sample,PUTATIVE_TARGET,JAK2,JAK2,rawtok_JAK2
WHI-P154,drug_sample,PUTATIVE_TARGET,JAK3,JAK3,rawtok_JAK3
RO-04-5595,drug_sample,PUTATIVE_TARGET,GRIN2B,GRIN2B,rawtok_GRIN2B
PSB-1115,drug_sample,PUTATIVE_TARGET,ADORA1,ADORA1,rawtok_ADORA1
PSB-1115,drug_sample,PUTATIVE_TARGET,ADORA2B,ADORA2B,rawtok_ADORA2B
PSB-1115,drug_sample,PUTATIVE_TARGET,ADORA3,ADORA3,rawtok_ADORA3
RI-1,drug_sample,PUTATIVE_TARGET,RAD51,RAD51,rawtok_RAD51
SMI-4A,drug_sample,PUTATIVE_TARGET,PIM1,PIM1,rawtok_PIM1
PF-4981517,drug_sample,PUTATIVE_TARGET,CYP3A4,CYP3A4,rawtok_CYP3A4
BAY-11-7082,drug_sample,PUTATIVE_TARGET,RELA,RELA,rawtok_RELA
AS-1949490,drug_sample,PUTATIVE_TARGET,INPP5D,INPP5D,rawtok_INPP5D
3'-FLUOROBENZYLSPIPERONE,drug_sample,PUTATIVE_TARGET,DRD2,DRD2,rawtok_DRD2
10-HYDROXYCAMPTOTHECIN,drug_sample,PUTATIVE_TARGET,TOP1,TOP1,rawtok_TOP1
NVP-TAE226,drug_sample,PUTATIVE_TARGET,PTK2,PTK2,rawtok_PTK2
CILOSTAMIDE,drug_sample,PUTATIVE_TARGET,PDE3A,PDE3A,rawtok_PDE3A
CILOSTAMIDE,drug_sample,PUTATIVE_TARGET,PDE3B,PDE3B,rawtok_PDE3B
CCG-50014,drug_sample,PUTATIVE_TARGET,RGS4,RGS4,rawtok_RGS4
CCG-50014,drug_sample,PUTATIVE_TARGET,RGS8,RGS8,rawtok_RGS8
MORIN,drug_sample,PUTATIVE_TARGET,ADORA2A,ADORA2A,rawtok_ADORA2A
MORIN,drug_sample,PUTATIVE_TARGET,ESR2,ESR2,rawtok_ESR2
MORIN,drug_sample,PUTATIVE_TARGET,FASN,FASN,rawtok_FASN
MORIN,drug_sample,PUTATIVE_TARGET,MCL1,MCL1,rawtok_MCL1
MORIN,drug_sample,PUTATIVE_TARGET,SLC22A12,SLC22A12,rawtok_SLC22A12
GDC-0879,drug_sample,PUTATIVE_TARGET,BRAF,BRAF,rawtok_BRAF
SB-218795,drug_sample,PUTATIVE_TARGET,TACR3,TACR3,rawtok_TACR3
PP-2,drug_sample,PUTATIVE_TARGET,ABL1,ABL1,rawtok_ABL1
PP-2,drug_sample,PUTATIVE_TARGET,LCK,LCK,rawtok_LCK
PP-2,drug_sample,PUTATIVE_TARGET,LYN,LYN,rawtok_LYN
PP-2,drug_sample,PUTATIVE_TARGET,RIPK2,RIPK2,rawtok_RIPK2
PP-2,drug_sample,PUTATIVE_TARGET,SRC,SRC,rawtok_SRC
1-NAPHTHYL-PP1,drug_sample,PUTATIVE_TARGET,SRC,SRC,rawtok_SRC
HOMOQUINOLINIC-ACID,drug_sample,PUTATIVE_TARGET,GRIN1,GRIN1,rawtok_GRIN1
HOMOQUINOLINIC-ACID,drug_sample,PUTATIVE_TARGET,GRIN2A,GRIN2A,rawtok_GRIN2A
HOMOQUINOLINIC-ACID,drug_sample,PUTATIVE_TARGET,GRIN2B,GRIN2B,rawtok_GRIN2B
HOMOQUINOLINIC-ACID,drug_sample,PUTATIVE_TARGET,GRIN2C,GRIN2C,rawtok_GRIN2C
HOMOQUINOLINIC-ACID,drug_sample,PUTATIVE_TARGET,GRIN2D,GRIN2D,rawtok_GRIN2D
KYNURENIC-ACID,drug_sample,PUTATIVE_TARGET,GPR35,GPR35,rawtok_GPR35
KYNURENIC-ACID,drug_sample,PUTATIVE_TARGET,GRIN1,GRIN1,rawtok_GRIN1
KYNURENIC-ACID,drug_sample,PUTATIVE_TARGET,GRIN2A,GRIN2A,rawtok_GRIN2A
KYNURENIC-ACID,drug_sample,PUTATIVE_TARGET,GRIN2B,GRIN2B,rawtok_GRIN2B
"MNS-(3,4-METHYLENEDIOXY-NITROSTYRENE)",drug_sample,PUTATIVE_TARGET,SRC,SRC,rawtok_SRC
"MNS-(3,4-METHYLENEDIOXY-NITROSTYRENE)",drug_sample,PUTATIVE_TARGET,SYK,SYK,rawtok_SYK
SAR131675,drug_sample,PUTATIVE_TARGET,FLT4,FLT4,rawtok_FLT4
HA14-1,drug_sample,PUTATIVE_TARGET,BCL2,BCL2,rawtok_BCL2
SB-657510,drug_sample,PUTATIVE_TARGET,UTS2R,UTS2R,rawtok_UTS2R
MPI-0479605,drug_sample,PUTATIVE_TARGET,TTK,TTK,rawtok_TTK
SID-7969543,drug_sample,PUTATIVE_TARGET,NR5A1,NR5A1,rawtok_NR5A1
NSC-3852,drug_sample,PUTATIVE_TARGET,HDAC1,HDAC1,rawtok_HDAC1
JNJ-16259685,drug_sample,PUTATIVE_TARGET,GRM1,GRM1,rawtok_GRM1
K-858,drug_sample,PUTATIVE_TARGET,KIF11,KIF11,rawtok_KIF11
TRICHOSTATIN-A,drug_sample,PUTATIVE_TARGET,HDAC1,HDAC1,rawtok_HDAC1
TRICHOSTATIN-A,drug_sample,PUTATIVE_TARGET,HDAC10,HDAC10,rawtok_HDAC10
TRICHOSTATIN-A,drug_sample,PUTATIVE_TARGET,HDAC2,HDAC2,rawtok_HDAC2
TRICHOSTATIN-A,drug_sample,PUTATIVE_TARGET,HDAC3,HDAC3,rawtok_HDAC3
TRICHOSTATIN-A,drug_sample,PUTATIVE_TARGET,HDAC4,HDAC4,rawtok_HDAC4
TRICHOSTATIN-A,drug_sample,PUTATIVE_TARGET,HDAC5,HDAC5,rawtok_HDAC5
TRICHOSTATIN-A,drug_sample,PUTATIVE_TARGET,HDAC6,HDAC6,rawtok_HDAC6
TRICHOSTATIN-A,drug_sample,PUTATIVE_TARGET,HDAC7,HDAC7,rawtok_HDAC7
TRICHOSTATIN-A,drug_sample,PUTATIVE_TARGET,HDAC8,HDAC8,rawtok_HDAC8
TRICHOSTATIN-A,drug_sample,PUTATIVE_TARGET,HDAC9,HDAC9,rawtok_HDAC9
4-METHYLHISTAMINE,drug_sample,PUTATIVE_TARGET,HRH4,HRH4,rawtok_HRH4
2'-MECCPA,drug_sample,PUTATIVE_TARGET,ADORA1,ADORA1,rawtok_ADORA1
SCH-58261,drug_sample,PUTATIVE_TARGET,ADORA1,ADORA1,rawtok_ADORA1
SCH-58261,drug_sample,PUTATIVE_TARGET,ADORA2A,ADORA2A,rawtok_ADORA2A
SCH-58261,drug_sample,PUTATIVE_TARGET,ADORA2B,ADORA2B,rawtok_ADORA2B
SCH-58261,drug_sample,PUTATIVE_TARGET,ADORA3,ADORA3,rawtok_ADORA3
GSK1838705A,drug_sample,PUTATIVE_TARGET,ALK,ALK,rawtok_ALK
GSK1838705A,drug_sample,PUTATIVE_TARGET,IGF1R,IGF1R,rawtok_IGF1R
GSK1838705A,drug_sample,PUTATIVE_TARGET,INSR,INSR,rawtok_INSR
GSK1838705A,drug_sample,PUTATIVE_TARGET,RPS6KA1,RPS6KA1,rawtok_RPS6KA1
Y-320,drug_sample,PUTATIVE_TARGET,IL17A,IL17A,rawtok_IL17A
CHIR-124,drug_sample,PUTATIVE_TARGET,CHEK1,CHEK1,rawtok_CHEK1
NEXTURASTAT-A,drug_sample,PUTATIVE_TARGET,HDAC1,HDAC1,rawtok_HDAC1
NEXTURASTAT-A,drug_sample,PUTATIVE_TARGET,HDAC6,HDAC6,rawtok_HDAC6
A-674563,drug_sample,PUTATIVE_TARGET,AKT1,AKT1,rawtok_AKT1
A-674563,drug_sample,PUTATIVE_TARGET,PKIA,PKIA,rawtok_PKIA
A-674563,drug_sample,PUTATIVE_TARGET,PRKACA,PRKACA,rawtok_PRKACA
GAMMA-AMINOBUTYRIC-ACID,drug_sample,PUTATIVE_TARGET,GABBR1,GABBR1,rawtok_GABBR1
GAMMA-AMINOBUTYRIC-ACID,drug_sample,PUTATIVE_TARGET,GABBR2,GABBR2,rawtok_GABBR2
GAMMA-AMINOBUTYRIC-ACID,drug_sample,PUTATIVE_TARGET,GABRA1,GABRA1,rawtok_GABRA1
GAMMA-AMINOBUTYRIC-ACID,drug_sample,PUTATIVE_TARGET,GABRA2,GABRA2,rawtok_GABRA2
GAMMA-AMINOBUTYRIC-ACID,drug_sample,PUTATIVE_TARGET,GABRA3,GABRA3,rawtok_GABRA3
GAMMA-AMINOBUTYRIC-ACID,drug_sample,PUTATIVE_TARGET,GABRA5,GABRA5,rawtok_GABRA5
GAMMA-AMINOBUTYRIC-ACID,drug_sample,PUTATIVE_TARGET,GABRB2,GABRB2,rawtok_GABRB2
GAMMA-AMINOBUTYRIC-ACID,drug_sample,PUTATIVE_TARGET,GABRG2,GABRG2,rawtok_GABRG2
GAMMA-AMINOBUTYRIC-ACID,drug_sample,PUTATIVE_TARGET,GATM,GATM,rawtok_GATM
GAMMA-AMINOBUTYRIC-ACID,drug_sample,PUTATIVE_TARGET,KCTD12,KCTD12,rawtok_KCTD12
GAMMA-AMINOBUTYRIC-ACID,drug_sample,PUTATIVE_TARGET,KCTD16,KCTD16,rawtok_KCTD16
GAMMA-AMINOBUTYRIC-ACID,drug_sample,PUTATIVE_TARGET,KCTD8,KCTD8,rawtok_KCTD8
GAMMA-AMINOBUTYRIC-ACID,drug_sample,PUTATIVE_TARGET,SLC6A1,SLC6A1,rawtok_SLC6A1
STEMREGENIN-1,drug_sample,PUTATIVE_TARGET,AHR,AHR,rawtok_AHR
A61603,drug_sample,PUTATIVE_TARGET,ADRA1A,ADRA1A,rawtok_ADRA1A
PD-173074,drug_sample,PUTATIVE_TARGET,FGFR1,FGFR1,rawtok_FGFR1
PD-173074,drug_sample,PUTATIVE_TARGET,FGFR2,FGFR2,rawtok_FGFR2
PD-173074,drug_sample,PUTATIVE_TARGET,FGFR3,FGFR3,rawtok_FGFR3
PD-173074,drug_sample,PUTATIVE_TARGET,FGFR4,FGFR4,rawtok_FGFR4
PD-173074,drug_sample,PUTATIVE_TARGET,FLT1,FLT1,rawtok_FLT1
PD-173074,drug_sample,PUTATIVE_TARGET,FLT4,FLT4,rawtok_FLT4
PD-173074,drug_sample,PUTATIVE_TARGET,KDR,KDR,rawtok_KDR
PD-173074,drug_sample,PUTATIVE_TARGET,PDGFRA,PDGFRA,rawtok_PDGFRA
PD-173074,drug_sample,PUTATIVE_TARGET,PDGFRB,PDGFRB,rawtok_PDGFRB
WZ-3146,drug_sample,PUTATIVE_TARGET,EGFR,EGFR,rawtok_EGFR
JNJ-7706621,drug_sample,PUTATIVE_TARGET,AURKA,AURKA,rawtok_AURKA
JNJ-7706621,drug_sample,PUTATIVE_TARGET,AURKB,AURKB,rawtok_AURKB
JNJ-7706621,drug_sample,PUTATIVE_TARGET,CDK1,CDK1,rawtok_CDK1
JNJ-7706621,drug_sample,PUTATIVE_TARGET,CDK2,CDK2,rawtok_CDK2
DIPHENYLENEIODONIUM,drug_sample,PUTATIVE_TARGET,NOS2,NOS2,rawtok_NOS2
DIPHENYLENEIODONIUM,drug_sample,PUTATIVE_TARGET,NOS3,NOS3,rawtok_NOS3
ARCYRIAFLAVIN-A,drug_sample,PUTATIVE_TARGET,CCND1,CCND1,rawtok_CCND1
ARCYRIAFLAVIN-A,drug_sample,PUTATIVE_TARGET,CDK4,CDK4,rawtok_CDK4
NVP-BVU972,drug_sample,PUTATIVE_TARGET,MET,MET,rawtok_MET
GW-583340,drug_sample,PUTATIVE_TARGET,EGFR,EGFR,rawtok_EGFR
GW-583340,drug_sample,PUTATIVE_TARGET,ERBB2,ERBB2,rawtok_ERBB2
ENDO-IWR-1,drug_sample,PUTATIVE_TARGET,TNKS,TNKS,rawtok_TNKS
ENDO-IWR-1,drug_sample,PUTATIVE_TARGET,TNKS2,TNKS2,rawtok_TNKS2
JQ1-(+),drug_sample,PUTATIVE_TARGET,BRD4,BRD4,rawtok_BRD4
JQ1-(+),drug_sample,PUTATIVE_TARGET,BRDT,BRDT,rawtok_BRDT
BI-D1870,drug_sample,PUTATIVE_TARGET,RPS6KA1,RPS6KA1,rawtok_RPS6KA1
BI-D1870,drug_sample,PUTATIVE_TARGET,RPS6KA2,RPS6KA2,rawtok_RPS6KA2
BI-D1870,drug_sample,PUTATIVE_TARGET,RPS6KA3,RPS6KA3,rawtok_RPS6KA3
BI-D1870,drug_sample,PUTATIVE_TARGET,RPS6KA6,RPS6KA6,rawtok_RPS6KA6
DMH1,drug_sample,PUTATIVE_TARGET,ACVR1,ACVR1,rawtok_ACVR1
GINKGOLIDE-A,drug_sample,PUTATIVE_TARGET,GLRA1,GLRA1,rawtok_GLRA1
GINKGOLIDE-A,drug_sample,PUTATIVE_TARGET,GLRB,GLRB,rawtok_GLRB
4-(4-FLUOROBENZOYL)-1-(4-PHENYLBUTYL)-PIPERIDINE,drug_sample,PUTATIVE_TARGET,HTR2A,HTR2A,rawtok_HTR2A
TG-101209,drug_sample,PUTATIVE_TARGET,JAK2,JAK2,rawtok_JAK2
TG-101209,drug_sample,PUTATIVE_TARGET,JAK3,JAK3,rawtok_JAK3
CCMI,drug_sample,PUTATIVE_TARGET,CHRNA7,CHRNA7,rawtok_CHRNA7
AC-264613,drug_sample,PUTATIVE_TARGET,F2RL1,F2RL1,rawtok_F2RL1
TYRPHOSTIN-AG-494,drug_sample,PUTATIVE_TARGET,EGFR,EGFR,rawtok_EGFR
TYRPHOSTIN-AG-1478,drug_sample,PUTATIVE_TARGET,EGFR,EGFR,rawtok_EGFR
TYRPHOSTIN-AG-1478,drug_sample,PUTATIVE_TARGET,MAPK14,MAPK14,rawtok_MAPK14
TYRPHOSTIN-AG-99,drug_sample,PUTATIVE_TARGET,EGFR,EGFR,rawtok_EGFR
INH1,drug_sample,PUTATIVE_TARGET,NDC80,NDC80,rawtok_NDC80
BIX-01294,drug_sample,PUTATIVE_TARGET,EHMT1,EHMT1,rawtok_EHMT1
BIX-01294,drug_sample,PUTATIVE_TARGET,EHMT2,EHMT2,rawtok_EHMT2
ALEXIDINE,drug_sample,PUTATIVE_TARGET,PTPMT1,PTPMT1,rawtok_PTPMT1
CCT128930,drug_sample,PUTATIVE_TARGET,PKIA,PKIA,rawtok_PKIA
CCT128930,drug_sample,PUTATIVE_TARGET,PRKACA,PRKACA,rawtok_PRKACA
SB-218078,drug_sample,PUTATIVE_TARGET,CHEK1,CHEK1,rawtok_CHEK1
CID-5458317,drug_sample,PUTATIVE_TARGET,MAPK3,MAPK3,rawtok_MAPK3
PD-198306,drug_sample,PUTATIVE_TARGET,MAP2K1,MAP2K1,rawtok_MAP2K1
PD-198306,drug_sample,PUTATIVE_TARGET,MAP2K2,MAP2K2,rawtok_MAP2K2
NSC-632839,drug_sample,PUTATIVE_TARGET,SENP2,SENP2,rawtok_SENP2
NSC-632839,drug_sample,PUTATIVE_TARGET,USP1,USP1,rawtok_USP1
NSC-632839,drug_sample,PUTATIVE_TARGET,USP2,USP2,rawtok_USP2
NSC-632839,drug_sample,PUTATIVE_TARGET,USP7,USP7,rawtok_USP7
WAY-600,drug_sample,PUTATIVE_TARGET,MTOR,MTOR,rawtok_MTOR
GGTI-298,drug_sample,PUTATIVE_TARGET,CDKN1A,CDKN1A,rawtok_CDKN1A
MTPG,drug_sample,PUTATIVE_TARGET,GRM2,GRM2,rawtok_GRM2
MTPG,drug_sample,PUTATIVE_TARGET,GRM3,GRM3,rawtok_GRM3
KI-16425,drug_sample,PUTATIVE_TARGET,LPAR1,LPAR1,rawtok_LPAR1
KI-16425,drug_sample,PUTATIVE_TARGET,LPAR3,LPAR3,rawtok_LPAR3
TWS-119,drug_sample,PUTATIVE_TARGET,GSK3B,GSK3B,rawtok_GSK3B
TWS-119,drug_sample,PUTATIVE_TARGET,JUN,JUN,rawtok_JUN
TWS-119,drug_sample,PUTATIVE_TARGET,MYC,MYC,rawtok_MYC
BVT-948,drug_sample,PUTATIVE_TARGET,PTPN1,PTPN1,rawtok_PTPN1
BVT-948,drug_sample,PUTATIVE_TARGET,PTPN11,PTPN11,rawtok_PTPN11
BVT-948,drug_sample,PUTATIVE_TARGET,PTPN2,PTPN2,rawtok_PTPN2
OLIGOMYCIN-A,drug_sample,PUTATIVE_TARGET,ATP5A1,ATP5A1,rawtok_ATP5A1
SKI-II,drug_sample,PUTATIVE_TARGET,SPHK1,SPHK1,rawtok_SPHK1
TRYPTANTHRIN,drug_sample,PUTATIVE_TARGET,IDO1,IDO1,rawtok_IDO1
WZ8040,drug_sample,PUTATIVE_TARGET,EGFR,EGFR,rawtok_EGFR
SB-239063,drug_sample,PUTATIVE_TARGET,MAPK11,MAPK11,rawtok_MAPK11
SB-239063,drug_sample,PUTATIVE_TARGET,MAPK14,MAPK14,rawtok_MAPK14
SB-239063,drug_sample,PUTATIVE_TARGET,PTGS2,PTGS2,rawtok_PTGS2
OLDA,drug_sample,PUTATIVE_TARGET,GPR119,GPR119,rawtok_GPR119
AM-580,drug_sample,PUTATIVE_TARGET,RARA,RARA,rawtok_RARA
1-PHENYLBIGUANIDE,drug_sample,PUTATIVE_TARGET,HTR3A,HTR3A,rawtok_HTR3A
1-PHENYLBIGUANIDE,drug_sample,PUTATIVE_TARGET,HTR3B,HTR3B,rawtok_HTR3B
RS-67506,drug_sample,PUTATIVE_TARGET,HTR4,HTR4,rawtok_HTR4
FILGOTINIB,drug_sample,PUTATIVE_TARGET,JAK1,JAK1,rawtok_JAK1
FILGOTINIB,drug_sample,PUTATIVE_TARGET,JAK2,JAK2,rawtok_JAK2
FILGOTINIB,drug_sample,PUTATIVE_TARGET,JAK3,JAK3,rawtok_JAK3
FILGOTINIB,drug_sample,PUTATIVE_TARGET,TYK2,TYK2,rawtok_TYK2
4E1RCAT,drug_sample,PUTATIVE_TARGET,EIF4E,EIF4E,rawtok_EIF4E
4E1RCAT,drug_sample,PUTATIVE_TARGET,EIF4G1,EIF4G1,rawtok_EIF4G1
7-HYDROXYSTAUROSPORINE,drug_sample,PUTATIVE_TARGET,CHEK1,CHEK1,rawtok_CHEK1
7-HYDROXYSTAUROSPORINE,drug_sample,PUTATIVE_TARGET,MARK3,MARK3,rawtok_MARK3
7-HYDROXYSTAUROSPORINE,drug_sample,PUTATIVE_TARGET,PDPK1,PDPK1,rawtok_PDPK1
N-ACETYLMANNOSAMINE,drug_sample,PUTATIVE_TARGET,CHIT1,CHIT1,rawtok_CHIT1
SNX-5422,drug_sample,PUTATIVE_TARGET,HSP90AA1,HSP90AA1,rawtok_HSP90AA1
5-HYDROXYMETHYL-TOLTERODINE,drug_sample,PUTATIVE_TARGET,CHRM3,CHRM3,rawtok_CHRM3
CH5132799,drug_sample,PUTATIVE_TARGET,MTOR,MTOR,rawtok_MTOR
CH5132799,drug_sample,PUTATIVE_TARGET,PIK3CA,PIK3CA,rawtok_PIK3CA
CH5132799,drug_sample,PUTATIVE_TARGET,PIK3CB,PIK3CB,rawtok_PIK3CB
CH5132799,drug_sample,PUTATIVE_TARGET,PIK3CD,PIK3CD,rawtok_PIK3CD
CH5132799,drug_sample,PUTATIVE_TARGET,PIK3CG,PIK3CG,rawtok_PIK3CG
BETULINIC-ACID,drug_sample,PUTATIVE_TARGET,GPBAR1,GPBAR1,rawtok_GPBAR1
SB-225002,drug_sample,PUTATIVE_TARGET,CXCR2,CXCR2,rawtok_CXCR2
ERASTIN,drug_sample,PUTATIVE_TARGET,VDAC2,VDAC2,rawtok_VDAC2
Y-27632,drug_sample,PUTATIVE_TARGET,PKIA,PKIA,rawtok_PKIA
Y-27632,drug_sample,PUTATIVE_TARGET,PKN2,PKN2,rawtok_PKN2
Y-27632,drug_sample,PUTATIVE_TARGET,PRKACA,PRKACA,rawtok_PRKACA
Y-27632,drug_sample,PUTATIVE_TARGET,PRKCE,PRKCE,rawtok_PRKCE
Y-27632,drug_sample,PUTATIVE_TARGET,ROCK1,ROCK1,rawtok_ROCK1
Y-27632,drug_sample,PUTATIVE_TARGET,ROCK2,ROCK2,rawtok_ROCK2
MK-0773,drug_sample,PUTATIVE_TARGET,AR,AR,rawtok_AR
MIBAMPATOR,drug_sample,PUTATIVE_TARGET,GRIA1,GRIA1,rawtok_GRIA1
PROFLAVINE-HEMISULFATE,drug_sample,PUTATIVE_TARGET,F2,F2,rawtok_F2
GSK2126458,drug_sample,PUTATIVE_TARGET,MTOR,MTOR,rawtok_MTOR
GSK2126458,drug_sample,PUTATIVE_TARGET,PIK3CA,PIK3CA,rawtok_PIK3CA
GSK2126458,drug_sample,PUTATIVE_TARGET,PIK3CB,PIK3CB,rawtok_PIK3CB
GSK2126458,drug_sample,PUTATIVE_TARGET,PIK3CD,PIK3CD,rawtok_PIK3CD
GSK2126458,drug_sample,PUTATIVE_TARGET,PIK3CG,PIK3CG,rawtok_PIK3CG
IPSAPIRONE,drug_sample,PUTATIVE_TARGET,HTR1A,HTR1A,rawtok_HTR1A
CS-110266,drug_sample,PUTATIVE_TARGET,SLC6A3,SLC6A3,rawtok_SLC6A3
PD-184352,drug_sample,PUTATIVE_TARGET,MAP2K1,MAP2K1,rawtok_MAP2K1
PD-184352,drug_sample,PUTATIVE_TARGET,MAP3K1,MAP3K1,rawtok_MAP3K1
PD-184352,drug_sample,PUTATIVE_TARGET,MAP3K2,MAP3K2,rawtok_MAP3K2
PU-H71,drug_sample,PUTATIVE_TARGET,HSP90AA1,HSP90AA1,rawtok_HSP90AA1
DARAPLADIB,drug_sample,PUTATIVE_TARGET,PLA2G7,PLA2G7,rawtok_PLA2G7
AV-412,drug_sample,PUTATIVE_TARGET,EGFR,EGFR,rawtok_EGFR
AV-412,drug_sample,PUTATIVE_TARGET,ERBB2,ERBB2,rawtok_ERBB2
TELATINIB,drug_sample,PUTATIVE_TARGET,KDR,KDR,rawtok_KDR
PKI-179,drug_sample,PUTATIVE_TARGET,MTOR,MTOR,rawtok_MTOR
KIFUNENSINE,drug_sample,PUTATIVE_TARGET,MAN1B1,MAN1B1,rawtok_MAN1B1
KIFUNENSINE,drug_sample,PUTATIVE_TARGET,MAN2A1,MAN2A1,rawtok_MAN2A1
PD-153035,drug_sample,PUTATIVE_TARGET,EGFR,EGFR,rawtok_EGFR
PD-153035,drug_sample,PUTATIVE_TARGET,KDR,KDR,rawtok_KDR
E7449,drug_sample,PUTATIVE_TARGET,PARP1,PARP1,rawtok_PARP1
E7449,drug_sample,PUTATIVE_TARGET,PARP2,PARP2,rawtok_PARP2
E7449,drug_sample,PUTATIVE_TARGET,TNKS,TNKS,rawtok_TNKS
E7449,drug_sample,PUTATIVE_TARGET,TNKS2,TNKS2,rawtok_TNKS2
IDAZOXAN,drug_sample,PUTATIVE_TARGET,ADRA2A,ADRA2A,rawtok_ADRA2A
CARIPORIDE,drug_sample,PUTATIVE_TARGET,SLC9A1,SLC9A1,rawtok_SLC9A1
TAK-285,drug_sample,PUTATIVE_TARGET,ERBB2,ERBB2,rawtok_ERBB2
DIENOGEST,drug_sample,PUTATIVE_TARGET,PGR,PGR,rawtok_PGR
URIC-ACID,drug_sample,PUTATIVE_TARGET,PYGL,PYGL,rawtok_PYGL
FK-3311,drug_sample,PUTATIVE_TARGET,PTGS2,PTGS2,rawtok_PTGS2
RAF265,drug_sample,PUTATIVE_TARGET,BRAF,BRAF,rawtok_BRAF
AMG900,drug_sample,PUTATIVE_TARGET,AURKA,AURKA,rawtok_AURKA
AMG900,drug_sample,PUTATIVE_TARGET,AURKB,AURKB,rawtok_AURKB
AMG900,drug_sample,PUTATIVE_TARGET,AURKC,AURKC,rawtok_AURKC
CINALUKAST,drug_sample,PUTATIVE_TARGET,CYSLTR1,CYSLTR1,rawtok_CYSLTR1
ZARDAVERINE,drug_sample,PUTATIVE_TARGET,PDE4D,PDE4D,rawtok_PDE4D
LUCITANIB,drug_sample,PUTATIVE_TARGET,FGFR1,FGFR1,rawtok_FGFR1
LUCITANIB,drug_sample,PUTATIVE_TARGET,FLT1,FLT1,rawtok_FLT1
LUCITANIB,drug_sample,PUTATIVE_TARGET,KDR,KDR,rawtok_KDR
LUCITANIB,drug_sample,PUTATIVE_TARGET,KIT,KIT,rawtok_KIT
LUCITANIB,drug_sample,PUTATIVE_TARGET,PDGFRA,PDGFRA,rawtok_PDGFRA
LUCITANIB,drug_sample,PUTATIVE_TARGET,PDGFRB,PDGFRB,rawtok_PDGFRB
LUCITANIB,drug_sample,PUTATIVE_TARGET,RET,RET,rawtok_RET
BINDARIT,drug_sample,PUTATIVE_TARGET,CCL2,CCL2,rawtok_CCL2
BINDARIT,drug_sample,PUTATIVE_TARGET,CCL7,CCL7,rawtok_CCL7
BINDARIT,drug_sample,PUTATIVE_TARGET,CCL8,CCL8,rawtok_CCL8
BGT226,drug_sample,PUTATIVE_TARGET,MTOR,MTOR,rawtok_MTOR
BGT226,drug_sample,PUTATIVE_TARGET,PIK3CA,PIK3CA,rawtok_PIK3CA
BGT226,drug_sample,PUTATIVE_TARGET,PIK3CB,PIK3CB,rawtok_PIK3CB
BGT226,drug_sample,PUTATIVE_TARGET,PIK3CG,PIK3CG,rawtok_PIK3CG
AR-12,drug_sample,PUTATIVE_TARGET,PDPK1,PDPK1,rawtok_PDPK1
LY2874455,drug_sample,PUTATIVE_TARGET,FGFR1,FGFR1,rawtok_FGFR1
LY2874455,drug_sample,PUTATIVE_TARGET,FGFR2,FGFR2,rawtok_FGFR2
LY2874455,drug_sample,PUTATIVE_TARGET,FGFR3,FGFR3,rawtok_FGFR3
LY2874455,drug_sample,PUTATIVE_TARGET,FGFR4,FGFR4,rawtok_FGFR4
LY2874455,drug_sample,PUTATIVE_TARGET,KDR,KDR,rawtok_KDR
LCL-161,drug_sample,PUTATIVE_TARGET,BIRC2,BIRC2,rawtok_BIRC2
LCL-161,drug_sample,PUTATIVE_TARGET,XIAP,XIAP,rawtok_XIAP
DU-728,drug_sample,PUTATIVE_TARGET,ITGA2B,ITGA2B,rawtok_ITGA2B
DU-728,drug_sample,PUTATIVE_TARGET,ITGB3,ITGB3,rawtok_ITGB3
GIVINOSTAT,drug_sample,PUTATIVE_TARGET,HDAC1,HDAC1,rawtok_HDAC1
GIVINOSTAT,drug_sample,PUTATIVE_TARGET,HDAC2,HDAC2,rawtok_HDAC2
GIVINOSTAT,drug_sample,PUTATIVE_TARGET,HDAC3,HDAC3,rawtok_HDAC3
GIVINOSTAT,drug_sample,PUTATIVE_TARGET,HDAC4,HDAC4,rawtok_HDAC4
GIVINOSTAT,drug_sample,PUTATIVE_TARGET,HDAC5,HDAC5,rawtok_HDAC5
GIVINOSTAT,drug_sample,PUTATIVE_TARGET,HDAC6,HDAC6,rawtok_HDAC6
GIVINOSTAT,drug_sample,PUTATIVE_TARGET,HDAC7,HDAC7,rawtok_HDAC7
GIVINOSTAT,drug_sample,PUTATIVE_TARGET,HDAC8,HDAC8,rawtok_HDAC8
GIVINOSTAT,drug_sample,PUTATIVE_TARGET,HDAC9,HDAC9,rawtok_HDAC9
CEP-32496,drug_sample,PUTATIVE_TARGET,BRAF,BRAF,rawtok_BRAF
CEP-32496,drug_sample,PUTATIVE_TARGET,RAF1,RAF1,rawtok_RAF1
MERIMEPODIB,drug_sample,PUTATIVE_TARGET,IMPDH1,IMPDH1,rawtok_IMPDH1
GALETERONE,drug_sample,PUTATIVE_TARGET,AR,AR,rawtok_AR
GALETERONE,drug_sample,PUTATIVE_TARGET,CYP17A1,CYP17A1,rawtok_CYP17A1
NAVARIXIN,drug_sample,PUTATIVE_TARGET,CXCR1,CXCR1,rawtok_CXCR1
NAVARIXIN,drug_sample,PUTATIVE_TARGET,CXCR2,CXCR2,rawtok_CXCR2
TAS-103,drug_sample,PUTATIVE_TARGET,TOP1,TOP1,rawtok_TOP1
OROTIC-ACID,drug_sample,PUTATIVE_TARGET,DHODH,DHODH,rawtok_DHODH
MEK162,drug_sample,PUTATIVE_TARGET,MAP2K1,MAP2K1,rawtok_MAP2K1
MEK162,drug_sample,PUTATIVE_TARGET,MAP2K2,MAP2K2,rawtok_MAP2K2
GSK923295,drug_sample,PUTATIVE_TARGET,CENPE,CENPE,rawtok_CENPE
PYROXAMIDE,drug_sample,PUTATIVE_TARGET,HDAC1,HDAC1,rawtok_HDAC1
ERCALCITRIOL,drug_sample,PUTATIVE_TARGET,VDR,VDR,rawtok_VDR
XBD173,drug_sample,PUTATIVE_TARGET,TSPO,TSPO,rawtok_TSPO
PD-407824,drug_sample,PUTATIVE_TARGET,WEE1,WEE1,rawtok_WEE1
DCEBIO,drug_sample,PUTATIVE_TARGET,KCNN2,KCNN2,rawtok_KCNN2
DCEBIO,drug_sample,PUTATIVE_TARGET,KCNN3,KCNN3,rawtok_KCNN3
DCEBIO,drug_sample,PUTATIVE_TARGET,KCNN4,KCNN4,rawtok_KCNN4
CNX-2006,drug_sample,PUTATIVE_TARGET,EGFR,EGFR,rawtok_EGFR
BI-78D3,drug_sample,PUTATIVE_TARGET,MAPK8,MAPK8,rawtok_MAPK8
MK-8745,drug_sample,PUTATIVE_TARGET,AURKA,AURKA,rawtok_AURKA
CEP-33779,drug_sample,PUTATIVE_TARGET,JAK2,JAK2,rawtok_JAK2
XL388,drug_sample,PUTATIVE_TARGET,MTOR,MTOR,rawtok_MTOR
FLUMETHASONE-PIVALATE,drug_sample,PUTATIVE_TARGET,NR3C1,NR3C1,rawtok_NR3C1
FLUMETHASONE-PIVALATE,drug_sample,PUTATIVE_TARGET,SERPINA6,SERPINA6,rawtok_SERPINA6
TAK-632,drug_sample,PUTATIVE_TARGET,BRAF,BRAF,rawtok_BRAF
PHA-680632,drug_sample,PUTATIVE_TARGET,AURKA,AURKA,rawtok_AURKA
PHA-680632,drug_sample,PUTATIVE_TARGET,AURKB,AURKB,rawtok_AURKB
PHA-680632,drug_sample,PUTATIVE_TARGET,AURKC,AURKC,rawtok_AURKC
DEFOROLIMUS,drug_sample,PUTATIVE_TARGET,MTOR,MTOR,rawtok_MTOR
ZSTK-474,drug_sample,PUTATIVE_TARGET,PIK3CB,PIK3CB,rawtok_PIK3CB
ZSTK-474,drug_sample,PUTATIVE_TARGET,PIK3CD,PIK3CD,rawtok_PIK3CD
ZSTK-474,drug_sample,PUTATIVE_TARGET,PIK3CG,PIK3CG,rawtok_PIK3CG
NEMORUBICIN,drug_sample,PUTATIVE_TARGET,TOP1,TOP1,rawtok_TOP1
NEMORUBICIN,drug_sample,PUTATIVE_TARGET,TOP2A,TOP2A,rawtok_TOP2A
"CP-945,598",drug_sample,PUTATIVE_TARGET,CNR1,CNR1,rawtok_CNR1
SR-57227A,drug_sample,PUTATIVE_TARGET,HTR3A,HTR3A,rawtok_HTR3A
CEBRANOPADOL,drug_sample,PUTATIVE_TARGET,OPRL1,OPRL1,rawtok_OPRL1
CEBRANOPADOL,drug_sample,PUTATIVE_TARGET,OPRM1,OPRM1,rawtok_OPRM1
JTC-801,drug_sample,PUTATIVE_TARGET,OPRL1,OPRL1,rawtok_OPRL1
TIDEGLUSIB,drug_sample,PUTATIVE_TARGET,GSK3B,GSK3B,rawtok_GSK3B
PCI-24781,drug_sample,PUTATIVE_TARGET,HDAC1,HDAC1,rawtok_HDAC1
PCI-24781,drug_sample,PUTATIVE_TARGET,HDAC2,HDAC2,rawtok_HDAC2
PCI-24781,drug_sample,PUTATIVE_TARGET,HDAC3,HDAC3,rawtok_HDAC3
PCI-24781,drug_sample,PUTATIVE_TARGET,HDAC6,HDAC6,rawtok_HDAC6
YM-976,drug_sample,PUTATIVE_TARGET,PDE4A,PDE4A,rawtok_PDE4A
XANOMELINE,drug_sample,PUTATIVE_TARGET,CHRM1,CHRM1,rawtok_CHRM1
XANOMELINE,drug_sample,PUTATIVE_TARGET,CHRM2,CHRM2,rawtok_CHRM2
XANOMELINE,drug_sample,PUTATIVE_TARGET,CHRM3,CHRM3,rawtok_CHRM3
XANOMELINE,drug_sample,PUTATIVE_TARGET,CHRM4,CHRM4,rawtok_CHRM4
XANOMELINE,drug_sample,PUTATIVE_TARGET,CHRM5,CHRM5,rawtok_CHRM5
XANOMELINE,drug_sample,PUTATIVE_TARGET,HTR1A,HTR1A,rawtok_HTR1A
XANOMELINE,drug_sample,PUTATIVE_TARGET,HTR1B,HTR1B,rawtok_HTR1B
XANOMELINE,drug_sample,PUTATIVE_TARGET,HTR1D,HTR1D,rawtok_HTR1D
XANOMELINE,drug_sample,PUTATIVE_TARGET,HTR1E,HTR1E,rawtok_HTR1E
XANOMELINE,drug_sample,PUTATIVE_TARGET,HTR1F,HTR1F,rawtok_HTR1F
XANOMELINE,drug_sample,PUTATIVE_TARGET,HTR2A,HTR2A,rawtok_HTR2A
XANOMELINE,drug_sample,PUTATIVE_TARGET,HTR2B,HTR2B,rawtok_HTR2B
XANOMELINE,drug_sample,PUTATIVE_TARGET,HTR2C,HTR2C,rawtok_HTR2C
XANOMELINE,drug_sample,PUTATIVE_TARGET,HTR6,HTR6,rawtok_HTR6
XANOMELINE,drug_sample,PUTATIVE_TARGET,HTR7,HTR7,rawtok_HTR7
SELINEXOR,drug_sample,PUTATIVE_TARGET,XPO1,XPO1,rawtok_XPO1
CYT-997,drug_sample,PUTATIVE_TARGET,TUBB,TUBB,rawtok_TUBB
KW-2449,drug_sample,PUTATIVE_TARGET,ABL1,ABL1,rawtok_ABL1
KW-2449,drug_sample,PUTATIVE_TARGET,AURKA,AURKA,rawtok_AURKA
KW-2449,drug_sample,PUTATIVE_TARGET,AURKB,AURKB,rawtok_AURKB
KW-2449,drug_sample,PUTATIVE_TARGET,FLT3,FLT3,rawtok_FLT3
BREFELDIN-A,drug_sample,PUTATIVE_TARGET,ARF1,ARF1,rawtok_ARF1
BREFELDIN-A,drug_sample,PUTATIVE_TARGET,CYTH2,CYTH2,rawtok_CYTH2
KENPAULLONE,drug_sample,PUTATIVE_TARGET,CCNB1,CCNB1,rawtok_CCNB1
KENPAULLONE,drug_sample,PUTATIVE_TARGET,CDK1,CDK1,rawtok_CDK1
KENPAULLONE,drug_sample,PUTATIVE_TARGET,CDK5,CDK5,rawtok_CDK5
KENPAULLONE,drug_sample,PUTATIVE_TARGET,GSK3B,GSK3B,rawtok_GSK3B
GSK-3-INHIBITOR-IX,drug_sample,PUTATIVE_TARGET,GSK3A,GSK3A,rawtok_GSK3A
GSK-3-INHIBITOR-IX,drug_sample,PUTATIVE_TARGET,GSK3B,GSK3B,rawtok_GSK3B
CHICAGO-SKY-BLUE-6B,drug_sample,PUTATIVE_TARGET,MIF,MIF,rawtok_MIF
SB-200646,drug_sample,PUTATIVE_TARGET,HTR2B,HTR2B,rawtok_HTR2B
SB-200646,drug_sample,PUTATIVE_TARGET,HTR2C,HTR2C,rawtok_HTR2C
CAFFEIC-ACID-PHENETHYL-ESTER,drug_sample,PUTATIVE_TARGET,RELA,RELA,rawtok_RELA
KF-38789,drug_sample,PUTATIVE_TARGET,SELP,SELP,rawtok_SELP
KPT-185,drug_sample,PUTATIVE_TARGET,XPO1,XPO1,rawtok_XPO1
OSI-420,drug_sample,PUTATIVE_TARGET,EGFR,EGFR,rawtok_EGFR
NAN-190,drug_sample,PUTATIVE_TARGET,ADRA1A,ADRA1A,rawtok_ADRA1A
NAN-190,drug_sample,PUTATIVE_TARGET,ADRA1B,ADRA1B,rawtok_ADRA1B
NAN-190,drug_sample,PUTATIVE_TARGET,ADRA1D,ADRA1D,rawtok_ADRA1D
NAN-190,drug_sample,PUTATIVE_TARGET,HTR1A,HTR1A,rawtok_HTR1A
NAN-190,drug_sample,PUTATIVE_TARGET,HTR1F,HTR1F,rawtok_HTR1F
AZD2858,drug_sample,PUTATIVE_TARGET,GSK3B,GSK3B,rawtok_GSK3B
NU6027,drug_sample,PUTATIVE_TARGET,CCNA2,CCNA2,rawtok_CCNA2
NU6027,drug_sample,PUTATIVE_TARGET,CDK2,CDK2,rawtok_CDK2
AURORA-A-INHIBITOR-I,drug_sample,PUTATIVE_TARGET,AURKA,AURKA,rawtok_AURKA
NSC-697923,drug_sample,PUTATIVE_TARGET,UBE2N,UBE2N,rawtok_UBE2N
GOLGICIDE-A,drug_sample,PUTATIVE_TARGET,GBF1,GBF1,rawtok_GBF1
SPERMIDINE,drug_sample,PUTATIVE_TARGET,KCNJ4,KCNJ4,rawtok_KCNJ4
SPERMIDINE,drug_sample,PUTATIVE_TARGET,TXNRD1,TXNRD1,rawtok_TXNRD1
CARMUSTINE,drug_sample,PUTATIVE_TARGET,GSR,GSR,rawtok_GSR
SEVOFLURANE,drug_sample,PUTATIVE_TARGET,ATP2C1,ATP2C1,rawtok_ATP2C1
SEVOFLURANE,drug_sample,PUTATIVE_TARGET,ATP5D,ATP5D,rawtok_ATP5D
SEVOFLURANE,drug_sample,PUTATIVE_TARGET,GABRA1,GABRA1,rawtok_GABRA1
SEVOFLURANE,drug_sample,PUTATIVE_TARGET,GABRA2,GABRA2,rawtok_GABRA2
SEVOFLURANE,drug_sample,PUTATIVE_TARGET,GABRA3,GABRA3,rawtok_GABRA3
SEVOFLURANE,drug_sample,PUTATIVE_TARGET,GABRA4,GABRA4,rawtok_GABRA4
SEVOFLURANE,drug_sample,PUTATIVE_TARGET,GABRA5,GABRA5,rawtok_GABRA5
SEVOFLURANE,drug_sample,PUTATIVE_TARGET,GABRA6,GABRA6,rawtok_GABRA6
SEVOFLURANE,drug_sample,PUTATIVE_TARGET,GABRB1,GABRB1,rawtok_GABRB1
SEVOFLURANE,drug_sample,PUTATIVE_TARGET,GABRB2,GABRB2,rawtok_GABRB2
SEVOFLURANE,drug_sample,PUTATIVE_TARGET,GABRB3,GABRB3,rawtok_GABRB3
SEVOFLURANE,drug_sample,PUTATIVE_TARGET,GABRD,GABRD,rawtok_GABRD
SEVOFLURANE,drug_sample,PUTATIVE_TARGET,GABRE,GABRE,rawtok_GABRE
SEVOFLURANE,drug_sample,PUTATIVE_TARGET,GABRG1,GABRG1,rawtok_GABRG1
SEVOFLURANE,drug_sample,PUTATIVE_TARGET,GABRG2,GABRG2,rawtok_GABRG2
SEVOFLURANE,drug_sample,PUTATIVE_TARGET,GABRG3,GABRG3,rawtok_GABRG3
SEVOFLURANE,drug_sample,PUTATIVE_TARGET,GABRP,GABRP,rawtok_GABRP
SEVOFLURANE,drug_sample,PUTATIVE_TARGET,GABRQ,GABRQ,rawtok_GABRQ
SEVOFLURANE,drug_sample,PUTATIVE_TARGET,GLRA1,GLRA1,rawtok_GLRA1
SEVOFLURANE,drug_sample,PUTATIVE_TARGET,GLRB,GLRB,rawtok_GLRB
SEVOFLURANE,drug_sample,PUTATIVE_TARGET,GRIA1,GRIA1,rawtok_GRIA1
SEVOFLURANE,drug_sample,PUTATIVE_TARGET,KCNA1,KCNA1,rawtok_KCNA1
SEVOFLURANE,drug_sample,PUTATIVE_TARGET,KCNK10,KCNK10,rawtok_KCNK10
SEVOFLURANE,drug_sample,PUTATIVE_TARGET,KCNK18,KCNK18,rawtok_KCNK18
SEVOFLURANE,drug_sample,PUTATIVE_TARGET,KCNK2,KCNK2,rawtok_KCNK2
SEVOFLURANE,drug_sample,PUTATIVE_TARGET,KCNK3,KCNK3,rawtok_KCNK3
SEVOFLURANE,drug_sample,PUTATIVE_TARGET,KCNK9,KCNK9,rawtok_KCNK9
SEVOFLURANE,drug_sample,PUTATIVE_TARGET,MT-ND1,MT-ND1,rawtok_MT_ND1
ORNITHINE,drug_sample,PUTATIVE_TARGET,ARG1,ARG1,rawtok_ARG1
ORNITHINE,drug_sample,PUTATIVE_TARGET,ARG2,ARG2,rawtok_ARG2
ORNITHINE,drug_sample,PUTATIVE_TARGET,GATM,GATM,rawtok_GATM
ORNITHINE,drug_sample,PUTATIVE_TARGET,GPRC6A,GPRC6A,rawtok_GPRC6A
ORNITHINE,drug_sample,PUTATIVE_TARGET,OAT,OAT,rawtok_OAT
ORNITHINE,drug_sample,PUTATIVE_TARGET,OAZ1,OAZ1,rawtok_OAZ1
ORNITHINE,drug_sample,PUTATIVE_TARGET,OAZ2,OAZ2,rawtok_OAZ2
ORNITHINE,drug_sample,PUTATIVE_TARGET,OAZ3,OAZ3,rawtok_OAZ3
ORNITHINE,drug_sample,PUTATIVE_TARGET,OTC,OTC,rawtok_OTC
ORNITHINE,drug_sample,PUTATIVE_TARGET,SLC25A15,SLC25A15,rawtok_SLC25A15
ORNITHINE,drug_sample,PUTATIVE_TARGET,SLC25A2,SLC25A2,rawtok_SLC25A2
ORNITHINE,drug_sample,PUTATIVE_TARGET,SLC7A1,SLC7A1,rawtok_SLC7A1
ORNITHINE,drug_sample,PUTATIVE_TARGET,SLC7A2,SLC7A2,rawtok_SLC7A2
ORNITHINE,drug_sample,PUTATIVE_TARGET,SLC7A3,SLC7A3,rawtok_SLC7A3
ORNITHINE,drug_sample,PUTATIVE_TARGET,SLC7A4,SLC7A4,rawtok_SLC7A4
AMMONIUM-LACTATE,drug_sample,PUTATIVE_TARGET,HCAR1,HCAR1,rawtok_HCAR1
PYRITHIONE-ZINC,drug_sample,PUTATIVE_TARGET,KCNQ1,KCNQ1,rawtok_KCNQ1
PYRITHIONE-ZINC,drug_sample,PUTATIVE_TARGET,KCNQ2,KCNQ2,rawtok_KCNQ2
PYRITHIONE-ZINC,drug_sample,PUTATIVE_TARGET,KCNQ4,KCNQ4,rawtok_KCNQ4
PYRITHIONE-ZINC,drug_sample,PUTATIVE_TARGET,KCNQ5,KCNQ5,rawtok_KCNQ5
BIX-02188,drug_sample,PUTATIVE_TARGET,MAP2K5,MAP2K5,rawtok_MAP2K5
ACIPIMOX,drug_sample,PUTATIVE_TARGET,HCAR2,HCAR2,rawtok_HCAR2
METHOXYFLURANE,drug_sample,PUTATIVE_TARGET,ATP2C1,ATP2C1,rawtok_ATP2C1
METHOXYFLURANE,drug_sample,PUTATIVE_TARGET,ATP5D,ATP5D,rawtok_ATP5D
METHOXYFLURANE,drug_sample,PUTATIVE_TARGET,GABRA1,GABRA1,rawtok_GABRA1
METHOXYFLURANE,drug_sample,PUTATIVE_TARGET,GABRA2,GABRA2,rawtok_GABRA2
METHOXYFLURANE,drug_sample,PUTATIVE_TARGET,GABRA3,GABRA3,rawtok_GABRA3
METHOXYFLURANE,drug_sample,PUTATIVE_TARGET,GABRA4,GABRA4,rawtok_GABRA4
METHOXYFLURANE,drug_sample,PUTATIVE_TARGET,GABRA5,GABRA5,rawtok_GABRA5
METHOXYFLURANE,drug_sample,PUTATIVE_TARGET,GABRA6,GABRA6,rawtok_GABRA6
METHOXYFLURANE,drug_sample,PUTATIVE_TARGET,GABRB1,GABRB1,rawtok_GABRB1
METHOXYFLURANE,drug_sample,PUTATIVE_TARGET,GABRB2,GABRB2,rawtok_GABRB2
METHOXYFLURANE,drug_sample,PUTATIVE_TARGET,GABRB3,GABRB3,rawtok_GABRB3
METHOXYFLURANE,drug_sample,PUTATIVE_TARGET,GABRD,GABRD,rawtok_GABRD
METHOXYFLURANE,drug_sample,PUTATIVE_TARGET,GABRE,GABRE,rawtok_GABRE
METHOXYFLURANE,drug_sample,PUTATIVE_TARGET,GABRG1,GABRG1,rawtok_GABRG1
METHOXYFLURANE,drug_sample,PUTATIVE_TARGET,GABRG2,GABRG2,rawtok_GABRG2
METHOXYFLURANE,drug_sample,PUTATIVE_TARGET,GABRG3,GABRG3,rawtok_GABRG3
METHOXYFLURANE,drug_sample,PUTATIVE_TARGET,GABRP,GABRP,rawtok_GABRP
METHOXYFLURANE,drug_sample,PUTATIVE_TARGET,GABRQ,GABRQ,rawtok_GABRQ
METHOXYFLURANE,drug_sample,PUTATIVE_TARGET,GLRA1,GLRA1,rawtok_GLRA1
METHOXYFLURANE,drug_sample,PUTATIVE_TARGET,GLRB,GLRB,rawtok_GLRB
METHOXYFLURANE,drug_sample,PUTATIVE_TARGET,GRIA1,GRIA1,rawtok_GRIA1
METHOXYFLURANE,drug_sample,PUTATIVE_TARGET,KCNA1,KCNA1,rawtok_KCNA1
METHOXYFLURANE,drug_sample,PUTATIVE_TARGET,MT-ND1,MT-ND1,rawtok_MT_ND1
PHENIRAMINE,drug_sample,PUTATIVE_TARGET,HRH1,HRH1,rawtok_HRH1
MEXILETINE,drug_sample,PUTATIVE_TARGET,AHR,AHR,rawtok_AHR
MEXILETINE,drug_sample,PUTATIVE_TARGET,SCN4A,SCN4A,rawtok_SCN4A
MEXILETINE,drug_sample,PUTATIVE_TARGET,SCN5A,SCN5A,rawtok_SCN5A
USNIACIN-(+),drug_sample,PUTATIVE_TARGET,PTPN1,PTPN1,rawtok_PTPN1
SODIUM-STIBOGLUCONATE,drug_sample,PUTATIVE_TARGET,PTPN6,PTPN6,rawtok_PTPN6
SODIUM-STIBOGLUCONATE,drug_sample,PUTATIVE_TARGET,TOP1,TOP1,rawtok_TOP1
OXYPHENCYCLIMINE,drug_sample,PUTATIVE_TARGET,CHRM1,CHRM1,rawtok_CHRM1
OXYPHENCYCLIMINE,drug_sample,PUTATIVE_TARGET,CHRM2,CHRM2,rawtok_CHRM2
OXYPHENCYCLIMINE,drug_sample,PUTATIVE_TARGET,CHRM3,CHRM3,rawtok_CHRM3
ACETYLCYSTEINE,drug_sample,PUTATIVE_TARGET,ACY1,ACY1,rawtok_ACY1
ACETYLCYSTEINE,drug_sample,PUTATIVE_TARGET,CHUK,CHUK,rawtok_CHUK
ACETYLCYSTEINE,drug_sample,PUTATIVE_TARGET,GRIN1,GRIN1,rawtok_GRIN1
ACETYLCYSTEINE,drug_sample,PUTATIVE_TARGET,GRIN2A,GRIN2A,rawtok_GRIN2A
ACETYLCYSTEINE,drug_sample,PUTATIVE_TARGET,GRIN2B,GRIN2B,rawtok_GRIN2B
ACETYLCYSTEINE,drug_sample,PUTATIVE_TARGET,GRIN2D,GRIN2D,rawtok_GRIN2D
ACETYLCYSTEINE,drug_sample,PUTATIVE_TARGET,GRIN3A,GRIN3A,rawtok_GRIN3A
ACETYLCYSTEINE,drug_sample,PUTATIVE_TARGET,GSS,GSS,rawtok_GSS
ACETYLCYSTEINE,drug_sample,PUTATIVE_TARGET,IKBKB,IKBKB,rawtok_IKBKB
ACETYLCYSTEINE,drug_sample,PUTATIVE_TARGET,RELA,RELA,rawtok_RELA
ACETYLCYSTEINE,drug_sample,PUTATIVE_TARGET,SLC7A11,SLC7A11,rawtok_SLC7A11
OLEANOLIC-ACID,drug_sample,PUTATIVE_TARGET,GPBAR1,GPBAR1,rawtok_GPBAR1
CYCLOSPORINE,drug_sample,PUTATIVE_TARGET,ABCB11,ABCB11,rawtok_ABCB11
CYCLOSPORINE,drug_sample,PUTATIVE_TARGET,CAMLG,CAMLG,rawtok_CAMLG
CYCLOSPORINE,drug_sample,PUTATIVE_TARGET,FPR1,FPR1,rawtok_FPR1
CYCLOSPORINE,drug_sample,PUTATIVE_TARGET,PPIA,PPIA,rawtok_PPIA
CYCLOSPORINE,drug_sample,PUTATIVE_TARGET,PPIF,PPIF,rawtok_PPIF
CYCLOSPORINE,drug_sample,PUTATIVE_TARGET,PPP3R2,PPP3R2,rawtok_PPP3R2
CYCLOSPORINE,drug_sample,PUTATIVE_TARGET,SLC10A1,SLC10A1,rawtok_SLC10A1
CYCLOSPORINE,drug_sample,PUTATIVE_TARGET,SLCO1B1,SLCO1B1,rawtok_SLCO1B1
CYCLOSPORINE,drug_sample,PUTATIVE_TARGET,SLCO1B3,SLCO1B3,rawtok_SLCO1B3
ELACRIDAR,drug_sample,PUTATIVE_TARGET,ABCB1,ABCB1,rawtok_ABCB1
BIS(MALTOLATO)OXOVANADIUM(IV),drug_sample,PUTATIVE_TARGET,PTPN1,PTPN1,rawtok_PTPN1
BAFETINIB,drug_sample,PUTATIVE_TARGET,ABL1,ABL1,rawtok_ABL1
BAFETINIB,drug_sample,PUTATIVE_TARGET,BCR,BCR,rawtok_BCR
BAFETINIB,drug_sample,PUTATIVE_TARGET,LYN,LYN,rawtok_LYN
ENOXIMONE,drug_sample,PUTATIVE_TARGET,PDE3A,PDE3A,rawtok_PDE3A
BETA-LAPACHONE,drug_sample,PUTATIVE_TARGET,TOP1,TOP1,rawtok_TOP1
CARBOXYAMIDOTRIAZOLE,drug_sample,PUTATIVE_TARGET,CXCL8,CXCL8,rawtok_CXCL8
CYCLOVALONE,drug_sample,PUTATIVE_TARGET,ABCG2,ABCG2,rawtok_ABCG2
ERDAFITINIB,drug_sample,PUTATIVE_TARGET,FGFR1,FGFR1,rawtok_FGFR1
ERDAFITINIB,drug_sample,PUTATIVE_TARGET,FGFR2,FGFR2,rawtok_FGFR2
ERDAFITINIB,drug_sample,PUTATIVE_TARGET,FGFR3,FGFR3,rawtok_FGFR3
ERDAFITINIB,drug_sample,PUTATIVE_TARGET,FGFR4,FGFR4,rawtok_FGFR4
FORODESINE,drug_sample,PUTATIVE_TARGET,PNP,PNP,rawtok_PNP
FENRETINIDE,drug_sample,PUTATIVE_TARGET,RARA,RARA,rawtok_RARA
ETOPOSIDE-PHOSPHATE,drug_sample,PUTATIVE_TARGET,TOP2A,TOP2A,rawtok_TOP2A
CHIDAMIDE,drug_sample,PUTATIVE_TARGET,HDAC10,HDAC10,rawtok_HDAC10
CHIDAMIDE,drug_sample,PUTATIVE_TARGET,HDAC3,HDAC3,rawtok_HDAC3
BRIVARACETAM,drug_sample,PUTATIVE_TARGET,SV2A,SV2A,rawtok_SV2A
LY3023414,drug_sample,PUTATIVE_TARGET,MTOR,MTOR,rawtok_MTOR
GS-9973,drug_sample,PUTATIVE_TARGET,SYK,SYK,rawtok_SYK
LORLATINIB,drug_sample,PUTATIVE_TARGET,ALK,ALK,rawtok_ALK
METYRAPONE,drug_sample,PUTATIVE_TARGET,CYP11B1,CYP11B1,rawtok_CYP11B1
IDRONOXIL,drug_sample,PUTATIVE_TARGET,ENOX2,ENOX2,rawtok_ENOX2
IDRONOXIL,drug_sample,PUTATIVE_TARGET,SPHK1,SPHK1,rawtok_SPHK1
GILTERITINIB,drug_sample,PUTATIVE_TARGET,FLT3,FLT3,rawtok_FLT3
LY2606368,drug_sample,PUTATIVE_TARGET,CHEK1,CHEK1,rawtok_CHEK1
JTE-607,drug_sample,PUTATIVE_TARGET,IL10,IL10,rawtok_IL10
JTE-607,drug_sample,PUTATIVE_TARGET,IL1B,IL1B,rawtok_IL1B
JTE-607,drug_sample,PUTATIVE_TARGET,IL6,IL6,rawtok_IL6
JTE-607,drug_sample,PUTATIVE_TARGET,TNF,TNF,rawtok_TNF
SALVIANOLIC-ACID-B,drug_sample,PUTATIVE_TARGET,MMP9,MMP9,rawtok_MMP9
PENTOSTATIN,drug_sample,PUTATIVE_TARGET,ADA,ADA,rawtok_ADA
TOFOGLIFLOZIN,drug_sample,PUTATIVE_TARGET,GCK,GCK,rawtok_GCK
VINDESINE,drug_sample,PUTATIVE_TARGET,TUBB,TUBB,rawtok_TUBB
VINDESINE,drug_sample,PUTATIVE_TARGET,TUBB1,TUBB1,rawtok_TUBB1
UNC0631,drug_sample,PUTATIVE_TARGET,EHMT2,EHMT2,rawtok_EHMT2
PARDOPRUNOX,drug_sample,PUTATIVE_TARGET,DRD2,DRD2,rawtok_DRD2
PARDOPRUNOX,drug_sample,PUTATIVE_TARGET,DRD3,DRD3,rawtok_DRD3
PARDOPRUNOX,drug_sample,PUTATIVE_TARGET,DRD4,DRD4,rawtok_DRD4
PARDOPRUNOX,drug_sample,PUTATIVE_TARGET,HTR1A,HTR1A,rawtok_HTR1A
PARDOPRUNOX,drug_sample,PUTATIVE_TARGET,HTR7,HTR7,rawtok_HTR7
RUBITECAN,drug_sample,PUTATIVE_TARGET,TOP1,TOP1,rawtok_TOP1
VERUBULIN,drug_sample,PUTATIVE_TARGET,TUBB,TUBB,rawtok_TUBB
AVAGACESTAT,mechanisms,mechanism_of_action,Gamma-secretase inhibitor,GAMMA-SECRETASE INHIBITOR,rawtok_GAMMA_SECRETASE_INHIBITOR
AXITINIB,mechanisms,mechanism_of_action,Vascular endothelial growth factor receptor inhibitor,VASCULAR ENDOTHELIAL GROWTH FACTOR RECEPTOR INHIBITOR,rawtok_VASCULAR_ENDOTHELIAL_GROWTH_FACTOR_RECEPTOR_INHIBITOR
AZD6738,mechanisms,mechanism_of_action,Serine-protein kinase ATR inhibitor,SERINE-PROTEIN KINASE ATR INHIBITOR,rawtok_SERINE_PROTEIN_KINASE_ATR_INHIBITOR
AZD7762,mechanisms,mechanism_of_action,Serine/threonine-protein kinase Chk1 inhibitor,SERINE/THREONINE-PROTEIN KINASE CHK1 INHIBITOR,rawtok_SERINE_THREONINE_PROTEIN_KINASE_CHK1_INHIBITOR
AZD8186,mechanisms,mechanism_of_action,PI3-kinase p110-beta subunit inhibitor,PI3-KINASE P110-BETA SUBUNIT INHIBITOR,rawtok_PI3_KINASE_P110_BETA_SUBUNIT_INHIBITOR
AZD8186,mechanisms,mechanism_of_action,PI3-kinase p110-delta subunit inhibitor,PI3-KINASE P110-DELTA SUBUNIT INHIBITOR,rawtok_PI3_KINASE_P110_DELTA_SUBUNIT_INHIBITOR
BOSUTINIB,mechanisms,mechanism_of_action,Tyrosine-protein kinase ABL inhibitor,TYROSINE-PROTEIN KINASE ABL INHIBITOR,rawtok_TYROSINE_PROTEIN_KINASE_ABL_INHIBITOR
BOSUTINIB,mechanisms,mechanism_of_action,Tyrosine-protein kinase HCK inhibitor,TYROSINE-PROTEIN KINASE HCK INHIBITOR,rawtok_TYROSINE_PROTEIN_KINASE_HCK_INHIBITOR
BOSUTINIB,mechanisms,mechanism_of_action,Tyrosine-protein kinase Lyn inhibitor,TYROSINE-PROTEIN KINASE LYN INHIBITOR,rawtok_TYROSINE_PROTEIN_KINASE_LYN_INHIBITOR
BOSUTINIB,mechanisms,mechanism_of_action,Tyrosine-protein kinase SRC inhibitor,TYROSINE-PROTEIN KINASE SRC INHIBITOR,rawtok_TYROSINE_PROTEIN_KINASE_SRC_INHIBITOR
DACTOLISIB,mechanisms,mechanism_of_action,PI3-kinase class I inhibitor,PI3-KINASE CLASS I INHIBITOR,rawtok_PI3_KINASE_CLASS_I_INHIBITOR
DACTOLISIB,mechanisms,mechanism_of_action,Serine/threonine-protein kinase mTOR inhibitor,SERINE/THREONINE-PROTEIN KINASE MTOR INHIBITOR,rawtok_SERINE_THREONINE_PROTEIN_KINASE_MTOR_INHIBITOR
DOCETAXEL,mechanisms,mechanism_of_action,Tubulin inhibitor,TUBULIN INHIBITOR,rawtok_TUBULIN_INHIBITOR
DORAMAPIMOD,mechanisms,mechanism_of_action,MAP kinase p38 alpha inhibitor,MAP KINASE P38 ALPHA INHIBITOR,rawtok_MAP_KINASE_P38_ALPHA_INHIBITOR
FULVESTRANT,mechanisms,mechanism_of_action,Estrogen receptor alpha antagonist,ESTROGEN RECEPTOR ALPHA ANTAGONIST,rawtok_ESTROGEN_RECEPTOR_ALPHA_ANTAGONIST
FULVESTRANT,mechanisms,mechanism_of_action,Estrogen receptor degrader,ESTROGEN RECEPTOR DEGRADER,rawtok_ESTROGEN_RECEPTOR_DEGRADER
FULVESTRANT,mechanisms,action_type,DEGRADER,DEGRADER,rawtok_DEGRADER
GEFITINIB,mechanisms,mechanism_of_action,Epidermal growth factor receptor erbB1 inhibitor,EPIDERMAL GROWTH FACTOR RECEPTOR ERBB1 INHIBITOR,rawtok_EPIDERMAL_GROWTH_FACTOR_RECEPTOR_ERBB1_INHIBITOR
LENALIDOMIDE,mechanisms,mechanism_of_action,CRL4(CRBN) E3 ubiquitin ligase inhibitor,CRL4(CRBN) E3 UBIQUITIN LIGASE INHIBITOR,rawtok_CRL4_CRBN_E3_UBIQUITIN_LIGASE_INHIBITOR
LESTAURTINIB,mechanisms,mechanism_of_action,NT-3 growth factor receptor inhibitor,NT-3 GROWTH FACTOR RECEPTOR INHIBITOR,rawtok_NT_3_GROWTH_FACTOR_RECEPTOR_INHIBITOR
LESTAURTINIB,mechanisms,mechanism_of_action,Nerve growth factor receptor Trk-A inhibitor,NERVE GROWTH FACTOR RECEPTOR TRK-A INHIBITOR,rawtok_NERVE_GROWTH_FACTOR_RECEPTOR_TRK_A_INHIBITOR
LESTAURTINIB,mechanisms,mechanism_of_action,Neurotrophic tyrosine kinase receptor type 2 inhibitor,NEUROTROPHIC TYROSINE KINASE RECEPTOR TYPE 2 INHIBITOR,rawtok_NEUROTROPHIC_TYROSINE_KINASE_RECEPTOR_TYPE_2_INHIBITOR
LESTAURTINIB,mechanisms,mechanism_of_action,Tyrosine-protein kinase JAK2 inhibitor,TYROSINE-PROTEIN KINASE JAK2 INHIBITOR,rawtok_TYROSINE_PROTEIN_KINASE_JAK2_INHIBITOR
LESTAURTINIB,mechanisms,mechanism_of_action,Tyrosine-protein kinase receptor FLT3 inhibitor,TYROSINE-PROTEIN KINASE RECEPTOR FLT3 INHIBITOR,rawtok_TYROSINE_PROTEIN_KINASE_RECEPTOR_FLT3_INHIBITOR
LESTAURTINIB,mechanisms,mechanism_of_action,Tyrosine-protein kinase receptor RET inhibitor,TYROSINE-PROTEIN KINASE RECEPTOR RET INHIBITOR,rawtok_TYROSINE_PROTEIN_KINASE_RECEPTOR_RET_INHIBITOR
METHOTREXATE,mechanisms,mechanism_of_action,Dihydrofolate reductase inhibitor,DIHYDROFOLATE REDUCTASE INHIBITOR,rawtok_DIHYDROFOLATE_REDUCTASE_INHIBITOR
MK-2206,mechanisms,mechanism_of_action,Serine/threonine-protein kinase AKT inhibitor,SERINE/THREONINE-PROTEIN KINASE AKT INHIBITOR,rawtok_SERINE_THREONINE_PROTEIN_KINASE_AKT_INHIBITOR
MOTESANIB,mechanisms,mechanism_of_action,Platelet-derived growth factor receptor inhibitor,PLATELET-DERIVED GROWTH FACTOR RECEPTOR INHIBITOR,rawtok_PLATELET_DERIVED_GROWTH_FACTOR_RECEPTOR_INHIBITOR
MOTESANIB,mechanisms,mechanism_of_action,Stem cell growth factor receptor inhibitor,STEM CELL GROWTH FACTOR RECEPTOR INHIBITOR,rawtok_STEM_CELL_GROWTH_FACTOR_RECEPTOR_INHIBITOR
MOTESANIB,mechanisms,mechanism_of_action,Tyrosine-protein kinase receptor RET inhibitor,TYROSINE-PROTEIN KINASE RECEPTOR RET INHIBITOR,rawtok_TYROSINE_PROTEIN_KINASE_RECEPTOR_RET_INHIBITOR
MOTESANIB,mechanisms,mechanism_of_action,Vascular endothelial growth factor receptor inhibitor,VASCULAR ENDOTHELIAL GROWTH FACTOR RECEPTOR INHIBITOR,rawtok_VASCULAR_ENDOTHELIAL_GROWTH_FACTOR_RECEPTOR_INHIBITOR
NAVITOCLAX,mechanisms,mechanism_of_action,Apoptosis regulator Bcl-2 inhibitor,APOPTOSIS REGULATOR BCL-2 INHIBITOR,rawtok_APOPTOSIS_REGULATOR_BCL_2_INHIBITOR
NAVITOCLAX,mechanisms,mechanism_of_action,Apoptosis regulator Bcl-W inhibitor,APOPTOSIS REGULATOR BCL-W INHIBITOR,rawtok_APOPTOSIS_REGULATOR_BCL_W_INHIBITOR
NAVITOCLAX,mechanisms,mechanism_of_action,Apoptosis regulator Bcl-X inhibitor,APOPTOSIS REGULATOR BCL-X INHIBITOR,rawtok_APOPTOSIS_REGULATOR_BCL_X_INHIBITOR
OLAPARIB,mechanisms,mechanism_of_action,"PARP 1, 2 and 3 inhibitor","PARP 1, 2 AND 3 INHIBITOR",rawtok_PARP_1_2_AND_3_INHIBITOR
PALBOCICLIB,mechanisms,mechanism_of_action,CDK6/cyclin D1 inhibitor,CDK6/CYCLIN D1 INHIBITOR,rawtok_CDK6_CYCLIN_D1_INHIBITOR
PALBOCICLIB,mechanisms,mechanism_of_action,Cyclin-dependent kinase 4/cyclin D1 inhibitor,CYCLIN-DEPENDENT KINASE 4/CYCLIN D1 INHIBITOR,rawtok_CYCLIN_DEPENDENT_KINASE_4_CYCLIN_D1_INHIBITOR
PD0325901,mechanisms,mechanism_of_action,Dual specificity mitogen-activated protein kinase kinase 1 inhibitor,DUAL SPECIFICITY MITOGEN-ACTIVATED PROTEIN KINASE KINASE 1 INHIBITOR,rawtok_DUAL_SPECIFICITY_MITOGEN_ACTIVATED_PROTEIN_KINASE_KINASE_1_INHIBITOR
PD0325901,mechanisms,mechanism_of_action,Dual specificity mitogen-activated protein kinase kinase 2 inhibitor,DUAL SPECIFICITY MITOGEN-ACTIVATED PROTEIN KINASE KINASE 2 INHIBITOR,rawtok_DUAL_SPECIFICITY_MITOGEN_ACTIVATED_PROTEIN_KINASE_KINASE_2_INHIBITOR
PEVONEDISTAT,mechanisms,mechanism_of_action,NEDD8 activating enzyme inhibitor,NEDD8 ACTIVATING ENZYME INHIBITOR,rawtok_NEDD8_ACTIVATING_ENZYME_INHIBITOR
PICTILISIB,mechanisms,mechanism_of_action,PI3-kinase class I inhibitor,PI3-KINASE CLASS I INHIBITOR,rawtok_PI3_KINASE_CLASS_I_INHIBITOR
REFAMETINIB,mechanisms,mechanism_of_action,Dual specificity mitogen-activated protein kinase kinase 1 inhibitor,DUAL SPECIFICITY MITOGEN-ACTIVATED PROTEIN KINASE KINASE 1 INHIBITOR,rawtok_DUAL_SPECIFICITY_MITOGEN_ACTIVATED_PROTEIN_KINASE_KINASE_1_INHIBITOR
REFAMETINIB,mechanisms,mechanism_of_action,Dual specificity mitogen-activated protein kinase kinase 2 inhibitor,DUAL SPECIFICITY MITOGEN-ACTIVATED PROTEIN KINASE KINASE 2 INHIBITOR,rawtok_DUAL_SPECIFICITY_MITOGEN_ACTIVATED_PROTEIN_KINASE_KINASE_2_INHIBITOR
RUCAPARIB,mechanisms,mechanism_of_action,"PARP 1, 2 and 3 inhibitor","PARP 1, 2 AND 3 INHIBITOR",rawtok_PARP_1_2_AND_3_INHIBITOR
SELUMETINIB,mechanisms,mechanism_of_action,Dual specificity mitogen-activated protein kinase kinase 1 inhibitor,DUAL SPECIFICITY MITOGEN-ACTIVATED PROTEIN KINASE KINASE 1 INHIBITOR,rawtok_DUAL_SPECIFICITY_MITOGEN_ACTIVATED_PROTEIN_KINASE_KINASE_1_INHIBITOR
SELUMETINIB,mechanisms,mechanism_of_action,Dual specificity mitogen-activated protein kinase kinase 2 inhibitor,DUAL SPECIFICITY MITOGEN-ACTIVATED PROTEIN KINASE KINASE 2 INHIBITOR,rawtok_DUAL_SPECIFICITY_MITOGEN_ACTIVATED_PROTEIN_KINASE_KINASE_2_INHIBITOR
SN-38,mechanisms,mechanism_of_action,DNA topoisomerase I inhibitor,DNA TOPOISOMERASE I INHIBITOR,rawtok_DNA_TOPOISOMERASE_I_INHIBITOR
TALAZOPARIB,mechanisms,mechanism_of_action,Poly [ADP-ribose] polymerase 2 inhibitor,POLY [ADP-RIBOSE] POLYMERASE 2 INHIBITOR,rawtok_POLY_ADP_RIBOSE_POLYMERASE_2_INHIBITOR
TALAZOPARIB,mechanisms,mechanism_of_action,Poly [ADP-ribose] polymerase-1 inhibitor,POLY [ADP-RIBOSE] POLYMERASE-1 INHIBITOR,rawtok_POLY_ADP_RIBOSE_POLYMERASE_1_INHIBITOR
TANESPIMYCIN,mechanisms,mechanism_of_action,Heat shock protein HSP90 inhibitor,HEAT SHOCK PROTEIN HSP90 INHIBITOR,rawtok_HEAT_SHOCK_PROTEIN_HSP90_INHIBITOR
TEMOZOLOMIDE,mechanisms,mechanism_of_action,DNA inhibitor,DNA INHIBITOR,rawtok_DNA_INHIBITOR
TRAMETINIB,mechanisms,mechanism_of_action,Dual specificity mitogen-activated protein kinase kinase; MEK1/2 inhibitor,DUAL SPECIFICITY MITOGEN-ACTIVATED PROTEIN KINASE KINASE; MEK1/2 INHIBITOR,rawtok_DUAL_SPECIFICITY_MITOGEN_ACTIVATED_PROTEIN_KINASE_KINASE_MEK1_2_INHIBITO
VELIPARIB,mechanisms,mechanism_of_action,"PARP 1, 2 and 3 inhibitor","PARP 1, 2 AND 3 INHIBITOR",rawtok_PARP_1_2_AND_3_INHIBITOR
VISMODEGIB,mechanisms,mechanism_of_action,Smoothened homolog inhibitor,SMOOTHENED HOMOLOG INHIBITOR,rawtok_SMOOTHENED_HOMOLOG_INHIBITOR
VORINOSTAT,mechanisms,mechanism_of_action,Histone deacetylase 1 inhibitor,HISTONE DEACETYLASE 1 INHIBITOR,rawtok_HISTONE_DEACETYLASE_1_INHIBITOR
VORINOSTAT,mechanisms,mechanism_of_action,Histone deacetylase 2 inhibitor,HISTONE DEACETYLASE 2 INHIBITOR,rawtok_HISTONE_DEACETYLASE_2_INHIBITOR
VORINOSTAT,mechanisms,mechanism_of_action,Histone deacetylase 3 inhibitor,HISTONE DEACETYLASE 3 INHIBITOR,rawtok_HISTONE_DEACETYLASE_3_INHIBITOR
VORINOSTAT,mechanisms,mechanism_of_action,Histone deacetylase 6 inhibitor,HISTONE DEACETYLASE 6 INHIBITOR,rawtok_HISTONE_DEACETYLASE_6_INHIBITOR
AFATINIB,targets,single_protein_pref_name,Adenosine kinase,ADENOSINE KINASE,rawtok_ADENOSINE_KINASE
AFATINIB,targets,single_protein_pref_name,Alpha-2B adrenergic receptor,ALPHA-2B ADRENERGIC RECEPTOR,rawtok_ALPHA_2B_ADRENERGIC_RECEPTOR
AFATINIB,targets,single_protein_pref_name,Casein kinase I isoform epsilon,CASEIN KINASE I ISOFORM EPSILON,rawtok_CASEIN_KINASE_I_ISOFORM_EPSILON
AFATINIB,targets,single_protein_pref_name,Cholecystokinin receptor type A,CHOLECYSTOKININ RECEPTOR TYPE A,rawtok_CHOLECYSTOKININ_RECEPTOR_TYPE_A
AFATINIB,targets,single_protein_pref_name,Citron Rho-interacting kinase,CITRON RHO-INTERACTING KINASE,rawtok_CITRON_RHO_INTERACTING_KINASE
AFATINIB,targets,single_protein_pref_name,Cyclin-G-associated kinase,CYCLIN-G-ASSOCIATED KINASE,rawtok_CYCLIN_G_ASSOCIATED_KINASE
AFATINIB,targets,single_protein_pref_name,Dual specificity mitogen-activated protein kinase kinase 5,DUAL SPECIFICITY MITOGEN-ACTIVATED PROTEIN KINASE KINASE 5,rawtok_DUAL_SPECIFICITY_MITOGEN_ACTIVATED_PROTEIN_KINASE_KINASE_5
AFATINIB,targets,single_protein_pref_name,Dual specificity tyrosine-phosphorylation-regulated kinase 1A,DUAL SPECIFICITY TYROSINE-PHOSPHORYLATION-REGULATED KINASE 1A,rawtok_DUAL_SPECIFICITY_TYROSINE_PHOSPHORYLATION_REGULATED_KINASE_1A
AFATINIB,targets,single_protein_pref_name,Dual specificity tyrosine-phosphorylation-regulated kinase 1B,DUAL SPECIFICITY TYROSINE-PHOSPHORYLATION-REGULATED KINASE 1B,rawtok_DUAL_SPECIFICITY_TYROSINE_PHOSPHORYLATION_REGULATED_KINASE_1B
AFATINIB,targets,single_protein_pref_name,Dual specificity tyrosine-phosphorylation-regulated kinase 2,DUAL SPECIFICITY TYROSINE-PHOSPHORYLATION-REGULATED KINASE 2,rawtok_DUAL_SPECIFICITY_TYROSINE_PHOSPHORYLATION_REGULATED_KINASE_2
AFATINIB,targets,single_protein_pref_name,Ephrin type-A receptor 6,EPHRIN TYPE-A RECEPTOR 6,rawtok_EPHRIN_TYPE_A_RECEPTOR_6
AFATINIB,targets,single_protein_pref_name,Ephrin type-B receptor 6,EPHRIN TYPE-B RECEPTOR 6,rawtok_EPHRIN_TYPE_B_RECEPTOR_6
AFATINIB,targets,single_protein_pref_name,Epidermal growth factor receptor,EPIDERMAL GROWTH FACTOR RECEPTOR,rawtok_EPIDERMAL_GROWTH_FACTOR_RECEPTOR
AFATINIB,targets,single_protein_pref_name,Hepatocyte growth factor receptor,HEPATOCYTE GROWTH FACTOR RECEPTOR,rawtok_HEPATOCYTE_GROWTH_FACTOR_RECEPTOR
AFATINIB,targets,single_protein_pref_name,Homeodomain-interacting protein kinase 4,HOMEODOMAIN-INTERACTING PROTEIN KINASE 4,rawtok_HOMEODOMAIN_INTERACTING_PROTEIN_KINASE_4
AFATINIB,targets,single_protein_pref_name,Interleukin-1 receptor-associated kinase 1,INTERLEUKIN-1 RECEPTOR-ASSOCIATED KINASE 1,rawtok_INTERLEUKIN_1_RECEPTOR_ASSOCIATED_KINASE_1
AFATINIB,targets,single_protein_pref_name,MAP kinase-activated protein kinase 2,MAP KINASE-ACTIVATED PROTEIN KINASE 2,rawtok_MAP_KINASE_ACTIVATED_PROTEIN_KINASE_2
AFATINIB,targets,single_protein_pref_name,MAP kinase-interacting serine/threonine-protein kinase 1,MAP KINASE-INTERACTING SERINE/THREONINE-PROTEIN KINASE 1,rawtok_MAP_KINASE_INTERACTING_SERINE_THREONINE_PROTEIN_KINASE_1
AFATINIB,targets,single_protein_pref_name,MAP kinase-interacting serine/threonine-protein kinase 2,MAP KINASE-INTERACTING SERINE/THREONINE-PROTEIN KINASE 2,rawtok_MAP_KINASE_INTERACTING_SERINE_THREONINE_PROTEIN_KINASE_2
AFATINIB,targets,single_protein_pref_name,Macrophage-stimulating protein receptor,MACROPHAGE-STIMULATING PROTEIN RECEPTOR,rawtok_MACROPHAGE_STIMULATING_PROTEIN_RECEPTOR
AFATINIB,targets,single_protein_pref_name,Melanocortin receptor 3,MELANOCORTIN RECEPTOR 3,rawtok_MELANOCORTIN_RECEPTOR_3
AFATINIB,targets,single_protein_pref_name,Mitogen-activated protein kinase 10,MITOGEN-ACTIVATED PROTEIN KINASE 10,rawtok_MITOGEN_ACTIVATED_PROTEIN_KINASE_10
AFATINIB,targets,single_protein_pref_name,Mitogen-activated protein kinase 11,MITOGEN-ACTIVATED PROTEIN KINASE 11,rawtok_MITOGEN_ACTIVATED_PROTEIN_KINASE_11
AFATINIB,targets,single_protein_pref_name,Mitogen-activated protein kinase 14,MITOGEN-ACTIVATED PROTEIN KINASE 14,rawtok_MITOGEN_ACTIVATED_PROTEIN_KINASE_14
AFATINIB,targets,single_protein_pref_name,Mitogen-activated protein kinase 9,MITOGEN-ACTIVATED PROTEIN KINASE 9,rawtok_MITOGEN_ACTIVATED_PROTEIN_KINASE_9
AFATINIB,targets,single_protein_pref_name,Muscarinic acetylcholine receptor M2,MUSCARINIC ACETYLCHOLINE RECEPTOR M2,rawtok_MUSCARINIC_ACETYLCHOLINE_RECEPTOR_M2
AFATINIB,targets,single_protein_pref_name,"Myosin light chain kinase, smooth muscle","MYOSIN LIGHT CHAIN KINASE, SMOOTH MUSCLE",rawtok_MYOSIN_LIGHT_CHAIN_KINASE_SMOOTH_MUSCLE
AFATINIB,targets,single_protein_pref_name,"Phosphorylase b kinase gamma catalytic chain, liver/testis isoform","PHOSPHORYLASE B KINASE GAMMA CATALYTIC CHAIN, LIVER/TESTIS ISOFORM",rawtok_PHOSPHORYLASE_B_KINASE_GAMMA_CATALYTIC_CHAIN_LIVER_TESTIS_ISOFORM
AFATINIB,targets,single_protein_pref_name,"Phosphorylase b kinase gamma catalytic chain, skeletal muscle/heart isoform","PHOSPHORYLASE B KINASE GAMMA CATALYTIC CHAIN, SKELETAL MUSCLE/HEART ISOFORM",rawtok_PHOSPHORYLASE_B_KINASE_GAMMA_CATALYTIC_CHAIN_SKELETAL_MUSCLE_HEART_ISOFO
AFATINIB,targets,single_protein_pref_name,Proto-oncogene tyrosine-protein kinase Src,PROTO-ONCOGENE TYROSINE-PROTEIN KINASE SRC,rawtok_PROTO_ONCOGENE_TYROSINE_PROTEIN_KINASE_SRC
AFATINIB,targets,single_protein_pref_name,Proto-oncogene tyrosine-protein kinase receptor Ret,PROTO-ONCOGENE TYROSINE-PROTEIN KINASE RECEPTOR RET,rawtok_PROTO_ONCOGENE_TYROSINE_PROTEIN_KINASE_RECEPTOR_RET
AFATINIB,targets,single_protein_pref_name,Receptor tyrosine-protein kinase erbB-2,RECEPTOR TYROSINE-PROTEIN KINASE ERBB-2,rawtok_RECEPTOR_TYROSINE_PROTEIN_KINASE_ERBB_2
AFATINIB,targets,single_protein_pref_name,Receptor tyrosine-protein kinase erbB-3,RECEPTOR TYROSINE-PROTEIN KINASE ERBB-3,rawtok_RECEPTOR_TYROSINE_PROTEIN_KINASE_ERBB_3
AFATINIB,targets,single_protein_pref_name,Receptor tyrosine-protein kinase erbB-4,RECEPTOR TYROSINE-PROTEIN KINASE ERBB-4,rawtok_RECEPTOR_TYROSINE_PROTEIN_KINASE_ERBB_4
AFATINIB,targets,single_protein_pref_name,Receptor-interacting serine/threonine-protein kinase 2,RECEPTOR-INTERACTING SERINE/THREONINE-PROTEIN KINASE 2,rawtok_RECEPTOR_INTERACTING_SERINE_THREONINE_PROTEIN_KINASE_2
AFATINIB,targets,single_protein_pref_name,Receptor-type tyrosine-protein kinase FLT3,RECEPTOR-TYPE TYROSINE-PROTEIN KINASE FLT3,rawtok_RECEPTOR_TYPE_TYROSINE_PROTEIN_KINASE_FLT3
AFATINIB,targets,single_protein_pref_name,Ribosomal protein S6 kinase alpha-6,RIBOSOMAL PROTEIN S6 KINASE ALPHA-6,rawtok_RIBOSOMAL_PROTEIN_S6_KINASE_ALPHA_6
AFATINIB,targets,single_protein_pref_name,STE20-like serine/threonine-protein kinase,STE20-LIKE SERINE/THREONINE-PROTEIN KINASE,rawtok_STE20_LIKE_SERINE_THREONINE_PROTEIN_KINASE
AFATINIB,targets,single_protein_pref_name,Serine/threonine-protein kinase 10,SERINE/THREONINE-PROTEIN KINASE 10,rawtok_SERINE_THREONINE_PROTEIN_KINASE_10
AFATINIB,targets,single_protein_pref_name,Serine/threonine-protein kinase 17A,SERINE/THREONINE-PROTEIN KINASE 17A,rawtok_SERINE_THREONINE_PROTEIN_KINASE_17A
AFATINIB,targets,single_protein_pref_name,Serine/threonine-protein kinase SBK1,SERINE/THREONINE-PROTEIN KINASE SBK1,rawtok_SERINE_THREONINE_PROTEIN_KINASE_SBK1
AFATINIB,targets,single_protein_pref_name,Sodium-dependent dopamine transporter,SODIUM-DEPENDENT DOPAMINE TRANSPORTER,rawtok_SODIUM_DEPENDENT_DOPAMINE_TRANSPORTER
AFATINIB,targets,single_protein_pref_name,Tyrosine-protein kinase ABL1,TYROSINE-PROTEIN KINASE ABL1,rawtok_TYROSINE_PROTEIN_KINASE_ABL1
AFATINIB,targets,single_protein_pref_name,Tyrosine-protein kinase Blk,TYROSINE-PROTEIN KINASE BLK,rawtok_TYROSINE_PROTEIN_KINASE_BLK
AFATINIB,targets,single_protein_pref_name,Tyrosine-protein kinase FRK,TYROSINE-PROTEIN KINASE FRK,rawtok_TYROSINE_PROTEIN_KINASE_FRK
AFATINIB,targets,single_protein_pref_name,Tyrosine-protein kinase HCK,TYROSINE-PROTEIN KINASE HCK,rawtok_TYROSINE_PROTEIN_KINASE_HCK
AFATINIB,targets,single_protein_pref_name,Tyrosine-protein kinase Lck,TYROSINE-PROTEIN KINASE LCK,rawtok_TYROSINE_PROTEIN_KINASE_LCK
AFATINIB,targets,single_protein_pref_name,Tyrosine-protein kinase Lyn,TYROSINE-PROTEIN KINASE LYN,rawtok_TYROSINE_PROTEIN_KINASE_LYN
AFATINIB,targets,single_protein_pref_name,Tyrosine-protein kinase TXK,TYROSINE-PROTEIN KINASE TXK,rawtok_TYROSINE_PROTEIN_KINASE_TXK
AFATINIB,targets,single_protein_pref_name,Tyrosine-protein kinase receptor UFO,TYROSINE-PROTEIN KINASE RECEPTOR UFO,rawtok_TYROSINE_PROTEIN_KINASE_RECEPTOR_UFO
AFATINIB,targets,single_protein_pref_name,Voltage-gated inwardly rectifying potassium channel KCNH2,VOLTAGE-GATED INWARDLY RECTIFYING POTASSIUM CHANNEL KCNH2,rawtok_VOLTAGE_GATED_INWARDLY_RECTIFYING_POTASSIUM_CHANNEL_KCNH2
AXITINIB,targets,single_protein_pref_name,AP2-associated protein kinase 1,AP2-ASSOCIATED PROTEIN KINASE 1,rawtok_AP2_ASSOCIATED_PROTEIN_KINASE_1
AXITINIB,targets,single_protein_pref_name,Activated CDC42 kinase 1,ACTIVATED CDC42 KINASE 1,rawtok_ACTIVATED_CDC42_KINASE_1
AXITINIB,targets,single_protein_pref_name,Activin receptor type-2B,ACTIVIN RECEPTOR TYPE-2B,rawtok_ACTIVIN_RECEPTOR_TYPE_2B
AXITINIB,targets,single_protein_pref_name,Adenosine receptor A3,ADENOSINE RECEPTOR A3,rawtok_ADENOSINE_RECEPTOR_A3
AXITINIB,targets,single_protein_pref_name,Angiopoietin-1 receptor,ANGIOPOIETIN-1 RECEPTOR,rawtok_ANGIOPOIETIN_1_RECEPTOR
AXITINIB,targets,single_protein_pref_name,Ankyrin repeat and protein kinase domain-containing protein 1,ANKYRIN REPEAT AND PROTEIN KINASE DOMAIN-CONTAINING PROTEIN 1,rawtok_ANKYRIN_REPEAT_AND_PROTEIN_KINASE_DOMAIN_CONTAINING_PROTEIN_1
AXITINIB,targets,single_protein_pref_name,Aurora kinase A,AURORA KINASE A,rawtok_AURORA_KINASE_A
AXITINIB,targets,single_protein_pref_name,Aurora kinase B,AURORA KINASE B,rawtok_AURORA_KINASE_B
AXITINIB,targets,single_protein_pref_name,Aurora kinase C,AURORA KINASE C,rawtok_AURORA_KINASE_C
AXITINIB,targets,single_protein_pref_name,BMP-2-inducible protein kinase,BMP-2-INDUCIBLE PROTEIN KINASE,rawtok_BMP_2_INDUCIBLE_PROTEIN_KINASE
AXITINIB,targets,single_protein_pref_name,Bile salt export pump,BILE SALT EXPORT PUMP,rawtok_BILE_SALT_EXPORT_PUMP
AXITINIB,targets,single_protein_pref_name,Bone morphogenetic protein receptor type-1B,BONE MORPHOGENETIC PROTEIN RECEPTOR TYPE-1B,rawtok_BONE_MORPHOGENETIC_PROTEIN_RECEPTOR_TYPE_1B
AXITINIB,targets,single_protein_pref_name,Breakpoint cluster region protein,BREAKPOINT CLUSTER REGION PROTEIN,rawtok_BREAKPOINT_CLUSTER_REGION_PROTEIN
AXITINIB,targets,single_protein_pref_name,Calcium/calmodulin-dependent protein kinase kinase 1,CALCIUM/CALMODULIN-DEPENDENT PROTEIN KINASE KINASE 1,rawtok_CALCIUM_CALMODULIN_DEPENDENT_PROTEIN_KINASE_KINASE_1
AXITINIB,targets,single_protein_pref_name,Calcium/calmodulin-dependent protein kinase kinase 2,CALCIUM/CALMODULIN-DEPENDENT PROTEIN KINASE KINASE 2,rawtok_CALCIUM_CALMODULIN_DEPENDENT_PROTEIN_KINASE_KINASE_2
AXITINIB,targets,single_protein_pref_name,Casein kinase II subunit alpha',CASEIN KINASE II SUBUNIT ALPHA',rawtok_CASEIN_KINASE_II_SUBUNIT_ALPHA__2
AXITINIB,targets,single_protein_pref_name,Cyclin-G-associated kinase,CYCLIN-G-ASSOCIATED KINASE,rawtok_CYCLIN_G_ASSOCIATED_KINASE
AXITINIB,targets,single_protein_pref_name,Cyclin-dependent kinase 16,CYCLIN-DEPENDENT KINASE 16,rawtok_CYCLIN_DEPENDENT_KINASE_16
AXITINIB,targets,single_protein_pref_name,Cyclin-dependent kinase-like 2,CYCLIN-DEPENDENT KINASE-LIKE 2,rawtok_CYCLIN_DEPENDENT_KINASE_LIKE_2
AXITINIB,targets,single_protein_pref_name,Discoidin domain-containing receptor 2,DISCOIDIN DOMAIN-CONTAINING RECEPTOR 2,rawtok_DISCOIDIN_DOMAIN_CONTAINING_RECEPTOR_2
AXITINIB,targets,single_protein_pref_name,Dual specificity mitogen-activated protein kinase kinase 1,DUAL SPECIFICITY MITOGEN-ACTIVATED PROTEIN KINASE KINASE 1,rawtok_DUAL_SPECIFICITY_MITOGEN_ACTIVATED_PROTEIN_KINASE_KINASE_1
AXITINIB,targets,single_protein_pref_name,Dual specificity mitogen-activated protein kinase kinase 2,DUAL SPECIFICITY MITOGEN-ACTIVATED PROTEIN KINASE KINASE 2,rawtok_DUAL_SPECIFICITY_MITOGEN_ACTIVATED_PROTEIN_KINASE_KINASE_2
AXITINIB,targets,single_protein_pref_name,Dual specificity mitogen-activated protein kinase kinase 5,DUAL SPECIFICITY MITOGEN-ACTIVATED PROTEIN KINASE KINASE 5,rawtok_DUAL_SPECIFICITY_MITOGEN_ACTIVATED_PROTEIN_KINASE_KINASE_5
AXITINIB,targets,single_protein_pref_name,Dual specificity protein kinase TTK,DUAL SPECIFICITY PROTEIN KINASE TTK,rawtok_DUAL_SPECIFICITY_PROTEIN_KINASE_TTK
AXITINIB,targets,single_protein_pref_name,Dual specificity testis-specific protein kinase 1,DUAL SPECIFICITY TESTIS-SPECIFIC PROTEIN KINASE 1,rawtok_DUAL_SPECIFICITY_TESTIS_SPECIFIC_PROTEIN_KINASE_1
AXITINIB,targets,single_protein_pref_name,Ephrin type-B receptor 6,EPHRIN TYPE-B RECEPTOR 6,rawtok_EPHRIN_TYPE_B_RECEPTOR_6
AXITINIB,targets,single_protein_pref_name,Epidermal growth factor receptor,EPIDERMAL GROWTH FACTOR RECEPTOR,rawtok_EPIDERMAL_GROWTH_FACTOR_RECEPTOR
AXITINIB,targets,single_protein_pref_name,Epithelial discoidin domain-containing receptor 1,EPITHELIAL DISCOIDIN DOMAIN-CONTAINING RECEPTOR 1,rawtok_EPITHELIAL_DISCOIDIN_DOMAIN_CONTAINING_RECEPTOR_1
AXITINIB,targets,single_protein_pref_name,"Ferrochelatase, mitochondrial","FERROCHELATASE, MITOCHONDRIAL",rawtok_FERROCHELATASE_MITOCHONDRIAL
AXITINIB,targets,single_protein_pref_name,Fibroblast growth factor receptor 1,FIBROBLAST GROWTH FACTOR RECEPTOR 1,rawtok_FIBROBLAST_GROWTH_FACTOR_RECEPTOR_1
AXITINIB,targets,single_protein_pref_name,Fibroblast growth factor receptor 2,FIBROBLAST GROWTH FACTOR RECEPTOR 2,rawtok_FIBROBLAST_GROWTH_FACTOR_RECEPTOR_2
AXITINIB,targets,single_protein_pref_name,Fibroblast growth factor receptor 3,FIBROBLAST GROWTH FACTOR RECEPTOR 3,rawtok_FIBROBLAST_GROWTH_FACTOR_RECEPTOR_3
AXITINIB,targets,single_protein_pref_name,G protein-coupled receptor kinase 4,G PROTEIN-COUPLED RECEPTOR KINASE 4,rawtok_G_PROTEIN_COUPLED_RECEPTOR_KINASE_4
AXITINIB,targets,single_protein_pref_name,Hepatocyte growth factor receptor,HEPATOCYTE GROWTH FACTOR RECEPTOR,rawtok_HEPATOCYTE_GROWTH_FACTOR_RECEPTOR
AXITINIB,targets,single_protein_pref_name,High affinity nerve growth factor receptor,HIGH AFFINITY NERVE GROWTH FACTOR RECEPTOR,rawtok_HIGH_AFFINITY_NERVE_GROWTH_FACTOR_RECEPTOR
AXITINIB,targets,single_protein_pref_name,Histone deacetylase 6,HISTONE DEACETYLASE 6,rawtok_HISTONE_DEACETYLASE_6
AXITINIB,targets,single_protein_pref_name,Hormonally up-regulated neu tumor-associated kinase,HORMONALLY UP-REGULATED NEU TUMOR-ASSOCIATED KINASE,rawtok_HORMONALLY_UP_REGULATED_NEU_TUMOR_ASSOCIATED_KINASE
AXITINIB,targets,single_protein_pref_name,"Interferon-induced, double-stranded RNA-activated protein kinase","INTERFERON-INDUCED, DOUBLE-STRANDED RNA-ACTIVATED PROTEIN KINASE",rawtok_INTERFERON_INDUCED_DOUBLE_STRANDED_RNA_ACTIVATED_PROTEIN_KINASE
AXITINIB,targets,single_protein_pref_name,Interleukin-1 receptor-associated kinase 1,INTERLEUKIN-1 RECEPTOR-ASSOCIATED KINASE 1,rawtok_INTERLEUKIN_1_RECEPTOR_ASSOCIATED_KINASE_1
AXITINIB,targets,single_protein_pref_name,Leucine-rich repeat serine/threonine-protein kinase 2,LEUCINE-RICH REPEAT SERINE/THREONINE-PROTEIN KINASE 2,rawtok_LEUCINE_RICH_REPEAT_SERINE_THREONINE_PROTEIN_KINASE_2
AXITINIB,targets,single_protein_pref_name,Macrophage colony-stimulating factor 1 receptor,MACROPHAGE COLONY-STIMULATING FACTOR 1 RECEPTOR,rawtok_MACROPHAGE_COLONY_STIMULATING_FACTOR_1_RECEPTOR
AXITINIB,targets,single_protein_pref_name,Mast/stem cell growth factor receptor Kit,MAST/STEM CELL GROWTH FACTOR RECEPTOR KIT,rawtok_MAST_STEM_CELL_GROWTH_FACTOR_RECEPTOR_KIT
AXITINIB,targets,single_protein_pref_name,Misshapen-like kinase 1,MISSHAPEN-LIKE KINASE 1,rawtok_MISSHAPEN_LIKE_KINASE_1
AXITINIB,targets,single_protein_pref_name,Mitogen-activated protein kinase 10,MITOGEN-ACTIVATED PROTEIN KINASE 10,rawtok_MITOGEN_ACTIVATED_PROTEIN_KINASE_10
AXITINIB,targets,single_protein_pref_name,Mitogen-activated protein kinase 8,MITOGEN-ACTIVATED PROTEIN KINASE 8,rawtok_MITOGEN_ACTIVATED_PROTEIN_KINASE_8
AXITINIB,targets,single_protein_pref_name,Mitogen-activated protein kinase kinase kinase 12,MITOGEN-ACTIVATED PROTEIN KINASE KINASE KINASE 12,rawtok_MITOGEN_ACTIVATED_PROTEIN_KINASE_KINASE_KINASE_12
AXITINIB,targets,single_protein_pref_name,Mitogen-activated protein kinase kinase kinase 19,MITOGEN-ACTIVATED PROTEIN KINASE KINASE KINASE 19,rawtok_MITOGEN_ACTIVATED_PROTEIN_KINASE_KINASE_KINASE_19
AXITINIB,targets,single_protein_pref_name,Mitogen-activated protein kinase kinase kinase 20,MITOGEN-ACTIVATED PROTEIN KINASE KINASE KINASE 20,rawtok_MITOGEN_ACTIVATED_PROTEIN_KINASE_KINASE_KINASE_20
AXITINIB,targets,single_protein_pref_name,Mitogen-activated protein kinase kinase kinase 3,MITOGEN-ACTIVATED PROTEIN KINASE KINASE KINASE 3,rawtok_MITOGEN_ACTIVATED_PROTEIN_KINASE_KINASE_KINASE_3
AXITINIB,targets,single_protein_pref_name,Mitogen-activated protein kinase kinase kinase 4,MITOGEN-ACTIVATED PROTEIN KINASE KINASE KINASE 4,rawtok_MITOGEN_ACTIVATED_PROTEIN_KINASE_KINASE_KINASE_4
AXITINIB,targets,single_protein_pref_name,Mitogen-activated protein kinase kinase kinase 9,MITOGEN-ACTIVATED PROTEIN KINASE KINASE KINASE 9,rawtok_MITOGEN_ACTIVATED_PROTEIN_KINASE_KINASE_KINASE_9
AXITINIB,targets,single_protein_pref_name,Mitogen-activated protein kinase kinase kinase kinase 1,MITOGEN-ACTIVATED PROTEIN KINASE KINASE KINASE KINASE 1,rawtok_MITOGEN_ACTIVATED_PROTEIN_KINASE_KINASE_KINASE_KINASE_1
AXITINIB,targets,single_protein_pref_name,Mitogen-activated protein kinase kinase kinase kinase 2,MITOGEN-ACTIVATED PROTEIN KINASE KINASE KINASE KINASE 2,rawtok_MITOGEN_ACTIVATED_PROTEIN_KINASE_KINASE_KINASE_KINASE_2
AXITINIB,targets,single_protein_pref_name,Mitogen-activated protein kinase kinase kinase kinase 3,MITOGEN-ACTIVATED PROTEIN KINASE KINASE KINASE KINASE 3,rawtok_MITOGEN_ACTIVATED_PROTEIN_KINASE_KINASE_KINASE_KINASE_3
AXITINIB,targets,single_protein_pref_name,Mitogen-activated protein kinase kinase kinase kinase 4,MITOGEN-ACTIVATED PROTEIN KINASE KINASE KINASE KINASE 4,rawtok_MITOGEN_ACTIVATED_PROTEIN_KINASE_KINASE_KINASE_KINASE_4
AXITINIB,targets,single_protein_pref_name,Mitogen-activated protein kinase kinase kinase kinase 5,MITOGEN-ACTIVATED PROTEIN KINASE KINASE KINASE KINASE 5,rawtok_MITOGEN_ACTIVATED_PROTEIN_KINASE_KINASE_KINASE_KINASE_5
AXITINIB,targets,single_protein_pref_name,Muscarinic acetylcholine receptor M2,MUSCARINIC ACETYLCHOLINE RECEPTOR M2,rawtok_MUSCARINIC_ACETYLCHOLINE_RECEPTOR_M2
AXITINIB,targets,single_protein_pref_name,Myosin light chain kinase,MYOSIN LIGHT CHAIN KINASE,rawtok_MYOSIN_LIGHT_CHAIN_KINASE
AXITINIB,targets,single_protein_pref_name,"Myosin light chain kinase 2, skeletal/cardiac muscle","MYOSIN LIGHT CHAIN KINASE 2, SKELETAL/CARDIAC MUSCLE",rawtok_MYOSIN_LIGHT_CHAIN_KINASE_2_SKELETAL_CARDIAC_MUSCLE
AXITINIB,targets,single_protein_pref_name,Myosin-IIIa,MYOSIN-IIIA,rawtok_MYOSIN_IIIA
AXITINIB,targets,single_protein_pref_name,NUAK family SNF1-like kinase 2,NUAK FAMILY SNF1-LIKE KINASE 2,rawtok_NUAK_FAMILY_SNF1_LIKE_KINASE_2
AXITINIB,targets,single_protein_pref_name,Non-receptor tyrosine-protein kinase TNK1,NON-RECEPTOR TYROSINE-PROTEIN KINASE TNK1,rawtok_NON_RECEPTOR_TYROSINE_PROTEIN_KINASE_TNK1
AXITINIB,targets,single_protein_pref_name,Non-receptor tyrosine-protein kinase TYK2,NON-RECEPTOR TYROSINE-PROTEIN KINASE TYK2,rawtok_NON_RECEPTOR_TYROSINE_PROTEIN_KINASE_TYK2
AXITINIB,targets,single_protein_pref_name,Platelet-derived growth factor receptor alpha,PLATELET-DERIVED GROWTH FACTOR RECEPTOR ALPHA,rawtok_PLATELET_DERIVED_GROWTH_FACTOR_RECEPTOR_ALPHA
AXITINIB,targets,single_protein_pref_name,Platelet-derived growth factor receptor beta,PLATELET-DERIVED GROWTH FACTOR RECEPTOR BETA,rawtok_PLATELET_DERIVED_GROWTH_FACTOR_RECEPTOR_BETA
AXITINIB,targets,single_protein_pref_name,Protein delta homolog 1,PROTEIN DELTA HOMOLOG 1,rawtok_PROTEIN_DELTA_HOMOLOG_1
AXITINIB,targets,single_protein_pref_name,Proto-oncogene tyrosine-protein kinase ROS,PROTO-ONCOGENE TYROSINE-PROTEIN KINASE ROS,rawtok_PROTO_ONCOGENE_TYROSINE_PROTEIN_KINASE_ROS
AXITINIB,targets,single_protein_pref_name,Proto-oncogene tyrosine-protein kinase receptor Ret,PROTO-ONCOGENE TYROSINE-PROTEIN KINASE RECEPTOR RET,rawtok_PROTO_ONCOGENE_TYROSINE_PROTEIN_KINASE_RECEPTOR_RET
AXITINIB,targets,single_protein_pref_name,Receptor-interacting serine/threonine-protein kinase 1,RECEPTOR-INTERACTING SERINE/THREONINE-PROTEIN KINASE 1,rawtok_RECEPTOR_INTERACTING_SERINE_THREONINE_PROTEIN_KINASE_1
AXITINIB,targets,single_protein_pref_name,Receptor-interacting serine/threonine-protein kinase 2,RECEPTOR-INTERACTING SERINE/THREONINE-PROTEIN KINASE 2,rawtok_RECEPTOR_INTERACTING_SERINE_THREONINE_PROTEIN_KINASE_2
AXITINIB,targets,single_protein_pref_name,Receptor-interacting serine/threonine-protein kinase 4,RECEPTOR-INTERACTING SERINE/THREONINE-PROTEIN KINASE 4,rawtok_RECEPTOR_INTERACTING_SERINE_THREONINE_PROTEIN_KINASE_4
AXITINIB,targets,single_protein_pref_name,Receptor-type tyrosine-protein kinase FLT3,RECEPTOR-TYPE TYROSINE-PROTEIN KINASE FLT3,rawtok_RECEPTOR_TYPE_TYROSINE_PROTEIN_KINASE_FLT3
AXITINIB,targets,single_protein_pref_name,SRSF protein kinase 1,SRSF PROTEIN KINASE 1,rawtok_SRSF_PROTEIN_KINASE_1
AXITINIB,targets,single_protein_pref_name,SRSF protein kinase 3,SRSF PROTEIN KINASE 3,rawtok_SRSF_PROTEIN_KINASE_3
AXITINIB,targets,single_protein_pref_name,STE20-like serine/threonine-protein kinase,STE20-LIKE SERINE/THREONINE-PROTEIN KINASE,rawtok_STE20_LIKE_SERINE_THREONINE_PROTEIN_KINASE
AXITINIB,targets,single_protein_pref_name,Serine/threonine-protein kinase 10,SERINE/THREONINE-PROTEIN KINASE 10,rawtok_SERINE_THREONINE_PROTEIN_KINASE_10
AXITINIB,targets,single_protein_pref_name,Serine/threonine-protein kinase 16,SERINE/THREONINE-PROTEIN KINASE 16,rawtok_SERINE_THREONINE_PROTEIN_KINASE_16
AXITINIB,targets,single_protein_pref_name,Serine/threonine-protein kinase 3,SERINE/THREONINE-PROTEIN KINASE 3,rawtok_SERINE_THREONINE_PROTEIN_KINASE_3
AXITINIB,targets,single_protein_pref_name,Serine/threonine-protein kinase 4,SERINE/THREONINE-PROTEIN KINASE 4,rawtok_SERINE_THREONINE_PROTEIN_KINASE_4
AXITINIB,targets,single_protein_pref_name,Serine/threonine-protein kinase MRCK beta,SERINE/THREONINE-PROTEIN KINASE MRCK BETA,rawtok_SERINE_THREONINE_PROTEIN_KINASE_MRCK_BETA
AXITINIB,targets,single_protein_pref_name,Serine/threonine-protein kinase N2,SERINE/THREONINE-PROTEIN KINASE N2,rawtok_SERINE_THREONINE_PROTEIN_KINASE_N2
AXITINIB,targets,single_protein_pref_name,Serine/threonine-protein kinase PAK 4,SERINE/THREONINE-PROTEIN KINASE PAK 4,rawtok_SERINE_THREONINE_PROTEIN_KINASE_PAK_4
AXITINIB,targets,single_protein_pref_name,Serine/threonine-protein kinase PLK4,SERINE/THREONINE-PROTEIN KINASE PLK4,rawtok_SERINE_THREONINE_PROTEIN_KINASE_PLK4
AXITINIB,targets,single_protein_pref_name,Serine/threonine-protein kinase RIO1,SERINE/THREONINE-PROTEIN KINASE RIO1,rawtok_SERINE_THREONINE_PROTEIN_KINASE_RIO1
AXITINIB,targets,single_protein_pref_name,Serine/threonine-protein kinase RIO3,SERINE/THREONINE-PROTEIN KINASE RIO3,rawtok_SERINE_THREONINE_PROTEIN_KINASE_RIO3
AXITINIB,targets,single_protein_pref_name,Serine/threonine-protein kinase SIK1,SERINE/THREONINE-PROTEIN KINASE SIK1,rawtok_SERINE_THREONINE_PROTEIN_KINASE_SIK1
AXITINIB,targets,single_protein_pref_name,Serine/threonine-protein kinase ULK2,SERINE/THREONINE-PROTEIN KINASE ULK2,rawtok_SERINE_THREONINE_PROTEIN_KINASE_ULK2
AXITINIB,targets,single_protein_pref_name,Serine/threonine-protein kinase ULK3,SERINE/THREONINE-PROTEIN KINASE ULK3,rawtok_SERINE_THREONINE_PROTEIN_KINASE_ULK3
AXITINIB,targets,single_protein_pref_name,Sodium-dependent dopamine transporter,SODIUM-DEPENDENT DOPAMINE TRANSPORTER,rawtok_SODIUM_DEPENDENT_DOPAMINE_TRANSPORTER
AXITINIB,targets,single_protein_pref_name,TRAF2 and NCK-interacting protein kinase,TRAF2 AND NCK-INTERACTING PROTEIN KINASE,rawtok_TRAF2_AND_NCK_INTERACTING_PROTEIN_KINASE
AXITINIB,targets,single_protein_pref_name,Thromboxane A2 receptor,THROMBOXANE A2 RECEPTOR,rawtok_THROMBOXANE_A2_RECEPTOR
AXITINIB,targets,single_protein_pref_name,Tyrosine-protein kinase ABL1,TYROSINE-PROTEIN KINASE ABL1,rawtok_TYROSINE_PROTEIN_KINASE_ABL1
AXITINIB,targets,single_protein_pref_name,Tyrosine-protein kinase ABL2,TYROSINE-PROTEIN KINASE ABL2,rawtok_TYROSINE_PROTEIN_KINASE_ABL2
AXITINIB,targets,single_protein_pref_name,Tyrosine-protein kinase Blk,TYROSINE-PROTEIN KINASE BLK,rawtok_TYROSINE_PROTEIN_KINASE_BLK
AXITINIB,targets,single_protein_pref_name,Tyrosine-protein kinase CSK,TYROSINE-PROTEIN KINASE CSK,rawtok_TYROSINE_PROTEIN_KINASE_CSK
AXITINIB,targets,single_protein_pref_name,Tyrosine-protein kinase Fgr,TYROSINE-PROTEIN KINASE FGR,rawtok_TYROSINE_PROTEIN_KINASE_FGR
AXITINIB,targets,single_protein_pref_name,Tyrosine-protein kinase ITK/TSK,TYROSINE-PROTEIN KINASE ITK/TSK,rawtok_TYROSINE_PROTEIN_KINASE_ITK_TSK
AXITINIB,targets,single_protein_pref_name,Tyrosine-protein kinase JAK2,TYROSINE-PROTEIN KINASE JAK2,rawtok_TYROSINE_PROTEIN_KINASE_JAK2
AXITINIB,targets,single_protein_pref_name,Tyrosine-protein kinase JAK3,TYROSINE-PROTEIN KINASE JAK3,rawtok_TYROSINE_PROTEIN_KINASE_JAK3
AXITINIB,targets,single_protein_pref_name,Tyrosine-protein kinase Lck,TYROSINE-PROTEIN KINASE LCK,rawtok_TYROSINE_PROTEIN_KINASE_LCK
AXITINIB,targets,single_protein_pref_name,Tyrosine-protein kinase Mer,TYROSINE-PROTEIN KINASE MER,rawtok_TYROSINE_PROTEIN_KINASE_MER
AXITINIB,targets,single_protein_pref_name,Tyrosine-protein kinase TXK,TYROSINE-PROTEIN KINASE TXK,rawtok_TYROSINE_PROTEIN_KINASE_TXK
AXITINIB,targets,single_protein_pref_name,Tyrosine-protein kinase Yes,TYROSINE-PROTEIN KINASE YES,rawtok_TYROSINE_PROTEIN_KINASE_YES
AXITINIB,targets,single_protein_pref_name,Tyrosine-protein kinase receptor Tie-1,TYROSINE-PROTEIN KINASE RECEPTOR TIE-1,rawtok_TYROSINE_PROTEIN_KINASE_RECEPTOR_TIE_1
AXITINIB,targets,single_protein_pref_name,Tyrosine-protein kinase receptor UFO,TYROSINE-PROTEIN KINASE RECEPTOR UFO,rawtok_TYROSINE_PROTEIN_KINASE_RECEPTOR_UFO
AXITINIB,targets,single_protein_pref_name,Uncharacterized protein FLJ45252,UNCHARACTERIZED PROTEIN FLJ45252,rawtok_UNCHARACTERIZED_PROTEIN_FLJ45252
AXITINIB,targets,single_protein_pref_name,Vascular endothelial growth factor receptor 1,VASCULAR ENDOTHELIAL GROWTH FACTOR RECEPTOR 1,rawtok_VASCULAR_ENDOTHELIAL_GROWTH_FACTOR_RECEPTOR_1
AXITINIB,targets,single_protein_pref_name,Vascular endothelial growth factor receptor 2,VASCULAR ENDOTHELIAL GROWTH FACTOR RECEPTOR 2,rawtok_VASCULAR_ENDOTHELIAL_GROWTH_FACTOR_RECEPTOR_2
AXITINIB,targets,single_protein_pref_name,Vascular endothelial growth factor receptor 3,VASCULAR ENDOTHELIAL GROWTH FACTOR RECEPTOR 3,rawtok_VASCULAR_ENDOTHELIAL_GROWTH_FACTOR_RECEPTOR_3
AZD4547,targets,single_protein_pref_name,Activated CDC42 kinase 1,ACTIVATED CDC42 KINASE 1,rawtok_ACTIVATED_CDC42_KINASE_1
AZD4547,targets,single_protein_pref_name,Aurora kinase B,AURORA KINASE B,rawtok_AURORA_KINASE_B
AZD4547,targets,single_protein_pref_name,Discoidin domain-containing receptor 2,DISCOIDIN DOMAIN-CONTAINING RECEPTOR 2,rawtok_DISCOIDIN_DOMAIN_CONTAINING_RECEPTOR_2
AZD4547,targets,single_protein_pref_name,Epithelial discoidin domain-containing receptor 1,EPITHELIAL DISCOIDIN DOMAIN-CONTAINING RECEPTOR 1,rawtok_EPITHELIAL_DISCOIDIN_DOMAIN_CONTAINING_RECEPTOR_1
AZD4547,targets,single_protein_pref_name,Eukaryotic translation initiation factor 2-alpha kinase 1,EUKARYOTIC TRANSLATION INITIATION FACTOR 2-ALPHA KINASE 1,rawtok_EUKARYOTIC_TRANSLATION_INITIATION_FACTOR_2_ALPHA_KINASE_1
AZD4547,targets,single_protein_pref_name,Fibroblast growth factor receptor 1,FIBROBLAST GROWTH FACTOR RECEPTOR 1,rawtok_FIBROBLAST_GROWTH_FACTOR_RECEPTOR_1
AZD4547,targets,single_protein_pref_name,High affinity nerve growth factor receptor,HIGH AFFINITY NERVE GROWTH FACTOR RECEPTOR,rawtok_HIGH_AFFINITY_NERVE_GROWTH_FACTOR_RECEPTOR
AZD4547,targets,single_protein_pref_name,MAP/microtubule affinity-regulating kinase 3,MAP/MICROTUBULE AFFINITY-REGULATING KINASE 3,rawtok_MAP_MICROTUBULE_AFFINITY_REGULATING_KINASE_3
AZD4547,targets,single_protein_pref_name,Mitogen-activated protein kinase kinase kinase 11,MITOGEN-ACTIVATED PROTEIN KINASE KINASE KINASE 11,rawtok_MITOGEN_ACTIVATED_PROTEIN_KINASE_KINASE_KINASE_11
AZD4547,targets,single_protein_pref_name,Mitogen-activated protein kinase kinase kinase 20,MITOGEN-ACTIVATED PROTEIN KINASE KINASE KINASE 20,rawtok_MITOGEN_ACTIVATED_PROTEIN_KINASE_KINASE_KINASE_20
AZD4547,targets,single_protein_pref_name,Mitogen-activated protein kinase kinase kinase kinase 1,MITOGEN-ACTIVATED PROTEIN KINASE KINASE KINASE KINASE 1,rawtok_MITOGEN_ACTIVATED_PROTEIN_KINASE_KINASE_KINASE_KINASE_1
AZD4547,targets,single_protein_pref_name,Mitogen-activated protein kinase kinase kinase kinase 2,MITOGEN-ACTIVATED PROTEIN KINASE KINASE KINASE KINASE 2,rawtok_MITOGEN_ACTIVATED_PROTEIN_KINASE_KINASE_KINASE_KINASE_2
AZD4547,targets,single_protein_pref_name,Mitogen-activated protein kinase kinase kinase kinase 3,MITOGEN-ACTIVATED PROTEIN KINASE KINASE KINASE KINASE 3,rawtok_MITOGEN_ACTIVATED_PROTEIN_KINASE_KINASE_KINASE_KINASE_3
AZD4547,targets,single_protein_pref_name,Mitogen-activated protein kinase kinase kinase kinase 5,MITOGEN-ACTIVATED PROTEIN KINASE KINASE KINASE KINASE 5,rawtok_MITOGEN_ACTIVATED_PROTEIN_KINASE_KINASE_KINASE_KINASE_5
AZD4547,targets,single_protein_pref_name,Platelet-derived growth factor receptor beta,PLATELET-DERIVED GROWTH FACTOR RECEPTOR BETA,rawtok_PLATELET_DERIVED_GROWTH_FACTOR_RECEPTOR_BETA
AZD4547,targets,single_protein_pref_name,Proto-oncogene tyrosine-protein kinase receptor Ret,PROTO-ONCOGENE TYROSINE-PROTEIN KINASE RECEPTOR RET,rawtok_PROTO_ONCOGENE_TYROSINE_PROTEIN_KINASE_RECEPTOR_RET
AZD4547,targets,single_protein_pref_name,Serine/threonine-protein kinase 26,SERINE/THREONINE-PROTEIN KINASE 26,rawtok_SERINE_THREONINE_PROTEIN_KINASE_26
AZD4547,targets,single_protein_pref_name,Serine/threonine-protein kinase MARK2,SERINE/THREONINE-PROTEIN KINASE MARK2,rawtok_SERINE_THREONINE_PROTEIN_KINASE_MARK2
AZD4547,targets,single_protein_pref_name,TRAF2 and NCK-interacting protein kinase,TRAF2 AND NCK-INTERACTING PROTEIN KINASE,rawtok_TRAF2_AND_NCK_INTERACTING_PROTEIN_KINASE
AZD6738,targets,single_protein_pref_name,DNA-dependent protein kinase catalytic subunit,DNA-DEPENDENT PROTEIN KINASE CATALYTIC SUBUNIT,rawtok_DNA_DEPENDENT_PROTEIN_KINASE_CATALYTIC_SUBUNIT
AZD6738,targets,single_protein_pref_name,Serine/threonine-protein kinase ATR,SERINE/THREONINE-PROTEIN KINASE ATR,rawtok_SERINE_THREONINE_PROTEIN_KINASE_ATR
AZD6738,targets,single_protein_pref_name,Serine/threonine-protein kinase mTOR,SERINE/THREONINE-PROTEIN KINASE MTOR,rawtok_SERINE_THREONINE_PROTEIN_KINASE_MTOR
AZD6738,targets,single_protein_pref_name,Transcription initiation factor TFIID subunit 1,TRANSCRIPTION INITIATION FACTOR TFIID SUBUNIT 1,rawtok_TRANSCRIPTION_INITIATION_FACTOR_TFIID_SUBUNIT_1
AZD7762,targets,single_protein_pref_name,5'-AMP-activated protein kinase catalytic subunit alpha-1,5'-AMP-ACTIVATED PROTEIN KINASE CATALYTIC SUBUNIT ALPHA-1,rawtok_5_AMP_ACTIVATED_PROTEIN_KINASE_CATALYTIC_SUBUNIT_ALPHA_1
AZD7762,targets,single_protein_pref_name,5'-AMP-activated protein kinase subunit gamma-1,5'-AMP-ACTIVATED PROTEIN KINASE SUBUNIT GAMMA-1,rawtok_5_AMP_ACTIVATED_PROTEIN_KINASE_SUBUNIT_GAMMA_1
AZD7762,targets,single_protein_pref_name,5'-AMP-activated protein kinase subunit gamma-2,5'-AMP-ACTIVATED PROTEIN KINASE SUBUNIT GAMMA-2,rawtok_5_AMP_ACTIVATED_PROTEIN_KINASE_SUBUNIT_GAMMA_2
AZD7762,targets,single_protein_pref_name,AP2-associated protein kinase 1,AP2-ASSOCIATED PROTEIN KINASE 1,rawtok_AP2_ASSOCIATED_PROTEIN_KINASE_1
AZD7762,targets,single_protein_pref_name,Activated CDC42 kinase 1,ACTIVATED CDC42 KINASE 1,rawtok_ACTIVATED_CDC42_KINASE_1
AZD7762,targets,single_protein_pref_name,Activin receptor type-2B,ACTIVIN RECEPTOR TYPE-2B,rawtok_ACTIVIN_RECEPTOR_TYPE_2B
AZD7762,targets,single_protein_pref_name,Aurora kinase B,AURORA KINASE B,rawtok_AURORA_KINASE_B
AZD7762,targets,single_protein_pref_name,BMP-2-inducible protein kinase,BMP-2-INDUCIBLE PROTEIN KINASE,rawtok_BMP_2_INDUCIBLE_PROTEIN_KINASE
AZD7762,targets,single_protein_pref_name,Breakpoint cluster region protein,BREAKPOINT CLUSTER REGION PROTEIN,rawtok_BREAKPOINT_CLUSTER_REGION_PROTEIN
AZD7762,targets,single_protein_pref_name,Casein kinase II subunit alpha',CASEIN KINASE II SUBUNIT ALPHA',rawtok_CASEIN_KINASE_II_SUBUNIT_ALPHA__2
AZD7762,targets,single_protein_pref_name,Cyclin-G-associated kinase,CYCLIN-G-ASSOCIATED KINASE,rawtok_CYCLIN_G_ASSOCIATED_KINASE
AZD7762,targets,single_protein_pref_name,Cyclin-dependent kinase 3,CYCLIN-DEPENDENT KINASE 3,rawtok_CYCLIN_DEPENDENT_KINASE_3
AZD7762,targets,single_protein_pref_name,Dual specificity mitogen-activated protein kinase kinase 1,DUAL SPECIFICITY MITOGEN-ACTIVATED PROTEIN KINASE KINASE 1,rawtok_DUAL_SPECIFICITY_MITOGEN_ACTIVATED_PROTEIN_KINASE_KINASE_1
AZD7762,targets,single_protein_pref_name,Dual specificity mitogen-activated protein kinase kinase 2,DUAL SPECIFICITY MITOGEN-ACTIVATED PROTEIN KINASE KINASE 2,rawtok_DUAL_SPECIFICITY_MITOGEN_ACTIVATED_PROTEIN_KINASE_KINASE_2
AZD7762,targets,single_protein_pref_name,Dual specificity mitogen-activated protein kinase kinase 5,DUAL SPECIFICITY MITOGEN-ACTIVATED PROTEIN KINASE KINASE 5,rawtok_DUAL_SPECIFICITY_MITOGEN_ACTIVATED_PROTEIN_KINASE_KINASE_5
AZD7762,targets,single_protein_pref_name,Dual specificity tyrosine-phosphorylation-regulated kinase 1A,DUAL SPECIFICITY TYROSINE-PHOSPHORYLATION-REGULATED KINASE 1A,rawtok_DUAL_SPECIFICITY_TYROSINE_PHOSPHORYLATION_REGULATED_KINASE_1A
AZD7762,targets,single_protein_pref_name,Epidermal growth factor receptor,EPIDERMAL GROWTH FACTOR RECEPTOR,rawtok_EPIDERMAL_GROWTH_FACTOR_RECEPTOR
AZD7762,targets,single_protein_pref_name,Focal adhesion kinase 1,FOCAL ADHESION KINASE 1,rawtok_FOCAL_ADHESION_KINASE_1
AZD7762,targets,single_protein_pref_name,Interleukin-1 receptor-associated kinase 4,INTERLEUKIN-1 RECEPTOR-ASSOCIATED KINASE 4,rawtok_INTERLEUKIN_1_RECEPTOR_ASSOCIATED_KINASE_4
AZD7762,targets,single_protein_pref_name,MAP/microtubule affinity-regulating kinase 3,MAP/MICROTUBULE AFFINITY-REGULATING KINASE 3,rawtok_MAP_MICROTUBULE_AFFINITY_REGULATING_KINASE_3
AZD7762,targets,single_protein_pref_name,MAP/microtubule affinity-regulating kinase 4,MAP/MICROTUBULE AFFINITY-REGULATING KINASE 4,rawtok_MAP_MICROTUBULE_AFFINITY_REGULATING_KINASE_4
AZD7762,targets,single_protein_pref_name,Maternal embryonic leucine zipper kinase,MATERNAL EMBRYONIC LEUCINE ZIPPER KINASE,rawtok_MATERNAL_EMBRYONIC_LEUCINE_ZIPPER_KINASE
AZD7762,targets,single_protein_pref_name,Mitogen-activated protein kinase kinase kinase 11,MITOGEN-ACTIVATED PROTEIN KINASE KINASE KINASE 11,rawtok_MITOGEN_ACTIVATED_PROTEIN_KINASE_KINASE_KINASE_11
AZD7762,targets,single_protein_pref_name,Mitogen-activated protein kinase kinase kinase kinase 1,MITOGEN-ACTIVATED PROTEIN KINASE KINASE KINASE KINASE 1,rawtok_MITOGEN_ACTIVATED_PROTEIN_KINASE_KINASE_KINASE_KINASE_1
AZD7762,targets,single_protein_pref_name,Mitogen-activated protein kinase kinase kinase kinase 2,MITOGEN-ACTIVATED PROTEIN KINASE KINASE KINASE KINASE 2,rawtok_MITOGEN_ACTIVATED_PROTEIN_KINASE_KINASE_KINASE_KINASE_2
AZD7762,targets,single_protein_pref_name,Mitogen-activated protein kinase kinase kinase kinase 3,MITOGEN-ACTIVATED PROTEIN KINASE KINASE KINASE KINASE 3,rawtok_MITOGEN_ACTIVATED_PROTEIN_KINASE_KINASE_KINASE_KINASE_3
AZD7762,targets,single_protein_pref_name,Mitogen-activated protein kinase kinase kinase kinase 4,MITOGEN-ACTIVATED PROTEIN KINASE KINASE KINASE KINASE 4,rawtok_MITOGEN_ACTIVATED_PROTEIN_KINASE_KINASE_KINASE_KINASE_4
AZD7762,targets,single_protein_pref_name,Mitogen-activated protein kinase kinase kinase kinase 5,MITOGEN-ACTIVATED PROTEIN KINASE KINASE KINASE KINASE 5,rawtok_MITOGEN_ACTIVATED_PROTEIN_KINASE_KINASE_KINASE_KINASE_5
AZD7762,targets,single_protein_pref_name,Myosin light chain kinase,MYOSIN LIGHT CHAIN KINASE,rawtok_MYOSIN_LIGHT_CHAIN_KINASE
AZD7762,targets,single_protein_pref_name,Platelet-derived growth factor receptor beta,PLATELET-DERIVED GROWTH FACTOR RECEPTOR BETA,rawtok_PLATELET_DERIVED_GROWTH_FACTOR_RECEPTOR_BETA
AZD7762,targets,single_protein_pref_name,Protein kinase C delta type,PROTEIN KINASE C DELTA TYPE,rawtok_PROTEIN_KINASE_C_DELTA_TYPE
AZD7762,targets,single_protein_pref_name,Protein-tyrosine kinase 2-beta,PROTEIN-TYROSINE KINASE 2-BETA,rawtok_PROTEIN_TYROSINE_KINASE_2_BETA
AZD7762,targets,single_protein_pref_name,Protein-tyrosine kinase 6,PROTEIN-TYROSINE KINASE 6,rawtok_PROTEIN_TYROSINE_KINASE_6
AZD7762,targets,single_protein_pref_name,Proto-oncogene tyrosine-protein kinase Src,PROTO-ONCOGENE TYROSINE-PROTEIN KINASE SRC,rawtok_PROTO_ONCOGENE_TYROSINE_PROTEIN_KINASE_SRC
AZD7762,targets,single_protein_pref_name,Proto-oncogene tyrosine-protein kinase receptor Ret,PROTO-ONCOGENE TYROSINE-PROTEIN KINASE RECEPTOR RET,rawtok_PROTO_ONCOGENE_TYROSINE_PROTEIN_KINASE_RECEPTOR_RET
AZD7762,targets,single_protein_pref_name,Ribosomal protein S6 kinase alpha-4,RIBOSOMAL PROTEIN S6 KINASE ALPHA-4,rawtok_RIBOSOMAL_PROTEIN_S6_KINASE_ALPHA_4
AZD7762,targets,single_protein_pref_name,Ribosomal protein S6 kinase alpha-6,RIBOSOMAL PROTEIN S6 KINASE ALPHA-6,rawtok_RIBOSOMAL_PROTEIN_S6_KINASE_ALPHA_6
AZD7762,targets,single_protein_pref_name,STE20-like serine/threonine-protein kinase,STE20-LIKE SERINE/THREONINE-PROTEIN KINASE,rawtok_STE20_LIKE_SERINE_THREONINE_PROTEIN_KINASE
AZD7762,targets,single_protein_pref_name,Serine/threonine-protein kinase 10,SERINE/THREONINE-PROTEIN KINASE 10,rawtok_SERINE_THREONINE_PROTEIN_KINASE_10
AZD7762,targets,single_protein_pref_name,Serine/threonine-protein kinase 3,SERINE/THREONINE-PROTEIN KINASE 3,rawtok_SERINE_THREONINE_PROTEIN_KINASE_3
AZD7762,targets,single_protein_pref_name,Serine/threonine-protein kinase 4,SERINE/THREONINE-PROTEIN KINASE 4,rawtok_SERINE_THREONINE_PROTEIN_KINASE_4
AZD7762,targets,single_protein_pref_name,Serine/threonine-protein kinase Chk1,SERINE/THREONINE-PROTEIN KINASE CHK1,rawtok_SERINE_THREONINE_PROTEIN_KINASE_CHK1
AZD7762,targets,single_protein_pref_name,Serine/threonine-protein kinase D2,SERINE/THREONINE-PROTEIN KINASE D2,rawtok_SERINE_THREONINE_PROTEIN_KINASE_D2
AZD7762,targets,single_protein_pref_name,Serine/threonine-protein kinase D3,SERINE/THREONINE-PROTEIN KINASE D3,rawtok_SERINE_THREONINE_PROTEIN_KINASE_D3
AZD7762,targets,single_protein_pref_name,Serine/threonine-protein kinase MARK2,SERINE/THREONINE-PROTEIN KINASE MARK2,rawtok_SERINE_THREONINE_PROTEIN_KINASE_MARK2
AZD7762,targets,single_protein_pref_name,Serine/threonine-protein kinase N1,SERINE/THREONINE-PROTEIN KINASE N1,rawtok_SERINE_THREONINE_PROTEIN_KINASE_N1
AZD7762,targets,single_protein_pref_name,Serine/threonine-protein kinase N2,SERINE/THREONINE-PROTEIN KINASE N2,rawtok_SERINE_THREONINE_PROTEIN_KINASE_N2
AZD7762,targets,single_protein_pref_name,Serine/threonine-protein kinase PAK 4,SERINE/THREONINE-PROTEIN KINASE PAK 4,rawtok_SERINE_THREONINE_PROTEIN_KINASE_PAK_4
AZD7762,targets,single_protein_pref_name,Serine/threonine-protein kinase PLK4,SERINE/THREONINE-PROTEIN KINASE PLK4,rawtok_SERINE_THREONINE_PROTEIN_KINASE_PLK4
AZD7762,targets,single_protein_pref_name,Serine/threonine-protein kinase SIK2,SERINE/THREONINE-PROTEIN KINASE SIK2,rawtok_SERINE_THREONINE_PROTEIN_KINASE_SIK2
AZD7762,targets,single_protein_pref_name,Serine/threonine-protein kinase SIK3,SERINE/THREONINE-PROTEIN KINASE SIK3,rawtok_SERINE_THREONINE_PROTEIN_KINASE_SIK3
AZD7762,targets,single_protein_pref_name,Serine/threonine-protein kinase ULK1,SERINE/THREONINE-PROTEIN KINASE ULK1,rawtok_SERINE_THREONINE_PROTEIN_KINASE_ULK1
AZD7762,targets,single_protein_pref_name,Serine/threonine-protein kinase ULK3,SERINE/THREONINE-PROTEIN KINASE ULK3,rawtok_SERINE_THREONINE_PROTEIN_KINASE_ULK3
AZD7762,targets,single_protein_pref_name,TRAF2 and NCK-interacting protein kinase,TRAF2 AND NCK-INTERACTING PROTEIN KINASE,rawtok_TRAF2_AND_NCK_INTERACTING_PROTEIN_KINASE
AZD7762,targets,single_protein_pref_name,Tyrosine-protein kinase ABL1,TYROSINE-PROTEIN KINASE ABL1,rawtok_TYROSINE_PROTEIN_KINASE_ABL1
AZD7762,targets,single_protein_pref_name,Tyrosine-protein kinase ABL2,TYROSINE-PROTEIN KINASE ABL2,rawtok_TYROSINE_PROTEIN_KINASE_ABL2
AZD7762,targets,single_protein_pref_name,Tyrosine-protein kinase BTK,TYROSINE-PROTEIN KINASE BTK,rawtok_TYROSINE_PROTEIN_KINASE_BTK
AZD7762,targets,single_protein_pref_name,Tyrosine-protein kinase CSK,TYROSINE-PROTEIN KINASE CSK,rawtok_TYROSINE_PROTEIN_KINASE_CSK
AZD7762,targets,single_protein_pref_name,Tyrosine-protein kinase FRK,TYROSINE-PROTEIN KINASE FRK,rawtok_TYROSINE_PROTEIN_KINASE_FRK
AZD7762,targets,single_protein_pref_name,Tyrosine-protein kinase Fer,TYROSINE-PROTEIN KINASE FER,rawtok_TYROSINE_PROTEIN_KINASE_FER
AZD7762,targets,single_protein_pref_name,Tyrosine-protein kinase Fes/Fps,TYROSINE-PROTEIN KINASE FES/FPS,rawtok_TYROSINE_PROTEIN_KINASE_FES_FPS
AZD7762,targets,single_protein_pref_name,Tyrosine-protein kinase Fyn,TYROSINE-PROTEIN KINASE FYN,rawtok_TYROSINE_PROTEIN_KINASE_FYN
AZD7762,targets,single_protein_pref_name,Tyrosine-protein kinase HCK,TYROSINE-PROTEIN KINASE HCK,rawtok_TYROSINE_PROTEIN_KINASE_HCK
AZD7762,targets,single_protein_pref_name,Tyrosine-protein kinase JAK2,TYROSINE-PROTEIN KINASE JAK2,rawtok_TYROSINE_PROTEIN_KINASE_JAK2
AZD7762,targets,single_protein_pref_name,Tyrosine-protein kinase Lck,TYROSINE-PROTEIN KINASE LCK,rawtok_TYROSINE_PROTEIN_KINASE_LCK
AZD7762,targets,single_protein_pref_name,Tyrosine-protein kinase Lyn,TYROSINE-PROTEIN KINASE LYN,rawtok_TYROSINE_PROTEIN_KINASE_LYN
AZD7762,targets,single_protein_pref_name,Tyrosine-protein kinase SYK,TYROSINE-PROTEIN KINASE SYK,rawtok_TYROSINE_PROTEIN_KINASE_SYK
AZD7762,targets,single_protein_pref_name,Tyrosine-protein kinase Tec,TYROSINE-PROTEIN KINASE TEC,rawtok_TYROSINE_PROTEIN_KINASE_TEC
AZD7762,targets,single_protein_pref_name,Tyrosine-protein kinase Yes,TYROSINE-PROTEIN KINASE YES,rawtok_TYROSINE_PROTEIN_KINASE_YES
AZD7762,targets,single_protein_pref_name,Uncharacterized protein FLJ45252,UNCHARACTERIZED PROTEIN FLJ45252,rawtok_UNCHARACTERIZED_PROTEIN_FLJ45252
AZD7762,targets,single_protein_pref_name,Voltage-gated inwardly rectifying potassium channel KCNH2,VOLTAGE-GATED INWARDLY RECTIFYING POTASSIUM CHANNEL KCNH2,rawtok_VOLTAGE_GATED_INWARDLY_RECTIFYING_POTASSIUM_CHANNEL_KCNH2
AZD8186,targets,single_protein_pref_name,DNA topoisomerase 2-beta,DNA TOPOISOMERASE 2-BETA,rawtok_DNA_TOPOISOMERASE_2_BETA
AZD8186,targets,single_protein_pref_name,"Phosphatidylinositol 4,5-bisphosphate 3-kinase catalytic subunit alpha isoform","PHOSPHATIDYLINOSITOL 4,5-BISPHOSPHATE 3-KINASE CATALYTIC SUBUNIT ALPHA ISOFORM",rawtok_PHOSPHATIDYLINOSITOL_4_5_BISPHOSPHATE_3_KINASE_CATALYTIC_SUBUNIT_ALPHA_I
AZD8186,targets,single_protein_pref_name,"Phosphatidylinositol 4,5-bisphosphate 3-kinase catalytic subunit beta isoform","PHOSPHATIDYLINOSITOL 4,5-BISPHOSPHATE 3-KINASE CATALYTIC SUBUNIT BETA ISOFORM",rawtok_PHOSPHATIDYLINOSITOL_4_5_BISPHOSPHATE_3_KINASE_CATALYTIC_SUBUNIT_BETA_IS
AZD8186,targets,single_protein_pref_name,"Phosphatidylinositol 4,5-bisphosphate 3-kinase catalytic subunit delta isoform","PHOSPHATIDYLINOSITOL 4,5-BISPHOSPHATE 3-KINASE CATALYTIC SUBUNIT DELTA ISOFORM",rawtok_PHOSPHATIDYLINOSITOL_4_5_BISPHOSPHATE_3_KINASE_CATALYTIC_SUBUNIT_DELTA_I
AZD8186,targets,single_protein_pref_name,"Phosphatidylinositol 4,5-bisphosphate 3-kinase catalytic subunit gamma isoform","PHOSPHATIDYLINOSITOL 4,5-BISPHOSPHATE 3-KINASE CATALYTIC SUBUNIT GAMMA ISOFORM",rawtok_PHOSPHATIDYLINOSITOL_4_5_BISPHOSPHATE_3_KINASE_CATALYTIC_SUBUNIT_GAMMA_I
AZD8186,targets,single_protein_pref_name,Serine/threonine-protein kinase/endoribonuclease IRE2,SERINE/THREONINE-PROTEIN KINASE/ENDORIBONUCLEASE IRE2,rawtok_SERINE_THREONINE_PROTEIN_KINASE_ENDORIBONUCLEASE_IRE2
BMS-536924,targets,single_protein_pref_name,Cytochrome P450 1A2,CYTOCHROME P450 1A2,rawtok_CYTOCHROME_P450_1A2
BMS-536924,targets,single_protein_pref_name,Cytochrome P450 2C19,CYTOCHROME P450 2C19,rawtok_CYTOCHROME_P450_2C19
BMS-536924,targets,single_protein_pref_name,Cytochrome P450 2C9,CYTOCHROME P450 2C9,rawtok_CYTOCHROME_P450_2C9
BMS-536924,targets,single_protein_pref_name,Cytochrome P450 3A4,CYTOCHROME P450 3A4,rawtok_CYTOCHROME_P450_3A4
BMS-536924,targets,single_protein_pref_name,Dual specificity mitogen-activated protein kinase kinase 1,DUAL SPECIFICITY MITOGEN-ACTIVATED PROTEIN KINASE KINASE 1,rawtok_DUAL_SPECIFICITY_MITOGEN_ACTIVATED_PROTEIN_KINASE_KINASE_1
BMS-536924,targets,single_protein_pref_name,Epidermal growth factor receptor,EPIDERMAL GROWTH FACTOR RECEPTOR,rawtok_EPIDERMAL_GROWTH_FACTOR_RECEPTOR
BMS-536924,targets,single_protein_pref_name,Focal adhesion kinase 1,FOCAL ADHESION KINASE 1,rawtok_FOCAL_ADHESION_KINASE_1
BMS-536924,targets,single_protein_pref_name,Hepatocyte growth factor receptor,HEPATOCYTE GROWTH FACTOR RECEPTOR,rawtok_HEPATOCYTE_GROWTH_FACTOR_RECEPTOR
BMS-536924,targets,single_protein_pref_name,Insulin receptor,INSULIN RECEPTOR,rawtok_INSULIN_RECEPTOR
BMS-536924,targets,single_protein_pref_name,Insulin-like growth factor 1 receptor,INSULIN-LIKE GROWTH FACTOR 1 RECEPTOR,rawtok_INSULIN_LIKE_GROWTH_FACTOR_1_RECEPTOR
BMS-536924,targets,single_protein_pref_name,Receptor tyrosine-protein kinase erbB-2,RECEPTOR TYROSINE-PROTEIN KINASE ERBB-2,rawtok_RECEPTOR_TYROSINE_PROTEIN_KINASE_ERBB_2
BMS-536924,targets,single_protein_pref_name,Serine/threonine-protein kinase 4,SERINE/THREONINE-PROTEIN KINASE 4,rawtok_SERINE_THREONINE_PROTEIN_KINASE_4
BMS-536924,targets,single_protein_pref_name,Tyrosine-protein kinase Lck,TYROSINE-PROTEIN KINASE LCK,rawtok_TYROSINE_PROTEIN_KINASE_LCK
BMS-536924,targets,single_protein_pref_name,Vascular endothelial growth factor receptor 2,VASCULAR ENDOTHELIAL GROWTH FACTOR RECEPTOR 2,rawtok_VASCULAR_ENDOTHELIAL_GROWTH_FACTOR_RECEPTOR_2
BOSUTINIB,targets,single_protein_pref_name,5'-AMP-activated protein kinase catalytic subunit alpha-1,5'-AMP-ACTIVATED PROTEIN KINASE CATALYTIC SUBUNIT ALPHA-1,rawtok_5_AMP_ACTIVATED_PROTEIN_KINASE_CATALYTIC_SUBUNIT_ALPHA_1
BOSUTINIB,targets,single_protein_pref_name,5-hydroxytryptamine receptor 1A,5-HYDROXYTRYPTAMINE RECEPTOR 1A,rawtok_5_HYDROXYTRYPTAMINE_RECEPTOR_1A
BOSUTINIB,targets,single_protein_pref_name,5-hydroxytryptamine receptor 2A,5-HYDROXYTRYPTAMINE RECEPTOR 2A,rawtok_5_HYDROXYTRYPTAMINE_RECEPTOR_2A
BOSUTINIB,targets,single_protein_pref_name,5-hydroxytryptamine receptor 2C,5-HYDROXYTRYPTAMINE RECEPTOR 2C,rawtok_5_HYDROXYTRYPTAMINE_RECEPTOR_2C
BOSUTINIB,targets,single_protein_pref_name,ALK tyrosine kinase receptor,ALK TYROSINE KINASE RECEPTOR,rawtok_ALK_TYROSINE_KINASE_RECEPTOR
BOSUTINIB,targets,single_protein_pref_name,AP2-associated protein kinase 1,AP2-ASSOCIATED PROTEIN KINASE 1,rawtok_AP2_ASSOCIATED_PROTEIN_KINASE_1
BOSUTINIB,targets,single_protein_pref_name,Acetylcholinesterase,ACETYLCHOLINESTERASE,rawtok_ACETYLCHOLINESTERASE
BOSUTINIB,targets,single_protein_pref_name,Activated CDC42 kinase 1,ACTIVATED CDC42 KINASE 1,rawtok_ACTIVATED_CDC42_KINASE_1
BOSUTINIB,targets,single_protein_pref_name,Adenosine receptor A3,ADENOSINE RECEPTOR A3,rawtok_ADENOSINE_RECEPTOR_A3
BOSUTINIB,targets,single_protein_pref_name,Alpha-1A adrenergic receptor,ALPHA-1A ADRENERGIC RECEPTOR,rawtok_ALPHA_1A_ADRENERGIC_RECEPTOR
BOSUTINIB,targets,single_protein_pref_name,Alpha-2A adrenergic receptor,ALPHA-2A ADRENERGIC RECEPTOR,rawtok_ALPHA_2A_ADRENERGIC_RECEPTOR
BOSUTINIB,targets,single_protein_pref_name,Alpha-2C adrenergic receptor,ALPHA-2C ADRENERGIC RECEPTOR,rawtok_ALPHA_2C_ADRENERGIC_RECEPTOR
BOSUTINIB,targets,single_protein_pref_name,Angiopoietin-1 receptor,ANGIOPOIETIN-1 RECEPTOR,rawtok_ANGIOPOIETIN_1_RECEPTOR
BOSUTINIB,targets,single_protein_pref_name,Ankyrin repeat and protein kinase domain-containing protein 1,ANKYRIN REPEAT AND PROTEIN KINASE DOMAIN-CONTAINING PROTEIN 1,rawtok_ANKYRIN_REPEAT_AND_PROTEIN_KINASE_DOMAIN_CONTAINING_PROTEIN_1
BOSUTINIB,targets,single_protein_pref_name,BDNF/NT-3 growth factors receptor,BDNF/NT-3 GROWTH FACTORS RECEPTOR,rawtok_BDNF_NT_3_GROWTH_FACTORS_RECEPTOR
BOSUTINIB,targets,single_protein_pref_name,BMP-2-inducible protein kinase,BMP-2-INDUCIBLE PROTEIN KINASE,rawtok_BMP_2_INDUCIBLE_PROTEIN_KINASE
BOSUTINIB,targets,single_protein_pref_name,Beta-3 adrenergic receptor,BETA-3 ADRENERGIC RECEPTOR,rawtok_BETA_3_ADRENERGIC_RECEPTOR
BOSUTINIB,targets,single_protein_pref_name,Bone morphogenetic protein receptor type-2,BONE MORPHOGENETIC PROTEIN RECEPTOR TYPE-2,rawtok_BONE_MORPHOGENETIC_PROTEIN_RECEPTOR_TYPE_2
BOSUTINIB,targets,single_protein_pref_name,Breakpoint cluster region protein,BREAKPOINT CLUSTER REGION PROTEIN,rawtok_BREAKPOINT_CLUSTER_REGION_PROTEIN
BOSUTINIB,targets,single_protein_pref_name,Broad substrate specificity ATP-binding cassette transporter ABCG2,BROAD SUBSTRATE SPECIFICITY ATP-BINDING CASSETTE TRANSPORTER ABCG2,rawtok_BROAD_SUBSTRATE_SPECIFICITY_ATP_BINDING_CASSETTE_TRANSPORTER_ABCG2
BOSUTINIB,targets,single_protein_pref_name,Calcium/calmodulin-dependent protein kinase kinase 2,CALCIUM/CALMODULIN-DEPENDENT PROTEIN KINASE KINASE 2,rawtok_CALCIUM_CALMODULIN_DEPENDENT_PROTEIN_KINASE_KINASE_2
BOSUTINIB,targets,single_protein_pref_name,Calcium/calmodulin-dependent protein kinase type 1D,CALCIUM/CALMODULIN-DEPENDENT PROTEIN KINASE TYPE 1D,rawtok_CALCIUM_CALMODULIN_DEPENDENT_PROTEIN_KINASE_TYPE_1D
BOSUTINIB,targets,single_protein_pref_name,Calcium/calmodulin-dependent protein kinase type II subunit alpha,CALCIUM/CALMODULIN-DEPENDENT PROTEIN KINASE TYPE II SUBUNIT ALPHA,rawtok_CALCIUM_CALMODULIN_DEPENDENT_PROTEIN_KINASE_TYPE_II_SUBUNIT_ALPHA
BOSUTINIB,targets,single_protein_pref_name,Calcium/calmodulin-dependent protein kinase type II subunit gamma,CALCIUM/CALMODULIN-DEPENDENT PROTEIN KINASE TYPE II SUBUNIT GAMMA,rawtok_CALCIUM_CALMODULIN_DEPENDENT_PROTEIN_KINASE_TYPE_II_SUBUNIT_GAMMA
BOSUTINIB,targets,single_protein_pref_name,Casein kinase I isoform alpha,CASEIN KINASE I ISOFORM ALPHA,rawtok_CASEIN_KINASE_I_ISOFORM_ALPHA
BOSUTINIB,targets,single_protein_pref_name,Casein kinase I isoform alpha-like,CASEIN KINASE I ISOFORM ALPHA-LIKE,rawtok_CASEIN_KINASE_I_ISOFORM_ALPHA_LIKE
BOSUTINIB,targets,single_protein_pref_name,Casein kinase I isoform delta,CASEIN KINASE I ISOFORM DELTA,rawtok_CASEIN_KINASE_I_ISOFORM_DELTA
BOSUTINIB,targets,single_protein_pref_name,Casein kinase I isoform epsilon,CASEIN KINASE I ISOFORM EPSILON,rawtok_CASEIN_KINASE_I_ISOFORM_EPSILON
BOSUTINIB,targets,single_protein_pref_name,Citron Rho-interacting kinase,CITRON RHO-INTERACTING KINASE,rawtok_CITRON_RHO_INTERACTING_KINASE
BOSUTINIB,targets,single_protein_pref_name,Cyclin-G-associated kinase,CYCLIN-G-ASSOCIATED KINASE,rawtok_CYCLIN_G_ASSOCIATED_KINASE
BOSUTINIB,targets,single_protein_pref_name,Cyclin-dependent kinase 14,CYCLIN-DEPENDENT KINASE 14,rawtok_CYCLIN_DEPENDENT_KINASE_14
BOSUTINIB,targets,single_protein_pref_name,Cyclin-dependent kinase 15,CYCLIN-DEPENDENT KINASE 15,rawtok_CYCLIN_DEPENDENT_KINASE_15
BOSUTINIB,targets,single_protein_pref_name,Cyclin-dependent kinase 16,CYCLIN-DEPENDENT KINASE 16,rawtok_CYCLIN_DEPENDENT_KINASE_16
BOSUTINIB,targets,single_protein_pref_name,Cyclin-dependent kinase 7,CYCLIN-DEPENDENT KINASE 7,rawtok_CYCLIN_DEPENDENT_KINASE_7
BOSUTINIB,targets,single_protein_pref_name,Cytoplasmic tyrosine-protein kinase BMX,CYTOPLASMIC TYROSINE-PROTEIN KINASE BMX,rawtok_CYTOPLASMIC_TYROSINE_PROTEIN_KINASE_BMX
BOSUTINIB,targets,single_protein_pref_name,D(1A) dopamine receptor,D(1A) DOPAMINE RECEPTOR,rawtok_D_1A_DOPAMINE_RECEPTOR
BOSUTINIB,targets,single_protein_pref_name,D(2) dopamine receptor,D(2) DOPAMINE RECEPTOR,rawtok_D_2_DOPAMINE_RECEPTOR
BOSUTINIB,targets,single_protein_pref_name,D(3) dopamine receptor,D(3) DOPAMINE RECEPTOR,rawtok_D_3_DOPAMINE_RECEPTOR
BOSUTINIB,targets,single_protein_pref_name,Discoidin domain-containing receptor 2,DISCOIDIN DOMAIN-CONTAINING RECEPTOR 2,rawtok_DISCOIDIN_DOMAIN_CONTAINING_RECEPTOR_2
BOSUTINIB,targets,single_protein_pref_name,Dual serine/threonine and tyrosine protein kinase,DUAL SERINE/THREONINE AND TYROSINE PROTEIN KINASE,rawtok_DUAL_SERINE_THREONINE_AND_TYROSINE_PROTEIN_KINASE
BOSUTINIB,targets,single_protein_pref_name,Dual specificity mitogen-activated protein kinase kinase 1,DUAL SPECIFICITY MITOGEN-ACTIVATED PROTEIN KINASE KINASE 1,rawtok_DUAL_SPECIFICITY_MITOGEN_ACTIVATED_PROTEIN_KINASE_KINASE_1
BOSUTINIB,targets,single_protein_pref_name,Dual specificity mitogen-activated protein kinase kinase 2,DUAL SPECIFICITY MITOGEN-ACTIVATED PROTEIN KINASE KINASE 2,rawtok_DUAL_SPECIFICITY_MITOGEN_ACTIVATED_PROTEIN_KINASE_KINASE_2
BOSUTINIB,targets,single_protein_pref_name,Dual specificity mitogen-activated protein kinase kinase 3,DUAL SPECIFICITY MITOGEN-ACTIVATED PROTEIN KINASE KINASE 3,rawtok_DUAL_SPECIFICITY_MITOGEN_ACTIVATED_PROTEIN_KINASE_KINASE_3
BOSUTINIB,targets,single_protein_pref_name,Dual specificity mitogen-activated protein kinase kinase 4,DUAL SPECIFICITY MITOGEN-ACTIVATED PROTEIN KINASE KINASE 4,rawtok_DUAL_SPECIFICITY_MITOGEN_ACTIVATED_PROTEIN_KINASE_KINASE_4
BOSUTINIB,targets,single_protein_pref_name,Dual specificity mitogen-activated protein kinase kinase 5,DUAL SPECIFICITY MITOGEN-ACTIVATED PROTEIN KINASE KINASE 5,rawtok_DUAL_SPECIFICITY_MITOGEN_ACTIVATED_PROTEIN_KINASE_KINASE_5
BOSUTINIB,targets,single_protein_pref_name,Dual specificity mitogen-activated protein kinase kinase 6,DUAL SPECIFICITY MITOGEN-ACTIVATED PROTEIN KINASE KINASE 6,rawtok_DUAL_SPECIFICITY_MITOGEN_ACTIVATED_PROTEIN_KINASE_KINASE_6
BOSUTINIB,targets,single_protein_pref_name,Dual specificity mitogen-activated protein kinase kinase 7,DUAL SPECIFICITY MITOGEN-ACTIVATED PROTEIN KINASE KINASE 7,rawtok_DUAL_SPECIFICITY_MITOGEN_ACTIVATED_PROTEIN_KINASE_KINASE_7
BOSUTINIB,targets,single_protein_pref_name,Dual specificity protein kinase CLK1,DUAL SPECIFICITY PROTEIN KINASE CLK1,rawtok_DUAL_SPECIFICITY_PROTEIN_KINASE_CLK1
BOSUTINIB,targets,single_protein_pref_name,Dual specificity protein kinase CLK2,DUAL SPECIFICITY PROTEIN KINASE CLK2,rawtok_DUAL_SPECIFICITY_PROTEIN_KINASE_CLK2
BOSUTINIB,targets,single_protein_pref_name,Dual specificity protein kinase CLK3,DUAL SPECIFICITY PROTEIN KINASE CLK3,rawtok_DUAL_SPECIFICITY_PROTEIN_KINASE_CLK3
BOSUTINIB,targets,single_protein_pref_name,Dual specificity protein kinase CLK4,DUAL SPECIFICITY PROTEIN KINASE CLK4,rawtok_DUAL_SPECIFICITY_PROTEIN_KINASE_CLK4
BOSUTINIB,targets,single_protein_pref_name,Ephrin type-A receptor 1,EPHRIN TYPE-A RECEPTOR 1,rawtok_EPHRIN_TYPE_A_RECEPTOR_1
BOSUTINIB,targets,single_protein_pref_name,Ephrin type-A receptor 2,EPHRIN TYPE-A RECEPTOR 2,rawtok_EPHRIN_TYPE_A_RECEPTOR_2
BOSUTINIB,targets,single_protein_pref_name,Ephrin type-A receptor 3,EPHRIN TYPE-A RECEPTOR 3,rawtok_EPHRIN_TYPE_A_RECEPTOR_3
BOSUTINIB,targets,single_protein_pref_name,Ephrin type-A receptor 4,EPHRIN TYPE-A RECEPTOR 4,rawtok_EPHRIN_TYPE_A_RECEPTOR_4
BOSUTINIB,targets,single_protein_pref_name,Ephrin type-A receptor 5,EPHRIN TYPE-A RECEPTOR 5,rawtok_EPHRIN_TYPE_A_RECEPTOR_5
BOSUTINIB,targets,single_protein_pref_name,Ephrin type-A receptor 6,EPHRIN TYPE-A RECEPTOR 6,rawtok_EPHRIN_TYPE_A_RECEPTOR_6
BOSUTINIB,targets,single_protein_pref_name,Ephrin type-A receptor 8,EPHRIN TYPE-A RECEPTOR 8,rawtok_EPHRIN_TYPE_A_RECEPTOR_8
BOSUTINIB,targets,single_protein_pref_name,Ephrin type-B receptor 1,EPHRIN TYPE-B RECEPTOR 1,rawtok_EPHRIN_TYPE_B_RECEPTOR_1
BOSUTINIB,targets,single_protein_pref_name,Ephrin type-B receptor 2,EPHRIN TYPE-B RECEPTOR 2,rawtok_EPHRIN_TYPE_B_RECEPTOR_2
BOSUTINIB,targets,single_protein_pref_name,Ephrin type-B receptor 3,EPHRIN TYPE-B RECEPTOR 3,rawtok_EPHRIN_TYPE_B_RECEPTOR_3
BOSUTINIB,targets,single_protein_pref_name,Ephrin type-B receptor 4,EPHRIN TYPE-B RECEPTOR 4,rawtok_EPHRIN_TYPE_B_RECEPTOR_4
BOSUTINIB,targets,single_protein_pref_name,Ephrin type-B receptor 6,EPHRIN TYPE-B RECEPTOR 6,rawtok_EPHRIN_TYPE_B_RECEPTOR_6
BOSUTINIB,targets,single_protein_pref_name,Epidermal growth factor receptor,EPIDERMAL GROWTH FACTOR RECEPTOR,rawtok_EPIDERMAL_GROWTH_FACTOR_RECEPTOR
BOSUTINIB,targets,single_protein_pref_name,Epithelial discoidin domain-containing receptor 1,EPITHELIAL DISCOIDIN DOMAIN-CONTAINING RECEPTOR 1,rawtok_EPITHELIAL_DISCOIDIN_DOMAIN_CONTAINING_RECEPTOR_1
BOSUTINIB,targets,single_protein_pref_name,Equilibrative nucleoside transporter 1,EQUILIBRATIVE NUCLEOSIDE TRANSPORTER 1,rawtok_EQUILIBRATIVE_NUCLEOSIDE_TRANSPORTER_1
BOSUTINIB,targets,single_protein_pref_name,Eukaryotic translation initiation factor 2-alpha kinase 1,EUKARYOTIC TRANSLATION INITIATION FACTOR 2-ALPHA KINASE 1,rawtok_EUKARYOTIC_TRANSLATION_INITIATION_FACTOR_2_ALPHA_KINASE_1
BOSUTINIB,targets,single_protein_pref_name,Focal adhesion kinase 1,FOCAL ADHESION KINASE 1,rawtok_FOCAL_ADHESION_KINASE_1
BOSUTINIB,targets,single_protein_pref_name,G protein-coupled receptor kinase 4,G PROTEIN-COUPLED RECEPTOR KINASE 4,rawtok_G_PROTEIN_COUPLED_RECEPTOR_KINASE_4
BOSUTINIB,targets,single_protein_pref_name,Growth hormone secretagogue receptor type 1,GROWTH HORMONE SECRETAGOGUE RECEPTOR TYPE 1,rawtok_GROWTH_HORMONE_SECRETAGOGUE_RECEPTOR_TYPE_1
BOSUTINIB,targets,single_protein_pref_name,Hepatocyte growth factor receptor,HEPATOCYTE GROWTH FACTOR RECEPTOR,rawtok_HEPATOCYTE_GROWTH_FACTOR_RECEPTOR
BOSUTINIB,targets,single_protein_pref_name,High affinity nerve growth factor receptor,HIGH AFFINITY NERVE GROWTH FACTOR RECEPTOR,rawtok_HIGH_AFFINITY_NERVE_GROWTH_FACTOR_RECEPTOR
BOSUTINIB,targets,single_protein_pref_name,Histamine H2 receptor,HISTAMINE H2 RECEPTOR,rawtok_HISTAMINE_H2_RECEPTOR
BOSUTINIB,targets,single_protein_pref_name,Histamine H3 receptor,HISTAMINE H3 RECEPTOR,rawtok_HISTAMINE_H3_RECEPTOR
BOSUTINIB,targets,single_protein_pref_name,Homeodomain-interacting protein kinase 1,HOMEODOMAIN-INTERACTING PROTEIN KINASE 1,rawtok_HOMEODOMAIN_INTERACTING_PROTEIN_KINASE_1
BOSUTINIB,targets,single_protein_pref_name,Homeodomain-interacting protein kinase 2,HOMEODOMAIN-INTERACTING PROTEIN KINASE 2,rawtok_HOMEODOMAIN_INTERACTING_PROTEIN_KINASE_2
BOSUTINIB,targets,single_protein_pref_name,Homeodomain-interacting protein kinase 3,HOMEODOMAIN-INTERACTING PROTEIN KINASE 3,rawtok_HOMEODOMAIN_INTERACTING_PROTEIN_KINASE_3
BOSUTINIB,targets,single_protein_pref_name,Homeodomain-interacting protein kinase 4,HOMEODOMAIN-INTERACTING PROTEIN KINASE 4,rawtok_HOMEODOMAIN_INTERACTING_PROTEIN_KINASE_4
BOSUTINIB,targets,single_protein_pref_name,Hormonally up-regulated neu tumor-associated kinase,HORMONALLY UP-REGULATED NEU TUMOR-ASSOCIATED KINASE,rawtok_HORMONALLY_UP_REGULATED_NEU_TUMOR_ASSOCIATED_KINASE
BOSUTINIB,targets,single_protein_pref_name,Inhibitor of nuclear factor kappa-B kinase subunit epsilon,INHIBITOR OF NUCLEAR FACTOR KAPPA-B KINASE SUBUNIT EPSILON,rawtok_INHIBITOR_OF_NUCLEAR_FACTOR_KAPPA_B_KINASE_SUBUNIT_EPSILON
BOSUTINIB,targets,single_protein_pref_name,Interleukin-1 receptor-associated kinase 1,INTERLEUKIN-1 RECEPTOR-ASSOCIATED KINASE 1,rawtok_INTERLEUKIN_1_RECEPTOR_ASSOCIATED_KINASE_1
BOSUTINIB,targets,single_protein_pref_name,Interleukin-1 receptor-associated kinase 4,INTERLEUKIN-1 RECEPTOR-ASSOCIATED KINASE 4,rawtok_INTERLEUKIN_1_RECEPTOR_ASSOCIATED_KINASE_4
BOSUTINIB,targets,single_protein_pref_name,Kappa-type opioid receptor,KAPPA-TYPE OPIOID RECEPTOR,rawtok_KAPPA_TYPE_OPIOID_RECEPTOR
BOSUTINIB,targets,single_protein_pref_name,Leucine-rich repeat serine/threonine-protein kinase 2,LEUCINE-RICH REPEAT SERINE/THREONINE-PROTEIN KINASE 2,rawtok_LEUCINE_RICH_REPEAT_SERINE_THREONINE_PROTEIN_KINASE_2
BOSUTINIB,targets,single_protein_pref_name,Leukocyte tyrosine kinase receptor,LEUKOCYTE TYROSINE KINASE RECEPTOR,rawtok_LEUKOCYTE_TYROSINE_KINASE_RECEPTOR
BOSUTINIB,targets,single_protein_pref_name,Macrophage colony-stimulating factor 1 receptor,MACROPHAGE COLONY-STIMULATING FACTOR 1 RECEPTOR,rawtok_MACROPHAGE_COLONY_STIMULATING_FACTOR_1_RECEPTOR
BOSUTINIB,targets,single_protein_pref_name,Macrophage-stimulating protein receptor,MACROPHAGE-STIMULATING PROTEIN RECEPTOR,rawtok_MACROPHAGE_STIMULATING_PROTEIN_RECEPTOR
BOSUTINIB,targets,single_protein_pref_name,Mast/stem cell growth factor receptor Kit,MAST/STEM CELL GROWTH FACTOR RECEPTOR KIT,rawtok_MAST_STEM_CELL_GROWTH_FACTOR_RECEPTOR_KIT
BOSUTINIB,targets,single_protein_pref_name,Megakaryocyte-associated tyrosine-protein kinase,MEGAKARYOCYTE-ASSOCIATED TYROSINE-PROTEIN KINASE,rawtok_MEGAKARYOCYTE_ASSOCIATED_TYROSINE_PROTEIN_KINASE
BOSUTINIB,targets,single_protein_pref_name,Melanocortin receptor 3,MELANOCORTIN RECEPTOR 3,rawtok_MELANOCORTIN_RECEPTOR_3
BOSUTINIB,targets,single_protein_pref_name,Melanocortin receptor 4,MELANOCORTIN RECEPTOR 4,rawtok_MELANOCORTIN_RECEPTOR_4
BOSUTINIB,targets,single_protein_pref_name,Membrane-associated tyrosine- and threonine-specific cdc2-inhibitory kinase,MEMBRANE-ASSOCIATED TYROSINE- AND THREONINE-SPECIFIC CDC2-INHIBITORY KINASE,rawtok_MEMBRANE_ASSOCIATED_TYROSINE_AND_THREONINE_SPECIFIC_CDC2_INHIBITORY_KINA
BOSUTINIB,targets,single_protein_pref_name,Microtubule-associated serine/threonine-protein kinase 1,MICROTUBULE-ASSOCIATED SERINE/THREONINE-PROTEIN KINASE 1,rawtok_MICROTUBULE_ASSOCIATED_SERINE_THREONINE_PROTEIN_KINASE_1
BOSUTINIB,targets,single_protein_pref_name,Misshapen-like kinase 1,MISSHAPEN-LIKE KINASE 1,rawtok_MISSHAPEN_LIKE_KINASE_1
BOSUTINIB,targets,single_protein_pref_name,Mitogen-activated protein kinase 7,MITOGEN-ACTIVATED PROTEIN KINASE 7,rawtok_MITOGEN_ACTIVATED_PROTEIN_KINASE_7
BOSUTINIB,targets,single_protein_pref_name,Mitogen-activated protein kinase kinase kinase 1,MITOGEN-ACTIVATED PROTEIN KINASE KINASE KINASE 1,rawtok_MITOGEN_ACTIVATED_PROTEIN_KINASE_KINASE_KINASE_1
BOSUTINIB,targets,single_protein_pref_name,Mitogen-activated protein kinase kinase kinase 11,MITOGEN-ACTIVATED PROTEIN KINASE KINASE KINASE 11,rawtok_MITOGEN_ACTIVATED_PROTEIN_KINASE_KINASE_KINASE_11
BOSUTINIB,targets,single_protein_pref_name,Mitogen-activated protein kinase kinase kinase 12,MITOGEN-ACTIVATED PROTEIN KINASE KINASE KINASE 12,rawtok_MITOGEN_ACTIVATED_PROTEIN_KINASE_KINASE_KINASE_12
BOSUTINIB,targets,single_protein_pref_name,Mitogen-activated protein kinase kinase kinase 13,MITOGEN-ACTIVATED PROTEIN KINASE KINASE KINASE 13,rawtok_MITOGEN_ACTIVATED_PROTEIN_KINASE_KINASE_KINASE_13
BOSUTINIB,targets,single_protein_pref_name,Mitogen-activated protein kinase kinase kinase 19,MITOGEN-ACTIVATED PROTEIN KINASE KINASE KINASE 19,rawtok_MITOGEN_ACTIVATED_PROTEIN_KINASE_KINASE_KINASE_19
BOSUTINIB,targets,single_protein_pref_name,Mitogen-activated protein kinase kinase kinase 2,MITOGEN-ACTIVATED PROTEIN KINASE KINASE KINASE 2,rawtok_MITOGEN_ACTIVATED_PROTEIN_KINASE_KINASE_KINASE_2
BOSUTINIB,targets,single_protein_pref_name,Mitogen-activated protein kinase kinase kinase 20,MITOGEN-ACTIVATED PROTEIN KINASE KINASE KINASE 20,rawtok_MITOGEN_ACTIVATED_PROTEIN_KINASE_KINASE_KINASE_20
BOSUTINIB,targets,single_protein_pref_name,Mitogen-activated protein kinase kinase kinase 3,MITOGEN-ACTIVATED PROTEIN KINASE KINASE KINASE 3,rawtok_MITOGEN_ACTIVATED_PROTEIN_KINASE_KINASE_KINASE_3
BOSUTINIB,targets,single_protein_pref_name,Mitogen-activated protein kinase kinase kinase 4,MITOGEN-ACTIVATED PROTEIN KINASE KINASE KINASE 4,rawtok_MITOGEN_ACTIVATED_PROTEIN_KINASE_KINASE_KINASE_4
BOSUTINIB,targets,single_protein_pref_name,Mitogen-activated protein kinase kinase kinase 7,MITOGEN-ACTIVATED PROTEIN KINASE KINASE KINASE 7,rawtok_MITOGEN_ACTIVATED_PROTEIN_KINASE_KINASE_KINASE_7
BOSUTINIB,targets,single_protein_pref_name,Mitogen-activated protein kinase kinase kinase 9,MITOGEN-ACTIVATED PROTEIN KINASE KINASE KINASE 9,rawtok_MITOGEN_ACTIVATED_PROTEIN_KINASE_KINASE_KINASE_9
BOSUTINIB,targets,single_protein_pref_name,Mitogen-activated protein kinase kinase kinase kinase 1,MITOGEN-ACTIVATED PROTEIN KINASE KINASE KINASE KINASE 1,rawtok_MITOGEN_ACTIVATED_PROTEIN_KINASE_KINASE_KINASE_KINASE_1
BOSUTINIB,targets,single_protein_pref_name,Mitogen-activated protein kinase kinase kinase kinase 2,MITOGEN-ACTIVATED PROTEIN KINASE KINASE KINASE KINASE 2,rawtok_MITOGEN_ACTIVATED_PROTEIN_KINASE_KINASE_KINASE_KINASE_2
BOSUTINIB,targets,single_protein_pref_name,Mitogen-activated protein kinase kinase kinase kinase 3,MITOGEN-ACTIVATED PROTEIN KINASE KINASE KINASE KINASE 3,rawtok_MITOGEN_ACTIVATED_PROTEIN_KINASE_KINASE_KINASE_KINASE_3
BOSUTINIB,targets,single_protein_pref_name,Mitogen-activated protein kinase kinase kinase kinase 4,MITOGEN-ACTIVATED PROTEIN KINASE KINASE KINASE KINASE 4,rawtok_MITOGEN_ACTIVATED_PROTEIN_KINASE_KINASE_KINASE_KINASE_4
BOSUTINIB,targets,single_protein_pref_name,Mitogen-activated protein kinase kinase kinase kinase 5,MITOGEN-ACTIVATED PROTEIN KINASE KINASE KINASE KINASE 5,rawtok_MITOGEN_ACTIVATED_PROTEIN_KINASE_KINASE_KINASE_KINASE_5
BOSUTINIB,targets,single_protein_pref_name,Mu-type opioid receptor,MU-TYPE OPIOID RECEPTOR,rawtok_MU_TYPE_OPIOID_RECEPTOR
BOSUTINIB,targets,single_protein_pref_name,Muscarinic acetylcholine receptor M2,MUSCARINIC ACETYLCHOLINE RECEPTOR M2,rawtok_MUSCARINIC_ACETYLCHOLINE_RECEPTOR_M2
BOSUTINIB,targets,single_protein_pref_name,Muscarinic acetylcholine receptor M5,MUSCARINIC ACETYLCHOLINE RECEPTOR M5,rawtok_MUSCARINIC_ACETYLCHOLINE_RECEPTOR_M5
BOSUTINIB,targets,single_protein_pref_name,"Myosin light chain kinase, smooth muscle","MYOSIN LIGHT CHAIN KINASE, SMOOTH MUSCLE",rawtok_MYOSIN_LIGHT_CHAIN_KINASE_SMOOTH_MUSCLE
BOSUTINIB,targets,single_protein_pref_name,Myosin-IIIa,MYOSIN-IIIA,rawtok_MYOSIN_IIIA
BOSUTINIB,targets,single_protein_pref_name,Myosin-IIIb,MYOSIN-IIIB,rawtok_MYOSIN_IIIB
BOSUTINIB,targets,single_protein_pref_name,Myotonin-protein kinase,MYOTONIN-PROTEIN KINASE,rawtok_MYOTONIN_PROTEIN_KINASE
BOSUTINIB,targets,single_protein_pref_name,NT-3 growth factor receptor,NT-3 GROWTH FACTOR RECEPTOR,rawtok_NT_3_GROWTH_FACTOR_RECEPTOR
BOSUTINIB,targets,single_protein_pref_name,NUAK family SNF1-like kinase 1,NUAK FAMILY SNF1-LIKE KINASE 1,rawtok_NUAK_FAMILY_SNF1_LIKE_KINASE_1
BOSUTINIB,targets,single_protein_pref_name,NUAK family SNF1-like kinase 2,NUAK FAMILY SNF1-LIKE KINASE 2,rawtok_NUAK_FAMILY_SNF1_LIKE_KINASE_2
BOSUTINIB,targets,single_protein_pref_name,Non-receptor tyrosine-protein kinase TYK2,NON-RECEPTOR TYROSINE-PROTEIN KINASE TYK2,rawtok_NON_RECEPTOR_TYROSINE_PROTEIN_KINASE_TYK2
BOSUTINIB,targets,single_protein_pref_name,Peripheral plasma membrane protein CASK,PERIPHERAL PLASMA MEMBRANE PROTEIN CASK,rawtok_PERIPHERAL_PLASMA_MEMBRANE_PROTEIN_CASK
BOSUTINIB,targets,single_protein_pref_name,Phosphatidylinositol 4-phosphate 5-kinase type-1 alpha,PHOSPHATIDYLINOSITOL 4-PHOSPHATE 5-KINASE TYPE-1 ALPHA,rawtok_PHOSPHATIDYLINOSITOL_4_PHOSPHATE_5_KINASE_TYPE_1_ALPHA
BOSUTINIB,targets,single_protein_pref_name,"Phosphorylase b kinase gamma catalytic chain, liver/testis isoform","PHOSPHORYLASE B KINASE GAMMA CATALYTIC CHAIN, LIVER/TESTIS ISOFORM",rawtok_PHOSPHORYLASE_B_KINASE_GAMMA_CATALYTIC_CHAIN_LIVER_TESTIS_ISOFORM
BOSUTINIB,targets,single_protein_pref_name,"Phosphorylase b kinase gamma catalytic chain, skeletal muscle/heart isoform","PHOSPHORYLASE B KINASE GAMMA CATALYTIC CHAIN, SKELETAL MUSCLE/HEART ISOFORM",rawtok_PHOSPHORYLASE_B_KINASE_GAMMA_CATALYTIC_CHAIN_SKELETAL_MUSCLE_HEART_ISOFO
BOSUTINIB,targets,single_protein_pref_name,Platelet-derived growth factor receptor alpha,PLATELET-DERIVED GROWTH FACTOR RECEPTOR ALPHA,rawtok_PLATELET_DERIVED_GROWTH_FACTOR_RECEPTOR_ALPHA
BOSUTINIB,targets,single_protein_pref_name,Platelet-derived growth factor receptor beta,PLATELET-DERIVED GROWTH FACTOR RECEPTOR BETA,rawtok_PLATELET_DERIVED_GROWTH_FACTOR_RECEPTOR_BETA
BOSUTINIB,targets,single_protein_pref_name,Progesterone receptor,PROGESTERONE RECEPTOR,rawtok_PROGESTERONE_RECEPTOR
BOSUTINIB,targets,single_protein_pref_name,Protein delta homolog 1,PROTEIN DELTA HOMOLOG 1,rawtok_PROTEIN_DELTA_HOMOLOG_1
BOSUTINIB,targets,single_protein_pref_name,Protein kinase C delta type,PROTEIN KINASE C DELTA TYPE,rawtok_PROTEIN_KINASE_C_DELTA_TYPE
BOSUTINIB,targets,single_protein_pref_name,Protein kinase C epsilon type,PROTEIN KINASE C EPSILON TYPE,rawtok_PROTEIN_KINASE_C_EPSILON_TYPE
BOSUTINIB,targets,single_protein_pref_name,Protein kinase C theta type,PROTEIN KINASE C THETA TYPE,rawtok_PROTEIN_KINASE_C_THETA_TYPE
BOSUTINIB,targets,single_protein_pref_name,Protein-tyrosine kinase 2-beta,PROTEIN-TYROSINE KINASE 2-BETA,rawtok_PROTEIN_TYROSINE_KINASE_2_BETA
BOSUTINIB,targets,single_protein_pref_name,Proto-oncogene tyrosine-protein kinase Src,PROTO-ONCOGENE TYROSINE-PROTEIN KINASE SRC,rawtok_PROTO_ONCOGENE_TYROSINE_PROTEIN_KINASE_SRC
BOSUTINIB,targets,single_protein_pref_name,Proto-oncogene tyrosine-protein kinase receptor Ret,PROTO-ONCOGENE TYROSINE-PROTEIN KINASE RECEPTOR RET,rawtok_PROTO_ONCOGENE_TYROSINE_PROTEIN_KINASE_RECEPTOR_RET
BOSUTINIB,targets,single_protein_pref_name,Receptor tyrosine-protein kinase erbB-2,RECEPTOR TYROSINE-PROTEIN KINASE ERBB-2,rawtok_RECEPTOR_TYROSINE_PROTEIN_KINASE_ERBB_2
BOSUTINIB,targets,single_protein_pref_name,Receptor tyrosine-protein kinase erbB-3,RECEPTOR TYROSINE-PROTEIN KINASE ERBB-3,rawtok_RECEPTOR_TYROSINE_PROTEIN_KINASE_ERBB_3
BOSUTINIB,targets,single_protein_pref_name,Receptor tyrosine-protein kinase erbB-4,RECEPTOR TYROSINE-PROTEIN KINASE ERBB-4,rawtok_RECEPTOR_TYROSINE_PROTEIN_KINASE_ERBB_4
BOSUTINIB,targets,single_protein_pref_name,Receptor-interacting serine/threonine-protein kinase 2,RECEPTOR-INTERACTING SERINE/THREONINE-PROTEIN KINASE 2,rawtok_RECEPTOR_INTERACTING_SERINE_THREONINE_PROTEIN_KINASE_2
BOSUTINIB,targets,single_protein_pref_name,Receptor-type tyrosine-protein kinase FLT3,RECEPTOR-TYPE TYROSINE-PROTEIN KINASE FLT3,rawtok_RECEPTOR_TYPE_TYROSINE_PROTEIN_KINASE_FLT3
BOSUTINIB,targets,single_protein_pref_name,Rho-associated protein kinase 1,RHO-ASSOCIATED PROTEIN KINASE 1,rawtok_RHO_ASSOCIATED_PROTEIN_KINASE_1
BOSUTINIB,targets,single_protein_pref_name,Rho-associated protein kinase 2,RHO-ASSOCIATED PROTEIN KINASE 2,rawtok_RHO_ASSOCIATED_PROTEIN_KINASE_2
BOSUTINIB,targets,single_protein_pref_name,Rhodopsin kinase GRK7,RHODOPSIN KINASE GRK7,rawtok_RHODOPSIN_KINASE_GRK7
BOSUTINIB,targets,single_protein_pref_name,Ribosomal protein S6 kinase alpha-2,RIBOSOMAL PROTEIN S6 KINASE ALPHA-2,rawtok_RIBOSOMAL_PROTEIN_S6_KINASE_ALPHA_2
BOSUTINIB,targets,single_protein_pref_name,Ribosomal protein S6 kinase alpha-3,RIBOSOMAL PROTEIN S6 KINASE ALPHA-3,rawtok_RIBOSOMAL_PROTEIN_S6_KINASE_ALPHA_3
BOSUTINIB,targets,single_protein_pref_name,Ribosomal protein S6 kinase alpha-6,RIBOSOMAL PROTEIN S6 KINASE ALPHA-6,rawtok_RIBOSOMAL_PROTEIN_S6_KINASE_ALPHA_6
BOSUTINIB,targets,single_protein_pref_name,Ribosomal protein S6 kinase beta-1,RIBOSOMAL PROTEIN S6 KINASE BETA-1,rawtok_RIBOSOMAL_PROTEIN_S6_KINASE_BETA_1
BOSUTINIB,targets,single_protein_pref_name,SRSF protein kinase 3,SRSF PROTEIN KINASE 3,rawtok_SRSF_PROTEIN_KINASE_3
BOSUTINIB,targets,single_protein_pref_name,STE20-like serine/threonine-protein kinase,STE20-LIKE SERINE/THREONINE-PROTEIN KINASE,rawtok_STE20_LIKE_SERINE_THREONINE_PROTEIN_KINASE
BOSUTINIB,targets,single_protein_pref_name,STE20/SPS1-related proline-alanine-rich protein kinase,STE20/SPS1-RELATED PROLINE-ALANINE-RICH PROTEIN KINASE,rawtok_STE20_SPS1_RELATED_PROLINE_ALANINE_RICH_PROTEIN_KINASE
BOSUTINIB,targets,single_protein_pref_name,Serine/threonine-protein kinase 10,SERINE/THREONINE-PROTEIN KINASE 10,rawtok_SERINE_THREONINE_PROTEIN_KINASE_10
BOSUTINIB,targets,single_protein_pref_name,Serine/threonine-protein kinase 24,SERINE/THREONINE-PROTEIN KINASE 24,rawtok_SERINE_THREONINE_PROTEIN_KINASE_24
BOSUTINIB,targets,single_protein_pref_name,Serine/threonine-protein kinase 25,SERINE/THREONINE-PROTEIN KINASE 25,rawtok_SERINE_THREONINE_PROTEIN_KINASE_25
BOSUTINIB,targets,single_protein_pref_name,Serine/threonine-protein kinase 26,SERINE/THREONINE-PROTEIN KINASE 26,rawtok_SERINE_THREONINE_PROTEIN_KINASE_26
BOSUTINIB,targets,single_protein_pref_name,Serine/threonine-protein kinase 3,SERINE/THREONINE-PROTEIN KINASE 3,rawtok_SERINE_THREONINE_PROTEIN_KINASE_3
BOSUTINIB,targets,single_protein_pref_name,Serine/threonine-protein kinase 32A,SERINE/THREONINE-PROTEIN KINASE 32A,rawtok_SERINE_THREONINE_PROTEIN_KINASE_32A
BOSUTINIB,targets,single_protein_pref_name,Serine/threonine-protein kinase 33,SERINE/THREONINE-PROTEIN KINASE 33,rawtok_SERINE_THREONINE_PROTEIN_KINASE_33
BOSUTINIB,targets,single_protein_pref_name,Serine/threonine-protein kinase 35,SERINE/THREONINE-PROTEIN KINASE 35,rawtok_SERINE_THREONINE_PROTEIN_KINASE_35
BOSUTINIB,targets,single_protein_pref_name,Serine/threonine-protein kinase 36,SERINE/THREONINE-PROTEIN KINASE 36,rawtok_SERINE_THREONINE_PROTEIN_KINASE_36
BOSUTINIB,targets,single_protein_pref_name,Serine/threonine-protein kinase 4,SERINE/THREONINE-PROTEIN KINASE 4,rawtok_SERINE_THREONINE_PROTEIN_KINASE_4
BOSUTINIB,targets,single_protein_pref_name,Serine/threonine-protein kinase Chk1,SERINE/THREONINE-PROTEIN KINASE CHK1,rawtok_SERINE_THREONINE_PROTEIN_KINASE_CHK1
BOSUTINIB,targets,single_protein_pref_name,Serine/threonine-protein kinase Chk2,SERINE/THREONINE-PROTEIN KINASE CHK2,rawtok_SERINE_THREONINE_PROTEIN_KINASE_CHK2
BOSUTINIB,targets,single_protein_pref_name,Serine/threonine-protein kinase D3,SERINE/THREONINE-PROTEIN KINASE D3,rawtok_SERINE_THREONINE_PROTEIN_KINASE_D3
BOSUTINIB,targets,single_protein_pref_name,Serine/threonine-protein kinase DCLK3,SERINE/THREONINE-PROTEIN KINASE DCLK3,rawtok_SERINE_THREONINE_PROTEIN_KINASE_DCLK3
BOSUTINIB,targets,single_protein_pref_name,Serine/threonine-protein kinase N1,SERINE/THREONINE-PROTEIN KINASE N1,rawtok_SERINE_THREONINE_PROTEIN_KINASE_N1
BOSUTINIB,targets,single_protein_pref_name,Serine/threonine-protein kinase N2,SERINE/THREONINE-PROTEIN KINASE N2,rawtok_SERINE_THREONINE_PROTEIN_KINASE_N2
BOSUTINIB,targets,single_protein_pref_name,Serine/threonine-protein kinase NIM1,SERINE/THREONINE-PROTEIN KINASE NIM1,rawtok_SERINE_THREONINE_PROTEIN_KINASE_NIM1
BOSUTINIB,targets,single_protein_pref_name,Serine/threonine-protein kinase NLK,SERINE/THREONINE-PROTEIN KINASE NLK,rawtok_SERINE_THREONINE_PROTEIN_KINASE_NLK
BOSUTINIB,targets,single_protein_pref_name,Serine/threonine-protein kinase Nek11,SERINE/THREONINE-PROTEIN KINASE NEK11,rawtok_SERINE_THREONINE_PROTEIN_KINASE_NEK11
BOSUTINIB,targets,single_protein_pref_name,Serine/threonine-protein kinase Nek2,SERINE/THREONINE-PROTEIN KINASE NEK2,rawtok_SERINE_THREONINE_PROTEIN_KINASE_NEK2
BOSUTINIB,targets,single_protein_pref_name,Serine/threonine-protein kinase PAK 1,SERINE/THREONINE-PROTEIN KINASE PAK 1,rawtok_SERINE_THREONINE_PROTEIN_KINASE_PAK_1
BOSUTINIB,targets,single_protein_pref_name,Serine/threonine-protein kinase PAK 2,SERINE/THREONINE-PROTEIN KINASE PAK 2,rawtok_SERINE_THREONINE_PROTEIN_KINASE_PAK_2
BOSUTINIB,targets,single_protein_pref_name,Serine/threonine-protein kinase PAK 3,SERINE/THREONINE-PROTEIN KINASE PAK 3,rawtok_SERINE_THREONINE_PROTEIN_KINASE_PAK_3
BOSUTINIB,targets,single_protein_pref_name,Serine/threonine-protein kinase PLK1,SERINE/THREONINE-PROTEIN KINASE PLK1,rawtok_SERINE_THREONINE_PROTEIN_KINASE_PLK1
BOSUTINIB,targets,single_protein_pref_name,Serine/threonine-protein kinase PLK2,SERINE/THREONINE-PROTEIN KINASE PLK2,rawtok_SERINE_THREONINE_PROTEIN_KINASE_PLK2
BOSUTINIB,targets,single_protein_pref_name,Serine/threonine-protein kinase RIO1,SERINE/THREONINE-PROTEIN KINASE RIO1,rawtok_SERINE_THREONINE_PROTEIN_KINASE_RIO1
BOSUTINIB,targets,single_protein_pref_name,Serine/threonine-protein kinase RIO3,SERINE/THREONINE-PROTEIN KINASE RIO3,rawtok_SERINE_THREONINE_PROTEIN_KINASE_RIO3
BOSUTINIB,targets,single_protein_pref_name,Serine/threonine-protein kinase SIK1,SERINE/THREONINE-PROTEIN KINASE SIK1,rawtok_SERINE_THREONINE_PROTEIN_KINASE_SIK1
BOSUTINIB,targets,single_protein_pref_name,Serine/threonine-protein kinase SIK2,SERINE/THREONINE-PROTEIN KINASE SIK2,rawtok_SERINE_THREONINE_PROTEIN_KINASE_SIK2
BOSUTINIB,targets,single_protein_pref_name,Serine/threonine-protein kinase SIK3,SERINE/THREONINE-PROTEIN KINASE SIK3,rawtok_SERINE_THREONINE_PROTEIN_KINASE_SIK3
BOSUTINIB,targets,single_protein_pref_name,Serine/threonine-protein kinase TAO1,SERINE/THREONINE-PROTEIN KINASE TAO1,rawtok_SERINE_THREONINE_PROTEIN_KINASE_TAO1
BOSUTINIB,targets,single_protein_pref_name,Serine/threonine-protein kinase TAO2,SERINE/THREONINE-PROTEIN KINASE TAO2,rawtok_SERINE_THREONINE_PROTEIN_KINASE_TAO2
BOSUTINIB,targets,single_protein_pref_name,Serine/threonine-protein kinase TAO3,SERINE/THREONINE-PROTEIN KINASE TAO3,rawtok_SERINE_THREONINE_PROTEIN_KINASE_TAO3
BOSUTINIB,targets,single_protein_pref_name,Serine/threonine-protein kinase TBK1,SERINE/THREONINE-PROTEIN KINASE TBK1,rawtok_SERINE_THREONINE_PROTEIN_KINASE_TBK1
BOSUTINIB,targets,single_protein_pref_name,Serine/threonine-protein kinase TNNI3K,SERINE/THREONINE-PROTEIN KINASE TNNI3K,rawtok_SERINE_THREONINE_PROTEIN_KINASE_TNNI3K
BOSUTINIB,targets,single_protein_pref_name,Serine/threonine-protein kinase ULK1,SERINE/THREONINE-PROTEIN KINASE ULK1,rawtok_SERINE_THREONINE_PROTEIN_KINASE_ULK1
BOSUTINIB,targets,single_protein_pref_name,Serine/threonine-protein kinase ULK2,SERINE/THREONINE-PROTEIN KINASE ULK2,rawtok_SERINE_THREONINE_PROTEIN_KINASE_ULK2
BOSUTINIB,targets,single_protein_pref_name,Serine/threonine-protein kinase ULK3,SERINE/THREONINE-PROTEIN KINASE ULK3,rawtok_SERINE_THREONINE_PROTEIN_KINASE_ULK3
BOSUTINIB,targets,single_protein_pref_name,Serine/threonine-protein kinase VRK2,SERINE/THREONINE-PROTEIN KINASE VRK2,rawtok_SERINE_THREONINE_PROTEIN_KINASE_VRK2
BOSUTINIB,targets,single_protein_pref_name,Serine/threonine-protein kinase tousled-like 1,SERINE/THREONINE-PROTEIN KINASE TOUSLED-LIKE 1,rawtok_SERINE_THREONINE_PROTEIN_KINASE_TOUSLED_LIKE_1
BOSUTINIB,targets,single_protein_pref_name,Serine/threonine-protein kinase tousled-like 2,SERINE/THREONINE-PROTEIN KINASE TOUSLED-LIKE 2,rawtok_SERINE_THREONINE_PROTEIN_KINASE_TOUSLED_LIKE_2
BOSUTINIB,targets,single_protein_pref_name,Sodium-dependent dopamine transporter,SODIUM-DEPENDENT DOPAMINE TRANSPORTER,rawtok_SODIUM_DEPENDENT_DOPAMINE_TRANSPORTER
BOSUTINIB,targets,single_protein_pref_name,Sodium-dependent noradrenaline transporter,SODIUM-DEPENDENT NORADRENALINE TRANSPORTER,rawtok_SODIUM_DEPENDENT_NORADRENALINE_TRANSPORTER
BOSUTINIB,targets,single_protein_pref_name,Sodium-dependent serotonin transporter,SODIUM-DEPENDENT SEROTONIN TRANSPORTER,rawtok_SODIUM_DEPENDENT_SEROTONIN_TRANSPORTER
BOSUTINIB,targets,single_protein_pref_name,Substance-P receptor,SUBSTANCE-P RECEPTOR,rawtok_SUBSTANCE_P_RECEPTOR
BOSUTINIB,targets,single_protein_pref_name,TRAF2 and NCK-interacting protein kinase,TRAF2 AND NCK-INTERACTING PROTEIN KINASE,rawtok_TRAF2_AND_NCK_INTERACTING_PROTEIN_KINASE
BOSUTINIB,targets,single_protein_pref_name,Testis-specific serine/threonine-protein kinase 1,TESTIS-SPECIFIC SERINE/THREONINE-PROTEIN KINASE 1,rawtok_TESTIS_SPECIFIC_SERINE_THREONINE_PROTEIN_KINASE_1
BOSUTINIB,targets,single_protein_pref_name,Tyrosine-protein kinase ABL1,TYROSINE-PROTEIN KINASE ABL1,rawtok_TYROSINE_PROTEIN_KINASE_ABL1
BOSUTINIB,targets,single_protein_pref_name,Tyrosine-protein kinase ABL2,TYROSINE-PROTEIN KINASE ABL2,rawtok_TYROSINE_PROTEIN_KINASE_ABL2
BOSUTINIB,targets,single_protein_pref_name,Tyrosine-protein kinase BTK,TYROSINE-PROTEIN KINASE BTK,rawtok_TYROSINE_PROTEIN_KINASE_BTK
BOSUTINIB,targets,single_protein_pref_name,Tyrosine-protein kinase Blk,TYROSINE-PROTEIN KINASE BLK,rawtok_TYROSINE_PROTEIN_KINASE_BLK
BOSUTINIB,targets,single_protein_pref_name,Tyrosine-protein kinase CSK,TYROSINE-PROTEIN KINASE CSK,rawtok_TYROSINE_PROTEIN_KINASE_CSK
BOSUTINIB,targets,single_protein_pref_name,Tyrosine-protein kinase FRK,TYROSINE-PROTEIN KINASE FRK,rawtok_TYROSINE_PROTEIN_KINASE_FRK
BOSUTINIB,targets,single_protein_pref_name,Tyrosine-protein kinase Fer,TYROSINE-PROTEIN KINASE FER,rawtok_TYROSINE_PROTEIN_KINASE_FER
BOSUTINIB,targets,single_protein_pref_name,Tyrosine-protein kinase Fes/Fps,TYROSINE-PROTEIN KINASE FES/FPS,rawtok_TYROSINE_PROTEIN_KINASE_FES_FPS
BOSUTINIB,targets,single_protein_pref_name,Tyrosine-protein kinase Fgr,TYROSINE-PROTEIN KINASE FGR,rawtok_TYROSINE_PROTEIN_KINASE_FGR
BOSUTINIB,targets,single_protein_pref_name,Tyrosine-protein kinase Fyn,TYROSINE-PROTEIN KINASE FYN,rawtok_TYROSINE_PROTEIN_KINASE_FYN
BOSUTINIB,targets,single_protein_pref_name,Tyrosine-protein kinase HCK,TYROSINE-PROTEIN KINASE HCK,rawtok_TYROSINE_PROTEIN_KINASE_HCK
BOSUTINIB,targets,single_protein_pref_name,Tyrosine-protein kinase ITK/TSK,TYROSINE-PROTEIN KINASE ITK/TSK,rawtok_TYROSINE_PROTEIN_KINASE_ITK_TSK
BOSUTINIB,targets,single_protein_pref_name,Tyrosine-protein kinase JAK2,TYROSINE-PROTEIN KINASE JAK2,rawtok_TYROSINE_PROTEIN_KINASE_JAK2
BOSUTINIB,targets,single_protein_pref_name,Tyrosine-protein kinase JAK3,TYROSINE-PROTEIN KINASE JAK3,rawtok_TYROSINE_PROTEIN_KINASE_JAK3
BOSUTINIB,targets,single_protein_pref_name,Tyrosine-protein kinase Lck,TYROSINE-PROTEIN KINASE LCK,rawtok_TYROSINE_PROTEIN_KINASE_LCK
BOSUTINIB,targets,single_protein_pref_name,Tyrosine-protein kinase Lyn,TYROSINE-PROTEIN KINASE LYN,rawtok_TYROSINE_PROTEIN_KINASE_LYN
BOSUTINIB,targets,single_protein_pref_name,Tyrosine-protein kinase Mer,TYROSINE-PROTEIN KINASE MER,rawtok_TYROSINE_PROTEIN_KINASE_MER
BOSUTINIB,targets,single_protein_pref_name,Tyrosine-protein kinase SYK,TYROSINE-PROTEIN KINASE SYK,rawtok_TYROSINE_PROTEIN_KINASE_SYK
BOSUTINIB,targets,single_protein_pref_name,Tyrosine-protein kinase Srms,TYROSINE-PROTEIN KINASE SRMS,rawtok_TYROSINE_PROTEIN_KINASE_SRMS
BOSUTINIB,targets,single_protein_pref_name,Tyrosine-protein kinase TXK,TYROSINE-PROTEIN KINASE TXK,rawtok_TYROSINE_PROTEIN_KINASE_TXK
BOSUTINIB,targets,single_protein_pref_name,Tyrosine-protein kinase Tec,TYROSINE-PROTEIN KINASE TEC,rawtok_TYROSINE_PROTEIN_KINASE_TEC
BOSUTINIB,targets,single_protein_pref_name,Tyrosine-protein kinase Yes,TYROSINE-PROTEIN KINASE YES,rawtok_TYROSINE_PROTEIN_KINASE_YES
BOSUTINIB,targets,single_protein_pref_name,Tyrosine-protein kinase ZAP-70,TYROSINE-PROTEIN KINASE ZAP-70,rawtok_TYROSINE_PROTEIN_KINASE_ZAP_70
BOSUTINIB,targets,single_protein_pref_name,Tyrosine-protein kinase receptor TYRO3,TYROSINE-PROTEIN KINASE RECEPTOR TYRO3,rawtok_TYROSINE_PROTEIN_KINASE_RECEPTOR_TYRO3
BOSUTINIB,targets,single_protein_pref_name,Tyrosine-protein kinase receptor Tie-1,TYROSINE-PROTEIN KINASE RECEPTOR TIE-1,rawtok_TYROSINE_PROTEIN_KINASE_RECEPTOR_TIE_1
BOSUTINIB,targets,single_protein_pref_name,Tyrosine-protein kinase receptor UFO,TYROSINE-PROTEIN KINASE RECEPTOR UFO,rawtok_TYROSINE_PROTEIN_KINASE_RECEPTOR_UFO
BOSUTINIB,targets,single_protein_pref_name,Uncharacterized protein FLJ45252,UNCHARACTERIZED PROTEIN FLJ45252,rawtok_UNCHARACTERIZED_PROTEIN_FLJ45252
BOSUTINIB,targets,single_protein_pref_name,Vasopressin V1a receptor,VASOPRESSIN V1A RECEPTOR,rawtok_VASOPRESSIN_V1A_RECEPTOR
BOSUTINIB,targets,single_protein_pref_name,Vasopressin V2 receptor,VASOPRESSIN V2 RECEPTOR,rawtok_VASOPRESSIN_V2_RECEPTOR
BOSUTINIB,targets,single_protein_pref_name,Voltage-gated inwardly rectifying potassium channel KCNH2,VOLTAGE-GATED INWARDLY RECTIFYING POTASSIUM CHANNEL KCNH2,rawtok_VOLTAGE_GATED_INWARDLY_RECTIFYING_POTASSIUM_CHANNEL_KCNH2
BOSUTINIB,targets,single_protein_pref_name,Wee1-like protein kinase,WEE1-LIKE PROTEIN KINASE,rawtok_WEE1_LIKE_PROTEIN_KINASE
BOSUTINIB,targets,single_protein_pref_name,Wee1-like protein kinase 2,WEE1-LIKE PROTEIN KINASE 2,rawtok_WEE1_LIKE_PROTEIN_KINASE_2
BOSUTINIB,targets,single_protein_pref_name,eIF-2-alpha kinase GCN2,EIF-2-ALPHA KINASE GCN2,rawtok_EIF_2_ALPHA_KINASE_GCN2
DACTOLISIB,targets,single_protein_pref_name,ALK tyrosine kinase receptor,ALK TYROSINE KINASE RECEPTOR,rawtok_ALK_TYROSINE_KINASE_RECEPTOR
DACTOLISIB,targets,single_protein_pref_name,Activin receptor type-1,ACTIVIN RECEPTOR TYPE-1,rawtok_ACTIVIN_RECEPTOR_TYPE_1
DACTOLISIB,targets,single_protein_pref_name,Aurora kinase B,AURORA KINASE B,rawtok_AURORA_KINASE_B
DACTOLISIB,targets,single_protein_pref_name,Bile salt export pump,BILE SALT EXPORT PUMP,rawtok_BILE_SALT_EXPORT_PUMP
DACTOLISIB,targets,single_protein_pref_name,Cyclin-dependent kinase 7,CYCLIN-DEPENDENT KINASE 7,rawtok_CYCLIN_DEPENDENT_KINASE_7
DACTOLISIB,targets,single_protein_pref_name,DNA-dependent protein kinase catalytic subunit,DNA-DEPENDENT PROTEIN KINASE CATALYTIC SUBUNIT,rawtok_DNA_DEPENDENT_PROTEIN_KINASE_CATALYTIC_SUBUNIT
DACTOLISIB,targets,single_protein_pref_name,Dual specificity protein kinase CLK4,DUAL SPECIFICITY PROTEIN KINASE CLK4,rawtok_DUAL_SPECIFICITY_PROTEIN_KINASE_CLK4
DACTOLISIB,targets,single_protein_pref_name,Hepatocyte growth factor receptor,HEPATOCYTE GROWTH FACTOR RECEPTOR,rawtok_HEPATOCYTE_GROWTH_FACTOR_RECEPTOR
DACTOLISIB,targets,single_protein_pref_name,Histone deacetylase 6,HISTONE DEACETYLASE 6,rawtok_HISTONE_DEACETYLASE_6
DACTOLISIB,targets,single_protein_pref_name,LIM domain kinase 1,LIM DOMAIN KINASE 1,rawtok_LIM_DOMAIN_KINASE_1
DACTOLISIB,targets,single_protein_pref_name,Leucine-rich repeat serine/threonine-protein kinase 2,LEUCINE-RICH REPEAT SERINE/THREONINE-PROTEIN KINASE 2,rawtok_LEUCINE_RICH_REPEAT_SERINE_THREONINE_PROTEIN_KINASE_2
DACTOLISIB,targets,single_protein_pref_name,Leukocyte tyrosine kinase receptor,LEUKOCYTE TYROSINE KINASE RECEPTOR,rawtok_LEUKOCYTE_TYROSINE_KINASE_RECEPTOR
DACTOLISIB,targets,single_protein_pref_name,Macrophage colony-stimulating factor 1 receptor,MACROPHAGE COLONY-STIMULATING FACTOR 1 RECEPTOR,rawtok_MACROPHAGE_COLONY_STIMULATING_FACTOR_1_RECEPTOR
DACTOLISIB,targets,single_protein_pref_name,Mitogen-activated protein kinase kinase kinase kinase 2,MITOGEN-ACTIVATED PROTEIN KINASE KINASE KINASE KINASE 2,rawtok_MITOGEN_ACTIVATED_PROTEIN_KINASE_KINASE_KINASE_KINASE_2
DACTOLISIB,targets,single_protein_pref_name,Mitogen-activated protein kinase kinase kinase kinase 5,MITOGEN-ACTIVATED PROTEIN KINASE KINASE KINASE KINASE 5,rawtok_MITOGEN_ACTIVATED_PROTEIN_KINASE_KINASE_KINASE_KINASE_5
DACTOLISIB,targets,single_protein_pref_name,Phosphatidylinositol 3-kinase catalytic subunit type 3,PHOSPHATIDYLINOSITOL 3-KINASE CATALYTIC SUBUNIT TYPE 3,rawtok_PHOSPHATIDYLINOSITOL_3_KINASE_CATALYTIC_SUBUNIT_TYPE_3
DACTOLISIB,targets,single_protein_pref_name,"Phosphatidylinositol 4,5-bisphosphate 3-kinase catalytic subunit alpha isoform","PHOSPHATIDYLINOSITOL 4,5-BISPHOSPHATE 3-KINASE CATALYTIC SUBUNIT ALPHA ISOFORM",rawtok_PHOSPHATIDYLINOSITOL_4_5_BISPHOSPHATE_3_KINASE_CATALYTIC_SUBUNIT_ALPHA_I
DACTOLISIB,targets,single_protein_pref_name,"Phosphatidylinositol 4,5-bisphosphate 3-kinase catalytic subunit beta isoform","PHOSPHATIDYLINOSITOL 4,5-BISPHOSPHATE 3-KINASE CATALYTIC SUBUNIT BETA ISOFORM",rawtok_PHOSPHATIDYLINOSITOL_4_5_BISPHOSPHATE_3_KINASE_CATALYTIC_SUBUNIT_BETA_IS
DACTOLISIB,targets,single_protein_pref_name,"Phosphatidylinositol 4,5-bisphosphate 3-kinase catalytic subunit delta isoform","PHOSPHATIDYLINOSITOL 4,5-BISPHOSPHATE 3-KINASE CATALYTIC SUBUNIT DELTA ISOFORM",rawtok_PHOSPHATIDYLINOSITOL_4_5_BISPHOSPHATE_3_KINASE_CATALYTIC_SUBUNIT_DELTA_I
DACTOLISIB,targets,single_protein_pref_name,"Phosphatidylinositol 4,5-bisphosphate 3-kinase catalytic subunit gamma isoform","PHOSPHATIDYLINOSITOL 4,5-BISPHOSPHATE 3-KINASE CATALYTIC SUBUNIT GAMMA ISOFORM",rawtok_PHOSPHATIDYLINOSITOL_4_5_BISPHOSPHATE_3_KINASE_CATALYTIC_SUBUNIT_GAMMA_I
DACTOLISIB,targets,single_protein_pref_name,Phosphatidylinositol 4-phosphate 3-kinase C2 domain-containing subunit alpha,PHOSPHATIDYLINOSITOL 4-PHOSPHATE 3-KINASE C2 DOMAIN-CONTAINING SUBUNIT ALPHA,rawtok_PHOSPHATIDYLINOSITOL_4_PHOSPHATE_3_KINASE_C2_DOMAIN_CONTAINING_SUBUNIT_A
DACTOLISIB,targets,single_protein_pref_name,Phosphatidylinositol 4-phosphate 3-kinase C2 domain-containing subunit beta,PHOSPHATIDYLINOSITOL 4-PHOSPHATE 3-KINASE C2 DOMAIN-CONTAINING SUBUNIT BETA,rawtok_PHOSPHATIDYLINOSITOL_4_PHOSPHATE_3_KINASE_C2_DOMAIN_CONTAINING_SUBUNIT_B
DACTOLISIB,targets,single_protein_pref_name,Serine-protein kinase ATM,SERINE-PROTEIN KINASE ATM,rawtok_SERINE_PROTEIN_KINASE_ATM
DACTOLISIB,targets,single_protein_pref_name,Serine/threonine-protein kinase ATR,SERINE/THREONINE-PROTEIN KINASE ATR,rawtok_SERINE_THREONINE_PROTEIN_KINASE_ATR
DACTOLISIB,targets,single_protein_pref_name,Serine/threonine-protein kinase Chk1,SERINE/THREONINE-PROTEIN KINASE CHK1,rawtok_SERINE_THREONINE_PROTEIN_KINASE_CHK1
DACTOLISIB,targets,single_protein_pref_name,Serine/threonine-protein kinase Nek2,SERINE/THREONINE-PROTEIN KINASE NEK2,rawtok_SERINE_THREONINE_PROTEIN_KINASE_NEK2
DACTOLISIB,targets,single_protein_pref_name,Serine/threonine-protein kinase mTOR,SERINE/THREONINE-PROTEIN KINASE MTOR,rawtok_SERINE_THREONINE_PROTEIN_KINASE_MTOR
DACTOLISIB,targets,single_protein_pref_name,Tyrosine-protein kinase JAK3,TYROSINE-PROTEIN KINASE JAK3,rawtok_TYROSINE_PROTEIN_KINASE_JAK3
DOCETAXEL,targets,single_protein_pref_name,Cytochrome P450 3A4,CYTOCHROME P450 3A4,rawtok_CYTOCHROME_P450_3A4
DOCETAXEL,targets,single_protein_pref_name,Epidermal growth factor receptor,EPIDERMAL GROWTH FACTOR RECEPTOR,rawtok_EPIDERMAL_GROWTH_FACTOR_RECEPTOR
DOCETAXEL,targets,single_protein_pref_name,Growth hormone-releasing hormone receptor,GROWTH HORMONE-RELEASING HORMONE RECEPTOR,rawtok_GROWTH_HORMONE_RELEASING_HORMONE_RECEPTOR
DOCETAXEL,targets,single_protein_pref_name,Substance-K receptor,SUBSTANCE-K RECEPTOR,rawtok_SUBSTANCE_K_RECEPTOR
DORAMAPIMOD,targets,single_protein_pref_name,ATP-dependent translocase ABCB1,ATP-DEPENDENT TRANSLOCASE ABCB1,rawtok_ATP_DEPENDENT_TRANSLOCASE_ABCB1
DORAMAPIMOD,targets,single_protein_pref_name,Activin receptor type-1B,ACTIVIN RECEPTOR TYPE-1B,rawtok_ACTIVIN_RECEPTOR_TYPE_1B
DORAMAPIMOD,targets,single_protein_pref_name,Angiopoietin-1 receptor,ANGIOPOIETIN-1 RECEPTOR,rawtok_ANGIOPOIETIN_1_RECEPTOR
DORAMAPIMOD,targets,single_protein_pref_name,Ankyrin repeat and protein kinase domain-containing protein 1,ANKYRIN REPEAT AND PROTEIN KINASE DOMAIN-CONTAINING PROTEIN 1,rawtok_ANKYRIN_REPEAT_AND_PROTEIN_KINASE_DOMAIN_CONTAINING_PROTEIN_1
DORAMAPIMOD,targets,single_protein_pref_name,BDNF/NT-3 growth factors receptor,BDNF/NT-3 GROWTH FACTORS RECEPTOR,rawtok_BDNF_NT_3_GROWTH_FACTORS_RECEPTOR
DORAMAPIMOD,targets,single_protein_pref_name,Calcium/calmodulin-dependent protein kinase type II subunit beta,CALCIUM/CALMODULIN-DEPENDENT PROTEIN KINASE TYPE II SUBUNIT BETA,rawtok_CALCIUM_CALMODULIN_DEPENDENT_PROTEIN_KINASE_TYPE_II_SUBUNIT_BETA
DORAMAPIMOD,targets,single_protein_pref_name,Citron Rho-interacting kinase,CITRON RHO-INTERACTING KINASE,rawtok_CITRON_RHO_INTERACTING_KINASE
DORAMAPIMOD,targets,single_protein_pref_name,Cyclin-dependent kinase 13,CYCLIN-DEPENDENT KINASE 13,rawtok_CYCLIN_DEPENDENT_KINASE_13
DORAMAPIMOD,targets,single_protein_pref_name,Cyclin-dependent kinase 19,CYCLIN-DEPENDENT KINASE 19,rawtok_CYCLIN_DEPENDENT_KINASE_19
DORAMAPIMOD,targets,single_protein_pref_name,Cyclin-dependent kinase 5,CYCLIN-DEPENDENT KINASE 5,rawtok_CYCLIN_DEPENDENT_KINASE_5
DORAMAPIMOD,targets,single_protein_pref_name,Cyclin-dependent kinase 7,CYCLIN-DEPENDENT KINASE 7,rawtok_CYCLIN_DEPENDENT_KINASE_7
DORAMAPIMOD,targets,single_protein_pref_name,Cyclin-dependent kinase 8,CYCLIN-DEPENDENT KINASE 8,rawtok_CYCLIN_DEPENDENT_KINASE_8
DORAMAPIMOD,targets,single_protein_pref_name,Discoidin domain-containing receptor 2,DISCOIDIN DOMAIN-CONTAINING RECEPTOR 2,rawtok_DISCOIDIN_DOMAIN_CONTAINING_RECEPTOR_2
DORAMAPIMOD,targets,single_protein_pref_name,Dual specificity protein kinase TTK,DUAL SPECIFICITY PROTEIN KINASE TTK,rawtok_DUAL_SPECIFICITY_PROTEIN_KINASE_TTK
DORAMAPIMOD,targets,single_protein_pref_name,Ephrin type-A receptor 1,EPHRIN TYPE-A RECEPTOR 1,rawtok_EPHRIN_TYPE_A_RECEPTOR_1
DORAMAPIMOD,targets,single_protein_pref_name,Ephrin type-A receptor 2,EPHRIN TYPE-A RECEPTOR 2,rawtok_EPHRIN_TYPE_A_RECEPTOR_2
DORAMAPIMOD,targets,single_protein_pref_name,Ephrin type-A receptor 3,EPHRIN TYPE-A RECEPTOR 3,rawtok_EPHRIN_TYPE_A_RECEPTOR_3
DORAMAPIMOD,targets,single_protein_pref_name,Ephrin type-A receptor 4,EPHRIN TYPE-A RECEPTOR 4,rawtok_EPHRIN_TYPE_A_RECEPTOR_4
DORAMAPIMOD,targets,single_protein_pref_name,Ephrin type-A receptor 5,EPHRIN TYPE-A RECEPTOR 5,rawtok_EPHRIN_TYPE_A_RECEPTOR_5
DORAMAPIMOD,targets,single_protein_pref_name,Ephrin type-A receptor 6,EPHRIN TYPE-A RECEPTOR 6,rawtok_EPHRIN_TYPE_A_RECEPTOR_6
DORAMAPIMOD,targets,single_protein_pref_name,Ephrin type-A receptor 7,EPHRIN TYPE-A RECEPTOR 7,rawtok_EPHRIN_TYPE_A_RECEPTOR_7
DORAMAPIMOD,targets,single_protein_pref_name,Ephrin type-A receptor 8,EPHRIN TYPE-A RECEPTOR 8,rawtok_EPHRIN_TYPE_A_RECEPTOR_8
DORAMAPIMOD,targets,single_protein_pref_name,Ephrin type-B receptor 1,EPHRIN TYPE-B RECEPTOR 1,rawtok_EPHRIN_TYPE_B_RECEPTOR_1
DORAMAPIMOD,targets,single_protein_pref_name,Ephrin type-B receptor 2,EPHRIN TYPE-B RECEPTOR 2,rawtok_EPHRIN_TYPE_B_RECEPTOR_2
DORAMAPIMOD,targets,single_protein_pref_name,Ephrin type-B receptor 3,EPHRIN TYPE-B RECEPTOR 3,rawtok_EPHRIN_TYPE_B_RECEPTOR_3
DORAMAPIMOD,targets,single_protein_pref_name,Ephrin type-B receptor 4,EPHRIN TYPE-B RECEPTOR 4,rawtok_EPHRIN_TYPE_B_RECEPTOR_4
DORAMAPIMOD,targets,single_protein_pref_name,Epidermal growth factor receptor,EPIDERMAL GROWTH FACTOR RECEPTOR,rawtok_EPIDERMAL_GROWTH_FACTOR_RECEPTOR
DORAMAPIMOD,targets,single_protein_pref_name,Epithelial discoidin domain-containing receptor 1,EPITHELIAL DISCOIDIN DOMAIN-CONTAINING RECEPTOR 1,rawtok_EPITHELIAL_DISCOIDIN_DOMAIN_CONTAINING_RECEPTOR_1
DORAMAPIMOD,targets,single_protein_pref_name,Fibroblast growth factor receptor 1,FIBROBLAST GROWTH FACTOR RECEPTOR 1,rawtok_FIBROBLAST_GROWTH_FACTOR_RECEPTOR_1
DORAMAPIMOD,targets,single_protein_pref_name,Fibroblast growth factor receptor 2,FIBROBLAST GROWTH FACTOR RECEPTOR 2,rawtok_FIBROBLAST_GROWTH_FACTOR_RECEPTOR_2
DORAMAPIMOD,targets,single_protein_pref_name,Fibroblast growth factor receptor 4,FIBROBLAST GROWTH FACTOR RECEPTOR 4,rawtok_FIBROBLAST_GROWTH_FACTOR_RECEPTOR_4
DORAMAPIMOD,targets,single_protein_pref_name,Focal adhesion kinase 1,FOCAL ADHESION KINASE 1,rawtok_FOCAL_ADHESION_KINASE_1
DORAMAPIMOD,targets,single_protein_pref_name,Glycogen synthase kinase-3 beta,GLYCOGEN SYNTHASE KINASE-3 BETA,rawtok_GLYCOGEN_SYNTHASE_KINASE_3_BETA
DORAMAPIMOD,targets,single_protein_pref_name,Heat shock protein beta-1,HEAT SHOCK PROTEIN BETA-1,rawtok_HEAT_SHOCK_PROTEIN_BETA_1
DORAMAPIMOD,targets,single_protein_pref_name,High affinity nerve growth factor receptor,HIGH AFFINITY NERVE GROWTH FACTOR RECEPTOR,rawtok_HIGH_AFFINITY_NERVE_GROWTH_FACTOR_RECEPTOR
DORAMAPIMOD,targets,single_protein_pref_name,Leukocyte tyrosine kinase receptor,LEUKOCYTE TYROSINE KINASE RECEPTOR,rawtok_LEUKOCYTE_TYROSINE_KINASE_RECEPTOR
DORAMAPIMOD,targets,single_protein_pref_name,MAP kinase-interacting serine/threonine-protein kinase 1,MAP KINASE-INTERACTING SERINE/THREONINE-PROTEIN KINASE 1,rawtok_MAP_KINASE_INTERACTING_SERINE_THREONINE_PROTEIN_KINASE_1
DORAMAPIMOD,targets,single_protein_pref_name,MAP kinase-interacting serine/threonine-protein kinase 2,MAP KINASE-INTERACTING SERINE/THREONINE-PROTEIN KINASE 2,rawtok_MAP_KINASE_INTERACTING_SERINE_THREONINE_PROTEIN_KINASE_2
DORAMAPIMOD,targets,single_protein_pref_name,Macrophage colony-stimulating factor 1 receptor,MACROPHAGE COLONY-STIMULATING FACTOR 1 RECEPTOR,rawtok_MACROPHAGE_COLONY_STIMULATING_FACTOR_1_RECEPTOR
DORAMAPIMOD,targets,single_protein_pref_name,Mast/stem cell growth factor receptor Kit,MAST/STEM CELL GROWTH FACTOR RECEPTOR KIT,rawtok_MAST_STEM_CELL_GROWTH_FACTOR_RECEPTOR_KIT
DORAMAPIMOD,targets,single_protein_pref_name,Misshapen-like kinase 1,MISSHAPEN-LIKE KINASE 1,rawtok_MISSHAPEN_LIKE_KINASE_1
DORAMAPIMOD,targets,single_protein_pref_name,Mitogen-activated protein kinase 1,MITOGEN-ACTIVATED PROTEIN KINASE 1,rawtok_MITOGEN_ACTIVATED_PROTEIN_KINASE_1
DORAMAPIMOD,targets,single_protein_pref_name,Mitogen-activated protein kinase 10,MITOGEN-ACTIVATED PROTEIN KINASE 10,rawtok_MITOGEN_ACTIVATED_PROTEIN_KINASE_10
DORAMAPIMOD,targets,single_protein_pref_name,Mitogen-activated protein kinase 11,MITOGEN-ACTIVATED PROTEIN KINASE 11,rawtok_MITOGEN_ACTIVATED_PROTEIN_KINASE_11
DORAMAPIMOD,targets,single_protein_pref_name,Mitogen-activated protein kinase 12,MITOGEN-ACTIVATED PROTEIN KINASE 12,rawtok_MITOGEN_ACTIVATED_PROTEIN_KINASE_12
DORAMAPIMOD,targets,single_protein_pref_name,Mitogen-activated protein kinase 13,MITOGEN-ACTIVATED PROTEIN KINASE 13,rawtok_MITOGEN_ACTIVATED_PROTEIN_KINASE_13
DORAMAPIMOD,targets,single_protein_pref_name,Mitogen-activated protein kinase 14,MITOGEN-ACTIVATED PROTEIN KINASE 14,rawtok_MITOGEN_ACTIVATED_PROTEIN_KINASE_14
DORAMAPIMOD,targets,single_protein_pref_name,Mitogen-activated protein kinase 15,MITOGEN-ACTIVATED PROTEIN KINASE 15,rawtok_MITOGEN_ACTIVATED_PROTEIN_KINASE_15
DORAMAPIMOD,targets,single_protein_pref_name,Mitogen-activated protein kinase 8,MITOGEN-ACTIVATED PROTEIN KINASE 8,rawtok_MITOGEN_ACTIVATED_PROTEIN_KINASE_8
DORAMAPIMOD,targets,single_protein_pref_name,Mitogen-activated protein kinase 9,MITOGEN-ACTIVATED PROTEIN KINASE 9,rawtok_MITOGEN_ACTIVATED_PROTEIN_KINASE_9
DORAMAPIMOD,targets,single_protein_pref_name,Mitogen-activated protein kinase kinase kinase 20,MITOGEN-ACTIVATED PROTEIN KINASE KINASE KINASE 20,rawtok_MITOGEN_ACTIVATED_PROTEIN_KINASE_KINASE_KINASE_20
DORAMAPIMOD,targets,single_protein_pref_name,Mitogen-activated protein kinase kinase kinase 7,MITOGEN-ACTIVATED PROTEIN KINASE KINASE KINASE 7,rawtok_MITOGEN_ACTIVATED_PROTEIN_KINASE_KINASE_KINASE_7
DORAMAPIMOD,targets,single_protein_pref_name,Mitogen-activated protein kinase kinase kinase kinase 4,MITOGEN-ACTIVATED PROTEIN KINASE KINASE KINASE KINASE 4,rawtok_MITOGEN_ACTIVATED_PROTEIN_KINASE_KINASE_KINASE_KINASE_4
DORAMAPIMOD,targets,single_protein_pref_name,"Muscle, skeletal receptor tyrosine-protein kinase","MUSCLE, SKELETAL RECEPTOR TYROSINE-PROTEIN KINASE",rawtok_MUSCLE_SKELETAL_RECEPTOR_TYROSINE_PROTEIN_KINASE
DORAMAPIMOD,targets,single_protein_pref_name,NT-3 growth factor receptor,NT-3 GROWTH FACTOR RECEPTOR,rawtok_NT_3_GROWTH_FACTOR_RECEPTOR
DORAMAPIMOD,targets,single_protein_pref_name,Platelet-derived growth factor receptor alpha,PLATELET-DERIVED GROWTH FACTOR RECEPTOR ALPHA,rawtok_PLATELET_DERIVED_GROWTH_FACTOR_RECEPTOR_ALPHA
DORAMAPIMOD,targets,single_protein_pref_name,Platelet-derived growth factor receptor beta,PLATELET-DERIVED GROWTH FACTOR RECEPTOR BETA,rawtok_PLATELET_DERIVED_GROWTH_FACTOR_RECEPTOR_BETA
DORAMAPIMOD,targets,single_protein_pref_name,Protein kinase C beta type,PROTEIN KINASE C BETA TYPE,rawtok_PROTEIN_KINASE_C_BETA_TYPE
DORAMAPIMOD,targets,single_protein_pref_name,Protein kinase C delta type,PROTEIN KINASE C DELTA TYPE,rawtok_PROTEIN_KINASE_C_DELTA_TYPE
DORAMAPIMOD,targets,single_protein_pref_name,Protein-tyrosine kinase 2-beta,PROTEIN-TYROSINE KINASE 2-BETA,rawtok_PROTEIN_TYROSINE_KINASE_2_BETA
DORAMAPIMOD,targets,single_protein_pref_name,Proto-oncogene tyrosine-protein kinase Src,PROTO-ONCOGENE TYROSINE-PROTEIN KINASE SRC,rawtok_PROTO_ONCOGENE_TYROSINE_PROTEIN_KINASE_SRC
DORAMAPIMOD,targets,single_protein_pref_name,Proto-oncogene tyrosine-protein kinase receptor Ret,PROTO-ONCOGENE TYROSINE-PROTEIN KINASE RECEPTOR RET,rawtok_PROTO_ONCOGENE_TYROSINE_PROTEIN_KINASE_RECEPTOR_RET
DORAMAPIMOD,targets,single_protein_pref_name,RAF proto-oncogene serine/threonine-protein kinase,RAF PROTO-ONCOGENE SERINE/THREONINE-PROTEIN KINASE,rawtok_RAF_PROTO_ONCOGENE_SERINE_THREONINE_PROTEIN_KINASE
DORAMAPIMOD,targets,single_protein_pref_name,Receptor-interacting serine/threonine-protein kinase 2,RECEPTOR-INTERACTING SERINE/THREONINE-PROTEIN KINASE 2,rawtok_RECEPTOR_INTERACTING_SERINE_THREONINE_PROTEIN_KINASE_2
DORAMAPIMOD,targets,single_protein_pref_name,Receptor-type tyrosine-protein kinase FLT3,RECEPTOR-TYPE TYROSINE-PROTEIN KINASE FLT3,rawtok_RECEPTOR_TYPE_TYROSINE_PROTEIN_KINASE_FLT3
DORAMAPIMOD,targets,single_protein_pref_name,STE20-like serine/threonine-protein kinase,STE20-LIKE SERINE/THREONINE-PROTEIN KINASE,rawtok_STE20_LIKE_SERINE_THREONINE_PROTEIN_KINASE
DORAMAPIMOD,targets,single_protein_pref_name,Serine/threonine-protein kinase 10,SERINE/THREONINE-PROTEIN KINASE 10,rawtok_SERINE_THREONINE_PROTEIN_KINASE_10
DORAMAPIMOD,targets,single_protein_pref_name,Serine/threonine-protein kinase B-raf,SERINE/THREONINE-PROTEIN KINASE B-RAF,rawtok_SERINE_THREONINE_PROTEIN_KINASE_B_RAF
DORAMAPIMOD,targets,single_protein_pref_name,Serine/threonine-protein kinase Chk2,SERINE/THREONINE-PROTEIN KINASE CHK2,rawtok_SERINE_THREONINE_PROTEIN_KINASE_CHK2
DORAMAPIMOD,targets,single_protein_pref_name,Serine/threonine-protein kinase D2,SERINE/THREONINE-PROTEIN KINASE D2,rawtok_SERINE_THREONINE_PROTEIN_KINASE_D2
DORAMAPIMOD,targets,single_protein_pref_name,Serine/threonine-protein kinase MARK2,SERINE/THREONINE-PROTEIN KINASE MARK2,rawtok_SERINE_THREONINE_PROTEIN_KINASE_MARK2
DORAMAPIMOD,targets,single_protein_pref_name,Serine/threonine-protein kinase MRCK alpha,SERINE/THREONINE-PROTEIN KINASE MRCK ALPHA,rawtok_SERINE_THREONINE_PROTEIN_KINASE_MRCK_ALPHA
DORAMAPIMOD,targets,single_protein_pref_name,Serine/threonine-protein kinase MRCK beta,SERINE/THREONINE-PROTEIN KINASE MRCK BETA,rawtok_SERINE_THREONINE_PROTEIN_KINASE_MRCK_BETA
DORAMAPIMOD,targets,single_protein_pref_name,Serine/threonine-protein kinase MRCK gamma,SERINE/THREONINE-PROTEIN KINASE MRCK GAMMA,rawtok_SERINE_THREONINE_PROTEIN_KINASE_MRCK_GAMMA
DORAMAPIMOD,targets,single_protein_pref_name,Serine/threonine-protein kinase NLK,SERINE/THREONINE-PROTEIN KINASE NLK,rawtok_SERINE_THREONINE_PROTEIN_KINASE_NLK
DORAMAPIMOD,targets,single_protein_pref_name,TRAF2 and NCK-interacting protein kinase,TRAF2 AND NCK-INTERACTING PROTEIN KINASE,rawtok_TRAF2_AND_NCK_INTERACTING_PROTEIN_KINASE
DORAMAPIMOD,targets,single_protein_pref_name,Tumor necrosis factor,TUMOR NECROSIS FACTOR,rawtok_TUMOR_NECROSIS_FACTOR
DORAMAPIMOD,targets,single_protein_pref_name,Tyrosine-protein kinase ABL1,TYROSINE-PROTEIN KINASE ABL1,rawtok_TYROSINE_PROTEIN_KINASE_ABL1
DORAMAPIMOD,targets,single_protein_pref_name,Tyrosine-protein kinase ABL2,TYROSINE-PROTEIN KINASE ABL2,rawtok_TYROSINE_PROTEIN_KINASE_ABL2
DORAMAPIMOD,targets,single_protein_pref_name,Tyrosine-protein kinase Blk,TYROSINE-PROTEIN KINASE BLK,rawtok_TYROSINE_PROTEIN_KINASE_BLK
DORAMAPIMOD,targets,single_protein_pref_name,Tyrosine-protein kinase FRK,TYROSINE-PROTEIN KINASE FRK,rawtok_TYROSINE_PROTEIN_KINASE_FRK
DORAMAPIMOD,targets,single_protein_pref_name,Tyrosine-protein kinase Fer,TYROSINE-PROTEIN KINASE FER,rawtok_TYROSINE_PROTEIN_KINASE_FER
DORAMAPIMOD,targets,single_protein_pref_name,Tyrosine-protein kinase Fgr,TYROSINE-PROTEIN KINASE FGR,rawtok_TYROSINE_PROTEIN_KINASE_FGR
DORAMAPIMOD,targets,single_protein_pref_name,Tyrosine-protein kinase Fyn,TYROSINE-PROTEIN KINASE FYN,rawtok_TYROSINE_PROTEIN_KINASE_FYN
DORAMAPIMOD,targets,single_protein_pref_name,Tyrosine-protein kinase HCK,TYROSINE-PROTEIN KINASE HCK,rawtok_TYROSINE_PROTEIN_KINASE_HCK
DORAMAPIMOD,targets,single_protein_pref_name,Tyrosine-protein kinase Lck,TYROSINE-PROTEIN KINASE LCK,rawtok_TYROSINE_PROTEIN_KINASE_LCK
DORAMAPIMOD,targets,single_protein_pref_name,Tyrosine-protein kinase Lyn,TYROSINE-PROTEIN KINASE LYN,rawtok_TYROSINE_PROTEIN_KINASE_LYN
DORAMAPIMOD,targets,single_protein_pref_name,Tyrosine-protein kinase Mer,TYROSINE-PROTEIN KINASE MER,rawtok_TYROSINE_PROTEIN_KINASE_MER
DORAMAPIMOD,targets,single_protein_pref_name,Tyrosine-protein kinase Yes,TYROSINE-PROTEIN KINASE YES,rawtok_TYROSINE_PROTEIN_KINASE_YES
DORAMAPIMOD,targets,single_protein_pref_name,Tyrosine-protein kinase receptor TYRO3,TYROSINE-PROTEIN KINASE RECEPTOR TYRO3,rawtok_TYROSINE_PROTEIN_KINASE_RECEPTOR_TYRO3
DORAMAPIMOD,targets,single_protein_pref_name,Tyrosine-protein kinase receptor Tie-1,TYROSINE-PROTEIN KINASE RECEPTOR TIE-1,rawtok_TYROSINE_PROTEIN_KINASE_RECEPTOR_TIE_1
DORAMAPIMOD,targets,single_protein_pref_name,Vascular endothelial growth factor receptor 1,VASCULAR ENDOTHELIAL GROWTH FACTOR RECEPTOR 1,rawtok_VASCULAR_ENDOTHELIAL_GROWTH_FACTOR_RECEPTOR_1
DORAMAPIMOD,targets,single_protein_pref_name,Vascular endothelial growth factor receptor 2,VASCULAR ENDOTHELIAL GROWTH FACTOR RECEPTOR 2,rawtok_VASCULAR_ENDOTHELIAL_GROWTH_FACTOR_RECEPTOR_2
DORAMAPIMOD,targets,single_protein_pref_name,Vascular endothelial growth factor receptor 3,VASCULAR ENDOTHELIAL GROWTH FACTOR RECEPTOR 3,rawtok_VASCULAR_ENDOTHELIAL_GROWTH_FACTOR_RECEPTOR_3
EHT-1864,targets,single_protein_pref_name,Ras-related C3 botulinum toxin substrate 1,RAS-RELATED C3 BOTULINUM TOXIN SUBSTRATE 1,rawtok_RAS_RELATED_C3_BOTULINUM_TOXIN_SUBSTRATE_1
FULVESTRANT,targets,single_protein_pref_name,Bifunctional epoxide hydrolase 2,BIFUNCTIONAL EPOXIDE HYDROLASE 2,rawtok_BIFUNCTIONAL_EPOXIDE_HYDROLASE_2
FULVESTRANT,targets,single_protein_pref_name,Bile acid receptor,BILE ACID RECEPTOR,rawtok_BILE_ACID_RECEPTOR
FULVESTRANT,targets,single_protein_pref_name,Estrogen receptor,ESTROGEN RECEPTOR,rawtok_ESTROGEN_RECEPTOR
FULVESTRANT,targets,single_protein_pref_name,Estrogen receptor beta,ESTROGEN RECEPTOR BETA,rawtok_ESTROGEN_RECEPTOR_BETA
FULVESTRANT,targets,single_protein_pref_name,Glucocorticoid receptor,GLUCOCORTICOID RECEPTOR,rawtok_GLUCOCORTICOID_RECEPTOR
FULVESTRANT,targets,single_protein_pref_name,"NAD-dependent protein deacylase sirtuin-5, mitochondrial","NAD-DEPENDENT PROTEIN DEACYLASE SIRTUIN-5, MITOCHONDRIAL",rawtok_NAD_DEPENDENT_PROTEIN_DEACYLASE_SIRTUIN_5_MITOCHONDRIAL
FULVESTRANT,targets,single_protein_pref_name,Nuclear receptor subfamily 1 group I member 2,NUCLEAR RECEPTOR SUBFAMILY 1 GROUP I MEMBER 2,rawtok_NUCLEAR_RECEPTOR_SUBFAMILY_1_GROUP_I_MEMBER_2
FULVESTRANT,targets,single_protein_pref_name,Peroxisome proliferator-activated receptor gamma,PEROXISOME PROLIFERATOR-ACTIVATED RECEPTOR GAMMA,rawtok_PEROXISOME_PROLIFERATOR_ACTIVATED_RECEPTOR_GAMMA
FULVESTRANT,targets,single_protein_pref_name,Progesterone receptor,PROGESTERONE RECEPTOR,rawtok_PROGESTERONE_RECEPTOR
FULVESTRANT,targets,single_protein_pref_name,Steroid hormone receptor ERR1,STEROID HORMONE RECEPTOR ERR1,rawtok_STEROID_HORMONE_RECEPTOR_ERR1
GEFITINIB,targets,single_protein_pref_name,ATP-binding cassette sub-family C member 4,ATP-BINDING CASSETTE SUB-FAMILY C MEMBER 4,rawtok_ATP_BINDING_CASSETTE_SUB_FAMILY_C_MEMBER_4
GEFITINIB,targets,single_protein_pref_name,ATP-dependent translocase ABCB1,ATP-DEPENDENT TRANSLOCASE ABCB1,rawtok_ATP_DEPENDENT_TRANSLOCASE_ABCB1
GEFITINIB,targets,single_protein_pref_name,Activated CDC42 kinase 1,ACTIVATED CDC42 KINASE 1,rawtok_ACTIVATED_CDC42_KINASE_1
GEFITINIB,targets,single_protein_pref_name,Acyl-CoA dehydrogenase family member 10,ACYL-COA DEHYDROGENASE FAMILY MEMBER 10,rawtok_ACYL_COA_DEHYDROGENASE_FAMILY_MEMBER_10
GEFITINIB,targets,single_protein_pref_name,Adenosine receptor A3,ADENOSINE RECEPTOR A3,rawtok_ADENOSINE_RECEPTOR_A3
GEFITINIB,targets,single_protein_pref_name,Beta-secretase 1,BETA-SECRETASE 1,rawtok_BETA_SECRETASE_1
GEFITINIB,targets,single_protein_pref_name,Bile salt export pump,BILE SALT EXPORT PUMP,rawtok_BILE_SALT_EXPORT_PUMP
GEFITINIB,targets,single_protein_pref_name,Broad substrate specificity ATP-binding cassette transporter ABCG2,BROAD SUBSTRATE SPECIFICITY ATP-BINDING CASSETTE TRANSPORTER ABCG2,rawtok_BROAD_SUBSTRATE_SPECIFICITY_ATP_BINDING_CASSETTE_TRANSPORTER_ABCG2
GEFITINIB,targets,single_protein_pref_name,Calcium/calmodulin-dependent protein kinase type II subunit delta,CALCIUM/CALMODULIN-DEPENDENT PROTEIN KINASE TYPE II SUBUNIT DELTA,rawtok_CALCIUM_CALMODULIN_DEPENDENT_PROTEIN_KINASE_TYPE_II_SUBUNIT_DELTA
GEFITINIB,targets,single_protein_pref_name,Calcium/calmodulin-dependent protein kinase type II subunit gamma,CALCIUM/CALMODULIN-DEPENDENT PROTEIN KINASE TYPE II SUBUNIT GAMMA,rawtok_CALCIUM_CALMODULIN_DEPENDENT_PROTEIN_KINASE_TYPE_II_SUBUNIT_GAMMA
GEFITINIB,targets,single_protein_pref_name,Casein kinase I isoform delta,CASEIN KINASE I ISOFORM DELTA,rawtok_CASEIN_KINASE_I_ISOFORM_DELTA
GEFITINIB,targets,single_protein_pref_name,Casein kinase I isoform epsilon,CASEIN KINASE I ISOFORM EPSILON,rawtok_CASEIN_KINASE_I_ISOFORM_EPSILON
GEFITINIB,targets,single_protein_pref_name,Citron Rho-interacting kinase,CITRON RHO-INTERACTING KINASE,rawtok_CITRON_RHO_INTERACTING_KINASE
GEFITINIB,targets,single_protein_pref_name,Cyclin-G-associated kinase,CYCLIN-G-ASSOCIATED KINASE,rawtok_CYCLIN_G_ASSOCIATED_KINASE
GEFITINIB,targets,single_protein_pref_name,Cyclin-dependent kinase 7,CYCLIN-DEPENDENT KINASE 7,rawtok_CYCLIN_DEPENDENT_KINASE_7
GEFITINIB,targets,single_protein_pref_name,Death-associated protein kinase 3,DEATH-ASSOCIATED PROTEIN KINASE 3,rawtok_DEATH_ASSOCIATED_PROTEIN_KINASE_3
GEFITINIB,targets,single_protein_pref_name,Dual specificity mitogen-activated protein kinase kinase 5,DUAL SPECIFICITY MITOGEN-ACTIVATED PROTEIN KINASE KINASE 5,rawtok_DUAL_SPECIFICITY_MITOGEN_ACTIVATED_PROTEIN_KINASE_KINASE_5
GEFITINIB,targets,single_protein_pref_name,Ephrin type-A receptor 1,EPHRIN TYPE-A RECEPTOR 1,rawtok_EPHRIN_TYPE_A_RECEPTOR_1
GEFITINIB,targets,single_protein_pref_name,Ephrin type-A receptor 3,EPHRIN TYPE-A RECEPTOR 3,rawtok_EPHRIN_TYPE_A_RECEPTOR_3
GEFITINIB,targets,single_protein_pref_name,Ephrin type-A receptor 5,EPHRIN TYPE-A RECEPTOR 5,rawtok_EPHRIN_TYPE_A_RECEPTOR_5
GEFITINIB,targets,single_protein_pref_name,Ephrin type-A receptor 6,EPHRIN TYPE-A RECEPTOR 6,rawtok_EPHRIN_TYPE_A_RECEPTOR_6
GEFITINIB,targets,single_protein_pref_name,Ephrin type-A receptor 8,EPHRIN TYPE-A RECEPTOR 8,rawtok_EPHRIN_TYPE_A_RECEPTOR_8
GEFITINIB,targets,single_protein_pref_name,Ephrin type-B receptor 1,EPHRIN TYPE-B RECEPTOR 1,rawtok_EPHRIN_TYPE_B_RECEPTOR_1
GEFITINIB,targets,single_protein_pref_name,Ephrin type-B receptor 4,EPHRIN TYPE-B RECEPTOR 4,rawtok_EPHRIN_TYPE_B_RECEPTOR_4
GEFITINIB,targets,single_protein_pref_name,Ephrin type-B receptor 6,EPHRIN TYPE-B RECEPTOR 6,rawtok_EPHRIN_TYPE_B_RECEPTOR_6
GEFITINIB,targets,single_protein_pref_name,Epidermal growth factor receptor,EPIDERMAL GROWTH FACTOR RECEPTOR,rawtok_EPIDERMAL_GROWTH_FACTOR_RECEPTOR
GEFITINIB,targets,single_protein_pref_name,"Ferrochelatase, mitochondrial","FERROCHELATASE, MITOCHONDRIAL",rawtok_FERROCHELATASE_MITOCHONDRIAL
GEFITINIB,targets,single_protein_pref_name,Hepatocyte growth factor receptor,HEPATOCYTE GROWTH FACTOR RECEPTOR,rawtok_HEPATOCYTE_GROWTH_FACTOR_RECEPTOR
GEFITINIB,targets,single_protein_pref_name,Histamine H3 receptor,HISTAMINE H3 RECEPTOR,rawtok_HISTAMINE_H3_RECEPTOR
GEFITINIB,targets,single_protein_pref_name,Homeodomain-interacting protein kinase 4,HOMEODOMAIN-INTERACTING PROTEIN KINASE 4,rawtok_HOMEODOMAIN_INTERACTING_PROTEIN_KINASE_4
GEFITINIB,targets,single_protein_pref_name,Interleukin-1 receptor-associated kinase 1,INTERLEUKIN-1 RECEPTOR-ASSOCIATED KINASE 1,rawtok_INTERLEUKIN_1_RECEPTOR_ASSOCIATED_KINASE_1
GEFITINIB,targets,single_protein_pref_name,Interleukin-1 receptor-associated kinase 3,INTERLEUKIN-1 RECEPTOR-ASSOCIATED KINASE 3,rawtok_INTERLEUKIN_1_RECEPTOR_ASSOCIATED_KINASE_3
GEFITINIB,targets,single_protein_pref_name,Interleukin-1 receptor-associated kinase 4,INTERLEUKIN-1 RECEPTOR-ASSOCIATED KINASE 4,rawtok_INTERLEUKIN_1_RECEPTOR_ASSOCIATED_KINASE_4
GEFITINIB,targets,single_protein_pref_name,LIM domain kinase 1,LIM DOMAIN KINASE 1,rawtok_LIM_DOMAIN_KINASE_1
GEFITINIB,targets,single_protein_pref_name,Leukocyte tyrosine kinase receptor,LEUKOCYTE TYROSINE KINASE RECEPTOR,rawtok_LEUKOCYTE_TYROSINE_KINASE_RECEPTOR
GEFITINIB,targets,single_protein_pref_name,MAP kinase-interacting serine/threonine-protein kinase 1,MAP KINASE-INTERACTING SERINE/THREONINE-PROTEIN KINASE 1,rawtok_MAP_KINASE_INTERACTING_SERINE_THREONINE_PROTEIN_KINASE_1
GEFITINIB,targets,single_protein_pref_name,MAP kinase-interacting serine/threonine-protein kinase 2,MAP KINASE-INTERACTING SERINE/THREONINE-PROTEIN KINASE 2,rawtok_MAP_KINASE_INTERACTING_SERINE_THREONINE_PROTEIN_KINASE_2
GEFITINIB,targets,single_protein_pref_name,Mast/stem cell growth factor receptor Kit,MAST/STEM CELL GROWTH FACTOR RECEPTOR KIT,rawtok_MAST_STEM_CELL_GROWTH_FACTOR_RECEPTOR_KIT
GEFITINIB,targets,single_protein_pref_name,Melanocortin receptor 3,MELANOCORTIN RECEPTOR 3,rawtok_MELANOCORTIN_RECEPTOR_3
GEFITINIB,targets,single_protein_pref_name,Misshapen-like kinase 1,MISSHAPEN-LIKE KINASE 1,rawtok_MISSHAPEN_LIKE_KINASE_1
GEFITINIB,targets,single_protein_pref_name,Mitogen-activated protein kinase 10,MITOGEN-ACTIVATED PROTEIN KINASE 10,rawtok_MITOGEN_ACTIVATED_PROTEIN_KINASE_10
GEFITINIB,targets,single_protein_pref_name,Mitogen-activated protein kinase 14,MITOGEN-ACTIVATED PROTEIN KINASE 14,rawtok_MITOGEN_ACTIVATED_PROTEIN_KINASE_14
GEFITINIB,targets,single_protein_pref_name,Mitogen-activated protein kinase 4,MITOGEN-ACTIVATED PROTEIN KINASE 4,rawtok_MITOGEN_ACTIVATED_PROTEIN_KINASE_4
GEFITINIB,targets,single_protein_pref_name,Mitogen-activated protein kinase 6,MITOGEN-ACTIVATED PROTEIN KINASE 6,rawtok_MITOGEN_ACTIVATED_PROTEIN_KINASE_6
GEFITINIB,targets,single_protein_pref_name,Mitogen-activated protein kinase 9,MITOGEN-ACTIVATED PROTEIN KINASE 9,rawtok_MITOGEN_ACTIVATED_PROTEIN_KINASE_9
GEFITINIB,targets,single_protein_pref_name,Mitogen-activated protein kinase kinase kinase 19,MITOGEN-ACTIVATED PROTEIN KINASE KINASE KINASE 19,rawtok_MITOGEN_ACTIVATED_PROTEIN_KINASE_KINASE_KINASE_19
GEFITINIB,targets,single_protein_pref_name,Mitogen-activated protein kinase kinase kinase 2,MITOGEN-ACTIVATED PROTEIN KINASE KINASE KINASE 2,rawtok_MITOGEN_ACTIVATED_PROTEIN_KINASE_KINASE_KINASE_2
GEFITINIB,targets,single_protein_pref_name,Mitogen-activated protein kinase kinase kinase 3,MITOGEN-ACTIVATED PROTEIN KINASE KINASE KINASE 3,rawtok_MITOGEN_ACTIVATED_PROTEIN_KINASE_KINASE_KINASE_3
GEFITINIB,targets,single_protein_pref_name,Mitogen-activated protein kinase kinase kinase kinase 4,MITOGEN-ACTIVATED PROTEIN KINASE KINASE KINASE KINASE 4,rawtok_MITOGEN_ACTIVATED_PROTEIN_KINASE_KINASE_KINASE_KINASE_4
GEFITINIB,targets,single_protein_pref_name,Mitogen-activated protein kinase kinase kinase kinase 5,MITOGEN-ACTIVATED PROTEIN KINASE KINASE KINASE KINASE 5,rawtok_MITOGEN_ACTIVATED_PROTEIN_KINASE_KINASE_KINASE_KINASE_5
GEFITINIB,targets,single_protein_pref_name,"Myosin light chain kinase 2, skeletal/cardiac muscle","MYOSIN LIGHT CHAIN KINASE 2, SKELETAL/CARDIAC MUSCLE",rawtok_MYOSIN_LIGHT_CHAIN_KINASE_2_SKELETAL_CARDIAC_MUSCLE
GEFITINIB,targets,single_protein_pref_name,Myotonin-protein kinase,MYOTONIN-PROTEIN KINASE,rawtok_MYOTONIN_PROTEIN_KINASE
GEFITINIB,targets,single_protein_pref_name,NUAK family SNF1-like kinase 2,NUAK FAMILY SNF1-LIKE KINASE 2,rawtok_NUAK_FAMILY_SNF1_LIKE_KINASE_2
GEFITINIB,targets,single_protein_pref_name,Nuclear receptor subfamily 1 group I member 2,NUCLEAR RECEPTOR SUBFAMILY 1 GROUP I MEMBER 2,rawtok_NUCLEAR_RECEPTOR_SUBFAMILY_1_GROUP_I_MEMBER_2
GEFITINIB,targets,single_protein_pref_name,Phosphatidylinositol 5-phosphate 4-kinase type-2 gamma,PHOSPHATIDYLINOSITOL 5-PHOSPHATE 4-KINASE TYPE-2 GAMMA,rawtok_PHOSPHATIDYLINOSITOL_5_PHOSPHATE_4_KINASE_TYPE_2_GAMMA
GEFITINIB,targets,single_protein_pref_name,"Phosphorylase b kinase gamma catalytic chain, liver/testis isoform","PHOSPHORYLASE B KINASE GAMMA CATALYTIC CHAIN, LIVER/TESTIS ISOFORM",rawtok_PHOSPHORYLASE_B_KINASE_GAMMA_CATALYTIC_CHAIN_LIVER_TESTIS_ISOFORM
GEFITINIB,targets,single_protein_pref_name,"Phosphorylase b kinase gamma catalytic chain, skeletal muscle/heart isoform","PHOSPHORYLASE B KINASE GAMMA CATALYTIC CHAIN, SKELETAL MUSCLE/HEART ISOFORM",rawtok_PHOSPHORYLASE_B_KINASE_GAMMA_CATALYTIC_CHAIN_SKELETAL_MUSCLE_HEART_ISOFO
GEFITINIB,targets,single_protein_pref_name,Protein-tyrosine kinase 6,PROTEIN-TYROSINE KINASE 6,rawtok_PROTEIN_TYROSINE_KINASE_6
GEFITINIB,targets,single_protein_pref_name,Proto-oncogene tyrosine-protein kinase Src,PROTO-ONCOGENE TYROSINE-PROTEIN KINASE SRC,rawtok_PROTO_ONCOGENE_TYROSINE_PROTEIN_KINASE_SRC
GEFITINIB,targets,single_protein_pref_name,Proto-oncogene tyrosine-protein kinase receptor Ret,PROTO-ONCOGENE TYROSINE-PROTEIN KINASE RECEPTOR RET,rawtok_PROTO_ONCOGENE_TYROSINE_PROTEIN_KINASE_RECEPTOR_RET
GEFITINIB,targets,single_protein_pref_name,Receptor tyrosine-protein kinase erbB-2,RECEPTOR TYROSINE-PROTEIN KINASE ERBB-2,rawtok_RECEPTOR_TYROSINE_PROTEIN_KINASE_ERBB_2
GEFITINIB,targets,single_protein_pref_name,Receptor tyrosine-protein kinase erbB-3,RECEPTOR TYROSINE-PROTEIN KINASE ERBB-3,rawtok_RECEPTOR_TYROSINE_PROTEIN_KINASE_ERBB_3
GEFITINIB,targets,single_protein_pref_name,Receptor tyrosine-protein kinase erbB-4,RECEPTOR TYROSINE-PROTEIN KINASE ERBB-4,rawtok_RECEPTOR_TYROSINE_PROTEIN_KINASE_ERBB_4
GEFITINIB,targets,single_protein_pref_name,Receptor-interacting serine/threonine-protein kinase 2,RECEPTOR-INTERACTING SERINE/THREONINE-PROTEIN KINASE 2,rawtok_RECEPTOR_INTERACTING_SERINE_THREONINE_PROTEIN_KINASE_2
GEFITINIB,targets,single_protein_pref_name,Receptor-interacting serine/threonine-protein kinase 3,RECEPTOR-INTERACTING SERINE/THREONINE-PROTEIN KINASE 3,rawtok_RECEPTOR_INTERACTING_SERINE_THREONINE_PROTEIN_KINASE_3
GEFITINIB,targets,single_protein_pref_name,Receptor-type tyrosine-protein kinase FLT3,RECEPTOR-TYPE TYROSINE-PROTEIN KINASE FLT3,rawtok_RECEPTOR_TYPE_TYROSINE_PROTEIN_KINASE_FLT3
GEFITINIB,targets,single_protein_pref_name,Ribosomal protein S6 kinase alpha-4,RIBOSOMAL PROTEIN S6 KINASE ALPHA-4,rawtok_RIBOSOMAL_PROTEIN_S6_KINASE_ALPHA_4
GEFITINIB,targets,single_protein_pref_name,STE20-like serine/threonine-protein kinase,STE20-LIKE SERINE/THREONINE-PROTEIN KINASE,rawtok_STE20_LIKE_SERINE_THREONINE_PROTEIN_KINASE
GEFITINIB,targets,single_protein_pref_name,Serine/threonine-protein kinase 10,SERINE/THREONINE-PROTEIN KINASE 10,rawtok_SERINE_THREONINE_PROTEIN_KINASE_10
GEFITINIB,targets,single_protein_pref_name,Serine/threonine-protein kinase 17A,SERINE/THREONINE-PROTEIN KINASE 17A,rawtok_SERINE_THREONINE_PROTEIN_KINASE_17A
GEFITINIB,targets,single_protein_pref_name,Serine/threonine-protein kinase 17B,SERINE/THREONINE-PROTEIN KINASE 17B,rawtok_SERINE_THREONINE_PROTEIN_KINASE_17B
GEFITINIB,targets,single_protein_pref_name,Serine/threonine-protein kinase 36,SERINE/THREONINE-PROTEIN KINASE 36,rawtok_SERINE_THREONINE_PROTEIN_KINASE_36
GEFITINIB,targets,single_protein_pref_name,Serine/threonine-protein kinase B-raf,SERINE/THREONINE-PROTEIN KINASE B-RAF,rawtok_SERINE_THREONINE_PROTEIN_KINASE_B_RAF
GEFITINIB,targets,single_protein_pref_name,Serine/threonine-protein kinase BRSK1,SERINE/THREONINE-PROTEIN KINASE BRSK1,rawtok_SERINE_THREONINE_PROTEIN_KINASE_BRSK1
GEFITINIB,targets,single_protein_pref_name,Serine/threonine-protein kinase Chk2,SERINE/THREONINE-PROTEIN KINASE CHK2,rawtok_SERINE_THREONINE_PROTEIN_KINASE_CHK2
GEFITINIB,targets,single_protein_pref_name,Serine/threonine-protein kinase D1,SERINE/THREONINE-PROTEIN KINASE D1,rawtok_SERINE_THREONINE_PROTEIN_KINASE_D1
GEFITINIB,targets,single_protein_pref_name,Serine/threonine-protein kinase D2,SERINE/THREONINE-PROTEIN KINASE D2,rawtok_SERINE_THREONINE_PROTEIN_KINASE_D2
GEFITINIB,targets,single_protein_pref_name,Serine/threonine-protein kinase D3,SERINE/THREONINE-PROTEIN KINASE D3,rawtok_SERINE_THREONINE_PROTEIN_KINASE_D3
GEFITINIB,targets,single_protein_pref_name,Serine/threonine-protein kinase DCLK3,SERINE/THREONINE-PROTEIN KINASE DCLK3,rawtok_SERINE_THREONINE_PROTEIN_KINASE_DCLK3
GEFITINIB,targets,single_protein_pref_name,Serine/threonine-protein kinase NLK,SERINE/THREONINE-PROTEIN KINASE NLK,rawtok_SERINE_THREONINE_PROTEIN_KINASE_NLK
GEFITINIB,targets,single_protein_pref_name,Serine/threonine-protein kinase SBK1,SERINE/THREONINE-PROTEIN KINASE SBK1,rawtok_SERINE_THREONINE_PROTEIN_KINASE_SBK1
GEFITINIB,targets,single_protein_pref_name,Serine/threonine-protein kinase SIK2,SERINE/THREONINE-PROTEIN KINASE SIK2,rawtok_SERINE_THREONINE_PROTEIN_KINASE_SIK2
GEFITINIB,targets,single_protein_pref_name,Serine/threonine-protein kinase pim-1,SERINE/THREONINE-PROTEIN KINASE PIM-1,rawtok_SERINE_THREONINE_PROTEIN_KINASE_PIM_1
GEFITINIB,targets,single_protein_pref_name,Serine/threonine-protein kinase pim-3,SERINE/THREONINE-PROTEIN KINASE PIM-3,rawtok_SERINE_THREONINE_PROTEIN_KINASE_PIM_3
GEFITINIB,targets,single_protein_pref_name,Sodium-dependent dopamine transporter,SODIUM-DEPENDENT DOPAMINE TRANSPORTER,rawtok_SODIUM_DEPENDENT_DOPAMINE_TRANSPORTER
GEFITINIB,targets,single_protein_pref_name,TRAF2 and NCK-interacting protein kinase,TRAF2 AND NCK-INTERACTING PROTEIN KINASE,rawtok_TRAF2_AND_NCK_INTERACTING_PROTEIN_KINASE
GEFITINIB,targets,single_protein_pref_name,Transcription factor p65,TRANSCRIPTION FACTOR P65,rawtok_TRANSCRIPTION_FACTOR_P65
GEFITINIB,targets,single_protein_pref_name,Tyrosine-protein kinase ABL1,TYROSINE-PROTEIN KINASE ABL1,rawtok_TYROSINE_PROTEIN_KINASE_ABL1
GEFITINIB,targets,single_protein_pref_name,Tyrosine-protein kinase ABL2,TYROSINE-PROTEIN KINASE ABL2,rawtok_TYROSINE_PROTEIN_KINASE_ABL2
GEFITINIB,targets,single_protein_pref_name,Tyrosine-protein kinase Blk,TYROSINE-PROTEIN KINASE BLK,rawtok_TYROSINE_PROTEIN_KINASE_BLK
GEFITINIB,targets,single_protein_pref_name,Tyrosine-protein kinase FRK,TYROSINE-PROTEIN KINASE FRK,rawtok_TYROSINE_PROTEIN_KINASE_FRK
GEFITINIB,targets,single_protein_pref_name,Tyrosine-protein kinase Fgr,TYROSINE-PROTEIN KINASE FGR,rawtok_TYROSINE_PROTEIN_KINASE_FGR
GEFITINIB,targets,single_protein_pref_name,Tyrosine-protein kinase HCK,TYROSINE-PROTEIN KINASE HCK,rawtok_TYROSINE_PROTEIN_KINASE_HCK
GEFITINIB,targets,single_protein_pref_name,Tyrosine-protein kinase Lck,TYROSINE-PROTEIN KINASE LCK,rawtok_TYROSINE_PROTEIN_KINASE_LCK
GEFITINIB,targets,single_protein_pref_name,Tyrosine-protein kinase Lyn,TYROSINE-PROTEIN KINASE LYN,rawtok_TYROSINE_PROTEIN_KINASE_LYN
GEFITINIB,targets,single_protein_pref_name,Tyrosine-protein kinase TXK,TYROSINE-PROTEIN KINASE TXK,rawtok_TYROSINE_PROTEIN_KINASE_TXK
GEFITINIB,targets,single_protein_pref_name,Tyrosine-protein kinase receptor UFO,TYROSINE-PROTEIN KINASE RECEPTOR UFO,rawtok_TYROSINE_PROTEIN_KINASE_RECEPTOR_UFO
GEFITINIB,targets,single_protein_pref_name,Vascular endothelial growth factor receptor 2,VASCULAR ENDOTHELIAL GROWTH FACTOR RECEPTOR 2,rawtok_VASCULAR_ENDOTHELIAL_GROWTH_FACTOR_RECEPTOR_2
GEFITINIB,targets,single_protein_pref_name,Vascular endothelial growth factor receptor 3,VASCULAR ENDOTHELIAL GROWTH FACTOR RECEPTOR 3,rawtok_VASCULAR_ENDOTHELIAL_GROWTH_FACTOR_RECEPTOR_3
GEFITINIB,targets,single_protein_pref_name,Voltage-gated inwardly rectifying potassium channel KCNH2,VOLTAGE-GATED INWARDLY RECTIFYING POTASSIUM CHANNEL KCNH2,rawtok_VOLTAGE_GATED_INWARDLY_RECTIFYING_POTASSIUM_CHANNEL_KCNH2
GEMCITABINE,targets,single_protein_pref_name,"3',5'-cyclic-AMP phosphodiesterase 4D","3',5'-CYCLIC-AMP PHOSPHODIESTERASE 4D",rawtok_3_5_CYCLIC_AMP_PHOSPHODIESTERASE_4D
GEMCITABINE,targets,single_protein_pref_name,Equilibrative nucleoside transporter 1,EQUILIBRATIVE NUCLEOSIDE TRANSPORTER 1,rawtok_EQUILIBRATIVE_NUCLEOSIDE_TRANSPORTER_1
GEMCITABINE,targets,single_protein_pref_name,"cGMP-inhibited 3',5'-cyclic phosphodiesterase 3A","CGMP-INHIBITED 3',5'-CYCLIC PHOSPHODIESTERASE 3A",rawtok_CGMP_INHIBITED_3_5_CYCLIC_PHOSPHODIESTERASE_3A
GW441756,targets,single_protein_pref_name,Histone deacetylase 6,HISTONE DEACETYLASE 6,rawtok_HISTONE_DEACETYLASE_6
JQ1,targets,single_protein_pref_name,Bromodomain testis-specific protein,BROMODOMAIN TESTIS-SPECIFIC PROTEIN,rawtok_BROMODOMAIN_TESTIS_SPECIFIC_PROTEIN
JQ1,targets,single_protein_pref_name,Bromodomain-containing protein 2,BROMODOMAIN-CONTAINING PROTEIN 2,rawtok_BROMODOMAIN_CONTAINING_PROTEIN_2
JQ1,targets,single_protein_pref_name,Bromodomain-containing protein 3,BROMODOMAIN-CONTAINING PROTEIN 3,rawtok_BROMODOMAIN_CONTAINING_PROTEIN_3
JQ1,targets,single_protein_pref_name,Bromodomain-containing protein 4,BROMODOMAIN-CONTAINING PROTEIN 4,rawtok_BROMODOMAIN_CONTAINING_PROTEIN_4
JQ1,targets,single_protein_pref_name,CREB-binding protein,CREB-BINDING PROTEIN,rawtok_CREB_BINDING_PROTEIN
KU-55933,targets,single_protein_pref_name,DNA-dependent protein kinase catalytic subunit,DNA-DEPENDENT PROTEIN KINASE CATALYTIC SUBUNIT,rawtok_DNA_DEPENDENT_PROTEIN_KINASE_CATALYTIC_SUBUNIT
KU-55933,targets,single_protein_pref_name,Histone deacetylase 6,HISTONE DEACETYLASE 6,rawtok_HISTONE_DEACETYLASE_6
KU-55933,targets,single_protein_pref_name,"Phosphatidylinositol 4,5-bisphosphate 3-kinase catalytic subunit alpha isoform","PHOSPHATIDYLINOSITOL 4,5-BISPHOSPHATE 3-KINASE CATALYTIC SUBUNIT ALPHA ISOFORM",rawtok_PHOSPHATIDYLINOSITOL_4_5_BISPHOSPHATE_3_KINASE_CATALYTIC_SUBUNIT_ALPHA_I
KU-55933,targets,single_protein_pref_name,"Phosphatidylinositol 4,5-bisphosphate 3-kinase catalytic subunit beta isoform","PHOSPHATIDYLINOSITOL 4,5-BISPHOSPHATE 3-KINASE CATALYTIC SUBUNIT BETA ISOFORM",rawtok_PHOSPHATIDYLINOSITOL_4_5_BISPHOSPHATE_3_KINASE_CATALYTIC_SUBUNIT_BETA_IS
KU-55933,targets,single_protein_pref_name,Serine-protein kinase ATM,SERINE-PROTEIN KINASE ATM,rawtok_SERINE_PROTEIN_KINASE_ATM
KU-55933,targets,single_protein_pref_name,Serine/threonine-protein kinase mTOR,SERINE/THREONINE-PROTEIN KINASE MTOR,rawtok_SERINE_THREONINE_PROTEIN_KINASE_MTOR
LENALIDOMIDE,targets,single_protein_pref_name,Bromodomain-containing protein 4,BROMODOMAIN-CONTAINING PROTEIN 4,rawtok_BROMODOMAIN_CONTAINING_PROTEIN_4
LENALIDOMIDE,targets,single_protein_pref_name,Interleukin-1 beta,INTERLEUKIN-1 BETA,rawtok_INTERLEUKIN_1_BETA
LENALIDOMIDE,targets,single_protein_pref_name,Protein cereblon,PROTEIN CEREBLON,rawtok_PROTEIN_CEREBLON
LENALIDOMIDE,targets,single_protein_pref_name,Tumor necrosis factor,TUMOR NECROSIS FACTOR,rawtok_TUMOR_NECROSIS_FACTOR
LENALIDOMIDE,targets,single_protein_pref_name,Zinc finger protein Aiolos,ZINC FINGER PROTEIN AIOLOS,rawtok_ZINC_FINGER_PROTEIN_AIOLOS
LESTAURTINIB,targets,single_protein_pref_name,3-phosphoinositide-dependent protein kinase 1,3-PHOSPHOINOSITIDE-DEPENDENT PROTEIN KINASE 1,rawtok_3_PHOSPHOINOSITIDE_DEPENDENT_PROTEIN_KINASE_1
LESTAURTINIB,targets,single_protein_pref_name,5'-AMP-activated protein kinase catalytic subunit alpha-1,5'-AMP-ACTIVATED PROTEIN KINASE CATALYTIC SUBUNIT ALPHA-1,rawtok_5_AMP_ACTIVATED_PROTEIN_KINASE_CATALYTIC_SUBUNIT_ALPHA_1
LESTAURTINIB,targets,single_protein_pref_name,5'-AMP-activated protein kinase catalytic subunit alpha-2,5'-AMP-ACTIVATED PROTEIN KINASE CATALYTIC SUBUNIT ALPHA-2,rawtok_5_AMP_ACTIVATED_PROTEIN_KINASE_CATALYTIC_SUBUNIT_ALPHA_2
LESTAURTINIB,targets,single_protein_pref_name,5'-AMP-activated protein kinase subunit gamma-1,5'-AMP-ACTIVATED PROTEIN KINASE SUBUNIT GAMMA-1,rawtok_5_AMP_ACTIVATED_PROTEIN_KINASE_SUBUNIT_GAMMA_1
LESTAURTINIB,targets,single_protein_pref_name,5'-AMP-activated protein kinase subunit gamma-2,5'-AMP-ACTIVATED PROTEIN KINASE SUBUNIT GAMMA-2,rawtok_5_AMP_ACTIVATED_PROTEIN_KINASE_SUBUNIT_GAMMA_2
LESTAURTINIB,targets,single_protein_pref_name,ALK tyrosine kinase receptor,ALK TYROSINE KINASE RECEPTOR,rawtok_ALK_TYROSINE_KINASE_RECEPTOR
LESTAURTINIB,targets,single_protein_pref_name,AP2-associated protein kinase 1,AP2-ASSOCIATED PROTEIN KINASE 1,rawtok_AP2_ASSOCIATED_PROTEIN_KINASE_1
LESTAURTINIB,targets,single_protein_pref_name,Activated CDC42 kinase 1,ACTIVATED CDC42 KINASE 1,rawtok_ACTIVATED_CDC42_KINASE_1
LESTAURTINIB,targets,single_protein_pref_name,Activin receptor type-1,ACTIVIN RECEPTOR TYPE-1,rawtok_ACTIVIN_RECEPTOR_TYPE_1
LESTAURTINIB,targets,single_protein_pref_name,Activin receptor type-1-like,ACTIVIN RECEPTOR TYPE-1-LIKE,rawtok_ACTIVIN_RECEPTOR_TYPE_1_LIKE
LESTAURTINIB,targets,single_protein_pref_name,Activin receptor type-1B,ACTIVIN RECEPTOR TYPE-1B,rawtok_ACTIVIN_RECEPTOR_TYPE_1B
LESTAURTINIB,targets,single_protein_pref_name,Activin receptor type-2A,ACTIVIN RECEPTOR TYPE-2A,rawtok_ACTIVIN_RECEPTOR_TYPE_2A
LESTAURTINIB,targets,single_protein_pref_name,Activin receptor type-2B,ACTIVIN RECEPTOR TYPE-2B,rawtok_ACTIVIN_RECEPTOR_TYPE_2B
LESTAURTINIB,targets,single_protein_pref_name,Angiopoietin-1 receptor,ANGIOPOIETIN-1 RECEPTOR,rawtok_ANGIOPOIETIN_1_RECEPTOR
LESTAURTINIB,targets,single_protein_pref_name,Ankyrin repeat and protein kinase domain-containing protein 1,ANKYRIN REPEAT AND PROTEIN KINASE DOMAIN-CONTAINING PROTEIN 1,rawtok_ANKYRIN_REPEAT_AND_PROTEIN_KINASE_DOMAIN_CONTAINING_PROTEIN_1
LESTAURTINIB,targets,single_protein_pref_name,Aurora kinase A,AURORA KINASE A,rawtok_AURORA_KINASE_A
LESTAURTINIB,targets,single_protein_pref_name,Aurora kinase B,AURORA KINASE B,rawtok_AURORA_KINASE_B
LESTAURTINIB,targets,single_protein_pref_name,Aurora kinase C,AURORA KINASE C,rawtok_AURORA_KINASE_C
LESTAURTINIB,targets,single_protein_pref_name,BDNF/NT-3 growth factors receptor,BDNF/NT-3 GROWTH FACTORS RECEPTOR,rawtok_BDNF_NT_3_GROWTH_FACTORS_RECEPTOR
LESTAURTINIB,targets,single_protein_pref_name,BMP-2-inducible protein kinase,BMP-2-INDUCIBLE PROTEIN KINASE,rawtok_BMP_2_INDUCIBLE_PROTEIN_KINASE
LESTAURTINIB,targets,single_protein_pref_name,Bone morphogenetic protein receptor type-1A,BONE MORPHOGENETIC PROTEIN RECEPTOR TYPE-1A,rawtok_BONE_MORPHOGENETIC_PROTEIN_RECEPTOR_TYPE_1A
LESTAURTINIB,targets,single_protein_pref_name,Bone morphogenetic protein receptor type-1B,BONE MORPHOGENETIC PROTEIN RECEPTOR TYPE-1B,rawtok_BONE_MORPHOGENETIC_PROTEIN_RECEPTOR_TYPE_1B
LESTAURTINIB,targets,single_protein_pref_name,Bone morphogenetic protein receptor type-2,BONE MORPHOGENETIC PROTEIN RECEPTOR TYPE-2,rawtok_BONE_MORPHOGENETIC_PROTEIN_RECEPTOR_TYPE_2
LESTAURTINIB,targets,single_protein_pref_name,Calcium/calmodulin-dependent protein kinase kinase 1,CALCIUM/CALMODULIN-DEPENDENT PROTEIN KINASE KINASE 1,rawtok_CALCIUM_CALMODULIN_DEPENDENT_PROTEIN_KINASE_KINASE_1
LESTAURTINIB,targets,single_protein_pref_name,Calcium/calmodulin-dependent protein kinase kinase 2,CALCIUM/CALMODULIN-DEPENDENT PROTEIN KINASE KINASE 2,rawtok_CALCIUM_CALMODULIN_DEPENDENT_PROTEIN_KINASE_KINASE_2
LESTAURTINIB,targets,single_protein_pref_name,Calcium/calmodulin-dependent protein kinase type 1,CALCIUM/CALMODULIN-DEPENDENT PROTEIN KINASE TYPE 1,rawtok_CALCIUM_CALMODULIN_DEPENDENT_PROTEIN_KINASE_TYPE_1
LESTAURTINIB,targets,single_protein_pref_name,Calcium/calmodulin-dependent protein kinase type 1D,CALCIUM/CALMODULIN-DEPENDENT PROTEIN KINASE TYPE 1D,rawtok_CALCIUM_CALMODULIN_DEPENDENT_PROTEIN_KINASE_TYPE_1D
LESTAURTINIB,targets,single_protein_pref_name,Calcium/calmodulin-dependent protein kinase type 1G,CALCIUM/CALMODULIN-DEPENDENT PROTEIN KINASE TYPE 1G,rawtok_CALCIUM_CALMODULIN_DEPENDENT_PROTEIN_KINASE_TYPE_1G
LESTAURTINIB,targets,single_protein_pref_name,Calcium/calmodulin-dependent protein kinase type II subunit alpha,CALCIUM/CALMODULIN-DEPENDENT PROTEIN KINASE TYPE II SUBUNIT ALPHA,rawtok_CALCIUM_CALMODULIN_DEPENDENT_PROTEIN_KINASE_TYPE_II_SUBUNIT_ALPHA
LESTAURTINIB,targets,single_protein_pref_name,Calcium/calmodulin-dependent protein kinase type II subunit beta,CALCIUM/CALMODULIN-DEPENDENT PROTEIN KINASE TYPE II SUBUNIT BETA,rawtok_CALCIUM_CALMODULIN_DEPENDENT_PROTEIN_KINASE_TYPE_II_SUBUNIT_BETA
LESTAURTINIB,targets,single_protein_pref_name,Calcium/calmodulin-dependent protein kinase type II subunit delta,CALCIUM/CALMODULIN-DEPENDENT PROTEIN KINASE TYPE II SUBUNIT DELTA,rawtok_CALCIUM_CALMODULIN_DEPENDENT_PROTEIN_KINASE_TYPE_II_SUBUNIT_DELTA
LESTAURTINIB,targets,single_protein_pref_name,Calcium/calmodulin-dependent protein kinase type II subunit gamma,CALCIUM/CALMODULIN-DEPENDENT PROTEIN KINASE TYPE II SUBUNIT GAMMA,rawtok_CALCIUM_CALMODULIN_DEPENDENT_PROTEIN_KINASE_TYPE_II_SUBUNIT_GAMMA
LESTAURTINIB,targets,single_protein_pref_name,Calcium/calmodulin-dependent protein kinase type IV,CALCIUM/CALMODULIN-DEPENDENT PROTEIN KINASE TYPE IV,rawtok_CALCIUM_CALMODULIN_DEPENDENT_PROTEIN_KINASE_TYPE_IV
LESTAURTINIB,targets,single_protein_pref_name,Casein kinase I isoform alpha-like,CASEIN KINASE I ISOFORM ALPHA-LIKE,rawtok_CASEIN_KINASE_I_ISOFORM_ALPHA_LIKE
LESTAURTINIB,targets,single_protein_pref_name,Casein kinase II subunit alpha,CASEIN KINASE II SUBUNIT ALPHA,rawtok_CASEIN_KINASE_II_SUBUNIT_ALPHA
LESTAURTINIB,targets,single_protein_pref_name,Casein kinase II subunit alpha',CASEIN KINASE II SUBUNIT ALPHA',rawtok_CASEIN_KINASE_II_SUBUNIT_ALPHA__2
LESTAURTINIB,targets,single_protein_pref_name,Citron Rho-interacting kinase,CITRON RHO-INTERACTING KINASE,rawtok_CITRON_RHO_INTERACTING_KINASE
LESTAURTINIB,targets,single_protein_pref_name,Cyclin-G-associated kinase,CYCLIN-G-ASSOCIATED KINASE,rawtok_CYCLIN_G_ASSOCIATED_KINASE
LESTAURTINIB,targets,single_protein_pref_name,Cyclin-dependent kinase 13,CYCLIN-DEPENDENT KINASE 13,rawtok_CYCLIN_DEPENDENT_KINASE_13
LESTAURTINIB,targets,single_protein_pref_name,Cyclin-dependent kinase 14,CYCLIN-DEPENDENT KINASE 14,rawtok_CYCLIN_DEPENDENT_KINASE_14
LESTAURTINIB,targets,single_protein_pref_name,Cyclin-dependent kinase 15,CYCLIN-DEPENDENT KINASE 15,rawtok_CYCLIN_DEPENDENT_KINASE_15
LESTAURTINIB,targets,single_protein_pref_name,Cyclin-dependent kinase 16,CYCLIN-DEPENDENT KINASE 16,rawtok_CYCLIN_DEPENDENT_KINASE_16
LESTAURTINIB,targets,single_protein_pref_name,Cyclin-dependent kinase 17,CYCLIN-DEPENDENT KINASE 17,rawtok_CYCLIN_DEPENDENT_KINASE_17
LESTAURTINIB,targets,single_protein_pref_name,Cyclin-dependent kinase 2,CYCLIN-DEPENDENT KINASE 2,rawtok_CYCLIN_DEPENDENT_KINASE_2
LESTAURTINIB,targets,single_protein_pref_name,Cyclin-dependent kinase 3,CYCLIN-DEPENDENT KINASE 3,rawtok_CYCLIN_DEPENDENT_KINASE_3
LESTAURTINIB,targets,single_protein_pref_name,Cyclin-dependent kinase 4,CYCLIN-DEPENDENT KINASE 4,rawtok_CYCLIN_DEPENDENT_KINASE_4
LESTAURTINIB,targets,single_protein_pref_name,Cyclin-dependent kinase 5,CYCLIN-DEPENDENT KINASE 5,rawtok_CYCLIN_DEPENDENT_KINASE_5
LESTAURTINIB,targets,single_protein_pref_name,Cyclin-dependent kinase 6,CYCLIN-DEPENDENT KINASE 6,rawtok_CYCLIN_DEPENDENT_KINASE_6
LESTAURTINIB,targets,single_protein_pref_name,Cyclin-dependent kinase 7,CYCLIN-DEPENDENT KINASE 7,rawtok_CYCLIN_DEPENDENT_KINASE_7
LESTAURTINIB,targets,single_protein_pref_name,Cyclin-dependent kinase 8,CYCLIN-DEPENDENT KINASE 8,rawtok_CYCLIN_DEPENDENT_KINASE_8
LESTAURTINIB,targets,single_protein_pref_name,Cyclin-dependent kinase 9,CYCLIN-DEPENDENT KINASE 9,rawtok_CYCLIN_DEPENDENT_KINASE_9
LESTAURTINIB,targets,single_protein_pref_name,Cyclin-dependent kinase-like 1,CYCLIN-DEPENDENT KINASE-LIKE 1,rawtok_CYCLIN_DEPENDENT_KINASE_LIKE_1
LESTAURTINIB,targets,single_protein_pref_name,Cyclin-dependent kinase-like 2,CYCLIN-DEPENDENT KINASE-LIKE 2,rawtok_CYCLIN_DEPENDENT_KINASE_LIKE_2
LESTAURTINIB,targets,single_protein_pref_name,Cyclin-dependent kinase-like 3,CYCLIN-DEPENDENT KINASE-LIKE 3,rawtok_CYCLIN_DEPENDENT_KINASE_LIKE_3
LESTAURTINIB,targets,single_protein_pref_name,Cyclin-dependent kinase-like 5,CYCLIN-DEPENDENT KINASE-LIKE 5,rawtok_CYCLIN_DEPENDENT_KINASE_LIKE_5
LESTAURTINIB,targets,single_protein_pref_name,Cytoplasmic tyrosine-protein kinase BMX,CYTOPLASMIC TYROSINE-PROTEIN KINASE BMX,rawtok_CYTOPLASMIC_TYROSINE_PROTEIN_KINASE_BMX
LESTAURTINIB,targets,single_protein_pref_name,Death-associated protein kinase 1,DEATH-ASSOCIATED PROTEIN KINASE 1,rawtok_DEATH_ASSOCIATED_PROTEIN_KINASE_1
LESTAURTINIB,targets,single_protein_pref_name,Death-associated protein kinase 2,DEATH-ASSOCIATED PROTEIN KINASE 2,rawtok_DEATH_ASSOCIATED_PROTEIN_KINASE_2
LESTAURTINIB,targets,single_protein_pref_name,Death-associated protein kinase 3,DEATH-ASSOCIATED PROTEIN KINASE 3,rawtok_DEATH_ASSOCIATED_PROTEIN_KINASE_3
LESTAURTINIB,targets,single_protein_pref_name,Discoidin domain-containing receptor 2,DISCOIDIN DOMAIN-CONTAINING RECEPTOR 2,rawtok_DISCOIDIN_DOMAIN_CONTAINING_RECEPTOR_2
LESTAURTINIB,targets,single_protein_pref_name,Dual serine/threonine and tyrosine protein kinase,DUAL SERINE/THREONINE AND TYROSINE PROTEIN KINASE,rawtok_DUAL_SERINE_THREONINE_AND_TYROSINE_PROTEIN_KINASE
LESTAURTINIB,targets,single_protein_pref_name,Dual specificity mitogen-activated protein kinase kinase 1,DUAL SPECIFICITY MITOGEN-ACTIVATED PROTEIN KINASE KINASE 1,rawtok_DUAL_SPECIFICITY_MITOGEN_ACTIVATED_PROTEIN_KINASE_KINASE_1
LESTAURTINIB,targets,single_protein_pref_name,Dual specificity mitogen-activated protein kinase kinase 2,DUAL SPECIFICITY MITOGEN-ACTIVATED PROTEIN KINASE KINASE 2,rawtok_DUAL_SPECIFICITY_MITOGEN_ACTIVATED_PROTEIN_KINASE_KINASE_2
LESTAURTINIB,targets,single_protein_pref_name,Dual specificity mitogen-activated protein kinase kinase 3,DUAL SPECIFICITY MITOGEN-ACTIVATED PROTEIN KINASE KINASE 3,rawtok_DUAL_SPECIFICITY_MITOGEN_ACTIVATED_PROTEIN_KINASE_KINASE_3
LESTAURTINIB,targets,single_protein_pref_name,Dual specificity mitogen-activated protein kinase kinase 4,DUAL SPECIFICITY MITOGEN-ACTIVATED PROTEIN KINASE KINASE 4,rawtok_DUAL_SPECIFICITY_MITOGEN_ACTIVATED_PROTEIN_KINASE_KINASE_4
LESTAURTINIB,targets,single_protein_pref_name,Dual specificity mitogen-activated protein kinase kinase 5,DUAL SPECIFICITY MITOGEN-ACTIVATED PROTEIN KINASE KINASE 5,rawtok_DUAL_SPECIFICITY_MITOGEN_ACTIVATED_PROTEIN_KINASE_KINASE_5
LESTAURTINIB,targets,single_protein_pref_name,Dual specificity mitogen-activated protein kinase kinase 6,DUAL SPECIFICITY MITOGEN-ACTIVATED PROTEIN KINASE KINASE 6,rawtok_DUAL_SPECIFICITY_MITOGEN_ACTIVATED_PROTEIN_KINASE_KINASE_6
LESTAURTINIB,targets,single_protein_pref_name,Dual specificity mitogen-activated protein kinase kinase 7,DUAL SPECIFICITY MITOGEN-ACTIVATED PROTEIN KINASE KINASE 7,rawtok_DUAL_SPECIFICITY_MITOGEN_ACTIVATED_PROTEIN_KINASE_KINASE_7
LESTAURTINIB,targets,single_protein_pref_name,Dual specificity protein kinase CLK1,DUAL SPECIFICITY PROTEIN KINASE CLK1,rawtok_DUAL_SPECIFICITY_PROTEIN_KINASE_CLK1
LESTAURTINIB,targets,single_protein_pref_name,Dual specificity protein kinase CLK2,DUAL SPECIFICITY PROTEIN KINASE CLK2,rawtok_DUAL_SPECIFICITY_PROTEIN_KINASE_CLK2
LESTAURTINIB,targets,single_protein_pref_name,Dual specificity protein kinase CLK4,DUAL SPECIFICITY PROTEIN KINASE CLK4,rawtok_DUAL_SPECIFICITY_PROTEIN_KINASE_CLK4
LESTAURTINIB,targets,single_protein_pref_name,Dual specificity protein kinase TTK,DUAL SPECIFICITY PROTEIN KINASE TTK,rawtok_DUAL_SPECIFICITY_PROTEIN_KINASE_TTK
LESTAURTINIB,targets,single_protein_pref_name,Dual specificity testis-specific protein kinase 1,DUAL SPECIFICITY TESTIS-SPECIFIC PROTEIN KINASE 1,rawtok_DUAL_SPECIFICITY_TESTIS_SPECIFIC_PROTEIN_KINASE_1
LESTAURTINIB,targets,single_protein_pref_name,Dual specificity tyrosine-phosphorylation-regulated kinase 1A,DUAL SPECIFICITY TYROSINE-PHOSPHORYLATION-REGULATED KINASE 1A,rawtok_DUAL_SPECIFICITY_TYROSINE_PHOSPHORYLATION_REGULATED_KINASE_1A
LESTAURTINIB,targets,single_protein_pref_name,Dual specificity tyrosine-phosphorylation-regulated kinase 1B,DUAL SPECIFICITY TYROSINE-PHOSPHORYLATION-REGULATED KINASE 1B,rawtok_DUAL_SPECIFICITY_TYROSINE_PHOSPHORYLATION_REGULATED_KINASE_1B
LESTAURTINIB,targets,single_protein_pref_name,Dual specificity tyrosine-phosphorylation-regulated kinase 2,DUAL SPECIFICITY TYROSINE-PHOSPHORYLATION-REGULATED KINASE 2,rawtok_DUAL_SPECIFICITY_TYROSINE_PHOSPHORYLATION_REGULATED_KINASE_2
LESTAURTINIB,targets,single_protein_pref_name,Ephrin type-A receptor 1,EPHRIN TYPE-A RECEPTOR 1,rawtok_EPHRIN_TYPE_A_RECEPTOR_1
LESTAURTINIB,targets,single_protein_pref_name,Ephrin type-A receptor 2,EPHRIN TYPE-A RECEPTOR 2,rawtok_EPHRIN_TYPE_A_RECEPTOR_2
LESTAURTINIB,targets,single_protein_pref_name,Ephrin type-A receptor 3,EPHRIN TYPE-A RECEPTOR 3,rawtok_EPHRIN_TYPE_A_RECEPTOR_3
LESTAURTINIB,targets,single_protein_pref_name,Ephrin type-A receptor 4,EPHRIN TYPE-A RECEPTOR 4,rawtok_EPHRIN_TYPE_A_RECEPTOR_4
LESTAURTINIB,targets,single_protein_pref_name,Ephrin type-A receptor 5,EPHRIN TYPE-A RECEPTOR 5,rawtok_EPHRIN_TYPE_A_RECEPTOR_5
LESTAURTINIB,targets,single_protein_pref_name,Ephrin type-A receptor 6,EPHRIN TYPE-A RECEPTOR 6,rawtok_EPHRIN_TYPE_A_RECEPTOR_6
LESTAURTINIB,targets,single_protein_pref_name,Ephrin type-A receptor 7,EPHRIN TYPE-A RECEPTOR 7,rawtok_EPHRIN_TYPE_A_RECEPTOR_7
LESTAURTINIB,targets,single_protein_pref_name,Ephrin type-B receptor 1,EPHRIN TYPE-B RECEPTOR 1,rawtok_EPHRIN_TYPE_B_RECEPTOR_1
LESTAURTINIB,targets,single_protein_pref_name,Ephrin type-B receptor 2,EPHRIN TYPE-B RECEPTOR 2,rawtok_EPHRIN_TYPE_B_RECEPTOR_2
LESTAURTINIB,targets,single_protein_pref_name,Ephrin type-B receptor 4,EPHRIN TYPE-B RECEPTOR 4,rawtok_EPHRIN_TYPE_B_RECEPTOR_4
LESTAURTINIB,targets,single_protein_pref_name,Ephrin type-B receptor 6,EPHRIN TYPE-B RECEPTOR 6,rawtok_EPHRIN_TYPE_B_RECEPTOR_6
LESTAURTINIB,targets,single_protein_pref_name,Epidermal growth factor receptor,EPIDERMAL GROWTH FACTOR RECEPTOR,rawtok_EPIDERMAL_GROWTH_FACTOR_RECEPTOR
LESTAURTINIB,targets,single_protein_pref_name,Epithelial discoidin domain-containing receptor 1,EPITHELIAL DISCOIDIN DOMAIN-CONTAINING RECEPTOR 1,rawtok_EPITHELIAL_DISCOIDIN_DOMAIN_CONTAINING_RECEPTOR_1
LESTAURTINIB,targets,single_protein_pref_name,Fibroblast growth factor receptor 1,FIBROBLAST GROWTH FACTOR RECEPTOR 1,rawtok_FIBROBLAST_GROWTH_FACTOR_RECEPTOR_1
LESTAURTINIB,targets,single_protein_pref_name,Fibroblast growth factor receptor 2,FIBROBLAST GROWTH FACTOR RECEPTOR 2,rawtok_FIBROBLAST_GROWTH_FACTOR_RECEPTOR_2
LESTAURTINIB,targets,single_protein_pref_name,Fibroblast growth factor receptor 3,FIBROBLAST GROWTH FACTOR RECEPTOR 3,rawtok_FIBROBLAST_GROWTH_FACTOR_RECEPTOR_3
LESTAURTINIB,targets,single_protein_pref_name,Fibroblast growth factor receptor 4,FIBROBLAST GROWTH FACTOR RECEPTOR 4,rawtok_FIBROBLAST_GROWTH_FACTOR_RECEPTOR_4
LESTAURTINIB,targets,single_protein_pref_name,Focal adhesion kinase 1,FOCAL ADHESION KINASE 1,rawtok_FOCAL_ADHESION_KINASE_1
LESTAURTINIB,targets,single_protein_pref_name,G protein-coupled receptor kinase 4,G PROTEIN-COUPLED RECEPTOR KINASE 4,rawtok_G_PROTEIN_COUPLED_RECEPTOR_KINASE_4
LESTAURTINIB,targets,single_protein_pref_name,Glycogen synthase kinase-3 alpha,GLYCOGEN SYNTHASE KINASE-3 ALPHA,rawtok_GLYCOGEN_SYNTHASE_KINASE_3_ALPHA
LESTAURTINIB,targets,single_protein_pref_name,Glycogen synthase kinase-3 beta,GLYCOGEN SYNTHASE KINASE-3 BETA,rawtok_GLYCOGEN_SYNTHASE_KINASE_3_BETA
LESTAURTINIB,targets,single_protein_pref_name,Hepatocyte growth factor receptor,HEPATOCYTE GROWTH FACTOR RECEPTOR,rawtok_HEPATOCYTE_GROWTH_FACTOR_RECEPTOR
LESTAURTINIB,targets,single_protein_pref_name,High affinity nerve growth factor receptor,HIGH AFFINITY NERVE GROWTH FACTOR RECEPTOR,rawtok_HIGH_AFFINITY_NERVE_GROWTH_FACTOR_RECEPTOR
LESTAURTINIB,targets,single_protein_pref_name,Homeodomain-interacting protein kinase 1,HOMEODOMAIN-INTERACTING PROTEIN KINASE 1,rawtok_HOMEODOMAIN_INTERACTING_PROTEIN_KINASE_1
LESTAURTINIB,targets,single_protein_pref_name,Homeodomain-interacting protein kinase 2,HOMEODOMAIN-INTERACTING PROTEIN KINASE 2,rawtok_HOMEODOMAIN_INTERACTING_PROTEIN_KINASE_2
LESTAURTINIB,targets,single_protein_pref_name,Homeodomain-interacting protein kinase 3,HOMEODOMAIN-INTERACTING PROTEIN KINASE 3,rawtok_HOMEODOMAIN_INTERACTING_PROTEIN_KINASE_3
LESTAURTINIB,targets,single_protein_pref_name,Homeodomain-interacting protein kinase 4,HOMEODOMAIN-INTERACTING PROTEIN KINASE 4,rawtok_HOMEODOMAIN_INTERACTING_PROTEIN_KINASE_4
LESTAURTINIB,targets,single_protein_pref_name,Hormonally up-regulated neu tumor-associated kinase,HORMONALLY UP-REGULATED NEU TUMOR-ASSOCIATED KINASE,rawtok_HORMONALLY_UP_REGULATED_NEU_TUMOR_ASSOCIATED_KINASE
LESTAURTINIB,targets,single_protein_pref_name,Inhibitor of nuclear factor kappa-B kinase subunit alpha,INHIBITOR OF NUCLEAR FACTOR KAPPA-B KINASE SUBUNIT ALPHA,rawtok_INHIBITOR_OF_NUCLEAR_FACTOR_KAPPA_B_KINASE_SUBUNIT_ALPHA
LESTAURTINIB,targets,single_protein_pref_name,Inhibitor of nuclear factor kappa-B kinase subunit beta,INHIBITOR OF NUCLEAR FACTOR KAPPA-B KINASE SUBUNIT BETA,rawtok_INHIBITOR_OF_NUCLEAR_FACTOR_KAPPA_B_KINASE_SUBUNIT_BETA
LESTAURTINIB,targets,single_protein_pref_name,Inhibitor of nuclear factor kappa-B kinase subunit epsilon,INHIBITOR OF NUCLEAR FACTOR KAPPA-B KINASE SUBUNIT EPSILON,rawtok_INHIBITOR_OF_NUCLEAR_FACTOR_KAPPA_B_KINASE_SUBUNIT_EPSILON
LESTAURTINIB,targets,single_protein_pref_name,Insulin receptor,INSULIN RECEPTOR,rawtok_INSULIN_RECEPTOR
LESTAURTINIB,targets,single_protein_pref_name,Insulin receptor-related protein,INSULIN RECEPTOR-RELATED PROTEIN,rawtok_INSULIN_RECEPTOR_RELATED_PROTEIN
LESTAURTINIB,targets,single_protein_pref_name,Insulin-like growth factor 1 receptor,INSULIN-LIKE GROWTH FACTOR 1 RECEPTOR,rawtok_INSULIN_LIKE_GROWTH_FACTOR_1_RECEPTOR
LESTAURTINIB,targets,single_protein_pref_name,"Interferon-induced, double-stranded RNA-activated protein kinase","INTERFERON-INDUCED, DOUBLE-STRANDED RNA-ACTIVATED PROTEIN KINASE",rawtok_INTERFERON_INDUCED_DOUBLE_STRANDED_RNA_ACTIVATED_PROTEIN_KINASE
LESTAURTINIB,targets,single_protein_pref_name,Interleukin-1 receptor-associated kinase 1,INTERLEUKIN-1 RECEPTOR-ASSOCIATED KINASE 1,rawtok_INTERLEUKIN_1_RECEPTOR_ASSOCIATED_KINASE_1
LESTAURTINIB,targets,single_protein_pref_name,Interleukin-1 receptor-associated kinase 3,INTERLEUKIN-1 RECEPTOR-ASSOCIATED KINASE 3,rawtok_INTERLEUKIN_1_RECEPTOR_ASSOCIATED_KINASE_3
LESTAURTINIB,targets,single_protein_pref_name,Interleukin-1 receptor-associated kinase 4,INTERLEUKIN-1 RECEPTOR-ASSOCIATED KINASE 4,rawtok_INTERLEUKIN_1_RECEPTOR_ASSOCIATED_KINASE_4
LESTAURTINIB,targets,single_protein_pref_name,LIM domain kinase 1,LIM DOMAIN KINASE 1,rawtok_LIM_DOMAIN_KINASE_1
LESTAURTINIB,targets,single_protein_pref_name,Leucine-rich repeat serine/threonine-protein kinase 2,LEUCINE-RICH REPEAT SERINE/THREONINE-PROTEIN KINASE 2,rawtok_LEUCINE_RICH_REPEAT_SERINE_THREONINE_PROTEIN_KINASE_2
LESTAURTINIB,targets,single_protein_pref_name,Leukocyte tyrosine kinase receptor,LEUKOCYTE TYROSINE KINASE RECEPTOR,rawtok_LEUKOCYTE_TYROSINE_KINASE_RECEPTOR
LESTAURTINIB,targets,single_protein_pref_name,MAP kinase-activated protein kinase 2,MAP KINASE-ACTIVATED PROTEIN KINASE 2,rawtok_MAP_KINASE_ACTIVATED_PROTEIN_KINASE_2
LESTAURTINIB,targets,single_protein_pref_name,MAP kinase-activated protein kinase 5,MAP KINASE-ACTIVATED PROTEIN KINASE 5,rawtok_MAP_KINASE_ACTIVATED_PROTEIN_KINASE_5
LESTAURTINIB,targets,single_protein_pref_name,MAP kinase-interacting serine/threonine-protein kinase 1,MAP KINASE-INTERACTING SERINE/THREONINE-PROTEIN KINASE 1,rawtok_MAP_KINASE_INTERACTING_SERINE_THREONINE_PROTEIN_KINASE_1
LESTAURTINIB,targets,single_protein_pref_name,MAP kinase-interacting serine/threonine-protein kinase 2,MAP KINASE-INTERACTING SERINE/THREONINE-PROTEIN KINASE 2,rawtok_MAP_KINASE_INTERACTING_SERINE_THREONINE_PROTEIN_KINASE_2
LESTAURTINIB,targets,single_protein_pref_name,MAP/microtubule affinity-regulating kinase 3,MAP/MICROTUBULE AFFINITY-REGULATING KINASE 3,rawtok_MAP_MICROTUBULE_AFFINITY_REGULATING_KINASE_3
LESTAURTINIB,targets,single_protein_pref_name,MAP/microtubule affinity-regulating kinase 4,MAP/MICROTUBULE AFFINITY-REGULATING KINASE 4,rawtok_MAP_MICROTUBULE_AFFINITY_REGULATING_KINASE_4
LESTAURTINIB,targets,single_protein_pref_name,Macrophage colony-stimulating factor 1 receptor,MACROPHAGE COLONY-STIMULATING FACTOR 1 RECEPTOR,rawtok_MACROPHAGE_COLONY_STIMULATING_FACTOR_1_RECEPTOR
LESTAURTINIB,targets,single_protein_pref_name,Macrophage-stimulating protein receptor,MACROPHAGE-STIMULATING PROTEIN RECEPTOR,rawtok_MACROPHAGE_STIMULATING_PROTEIN_RECEPTOR
LESTAURTINIB,targets,single_protein_pref_name,Mast/stem cell growth factor receptor Kit,MAST/STEM CELL GROWTH FACTOR RECEPTOR KIT,rawtok_MAST_STEM_CELL_GROWTH_FACTOR_RECEPTOR_KIT
LESTAURTINIB,targets,single_protein_pref_name,Maternal embryonic leucine zipper kinase,MATERNAL EMBRYONIC LEUCINE ZIPPER KINASE,rawtok_MATERNAL_EMBRYONIC_LEUCINE_ZIPPER_KINASE
LESTAURTINIB,targets,single_protein_pref_name,Megakaryocyte-associated tyrosine-protein kinase,MEGAKARYOCYTE-ASSOCIATED TYROSINE-PROTEIN KINASE,rawtok_MEGAKARYOCYTE_ASSOCIATED_TYROSINE_PROTEIN_KINASE
LESTAURTINIB,targets,single_protein_pref_name,Microtubule-associated serine/threonine-protein kinase 1,MICROTUBULE-ASSOCIATED SERINE/THREONINE-PROTEIN KINASE 1,rawtok_MICROTUBULE_ASSOCIATED_SERINE_THREONINE_PROTEIN_KINASE_1
LESTAURTINIB,targets,single_protein_pref_name,Misshapen-like kinase 1,MISSHAPEN-LIKE KINASE 1,rawtok_MISSHAPEN_LIKE_KINASE_1
LESTAURTINIB,targets,single_protein_pref_name,Mitogen-activated protein kinase 10,MITOGEN-ACTIVATED PROTEIN KINASE 10,rawtok_MITOGEN_ACTIVATED_PROTEIN_KINASE_10
LESTAURTINIB,targets,single_protein_pref_name,Mitogen-activated protein kinase 12,MITOGEN-ACTIVATED PROTEIN KINASE 12,rawtok_MITOGEN_ACTIVATED_PROTEIN_KINASE_12
LESTAURTINIB,targets,single_protein_pref_name,Mitogen-activated protein kinase 13,MITOGEN-ACTIVATED PROTEIN KINASE 13,rawtok_MITOGEN_ACTIVATED_PROTEIN_KINASE_13
LESTAURTINIB,targets,single_protein_pref_name,Mitogen-activated protein kinase 15,MITOGEN-ACTIVATED PROTEIN KINASE 15,rawtok_MITOGEN_ACTIVATED_PROTEIN_KINASE_15
LESTAURTINIB,targets,single_protein_pref_name,Mitogen-activated protein kinase 3,MITOGEN-ACTIVATED PROTEIN KINASE 3,rawtok_MITOGEN_ACTIVATED_PROTEIN_KINASE_3
LESTAURTINIB,targets,single_protein_pref_name,Mitogen-activated protein kinase 7,MITOGEN-ACTIVATED PROTEIN KINASE 7,rawtok_MITOGEN_ACTIVATED_PROTEIN_KINASE_7
LESTAURTINIB,targets,single_protein_pref_name,Mitogen-activated protein kinase 8,MITOGEN-ACTIVATED PROTEIN KINASE 8,rawtok_MITOGEN_ACTIVATED_PROTEIN_KINASE_8
LESTAURTINIB,targets,single_protein_pref_name,Mitogen-activated protein kinase 9,MITOGEN-ACTIVATED PROTEIN KINASE 9,rawtok_MITOGEN_ACTIVATED_PROTEIN_KINASE_9
LESTAURTINIB,targets,single_protein_pref_name,Mitogen-activated protein kinase kinase kinase 1,MITOGEN-ACTIVATED PROTEIN KINASE KINASE KINASE 1,rawtok_MITOGEN_ACTIVATED_PROTEIN_KINASE_KINASE_KINASE_1
LESTAURTINIB,targets,single_protein_pref_name,Mitogen-activated protein kinase kinase kinase 10,MITOGEN-ACTIVATED PROTEIN KINASE KINASE KINASE 10,rawtok_MITOGEN_ACTIVATED_PROTEIN_KINASE_KINASE_KINASE_10
LESTAURTINIB,targets,single_protein_pref_name,Mitogen-activated protein kinase kinase kinase 11,MITOGEN-ACTIVATED PROTEIN KINASE KINASE KINASE 11,rawtok_MITOGEN_ACTIVATED_PROTEIN_KINASE_KINASE_KINASE_11
LESTAURTINIB,targets,single_protein_pref_name,Mitogen-activated protein kinase kinase kinase 12,MITOGEN-ACTIVATED PROTEIN KINASE KINASE KINASE 12,rawtok_MITOGEN_ACTIVATED_PROTEIN_KINASE_KINASE_KINASE_12
LESTAURTINIB,targets,single_protein_pref_name,Mitogen-activated protein kinase kinase kinase 13,MITOGEN-ACTIVATED PROTEIN KINASE KINASE KINASE 13,rawtok_MITOGEN_ACTIVATED_PROTEIN_KINASE_KINASE_KINASE_13
LESTAURTINIB,targets,single_protein_pref_name,Mitogen-activated protein kinase kinase kinase 15,MITOGEN-ACTIVATED PROTEIN KINASE KINASE KINASE 15,rawtok_MITOGEN_ACTIVATED_PROTEIN_KINASE_KINASE_KINASE_15
LESTAURTINIB,targets,single_protein_pref_name,Mitogen-activated protein kinase kinase kinase 19,MITOGEN-ACTIVATED PROTEIN KINASE KINASE KINASE 19,rawtok_MITOGEN_ACTIVATED_PROTEIN_KINASE_KINASE_KINASE_19
LESTAURTINIB,targets,single_protein_pref_name,Mitogen-activated protein kinase kinase kinase 2,MITOGEN-ACTIVATED PROTEIN KINASE KINASE KINASE 2,rawtok_MITOGEN_ACTIVATED_PROTEIN_KINASE_KINASE_KINASE_2
LESTAURTINIB,targets,single_protein_pref_name,Mitogen-activated protein kinase kinase kinase 20,MITOGEN-ACTIVATED PROTEIN KINASE KINASE KINASE 20,rawtok_MITOGEN_ACTIVATED_PROTEIN_KINASE_KINASE_KINASE_20
LESTAURTINIB,targets,single_protein_pref_name,Mitogen-activated protein kinase kinase kinase 3,MITOGEN-ACTIVATED PROTEIN KINASE KINASE KINASE 3,rawtok_MITOGEN_ACTIVATED_PROTEIN_KINASE_KINASE_KINASE_3
LESTAURTINIB,targets,single_protein_pref_name,Mitogen-activated protein kinase kinase kinase 4,MITOGEN-ACTIVATED PROTEIN KINASE KINASE KINASE 4,rawtok_MITOGEN_ACTIVATED_PROTEIN_KINASE_KINASE_KINASE_4
LESTAURTINIB,targets,single_protein_pref_name,Mitogen-activated protein kinase kinase kinase 5,MITOGEN-ACTIVATED PROTEIN KINASE KINASE KINASE 5,rawtok_MITOGEN_ACTIVATED_PROTEIN_KINASE_KINASE_KINASE_5
LESTAURTINIB,targets,single_protein_pref_name,Mitogen-activated protein kinase kinase kinase 6,MITOGEN-ACTIVATED PROTEIN KINASE KINASE KINASE 6,rawtok_MITOGEN_ACTIVATED_PROTEIN_KINASE_KINASE_KINASE_6
LESTAURTINIB,targets,single_protein_pref_name,Mitogen-activated protein kinase kinase kinase 7,MITOGEN-ACTIVATED PROTEIN KINASE KINASE KINASE 7,rawtok_MITOGEN_ACTIVATED_PROTEIN_KINASE_KINASE_KINASE_7
LESTAURTINIB,targets,single_protein_pref_name,Mitogen-activated protein kinase kinase kinase 9,MITOGEN-ACTIVATED PROTEIN KINASE KINASE KINASE 9,rawtok_MITOGEN_ACTIVATED_PROTEIN_KINASE_KINASE_KINASE_9
LESTAURTINIB,targets,single_protein_pref_name,Mitogen-activated protein kinase kinase kinase kinase 1,MITOGEN-ACTIVATED PROTEIN KINASE KINASE KINASE KINASE 1,rawtok_MITOGEN_ACTIVATED_PROTEIN_KINASE_KINASE_KINASE_KINASE_1
LESTAURTINIB,targets,single_protein_pref_name,Mitogen-activated protein kinase kinase kinase kinase 2,MITOGEN-ACTIVATED PROTEIN KINASE KINASE KINASE KINASE 2,rawtok_MITOGEN_ACTIVATED_PROTEIN_KINASE_KINASE_KINASE_KINASE_2
LESTAURTINIB,targets,single_protein_pref_name,Mitogen-activated protein kinase kinase kinase kinase 3,MITOGEN-ACTIVATED PROTEIN KINASE KINASE KINASE KINASE 3,rawtok_MITOGEN_ACTIVATED_PROTEIN_KINASE_KINASE_KINASE_KINASE_3
LESTAURTINIB,targets,single_protein_pref_name,Mitogen-activated protein kinase kinase kinase kinase 4,MITOGEN-ACTIVATED PROTEIN KINASE KINASE KINASE KINASE 4,rawtok_MITOGEN_ACTIVATED_PROTEIN_KINASE_KINASE_KINASE_KINASE_4
LESTAURTINIB,targets,single_protein_pref_name,Mitogen-activated protein kinase kinase kinase kinase 5,MITOGEN-ACTIVATED PROTEIN KINASE KINASE KINASE KINASE 5,rawtok_MITOGEN_ACTIVATED_PROTEIN_KINASE_KINASE_KINASE_KINASE_5
LESTAURTINIB,targets,single_protein_pref_name,"Muscle, skeletal receptor tyrosine-protein kinase","MUSCLE, SKELETAL RECEPTOR TYROSINE-PROTEIN KINASE",rawtok_MUSCLE_SKELETAL_RECEPTOR_TYROSINE_PROTEIN_KINASE
LESTAURTINIB,targets,single_protein_pref_name,Myosin light chain kinase,MYOSIN LIGHT CHAIN KINASE,rawtok_MYOSIN_LIGHT_CHAIN_KINASE
LESTAURTINIB,targets,single_protein_pref_name,"Myosin light chain kinase 2, skeletal/cardiac muscle","MYOSIN LIGHT CHAIN KINASE 2, SKELETAL/CARDIAC MUSCLE",rawtok_MYOSIN_LIGHT_CHAIN_KINASE_2_SKELETAL_CARDIAC_MUSCLE
LESTAURTINIB,targets,single_protein_pref_name,Myosin light chain kinase family member 4,MYOSIN LIGHT CHAIN KINASE FAMILY MEMBER 4,rawtok_MYOSIN_LIGHT_CHAIN_KINASE_FAMILY_MEMBER_4
LESTAURTINIB,targets,single_protein_pref_name,"Myosin light chain kinase, smooth muscle","MYOSIN LIGHT CHAIN KINASE, SMOOTH MUSCLE",rawtok_MYOSIN_LIGHT_CHAIN_KINASE_SMOOTH_MUSCLE
LESTAURTINIB,targets,single_protein_pref_name,Myosin-IIIa,MYOSIN-IIIA,rawtok_MYOSIN_IIIA
LESTAURTINIB,targets,single_protein_pref_name,Myosin-IIIb,MYOSIN-IIIB,rawtok_MYOSIN_IIIB
LESTAURTINIB,targets,single_protein_pref_name,Myotonin-protein kinase,MYOTONIN-PROTEIN KINASE,rawtok_MYOTONIN_PROTEIN_KINASE
LESTAURTINIB,targets,single_protein_pref_name,NT-3 growth factor receptor,NT-3 GROWTH FACTOR RECEPTOR,rawtok_NT_3_GROWTH_FACTOR_RECEPTOR
LESTAURTINIB,targets,single_protein_pref_name,NUAK family SNF1-like kinase 1,NUAK FAMILY SNF1-LIKE KINASE 1,rawtok_NUAK_FAMILY_SNF1_LIKE_KINASE_1
LESTAURTINIB,targets,single_protein_pref_name,NUAK family SNF1-like kinase 2,NUAK FAMILY SNF1-LIKE KINASE 2,rawtok_NUAK_FAMILY_SNF1_LIKE_KINASE_2
LESTAURTINIB,targets,single_protein_pref_name,Non-receptor tyrosine-protein kinase TNK1,NON-RECEPTOR TYROSINE-PROTEIN KINASE TNK1,rawtok_NON_RECEPTOR_TYROSINE_PROTEIN_KINASE_TNK1
LESTAURTINIB,targets,single_protein_pref_name,Non-receptor tyrosine-protein kinase TYK2,NON-RECEPTOR TYROSINE-PROTEIN KINASE TYK2,rawtok_NON_RECEPTOR_TYROSINE_PROTEIN_KINASE_TYK2
LESTAURTINIB,targets,single_protein_pref_name,Peripheral plasma membrane protein CASK,PERIPHERAL PLASMA MEMBRANE PROTEIN CASK,rawtok_PERIPHERAL_PLASMA_MEMBRANE_PROTEIN_CASK
LESTAURTINIB,targets,single_protein_pref_name,Phosphatidylinositol 3-kinase C2 domain-containing subunit gamma,PHOSPHATIDYLINOSITOL 3-KINASE C2 DOMAIN-CONTAINING SUBUNIT GAMMA,rawtok_PHOSPHATIDYLINOSITOL_3_KINASE_C2_DOMAIN_CONTAINING_SUBUNIT_GAMMA
LESTAURTINIB,targets,single_protein_pref_name,"Phosphatidylinositol 4,5-bisphosphate 3-kinase catalytic subunit alpha isoform","PHOSPHATIDYLINOSITOL 4,5-BISPHOSPHATE 3-KINASE CATALYTIC SUBUNIT ALPHA ISOFORM",rawtok_PHOSPHATIDYLINOSITOL_4_5_BISPHOSPHATE_3_KINASE_CATALYTIC_SUBUNIT_ALPHA_I
LESTAURTINIB,targets,single_protein_pref_name,"Phosphatidylinositol 4,5-bisphosphate 3-kinase catalytic subunit beta isoform","PHOSPHATIDYLINOSITOL 4,5-BISPHOSPHATE 3-KINASE CATALYTIC SUBUNIT BETA ISOFORM",rawtok_PHOSPHATIDYLINOSITOL_4_5_BISPHOSPHATE_3_KINASE_CATALYTIC_SUBUNIT_BETA_IS
LESTAURTINIB,targets,single_protein_pref_name,"Phosphatidylinositol 4,5-bisphosphate 3-kinase catalytic subunit delta isoform","PHOSPHATIDYLINOSITOL 4,5-BISPHOSPHATE 3-KINASE CATALYTIC SUBUNIT DELTA ISOFORM",rawtok_PHOSPHATIDYLINOSITOL_4_5_BISPHOSPHATE_3_KINASE_CATALYTIC_SUBUNIT_DELTA_I
LESTAURTINIB,targets,single_protein_pref_name,"Phosphatidylinositol 4,5-bisphosphate 3-kinase catalytic subunit gamma isoform","PHOSPHATIDYLINOSITOL 4,5-BISPHOSPHATE 3-KINASE CATALYTIC SUBUNIT GAMMA ISOFORM",rawtok_PHOSPHATIDYLINOSITOL_4_5_BISPHOSPHATE_3_KINASE_CATALYTIC_SUBUNIT_GAMMA_I
LESTAURTINIB,targets,single_protein_pref_name,Phosphatidylinositol 4-kinase beta,PHOSPHATIDYLINOSITOL 4-KINASE BETA,rawtok_PHOSPHATIDYLINOSITOL_4_KINASE_BETA
LESTAURTINIB,targets,single_protein_pref_name,Phosphatidylinositol 4-phosphate 3-kinase C2 domain-containing subunit beta,PHOSPHATIDYLINOSITOL 4-PHOSPHATE 3-KINASE C2 DOMAIN-CONTAINING SUBUNIT BETA,rawtok_PHOSPHATIDYLINOSITOL_4_PHOSPHATE_3_KINASE_C2_DOMAIN_CONTAINING_SUBUNIT_B
LESTAURTINIB,targets,single_protein_pref_name,Phosphatidylinositol 4-phosphate 5-kinase type-1 alpha,PHOSPHATIDYLINOSITOL 4-PHOSPHATE 5-KINASE TYPE-1 ALPHA,rawtok_PHOSPHATIDYLINOSITOL_4_PHOSPHATE_5_KINASE_TYPE_1_ALPHA
LESTAURTINIB,targets,single_protein_pref_name,Phosphatidylinositol 5-phosphate 4-kinase type-2 beta,PHOSPHATIDYLINOSITOL 5-PHOSPHATE 4-KINASE TYPE-2 BETA,rawtok_PHOSPHATIDYLINOSITOL_5_PHOSPHATE_4_KINASE_TYPE_2_BETA
LESTAURTINIB,targets,single_protein_pref_name,"Phosphorylase b kinase gamma catalytic chain, liver/testis isoform","PHOSPHORYLASE B KINASE GAMMA CATALYTIC CHAIN, LIVER/TESTIS ISOFORM",rawtok_PHOSPHORYLASE_B_KINASE_GAMMA_CATALYTIC_CHAIN_LIVER_TESTIS_ISOFORM
LESTAURTINIB,targets,single_protein_pref_name,"Phosphorylase b kinase gamma catalytic chain, skeletal muscle/heart isoform","PHOSPHORYLASE B KINASE GAMMA CATALYTIC CHAIN, SKELETAL MUSCLE/HEART ISOFORM",rawtok_PHOSPHORYLASE_B_KINASE_GAMMA_CATALYTIC_CHAIN_SKELETAL_MUSCLE_HEART_ISOFO
LESTAURTINIB,targets,single_protein_pref_name,Platelet-derived growth factor receptor alpha,PLATELET-DERIVED GROWTH FACTOR RECEPTOR ALPHA,rawtok_PLATELET_DERIVED_GROWTH_FACTOR_RECEPTOR_ALPHA
LESTAURTINIB,targets,single_protein_pref_name,Platelet-derived growth factor receptor beta,PLATELET-DERIVED GROWTH FACTOR RECEPTOR BETA,rawtok_PLATELET_DERIVED_GROWTH_FACTOR_RECEPTOR_BETA
LESTAURTINIB,targets,single_protein_pref_name,Poly [ADP-ribose] polymerase tankyrase-2,POLY [ADP-RIBOSE] POLYMERASE TANKYRASE-2,rawtok_POLY_ADP_RIBOSE_POLYMERASE_TANKYRASE_2
LESTAURTINIB,targets,single_protein_pref_name,Protein delta homolog 1,PROTEIN DELTA HOMOLOG 1,rawtok_PROTEIN_DELTA_HOMOLOG_1
LESTAURTINIB,targets,single_protein_pref_name,Protein kinase C alpha type,PROTEIN KINASE C ALPHA TYPE,rawtok_PROTEIN_KINASE_C_ALPHA_TYPE
LESTAURTINIB,targets,single_protein_pref_name,Protein kinase C delta type,PROTEIN KINASE C DELTA TYPE,rawtok_PROTEIN_KINASE_C_DELTA_TYPE
LESTAURTINIB,targets,single_protein_pref_name,Protein kinase C epsilon type,PROTEIN KINASE C EPSILON TYPE,rawtok_PROTEIN_KINASE_C_EPSILON_TYPE
LESTAURTINIB,targets,single_protein_pref_name,Protein kinase C eta type,PROTEIN KINASE C ETA TYPE,rawtok_PROTEIN_KINASE_C_ETA_TYPE
LESTAURTINIB,targets,single_protein_pref_name,Protein kinase C iota type,PROTEIN KINASE C IOTA TYPE,rawtok_PROTEIN_KINASE_C_IOTA_TYPE
LESTAURTINIB,targets,single_protein_pref_name,Protein kinase C theta type,PROTEIN KINASE C THETA TYPE,rawtok_PROTEIN_KINASE_C_THETA_TYPE
LESTAURTINIB,targets,single_protein_pref_name,Protein-tyrosine kinase 2-beta,PROTEIN-TYROSINE KINASE 2-BETA,rawtok_PROTEIN_TYROSINE_KINASE_2_BETA
LESTAURTINIB,targets,single_protein_pref_name,Protein-tyrosine kinase 6,PROTEIN-TYROSINE KINASE 6,rawtok_PROTEIN_TYROSINE_KINASE_6
LESTAURTINIB,targets,single_protein_pref_name,Proto-oncogene tyrosine-protein kinase ROS,PROTO-ONCOGENE TYROSINE-PROTEIN KINASE ROS,rawtok_PROTO_ONCOGENE_TYROSINE_PROTEIN_KINASE_ROS
LESTAURTINIB,targets,single_protein_pref_name,Proto-oncogene tyrosine-protein kinase Src,PROTO-ONCOGENE TYROSINE-PROTEIN KINASE SRC,rawtok_PROTO_ONCOGENE_TYROSINE_PROTEIN_KINASE_SRC
LESTAURTINIB,targets,single_protein_pref_name,Proto-oncogene tyrosine-protein kinase receptor Ret,PROTO-ONCOGENE TYROSINE-PROTEIN KINASE RECEPTOR RET,rawtok_PROTO_ONCOGENE_TYROSINE_PROTEIN_KINASE_RECEPTOR_RET
LESTAURTINIB,targets,single_protein_pref_name,RAC-alpha serine/threonine-protein kinase,RAC-ALPHA SERINE/THREONINE-PROTEIN KINASE,rawtok_RAC_ALPHA_SERINE_THREONINE_PROTEIN_KINASE
LESTAURTINIB,targets,single_protein_pref_name,RAC-beta serine/threonine-protein kinase,RAC-BETA SERINE/THREONINE-PROTEIN KINASE,rawtok_RAC_BETA_SERINE_THREONINE_PROTEIN_KINASE
LESTAURTINIB,targets,single_protein_pref_name,RAC-gamma serine/threonine-protein kinase,RAC-GAMMA SERINE/THREONINE-PROTEIN KINASE,rawtok_RAC_GAMMA_SERINE_THREONINE_PROTEIN_KINASE
LESTAURTINIB,targets,single_protein_pref_name,Receptor tyrosine-protein kinase erbB-3,RECEPTOR TYROSINE-PROTEIN KINASE ERBB-3,rawtok_RECEPTOR_TYROSINE_PROTEIN_KINASE_ERBB_3
LESTAURTINIB,targets,single_protein_pref_name,Receptor tyrosine-protein kinase erbB-4,RECEPTOR TYROSINE-PROTEIN KINASE ERBB-4,rawtok_RECEPTOR_TYROSINE_PROTEIN_KINASE_ERBB_4
LESTAURTINIB,targets,single_protein_pref_name,Receptor-interacting serine/threonine-protein kinase 2,RECEPTOR-INTERACTING SERINE/THREONINE-PROTEIN KINASE 2,rawtok_RECEPTOR_INTERACTING_SERINE_THREONINE_PROTEIN_KINASE_2
LESTAURTINIB,targets,single_protein_pref_name,Receptor-interacting serine/threonine-protein kinase 4,RECEPTOR-INTERACTING SERINE/THREONINE-PROTEIN KINASE 4,rawtok_RECEPTOR_INTERACTING_SERINE_THREONINE_PROTEIN_KINASE_4
LESTAURTINIB,targets,single_protein_pref_name,Receptor-type tyrosine-protein kinase FLT3,RECEPTOR-TYPE TYROSINE-PROTEIN KINASE FLT3,rawtok_RECEPTOR_TYPE_TYROSINE_PROTEIN_KINASE_FLT3
LESTAURTINIB,targets,single_protein_pref_name,Rho-associated protein kinase 1,RHO-ASSOCIATED PROTEIN KINASE 1,rawtok_RHO_ASSOCIATED_PROTEIN_KINASE_1
LESTAURTINIB,targets,single_protein_pref_name,Rho-associated protein kinase 2,RHO-ASSOCIATED PROTEIN KINASE 2,rawtok_RHO_ASSOCIATED_PROTEIN_KINASE_2
LESTAURTINIB,targets,single_protein_pref_name,Rhodopsin kinase GRK1,RHODOPSIN KINASE GRK1,rawtok_RHODOPSIN_KINASE_GRK1
LESTAURTINIB,targets,single_protein_pref_name,Rhodopsin kinase GRK7,RHODOPSIN KINASE GRK7,rawtok_RHODOPSIN_KINASE_GRK7
LESTAURTINIB,targets,single_protein_pref_name,Ribosomal protein S6 kinase alpha-1,RIBOSOMAL PROTEIN S6 KINASE ALPHA-1,rawtok_RIBOSOMAL_PROTEIN_S6_KINASE_ALPHA_1
LESTAURTINIB,targets,single_protein_pref_name,Ribosomal protein S6 kinase alpha-2,RIBOSOMAL PROTEIN S6 KINASE ALPHA-2,rawtok_RIBOSOMAL_PROTEIN_S6_KINASE_ALPHA_2
LESTAURTINIB,targets,single_protein_pref_name,Ribosomal protein S6 kinase alpha-3,RIBOSOMAL PROTEIN S6 KINASE ALPHA-3,rawtok_RIBOSOMAL_PROTEIN_S6_KINASE_ALPHA_3
LESTAURTINIB,targets,single_protein_pref_name,Ribosomal protein S6 kinase alpha-4,RIBOSOMAL PROTEIN S6 KINASE ALPHA-4,rawtok_RIBOSOMAL_PROTEIN_S6_KINASE_ALPHA_4
LESTAURTINIB,targets,single_protein_pref_name,Ribosomal protein S6 kinase alpha-5,RIBOSOMAL PROTEIN S6 KINASE ALPHA-5,rawtok_RIBOSOMAL_PROTEIN_S6_KINASE_ALPHA_5
LESTAURTINIB,targets,single_protein_pref_name,Ribosomal protein S6 kinase alpha-6,RIBOSOMAL PROTEIN S6 KINASE ALPHA-6,rawtok_RIBOSOMAL_PROTEIN_S6_KINASE_ALPHA_6
LESTAURTINIB,targets,single_protein_pref_name,Ribosomal protein S6 kinase beta-1,RIBOSOMAL PROTEIN S6 KINASE BETA-1,rawtok_RIBOSOMAL_PROTEIN_S6_KINASE_BETA_1
LESTAURTINIB,targets,single_protein_pref_name,Ribosyldihydronicotinamide dehydrogenase [quinone],RIBOSYLDIHYDRONICOTINAMIDE DEHYDROGENASE [QUINONE],rawtok_RIBOSYLDIHYDRONICOTINAMIDE_DEHYDROGENASE_QUINONE
LESTAURTINIB,targets,single_protein_pref_name,SRSF protein kinase 1,SRSF PROTEIN KINASE 1,rawtok_SRSF_PROTEIN_KINASE_1
LESTAURTINIB,targets,single_protein_pref_name,SRSF protein kinase 2,SRSF PROTEIN KINASE 2,rawtok_SRSF_PROTEIN_KINASE_2
LESTAURTINIB,targets,single_protein_pref_name,SRSF protein kinase 3,SRSF PROTEIN KINASE 3,rawtok_SRSF_PROTEIN_KINASE_3
LESTAURTINIB,targets,single_protein_pref_name,STE20-like serine/threonine-protein kinase,STE20-LIKE SERINE/THREONINE-PROTEIN KINASE,rawtok_STE20_LIKE_SERINE_THREONINE_PROTEIN_KINASE
LESTAURTINIB,targets,single_protein_pref_name,STE20/SPS1-related proline-alanine-rich protein kinase,STE20/SPS1-RELATED PROLINE-ALANINE-RICH PROTEIN KINASE,rawtok_STE20_SPS1_RELATED_PROLINE_ALANINE_RICH_PROTEIN_KINASE
LESTAURTINIB,targets,single_protein_pref_name,Serine/threonine-protein kinase 10,SERINE/THREONINE-PROTEIN KINASE 10,rawtok_SERINE_THREONINE_PROTEIN_KINASE_10
LESTAURTINIB,targets,single_protein_pref_name,Serine/threonine-protein kinase 16,SERINE/THREONINE-PROTEIN KINASE 16,rawtok_SERINE_THREONINE_PROTEIN_KINASE_16
LESTAURTINIB,targets,single_protein_pref_name,Serine/threonine-protein kinase 17A,SERINE/THREONINE-PROTEIN KINASE 17A,rawtok_SERINE_THREONINE_PROTEIN_KINASE_17A
LESTAURTINIB,targets,single_protein_pref_name,Serine/threonine-protein kinase 17B,SERINE/THREONINE-PROTEIN KINASE 17B,rawtok_SERINE_THREONINE_PROTEIN_KINASE_17B
LESTAURTINIB,targets,single_protein_pref_name,Serine/threonine-protein kinase 24,SERINE/THREONINE-PROTEIN KINASE 24,rawtok_SERINE_THREONINE_PROTEIN_KINASE_24
LESTAURTINIB,targets,single_protein_pref_name,Serine/threonine-protein kinase 25,SERINE/THREONINE-PROTEIN KINASE 25,rawtok_SERINE_THREONINE_PROTEIN_KINASE_25
LESTAURTINIB,targets,single_protein_pref_name,Serine/threonine-protein kinase 26,SERINE/THREONINE-PROTEIN KINASE 26,rawtok_SERINE_THREONINE_PROTEIN_KINASE_26
LESTAURTINIB,targets,single_protein_pref_name,Serine/threonine-protein kinase 3,SERINE/THREONINE-PROTEIN KINASE 3,rawtok_SERINE_THREONINE_PROTEIN_KINASE_3
LESTAURTINIB,targets,single_protein_pref_name,Serine/threonine-protein kinase 32A,SERINE/THREONINE-PROTEIN KINASE 32A,rawtok_SERINE_THREONINE_PROTEIN_KINASE_32A
LESTAURTINIB,targets,single_protein_pref_name,Serine/threonine-protein kinase 32B,SERINE/THREONINE-PROTEIN KINASE 32B,rawtok_SERINE_THREONINE_PROTEIN_KINASE_32B
LESTAURTINIB,targets,single_protein_pref_name,Serine/threonine-protein kinase 32C,SERINE/THREONINE-PROTEIN KINASE 32C,rawtok_SERINE_THREONINE_PROTEIN_KINASE_32C
LESTAURTINIB,targets,single_protein_pref_name,Serine/threonine-protein kinase 33,SERINE/THREONINE-PROTEIN KINASE 33,rawtok_SERINE_THREONINE_PROTEIN_KINASE_33
LESTAURTINIB,targets,single_protein_pref_name,Serine/threonine-protein kinase 35,SERINE/THREONINE-PROTEIN KINASE 35,rawtok_SERINE_THREONINE_PROTEIN_KINASE_35
LESTAURTINIB,targets,single_protein_pref_name,Serine/threonine-protein kinase 36,SERINE/THREONINE-PROTEIN KINASE 36,rawtok_SERINE_THREONINE_PROTEIN_KINASE_36
LESTAURTINIB,targets,single_protein_pref_name,Serine/threonine-protein kinase 38,SERINE/THREONINE-PROTEIN KINASE 38,rawtok_SERINE_THREONINE_PROTEIN_KINASE_38
LESTAURTINIB,targets,single_protein_pref_name,Serine/threonine-protein kinase 38-like,SERINE/THREONINE-PROTEIN KINASE 38-LIKE,rawtok_SERINE_THREONINE_PROTEIN_KINASE_38_LIKE
LESTAURTINIB,targets,single_protein_pref_name,Serine/threonine-protein kinase 4,SERINE/THREONINE-PROTEIN KINASE 4,rawtok_SERINE_THREONINE_PROTEIN_KINASE_4
LESTAURTINIB,targets,single_protein_pref_name,Serine/threonine-protein kinase BRSK1,SERINE/THREONINE-PROTEIN KINASE BRSK1,rawtok_SERINE_THREONINE_PROTEIN_KINASE_BRSK1
LESTAURTINIB,targets,single_protein_pref_name,Serine/threonine-protein kinase BRSK2,SERINE/THREONINE-PROTEIN KINASE BRSK2,rawtok_SERINE_THREONINE_PROTEIN_KINASE_BRSK2
LESTAURTINIB,targets,single_protein_pref_name,Serine/threonine-protein kinase Chk1,SERINE/THREONINE-PROTEIN KINASE CHK1,rawtok_SERINE_THREONINE_PROTEIN_KINASE_CHK1
LESTAURTINIB,targets,single_protein_pref_name,Serine/threonine-protein kinase Chk2,SERINE/THREONINE-PROTEIN KINASE CHK2,rawtok_SERINE_THREONINE_PROTEIN_KINASE_CHK2
LESTAURTINIB,targets,single_protein_pref_name,Serine/threonine-protein kinase D1,SERINE/THREONINE-PROTEIN KINASE D1,rawtok_SERINE_THREONINE_PROTEIN_KINASE_D1
LESTAURTINIB,targets,single_protein_pref_name,Serine/threonine-protein kinase D2,SERINE/THREONINE-PROTEIN KINASE D2,rawtok_SERINE_THREONINE_PROTEIN_KINASE_D2
LESTAURTINIB,targets,single_protein_pref_name,Serine/threonine-protein kinase D3,SERINE/THREONINE-PROTEIN KINASE D3,rawtok_SERINE_THREONINE_PROTEIN_KINASE_D3
LESTAURTINIB,targets,single_protein_pref_name,Serine/threonine-protein kinase DCLK2,SERINE/THREONINE-PROTEIN KINASE DCLK2,rawtok_SERINE_THREONINE_PROTEIN_KINASE_DCLK2
LESTAURTINIB,targets,single_protein_pref_name,Serine/threonine-protein kinase DCLK3,SERINE/THREONINE-PROTEIN KINASE DCLK3,rawtok_SERINE_THREONINE_PROTEIN_KINASE_DCLK3
LESTAURTINIB,targets,single_protein_pref_name,Serine/threonine-protein kinase ICK,SERINE/THREONINE-PROTEIN KINASE ICK,rawtok_SERINE_THREONINE_PROTEIN_KINASE_ICK
LESTAURTINIB,targets,single_protein_pref_name,Serine/threonine-protein kinase LATS1,SERINE/THREONINE-PROTEIN KINASE LATS1,rawtok_SERINE_THREONINE_PROTEIN_KINASE_LATS1
LESTAURTINIB,targets,single_protein_pref_name,Serine/threonine-protein kinase LATS2,SERINE/THREONINE-PROTEIN KINASE LATS2,rawtok_SERINE_THREONINE_PROTEIN_KINASE_LATS2
LESTAURTINIB,targets,single_protein_pref_name,Serine/threonine-protein kinase MAK,SERINE/THREONINE-PROTEIN KINASE MAK,rawtok_SERINE_THREONINE_PROTEIN_KINASE_MAK
LESTAURTINIB,targets,single_protein_pref_name,Serine/threonine-protein kinase MARK1,SERINE/THREONINE-PROTEIN KINASE MARK1,rawtok_SERINE_THREONINE_PROTEIN_KINASE_MARK1
LESTAURTINIB,targets,single_protein_pref_name,Serine/threonine-protein kinase MARK2,SERINE/THREONINE-PROTEIN KINASE MARK2,rawtok_SERINE_THREONINE_PROTEIN_KINASE_MARK2
LESTAURTINIB,targets,single_protein_pref_name,Serine/threonine-protein kinase MRCK alpha,SERINE/THREONINE-PROTEIN KINASE MRCK ALPHA,rawtok_SERINE_THREONINE_PROTEIN_KINASE_MRCK_ALPHA
LESTAURTINIB,targets,single_protein_pref_name,Serine/threonine-protein kinase MRCK beta,SERINE/THREONINE-PROTEIN KINASE MRCK BETA,rawtok_SERINE_THREONINE_PROTEIN_KINASE_MRCK_BETA
LESTAURTINIB,targets,single_protein_pref_name,Serine/threonine-protein kinase MRCK gamma,SERINE/THREONINE-PROTEIN KINASE MRCK GAMMA,rawtok_SERINE_THREONINE_PROTEIN_KINASE_MRCK_GAMMA
LESTAURTINIB,targets,single_protein_pref_name,Serine/threonine-protein kinase N1,SERINE/THREONINE-PROTEIN KINASE N1,rawtok_SERINE_THREONINE_PROTEIN_KINASE_N1
LESTAURTINIB,targets,single_protein_pref_name,Serine/threonine-protein kinase N2,SERINE/THREONINE-PROTEIN KINASE N2,rawtok_SERINE_THREONINE_PROTEIN_KINASE_N2
LESTAURTINIB,targets,single_protein_pref_name,Serine/threonine-protein kinase N3,SERINE/THREONINE-PROTEIN KINASE N3,rawtok_SERINE_THREONINE_PROTEIN_KINASE_N3
LESTAURTINIB,targets,single_protein_pref_name,Serine/threonine-protein kinase NIM1,SERINE/THREONINE-PROTEIN KINASE NIM1,rawtok_SERINE_THREONINE_PROTEIN_KINASE_NIM1
LESTAURTINIB,targets,single_protein_pref_name,Serine/threonine-protein kinase NLK,SERINE/THREONINE-PROTEIN KINASE NLK,rawtok_SERINE_THREONINE_PROTEIN_KINASE_NLK
LESTAURTINIB,targets,single_protein_pref_name,Serine/threonine-protein kinase Nek1,SERINE/THREONINE-PROTEIN KINASE NEK1,rawtok_SERINE_THREONINE_PROTEIN_KINASE_NEK1
LESTAURTINIB,targets,single_protein_pref_name,Serine/threonine-protein kinase Nek2,SERINE/THREONINE-PROTEIN KINASE NEK2,rawtok_SERINE_THREONINE_PROTEIN_KINASE_NEK2
LESTAURTINIB,targets,single_protein_pref_name,Serine/threonine-protein kinase Nek5,SERINE/THREONINE-PROTEIN KINASE NEK5,rawtok_SERINE_THREONINE_PROTEIN_KINASE_NEK5
LESTAURTINIB,targets,single_protein_pref_name,Serine/threonine-protein kinase Nek6,SERINE/THREONINE-PROTEIN KINASE NEK6,rawtok_SERINE_THREONINE_PROTEIN_KINASE_NEK6
LESTAURTINIB,targets,single_protein_pref_name,Serine/threonine-protein kinase Nek7,SERINE/THREONINE-PROTEIN KINASE NEK7,rawtok_SERINE_THREONINE_PROTEIN_KINASE_NEK7
LESTAURTINIB,targets,single_protein_pref_name,Serine/threonine-protein kinase Nek9,SERINE/THREONINE-PROTEIN KINASE NEK9,rawtok_SERINE_THREONINE_PROTEIN_KINASE_NEK9
LESTAURTINIB,targets,single_protein_pref_name,Serine/threonine-protein kinase OSR1,SERINE/THREONINE-PROTEIN KINASE OSR1,rawtok_SERINE_THREONINE_PROTEIN_KINASE_OSR1
LESTAURTINIB,targets,single_protein_pref_name,Serine/threonine-protein kinase PAK 1,SERINE/THREONINE-PROTEIN KINASE PAK 1,rawtok_SERINE_THREONINE_PROTEIN_KINASE_PAK_1
LESTAURTINIB,targets,single_protein_pref_name,Serine/threonine-protein kinase PAK 2,SERINE/THREONINE-PROTEIN KINASE PAK 2,rawtok_SERINE_THREONINE_PROTEIN_KINASE_PAK_2
LESTAURTINIB,targets,single_protein_pref_name,Serine/threonine-protein kinase PAK 3,SERINE/THREONINE-PROTEIN KINASE PAK 3,rawtok_SERINE_THREONINE_PROTEIN_KINASE_PAK_3
LESTAURTINIB,targets,single_protein_pref_name,Serine/threonine-protein kinase PAK 4,SERINE/THREONINE-PROTEIN KINASE PAK 4,rawtok_SERINE_THREONINE_PROTEIN_KINASE_PAK_4
LESTAURTINIB,targets,single_protein_pref_name,Serine/threonine-protein kinase PAK 5,SERINE/THREONINE-PROTEIN KINASE PAK 5,rawtok_SERINE_THREONINE_PROTEIN_KINASE_PAK_5
LESTAURTINIB,targets,single_protein_pref_name,Serine/threonine-protein kinase PAK 6,SERINE/THREONINE-PROTEIN KINASE PAK 6,rawtok_SERINE_THREONINE_PROTEIN_KINASE_PAK_6
LESTAURTINIB,targets,single_protein_pref_name,Serine/threonine-protein kinase PLK1,SERINE/THREONINE-PROTEIN KINASE PLK1,rawtok_SERINE_THREONINE_PROTEIN_KINASE_PLK1
LESTAURTINIB,targets,single_protein_pref_name,Serine/threonine-protein kinase PLK2,SERINE/THREONINE-PROTEIN KINASE PLK2,rawtok_SERINE_THREONINE_PROTEIN_KINASE_PLK2
LESTAURTINIB,targets,single_protein_pref_name,Serine/threonine-protein kinase PLK3,SERINE/THREONINE-PROTEIN KINASE PLK3,rawtok_SERINE_THREONINE_PROTEIN_KINASE_PLK3
LESTAURTINIB,targets,single_protein_pref_name,Serine/threonine-protein kinase PLK4,SERINE/THREONINE-PROTEIN KINASE PLK4,rawtok_SERINE_THREONINE_PROTEIN_KINASE_PLK4
LESTAURTINIB,targets,single_protein_pref_name,Serine/threonine-protein kinase PRP4 homolog,SERINE/THREONINE-PROTEIN KINASE PRP4 HOMOLOG,rawtok_SERINE_THREONINE_PROTEIN_KINASE_PRP4_HOMOLOG
LESTAURTINIB,targets,single_protein_pref_name,Serine/threonine-protein kinase RIO1,SERINE/THREONINE-PROTEIN KINASE RIO1,rawtok_SERINE_THREONINE_PROTEIN_KINASE_RIO1
LESTAURTINIB,targets,single_protein_pref_name,Serine/threonine-protein kinase RIO2,SERINE/THREONINE-PROTEIN KINASE RIO2,rawtok_SERINE_THREONINE_PROTEIN_KINASE_RIO2
LESTAURTINIB,targets,single_protein_pref_name,Serine/threonine-protein kinase RIO3,SERINE/THREONINE-PROTEIN KINASE RIO3,rawtok_SERINE_THREONINE_PROTEIN_KINASE_RIO3
LESTAURTINIB,targets,single_protein_pref_name,Serine/threonine-protein kinase SBK1,SERINE/THREONINE-PROTEIN KINASE SBK1,rawtok_SERINE_THREONINE_PROTEIN_KINASE_SBK1
LESTAURTINIB,targets,single_protein_pref_name,Serine/threonine-protein kinase SIK1,SERINE/THREONINE-PROTEIN KINASE SIK1,rawtok_SERINE_THREONINE_PROTEIN_KINASE_SIK1
LESTAURTINIB,targets,single_protein_pref_name,Serine/threonine-protein kinase SIK2,SERINE/THREONINE-PROTEIN KINASE SIK2,rawtok_SERINE_THREONINE_PROTEIN_KINASE_SIK2
LESTAURTINIB,targets,single_protein_pref_name,Serine/threonine-protein kinase SIK3,SERINE/THREONINE-PROTEIN KINASE SIK3,rawtok_SERINE_THREONINE_PROTEIN_KINASE_SIK3
LESTAURTINIB,targets,single_protein_pref_name,Serine/threonine-protein kinase STK11,SERINE/THREONINE-PROTEIN KINASE STK11,rawtok_SERINE_THREONINE_PROTEIN_KINASE_STK11
LESTAURTINIB,targets,single_protein_pref_name,Serine/threonine-protein kinase Sgk3,SERINE/THREONINE-PROTEIN KINASE SGK3,rawtok_SERINE_THREONINE_PROTEIN_KINASE_SGK3
LESTAURTINIB,targets,single_protein_pref_name,Serine/threonine-protein kinase TAO1,SERINE/THREONINE-PROTEIN KINASE TAO1,rawtok_SERINE_THREONINE_PROTEIN_KINASE_TAO1
LESTAURTINIB,targets,single_protein_pref_name,Serine/threonine-protein kinase TAO2,SERINE/THREONINE-PROTEIN KINASE TAO2,rawtok_SERINE_THREONINE_PROTEIN_KINASE_TAO2
LESTAURTINIB,targets,single_protein_pref_name,Serine/threonine-protein kinase TAO3,SERINE/THREONINE-PROTEIN KINASE TAO3,rawtok_SERINE_THREONINE_PROTEIN_KINASE_TAO3
LESTAURTINIB,targets,single_protein_pref_name,Serine/threonine-protein kinase TBK1,SERINE/THREONINE-PROTEIN KINASE TBK1,rawtok_SERINE_THREONINE_PROTEIN_KINASE_TBK1
LESTAURTINIB,targets,single_protein_pref_name,Serine/threonine-protein kinase TNNI3K,SERINE/THREONINE-PROTEIN KINASE TNNI3K,rawtok_SERINE_THREONINE_PROTEIN_KINASE_TNNI3K
LESTAURTINIB,targets,single_protein_pref_name,Serine/threonine-protein kinase ULK1,SERINE/THREONINE-PROTEIN KINASE ULK1,rawtok_SERINE_THREONINE_PROTEIN_KINASE_ULK1
LESTAURTINIB,targets,single_protein_pref_name,Serine/threonine-protein kinase ULK2,SERINE/THREONINE-PROTEIN KINASE ULK2,rawtok_SERINE_THREONINE_PROTEIN_KINASE_ULK2
LESTAURTINIB,targets,single_protein_pref_name,Serine/threonine-protein kinase ULK3,SERINE/THREONINE-PROTEIN KINASE ULK3,rawtok_SERINE_THREONINE_PROTEIN_KINASE_ULK3
LESTAURTINIB,targets,single_protein_pref_name,Serine/threonine-protein kinase pim-1,SERINE/THREONINE-PROTEIN KINASE PIM-1,rawtok_SERINE_THREONINE_PROTEIN_KINASE_PIM_1
LESTAURTINIB,targets,single_protein_pref_name,Serine/threonine-protein kinase pim-2,SERINE/THREONINE-PROTEIN KINASE PIM-2,rawtok_SERINE_THREONINE_PROTEIN_KINASE_PIM_2
LESTAURTINIB,targets,single_protein_pref_name,Serine/threonine-protein kinase pim-3,SERINE/THREONINE-PROTEIN KINASE PIM-3,rawtok_SERINE_THREONINE_PROTEIN_KINASE_PIM_3
LESTAURTINIB,targets,single_protein_pref_name,Serine/threonine-protein kinase tousled-like 1,SERINE/THREONINE-PROTEIN KINASE TOUSLED-LIKE 1,rawtok_SERINE_THREONINE_PROTEIN_KINASE_TOUSLED_LIKE_1
LESTAURTINIB,targets,single_protein_pref_name,Serine/threonine-protein kinase tousled-like 2,SERINE/THREONINE-PROTEIN KINASE TOUSLED-LIKE 2,rawtok_SERINE_THREONINE_PROTEIN_KINASE_TOUSLED_LIKE_2
LESTAURTINIB,targets,single_protein_pref_name,Serine/threonine-protein kinase/endoribonuclease IRE1,SERINE/THREONINE-PROTEIN KINASE/ENDORIBONUCLEASE IRE1,rawtok_SERINE_THREONINE_PROTEIN_KINASE_ENDORIBONUCLEASE_IRE1
LESTAURTINIB,targets,single_protein_pref_name,Serine/threonine-protein kinase/endoribonuclease IRE2,SERINE/THREONINE-PROTEIN KINASE/ENDORIBONUCLEASE IRE2,rawtok_SERINE_THREONINE_PROTEIN_KINASE_ENDORIBONUCLEASE_IRE2
LESTAURTINIB,targets,single_protein_pref_name,Signal transducer and activator of transcription 3,SIGNAL TRANSDUCER AND ACTIVATOR OF TRANSCRIPTION 3,rawtok_SIGNAL_TRANSDUCER_AND_ACTIVATOR_OF_TRANSCRIPTION_3
LESTAURTINIB,targets,single_protein_pref_name,Signal transducer and activator of transcription 5A,SIGNAL TRANSDUCER AND ACTIVATOR OF TRANSCRIPTION 5A,rawtok_SIGNAL_TRANSDUCER_AND_ACTIVATOR_OF_TRANSCRIPTION_5A
LESTAURTINIB,targets,single_protein_pref_name,TGF-beta receptor type-1,TGF-BETA RECEPTOR TYPE-1,rawtok_TGF_BETA_RECEPTOR_TYPE_1
LESTAURTINIB,targets,single_protein_pref_name,TGF-beta receptor type-2,TGF-BETA RECEPTOR TYPE-2,rawtok_TGF_BETA_RECEPTOR_TYPE_2
LESTAURTINIB,targets,single_protein_pref_name,TRAF2 and NCK-interacting protein kinase,TRAF2 AND NCK-INTERACTING PROTEIN KINASE,rawtok_TRAF2_AND_NCK_INTERACTING_PROTEIN_KINASE
LESTAURTINIB,targets,single_protein_pref_name,Testis-specific serine/threonine-protein kinase 1,TESTIS-SPECIFIC SERINE/THREONINE-PROTEIN KINASE 1,rawtok_TESTIS_SPECIFIC_SERINE_THREONINE_PROTEIN_KINASE_1
LESTAURTINIB,targets,single_protein_pref_name,Tyrosine-protein kinase ABL1,TYROSINE-PROTEIN KINASE ABL1,rawtok_TYROSINE_PROTEIN_KINASE_ABL1
LESTAURTINIB,targets,single_protein_pref_name,Tyrosine-protein kinase ABL2,TYROSINE-PROTEIN KINASE ABL2,rawtok_TYROSINE_PROTEIN_KINASE_ABL2
LESTAURTINIB,targets,single_protein_pref_name,Tyrosine-protein kinase BTK,TYROSINE-PROTEIN KINASE BTK,rawtok_TYROSINE_PROTEIN_KINASE_BTK
LESTAURTINIB,targets,single_protein_pref_name,Tyrosine-protein kinase Blk,TYROSINE-PROTEIN KINASE BLK,rawtok_TYROSINE_PROTEIN_KINASE_BLK
LESTAURTINIB,targets,single_protein_pref_name,Tyrosine-protein kinase CSK,TYROSINE-PROTEIN KINASE CSK,rawtok_TYROSINE_PROTEIN_KINASE_CSK
LESTAURTINIB,targets,single_protein_pref_name,Tyrosine-protein kinase FRK,TYROSINE-PROTEIN KINASE FRK,rawtok_TYROSINE_PROTEIN_KINASE_FRK
LESTAURTINIB,targets,single_protein_pref_name,Tyrosine-protein kinase Fer,TYROSINE-PROTEIN KINASE FER,rawtok_TYROSINE_PROTEIN_KINASE_FER
LESTAURTINIB,targets,single_protein_pref_name,Tyrosine-protein kinase Fes/Fps,TYROSINE-PROTEIN KINASE FES/FPS,rawtok_TYROSINE_PROTEIN_KINASE_FES_FPS
LESTAURTINIB,targets,single_protein_pref_name,Tyrosine-protein kinase Fgr,TYROSINE-PROTEIN KINASE FGR,rawtok_TYROSINE_PROTEIN_KINASE_FGR
LESTAURTINIB,targets,single_protein_pref_name,Tyrosine-protein kinase Fyn,TYROSINE-PROTEIN KINASE FYN,rawtok_TYROSINE_PROTEIN_KINASE_FYN
LESTAURTINIB,targets,single_protein_pref_name,Tyrosine-protein kinase HCK,TYROSINE-PROTEIN KINASE HCK,rawtok_TYROSINE_PROTEIN_KINASE_HCK
LESTAURTINIB,targets,single_protein_pref_name,Tyrosine-protein kinase ITK/TSK,TYROSINE-PROTEIN KINASE ITK/TSK,rawtok_TYROSINE_PROTEIN_KINASE_ITK_TSK
LESTAURTINIB,targets,single_protein_pref_name,Tyrosine-protein kinase JAK1,TYROSINE-PROTEIN KINASE JAK1,rawtok_TYROSINE_PROTEIN_KINASE_JAK1
LESTAURTINIB,targets,single_protein_pref_name,Tyrosine-protein kinase JAK2,TYROSINE-PROTEIN KINASE JAK2,rawtok_TYROSINE_PROTEIN_KINASE_JAK2
LESTAURTINIB,targets,single_protein_pref_name,Tyrosine-protein kinase JAK3,TYROSINE-PROTEIN KINASE JAK3,rawtok_TYROSINE_PROTEIN_KINASE_JAK3
LESTAURTINIB,targets,single_protein_pref_name,Tyrosine-protein kinase Lck,TYROSINE-PROTEIN KINASE LCK,rawtok_TYROSINE_PROTEIN_KINASE_LCK
LESTAURTINIB,targets,single_protein_pref_name,Tyrosine-protein kinase Lyn,TYROSINE-PROTEIN KINASE LYN,rawtok_TYROSINE_PROTEIN_KINASE_LYN
LESTAURTINIB,targets,single_protein_pref_name,Tyrosine-protein kinase Mer,TYROSINE-PROTEIN KINASE MER,rawtok_TYROSINE_PROTEIN_KINASE_MER
LESTAURTINIB,targets,single_protein_pref_name,Tyrosine-protein kinase SYK,TYROSINE-PROTEIN KINASE SYK,rawtok_TYROSINE_PROTEIN_KINASE_SYK
LESTAURTINIB,targets,single_protein_pref_name,Tyrosine-protein kinase Srms,TYROSINE-PROTEIN KINASE SRMS,rawtok_TYROSINE_PROTEIN_KINASE_SRMS
LESTAURTINIB,targets,single_protein_pref_name,Tyrosine-protein kinase TXK,TYROSINE-PROTEIN KINASE TXK,rawtok_TYROSINE_PROTEIN_KINASE_TXK
LESTAURTINIB,targets,single_protein_pref_name,Tyrosine-protein kinase Tec,TYROSINE-PROTEIN KINASE TEC,rawtok_TYROSINE_PROTEIN_KINASE_TEC
LESTAURTINIB,targets,single_protein_pref_name,Tyrosine-protein kinase Yes,TYROSINE-PROTEIN KINASE YES,rawtok_TYROSINE_PROTEIN_KINASE_YES
LESTAURTINIB,targets,single_protein_pref_name,Tyrosine-protein kinase ZAP-70,TYROSINE-PROTEIN KINASE ZAP-70,rawtok_TYROSINE_PROTEIN_KINASE_ZAP_70
LESTAURTINIB,targets,single_protein_pref_name,Tyrosine-protein kinase receptor TYRO3,TYROSINE-PROTEIN KINASE RECEPTOR TYRO3,rawtok_TYROSINE_PROTEIN_KINASE_RECEPTOR_TYRO3
LESTAURTINIB,targets,single_protein_pref_name,Tyrosine-protein kinase receptor Tie-1,TYROSINE-PROTEIN KINASE RECEPTOR TIE-1,rawtok_TYROSINE_PROTEIN_KINASE_RECEPTOR_TIE_1
LESTAURTINIB,targets,single_protein_pref_name,Tyrosine-protein kinase receptor UFO,TYROSINE-PROTEIN KINASE RECEPTOR UFO,rawtok_TYROSINE_PROTEIN_KINASE_RECEPTOR_UFO
LESTAURTINIB,targets,single_protein_pref_name,Uncharacterized protein FLJ45252,UNCHARACTERIZED PROTEIN FLJ45252,rawtok_UNCHARACTERIZED_PROTEIN_FLJ45252
LESTAURTINIB,targets,single_protein_pref_name,Uncharacterized serine/threonine-protein kinase SBK3,UNCHARACTERIZED SERINE/THREONINE-PROTEIN KINASE SBK3,rawtok_UNCHARACTERIZED_SERINE_THREONINE_PROTEIN_KINASE_SBK3
LESTAURTINIB,targets,single_protein_pref_name,Vascular endothelial growth factor receptor 1,VASCULAR ENDOTHELIAL GROWTH FACTOR RECEPTOR 1,rawtok_VASCULAR_ENDOTHELIAL_GROWTH_FACTOR_RECEPTOR_1
LESTAURTINIB,targets,single_protein_pref_name,Vascular endothelial growth factor receptor 2,VASCULAR ENDOTHELIAL GROWTH FACTOR RECEPTOR 2,rawtok_VASCULAR_ENDOTHELIAL_GROWTH_FACTOR_RECEPTOR_2
LESTAURTINIB,targets,single_protein_pref_name,Vascular endothelial growth factor receptor 3,VASCULAR ENDOTHELIAL GROWTH FACTOR RECEPTOR 3,rawtok_VASCULAR_ENDOTHELIAL_GROWTH_FACTOR_RECEPTOR_3
LESTAURTINIB,targets,single_protein_pref_name,Wee1-like protein kinase,WEE1-LIKE PROTEIN KINASE,rawtok_WEE1_LIKE_PROTEIN_KINASE
LESTAURTINIB,targets,single_protein_pref_name,Wee1-like protein kinase 2,WEE1-LIKE PROTEIN KINASE 2,rawtok_WEE1_LIKE_PROTEIN_KINASE_2
LESTAURTINIB,targets,single_protein_pref_name,cAMP-dependent protein kinase catalytic subunit PRKX,CAMP-DEPENDENT PROTEIN KINASE CATALYTIC SUBUNIT PRKX,rawtok_CAMP_DEPENDENT_PROTEIN_KINASE_CATALYTIC_SUBUNIT_PRKX
LESTAURTINIB,targets,single_protein_pref_name,cAMP-dependent protein kinase catalytic subunit alpha,CAMP-DEPENDENT PROTEIN KINASE CATALYTIC SUBUNIT ALPHA,rawtok_CAMP_DEPENDENT_PROTEIN_KINASE_CATALYTIC_SUBUNIT_ALPHA
LESTAURTINIB,targets,single_protein_pref_name,cAMP-dependent protein kinase catalytic subunit beta,CAMP-DEPENDENT PROTEIN KINASE CATALYTIC SUBUNIT BETA,rawtok_CAMP_DEPENDENT_PROTEIN_KINASE_CATALYTIC_SUBUNIT_BETA
LESTAURTINIB,targets,single_protein_pref_name,cGMP-dependent protein kinase 1,CGMP-DEPENDENT PROTEIN KINASE 1,rawtok_CGMP_DEPENDENT_PROTEIN_KINASE_1
LESTAURTINIB,targets,single_protein_pref_name,cGMP-dependent protein kinase 2,CGMP-DEPENDENT PROTEIN KINASE 2,rawtok_CGMP_DEPENDENT_PROTEIN_KINASE_2
LESTAURTINIB,targets,single_protein_pref_name,eIF-2-alpha kinase GCN2,EIF-2-ALPHA KINASE GCN2,rawtok_EIF_2_ALPHA_KINASE_GCN2
METHOTREXATE,targets,single_protein_pref_name,Bifunctional purine biosynthesis protein ATIC,BIFUNCTIONAL PURINE BIOSYNTHESIS PROTEIN ATIC,rawtok_BIFUNCTIONAL_PURINE_BIOSYNTHESIS_PROTEIN_ATIC
METHOTREXATE,targets,single_protein_pref_name,Dihydrofolate reductase,DIHYDROFOLATE REDUCTASE,rawtok_DIHYDROFOLATE_REDUCTASE
METHOTREXATE,targets,single_protein_pref_name,Folate receptor alpha,FOLATE RECEPTOR ALPHA,rawtok_FOLATE_RECEPTOR_ALPHA
METHOTREXATE,targets,single_protein_pref_name,Folate receptor beta,FOLATE RECEPTOR BETA,rawtok_FOLATE_RECEPTOR_BETA
METHOTREXATE,targets,single_protein_pref_name,"Folylpolyglutamate synthase, mitochondrial","FOLYLPOLYGLUTAMATE SYNTHASE, MITOCHONDRIAL",rawtok_FOLYLPOLYGLUTAMATE_SYNTHASE_MITOCHONDRIAL
METHOTREXATE,targets,single_protein_pref_name,High mobility group protein B1,HIGH MOBILITY GROUP PROTEIN B1,rawtok_HIGH_MOBILITY_GROUP_PROTEIN_B1
METHOTREXATE,targets,single_protein_pref_name,Nuclear receptor coactivator 3,NUCLEAR RECEPTOR COACTIVATOR 3,rawtok_NUCLEAR_RECEPTOR_COACTIVATOR_3
METHOTREXATE,targets,single_protein_pref_name,Proton-coupled folate transporter,PROTON-COUPLED FOLATE TRANSPORTER,rawtok_PROTON_COUPLED_FOLATE_TRANSPORTER
METHOTREXATE,targets,single_protein_pref_name,Reduced folate transporter,REDUCED FOLATE TRANSPORTER,rawtok_REDUCED_FOLATE_TRANSPORTER
METHOTREXATE,targets,single_protein_pref_name,"Serine hydroxymethyltransferase, mitochondrial","SERINE HYDROXYMETHYLTRANSFERASE, MITOCHONDRIAL",rawtok_SERINE_HYDROXYMETHYLTRANSFERASE_MITOCHONDRIAL
METHOTREXATE,targets,single_protein_pref_name,Thymidylate synthase,THYMIDYLATE SYNTHASE,rawtok_THYMIDYLATE_SYNTHASE
METHOTREXATE,targets,single_protein_pref_name,Toll-like receptor 4,TOLL-LIKE RECEPTOR 4,rawtok_TOLL_LIKE_RECEPTOR_4
MIRIN,targets,single_protein_pref_name,Double-strand break repair protein MRE11,DOUBLE-STRAND BREAK REPAIR PROTEIN MRE11,rawtok_DOUBLE_STRAND_BREAK_REPAIR_PROTEIN_MRE11
MK-2206,targets,single_protein_pref_name,"Ferrochelatase, mitochondrial","FERROCHELATASE, MITOCHONDRIAL",rawtok_FERROCHELATASE_MITOCHONDRIAL
MK-2206,targets,single_protein_pref_name,RAC-alpha serine/threonine-protein kinase,RAC-ALPHA SERINE/THREONINE-PROTEIN KINASE,rawtok_RAC_ALPHA_SERINE_THREONINE_PROTEIN_KINASE
MK-2206,targets,single_protein_pref_name,RAC-beta serine/threonine-protein kinase,RAC-BETA SERINE/THREONINE-PROTEIN KINASE,rawtok_RAC_BETA_SERINE_THREONINE_PROTEIN_KINASE
MK-2206,targets,single_protein_pref_name,RAC-gamma serine/threonine-protein kinase,RAC-GAMMA SERINE/THREONINE-PROTEIN KINASE,rawtok_RAC_GAMMA_SERINE_THREONINE_PROTEIN_KINASE
MOTESANIB,targets,single_protein_pref_name,Aurora kinase C,AURORA KINASE C,rawtok_AURORA_KINASE_C
MOTESANIB,targets,single_protein_pref_name,Citron Rho-interacting kinase,CITRON RHO-INTERACTING KINASE,rawtok_CITRON_RHO_INTERACTING_KINASE
MOTESANIB,targets,single_protein_pref_name,Ephrin type-A receptor 6,EPHRIN TYPE-A RECEPTOR 6,rawtok_EPHRIN_TYPE_A_RECEPTOR_6
MOTESANIB,targets,single_protein_pref_name,Epidermal growth factor receptor,EPIDERMAL GROWTH FACTOR RECEPTOR,rawtok_EPIDERMAL_GROWTH_FACTOR_RECEPTOR
MOTESANIB,targets,single_protein_pref_name,Epithelial discoidin domain-containing receptor 1,EPITHELIAL DISCOIDIN DOMAIN-CONTAINING RECEPTOR 1,rawtok_EPITHELIAL_DISCOIDIN_DOMAIN_CONTAINING_RECEPTOR_1
MOTESANIB,targets,single_protein_pref_name,Eukaryotic peptide chain release factor GTP-binding subunit ERF3B,EUKARYOTIC PEPTIDE CHAIN RELEASE FACTOR GTP-BINDING SUBUNIT ERF3B,rawtok_EUKARYOTIC_PEPTIDE_CHAIN_RELEASE_FACTOR_GTP_BINDING_SUBUNIT_ERF3B
MOTESANIB,targets,single_protein_pref_name,Fibroblast growth factor receptor 1,FIBROBLAST GROWTH FACTOR RECEPTOR 1,rawtok_FIBROBLAST_GROWTH_FACTOR_RECEPTOR_1
MOTESANIB,targets,single_protein_pref_name,Fibroblast growth factor receptor 4,FIBROBLAST GROWTH FACTOR RECEPTOR 4,rawtok_FIBROBLAST_GROWTH_FACTOR_RECEPTOR_4
MOTESANIB,targets,single_protein_pref_name,Macrophage colony-stimulating factor 1 receptor,MACROPHAGE COLONY-STIMULATING FACTOR 1 RECEPTOR,rawtok_MACROPHAGE_COLONY_STIMULATING_FACTOR_1_RECEPTOR
MOTESANIB,targets,single_protein_pref_name,Mast/stem cell growth factor receptor Kit,MAST/STEM CELL GROWTH FACTOR RECEPTOR KIT,rawtok_MAST_STEM_CELL_GROWTH_FACTOR_RECEPTOR_KIT
MOTESANIB,targets,single_protein_pref_name,Mitogen-activated protein kinase kinase kinase 19,MITOGEN-ACTIVATED PROTEIN KINASE KINASE KINASE 19,rawtok_MITOGEN_ACTIVATED_PROTEIN_KINASE_KINASE_KINASE_19
MOTESANIB,targets,single_protein_pref_name,Mitogen-activated protein kinase kinase kinase 2,MITOGEN-ACTIVATED PROTEIN KINASE KINASE KINASE 2,rawtok_MITOGEN_ACTIVATED_PROTEIN_KINASE_KINASE_KINASE_2
MOTESANIB,targets,single_protein_pref_name,Mitogen-activated protein kinase kinase kinase 20,MITOGEN-ACTIVATED PROTEIN KINASE KINASE KINASE 20,rawtok_MITOGEN_ACTIVATED_PROTEIN_KINASE_KINASE_KINASE_20
MOTESANIB,targets,single_protein_pref_name,Mitogen-activated protein kinase kinase kinase 3,MITOGEN-ACTIVATED PROTEIN KINASE KINASE KINASE 3,rawtok_MITOGEN_ACTIVATED_PROTEIN_KINASE_KINASE_KINASE_3
MOTESANIB,targets,single_protein_pref_name,Mitogen-activated protein kinase kinase kinase 7,MITOGEN-ACTIVATED PROTEIN KINASE KINASE KINASE 7,rawtok_MITOGEN_ACTIVATED_PROTEIN_KINASE_KINASE_KINASE_7
MOTESANIB,targets,single_protein_pref_name,Mitogen-activated protein kinase kinase kinase kinase 1,MITOGEN-ACTIVATED PROTEIN KINASE KINASE KINASE KINASE 1,rawtok_MITOGEN_ACTIVATED_PROTEIN_KINASE_KINASE_KINASE_KINASE_1
MOTESANIB,targets,single_protein_pref_name,Mitogen-activated protein kinase kinase kinase kinase 4,MITOGEN-ACTIVATED PROTEIN KINASE KINASE KINASE KINASE 4,rawtok_MITOGEN_ACTIVATED_PROTEIN_KINASE_KINASE_KINASE_KINASE_4
MOTESANIB,targets,single_protein_pref_name,Platelet-derived growth factor receptor alpha,PLATELET-DERIVED GROWTH FACTOR RECEPTOR ALPHA,rawtok_PLATELET_DERIVED_GROWTH_FACTOR_RECEPTOR_ALPHA
MOTESANIB,targets,single_protein_pref_name,Platelet-derived growth factor receptor beta,PLATELET-DERIVED GROWTH FACTOR RECEPTOR BETA,rawtok_PLATELET_DERIVED_GROWTH_FACTOR_RECEPTOR_BETA
MOTESANIB,targets,single_protein_pref_name,Protein-tyrosine kinase 6,PROTEIN-TYROSINE KINASE 6,rawtok_PROTEIN_TYROSINE_KINASE_6
MOTESANIB,targets,single_protein_pref_name,Proto-oncogene tyrosine-protein kinase receptor Ret,PROTO-ONCOGENE TYROSINE-PROTEIN KINASE RECEPTOR RET,rawtok_PROTO_ONCOGENE_TYROSINE_PROTEIN_KINASE_RECEPTOR_RET
MOTESANIB,targets,single_protein_pref_name,RAF proto-oncogene serine/threonine-protein kinase,RAF PROTO-ONCOGENE SERINE/THREONINE-PROTEIN KINASE,rawtok_RAF_PROTO_ONCOGENE_SERINE_THREONINE_PROTEIN_KINASE
MOTESANIB,targets,single_protein_pref_name,Receptor-interacting serine/threonine-protein kinase 2,RECEPTOR-INTERACTING SERINE/THREONINE-PROTEIN KINASE 2,rawtok_RECEPTOR_INTERACTING_SERINE_THREONINE_PROTEIN_KINASE_2
MOTESANIB,targets,single_protein_pref_name,Receptor-interacting serine/threonine-protein kinase 3,RECEPTOR-INTERACTING SERINE/THREONINE-PROTEIN KINASE 3,rawtok_RECEPTOR_INTERACTING_SERINE_THREONINE_PROTEIN_KINASE_3
MOTESANIB,targets,single_protein_pref_name,Receptor-type tyrosine-protein kinase FLT3,RECEPTOR-TYPE TYROSINE-PROTEIN KINASE FLT3,rawtok_RECEPTOR_TYPE_TYROSINE_PROTEIN_KINASE_FLT3
MOTESANIB,targets,single_protein_pref_name,STE20-like serine/threonine-protein kinase,STE20-LIKE SERINE/THREONINE-PROTEIN KINASE,rawtok_STE20_LIKE_SERINE_THREONINE_PROTEIN_KINASE
MOTESANIB,targets,single_protein_pref_name,Serine/threonine-protein kinase 10,SERINE/THREONINE-PROTEIN KINASE 10,rawtok_SERINE_THREONINE_PROTEIN_KINASE_10
MOTESANIB,targets,single_protein_pref_name,Serine/threonine-protein kinase 35,SERINE/THREONINE-PROTEIN KINASE 35,rawtok_SERINE_THREONINE_PROTEIN_KINASE_35
MOTESANIB,targets,single_protein_pref_name,Serine/threonine-protein kinase B-raf,SERINE/THREONINE-PROTEIN KINASE B-RAF,rawtok_SERINE_THREONINE_PROTEIN_KINASE_B_RAF
MOTESANIB,targets,single_protein_pref_name,Serine/threonine-protein kinase TNNI3K,SERINE/THREONINE-PROTEIN KINASE TNNI3K,rawtok_SERINE_THREONINE_PROTEIN_KINASE_TNNI3K
MOTESANIB,targets,single_protein_pref_name,Tyrosine-protein kinase ABL1,TYROSINE-PROTEIN KINASE ABL1,rawtok_TYROSINE_PROTEIN_KINASE_ABL1
MOTESANIB,targets,single_protein_pref_name,Tyrosine-protein kinase ABL2,TYROSINE-PROTEIN KINASE ABL2,rawtok_TYROSINE_PROTEIN_KINASE_ABL2
MOTESANIB,targets,single_protein_pref_name,Tyrosine-protein kinase Blk,TYROSINE-PROTEIN KINASE BLK,rawtok_TYROSINE_PROTEIN_KINASE_BLK
MOTESANIB,targets,single_protein_pref_name,Tyrosine-protein kinase FRK,TYROSINE-PROTEIN KINASE FRK,rawtok_TYROSINE_PROTEIN_KINASE_FRK
MOTESANIB,targets,single_protein_pref_name,Tyrosine-protein kinase Fgr,TYROSINE-PROTEIN KINASE FGR,rawtok_TYROSINE_PROTEIN_KINASE_FGR
MOTESANIB,targets,single_protein_pref_name,Tyrosine-protein kinase Fyn,TYROSINE-PROTEIN KINASE FYN,rawtok_TYROSINE_PROTEIN_KINASE_FYN
MOTESANIB,targets,single_protein_pref_name,Tyrosine-protein kinase HCK,TYROSINE-PROTEIN KINASE HCK,rawtok_TYROSINE_PROTEIN_KINASE_HCK
MOTESANIB,targets,single_protein_pref_name,Tyrosine-protein kinase JAK1,TYROSINE-PROTEIN KINASE JAK1,rawtok_TYROSINE_PROTEIN_KINASE_JAK1
MOTESANIB,targets,single_protein_pref_name,Tyrosine-protein kinase Lck,TYROSINE-PROTEIN KINASE LCK,rawtok_TYROSINE_PROTEIN_KINASE_LCK
MOTESANIB,targets,single_protein_pref_name,Tyrosine-protein kinase Lyn,TYROSINE-PROTEIN KINASE LYN,rawtok_TYROSINE_PROTEIN_KINASE_LYN
MOTESANIB,targets,single_protein_pref_name,Tyrosine-protein kinase Yes,TYROSINE-PROTEIN KINASE YES,rawtok_TYROSINE_PROTEIN_KINASE_YES
MOTESANIB,targets,single_protein_pref_name,Vascular endothelial growth factor receptor 1,VASCULAR ENDOTHELIAL GROWTH FACTOR RECEPTOR 1,rawtok_VASCULAR_ENDOTHELIAL_GROWTH_FACTOR_RECEPTOR_1
MOTESANIB,targets,single_protein_pref_name,Vascular endothelial growth factor receptor 2,VASCULAR ENDOTHELIAL GROWTH FACTOR RECEPTOR 2,rawtok_VASCULAR_ENDOTHELIAL_GROWTH_FACTOR_RECEPTOR_2
MOTESANIB,targets,single_protein_pref_name,Vascular endothelial growth factor receptor 3,VASCULAR ENDOTHELIAL GROWTH FACTOR RECEPTOR 3,rawtok_VASCULAR_ENDOTHELIAL_GROWTH_FACTOR_RECEPTOR_3
MOTESANIB,targets,single_protein_pref_name,eIF-2-alpha kinase GCN2,EIF-2-ALPHA KINASE GCN2,rawtok_EIF_2_ALPHA_KINASE_GCN2
NAVITOCLAX,targets,single_protein_pref_name,Apoptosis regulator Bcl-2,APOPTOSIS REGULATOR BCL-2,rawtok_APOPTOSIS_REGULATOR_BCL_2
NAVITOCLAX,targets,single_protein_pref_name,Aspartyl/asparaginyl beta-hydroxylase,ASPARTYL/ASPARAGINYL BETA-HYDROXYLASE,rawtok_ASPARTYL_ASPARAGINYL_BETA_HYDROXYLASE
NAVITOCLAX,targets,single_protein_pref_name,Bcl-2-like protein 1,BCL-2-LIKE PROTEIN 1,rawtok_BCL_2_LIKE_PROTEIN_1
NAVITOCLAX,targets,single_protein_pref_name,Bcl-2-like protein 2,BCL-2-LIKE PROTEIN 2,rawtok_BCL_2_LIKE_PROTEIN_2
NAVITOCLAX,targets,single_protein_pref_name,Bcl2-associated agonist of cell death,BCL2-ASSOCIATED AGONIST OF CELL DEATH,rawtok_BCL2_ASSOCIATED_AGONIST_OF_CELL_DEATH
NAVITOCLAX,targets,single_protein_pref_name,Cytochrome P450 2C9,CYTOCHROME P450 2C9,rawtok_CYTOCHROME_P450_2C9
NAVITOCLAX,targets,single_protein_pref_name,Induced myeloid leukemia cell differentiation protein Mcl-1,INDUCED MYELOID LEUKEMIA CELL DIFFERENTIATION PROTEIN MCL-1,rawtok_INDUCED_MYELOID_LEUKEMIA_CELL_DIFFERENTIATION_PROTEIN_MCL_1
NU7441,targets,single_protein_pref_name,Bromodomain testis-specific protein,BROMODOMAIN TESTIS-SPECIFIC PROTEIN,rawtok_BROMODOMAIN_TESTIS_SPECIFIC_PROTEIN
NUTLIN-3A (-),targets,single_protein_pref_name,Apoptosis regulator Bcl-2,APOPTOSIS REGULATOR BCL-2,rawtok_APOPTOSIS_REGULATOR_BCL_2
NUTLIN-3A (-),targets,single_protein_pref_name,Cellular tumor antigen p53,CELLULAR TUMOR ANTIGEN P53,rawtok_CELLULAR_TUMOR_ANTIGEN_P53
NUTLIN-3A (-),targets,single_protein_pref_name,E3 ubiquitin-protein ligase Mdm2,E3 UBIQUITIN-PROTEIN LIGASE MDM2,rawtok_E3_UBIQUITIN_PROTEIN_LIGASE_MDM2
NUTLIN-3A (-),targets,single_protein_pref_name,Protein Mdm4,PROTEIN MDM4,rawtok_PROTEIN_MDM4
OLAPARIB,targets,single_protein_pref_name,Adenosine receptor A1,ADENOSINE RECEPTOR A1,rawtok_ADENOSINE_RECEPTOR_A1
OLAPARIB,targets,single_protein_pref_name,Poly [ADP-ribose] polymerase 1,POLY [ADP-RIBOSE] POLYMERASE 1,rawtok_POLY_ADP_RIBOSE_POLYMERASE_1
OLAPARIB,targets,single_protein_pref_name,Poly [ADP-ribose] polymerase 2,POLY [ADP-RIBOSE] POLYMERASE 2,rawtok_POLY_ADP_RIBOSE_POLYMERASE_2
OLAPARIB,targets,single_protein_pref_name,Poly [ADP-ribose] polymerase tankyrase-1,POLY [ADP-RIBOSE] POLYMERASE TANKYRASE-1,rawtok_POLY_ADP_RIBOSE_POLYMERASE_TANKYRASE_1
OLAPARIB,targets,single_protein_pref_name,Poly [ADP-ribose] polymerase tankyrase-2,POLY [ADP-RIBOSE] POLYMERASE TANKYRASE-2,rawtok_POLY_ADP_RIBOSE_POLYMERASE_TANKYRASE_2
OLAPARIB,targets,single_protein_pref_name,Protein mono-ADP-ribosyltransferase PARP10,PROTEIN MONO-ADP-RIBOSYLTRANSFERASE PARP10,rawtok_PROTEIN_MONO_ADP_RIBOSYLTRANSFERASE_PARP10
OLAPARIB,targets,single_protein_pref_name,Protein mono-ADP-ribosyltransferase PARP11,PROTEIN MONO-ADP-RIBOSYLTRANSFERASE PARP11,rawtok_PROTEIN_MONO_ADP_RIBOSYLTRANSFERASE_PARP11
OLAPARIB,targets,single_protein_pref_name,Protein mono-ADP-ribosyltransferase PARP12,PROTEIN MONO-ADP-RIBOSYLTRANSFERASE PARP12,rawtok_PROTEIN_MONO_ADP_RIBOSYLTRANSFERASE_PARP12
OLAPARIB,targets,single_protein_pref_name,Protein mono-ADP-ribosyltransferase PARP14,PROTEIN MONO-ADP-RIBOSYLTRANSFERASE PARP14,rawtok_PROTEIN_MONO_ADP_RIBOSYLTRANSFERASE_PARP14
OLAPARIB,targets,single_protein_pref_name,Protein mono-ADP-ribosyltransferase PARP15,PROTEIN MONO-ADP-RIBOSYLTRANSFERASE PARP15,rawtok_PROTEIN_MONO_ADP_RIBOSYLTRANSFERASE_PARP15
OLAPARIB,targets,single_protein_pref_name,Protein mono-ADP-ribosyltransferase PARP16,PROTEIN MONO-ADP-RIBOSYLTRANSFERASE PARP16,rawtok_PROTEIN_MONO_ADP_RIBOSYLTRANSFERASE_PARP16
OLAPARIB,targets,single_protein_pref_name,Protein mono-ADP-ribosyltransferase PARP3,PROTEIN MONO-ADP-RIBOSYLTRANSFERASE PARP3,rawtok_PROTEIN_MONO_ADP_RIBOSYLTRANSFERASE_PARP3
OLAPARIB,targets,single_protein_pref_name,Protein mono-ADP-ribosyltransferase PARP4,PROTEIN MONO-ADP-RIBOSYLTRANSFERASE PARP4,rawtok_PROTEIN_MONO_ADP_RIBOSYLTRANSFERASE_PARP4
OLAPARIB,targets,single_protein_pref_name,Protein mono-ADP-ribosyltransferase PARP6,PROTEIN MONO-ADP-RIBOSYLTRANSFERASE PARP6,rawtok_PROTEIN_MONO_ADP_RIBOSYLTRANSFERASE_PARP6
OLAPARIB,targets,single_protein_pref_name,Protein mono-ADP-ribosyltransferase PARP8,PROTEIN MONO-ADP-RIBOSYLTRANSFERASE PARP8,rawtok_PROTEIN_MONO_ADP_RIBOSYLTRANSFERASE_PARP8
OLAPARIB,targets,single_protein_pref_name,Protein mono-ADP-ribosyltransferase TIPARP,PROTEIN MONO-ADP-RIBOSYLTRANSFERASE TIPARP,rawtok_PROTEIN_MONO_ADP_RIBOSYLTRANSFERASE_TIPARP
OLAPARIB,targets,single_protein_pref_name,"cGMP-inhibited 3',5'-cyclic phosphodiesterase 3A","CGMP-INHIBITED 3',5'-CYCLIC PHOSPHODIESTERASE 3A",rawtok_CGMP_INHIBITED_3_5_CYCLIC_PHOSPHODIESTERASE_3A
PALBOCICLIB,targets,single_protein_pref_name,"3',5'-cyclic-AMP phosphodiesterase 4A","3',5'-CYCLIC-AMP PHOSPHODIESTERASE 4A",rawtok_3_5_CYCLIC_AMP_PHOSPHODIESTERASE_4A
PALBOCICLIB,targets,single_protein_pref_name,"3',5'-cyclic-AMP phosphodiesterase 4D","3',5'-CYCLIC-AMP PHOSPHODIESTERASE 4D",rawtok_3_5_CYCLIC_AMP_PHOSPHODIESTERASE_4D
PALBOCICLIB,targets,single_protein_pref_name,5'-AMP-activated protein kinase catalytic subunit alpha-1,5'-AMP-ACTIVATED PROTEIN KINASE CATALYTIC SUBUNIT ALPHA-1,rawtok_5_AMP_ACTIVATED_PROTEIN_KINASE_CATALYTIC_SUBUNIT_ALPHA_1
PALBOCICLIB,targets,single_protein_pref_name,ALK tyrosine kinase receptor,ALK TYROSINE KINASE RECEPTOR,rawtok_ALK_TYROSINE_KINASE_RECEPTOR
PALBOCICLIB,targets,single_protein_pref_name,AP2-associated protein kinase 1,AP2-ASSOCIATED PROTEIN KINASE 1,rawtok_AP2_ASSOCIATED_PROTEIN_KINASE_1
PALBOCICLIB,targets,single_protein_pref_name,Acetylcholinesterase,ACETYLCHOLINESTERASE,rawtok_ACETYLCHOLINESTERASE
PALBOCICLIB,targets,single_protein_pref_name,Adenosine receptor A3,ADENOSINE RECEPTOR A3,rawtok_ADENOSINE_RECEPTOR_A3
PALBOCICLIB,targets,single_protein_pref_name,Alpha-2A adrenergic receptor,ALPHA-2A ADRENERGIC RECEPTOR,rawtok_ALPHA_2A_ADRENERGIC_RECEPTOR
PALBOCICLIB,targets,single_protein_pref_name,BMP-2-inducible protein kinase,BMP-2-INDUCIBLE PROTEIN KINASE,rawtok_BMP_2_INDUCIBLE_PROTEIN_KINASE
PALBOCICLIB,targets,single_protein_pref_name,Bile salt export pump,BILE SALT EXPORT PUMP,rawtok_BILE_SALT_EXPORT_PUMP
PALBOCICLIB,targets,single_protein_pref_name,Calcium/calmodulin-dependent protein kinase type II subunit beta,CALCIUM/CALMODULIN-DEPENDENT PROTEIN KINASE TYPE II SUBUNIT BETA,rawtok_CALCIUM_CALMODULIN_DEPENDENT_PROTEIN_KINASE_TYPE_II_SUBUNIT_BETA
PALBOCICLIB,targets,single_protein_pref_name,Calcium/calmodulin-dependent protein kinase type II subunit delta,CALCIUM/CALMODULIN-DEPENDENT PROTEIN KINASE TYPE II SUBUNIT DELTA,rawtok_CALCIUM_CALMODULIN_DEPENDENT_PROTEIN_KINASE_TYPE_II_SUBUNIT_DELTA
PALBOCICLIB,targets,single_protein_pref_name,Calcium/calmodulin-dependent protein kinase type II subunit gamma,CALCIUM/CALMODULIN-DEPENDENT PROTEIN KINASE TYPE II SUBUNIT GAMMA,rawtok_CALCIUM_CALMODULIN_DEPENDENT_PROTEIN_KINASE_TYPE_II_SUBUNIT_GAMMA
PALBOCICLIB,targets,single_protein_pref_name,Casein kinase II subunit alpha,CASEIN KINASE II SUBUNIT ALPHA,rawtok_CASEIN_KINASE_II_SUBUNIT_ALPHA
PALBOCICLIB,targets,single_protein_pref_name,Casein kinase II subunit alpha',CASEIN KINASE II SUBUNIT ALPHA',rawtok_CASEIN_KINASE_II_SUBUNIT_ALPHA__2
PALBOCICLIB,targets,single_protein_pref_name,Casein kinase II subunit beta,CASEIN KINASE II SUBUNIT BETA,rawtok_CASEIN_KINASE_II_SUBUNIT_BETA
PALBOCICLIB,targets,single_protein_pref_name,Cyclin-dependent kinase 16,CYCLIN-DEPENDENT KINASE 16,rawtok_CYCLIN_DEPENDENT_KINASE_16
PALBOCICLIB,targets,single_protein_pref_name,Cyclin-dependent kinase 17,CYCLIN-DEPENDENT KINASE 17,rawtok_CYCLIN_DEPENDENT_KINASE_17
PALBOCICLIB,targets,single_protein_pref_name,Cyclin-dependent kinase 2,CYCLIN-DEPENDENT KINASE 2,rawtok_CYCLIN_DEPENDENT_KINASE_2
PALBOCICLIB,targets,single_protein_pref_name,Cyclin-dependent kinase 4,CYCLIN-DEPENDENT KINASE 4,rawtok_CYCLIN_DEPENDENT_KINASE_4
PALBOCICLIB,targets,single_protein_pref_name,Cyclin-dependent kinase 5,CYCLIN-DEPENDENT KINASE 5,rawtok_CYCLIN_DEPENDENT_KINASE_5
PALBOCICLIB,targets,single_protein_pref_name,Cyclin-dependent kinase 6,CYCLIN-DEPENDENT KINASE 6,rawtok_CYCLIN_DEPENDENT_KINASE_6
PALBOCICLIB,targets,single_protein_pref_name,Cyclin-dependent kinase 9,CYCLIN-DEPENDENT KINASE 9,rawtok_CYCLIN_DEPENDENT_KINASE_9
PALBOCICLIB,targets,single_protein_pref_name,Death-associated protein kinase 3,DEATH-ASSOCIATED PROTEIN KINASE 3,rawtok_DEATH_ASSOCIATED_PROTEIN_KINASE_3
PALBOCICLIB,targets,single_protein_pref_name,Delta-type opioid receptor,DELTA-TYPE OPIOID RECEPTOR,rawtok_DELTA_TYPE_OPIOID_RECEPTOR
PALBOCICLIB,targets,single_protein_pref_name,Dual specificity mitogen-activated protein kinase kinase 4,DUAL SPECIFICITY MITOGEN-ACTIVATED PROTEIN KINASE KINASE 4,rawtok_DUAL_SPECIFICITY_MITOGEN_ACTIVATED_PROTEIN_KINASE_KINASE_4
PALBOCICLIB,targets,single_protein_pref_name,Dual specificity protein kinase CLK1,DUAL SPECIFICITY PROTEIN KINASE CLK1,rawtok_DUAL_SPECIFICITY_PROTEIN_KINASE_CLK1
PALBOCICLIB,targets,single_protein_pref_name,Dual specificity protein kinase CLK2,DUAL SPECIFICITY PROTEIN KINASE CLK2,rawtok_DUAL_SPECIFICITY_PROTEIN_KINASE_CLK2
PALBOCICLIB,targets,single_protein_pref_name,Dual specificity protein kinase CLK4,DUAL SPECIFICITY PROTEIN KINASE CLK4,rawtok_DUAL_SPECIFICITY_PROTEIN_KINASE_CLK4
PALBOCICLIB,targets,single_protein_pref_name,Dual specificity tyrosine-phosphorylation-regulated kinase 1A,DUAL SPECIFICITY TYROSINE-PHOSPHORYLATION-REGULATED KINASE 1A,rawtok_DUAL_SPECIFICITY_TYROSINE_PHOSPHORYLATION_REGULATED_KINASE_1A
PALBOCICLIB,targets,single_protein_pref_name,Dual specificity tyrosine-phosphorylation-regulated kinase 1B,DUAL SPECIFICITY TYROSINE-PHOSPHORYLATION-REGULATED KINASE 1B,rawtok_DUAL_SPECIFICITY_TYROSINE_PHOSPHORYLATION_REGULATED_KINASE_1B
PALBOCICLIB,targets,single_protein_pref_name,Glycogen synthase kinase-3 beta,GLYCOGEN SYNTHASE KINASE-3 BETA,rawtok_GLYCOGEN_SYNTHASE_KINASE_3_BETA
PALBOCICLIB,targets,single_protein_pref_name,Hepatocyte growth factor receptor,HEPATOCYTE GROWTH FACTOR RECEPTOR,rawtok_HEPATOCYTE_GROWTH_FACTOR_RECEPTOR
PALBOCICLIB,targets,single_protein_pref_name,Histamine H3 receptor,HISTAMINE H3 RECEPTOR,rawtok_HISTAMINE_H3_RECEPTOR
PALBOCICLIB,targets,single_protein_pref_name,Leucine-rich repeat serine/threonine-protein kinase 2,LEUCINE-RICH REPEAT SERINE/THREONINE-PROTEIN KINASE 2,rawtok_LEUCINE_RICH_REPEAT_SERINE_THREONINE_PROTEIN_KINASE_2
PALBOCICLIB,targets,single_protein_pref_name,Macrophage-stimulating protein receptor,MACROPHAGE-STIMULATING PROTEIN RECEPTOR,rawtok_MACROPHAGE_STIMULATING_PROTEIN_RECEPTOR
PALBOCICLIB,targets,single_protein_pref_name,Mediator of RNA polymerase II transcription subunit 23,MEDIATOR OF RNA POLYMERASE II TRANSCRIPTION SUBUNIT 23,rawtok_MEDIATOR_OF_RNA_POLYMERASE_II_TRANSCRIPTION_SUBUNIT_23
PALBOCICLIB,targets,single_protein_pref_name,Mitogen-activated protein kinase 8,MITOGEN-ACTIVATED PROTEIN KINASE 8,rawtok_MITOGEN_ACTIVATED_PROTEIN_KINASE_8
PALBOCICLIB,targets,single_protein_pref_name,Mitogen-activated protein kinase 9,MITOGEN-ACTIVATED PROTEIN KINASE 9,rawtok_MITOGEN_ACTIVATED_PROTEIN_KINASE_9
PALBOCICLIB,targets,single_protein_pref_name,Mitogen-activated protein kinase kinase kinase kinase 2,MITOGEN-ACTIVATED PROTEIN KINASE KINASE KINASE KINASE 2,rawtok_MITOGEN_ACTIVATED_PROTEIN_KINASE_KINASE_KINASE_KINASE_2
PALBOCICLIB,targets,single_protein_pref_name,Mitogen-activated protein kinase kinase kinase kinase 4,MITOGEN-ACTIVATED PROTEIN KINASE KINASE KINASE KINASE 4,rawtok_MITOGEN_ACTIVATED_PROTEIN_KINASE_KINASE_KINASE_KINASE_4
PALBOCICLIB,targets,single_protein_pref_name,Mitogen-activated protein kinase kinase kinase kinase 5,MITOGEN-ACTIVATED PROTEIN KINASE KINASE KINASE KINASE 5,rawtok_MITOGEN_ACTIVATED_PROTEIN_KINASE_KINASE_KINASE_KINASE_5
PALBOCICLIB,targets,single_protein_pref_name,Mu-type opioid receptor,MU-TYPE OPIOID RECEPTOR,rawtok_MU_TYPE_OPIOID_RECEPTOR
PALBOCICLIB,targets,single_protein_pref_name,Muscarinic acetylcholine receptor M1,MUSCARINIC ACETYLCHOLINE RECEPTOR M1,rawtok_MUSCARINIC_ACETYLCHOLINE_RECEPTOR_M1
PALBOCICLIB,targets,single_protein_pref_name,Muscarinic acetylcholine receptor M2,MUSCARINIC ACETYLCHOLINE RECEPTOR M2,rawtok_MUSCARINIC_ACETYLCHOLINE_RECEPTOR_M2
PALBOCICLIB,targets,single_protein_pref_name,Muscarinic acetylcholine receptor M3,MUSCARINIC ACETYLCHOLINE RECEPTOR M3,rawtok_MUSCARINIC_ACETYLCHOLINE_RECEPTOR_M3
PALBOCICLIB,targets,single_protein_pref_name,Neuronal acetylcholine receptor subunit alpha-4,NEURONAL ACETYLCHOLINE RECEPTOR SUBUNIT ALPHA-4,rawtok_NEURONAL_ACETYLCHOLINE_RECEPTOR_SUBUNIT_ALPHA_4
PALBOCICLIB,targets,single_protein_pref_name,Phosphatidylinositol 5-phosphate 4-kinase type-2 alpha,PHOSPHATIDYLINOSITOL 5-PHOSPHATE 4-KINASE TYPE-2 ALPHA,rawtok_PHOSPHATIDYLINOSITOL_5_PHOSPHATE_4_KINASE_TYPE_2_ALPHA
PALBOCICLIB,targets,single_protein_pref_name,Phosphatidylinositol 5-phosphate 4-kinase type-2 gamma,PHOSPHATIDYLINOSITOL 5-PHOSPHATE 4-KINASE TYPE-2 GAMMA,rawtok_PHOSPHATIDYLINOSITOL_5_PHOSPHATE_4_KINASE_TYPE_2_GAMMA
PALBOCICLIB,targets,single_protein_pref_name,Proto-oncogene tyrosine-protein kinase receptor Ret,PROTO-ONCOGENE TYROSINE-PROTEIN KINASE RECEPTOR RET,rawtok_PROTO_ONCOGENE_TYROSINE_PROTEIN_KINASE_RECEPTOR_RET
PALBOCICLIB,targets,single_protein_pref_name,Receptor-type tyrosine-protein kinase FLT3,RECEPTOR-TYPE TYROSINE-PROTEIN KINASE FLT3,rawtok_RECEPTOR_TYPE_TYROSINE_PROTEIN_KINASE_FLT3
PALBOCICLIB,targets,single_protein_pref_name,Rho-associated protein kinase 2,RHO-ASSOCIATED PROTEIN KINASE 2,rawtok_RHO_ASSOCIATED_PROTEIN_KINASE_2
PALBOCICLIB,targets,single_protein_pref_name,Ribosomal protein S6 kinase alpha-3,RIBOSOMAL PROTEIN S6 KINASE ALPHA-3,rawtok_RIBOSOMAL_PROTEIN_S6_KINASE_ALPHA_3
PALBOCICLIB,targets,single_protein_pref_name,Serine/threonine-protein kinase 16,SERINE/THREONINE-PROTEIN KINASE 16,rawtok_SERINE_THREONINE_PROTEIN_KINASE_16
PALBOCICLIB,targets,single_protein_pref_name,Serine/threonine-protein kinase Chk1,SERINE/THREONINE-PROTEIN KINASE CHK1,rawtok_SERINE_THREONINE_PROTEIN_KINASE_CHK1
PALBOCICLIB,targets,single_protein_pref_name,Serine/threonine-protein kinase D2,SERINE/THREONINE-PROTEIN KINASE D2,rawtok_SERINE_THREONINE_PROTEIN_KINASE_D2
PALBOCICLIB,targets,single_protein_pref_name,Serine/threonine-protein kinase D3,SERINE/THREONINE-PROTEIN KINASE D3,rawtok_SERINE_THREONINE_PROTEIN_KINASE_D3
PALBOCICLIB,targets,single_protein_pref_name,Serine/threonine-protein kinase Nek2,SERINE/THREONINE-PROTEIN KINASE NEK2,rawtok_SERINE_THREONINE_PROTEIN_KINASE_NEK2
PALBOCICLIB,targets,single_protein_pref_name,Serine/threonine-protein kinase PAK 4,SERINE/THREONINE-PROTEIN KINASE PAK 4,rawtok_SERINE_THREONINE_PROTEIN_KINASE_PAK_4
PALBOCICLIB,targets,single_protein_pref_name,Serine/threonine-protein kinase TAO1,SERINE/THREONINE-PROTEIN KINASE TAO1,rawtok_SERINE_THREONINE_PROTEIN_KINASE_TAO1
PALBOCICLIB,targets,single_protein_pref_name,Serine/threonine-protein kinase TAO2,SERINE/THREONINE-PROTEIN KINASE TAO2,rawtok_SERINE_THREONINE_PROTEIN_KINASE_TAO2
PALBOCICLIB,targets,single_protein_pref_name,Serine/threonine-protein kinase TAO3,SERINE/THREONINE-PROTEIN KINASE TAO3,rawtok_SERINE_THREONINE_PROTEIN_KINASE_TAO3
PALBOCICLIB,targets,single_protein_pref_name,Sodium-dependent dopamine transporter,SODIUM-DEPENDENT DOPAMINE TRANSPORTER,rawtok_SODIUM_DEPENDENT_DOPAMINE_TRANSPORTER
PALBOCICLIB,targets,single_protein_pref_name,Sodium-dependent noradrenaline transporter,SODIUM-DEPENDENT NORADRENALINE TRANSPORTER,rawtok_SODIUM_DEPENDENT_NORADRENALINE_TRANSPORTER
PALBOCICLIB,targets,single_protein_pref_name,Stimulator of interferon genes protein,STIMULATOR OF INTERFERON GENES PROTEIN,rawtok_STIMULATOR_OF_INTERFERON_GENES_PROTEIN
PALBOCICLIB,targets,single_protein_pref_name,Tyrosine-protein kinase JAK3,TYROSINE-PROTEIN KINASE JAK3,rawtok_TYROSINE_PROTEIN_KINASE_JAK3
PALBOCICLIB,targets,single_protein_pref_name,Uncharacterized protein FLJ45252,UNCHARACTERIZED PROTEIN FLJ45252,rawtok_UNCHARACTERIZED_PROTEIN_FLJ45252
PALBOCICLIB,targets,single_protein_pref_name,Voltage-gated inwardly rectifying potassium channel KCNH2,VOLTAGE-GATED INWARDLY RECTIFYING POTASSIUM CHANNEL KCNH2,rawtok_VOLTAGE_GATED_INWARDLY_RECTIFYING_POTASSIUM_CHANNEL_KCNH2
PALBOCICLIB,targets,single_protein_pref_name,cAMP-dependent protein kinase catalytic subunit PRKX,CAMP-DEPENDENT PROTEIN KINASE CATALYTIC SUBUNIT PRKX,rawtok_CAMP_DEPENDENT_PROTEIN_KINASE_CATALYTIC_SUBUNIT_PRKX
PALBOCICLIB,targets,single_protein_pref_name,"cGMP-specific 3',5'-cyclic phosphodiesterase","CGMP-SPECIFIC 3',5'-CYCLIC PHOSPHODIESTERASE",rawtok_CGMP_SPECIFIC_3_5_CYCLIC_PHOSPHODIESTERASE
PD0325901,targets,single_protein_pref_name,Dual specificity mitogen-activated protein kinase kinase 1,DUAL SPECIFICITY MITOGEN-ACTIVATED PROTEIN KINASE KINASE 1,rawtok_DUAL_SPECIFICITY_MITOGEN_ACTIVATED_PROTEIN_KINASE_KINASE_1
PD0325901,targets,single_protein_pref_name,Dual specificity mitogen-activated protein kinase kinase 2,DUAL SPECIFICITY MITOGEN-ACTIVATED PROTEIN KINASE KINASE 2,rawtok_DUAL_SPECIFICITY_MITOGEN_ACTIVATED_PROTEIN_KINASE_KINASE_2
PD0325901,targets,single_protein_pref_name,Dual specificity mitogen-activated protein kinase kinase 5,DUAL SPECIFICITY MITOGEN-ACTIVATED PROTEIN KINASE KINASE 5,rawtok_DUAL_SPECIFICITY_MITOGEN_ACTIVATED_PROTEIN_KINASE_KINASE_5
PD0325901,targets,single_protein_pref_name,Mitogen-activated protein kinase 1,MITOGEN-ACTIVATED PROTEIN KINASE 1,rawtok_MITOGEN_ACTIVATED_PROTEIN_KINASE_1
PD0325901,targets,single_protein_pref_name,Serine/threonine-protein kinase B-raf,SERINE/THREONINE-PROTEIN KINASE B-RAF,rawtok_SERINE_THREONINE_PROTEIN_KINASE_B_RAF
PD173074,targets,single_protein_pref_name,Fibroblast growth factor receptor 1,FIBROBLAST GROWTH FACTOR RECEPTOR 1,rawtok_FIBROBLAST_GROWTH_FACTOR_RECEPTOR_1
PD173074,targets,single_protein_pref_name,Fibroblast growth factor receptor 2,FIBROBLAST GROWTH FACTOR RECEPTOR 2,rawtok_FIBROBLAST_GROWTH_FACTOR_RECEPTOR_2
PD173074,targets,single_protein_pref_name,Fibroblast growth factor receptor 3,FIBROBLAST GROWTH FACTOR RECEPTOR 3,rawtok_FIBROBLAST_GROWTH_FACTOR_RECEPTOR_3
PD173074,targets,single_protein_pref_name,Fibroblast growth factor receptor 4,FIBROBLAST GROWTH FACTOR RECEPTOR 4,rawtok_FIBROBLAST_GROWTH_FACTOR_RECEPTOR_4
PD173074,targets,single_protein_pref_name,Proto-oncogene tyrosine-protein kinase Src,PROTO-ONCOGENE TYROSINE-PROTEIN KINASE SRC,rawtok_PROTO_ONCOGENE_TYROSINE_PROTEIN_KINASE_SRC
PD173074,targets,single_protein_pref_name,Serine-protein kinase ATM,SERINE-PROTEIN KINASE ATM,rawtok_SERINE_PROTEIN_KINASE_ATM
PD173074,targets,single_protein_pref_name,Tyrosine-protein kinase CSK,TYROSINE-PROTEIN KINASE CSK,rawtok_TYROSINE_PROTEIN_KINASE_CSK
PD173074,targets,single_protein_pref_name,Vascular endothelial growth factor receptor 2,VASCULAR ENDOTHELIAL GROWTH FACTOR RECEPTOR 2,rawtok_VASCULAR_ENDOTHELIAL_GROWTH_FACTOR_RECEPTOR_2
PEVONEDISTAT,targets,single_protein_pref_name,NEDD8,NEDD8,rawtok_NEDD8
PEVONEDISTAT,targets,single_protein_pref_name,NEDD8-activating enzyme E1 catalytic subunit,NEDD8-ACTIVATING ENZYME E1 CATALYTIC SUBUNIT,rawtok_NEDD8_ACTIVATING_ENZYME_E1_CATALYTIC_SUBUNIT
PEVONEDISTAT,targets,single_protein_pref_name,NEDD8-activating enzyme E1 regulatory subunit,NEDD8-ACTIVATING ENZYME E1 REGULATORY SUBUNIT,rawtok_NEDD8_ACTIVATING_ENZYME_E1_REGULATORY_SUBUNIT
PEVONEDISTAT,targets,single_protein_pref_name,Ubiquitin-like modifier-activating enzyme 6,UBIQUITIN-LIKE MODIFIER-ACTIVATING ENZYME 6,rawtok_UBIQUITIN_LIKE_MODIFIER_ACTIVATING_ENZYME_6
PFI-1,targets,single_protein_pref_name,Adenosine receptor A2b,ADENOSINE RECEPTOR A2B,rawtok_ADENOSINE_RECEPTOR_A2B
PFI-1,targets,single_protein_pref_name,Bombesin receptor subtype-3,BOMBESIN RECEPTOR SUBTYPE-3,rawtok_BOMBESIN_RECEPTOR_SUBTYPE_3
PFI-1,targets,single_protein_pref_name,Histone-lysine N-methyltransferase SETD7,HISTONE-LYSINE N-METHYLTRANSFERASE SETD7,rawtok_HISTONE_LYSINE_N_METHYLTRANSFERASE_SETD7
PFI-1,targets,single_protein_pref_name,Kappa-type opioid receptor,KAPPA-TYPE OPIOID RECEPTOR,rawtok_KAPPA_TYPE_OPIOID_RECEPTOR
PFI-1,targets,single_protein_pref_name,Promotilin,PROMOTILIN,rawtok_PROMOTILIN
PICTILISIB,targets,single_protein_pref_name,AP2-associated protein kinase 1,AP2-ASSOCIATED PROTEIN KINASE 1,rawtok_AP2_ASSOCIATED_PROTEIN_KINASE_1
PICTILISIB,targets,single_protein_pref_name,Calcium/calmodulin-dependent protein kinase type 1,CALCIUM/CALMODULIN-DEPENDENT PROTEIN KINASE TYPE 1,rawtok_CALCIUM_CALMODULIN_DEPENDENT_PROTEIN_KINASE_TYPE_1
PICTILISIB,targets,single_protein_pref_name,Calcium/calmodulin-dependent protein kinase type 1G,CALCIUM/CALMODULIN-DEPENDENT PROTEIN KINASE TYPE 1G,rawtok_CALCIUM_CALMODULIN_DEPENDENT_PROTEIN_KINASE_TYPE_1G
PICTILISIB,targets,single_protein_pref_name,Casein kinase I isoform delta,CASEIN KINASE I ISOFORM DELTA,rawtok_CASEIN_KINASE_I_ISOFORM_DELTA
PICTILISIB,targets,single_protein_pref_name,Casein kinase I isoform epsilon,CASEIN KINASE I ISOFORM EPSILON,rawtok_CASEIN_KINASE_I_ISOFORM_EPSILON
PICTILISIB,targets,single_protein_pref_name,Casein kinase II subunit alpha',CASEIN KINASE II SUBUNIT ALPHA',rawtok_CASEIN_KINASE_II_SUBUNIT_ALPHA__2
PICTILISIB,targets,single_protein_pref_name,Cyclin-G-associated kinase,CYCLIN-G-ASSOCIATED KINASE,rawtok_CYCLIN_G_ASSOCIATED_KINASE
PICTILISIB,targets,single_protein_pref_name,Cyclin-dependent kinase 16,CYCLIN-DEPENDENT KINASE 16,rawtok_CYCLIN_DEPENDENT_KINASE_16
PICTILISIB,targets,single_protein_pref_name,Cyclin-dependent kinase 18,CYCLIN-DEPENDENT KINASE 18,rawtok_CYCLIN_DEPENDENT_KINASE_18
PICTILISIB,targets,single_protein_pref_name,Cyclin-dependent kinase 7,CYCLIN-DEPENDENT KINASE 7,rawtok_CYCLIN_DEPENDENT_KINASE_7
PICTILISIB,targets,single_protein_pref_name,DNA-dependent protein kinase catalytic subunit,DNA-DEPENDENT PROTEIN KINASE CATALYTIC SUBUNIT,rawtok_DNA_DEPENDENT_PROTEIN_KINASE_CATALYTIC_SUBUNIT
PICTILISIB,targets,single_protein_pref_name,Death-associated protein kinase 1,DEATH-ASSOCIATED PROTEIN KINASE 1,rawtok_DEATH_ASSOCIATED_PROTEIN_KINASE_1
PICTILISIB,targets,single_protein_pref_name,Death-associated protein kinase 3,DEATH-ASSOCIATED PROTEIN KINASE 3,rawtok_DEATH_ASSOCIATED_PROTEIN_KINASE_3
PICTILISIB,targets,single_protein_pref_name,Dual specificity protein kinase CLK1,DUAL SPECIFICITY PROTEIN KINASE CLK1,rawtok_DUAL_SPECIFICITY_PROTEIN_KINASE_CLK1
PICTILISIB,targets,single_protein_pref_name,Dual specificity protein kinase CLK2,DUAL SPECIFICITY PROTEIN KINASE CLK2,rawtok_DUAL_SPECIFICITY_PROTEIN_KINASE_CLK2
PICTILISIB,targets,single_protein_pref_name,Dual specificity protein kinase CLK4,DUAL SPECIFICITY PROTEIN KINASE CLK4,rawtok_DUAL_SPECIFICITY_PROTEIN_KINASE_CLK4
PICTILISIB,targets,single_protein_pref_name,Dual specificity protein kinase TTK,DUAL SPECIFICITY PROTEIN KINASE TTK,rawtok_DUAL_SPECIFICITY_PROTEIN_KINASE_TTK
PICTILISIB,targets,single_protein_pref_name,Dual specificity tyrosine-phosphorylation-regulated kinase 1B,DUAL SPECIFICITY TYROSINE-PHOSPHORYLATION-REGULATED KINASE 1B,rawtok_DUAL_SPECIFICITY_TYROSINE_PHOSPHORYLATION_REGULATED_KINASE_1B
PICTILISIB,targets,single_protein_pref_name,Dual specificity tyrosine-phosphorylation-regulated kinase 2,DUAL SPECIFICITY TYROSINE-PHOSPHORYLATION-REGULATED KINASE 2,rawtok_DUAL_SPECIFICITY_TYROSINE_PHOSPHORYLATION_REGULATED_KINASE_2
PICTILISIB,targets,single_protein_pref_name,Ephrin type-B receptor 6,EPHRIN TYPE-B RECEPTOR 6,rawtok_EPHRIN_TYPE_B_RECEPTOR_6
PICTILISIB,targets,single_protein_pref_name,High affinity nerve growth factor receptor,HIGH AFFINITY NERVE GROWTH FACTOR RECEPTOR,rawtok_HIGH_AFFINITY_NERVE_GROWTH_FACTOR_RECEPTOR
PICTILISIB,targets,single_protein_pref_name,Homeodomain-interacting protein kinase 1,HOMEODOMAIN-INTERACTING PROTEIN KINASE 1,rawtok_HOMEODOMAIN_INTERACTING_PROTEIN_KINASE_1
PICTILISIB,targets,single_protein_pref_name,Homeodomain-interacting protein kinase 2,HOMEODOMAIN-INTERACTING PROTEIN KINASE 2,rawtok_HOMEODOMAIN_INTERACTING_PROTEIN_KINASE_2
PICTILISIB,targets,single_protein_pref_name,Homeodomain-interacting protein kinase 3,HOMEODOMAIN-INTERACTING PROTEIN KINASE 3,rawtok_HOMEODOMAIN_INTERACTING_PROTEIN_KINASE_3
PICTILISIB,targets,single_protein_pref_name,Homeodomain-interacting protein kinase 4,HOMEODOMAIN-INTERACTING PROTEIN KINASE 4,rawtok_HOMEODOMAIN_INTERACTING_PROTEIN_KINASE_4
PICTILISIB,targets,single_protein_pref_name,Interleukin-1 receptor-associated kinase 3,INTERLEUKIN-1 RECEPTOR-ASSOCIATED KINASE 3,rawtok_INTERLEUKIN_1_RECEPTOR_ASSOCIATED_KINASE_3
PICTILISIB,targets,single_protein_pref_name,Leucine-rich repeat serine/threonine-protein kinase 2,LEUCINE-RICH REPEAT SERINE/THREONINE-PROTEIN KINASE 2,rawtok_LEUCINE_RICH_REPEAT_SERINE_THREONINE_PROTEIN_KINASE_2
PICTILISIB,targets,single_protein_pref_name,Maternal embryonic leucine zipper kinase,MATERNAL EMBRYONIC LEUCINE ZIPPER KINASE,rawtok_MATERNAL_EMBRYONIC_LEUCINE_ZIPPER_KINASE
PICTILISIB,targets,single_protein_pref_name,Mitogen-activated protein kinase 10,MITOGEN-ACTIVATED PROTEIN KINASE 10,rawtok_MITOGEN_ACTIVATED_PROTEIN_KINASE_10
PICTILISIB,targets,single_protein_pref_name,Mitogen-activated protein kinase 8,MITOGEN-ACTIVATED PROTEIN KINASE 8,rawtok_MITOGEN_ACTIVATED_PROTEIN_KINASE_8
PICTILISIB,targets,single_protein_pref_name,Mitogen-activated protein kinase 9,MITOGEN-ACTIVATED PROTEIN KINASE 9,rawtok_MITOGEN_ACTIVATED_PROTEIN_KINASE_9
PICTILISIB,targets,single_protein_pref_name,Mitogen-activated protein kinase kinase kinase 19,MITOGEN-ACTIVATED PROTEIN KINASE KINASE KINASE 19,rawtok_MITOGEN_ACTIVATED_PROTEIN_KINASE_KINASE_KINASE_19
PICTILISIB,targets,single_protein_pref_name,Myosin light chain kinase family member 4,MYOSIN LIGHT CHAIN KINASE FAMILY MEMBER 4,rawtok_MYOSIN_LIGHT_CHAIN_KINASE_FAMILY_MEMBER_4
PICTILISIB,targets,single_protein_pref_name,Non-receptor tyrosine-protein kinase TYK2,NON-RECEPTOR TYROSINE-PROTEIN KINASE TYK2,rawtok_NON_RECEPTOR_TYROSINE_PROTEIN_KINASE_TYK2
PICTILISIB,targets,single_protein_pref_name,Phosphatidylinositol 3-kinase C2 domain-containing subunit gamma,PHOSPHATIDYLINOSITOL 3-KINASE C2 DOMAIN-CONTAINING SUBUNIT GAMMA,rawtok_PHOSPHATIDYLINOSITOL_3_KINASE_C2_DOMAIN_CONTAINING_SUBUNIT_GAMMA
PICTILISIB,targets,single_protein_pref_name,Phosphatidylinositol 3-kinase catalytic subunit type 3,PHOSPHATIDYLINOSITOL 3-KINASE CATALYTIC SUBUNIT TYPE 3,rawtok_PHOSPHATIDYLINOSITOL_3_KINASE_CATALYTIC_SUBUNIT_TYPE_3
PICTILISIB,targets,single_protein_pref_name,Phosphatidylinositol 3-kinase regulatory subunit beta,PHOSPHATIDYLINOSITOL 3-KINASE REGULATORY SUBUNIT BETA,rawtok_PHOSPHATIDYLINOSITOL_3_KINASE_REGULATORY_SUBUNIT_BETA
PICTILISIB,targets,single_protein_pref_name,"Phosphatidylinositol 4,5-bisphosphate 3-kinase catalytic subunit alpha isoform","PHOSPHATIDYLINOSITOL 4,5-BISPHOSPHATE 3-KINASE CATALYTIC SUBUNIT ALPHA ISOFORM",rawtok_PHOSPHATIDYLINOSITOL_4_5_BISPHOSPHATE_3_KINASE_CATALYTIC_SUBUNIT_ALPHA_I
PICTILISIB,targets,single_protein_pref_name,"Phosphatidylinositol 4,5-bisphosphate 3-kinase catalytic subunit beta isoform","PHOSPHATIDYLINOSITOL 4,5-BISPHOSPHATE 3-KINASE CATALYTIC SUBUNIT BETA ISOFORM",rawtok_PHOSPHATIDYLINOSITOL_4_5_BISPHOSPHATE_3_KINASE_CATALYTIC_SUBUNIT_BETA_IS
PICTILISIB,targets,single_protein_pref_name,"Phosphatidylinositol 4,5-bisphosphate 3-kinase catalytic subunit delta isoform","PHOSPHATIDYLINOSITOL 4,5-BISPHOSPHATE 3-KINASE CATALYTIC SUBUNIT DELTA ISOFORM",rawtok_PHOSPHATIDYLINOSITOL_4_5_BISPHOSPHATE_3_KINASE_CATALYTIC_SUBUNIT_DELTA_I
PICTILISIB,targets,single_protein_pref_name,"Phosphatidylinositol 4,5-bisphosphate 3-kinase catalytic subunit gamma isoform","PHOSPHATIDYLINOSITOL 4,5-BISPHOSPHATE 3-KINASE CATALYTIC SUBUNIT GAMMA ISOFORM",rawtok_PHOSPHATIDYLINOSITOL_4_5_BISPHOSPHATE_3_KINASE_CATALYTIC_SUBUNIT_GAMMA_I
PICTILISIB,targets,single_protein_pref_name,Phosphatidylinositol 4-kinase beta,PHOSPHATIDYLINOSITOL 4-KINASE BETA,rawtok_PHOSPHATIDYLINOSITOL_4_KINASE_BETA
PICTILISIB,targets,single_protein_pref_name,Phosphatidylinositol 4-phosphate 3-kinase C2 domain-containing subunit alpha,PHOSPHATIDYLINOSITOL 4-PHOSPHATE 3-KINASE C2 DOMAIN-CONTAINING SUBUNIT ALPHA,rawtok_PHOSPHATIDYLINOSITOL_4_PHOSPHATE_3_KINASE_C2_DOMAIN_CONTAINING_SUBUNIT_A
PICTILISIB,targets,single_protein_pref_name,Phosphatidylinositol 4-phosphate 3-kinase C2 domain-containing subunit beta,PHOSPHATIDYLINOSITOL 4-PHOSPHATE 3-KINASE C2 DOMAIN-CONTAINING SUBUNIT BETA,rawtok_PHOSPHATIDYLINOSITOL_4_PHOSPHATE_3_KINASE_C2_DOMAIN_CONTAINING_SUBUNIT_B
PICTILISIB,targets,single_protein_pref_name,RAC-alpha serine/threonine-protein kinase,RAC-ALPHA SERINE/THREONINE-PROTEIN KINASE,rawtok_RAC_ALPHA_SERINE_THREONINE_PROTEIN_KINASE
PICTILISIB,targets,single_protein_pref_name,Receptor-type tyrosine-protein kinase FLT3,RECEPTOR-TYPE TYROSINE-PROTEIN KINASE FLT3,rawtok_RECEPTOR_TYPE_TYROSINE_PROTEIN_KINASE_FLT3
PICTILISIB,targets,single_protein_pref_name,Ribosomal protein S6 kinase alpha-3,RIBOSOMAL PROTEIN S6 KINASE ALPHA-3,rawtok_RIBOSOMAL_PROTEIN_S6_KINASE_ALPHA_3
PICTILISIB,targets,single_protein_pref_name,Ribosomal protein S6 kinase alpha-6,RIBOSOMAL PROTEIN S6 KINASE ALPHA-6,rawtok_RIBOSOMAL_PROTEIN_S6_KINASE_ALPHA_6
PICTILISIB,targets,single_protein_pref_name,Ribosyldihydronicotinamide dehydrogenase [quinone],RIBOSYLDIHYDRONICOTINAMIDE DEHYDROGENASE [QUINONE],rawtok_RIBOSYLDIHYDRONICOTINAMIDE_DEHYDROGENASE_QUINONE
PICTILISIB,targets,single_protein_pref_name,Serine/threonine-protein kinase 16,SERINE/THREONINE-PROTEIN KINASE 16,rawtok_SERINE_THREONINE_PROTEIN_KINASE_16
PICTILISIB,targets,single_protein_pref_name,Serine/threonine-protein kinase ICK,SERINE/THREONINE-PROTEIN KINASE ICK,rawtok_SERINE_THREONINE_PROTEIN_KINASE_ICK
PICTILISIB,targets,single_protein_pref_name,Serine/threonine-protein kinase PLK4,SERINE/THREONINE-PROTEIN KINASE PLK4,rawtok_SERINE_THREONINE_PROTEIN_KINASE_PLK4
PICTILISIB,targets,single_protein_pref_name,Serine/threonine-protein kinase RIO2,SERINE/THREONINE-PROTEIN KINASE RIO2,rawtok_SERINE_THREONINE_PROTEIN_KINASE_RIO2
PICTILISIB,targets,single_protein_pref_name,Serine/threonine-protein kinase mTOR,SERINE/THREONINE-PROTEIN KINASE MTOR,rawtok_SERINE_THREONINE_PROTEIN_KINASE_MTOR
PICTILISIB,targets,single_protein_pref_name,Tyrosine-protein kinase JAK1,TYROSINE-PROTEIN KINASE JAK1,rawtok_TYROSINE_PROTEIN_KINASE_JAK1
PICTILISIB,targets,single_protein_pref_name,Voltage-gated inwardly rectifying potassium channel KCNH2,VOLTAGE-GATED INWARDLY RECTIFYING POTASSIUM CHANNEL KCNH2,rawtok_VOLTAGE_GATED_INWARDLY_RECTIFYING_POTASSIUM_CHANNEL_KCNH2
PLX-4720,targets,single_protein_pref_name,Activated CDC42 kinase 1,ACTIVATED CDC42 KINASE 1,rawtok_ACTIVATED_CDC42_KINASE_1
PLX-4720,targets,single_protein_pref_name,Activin receptor type-2B,ACTIVIN RECEPTOR TYPE-2B,rawtok_ACTIVIN_RECEPTOR_TYPE_2B
PLX-4720,targets,single_protein_pref_name,Aurora kinase A,AURORA KINASE A,rawtok_AURORA_KINASE_A
PLX-4720,targets,single_protein_pref_name,Aurora kinase B,AURORA KINASE B,rawtok_AURORA_KINASE_B
PLX-4720,targets,single_protein_pref_name,Aurora kinase C,AURORA KINASE C,rawtok_AURORA_KINASE_C
PLX-4720,targets,single_protein_pref_name,Bone morphogenetic protein receptor type-1B,BONE MORPHOGENETIC PROTEIN RECEPTOR TYPE-1B,rawtok_BONE_MORPHOGENETIC_PROTEIN_RECEPTOR_TYPE_1B
PLX-4720,targets,single_protein_pref_name,Calcium/calmodulin-dependent protein kinase type 1,CALCIUM/CALMODULIN-DEPENDENT PROTEIN KINASE TYPE 1,rawtok_CALCIUM_CALMODULIN_DEPENDENT_PROTEIN_KINASE_TYPE_1
PLX-4720,targets,single_protein_pref_name,Casein kinase I isoform gamma-2,CASEIN KINASE I ISOFORM GAMMA-2,rawtok_CASEIN_KINASE_I_ISOFORM_GAMMA_2
PLX-4720,targets,single_protein_pref_name,Cyclin-dependent kinase 19,CYCLIN-DEPENDENT KINASE 19,rawtok_CYCLIN_DEPENDENT_KINASE_19
PLX-4720,targets,single_protein_pref_name,Cyclin-dependent kinase 8,CYCLIN-DEPENDENT KINASE 8,rawtok_CYCLIN_DEPENDENT_KINASE_8
PLX-4720,targets,single_protein_pref_name,Discoidin domain-containing receptor 2,DISCOIDIN DOMAIN-CONTAINING RECEPTOR 2,rawtok_DISCOIDIN_DOMAIN_CONTAINING_RECEPTOR_2
PLX-4720,targets,single_protein_pref_name,Dual specificity mitogen-activated protein kinase kinase 1,DUAL SPECIFICITY MITOGEN-ACTIVATED PROTEIN KINASE KINASE 1,rawtok_DUAL_SPECIFICITY_MITOGEN_ACTIVATED_PROTEIN_KINASE_KINASE_1
PLX-4720,targets,single_protein_pref_name,Dual specificity mitogen-activated protein kinase kinase 2,DUAL SPECIFICITY MITOGEN-ACTIVATED PROTEIN KINASE KINASE 2,rawtok_DUAL_SPECIFICITY_MITOGEN_ACTIVATED_PROTEIN_KINASE_KINASE_2
PLX-4720,targets,single_protein_pref_name,Dual specificity mitogen-activated protein kinase kinase 4,DUAL SPECIFICITY MITOGEN-ACTIVATED PROTEIN KINASE KINASE 4,rawtok_DUAL_SPECIFICITY_MITOGEN_ACTIVATED_PROTEIN_KINASE_KINASE_4
PLX-4720,targets,single_protein_pref_name,Dual specificity mitogen-activated protein kinase kinase 5,DUAL SPECIFICITY MITOGEN-ACTIVATED PROTEIN KINASE KINASE 5,rawtok_DUAL_SPECIFICITY_MITOGEN_ACTIVATED_PROTEIN_KINASE_KINASE_5
PLX-4720,targets,single_protein_pref_name,Dual specificity protein kinase CLK1,DUAL SPECIFICITY PROTEIN KINASE CLK1,rawtok_DUAL_SPECIFICITY_PROTEIN_KINASE_CLK1
PLX-4720,targets,single_protein_pref_name,Dual specificity protein kinase CLK2,DUAL SPECIFICITY PROTEIN KINASE CLK2,rawtok_DUAL_SPECIFICITY_PROTEIN_KINASE_CLK2
PLX-4720,targets,single_protein_pref_name,Dual specificity testis-specific protein kinase 1,DUAL SPECIFICITY TESTIS-SPECIFIC PROTEIN KINASE 1,rawtok_DUAL_SPECIFICITY_TESTIS_SPECIFIC_PROTEIN_KINASE_1
PLX-4720,targets,single_protein_pref_name,Dual specificity tyrosine-phosphorylation-regulated kinase 2,DUAL SPECIFICITY TYROSINE-PHOSPHORYLATION-REGULATED KINASE 2,rawtok_DUAL_SPECIFICITY_TYROSINE_PHOSPHORYLATION_REGULATED_KINASE_2
PLX-4720,targets,single_protein_pref_name,Ephrin type-B receptor 6,EPHRIN TYPE-B RECEPTOR 6,rawtok_EPHRIN_TYPE_B_RECEPTOR_6
PLX-4720,targets,single_protein_pref_name,Epithelial discoidin domain-containing receptor 1,EPITHELIAL DISCOIDIN DOMAIN-CONTAINING RECEPTOR 1,rawtok_EPITHELIAL_DISCOIDIN_DOMAIN_CONTAINING_RECEPTOR_1
PLX-4720,targets,single_protein_pref_name,Fibroblast growth factor receptor 1,FIBROBLAST GROWTH FACTOR RECEPTOR 1,rawtok_FIBROBLAST_GROWTH_FACTOR_RECEPTOR_1
PLX-4720,targets,single_protein_pref_name,Fibroblast growth factor receptor 2,FIBROBLAST GROWTH FACTOR RECEPTOR 2,rawtok_FIBROBLAST_GROWTH_FACTOR_RECEPTOR_2
PLX-4720,targets,single_protein_pref_name,Focal adhesion kinase 1,FOCAL ADHESION KINASE 1,rawtok_FOCAL_ADHESION_KINASE_1
PLX-4720,targets,single_protein_pref_name,Homeodomain-interacting protein kinase 1,HOMEODOMAIN-INTERACTING PROTEIN KINASE 1,rawtok_HOMEODOMAIN_INTERACTING_PROTEIN_KINASE_1
PLX-4720,targets,single_protein_pref_name,Homeodomain-interacting protein kinase 2,HOMEODOMAIN-INTERACTING PROTEIN KINASE 2,rawtok_HOMEODOMAIN_INTERACTING_PROTEIN_KINASE_2
PLX-4720,targets,single_protein_pref_name,Homeodomain-interacting protein kinase 3,HOMEODOMAIN-INTERACTING PROTEIN KINASE 3,rawtok_HOMEODOMAIN_INTERACTING_PROTEIN_KINASE_3
PLX-4720,targets,single_protein_pref_name,Homeodomain-interacting protein kinase 4,HOMEODOMAIN-INTERACTING PROTEIN KINASE 4,rawtok_HOMEODOMAIN_INTERACTING_PROTEIN_KINASE_4
PLX-4720,targets,single_protein_pref_name,LIM domain kinase 1,LIM DOMAIN KINASE 1,rawtok_LIM_DOMAIN_KINASE_1
PLX-4720,targets,single_protein_pref_name,LIM domain kinase 2,LIM DOMAIN KINASE 2,rawtok_LIM_DOMAIN_KINASE_2
PLX-4720,targets,single_protein_pref_name,Macrophage colony-stimulating factor 1 receptor,MACROPHAGE COLONY-STIMULATING FACTOR 1 RECEPTOR,rawtok_MACROPHAGE_COLONY_STIMULATING_FACTOR_1_RECEPTOR
PLX-4720,targets,single_protein_pref_name,Mast/stem cell growth factor receptor Kit,MAST/STEM CELL GROWTH FACTOR RECEPTOR KIT,rawtok_MAST_STEM_CELL_GROWTH_FACTOR_RECEPTOR_KIT
PLX-4720,targets,single_protein_pref_name,Misshapen-like kinase 1,MISSHAPEN-LIKE KINASE 1,rawtok_MISSHAPEN_LIKE_KINASE_1
PLX-4720,targets,single_protein_pref_name,Mitogen-activated protein kinase kinase kinase 20,MITOGEN-ACTIVATED PROTEIN KINASE KINASE KINASE 20,rawtok_MITOGEN_ACTIVATED_PROTEIN_KINASE_KINASE_KINASE_20
PLX-4720,targets,single_protein_pref_name,Mitogen-activated protein kinase kinase kinase kinase 4,MITOGEN-ACTIVATED PROTEIN KINASE KINASE KINASE KINASE 4,rawtok_MITOGEN_ACTIVATED_PROTEIN_KINASE_KINASE_KINASE_KINASE_4
PLX-4720,targets,single_protein_pref_name,Mitogen-activated protein kinase kinase kinase kinase 5,MITOGEN-ACTIVATED PROTEIN KINASE KINASE KINASE KINASE 5,rawtok_MITOGEN_ACTIVATED_PROTEIN_KINASE_KINASE_KINASE_KINASE_5
PLX-4720,targets,single_protein_pref_name,Myosin light chain kinase family member 4,MYOSIN LIGHT CHAIN KINASE FAMILY MEMBER 4,rawtok_MYOSIN_LIGHT_CHAIN_KINASE_FAMILY_MEMBER_4
PLX-4720,targets,single_protein_pref_name,Phosphatidylinositol 4-kinase beta,PHOSPHATIDYLINOSITOL 4-KINASE BETA,rawtok_PHOSPHATIDYLINOSITOL_4_KINASE_BETA
PLX-4720,targets,single_protein_pref_name,Pirin,PIRIN,rawtok_PIRIN
PLX-4720,targets,single_protein_pref_name,Platelet-derived growth factor receptor alpha,PLATELET-DERIVED GROWTH FACTOR RECEPTOR ALPHA,rawtok_PLATELET_DERIVED_GROWTH_FACTOR_RECEPTOR_ALPHA
PLX-4720,targets,single_protein_pref_name,Platelet-derived growth factor receptor beta,PLATELET-DERIVED GROWTH FACTOR RECEPTOR BETA,rawtok_PLATELET_DERIVED_GROWTH_FACTOR_RECEPTOR_BETA
PLX-4720,targets,single_protein_pref_name,Protein-tyrosine kinase 6,PROTEIN-TYROSINE KINASE 6,rawtok_PROTEIN_TYROSINE_KINASE_6
PLX-4720,targets,single_protein_pref_name,Proto-oncogene tyrosine-protein kinase Src,PROTO-ONCOGENE TYROSINE-PROTEIN KINASE SRC,rawtok_PROTO_ONCOGENE_TYROSINE_PROTEIN_KINASE_SRC
PLX-4720,targets,single_protein_pref_name,RAF proto-oncogene serine/threonine-protein kinase,RAF PROTO-ONCOGENE SERINE/THREONINE-PROTEIN KINASE,rawtok_RAF_PROTO_ONCOGENE_SERINE_THREONINE_PROTEIN_KINASE
PLX-4720,targets,single_protein_pref_name,Receptor-interacting serine/threonine-protein kinase 1,RECEPTOR-INTERACTING SERINE/THREONINE-PROTEIN KINASE 1,rawtok_RECEPTOR_INTERACTING_SERINE_THREONINE_PROTEIN_KINASE_1
PLX-4720,targets,single_protein_pref_name,Receptor-interacting serine/threonine-protein kinase 2,RECEPTOR-INTERACTING SERINE/THREONINE-PROTEIN KINASE 2,rawtok_RECEPTOR_INTERACTING_SERINE_THREONINE_PROTEIN_KINASE_2
PLX-4720,targets,single_protein_pref_name,Receptor-type tyrosine-protein kinase FLT3,RECEPTOR-TYPE TYROSINE-PROTEIN KINASE FLT3,rawtok_RECEPTOR_TYPE_TYROSINE_PROTEIN_KINASE_FLT3
PLX-4720,targets,single_protein_pref_name,STE20-like serine/threonine-protein kinase,STE20-LIKE SERINE/THREONINE-PROTEIN KINASE,rawtok_STE20_LIKE_SERINE_THREONINE_PROTEIN_KINASE
PLX-4720,targets,single_protein_pref_name,Serine/threonine-protein kinase 16,SERINE/THREONINE-PROTEIN KINASE 16,rawtok_SERINE_THREONINE_PROTEIN_KINASE_16
PLX-4720,targets,single_protein_pref_name,Serine/threonine-protein kinase 36,SERINE/THREONINE-PROTEIN KINASE 36,rawtok_SERINE_THREONINE_PROTEIN_KINASE_36
PLX-4720,targets,single_protein_pref_name,Serine/threonine-protein kinase B-raf,SERINE/THREONINE-PROTEIN KINASE B-RAF,rawtok_SERINE_THREONINE_PROTEIN_KINASE_B_RAF
PLX-4720,targets,single_protein_pref_name,Serine/threonine-protein kinase DCLK1,SERINE/THREONINE-PROTEIN KINASE DCLK1,rawtok_SERINE_THREONINE_PROTEIN_KINASE_DCLK1
PLX-4720,targets,single_protein_pref_name,Serine/threonine-protein kinase DCLK3,SERINE/THREONINE-PROTEIN KINASE DCLK3,rawtok_SERINE_THREONINE_PROTEIN_KINASE_DCLK3
PLX-4720,targets,single_protein_pref_name,Serine/threonine-protein kinase Nek11,SERINE/THREONINE-PROTEIN KINASE NEK11,rawtok_SERINE_THREONINE_PROTEIN_KINASE_NEK11
PLX-4720,targets,single_protein_pref_name,Serine/threonine-protein kinase Nek2,SERINE/THREONINE-PROTEIN KINASE NEK2,rawtok_SERINE_THREONINE_PROTEIN_KINASE_NEK2
PLX-4720,targets,single_protein_pref_name,Serine/threonine-protein kinase OSR1,SERINE/THREONINE-PROTEIN KINASE OSR1,rawtok_SERINE_THREONINE_PROTEIN_KINASE_OSR1
PLX-4720,targets,single_protein_pref_name,Serine/threonine-protein kinase PAK 1,SERINE/THREONINE-PROTEIN KINASE PAK 1,rawtok_SERINE_THREONINE_PROTEIN_KINASE_PAK_1
PLX-4720,targets,single_protein_pref_name,Serine/threonine-protein kinase PLK4,SERINE/THREONINE-PROTEIN KINASE PLK4,rawtok_SERINE_THREONINE_PROTEIN_KINASE_PLK4
PLX-4720,targets,single_protein_pref_name,Serine/threonine-protein kinase RIO2,SERINE/THREONINE-PROTEIN KINASE RIO2,rawtok_SERINE_THREONINE_PROTEIN_KINASE_RIO2
PLX-4720,targets,single_protein_pref_name,Serine/threonine-protein kinase SIK1,SERINE/THREONINE-PROTEIN KINASE SIK1,rawtok_SERINE_THREONINE_PROTEIN_KINASE_SIK1
PLX-4720,targets,single_protein_pref_name,Serine/threonine-protein kinase SIK2,SERINE/THREONINE-PROTEIN KINASE SIK2,rawtok_SERINE_THREONINE_PROTEIN_KINASE_SIK2
PLX-4720,targets,single_protein_pref_name,Serine/threonine-protein kinase Sgk3,SERINE/THREONINE-PROTEIN KINASE SGK3,rawtok_SERINE_THREONINE_PROTEIN_KINASE_SGK3
PLX-4720,targets,single_protein_pref_name,TGF-beta receptor type-2,TGF-BETA RECEPTOR TYPE-2,rawtok_TGF_BETA_RECEPTOR_TYPE_2
PLX-4720,targets,single_protein_pref_name,TRAF2 and NCK-interacting protein kinase,TRAF2 AND NCK-INTERACTING PROTEIN KINASE,rawtok_TRAF2_AND_NCK_INTERACTING_PROTEIN_KINASE
PLX-4720,targets,single_protein_pref_name,Tyrosine-protein kinase ABL1,TYROSINE-PROTEIN KINASE ABL1,rawtok_TYROSINE_PROTEIN_KINASE_ABL1
PLX-4720,targets,single_protein_pref_name,Tyrosine-protein kinase ABL2,TYROSINE-PROTEIN KINASE ABL2,rawtok_TYROSINE_PROTEIN_KINASE_ABL2
PLX-4720,targets,single_protein_pref_name,Tyrosine-protein kinase Blk,TYROSINE-PROTEIN KINASE BLK,rawtok_TYROSINE_PROTEIN_KINASE_BLK
PLX-4720,targets,single_protein_pref_name,Tyrosine-protein kinase CSK,TYROSINE-PROTEIN KINASE CSK,rawtok_TYROSINE_PROTEIN_KINASE_CSK
PLX-4720,targets,single_protein_pref_name,Tyrosine-protein kinase FRK,TYROSINE-PROTEIN KINASE FRK,rawtok_TYROSINE_PROTEIN_KINASE_FRK
PLX-4720,targets,single_protein_pref_name,Tyrosine-protein kinase Fes/Fps,TYROSINE-PROTEIN KINASE FES/FPS,rawtok_TYROSINE_PROTEIN_KINASE_FES_FPS
PLX-4720,targets,single_protein_pref_name,Tyrosine-protein kinase Fgr,TYROSINE-PROTEIN KINASE FGR,rawtok_TYROSINE_PROTEIN_KINASE_FGR
PLX-4720,targets,single_protein_pref_name,Tyrosine-protein kinase Fyn,TYROSINE-PROTEIN KINASE FYN,rawtok_TYROSINE_PROTEIN_KINASE_FYN
PLX-4720,targets,single_protein_pref_name,Tyrosine-protein kinase HCK,TYROSINE-PROTEIN KINASE HCK,rawtok_TYROSINE_PROTEIN_KINASE_HCK
PLX-4720,targets,single_protein_pref_name,Tyrosine-protein kinase Lck,TYROSINE-PROTEIN KINASE LCK,rawtok_TYROSINE_PROTEIN_KINASE_LCK
PLX-4720,targets,single_protein_pref_name,Tyrosine-protein kinase Lyn,TYROSINE-PROTEIN KINASE LYN,rawtok_TYROSINE_PROTEIN_KINASE_LYN
PLX-4720,targets,single_protein_pref_name,Tyrosine-protein kinase Srms,TYROSINE-PROTEIN KINASE SRMS,rawtok_TYROSINE_PROTEIN_KINASE_SRMS
PLX-4720,targets,single_protein_pref_name,Tyrosine-protein kinase Yes,TYROSINE-PROTEIN KINASE YES,rawtok_TYROSINE_PROTEIN_KINASE_YES
PLX-4720,targets,single_protein_pref_name,Vascular endothelial growth factor receptor 1,VASCULAR ENDOTHELIAL GROWTH FACTOR RECEPTOR 1,rawtok_VASCULAR_ENDOTHELIAL_GROWTH_FACTOR_RECEPTOR_1
PLX-4720,targets,single_protein_pref_name,Vascular endothelial growth factor receptor 2,VASCULAR ENDOTHELIAL GROWTH FACTOR RECEPTOR 2,rawtok_VASCULAR_ENDOTHELIAL_GROWTH_FACTOR_RECEPTOR_2
PLX-4720,targets,single_protein_pref_name,eIF-2-alpha kinase GCN2,EIF-2-ALPHA KINASE GCN2,rawtok_EIF_2_ALPHA_KINASE_GCN2
REFAMETINIB,targets,single_protein_pref_name,5'-AMP-activated protein kinase subunit gamma-1,5'-AMP-ACTIVATED PROTEIN KINASE SUBUNIT GAMMA-1,rawtok_5_AMP_ACTIVATED_PROTEIN_KINASE_SUBUNIT_GAMMA_1
REFAMETINIB,targets,single_protein_pref_name,5'-AMP-activated protein kinase subunit gamma-2,5'-AMP-ACTIVATED PROTEIN KINASE SUBUNIT GAMMA-2,rawtok_5_AMP_ACTIVATED_PROTEIN_KINASE_SUBUNIT_GAMMA_2
REFAMETINIB,targets,single_protein_pref_name,AarF domain-containing protein kinase 1,AARF DOMAIN-CONTAINING PROTEIN KINASE 1,rawtok_AARF_DOMAIN_CONTAINING_PROTEIN_KINASE_1
REFAMETINIB,targets,single_protein_pref_name,Dual specificity mitogen-activated protein kinase kinase 1,DUAL SPECIFICITY MITOGEN-ACTIVATED PROTEIN KINASE KINASE 1,rawtok_DUAL_SPECIFICITY_MITOGEN_ACTIVATED_PROTEIN_KINASE_KINASE_1
REFAMETINIB,targets,single_protein_pref_name,Dual specificity mitogen-activated protein kinase kinase 2,DUAL SPECIFICITY MITOGEN-ACTIVATED PROTEIN KINASE KINASE 2,rawtok_DUAL_SPECIFICITY_MITOGEN_ACTIVATED_PROTEIN_KINASE_KINASE_2
REFAMETINIB,targets,single_protein_pref_name,Mitogen-activated protein kinase 10,MITOGEN-ACTIVATED PROTEIN KINASE 10,rawtok_MITOGEN_ACTIVATED_PROTEIN_KINASE_10
REFAMETINIB,targets,single_protein_pref_name,Serine/threonine-protein kinase Chk1,SERINE/THREONINE-PROTEIN KINASE CHK1,rawtok_SERINE_THREONINE_PROTEIN_KINASE_CHK1
RUCAPARIB,targets,single_protein_pref_name,"3',5'-cyclic-AMP phosphodiesterase 4D","3',5'-CYCLIC-AMP PHOSPHODIESTERASE 4D",rawtok_3_5_CYCLIC_AMP_PHOSPHODIESTERASE_4D
RUCAPARIB,targets,single_protein_pref_name,Alpha-1A adrenergic receptor,ALPHA-1A ADRENERGIC RECEPTOR,rawtok_ALPHA_1A_ADRENERGIC_RECEPTOR
RUCAPARIB,targets,single_protein_pref_name,Beta-1 adrenergic receptor,BETA-1 ADRENERGIC RECEPTOR,rawtok_BETA_1_ADRENERGIC_RECEPTOR
RUCAPARIB,targets,single_protein_pref_name,Cyclin-dependent kinase 1,CYCLIN-DEPENDENT KINASE 1,rawtok_CYCLIN_DEPENDENT_KINASE_1
RUCAPARIB,targets,single_protein_pref_name,Cyclin-dependent kinase 16,CYCLIN-DEPENDENT KINASE 16,rawtok_CYCLIN_DEPENDENT_KINASE_16
RUCAPARIB,targets,single_protein_pref_name,DNA polymerase alpha catalytic subunit,DNA POLYMERASE ALPHA CATALYTIC SUBUNIT,rawtok_DNA_POLYMERASE_ALPHA_CATALYTIC_SUBUNIT
RUCAPARIB,targets,single_protein_pref_name,Dual specificity tyrosine-phosphorylation-regulated kinase 1A,DUAL SPECIFICITY TYROSINE-PHOSPHORYLATION-REGULATED KINASE 1A,rawtok_DUAL_SPECIFICITY_TYROSINE_PHOSPHORYLATION_REGULATED_KINASE_1A
RUCAPARIB,targets,single_protein_pref_name,Dual specificity tyrosine-phosphorylation-regulated kinase 1B,DUAL SPECIFICITY TYROSINE-PHOSPHORYLATION-REGULATED KINASE 1B,rawtok_DUAL_SPECIFICITY_TYROSINE_PHOSPHORYLATION_REGULATED_KINASE_1B
RUCAPARIB,targets,single_protein_pref_name,Dual specificity tyrosine-phosphorylation-regulated kinase 3,DUAL SPECIFICITY TYROSINE-PHOSPHORYLATION-REGULATED KINASE 3,rawtok_DUAL_SPECIFICITY_TYROSINE_PHOSPHORYLATION_REGULATED_KINASE_3
RUCAPARIB,targets,single_protein_pref_name,Poly [ADP-ribose] polymerase 1,POLY [ADP-RIBOSE] POLYMERASE 1,rawtok_POLY_ADP_RIBOSE_POLYMERASE_1
RUCAPARIB,targets,single_protein_pref_name,Poly [ADP-ribose] polymerase 2,POLY [ADP-RIBOSE] POLYMERASE 2,rawtok_POLY_ADP_RIBOSE_POLYMERASE_2
RUCAPARIB,targets,single_protein_pref_name,Poly [ADP-ribose] polymerase tankyrase-1,POLY [ADP-RIBOSE] POLYMERASE TANKYRASE-1,rawtok_POLY_ADP_RIBOSE_POLYMERASE_TANKYRASE_1
RUCAPARIB,targets,single_protein_pref_name,Poly [ADP-ribose] polymerase tankyrase-2,POLY [ADP-RIBOSE] POLYMERASE TANKYRASE-2,rawtok_POLY_ADP_RIBOSE_POLYMERASE_TANKYRASE_2
RUCAPARIB,targets,single_protein_pref_name,Progesterone receptor,PROGESTERONE RECEPTOR,rawtok_PROGESTERONE_RECEPTOR
RUCAPARIB,targets,single_protein_pref_name,Prostaglandin G/H synthase 2,PROSTAGLANDIN G/H SYNTHASE 2,rawtok_PROSTAGLANDIN_G_H_SYNTHASE_2
RUCAPARIB,targets,single_protein_pref_name,Protein mono-ADP-ribosyltransferase PARP10,PROTEIN MONO-ADP-RIBOSYLTRANSFERASE PARP10,rawtok_PROTEIN_MONO_ADP_RIBOSYLTRANSFERASE_PARP10
RUCAPARIB,targets,single_protein_pref_name,Protein mono-ADP-ribosyltransferase PARP12,PROTEIN MONO-ADP-RIBOSYLTRANSFERASE PARP12,rawtok_PROTEIN_MONO_ADP_RIBOSYLTRANSFERASE_PARP12
RUCAPARIB,targets,single_protein_pref_name,Protein mono-ADP-ribosyltransferase PARP14,PROTEIN MONO-ADP-RIBOSYLTRANSFERASE PARP14,rawtok_PROTEIN_MONO_ADP_RIBOSYLTRANSFERASE_PARP14
RUCAPARIB,targets,single_protein_pref_name,Protein mono-ADP-ribosyltransferase PARP15,PROTEIN MONO-ADP-RIBOSYLTRANSFERASE PARP15,rawtok_PROTEIN_MONO_ADP_RIBOSYLTRANSFERASE_PARP15
RUCAPARIB,targets,single_protein_pref_name,Protein mono-ADP-ribosyltransferase PARP16,PROTEIN MONO-ADP-RIBOSYLTRANSFERASE PARP16,rawtok_PROTEIN_MONO_ADP_RIBOSYLTRANSFERASE_PARP16
RUCAPARIB,targets,single_protein_pref_name,Protein mono-ADP-ribosyltransferase PARP3,PROTEIN MONO-ADP-RIBOSYLTRANSFERASE PARP3,rawtok_PROTEIN_MONO_ADP_RIBOSYLTRANSFERASE_PARP3
RUCAPARIB,targets,single_protein_pref_name,Protein mono-ADP-ribosyltransferase PARP4,PROTEIN MONO-ADP-RIBOSYLTRANSFERASE PARP4,rawtok_PROTEIN_MONO_ADP_RIBOSYLTRANSFERASE_PARP4
RUCAPARIB,targets,single_protein_pref_name,Protein mono-ADP-ribosyltransferase PARP9,PROTEIN MONO-ADP-RIBOSYLTRANSFERASE PARP9,rawtok_PROTEIN_MONO_ADP_RIBOSYLTRANSFERASE_PARP9
RUCAPARIB,targets,single_protein_pref_name,Serine/threonine-protein kinase D2,SERINE/THREONINE-PROTEIN KINASE D2,rawtok_SERINE_THREONINE_PROTEIN_KINASE_D2
RUCAPARIB,targets,single_protein_pref_name,Serine/threonine-protein kinase pim-1,SERINE/THREONINE-PROTEIN KINASE PIM-1,rawtok_SERINE_THREONINE_PROTEIN_KINASE_PIM_1
RUCAPARIB,targets,single_protein_pref_name,Serine/threonine-protein kinase pim-3,SERINE/THREONINE-PROTEIN KINASE PIM-3,rawtok_SERINE_THREONINE_PROTEIN_KINASE_PIM_3
RUCAPARIB,targets,single_protein_pref_name,Sodium-dependent noradrenaline transporter,SODIUM-DEPENDENT NORADRENALINE TRANSPORTER,rawtok_SODIUM_DEPENDENT_NORADRENALINE_TRANSPORTER
RUCAPARIB,targets,single_protein_pref_name,Voltage-gated inwardly rectifying potassium channel KCNH2,VOLTAGE-GATED INWARDLY RECTIFYING POTASSIUM CHANNEL KCNH2,rawtok_VOLTAGE_GATED_INWARDLY_RECTIFYING_POTASSIUM_CHANNEL_KCNH2
SB216763,targets,single_protein_pref_name,Cyclin-dependent kinase 1,CYCLIN-DEPENDENT KINASE 1,rawtok_CYCLIN_DEPENDENT_KINASE_1
SB216763,targets,single_protein_pref_name,Cytochrome P450 1A2,CYTOCHROME P450 1A2,rawtok_CYTOCHROME_P450_1A2
SB216763,targets,single_protein_pref_name,Cytochrome P450 2C9,CYTOCHROME P450 2C9,rawtok_CYTOCHROME_P450_2C9
SB216763,targets,single_protein_pref_name,Cytochrome P450 3A4,CYTOCHROME P450 3A4,rawtok_CYTOCHROME_P450_3A4
SB216763,targets,single_protein_pref_name,Glycogen synthase kinase-3 alpha,GLYCOGEN SYNTHASE KINASE-3 ALPHA,rawtok_GLYCOGEN_SYNTHASE_KINASE_3_ALPHA
SB216763,targets,single_protein_pref_name,Glycogen synthase kinase-3 beta,GLYCOGEN SYNTHASE KINASE-3 BETA,rawtok_GLYCOGEN_SYNTHASE_KINASE_3_BETA
SB216763,targets,single_protein_pref_name,Paired box protein Pax-8,PAIRED BOX PROTEIN PAX-8,rawtok_PAIRED_BOX_PROTEIN_PAX_8
SB216763,targets,single_protein_pref_name,Ribosomal protein S6 kinase alpha-1,RIBOSOMAL PROTEIN S6 KINASE ALPHA-1,rawtok_RIBOSOMAL_PROTEIN_S6_KINASE_ALPHA_1
SB590885,targets,single_protein_pref_name,RAF proto-oncogene serine/threonine-protein kinase,RAF PROTO-ONCOGENE SERINE/THREONINE-PROTEIN KINASE,rawtok_RAF_PROTO_ONCOGENE_SERINE_THREONINE_PROTEIN_KINASE
SB590885,targets,single_protein_pref_name,Serine/threonine-protein kinase B-raf,SERINE/THREONINE-PROTEIN KINASE B-RAF,rawtok_SERINE_THREONINE_PROTEIN_KINASE_B_RAF
SELUMETINIB,targets,single_protein_pref_name,AP2-associated protein kinase 1,AP2-ASSOCIATED PROTEIN KINASE 1,rawtok_AP2_ASSOCIATED_PROTEIN_KINASE_1
SELUMETINIB,targets,single_protein_pref_name,BMP-2-inducible protein kinase,BMP-2-INDUCIBLE PROTEIN KINASE,rawtok_BMP_2_INDUCIBLE_PROTEIN_KINASE
SELUMETINIB,targets,single_protein_pref_name,Casein kinase II subunit alpha',CASEIN KINASE II SUBUNIT ALPHA',rawtok_CASEIN_KINASE_II_SUBUNIT_ALPHA__2
SELUMETINIB,targets,single_protein_pref_name,Dual specificity mitogen-activated protein kinase kinase 1,DUAL SPECIFICITY MITOGEN-ACTIVATED PROTEIN KINASE KINASE 1,rawtok_DUAL_SPECIFICITY_MITOGEN_ACTIVATED_PROTEIN_KINASE_KINASE_1
SELUMETINIB,targets,single_protein_pref_name,Dual specificity mitogen-activated protein kinase kinase 2,DUAL SPECIFICITY MITOGEN-ACTIVATED PROTEIN KINASE KINASE 2,rawtok_DUAL_SPECIFICITY_MITOGEN_ACTIVATED_PROTEIN_KINASE_KINASE_2
SELUMETINIB,targets,single_protein_pref_name,Epidermal growth factor receptor,EPIDERMAL GROWTH FACTOR RECEPTOR,rawtok_EPIDERMAL_GROWTH_FACTOR_RECEPTOR
SELUMETINIB,targets,single_protein_pref_name,Structural maintenance of chromosomes protein 1A,STRUCTURAL MAINTENANCE OF CHROMOSOMES PROTEIN 1A,rawtok_STRUCTURAL_MAINTENANCE_OF_CHROMOSOMES_PROTEIN_1A
SELUMETINIB,targets,single_protein_pref_name,Structural maintenance of chromosomes protein 2,STRUCTURAL MAINTENANCE OF CHROMOSOMES PROTEIN 2,rawtok_STRUCTURAL_MAINTENANCE_OF_CHROMOSOMES_PROTEIN_2
SELUMETINIB,targets,single_protein_pref_name,Uncharacterized protein FLJ45252,UNCHARACTERIZED PROTEIN FLJ45252,rawtok_UNCHARACTERIZED_PROTEIN_FLJ45252
SN-38,targets,single_protein_pref_name,Broad substrate specificity ATP-binding cassette transporter ABCG2,BROAD SUBSTRATE SPECIFICITY ATP-BINDING CASSETTE TRANSPORTER ABCG2,rawtok_BROAD_SUBSTRATE_SPECIFICITY_ATP_BINDING_CASSETTE_TRANSPORTER_ABCG2
SN-38,targets,single_protein_pref_name,Cytochrome P450 3A4,CYTOCHROME P450 3A4,rawtok_CYTOCHROME_P450_3A4
SN-38,targets,single_protein_pref_name,DNA topoisomerase 1,DNA TOPOISOMERASE 1,rawtok_DNA_TOPOISOMERASE_1
TALAZOPARIB,targets,single_protein_pref_name,Poly [ADP-ribose] polymerase 1,POLY [ADP-RIBOSE] POLYMERASE 1,rawtok_POLY_ADP_RIBOSE_POLYMERASE_1
TALAZOPARIB,targets,single_protein_pref_name,Poly [ADP-ribose] polymerase 2,POLY [ADP-RIBOSE] POLYMERASE 2,rawtok_POLY_ADP_RIBOSE_POLYMERASE_2
TALAZOPARIB,targets,single_protein_pref_name,Poly [ADP-ribose] polymerase tankyrase-1,POLY [ADP-RIBOSE] POLYMERASE TANKYRASE-1,rawtok_POLY_ADP_RIBOSE_POLYMERASE_TANKYRASE_1
TALAZOPARIB,targets,single_protein_pref_name,Protein mono-ADP-ribosyltransferase PARP10,PROTEIN MONO-ADP-RIBOSYLTRANSFERASE PARP10,rawtok_PROTEIN_MONO_ADP_RIBOSYLTRANSFERASE_PARP10
TALAZOPARIB,targets,single_protein_pref_name,Protein mono-ADP-ribosyltransferase PARP11,PROTEIN MONO-ADP-RIBOSYLTRANSFERASE PARP11,rawtok_PROTEIN_MONO_ADP_RIBOSYLTRANSFERASE_PARP11
TALAZOPARIB,targets,single_protein_pref_name,Protein mono-ADP-ribosyltransferase PARP16,PROTEIN MONO-ADP-RIBOSYLTRANSFERASE PARP16,rawtok_PROTEIN_MONO_ADP_RIBOSYLTRANSFERASE_PARP16
TALAZOPARIB,targets,single_protein_pref_name,Protein mono-ADP-ribosyltransferase PARP3,PROTEIN MONO-ADP-RIBOSYLTRANSFERASE PARP3,rawtok_PROTEIN_MONO_ADP_RIBOSYLTRANSFERASE_PARP3
TALAZOPARIB,targets,single_protein_pref_name,Protein mono-ADP-ribosyltransferase PARP4,PROTEIN MONO-ADP-RIBOSYLTRANSFERASE PARP4,rawtok_PROTEIN_MONO_ADP_RIBOSYLTRANSFERASE_PARP4
TALAZOPARIB,targets,single_protein_pref_name,Protein mono-ADP-ribosyltransferase PARP8,PROTEIN MONO-ADP-RIBOSYLTRANSFERASE PARP8,rawtok_PROTEIN_MONO_ADP_RIBOSYLTRANSFERASE_PARP8
TAMOXIFEN,targets,single_protein_pref_name,"3-beta-hydroxysteroid-Delta(8),Delta(7)-isomerase","3-BETA-HYDROXYSTEROID-DELTA(8),DELTA(7)-ISOMERASE",rawtok_3_BETA_HYDROXYSTEROID_DELTA_8_DELTA_7_ISOMERASE
TAMOXIFEN,targets,single_protein_pref_name,5-hydroxytryptamine receptor 2A,5-HYDROXYTRYPTAMINE RECEPTOR 2A,rawtok_5_HYDROXYTRYPTAMINE_RECEPTOR_2A
TAMOXIFEN,targets,single_protein_pref_name,5-hydroxytryptamine receptor 2B,5-HYDROXYTRYPTAMINE RECEPTOR 2B,rawtok_5_HYDROXYTRYPTAMINE_RECEPTOR_2B
TAMOXIFEN,targets,single_protein_pref_name,5-hydroxytryptamine receptor 2C,5-HYDROXYTRYPTAMINE RECEPTOR 2C,rawtok_5_HYDROXYTRYPTAMINE_RECEPTOR_2C
TAMOXIFEN,targets,single_protein_pref_name,5-hydroxytryptamine receptor 6,5-HYDROXYTRYPTAMINE RECEPTOR 6,rawtok_5_HYDROXYTRYPTAMINE_RECEPTOR_6
TAMOXIFEN,targets,single_protein_pref_name,ATP-dependent translocase ABCB1,ATP-DEPENDENT TRANSLOCASE ABCB1,rawtok_ATP_DEPENDENT_TRANSLOCASE_ABCB1
TAMOXIFEN,targets,single_protein_pref_name,Adenosine receptor A1,ADENOSINE RECEPTOR A1,rawtok_ADENOSINE_RECEPTOR_A1
TAMOXIFEN,targets,single_protein_pref_name,Adenosine receptor A2a,ADENOSINE RECEPTOR A2A,rawtok_ADENOSINE_RECEPTOR_A2A
TAMOXIFEN,targets,single_protein_pref_name,Adenosine receptor A3,ADENOSINE RECEPTOR A3,rawtok_ADENOSINE_RECEPTOR_A3
TAMOXIFEN,targets,single_protein_pref_name,Aldehyde oxidase,ALDEHYDE OXIDASE,rawtok_ALDEHYDE_OXIDASE
TAMOXIFEN,targets,single_protein_pref_name,Alpha-1D adrenergic receptor,ALPHA-1D ADRENERGIC RECEPTOR,rawtok_ALPHA_1D_ADRENERGIC_RECEPTOR
TAMOXIFEN,targets,single_protein_pref_name,Alpha-2A adrenergic receptor,ALPHA-2A ADRENERGIC RECEPTOR,rawtok_ALPHA_2A_ADRENERGIC_RECEPTOR
TAMOXIFEN,targets,single_protein_pref_name,Alpha-2B adrenergic receptor,ALPHA-2B ADRENERGIC RECEPTOR,rawtok_ALPHA_2B_ADRENERGIC_RECEPTOR
TAMOXIFEN,targets,single_protein_pref_name,B2 bradykinin receptor,B2 BRADYKININ RECEPTOR,rawtok_B2_BRADYKININ_RECEPTOR
TAMOXIFEN,targets,single_protein_pref_name,Beta-1 adrenergic receptor,BETA-1 ADRENERGIC RECEPTOR,rawtok_BETA_1_ADRENERGIC_RECEPTOR
TAMOXIFEN,targets,single_protein_pref_name,Beta-2 adrenergic receptor,BETA-2 ADRENERGIC RECEPTOR,rawtok_BETA_2_ADRENERGIC_RECEPTOR
TAMOXIFEN,targets,single_protein_pref_name,Beta-3 adrenergic receptor,BETA-3 ADRENERGIC RECEPTOR,rawtok_BETA_3_ADRENERGIC_RECEPTOR
TAMOXIFEN,targets,single_protein_pref_name,Bile salt export pump,BILE SALT EXPORT PUMP,rawtok_BILE_SALT_EXPORT_PUMP
TAMOXIFEN,targets,single_protein_pref_name,Cannabinoid receptor 1,CANNABINOID RECEPTOR 1,rawtok_CANNABINOID_RECEPTOR_1
TAMOXIFEN,targets,single_protein_pref_name,Cytochrome P450 1A2,CYTOCHROME P450 1A2,rawtok_CYTOCHROME_P450_1A2
TAMOXIFEN,targets,single_protein_pref_name,Cytochrome P450 2B6,CYTOCHROME P450 2B6,rawtok_CYTOCHROME_P450_2B6
TAMOXIFEN,targets,single_protein_pref_name,Cytochrome P450 2C8,CYTOCHROME P450 2C8,rawtok_CYTOCHROME_P450_2C8
TAMOXIFEN,targets,single_protein_pref_name,Cytochrome P450 2D6,CYTOCHROME P450 2D6,rawtok_CYTOCHROME_P450_2D6
TAMOXIFEN,targets,single_protein_pref_name,Cytochrome P450 3A4,CYTOCHROME P450 3A4,rawtok_CYTOCHROME_P450_3A4
TAMOXIFEN,targets,single_protein_pref_name,D(1A) dopamine receptor,D(1A) DOPAMINE RECEPTOR,rawtok_D_1A_DOPAMINE_RECEPTOR
TAMOXIFEN,targets,single_protein_pref_name,D(2) dopamine receptor,D(2) DOPAMINE RECEPTOR,rawtok_D_2_DOPAMINE_RECEPTOR
TAMOXIFEN,targets,single_protein_pref_name,D(3) dopamine receptor,D(3) DOPAMINE RECEPTOR,rawtok_D_3_DOPAMINE_RECEPTOR
TAMOXIFEN,targets,single_protein_pref_name,D(4) dopamine receptor,D(4) DOPAMINE RECEPTOR,rawtok_D_4_DOPAMINE_RECEPTOR
TAMOXIFEN,targets,single_protein_pref_name,Delta-type opioid receptor,DELTA-TYPE OPIOID RECEPTOR,rawtok_DELTA_TYPE_OPIOID_RECEPTOR
TAMOXIFEN,targets,single_protein_pref_name,Emopamil-binding protein-like,EMOPAMIL-BINDING PROTEIN-LIKE,rawtok_EMOPAMIL_BINDING_PROTEIN_LIKE
TAMOXIFEN,targets,single_protein_pref_name,Epidermal growth factor receptor,EPIDERMAL GROWTH FACTOR RECEPTOR,rawtok_EPIDERMAL_GROWTH_FACTOR_RECEPTOR
TAMOXIFEN,targets,single_protein_pref_name,Estrogen receptor,ESTROGEN RECEPTOR,rawtok_ESTROGEN_RECEPTOR
TAMOXIFEN,targets,single_protein_pref_name,Estrogen receptor beta,ESTROGEN RECEPTOR BETA,rawtok_ESTROGEN_RECEPTOR_BETA
TAMOXIFEN,targets,single_protein_pref_name,Estrogen-related receptor gamma,ESTROGEN-RELATED RECEPTOR GAMMA,rawtok_ESTROGEN_RELATED_RECEPTOR_GAMMA
TAMOXIFEN,targets,single_protein_pref_name,Gastrin/cholecystokinin type B receptor,GASTRIN/CHOLECYSTOKININ TYPE B RECEPTOR,rawtok_GASTRIN_CHOLECYSTOKININ_TYPE_B_RECEPTOR
TAMOXIFEN,targets,single_protein_pref_name,Glucocorticoid receptor,GLUCOCORTICOID RECEPTOR,rawtok_GLUCOCORTICOID_RECEPTOR
TAMOXIFEN,targets,single_protein_pref_name,Growth hormone secretagogue receptor type 1,GROWTH HORMONE SECRETAGOGUE RECEPTOR TYPE 1,rawtok_GROWTH_HORMONE_SECRETAGOGUE_RECEPTOR_TYPE_1
TAMOXIFEN,targets,single_protein_pref_name,Histamine H2 receptor,HISTAMINE H2 RECEPTOR,rawtok_HISTAMINE_H2_RECEPTOR
TAMOXIFEN,targets,single_protein_pref_name,Kappa-type opioid receptor,KAPPA-TYPE OPIOID RECEPTOR,rawtok_KAPPA_TYPE_OPIOID_RECEPTOR
TAMOXIFEN,targets,single_protein_pref_name,Lysosomal acid glucosylceramidase,LYSOSOMAL ACID GLUCOSYLCERAMIDASE,rawtok_LYSOSOMAL_ACID_GLUCOSYLCERAMIDASE
TAMOXIFEN,targets,single_protein_pref_name,Melanocortin receptor 3,MELANOCORTIN RECEPTOR 3,rawtok_MELANOCORTIN_RECEPTOR_3
TAMOXIFEN,targets,single_protein_pref_name,Melanocortin receptor 4,MELANOCORTIN RECEPTOR 4,rawtok_MELANOCORTIN_RECEPTOR_4
TAMOXIFEN,targets,single_protein_pref_name,Melanocortin receptor 5,MELANOCORTIN RECEPTOR 5,rawtok_MELANOCORTIN_RECEPTOR_5
TAMOXIFEN,targets,single_protein_pref_name,Mu-type opioid receptor,MU-TYPE OPIOID RECEPTOR,rawtok_MU_TYPE_OPIOID_RECEPTOR
TAMOXIFEN,targets,single_protein_pref_name,Muscarinic acetylcholine receptor M1,MUSCARINIC ACETYLCHOLINE RECEPTOR M1,rawtok_MUSCARINIC_ACETYLCHOLINE_RECEPTOR_M1
TAMOXIFEN,targets,single_protein_pref_name,Muscarinic acetylcholine receptor M2,MUSCARINIC ACETYLCHOLINE RECEPTOR M2,rawtok_MUSCARINIC_ACETYLCHOLINE_RECEPTOR_M2
TAMOXIFEN,targets,single_protein_pref_name,Muscarinic acetylcholine receptor M3,MUSCARINIC ACETYLCHOLINE RECEPTOR M3,rawtok_MUSCARINIC_ACETYLCHOLINE_RECEPTOR_M3
TAMOXIFEN,targets,single_protein_pref_name,Muscarinic acetylcholine receptor M4,MUSCARINIC ACETYLCHOLINE RECEPTOR M4,rawtok_MUSCARINIC_ACETYLCHOLINE_RECEPTOR_M4
TAMOXIFEN,targets,single_protein_pref_name,Muscarinic acetylcholine receptor M5,MUSCARINIC ACETYLCHOLINE RECEPTOR M5,rawtok_MUSCARINIC_ACETYLCHOLINE_RECEPTOR_M5
TAMOXIFEN,targets,single_protein_pref_name,Neuropeptide Y receptor type 1,NEUROPEPTIDE Y RECEPTOR TYPE 1,rawtok_NEUROPEPTIDE_Y_RECEPTOR_TYPE_1
TAMOXIFEN,targets,single_protein_pref_name,Nuclear receptor subfamily 1 group I member 2,NUCLEAR RECEPTOR SUBFAMILY 1 GROUP I MEMBER 2,rawtok_NUCLEAR_RECEPTOR_SUBFAMILY_1_GROUP_I_MEMBER_2
TAMOXIFEN,targets,single_protein_pref_name,Progesterone receptor,PROGESTERONE RECEPTOR,rawtok_PROGESTERONE_RECEPTOR
TAMOXIFEN,targets,single_protein_pref_name,Prostaglandin G/H synthase 1,PROSTAGLANDIN G/H SYNTHASE 1,rawtok_PROSTAGLANDIN_G_H_SYNTHASE_1
TAMOXIFEN,targets,single_protein_pref_name,Protein phosphatase 3 catalytic subunit alpha,PROTEIN PHOSPHATASE 3 CATALYTIC SUBUNIT ALPHA,rawtok_PROTEIN_PHOSPHATASE_3_CATALYTIC_SUBUNIT_ALPHA
TAMOXIFEN,targets,single_protein_pref_name,Receptor tyrosine-protein kinase erbB-2,RECEPTOR TYROSINE-PROTEIN KINASE ERBB-2,rawtok_RECEPTOR_TYROSINE_PROTEIN_KINASE_ERBB_2
TAMOXIFEN,targets,single_protein_pref_name,Sigma non-opioid intracellular receptor 1,SIGMA NON-OPIOID INTRACELLULAR RECEPTOR 1,rawtok_SIGMA_NON_OPIOID_INTRACELLULAR_RECEPTOR_1
TAMOXIFEN,targets,single_protein_pref_name,Sodium-dependent dopamine transporter,SODIUM-DEPENDENT DOPAMINE TRANSPORTER,rawtok_SODIUM_DEPENDENT_DOPAMINE_TRANSPORTER
TAMOXIFEN,targets,single_protein_pref_name,Sodium-dependent noradrenaline transporter,SODIUM-DEPENDENT NORADRENALINE TRANSPORTER,rawtok_SODIUM_DEPENDENT_NORADRENALINE_TRANSPORTER
TAMOXIFEN,targets,single_protein_pref_name,Sodium-dependent serotonin transporter,SODIUM-DEPENDENT SEROTONIN TRANSPORTER,rawtok_SODIUM_DEPENDENT_SEROTONIN_TRANSPORTER
TAMOXIFEN,targets,single_protein_pref_name,Steroid hormone receptor ERR1,STEROID HORMONE RECEPTOR ERR1,rawtok_STEROID_HORMONE_RECEPTOR_ERR1
TAMOXIFEN,targets,single_protein_pref_name,Substance-K receptor,SUBSTANCE-K RECEPTOR,rawtok_SUBSTANCE_K_RECEPTOR
TAMOXIFEN,targets,single_protein_pref_name,Substance-P receptor,SUBSTANCE-P RECEPTOR,rawtok_SUBSTANCE_P_RECEPTOR
TAMOXIFEN,targets,single_protein_pref_name,Thromboxane-A synthase,THROMBOXANE-A SYNTHASE,rawtok_THROMBOXANE_A_SYNTHASE
TAMOXIFEN,targets,single_protein_pref_name,Tyrosine-protein kinase Fyn,TYROSINE-PROTEIN KINASE FYN,rawtok_TYROSINE_PROTEIN_KINASE_FYN
TAMOXIFEN,targets,single_protein_pref_name,Tyrosine-protein kinase Lck,TYROSINE-PROTEIN KINASE LCK,rawtok_TYROSINE_PROTEIN_KINASE_LCK
TAMOXIFEN,targets,single_protein_pref_name,Voltage-gated inwardly rectifying potassium channel KCNH2,VOLTAGE-GATED INWARDLY RECTIFYING POTASSIUM CHANNEL KCNH2,rawtok_VOLTAGE_GATED_INWARDLY_RECTIFYING_POTASSIUM_CHANNEL_KCNH2
TANESPIMYCIN,targets,single_protein_pref_name,"Heat shock protein 75 kDa, mitochondrial","HEAT SHOCK PROTEIN 75 KDA, MITOCHONDRIAL",rawtok_HEAT_SHOCK_PROTEIN_75_KDA_MITOCHONDRIAL
TANESPIMYCIN,targets,single_protein_pref_name,Heat shock protein HSP 90-alpha,HEAT SHOCK PROTEIN HSP 90-ALPHA,rawtok_HEAT_SHOCK_PROTEIN_HSP_90_ALPHA
TANESPIMYCIN,targets,single_protein_pref_name,Heat shock protein HSP 90-beta,HEAT SHOCK PROTEIN HSP 90-BETA,rawtok_HEAT_SHOCK_PROTEIN_HSP_90_BETA
TANESPIMYCIN,targets,single_protein_pref_name,Lysine-specific demethylase 4B,LYSINE-SPECIFIC DEMETHYLASE 4B,rawtok_LYSINE_SPECIFIC_DEMETHYLASE_4B
TANESPIMYCIN,targets,single_protein_pref_name,Lysine-specific demethylase 4C,LYSINE-SPECIFIC DEMETHYLASE 4C,rawtok_LYSINE_SPECIFIC_DEMETHYLASE_4C
TANESPIMYCIN,targets,single_protein_pref_name,Lysine-specific demethylase 5A,LYSINE-SPECIFIC DEMETHYLASE 5A,rawtok_LYSINE_SPECIFIC_DEMETHYLASE_5A
TANESPIMYCIN,targets,single_protein_pref_name,Lysine-specific demethylase 6B,LYSINE-SPECIFIC DEMETHYLASE 6B,rawtok_LYSINE_SPECIFIC_DEMETHYLASE_6B
TANESPIMYCIN,targets,single_protein_pref_name,Receptor tyrosine-protein kinase erbB-2,RECEPTOR TYROSINE-PROTEIN KINASE ERBB-2,rawtok_RECEPTOR_TYROSINE_PROTEIN_KINASE_ERBB_2
TEMOZOLOMIDE,targets,single_protein_pref_name,Polyadenylate-binding protein 1,POLYADENYLATE-BINDING PROTEIN 1,rawtok_POLYADENYLATE_BINDING_PROTEIN_1
TRAMETINIB,targets,single_protein_pref_name,ATP-dependent translocase ABCB1,ATP-DEPENDENT TRANSLOCASE ABCB1,rawtok_ATP_DEPENDENT_TRANSLOCASE_ABCB1
TRAMETINIB,targets,single_protein_pref_name,Dual specificity mitogen-activated protein kinase kinase 1,DUAL SPECIFICITY MITOGEN-ACTIVATED PROTEIN KINASE KINASE 1,rawtok_DUAL_SPECIFICITY_MITOGEN_ACTIVATED_PROTEIN_KINASE_KINASE_1
TRAMETINIB,targets,single_protein_pref_name,Dual specificity mitogen-activated protein kinase kinase 2,DUAL SPECIFICITY MITOGEN-ACTIVATED PROTEIN KINASE KINASE 2,rawtok_DUAL_SPECIFICITY_MITOGEN_ACTIVATED_PROTEIN_KINASE_KINASE_2
VELIPARIB,targets,single_protein_pref_name,Poly [ADP-ribose] polymerase 1,POLY [ADP-RIBOSE] POLYMERASE 1,rawtok_POLY_ADP_RIBOSE_POLYMERASE_1
VELIPARIB,targets,single_protein_pref_name,Poly [ADP-ribose] polymerase 2,POLY [ADP-RIBOSE] POLYMERASE 2,rawtok_POLY_ADP_RIBOSE_POLYMERASE_2
VELIPARIB,targets,single_protein_pref_name,Poly [ADP-ribose] polymerase tankyrase-1,POLY [ADP-RIBOSE] POLYMERASE TANKYRASE-1,rawtok_POLY_ADP_RIBOSE_POLYMERASE_TANKYRASE_1
VELIPARIB,targets,single_protein_pref_name,Poly [ADP-ribose] polymerase tankyrase-2,POLY [ADP-RIBOSE] POLYMERASE TANKYRASE-2,rawtok_POLY_ADP_RIBOSE_POLYMERASE_TANKYRASE_2
VELIPARIB,targets,single_protein_pref_name,Protein mono-ADP-ribosyltransferase PARP10,PROTEIN MONO-ADP-RIBOSYLTRANSFERASE PARP10,rawtok_PROTEIN_MONO_ADP_RIBOSYLTRANSFERASE_PARP10
VELIPARIB,targets,single_protein_pref_name,Protein mono-ADP-ribosyltransferase PARP12,PROTEIN MONO-ADP-RIBOSYLTRANSFERASE PARP12,rawtok_PROTEIN_MONO_ADP_RIBOSYLTRANSFERASE_PARP12
VELIPARIB,targets,single_protein_pref_name,Protein mono-ADP-ribosyltransferase PARP14,PROTEIN MONO-ADP-RIBOSYLTRANSFERASE PARP14,rawtok_PROTEIN_MONO_ADP_RIBOSYLTRANSFERASE_PARP14
VELIPARIB,targets,single_protein_pref_name,Protein mono-ADP-ribosyltransferase PARP3,PROTEIN MONO-ADP-RIBOSYLTRANSFERASE PARP3,rawtok_PROTEIN_MONO_ADP_RIBOSYLTRANSFERASE_PARP3
VELIPARIB,targets,single_protein_pref_name,Protein mono-ADP-ribosyltransferase PARP4,PROTEIN MONO-ADP-RIBOSYLTRANSFERASE PARP4,rawtok_PROTEIN_MONO_ADP_RIBOSYLTRANSFERASE_PARP4
VISMODEGIB,targets,single_protein_pref_name,"3',5'-cyclic-AMP phosphodiesterase 4A","3',5'-CYCLIC-AMP PHOSPHODIESTERASE 4A",rawtok_3_5_CYCLIC_AMP_PHOSPHODIESTERASE_4A
VISMODEGIB,targets,single_protein_pref_name,"3',5'-cyclic-AMP phosphodiesterase 4D","3',5'-CYCLIC-AMP PHOSPHODIESTERASE 4D",rawtok_3_5_CYCLIC_AMP_PHOSPHODIESTERASE_4D
VISMODEGIB,targets,single_protein_pref_name,5-hydroxytryptamine receptor 1A,5-HYDROXYTRYPTAMINE RECEPTOR 1A,rawtok_5_HYDROXYTRYPTAMINE_RECEPTOR_1A
VISMODEGIB,targets,single_protein_pref_name,5-hydroxytryptamine receptor 2B,5-HYDROXYTRYPTAMINE RECEPTOR 2B,rawtok_5_HYDROXYTRYPTAMINE_RECEPTOR_2B
VISMODEGIB,targets,single_protein_pref_name,Albumin,ALBUMIN,rawtok_ALBUMIN
VISMODEGIB,targets,single_protein_pref_name,Broad substrate specificity ATP-binding cassette transporter ABCG2,BROAD SUBSTRATE SPECIFICITY ATP-BINDING CASSETTE TRANSPORTER ABCG2,rawtok_BROAD_SUBSTRATE_SPECIFICITY_ATP_BINDING_CASSETTE_TRANSPORTER_ABCG2
VISMODEGIB,targets,single_protein_pref_name,D(3) dopamine receptor,D(3) DOPAMINE RECEPTOR,rawtok_D_3_DOPAMINE_RECEPTOR
VISMODEGIB,targets,single_protein_pref_name,Equilibrative nucleoside transporter 1,EQUILIBRATIVE NUCLEOSIDE TRANSPORTER 1,rawtok_EQUILIBRATIVE_NUCLEOSIDE_TRANSPORTER_1
VISMODEGIB,targets,single_protein_pref_name,Mu-type opioid receptor,MU-TYPE OPIOID RECEPTOR,rawtok_MU_TYPE_OPIOID_RECEPTOR
VISMODEGIB,targets,single_protein_pref_name,Protein smoothened,PROTEIN SMOOTHENED,rawtok_PROTEIN_SMOOTHENED
VISMODEGIB,targets,single_protein_pref_name,Sodium-dependent dopamine transporter,SODIUM-DEPENDENT DOPAMINE TRANSPORTER,rawtok_SODIUM_DEPENDENT_DOPAMINE_TRANSPORTER
VISMODEGIB,targets,single_protein_pref_name,Sodium-dependent noradrenaline transporter,SODIUM-DEPENDENT NORADRENALINE TRANSPORTER,rawtok_SODIUM_DEPENDENT_NORADRENALINE_TRANSPORTER
VISMODEGIB,targets,single_protein_pref_name,Sonic hedgehog protein,SONIC HEDGEHOG PROTEIN,rawtok_SONIC_HEDGEHOG_PROTEIN
VISMODEGIB,targets,single_protein_pref_name,Ubiquitin carboxyl-terminal hydrolase 28,UBIQUITIN CARBOXYL-TERMINAL HYDROLASE 28,rawtok_UBIQUITIN_CARBOXYL_TERMINAL_HYDROLASE_28
VORINOSTAT,targets,single_protein_pref_name,Bromodomain-containing protein 4,BROMODOMAIN-CONTAINING PROTEIN 4,rawtok_BROMODOMAIN_CONTAINING_PROTEIN_4
VORINOSTAT,targets,single_protein_pref_name,Cytochrome P450 3A4,CYTOCHROME P450 3A4,rawtok_CYTOCHROME_P450_3A4
VORINOSTAT,targets,single_protein_pref_name,Epidermal growth factor receptor,EPIDERMAL GROWTH FACTOR RECEPTOR,rawtok_EPIDERMAL_GROWTH_FACTOR_RECEPTOR
VORINOSTAT,targets,single_protein_pref_name,Histone deacetylase 1,HISTONE DEACETYLASE 1,rawtok_HISTONE_DEACETYLASE_1
VORINOSTAT,targets,single_protein_pref_name,Histone deacetylase 11,HISTONE DEACETYLASE 11,rawtok_HISTONE_DEACETYLASE_11
VORINOSTAT,targets,single_protein_pref_name,Histone deacetylase 2,HISTONE DEACETYLASE 2,rawtok_HISTONE_DEACETYLASE_2
VORINOSTAT,targets,single_protein_pref_name,Histone deacetylase 3,HISTONE DEACETYLASE 3,rawtok_HISTONE_DEACETYLASE_3
VORINOSTAT,targets,single_protein_pref_name,Histone deacetylase 4,HISTONE DEACETYLASE 4,rawtok_HISTONE_DEACETYLASE_4
VORINOSTAT,targets,single_protein_pref_name,Histone deacetylase 5,HISTONE DEACETYLASE 5,rawtok_HISTONE_DEACETYLASE_5
VORINOSTAT,targets,single_protein_pref_name,Histone deacetylase 6,HISTONE DEACETYLASE 6,rawtok_HISTONE_DEACETYLASE_6
VORINOSTAT,targets,single_protein_pref_name,Histone deacetylase 7,HISTONE DEACETYLASE 7,rawtok_HISTONE_DEACETYLASE_7
VORINOSTAT,targets,single_protein_pref_name,Histone deacetylase 8,HISTONE DEACETYLASE 8,rawtok_HISTONE_DEACETYLASE_8
VORINOSTAT,targets,single_protein_pref_name,Histone deacetylase 9,HISTONE DEACETYLASE 9,rawtok_HISTONE_DEACETYLASE_9
VORINOSTAT,targets,single_protein_pref_name,Leukotriene A-4 hydrolase,LEUKOTRIENE A-4 HYDROLASE,rawtok_LEUKOTRIENE_A_4_HYDROLASE
VORINOSTAT,targets,single_protein_pref_name,Lysine-specific demethylase 4E,LYSINE-SPECIFIC DEMETHYLASE 4E,rawtok_LYSINE_SPECIFIC_DEMETHYLASE_4E
VORINOSTAT,targets,single_protein_pref_name,Nuclear receptor subfamily 0 group B member 1,NUCLEAR RECEPTOR SUBFAMILY 0 GROUP B MEMBER 1,rawtok_NUCLEAR_RECEPTOR_SUBFAMILY_0_GROUP_B_MEMBER_1
VORINOSTAT,targets,single_protein_pref_name,Nuclear receptor subfamily 1 group I member 2,NUCLEAR RECEPTOR SUBFAMILY 1 GROUP I MEMBER 2,rawtok_NUCLEAR_RECEPTOR_SUBFAMILY_1_GROUP_I_MEMBER_2
VORINOSTAT,targets,single_protein_pref_name,Paired box protein Pax-8,PAIRED BOX PROTEIN PAX-8,rawtok_PAIRED_BOX_PROTEIN_PAX_8
VORINOSTAT,targets,single_protein_pref_name,Polyamine deacetylase HDAC10,POLYAMINE DEACETYLASE HDAC10,rawtok_POLYAMINE_DEACETYLASE_HDAC10
VORINOSTAT,targets,single_protein_pref_name,Serine/threonine-protein kinase PLK1,SERINE/THREONINE-PROTEIN KINASE PLK1,rawtok_SERINE_THREONINE_PROTEIN_KINASE_PLK1
VORINOSTAT,targets,single_protein_pref_name,Voltage-gated inwardly rectifying potassium channel KCNH2,VOLTAGE-GATED INWARDLY RECTIFYING POTASSIUM CHANNEL KCNH2,rawtok_VOLTAGE_GATED_INWARDLY_RECTIFYING_POTASSIUM_CHANNEL_KCNH2
YK-4-279,targets,single_protein_pref_name,ETS translocation variant 1,ETS TRANSLOCATION VARIANT 1,rawtok_ETS_TRANSLOCATION_VARIANT_1
YK-4-279,targets,single_protein_pref_name,EWS-Fli1 protein,EWS-FLI1 PROTEIN,rawtok_EWS_FLI1_PROTEIN
YK-4-279,targets,single_protein_pref_name,Transcriptional regulator ERG,TRANSCRIPTIONAL REGULATOR ERG,rawtok_TRANSCRIPTIONAL_REGULATOR_ERG
ZM447439,targets,single_protein_pref_name,Activated CDC42 kinase 1,ACTIVATED CDC42 KINASE 1,rawtok_ACTIVATED_CDC42_KINASE_1
ZM447439,targets,single_protein_pref_name,Aurora kinase A,AURORA KINASE A,rawtok_AURORA_KINASE_A
ZM447439,targets,single_protein_pref_name,Aurora kinase B,AURORA KINASE B,rawtok_AURORA_KINASE_B
ZM447439,targets,single_protein_pref_name,BDNF/NT-3 growth factors receptor,BDNF/NT-3 GROWTH FACTORS RECEPTOR,rawtok_BDNF_NT_3_GROWTH_FACTORS_RECEPTOR
ZM447439,targets,single_protein_pref_name,Dual specificity mitogen-activated protein kinase kinase 1,DUAL SPECIFICITY MITOGEN-ACTIVATED PROTEIN KINASE KINASE 1,rawtok_DUAL_SPECIFICITY_MITOGEN_ACTIVATED_PROTEIN_KINASE_KINASE_1
ZM447439,targets,single_protein_pref_name,Dual specificity mitogen-activated protein kinase kinase 2,DUAL SPECIFICITY MITOGEN-ACTIVATED PROTEIN KINASE KINASE 2,rawtok_DUAL_SPECIFICITY_MITOGEN_ACTIVATED_PROTEIN_KINASE_KINASE_2
ZM447439,targets,single_protein_pref_name,Dual specificity protein kinase TTK,DUAL SPECIFICITY PROTEIN KINASE TTK,rawtok_DUAL_SPECIFICITY_PROTEIN_KINASE_TTK
ZM447439,targets,single_protein_pref_name,Epidermal growth factor receptor,EPIDERMAL GROWTH FACTOR RECEPTOR,rawtok_EPIDERMAL_GROWTH_FACTOR_RECEPTOR
ZM447439,targets,single_protein_pref_name,Hepatocyte growth factor receptor,HEPATOCYTE GROWTH FACTOR RECEPTOR,rawtok_HEPATOCYTE_GROWTH_FACTOR_RECEPTOR
ZM447439,targets,single_protein_pref_name,Leukocyte tyrosine kinase receptor,LEUKOCYTE TYROSINE KINASE RECEPTOR,rawtok_LEUKOCYTE_TYROSINE_KINASE_RECEPTOR
ZM447439,targets,single_protein_pref_name,Mitogen-activated protein kinase kinase kinase kinase 5,MITOGEN-ACTIVATED PROTEIN KINASE KINASE KINASE KINASE 5,rawtok_MITOGEN_ACTIVATED_PROTEIN_KINASE_KINASE_KINASE_KINASE_5
ZM447439,targets,single_protein_pref_name,Platelet-derived growth factor receptor alpha,PLATELET-DERIVED GROWTH FACTOR RECEPTOR ALPHA,rawtok_PLATELET_DERIVED_GROWTH_FACTOR_RECEPTOR_ALPHA
ZM447439,targets,single_protein_pref_name,Proto-oncogene tyrosine-protein kinase Src,PROTO-ONCOGENE TYROSINE-PROTEIN KINASE SRC,rawtok_PROTO_ONCOGENE_TYROSINE_PROTEIN_KINASE_SRC
ZM447439,targets,single_protein_pref_name,Proto-oncogene tyrosine-protein kinase receptor Ret,PROTO-ONCOGENE TYROSINE-PROTEIN KINASE RECEPTOR RET,rawtok_PROTO_ONCOGENE_TYROSINE_PROTEIN_KINASE_RECEPTOR_RET
ZM447439,targets,single_protein_pref_name,Rho-associated protein kinase 2,RHO-ASSOCIATED PROTEIN KINASE 2,rawtok_RHO_ASSOCIATED_PROTEIN_KINASE_2
ZM447439,targets,single_protein_pref_name,Tyrosine-protein kinase BTK,TYROSINE-PROTEIN KINASE BTK,rawtok_TYROSINE_PROTEIN_KINASE_BTK
ZM447439,targets,single_protein_pref_name,Tyrosine-protein kinase Fyn,TYROSINE-PROTEIN KINASE FYN,rawtok_TYROSINE_PROTEIN_KINASE_FYN
ZM447439,targets,single_protein_pref_name,Tyrosine-protein kinase Lck,TYROSINE-PROTEIN KINASE LCK,rawtok_TYROSINE_PROTEIN_KINASE_LCK
ZM447439,targets,single_protein_pref_name,Tyrosine-protein kinase receptor TYRO3,TYROSINE-PROTEIN KINASE RECEPTOR TYRO3,rawtok_TYROSINE_PROTEIN_KINASE_RECEPTOR_TYRO3
ZM447439,targets,single_protein_pref_name,Vascular endothelial growth factor receptor 2,VASCULAR ENDOTHELIAL GROWTH FACTOR RECEPTOR 2,rawtok_VASCULAR_ENDOTHELIAL_GROWTH_FACTOR_RECEPTOR_2
AVAGACESTAT,drug_feature_summary,mechanism_of_action_list,Gamma-secretase inhibitor,GAMMA-SECRETASE INHIBITOR,rawtok_GAMMA_SECRETASE_INHIBITOR
AXITINIB,drug_feature_summary,mechanism_of_action_list,Vascular endothelial growth factor receptor inhibitor,VASCULAR ENDOTHELIAL GROWTH FACTOR RECEPTOR INHIBITOR,rawtok_VASCULAR_ENDOTHELIAL_GROWTH_FACTOR_RECEPTOR_INHIBITOR
AZD6738,drug_feature_summary,mechanism_of_action_list,Serine-protein kinase ATR inhibitor,SERINE-PROTEIN KINASE ATR INHIBITOR,rawtok_SERINE_PROTEIN_KINASE_ATR_INHIBITOR
AZD7762,drug_feature_summary,mechanism_of_action_list,Serine,SERINE,rawtok_SERINE
AZD7762,drug_feature_summary,mechanism_of_action_list,threonine-protein kinase Chk1 inhibitor,THREONINE-PROTEIN KINASE CHK1 INHIBITOR,rawtok_THREONINE_PROTEIN_KINASE_CHK1_INHIBITOR
AZD8186,drug_feature_summary,mechanism_of_action_list,PI3-kinase p110-beta subunit inhibitor,PI3-KINASE P110-BETA SUBUNIT INHIBITOR,rawtok_PI3_KINASE_P110_BETA_SUBUNIT_INHIBITOR
AZD8186,drug_feature_summary,mechanism_of_action_list,PI3-kinase p110-delta subunit inhibitor,PI3-KINASE P110-DELTA SUBUNIT INHIBITOR,rawtok_PI3_KINASE_P110_DELTA_SUBUNIT_INHIBITOR
BOSUTINIB,drug_feature_summary,mechanism_of_action_list,Tyrosine-protein kinase ABL inhibitor,TYROSINE-PROTEIN KINASE ABL INHIBITOR,rawtok_TYROSINE_PROTEIN_KINASE_ABL_INHIBITOR
BOSUTINIB,drug_feature_summary,mechanism_of_action_list,Tyrosine-protein kinase HCK inhibitor,TYROSINE-PROTEIN KINASE HCK INHIBITOR,rawtok_TYROSINE_PROTEIN_KINASE_HCK_INHIBITOR
BOSUTINIB,drug_feature_summary,mechanism_of_action_list,Tyrosine-protein kinase Lyn inhibitor,TYROSINE-PROTEIN KINASE LYN INHIBITOR,rawtok_TYROSINE_PROTEIN_KINASE_LYN_INHIBITOR
BOSUTINIB,drug_feature_summary,mechanism_of_action_list,Tyrosine-protein kinase SRC inhibitor,TYROSINE-PROTEIN KINASE SRC INHIBITOR,rawtok_TYROSINE_PROTEIN_KINASE_SRC_INHIBITOR
DACTOLISIB,drug_feature_summary,mechanism_of_action_list,PI3-kinase class I inhibitor,PI3-KINASE CLASS I INHIBITOR,rawtok_PI3_KINASE_CLASS_I_INHIBITOR
DACTOLISIB,drug_feature_summary,mechanism_of_action_list,Serine,SERINE,rawtok_SERINE
DACTOLISIB,drug_feature_summary,mechanism_of_action_list,threonine-protein kinase mTOR inhibitor,THREONINE-PROTEIN KINASE MTOR INHIBITOR,rawtok_THREONINE_PROTEIN_KINASE_MTOR_INHIBITOR
DOCETAXEL,drug_feature_summary,mechanism_of_action_list,Tubulin inhibitor,TUBULIN INHIBITOR,rawtok_TUBULIN_INHIBITOR
DORAMAPIMOD,drug_feature_summary,mechanism_of_action_list,MAP kinase p38 alpha inhibitor,MAP KINASE P38 ALPHA INHIBITOR,rawtok_MAP_KINASE_P38_ALPHA_INHIBITOR
FULVESTRANT,drug_feature_summary,mechanism_of_action_list,Estrogen receptor alpha antagonist,ESTROGEN RECEPTOR ALPHA ANTAGONIST,rawtok_ESTROGEN_RECEPTOR_ALPHA_ANTAGONIST
FULVESTRANT,drug_feature_summary,mechanism_of_action_list,Estrogen receptor degrader,ESTROGEN RECEPTOR DEGRADER,rawtok_ESTROGEN_RECEPTOR_DEGRADER
FULVESTRANT,drug_feature_summary,action_type_list,DEGRADER,DEGRADER,rawtok_DEGRADER
GEFITINIB,drug_feature_summary,mechanism_of_action_list,Epidermal growth factor receptor erbB1 inhibitor,EPIDERMAL GROWTH FACTOR RECEPTOR ERBB1 INHIBITOR,rawtok_EPIDERMAL_GROWTH_FACTOR_RECEPTOR_ERBB1_INHIBITOR
LENALIDOMIDE,drug_feature_summary,mechanism_of_action_list,CRL4(CRBN) E3 ubiquitin ligase inhibitor,CRL4(CRBN) E3 UBIQUITIN LIGASE INHIBITOR,rawtok_CRL4_CRBN_E3_UBIQUITIN_LIGASE_INHIBITOR
LESTAURTINIB,drug_feature_summary,mechanism_of_action_list,NT-3 growth factor receptor inhibitor,NT-3 GROWTH FACTOR RECEPTOR INHIBITOR,rawtok_NT_3_GROWTH_FACTOR_RECEPTOR_INHIBITOR
LESTAURTINIB,drug_feature_summary,mechanism_of_action_list,Nerve growth factor receptor Trk-A inhibitor,NERVE GROWTH FACTOR RECEPTOR TRK-A INHIBITOR,rawtok_NERVE_GROWTH_FACTOR_RECEPTOR_TRK_A_INHIBITOR
LESTAURTINIB,drug_feature_summary,mechanism_of_action_list,Neurotrophic tyrosine kinase receptor type 2 inhibitor,NEUROTROPHIC TYROSINE KINASE RECEPTOR TYPE 2 INHIBITOR,rawtok_NEUROTROPHIC_TYROSINE_KINASE_RECEPTOR_TYPE_2_INHIBITOR
LESTAURTINIB,drug_feature_summary,mechanism_of_action_list,Tyrosine-protein kinase JAK2 inhibitor,TYROSINE-PROTEIN KINASE JAK2 INHIBITOR,rawtok_TYROSINE_PROTEIN_KINASE_JAK2_INHIBITOR
LESTAURTINIB,drug_feature_summary,mechanism_of_action_list,Tyrosine-protein kinase receptor FLT3 inhibitor,TYROSINE-PROTEIN KINASE RECEPTOR FLT3 INHIBITOR,rawtok_TYROSINE_PROTEIN_KINASE_RECEPTOR_FLT3_INHIBITOR
LESTAURTINIB,drug_feature_summary,mechanism_of_action_list,Tyrosine-protein kinase receptor RET inhibitor,TYROSINE-PROTEIN KINASE RECEPTOR RET INHIBITOR,rawtok_TYROSINE_PROTEIN_KINASE_RECEPTOR_RET_INHIBITOR
METHOTREXATE,drug_feature_summary,mechanism_of_action_list,Dihydrofolate reductase inhibitor,DIHYDROFOLATE REDUCTASE INHIBITOR,rawtok_DIHYDROFOLATE_REDUCTASE_INHIBITOR
MK-2206,drug_feature_summary,mechanism_of_action_list,Serine,SERINE,rawtok_SERINE
MK-2206,drug_feature_summary,mechanism_of_action_list,threonine-protein kinase AKT inhibitor,THREONINE-PROTEIN KINASE AKT INHIBITOR,rawtok_THREONINE_PROTEIN_KINASE_AKT_INHIBITOR
MOTESANIB,drug_feature_summary,mechanism_of_action_list,Platelet-derived growth factor receptor inhibitor,PLATELET-DERIVED GROWTH FACTOR RECEPTOR INHIBITOR,rawtok_PLATELET_DERIVED_GROWTH_FACTOR_RECEPTOR_INHIBITOR
MOTESANIB,drug_feature_summary,mechanism_of_action_list,Stem cell growth factor receptor inhibitor,STEM CELL GROWTH FACTOR RECEPTOR INHIBITOR,rawtok_STEM_CELL_GROWTH_FACTOR_RECEPTOR_INHIBITOR
MOTESANIB,drug_feature_summary,mechanism_of_action_list,Tyrosine-protein kinase receptor RET inhibitor,TYROSINE-PROTEIN KINASE RECEPTOR RET INHIBITOR,rawtok_TYROSINE_PROTEIN_KINASE_RECEPTOR_RET_INHIBITOR
MOTESANIB,drug_feature_summary,mechanism_of_action_list,Vascular endothelial growth factor receptor inhibitor,VASCULAR ENDOTHELIAL GROWTH FACTOR RECEPTOR INHIBITOR,rawtok_VASCULAR_ENDOTHELIAL_GROWTH_FACTOR_RECEPTOR_INHIBITOR
NAVITOCLAX,drug_feature_summary,mechanism_of_action_list,Apoptosis regulator Bcl-2 inhibitor,APOPTOSIS REGULATOR BCL-2 INHIBITOR,rawtok_APOPTOSIS_REGULATOR_BCL_2_INHIBITOR
NAVITOCLAX,drug_feature_summary,mechanism_of_action_list,Apoptosis regulator Bcl-W inhibitor,APOPTOSIS REGULATOR BCL-W INHIBITOR,rawtok_APOPTOSIS_REGULATOR_BCL_W_INHIBITOR
NAVITOCLAX,drug_feature_summary,mechanism_of_action_list,Apoptosis regulator Bcl-X inhibitor,APOPTOSIS REGULATOR BCL-X INHIBITOR,rawtok_APOPTOSIS_REGULATOR_BCL_X_INHIBITOR
OLAPARIB,drug_feature_summary,mechanism_of_action_list,2 and 3 inhibitor,2 AND 3 INHIBITOR,rawtok_2_AND_3_INHIBITOR
OLAPARIB,drug_feature_summary,mechanism_of_action_list,PARP 1,PARP 1,rawtok_PARP_1
PALBOCICLIB,drug_feature_summary,mechanism_of_action_list,CDK6,CDK6,rawtok_CDK6
PALBOCICLIB,drug_feature_summary,mechanism_of_action_list,Cyclin-dependent kinase 4,CYCLIN-DEPENDENT KINASE 4,rawtok_CYCLIN_DEPENDENT_KINASE_4
PALBOCICLIB,drug_feature_summary,mechanism_of_action_list,cyclin D1 inhibitor,CYCLIN D1 INHIBITOR,rawtok_CYCLIN_D1_INHIBITOR
PD0325901,drug_feature_summary,mechanism_of_action_list,Dual specificity mitogen-activated protein kinase kinase 1 inhibitor,DUAL SPECIFICITY MITOGEN-ACTIVATED PROTEIN KINASE KINASE 1 INHIBITOR,rawtok_DUAL_SPECIFICITY_MITOGEN_ACTIVATED_PROTEIN_KINASE_KINASE_1_INHIBITOR
PD0325901,drug_feature_summary,mechanism_of_action_list,Dual specificity mitogen-activated protein kinase kinase 2 inhibitor,DUAL SPECIFICITY MITOGEN-ACTIVATED PROTEIN KINASE KINASE 2 INHIBITOR,rawtok_DUAL_SPECIFICITY_MITOGEN_ACTIVATED_PROTEIN_KINASE_KINASE_2_INHIBITOR
PEVONEDISTAT,drug_feature_summary,mechanism_of_action_list,NEDD8 activating enzyme inhibitor,NEDD8 ACTIVATING ENZYME INHIBITOR,rawtok_NEDD8_ACTIVATING_ENZYME_INHIBITOR
PICTILISIB,drug_feature_summary,mechanism_of_action_list,PI3-kinase class I inhibitor,PI3-KINASE CLASS I INHIBITOR,rawtok_PI3_KINASE_CLASS_I_INHIBITOR
REFAMETINIB,drug_feature_summary,mechanism_of_action_list,Dual specificity mitogen-activated protein kinase kinase 1 inhibitor,DUAL SPECIFICITY MITOGEN-ACTIVATED PROTEIN KINASE KINASE 1 INHIBITOR,rawtok_DUAL_SPECIFICITY_MITOGEN_ACTIVATED_PROTEIN_KINASE_KINASE_1_INHIBITOR
REFAMETINIB,drug_feature_summary,mechanism_of_action_list,Dual specificity mitogen-activated protein kinase kinase 2 inhibitor,DUAL SPECIFICITY MITOGEN-ACTIVATED PROTEIN KINASE KINASE 2 INHIBITOR,rawtok_DUAL_SPECIFICITY_MITOGEN_ACTIVATED_PROTEIN_KINASE_KINASE_2_INHIBITOR
RUCAPARIB,drug_feature_summary,mechanism_of_action_list,2 and 3 inhibitor,2 AND 3 INHIBITOR,rawtok_2_AND_3_INHIBITOR
RUCAPARIB,drug_feature_summary,mechanism_of_action_list,PARP 1,PARP 1,rawtok_PARP_1
SELUMETINIB,drug_feature_summary,mechanism_of_action_list,Dual specificity mitogen-activated protein kinase kinase 1 inhibitor,DUAL SPECIFICITY MITOGEN-ACTIVATED PROTEIN KINASE KINASE 1 INHIBITOR,rawtok_DUAL_SPECIFICITY_MITOGEN_ACTIVATED_PROTEIN_KINASE_KINASE_1_INHIBITOR
SELUMETINIB,drug_feature_summary,mechanism_of_action_list,Dual specificity mitogen-activated protein kinase kinase 2 inhibitor,DUAL SPECIFICITY MITOGEN-ACTIVATED PROTEIN KINASE KINASE 2 INHIBITOR,rawtok_DUAL_SPECIFICITY_MITOGEN_ACTIVATED_PROTEIN_KINASE_KINASE_2_INHIBITOR
SN-38,drug_feature_summary,mechanism_of_action_list,DNA topoisomerase I inhibitor,DNA TOPOISOMERASE I INHIBITOR,rawtok_DNA_TOPOISOMERASE_I_INHIBITOR
TALAZOPARIB,drug_feature_summary,mechanism_of_action_list,Poly [ADP-ribose] polymerase 2 inhibitor,POLY [ADP-RIBOSE] POLYMERASE 2 INHIBITOR,rawtok_POLY_ADP_RIBOSE_POLYMERASE_2_INHIBITOR
TALAZOPARIB,drug_feature_summary,mechanism_of_action_list,Poly [ADP-ribose] polymerase-1 inhibitor,POLY [ADP-RIBOSE] POLYMERASE-1 INHIBITOR,rawtok_POLY_ADP_RIBOSE_POLYMERASE_1_INHIBITOR
TANESPIMYCIN,drug_feature_summary,mechanism_of_action_list,Heat shock protein HSP90 inhibitor,HEAT SHOCK PROTEIN HSP90 INHIBITOR,rawtok_HEAT_SHOCK_PROTEIN_HSP90_INHIBITOR
TEMOZOLOMIDE,drug_feature_summary,mechanism_of_action_list,DNA inhibitor,DNA INHIBITOR,rawtok_DNA_INHIBITOR
TRAMETINIB,drug_feature_summary,mechanism_of_action_list,2 inhibitor,2 INHIBITOR,rawtok_2_INHIBITOR
TRAMETINIB,drug_feature_summary,mechanism_of_action_list,Dual specificity mitogen-activated protein kinase kinase,DUAL SPECIFICITY MITOGEN-ACTIVATED PROTEIN KINASE KINASE,rawtok_DUAL_SPECIFICITY_MITOGEN_ACTIVATED_PROTEIN_KINASE_KINASE
TRAMETINIB,drug_feature_summary,mechanism_of_action_list,MEK1,MEK1,rawtok_MEK1
VELIPARIB,drug_feature_summary,mechanism_of_action_list,2 and 3 inhibitor,2 AND 3 INHIBITOR,rawtok_2_AND_3_INHIBITOR
VELIPARIB,drug_feature_summary,mechanism_of_action_list,PARP 1,PARP 1,rawtok_PARP_1
VISMODEGIB,drug_feature_summary,mechanism_of_action_list,Smoothened homolog inhibitor,SMOOTHENED HOMOLOG INHIBITOR,rawtok_SMOOTHENED_HOMOLOG_INHIBITOR
VORINOSTAT,drug_feature_summary,mechanism_of_action_list,Histone deacetylase 1 inhibitor,HISTONE DEACETYLASE 1 INHIBITOR,rawtok_HISTONE_DEACETYLASE_1_INHIBITOR
VORINOSTAT,drug_feature_summary,mechanism_of_action_list,Histone deacetylase 2 inhibitor,HISTONE DEACETYLASE 2 INHIBITOR,rawtok_HISTONE_DEACETYLASE_2_INHIBITOR
VORINOSTAT,drug_feature_summary,mechanism_of_action_list,Histone deacetylase 3 inhibitor,HISTONE DEACETYLASE 3 INHIBITOR,rawtok_HISTONE_DEACETYLASE_3_INHIBITOR
VORINOSTAT,drug_feature_summary,mechanism_of_action_list,Histone deacetylase 6 inhibitor,HISTONE DEACETYLASE 6 INHIBITOR,rawtok_HISTONE_DEACETYLASE_6_INHIBITOR
