drug,fold,cell_line,y_true,y_pred,y_pred_raw
AFATINIB,1,A4FUK,1.5269980430603027,1.506861449308647,1.328203797340393
AFATINIB,1,A549,0.9805520176887512,1.8775517768492693,2.055210590362549
AFATINIB,1,BEN,3.902554988861084,1.7971562121975495,1.8975368738174438
AFATINIB,1,BL41,1.0581289529800415,1.507883578010503,1.330208420753479
AFATINIB,1,BV173,0.5762389898300171,1.3356734913780004,0.9924658536911011
AFATINIB,1,COLO668,2.21626353263855,1.8969445050884368,2.0932440757751465
AFATINIB,1,DAUDI,1.4660580158233643,1.5760571797265812,1.4639121294021606
AFATINIB,1,DMS114,2.2151501178741455,2.0514066543162293,2.396178960800171
AFATINIB,1,DND41,0.9454920291900635,1.458898290949842,1.2341372966766357
AFATINIB,1,EBC1,2.749345541000366,1.4604142216006686,1.2371103763580322
AFATINIB,1,EHEB,4.0397138595581055,1.6353770535144312,1.580251693725586
AFATINIB,1,JURLMK1,1.0824209451675415,1.3927278572581678,1.1043622493743896
AFATINIB,1,KMS11,1.413856029510498,1.7877910552197602,1.8791697025299072
AFATINIB,1,KMS12BM,1.1434085369110107,1.6118586719903867,1.534126877784729
AFATINIB,1,MOLM16,-0.07336200028657913,1.5551211076560132,1.422851800918579
AFATINIB,1,MOLT16,0.6481480002403259,1.4631070955230245,1.2423917055130005
AFATINIB,1,NCIH1048,2.1855850219726562,2.0021622488768807,2.2995996475219727
AFATINIB,1,NCIH1092,3.132601022720337,1.9211576982912941,2.1407315731048584
AFATINIB,1,NCIH1435,1.5311750173568726,1.5509051306763837,1.4145833253860474
AFATINIB,1,NCIH1437,3.9053006172180176,1.8594923868120476,2.019792079925537
AFATINIB,1,NCIH1568,-0.0998539999127388,1.6319076146363833,1.573447346687317
AFATINIB,1,NCIH1650,0.9016550183296204,2.159010134995007,2.6072134971618652
AFATINIB,1,NCIH1876,1.5338480472564697,1.831657736184321,1.9652020931243896
AFATINIB,1,NCIH1944,2.333141565322876,1.630325430400577,1.57034432888031
AFATINIB,1,NCIH1963,1.4693634510040283,1.8294596975237283,1.9608912467956543
AFATINIB,1,NCIH2066,2.9686830043792725,1.6440602848317707,1.5972814559936523
AFATINIB,1,NCIH2087,2.359395980834961,1.1547244049288745,0.6375841498374939
AFATINIB,1,NCIH209,0.7475870251655579,2.0063142212464333,2.3077425956726074
AFATINIB,1,NCIH2171,1.0782849788665771,1.8684284758482095,2.0373177528381348
AFATINIB,1,NCIH2196,1.4083759784698486,2.0048888574227814,2.3049471378326416
AFATINIB,1,NCIH2405,4.612391948699951,1.9772731475410161,2.250786542892456
AFATINIB,1,NCIH460,2.8672103881835938,1.893974156289536,2.087418556213379
AFATINIB,1,NCIH596,2.1247119903564453,1.5730563785918321,1.4580268859863281
AFATINIB,1,NCIH650,2.392672061920166,1.9678701226885087,2.2323451042175293
AFATINIB,1,P31FUJ,1.1600979566574097,1.5445053990659505,1.4020320177078247
AFATINIB,1,RCHACV,0.6603130102157593,1.35772049626754,1.0357049703598022
AFATINIB,1,RPMI8402,1.082474946975708,1.2152006165154943,0.7561915516853333
AFATINIB,1,SHP77,1.2961070537567139,1.7224253290616178,1.750972867012024
AFATINIB,1,SUDHL1,1.51459801197052,1.4966856280529877,1.3082467317581177
AFATINIB,1,SUDHL4,1.2161879539489746,1.3388887960920104,0.9987717866897583
AFATINIB,1,SUPT1,1.9315890073776245,1.5621540776594018,1.4366450309753418
AFATINIB,2,A3KAW,0.8494859933853149,1.8297407823382648,1.9475276470184326
AFATINIB,2,ABC1,3.0832955837249756,1.5536314486976521,1.4924629926681519
AFATINIB,2,CA46,1.9603090286254883,1.41464311089348,1.2633918523788452
AFATINIB,2,CORL88,2.0259180068969727,2.0530140377365296,2.315511465072632
AFATINIB,2,EPLC272H,0.22959600389003754,1.7513474997126663,1.818325161933899
AFATINIB,2,GA10,1.494884967803955,1.4423427279925467,1.3090444803237915
AFATINIB,2,GDM1,1.981909990310669,1.2818865034186988,1.0445914268493652
AFATINIB,2,HCC15,2.6822867393493652,1.7048627131845595,1.7417120933532715
AFATINIB,2,HCC33,1.0045900344848633,2.071998765460065,2.3468008041381836
AFATINIB,2,HCC827,-3.6543500423431396,1.5853368423337657,1.5447176694869995
AFATINIB,2,HEL,1.8159470558166504,1.504483546241671,1.4114607572555542
AFATINIB,2,JVM2,1.6433360576629639,1.6692399301936653,1.6830010414123535
AFATINIB,2,KARPAS422,1.8379420042037964,1.517473424177486,1.432869791984558
AFATINIB,2,KCL22,1.2789989709854126,1.3000218606992282,1.0744808912277222
AFATINIB,2,KG1,1.6623140573501587,1.3800803954502903,1.2064279317855835
AFATINIB,2,KNS62,2.309061050415039,1.443827733916531,1.3114919662475586
AFATINIB,2,KU812,0.9439039826393127,1.6871968495211254,1.7125964164733887
AFATINIB,2,LOUCY,1.249587059020996,1.362169260972564,1.176908016204834
AFATINIB,2,LXF289,2.5177910327911377,1.7369800258084034,1.7946456670761108
AFATINIB,2,MEG01,1.1585240364074707,1.7729019654161986,1.8538497686386108
AFATINIB,2,MONOMAC6,1.5723990201950073,1.9694347710018396,2.1777617931365967
AFATINIB,2,NB4,1.004315972328186,1.4301447905302451,1.288940668106079
AFATINIB,2,NCIH1836,2.6076290607452393,1.8356633745195332,1.9572888612747192
AFATINIB,2,NCIH1915,1.7933809757232666,1.7147298907766901,1.7579745054244995
AFATINIB,2,NCIH2023,1.4721934795379639,1.8942015109671018,2.053767442703247
AFATINIB,2,NCIH2081,4.681399822235107,2.0765601805684453,2.354318618774414
AFATINIB,2,NCIH2122,1.8306025266647339,1.058130807344725,0.6758124828338623
AFATINIB,2,NCIH2228,2.4284725189208984,1.6221623275069215,1.6054109334945679
AFATINIB,2,NCIH2347,2.9107816219329834,1.636323950412224,1.6287511587142944
AFATINIB,2,NCIH727,3.2702879905700684,1.8052499382071843,1.9071635007858276
AFATINIB,2,NCIH82,0.8374559879302979,1.880121476230045,2.030561685562134
AFATINIB,2,NCIH838,1.966441035270691,1.843789787532611,1.9706822633743286
AFATINIB,2,NCIH841,1.6254342794418335,1.8182197084206833,1.9285393953323364
AFATINIB,2,NOMO1,1.2719030380249023,1.4275963898814825,1.2847405672073364
AFATINIB,2,OCIAML2,1.1199549436569214,1.5448427827870046,1.4779781103134155
AFATINIB,2,OCILY19,1.3835539817810059,1.2877578136750678,1.0542681217193604
AFATINIB,2,OCIM1,1.0693989992141724,1.6701444160481989,1.684491753578186
AFATINIB,2,SIGM5,0.7210879921913147,1.6791302533654404,1.6993016004562378
AFATINIB,2,SKM1,1.1005580425262451,1.3680313129970754,1.1865694522857666
AFATINIB,2,SW1271,3.3303775787353516,1.6547433473529496,1.6591087579727173
AFATINIB,2,WSUDLCL2,1.485031008720398,1.4544025876062832,1.3289207220077515
AFATINIB,3,697,0.8402929902076721,0.9832538901919884,0.7638841271400452
AFATINIB,3,AMO1,1.5320169925689697,1.3987571845505307,1.2662067413330078
AFATINIB,3,CALU3,-0.608788013458252,2.548534669392035,2.6562299728393555
AFATINIB,3,CALU6,2.2652530670166016,2.3673398681320226,2.4371745586395264
AFATINIB,3,CMK,1.9618644714355469,1.8712234398675616,1.8373947143554688
AFATINIB,3,CMLT1,1.26065194606781,1.367478976409517,1.2283929586410522
AFATINIB,3,CORL23,3.2055509090423584,1.934392098687845,1.9137624502182007
AFATINIB,3,CORL311,1.5012439489364624,2.455671212106905,2.5439627170562744
AFATINIB,3,CORL95,2.2252719402313232,1.4073920821306714,1.2766458988189697
AFATINIB,3,DMS53,2.5971710681915283,2.5284471189131503,2.6319451332092285
AFATINIB,3,HARA,0.41182056069374084,1.6132523988113667,1.5255206823349
AFATINIB,3,HCC78,1.1319199800491333,2.1856047078593432,2.217465877532959
AFATINIB,3,HH,2.153275966644287,1.4882828402701962,1.374438762664795
AFATINIB,3,HL60,1.5184839963912964,1.598649985339339,1.5078670978546143
AFATINIB,3,K562,2.0395209789276123,1.9699844030265146,1.9567917585372925
AFATINIB,3,L1236,1.4711840152740479,1.0964805007735956,0.9007694125175476
AFATINIB,3,L428,1.8102530241012573,1.5663198520254928,1.468781590461731
AFATINIB,3,L540,1.338320016860962,1.1512307014357823,0.9669596552848816
AFATINIB,3,LCLC97TM1,1.1604130268096924,1.5286648159010636,1.4232585430145264
AFATINIB,3,LU65,1.8572299480438232,0.8106765826132595,0.5552468299865723
AFATINIB,3,NAMALWA,1.243075966835022,1.0773296547547144,0.8776170015335083
AFATINIB,3,NCIH1341,1.864366054534912,1.5485704389386405,1.4473234415054321
AFATINIB,3,NCIH1436,3.2939980030059814,1.8697947424707513,1.8356674909591675
AFATINIB,3,NCIH1648,-0.17881500720977783,2.0543544618525216,2.058790922164917
AFATINIB,3,NCIH1792,2.5344300270080566,2.4848257501647453,2.579209089279175
AFATINIB,3,NCIH1793,3.452984094619751,2.3861463338859883,2.4599106311798096
AFATINIB,3,NCIH211,1.800894021987915,2.1170451790424414,2.1345808506011963
AFATINIB,3,NCIH292,-1.5684930086135864,1.9589044795197188,1.9433966875076294
AFATINIB,3,NCIH524,1.083387017250061,2.2336688531907205,2.2755730152130127
AFATINIB,3,NCIH929,1.0340549945831299,1.9530941410486695,1.9363722801208496
AFATINIB,3,NUDUL1,1.0158809423446655,1.3152631384012619,1.1652666330337524
AFATINIB,3,OCIAML3,0.7931399941444397,1.7125119121834658,1.6455204486846924
AFATINIB,3,OPM2,1.7780250310897827,1.5441934323303856,1.4420318603515625
AFATINIB,3,PF382,0.8147479891777039,1.1951006057483162,1.019996166229248
AFATINIB,3,REH,1.216163992881775,1.521363855679198,1.4144320487976074
AFATINIB,3,RERFLCMS,2.4884097576141357,2.0725395147419214,2.080775737762451
AFATINIB,3,RL,2.027601957321167,1.3006353832748077,1.1475824117660522
AFATINIB,3,SKMM2,4.162967205047607,1.856093683329888,1.8191035985946655
AFATINIB,3,SUDHL8,2.5296075344085693,1.6901989305810659,1.6185451745986938
AFATINIB,3,SUPB15,1.5842070579528809,1.2929683988458223,1.1383134126663208
AFATINIB,3,SW1573,3.055593490600586,1.7018521473907158,1.6326333284378052
AFATINIB,4,ALLSIL,0.805042028427124,1.3052237008458096,1.2011624574661255
AFATINIB,4,CHAGOK1,2.8787429332733154,2.025044833545328,2.098963499069214
AFATINIB,4,CORL279,1.0051239728927612,1.979068347188751,2.041619062423706
AFATINIB,4,DMS273,1.2856630086898804,1.6304598399191272,1.6068150997161865
AFATINIB,4,DOHH2,0.8539519906044006,1.4284870201383002,1.3549033403396606
AFATINIB,4,EJM,1.773421049118042,2.3047623969267415,2.447842836380005
AFATINIB,4,EM2,1.7624319791793823,1.3904442111879403,1.307454228401184
AFATINIB,4,HCC44,2.6762325763702393,1.7166941382846743,1.7143713235855103
AFATINIB,4,HT,1.832435965538025,1.5407804591264997,1.4949619770050049
AFATINIB,4,IALM,3.1093645095825195,1.5330645067242743,1.4853382110595703
AFATINIB,4,JEKO1,1.0206869840621948,1.8750982541060115,1.9119417667388916
AFATINIB,4,JURKAT,1.1760940551757812,1.56610155212807,1.5265438556671143
AFATINIB,4,JVM3,1.5878969430923462,2.1412864736704473,2.2439465522766113
AFATINIB,4,L363,1.5027079582214355,1.4497382421477787,1.3814090490341187
AFATINIB,4,LP1,3.6887779235839844,1.6510648640567929,1.6325148344039917
AFATINIB,4,ME1,2.1010890007019043,1.409006749225822,1.330606460571289
AFATINIB,4,MOLP8,1.284767985343933,1.619911264187969,1.5936583280563354
AFATINIB,4,MOLT13,0.5380899906158447,1.378946170931033,1.2931132316589355
AFATINIB,4,NALM6,1.1310490369796753,1.2960377701462198,1.1897052526474
AFATINIB,4,NCIH1105,3.0198230743408203,1.4579626655865436,1.3916670083999634
AFATINIB,4,NCIH146,1.7440320253372192,2.654731733259946,2.8843441009521484
AFATINIB,4,NCIH1623,-1.3181350231170654,1.9433876347039998,1.9971160888671875
AFATINIB,4,NCIH1781,-0.5417659878730774,1.5599609997437545,1.5188850164413452
AFATINIB,4,NCIH2009,1.747846007347107,1.7161118816014789,1.713645100593567
AFATINIB,4,NCIH2030,1.7584095001220703,2.05514249581797,2.136502981185913
AFATINIB,4,NCIH2085,2.3315930366516113,1.6445569126753992,1.6243977546691895
AFATINIB,4,NCIH2172,4.12870979309082,2.013967811129766,2.0851476192474365
AFATINIB,4,NCIH2291,1.7267500162124634,1.9536891432115762,2.00996470451355
AFATINIB,4,NCIH441,2.0546209812164307,1.6045649010334624,1.5745174884796143
AFATINIB,4,NCIH522,2.264801025390625,2.044399420357609,2.123103618621826
AFATINIB,4,NCIH661,1.070096492767334,1.7296980938896485,1.730590581893921
AFATINIB,4,NCIH69,2.204869031906128,2.2616264668118857,2.3940412998199463
AFATINIB,4,OCIAML5,1.2045550346374512,1.4431859429165814,1.3732366561889648
AFATINIB,4,P12ICHIKAWA,1.395372986793518,1.372571167521787,1.2851619720458984
AFATINIB,4,PL21,2.0336849689483643,1.4692559793471598,1.4057526588439941
AFATINIB,4,RERFLCKJ,2.5002965927124023,2.1767498434602564,2.2881784439086914
AFATINIB,4,RPMI8226,1.400629997253418,1.914447413080323,1.9610202312469482
AFATINIB,4,SKLU1,4.6919169425964355,2.0728598441234984,2.1586010456085205
AFATINIB,4,SUDHL10,2.018920421600342,1.497349099693233,1.4407919645309448
AFATINIB,4,SUDHL5,0.47519001364707947,1.432815332048212,1.3603018522262573
AFATINIB,5,CAL12T,1.0266480445861816,1.8260548125946046,1.8822945356369019
AFATINIB,5,CORL105,-1.7695624828338623,1.7891467822134766,1.830626130104065
AFATINIB,5,DB,1.1737749576568604,1.5239420455913137,1.459359884262085
AFATINIB,5,DMS79,3.0310819149017334,2.102930268545684,2.2698988914489746
AFATINIB,5,GRANTA519,3.16753888130188,0.6738868602103454,0.2693479657173157
AFATINIB,5,HCC366,3.29313588142395,1.7998515978157754,1.8456120491027832
AFATINIB,5,HDLM2,1.637326955795288,1.745688267465771,1.7697875499725342
AFATINIB,5,JM1,1.8692840337753296,1.6289751133848487,1.606398105621338
AFATINIB,5,KMH2,1.7836494445800781,1.4799448455774011,1.397767186164856
AFATINIB,5,KOPN8,1.173313021659851,0.5547099299449743,0.10250942409038544
AFATINIB,5,LAMA84,0.937188982963562,1.3470673015727144,1.2117488384246826
AFATINIB,5,LCLC103H,2.7562854290008545,2.007604605585703,2.1364502906799316
AFATINIB,5,LOUNH91,0.09980687499046326,1.9041230467315118,1.991584062576294
AFATINIB,5,MHHCALL2,1.4774949550628662,1.3451745798825496,1.2090991735458374
AFATINIB,5,MM1S,1.464455485343933,1.6217539547918016,1.596289038658142
AFATINIB,5,MOLM13,1.5132379531860352,1.4703137388782959,1.3842843770980835
AFATINIB,5,NCIH1155,1.5556540489196777,2.3307159646250835,2.5887813568115234
AFATINIB,5,NCIH1651,3.318885087966919,1.5946104676908959,1.5582902431488037
AFATINIB,5,NCIH196,2.555250883102417,2.043742501672241,2.1870405673980713
AFATINIB,5,NCIH1975,-0.10283800214529037,1.892356358655359,1.9751116037368774
AFATINIB,5,NCIH2029,2.3087079524993896,1.9118092322355227,2.0023441314697266
AFATINIB,5,NCIH2110,1.1463948488235474,1.8475882579593452,1.9124397039413452
AFATINIB,5,NCIH2170,-1.8132590055465698,1.9591207176187113,2.0685765743255615
AFATINIB,5,NCIH2227,4.000690937042236,1.9207076724739187,2.014801263809204
AFATINIB,5,NCIH23,2.140023946762085,1.7531397680830183,1.7802190780639648
AFATINIB,5,NCIH2342,1.8437589406967163,2.002338501533732,2.1290781497955322
AFATINIB,5,NCIH2444,3.602910280227661,1.536673104619062,1.477182388305664
AFATINIB,5,NCIH358,-0.11847399920225143,2.1240946557466973,2.299527406692505
AFATINIB,5,NCIH446,2.448420524597168,1.8682541526614056,1.9413703680038452
AFATINIB,5,NCIH526,1.5921030044555664,1.779377810916523,1.8169503211975098
AFATINIB,5,NCIH647,2.0768110752105713,2.071420671793462,2.225787878036499
AFATINIB,5,NCIH810,2.225909948348999,2.144987571460409,2.3287758827209473
AFATINIB,5,RAJI,1.3707669973373413,1.5113118090983721,1.441678524017334
AFATINIB,5,RS411,1.055055022239685,1.2467585870148987,1.071324348449707
AFATINIB,5,SBC5,1.9176262617111206,1.891445038750372,1.973835825920105
AFATINIB,5,SKMES1,1.0732970237731934,2.4159157751703955,2.708054542541504
AFATINIB,5,ST486,1.4020299911499023,1.2980754689941316,1.143164038658142
AFATINIB,5,SUDHL6,0.1178399994969368,1.7065336146726389,1.714974045753479
AFATINIB,5,SUPM2,1.1358389854431152,1.5470117572993423,1.491655707359314
AFATINIB,5,THP1,1.5580999851226807,1.6057657488414456,1.5739067792892456
AVAGACESTAT,1,A3KAW,3.3273909091949463,4.13433811831863,4.114865779876709
AVAGACESTAT,1,ABC1,4.774716854095459,4.288776468149306,4.282815933227539
AVAGACESTAT,1,CAL12T,3.3516390323638916,4.375703698849647,4.37734842300415
AVAGACESTAT,1,CALU6,4.157601833343506,4.463443862203966,4.47276496887207
AVAGACESTAT,1,CORL279,3.807586431503296,4.44558477536658,4.453343391418457
AVAGACESTAT,1,DAUDI,4.2805681228637695,3.7626814448000907,3.710692882537842
AVAGACESTAT,1,DMS114,4.846634864807129,4.762429004291919,4.797908306121826
AVAGACESTAT,1,EBC1,4.762914180755615,4.326046404856671,4.3233466148376465
AVAGACESTAT,1,EM2,4.09800910949707,3.7455657923288426,3.692079782485962
AVAGACESTAT,1,HCC78,5.106057167053223,4.655804161070197,4.681954860687256
AVAGACESTAT,1,JVM3,4.350189208984375,3.985497121127842,3.953002691268921
AVAGACESTAT,1,KG1,3.7457571029663086,4.11325930954049,4.09194278717041
AVAGACESTAT,1,KMS11,2.934683084487915,3.7210019842336504,3.6653668880462646
AVAGACESTAT,1,KNS62,5.250986099243164,4.7064795940181545,4.737063884735107
AVAGACESTAT,1,L1236,4.301351070404053,4.0599245257045204,4.033941745758057
AVAGACESTAT,1,MOLT13,2.2874789237976074,3.285002831187779,3.1912221908569336
AVAGACESTAT,1,NALM6,3.4153990745544434,3.7975178452455474,3.748577117919922
AVAGACESTAT,1,NCIH1436,4.6392011642456055,4.543663302321485,4.56000280380249
AVAGACESTAT,1,NCIH1648,3.146311044692993,4.862623173132175,4.9068684577941895
AVAGACESTAT,1,NCIH1781,4.285407066345215,4.519836570704898,4.534091472625732
AVAGACESTAT,1,NCIH196,5.047163009643555,4.613240954136932,4.63566780090332
AVAGACESTAT,1,NCIH1963,3.8656206130981445,4.3831367270860175,4.38543176651001
AVAGACESTAT,1,NCIH2023,5.164332866668701,4.670745196768304,4.698203086853027
AVAGACESTAT,1,NCIH2066,5.6813063621521,4.591006325253137,4.611487865447998
AVAGACESTAT,1,NCIH2085,4.901697158813477,4.564124738296603,4.582254409790039
AVAGACESTAT,1,NCIH211,3.5881550312042236,4.800158901276533,4.838939189910889
AVAGACESTAT,1,NCIH2171,3.7641758918762207,4.583374667840794,4.603188514709473
AVAGACESTAT,1,NCIH23,4.711726188659668,4.682327075474975,4.710798263549805
AVAGACESTAT,1,NCIH292,4.278947830200195,4.39228068478076,4.395375728607178
AVAGACESTAT,1,NCIH358,5.10493803024292,4.962641513496571,5.015637397766113
AVAGACESTAT,1,NCIH526,4.447299003601074,4.714679515033278,4.745981216430664
AVAGACESTAT,1,NCIH841,4.635603904724121,4.8313585900541955,4.872868537902832
AVAGACESTAT,1,NCIH929,3.7311325073242188,3.9755921900668763,3.9422311782836914
AVAGACESTAT,1,OCILY19,3.605997085571289,3.7778364562992452,3.7271738052368164
AVAGACESTAT,1,PF382,2.985635995864868,3.332401978919706,3.2427682876586914
AVAGACESTAT,1,RERFLCKJ,4.850442886352539,4.816557427881772,4.856772422790527
AVAGACESTAT,1,SBC5,4.560507774353027,4.438944071459087,4.446121692657471
AVAGACESTAT,1,SUDHL4,3.4893879890441895,3.8224455875925205,3.7756857872009277
AVAGACESTAT,1,SUDHL8,3.8099679946899414,3.640232257988439,3.5775306224823
AVAGACESTAT,1,SUPM2,3.4085540771484375,3.698441787660762,3.6408329010009766
AVAGACESTAT,1,SW1573,5.579990863800049,4.252200198895337,4.243039608001709
AVAGACESTAT,2,A549,4.355388164520264,4.609136302646289,4.6120476722717285
AVAGACESTAT,2,AMO1,3.814332962036133,3.6678809051634107,3.6629815101623535
AVAGACESTAT,2,DMS273,4.548980236053467,4.018871120356736,4.0168843269348145
AVAGACESTAT,2,DND41,2.790998935699463,3.443942973520377,3.437185287475586
AVAGACESTAT,2,EHEB,3.8803319931030273,4.311405528504385,4.3118462562561035
AVAGACESTAT,2,GA10,3.1880335807800293,3.6043216594913234,3.5988948345184326
AVAGACESTAT,2,HARA,4.340435981750488,4.422779333550167,4.424144268035889
AVAGACESTAT,2,HCC827,5.204944133758545,4.637258063098453,4.640402793884277
AVAGACESTAT,2,JEKO1,2.933891534805298,3.9098098589687535,3.9069180488586426
AVAGACESTAT,2,JURKAT,3.4073145389556885,3.6376156673842566,3.632465124130249
AVAGACESTAT,2,JURLMK1,4.179197788238525,4.278948576291269,4.279119968414307
AVAGACESTAT,2,JVM2,4.824929237365723,4.198810189661446,4.19831657409668
AVAGACESTAT,2,K562,4.716153144836426,4.4294464583942705,4.430866718292236
AVAGACESTAT,2,L428,3.978543996810913,4.0618035643007175,4.060173034667969
AVAGACESTAT,2,L540,3.9375100135803223,3.7992251089522227,3.7954156398773193
AVAGACESTAT,2,LOUNH91,4.930431842803955,4.835193829519232,4.8399810791015625
AVAGACESTAT,2,MOLM13,3.0686819553375244,4.028685952887203,4.026780605316162
AVAGACESTAT,2,MOLP8,4.471475124359131,3.9696044821893244,3.9672088623046875
AVAGACESTAT,2,NB4,3.3206229209899902,3.5670495090115977,3.5613133907318115
AVAGACESTAT,2,NCIH1048,4.031063079833984,4.444797681231868,4.446345329284668
AVAGACESTAT,2,NCIH1105,4.073551177978516,4.398265424951859,4.3994269371032715
AVAGACESTAT,2,NCIH1568,5.071149826049805,4.719963420479716,4.723794460296631
AVAGACESTAT,2,NCIH1650,5.356450080871582,4.9158675534538885,4.921324253082275
AVAGACESTAT,2,NCIH1792,4.459819793701172,4.764725091186145,4.768927574157715
AVAGACESTAT,2,NCIH1793,6.1216278076171875,4.780294326830746,4.784626007080078
AVAGACESTAT,2,NCIH2081,4.615508079528809,4.652871279634705,4.6561455726623535
AVAGACESTAT,2,NCIH2087,4.318975925445557,4.419326124186311,4.4206624031066895
AVAGACESTAT,2,NCIH209,4.824819087982178,4.410272208372695,4.411533355712891
AVAGACESTAT,2,NCIH2122,3.8509209156036377,4.645996073152681,4.6492133140563965
AVAGACESTAT,2,NCIH2170,5.1129350662231445,4.609496189297329,4.612410545349121
AVAGACESTAT,2,NCIH2172,4.739482879638672,4.786893825142525,4.791280269622803
AVAGACESTAT,2,NCIH2196,4.785963535308838,4.701603999235725,4.705282688140869
AVAGACESTAT,2,NCIH2228,5.033458232879639,4.498951400413534,4.500948429107666
AVAGACESTAT,2,NCIH596,4.39796781539917,4.919877381199182,4.92536735534668
AVAGACESTAT,2,NCIH69,5.148043155670166,4.517561938361471,4.519713401794434
AVAGACESTAT,2,OCIAML2,2.9783639907836914,4.033425958016473,4.031559944152832
AVAGACESTAT,2,RERFLCMS,4.625744819641113,4.6696298910051475,4.673043251037598
AVAGACESTAT,2,SHP77,3.9307520389556885,4.35467374054592,4.355473518371582
AVAGACESTAT,2,SIGM5,2.7975449562072754,4.079838094441865,4.078357219696045
AVAGACESTAT,2,ST486,4.439184188842773,3.57912084503147,3.5734848976135254
AVAGACESTAT,2,SUPT1,3.5999019145965576,3.4742453349553872,3.4677391052246094
AVAGACESTAT,3,697,3.6254990100860596,3.2236371022024812,3.2411561012268066
AVAGACESTAT,3,A4FUK,3.6727359294891357,3.745151461049162,3.7604596614837646
AVAGACESTAT,3,ALLSIL,2.819772958755493,3.286930172863665,3.304180860519409
AVAGACESTAT,3,BEN,4.70873498916626,4.862291816445848,4.872864246368408
AVAGACESTAT,3,BL41,3.3609468936920166,3.9078820172871547,3.9225003719329834
AVAGACESTAT,3,COLO668,4.5013017654418945,4.579279884009285,4.591052055358887
AVAGACESTAT,3,CORL23,4.195878982543945,3.8965357386267216,3.9112021923065186
AVAGACESTAT,3,CORL88,4.926860809326172,4.562298296524847,4.5741424560546875
AVAGACESTAT,3,CORL95,4.851770877838135,4.1573318260073995,4.170892715454102
AVAGACESTAT,3,DMS53,5.075562000274658,4.792124847032609,4.802994728088379
AVAGACESTAT,3,GDM1,4.866032123565674,3.400755701347175,3.4175238609313965
AVAGACESTAT,3,HCC15,4.985690116882324,4.697320161865202,4.708591938018799
AVAGACESTAT,3,HDLM2,4.811062812805176,4.073447706588754,4.087364196777344
AVAGACESTAT,3,HEL,3.5293750762939453,3.7254867808267136,3.7408783435821533
AVAGACESTAT,3,KARPAS422,5.0489959716796875,3.792286595753549,3.8073949813842773
AVAGACESTAT,3,KOPN8,3.4588799476623535,3.1875654750962754,3.20523738861084
AVAGACESTAT,3,KU812,4.108720779418945,4.060610714436723,4.074581623077393
AVAGACESTAT,3,LCLC103H,5.147099018096924,4.66881750920429,4.680210113525391
AVAGACESTAT,3,LOUCY,3.1593151092529297,3.4699587111527728,3.486433506011963
AVAGACESTAT,3,LU65,5.730024814605713,4.153722604167959,4.167298793792725
AVAGACESTAT,3,MONOMAC6,4.069383144378662,4.136673017545775,4.1503214836120605
AVAGACESTAT,3,NCIH1155,4.581010818481445,4.720318236438763,4.731492519378662
AVAGACESTAT,3,NCIH1341,3.686948537826538,4.097920692037395,4.111733436584473
AVAGACESTAT,3,NCIH1623,5.295770168304443,4.784873840386358,4.795774459838867
AVAGACESTAT,3,NCIH1651,4.550137996673584,4.84443773298271,4.855085849761963
AVAGACESTAT,3,NCIH1944,4.8260722160339355,4.736335864315559,4.747442245483398
AVAGACESTAT,3,NCIH522,4.806486129760742,4.7972525566593465,4.808100700378418
AVAGACESTAT,3,NCIH650,5.013851165771484,4.3946497744793644,4.407204627990723
AVAGACESTAT,3,NCIH727,4.513605117797852,4.714432958953462,4.725632190704346
AVAGACESTAT,3,NCIH838,3.628570079803467,4.5896741747412575,4.601402282714844
AVAGACESTAT,3,OPM2,4.092662811279297,3.655175432962554,3.670865058898926
AVAGACESTAT,3,P12ICHIKAWA,3.4763710498809814,3.021745028461708,3.0401198863983154
AVAGACESTAT,3,PL21,5.113812446594238,3.293908943525344,3.3111300468444824
AVAGACESTAT,3,RAJI,4.0454511642456055,3.979032579861891,3.993349313735962
AVAGACESTAT,3,REH,3.825690984725952,3.411104978565428,3.4278292655944824
AVAGACESTAT,3,SKLU1,3.9894559383392334,4.8135694765156645,4.824348449707031
AVAGACESTAT,3,SKM1,3.6742160320281982,3.7076317396292415,3.7230989933013916
AVAGACESTAT,3,SUDHL1,3.8546996116638184,3.8797294165254907,3.8944671154022217
AVAGACESTAT,3,SUDHL10,3.49904203414917,3.5455114995958876,3.5616660118103027
AVAGACESTAT,3,SUDHL5,2.9517838954925537,3.9173700519051375,3.931948184967041
AVAGACESTAT,3,SUPB15,4.0526251792907715,3.610269424921639,3.6261494159698486
AVAGACESTAT,4,BV173,3.8341429233551025,3.6796034031619653,3.620044231414795
AVAGACESTAT,4,CALU3,4.655624866485596,4.590652230691068,4.610361576080322
AVAGACESTAT,4,CHAGOK1,4.548038959503174,4.686569492434778,4.714624404907227
AVAGACESTAT,4,CMK,3.358673095703125,4.236704791510168,4.2256178855896
AVAGACESTAT,4,CMLT1,3.466904401779175,3.513795355620146,3.439809560775757
AVAGACESTAT,4,CORL105,4.896976947784424,4.314899370069374,4.3106160163879395
AVAGACESTAT,4,DB,4.625673294067383,3.9199470876416953,3.8812997341156006
AVAGACESTAT,4,HCC366,4.210575580596924,4.7215652226496285,4.752665042877197
AVAGACESTAT,4,HCC44,4.279163837432861,4.65861001969572,4.684232234954834
AVAGACESTAT,4,HL60,3.682234048843384,3.9656777165360224,3.931009292602539
AVAGACESTAT,4,HT,4.189726829528809,3.6557016225457915,3.5940628051757812
AVAGACESTAT,4,JM1,3.265023946762085,3.763067936782606,3.710770845413208
AVAGACESTAT,4,KMS12BM,4.1219940185546875,4.155234229732184,4.137058734893799
AVAGACESTAT,4,L363,3.8988571166992188,3.7550251523256306,3.702028274536133
AVAGACESTAT,4,LCLC97TM1,2.8827619552612305,4.3525244847798525,4.35151481628418
AVAGACESTAT,4,LXF289,4.866419792175293,4.791869454374853,4.8290863037109375
AVAGACESTAT,4,ME1,3.833728075027466,3.5938538405393667,3.5268337726593018
AVAGACESTAT,4,MEG01,4.830358982086182,4.4614237293002805,4.469889163970947
AVAGACESTAT,4,MOLT16,2.879625082015991,3.3905397770342436,3.3058297634124756
AVAGACESTAT,4,NCIH146,3.8068394660949707,4.688835219982314,4.717087268829346
AVAGACESTAT,4,NCIH1836,5.227035999298096,4.239502625062574,4.228659152984619
AVAGACESTAT,4,NCIH1876,4.757104873657227,4.594591482070907,4.614643573760986
AVAGACESTAT,4,NCIH1915,4.534286975860596,4.729130076774942,4.76088809967041
AVAGACESTAT,4,NCIH2009,5.05462121963501,4.971211111487394,5.024032115936279
AVAGACESTAT,4,NCIH2110,4.84404182434082,4.739865194789127,4.772557258605957
AVAGACESTAT,4,NCIH2227,4.679780960083008,4.689847669000651,4.7181878089904785
AVAGACESTAT,4,NCIH2342,5.301384925842285,4.874064259363095,4.918432712554932
AVAGACESTAT,4,NCIH2405,5.134490013122559,4.757106218951909,4.7912983894348145
AVAGACESTAT,4,NCIH441,6.047603130340576,4.483819119132672,4.494233131408691
AVAGACESTAT,4,NCIH446,3.661259889602661,4.360086706888653,4.359735012054443
AVAGACESTAT,4,NCIH524,4.653654098510742,4.872811858172735,4.917071342468262
AVAGACESTAT,4,NCIH647,4.349093914031982,5.012493413141492,5.068906307220459
AVAGACESTAT,4,NCIH810,5.33837890625,4.604573843362623,4.625494480133057
AVAGACESTAT,4,NCIH82,4.438591957092285,4.367212014256438,4.367480278015137
AVAGACESTAT,4,NUDUL1,3.4488730430603027,3.8892768572298406,3.847960948944092
AVAGACESTAT,4,OCIAML3,3.8104910850524902,3.867872202279561,3.8246939182281494
AVAGACESTAT,4,OCIM1,3.5040900707244873,3.9857580285112766,3.952836751937866
AVAGACESTAT,4,RCHACV,2.8543319702148438,3.437651556593317,3.3570406436920166
AVAGACESTAT,4,SW1271,5.160974025726318,4.553414899746713,4.569884300231934
AVAGACESTAT,4,THP1,3.8606479167938232,4.150273755945634,4.131666660308838
AVAGACESTAT,5,CA46,4.690338134765625,3.715615223458627,3.713667631149292
AVAGACESTAT,5,CORL311,4.512478351593018,4.688027477735836,4.6872172355651855
AVAGACESTAT,5,DMS79,5.281160831451416,4.732123870127233,4.731365203857422
AVAGACESTAT,5,DOHH2,2.5402019023895264,3.43021342717317,3.427932024002075
AVAGACESTAT,5,EJM,4.029489040374756,4.18179508246547,4.180392742156982
AVAGACESTAT,5,EPLC272H,4.582190990447998,4.721722389180689,4.720951557159424
AVAGACESTAT,5,GRANTA519,4.540915012359619,3.6207788076614404,3.618720293045044
AVAGACESTAT,5,HCC33,4.349639415740967,4.6896849324587615,4.688876628875732
AVAGACESTAT,5,HH,4.344141006469727,3.6937665886218096,3.691793441772461
AVAGACESTAT,5,IALM,5.34453821182251,4.712550187153649,4.711768627166748
AVAGACESTAT,5,KCL22,3.536129951477051,4.040526596701821,4.03895902633667
AVAGACESTAT,5,KMH2,3.51621150970459,3.9709456472452125,3.96929669380188
AVAGACESTAT,5,LAMA84,4.137417793273926,3.8305230349263675,3.828709840774536
AVAGACESTAT,5,LP1,2.818458080291748,4.233130455987253,4.231788158416748
AVAGACESTAT,5,MHHCALL2,2.8840229511260986,3.6029771247730995,3.600897789001465
AVAGACESTAT,5,MM1S,2.96801495552063,3.653166568391619,3.6511459350585938
AVAGACESTAT,5,MOLM16,3.2546885013580322,3.783900691062834,3.7820329666137695
AVAGACESTAT,5,NAMALWA,3.545660972595215,3.6250357991308393,3.6229822635650635
AVAGACESTAT,5,NCIH1092,5.028538227081299,4.698980967309928,4.698183536529541
AVAGACESTAT,5,NCIH1435,4.619600772857666,4.3556816103841625,4.354482650756836
AVAGACESTAT,5,NCIH1437,4.1781110763549805,4.504255756491189,4.503230571746826
AVAGACESTAT,5,NCIH1975,4.150026798248291,4.9512117602526065,4.950709342956543
AVAGACESTAT,5,NCIH2029,3.9584970474243164,4.720618848205684,4.719846725463867
AVAGACESTAT,5,NCIH2030,4.883420944213867,4.704073830342182,4.703282356262207
AVAGACESTAT,5,NCIH2291,5.820251941680908,4.388334897266074,4.387174129486084
AVAGACESTAT,5,NCIH2347,4.87268590927124,4.87899055210159,4.878403663635254
AVAGACESTAT,5,NCIH2444,5.376079082489014,4.318118352025631,4.316875457763672
AVAGACESTAT,5,NCIH460,4.098550796508789,4.665689941383765,4.664853572845459
AVAGACESTAT,5,NCIH661,5.256793022155762,4.763727435684625,4.76300573348999
AVAGACESTAT,5,NOMO1,4.7836689949035645,3.9443937464920475,3.942713737487793
AVAGACESTAT,5,OCIAML5,3.991934061050415,3.775133803394762,3.7732558250427246
AVAGACESTAT,5,P31FUJ,3.7414278984069824,3.6972065215920193,3.695237398147583
AVAGACESTAT,5,RL,4.708553791046143,3.59832553524682,3.596240758895874
AVAGACESTAT,5,RPMI8226,4.579052925109863,4.1723252053804325,4.17091178894043
AVAGACESTAT,5,RPMI8402,1.7317290306091309,3.438020848594307,3.43574857711792
AVAGACESTAT,5,RS411,4.01568603515625,3.727356718446248,3.7254228591918945
AVAGACESTAT,5,SKMES1,4.845795154571533,4.798251074490941,4.797569751739502
AVAGACESTAT,5,SKMM2,4.995851039886475,4.171017340245618,4.169602394104004
AVAGACESTAT,5,SUDHL6,2.375368118286133,3.8485890532662093,3.846796989440918
AVAGACESTAT,5,WSUDLCL2,3.9755001068115234,4.021546835003953,4.019957065582275
AXITINIB,1,A4FUK,-0.13293349742889404,1.9265503471231473,1.9695676565170288
AXITINIB,1,BL41,0.16716749966144562,1.564470695481397,1.625169277191162
AXITINIB,1,CA46,2.8784844875335693,2.3324461756700896,2.355642557144165
AXITINIB,1,COLO668,3.06780743598938,2.8810738196131584,2.877479314804077
AXITINIB,1,CORL23,3.478729009628296,2.80256971066191,2.8028087615966797
AXITINIB,1,CORL311,1.6770210266113281,2.676823669732569,2.6832032203674316
AXITINIB,1,CORL95,3.4131650924682617,2.581898896785879,2.592913866043091
AXITINIB,1,DOHH2,1.6116670370101929,1.7573482007865449,1.8086280822753906
AXITINIB,1,EBC1,3.86199688911438,2.4083908066781623,2.4278786182403564
AXITINIB,1,EPLC272H,2.4572560787200928,2.7731556416972776,2.7748310565948486
AXITINIB,1,HCC78,2.474123001098633,3.1670848894248893,3.1495237350463867
AXITINIB,1,HL60,1.3813409805297852,1.2615578219316015,1.3370484113693237
AXITINIB,1,IALM,3.079010486602783,2.6557775972085382,2.663184881210327
AXITINIB,1,JEKO1,0.6900370121002197,2.2492269223070225,2.276487112045288
AXITINIB,1,KMS12BM,1.4211039543151855,2.1918127511858527,2.221876621246338
AXITINIB,1,MM1S,2.6979620456695557,1.9566628770895091,1.9982097148895264
AXITINIB,1,MOLM13,0.8705490231513977,1.4212690199927742,1.4889605045318604
AXITINIB,1,MOLT13,1.0644475221633911,0.5244576893814444,0.6359427571296692
AXITINIB,1,NALM6,-0.05764500051736832,1.0183804714990343,1.1057460308074951
AXITINIB,1,NAMALWA,1.4816075563430786,2.0457540656496027,2.0829503536224365
AXITINIB,1,NCIH146,2.3355956077575684,2.54172529489491,2.554702043533325
AXITINIB,1,NCIH1648,3.357145309448242,2.983529638961055,2.9749319553375244
AXITINIB,1,NCIH1650,4.753750324249268,3.375724327158084,3.3479747772216797
AXITINIB,1,NCIH1944,3.226557493209839,3.236234659196686,3.215296745300293
AXITINIB,1,NCIH1963,0.9062054753303528,1.789581430306157,1.839287281036377
AXITINIB,1,NCIH2029,2.327343463897705,2.7657759932666597,2.7678117752075195
AXITINIB,1,NCIH2087,3.406688928604126,2.7509492691635553,2.753709077835083
AXITINIB,1,NCIH209,1.2799384593963623,2.236154559786945,2.2640531063079834
AXITINIB,1,NCIH211,1.181149959564209,2.7326742306872975,2.7363264560699463
AXITINIB,1,NCIH2122,1.9877010583877563,2.665705193273314,2.6726276874542236
AXITINIB,1,NCIH2170,2.8266870975494385,3.034767073672888,3.023667335510254
AXITINIB,1,NCIH2196,2.2112410068511963,2.462776266410889,2.4796082973480225
AXITINIB,1,NCIH2347,4.01324462890625,3.4027957381208633,3.3737242221832275
AXITINIB,1,NCIH2444,5.554210186004639,3.2489488301605203,3.2273900508880615
AXITINIB,1,NCIH441,5.533981800079346,2.8842561849022155,2.8805062770843506
AXITINIB,1,NCIH524,0.43188199400901794,2.8002365776979414,2.8005895614624023
AXITINIB,1,NCIH841,2.3729920387268066,2.786700746887106,2.787714719772339
AXITINIB,1,RERFLCMS,2.878828763961792,2.6259860359530016,2.634848117828369
AXITINIB,1,ST486,0.3130509853363037,1.0757782244627976,1.1603409051895142
AXITINIB,1,SUDHL6,1.2622090578079224,2.242245320196428,2.2698464393615723
AXITINIB,1,THP1,2.4672024250030518,0.7931487310943046,0.891512930393219
AXITINIB,2,A3KAW,1.122441053390503,1.6210268578117752,1.6941882371902466
AXITINIB,2,CORL105,1.9677900075912476,3.003730731136429,3.034052610397339
AXITINIB,2,DMS53,3.216116189956665,2.6275012321931968,2.6694796085357666
AXITINIB,2,DMS79,4.100135326385498,1.8526856698410057,1.9186697006225586
AXITINIB,2,GA10,2.0639920234680176,1.631707151969157,1.7045376300811768
AXITINIB,2,GRANTA519,3.253937005996704,1.299445522134931,1.3825702667236328
AXITINIB,2,HCC15,2.929391384124756,3.2864843745219168,3.3080458641052246
AXITINIB,2,HEL,2.380729913711548,1.1844249161702796,1.2711132764816284
AXITINIB,2,HH,2.921640396118164,1.7427020262682802,1.8120936155319214
AXITINIB,2,JVM3,0.7879340052604675,2.066819558131915,2.126169204711914
AXITINIB,2,KCL22,-0.640064001083374,0.7001988051254626,0.8018896579742432
AXITINIB,2,KG1,-0.41345998644828796,1.166807849875502,1.2540420293807983
AXITINIB,2,KMH2,1.9939069747924805,1.730924509866526,1.8006809949874878
AXITINIB,2,KU812,-2.116285562515259,0.9024647567489361,0.9978889226913452
AXITINIB,2,LCLC97TM1,2.1258366107940674,2.837531885733708,2.8730030059814453
AXITINIB,2,LU65,4.378378391265869,2.7320964430351498,2.77083420753479
AXITINIB,2,MOLT16,0.3542635142803192,0.7601193925368576,0.859953761100769
AXITINIB,2,MONOMAC6,2.1346664428710938,1.8874417437197604,1.9523489475250244
AXITINIB,2,NCIH1048,1.6657825708389282,2.1151802528830395,2.1730315685272217
AXITINIB,2,NCIH1092,3.506700038909912,1.9727367180967925,2.035001277923584
AXITINIB,2,NCIH1341,1.6950374841690063,1.4218561087523127,1.5011882781982422
AXITINIB,2,NCIH1651,3.6765244007110596,2.699379315392322,2.739130735397339
AXITINIB,2,NCIH1781,2.5954654216766357,3.5693647293001285,3.5821619033813477
AXITINIB,2,NCIH1836,3.6060988903045654,1.988783547287952,2.050550937652588
AXITINIB,2,NCIH1915,3.75639009475708,3.152919002638672,3.1786186695098877
AXITINIB,2,NCIH1975,3.100449562072754,3.614861746575695,3.626249313354492
AXITINIB,2,NCIH2023,3.6353800296783447,2.7242720760448393,2.7632522583007812
AXITINIB,2,NCIH2066,3.9610118865966797,2.45666622606602,2.5039374828338623
AXITINIB,2,NCIH2228,2.156121015548706,3.219553694594424,3.2431888580322266
AXITINIB,2,NCIH23,2.4904801845550537,2.82786417553119,2.8636348247528076
AXITINIB,2,NCIH358,3.9323649406433105,3.4842363250451815,3.49967098236084
AXITINIB,2,NOMO1,1.95763099193573,1.4851496796255537,1.5625208616256714
AXITINIB,2,NUDUL1,1.2664339542388916,1.6190091941689952,1.6922330856323242
AXITINIB,2,RAJI,2.885274887084961,1.7269099730910344,1.7967908382415771
AXITINIB,2,RCHACV,0.39010199904441833,1.1625456722907357,1.249911904335022
AXITINIB,2,REH,1.8061234951019287,0.892823003928811,0.9885458946228027
AXITINIB,2,SBC5,2.3171870708465576,2.0145785422649705,2.0755467414855957
AXITINIB,2,SUDHL10,1.1313860416412354,1.906571104335658,1.9708856344223022
AXITINIB,2,SUDHL5,0.6500675082206726,1.381809403654645,1.4623823165893555
AXITINIB,2,SUPT1,1.5408635139465332,1.041347332337335,1.132468581199646
AXITINIB,2,WSUDLCL2,2.691122055053711,2.2612113193533756,2.3145382404327393
AXITINIB,3,697,0.44500699639320374,0.5974791553859451,0.6155547499656677
AXITINIB,3,A549,2.8451380729675293,2.8962539320222116,2.9134955406188965
AXITINIB,3,ABC1,1.5819084644317627,2.8383541935552494,2.855616807937622
AXITINIB,3,AMO1,3.567551374435425,1.9643831125494358,1.98196280002594
AXITINIB,3,CMK,2.394115924835205,2.302300607559755,2.3197576999664307
AXITINIB,3,CMLT1,-0.7640550136566162,0.6882041133299635,0.7062467932701111
AXITINIB,3,DAUDI,2.4508614540100098,1.298680296517014,1.316501498222351
AXITINIB,3,DB,2.720996618270874,1.7709142087656267,1.7885640859603882
AXITINIB,3,DND41,2.2117464542388916,1.0166274951416234,1.0345510244369507
AXITINIB,3,HCC33,1.765720009803772,1.8338572569889056,1.8514842987060547
AXITINIB,3,HCC44,2.2425665855407715,2.4564202231486116,2.4738214015960693
AXITINIB,3,HCC827,4.45009183883667,3.4877570935125637,3.504784107208252
AXITINIB,3,HDLM2,1.980828046798706,2.121041734263041,2.1385645866394043
AXITINIB,3,HT,3.3085970878601074,1.5161727465333483,1.5339150428771973
AXITINIB,3,JM1,2.079123020172119,1.857126650070667,1.87474524974823
AXITINIB,3,JVM2,2.797133445739746,2.0834626309779454,2.100999116897583
AXITINIB,3,K562,-0.10521899908781052,1.1704055714161556,1.188273310661316
AXITINIB,3,KMS11,1.3895374536514282,1.8544231946741123,1.8720427751541138
AXITINIB,3,KNS62,3.7526841163635254,2.717465017621547,2.734771490097046
AXITINIB,3,L428,2.2196240425109863,1.5707979291232046,1.5885204076766968
AXITINIB,3,LP1,3.0922625064849854,2.0553178357357362,2.072864532470703
AXITINIB,3,MOLP8,1.6355270147323608,2.2474119960783687,2.2648890018463135
AXITINIB,3,NCIH1155,0.9676160216331482,2.268541402080678,2.2860107421875
AXITINIB,3,NCIH1435,3.57852840423584,2.5072895465538854,2.524672269821167
AXITINIB,3,NCIH1793,4.763510227203369,3.2040524057607693,3.221182346343994
AXITINIB,3,NCIH2110,2.642061471939087,3.3222333561957615,3.339320421218872
AXITINIB,3,NCIH647,2.813749074935913,3.1103716540161774,3.127535581588745
AXITINIB,3,NCIH650,3.7694220542907715,2.8832468174649546,2.9004931449890137
AXITINIB,3,OCILY19,1.088215947151184,1.0153287155772706,1.0332527160644531
AXITINIB,3,P12ICHIKAWA,1.1720739603042603,0.6292700974631634,0.6473341584205627
AXITINIB,3,PF382,1.7566930055618286,0.8581465155258369,0.8761275410652161
AXITINIB,3,PL21,2.2569870948791504,1.09766807243726,1.1155622005462646
AXITINIB,3,RPMI8226,1.7808115482330322,2.45632315156975,2.473724365234375
AXITINIB,3,RPMI8402,1.0222749710083008,0.559564952424435,0.5776543021202087
AXITINIB,3,RS411,0.5272489786148071,0.10794406771324419,0.12619726359844208
AXITINIB,3,SHP77,2.6083309650421143,2.438343682525738,2.455751419067383
AXITINIB,3,SIGM5,0.5789600014686584,1.5121073077188822,1.5298510789871216
AXITINIB,3,SKM1,1.1812000274658203,0.8879143380264098,0.9058845639228821
AXITINIB,3,SKMM2,3.662992000579834,2.32568984945817,2.3431384563446045
AXITINIB,3,SUDHL4,1.9946324825286865,1.84963913996994,1.867260456085205
AXITINIB,3,SUDHL8,4.53542947769165,1.3970316937870344,1.414817214012146
AXITINIB,4,ALLSIL,-1.0439989566802979,1.4653736490447402,1.3827040195465088
AXITINIB,4,BEN,2.502849578857422,2.9345924909400347,2.9817750453948975
AXITINIB,4,CAL12T,2.7561941146850586,3.049313965756,3.106635808944702
AXITINIB,4,CALU6,3.456624984741211,2.347152927673606,2.342416524887085
AXITINIB,4,CHAGOK1,3.4925074577331543,2.883118495265415,2.9257516860961914
AXITINIB,4,EHEB,3.6872498989105225,1.9856855613868776,1.9490020275115967
AXITINIB,4,GDM1,-0.3650214970111847,0.7274590831831277,0.5795712471008301
AXITINIB,4,HCC366,3.033844470977783,2.7639543080952524,2.796055555343628
AXITINIB,4,JURLMK1,-2.1777853965759277,1.430943230708811,1.3452305793762207
AXITINIB,4,KARPAS422,3.02205753326416,1.354863232901469,1.262426495552063
AXITINIB,4,KOPN8,1.0367729663848877,0.8646546890884236,0.72889244556427
AXITINIB,4,L1236,2.7644410133361816,2.2642220049847817,2.2521560192108154
AXITINIB,4,L540,1.435312032699585,1.2747176308370523,1.1751974821090698
AXITINIB,4,MOLM16,0.8278915286064148,1.4376858314810708,1.3525691032409668
AXITINIB,4,NB4,0.6892189979553223,1.3217938210177183,1.226434350013733
AXITINIB,4,NCIH1436,2.2099854946136475,2.549077172405811,2.5621871948242188
AXITINIB,4,NCIH1437,2.8038880825042725,2.650525274622897,2.6726014614105225
AXITINIB,4,NCIH1568,3.745048999786377,2.7654452158553564,2.797678232192993
AXITINIB,4,NCIH1792,3.4814069271087646,3.158840921659926,3.2258429527282715
AXITINIB,4,NCIH2009,2.0941333770751953,3.3143021191471878,3.3950440883636475
AXITINIB,4,NCIH2030,3.3990840911865234,2.8939055612117563,2.9374921321868896
AXITINIB,4,NCIH2081,1.275954008102417,2.4253592105490425,2.427534818649292
AXITINIB,4,NCIH2171,0.6777719855308533,2.30778472623152,2.2995688915252686
AXITINIB,4,NCIH2172,4.12497615814209,3.0801941134383872,3.140245199203491
AXITINIB,4,NCIH2227,1.3476035594940186,2.002810956834354,1.967640995979309
AXITINIB,4,NCIH2342,3.723646402359009,3.2326200452888587,3.306142807006836
AXITINIB,4,NCIH596,3.515047073364258,3.114573053178427,3.1776626110076904
AXITINIB,4,NCIH661,3.2973074913024902,2.8171264402606626,2.8539271354675293
AXITINIB,4,NCIH69,2.014709949493408,2.0697023538621897,2.0404443740844727
AXITINIB,4,NCIH810,2.0671825408935547,2.815111765169614,2.8517343997955322
AXITINIB,4,NCIH929,2.4588494300842285,2.4830137045403777,2.4902849197387695
AXITINIB,4,OCIAML2,1.306130051612854,1.2650618891820802,1.1646883487701416
AXITINIB,4,OCIAML3,1.7058769464492798,1.929722194034978,1.8880925178527832
AXITINIB,4,OCIAML5,1.362373948097229,2.3059566884328033,2.297579288482666
AXITINIB,4,OCIM1,1.4962559938430786,1.740930029585275,1.6826145648956299
AXITINIB,4,OPM2,1.3821325302124023,1.7063653287843232,1.6449949741363525
AXITINIB,4,RERFLCKJ,2.6341404914855957,3.102555977377108,3.164583444595337
AXITINIB,4,SUDHL1,2.3192451000213623,1.631011179179024,1.5629808902740479
AXITINIB,4,SUPB15,-0.247406005859375,0.9396818948453604,0.8105506896972656
AXITINIB,4,SW1573,2.503971815109253,2.3592293681535894,2.355560302734375
AXITINIB,5,BV173,-1.320652961730957,0.46778698331766294,0.38089519739151
AXITINIB,5,CALU3,3.7428483963012695,3.1260295501318676,3.1030948162078857
AXITINIB,5,CORL279,1.139523983001709,2.1831802015604165,2.1375606060028076
AXITINIB,5,CORL88,2.829132080078125,2.439859108672875,2.4004151821136475
AXITINIB,5,DMS114,2.1323630809783936,2.6771501780597173,2.6434154510498047
AXITINIB,5,DMS273,1.5164482593536377,2.0496477642699347,2.0008153915405273
AXITINIB,5,EJM,2.903726577758789,2.181417776684008,2.135755777359009
AXITINIB,5,EM2,-1.4406825304031372,1.2492429722830838,1.1811529397964478
AXITINIB,5,HARA,2.2165091037750244,2.715779178785436,2.682973861694336
AXITINIB,5,JURKAT,2.2966744899749756,1.087113037815397,1.0151221752166748
AXITINIB,5,L363,2.638242721557617,2.0918141868677997,2.0439963340759277
AXITINIB,5,LAMA84,-1.8726530075073242,0.9798665156688785,0.9052953124046326
AXITINIB,5,LCLC103H,2.9865479469299316,3.1301131607437833,3.107276678085327
AXITINIB,5,LOUCY,1.3167284727096558,1.5180851720300315,1.4564634561538696
AXITINIB,5,LOUNH91,2.764007568359375,3.2904395781302154,3.27146053314209
AXITINIB,5,LXF289,1.6563609838485718,3.0339520466119985,3.0088019371032715
AXITINIB,5,ME1,3.0665814876556396,0.883393659541121,0.8065013289451599
AXITINIB,5,MEG01,-1.3324520587921143,1.7406333361495439,1.6843661069869995
AXITINIB,5,MHHCALL2,1.4884874820709229,1.2861925474016727,1.2189915180206299
AXITINIB,5,NCIH1105,1.5012915134429932,1.839779280945529,1.7858974933624268
AXITINIB,5,NCIH1623,3.611125946044922,3.2206098366664513,3.199950695037842
AXITINIB,5,NCIH1876,1.2842350006103516,2.4733589175290884,2.434720993041992
AXITINIB,5,NCIH196,3.9726874828338623,2.8246125235675397,2.7944257259368896
AXITINIB,5,NCIH2085,2.092747449874878,3.2958299907013497,3.2769806385040283
AXITINIB,5,NCIH2291,6.012119770050049,3.6425320239083896,3.6320242881774902
AXITINIB,5,NCIH2405,3.5069849491119385,3.325339082938472,3.307199716567993
AXITINIB,5,NCIH292,2.20878005027771,3.2491208423190083,3.2291476726531982
AXITINIB,5,NCIH446,0.8975503444671631,1.7548909343290438,1.6989667415618896
AXITINIB,5,NCIH460,1.7202565670013428,2.8251084238299904,2.794933557510376
AXITINIB,5,NCIH522,3.7603580951690674,2.571294330205538,2.535012722015381
AXITINIB,5,NCIH526,0.9533560276031494,2.6044621419846368,2.5689785480499268
AXITINIB,5,NCIH727,4.236548900604248,3.1540101986023297,3.131748676300049
AXITINIB,5,NCIH82,2.100334882736206,1.7970493247395596,1.742139458656311
AXITINIB,5,NCIH838,3.1674981117248535,2.957363394106357,2.930370569229126
AXITINIB,5,P31FUJ,0.270424485206604,1.9858613707228645,1.935494303703308
AXITINIB,5,RL,2.1033434867858887,1.3503443472688912,1.284686803817749
AXITINIB,5,SKLU1,4.190506935119629,3.526016881398796,3.5127058029174805
AXITINIB,5,SKMES1,3.386260986328125,3.10834220795411,3.084981918334961
AXITINIB,5,SUPM2,-0.18160800635814667,2.1322214440276017,2.0853757858276367
AXITINIB,5,SW1271,2.3201210498809814,2.850611433524397,2.8210501670837402
AZD4547,1,A4FUK,1.0284429788589478,1.87748496411557,1.954628825187683
AZD4547,1,BEN,2.875396966934204,2.719627309152912,2.8060269355773926
AZD4547,1,BL41,1.3882410526275635,1.9046164687708973,1.9820585250854492
AZD4547,1,CALU6,2.9017128944396973,2.5285720965424208,2.6128718852996826
AZD4547,1,COLO668,3.3060789108276367,2.635180844335794,2.7206523418426514
AZD4547,1,CORL88,3.387155055999756,3.060845153951391,3.1509950160980225
AZD4547,1,DND41,1.9718509912490845,1.844440931100759,1.9212216138839722
AZD4547,1,DOHH2,1.7457220554351807,2.207192934539674,2.2879605293273926
AZD4547,1,EHEB,3.4856200218200684,2.1387982478497762,2.2188141345977783
AZD4547,1,EM2,1.8114299774169922,2.205834808746552,2.2865874767303467
AZD4547,1,HCC78,3.605844020843506,2.387645144235671,2.470396041870117
AZD4547,1,HCC827,3.055497884750366,3.185801924158776,3.27732515335083
AZD4547,1,HH,2.27655291557312,1.9786964648236345,2.056952714920044
AZD4547,1,JURKAT,1.2431670427322388,1.6486749628416284,1.723304033279419
AZD4547,1,JURLMK1,2.259744882583618,2.1837211060643376,2.264230728149414
AZD4547,1,LU65,3.4753479957580566,2.3219263827714305,2.4039549827575684
AZD4547,1,MEG01,1.8509210348129272,2.2897600966227425,2.3714351654052734
AZD4547,1,MOLT16,1.2415180206298828,1.7771606433404323,1.8532018661499023
AZD4547,1,NCIH1341,1.509943962097168,2.049193782104169,2.1282248497009277
AZD4547,1,NCIH1650,2.9199719429016113,3.1338174721346546,3.224769353866577
AZD4547,1,NCIH1781,2.570233106613159,3.3259461677474538,3.4190096855163574
AZD4547,1,NCIH1836,4.49483585357666,2.960734610052701,3.0497841835021973
AZD4547,1,NCIH1944,2.7694711685180664,2.6987710342756865,2.7849414348602295
AZD4547,1,NCIH1975,2.3486709594726562,3.1129253516035735,3.2036476135253906
AZD4547,1,NCIH2023,3.1804230213165283,2.9528438496710603,3.041806697845459
AZD4547,1,NCIH209,1.9846910238265991,2.8030738688887937,2.890390634536743
AZD4547,1,NCIH211,1.4040240049362183,2.9074024086089425,2.995865821838379
AZD4547,1,NCIH2110,2.489902973175049,2.9648816220464598,3.0539767742156982
AZD4547,1,NCIH2170,2.264173984527588,2.7995779743311893,2.8868563175201416
AZD4547,1,NCIH23,2.382685899734497,3.032240793827936,3.1220762729644775
AZD4547,1,NCIH596,1.26084303855896,3.1165896264036315,3.2073521614074707
AZD4547,1,NCIH650,2.9893479347229004,2.5160876684538462,2.600250244140625
AZD4547,1,NCIH82,2.5095090866088867,2.3570761121235897,2.439491033554077
AZD4547,1,OCIAML2,1.0021920204162598,1.7586217192369724,1.8344591856002808
AZD4547,1,OCILY19,1.8661470413208008,1.9593034944343968,2.037346601486206
AZD4547,1,P31FUJ,1.8291070461273193,1.9936450457881136,2.072065591812134
AZD4547,1,RL,3.0054049491882324,2.252151874234761,2.333413600921631
AZD4547,1,RPMI8226,1.8225769996643066,2.2630157014463887,2.3443968296051025
AZD4547,1,SUDHL5,1.2971669435501099,2.2325801472295854,2.313626766204834
AZD4547,1,SW1573,3.248431921005249,2.6764514549104725,2.762376546859741
AZD4547,1,WSUDLCL2,2.2152750492095947,2.0907403098828676,2.1702280044555664
AZD4547,2,A3KAW,1.3325179815292358,1.5869042593871983,1.6238338947296143
AZD4547,2,DMS273,3.1482839584350586,2.5932798832080923,2.6132638454437256
AZD4547,2,DMS79,2.963188886642456,2.9440162060603376,2.958094358444214
AZD4547,2,EBC1,2.6496500968933105,2.4989570703890833,2.520529270172119
AZD4547,2,EJM,2.1546149253845215,2.3187895537938776,2.343395471572876
AZD4547,2,HCC15,2.931615114212036,3.0605725633855467,3.072688102722168
AZD4547,2,HCC366,3.4785780906677246,2.92101053549389,2.935476064682007
AZD4547,2,HL60,2.500063896179199,2.037837276161253,2.067173957824707
AZD4547,2,K562,2.1895670890808105,2.504411180697195,2.5258915424346924
AZD4547,2,KCL22,1.840343952178955,1.9518140909841954,1.9825992584228516
AZD4547,2,KMS11,1.0937490463256836,2.4049029496789793,2.4280588626861572
AZD4547,2,KOPN8,1.3361819982528687,1.5552124131448684,1.5926756858825684
AZD4547,2,KU812,1.923967957496643,2.278398436772885,2.3036844730377197
AZD4547,2,L540,2.23764705657959,1.818417431483159,1.8514487743377686
AZD4547,2,LOUCY,1.2519429922103882,1.4044686224900154,1.4444701671600342
AZD4547,2,LOUNH91,2.243230104446411,2.7152367579207746,2.7331671714782715
AZD4547,2,MM1S,1.49898099899292,1.8464957568637583,1.879054307937622
AZD4547,2,NAMALWA,1.8077260255813599,1.9210735797086846,1.952376365661621
AZD4547,2,NB4,1.7879199981689453,1.3371311789732336,1.3782665729522705
AZD4547,2,NCIH1105,4.168700695037842,2.104458369055556,2.1326732635498047
AZD4547,2,NCIH1155,1.66115403175354,2.856546497029832,2.8720974922180176
AZD4547,2,NCIH1436,3.898542881011963,2.625741430491636,2.64517879486084
AZD4547,2,NCIH146,3.6644461154937744,2.803017354391367,2.819469690322876
AZD4547,2,NCIH1792,2.1023809909820557,2.7433456385411956,2.760802745819092
AZD4547,2,NCIH1876,1.3425140380859375,2.643127361949988,2.6622719764709473
AZD4547,2,NCIH1915,2.927583932876587,2.816465539943217,2.8326914310455322
AZD4547,2,NCIH196,2.331387996673584,2.414844800210377,2.437833309173584
AZD4547,2,NCIH2009,3.064819097518921,2.9355380970175244,2.949759006500244
AZD4547,2,NCIH2081,5.0257768630981445,2.738599633790848,2.756136655807495
AZD4547,2,NCIH2085,3.861989974975586,2.4742713466362676,2.4962592124938965
AZD4547,2,NCIH2444,5.341189861297607,2.794006468666907,2.81061053276062
AZD4547,2,NCIH292,2.5116748809814453,2.6517786173517885,2.6707775592803955
AZD4547,2,NCIH460,2.19392991065979,2.7428228044375857,2.760288715362549
AZD4547,2,NCIH841,3.4817728996276855,2.463249877631182,2.4854233264923096
AZD4547,2,PL21,2.7906649112701416,1.5199721578018561,1.5580288171768188
AZD4547,2,RCHACV,1.4299429655075073,1.6811744492931817,1.7165167331695557
AZD4547,2,REH,1.8192709684371948,1.5961023565810397,1.6328771114349365
AZD4547,2,RERFLCMS,2.5291736125946045,2.688109525005091,2.7064967155456543
AZD4547,2,SUDHL6,1.555325984954834,1.63592262412156,1.6720268726348877
AZD4547,2,SW1271,3.085047960281372,2.5293602615170423,2.5504205226898193
AZD4547,2,THP1,3.559900999069214,1.9509585442691977,1.9817581176757812
AZD4547,3,697,0.48870399594306946,1.5297604434758858,1.4635593891143799
AZD4547,3,A549,2.901984930038452,2.9951129558353853,3.0606157779693604
AZD4547,3,CALU3,3.7061989307403564,2.790144866154956,2.8372254371643066
AZD4547,3,CMK,2.242482900619507,2.354898064421906,2.3628592491149902
AZD4547,3,CORL105,3.7773630619049072,2.5445170692226893,2.569520950317383
AZD4547,3,CORL23,2.332932949066162,2.6791672526682713,2.716273307800293
AZD4547,3,DB,2.8353540897369385,2.0914122585811374,2.0756916999816895
AZD4547,3,EPLC272H,2.4786529541015625,2.8038036156983943,2.85211181640625
AZD4547,3,GDM1,-0.5668129920959473,1.5572375257939985,1.4935060739517212
AZD4547,3,HARA,1.8867249488830566,2.6962064541271253,2.7348439693450928
AZD4547,3,HCC44,2.727031946182251,2.9806161482263316,3.044816017150879
AZD4547,3,HEL,2.659820079803467,2.114281771594361,2.100616693496704
AZD4547,3,JM1,2.4360299110412598,1.9537035241451075,1.9256058931350708
AZD4547,3,JVM2,1.8305519819259644,2.0077278621543693,1.9844858646392822
AZD4547,3,JVM3,2.416224956512451,1.7596756907736069,1.7141391038894653
AZD4547,3,KMH2,2.4132659435272217,1.7127472829401242,1.6629928350448608
AZD4547,3,KMS12BM,0.6054369807243347,1.7308165017317771,1.6826860904693604
AZD4547,3,L363,2.023293972015381,2.0032063737288377,1.979557991027832
AZD4547,3,LCLC97TM1,2.3239810466766357,2.659467309822812,2.694802761077881
AZD4547,3,MOLM16,1.9465210437774658,2.331657539537295,2.3375298976898193
AZD4547,3,NALM6,2.1569559574127197,1.5213111731218425,1.4543507099151611
AZD4547,3,NCIH1092,3.240662097930908,2.6876788687672115,2.7255499362945557
AZD4547,3,NCIH1568,2.5771849155426025,3.4175320658666246,3.5210013389587402
AZD4547,3,NCIH2228,4.315013885498047,2.7311859171263455,2.7729673385620117
AZD4547,3,NCIH2342,3.491331100463867,3.1614096206336932,3.241858959197998
AZD4547,3,NCIH2405,3.369961977005005,2.6646459442752577,2.700446844100952
AZD4547,3,NCIH358,3.0365068912506104,2.950082264973768,3.011537790298462
AZD4547,3,NCIH441,3.232403039932251,2.7121881842497264,2.7522621154785156
AZD4547,3,NCIH446,1.4608885049819946,2.213789080561993,2.2090675830841064
AZD4547,3,NCIH661,2.9201669692993164,2.6518698792253614,2.6865224838256836
AZD4547,3,NCIH727,3.6082749366760254,2.993265990487436,3.058602809906006
AZD4547,3,OCIM1,1.576882004737854,2.3233242103930603,2.3284475803375244
AZD4547,3,PF382,2.181166887283325,1.7973938820298032,1.7552473545074463
AZD4547,3,RPMI8402,1.3445830345153809,1.72960393168278,1.6813645362854004
AZD4547,3,RS411,0.41328999400138855,1.6623527798258668,1.6080689430236816
AZD4547,3,SIGM5,2.9784460067749023,2.0589327505737876,2.040292978286743
AZD4547,3,SKLU1,2.1256580352783203,2.9998247628506025,3.065751075744629
AZD4547,3,SKM1,1.5478500127792358,2.2403011163761994,2.237962484359741
AZD4547,3,SKMM2,2.488703489303589,1.9939941883385546,1.9695178270339966
AZD4547,3,SUDHL10,1.7634689807891846,1.933279058116845,1.9033457040786743
AZD4547,3,SUDHL8,2.037113904953003,1.9574063144994913,1.9296414852142334
AZD4547,4,ALLSIL,1.4291880130767822,1.734745599112866,1.6980136632919312
AZD4547,4,AMO1,1.70284903049469,1.7082643161101558,1.6697579622268677
AZD4547,4,CA46,2.5104310512542725,2.0182138431220187,2.000476121902466
AZD4547,4,CAL12T,3.063119411468506,2.8266843095266334,2.86311936378479
AZD4547,4,CMLT1,1.645980954170227,1.4179947040428322,1.36003839969635
AZD4547,4,CORL95,4.116774559020996,2.9668820711183783,3.0127112865448
AZD4547,4,DAUDI,1.9039649963378906,1.680208295804689,1.639822006225586
AZD4547,4,GA10,2.0824360847473145,1.9666916115122806,1.9455015659332275
AZD4547,4,GRANTA519,3.049222469329834,2.222971476925311,2.218953847885132
AZD4547,4,JEKO1,1.1032429933547974,2.1158777211339213,2.1046841144561768
AZD4547,4,KARPAS422,2.6088709831237793,1.8261165609619396,1.7955070734024048
AZD4547,4,KG1,-2.1283650398254395,2.0538738503422014,2.0385255813598633
AZD4547,4,L1236,2.7511401176452637,1.9389732184596644,1.9159258604049683
AZD4547,4,LAMA84,1.9660029411315918,2.0575629475920794,2.04246187210083
AZD4547,4,LP1,4.155786991119385,1.8048741982572687,1.7728413343429565
AZD4547,4,MHHCALL2,1.4475239515304565,2.200823486652272,2.195321798324585
AZD4547,4,MOLP8,1.953529953956604,2.4284354242602118,2.438185214996338
AZD4547,4,MONOMAC6,0.4588870108127594,2.215609370554083,2.2110984325408936
AZD4547,4,NCIH1651,3.097343921661377,2.862340071268455,2.9011642932891846
AZD4547,4,NCIH1793,3.4539709091186523,2.871351881152453,2.9107799530029297
AZD4547,4,NCIH1963,2.307018995285034,2.7859085008808933,2.8196113109588623
AZD4547,4,NCIH2029,4.545312881469727,2.7419957306184948,2.7727560997009277
AZD4547,4,NCIH2030,2.4611239433288574,2.6924916653540563,2.7199349403381348
AZD4547,4,NCIH2087,3.4557530879974365,2.605610632041569,2.627232313156128
AZD4547,4,NCIH2172,4.34636116027832,2.7477311484385956,2.7788758277893066
AZD4547,4,NCIH2196,4.469573974609375,2.8030030312264196,2.8378512859344482
AZD4547,4,NCIH2227,1.3790149688720703,2.753071066432392,2.784573554992676
AZD4547,4,NCIH2291,4.5974578857421875,3.283320141467042,3.3503527641296387
AZD4547,4,NCIH2347,2.9126689434051514,3.139983407242572,3.19741153717041
AZD4547,4,NCIH524,2.2886509895324707,2.897809478854831,2.9390103816986084
AZD4547,4,NCIH526,2.4125308990478516,2.56174299791754,2.580425262451172
AZD4547,4,NCIH810,2.592067003250122,3.121980344527694,3.1782021522521973
AZD4547,4,NCIH838,1.819025993347168,2.742171135908692,2.7729432582855225
AZD4547,4,NCIH929,1.2795170545578003,1.8713475522555707,1.843768835067749
AZD4547,4,NUDUL1,2.516282081604004,1.9675514326035906,1.9464190006256104
AZD4547,4,RERFLCKJ,2.5728819370269775,2.86019543435723,2.8988759517669678
AZD4547,4,SBC5,1.99337899684906,2.376709186242894,2.38299298286438
AZD4547,4,SHP77,2.1913180351257324,2.7153041847137778,2.7442760467529297
AZD4547,4,SUPB15,1.4248549938201904,1.9774223932402104,1.956951379776001
AZD4547,4,SUPT1,2.322772979736328,1.9735877207717807,1.9528597593307495
AZD4547,5,ABC1,3.708970069885254,2.3447366539368715,2.389178514480591
AZD4547,5,BV173,1.9991810321807861,1.132894517685727,1.2461028099060059
AZD4547,5,CHAGOK1,3.841629981994629,2.8725309974228357,2.8870229721069336
AZD4547,5,CORL279,2.8321990966796875,3.1653957895835245,3.16326904296875
AZD4547,5,CORL311,2.4072461128234863,2.6132362358502728,2.642441987991333
AZD4547,5,DMS114,1.3231689929962158,2.8155335022409504,2.8332598209381104
AZD4547,5,DMS53,2.744709014892578,3.053785857976273,3.057992458343506
AZD4547,5,HCC33,3.4866819381713867,2.665387279506353,2.691633701324463
AZD4547,5,HDLM2,1.4424749612808228,2.211841412564336,2.263824462890625
AZD4547,5,HT,3.6296210289001465,1.8376765998591313,1.9108917713165283
AZD4547,5,IALM,2.214601993560791,2.4934669060108057,2.5294690132141113
AZD4547,5,KNS62,3.380126953125,3.241899405405308,3.235431432723999
AZD4547,5,L428,2.307478904724121,2.399826051561215,2.4411418437957764
AZD4547,5,LCLC103H,2.7740979194641113,2.893268825493904,2.9065840244293213
AZD4547,5,LXF289,1.7308369874954224,2.9134753486151834,2.9256439208984375
AZD4547,5,ME1,2.655673027038574,1.6333294366355402,1.7181403636932373
AZD4547,5,MOLM13,-0.8373399972915649,2.128024391691565,2.1847636699676514
AZD4547,5,MOLT13,1.6084890365600586,1.731126703356453,1.8103880882263184
AZD4547,5,NCIH1048,1.6267340183258057,2.5573703544934125,2.5897462368011475
AZD4547,5,NCIH1435,2.5752499103546143,2.563388103420416,2.5954225063323975
AZD4547,5,NCIH1437,3.614901542663574,2.4692910142256457,2.506664991378784
AZD4547,5,NCIH1623,3.2867588996887207,3.1565117237532863,3.1548891067504883
AZD4547,5,NCIH1648,2.9037530422210693,3.0598695776891445,3.0637309551239014
AZD4547,5,NCIH2066,3.276052951812744,2.5839967702976963,2.6148617267608643
AZD4547,5,NCIH2122,2.439021110534668,2.701129796318756,2.7253479957580566
AZD4547,5,NCIH2171,2.0691490173339844,2.950412669660531,2.9604852199554443
AZD4547,5,NCIH522,2.4243030548095703,2.9849333367454,2.993046998977661
AZD4547,5,NCIH647,2.129676103591919,3.0367616037978267,3.0419342517852783
AZD4547,5,NCIH69,2.532352924346924,2.9198252263262128,2.931633472442627
AZD4547,5,NOMO1,1.5628410577774048,2.2709588195511095,2.319587230682373
AZD4547,5,OCIAML3,2.661294937133789,2.1012870135309742,2.159543514251709
AZD4547,5,OCIAML5,1.6084140539169312,2.2651248283303365,2.31408429145813
AZD4547,5,OPM2,-0.3870930075645447,1.5537281006367198,1.643056035041809
AZD4547,5,P12ICHIKAWA,1.932239055633545,1.6413792627004233,1.7257333993911743
AZD4547,5,RAJI,2.342298984527588,1.7590419507206656,1.836719274520874
AZD4547,5,SKMES1,2.838963031768799,2.9358652267109027,2.946763277053833
AZD4547,5,ST486,1.6886709928512573,1.7982265754332671,1.8736803531646729
AZD4547,5,SUDHL1,1.9443830251693726,2.234674887323651,2.2853622436523438
AZD4547,5,SUDHL4,2.362746000289917,1.2560936964862566,1.3623110055923462
AZD4547,5,SUPM2,1.5075730085372925,1.78496000205217,1.8611665964126587
AZD6738,1,ALLSIL,0.17643749713897705,0.7532305496802542,0.579932689666748
AZD6738,1,BV173,-0.7047309875488281,0.8244544162221954,0.6662682890892029
AZD6738,1,CAL12T,1.0045645236968994,1.98881181573256,2.077670097351074
AZD6738,1,CALU6,1.3668605089187622,1.8663765950784312,1.9292575120925903
AZD6738,1,CORL311,2.8388960361480713,2.5545757777149944,2.7634735107421875
AZD6738,1,DB,1.6777969598770142,1.3473467510603823,1.3001039028167725
AZD6738,1,DMS114,2.2964999675750732,2.114686994284045,2.230252504348755
AZD6738,1,DMS53,3.564784049987793,2.558340760937567,2.7680373191833496
AZD6738,1,EHEB,-0.3195120096206665,2.3164943827913125,2.4748778343200684
AZD6738,1,EJM,1.1156140565872192,1.925109408921504,2.0004518032073975
AZD6738,1,GDM1,1.8261854648590088,0.5821600341821356,0.37256574630737305
AZD6738,1,HCC366,2.6134583950042725,2.109029685098439,2.2233948707580566
AZD6738,1,HT,1.1944324970245361,0.8730177236114018,0.7251353859901428
AZD6738,1,IALM,4.314212322235107,1.864456142869404,1.9269295930862427
AZD6738,1,KNS62,1.8668899536132812,2.281559815082751,2.4325311183929443
AZD6738,1,L1236,1.0939569473266602,0.8519644909080906,0.6996152400970459
AZD6738,1,L540,-0.05602150037884712,0.9458080548712605,0.8133698105812073
AZD6738,1,MEG01,0.11302199959754944,1.755748300443936,1.7951569557189941
AZD6738,1,MOLM16,0.18286849558353424,1.6368912103291995,1.6510816812515259
AZD6738,1,NB4,-0.8817154765129089,0.3032377442851295,0.03446386754512787
AZD6738,1,NCIH1437,2.116534471511841,1.9895277565396945,2.078537940979004
AZD6738,1,NCIH1568,1.0069210529327393,1.8064437936352689,1.8566086292266846
AZD6738,1,NCIH1876,0.70084547996521,2.247104573678307,2.390765428543091
AZD6738,1,NCIH1944,1.3782689571380615,1.6307031411798434,1.643580675125122
AZD6738,1,NCIH2029,4.211040496826172,2.236110555174027,2.37743878364563
AZD6738,1,NCIH2030,1.9238004684448242,2.031670510704261,2.129622220993042
AZD6738,1,NCIH2081,3.7256875038146973,2.3789008187292344,2.550525188446045
AZD6738,1,NCIH2087,2.9924545288085938,1.6707538336974088,1.6921290159225464
AZD6738,1,NCIH209,1.4438644647598267,2.50706386087099,2.705880880355835
AZD6738,1,NCIH2110,1.048985481262207,2.374514894537397,2.545208692550659
AZD6738,1,NCIH2172,3.7054638862609863,2.3233495160196234,2.483187437057495
AZD6738,1,NCIH358,3.029677391052246,2.439138583420051,2.6235437393188477
AZD6738,1,NCIH647,0.0005530000198632479,2.5694264356001235,2.781475067138672
AZD6738,1,NCIH69,2.7924225330352783,2.485907613333136,2.6802358627319336
AZD6738,1,NCIH810,2.1201789379119873,2.111342724629181,2.226198673248291
AZD6738,1,NCIH929,2.0054171085357666,1.8780928483749635,1.9434596300125122
AZD6738,1,P31FUJ,0.6963974833488464,0.7449528774718334,0.5698987245559692
AZD6738,1,SIGM5,-0.6463410258293152,1.3123683221430322,1.2577040195465088
AZD6738,1,SKM1,1.069219946861267,0.993651881086704,0.8713647723197937
AZD6738,1,SUPT1,1.2353365421295166,0.7405118809102164,0.5645154714584351
AZD6738,1,SW1573,2.984714984893799,1.7034367282301257,1.7317463159561157
AZD6738,2,A3KAW,-0.7043225169181824,1.3946990085192712,1.34322988986969
AZD6738,2,DMS79,2.847787618637085,2.181484681081092,2.2787303924560547
AZD6738,2,EBC1,2.1527960300445557,1.4060687578703996,1.3567487001419067
AZD6738,2,GA10,0.34358200430870056,1.3521476684355067,1.2926356792449951
AZD6738,2,HARA,0.642550528049469,1.504583860251389,1.4738847017288208
AZD6738,2,HDLM2,1.8844770193099976,1.474109495118581,1.437650203704834
AZD6738,2,JEKO1,-0.510579526424408,1.3084879672791458,1.2407236099243164
AZD6738,2,JM1,0.11236400157213211,1.280541828393978,1.2074952125549316
AZD6738,2,JURKAT,0.48604100942611694,1.342931177406961,1.2816771268844604
AZD6738,2,JVM2,1.0393714904785156,1.3533740341198124,1.2940938472747803
AZD6738,2,K562,0.7380895018577576,1.3184938961263821,1.252620816230774
AZD6738,2,KARPAS422,2.313321590423584,1.1338902687631338,1.0331242084503174
AZD6738,2,KCL22,-0.0008329999982379377,1.3650645113833098,1.30799400806427
AZD6738,2,LAMA84,1.4872064590454102,0.5628432691476759,0.35414037108421326
AZD6738,2,LOUNH91,2.9820713996887207,2.4197830135009504,2.562070846557617
AZD6738,2,LU65,2.6283628940582275,1.7547860206685737,1.771378993988037
AZD6738,2,MM1S,1.2886489629745483,1.1548749376278824,1.0580753087997437
AZD6738,2,MOLM13,-0.49896299839019775,1.1495331485778655,1.051723837852478
AZD6738,2,NCIH1092,4.164103031158447,2.350333339287306,2.479494094848633
AZD6738,2,NCIH1436,1.5984630584716797,2.189736582161248,2.2885420322418213
AZD6738,2,NCIH1781,3.200416088104248,2.3893937680923063,2.525937557220459
AZD6738,2,NCIH1793,2.6663544178009033,2.2855061974674316,2.4024136066436768
AZD6738,2,NCIH1836,2.7115468978881836,2.0288067652899926,2.097193956375122
AZD6738,2,NCIH1915,3.2232980728149414,1.895450926625345,1.9386317729949951
AZD6738,2,NCIH1975,2.1234335899353027,2.4858120578570784,2.640580415725708
AZD6738,2,NCIH2009,1.8969115018844604,2.551813230265836,2.7190568447113037
AZD6738,2,NCIH2023,0.8182024955749512,1.589794719667885,1.5752017498016357
AZD6738,2,NCIH2171,0.4763459861278534,2.2303624519239618,2.3368468284606934
AZD6738,2,NCIH2227,3.2481625080108643,2.3116496830658257,2.4334986209869385
AZD6738,2,NCIH2228,2.9651520252227783,2.083846442195438,2.1626369953155518
AZD6738,2,NCIH292,1.2669310569763184,2.0214198971663597,2.0884108543395996
AZD6738,2,NCIH446,1.8889504671096802,1.7277709852914298,1.7392576932907104
AZD6738,2,NCIH596,4.278252124786377,2.0348212909114363,2.1043453216552734
AZD6738,2,NCIH841,2.2309210300445557,2.2961332296022965,2.4150493144989014
AZD6738,2,OCIM1,-0.1447415053844452,1.2785546989087802,1.2051324844360352
AZD6738,2,RPMI8226,0.5361524820327759,1.8569606696357994,1.8928662538528442
AZD6738,2,SBC5,1.2160085439682007,1.8456320263941024,1.8793963193893433
AZD6738,2,SUDHL1,0.3328010141849518,1.0381254157501163,0.9192582964897156
AZD6738,2,SUDHL4,1.7710089683532715,0.7951155712483895,0.6303157806396484
AZD6738,2,THP1,1.2604949474334717,1.5315061562353036,1.505895733833313
AZD6738,2,WSUDLCL2,0.8521260023117065,1.5449210849188515,1.5218462944030762
AZD6738,3,697,-0.9059385061264038,0.5536514327712511,0.38612380623817444
AZD6738,3,A4FUK,0.7652465105056763,0.7681001252196022,0.6274933815002441
AZD6738,3,AMO1,1.6181869506835938,0.9059427293756331,0.7826400995254517
AZD6738,3,CHAGOK1,3.185234546661377,2.408739612210735,2.474091053009033
AZD6738,3,CMLT1,-0.07755699753761292,0.7969771003939861,0.659995436668396
AZD6738,3,CORL105,2.941679000854492,1.4567959707886726,1.4026448726654053
AZD6738,3,CORL95,4.325370788574219,1.784496316908565,1.7714831829071045
AZD6738,3,DAUDI,1.3148189783096313,0.5007294642943021,0.32655826210975647
AZD6738,3,GRANTA519,0.6172195076942444,1.2432302520124507,1.162269115447998
AZD6738,3,HCC827,2.727293014526367,2.3635493231130935,2.4232277870178223
AZD6738,3,HEL,-0.36108699440956116,0.898452585541867,0.7742096781730652
AZD6738,3,HH,3.446904420852661,0.6858944210935267,0.5349679589271545
AZD6738,3,HL60,2.237494945526123,0.8734051747121039,0.7460179328918457
AZD6738,3,KMS12BM,0.6660299897193909,1.44652808874612,1.3910880088806152
AZD6738,3,L363,0.7225105166435242,1.2042435235258337,1.1183881759643555
AZD6738,3,L428,1.6988810300827026,1.1061792447287615,1.008013367652893
AZD6738,3,LCLC103H,3.514478921890259,2.0902831772260098,2.115657091140747
AZD6738,3,LP1,3.5153019428253174,1.4153148754381917,1.3559564352035522
AZD6738,3,LXF289,2.0582094192504883,2.03235383426009,2.0504555702209473
AZD6738,3,NALM6,1.0749369859695435,0.6096788885232776,0.44918468594551086
AZD6738,3,NAMALWA,0.33536601066589355,0.6207876171766838,0.46168795228004456
AZD6738,3,NCIH1435,4.370843887329102,1.9458385661873796,1.9530795812606812
AZD6738,3,NCIH146,2.3035850524902344,2.7610074225150854,2.8705809116363525
AZD6738,3,NCIH1651,2.2819700241088867,2.3090850434700974,2.361926317214966
AZD6738,3,NCIH522,5.0352678298950195,2.1784459284870095,2.2148873805999756
AZD6738,3,NCIH838,0.9880045056343079,2.6921060851160146,2.793030023574829
AZD6738,3,OCIAML2,0.11028800159692764,1.0512207730859862,0.9461556673049927
AZD6738,3,OCIAML3,1.501869559288025,1.0563617043927287,0.951941967010498
AZD6738,3,P12ICHIKAWA,0.40828248858451843,0.8018616153202175,0.6654931306838989
AZD6738,3,PF382,1.685070514678955,0.6155589895613651,0.45580294728279114
AZD6738,3,PL21,1.032738447189331,0.5281422924037606,0.3574123680591583
AZD6738,3,RCHACV,-0.3228744864463806,0.9014274286181176,0.7775579690933228
AZD6738,3,REH,1.5485490560531616,0.762780200239558,0.621505618095398
AZD6738,3,RERFLCKJ,3.4666714668273926,2.481164265311614,2.555607557296753
AZD6738,3,RL,2.204025983810425,0.6788752212646934,0.5270676016807556
AZD6738,3,RPMI8402,-0.20849549770355225,0.9069651645384844,0.7837908864021301
AZD6738,3,SKMES1,2.0143699645996094,2.674275985160003,2.7729616165161133
AZD6738,3,ST486,1.1181919574737549,0.5528075146713288,0.3851739466190338
AZD6738,3,SUDHL10,1.8470574617385864,0.8948161013548968,0.7701166868209839
AZD6738,3,SUDHL6,2.6102354526519775,0.8901767759870639,0.764894962310791
AZD6738,3,SUDHL8,0.7716724872589111,0.6498023857054851,0.494345098733902
AZD6738,4,ABC1,2.6261894702911377,2.3114080163048234,2.3747525215148926
AZD6738,4,BL41,0.021541999652981758,1.1538581551399105,1.1791787147521973
AZD6738,4,CALU3,3.37562894821167,2.7842364103282327,2.863112688064575
AZD6738,4,COLO668,2.663038492202759,2.696409340197642,2.7724006175994873
AZD6738,4,CORL23,0.7955359816551208,1.8051805484694856,1.8518961668014526
AZD6738,4,CORL279,2.01835298538208,2.8267616981026085,2.9070348739624023
AZD6738,4,DMS273,1.5248420238494873,1.7397083224350929,1.7842732667922974
AZD6738,4,DOHH2,0.45718199014663696,0.9361690803314466,0.9543388485908508
AZD6738,4,EPLC272H,-0.11730899661779404,2.141275240684731,2.199031114578247
AZD6738,4,HCC44,2.4202630519866943,1.9181778531325395,1.9686052799224854
AZD6738,4,JURLMK1,-0.5871220231056213,1.3416759639657274,1.3731660842895508
AZD6738,4,JVM3,0.5164675116539001,1.0946861341788583,1.118062973022461
AZD6738,4,KMS11,1.3236769437789917,1.7039996197124063,1.7473915815353394
AZD6738,4,LCLC97TM1,0.8756744861602783,1.6938309506841476,1.7368888854980469
AZD6738,4,LOUCY,0.10247450321912766,1.048637020495016,1.0705012083053589
AZD6738,4,MHHCALL2,0.9302434921264648,0.45308317430071443,0.455384224653244
AZD6738,4,MOLT16,-0.7224940061569214,0.5143578509056101,0.5186716914176941
AZD6738,4,NCIH1048,2.31095290184021,2.1869285861643366,2.2461841106414795
AZD6738,4,NCIH1623,2.2654945850372314,2.607916539241143,2.6810009479522705
AZD6738,4,NCIH1648,0.5005205273628235,2.7580780825917817,2.836095094680786
AZD6738,4,NCIH1792,1.4547704458236694,2.3533100470646526,2.4180309772491455
AZD6738,4,NCIH196,3.354851007461548,2.2052689625790607,2.265126943588257
AZD6738,4,NCIH2066,4.155270099639893,2.127597057574747,2.184903621673584
AZD6738,4,NCIH211,1.8108395338058472,2.8136271336108676,2.8934688568115234
AZD6738,4,NCIH2122,0.3523294925689697,2.5309796158421323,2.601536750793457
AZD6738,4,NCIH2196,1.0512109994888306,2.375452522104042,2.4409008026123047
AZD6738,4,NCIH2347,2.8939599990844727,2.6718186192707414,2.747002124786377
AZD6738,4,NCIH2405,3.0755574703216553,2.6650662066079573,2.740027904510498
AZD6738,4,NCIH441,4.066784381866455,1.9984275029818315,2.0514910221099854
AZD6738,4,NCIH524,1.8941240310668945,2.8557558452552465,2.936981439590454
AZD6738,4,NCIH650,4.403629779815674,2.0993623606361305,2.1557414531707764
AZD6738,4,NCIH661,2.004040002822876,2.48180509906627,2.5507469177246094
AZD6738,4,NCIH82,1.705183506011963,2.0957488549673484,2.1520092487335205
AZD6738,4,NOMO1,1.2084925174713135,0.9295880633476631,0.9475416541099548
AZD6738,4,OCIAML5,1.1262710094451904,1.1095218440664143,1.1333860158920288
AZD6738,4,OPM2,2.0145390033721924,1.0970249638349272,1.120478630065918
AZD6738,4,RAJI,0.9185044765472412,1.1361165671310138,1.1608543395996094
AZD6738,4,RS411,0.8858014941215515,0.4631967889593549,0.4658300578594208
AZD6738,4,SUDHL5,-1.1179205179214478,1.2128610887812752,1.2401198148727417
AZD6738,4,SW1271,3.1590263843536377,2.1374399016859567,2.1950697898864746
AZD6738,5,A549,1.5073014497756958,1.9858196277082503,2.010603904724121
AZD6738,5,BEN,2.2092878818511963,2.4546771635596616,2.499602794647217
AZD6738,5,CA46,1.850820541381836,0.9696844006944483,0.9508171677589417
AZD6738,5,CMK,0.06447000056505203,1.9701782416713411,1.9942905902862549
AZD6738,5,CORL88,3.3494346141815186,2.728936453682567,2.7856438159942627
AZD6738,5,DND41,-0.003410999896004796,0.34647293293004644,0.3008335530757904
AZD6738,5,EM2,0.5577495098114014,1.0099259427547693,0.9927874207496643
AZD6738,5,HCC15,3.7673819065093994,2.547678751431283,2.596599578857422
AZD6738,5,HCC33,1.1500120162963867,2.436810601022405,2.480968713760376
AZD6738,5,HCC78,0.9330620169639587,2.381763428553413,2.4235568046569824
AZD6738,5,KG1,1.5331079959869385,1.4354726034273022,1.4366148710250854
AZD6738,5,KMH2,1.4845105409622192,0.9449801752646482,0.9250516891479492
AZD6738,5,KOPN8,-0.22894249856472015,0.26502847837872723,0.21589037775993347
AZD6738,5,KU812,0.4459789991378784,0.9921399611417342,0.9742373824119568
AZD6738,5,ME1,2.8849334716796875,0.8569964358387717,0.833288311958313
AZD6738,5,MOLP8,1.0979715585708618,1.2380469388016777,1.230708122253418
AZD6738,5,MOLT13,0.8692175149917603,0.5268383014573627,0.4889471232891083
AZD6738,5,MONOMAC6,0.7173255085945129,2.0202614006099195,2.046525239944458
AZD6738,5,NCIH1105,2.7776060104370117,2.0738786902959165,2.1024458408355713
AZD6738,5,NCIH1155,1.0366275310516357,2.674292300133866,2.728652238845825
AZD6738,5,NCIH1341,1.2578929662704468,2.0759534490710507,2.104609727859497
AZD6738,5,NCIH1650,1.7414774894714355,2.532755164265453,2.5810348987579346
AZD6738,5,NCIH1963,1.95318603515625,2.087533556527194,2.116687297821045
AZD6738,5,NCIH2085,3.4005041122436523,2.1593703646284568,2.191610097885132
AZD6738,5,NCIH2170,2.1767799854278564,2.5462422392956565,2.5951013565063477
AZD6738,5,NCIH2291,2.6754939556121826,2.59187641682374,2.642695903778076
AZD6738,5,NCIH23,1.329703450202942,2.5019730226144583,2.5489304065704346
AZD6738,5,NCIH2342,3.238299608230591,2.505316045127411,2.552417039871216
AZD6738,5,NCIH2444,4.633522033691406,2.124759200337147,2.1555120944976807
AZD6738,5,NCIH460,0.11764950305223465,2.3089505054268287,2.347615957260132
AZD6738,5,NCIH526,4.72439432144165,2.3236873277271575,2.362985849380493
AZD6738,5,NCIH727,2.624948024749756,2.5241936982400768,2.572105646133423
AZD6738,5,NUDUL1,-0.3712719976902008,0.7952493881426959,0.7688887119293213
AZD6738,5,OCILY19,0.36840951442718506,1.07099388185331,1.05647873878479
AZD6738,5,RERFLCMS,0.9461255073547363,2.3472030130994854,2.387511730194092
AZD6738,5,SHP77,2.7974069118499756,2.4044625605602965,2.4472310543060303
AZD6738,5,SKLU1,2.669049024581909,2.7171298052451367,2.773329973220825
AZD6738,5,SKMM2,4.139801979064941,1.56887838109707,1.575751543045044
AZD6738,5,SUPB15,0.7500579953193665,0.24798841323586196,0.19811829924583435
AZD6738,5,SUPM2,-0.8526710271835327,1.0831966912600337,1.0692057609558105
AZD7762,1,A4FUK,-2.3888819217681885,-1.3854662459253082,-1.423261046409607
AZD7762,1,A549,-0.12730549275875092,-0.39806993381663586,-0.35429835319519043
AZD7762,1,ALLSIL,-1.8254300355911255,-1.3757450196060783,-1.4127367734909058
AZD7762,1,BEN,1.0605854988098145,0.3494912304613835,0.45501700043678284
AZD7762,1,BV173,-2.203557014465332,-1.2395513920473817,-1.2652925252914429
AZD7762,1,CALU6,-0.1744520217180252,-0.015346005701141523,0.060041457414627075
AZD7762,1,CORL279,-0.02459000051021576,0.4157546883901972,0.5267543196678162
AZD7762,1,DMS273,0.042954981327056885,-0.651292111234382,-0.6284385919570923
AZD7762,1,DMS53,2.6741650104522705,0.3864972205860872,0.49507996439933777
AZD7762,1,EBC1,1.1209709644317627,-0.8076453581550344,-0.7977077960968018
AZD7762,1,EPLC272H,-1.9745060205459595,-0.1659586429686274,-0.10301291942596436
AZD7762,1,HCC33,-0.9953140020370483,0.2704428414629152,0.36943861842155457
AZD7762,1,HEL,-1.4511109590530396,-1.6430010035251104,-1.7020701169967651
AZD7762,1,L363,-2.292670965194702,-1.0574012847991066,-1.0680954456329346
AZD7762,1,L540,-1.8007160425186157,-1.0966780826553166,-1.1106168031692505
AZD7762,1,LXF289,-0.21095100045204163,0.06365057507632188,0.1455637514591217
AZD7762,1,MEG01,-2.18141508102417,-0.399744121158217,-0.3561108410358429
AZD7762,1,MOLM13,-5.885913848876953,-0.8768855314727556,-0.8726677298545837
AZD7762,1,MOLT13,-1.0760350227355957,-1.326589423561865,-1.3595205545425415
AZD7762,1,MONOMAC6,-4.958408832550049,-0.7556228570266892,-0.7413878440856934
AZD7762,1,NCIH1105,1.731855034828186,0.46959724921033863,0.5850446820259094
AZD7762,1,NCIH1623,0.4448375105857849,0.5217659805565255,0.6415229439735413
AZD7762,1,NCIH1650,-0.045037832111120224,0.26501470530423693,0.36356207728385925
AZD7762,1,NCIH1975,-0.06693550199270248,0.34157371203624715,0.44644543528556824
AZD7762,1,NCIH2081,1.3505229949951172,0.057130502204370076,0.13850507140159607
AZD7762,1,NCIH2110,-0.9992009997367859,-0.08617813939118692,-0.016641944646835327
AZD7762,1,NCIH2170,-0.19930832087993622,0.3401479123557326,0.44490185379981995
AZD7762,1,NCIH23,-0.29059600830078125,-0.12061857650154699,-0.05392742156982422
AZD7762,1,NCIH2342,1.1460859775543213,0.2740106715859559,0.3733011782169342
AZD7762,1,NCIH2444,0.8690288662910461,-0.012436101445272671,0.0631917417049408
AZD7762,1,NCIH292,0.1470779925584793,-0.09628052226091297,-0.02757886052131653
AZD7762,1,NCIH446,-0.0076385000720620155,-0.25200951039956293,-0.19617223739624023
AZD7762,1,NCIH522,1.9239089488983154,0.23285958332839585,0.32875069975852966
AZD7762,1,NCIH524,-0.4721109867095947,0.22112945332369616,0.31605157256126404
AZD7762,1,NOMO1,-1.8521690368652344,-1.2038400568822216,-1.2266311645507812
AZD7762,1,OCIAML3,-0.6532610058784485,-0.812235313275903,-0.8026769161224365
AZD7762,1,OCILY19,-1.487130045890808,-1.5082153923787196,-1.556150197982788
AZD7762,1,P12ICHIKAWA,-1.5209150314331055,-1.4048145518497206,-1.4442076683044434
AZD7762,1,SKM1,-1.9285449981689453,-1.4459130610944646,-1.4887012243270874
AZD7762,1,SUDHL1,-0.83120197057724,-1.2104388055754445,-1.233775019645691
AZD7762,1,SW1573,0.2412164956331253,-0.3592243113937944,-0.312243789434433
AZD7762,2,A3KAW,-1.8917920589447021,-0.6064365775308025,-0.5590403079986572
AZD7762,2,CA46,0.3622089922428131,-1.3227468257096269,-1.3699839115142822
AZD7762,2,CORL88,0.16750800609588623,-0.07539112329397404,0.04216275364160538
AZD7762,2,DMS79,1.2000420093536377,0.21042771418712553,0.3657417595386505
AZD7762,2,GDM1,-3.6933228969573975,-1.730098283814597,-1.8311514854431152
AZD7762,2,HCC44,0.0692640021443367,-0.18085103250561968,-0.07722970098257065
AZD7762,2,HCC78,-0.4348689913749695,0.14233315827361742,0.28865107893943787
AZD7762,2,HH,-0.3834860026836395,-1.2629516042629991,-1.3022890090942383
AZD7762,2,HT,-0.8063570261001587,-1.5156539267637748,-1.5883764028549194
AZD7762,2,IALM,1.1114405393600464,-0.3930016872189705,-0.3174080550670624
AZD7762,2,JEKO1,-3.3581349849700928,-1.1089798514560951,-1.1279757022857666
AZD7762,2,JURLMK1,-2.9631950855255127,-0.7211671963538964,-0.6889282464981079
AZD7762,2,JVM3,-2.2017290592193604,-1.7478548108610592,-1.851253867149353
AZD7762,2,KMS12BM,-1.7175190448760986,-1.6647243680417687,-1.757140874862671
AZD7762,2,L1236,-1.020179033279419,-1.0722574484704488,-1.0864018201828003
AZD7762,2,L428,-0.6053959727287292,-0.9867439512788778,-0.9895909428596497
AZD7762,2,LCLC103H,0.38009849190711975,-0.3493460349087797,-0.26798495650291443
AZD7762,2,LU65,2.16577410697937,-0.4037192982788206,-0.3295415937900543
AZD7762,2,MHHCALL2,-2.0316760540008545,-1.22439796169587,-1.2586419582366943
AZD7762,2,NCIH1048,0.07917849719524384,-0.6633755875089854,-0.6235016584396362
AZD7762,2,NCIH1836,2.1293981075286865,0.2153806217941755,0.3713490068912506
AZD7762,2,NCIH1915,0.5548091530799866,-0.35234484635440927,-0.2713799476623535
AZD7762,2,NCIH2009,0.0946694165468216,0.3472165777734558,0.5206021070480347
AZD7762,2,NCIH2023,-1.171610951423645,-0.2897773097153733,-0.2005464732646942
AZD7762,2,NCIH2029,2.4655349254608154,0.17320809348520289,0.3236049711704254
AZD7762,2,NCIH2030,0.018087130039930344,-0.10583149316988132,0.007700838148593903
AZD7762,2,NCIH2066,2.0141170024871826,0.040412897969529404,0.17326590418815613
AZD7762,2,NCIH209,-0.671908974647522,-0.004470049981481247,0.12245336920022964
AZD7762,2,NCIH2122,-1.8219759464263916,0.16832831542155696,0.31808051466941833
AZD7762,2,NCIH441,1.6463969945907593,-0.09882564079252609,0.015632249414920807
AZD7762,2,NCIH460,-0.25648948550224304,-0.09408943671366267,0.020994164049625397
AZD7762,2,NCIH727,-0.3054024875164032,0.35549501056378385,0.5299742221832275
AZD7762,2,NCIH841,0.3300822675228119,0.17253623883914165,0.32284435629844666
AZD7762,2,OCIAML2,-1.3338299989700317,-1.5644613948271497,-1.643631935119629
AZD7762,2,PF382,-0.947625994682312,-1.7369331846963203,-1.8388893604278564
AZD7762,2,PL21,-2.2342350482940674,-1.6593617454550424,-1.7510697841644287
AZD7762,2,RAJI,-1.477774977684021,-1.202532070270882,-1.2338873147964478
AZD7762,2,RERFLCMS,-0.4815559983253479,0.4154515487281869,0.5978517532348633
AZD7762,2,SUDHL5,-3.5534420013427734,-1.3646747464889701,-1.417451024055481
AZD7762,2,SUPT1,-1.083793044090271,-1.242046452872595,-1.278622031211853
AZD7762,2,THP1,-0.87534499168396,-1.2898815981083342,-1.3327767848968506
AZD7762,3,697,-2.325587034225464,-1.55742560035371,-1.581400752067566
AZD7762,3,ABC1,-0.16224592924118042,0.15408584373436968,0.10215277224779129
AZD7762,3,CAL12T,-0.6631850004196167,-0.4106981207240057,-0.45340532064437866
AZD7762,3,COLO668,0.26162976026535034,0.43045260358801085,0.3740050196647644
AZD7762,3,CORL105,0.3001917600631714,-0.22000214629988174,-0.26582440733909607
AZD7762,3,CORL95,1.2695850133895874,0.25756702506718865,0.20394356548786163
AZD7762,3,DB,0.31213098764419556,-1.4026435737766796,-1.4291471242904663
AZD7762,3,DND41,-1.9702539443969727,-1.0284612154314405,-1.0610771179199219
AZD7762,3,HARA,-2.310593605041504,-0.5798791503489132,-0.6198227405548096
AZD7762,3,HCC366,0.7503520846366882,0.33569570027135426,0.28079599142074585
AZD7762,3,HDLM2,0.110166996717453,-0.9230032077198607,-0.9573417901992798
AZD7762,3,HL60,-0.11007899791002274,-1.639458755903893,-1.6620938777923584
AZD7762,3,JM1,-1.7699240446090698,-1.9289511336159952,-1.9468573331832886
AZD7762,3,KNS62,0.08449459075927734,-0.19562943001025487,-0.24184982478618622
AZD7762,3,LCLC97TM1,-1.0588539838790894,-0.2163924125991628,-0.2622736394405365
AZD7762,3,ME1,1.266903042793274,-1.7731473631045407,-1.7935986518859863
AZD7762,3,MM1S,-0.7805814743041992,-1.0060708320429348,-1.0390524864196777
AZD7762,3,MOLP8,-1.169327974319458,-1.3227540081579514,-1.350562572479248
AZD7762,3,MOLT16,-2.076029062271118,-1.7925447432966903,-1.8126791715621948
AZD7762,3,NCIH1341,-1.2984850406646729,-0.4598530810212529,-0.5017573237419128
AZD7762,3,NCIH1435,1.6440634727478027,-0.546011810985816,-0.5865086317062378
AZD7762,3,NCIH1436,0.08582600206136703,0.33397215119824525,0.27910059690475464
AZD7762,3,NCIH1568,-0.2713640034198761,0.028647478339025943,-0.02123652957379818
AZD7762,3,NCIH1648,0.20794381201267242,0.22635572305894963,0.17324210703372955
AZD7762,3,NCIH1793,0.5533279776573181,0.30443186285858753,0.2500428557395935
AZD7762,3,NCIH1876,-1.1982879638671875,0.6759480039781949,0.615490198135376
AZD7762,3,NCIH196,0.5812180042266846,0.11376222809265926,0.062487851828336716
AZD7762,3,NCIH2172,1.276170015335083,0.2602508752832674,0.20658357441425323
AZD7762,3,NCIH69,0.8499169945716858,0.27571258412653854,0.22179271280765533
AZD7762,3,NCIH929,-0.45620501041412354,-1.0568426951480445,-1.0889949798583984
AZD7762,3,OCIAML5,-2.1156630516052246,-1.0553458905775221,-1.0875226259231567
AZD7762,3,RCHACV,-2.5272130966186523,-1.545677059969553,-1.569844126701355
AZD7762,3,RPMI8402,-1.9850800037384033,-0.946183561199286,-0.9801434874534607
AZD7762,3,SBC5,0.07717707753181458,-0.4102581442853949,-0.45297253131866455
AZD7762,3,SIGM5,-1.9227850437164307,-1.0208688496684533,-1.053608775138855
AZD7762,3,SKLU1,-0.5714398622512817,0.1572560251577601,0.10527116805315018
AZD7762,3,SKMM2,1.4058010578155518,-1.102890492269547,-1.1342905759811401
AZD7762,3,SUDHL10,-0.48174551129341125,-1.8399543405120282,-1.8593143224716187
AZD7762,3,SUDHL4,-1.0383720397949219,-1.4696912324145985,-1.4950995445251465
AZD7762,3,SUDHL8,-1.0073275566101074,-1.150141816732144,-1.1807700395584106
AZD7762,3,WSUDLCL2,-1.2391810417175293,-1.8469885100276002,-1.8662335872650146
AZD7762,4,BL41,-2.598510980606079,-1.5925300529114765,-1.587712287902832
AZD7762,4,CALU3,1.9975589513778687,0.3204260784694576,0.3041907250881195
AZD7762,4,CHAGOK1,0.7021999955177307,0.2735860874967875,0.257866233587265
AZD7762,4,CORL23,-0.9286245107650757,-0.6202224808687489,-0.6261054873466492
AZD7762,4,CORL311,0.7899389863014221,0.537468869772926,0.5188448429107666
AZD7762,4,DAUDI,-0.9212470054626465,-1.608688245464859,-1.603692650794983
AZD7762,4,DMS114,1.3587859869003296,0.19311684998555012,0.17828260362148285
AZD7762,4,EHEB,0.6107094883918762,-0.32617997108182045,-0.3352990746498108
AZD7762,4,EM2,-2.1438939571380615,-1.309956529431862,-1.3082486391067505
AZD7762,4,GA10,-2.2380740642547607,-1.2379808356570576,-1.237065076828003
AZD7762,4,GRANTA519,-0.658381998538971,-1.6071469535267444,-1.602168321609497
AZD7762,4,JVM2,-2.3354570865631104,-0.9316639792684135,-0.9341194033622742
AZD7762,4,K562,-0.882194995880127,-0.5877118522366634,-0.5939526557922363
AZD7762,4,KARPAS422,-1.0321799516677856,-1.5897850899563903,-1.584997534751892
AZD7762,4,KG1,-0.033385999500751495,-1.2748843331433406,-1.2735624313354492
AZD7762,4,KMS11,-1.218019962310791,-0.4337672590823532,-0.44170230627059937
AZD7762,4,LAMA84,-1.9916549921035767,-1.687691782084098,-1.6818267107009888
AZD7762,4,MOLM16,-1.8537859916687012,-1.3830029431790036,-1.3804911375045776
AZD7762,4,NALM6,-1.4447799921035767,-1.6243898482112828,-1.6192214488983154
AZD7762,4,NAMALWA,-2.0074410438537598,-1.8334850779864351,-1.8260154724121094
AZD7762,4,NCIH1092,2.523176908493042,0.30624762701543895,0.29016831517219543
AZD7762,4,NCIH1155,-0.43195000290870667,0.23992206636495003,0.22457270324230194
AZD7762,4,NCIH1437,0.20854587852954865,0.36786748307513184,0.3511100113391876
AZD7762,4,NCIH1781,-0.026419999077916145,0.1197205206603725,0.10569404065608978
AZD7762,4,NCIH2196,-0.5327320098876953,0.47627700638933085,0.45832642912864685
AZD7762,4,NCIH2227,0.37080198526382446,0.4705437185941928,0.45265623927116394
AZD7762,4,NCIH2291,1.7158019542694092,0.1891072248724361,0.1743171066045761
AZD7762,4,NCIH2347,0.3170536160469055,0.30091156512020373,0.2848909795284271
AZD7762,4,NCIH596,0.9130669832229614,0.07557908633981109,0.06203840672969818
AZD7762,4,NCIH647,-1.4801759719848633,0.5654888749749313,0.5465564727783203
AZD7762,4,NCIH650,0.4383549988269806,-0.20037084140864445,-0.210874542593956
AZD7762,4,NCIH661,-0.43529409170150757,0.344543494394827,0.3280427157878876
AZD7762,4,NCIH810,-0.07856699824333191,0.7153126486927591,0.6947313547134399
AZD7762,4,OPM2,-0.518775999546051,-0.9979332647430513,-0.9996593594551086
AZD7762,4,RL,0.22449399530887604,-2.167095771337374,-2.155954599380493
AZD7762,4,RPMI8226,-1.4477729797363281,-0.3625114958169235,-0.37123075127601624
AZD7762,4,RS411,-0.9800099730491638,-2.164590072048289,-2.1534764766693115
AZD7762,4,ST486,-1.080644965171814,-1.762075300036253,-1.7553915977478027
AZD7762,4,SUDHL6,-3.0900180339813232,-1.0756209717351353,-1.0764920711517334
AZD7762,4,SW1271,0.055750008672475815,-0.10479015974881702,-0.11634577810764313
AZD7762,5,AMO1,-1.2528489828109741,-1.1348840338942399,-1.1893254518508911
AZD7762,5,CMK,-0.9871764779090881,-0.5980570970754532,-0.6096394658088684
AZD7762,5,CMLT1,-2.0972750186920166,-1.888788434851222,-2.003419876098633
AZD7762,5,DOHH2,-2.0151960849761963,-1.6059804068699308,-1.698033094406128
AZD7762,5,EJM,-1.5851320028305054,-0.8338153111119211,-0.8642200827598572
AZD7762,5,HCC15,0.9041860103607178,0.27436993420478667,0.33244016766548157
AZD7762,5,HCC827,-0.48162850737571716,0.1396271881688719,0.18693986535072327
AZD7762,5,JURKAT,-1.1665840148925781,-1.298796708550415,-1.366324543952942
AZD7762,5,KCL22,-1.9230320453643799,-1.4843982464602563,-1.566744089126587
AZD7762,5,KMH2,-0.06969700008630753,-1.1806741241295597,-1.2387713193893433
AZD7762,5,KOPN8,-1.6748559474945068,-2.125869298065112,-2.2594287395477295
AZD7762,5,KU812,-2.099843978881836,-1.1556793555034646,-1.2117810249328613
AZD7762,5,LOUCY,-1.5843759775161743,-1.337420581549848,-1.4080320596694946
AZD7762,5,LOUNH91,-0.9002609848976135,0.09411198287235326,0.13779082894325256
AZD7762,5,LP1,2.6704208850860596,-1.0439607069922214,-1.091143012046814
AZD7762,5,NB4,-2.7893900871276855,-2.0671719800085913,-2.196045160293579
AZD7762,5,NCIH146,0.7324489951133728,0.8336305455065,0.9363508820533752
AZD7762,5,NCIH1651,0.016424840316176414,0.3962535848826807,0.46405473351478577
AZD7762,5,NCIH1792,-0.19083812832832336,0.38873343948864236,0.45593419671058655
AZD7762,5,NCIH1944,-0.40057724714279175,-0.6543455288640552,-0.670421838760376
AZD7762,5,NCIH1963,-0.15317800641059875,-0.39567330927288336,-0.3910978138446808
AZD7762,5,NCIH2085,0.19925999641418457,-0.08723766668082447,-0.05803736671805382
AZD7762,5,NCIH2087,0.9526119828224182,-0.31317183868061843,-0.30200961232185364
AZD7762,5,NCIH211,-0.5866090059280396,0.39183279477251826,0.45928099751472473
AZD7762,5,NCIH2171,0.15237200260162354,0.09857698640339518,0.1426123082637787
AZD7762,5,NCIH2228,0.2920129597187042,-0.2501673275428618,-0.23397496342658997
AZD7762,5,NCIH2405,2.124346971511841,0.6585511393926359,0.7472935318946838
AZD7762,5,NCIH358,-0.05875450000166893,0.6535707542002306,0.7419155240058899
AZD7762,5,NCIH526,0.9206330180168152,0.15917415681104174,0.20804741978645325
AZD7762,5,NCIH82,0.28003498911857605,-0.4260562642817183,-0.42390647530555725
AZD7762,5,NCIH838,-1.0030674934387207,0.2580147219283308,0.3147791922092438
AZD7762,5,NUDUL1,-3.121006965637207,-1.2297195585718588,-1.2917324304580688
AZD7762,5,OCIM1,-1.3764760494232178,-0.46154462745211217,-0.4622281491756439
AZD7762,5,P31FUJ,-2.2074599266052246,-1.5787032100873213,-1.6685781478881836
AZD7762,5,REH,-0.5744609832763672,-1.6079592472426278,-1.7001699209213257
AZD7762,5,RERFLCKJ,0.5628893375396729,0.5533261783794567,0.6336676478385925
AZD7762,5,SHP77,1.5568469762802124,0.13806630537782216,0.18525436520576477
AZD7762,5,SKMES1,-0.012991689145565033,0.3951918004082259,0.46290817856788635
AZD7762,5,SUPB15,-0.834663987159729,-1.3349906649281782,-1.4054081439971924
AZD7762,5,SUPM2,-2.5612740516662598,-1.4446007582863656,-1.5237692594528198
AZD8186,1,A3KAW,2.5974395275115967,2.660061658521451,2.702859878540039
AZD8186,1,A4FUK,1.7074074745178223,1.241158976739485,1.1062438488006592
AZD8186,1,CAL12T,2.214890956878662,2.1312721151010736,2.1078410148620605
AZD8186,1,CORL279,1.9001699686050415,2.9244918143754037,3.0004091262817383
AZD8186,1,DAUDI,2.1665775775909424,1.481559908879851,1.3767542839050293
AZD8186,1,DB,3.4257514476776123,0.38860496812281886,0.14690998196601868
AZD8186,1,DMS114,3.4755001068115234,2.755914549524718,2.810718059539795
AZD8186,1,DMS53,4.414656639099121,3.182182879950504,3.290375232696533
AZD8186,1,DOHH2,0.3144510090351105,1.726726258848981,1.6526269912719727
AZD8186,1,EHEB,-1.0553799867630005,2.0452267764724374,2.011018753051758
AZD8186,1,HARA,3.105501413345337,2.2020872283529207,2.187525510787964
AZD8186,1,HEL,3.575592041015625,2.7224589475360936,2.7730722427368164
AZD8186,1,HH,0.43111100792884827,2.463027066840228,2.481147289276123
AZD8186,1,L1236,2.0109429359436035,1.8754853309156854,1.820017695426941
AZD8186,1,L428,3.0341451168060303,2.318900880973996,2.3189697265625
AZD8186,1,MHHCALL2,2.242224931716919,2.2602810082170213,2.2530078887939453
AZD8186,1,MOLP8,1.334591031074524,2.374671376692991,2.381725311279297
AZD8186,1,NCIH146,3.767285108566284,3.416746275894157,3.554316997528076
AZD8186,1,NCIH1648,0.9330304861068726,3.104658339773859,3.2031409740448
AZD8186,1,NCIH1876,2.531646490097046,3.373760473891306,3.5059473514556885
AZD8186,1,NCIH1915,4.366180419921875,2.3626941618504156,2.3682479858398438
AZD8186,1,NCIH1944,1.442054033279419,2.1311428676298387,2.1076955795288086
AZD8186,1,NCIH2009,2.8821685314178467,2.530417122104348,2.5569777488708496
AZD8186,1,NCIH2029,4.244915008544922,3.5024201869538185,3.650721311569214
AZD8186,1,NCIH2081,2.7077815532684326,3.33929208024284,3.4671618938446045
AZD8186,1,NCIH2085,0.14362600445747375,2.4080456163390678,2.4192795753479004
AZD8186,1,NCIH2087,4.101546764373779,1.5161205767475348,1.415643572807312
AZD8186,1,NCIH2122,2.3990368843078613,2.8132860188382236,2.875275135040283
AZD8186,1,NCIH2347,2.9417595863342285,2.6839052743911003,2.729689836502075
AZD8186,1,NCIH292,0.6311309933662415,2.4668271543756366,2.4854233264923096
AZD8186,1,NCIH358,3.129828929901123,2.557979463166858,2.5879921913146973
AZD8186,1,NCIH460,2.015265941619873,2.630304864902251,2.6693761348724365
AZD8186,1,NCIH526,3.474736452102661,3.2449721490008594,3.3610286712646484
AZD8186,1,NCIH650,4.477086544036865,2.5698422622152255,2.6013407707214355
AZD8186,1,NCIH838,1.5183069705963135,2.4759960971137067,2.4957406520843506
AZD8186,1,NCIH929,0.13729450106620789,2.448776367790519,2.46511173248291
AZD8186,1,OCIAML2,2.4376604557037354,1.7948792979555879,1.729315996170044
AZD8186,1,RCHACV,-0.5809419751167297,2.084328586024127,2.0550179481506348
AZD8186,1,RERFLCKJ,2.303112030029297,3.019643802698597,3.107478618621826
AZD8186,1,SUDHL4,0.6790000200271606,0.8426221214645918,0.6577914357185364
AZD8186,1,SW1271,4.815106391906738,2.3707284812959224,2.377288579940796
AZD8186,2,CORL23,2.6792869567871094,1.8660768839638469,1.9312357902526855
AZD8186,2,DMS273,1.255884051322937,2.1106692900829245,2.167527914047241
AZD8186,2,DMS79,3.9341208934783936,2.9260391733983537,2.955228090286255
AZD8186,2,DND41,3.170036554336548,2.3798667671272504,2.4275901317596436
AZD8186,2,EJM,2.7237539291381836,1.434268365612272,1.5140807628631592
AZD8186,2,HCC366,2.619964599609375,2.7007731707954217,2.7376065254211426
AZD8186,2,JEKO1,1.0493954420089722,1.1588482358000225,1.24800705909729
AZD8186,2,JURLMK1,2.9710099697113037,2.4003032480666575,2.4473330974578857
AZD8186,2,K562,4.161289691925049,2.20797900277354,2.261535406112671
AZD8186,2,KARPAS422,0.0206300001591444,1.6614583707922934,1.7335610389709473
AZD8186,2,KCL22,2.971798896789551,1.8315814378105142,1.8979109525680542
AZD8186,2,KMS11,1.5974664688110352,2.497152937565419,2.54089617729187
AZD8186,2,KOPN8,2.1775639057159424,0.8624612039941317,0.9616779685020447
AZD8186,2,LCLC97TM1,2.6760189533233643,2.472678914019395,2.5172526836395264
AZD8186,2,LP1,3.491002082824707,2.1381914608620973,2.1941161155700684
AZD8186,2,LU65,4.872079849243164,2.8624103647233485,2.893758535385132
AZD8186,2,MEG01,3.8154189586639404,2.2897370194155036,2.3405189514160156
AZD8186,2,MM1S,0.8853570222854614,1.7421277810505296,1.811492919921875
AZD8186,2,MOLT13,3.2129669189453125,2.071064600297961,2.1292672157287598
AZD8186,2,MONOMAC6,0.4732314944267273,2.137603598607271,2.1935482025146484
AZD8186,2,NCIH1092,4.628054141998291,3.226458256654199,3.245452404022217
AZD8186,2,NCIH1437,3.02685809135437,2.3935196335417146,2.440779685974121
AZD8186,2,NCIH1650,1.5699604749679565,2.557048253297093,2.5987589359283447
AZD8186,2,NCIH1651,3.3331680297851562,3.1215685266274207,3.1441221237182617
AZD8186,2,NCIH1792,2.3520069122314453,2.796060657072919,2.829660415649414
AZD8186,2,NCIH1975,1.4676704406738281,2.6925625959189228,2.7296745777130127
AZD8186,2,NCIH209,4.2949323654174805,2.739143892791077,2.774675130844116
AZD8186,2,NCIH2110,2.1905195713043213,3.0526835087570783,3.0775747299194336
AZD8186,2,NCIH2172,4.466663360595703,2.4909707589409846,2.534923791885376
AZD8186,2,NCIH2196,2.4302399158477783,3.1873960191094155,3.2077157497406006
AZD8186,2,NCIH2228,1.987599492073059,2.393395743175668,2.440659999847412
AZD8186,2,NCIH2291,1.0764055252075195,2.713277459991598,2.7496864795684814
AZD8186,2,NCIH524,3.5060694217681885,3.065972848260812,3.0904130935668945
AZD8186,2,NOMO1,2.0686850547790527,1.732079211151856,1.8017853498458862
AZD8186,2,OCIAML3,1.7791839838027954,2.198514716623104,2.252392292022705
AZD8186,2,P31FUJ,3.798274040222168,2.3314409352036383,2.380807638168335
AZD8186,2,PF382,2.7385220527648926,2.0363743106306966,2.0957541465759277
AZD8186,2,SKM1,1.012900948524475,2.1194003525729537,2.1759626865386963
AZD8186,2,SUDHL5,-2.2024834156036377,1.5256748997956158,1.602385401725769
AZD8186,2,SUPM2,2.0395495891571045,1.3490725147092952,1.4317760467529297
AZD8186,2,SW1573,2.619699478149414,2.409743842035539,2.456453323364258
AZD8186,3,697,0.8415035009384155,1.6217836085035056,1.4531981945037842
AZD8186,3,ALLSIL,2.5339465141296387,1.9550851250590722,1.8734941482543945
AZD8186,3,BL41,2.350926399230957,1.3011436241097605,1.0488685369491577
AZD8186,3,BV173,3.767418384552002,1.8744532816287012,1.7718167304992676
AZD8186,3,CALU3,4.26453971862793,2.584559953366183,2.667267084121704
AZD8186,3,CORL88,4.328231334686279,3.0154167625218298,3.210581064224243
AZD8186,3,EM2,2.434560537338257,2.091228808566669,2.0451724529266357
AZD8186,3,EPLC272H,1.3796730041503906,2.5810555445317584,2.6628479957580566
AZD8186,3,GDM1,0.21086299419403076,1.954130133474358,1.8722898960113525
AZD8186,3,HCC33,3.7148170471191406,3.038451893135984,3.239628553390503
AZD8186,3,HCC827,3.3488705158233643,2.637771570196599,2.7343673706054688
AZD8186,3,HDLM2,3.322950601577759,2.535343192444187,2.6052043437957764
AZD8186,3,IALM,4.081694602966309,2.6404340511896596,2.737724781036377
AZD8186,3,JVM2,-0.1567395031452179,1.4035422233678956,1.1779940128326416
AZD8186,3,KG1,2.8243825435638428,2.2539528706007106,2.25036883354187
AZD8186,3,KU812,3.616758108139038,2.144429270278594,2.1122586727142334
AZD8186,3,L363,2.02720308303833,2.061475082434236,2.007652759552002
AZD8186,3,L540,3.510356903076172,2.691286833133737,2.8018505573272705
AZD8186,3,LOUCY,3.142220973968506,2.490267249320019,2.548363208770752
AZD8186,3,ME1,4.247966289520264,2.213597055156684,2.199479818344116
AZD8186,3,MOLM13,1.338947057723999,1.9800423393101707,1.9049654006958008
AZD8186,3,MOLT16,2.2085413932800293,2.2134130902364846,2.1992478370666504
AZD8186,3,NCIH1048,1.9524550437927246,2.8206614394851384,2.9649930000305176
AZD8186,3,NCIH1341,1.7137614488601685,2.4467770346498208,2.4935216903686523
AZD8186,3,NCIH1435,2.48116397857666,2.9782649239921906,3.1637322902679443
AZD8186,3,NCIH211,3.0775043964385986,2.8511234211068484,3.003405809402466
AZD8186,3,NCIH647,1.0013680458068848,2.63249879147664,2.7277183532714844
AZD8186,3,NCIH661,2.732034921646118,2.764277231327953,2.8938920497894287
AZD8186,3,NCIH810,4.4921956062316895,3.225866013786754,3.475959300994873
AZD8186,3,OPM2,3.374006509780884,1.8469823843210242,1.737175703048706
AZD8186,3,RAJI,2.6156725883483887,1.7527339226092147,1.6183276176452637
AZD8186,3,RL,0.730490505695343,0.9704304731837206,0.6318365335464478
AZD8186,3,RPMI8226,2.3812215328216553,1.8734003518850317,1.770488977432251
AZD8186,3,RS411,1.4436155557632446,1.558670595058576,1.3736121654510498
AZD8186,3,SBC5,2.117246389389038,2.674409138856822,2.7805676460266113
AZD8186,3,SKMES1,1.262223482131958,2.7780123963770844,2.911212205886841
AZD8186,3,SKMM2,3.591261386871338,1.8013146527074175,1.6795883178710938
AZD8186,3,SUDHL1,-0.4002940058708191,2.062518936827269,2.0089690685272217
AZD8186,3,SUDHL10,0.9645264744758606,1.4122238361358865,1.1889415979385376
AZD8186,3,SUPB15,3.1603310108184814,1.6334188697641532,1.4678703546524048
AZD8186,3,THP1,1.3240070343017578,2.3704535248644483,2.3972771167755127
AZD8186,4,ABC1,3.2477025985717773,2.663121537359786,2.655122756958008
AZD8186,4,BEN,3.882387399673462,3.288881101929394,3.224496603012085
AZD8186,4,CA46,1.8330285549163818,2.1633470344903682,2.2003817558288574
AZD8186,4,CMK,2.315537929534912,2.7561307189321793,2.739751100540161
AZD8186,4,COLO668,3.2252988815307617,3.7605880600164627,3.6536991596221924
AZD8186,4,CORL105,2.190908908843994,2.510956066856208,2.5166685581207275
AZD8186,4,CORL311,3.030428886413574,3.0380888008319062,2.996302604675293
AZD8186,4,EBC1,0.43861299753189087,2.638793938679592,2.6329872608184814
AZD8186,4,HCC15,3.100399971008301,2.4124882881283396,2.4270734786987305
AZD8186,4,HCC78,0.35916998982429504,3.030471605204522,2.9893717765808105
AZD8186,4,HT,-1.0602965354919434,1.3852533834768233,1.4924002885818481
AZD8186,4,JM1,2.2642478942871094,1.6418053535487018,1.7258349657058716
AZD8186,4,JURKAT,1.379220962524414,2.430342449657707,2.4433188438415527
AZD8186,4,JVM3,1.7251734733581543,2.0635780175965004,2.109602689743042
AZD8186,4,KMH2,2.8623545169830322,1.6066664204486287,1.6938623189926147
AZD8186,4,LCLC103H,3.373650074005127,2.4497095691352175,2.4609408378601074
AZD8186,4,MOLM16,0.7585185170173645,2.604654123808869,2.601923704147339
AZD8186,4,NAMALWA,1.7399364709854126,1.389801559366136,1.4965386390686035
AZD8186,4,NCIH1105,4.100978374481201,3.153853928543281,3.1016364097595215
AZD8186,4,NCIH1155,2.7112374305725098,3.0773143449744524,3.0319936275482178
AZD8186,4,NCIH1836,3.8592374324798584,3.1575241748161664,3.104975938796997
AZD8186,4,NCIH196,2.4138150215148926,3.0220195838024955,2.9816813468933105
AZD8186,4,NCIH2023,2.158281087875366,2.4293614114592574,2.4424262046813965
AZD8186,4,NCIH2030,1.2671184539794922,2.6191687202102347,2.6151304244995117
AZD8186,4,NCIH2170,2.2146453857421875,3.1569306781496365,3.104435920715332
AZD8186,4,NCIH23,3.4515790939331055,3.0471786018746982,3.004573345184326
AZD8186,4,NCIH2342,2.3645989894866943,2.9898499682411055,2.9524104595184326
AZD8186,4,NCIH2444,3.6285200119018555,2.497084752713708,2.504047155380249
AZD8186,4,NCIH441,4.199958324432373,2.6226993047951463,2.618342876434326
AZD8186,4,NCIH446,0.42914000153541565,2.8000549748734955,2.779717445373535
AZD8186,4,NCIH727,5.37969970703125,3.315235498276524,3.248476266860962
AZD8186,4,NCIH841,3.202908515930176,2.779922729450613,2.761399269104004
AZD8186,4,NUDUL1,0.750544011592865,1.4885360840571513,1.586376428604126
AZD8186,4,OCILY19,2.1444039344787598,0.8560664697584044,1.010897159576416
AZD8186,4,OCIM1,2.7499001026153564,2.516616164645927,2.5218186378479004
AZD8186,4,PL21,1.343330979347229,2.0881513998851737,2.1319618225097656
AZD8186,4,RERFLCMS,1.2784265279769897,2.6811866325829974,2.671560049057007
AZD8186,4,SHP77,3.7373745441436768,3.1603391570186083,3.107537269592285
AZD8186,4,SUDHL6,-2.0774528980255127,1.0940706863908471,1.2274553775787354
AZD8186,4,SUPT1,3.515925407409668,2.688281341520289,2.6780154705047607
AZD8186,5,A549,1.6507869958877563,2.305098134546603,2.228942632675171
AZD8186,5,AMO1,2.1252200603485107,2.083790319257395,2.0119640827178955
AZD8186,5,CALU6,4.746024131774902,3.3842882209607144,3.2870213985443115
AZD8186,5,CHAGOK1,2.1303324699401855,3.028051004740779,2.9377529621124268
AZD8186,5,CMLT1,3.340017080307007,2.0717679594492004,2.0001769065856934
AZD8186,5,CORL95,2.776865005493164,2.633906355953428,2.551318645477295
AZD8186,5,GA10,0.5001760125160217,0.4773449544311674,0.43694430589675903
AZD8186,5,GRANTA519,3.564399480819702,1.2336044351295885,1.1784096956253052
AZD8186,5,HCC44,0.9996864795684814,2.238566012609616,2.1637120246887207
AZD8186,5,HL60,1.647017002105713,1.3148889280478662,1.2581040859222412
AZD8186,5,KMS12BM,2.080789089202881,2.4758006155692405,2.396305799484253
AZD8186,5,KNS62,3.464350461959839,2.8207882841226186,2.7345447540283203
AZD8186,5,LAMA84,3.5247550010681152,2.6255766180366034,2.54315185546875
AZD8186,5,LOUNH91,2.4225831031799316,2.6323947762578896,2.5498366355895996
AZD8186,5,LXF289,1.4756795167922974,2.3945981944249723,2.3166918754577637
AZD8186,5,NALM6,0.4771294891834259,2.584932973317611,2.503303289413452
AZD8186,5,NB4,1.0087230205535889,1.8461029232808643,1.7789263725280762
AZD8186,5,NCIH1436,3.2118194103240967,3.1529875896437116,3.0602455139160156
AZD8186,5,NCIH1568,2.3248953819274902,2.514170568178631,2.433925151824951
AZD8186,5,NCIH1623,2.186842441558838,2.9989453139816042,2.9092166423797607
AZD8186,5,NCIH1781,2.4897589683532715,2.2912607118607538,2.2153759002685547
AZD8186,5,NCIH1793,2.563497543334961,2.7553117875811166,2.67034912109375
AZD8186,5,NCIH1963,4.47264289855957,3.017376567431357,2.9272873401641846
AZD8186,5,NCIH2066,2.9624955654144287,3.197365439286239,3.103755235671997
AZD8186,5,NCIH2171,1.3765250444412231,2.9930706771918962,2.903456926345825
AZD8186,5,NCIH2227,4.049190998077393,3.2814324693129793,3.1861777305603027
AZD8186,5,NCIH2405,2.8177599906921387,3.2195116867850175,3.1254682540893555
AZD8186,5,NCIH522,4.325348854064941,2.6867909753690147,2.6031687259674072
AZD8186,5,NCIH596,3.0189950466156006,2.5749990057914762,2.493563652038574
AZD8186,5,NCIH69,1.7562365531921387,3.2826641538621915,3.187385320663452
AZD8186,5,NCIH82,3.978308916091919,3.3270818843074967,3.2309341430664062
AZD8186,5,OCIAML5,0.9980900287628174,2.6104591188518294,2.528330087661743
AZD8186,5,P12ICHIKAWA,2.769805431365967,2.8919730853251693,2.8043370246887207
AZD8186,5,REH,1.119920015335083,2.474008411200495,2.3945486545562744
AZD8186,5,RPMI8402,-0.045503001660108566,1.818409110210283,1.7517743110656738
AZD8186,5,SIGM5,2.602679967880249,2.8341147948167813,2.747610569000244
AZD8186,5,SKLU1,2.967092990875244,2.5720575534109686,2.4906797409057617
AZD8186,5,ST486,3.9021100997924805,2.3248500748249383,2.2483081817626953
AZD8186,5,SUDHL8,2.9804599285125732,0.8764233935085416,0.8282158970832825
AZD8186,5,WSUDLCL2,0.6508010029792786,0.5034677313654828,0.46255606412887573
BMS-536924,1,A4FUK,-0.8984900116920471,0.8452140366303778,0.8709484934806824
BMS-536924,1,ALLSIL,0.31018200516700745,1.8785902974285116,1.8592376708984375
BMS-536924,1,BV173,1.5765479803085327,1.6278920801824877,1.61947762966156
BMS-536924,1,CORL105,1.2697429656982422,1.7328603422604085,1.7198660373687744
BMS-536924,1,CORL279,2.736694097518921,2.5673477984297026,2.517944097518921
BMS-536924,1,DAUDI,2.0061988830566406,1.5327353432942388,1.528472661972046
BMS-536924,1,DMS114,1.9300800561904907,2.24365496991061,2.208374261856079
BMS-536924,1,DMS53,2.8577775955200195,2.75469016777216,2.697112560272217
BMS-536924,1,DMS79,4.442217826843262,2.582974890345107,2.5328893661499023
BMS-536924,1,EM2,2.214301109313965,1.4620583081556775,1.4608793258666992
BMS-536924,1,HCC78,0.05159199982881546,1.6283739684918515,1.6199384927749634
BMS-536924,1,HH,2.8151910305023193,1.3775673076790538,1.3800747394561768
BMS-536924,1,HT,3.031291961669922,1.6593925680224293,1.6496037244796753
BMS-536924,1,JVM2,2.9592220783233643,1.572517554145678,1.5665191411972046
BMS-536924,1,KG1,1.8101409673690796,2.463350667189405,2.4184844493865967
BMS-536924,1,KU812,1.6099499464035034,1.8158364982922053,1.7992218732833862
BMS-536924,1,NAMALWA,1.4102129936218262,2.055328631009405,2.0282647609710693
BMS-536924,1,NB4,0.2065020054578781,1.0051993972419782,1.0239535570144653
BMS-536924,1,NCIH1436,3.7542829513549805,2.6326353129473956,2.580383062362671
BMS-536924,1,NCIH1623,2.760910987854004,2.4917474253596206,2.4456422328948975
BMS-536924,1,NCIH1648,-0.2258940041065216,2.472650388603018,2.4273784160614014
BMS-536924,1,NCIH1651,3.5808660984039307,2.3960817515942034,2.3541505336761475
BMS-536924,1,NCIH1876,1.8803939819335938,3.095725740221682,3.023268461227417
BMS-536924,1,NCIH1915,3.460089921951294,1.8637578350972233,1.8450523614883423
BMS-536924,1,NCIH1944,1.4895344972610474,1.6503415189257291,1.6409475803375244
BMS-536924,1,NCIH196,3.974371910095215,2.3020918425548826,2.264261484146118
BMS-536924,1,NCIH1975,0.03691300004720688,2.0749930644510117,2.0470712184906006
BMS-536924,1,NCIH2170,1.8639780282974243,2.421592913706019,2.3785486221313477
BMS-536924,1,NCIH2171,1.4208869934082031,2.9386747752735296,2.8730697631835938
BMS-536924,1,NCIH2172,2.4544460773468018,2.08710384255184,2.0586535930633545
BMS-536924,1,NCIH2228,0.3479529917240143,1.7317764051837843,1.7188293933868408
BMS-536924,1,NCIH23,2.3539888858795166,2.426456420704147,2.38319993019104
BMS-536924,1,NCIH2444,4.741772174835205,2.448528799919239,2.4043092727661133
BMS-536924,1,NCIH524,2.0078699588775635,2.7873045081554215,2.728303909301758
BMS-536924,1,NCIH647,1.381248950958252,2.3593767204357983,2.319046974182129
BMS-536924,1,NCIH929,-1.584438443183899,1.1106789645048476,1.124830961227417
BMS-536924,1,NOMO1,1.8751970529556274,1.0078586329357109,1.0264967679977417
BMS-536924,1,RERFLCMS,1.1701414585113525,2.661431442598005,2.6079227924346924
BMS-536924,1,SUDHL1,0.5741389989852905,1.475136228365236,1.4733866453170776
BMS-536924,1,SUPT1,3.2141880989074707,2.2668309805512346,2.230539083480835
BMS-536924,1,SW1271,2.651925563812256,2.3218679604054895,2.283174753189087
BMS-536924,2,A3KAW,0.67917400598526,0.8816461233516958,0.9221838116645813
BMS-536924,2,CHAGOK1,2.7561213970184326,2.0142329652798634,2.0358657836914062
BMS-536924,2,DOHH2,1.5479304790496826,1.9222157546280534,1.9453845024108887
BMS-536924,2,EBC1,4.030487537384033,1.9355876200500546,1.9585331678390503
BMS-536924,2,EJM,1.9424099922180176,1.5749299858579202,1.6038955450057983
BMS-536924,2,HARA,1.2049574851989746,1.6127842252148261,1.6411179304122925
BMS-536924,2,HCC15,1.6165465116500854,1.9670602818409924,1.9894804954528809
BMS-536924,2,HDLM2,1.79578697681427,2.039837107052643,2.061042547225952
BMS-536924,2,HL60,1.132925033569336,1.4931592569838428,1.5234897136688232
BMS-536924,2,JM1,1.913830041885376,1.9866304207145267,2.0087239742279053
BMS-536924,2,KARPAS422,3.975411891937256,1.9976970429249001,2.019605875015259
BMS-536924,2,KMH2,1.9766099452972412,0.7799715014856714,0.8222063183784485
BMS-536924,2,KMS12BM,1.0557130575180054,1.6703882705733037,1.6977604627609253
BMS-536924,2,L363,-0.7302219867706299,1.0627587716328684,1.1002733707427979
BMS-536924,2,LOUCY,3.0480740070343018,1.854396141876222,1.8786969184875488
BMS-536924,2,LOUNH91,1.8850024938583374,1.9310297486966828,1.9540513753890991
BMS-536924,2,LU65,0.5674880146980286,2.079109043707302,2.099658966064453
BMS-536924,2,MEG01,2.272139072418213,2.403406997486152,2.418543815612793
BMS-536924,2,MOLM13,-1.8632299900054932,1.6094332271810312,1.6378228664398193
BMS-536924,2,NCIH1092,3.111867904663086,3.3782323410655426,3.3770976066589355
BMS-536924,2,NCIH1105,3.2313685417175293,2.935285949903444,2.941544771194458
BMS-536924,2,NCIH1650,1.9828410148620605,1.962069002941916,1.9845725297927856
BMS-536924,2,NCIH1792,0.7552245259284973,1.8331891166580438,1.8578438758850098
BMS-536924,2,NCIH1793,2.27195143699646,2.5185602909413842,2.5317749977111816
BMS-536924,2,NCIH1836,2.3603920936584473,2.8869094239669937,2.8939757347106934
BMS-536924,2,NCIH2029,2.8023529052734375,2.522727065024143,2.535872220993042
BMS-536924,2,NCIH2030,1.3591045141220093,2.4092470277775293,2.424286365509033
BMS-536924,2,NCIH2081,3.772639036178589,2.5669722168787708,2.579378843307495
BMS-536924,2,NCIH2085,3.074263095855713,2.368873811641701,2.384587049484253
BMS-536924,2,NCIH358,1.3991190195083618,2.021190762724079,2.0427074432373047
BMS-536924,2,NCIH446,2.2986199855804443,1.9189667134462691,1.9421896934509277
BMS-536924,2,NCIH526,2.6747779846191406,2.852045999757648,2.859694242477417
BMS-536924,2,NCIH661,2.1653120517730713,2.643551632601908,2.654680013656616
BMS-536924,2,NCIH82,3.2935380935668945,2.3510824015823135,2.3670926094055176
BMS-536924,2,OPM2,-0.6385179758071899,-0.13595017268547324,-0.07842700928449631
BMS-536924,2,RCHACV,1.2241564989089966,1.8778790719490883,1.9017878770828247
BMS-536924,2,SHP77,2.530811071395874,2.3752477515362345,2.390854597091675
BMS-536924,2,SUDHL4,1.672258973121643,2.0462321414682823,2.067330837249756
BMS-536924,2,SUDHL5,0.7170534729957581,2.0363805151804404,2.0576436519622803
BMS-536924,2,SUPB15,2.279794454574585,1.619082758258051,1.6473113298416138
BMS-536924,2,THP1,2.8679580688476562,1.500087716071118,1.5303025245666504
BMS-536924,3,697,0.9869199991226196,1.7649986325511466,1.7836157083511353
BMS-536924,3,ABC1,1.631330966949463,1.9635269019312271,1.9864740371704102
BMS-536924,3,BEN,2.8043954372406006,2.3049849927723454,2.3353796005249023
BMS-536924,3,BL41,1.8288079500198364,1.7582613605492061,1.7767314910888672
BMS-536924,3,CALU6,3.1987550258636475,1.8885687572586816,1.9098809957504272
BMS-536924,3,CMK,3.1408300399780273,1.6380416138110165,1.6538896560668945
BMS-536924,3,COLO668,1.0375100374221802,2.8296582893706463,2.8714964389801025
BMS-536924,3,DB,3.9031529426574707,1.6112402233625964,1.6265037059783936
BMS-536924,3,DND41,1.0902650356292725,2.263955170777809,2.293454885482788
BMS-536924,3,EHEB,2.7776894569396973,1.506721450503871,1.5197052955627441
BMS-536924,3,HCC33,3.7153913974761963,2.692429057042422,2.731274127960205
BMS-536924,3,HCC366,1.8204164505004883,1.8614591385703072,1.882180094718933
BMS-536924,3,HCC827,2.152984619140625,1.5635211952385122,1.5777438879013062
BMS-536924,3,IALM,2.666987895965576,1.6437805856429004,1.6597537994384766
BMS-536924,3,JEKO1,1.4443269968032837,1.4923236217569924,1.5049934387207031
BMS-536924,3,JURKAT,2.1953070163726807,2.023024052092055,2.047268867492676
BMS-536924,3,JURLMK1,3.708846092224121,1.2924869573310795,1.3007981777191162
BMS-536924,3,KNS62,4.2047600746154785,1.8721068959526534,1.8930600881576538
BMS-536924,3,L1236,0.06619899719953537,1.4756440640483317,1.487950086593628
BMS-536924,3,L428,2.1722209453582764,1.6949868394749625,1.7120769023895264
BMS-536924,3,L540,1.3195359706878662,1.644006331912511,1.6599844694137573
BMS-536924,3,ME1,3.454598903656006,1.3492690856901595,1.358818769454956
BMS-536924,3,MOLT16,1.6512199640274048,1.638667170140553,1.6545288562774658
BMS-536924,3,NCIH1568,2.7950034141540527,2.1413190639692425,2.1681439876556396
BMS-536924,3,NCIH2122,-0.19447800517082214,1.6436197049680719,1.659589409828186
BMS-536924,3,NCIH522,3.812502384185791,2.476436659585137,2.510570764541626
BMS-536924,3,NCIH596,1.398398518562317,2.062858060513718,2.0879716873168945
BMS-536924,3,NCIH727,1.3873175382614136,2.389707159430699,2.421949625015259
BMS-536924,3,OCIAML5,-0.868507981300354,1.5605961769068935,1.574755072593689
BMS-536924,3,PL21,-0.1866459995508194,1.2956458884640265,1.3040260076522827
BMS-536924,3,RAJI,3.3472940921783447,1.69334711657089,1.7104014158248901
BMS-536924,3,RL,2.353606939315796,1.6203965387239068,1.635859727859497
BMS-536924,3,RPMI8226,1.8945649862289429,1.0355712527857979,1.0382789373397827
BMS-536924,3,RS411,1.3760169744491577,1.4818689445173883,1.494310736656189
BMS-536924,3,SBC5,2.7162415981292725,2.2340206321037206,2.2628674507141113
BMS-536924,3,SIGM5,0.3693925142288208,1.450743842183673,1.4625067710876465
BMS-536924,3,SKLU1,2.4728055000305176,1.8827971192999289,1.903983473777771
BMS-536924,3,SKM1,-0.11881700158119202,1.4365799262381223,1.4480339288711548
BMS-536924,3,SKMES1,2.6890804767608643,2.039758908886915,2.064368724822998
BMS-536924,3,SW1573,2.279672384262085,2.2283320594390057,2.2570548057556152
BMS-536924,3,WSUDLCL2,2.1185450553894043,1.6900597375605058,1.7070423364639282
BMS-536924,4,A549,0.6117374897003174,1.9034088819471262,1.8803272247314453
BMS-536924,4,CAL12T,1.234753966331482,1.6705825214260053,1.668771505355835
BMS-536924,4,CALU3,3.376777410507202,1.896051856639184,1.8736423254013062
BMS-536924,4,CORL23,1.7698609828948975,1.6758454112066306,1.6735535860061646
BMS-536924,4,CORL95,1.9306634664535522,2.6635792911930096,2.571049690246582
BMS-536924,4,GA10,1.8689980506896973,1.7283957231727083,1.7213029861450195
BMS-536924,4,HCC44,1.0140310525894165,1.3574158492102362,1.384215235710144
BMS-536924,4,HEL,1.082932949066162,1.264149675550081,1.2994697093963623
BMS-536924,4,JVM3,1.827247977256775,1.380719633905814,1.4053900241851807
BMS-536924,4,K562,2.509460926055908,1.5441792310289553,1.5539162158966064
BMS-536924,4,KMS11,-0.5034245252609253,2.048305952601837,2.01198673248291
BMS-536924,4,KOPN8,2.0574541091918945,1.303443907587849,1.3351740837097168
BMS-536924,4,LAMA84,1.6330749988555908,1.7337061055645906,1.7261282205581665
BMS-536924,4,LCLC97TM1,1.1765915155410767,1.0108072941361614,1.0692722797393799
BMS-536924,4,MM1S,-1.3320729732513428,0.8156415247816042,0.8919365406036377
BMS-536924,4,NCIH1341,1.214158058166504,2.1407155537235973,2.095953941345215
BMS-536924,4,NCIH1435,3.7654690742492676,1.9787217989915549,1.94875967502594
BMS-536924,4,NCIH1437,0.3312169909477234,1.8723893846530602,1.8521416187286377
BMS-536924,4,NCIH146,3.6383368968963623,2.911770954601511,2.796566963195801
BMS-536924,4,NCIH2009,1.8873729705810547,2.557825053478302,2.47495698928833
BMS-536924,4,NCIH2087,2.2550714015960693,1.9738425235626322,1.9443261623382568
BMS-536924,4,NCIH211,2.463279962539673,2.7633974772807903,2.6617486476898193
BMS-536924,4,NCIH2110,-0.2809720039367676,1.591431230548553,1.5968513488769531
BMS-536924,4,NCIH2196,4.083503723144531,2.7156660910166233,2.618377923965454
BMS-536924,4,NCIH2227,3.7659010887145996,2.6731738482274525,2.5797677040100098
BMS-536924,4,NCIH2342,2.7504489421844482,2.715762388189725,2.6184654235839844
BMS-536924,4,NCIH292,-0.45972999930381775,1.9725257187582415,1.9431296586990356
BMS-536924,4,NCIH441,3.015477418899536,1.517608426981087,1.5297728776931763
BMS-536924,4,NCIH460,1.10704505443573,2.413625153365639,2.343930959701538
BMS-536924,4,NCIH650,2.6112875938415527,2.1921371945994914,2.1426777839660645
BMS-536924,4,NCIH69,2.580059051513672,2.937850433154466,2.8202638626098633
BMS-536924,4,NCIH841,2.9798359870910645,2.7342443608921005,2.635258913040161
BMS-536924,4,OCIAML3,1.678717017173767,1.5698186813549577,1.5772132873535156
BMS-536924,4,P12ICHIKAWA,2.3988544940948486,1.875395325838494,1.8548729419708252
BMS-536924,4,P31FUJ,2.830996036529541,1.115556971286236,1.1644521951675415
BMS-536924,4,PF382,2.5049169063568115,2.23453418977603,2.181201457977295
BMS-536924,4,REH,1.7075680494308472,1.6392038120611587,1.6402595043182373
BMS-536924,4,RERFLCKJ,2.0525994300842285,2.7578022704164225,2.6566646099090576
BMS-536924,4,SUDHL6,0.8085920214653015,2.258559940879754,2.2030322551727295
BMS-536924,4,SUDHL8,3.1048669815063477,1.4662194536748145,1.4830787181854248
BMS-536924,5,AMO1,-0.032281000167131424,0.9483780124507251,1.0445222854614258
BMS-536924,5,CA46,2.175563097000122,2.060249193291465,2.068810224533081
BMS-536924,5,CMLT1,2.5953705310821533,1.8433159421321692,1.8689650297164917
BMS-536924,5,CORL311,1.495252013206482,2.890803578695569,2.8339409828186035
BMS-536924,5,CORL88,4.626126766204834,2.161698906068832,2.16226863861084
BMS-536924,5,DMS273,2.7628273963928223,2.366566284153226,2.3509984016418457
BMS-536924,5,EPLC272H,1.3154784440994263,2.248326861695536,2.242072820663452
BMS-536924,5,GDM1,-0.9149159789085388,1.7250168651429054,1.7599844932556152
BMS-536924,5,GRANTA519,3.2800419330596924,1.5293211448336776,1.5797039270401
BMS-536924,5,KCL22,2.262662887573242,1.5253799342737182,1.576073169708252
BMS-536924,5,LCLC103H,3.513288974761963,1.5356556537915897,1.58553946018219
BMS-536924,5,LP1,1.5203429460525513,0.876376933878046,0.9781928062438965
BMS-536924,5,LXF289,1.5554540157318115,1.6019408965418316,1.6466033458709717
BMS-536924,5,MHHCALL2,1.740085482597351,1.5787004744993596,1.6251935958862305
BMS-536924,5,MOLM16,1.143265962600708,2.205752418910262,2.2028520107269287
BMS-536924,5,MOLP8,0.2061839997768402,0.806144980963524,0.9134930968284607
BMS-536924,5,MOLT13,2.547045946121216,2.106623150948904,2.1115312576293945
BMS-536924,5,MONOMAC6,-0.5492619872093201,1.8946575306195088,1.9162623882293701
BMS-536924,5,NALM6,1.1726219654083252,1.6698171424714643,1.7091329097747803
BMS-536924,5,NCIH1048,2.506309986114502,2.4584754127573425,2.4356677532196045
BMS-536924,5,NCIH1155,2.960200071334839,2.74107536293386,2.696007013320923
BMS-536924,5,NCIH1781,3.6508595943450928,2.370305756286453,2.354443311691284
BMS-536924,5,NCIH1963,2.632049560546875,2.884368912237791,2.8280131816864014
BMS-536924,5,NCIH2023,2.227013111114502,2.169269467273148,2.1692428588867188
BMS-536924,5,NCIH2066,2.400524616241455,2.362146155108767,2.34692645072937
BMS-536924,5,NCIH209,3.7755820751190186,2.9113708048307734,2.8528881072998047
BMS-536924,5,NCIH2291,2.219461441040039,2.1331232208229216,2.13594388961792
BMS-536924,5,NCIH2347,3.0730528831481934,2.1447637480295305,2.14666748046875
BMS-536924,5,NCIH2405,2.702430486679077,2.35605336993606,2.341313600540161
BMS-536924,5,NCIH810,3.3004300594329834,2.68501951362274,2.64436674118042
BMS-536924,5,NCIH838,0.5179665088653564,2.2877834817395137,2.278421401977539
BMS-536924,5,NUDUL1,1.9405720233917236,1.6907811165324935,1.7284455299377441
BMS-536924,5,OCIAML2,0.494515985250473,1.6599914846907153,1.7000812292099
BMS-536924,5,OCILY19,1.658041000366211,1.8105578401509124,1.838787317276001
BMS-536924,5,OCIM1,-0.29204100370407104,1.5511537975724823,1.5998167991638184
BMS-536924,5,RPMI8402,2.2172019481658936,1.9034457689216748,1.9243583679199219
BMS-536924,5,SKMM2,1.4759019613265991,1.6601611313087048,1.700237512588501
BMS-536924,5,ST486,3.0169849395751953,1.1297787730019941,1.2116339206695557
BMS-536924,5,SUDHL10,2.100189447402954,1.6773104504103802,1.7160359621047974
BMS-536924,5,SUPM2,0.4229480028152466,0.8378042620014874,0.942658543586731
BOSUTINIB,1,A4FUK,0.06999800354242325,1.1935420708244644,1.0712710618972778
BOSUTINIB,1,A549,1.814874529838562,2.5677478413357413,2.6129894256591797
BOSUTINIB,1,ABC1,2.4197895526885986,2.9795087522104597,3.0749430656433105
BOSUTINIB,1,BV173,-2.670542001724243,0.35148854133354424,0.1265731006860733
BOSUTINIB,1,CMK,1.8089560270309448,2.36343764921243,2.3837742805480957
BOSUTINIB,1,CORL311,2.9927520751953125,2.2786555435315328,2.2886574268341064
BOSUTINIB,1,CORL88,2.6908764839172363,2.7160366742756525,2.7793543338775635
BOSUTINIB,1,DMS273,3.846276044845581,2.4719583789605104,2.505523443222046
BOSUTINIB,1,DND41,1.3500374555587769,1.1769233976223785,1.052626609802246
BOSUTINIB,1,EJM,1.3689899444580078,1.813137075064008,1.7663933038711548
BOSUTINIB,1,GDM1,1.006862998008728,0.5333844811357389,0.3306417465209961
BOSUTINIB,1,HCC33,3.22285795211792,2.76430553573318,2.8335070610046387
BOSUTINIB,1,HCC827,-0.14719699323177338,2.836616065713952,2.9146320819854736
BOSUTINIB,1,L1236,1.2691919803619385,1.6465204279417385,1.579466462135315
BOSUTINIB,1,LAMA84,-3.0326240062713623,0.08446918565640499,-0.17299531400203705
BOSUTINIB,1,MEG01,-2.874763011932373,1.3319161859696464,1.2265126705169678
BOSUTINIB,1,MOLM16,0.34987449645996094,0.7974747612603643,0.6269240379333496
BOSUTINIB,1,NB4,0.24709449708461761,0.4999786114120326,0.2931637763977051
BOSUTINIB,1,NCIH1048,2.2572829723358154,2.193466261709113,2.1930837631225586
BOSUTINIB,1,NCIH1341,3.057941436767578,2.468826990419098,2.5020103454589844
BOSUTINIB,1,NCIH1437,3.749066114425659,2.7608745029540076,2.829657793045044
BOSUTINIB,1,NCIH1651,3.227499485015869,2.6500326991883285,2.7053046226501465
BOSUTINIB,1,NCIH1793,2.7423019409179688,2.6637309036404746,2.720672607421875
BOSUTINIB,1,NCIH1876,3.453028440475464,3.0267656236962055,3.127960443496704
BOSUTINIB,1,NCIH1915,3.3523430824279785,2.670763405141148,2.728562355041504
BOSUTINIB,1,NCIH2029,2.4056684970855713,2.934483273984628,3.0244290828704834
BOSUTINIB,1,NCIH2110,1.8150689601898193,2.8935816230167615,2.978541612625122
BOSUTINIB,1,NCIH2291,4.198833465576172,3.4322314554142412,3.5828516483306885
BOSUTINIB,1,NCIH23,2.0411179065704346,3.1266633998334035,3.2400355339050293
BOSUTINIB,1,NCIH292,0.8416879773139954,2.4865412777118014,2.521883964538574
BOSUTINIB,1,NCIH358,2.4170150756835938,3.104244060466938,3.214883327484131
BOSUTINIB,1,NCIH460,2.1729209423065186,2.6095505501533256,2.6598877906799316
BOSUTINIB,1,NCIH727,3.1689324378967285,2.9758934701021116,3.0708870887756348
BOSUTINIB,1,NOMO1,2.370919942855835,1.1470428104788706,1.0191036462783813
BOSUTINIB,1,OCIAML2,0.8172845244407654,0.6257673498008341,0.43428587913513184
BOSUTINIB,1,OCIAML5,0.9744595289230347,2.2078555605309007,2.2092270851135254
BOSUTINIB,1,OCILY19,0.20937450230121613,1.0541181382789038,0.9148516654968262
BOSUTINIB,1,PL21,1.290561556816101,1.0552549800164188,0.91612708568573
BOSUTINIB,1,REH,1.9515634775161743,0.4651841775397284,0.25412797927856445
BOSUTINIB,1,SUDHL5,-0.6175400018692017,1.439802668747802,1.3475502729415894
BOSUTINIB,1,SW1573,3.2846434116363525,2.374950363351723,2.3966903686523438
BOSUTINIB,2,A3KAW,0.1361680030822754,1.7577010877887116,1.7659143209457397
BOSUTINIB,2,DMS53,3.6713414192199707,2.3185535090412754,2.298676013946533
BOSUTINIB,2,EPLC272H,1.4546810388565063,2.760260043833866,2.718259334564209
BOSUTINIB,2,HARA,1.842726230621338,2.489895566523529,2.4614362716674805
BOSUTINIB,2,HH,3.30383038520813,0.7035186562116928,0.7645314335823059
BOSUTINIB,2,HL60,1.2901979684829712,1.2173924152316733,1.2526674270629883
BOSUTINIB,2,JM1,1.5396945476531982,1.2008967520920453,1.2369979619979858
BOSUTINIB,2,JURLMK1,-2.7443885803222656,1.6139683868690564,1.6293805837631226
BOSUTINIB,2,JVM3,-0.14498299360275269,1.2938231368281086,1.3252700567245483
BOSUTINIB,2,K562,-0.47774800658226013,1.2086242195003585,1.2443383932113647
BOSUTINIB,2,KMH2,2.1859796047210693,1.221905960976889,1.2569549083709717
BOSUTINIB,2,KMS12BM,0.015027499757707119,1.189338807099869,1.2260189056396484
BOSUTINIB,2,KNS62,3.1077284812927246,2.594776836283802,2.5610644817352295
BOSUTINIB,2,LCLC103H,3.2360663414001465,2.32545672664548,2.3052334785461426
BOSUTINIB,2,LCLC97TM1,2.141413927078247,2.6950145476927307,2.6562817096710205
BOSUTINIB,2,LU65,3.32879638671875,2.0621222166808444,2.0550882816314697
BOSUTINIB,2,ME1,1.859199047088623,0.31244927062097366,0.39304906129837036
BOSUTINIB,2,MOLM13,0.29703450202941895,1.0548028666315397,1.0982213020324707
BOSUTINIB,2,MOLT13,1.0207535028457642,0.796365351753845,0.8527278304100037
BOSUTINIB,2,NALM6,1.3025469779968262,0.3565963310790432,0.4349849820137024
BOSUTINIB,2,NCIH1092,3.574622392654419,2.6244932504302905,2.589292526245117
BOSUTINIB,2,NCIH1105,2.7356724739074707,2.559080846213719,2.527156352996826
BOSUTINIB,2,NCIH1792,1.1509629487991333,2.9693805519905543,2.9169058799743652
BOSUTINIB,2,NCIH2023,2.974255084991455,2.58292159412568,2.5498030185699463
BOSUTINIB,2,NCIH2030,1.4669090509414673,2.7130637108818507,2.673426866531372
BOSUTINIB,2,NCIH2066,3.685839891433716,2.5437368487946004,2.5125808715820312
BOSUTINIB,2,NCIH2081,2.7660930156707764,2.652125698034904,2.6155409812927246
BOSUTINIB,2,NCIH2085,2.307490587234497,2.5730039915801397,2.540382146835327
BOSUTINIB,2,NCIH2087,3.3924050331115723,2.6441796186962074,2.6079928874969482
BOSUTINIB,2,NCIH2342,2.2047009468078613,2.927311183334681,2.876943588256836
BOSUTINIB,2,NCIH2347,3.0559821128845215,3.0075703745982825,2.9531829357147217
BOSUTINIB,2,NCIH446,3.297893524169922,2.694821787689821,2.6560986042022705
BOSUTINIB,2,NCIH647,1.6882305145263672,2.9433619674311355,2.892190456390381
BOSUTINIB,2,NCIH810,3.0489308834075928,3.1965800910972306,3.132725954055786
BOSUTINIB,2,NCIH841,2.398252487182617,2.5705520743035444,2.538053035736084
BOSUTINIB,2,P12ICHIKAWA,2.1067919731140137,0.29284761134071025,0.3744291663169861
BOSUTINIB,2,P31FUJ,1.1924035549163818,1.1847099316393708,1.2216218709945679
BOSUTINIB,2,RS411,0.2366960048675537,-0.2443685087054529,-0.13588006794452667
BOSUTINIB,2,SUDHL1,2.330657958984375,1.305719541278519,1.3365706205368042
BOSUTINIB,2,SUDHL6,-0.4333229959011078,0.9645370970137632,1.0124765634536743
BOSUTINIB,2,SUDHL8,2.432305097579956,0.7890400951588948,0.845769464969635
BOSUTINIB,3,697,-1.0040684938430786,0.1388601736739411,0.27216649055480957
BOSUTINIB,3,CA46,1.6625055074691772,1.2090722393827105,1.2698959112167358
BOSUTINIB,3,CAL12T,2.3441476821899414,2.4788293536517205,2.45365571975708
BOSUTINIB,3,CHAGOK1,3.6508419513702393,2.6684233374694277,2.630409002304077
BOSUTINIB,3,CORL23,3.209094524383545,1.981716882891439,1.9902113676071167
BOSUTINIB,3,DMS114,3.6963229179382324,2.735982451220416,2.693392515182495
BOSUTINIB,3,DOHH2,-0.11050350219011307,0.5477597839362534,0.6533724069595337
BOSUTINIB,3,EBC1,3.738395929336548,2.4533559475246722,2.4299075603485107
BOSUTINIB,3,HCC15,3.0629544258117676,2.8181555210158997,2.7700002193450928
BOSUTINIB,3,HCC78,4.546510696411133,2.4902616593541054,2.4643137454986572
BOSUTINIB,3,HDLM2,0.9757339954376221,1.4919323607609167,1.5335986614227295
BOSUTINIB,3,HEL,1.2044775485992432,0.758619817879416,0.849951446056366
BOSUTINIB,3,HT,3.2862260341644287,0.6241456054062975,0.7245848178863525
BOSUTINIB,3,JURKAT,1.1066315174102783,1.4287087922434147,1.4746570587158203
BOSUTINIB,3,JVM2,0.2133519947528839,0.27446890880039837,0.3985908031463623
BOSUTINIB,3,L428,1.6656324863433838,0.6832603414166442,0.7796958684921265
BOSUTINIB,3,L540,1.0646259784698486,0.13970296193070708,0.27295219898223877
BOSUTINIB,3,LP1,3.298543930053711,1.5648438384705925,1.601572036743164
BOSUTINIB,3,MOLP8,1.3242859840393066,1.1074319244689104,1.1751394271850586
BOSUTINIB,3,MONOMAC6,0.38032498955726624,0.6140422480201877,0.7151657342910767
BOSUTINIB,3,NCIH1155,2.1841769218444824,3.1224981117464736,3.0537304878234863
BOSUTINIB,3,NCIH1435,2.938101053237915,1.2643611182177517,1.3214402198791504
BOSUTINIB,3,NCIH1648,2.2592360973358154,2.822344016257688,2.773905038833618
BOSUTINIB,3,NCIH1781,2.887347936630249,2.893271469905464,2.840028762817383
BOSUTINIB,3,NCIH1975,2.841872453689575,3.2117321385346163,3.136920928955078
BOSUTINIB,3,NCIH2009,2.7977120876312256,2.7964197420691375,2.7497365474700928
BOSUTINIB,3,NCIH2444,3.816958427429199,2.663996749110647,2.626282215118408
BOSUTINIB,3,NCIH650,3.383992910385132,2.3620870045905464,2.344820022583008
BOSUTINIB,3,NCIH82,1.5018349885940552,2.7131477612922175,2.6721043586730957
BOSUTINIB,3,NCIH838,1.8387049436569214,2.35102910095398,2.3345110416412354
BOSUTINIB,3,RAJI,2.376729965209961,1.2723786673737951,1.328914761543274
BOSUTINIB,3,RCHACV,0.18445000052452087,0.8690550009923304,0.952907145023346
BOSUTINIB,3,RERFLCKJ,2.3734889030456543,2.4443764356838082,2.4215362071990967
BOSUTINIB,3,SKLU1,0.5051703453063965,2.817568088266456,2.7694525718688965
BOSUTINIB,3,SKM1,0.45837050676345825,0.5969129699003101,0.6991965770721436
BOSUTINIB,3,SKMES1,2.7065300941467285,2.1883281310962173,2.1828293800354004
BOSUTINIB,3,SKMM2,2.6937174797058105,1.1011870309953955,1.1693174839019775
BOSUTINIB,3,ST486,0.5709350109100342,-0.35603962627104535,-0.1892150491476059
BOSUTINIB,3,SUDHL10,0.9661870002746582,0.7479909166099337,0.8400424122810364
BOSUTINIB,3,SUPT1,1.638564944267273,1.1087214889613222,1.1763416528701782
BOSUTINIB,3,THP1,2.74446439743042,1.1908811324532158,1.252936840057373
BOSUTINIB,4,ALLSIL,-2.382524013519287,1.0579848916892722,1.1220533847808838
BOSUTINIB,4,AMO1,1.534603476524353,1.3299495211964507,1.3737753629684448
BOSUTINIB,4,CALU6,4.074760437011719,2.605331627000659,2.554229259490967
BOSUTINIB,4,COLO668,3.1322929859161377,2.9699556235374933,2.891713857650757
BOSUTINIB,4,CORL105,1.7919379472732544,2.5398964526375396,2.493664503097534
BOSUTINIB,4,DAUDI,1.2169674634933472,1.0638091623767871,1.1274441480636597
BOSUTINIB,4,DB,1.3843225240707397,1.2030973409518704,1.2563649415969849
BOSUTINIB,4,EHEB,1.6678880453109741,1.6304671286841363,1.6519250869750977
BOSUTINIB,4,GA10,0.026220999658107758,0.7039473227258141,0.794367253780365
BOSUTINIB,4,GRANTA519,1.3882780075073242,0.8514601375885362,0.930900514125824
BOSUTINIB,4,JEKO1,0.32329151034355164,0.9944857744008466,1.0632805824279785
BOSUTINIB,4,KARPAS422,2.862945556640625,-0.02613473524996815,0.11862607300281525
BOSUTINIB,4,KCL22,-1.2759469747543335,-0.4939721181699412,-0.3143896162509918
BOSUTINIB,4,KG1,1.0466660261154175,1.4211550422801815,1.4581923484802246
BOSUTINIB,4,KMS11,2.3819189071655273,1.794827066062512,1.8040515184402466
BOSUTINIB,4,LOUCY,1.7200310230255127,1.0216842079258888,1.0884546041488647
BOSUTINIB,4,LOUNH91,-0.4931269884109497,2.555950322390884,2.508523464202881
BOSUTINIB,4,MM1S,1.1668980121612549,1.335721887213855,1.3791180849075317
BOSUTINIB,4,MOLT16,0.4960010051727295,0.5488686616191636,0.6508312821388245
BOSUTINIB,4,NCIH1436,3.737065076828003,3.2109862288201603,3.114804267883301
BOSUTINIB,4,NCIH1568,2.086738109588623,2.291712533761972,2.26395320892334
BOSUTINIB,4,NCIH1623,3.524184465408325,2.7122377312121433,2.6531782150268555
BOSUTINIB,4,NCIH1963,2.885650396347046,2.9237334200405494,2.8489320278167725
BOSUTINIB,4,NCIH209,0.18524199724197388,2.6935530803380106,2.6358842849731445
BOSUTINIB,4,NCIH2122,2.909214496612549,2.47856239119169,2.4368956089019775
BOSUTINIB,4,NCIH2170,2.1195404529571533,2.467030538727628,2.426222085952759
BOSUTINIB,4,NCIH2196,4.6893720626831055,2.896333678824731,2.8235716819763184
BOSUTINIB,4,NCIH2227,4.153347015380859,2.9922341898328773,2.9123342037200928
BOSUTINIB,4,NCIH2405,4.340216636657715,2.906494114595649,2.8329758644104004
BOSUTINIB,4,NCIH524,1.745402455329895,2.8003674820057753,2.734748363494873
BOSUTINIB,4,NCIH596,3.8219149112701416,2.914486403427011,2.8403732776641846
BOSUTINIB,4,NCIH661,1.889917016029358,2.2638295510517246,2.238145589828491
BOSUTINIB,4,NCIH929,1.0360150337219238,1.2872385462765623,1.3342434167861938
BOSUTINIB,4,OCIM1,1.6653685569763184,0.7341582878485866,0.822329580783844
BOSUTINIB,4,RERFLCMS,2.6363489627838135,2.8248834873313333,2.757439613342285
BOSUTINIB,4,SBC5,2.4068734645843506,2.1895937659971594,2.1694352626800537
BOSUTINIB,4,SHP77,2.545816421508789,2.8456744632054356,2.7766830921173096
BOSUTINIB,4,SIGM5,1.070032000541687,1.3419571450039074,1.3848892450332642
BOSUTINIB,4,SUPB15,-0.2438105046749115,0.44409425516202095,0.5538553595542908
BOSUTINIB,4,SW1271,4.581206798553467,2.7894847599073644,2.7246756553649902
BOSUTINIB,5,BEN,3.1090478897094727,2.411388299476292,2.456696033477783
BOSUTINIB,5,BL41,1.0398759841918945,1.551141498095529,1.4728823900222778
BOSUTINIB,5,CALU3,2.775130033493042,2.5393652280345225,2.603055715560913
BOSUTINIB,5,CMLT1,-2.0043985843658447,1.1635498180495756,1.0296165943145752
BOSUTINIB,5,CORL279,2.522847890853882,2.473921724760833,2.528211832046509
BOSUTINIB,5,CORL95,3.9573779106140137,2.854563011145406,2.963528871536255
BOSUTINIB,5,DMS79,3.9153308868408203,2.9484441409268483,3.070895195007324
BOSUTINIB,5,EM2,-2.380760431289673,0.8366320862035437,0.6557400226593018
BOSUTINIB,5,HCC366,2.2387194633483887,2.1233443646471293,2.127277135848999
BOSUTINIB,5,HCC44,2.9257121086120605,2.0490401231563204,2.042299747467041
BOSUTINIB,5,IALM,3.9872488975524902,1.982411762210067,1.966100811958313
BOSUTINIB,5,KOPN8,0.8038855195045471,0.5015319620116541,0.2725057303905487
BOSUTINIB,5,KU812,-3.0978593826293945,1.2151685224973199,1.088649868965149
BOSUTINIB,5,L363,0.7495635151863098,1.3754590120839882,1.2719646692276
BOSUTINIB,5,LXF289,2.685698986053467,2.6427917221607693,2.7213385105133057
BOSUTINIB,5,MHHCALL2,1.801946997642517,0.9685958570473586,0.8066592216491699
BOSUTINIB,5,NAMALWA,1.1178815364837646,1.563762155473998,1.4873158931732178
BOSUTINIB,5,NCIH146,3.128612995147705,2.7244225472786736,2.814694881439209
BOSUTINIB,5,NCIH1650,2.0490314960479736,2.4917434768246136,2.548593521118164
BOSUTINIB,5,NCIH1836,4.2986979484558105,2.6630175876546565,2.74446964263916
BOSUTINIB,5,NCIH1944,2.133570909500122,1.9293508398721495,1.9054181575775146
BOSUTINIB,5,NCIH196,2.3778610229492188,2.127936404755086,2.132528781890869
BOSUTINIB,5,NCIH211,2.2182300090789795,2.5855920847802585,2.6559226512908936
BOSUTINIB,5,NCIH2171,2.728916883468628,3.0686606530407747,3.2083797454833984
BOSUTINIB,5,NCIH2172,3.8251309394836426,2.428959258229596,2.4767909049987793
BOSUTINIB,5,NCIH2228,3.3445870876312256,2.5823941052435053,2.6522653102874756
BOSUTINIB,5,NCIH441,5.258869647979736,2.3087723493160746,2.3393402099609375
BOSUTINIB,5,NCIH522,3.113640069961548,2.300866418548651,2.330298662185669
BOSUTINIB,5,NCIH526,1.5432840585708618,2.8050787599888642,2.9069366455078125
BOSUTINIB,5,NCIH69,3.558265447616577,2.7598344376340487,2.8551933765411377
BOSUTINIB,5,NUDUL1,0.26772499084472656,1.4826759667015807,1.3945823907852173
BOSUTINIB,5,OCIAML3,1.3015179634094238,1.3697532036790887,1.2654392719268799
BOSUTINIB,5,OPM2,1.9533029794692993,1.1973534415772926,1.068275809288025
BOSUTINIB,5,PF382,0.6471834778785706,1.256314365145304,1.1357059478759766
BOSUTINIB,5,RL,1.9854979515075684,0.6381545886375801,0.42875298857688904
BOSUTINIB,5,RPMI8226,1.208072543144226,1.6000212810860464,1.5287833213806152
BOSUTINIB,5,RPMI8402,0.6846640110015869,0.7889987647286877,0.6012645959854126
BOSUTINIB,5,SUDHL4,0.7798935174942017,1.2122740800013434,1.0853396654129028
BOSUTINIB,5,SUPM2,1.2468794584274292,1.2734846383269234,1.1553425788879395
BOSUTINIB,5,WSUDLCL2,0.6117225289344788,1.3037929994743795,1.1900044679641724
CCT007093,1,A549,5.363218784332275,4.400783347042177,4.39744234085083
CCT007093,1,ABC1,4.732544422149658,4.3798092740648,4.376280307769775
CCT007093,1,ALLSIL,3.750877618789673,4.1335331080661115,4.1277971267700195
CCT007093,1,CMLT1,4.02191686630249,4.149275005245098,4.143680095672607
CCT007093,1,CORL88,5.340653896331787,4.9548561606924855,4.956480503082275
CCT007093,1,DOHH2,2.841146945953369,3.8613637920601893,3.8531887531280518
CCT007093,1,EHEB,4.691428184509277,4.312976746889885,4.308848857879639
CCT007093,1,EM2,4.71107292175293,4.074949374711546,4.06868839263916
CCT007093,1,GA10,4.493373870849609,3.791222106278073,3.7824184894561768
CCT007093,1,HT,4.642698764801025,3.943055159736349,3.935612201690674
CCT007093,1,JEKO1,3.8049449920654297,3.88738808909877,3.879446268081665
CCT007093,1,JURKAT,4.1323018074035645,4.100520446513865,4.094488620758057
CCT007093,1,KG1,4.4264116287231445,4.035373690368925,4.0287580490112305
CCT007093,1,KNS62,4.671409606933594,4.57302595049064,4.571228504180908
CCT007093,1,LOUNH91,5.362028121948242,4.962197086234567,4.9638872146606445
CCT007093,1,MOLP8,4.076300621032715,4.383521562105298,4.380025863647461
CCT007093,1,MOLT16,4.110215187072754,4.025881480910822,4.019180774688721
CCT007093,1,NALM6,3.6394383907318115,4.0499955210099134,4.043510913848877
CCT007093,1,NCIH1048,4.0846848487854,4.359623973683171,4.355914115905762
CCT007093,1,NCIH1568,4.695689678192139,4.975596768323967,4.977406978607178
CCT007093,1,NCIH1623,4.335447311401367,4.608697943017282,4.60722017288208
CCT007093,1,NCIH1792,4.482779502868652,4.80292551493881,4.803188323974609
CCT007093,1,NCIH2030,4.58380651473999,4.47475310833391,4.47207498550415
CCT007093,1,NCIH2066,5.356537342071533,4.370002311731462,4.366385459899902
CCT007093,1,NCIH2087,4.683917999267578,5.036864407952496,5.039223670959473
CCT007093,1,NCIH209,4.231978416442871,4.744203781825132,4.743940353393555
CCT007093,1,NCIH211,4.275934219360352,4.664921502409499,4.663947582244873
CCT007093,1,NCIH2170,5.116247177124023,4.799043090208995,4.799271106719971
CCT007093,1,NCIH2171,4.0097270011901855,4.683325566174371,4.682516574859619
CCT007093,1,NCIH2196,5.8483991622924805,4.614196193693687,4.612767696380615
CCT007093,1,NCIH2405,5.493832588195801,4.600306896020587,4.598753929138184
CCT007093,1,NCIH838,4.229939937591553,4.653683028876331,4.652608394622803
CCT007093,1,NCIH929,3.8433754444122314,4.2010499628136095,4.195919036865234
CCT007093,1,OCIAML2,3.856128454208374,3.93661714015243,3.9291164875030518
CCT007093,1,OCIM1,3.784452438354492,3.908266696489364,3.9005119800567627
CCT007093,1,RCHACV,3.742116928100586,3.998983342931836,3.99204158782959
CCT007093,1,RS411,3.9344675540924072,3.9765886285986687,3.9694461822509766
CCT007093,1,SKLU1,6.177367210388184,4.958155867261391,4.95980978012085
CCT007093,1,SKM1,3.016190528869629,4.05143553904421,4.044963836669922
CCT007093,1,SUPB15,4.237812042236328,4.1025044293520585,4.096490383148193
CCT007093,1,SW1573,5.386300563812256,4.850348754076143,4.851036548614502
CCT007093,2,A4FUK,3.9376564025878906,4.2143466258665745,4.2339372634887695
CCT007093,2,CORL279,4.039268493652344,4.762143263651873,4.743663311004639
CCT007093,2,DMS114,5.1103057861328125,4.335942615291573,4.347082614898682
CCT007093,2,EBC1,5.153332233428955,4.885611750244216,4.858551025390625
CCT007093,2,HCC33,4.374689102172852,4.597374274403553,4.59034538269043
CCT007093,2,HCC366,4.65850830078125,4.806184356031704,4.784643650054932
CCT007093,2,HCC827,5.311761856079102,5.017084726643323,4.980886936187744
CCT007093,2,HDLM2,4.660562992095947,4.44971398532736,4.45294713973999
CCT007093,2,HEL,3.735599994659424,3.8978700069214582,3.939455032348633
CCT007093,2,JVM2,5.229118824005127,4.308227709899817,4.321293830871582
CCT007093,2,KMH2,4.022830486297607,4.390823590698451,4.398149490356445
CCT007093,2,KMS11,4.142510414123535,4.236947266964381,4.254967212677002
CCT007093,2,L1236,4.449137210845947,4.318142105821165,4.330519199371338
CCT007093,2,LAMA84,3.6850318908691406,4.102271982191236,4.1296515464782715
CCT007093,2,LCLC97TM1,3.9326865673065186,4.44400271523156,4.447632789611816
CCT007093,2,ME1,4.5487895011901855,3.847458119581468,3.8925466537475586
CCT007093,2,MHHCALL2,2.89266300201416,4.096784653327546,4.124545574188232
CCT007093,2,NAMALWA,4.090837001800537,3.9335630108763784,3.9726674556732178
CCT007093,2,NB4,3.1661455631256104,3.9682254752025274,4.004920959472656
CCT007093,2,NCIH1341,4.482038974761963,4.6025812923886065,4.595190525054932
CCT007093,2,NCIH1435,4.340704917907715,4.13801956221302,4.162914752960205
CCT007093,2,NCIH1436,5.0309600830078125,4.721878425137987,4.7061967849731445
CCT007093,2,NCIH1651,3.8114004135131836,4.882026128273798,4.855214595794678
CCT007093,2,NCIH1876,4.626778602600098,4.576581049153919,4.57099723815918
CCT007093,2,NCIH196,5.293245315551758,4.625228054106297,4.616263389587402
CCT007093,2,NCIH2009,5.010273456573486,4.8938991131862775,4.866262435913086
CCT007093,2,NCIH2110,3.7994394302368164,4.840182939657169,4.816279411315918
CCT007093,2,NCIH2122,4.700928211212158,4.777386640975306,4.757847309112549
CCT007093,2,NCIH2172,5.290996551513672,4.741714391299334,4.724654197692871
CCT007093,2,NCIH2228,5.387187957763672,4.941674438422822,4.910717487335205
CCT007093,2,NCIH23,4.391045570373535,4.629257971381611,4.620013236999512
CCT007093,2,NCIH2347,4.84887170791626,4.92351931263063,4.893824100494385
CCT007093,2,NCIH441,6.4296746253967285,4.945707430406128,4.914470195770264
CCT007093,2,NCIH446,4.465426445007324,4.626158153273985,4.617128849029541
CCT007093,2,NCIH460,3.6764423847198486,4.527312440735754,4.525152683258057
CCT007093,2,NCIH522,3.7442824840545654,4.381211541063017,4.389205455780029
CCT007093,2,PF382,4.52284049987793,4.061286637104474,4.091514587402344
CCT007093,2,RERFLCMS,4.063350200653076,4.69445459210284,4.680678844451904
CCT007093,2,SBC5,3.7322475910186768,4.534543641482441,4.531881332397461
CCT007093,2,SIGM5,3.87504506111145,3.9600049871592997,3.997271776199341
CCT007093,2,SKMES1,4.82488489151001,4.6867847330159105,4.673542022705078
CCT007093,3,697,3.9416069984436035,4.070258061815799,4.081501007080078
CCT007093,3,A3KAW,3.9071919918060303,4.354969499811899,4.355459213256836
CCT007093,3,BEN,5.373843193054199,4.624094783950855,4.614419937133789
CCT007093,3,CA46,4.444094181060791,3.983318870239213,3.997845411300659
CCT007093,3,CALU3,5.588751792907715,4.712205712167248,4.699203014373779
CCT007093,3,CALU6,4.269638538360596,4.863163251674401,4.844459056854248
CCT007093,3,CMK,2.957292079925537,4.471674370025975,4.467756271362305
CCT007093,3,EJM,4.380674839019775,4.350492668006435,4.351151466369629
CCT007093,3,EPLC272H,5.0706939697265625,4.658792955988354,4.647807598114014
CCT007093,3,GDM1,4.812371730804443,3.836444692927877,3.856518507003784
CCT007093,3,HL60,4.323789596557617,4.105392816631759,4.11530876159668
CCT007093,3,JVM3,4.606157302856445,4.298997704509316,4.301601409912109
CCT007093,3,KARPAS422,4.993485450744629,3.9166743356634095,3.933717966079712
CCT007093,3,KMS12BM,3.7636144161224365,4.255453404006094,4.259701728820801
CCT007093,3,KOPN8,4.3267951011657715,3.8474903363336646,3.8671469688415527
CCT007093,3,L428,4.437846660614014,4.543594568914483,4.536960124969482
CCT007093,3,LP1,4.061011791229248,4.280688978819183,4.283984184265137
CCT007093,3,LU65,5.351126670837402,4.8057251130784415,4.789190292358398
CCT007093,3,MEG01,4.770575046539307,4.075705187696434,4.086742401123047
CCT007093,3,MOLM13,3.23319411277771,4.136795556800061,4.1455254554748535
CCT007093,3,MONOMAC6,4.577422142028809,4.1744888551860475,4.181795120239258
CCT007093,3,NCIH1155,4.365318775177002,4.9847052212080625,4.9614105224609375
CCT007093,3,NCIH1437,2.8983614444732666,4.345808694769193,4.346644401550293
CCT007093,3,NCIH1650,5.06682014465332,4.893920285417806,4.874054431915283
CCT007093,3,NCIH2023,4.16340970993042,5.041230054400273,5.015800476074219
CCT007093,3,NCIH2342,5.494854927062988,4.546899911856972,4.540140628814697
CCT007093,3,NCIH292,3.6103274822235107,4.877926786448408,4.8586649894714355
CCT007093,3,NCIH69,5.068002223968506,4.81758817225389,4.800605297088623
CCT007093,3,NCIH82,4.756522178649902,4.4876361535608424,4.483115196228027
CCT007093,3,OCIAML3,3.511631965637207,3.9537615719176618,3.969404458999634
CCT007093,3,OCIAML5,4.299857139587402,4.360971150243156,4.361234188079834
CCT007093,3,RAJI,3.938612937927246,4.078887633330116,4.089804649353027
CCT007093,3,RERFLCKJ,4.31915807723999,4.641592783845799,4.631257057189941
CCT007093,3,RL,3.8821020126342773,4.040278056218394,4.0526533126831055
CCT007093,3,RPMI8226,4.12282133102417,4.364864715385455,4.364980697631836
CCT007093,3,RPMI8402,4.009474277496338,4.120977979381575,4.130305290222168
CCT007093,3,SHP77,4.577150821685791,4.6305082394773445,4.620591163635254
CCT007093,3,SKMM2,5.2126264572143555,4.44056152875143,4.43781852722168
CCT007093,3,SUDHL5,3.484760046005249,3.9406318775756466,3.956770658493042
CCT007093,3,SUPT1,4.878239154815674,4.103253015908271,4.113249778747559
CCT007093,3,WSUDLCL2,3.723311424255371,4.103616256744379,4.1135993003845215
CCT007093,4,AMO1,4.254080772399902,4.1083165592851305,4.104779243469238
CCT007093,4,BL41,3.512815475463867,4.082565350815731,4.077985763549805
CCT007093,4,BV173,4.17149543762207,3.913550073544163,3.902129650115967
CCT007093,4,CAL12T,3.825765609741211,4.669711693730248,4.688896656036377
CCT007093,4,CHAGOK1,3.054865598678589,4.77396490439857,4.797369480133057
CCT007093,4,CORL311,2.8919520378112793,4.52787702551922,4.541321277618408
CCT007093,4,CORL95,5.2785444259643555,4.681095570191895,4.700741291046143
CCT007093,4,DB,5.254435062408447,4.10848429273058,4.104953765869141
CCT007093,4,DMS273,4.812819480895996,4.5426458179046065,4.556687831878662
CCT007093,4,DND41,4.058398723602295,4.1164048860029885,4.113194942474365
CCT007093,4,HARA,4.669595718383789,4.700676387651648,4.721114635467529
CCT007093,4,HCC15,4.861907482147217,4.65444290902523,4.673009872436523
CCT007093,4,IALM,5.447353839874268,4.636080679629546,4.653904438018799
CCT007093,4,JM1,3.4496235847473145,3.96276311226782,3.9533345699310303
CCT007093,4,KCL22,3.988473892211914,4.1050283421509794,4.101357936859131
CCT007093,4,KU812,4.156462669372559,3.9668178162531027,3.9575533866882324
CCT007093,4,LXF289,4.680118560791016,4.671809736662672,4.691079616546631
CCT007093,4,MM1S,4.091098308563232,4.125411163789795,4.122565746307373
CCT007093,4,MOLM16,3.0157010555267334,4.207120266128757,4.207581996917725
CCT007093,4,NCIH1092,5.750356197357178,4.5904104370808785,4.606385707855225
CCT007093,4,NCIH146,4.468382835388184,4.7079590438856265,4.728692054748535
CCT007093,4,NCIH1648,4.141479969024658,4.71144524147998,4.732319355010986
CCT007093,4,NCIH1781,4.5592122077941895,4.973256985149954,5.004727840423584
CCT007093,4,NCIH1944,5.0315961837768555,4.623139540196214,4.640439510345459
CCT007093,4,NCIH2085,5.269324779510498,4.512861674134784,4.525698184967041
CCT007093,4,NCIH2227,5.497461795806885,4.672305146101281,4.691595077514648
CCT007093,4,NCIH2291,5.9709954261779785,5.160504337996145,5.199553966522217
CCT007093,4,NCIH2444,5.550791263580322,4.747922682984196,4.770273208618164
CCT007093,4,NCIH526,4.53296422958374,4.4648477462308485,4.475740909576416
CCT007093,4,NCIH596,4.770084381103516,5.080091274410546,5.115886211395264
CCT007093,4,NCIH647,4.458669185638428,4.824383469975382,4.849828720092773
CCT007093,4,NCIH650,4.697355270385742,4.849941280865603,4.876420974731445
CCT007093,4,NCIH661,3.9559614658355713,4.748768224532978,4.771152973175049
CCT007093,4,NCIH727,4.676576137542725,4.783812599141237,4.807615756988525
CCT007093,4,NCIH841,4.447320938110352,4.4569418181777145,4.467514991760254
CCT007093,4,OCILY19,3.8318674564361572,4.055478690816168,4.049802780151367
CCT007093,4,PL21,4.4697980880737305,4.074433486728152,4.069524765014648
CCT007093,4,ST486,4.161134719848633,4.096233793467445,4.092207431793213
CCT007093,4,SUDHL4,3.62249755859375,4.128637512030132,4.125922679901123
CCT007093,4,SUDHL8,4.229053020477295,4.152708178028323,4.150967597961426
CCT007093,5,COLO668,4.64783239364624,4.770479724579966,4.776773452758789
CCT007093,5,CORL105,4.552807807922363,4.435618601597627,4.448868274688721
CCT007093,5,CORL23,4.948492527008057,4.6837013912539325,4.691797733306885
CCT007093,5,DAUDI,4.016520977020264,4.037489209052074,4.059009075164795
CCT007093,5,DMS53,4.886361598968506,4.664573899443584,4.673067569732666
CCT007093,5,DMS79,5.223897457122803,4.893445441470006,4.8971848487854
CCT007093,5,GRANTA519,4.755258560180664,4.169493250165431,4.1882710456848145
CCT007093,5,HCC44,4.1333208084106445,4.571143795798576,4.581578254699707
CCT007093,5,HCC78,4.803720474243164,4.630668375009499,4.639866352081299
CCT007093,5,HH,4.535707473754883,4.06623011591639,4.08715295791626
CCT007093,5,JURLMK1,3.1819024085998535,4.132034433782768,4.151590347290039
CCT007093,5,K562,4.794238090515137,4.331769663564272,4.347176551818848
CCT007093,5,L363,4.12420129776001,4.262709581689647,4.279551029205322
CCT007093,5,L540,4.50253963470459,4.2313547141319,4.248847484588623
CCT007093,5,LCLC103H,5.280076503753662,4.5541462339571295,4.564933776855469
CCT007093,5,LOUCY,3.516218423843384,4.2110064325565695,4.228921890258789
CCT007093,5,MOLT13,4.02469539642334,4.036502156457889,4.058042526245117
CCT007093,5,NCIH1105,3.8315765857696533,4.703248149114399,4.710938453674316
CCT007093,5,NCIH1793,5.490945816040039,4.7925620437911585,4.798397064208984
CCT007093,5,NCIH1836,5.547465801239014,4.684549662402955,4.692628383636475
CCT007093,5,NCIH1915,5.2985029220581055,4.443036835055845,4.456132411956787
CCT007093,5,NCIH1963,4.5938005447387695,4.612200703754218,4.621782302856445
CCT007093,5,NCIH1975,5.365114212036133,5.0730919353262545,5.073099613189697
CCT007093,5,NCIH2029,4.480923175811768,4.7755737340460565,4.781761646270752
CCT007093,5,NCIH2081,4.871256351470947,4.586155565593112,4.596278190612793
CCT007093,5,NCIH358,5.425440311431885,5.060271938460393,5.060545921325684
CCT007093,5,NCIH524,4.495762348175049,4.793593409057307,4.799407005310059
CCT007093,5,NCIH810,4.2089362144470215,4.663941348225111,4.67244815826416
CCT007093,5,NOMO1,3.62192702293396,4.111103270137758,4.131093978881836
CCT007093,5,NUDUL1,4.173523902893066,4.043867799052678,4.065255165100098
CCT007093,5,OPM2,4.080896377563477,4.007170089332428,4.029319763183594
CCT007093,5,P12ICHIKAWA,3.6064469814300537,4.110203382030184,4.130212783813477
CCT007093,5,P31FUJ,4.280460357666016,4.145402252142688,4.164680480957031
CCT007093,5,REH,4.146496772766113,4.165750046765579,4.184605598449707
CCT007093,5,SUDHL1,4.500335216522217,4.21979738494079,4.23753023147583
CCT007093,5,SUDHL10,3.5352234840393066,3.932373707724455,3.9560770988464355
CCT007093,5,SUDHL6,3.7230989933013916,3.8779139208332722,3.9027485847473145
CCT007093,5,SUPM2,3.657109022140503,3.8929748728241647,3.917496681213379
CCT007093,5,SW1271,6.111413955688477,4.648915943762278,4.6577348709106445
CCT007093,5,THP1,4.136926651000977,4.213256639777945,4.231125354766846
DACTOLISIB,1,A4FUK,-3.384692430496216,-3.028116513202426,-2.980583906173706
DACTOLISIB,1,ABC1,-0.16095249354839325,-1.0884149047620733,-1.1410082578659058
DACTOLISIB,1,ALLSIL,-1.491263508796692,-2.390525677322381,-2.3759050369262695
DACTOLISIB,1,AMO1,-3.191831588745117,-2.6160218425746695,-2.589761257171631
DACTOLISIB,1,BL41,-2.4052274227142334,-2.682593864988217,-2.6528968811035156
DACTOLISIB,1,COLO668,-0.6638540029525757,-0.8342499823706763,-0.8999631404876709
DACTOLISIB,1,DB,-3.679781436920166,-2.6497060641341603,-2.62170672416687
DACTOLISIB,1,EBC1,-2.8360440731048584,-1.7447922693341693,-1.763503909111023
DACTOLISIB,1,EM2,-1.5941599607467651,-2.1736204479182026,-2.170196294784546
DACTOLISIB,1,GDM1,-1.0310825109481812,-2.3822271143531912,-2.368034839630127
DACTOLISIB,1,HCC15,-2.111868381500244,-1.686824632423954,-1.7085285186767578
DACTOLISIB,1,HCC44,-2.8702499866485596,-2.108227972837326,-2.1081793308258057
DACTOLISIB,1,HH,-1.9325095415115356,-2.4395540700235707,-2.4224026203155518
DACTOLISIB,1,L540,-2.5392494201660156,-1.9842205176276435,-1.9905730485916138
DACTOLISIB,1,LCLC97TM1,-1.738502025604248,-1.8762502050478322,-1.8881760835647583
DACTOLISIB,1,LXF289,-2.858405113220215,-1.8506712233759408,-1.8639174699783325
DACTOLISIB,1,ME1,-0.6683719754219055,-2.08561017787292,-2.086729049682617
DACTOLISIB,1,MOLM13,-3.585500478744507,-2.377438534303596,-2.3634934425354004
DACTOLISIB,1,MONOMAC6,-2.575793504714966,-1.3248910165833512,-1.365277647972107
DACTOLISIB,1,NAMALWA,-3.1646153926849365,-2.80176057559768,-2.7659122943878174
DACTOLISIB,1,NCIH1048,-1.4640995264053345,-1.4989558259675009,-1.5303573608398438
DACTOLISIB,1,NCIH146,-2.146462917327881,-0.4016237217103469,-0.48966872692108154
DACTOLISIB,1,NCIH196,0.40536099672317505,-2.2881383543342015,-2.2788028717041016
DACTOLISIB,1,NCIH1975,-3.066545009613037,-1.4658625093537563,-1.4989722967147827
DACTOLISIB,1,NCIH2029,-0.5033435225486755,-0.6907843955918698,-0.7639031410217285
DACTOLISIB,1,NCIH2081,-0.8069329857826233,-1.7518397629723632,-1.7701876163482666
DACTOLISIB,1,NCIH2087,-1.0191835165023804,-2.1112718686395358,-2.1110661029815674
DACTOLISIB,1,NCIH2347,-1.1659364700317383,-1.6359507459100766,-1.660280704498291
DACTOLISIB,1,NCIH292,-3.2850754261016846,-1.7586421460714794,-1.7766388654708862
DACTOLISIB,1,NCIH441,1.2865054607391357,-1.789679048111217,-1.8060736656188965
DACTOLISIB,1,NCIH446,-2.4222424030303955,-1.4163328341757244,-1.451999306678772
DACTOLISIB,1,NCIH460,-2.9973204135894775,-1.9982185919678117,-2.0038485527038574
DACTOLISIB,1,NCIH524,-1.4306634664535522,-1.3289069327951455,-1.3690862655639648
DACTOLISIB,1,NCIH810,-0.9821125268936157,-1.379769003724062,-1.4173228740692139
DACTOLISIB,1,NCIH841,-2.7081644535064697,-1.3561455013631625,-1.3949187994003296
DACTOLISIB,1,NUDUL1,-3.183499574661255,-2.4059781998921235,-2.3905599117279053
DACTOLISIB,1,OCILY19,-2.1744964122772217,-3.0812828745940997,-3.031005859375
DACTOLISIB,1,RAJI,-2.225484609603882,-2.227317002260558,-2.221121072769165
DACTOLISIB,1,RERFLCKJ,-1.9298839569091797,-1.6993883701685233,-1.7204437255859375
DACTOLISIB,1,SUDHL5,-5.143810272216797,-2.573271045023545,-2.5492172241210938
DACTOLISIB,1,SUPB15,-2.90026593208313,-2.9452963016999765,-2.902038812637329
DACTOLISIB,2,A3KAW,-3.269990921020508,-2.19638101749936,-2.2130320072174072
DACTOLISIB,2,CAL12T,-2.683589458465576,-2.125058842638386,-2.1293601989746094
DACTOLISIB,2,CORL95,0.8998929858207703,-1.7690578583355354,-1.711716651916504
DACTOLISIB,2,DMS79,-0.7753394842147827,-1.3647315761804466,-1.2373801469802856
DACTOLISIB,2,EHEB,-2.5771429538726807,-2.392857051164729,-2.443528413772583
DACTOLISIB,2,GA10,-4.364689826965332,-2.7799232023880336,-2.897616147994995
DACTOLISIB,2,HCC78,-2.479156970977783,-1.5948006397419732,-1.5072863101959229
DACTOLISIB,2,HDLM2,-0.938911497592926,-2.4274236492230528,-2.4840803146362305
DACTOLISIB,2,HEL,-2.3965680599212646,-2.416481600706363,-2.4712436199188232
DACTOLISIB,2,JM1,-1.3606220483779907,-2.9528515070451786,-3.100487470626831
DACTOLISIB,2,JVM3,-3.6148815155029297,-2.1328234069226424,-2.1384692192077637
DACTOLISIB,2,KARPAS422,-2.6834044456481934,-2.893544632650462,-3.030911445617676
DACTOLISIB,2,KCL22,-3.240267515182495,-1.8875926526878535,-1.8507760763168335
DACTOLISIB,2,KG1,-0.9268454909324646,-1.727086919261391,-1.6624783277511597
DACTOLISIB,2,KMS12BM,-2.5819199085235596,-2.094046515238267,-2.092978000640869
DACTOLISIB,2,L1236,-3.2104899883270264,-2.437631025178166,-2.4960551261901855
DACTOLISIB,2,LCLC103H,-1.4864189624786377,-2.0339507061591684,-2.0224764347076416
DACTOLISIB,2,LOUCY,-2.1843299865722656,-1.9935332489828634,-1.9750605821609497
DACTOLISIB,2,MEG01,-2.035172939300537,-1.92569807600613,-1.8954795598983765
DACTOLISIB,2,NALM6,-2.8076250553131104,-2.6133197883149495,-2.702164888381958
DACTOLISIB,2,NB4,-2.855884075164795,-2.5094984632432085,-2.580366611480713
DACTOLISIB,2,NCIH1781,0.2657639980316162,-1.3772489537043449,-1.2520649433135986
DACTOLISIB,2,NCIH1793,-3.275987386703491,-1.8396173150433703,-1.7944936752319336
DACTOLISIB,2,NCIH1944,-1.7293150424957275,-2.0680547551856394,-2.062485694885254
DACTOLISIB,2,NCIH2066,0.30074501037597656,-1.4775631572283336,-1.369748830795288
DACTOLISIB,2,NCIH211,-1.8586515188217163,-1.4094724238792122,-1.2898679971694946
DACTOLISIB,2,NCIH2110,-1.6050695180892944,-1.3077434421982623,-1.1705243587493896
DACTOLISIB,2,NCIH2122,-2.3507330417633057,-1.7903685449588214,-1.7367173433303833
DACTOLISIB,2,NCIH2196,-1.9961400032043457,-1.104428450384653,-0.9320048093795776
DACTOLISIB,2,NCIH2228,-2.306278944015503,-1.9747880226862882,-1.9530695676803589
DACTOLISIB,2,NCIH23,-1.247889518737793,-1.972774836961537,-1.9507077932357788
DACTOLISIB,2,NCIH2342,-0.019497500732541084,-1.6365118522507804,-1.5562199354171753
DACTOLISIB,2,NCIH596,-1.340956449508667,-1.6033145090703602,-1.5172743797302246
DACTOLISIB,2,NCIH650,-1.5369914770126343,-1.8016679715390056,-1.7499732971191406
DACTOLISIB,2,NCIH661,-0.7029809951782227,-1.6162797015290948,-1.532484531402588
DACTOLISIB,2,OCIM1,-2.7292964458465576,-2.4891420380342746,-2.556485414505005
DACTOLISIB,2,REH,-1.9489660263061523,-2.1661474633374036,-2.177563428878784
DACTOLISIB,2,RPMI8226,-3.070861577987671,-2.301815980230552,-2.3367233276367188
DACTOLISIB,2,SUDHL6,-4.146506309509277,-2.6630208443706707,-2.760471820831299
DACTOLISIB,2,SUDHL8,-1.2047539949417114,-2.4675012060233588,-2.531097412109375
DACTOLISIB,2,SW1573,-0.9381355047225952,-1.8963237737363856,-1.8610190153121948
DACTOLISIB,3,697,-3.9874160289764404,-1.807065191899382,-1.748598575592041
DACTOLISIB,3,BV173,-3.487044095993042,-2.3748980831557605,-2.283001661300659
DACTOLISIB,3,CALU6,-0.5539504885673523,-1.9775146951261995,-1.909013271331787
DACTOLISIB,3,CHAGOK1,-0.5202879905700684,-1.3199688790176085,-1.290178894996643
DACTOLISIB,3,CMLT1,-2.747802495956421,-2.1386929723196295,-2.0607025623321533
DACTOLISIB,3,DMS273,-2.562840461730957,-1.6385614124081014,-1.5900150537490845
DACTOLISIB,3,EJM,-2.237826108932495,-3.09676196903924,-2.962367534637451
DACTOLISIB,3,EPLC272H,-2.963728904724121,-0.9783652902920565,-0.9686864018440247
DACTOLISIB,3,GRANTA519,-1.718564510345459,-2.9532891318401653,-2.827341318130493
DACTOLISIB,3,HCC33,-0.05564500018954277,-1.5173205683843687,-1.4759119749069214
DACTOLISIB,3,HT,-2.6791930198669434,-3.107896458932385,-2.972846508026123
DACTOLISIB,3,JURKAT,-3.048628568649292,-2.1536342964779798,-2.0747642517089844
DACTOLISIB,3,JVM2,-2.793795585632324,-2.785298224909602,-2.6692404747009277
DACTOLISIB,3,KOPN8,-2.9407029151916504,-2.834036444821379,-2.715109348297119
DACTOLISIB,3,L428,-2.3868930339813232,-2.229641528643762,-2.146296739578247
DACTOLISIB,3,LAMA84,-3.033235549926758,-2.2459161441269124,-2.1616132259368896
DACTOLISIB,3,LP1,-1.3596810102462769,-2.9694801474492545,-2.8425791263580322
DACTOLISIB,3,MOLT13,-1.0418745279312134,-1.993143058249562,-1.9237215518951416
DACTOLISIB,3,NCIH1092,-0.07830449938774109,-0.8399051522082819,-0.8383777737617493
DACTOLISIB,3,NCIH1341,-2.0800836086273193,-1.5288688776541168,-1.4867804050445557
DACTOLISIB,3,NCIH1435,0.5558570027351379,-1.924997380907429,-1.8595877885818481
DACTOLISIB,3,NCIH1648,-2.438020944595337,-0.6823850028374085,-0.6901312470436096
DACTOLISIB,3,NCIH1651,-1.3076050281524658,-0.7177022763004662,-0.723369300365448
DACTOLISIB,3,NCIH1915,-1.4946155548095703,-2.392006417382958,-2.299102783203125
DACTOLISIB,3,NCIH2085,-2.2009096145629883,-1.5155530643803536,-1.4742485284805298
DACTOLISIB,3,NCIH209,-3.4687485694885254,-1.0993766779947862,-1.0825735330581665
DACTOLISIB,3,NCIH2170,-2.3090009689331055,-1.7859847236559951,-1.7287591695785522
DACTOLISIB,3,NCIH358,-0.8487250208854675,-1.6095616294280775,-1.5627225637435913
DACTOLISIB,3,NCIH727,-0.8911889791488647,-1.3350333229904854,-1.3043564558029175
DACTOLISIB,3,NCIH82,-0.7984449863433838,-1.3596951591720638,-1.327566385269165
DACTOLISIB,3,OCIAML2,-1.8962630033493042,-2.574943968463857,-2.4712703227996826
DACTOLISIB,3,PL21,-2.730849504470825,-2.407586393912545,-2.313765525817871
DACTOLISIB,3,RCHACV,-4.032738208770752,-2.3389878839192475,-2.2492055892944336
DACTOLISIB,3,RPMI8402,-3.0532360076904297,-2.223813097423986,-2.1408114433288574
DACTOLISIB,3,RS411,-3.041337490081787,-2.2943665778055573,-2.2072112560272217
DACTOLISIB,3,SKLU1,-1.9785925149917603,-1.7021458299548646,-1.6498560905456543
DACTOLISIB,3,SKMM2,-1.0433224439620972,-2.9301922599677175,-2.8056042194366455
DACTOLISIB,3,SUDHL1,-1.1400320529937744,-2.690863553837118,-2.5803654193878174
DACTOLISIB,3,SUDHL10,-3.9548730850219727,-3.3592027470193893,-3.209357738494873
DACTOLISIB,3,SUPT1,-2.065242052078247,-2.033639090577759,-1.9618334770202637
DACTOLISIB,3,THP1,-1.3819955587387085,-1.931757317390608,-1.8659497499465942
DACTOLISIB,4,A549,-3.988443613052368,-1.8816435085857952,-1.8391757011413574
DACTOLISIB,4,CA46,-2.020958423614502,-2.726818191123541,-2.73009991645813
DACTOLISIB,4,CORL23,-3.0536129474639893,-2.175633605686802,-2.1490795612335205
DACTOLISIB,4,CORL279,-1.9671670198440552,-1.2617853292835992,-1.1857644319534302
DACTOLISIB,4,CORL311,-0.6541290283203125,-1.3334817604623332,-1.2613418102264404
DACTOLISIB,4,CORL88,-0.22616949677467346,-0.41248494878205505,-0.2904911935329437
DACTOLISIB,4,DAUDI,-1.5506964921951294,-2.674852078059668,-2.675320863723755
DACTOLISIB,4,DMS114,-1.9685025215148926,-1.1780021854521978,-1.097446084022522
DACTOLISIB,4,DOHH2,-3.682786464691162,-2.7495807328403816,-2.7540946006774902
DACTOLISIB,4,HARA,-2.3275914192199707,-1.9413453936816458,-1.9021092653274536
DACTOLISIB,4,HCC827,-1.3395304679870605,-1.7713272490869623,-1.7228879928588867
DACTOLISIB,4,HL60,-1.6413480043411255,-2.2528599179647486,-2.2304861545562744
DACTOLISIB,4,IALM,-0.7221419811248779,-1.8903761497130416,-1.8483810424804688
DACTOLISIB,4,JEKO1,-2.824183464050293,-2.6896471308101915,-2.6909167766571045
DACTOLISIB,4,KMH2,-2.079185962677002,-2.932447801965454,-2.9468603134155273
DACTOLISIB,4,KMS11,-3.039546012878418,-2.411352491648197,-2.3975579738616943
DACTOLISIB,4,KU812,-2.4830009937286377,-2.3222788736233895,-2.3036627769470215
DACTOLISIB,4,MOLP8,-2.9862754344940186,-2.8017205487891483,-2.8090567588806152
DACTOLISIB,4,MOLT16,-3.8850295543670654,-2.4251383487315414,-2.4120900630950928
DACTOLISIB,4,NCIH1105,-0.93971848487854,-0.9147628141046195,-0.8199574947357178
DACTOLISIB,4,NCIH1437,-2.4095304012298584,-1.3973908515651372,-1.3287103176116943
DACTOLISIB,4,NCIH1623,-1.7367135286331177,-1.3456944529416743,-1.274215579032898
DACTOLISIB,4,NCIH1876,-2.8092925548553467,-1.472750762533008,-1.4081494808197021
DACTOLISIB,4,NCIH1963,0.294283002614975,-0.9183730295325684,-0.8237631320953369
DACTOLISIB,4,NCIH2023,-3.3076064586639404,-1.8754961680129385,-1.8326956033706665
DACTOLISIB,4,NCIH2171,-2.789057970046997,-1.5877089376022904,-1.5293303728103638
DACTOLISIB,4,NCIH2172,-1.0072879791259766,-1.9641942214018544,-1.9261949062347412
DACTOLISIB,4,NCIH2291,-0.36066651344299316,-1.4322578607217078,-1.365464687347412
DACTOLISIB,4,NCIH2444,0.3247295022010803,-1.7182636187718598,-1.6669520139694214
DACTOLISIB,4,NCIH522,-0.13217400014400482,-1.5188208161504781,-1.456713318824768
DACTOLISIB,4,NCIH838,-3.3028171062469482,-1.4913314299136087,-1.4277359247207642
DACTOLISIB,4,NOMO1,-2.554265022277832,-2.6279238010089596,-2.625852346420288
DACTOLISIB,4,OCIAML5,-1.7977900505065918,-1.9679022577903713,-1.9301036596298218
DACTOLISIB,4,P12ICHIKAWA,-2.914124011993408,-2.6445911356359746,-2.6434218883514404
DACTOLISIB,4,P31FUJ,-1.4209414720535278,-2.2966904935681955,-2.276689291000366
DACTOLISIB,4,SHP77,-1.1912845373153687,-1.3597944679769935,-1.2890788316726685
DACTOLISIB,4,SIGM5,-2.130733013153076,-1.9182956089129637,-1.8778117895126343
DACTOLISIB,4,SKMES1,-1.650910496711731,-2.050925790763812,-2.0176212787628174
DACTOLISIB,4,ST486,-2.4468369483947754,-2.990777366417959,-3.008347272872925
DACTOLISIB,4,SUPM2,-3.2143595218658447,-2.930539331987943,-2.9448485374450684
DACTOLISIB,5,BEN,-3.149125576019287,-1.0657070311086112,-0.9918743371963501
DACTOLISIB,5,CALU3,-1.782170057296753,-1.6218095224568825,-1.5828089714050293
DACTOLISIB,5,CMK,-1.7937569618225098,-1.808773041404285,-1.7814831733703613
DACTOLISIB,5,CORL105,-3.691351890563965,-1.7695297734671047,-1.7397818565368652
DACTOLISIB,5,DMS53,0.2394859939813614,-0.9372111754850802,-0.8553299903869629
DACTOLISIB,5,DND41,-1.606824517250061,-2.3400368470327066,-2.3460233211517334
DACTOLISIB,5,HCC366,-1.5948749780654907,-2.0936991171815613,-2.0842559337615967
DACTOLISIB,5,JURLMK1,-2.8941500186920166,-2.2657012916744224,-2.267031669616699
DACTOLISIB,5,K562,-1.1263015270233154,-1.8972569539245328,-1.8755093812942505
DACTOLISIB,5,KNS62,-1.8272144794464111,-1.8868534762714515,-1.8644542694091797
DACTOLISIB,5,L363,-3.4394423961639404,-2.8674936239925826,-2.90651798248291
DACTOLISIB,5,LOUNH91,-2.036233901977539,-1.2083224129662464,-1.1434226036071777
DACTOLISIB,5,LU65,-0.7191395163536072,-2.06977572928428,-2.0588340759277344
DACTOLISIB,5,MHHCALL2,-1.7763750553131104,-2.656588319201716,-2.6824023723602295
DACTOLISIB,5,MM1S,-3.5176055431365967,-3.073992845037992,-3.1259515285491943
DACTOLISIB,5,MOLM16,-2.956160068511963,-2.2962551198836367,-2.299499273300171
DACTOLISIB,5,NCIH1155,-2.9367098808288574,-1.753843168512146,-1.72311270236969
DACTOLISIB,5,NCIH1436,-0.4641205072402954,-0.9973782929962395,-0.9192657470703125
DACTOLISIB,5,NCIH1568,-0.3512679934501648,-1.7651941403936144,-1.7351746559143066
DACTOLISIB,5,NCIH1650,-0.31557101011276245,-1.6772249216360755,-1.6416953802108765
DACTOLISIB,5,NCIH1792,-2.8284175395965576,-1.6931870470533736,-1.6586573123931885
DACTOLISIB,5,NCIH1836,1.7577509880065918,-0.9193264646917346,-0.8363250494003296
DACTOLISIB,5,NCIH2009,-2.204493999481201,-1.467661993820923,-1.4190062284469604
DACTOLISIB,5,NCIH2030,-2.9309544563293457,-1.767117286682655,-1.7372182607650757
DACTOLISIB,5,NCIH2227,-1.405295491218567,-1.1127255627771762,-1.0418379306793213
DACTOLISIB,5,NCIH2405,-0.99310302734375,-1.4835821629463177,-1.4359235763549805
DACTOLISIB,5,NCIH526,-0.7544925212860107,-1.2653213817082989,-1.2039917707443237
DACTOLISIB,5,NCIH647,-2.9177188873291016,-1.7571625394242634,-1.726639986038208
DACTOLISIB,5,NCIH69,-2.0215165615081787,-0.9986655883160052,-0.9206336736679077
DACTOLISIB,5,NCIH929,-4.466097354888916,-2.343043565042324,-2.3492183685302734
DACTOLISIB,5,OCIAML3,-2.6116130352020264,-1.9036382366848141,-1.8822903633117676
DACTOLISIB,5,OPM2,-3.1878535747528076,-2.7396815213079595,-2.770700216293335
DACTOLISIB,5,PF382,-2.305542469024658,-2.3794730690396033,-2.387929677963257
DACTOLISIB,5,RERFLCMS,-2.19787859916687,-1.6254676848169904,-1.5866962671279907
DACTOLISIB,5,RL,-3.4189274311065674,-2.728630413512742,-2.7589569091796875
DACTOLISIB,5,SBC5,-2.671684980392456,-2.035133742814246,-2.022022247314453
DACTOLISIB,5,SKM1,-2.102579116821289,-1.7775631693580345,-1.7483184337615967
DACTOLISIB,5,SUDHL4,-2.0952155590057373,-3.3951148606421118,-3.4671874046325684
DACTOLISIB,5,SW1271,-0.2966040074825287,-1.776409371330689,-1.747092366218567
DACTOLISIB,5,WSUDLCL2,-3.797861099243164,-2.678533927884404,-2.7057225704193115
DOCETAXEL,1,A549,-5.515158176422119,-3.325423040248028,-3.2713050842285156
DOCETAXEL,1,AMO1,-6.063231945037842,-4.530340718126656,-4.53505802154541
DOCETAXEL,1,CMLT1,-4.869332313537598,-4.016776247303735,-3.9964165687561035
DOCETAXEL,1,COLO668,0.0003954260901082307,-3.1888792485894357,-3.128093957901001
DOCETAXEL,1,CORL23,-1.0659250020980835,-2.7671345111075576,-2.685755729675293
DOCETAXEL,1,DMS114,-4.343472957611084,-3.059045452322961,-2.9919204711914062
DOCETAXEL,1,DMS53,-0.6898412704467773,-2.8762688876839864,-2.8002190589904785
DOCETAXEL,1,DOHH2,-5.681868553161621,-5.206093038138491,-5.243806838989258
DOCETAXEL,1,EHEB,-2.7833800315856934,-3.833618014453386,-3.8043148517608643
DOCETAXEL,1,EJM,-4.634497165679932,-4.545271469442634,-4.550717830657959
DOCETAXEL,1,GRANTA519,-2.1767001152038574,-5.0234324060711675,-5.052227020263672
DOCETAXEL,1,HCC15,-3.1492185592651367,-2.933817816251298,-2.8605780601501465
DOCETAXEL,1,HCC366,-2.439539909362793,-2.9130761152704148,-2.8388235569000244
DOCETAXEL,1,HH,-0.062150582671165466,-4.568110186057783,-4.574671745300293
DOCETAXEL,1,JM1,-3.65923810005188,-5.249812347501738,-5.289660930633545
DOCETAXEL,1,L540,-4.64836311340332,-3.365800309084988,-3.3136539459228516
DOCETAXEL,1,MOLT16,-6.132631778717041,-4.971801494308462,-4.998075008392334
DOCETAXEL,1,NB4,-6.283333778381348,-4.869127517116949,-4.890387535095215
DOCETAXEL,1,NCIH1105,-3.9126598834991455,-2.405518315571599,-2.3064820766448975
DOCETAXEL,1,NCIH1341,-3.8269500732421875,-3.7581336350954366,-3.725144624710083
DOCETAXEL,1,NCIH1648,-2.5814108848571777,-2.2363890604848002,-2.129094362258911
DOCETAXEL,1,NCIH1650,-0.9916601777076721,-2.2669868486061207,-2.1611862182617188
DOCETAXEL,1,NCIH1651,-4.883975028991699,-2.416220710485084,-2.317707061767578
DOCETAXEL,1,NCIH1781,-3.8631250858306885,-1.8493728341159033,-1.7231804132461548
DOCETAXEL,1,NCIH1793,-0.7381830215454102,-2.750541604960387,-2.6683526039123535
DOCETAXEL,1,NCIH1876,-3.6515920162200928,-3.6608562054548717,-3.623117208480835
DOCETAXEL,1,NCIH209,-5.2987165451049805,-3.675722170921986,-3.63870906829834
DOCETAXEL,1,NCIH2110,-5.547754764556885,-2.644948627469729,-2.557603597640991
DOCETAXEL,1,NCIH2196,-3.207487106323242,-3.381630560765713,-3.3302571773529053
DOCETAXEL,1,NCIH2342,-2.2512805461883545,-3.229292888429267,-3.170480966567993
DOCETAXEL,1,NCIH358,-3.2112109661102295,-2.3652153799717555,-2.2642111778259277
DOCETAXEL,1,NCIH446,-5.315845012664795,-3.863569989954982,-3.8357293605804443
DOCETAXEL,1,NCIH524,-5.976278305053711,-3.0212082433989864,-2.952235698699951
DOCETAXEL,1,NCIH650,-2.433729887008667,-3.2139829694083617,-3.154423475265503
DOCETAXEL,1,NCIH82,-4.520957946777344,-3.8292409915766594,-3.7997241020202637
DOCETAXEL,1,OCIAML5,-3.8409619331359863,-4.075423125520208,-4.057927131652832
DOCETAXEL,1,OCILY19,-7.066604137420654,-5.27741066448006,-5.318606853485107
DOCETAXEL,1,RCHACV,-4.597348213195801,-4.672397217226614,-4.684051036834717
DOCETAXEL,1,SUDHL5,-6.7122578620910645,-4.792323779629864,-4.809833526611328
DOCETAXEL,1,SUPT1,-4.135811805725098,-4.472641759172502,-4.474541664123535
DOCETAXEL,1,SW1271,-0.935575008392334,-2.978061095374651,-2.9069817066192627
DOCETAXEL,2,A4FUK,-5.924181938171387,-4.9560634660003835,-5.09185266494751
DOCETAXEL,2,EBC1,-0.46119099855422974,-3.225263670301759,-3.111335515975952
DOCETAXEL,2,GDM1,-4.194249153137207,-4.3788096780810974,-4.431313514709473
DOCETAXEL,2,HARA,-6.022347927093506,-4.00204126783405,-4.000185489654541
DOCETAXEL,2,HCC33,-2.6922106742858887,-3.816874513191721,-3.7883031368255615
DOCETAXEL,2,HL60,-5.078877925872803,-4.562563563165534,-4.6415791511535645
DOCETAXEL,2,JEKO1,-4.960075855255127,-4.1609639860653065,-4.182037353515625
DOCETAXEL,2,JVM2,-6.026538848876953,-3.8385909496185717,-3.81315279006958
DOCETAXEL,2,JVM3,-6.20405912399292,-3.895262208123332,-3.878000497817993
DOCETAXEL,2,K562,-3.576016426086426,-3.3793943833771425,-3.2877039909362793
DOCETAXEL,2,KCL22,-4.651689052581787,-3.7954556107168935,-3.7637939453125
DOCETAXEL,2,KNS62,0.003881812561303377,-3.255417527868097,-3.1458399295806885
DOCETAXEL,2,KOPN8,-5.621224403381348,-5.168339355771433,-5.3347554206848145
DOCETAXEL,2,L1236,-5.14663028717041,-4.363945481906482,-4.414304733276367
DOCETAXEL,2,L428,-2.66441011428833,-3.2782028362654523,-3.171912670135498
DOCETAXEL,2,LP1,-2.0975310802459717,-4.529266430248898,-4.603477954864502
DOCETAXEL,2,LU65,-3.1285650730133057,-2.906339985798825,-2.7463979721069336
DOCETAXEL,2,LXF289,-3.516123056411743,-2.8775044036627753,-2.713402032852173
DOCETAXEL,2,MOLP8,-3.6234750747680664,-4.165956639117397,-4.187750339508057
DOCETAXEL,2,NALM6,-4.041693210601807,-5.024843397909794,-5.17055606842041
DOCETAXEL,2,NCIH1092,-1.4603124856948853,-3.9173434778484975,-3.9032676219940186
DOCETAXEL,2,NCIH1792,-5.5385918617248535,-2.9586207432972564,-2.8062217235565186
DOCETAXEL,2,NCIH1944,-3.960153102874756,-3.4999593912220544,-3.425663948059082
DOCETAXEL,2,NCIH2009,-2.7638611793518066,-2.6641067192154693,-2.4692156314849854
DOCETAXEL,2,NCIH2023,-3.3268840312957764,-3.86138959287092,-3.839240789413452
DOCETAXEL,2,NCIH2066,-4.269671440124512,-3.0841423584143564,-2.9498534202575684
DOCETAXEL,2,NCIH2087,0.0016057102475315332,-3.890971510172339,-3.8730907440185547
DOCETAXEL,2,NCIH211,-4.514971733093262,-3.218909403540654,-3.104064464569092
DOCETAXEL,2,NCIH2170,-2.475385904312134,-3.274052154291882,-3.167163133621216
DOCETAXEL,2,NCIH2171,-3.427311420440674,-4.018192277515455,-4.018666744232178
DOCETAXEL,2,NCIH2172,-0.9299870729446411,-2.968508746631412,-2.8175363540649414
DOCETAXEL,2,NCIH526,-5.036322116851807,-3.4936370030986663,-3.418429374694824
DOCETAXEL,2,NCIH596,-2.991835594177246,-2.286097959096997,-2.036668300628662
DOCETAXEL,2,OCIAML3,-5.134458065032959,-4.063175327262051,-4.0701398849487305
DOCETAXEL,2,PL21,-4.200437068939209,-4.7884914274495225,-4.900103569030762
DOCETAXEL,2,RERFLCKJ,-0.12428200244903564,-3.0560497777299283,-2.917707681655884
DOCETAXEL,2,SBC5,-5.602900981903076,-3.6416847303692017,-3.5878372192382812
DOCETAXEL,2,SKM1,-4.840765953063965,-4.158256177073362,-4.178938865661621
DOCETAXEL,2,SUDHL6,-5.943988800048828,-4.790093276905514,-4.9019365310668945
DOCETAXEL,2,SUDHL8,0.0019331664079800248,-4.6875124045892775,-4.784555435180664
DOCETAXEL,2,SW1573,0.0017087948508560658,-2.994481918800447,-2.847256898880005
DOCETAXEL,3,697,-6.147263050079346,-4.171626477485415,-4.241323471069336
DOCETAXEL,3,A3KAW,-4.5110249519348145,-3.8130357835046915,-3.8371543884277344
DOCETAXEL,3,BEN,-1.5538488626480103,-3.1244069813460023,-3.06099796295166
DOCETAXEL,3,BV173,-5.726984024047852,-4.239760503132889,-4.318117618560791
DOCETAXEL,3,CHAGOK1,-4.289569854736328,-2.4338570458026587,-2.2826762199401855
DOCETAXEL,3,CMK,-3.6549460887908936,-3.3783109246331984,-3.3471741676330566
DOCETAXEL,3,CORL105,0.025596123188734055,-3.425337443822366,-3.4001779556274414
DOCETAXEL,3,DAUDI,-4.144010066986084,-4.333659969298356,-4.423952102661133
DOCETAXEL,3,EPLC272H,-5.206958770751953,-2.318225419260707,-2.1523473262786865
DOCETAXEL,3,HDLM2,-3.9512109756469727,-4.126532937471425,-4.190498352050781
DOCETAXEL,3,IALM,0.0019809550140053034,-3.228815567494184,-3.1786773204803467
DOCETAXEL,3,JURKAT,-4.209439277648926,-4.158833023719296,-4.226903915405273
DOCETAXEL,3,JURLMK1,-5.57905387878418,-4.396182051684998,-4.494421005249023
DOCETAXEL,3,KG1,-3.3798251152038574,-3.5552487477772736,-3.5466015338897705
DOCETAXEL,3,KMS11,-3.2964589595794678,-3.872840526157875,-3.9045605659484863
DOCETAXEL,3,L363,-4.855724334716797,-5.066935979006642,-5.250430583953857
DOCETAXEL,3,LAMA84,-4.828833103179932,-4.120049482479171,-4.183190822601318
DOCETAXEL,3,LCLC103H,-4.068277835845947,-3.287890736370262,-3.2452611923217773
DOCETAXEL,3,MHHCALL2,-3.9499380588531494,-4.100695576082391,-4.161376953125
DOCETAXEL,3,MOLT13,-5.104663848876953,-4.255308526259826,-4.335641860961914
DOCETAXEL,3,NCIH1437,-2.935319662094116,-3.4954162944355422,-3.4791641235351562
DOCETAXEL,3,NCIH1836,-2.8219635486602783,-2.9714308655806407,-2.888577938079834
DOCETAXEL,3,NCIH1975,-2.589063882827759,-2.4777543725056788,-2.332153081893921
DOCETAXEL,3,NCIH441,-0.8453503847122192,-2.4597995385825944,-2.3119161128997803
DOCETAXEL,3,NCIH460,-6.387381076812744,-3.4598753268194393,-3.439105749130249
DOCETAXEL,3,NCIH661,0.010002528317272663,-3.2160007489987272,-3.164233684539795
DOCETAXEL,3,NCIH727,-1.5431280136108398,-3.124400635386793,-3.060990810394287
DOCETAXEL,3,NCIH810,-4.8458476066589355,-3.042724544318467,-2.968933343887329
DOCETAXEL,3,NCIH841,-4.527865409851074,-3.3767214733832214,-3.3453826904296875
DOCETAXEL,3,OPM2,-4.079564094543457,-4.50998625350662,-4.622690200805664
DOCETAXEL,3,RAJI,-3.495598077774048,-3.9701371958201004,-4.014224052429199
DOCETAXEL,3,REH,-5.136889934539795,-4.303279747243298,-4.389710426330566
DOCETAXEL,3,RL,-5.411758899688721,-4.592709216312521,-4.715927600860596
DOCETAXEL,3,SHP77,-3.910132884979248,-3.2618754765913915,-3.2159392833709717
DOCETAXEL,3,SIGM5,-5.40165901184082,-4.0605874216232944,-4.116170883178711
DOCETAXEL,3,SKLU1,0.002066459273919463,-1.97375162883922,-1.7640894651412964
DOCETAXEL,3,SKMM2,-1.3395434617996216,-3.8778144889861905,-3.9101667404174805
DOCETAXEL,3,ST486,-6.025451183319092,-4.065952295538908,-4.122217655181885
DOCETAXEL,3,SUDHL1,-2.937028408050537,-4.184683077026749,-4.256039619445801
DOCETAXEL,3,SUDHL10,-6.072745323181152,-5.17573787271548,-5.373061656951904
DOCETAXEL,3,THP1,-2.4617509841918945,-4.049492992669501,-4.103666305541992
DOCETAXEL,4,ALLSIL,-5.62139892578125,-3.982091329172191,-3.9758646488189697
DOCETAXEL,4,CA46,-3.158421039581299,-4.677957970224304,-4.721503734588623
DOCETAXEL,4,CALU6,-4.177523136138916,-3.1303258376813154,-3.063175916671753
DOCETAXEL,4,CORL279,-5.108078479766846,-3.320482264379151,-3.2669334411621094
DOCETAXEL,4,CORL311,-1.5069555044174194,-3.51011313708304,-3.470127820968628
DOCETAXEL,4,CORL88,-3.4543886184692383,-2.953283340405665,-2.8734703063964844
DOCETAXEL,4,DMS273,-6.057017803192139,-4.059808126660552,-4.059140205383301
DOCETAXEL,4,DND41,-3.1475419998168945,-4.701240323661452,-4.746451377868652
DOCETAXEL,4,GA10,-5.917717933654785,-5.450186360575476,-5.548966407775879
DOCETAXEL,4,HEL,-2.213087558746338,-4.867048826186743,-4.924119472503662
DOCETAXEL,4,KARPAS422,-3.2607920169830322,-4.8761296515893395,-4.933849811553955
DOCETAXEL,4,KMH2,-4.5658278465271,-4.248475335373001,-4.2613019943237305
DOCETAXEL,4,KMS12BM,-5.639196395874023,-4.004369522924884,-3.9997363090515137
DOCETAXEL,4,LOUCY,-5.314157009124756,-4.158651883200218,-4.165053844451904
DOCETAXEL,4,LOUNH91,-4.502273082733154,-2.701785506455906,-2.6039838790893555
DOCETAXEL,4,NAMALWA,-5.86383581161499,-5.288884450172702,-5.376127243041992
DOCETAXEL,4,NCIH1048,-3.8854949474334717,-3.2127741786418462,-3.1515214443206787
DOCETAXEL,4,NCIH1155,-4.360015869140625,-3.7544932967261335,-3.731987476348877
DOCETAXEL,4,NCIH146,-2.6854000091552734,-2.869591870671139,-2.783792734146118
DOCETAXEL,4,NCIH1568,0.002039968967437744,-2.896511938861473,-2.812638282775879
DOCETAXEL,4,NCIH1915,-3.4949779510498047,-2.2690202729286124,-2.1402647495269775
DOCETAXEL,4,NCIH196,-0.9258303642272949,-2.768026670058672,-2.6749629974365234
DOCETAXEL,4,NCIH1963,-4.849371910095215,-3.6507308710119646,-3.6208033561706543
DOCETAXEL,4,NCIH2085,-3.8052361011505127,-2.5418884850953747,-2.432650089263916
DOCETAXEL,4,NCIH2122,-6.2244791984558105,-2.552422037858883,-2.443937063217163
DOCETAXEL,4,NCIH2227,-4.469565391540527,-3.631042176574066,-3.5997064113616943
DOCETAXEL,4,NCIH23,-3.313380002975464,-3.157592121796535,-3.0923924446105957
DOCETAXEL,4,NCIH2347,0.03055921196937561,-2.007595097839607,-1.8601409196853638
DOCETAXEL,4,NCIH2405,0.3349969983100891,-3.0514275449737114,-2.9786343574523926
DOCETAXEL,4,NCIH2444,0.0074997576884925365,-2.4241350199488028,-2.306474208831787
DOCETAXEL,4,NCIH522,-2.146639108657837,-3.3646312474125164,-3.3142402172088623
DOCETAXEL,4,NCIH647,-5.326291084289551,-3.2977096671655985,-3.2425320148468018
DOCETAXEL,4,NCIH69,-4.634559154510498,-3.3540776693063092,-3.302931785583496
DOCETAXEL,4,NCIH838,-2.9100284576416016,-2.762956253287272,-2.669529914855957
DOCETAXEL,4,NCIH929,-4.929963111877441,-4.14862363658415,-4.154308319091797
DOCETAXEL,4,OCIM1,-3.950869083404541,-4.1604568340888255,-4.166987895965576
DOCETAXEL,4,P31FUJ,-4.531772136688232,-4.32302123109687,-4.341179847717285
DOCETAXEL,4,RPMI8402,-4.118412017822266,-4.208284917583622,-4.218236923217773
DOCETAXEL,4,SUPB15,-3.93996000289917,-4.8423019526868725,-4.897602558135986
DOCETAXEL,4,SUPM2,-5.693972110748291,-4.842207166064762,-4.897500991821289
DOCETAXEL,5,ABC1,0.002174880588427186,-2.5383935132645097,-2.584507465362549
DOCETAXEL,5,BL41,-6.440642833709717,-5.299933199824949,-5.153100490570068
DOCETAXEL,5,CAL12T,-2.459188461303711,-3.1294513265715334,-3.1342685222625732
DOCETAXEL,5,CALU3,-1.072924017906189,-2.033420133715573,-2.114816188812256
DOCETAXEL,5,CORL95,-3.5072379112243652,-3.9005621446801735,-3.8515024185180664
DOCETAXEL,5,DB,-5.681747913360596,-4.183755906118823,-4.114909648895264
DOCETAXEL,5,DMS79,-1.0173765420913696,-3.3541874320818557,-3.3433024883270264
DOCETAXEL,5,EM2,-4.988746166229248,-4.17792598159772,-4.109487056732178
DOCETAXEL,5,HCC44,-3.913393020629883,-3.28101039584664,-3.275238275527954
DOCETAXEL,5,HCC78,0.0020243944600224495,-2.370044702252821,-2.4279210567474365
DOCETAXEL,5,HCC827,-1.5100226402282715,-1.8165194631666068,-1.9130702018737793
DOCETAXEL,5,HT,-4.847788333892822,-5.133292302420546,-4.99810266494751
DOCETAXEL,5,KU812,-5.600543975830078,-4.020145062256629,-3.9627301692962646
DOCETAXEL,5,LCLC97TM1,-4.436516761779785,-3.408471555164043,-3.393793821334839
DOCETAXEL,5,ME1,-2.0750839710235596,-4.473116407098835,-4.384052753448486
DOCETAXEL,5,MEG01,-4.539712905883789,-3.6063147499701746,-3.5778138637542725
DOCETAXEL,5,MM1S,-4.746644020080566,-5.069770630099371,-4.939019203186035
DOCETAXEL,5,MOLM13,-5.492620468139648,-4.444775755729185,-4.357692241668701
DOCETAXEL,5,MOLM16,-5.1192121505737305,-4.29443168127601,-4.217852592468262
DOCETAXEL,5,MONOMAC6,-4.497025012969971,-3.2113686356840176,-3.2104623317718506
DOCETAXEL,5,NCIH1435,-0.983964204788208,-2.881260181781441,-2.9034183025360107
DOCETAXEL,5,NCIH1436,-3.5149314403533936,-4.326762847284446,-4.2479248046875
DOCETAXEL,5,NCIH1623,-3.2036619186401367,-1.885156417484931,-1.9769115447998047
DOCETAXEL,5,NCIH2029,-2.870788097381592,-3.2314883347479677,-3.2291762828826904
DOCETAXEL,5,NCIH2030,-1.7203993797302246,-2.975232854073315,-2.9908251762390137
DOCETAXEL,5,NCIH2081,-3.6570889949798584,-4.108386239987656,-4.044806003570557
DOCETAXEL,5,NCIH2228,-2.4542200565338135,-3.2099019267449673,-3.2090981006622314
DOCETAXEL,5,NCIH2291,-2.451148509979248,-1.1108869973312985,-1.2567397356033325
DOCETAXEL,5,NCIH292,-3.329406261444092,-3.1603526948760154,-3.163010835647583
DOCETAXEL,5,NOMO1,-4.903107166290283,-4.233654769409108,-4.161322116851807
DOCETAXEL,5,NUDUL1,-6.140087127685547,-4.371410062070141,-4.28945255279541
DOCETAXEL,5,OCIAML2,-4.260950088500977,-4.206817738213605,-4.136360168457031
DOCETAXEL,5,P12ICHIKAWA,-5.565484046936035,-4.239191454673611,-4.1664719581604
DOCETAXEL,5,PF382,-3.959212064743042,-4.970376363824651,-4.846569538116455
DOCETAXEL,5,RERFLCMS,-2.857419967651367,-3.282202321146637,-3.2763469219207764
DOCETAXEL,5,RPMI8226,-6.0529890060424805,-3.8749231906571833,-3.8276548385620117
DOCETAXEL,5,RS411,-4.964409828186035,-4.808647223968322,-4.696140289306641
DOCETAXEL,5,SKMES1,-3.071364402770996,-2.5674270192762867,-2.6115124225616455
DOCETAXEL,5,SUDHL4,-4.330068111419678,-4.981057552480753,-4.856504440307617
DOCETAXEL,5,WSUDLCL2,-5.345789909362793,-4.736168937919729,-4.628726005554199
DORAMAPIMOD,1,A4FUK,4.184792518615723,3.923422432280472,3.9310576915740967
DORAMAPIMOD,1,BL41,3.5650720596313477,4.115500570330928,4.12623405456543
DORAMAPIMOD,1,CAL12T,4.617737293243408,4.750587508803795,4.771564960479736
DORAMAPIMOD,1,CMK,4.153759956359863,4.6564115504858465,4.675869941711426
DORAMAPIMOD,1,CORL105,5.701089382171631,4.7341560948083545,4.754868507385254
DORAMAPIMOD,1,CORL23,4.57969856262207,4.510401203274327,4.5275044441223145
DORAMAPIMOD,1,CORL311,5.102431774139404,4.248936416059602,4.26182222366333
DORAMAPIMOD,1,DAUDI,4.418057918548584,3.9902051141090062,3.998917579650879
DORAMAPIMOD,1,DMS273,3.1966054439544678,4.5197147624223355,4.536968231201172
DORAMAPIMOD,1,EJM,4.5828657150268555,3.8889089546043425,3.8959875106811523
DORAMAPIMOD,1,EPLC272H,5.125783443450928,4.97172904764496,4.996273517608643
DORAMAPIMOD,1,GRANTA519,4.843471527099609,4.044158716642542,4.053741455078125
DORAMAPIMOD,1,HL60,4.747252464294434,4.345323095249535,4.3597636222839355
DORAMAPIMOD,1,HT,3.0873985290527344,3.882611849237933,3.8895888328552246
DORAMAPIMOD,1,KG1,4.58055305480957,4.532964071082832,4.550431251525879
DORAMAPIMOD,1,LOUNH91,4.008485317230225,5.247088856090728,5.2760748863220215
DORAMAPIMOD,1,MM1S,3.788231611251831,3.86918234172054,3.8759427070617676
DORAMAPIMOD,1,MOLT16,3.5714359283447266,4.174257598643626,4.185938835144043
DORAMAPIMOD,1,NAMALWA,4.345448017120361,4.122618894446218,4.133467197418213
DORAMAPIMOD,1,NCIH1155,4.548957347869873,4.600208747116093,4.618760585784912
DORAMAPIMOD,1,NCIH1341,4.867630481719971,4.586218933778036,4.6045451164245605
DORAMAPIMOD,1,NCIH1435,5.177239894866943,4.418895848327735,4.434523105621338
DORAMAPIMOD,1,NCIH1436,3.7972350120544434,4.712565080730667,4.732929229736328
DORAMAPIMOD,1,NCIH1781,4.891069412231445,4.757075606187801,4.778157711029053
DORAMAPIMOD,1,NCIH1915,4.638749599456787,4.774699899074471,4.7960662841796875
DORAMAPIMOD,1,NCIH2030,4.23665189743042,4.639854372704863,4.659045696258545
DORAMAPIMOD,1,NCIH2170,4.13285493850708,4.688386992960081,4.7083611488342285
DORAMAPIMOD,1,NCIH2171,3.1562349796295166,4.690619300153464,4.710629463195801
DORAMAPIMOD,1,NCIH2291,5.969583511352539,5.251306635584974,5.280360698699951
DORAMAPIMOD,1,NCIH2405,4.7929606437683105,4.9578251103246425,4.982145309448242
DORAMAPIMOD,1,NCIH292,4.7357001304626465,4.718452984526206,4.738912105560303
DORAMAPIMOD,1,NCIH526,5.108180522918701,4.813508820075097,4.835501194000244
DORAMAPIMOD,1,NCIH647,3.9751405715942383,4.544576573459846,4.562231063842773
DORAMAPIMOD,1,NCIH650,5.183051586151123,4.8477231394927065,4.870267391204834
DORAMAPIMOD,1,NCIH727,5.563303470611572,5.05218642944591,5.078028678894043
DORAMAPIMOD,1,NCIH838,3.6235885620117188,4.793368782209717,4.815036296844482
DORAMAPIMOD,1,P12ICHIKAWA,4.314661026000977,4.290210870378294,4.303762435913086
DORAMAPIMOD,1,SKMES1,4.9810004234313965,4.523602177345603,4.540918350219727
DORAMAPIMOD,1,SUDHL1,2.55104398727417,4.173949289661904,4.1856255531311035
DORAMAPIMOD,1,SUDHL4,3.9222030639648438,3.757081055185975,3.762033224105835
DORAMAPIMOD,1,SUPB15,4.395358562469482,4.111874068335876,4.122549057006836
DORAMAPIMOD,2,BEN,2.4929769039154053,4.500117342539657,4.506629943847656
DORAMAPIMOD,2,CORL88,5.1116743087768555,4.368964432495654,4.324453830718994
DORAMAPIMOD,2,DB,3.9111955165863037,4.156365109086709,4.02914571762085
DORAMAPIMOD,2,DMS114,4.989688396453857,4.4869059656736265,4.488278865814209
DORAMAPIMOD,2,EBC1,4.500187397003174,4.864519625726244,5.012797832489014
DORAMAPIMOD,2,EM2,4.287985324859619,4.300495274676157,4.2293477058410645
DORAMAPIMOD,2,GA10,4.3085784912109375,3.9322219224696986,3.7178027629852295
DORAMAPIMOD,2,HCC44,4.818410873413086,4.634359486841613,4.693097114562988
DORAMAPIMOD,2,HH,5.4975266456604,4.1435189889437005,4.0113019943237305
DORAMAPIMOD,2,IALM,4.8288750648498535,4.781196122359912,4.897058486938477
DORAMAPIMOD,2,JM1,3.242220401763916,4.107631142761331,3.9614524841308594
DORAMAPIMOD,2,JVM2,5.634993553161621,4.2730145122783565,4.191175937652588
DORAMAPIMOD,2,JVM3,3.270581007003784,4.2562542406730515,4.167895317077637
DORAMAPIMOD,2,KMS11,3.1175448894500732,4.378686989741325,4.337958812713623
DORAMAPIMOD,2,KMS12BM,4.399783134460449,4.409900991671883,4.381316184997559
DORAMAPIMOD,2,KNS62,4.159294128417969,4.6476985662461425,4.711625576019287
DORAMAPIMOD,2,L428,4.546553611755371,4.511212015501412,4.522040843963623
DORAMAPIMOD,2,LAMA84,3.532649040222168,4.346526203936623,4.293286323547363
DORAMAPIMOD,2,LCLC97TM1,4.5539631843566895,4.785254797394005,4.902696132659912
DORAMAPIMOD,2,MEG01,4.685555934906006,4.385534866725179,4.347470760345459
DORAMAPIMOD,2,MOLT13,4.683138370513916,4.361603342353046,4.3142290115356445
DORAMAPIMOD,2,NB4,2.9325509071350098,4.116766680273578,3.974142074584961
DORAMAPIMOD,2,NCIH1944,4.908132553100586,4.464149167341135,4.456668853759766
DORAMAPIMOD,2,NCIH196,4.456918716430664,4.4738775604555014,4.470181941986084
DORAMAPIMOD,2,NCIH1963,4.491018772125244,4.406034900304721,4.375946044921875
DORAMAPIMOD,2,NCIH2023,5.487911701202393,4.553704691900812,4.581064701080322
DORAMAPIMOD,2,NCIH2066,5.764403343200684,4.309104210860289,4.241305828094482
DORAMAPIMOD,2,NCIH2085,4.83601188659668,4.5793234688985525,4.616650104522705
DORAMAPIMOD,2,NCIH2087,5.003551006317139,4.6261082550798385,4.681635856628418
DORAMAPIMOD,2,NCIH2227,5.62497091293335,4.502535108611307,4.509988307952881
DORAMAPIMOD,2,NCIH358,4.158291816711426,4.943650915651287,5.122714042663574
DORAMAPIMOD,2,NCIH524,4.634657382965088,4.618126846423604,4.670549392700195
DORAMAPIMOD,2,NCIH661,4.105892181396484,4.491632332743693,4.49484395980835
DORAMAPIMOD,2,NCIH69,5.55308198928833,4.399284173370319,4.3665690422058105
DORAMAPIMOD,2,OPM2,3.679457426071167,3.925735354415338,3.7087926864624023
DORAMAPIMOD,2,RPMI8226,4.316747188568115,4.414638687192944,4.38789701461792
DORAMAPIMOD,2,RS411,4.299255847930908,4.246687535450173,4.154606819152832
DORAMAPIMOD,2,SUDHL10,3.6546640396118164,4.114030516071663,3.970341444015503
DORAMAPIMOD,2,SUDHL8,4.34712553024292,4.048283790998329,3.879016876220703
DORAMAPIMOD,2,THP1,4.576272010803223,4.624338613719715,4.679177761077881
DORAMAPIMOD,2,WSUDLCL2,4.261877059936523,4.24466077258108,4.151791572570801
DORAMAPIMOD,3,697,3.60544753074646,4.233836872932459,4.198618412017822
DORAMAPIMOD,3,A3KAW,4.145493507385254,4.175815188462092,4.129467964172363
DORAMAPIMOD,3,ABC1,5.421820163726807,4.71940194139629,4.777316570281982
DORAMAPIMOD,3,ALLSIL,4.479150772094727,4.09575695473088,4.034054279327393
DORAMAPIMOD,3,CMLT1,4.367153167724609,4.108440033484081,4.049170017242432
DORAMAPIMOD,3,CORL95,4.276848316192627,4.696857268791073,4.750447750091553
DORAMAPIMOD,3,DMS79,4.8694000244140625,4.6894122615532305,4.741574764251709
DORAMAPIMOD,3,EHEB,3.6436140537261963,4.5428598867056635,4.56691312789917
DORAMAPIMOD,3,GDM1,4.914760112762451,4.380157191449525,4.3730034828186035
DORAMAPIMOD,3,HCC15,5.499543190002441,4.576675695322127,4.60721492767334
DORAMAPIMOD,3,HCC78,4.705613136291504,4.805876532665835,4.880377292633057
DORAMAPIMOD,3,HCC827,5.8605170249938965,4.951908381158262,5.054418563842773
DORAMAPIMOD,3,JURLMK1,3.7190139293670654,4.379010513099157,4.371636867523193
DORAMAPIMOD,3,K562,4.63947868347168,4.282205414151137,4.2562642097473145
DORAMAPIMOD,3,KARPAS422,5.124309539794922,3.968686909120172,3.8826117515563965
DORAMAPIMOD,3,KMH2,4.354654312133789,3.9066476494037405,3.808673143386841
DORAMAPIMOD,3,L1236,4.737866401672363,4.001152389951397,3.921304225921631
DORAMAPIMOD,3,L363,4.037192344665527,4.092041652860146,4.029626369476318
DORAMAPIMOD,3,MHHCALL2,4.150325775146484,4.40851647552226,4.406802177429199
DORAMAPIMOD,3,NCIH1048,4.743264198303223,4.39484635717019,4.390510082244873
DORAMAPIMOD,3,NCIH146,3.521195888519287,4.766897870792864,4.833922386169434
DORAMAPIMOD,3,NCIH1623,5.13909387588501,4.70187048572412,4.756422519683838
DORAMAPIMOD,3,NCIH1648,4.740964889526367,4.651972373209748,4.696953773498535
DORAMAPIMOD,3,NCIH1793,6.6350555419921875,4.76488898314555,4.831528186798096
DORAMAPIMOD,3,NCIH2009,4.267239570617676,4.917785698049569,5.013751029968262
DORAMAPIMOD,3,NCIH841,4.377617359161377,4.548500055828184,4.573635101318359
DORAMAPIMOD,3,NUDUL1,2.969273090362549,4.203771574733425,4.162786483764648
DORAMAPIMOD,3,OCIM1,4.020786762237549,4.130797060539292,4.075815200805664
DORAMAPIMOD,3,P31FUJ,4.611727714538574,4.414035015119828,4.413379192352295
DORAMAPIMOD,3,PF382,4.804996013641357,4.185768804652066,4.141330718994141
DORAMAPIMOD,3,PL21,3.568058967590332,4.218148664699278,4.1799211502075195
DORAMAPIMOD,3,RCHACV,3.414557456970215,4.411811675415363,4.41072940826416
DORAMAPIMOD,3,REH,4.219910621643066,4.310220614699337,4.2896528244018555
DORAMAPIMOD,3,RERFLCKJ,5.108406066894531,4.712749926653365,4.769388675689697
DORAMAPIMOD,3,RERFLCMS,4.337151050567627,4.386838413282323,4.3809661865234375
DORAMAPIMOD,3,SHP77,4.582128524780273,4.491234154820431,4.505385398864746
DORAMAPIMOD,3,SIGM5,2.554979085922241,4.554129022231301,4.580343723297119
DORAMAPIMOD,3,SKM1,4.45795202255249,4.295454230234213,4.272054195404053
DORAMAPIMOD,3,SUDHL6,3.942718505859375,4.168476206961462,4.120721340179443
DORAMAPIMOD,3,SW1271,6.0601654052734375,4.616674204757935,4.654885292053223
DORAMAPIMOD,3,SW1573,5.398804664611816,4.460931198931195,4.4692702293396
DORAMAPIMOD,4,BV173,4.150822162628174,4.098015148760997,4.0612077713012695
DORAMAPIMOD,4,CALU3,5.904966831207275,4.993532880533269,5.016315937042236
DORAMAPIMOD,4,CALU6,5.377549171447754,4.615461637611111,4.613086700439453
DORAMAPIMOD,4,CHAGOK1,3.121450424194336,4.907411916343879,4.924464225769043
DORAMAPIMOD,4,CORL279,4.338369846343994,4.450941790215159,4.437619209289551
DORAMAPIMOD,4,HARA,5.005373001098633,4.615851944274961,4.6135029792785645
DORAMAPIMOD,4,HEL,2.7808375358581543,4.378408684133116,4.360259532928467
DORAMAPIMOD,4,JEKO1,3.281290054321289,4.069706067835124,4.031014919281006
DORAMAPIMOD,4,JURKAT,4.3742475509643555,4.238976211111261,4.211548805236816
DORAMAPIMOD,4,KCL22,4.251258373260498,4.21312253018294,4.183974742889404
DORAMAPIMOD,4,KOPN8,4.816428184509277,4.012761309170159,3.970280885696411
DORAMAPIMOD,4,L540,2.981717586517334,4.332012711928858,4.310776233673096
DORAMAPIMOD,4,LU65,6.100729942321777,4.555614615820855,4.549257278442383
DORAMAPIMOD,4,MOLM13,4.142616271972656,4.199722001390773,4.169682502746582
DORAMAPIMOD,4,MOLM16,3.058094024658203,4.4309798174382795,4.4163289070129395
DORAMAPIMOD,4,MOLP8,3.976485013961792,3.922417387829119,3.87392520904541
DORAMAPIMOD,4,NALM6,4.443075656890869,4.060482222724152,4.021177291870117
DORAMAPIMOD,4,NCIH1092,4.892444610595703,4.652028856438432,4.652087211608887
DORAMAPIMOD,4,NCIH1437,2.632434606552124,4.590059961307247,4.585994720458984
DORAMAPIMOD,4,NCIH1568,4.612593650817871,4.939141210303484,4.9583048820495605
DORAMAPIMOD,4,NCIH1651,5.138940811157227,4.92103017634486,4.93898868560791
DORAMAPIMOD,4,NCIH1876,4.792285919189453,4.475518144524217,4.463830947875977
DORAMAPIMOD,4,NCIH1975,4.5308990478515625,4.976991120790122,4.998673439025879
DORAMAPIMOD,4,NCIH211,3.9782938957214355,4.655577383346763,4.655871868133545
DORAMAPIMOD,4,NCIH2122,4.73974609375,4.890815164940189,4.906763076782227
DORAMAPIMOD,4,NCIH2196,4.962133884429932,4.712829961184765,4.7169342041015625
DORAMAPIMOD,4,NCIH2228,3.5422520637512207,4.888050828052926,4.903814792633057
DORAMAPIMOD,4,NCIH23,4.504308700561523,5.008003287729321,5.031749248504639
DORAMAPIMOD,4,NCIH2342,5.433992862701416,4.886476188797395,4.902135372161865
DORAMAPIMOD,4,NCIH441,6.308382987976074,4.945051696095111,4.964608669281006
DORAMAPIMOD,4,NCIH446,4.899569511413574,4.48247436603949,4.471250057220459
DORAMAPIMOD,4,NCIH82,4.484129905700684,4.320186375305551,4.298162937164307
DORAMAPIMOD,4,NOMO1,5.144722938537598,4.490288993963231,4.479584693908691
DORAMAPIMOD,4,OCIAML2,3.948992967605591,4.258015844085711,4.231855392456055
DORAMAPIMOD,4,OCIAML3,4.886395454406738,4.546164991940989,4.539178848266602
DORAMAPIMOD,4,OCIAML5,4.354837894439697,4.515396487237527,4.5063629150390625
DORAMAPIMOD,4,RL,3.9733200073242188,3.7727008036558343,3.7142460346221924
DORAMAPIMOD,4,SBC5,4.711136341094971,4.627333577074868,4.625748634338379
DORAMAPIMOD,4,ST486,3.8434195518493652,3.857070529354619,3.804229974746704
DORAMAPIMOD,4,SUDHL5,3.6771609783172607,3.8653941654533797,3.813107490539551
DORAMAPIMOD,5,A549,4.631261825561523,4.542979983876725,4.552365303039551
DORAMAPIMOD,5,AMO1,4.546169281005859,4.590167768927886,4.6094231605529785
DORAMAPIMOD,5,CA46,5.230622291564941,4.161956927387603,4.091645240783691
DORAMAPIMOD,5,COLO668,4.163164138793945,4.4063002858662355,4.387096881866455
DORAMAPIMOD,5,DMS53,4.577803611755371,4.613526430390337,4.637667655944824
DORAMAPIMOD,5,DND41,4.179542541503906,4.228085052306406,4.171605110168457
DORAMAPIMOD,5,DOHH2,3.5954344272613525,3.9332590964841603,3.8151116371154785
DORAMAPIMOD,5,HCC33,3.575608015060425,4.458991649655093,4.450809478759766
DORAMAPIMOD,5,HCC366,4.42759370803833,4.755130009464087,4.808889865875244
DORAMAPIMOD,5,HDLM2,4.441273212432861,4.18010580247117,4.113590240478516
DORAMAPIMOD,5,KU812,4.740006446838379,4.076929672401823,3.98883318901062
DORAMAPIMOD,5,LCLC103H,4.530556678771973,4.803654253983725,4.867563724517822
DORAMAPIMOD,5,LOUCY,4.449184417724609,4.337725994502181,4.3041791915893555
DORAMAPIMOD,5,LP1,3.6124720573425293,4.036180277882404,3.9395604133605957
DORAMAPIMOD,5,LXF289,3.497856616973877,4.807672308136661,4.872422218322754
DORAMAPIMOD,5,ME1,5.052302837371826,4.267059664932087,4.218731880187988
DORAMAPIMOD,5,MONOMAC6,4.122525215148926,4.349147616097186,4.317989826202393
DORAMAPIMOD,5,NCIH1105,4.140976428985596,4.589097891519218,4.608129501342773
DORAMAPIMOD,5,NCIH1650,4.463309288024902,5.12621894070376,5.257597923278809
DORAMAPIMOD,5,NCIH1792,4.246016979217529,4.731854161955127,4.780745506286621
DORAMAPIMOD,5,NCIH1836,4.816928863525391,4.673059015441845,4.709652423858643
DORAMAPIMOD,5,NCIH2029,4.003478050231934,4.408571359952679,4.389842987060547
DORAMAPIMOD,5,NCIH2081,5.16926383972168,4.639005917766468,4.668476581573486
DORAMAPIMOD,5,NCIH209,4.9486083984375,4.69807395597411,4.739899635314941
DORAMAPIMOD,5,NCIH2110,4.671652793884277,4.438290133043216,4.425777912139893
DORAMAPIMOD,5,NCIH2172,5.001791000366211,4.7008470403595695,4.743252754211426
DORAMAPIMOD,5,NCIH2347,6.1258416175842285,5.119893532065708,5.2499494552612305
DORAMAPIMOD,5,NCIH2444,4.821565628051758,5.090073804822344,5.213892459869385
DORAMAPIMOD,5,NCIH460,3.796159505844116,4.512631824739659,4.515669345855713
DORAMAPIMOD,5,NCIH522,4.993325710296631,4.616546379227631,4.641319274902344
DORAMAPIMOD,5,NCIH596,5.5512189865112305,4.688130760624993,4.727876663208008
DORAMAPIMOD,5,NCIH810,5.04709005355835,4.293113723404581,4.250235557556152
DORAMAPIMOD,5,NCIH929,2.3916759490966797,4.089158335691203,4.00361967086792
DORAMAPIMOD,5,OCILY19,3.5418624877929688,4.115273124396257,4.035196781158447
DORAMAPIMOD,5,RAJI,4.675949573516846,4.156394590178143,4.084919452667236
DORAMAPIMOD,5,RPMI8402,4.297245025634766,4.147604086191185,4.0742902755737305
DORAMAPIMOD,5,SKLU1,5.580536842346191,4.811815371924153,4.877431869506836
DORAMAPIMOD,5,SKMM2,5.535593509674072,4.225580127389392,4.168576240539551
DORAMAPIMOD,5,SUPM2,4.018214702606201,3.6741937831878375,3.501858711242676
DORAMAPIMOD,5,SUPT1,3.103503942489624,4.404108082211689,4.384446144104004
EHT-1864,1,AMO1,2.662522554397583,3.298242585974949,3.2681853771209717
EHT-1864,1,BL41,2.895188093185425,3.283547349907917,3.25051212310791
EHT-1864,1,CAL12T,3.7095835208892822,3.8420000219421953,3.9221363067626953
EHT-1864,1,CHAGOK1,3.7966580390930176,3.596481318551677,3.6268627643585205
EHT-1864,1,CMLT1,3.214339017868042,3.0393188187397233,2.9567902088165283
EHT-1864,1,CORL95,3.1647679805755615,3.5614200756094396,3.5846962928771973
EHT-1864,1,DMS114,3.0838165283203125,3.481033107986291,3.488018751144409
EHT-1864,1,DOHH2,2.1349549293518066,3.220874280372288,3.175138235092163
EHT-1864,1,EJM,3.0977470874786377,3.617882754055831,3.6526012420654297
EHT-1864,1,EM2,3.51761794090271,3.0969128759311677,3.0260558128356934
EHT-1864,1,EPLC272H,3.659712076187134,3.8143207923746805,3.888847827911377
EHT-1864,1,HARA,3.5924174785614014,3.706559494519902,3.7592484951019287
EHT-1864,1,HT,4.540229320526123,3.3717110347924892,3.3565423488616943
EHT-1864,1,KARPAS422,4.051603317260742,3.280382582028816,3.246706008911133
EHT-1864,1,KCL22,3.3277759552001953,3.2417850618736375,3.200286626815796
EHT-1864,1,LP1,2.4046645164489746,3.2062482314757523,3.157548189163208
EHT-1864,1,MM1S,2.33439302444458,3.4709730158544416,3.4759199619293213
EHT-1864,1,MOLM13,3.310070037841797,3.074222259424897,2.9987668991088867
EHT-1864,1,MOLT13,3.0849695205688477,3.0258063066245025,2.9405393600463867
EHT-1864,1,MOLT16,1.8815569877624512,3.2198319132018853,3.173884630203247
EHT-1864,1,NCIH1092,5.156681537628174,3.388120487086694,3.376277208328247
EHT-1864,1,NCIH1105,3.610527992248535,3.4137488820445054,3.4070992469787598
EHT-1864,1,NCIH1568,3.934734582901001,3.767201752094023,3.8321800231933594
EHT-1864,1,NCIH1651,2.5589170455932617,3.711987812865275,3.7657768726348877
EHT-1864,1,NCIH2029,3.7638609409332275,3.574004805610266,3.5998313426971436
EHT-1864,1,NCIH2066,5.029684066772461,3.375920548770491,3.361604928970337
EHT-1864,1,NCIH211,3.477574110031128,3.415564599220945,3.409282922744751
EHT-1864,1,NCIH2110,4.395355224609375,3.8555714125377523,3.93845796585083
EHT-1864,1,NCIH2122,3.8358285427093506,3.959016342876141,4.0628662109375
EHT-1864,1,NCIH2227,5.289785385131836,3.309265152928462,3.2814416885375977
EHT-1864,1,NCIH2228,4.281539440155029,4.017652172505864,4.133384704589844
EHT-1864,1,NCIH446,4.1979522705078125,3.5333350404888986,3.550919771194458
EHT-1864,1,NCIH661,2.5345425605773926,3.6405396690750407,3.679849624633789
EHT-1864,1,NCIH69,3.557333469390869,3.5831515874427535,3.6108317375183105
EHT-1864,1,NCIH810,3.8766965866088867,3.4950529266038055,3.5048797130584717
EHT-1864,1,NOMO1,3.5343925952911377,3.212413224679478,3.1649625301361084
EHT-1864,1,OCIAML5,3.549294948577881,3.3918954501256464,3.380817174911499
EHT-1864,1,RPMI8226,3.67209792137146,3.435821571873305,3.433645009994507
EHT-1864,1,SIGM5,2.4385030269622803,3.1933320374374756,3.142014503479004
EHT-1864,1,SUDHL5,2.9680209159851074,3.442597949701131,3.4417946338653564
EHT-1864,1,SW1573,4.134561538696289,3.7182503421374364,3.773308515548706
EHT-1864,2,A3KAW,2.8353590965270996,3.667579116913432,3.6873908042907715
EHT-1864,2,ABC1,3.155123472213745,3.6788623680628643,3.69956374168396
EHT-1864,2,CORL88,3.73207688331604,3.534979203323131,3.54433536529541
EHT-1864,2,DMS79,3.6862034797668457,3.669581536535913,3.6895511150360107
EHT-1864,2,GA10,3.8989953994750977,3.27630486412538,3.2652645111083984
EHT-1864,2,GDM1,3.441793441772461,3.066661850035297,3.039091110229492
EHT-1864,2,HCC366,3.9035699367523193,4.068230112288601,4.119633197784424
EHT-1864,2,JM1,2.770293951034546,3.1490229315300438,3.127946376800537
EHT-1864,2,JURLMK1,2.5479705333709717,3.022251935273652,2.9911794662475586
EHT-1864,2,JVM2,5.361701488494873,3.56683272495928,3.578700542449951
EHT-1864,2,KG1,3.111844539642334,3.1100182900877082,3.0858662128448486
EHT-1864,2,KMS11,2.9410810470581055,3.135359362341351,3.1132054328918457
EHT-1864,2,KMS12BM,2.398833990097046,3.2182718219354345,3.202655553817749
EHT-1864,2,L1236,3.5960915088653564,3.313193937413427,3.3050622940063477
EHT-1864,2,L363,2.4655563831329346,3.389751957781728,3.3876569271087646
EHT-1864,2,L540,3.425055503845215,3.2559741502958497,3.243330717086792
EHT-1864,2,MOLM16,1.8241790533065796,3.1524984919982875,3.1316959857940674
EHT-1864,2,NCIH1341,3.2404580116271973,3.5133753475175373,3.5210280418395996
EHT-1864,2,NCIH1437,3.4018940925598145,3.6143710198308288,3.6299872398376465
EHT-1864,2,NCIH1648,3.6621344089508057,3.9783411175370187,4.022656440734863
EHT-1864,2,NCIH1792,4.091187477111816,4.170450087074968,4.229913234710693
EHT-1864,2,NCIH1876,3.0901083946228027,3.6016639093250733,3.6162781715393066
EHT-1864,2,NCIH1915,4.599270343780518,3.988890008195831,4.034037113189697
EHT-1864,2,NCIH1944,3.3545989990234375,3.7056591226974014,3.728473424911499
EHT-1864,2,NCIH1975,3.6018788814544678,4.088992425888875,4.142032623291016
EHT-1864,2,NCIH2009,4.348393440246582,4.145777519330542,4.2032952308654785
EHT-1864,2,NCIH2023,4.380887985229492,3.843177019543269,3.8768346309661865
EHT-1864,2,NCIH2087,3.9375545978546143,3.7690516926088353,3.7968645095825195
EHT-1864,2,NCIH209,3.656903028488159,3.7742087905351362,3.8024282455444336
EHT-1864,2,NCIH2291,5.462374210357666,3.999538345806428,4.045525074005127
EHT-1864,2,NCIH2342,3.9001500606536865,3.938415818314388,3.9795830249786377
EHT-1864,2,NCIH2347,4.830989837646484,4.164291005861136,4.223268508911133
EHT-1864,2,OCIAML3,3.5432798862457275,3.309488764983175,3.301064968109131
EHT-1864,2,P12ICHIKAWA,2.1708860397338867,2.986106062205272,2.952183485031128
EHT-1864,2,P31FUJ,2.9082484245300293,3.299522191475365,3.2903125286102295
EHT-1864,2,RERFLCKJ,4.090407371520996,4.2145152524037615,4.2774529457092285
EHT-1864,2,RERFLCMS,3.689903974533081,3.8936092207117374,3.931243419647217
EHT-1864,2,SKM1,2.3757455348968506,3.2645133285557173,3.2525432109832764
EHT-1864,2,SUDHL4,3.1285815238952637,3.4395987478940264,3.441434144973755
EHT-1864,2,SUDHL8,3.7652249336242676,3.346716178900514,3.3412277698516846
EHT-1864,2,SUPT1,3.043175458908081,3.115893615999117,3.0922048091888428
EHT-1864,3,697,2.5597496032714844,3.124939931490288,3.12514066696167
EHT-1864,3,A4FUK,3.7031400203704834,3.076158107729918,3.074709415435791
EHT-1864,3,A549,3.085723400115967,3.7268199639085102,3.7473716735839844
EHT-1864,3,CA46,3.518460512161255,3.242299833666606,3.2464687824249268
EHT-1864,3,CMK,2.595146894454956,3.49856676541734,3.5114006996154785
EHT-1864,3,CORL23,3.6933939456939697,3.7731936457856623,3.7953133583068848
EHT-1864,3,DAUDI,3.1403961181640625,3.1913762349905643,3.1938233375549316
EHT-1864,3,DMS273,2.9625654220581055,3.3872689603050197,3.3963396549224854
EHT-1864,3,EHEB,5.6617279052734375,3.546121917402491,3.560563802719116
EHT-1864,3,HCC33,4.312880992889404,3.4284629001119677,3.4389264583587646
EHT-1864,3,HCC827,4.229571342468262,4.0144695368512,4.044747352600098
EHT-1864,3,HDLM2,3.5347089767456055,3.214751723703558,3.217989206314087
EHT-1864,3,HH,3.5352370738983154,3.0231937460271956,3.019954204559326
EHT-1864,3,IALM,4.009008884429932,3.7038759666208656,3.723651885986328
EHT-1864,3,JURKAT,2.095336437225342,2.9733768963357887,2.9684529304504395
EHT-1864,3,K562,2.9910480976104736,3.613759524395363,3.630488395690918
EHT-1864,3,KNS62,4.030754089355469,3.604467583711899,3.620882272720337
EHT-1864,3,LCLC103H,3.6081759929656982,3.794418595994442,3.817255973815918
EHT-1864,3,LU65,4.248814105987549,3.719049428320199,3.7393383979797363
EHT-1864,3,NCIH1048,2.018660545349121,3.4570714042886754,3.4685022830963135
EHT-1864,3,NCIH1435,3.682891607284546,3.5475489986104356,3.5620391368865967
EHT-1864,3,NCIH1623,3.424401044845581,3.9798187689950915,4.008924961090088
EHT-1864,3,NCIH1650,4.403751850128174,3.975593796834533,4.004557132720947
EHT-1864,3,NCIH1793,4.655306816101074,3.7656535003277223,3.787518262863159
EHT-1864,3,NCIH196,4.751830101013184,3.7999283563595023,3.8229520320892334
EHT-1864,3,NCIH596,4.3895344734191895,4.210060379602437,4.246951580047607
EHT-1864,3,NCIH647,3.962634563446045,4.246445876748488,4.284567356109619
EHT-1864,3,NCIH82,4.023012161254883,3.4769970371856327,3.4891016483306885
EHT-1864,3,OCIAML2,2.4642770290374756,3.185268244397093,3.1875088214874268
EHT-1864,3,OCILY19,3.1467020511627197,3.233440076270745,3.237309455871582
EHT-1864,3,OPM2,3.0240979194641113,3.0185485828580925,3.0151519775390625
EHT-1864,3,PF382,3.197620391845703,2.969679815074549,2.9646308422088623
EHT-1864,3,RCHACV,2.750638008117676,3.1563959100811014,3.1576602458953857
EHT-1864,3,RPMI8402,2.326889991760254,3.0447136601766607,3.0422017574310303
EHT-1864,3,RS411,3.5768210887908936,3.0243959720027953,3.0211970806121826
EHT-1864,3,SBC5,3.015913963317871,3.2422587831729066,3.2464263439178467
EHT-1864,3,SHP77,2.68265438079834,3.5165773235969784,3.530020236968994
EHT-1864,3,SKMES1,4.305447578430176,4.069925525149047,4.102078437805176
EHT-1864,3,ST486,3.7401909828186035,3.2841858663476717,3.28977108001709
EHT-1864,3,THP1,3.34335994720459,3.0598908118080117,3.057892084121704
EHT-1864,3,WSUDLCL2,3.591059446334839,3.3831007208492374,3.3920304775238037
EHT-1864,4,BEN,2.369447946548462,3.8149586241076734,3.872138261795044
EHT-1864,4,CALU3,3.8547959327697754,4.269098243683535,4.3740034103393555
EHT-1864,4,COLO668,3.6302905082702637,3.8974149618242437,3.9632599353790283
EHT-1864,4,DMS53,2.084965467453003,4.30152139293155,4.409833908081055
EHT-1864,4,DND41,3.654118537902832,3.1591119531936993,3.1473686695098877
EHT-1864,4,EBC1,4.076448440551758,3.5406259104318405,3.5689759254455566
EHT-1864,4,GRANTA519,3.9098284244537354,4.10057355123787,4.187768459320068
EHT-1864,4,HCC15,3.430389881134033,4.073101769236149,4.15740966796875
EHT-1864,4,HCC78,3.3221564292907715,4.11605461041543,4.20487642288208
EHT-1864,4,JEKO1,2.8259079456329346,3.5074265076172835,3.53228759765625
EHT-1864,4,KU812,1.9059964418411255,3.4931499575175464,3.5165107250213623
EHT-1864,4,L428,3.1756784915924072,3.273518741002004,3.2737984657287598
EHT-1864,4,LCLC97TM1,4.038241386413574,3.66361075321673,3.704885244369507
EHT-1864,4,LXF289,3.66314697265625,4.093424165276751,4.179867744445801
EHT-1864,4,MHHCALL2,2.885831117630005,3.3668176021316336,3.3769021034240723
EHT-1864,4,MONOMAC6,2.5094950199127197,3.3974619268504243,3.410766839981079
EHT-1864,4,NALM6,2.961836576461792,3.019096780285906,2.9926393032073975
EHT-1864,4,NAMALWA,3.512155532836914,3.0886409446550513,3.0694918632507324
EHT-1864,4,NCIH146,3.525959014892578,3.8432733251434366,3.903428554534912
EHT-1864,4,NCIH1781,3.72210693359375,3.7205303334558497,3.7677865028381348
EHT-1864,4,NCIH2030,4.293009281158447,3.371301879613734,3.3818576335906982
EHT-1864,4,NCIH2081,3.080833911895752,3.7153545905260645,3.7620668411254883
EHT-1864,4,NCIH2085,4.408268451690674,3.3143328935750764,3.318901777267456
EHT-1864,4,NCIH2171,2.8838560581207275,3.723378178669404,3.7709336280822754
EHT-1864,4,NCIH2172,3.0906031131744385,4.0707113052235595,4.154767990112305
EHT-1864,4,NCIH2196,3.3595190048217773,3.448873299805661,3.467581033706665
EHT-1864,4,NCIH2444,4.710653305053711,4.074188265334289,4.1586103439331055
EHT-1864,4,NCIH292,2.9328160285949707,3.8353271897600716,3.8946473598480225
EHT-1864,4,NCIH358,4.39603853225708,4.025560876821151,4.104872703552246
EHT-1864,4,NCIH522,3.7819440364837646,3.4362560510345186,3.4536378383636475
EHT-1864,4,NCIH524,4.281517505645752,3.8296105719855604,3.8883299827575684
EHT-1864,4,NCIH526,3.4331119060516357,3.5980975842998606,3.6324872970581055
EHT-1864,4,NCIH838,4.024366855621338,3.835286845286213,3.8946027755737305
EHT-1864,4,NCIH929,2.9659628868103027,3.1379606615992723,3.1239945888519287
EHT-1864,4,NUDUL1,3.2233386039733887,3.294286436475999,3.296748638153076
EHT-1864,4,RAJI,3.5607008934020996,3.1383392955651654,3.124413013458252
EHT-1864,4,RL,3.952094554901123,3.446026749067204,3.464435338973999
EHT-1864,4,SKLU1,4.318947792053223,3.4969304720385397,3.520688533782959
EHT-1864,4,SUDHL6,2.555562973022461,3.3794363611237226,3.3908469676971436
EHT-1864,4,SW1271,5.019947052001953,3.2008123897165657,3.193451404571533
EHT-1864,5,ALLSIL,3.1289734840393066,3.1174126444196757,3.1537230014801025
EHT-1864,5,BV173,2.5134174823760986,3.2092074739274765,3.2434606552124023
EHT-1864,5,CALU6,3.374189615249634,3.6904782435551606,3.7139458656311035
EHT-1864,5,CORL105,3.8263814449310303,3.787726323009943,3.8090145587921143
EHT-1864,5,CORL279,3.051304578781128,4.002303172477852,4.018782615661621
EHT-1864,5,CORL311,2.679927110671997,3.587658630332991,3.6134305000305176
EHT-1864,5,DB,3.8095529079437256,3.1802233041287717,3.2151260375976562
EHT-1864,5,HCC44,4.310100078582764,3.9710411245707036,3.9882211685180664
EHT-1864,5,HEL,3.222956895828247,2.976722210165881,3.0161855220794678
EHT-1864,5,HL60,3.1537864208221436,2.812318430704354,2.85546612739563
EHT-1864,5,JVM3,3.1843199729919434,3.52547621623496,3.5526416301727295
EHT-1864,5,KMH2,3.251400947570801,3.320003074907521,3.351773262023926
EHT-1864,5,KOPN8,3.0924808979034424,3.084666317479552,3.1217105388641357
EHT-1864,5,LAMA84,2.676323890686035,2.867185539249625,2.9091036319732666
EHT-1864,5,LOUCY,2.840494394302368,2.9912289281151803,3.030367136001587
EHT-1864,5,LOUNH91,5.360905170440674,4.11702043084374,4.130928993225098
EHT-1864,5,ME1,3.876988410949707,2.6974075283108316,2.7431304454803467
EHT-1864,5,MEG01,3.7903525829315186,3.2424857122331803,3.2759931087493896
EHT-1864,5,MOLP8,3.9071099758148193,2.963308337163469,3.0030722618103027
EHT-1864,5,NB4,3.436678409576416,3.2037393470463824,3.238115072250366
EHT-1864,5,NCIH1155,3.01886248588562,3.5724739144028055,3.598586082458496
EHT-1864,5,NCIH1436,3.7259185314178467,3.3302679155612998,3.3618080615997314
EHT-1864,5,NCIH1836,4.823657989501953,3.3827791030650753,3.413142442703247
EHT-1864,5,NCIH1963,3.4004108905792236,3.2061552635926613,3.2404768466949463
EHT-1864,5,NCIH2170,4.433429718017578,3.728341991945978,3.7509610652923584
EHT-1864,5,NCIH23,2.6212234497070312,3.7645602538702354,3.786367654800415
EHT-1864,5,NCIH2405,5.075281620025635,3.863719653532285,3.8833048343658447
EHT-1864,5,NCIH441,5.717316150665283,3.9363673810683704,3.95432448387146
EHT-1864,5,NCIH460,3.5452024936676025,3.7089151548361063,3.7319695949554443
EHT-1864,5,NCIH650,4.356890678405762,3.8523292874534025,3.8721697330474854
EHT-1864,5,NCIH727,3.4041736125946045,3.445881448236452,3.4748306274414062
EHT-1864,5,NCIH841,2.447305917739868,3.603913997750978,3.629321575164795
EHT-1864,5,OCIM1,2.6696619987487793,3.291183283036556,3.323599338531494
EHT-1864,5,PL21,3.4558730125427246,2.6512843987614962,2.6980409622192383
EHT-1864,5,REH,3.9085845947265625,2.897453027528697,2.938692808151245
EHT-1864,5,SKMM2,4.73068380355835,3.8103417017033046,3.831123113632202
EHT-1864,5,SUDHL1,3.4188671112060547,3.272768809098863,3.3055975437164307
EHT-1864,5,SUDHL10,3.783085584640503,3.138837380615669,3.1746675968170166
EHT-1864,5,SUPB15,3.367215394973755,2.9945301441832632,3.0335943698883057
EHT-1864,5,SUPM2,2.875788927078247,3.5719922431753774,3.5981152057647705
FULVESTRANT,1,A3KAW,2.55708909034729,3.6810141276185573,3.729656457901001
FULVESTRANT,1,A4FUK,3.7457799911499023,3.3052177233135605,3.1918439865112305
FULVESTRANT,1,ABC1,4.40886116027832,3.5783898024776284,3.5827879905700684
FULVESTRANT,1,CAL12T,2.491795063018799,3.7442187543858427,3.820110321044922
FULVESTRANT,1,COLO668,3.7151501178741455,3.9188968971410323,4.070096969604492
FULVESTRANT,1,CORL23,4.027101039886475,3.8667428469628793,3.995457887649536
FULVESTRANT,1,CORL279,3.0799953937530518,3.9184404269629245,4.069443702697754
FULVESTRANT,1,EM2,3.4620370864868164,3.3577406147232205,3.2670109272003174
FULVESTRANT,1,HCC366,4.5174431800842285,3.8372643693696027,3.953270435333252
FULVESTRANT,1,HCC827,4.165783882141113,3.9964661739474834,4.181108474731445
FULVESTRANT,1,HEL,3.5594289302825928,3.3803190624490322,3.299323558807373
FULVESTRANT,1,JEKO1,3.083620548248291,3.2322043187555414,3.0873525142669678
FULVESTRANT,1,KARPAS422,5.03593111038208,3.225325946232293,3.0775086879730225
FULVESTRANT,1,KU812,2.6808269023895264,3.531790194711257,3.5160980224609375
FULVESTRANT,1,LCLC97TM1,3.7077760696411133,3.6050769815912735,3.620980739593506
FULVESTRANT,1,MONOMAC6,2.2961769104003906,3.3832604629835816,3.3035330772399902
FULVESTRANT,1,NCIH1341,2.5993568897247314,3.458235856332685,3.410832405090332
FULVESTRANT,1,NCIH146,3.5253961086273193,4.081437597817318,4.302713394165039
FULVESTRANT,1,NCIH1568,3.925261974334717,3.676175710325574,3.7227320671081543
FULVESTRANT,1,NCIH1623,4.387022972106934,3.7806900552368057,3.872305393218994
FULVESTRANT,1,NCIH1792,3.038254976272583,3.7421591409508275,3.8171627521514893
FULVESTRANT,1,NCIH1975,3.4685449600219727,4.045614018153392,4.251445293426514
FULVESTRANT,1,NCIH2023,4.043108940124512,3.7770574522318303,3.8671066761016846
FULVESTRANT,1,NCIH2029,3.282320022583008,3.7680624907987808,3.854233741760254
FULVESTRANT,1,NCIH2030,3.5325570106506348,3.7770939365270877,3.867158889770508
FULVESTRANT,1,NCIH2085,4.054603099822998,3.7388297407648867,3.8123979568481445
FULVESTRANT,1,NCIH2110,3.231268882751465,3.810942199803488,3.915600061416626
FULVESTRANT,1,NCIH2171,1.8611470460891724,3.725824172372801,3.793785333633423
FULVESTRANT,1,NCIH2172,3.127002000808716,3.8398814095257667,3.9570157527923584
FULVESTRANT,1,NCIH2291,4.930283069610596,3.809653421227634,3.9137556552886963
FULVESTRANT,1,NCIH358,4.635715007781982,3.7930059205130644,3.8899309635162354
FULVESTRANT,1,NCIH446,4.447275161743164,3.712194206087451,3.7742791175842285
FULVESTRANT,1,NCIH524,3.2073349952697754,3.8787824978028964,4.012688159942627
FULVESTRANT,1,NCIH661,3.1507630348205566,3.820485258640177,3.929257392883301
FULVESTRANT,1,NCIH727,4.523871898651123,3.9524411246236197,4.11810302734375
FULVESTRANT,1,NCIH841,3.483309030532837,3.820278347705429,3.9289612770080566
FULVESTRANT,1,RS411,3.0171029567718506,3.2338337840154208,3.08968448638916
FULVESTRANT,1,SHP77,2.398998975753784,3.7671647105835175,3.8529489040374756
FULVESTRANT,1,SUDHL4,2.7740325927734375,3.1850759386003693,3.0199058055877686
FULVESTRANT,1,SUPM2,2.0795509815216064,3.0896698396919366,2.8833675384521484
FULVESTRANT,1,THP1,3.620910406112671,3.680163826965616,3.7284395694732666
FULVESTRANT,2,BL41,3.221066951751709,3.1142038913680854,3.139063835144043
FULVESTRANT,2,DAUDI,3.1256189346313477,3.1336578833796604,3.159223794937134
FULVESTRANT,2,EBC1,3.7083868980407715,3.995058342107411,4.051883697509766
FULVESTRANT,2,EPLC272H,3.441344976425171,3.935897564551059,3.9905760288238525
FULVESTRANT,2,HARA,2.6998701095581055,3.786910957706921,3.8361828327178955
FULVESTRANT,2,HCC15,4.0531721115112305,3.73746371708694,3.7849411964416504
FULVESTRANT,2,HDLM2,2.748652935028076,3.436338320320379,3.472888231277466
FULVESTRANT,2,IALM,4.730807781219482,3.588908490672828,3.630995035171509
FULVESTRANT,2,JVM2,2.7882111072540283,3.539318376854422,3.5796053409576416
FULVESTRANT,2,K562,3.3281259536743164,3.7745237823826403,3.8233461380004883
FULVESTRANT,2,KCL22,2.3655450344085693,3.126129547149629,3.1514222621917725
FULVESTRANT,2,KOPN8,3.0029709339141846,2.870345109448328,2.8863556385040283
FULVESTRANT,2,L1236,3.18408203125,3.212421507954642,3.2408456802368164
FULVESTRANT,2,LCLC103H,4.98567008972168,3.5165626565488193,3.5560238361358643
FULVESTRANT,2,LU65,3.2777769565582275,3.7371430001165633,3.784608840942383
FULVESTRANT,2,LXF289,2.896588087081909,3.6204165172819227,3.6636464595794678
FULVESTRANT,2,MEG01,4.329402923583984,3.492756898759142,3.5313541889190674
FULVESTRANT,2,MOLT13,2.571716070175171,3.196294781958552,3.2241337299346924
FULVESTRANT,2,NALM6,3.3805699348449707,3.1905547764392366,3.2181854248046875
FULVESTRANT,2,NCIH1048,3.3829190731048584,3.8347205631797427,3.8857274055480957
FULVESTRANT,2,NCIH1437,3.8034539222717285,3.4160254786313176,3.451838254928589
FULVESTRANT,2,NCIH1648,3.7270190715789795,4.053036792181148,4.111966133117676
FULVESTRANT,2,NCIH1793,5.251370906829834,3.84149496145287,3.892747640609741
FULVESTRANT,2,NCIH1836,3.94571852684021,3.8680072575779207,3.920222043991089
FULVESTRANT,2,NCIH196,4.758592128753662,3.6468377058601518,3.691026449203491
FULVESTRANT,2,NCIH1963,2.0828135013580322,3.7123925767025203,3.758960247039795
FULVESTRANT,2,NCIH2066,5.142643928527832,3.6512244422117806,3.6955723762512207
FULVESTRANT,2,NCIH209,3.644705057144165,3.5846342583373496,3.62656569480896
FULVESTRANT,2,NCIH2122,2.9005000591278076,3.786645457431588,3.8359076976776123
FULVESTRANT,2,NCIH2170,3.9993269443511963,3.7884689887853935,3.8377974033355713
FULVESTRANT,2,NCIH2196,3.569888114929199,3.8688612757945906,3.921107053756714
FULVESTRANT,2,NCIH2227,5.075343132019043,3.664602987281652,3.7094364166259766
FULVESTRANT,2,NCIH2228,4.314998149871826,3.892791041078552,3.9459052085876465
FULVESTRANT,2,NCIH2342,3.883857011795044,3.7295086018181363,3.7766973972320557
FULVESTRANT,2,NCIH596,4.575713157653809,4.0695981195811415,4.129128456115723
FULVESTRANT,2,OCILY19,2.809504985809326,3.2762490165204055,3.3069894313812256
FULVESTRANT,2,PF382,3.5077970027923584,3.018389351363726,3.0397722721099854
FULVESTRANT,2,PL21,3.796266555786133,3.1865630695267297,3.2140488624572754
FULVESTRANT,2,RCHACV,2.8955864906311035,3.222037035257311,3.250810146331787
FULVESTRANT,2,SBC5,3.2504661083221436,3.683844625086873,3.7293763160705566
FULVESTRANT,2,SUDHL1,2.389143943786621,3.0076980187859634,3.0286929607391357
FULVESTRANT,3,697,3.1726250648498535,3.3825824192902454,3.3661863803863525
FULVESTRANT,3,A549,2.874380111694336,3.6884710339936464,3.7572762966156006
FULVESTRANT,3,ALLSIL,2.721158027648926,3.4395634626967406,3.4390387535095215
FULVESTRANT,3,AMO1,2.821481943130493,3.342821095125949,3.31535005569458
FULVESTRANT,3,CHAGOK1,3.260235548019409,3.7811701931369686,3.875795602798462
FULVESTRANT,3,CORL105,3.589046001434326,3.8015441818446525,3.9018445014953613
FULVESTRANT,3,CORL311,4.068506717681885,3.4690429686216966,3.476729393005371
FULVESTRANT,3,DMS53,3.4420340061187744,3.7583164246272145,3.84657621383667
FULVESTRANT,3,EHEB,5.475887775421143,3.434238779852079,3.4322309494018555
FULVESTRANT,3,HCC44,3.653909921646118,3.506087126934289,3.5240917205810547
FULVESTRANT,3,HL60,4.173285007476807,3.172323087059233,3.0973620414733887
FULVESTRANT,3,JM1,2.3036019802093506,3.1821601561011046,3.1099390983581543
FULVESTRANT,3,JURKAT,3.3205249309539795,3.1393230695623653,3.0551702976226807
FULVESTRANT,3,JURLMK1,4.192941188812256,3.3693173315913234,3.349226474761963
FULVESTRANT,3,KMS11,3.6861793994903564,3.4483620377005817,3.4502880573272705
FULVESTRANT,3,L428,4.607085227966309,3.1044884849356458,3.0106329917907715
FULVESTRANT,3,L540,2.327928066253662,3.1172864461189875,3.0269956588745117
FULVESTRANT,3,LOUCY,2.740125894546509,3.2849899001088625,3.241410732269287
FULVESTRANT,3,MHHCALL2,3.0929460525512695,3.202591952880577,3.136061906814575
FULVESTRANT,3,MOLP8,3.555475950241089,3.324850057428152,3.2923734188079834
FULVESTRANT,3,NCIH1092,5.332070827484131,3.8147061474026103,3.918672561645508
FULVESTRANT,3,NCIH1105,4.040247440338135,3.607031581891142,3.6531529426574707
FULVESTRANT,3,NCIH1436,4.011199474334717,3.3542918948676204,3.3300158977508545
FULVESTRANT,3,NCIH1915,4.509880065917969,3.661573124668168,3.722886323928833
FULVESTRANT,3,NCIH2087,4.244112014770508,3.826407060565529,3.9336326122283936
FULVESTRANT,3,NCIH2405,4.908775806427002,3.735738083607884,3.817708969116211
FULVESTRANT,3,NCIH292,2.9532220363616943,3.774281149278653,3.866987705230713
FULVESTRANT,3,NUDUL1,3.0975120067596436,3.298631299707362,3.2588517665863037
FULVESTRANT,3,OCIM1,3.637695074081421,3.3639797817887476,3.342402219772339
FULVESTRANT,3,OPM2,3.926582098007202,3.1557978105890983,3.0762338638305664
FULVESTRANT,3,P12ICHIKAWA,3.721081018447876,3.121136277222442,3.0319178104400635
FULVESTRANT,3,REH,3.2099759578704834,3.328575507938436,3.2971365451812744
FULVESTRANT,3,RERFLCMS,2.9609720706939697,3.7413915265511357,3.824937105178833
FULVESTRANT,3,RPMI8226,2.9104349613189697,3.3560071163008764,3.3322088718414307
FULVESTRANT,3,RPMI8402,1.6096489429473877,3.292542431449188,3.2510669231414795
FULVESTRANT,3,SKLU1,5.178733825683594,3.7688356289161886,3.860025405883789
FULVESTRANT,3,SKM1,3.627042055130005,3.392372309486431,3.3787031173706055
FULVESTRANT,3,SKMES1,3.7585179805755615,3.7107415004112907,3.785749912261963
FULVESTRANT,3,SUDHL10,2.8195860385894775,3.115909122189217,3.0252346992492676
FULVESTRANT,3,SUDHL5,2.2069060802459717,3.2356848362476085,3.178372383117676
FULVESTRANT,3,SW1573,4.596957206726074,3.6455472353472245,3.7023966312408447
FULVESTRANT,4,BEN,4.564076900482178,3.7651799448660936,3.8325817584991455
FULVESTRANT,4,BV173,3.017772912979126,3.1929700386616564,3.1470625400543213
FULVESTRANT,4,CALU3,3.5795071125030518,3.925454783820997,4.024594306945801
FULVESTRANT,4,CMK,4.180800914764404,3.660472399482517,3.7071399688720703
FULVESTRANT,4,CORL95,4.426657199859619,3.570750737317458,3.599651575088501
FULVESTRANT,4,DB,4.050137042999268,3.324713150633579,3.3048934936523438
FULVESTRANT,4,DMS114,3.9607200622558594,3.9007349025681095,3.9949793815612793
FULVESTRANT,4,DMS79,5.00173282623291,3.4815829211723868,3.4928267002105713
FULVESTRANT,4,DND41,2.2564139366149902,3.193545576818252,3.147752046585083
FULVESTRANT,4,DOHH2,1.6790134906768799,3.0984122240956893,3.033780336380005
FULVESTRANT,4,GRANTA519,4.639656066894531,3.1681001035463647,3.1172678470611572
FULVESTRANT,4,HCC33,3.222338914871216,3.7783631916314846,3.8483755588531494
FULVESTRANT,4,JVM3,1.9592629671096802,3.5208150408261236,3.539827585220337
FULVESTRANT,4,KG1,4.303512096405029,3.699858951228065,3.7543258666992188
FULVESTRANT,4,KMH2,2.8385190963745117,3.433594939735894,3.435336112976074
FULVESTRANT,4,L363,3.2585999965667725,3.2124726625447977,3.170427083969116
FULVESTRANT,4,LAMA84,2.274893045425415,3.5743820805897255,3.604001998901367
FULVESTRANT,4,NAMALWA,3.81439208984375,3.0521560314001,2.9783644676208496
FULVESTRANT,4,NB4,2.7543580532073975,3.2031993736503024,3.1593174934387207
FULVESTRANT,4,NCIH1155,3.3400380611419678,4.0964095173726145,4.229401588439941
FULVESTRANT,4,NCIH1435,4.38759183883667,3.6753257417562586,3.7249345779418945
FULVESTRANT,4,NCIH1650,3.7158548831939697,3.6547058733326168,3.7002315521240234
FULVESTRANT,4,NCIH1651,3.1019480228424072,3.959792042997686,4.065731048583984
FULVESTRANT,4,NCIH1944,3.431077003479004,3.6749738913202763,3.724513053894043
FULVESTRANT,4,NCIH23,2.861172914505005,3.8921308857416057,3.9846715927124023
FULVESTRANT,4,NCIH2444,4.4824724197387695,3.6148984145327123,3.652541399002075
FULVESTRANT,4,NCIH460,3.784986972808838,4.032519209698544,4.152859687805176
FULVESTRANT,4,NCIH526,3.1860270500183105,3.677606600266888,3.7276670932769775
FULVESTRANT,4,NCIH650,4.043529033660889,3.7234434779915415,3.782580614089966
FULVESTRANT,4,NCIH69,3.6083104610443115,3.9270424890123246,4.026496410369873
FULVESTRANT,4,NCIH810,3.642549991607666,3.751598478235091,3.8163108825683594
FULVESTRANT,4,NCIH838,3.7808620929718018,3.801057544752343,3.875563859939575
FULVESTRANT,4,NOMO1,2.6160190105438232,3.2526415242812092,3.218550205230713
FULVESTRANT,4,OCIAML3,3.5108089447021484,3.4890675043436867,3.501793384552002
FULVESTRANT,4,RAJI,4.64488410949707,3.1373959787357912,3.0804836750030518
FULVESTRANT,4,RERFLCKJ,3.3339760303497314,3.8944935375379757,3.987502098083496
FULVESTRANT,4,RL,2.5919134616851807,2.99652784063793,2.9117207527160645
FULVESTRANT,4,SIGM5,1.5784859657287598,3.5717264854439406,3.600820541381836
FULVESTRANT,4,SUPB15,3.1833834648132324,3.0972521923132565,3.032390594482422
FULVESTRANT,4,SUPT1,3.6673998832702637,3.139905102206869,3.0834896564483643
FULVESTRANT,5,CA46,3.7089738845825195,3.189208130423497,3.104125738143921
FULVESTRANT,5,CALU6,4.015168190002441,3.7079734862181657,3.795471429824829
FULVESTRANT,5,CMLT1,3.7023489475250244,3.053490200866937,2.923257827758789
FULVESTRANT,5,CORL88,4.232431411743164,3.6008586271195218,3.652722120285034
FULVESTRANT,5,DMS273,3.685420036315918,3.2741326701763893,3.2173025608062744
FULVESTRANT,5,EJM,3.9235360622406006,3.5711034261786274,3.613068103790283
FULVESTRANT,5,GA10,3.4854559898376465,3.114067396858974,3.0039875507354736
FULVESTRANT,5,GDM1,3.074831962585449,3.121410081860971,3.013772964477539
FULVESTRANT,5,HCC78,2.207426071166992,3.847368393696565,3.9812395572662354
FULVESTRANT,5,HH,3.018791913986206,3.2716602410964586,3.214007616043091
FULVESTRANT,5,HT,3.731306552886963,2.9934881756051444,2.843294620513916
FULVESTRANT,5,KMS12BM,2.317608594894409,3.3726414365912367,3.3485827445983887
FULVESTRANT,5,KNS62,5.152923107147217,3.6737172835969543,3.749819040298462
FULVESTRANT,5,LOUNH91,3.512821912765503,3.759590363073565,3.864259958267212
FULVESTRANT,5,LP1,3.1682910919189453,3.40868898743078,3.3966224193573
FULVESTRANT,5,ME1,5.048026084899902,3.434601368065096,3.431155204772949
FULVESTRANT,5,MM1S,2.272603988647461,3.3441347944454822,3.3105926513671875
FULVESTRANT,5,MOLM13,2.672199010848999,3.4748280754391674,3.484764337539673
FULVESTRANT,5,MOLM16,2.7971715927124023,3.638058129539794,3.7022969722747803
FULVESTRANT,5,MOLT16,1.6949330568313599,3.080994274809802,2.959911823272705
FULVESTRANT,5,NCIH1781,4.1402411460876465,3.617852193938947,3.6753690242767334
FULVESTRANT,5,NCIH1876,4.690907955169678,3.8212459818220292,3.9464268684387207
FULVESTRANT,5,NCIH2009,3.6242876052856445,3.6992310700207,3.783820629119873
FULVESTRANT,5,NCIH2081,4.189513683319092,3.633590403677774,3.696342945098877
FULVESTRANT,5,NCIH211,3.0249478816986084,3.6446810907944274,3.71112322807312
FULVESTRANT,5,NCIH2347,4.800189971923828,3.888778360544925,4.036425590515137
FULVESTRANT,5,NCIH441,5.5510430335998535,3.642477372892359,3.708186388015747
FULVESTRANT,5,NCIH522,3.653764009475708,3.8595570039147766,3.997483015060425
FULVESTRANT,5,NCIH647,3.1424965858459473,3.9366708503825243,4.100250720977783
FULVESTRANT,5,NCIH82,3.500509023666382,3.5580084971674397,3.5956168174743652
FULVESTRANT,5,NCIH929,2.9594359397888184,3.3610263869830295,3.333103656768799
FULVESTRANT,5,OCIAML2,3.0994889736175537,3.242884887772842,3.175659418106079
FULVESTRANT,5,OCIAML5,4.57131290435791,3.4628913595874207,3.4688565731048584
FULVESTRANT,5,P31FUJ,3.616835117340088,3.0614865946864493,2.9339144229888916
FULVESTRANT,5,SKMM2,4.972629070281982,3.7395211087908855,3.8375141620635986
FULVESTRANT,5,ST486,2.703486919403076,3.0140413604711243,2.870685338973999
FULVESTRANT,5,SUDHL6,2.0648410320281982,3.455565849201319,3.4590940475463867
FULVESTRANT,5,SUDHL8,3.5483360290527344,3.07938504908086,2.9577672481536865
FULVESTRANT,5,SW1271,4.825417995452881,3.6083757418142057,3.6627399921417236
FULVESTRANT,5,WSUDLCL2,2.874915599822998,3.3992710363414314,3.3840713500976562
GEFITINIB,1,A549,1.8239145278930664,2.574782187677597,2.5513761043548584
GEFITINIB,1,CALU3,1.9529249668121338,2.5683678322635175,2.5461530685424805
GEFITINIB,1,CMLT1,2.6229660511016846,3.0752339624837153,2.9588804244995117
GEFITINIB,1,CORL23,3.794116973876953,2.081287325485643,2.149536609649658
GEFITINIB,1,CORL95,2.336498975753784,2.8014487071843064,2.7359445095062256
GEFITINIB,1,DB,-0.6095564961433411,1.5706566739910213,1.7337439060211182
GEFITINIB,1,DMS114,2.4654905796051025,2.9633245859813155,2.867755651473999
GEFITINIB,1,DMS79,2.099900960922241,3.021005765614225,2.9147238731384277
GEFITINIB,1,EBC1,4.122109889984131,3.161715764821471,3.0293002128601074
GEFITINIB,1,EHEB,2.567495107650757,2.11630759203519,2.1780526638031006
GEFITINIB,1,HCC827,-1.3662126064300537,1.9335726873697832,2.029256582260132
GEFITINIB,1,HH,4.200081825256348,1.8929641987790893,1.9961901903152466
GEFITINIB,1,JURKAT,2.9193971157073975,2.0374151489128876,2.1138126850128174
GEFITINIB,1,KCL22,2.1495349407196045,1.7258961090651193,1.8601511716842651
GEFITINIB,1,KMS11,1.6914050579071045,1.756065129543631,1.8847169876098633
GEFITINIB,1,LCLC103H,4.477997779846191,2.0769181735484135,2.1459789276123047
GEFITINIB,1,LCLC97TM1,2.639024019241333,1.7388177836876797,1.8706729412078857
GEFITINIB,1,MONOMAC6,0.8507819771766663,2.732651400135707,2.679924726486206
GEFITINIB,1,NAMALWA,1.9271759986877441,1.8580039560967943,1.96772301197052
GEFITINIB,1,NCIH146,2.308701992034912,2.9617531318567267,2.866476058959961
GEFITINIB,1,NCIH1623,0.29270151257514954,2.083727515288945,2.1515235900878906
GEFITINIB,1,NCIH1781,1.434386968612671,2.349350110240808,2.3678128719329834
GEFITINIB,1,NCIH1876,2.230773448944092,2.4547625619117386,2.4536473751068115
GEFITINIB,1,NCIH1915,2.9431419372558594,2.2730867125041363,2.305713653564453
GEFITINIB,1,NCIH1963,2.1363439559936523,2.674461628027595,2.632542371749878
GEFITINIB,1,NCIH2029,1.809473991394043,2.6805102770504665,2.637467622756958
GEFITINIB,1,NCIH2030,3.5335612297058105,2.474873778233984,2.4700233936309814
GEFITINIB,1,NCIH2087,2.7495737075805664,2.947807684298332,2.8551206588745117
GEFITINIB,1,NCIH211,2.287989616394043,2.5973130978484726,2.5697224140167236
GEFITINIB,1,NCIH2110,0.7920655012130737,1.869734962152625,1.9772752523422241
GEFITINIB,1,NCIH2122,1.8743269443511963,2.017739618027085,2.0977914333343506
GEFITINIB,1,NCIH2342,2.7342910766601562,2.6119211503414577,2.5816173553466797
GEFITINIB,1,NCIH358,2.5264782905578613,2.74753790481287,2.6920464038848877
GEFITINIB,1,NCIH647,2.4052250385284424,2.182813451351531,2.2322065830230713
GEFITINIB,1,NCIH69,2.4668385982513428,2.9292939812430427,2.84004545211792
GEFITINIB,1,NOMO1,1.8192025423049927,1.9926809710465245,2.0773868560791016
GEFITINIB,1,RERFLCKJ,1.1971750259399414,2.637427780331263,2.602386713027954
GEFITINIB,1,SBC5,2.406599521636963,2.34985987391342,2.368227958679199
GEFITINIB,1,ST486,1.5348739624023438,1.9891682572152058,2.07452654838562
GEFITINIB,1,SUPB15,1.3049260377883911,2.157223373546278,2.211369276046753
GEFITINIB,1,SW1271,6.232480525970459,1.8096433118506865,1.9283442497253418
GEFITINIB,2,A3KAW,2.2228689193725586,2.108204335460204,2.1091244220733643
GEFITINIB,2,DAUDI,1.9114019870758057,1.9740785244644934,1.9726808071136475
GEFITINIB,2,DMS53,2.865339994430542,2.4455072452976196,2.452256202697754
GEFITINIB,2,DOHH2,0.42923250794410706,1.866823413467341,1.8635722398757935
GEFITINIB,2,EM2,1.7838845252990723,1.5907396649660028,1.5827175378799438
GEFITINIB,2,GA10,1.7924954891204834,1.8836625557742133,1.8807023763656616
GEFITINIB,2,HCC44,2.749230146408081,2.5314178311414275,2.539651393890381
GEFITINIB,2,HDLM2,2.604109048843384,2.65843430807909,2.668862819671631
GEFITINIB,2,IALM,4.1742987632751465,2.714114873039491,2.7255055904388428
GEFITINIB,2,JURLMK1,-0.2936129868030548,2.496572625769622,2.504204034805298
GEFITINIB,2,JVM2,1.697172999382019,1.890009489104008,1.887158989906311
GEFITINIB,2,KNS62,2.007603883743286,2.1906690012586676,2.193014144897461
GEFITINIB,2,LP1,2.1183669567108154,2.149510142883969,2.151144027709961
GEFITINIB,2,LU65,0.9554449915885925,2.1302809106211407,2.131582498550415
GEFITINIB,2,ME1,2.3698339462280273,1.9333101240096442,1.9312078952789307
GEFITINIB,2,MOLM13,1.0530250072479248,1.8985603066170573,1.895857572555542
GEFITINIB,2,MOLT13,1.0867760181427002,2.442443814643148,2.4491398334503174
GEFITINIB,2,NCIH1048,3.3204522132873535,2.573885403216269,2.582852840423584
GEFITINIB,2,NCIH1092,3.5290510654449463,2.4211399524244337,2.4274678230285645
GEFITINIB,2,NCIH1105,2.323483467102051,2.634582157167386,2.6445984840393066
GEFITINIB,2,NCIH1650,2.4816951751708984,2.174130553736409,2.17618989944458
GEFITINIB,2,NCIH1651,3.0476369857788086,2.449555726754688,2.4563746452331543
GEFITINIB,2,NCIH1944,1.963897466659546,2.5051580126363193,2.5129377841949463
GEFITINIB,2,NCIH196,2.4786579608917236,2.6999498753097373,2.7110958099365234
GEFITINIB,2,NCIH2023,2.516284465789795,2.7000129204360515,2.7111599445343018
GEFITINIB,2,NCIH2081,2.4516489505767822,2.0249922685174426,2.0244743824005127
GEFITINIB,2,NCIH2085,1.7324415445327759,2.4368813126805415,2.443481206893921
GEFITINIB,2,NCIH2170,0.9447383284568787,2.372361305400192,2.3778462409973145
GEFITINIB,2,NCIH2227,3.4567480087280273,2.73830123343121,2.750109910964966
GEFITINIB,2,NCIH2228,6.167985439300537,2.7097952272287213,2.721111297607422
GEFITINIB,2,NCIH292,0.3902515769004822,2.3243066226703166,2.328961133956909
GEFITINIB,2,NCIH522,2.44364857673645,2.5765644695318732,2.585578203201294
GEFITINIB,2,NCIH727,1.6387455463409424,1.9674585518330034,1.9659464359283447
GEFITINIB,2,NCIH838,2.3013339042663574,2.444681096337554,2.451415777206421
GEFITINIB,2,RAJI,1.8580739498138428,1.9986537021965665,1.9976806640625
GEFITINIB,2,RERFLCMS,3.5725040435791016,2.815640728886778,2.8287858963012695
GEFITINIB,2,SIGM5,1.3197040557861328,1.8721425237434146,1.868983268737793
GEFITINIB,2,SKMES1,2.0919549465179443,2.8604458923737304,2.8743653297424316
GEFITINIB,2,SUDHL8,5.889161109924316,2.111952590869657,2.1129374504089355
GEFITINIB,2,SW1573,5.471110820770264,2.9990629069217047,3.0153777599334717
GEFITINIB,2,WSUDLCL2,1.8918784856796265,2.028286552143734,2.0278255939483643
GEFITINIB,3,697,2.3346800804138184,3.452920572670173,3.4197936058044434
GEFITINIB,3,A4FUK,1.6005560159683228,2.150004950517477,2.135957956314087
GEFITINIB,3,BEN,4.370938777923584,2.2350221295296673,2.2197301387786865
GEFITINIB,3,CAL12T,1.2953234910964966,2.7406914940571507,2.717994451522827
GEFITINIB,3,CMK,0.4288339912891388,1.9561064968690904,1.9448989629745483
GEFITINIB,3,CORL105,-0.428754985332489,2.1700045519257856,2.1556646823883057
GEFITINIB,3,CORL311,3.4929940700531006,2.219885236085727,2.204814910888672
GEFITINIB,3,CORL88,1.6822030544281006,2.3128602994707133,2.2964284420013428
GEFITINIB,3,GDM1,2.041041612625122,2.1505353309652007,2.1364805698394775
GEFITINIB,3,HARA,0.19880558550357819,1.8000141035290336,1.7910923957824707
GEFITINIB,3,HCC33,2.8031420707702637,2.2883831934159096,2.2723097801208496
GEFITINIB,3,HCC366,2.517272472381592,3.169559979236375,3.14058256149292
GEFITINIB,3,HEL,2.439610004425049,1.895257438587004,1.8849409818649292
GEFITINIB,3,JM1,1.4182319641113281,1.858695062357733,1.8489140272140503
GEFITINIB,3,JVM3,1.0611159801483154,1.9264397923458707,1.9156666994094849
GEFITINIB,3,KARPAS422,1.932168960571289,1.7462727965435227,1.7381380796432495
GEFITINIB,3,KMS12BM,1.6312780380249023,2.430012194213594,2.411864757537842
GEFITINIB,3,L1236,2.0437285900115967,2.642100979289518,2.620847702026367
GEFITINIB,3,LXF289,3.8004989624023438,2.289008180959919,2.272925615310669
GEFITINIB,3,MHHCALL2,1.4780545234680176,2.0226589596783247,2.01047682762146
GEFITINIB,3,MM1S,1.843222975730896,1.798261815571729,1.7893657684326172
GEFITINIB,3,NALM6,2.680187940597534,2.06681990688401,2.0539910793304443
GEFITINIB,3,NCIH1436,2.8853158950805664,2.5281112843966804,2.5085272789001465
GEFITINIB,3,NCIH209,2.0011653900146484,2.2895898573268565,2.273498773574829
GEFITINIB,3,NCIH441,3.2256383895874023,2.8349254851198302,2.8108484745025635
GEFITINIB,3,NCIH460,3.647084951400757,2.5455644789473975,2.5257248878479004
GEFITINIB,3,NCIH661,2.370832920074463,2.571961794506367,2.5517356395721436
GEFITINIB,3,NCIH841,1.8361321687698364,2.0971798322022694,2.083906412124634
GEFITINIB,3,NUDUL1,1.9682995080947876,2.0646028101492986,2.0518064498901367
GEFITINIB,3,OCIAML3,1.9922415018081665,1.900153900234062,1.889765739440918
GEFITINIB,3,OCILY19,2.5578079223632812,1.6228480399816523,1.6165207624435425
GEFITINIB,3,OCIM1,1.7581055164337158,2.0380881430770326,2.0256800651550293
GEFITINIB,3,P12ICHIKAWA,3.132838010787964,1.6423781143558331,1.6357648372650146
GEFITINIB,3,RL,2.3427164554595947,2.5242449754668583,2.5047175884246826
GEFITINIB,3,RPMI8402,2.914544105529785,2.1600720166251293,2.1458775997161865
GEFITINIB,3,RS411,0.705689013004303,1.9136314190838029,1.903045892715454
GEFITINIB,3,SKLU1,2.902458906173706,3.1660907297566965,3.1371641159057617
GEFITINIB,3,SKMM2,3.2822940349578857,2.020938126765821,2.0087811946868896
GEFITINIB,3,SUDHL1,5.732271671295166,2.637846321537344,2.6166553497314453
GEFITINIB,3,SUDHL10,1.4025349617004395,1.5918228404658497,1.5859498977661133
GEFITINIB,3,SUDHL6,1.5768585205078125,1.5126555739010157,1.5079419612884521
GEFITINIB,4,ALLSIL,1.785902500152588,2.959734188262211,2.848578691482544
GEFITINIB,4,AMO1,2.7718679904937744,2.335355886375721,2.3406903743743896
GEFITINIB,4,BL41,1.3448859453201294,1.7472714539059568,1.862324595451355
GEFITINIB,4,CA46,2.5435850620269775,1.8001405686004324,1.905329942703247
GEFITINIB,4,CHAGOK1,2.4679510593414307,2.036145025571527,2.0973031520843506
GEFITINIB,4,DMS273,2.3359694480895996,2.66055791356512,2.605219602584839
GEFITINIB,4,GRANTA519,2.9184656143188477,1.5275815274476292,1.683622121810913
GEFITINIB,4,HCC78,4.021237850189209,2.123503670061328,2.168363332748413
GEFITINIB,4,HL60,2.049673080444336,1.8411734674467581,1.9387073516845703
GEFITINIB,4,JEKO1,1.55492103099823,1.7037400019240514,1.8269147872924805
GEFITINIB,4,KMH2,2.07883358001709,2.4086259680679483,2.4002904891967773
GEFITINIB,4,KOPN8,3.225476026535034,2.4983531746890906,2.4732773303985596
GEFITINIB,4,KU812,1.6369924545288086,1.6992399976668446,1.8232543468475342
GEFITINIB,4,L363,2.6767048835754395,2.0023734506011888,2.0698323249816895
GEFITINIB,4,L428,1.5892289876937866,2.330789934032937,2.3369762897491455
GEFITINIB,4,MOLP8,2.096165418624878,2.183778754766158,2.217392921447754
GEFITINIB,4,MOLT16,1.259207010269165,2.3738581373514855,2.37200927734375
GEFITINIB,4,NB4,1.7044190168380737,2.159595738336187,2.1977217197418213
GEFITINIB,4,NCIH1341,2.8375515937805176,2.349693293282874,2.3523528575897217
GEFITINIB,4,NCIH1568,0.9978541135787964,1.9645054736573786,2.039029359817505
GEFITINIB,4,NCIH1792,1.9790902137756348,2.304181200464124,2.3153319358825684
GEFITINIB,4,NCIH1836,3.3383569717407227,2.4962929564956493,2.4716014862060547
GEFITINIB,4,NCIH1975,2.2263994216918945,2.598043231874078,2.554368257522583
GEFITINIB,4,NCIH2066,3.7520954608917236,2.1840299436965576,2.217597246170044
GEFITINIB,4,NCIH2291,3.0733025074005127,2.399970355111551,2.393249750137329
GEFITINIB,4,NCIH23,2.522974967956543,3.761750839665482,3.5009634494781494
GEFITINIB,4,NCIH2347,5.957093715667725,2.7152180317125794,2.649681806564331
GEFITINIB,4,NCIH2444,3.4627726078033447,2.3517919079172516,2.354059934616089
GEFITINIB,4,NCIH446,3.9852449893951416,2.428299307854828,2.4162933826446533
GEFITINIB,4,NCIH524,2.2506825923919678,2.2787917737219883,2.2946794033050537
GEFITINIB,4,NCIH82,1.8267110586166382,2.5005212546402764,2.475040912628174
GEFITINIB,4,NCIH929,0.8951159715652466,1.9962707613131476,2.064868211746216
GEFITINIB,4,OCIAML2,2.6325769424438477,1.214137164608892,1.4286569356918335
GEFITINIB,4,OCIAML5,1.4267070293426514,2.3244477799185983,2.331817388534546
GEFITINIB,4,OPM2,1.5051569938659668,1.8718448961897485,1.9636564254760742
GEFITINIB,4,RCHACV,1.5768860578536987,1.9473791954868034,2.0250983238220215
GEFITINIB,4,RPMI8226,1.3474705219268799,1.8840124645301,1.9735538959503174
GEFITINIB,4,SKM1,0.3376685082912445,1.9765147665923442,2.048798084259033
GEFITINIB,4,SUDHL5,0.8966525197029114,1.7280220870336898,1.8466665744781494
GEFITINIB,4,SUPT1,1.9828660488128662,2.0812321196165553,2.1339783668518066
GEFITINIB,5,ABC1,3.0350685119628906,2.817698794750273,2.8140645027160645
GEFITINIB,5,BV173,2.701848030090332,2.3314853518033134,2.3022572994232178
GEFITINIB,5,CALU6,4.442319869995117,2.430043529545295,2.406003475189209
GEFITINIB,5,COLO668,1.2928112745285034,2.359898377326005,2.3321659564971924
GEFITINIB,5,CORL279,1.6064130067825317,2.3149955321984312,2.2848994731903076
GEFITINIB,5,DND41,1.5910370349884033,2.592180512050862,2.5766751766204834
GEFITINIB,5,EJM,2.0940985679626465,2.2003192148962296,2.164186716079712
GEFITINIB,5,EPLC272H,0.7353370189666748,2.13989074391766,2.1005773544311523
GEFITINIB,5,HCC15,2.251758575439453,2.052661899407866,2.0087568759918213
GEFITINIB,5,HT,4.168127059936523,2.574801695386077,2.5583815574645996
GEFITINIB,5,K562,3.0578269958496094,2.3930084782699104,2.367018938064575
GEFITINIB,5,KG1,3.341322898864746,2.0453630636740145,2.0010738372802734
GEFITINIB,5,L540,1.5547055006027222,3.8063756409149505,3.8547842502593994
GEFITINIB,5,LAMA84,2.9127540588378906,1.8336476777459507,1.7782139778137207
GEFITINIB,5,LOUCY,1.5034974813461304,2.9128484331917512,2.9142227172851562
GEFITINIB,5,LOUNH91,1.4169039726257324,2.020690733932934,1.9751027822494507
GEFITINIB,5,MEG01,1.6390705108642578,2.345630484130714,2.3171470165252686
GEFITINIB,5,MOLM16,1.5908160209655762,1.921681715771147,1.8708820343017578
GEFITINIB,5,NCIH1155,1.9631885290145874,2.570993164032634,2.554372549057007
GEFITINIB,5,NCIH1435,3.205246925354004,2.221315626730637,2.186288356781006
GEFITINIB,5,NCIH1437,2.2715890407562256,2.039930102533661,1.9953548908233643
GEFITINIB,5,NCIH1648,0.28337499499320984,2.505347582664816,2.485271453857422
GEFITINIB,5,NCIH1793,4.350160121917725,2.603375306619717,2.5884592533111572
GEFITINIB,5,NCIH2009,2.55765700340271,2.635077734512082,2.621830463409424
GEFITINIB,5,NCIH2171,2.683820962905884,2.9406363295716833,2.9434733390808105
GEFITINIB,5,NCIH2172,2.902343511581421,2.35003764458717,2.3217861652374268
GEFITINIB,5,NCIH2196,4.196342945098877,2.7802866275246365,2.7746829986572266
GEFITINIB,5,NCIH2405,2.8996975421905518,2.496757945849592,2.476229667663574
GEFITINIB,5,NCIH526,1.4524400234222412,2.230578409854658,2.1960387229919434
GEFITINIB,5,NCIH596,2.2589259147644043,2.861013902453664,2.8596596717834473
GEFITINIB,5,NCIH650,2.2409756183624268,2.673018770052336,2.661768674850464
GEFITINIB,5,NCIH810,2.349651575088501,2.8264884275919666,2.823316812515259
GEFITINIB,5,P31FUJ,1.9452965259552002,1.7464157755392626,1.6863902807235718
GEFITINIB,5,PF382,2.4322030544281006,1.8991567952338726,1.847171425819397
GEFITINIB,5,PL21,2.792038917541504,2.133106280750188,2.093435764312744
GEFITINIB,5,REH,1.4148839712142944,1.7475119032517212,1.6875441074371338
GEFITINIB,5,SHP77,1.4347480535507202,2.4618732482268744,2.4395086765289307
GEFITINIB,5,SUDHL4,1.4998044967651367,2.1365354311927174,2.097045421600342
GEFITINIB,5,SUPM2,1.5102964639663696,2.636696728393403,2.623534679412842
GEFITINIB,5,THP1,2.292531967163086,1.9980566422917432,1.951277256011963
GEMCITABINE,1,A549,-3.659730911254883,-2.719555760956635,-2.793994665145874
GEMCITABINE,1,AMO1,-3.246645927429199,-2.3941215794309616,-2.395657777786255
GEMCITABINE,1,BL41,-4.694701194763184,-3.5441326673490763,-3.803290605545044
GEMCITABINE,1,CMLT1,-4.524988174438477,-3.5077546582585764,-3.758763313293457
GEMCITABINE,1,COLO668,-2.757281541824341,-1.3164396410921482,-1.0765570402145386
GEMCITABINE,1,CORL23,-1.7715888023376465,-2.7085894354829274,-2.780571699142456
GEMCITABINE,1,DMS114,0.9053630232810974,-1.6064512278514522,-1.431536078453064
GEMCITABINE,1,DMS273,-2.7578139305114746,-2.090448444363497,-2.023956775665283
GEMCITABINE,1,DMS53,-0.3459329903125763,-1.120194324983804,-0.8363494873046875
GEMCITABINE,1,EHEB,-1.2940094470977783,-2.147124089551922,-2.0933287143707275
GEMCITABINE,1,EJM,-3.1466619968414307,-2.8413678733512735,-2.9430947303771973
GEMCITABINE,1,GRANTA519,-2.9856200218200684,-3.3099885679737495,-3.5166943073272705
GEMCITABINE,1,HCC827,1.1757087707519531,-1.869746761570613,-1.7538142204284668
GEMCITABINE,1,HH,-2.7012031078338623,-3.281450605070048,-3.4817633628845215
GEMCITABINE,1,JEKO1,-4.279512405395508,-2.985546030550858,-3.1195712089538574
GEMCITABINE,1,LAMA84,-3.087385892868042,-3.2620226784435276,-3.4579832553863525
GEMCITABINE,1,LOUCY,-3.0273659229278564,-3.051813412245532,-3.20068359375
GEMCITABINE,1,MOLT16,-4.491506099700928,-2.9852051589775193,-3.1191539764404297
GEMCITABINE,1,NALM6,-5.251550197601318,-3.5937834363703742,-3.8640639781951904
GEMCITABINE,1,NB4,-5.731371879577637,-3.4702075570634014,-3.7128050327301025
GEMCITABINE,1,NCIH1048,-3.456300973892212,-2.130963855219308,-2.0735483169555664
GEMCITABINE,1,NCIH1105,-1.9679310321807861,-1.4827905202186575,-1.2801733016967773
GEMCITABINE,1,NCIH1435,-0.024308107793331146,-2.176246988075474,-2.1289756298065186
GEMCITABINE,1,NCIH146,-1.9197520017623901,-0.7560283674577853,-0.39060425758361816
GEMCITABINE,1,NCIH1963,-1.1543630361557007,-1.0528192080676564,-0.7538812160491943
GEMCITABINE,1,NCIH2066,2.3724775314331055,-2.0793689495274403,-2.0103952884674072
GEMCITABINE,1,NCIH2170,-4.841003894805908,-2.3279624975047315,-2.3146779537200928
GEMCITABINE,1,NCIH2196,0.23285099864006042,-1.328846587226665,-1.0917433500289917
GEMCITABINE,1,NCIH2347,-0.38733020424842834,-1.882275642336507,-1.7691497802734375
GEMCITABINE,1,NCIH446,-0.7017243504524231,-1.9478739418286553,-1.8494431972503662
GEMCITABINE,1,NCIH526,-1.8103810548782349,-1.9941735537165177,-1.9061146974563599
GEMCITABINE,1,NCIH661,-1.8640813827514648,-1.4964426215146427,-1.2968837022781372
GEMCITABINE,1,NCIH810,-4.147688865661621,-1.589971937726193,-1.4113651514053345
GEMCITABINE,1,NOMO1,-4.254693984985352,-3.1422226822503707,-3.3113460540771484
GEMCITABINE,1,OCIAML5,-3.3067939281463623,-3.008966829395594,-3.1482386589050293
GEMCITABINE,1,P12ICHIKAWA,-3.9906539916992188,-3.199756739452342,-3.3817687034606934
GEMCITABINE,1,RPMI8226,-4.052393913269043,-2.2004831517236365,-2.1586410999298096
GEMCITABINE,1,SKLU1,-4.530402183532715,-2.3873261585286305,-2.3873400688171387
GEMCITABINE,1,SKMES1,-2.534069061279297,-2.0589457752986484,-1.9853969812393188
GEMCITABINE,1,SUDHL8,-3.750312089920044,-3.7147388898052722,-4.012115478515625
GEMCITABINE,1,WSUDLCL2,-1.5174269676208496,-2.6103303801034805,-2.6603009700775146
GEMCITABINE,2,A3KAW,-5.063676834106445,-2.1832088925182385,-2.085577964782715
GEMCITABINE,2,CAL12T,-1.763534426689148,-2.888468215680284,-2.92261004447937
GEMCITABINE,2,CORL311,-1.6676950454711914,-1.6360287413109431,-1.4361610412597656
GEMCITABINE,2,DOHH2,-3.6980395317077637,-3.957669117482193,-4.191583633422852
GEMCITABINE,2,GA10,-3.1275315284729004,-3.855456980869857,-4.0702738761901855
GEMCITABINE,2,GDM1,-1.7831859588623047,-3.49682277560964,-3.6446313858032227
GEMCITABINE,2,HCC33,1.5660054683685303,-1.3945082986018267,-1.1495141983032227
GEMCITABINE,2,HT,-2.7746400833129883,-3.78436650232319,-3.985900640487671
GEMCITABINE,2,JURKAT,-2.4281504154205322,-2.6358657684343934,-2.6228106021881104
GEMCITABINE,2,JURLMK1,-4.535852909088135,-2.705246115657028,-2.7051541805267334
GEMCITABINE,2,JVM3,-5.519795894622803,-2.501867447218165,-2.463775634765625
GEMCITABINE,2,KCL22,-3.8711180686950684,-2.5259231873710526,-2.492326021194458
GEMCITABINE,2,KMH2,-2.3069543838500977,-2.910711775089122,-2.949009656906128
GEMCITABINE,2,KMS11,-1.1095130443572998,-3.052383288621109,-3.1171514987945557
GEMCITABINE,2,KOPN8,-4.0490241050720215,-4.227498230011891,-4.511828422546387
GEMCITABINE,2,L363,-2.0435659885406494,-3.221047677286446,-3.3173296451568604
GEMCITABINE,2,L540,-4.955411911010742,-3.22475379884137,-3.321728229522705
GEMCITABINE,2,LOUNH91,-0.613299548625946,-2.141642034367479,-2.0362446308135986
GEMCITABINE,2,LP1,1.1605249643325806,-3.029722089952003,-3.0902562141418457
GEMCITABINE,2,MEG01,-3.5743401050567627,-2.418392226952021,-2.36470365524292
GEMCITABINE,2,MOLM13,-4.426741123199463,-3.811888708601709,-4.0185651779174805
GEMCITABINE,2,NAMALWA,-4.690575122833252,-4.366277807617559,-4.676537990570068
GEMCITABINE,2,NCIH1155,-2.8590850830078125,-1.9161254718641272,-1.7685918807983398
GEMCITABINE,2,NCIH1341,-3.061779499053955,-2.2450116685352093,-2.158928155899048
GEMCITABINE,2,NCIH1836,0.4759019911289215,-1.164959980469046,-0.8770763874053955
GEMCITABINE,2,NCIH1915,0.3493284285068512,-2.477888445014976,-2.435316324234009
GEMCITABINE,2,NCIH1975,-0.9794989824295044,-2.7275045405325615,-2.7315714359283447
GEMCITABINE,2,NCIH2029,0.7794010043144226,-1.7423308901113788,-1.5623250007629395
GEMCITABINE,2,NCIH2030,-1.6896133422851562,-3.0871064073207783,-3.15836238861084
GEMCITABINE,2,NCIH2081,-1.6466829776763916,-1.42964373311761,-1.1912144422531128
GEMCITABINE,2,NCIH23,-2.6425058841705322,-2.126001755441698,-2.0176820755004883
GEMCITABINE,2,NCIH2444,1.5368050336837769,-2.2482469163883207,-2.1627678871154785
GEMCITABINE,2,OCILY19,-5.718118190765381,-3.7460194239047917,-3.9403886795043945
GEMCITABINE,2,OCIM1,-3.5479800701141357,-2.7563475636154395,-2.765803575515747
GEMCITABINE,2,PF382,-3.28511905670166,-3.4742805006740975,-3.617877244949341
GEMCITABINE,2,PL21,-1.1996209621429443,-3.0641866700619826,-3.131160259246826
GEMCITABINE,2,RERFLCMS,-2.654792070388794,-1.873284502598288,-1.717746376991272
GEMCITABINE,2,ST486,-3.679316997528076,-4.063246876108254,-4.316887855529785
GEMCITABINE,2,SUDHL1,-5.165506839752197,-3.459966663323858,-3.600888967514038
GEMCITABINE,2,SUDHL6,-2.9015140533447266,-3.2998995365256194,-3.410914421081543
GEMCITABINE,2,THP1,-3.541110038757324,-3.212355597847993,-3.307013511657715
GEMCITABINE,3,697,-5.604207992553711,-3.614733656665326,-3.879962921142578
GEMCITABINE,3,A4FUK,-3.9603559970855713,-3.4308914429345814,-3.642554998397827
GEMCITABINE,3,BEN,-1.000626564025879,-1.5294604484584644,-1.1871081590652466
GEMCITABINE,3,CA46,-2.1270930767059326,-3.499522957244941,-3.7311835289001465
GEMCITABINE,3,CALU6,-2.023819923400879,-2.6091717048338063,-2.5814125537872314
GEMCITABINE,3,CHAGOK1,-1.2498810291290283,-2.5102628247714645,-2.4536848068237305
GEMCITABINE,3,CORL279,-3.1781206130981445,-1.1866735574260043,-0.7444441914558411
GEMCITABINE,3,DAUDI,-2.2215518951416016,-3.5196623884943987,-3.7571909427642822
GEMCITABINE,3,DMS79,-1.318444013595581,-1.3325078864828295,-0.9327699542045593
GEMCITABINE,3,EBC1,-4.921037197113037,-2.629287504103946,-2.607389450073242
GEMCITABINE,3,HCC15,-1.5662410259246826,-1.4957725080663344,-1.1436046361923218
GEMCITABINE,3,HL60,-3.0045740604400635,-2.6349052686874144,-2.6146440505981445
GEMCITABINE,3,JVM2,-4.792754173278809,-2.8787309846720497,-2.9295127391815186
GEMCITABINE,3,KARPAS422,-1.7287310361862183,-3.4232808378451987,-3.6327269077301025
GEMCITABINE,3,KMS12BM,-0.4056355059146881,-2.76159538668629,-2.778247594833374
GEMCITABINE,3,KNS62,6.936003774171695e-05,-2.533343329696965,-2.483490228652954
GEMCITABINE,3,LCLC103H,-1.6576848030090332,-2.1812709631971785,-2.0288352966308594
GEMCITABINE,3,LU65,0.5595089793205261,-2.7588845401837565,-2.774746894836426
GEMCITABINE,3,MHHCALL2,-3.5627450942993164,-3.6421220129456993,-3.9153313636779785
GEMCITABINE,3,NCIH1436,3.067039966583252,-1.161098124746504,-0.7114169001579285
GEMCITABINE,3,NCIH1437,-1.9501044750213623,-1.8101730994105467,-1.5496114492416382
GEMCITABINE,3,NCIH1781,-3.4590630531311035,-2.333109938186383,-2.2249152660369873
GEMCITABINE,3,NCIH1793,-0.6104323863983154,-2.067763889473322,-1.8822559118270874
GEMCITABINE,3,NCIH1944,-3.011251449584961,-2.7596398403977362,-2.7757222652435303
GEMCITABINE,3,NCIH2023,-2.3113861083984375,-2.2615805524121697,-2.13254451751709
GEMCITABINE,3,NCIH209,-3.040226936340332,-1.3907951941899386,-1.0080403089523315
GEMCITABINE,3,NCIH2122,-4.67613410949707,-2.337031554379279,-2.2299795150756836
GEMCITABINE,3,NCIH441,-3.9737019538879395,-2.8697584021496363,-2.9179258346557617
GEMCITABINE,3,NCIH727,-1.022606611251831,-1.5301274979996786,-1.1879695653915405
GEMCITABINE,3,NCIH82,-2.988800048828125,-1.925878131835803,-1.6990292072296143
GEMCITABINE,3,OCIAML2,-5.0584611892700195,-3.3988618028411466,-3.6011929512023926
GEMCITABINE,3,P31FUJ,-2.2965569496154785,-3.466315779932059,-3.688300848007202
GEMCITABINE,3,RAJI,-5.168655872344971,-3.44340457598339,-3.6587140560150146
GEMCITABINE,3,REH,-3.7933828830718994,-2.9377077276820316,-3.005673408508301
GEMCITABINE,3,RPMI8402,-3.2510790824890137,-3.160170318988156,-3.292954444885254
GEMCITABINE,3,SBC5,-5.203776836395264,-1.8656388318682802,-1.621238112449646
GEMCITABINE,3,SHP77,0.23872500658035278,-1.7674759284655772,-1.4944736957550049
GEMCITABINE,3,SIGM5,-5.091703414916992,-3.0411275464215093,-3.1392264366149902
GEMCITABINE,3,SKMM2,-1.3354049921035767,-2.1634266033141305,-2.005791664123535
GEMCITABINE,3,SUPM2,-3.9251089096069336,-3.5807058219456627,-3.8360204696655273
GEMCITABINE,3,SW1573,-0.3472859263420105,-2.819223445251607,-2.8526666164398193
GEMCITABINE,4,ALLSIL,-3.8079400062561035,-4.081171873614771,-4.181116580963135
GEMCITABINE,4,BV173,-4.538396835327148,-4.149633880219812,-4.255423545837402
GEMCITABINE,4,CORL88,0.8413490056991577,-0.5267382703861228,-0.32322245836257935
GEMCITABINE,4,CORL95,0.05089600011706352,-1.7258888145021083,-1.6247507333755493
GEMCITABINE,4,DND41,-2.6391990184783936,-3.6213843005935384,-3.682074546813965
GEMCITABINE,4,HCC44,-2.7534019947052,-2.119085814007799,-2.0515170097351074
GEMCITABINE,4,HDLM2,-0.08038300275802612,-2.477252121008279,-2.4402618408203125
GEMCITABINE,4,HEL,-5.237459182739258,-3.597784627611524,-3.6564600467681885
GEMCITABINE,4,IALM,-1.1872014999389648,-2.1162793782837035,-2.048470973968506
GEMCITABINE,4,JM1,-5.49085807800293,-3.6265000709112014,-3.687627077102661
GEMCITABINE,4,KU812,-3.8348429203033447,-3.338101237603137,-3.374606132507324
GEMCITABINE,4,L428,-3.0965359210968018,-2.4620838367549713,-2.4237985610961914
GEMCITABINE,4,LCLC97TM1,-5.0579118728637695,-2.4109713844987506,-2.3683223724365234
GEMCITABINE,4,LXF289,-2.4091711044311523,-2.036128026512735,-1.9614766836166382
GEMCITABINE,4,ME1,-0.25008898973464966,-3.5203754596509618,-3.572442054748535
GEMCITABINE,4,MOLT13,-2.107386589050293,-3.6156284274502637,-3.6758272647857666
GEMCITABINE,4,MONOMAC6,-4.842422962188721,-2.0925136388170755,-2.0226762294769287
GEMCITABINE,4,NCIH1568,-2.606917142868042,-1.7335677419304953,-1.6330852508544922
GEMCITABINE,4,NCIH1623,-2.455897569656372,-0.977873691693151,-0.8128736615180969
GEMCITABINE,4,NCIH1648,-0.7204362750053406,-1.2262336429466474,-1.0824373960494995
GEMCITABINE,4,NCIH1651,-1.9376715421676636,-1.4509043529521226,-1.326289415359497
GEMCITABINE,4,NCIH1792,-3.1622300148010254,-1.5569041946842406,-1.4413390159606934
GEMCITABINE,4,NCIH1876,-3.510585069656372,-1.838728903982385,-1.7472245693206787
GEMCITABINE,4,NCIH2009,-2.1925246715545654,-1.1758780452839903,-1.027782678604126
GEMCITABINE,4,NCIH2085,-1.010511040687561,-1.6546922025175068,-1.5474756956100464
GEMCITABINE,4,NCIH211,-3.5596890449523926,-1.5570396179484787,-1.4414860010147095
GEMCITABINE,4,NCIH2110,-4.784646034240723,-1.8028828162511379,-1.7083181142807007
GEMCITABINE,4,NCIH2172,0.5309751033782959,-1.7197994904016343,-1.618141531944275
GEMCITABINE,4,NCIH2228,-1.9240994453430176,-2.5133120522881645,-2.479400396347046
GEMCITABINE,4,NCIH292,-4.377070426940918,-2.3296655850956607,-2.2800750732421875
GEMCITABINE,4,NCIH524,-1.745000958442688,-1.0527072914895756,-0.8940961956977844
GEMCITABINE,4,NCIH69,-0.5005559921264648,-0.743579582669613,-0.5585766434669495
GEMCITABINE,4,NCIH838,-1.313627004623413,-1.2960443905775139,-1.1582082509994507
GEMCITABINE,4,NCIH929,-3.619882583618164,-2.344339623859048,-2.29600191116333
GEMCITABINE,4,RCHACV,-3.983320951461792,-3.6563555738076277,-3.720031499862671
GEMCITABINE,4,RL,-1.3100450038909912,-3.946874610435117,-4.035353660583496
GEMCITABINE,4,RS411,-4.028273105621338,-4.118005244170217,-4.221094608306885
GEMCITABINE,4,SUDHL10,-3.6205334663391113,-3.2211313426414216,-3.247649908065796
GEMCITABINE,4,SUDHL5,-5.921642780303955,-3.817585921217978,-3.895026922225952
GEMCITABINE,4,SW1271,-1.969796895980835,-1.3804890881709186,-1.2498624324798584
GEMCITABINE,5,ABC1,-2.3829050064086914,-3.0965306205961625,-3.0400242805480957
GEMCITABINE,5,CALU3,-2.6983890533447266,-1.8876653354165285,-1.7989768981933594
GEMCITABINE,5,CMK,-3.5058178901672363,-2.719864182077131,-2.6533303260803223
GEMCITABINE,5,CORL105,-0.0960799977183342,-3.455706200907683,-3.408761739730835
GEMCITABINE,5,DB,-4.805051803588867,-3.4645843529147857,-3.4178762435913086
GEMCITABINE,5,EM2,-2.924617052078247,-3.7382111389900863,-3.6987874507904053
GEMCITABINE,5,EPLC272H,-3.869805097579956,-1.7593285582531948,-1.667223572731018
GEMCITABINE,5,HARA,-2.186556577682495,-2.8504755952454235,-2.787418842315674
GEMCITABINE,5,HCC366,-3.1653525829315186,-2.9294135580438816,-2.8684582710266113
GEMCITABINE,5,HCC78,-5.406406879425049,-1.8203129325118246,-1.7298314571380615
GEMCITABINE,5,K562,-1.1583549976348877,-2.8212328961313906,-2.7573976516723633
GEMCITABINE,5,KG1,-2.6212356090545654,-2.1047287088247453,-2.0218188762664795
GEMCITABINE,5,L1236,-3.1292591094970703,-3.644508536990928,-3.602590322494507
GEMCITABINE,5,MM1S,-3.1703319549560547,-2.8689794671089284,-2.806415319442749
GEMCITABINE,5,MOLM16,-4.880643367767334,-2.3363744161333515,-2.259631395339966
GEMCITABINE,5,MOLP8,-5.381662845611572,-1.493180469739555,-1.393990159034729
GEMCITABINE,5,NCIH1092,0.9847429990768433,-1.482832379645425,-1.383366584777832
GEMCITABINE,5,NCIH1650,-1.7920430898666382,-1.8847493795557635,-1.7959833145141602
GEMCITABINE,5,NCIH196,1.4554710388183594,-1.4680800489554466,-1.3682215213775635
GEMCITABINE,5,NCIH2087,-1.9328889846801758,-3.017822571488542,-2.9592208862304688
GEMCITABINE,5,NCIH2171,-0.22226500511169434,-1.151642753056051,-1.0433601140975952
GEMCITABINE,5,NCIH2227,-1.695557951927185,-1.3170533451030038,-1.2131742238998413
GEMCITABINE,5,NCIH2291,2.502293109893799,-1.5554222860982256,-1.4578889608383179
GEMCITABINE,5,NCIH2342,-3.3980228900909424,-1.9938653721650714,-1.9080041646957397
GEMCITABINE,5,NCIH2405,-3.7806150913238525,-1.954961304960754,-1.8680644035339355
GEMCITABINE,5,NCIH358,-3.949457883834839,-1.1306569745117565,-1.0218156576156616
GEMCITABINE,5,NCIH460,-4.294601917266846,-3.021259665048539,-2.962749481201172
GEMCITABINE,5,NCIH522,-1.2659120559692383,-1.381468542548244,-1.2793042659759521
GEMCITABINE,5,NCIH596,-0.9337882399559021,-1.6687032000524649,-1.5741856098175049
GEMCITABINE,5,NCIH647,-3.2815868854522705,-1.5706512812836022,-1.4735233783721924
GEMCITABINE,5,NCIH650,-1.1757349967956543,-1.6554640033550645,-1.5605939626693726
GEMCITABINE,5,NCIH841,0.6297454237937927,-1.352900140809309,-1.249975323677063
GEMCITABINE,5,NUDUL1,-6.266263008117676,-3.843809568247604,-3.807197093963623
GEMCITABINE,5,OCIAML3,-4.8830790519714355,-2.426034252950589,-2.3516781330108643
GEMCITABINE,5,OPM2,-1.0559489727020264,-3.480450952179147,-3.4341652393341064
GEMCITABINE,5,RERFLCKJ,-0.31465277075767517,-2.0767446129910097,-1.9930897951126099
GEMCITABINE,5,SKM1,-4.018045425415039,-3.6146007138258254,-3.5718863010406494
GEMCITABINE,5,SUDHL4,-1.8366889953613281,-4.172434728239933,-4.144570827484131
GEMCITABINE,5,SUPB15,-4.357687950134277,-4.646861861519433,-4.631628036499023
GEMCITABINE,5,SUPT1,-3.795620918273926,-3.5967429226571794,-3.5535531044006348
GW441756,1,A3KAW,2.0800130367279053,2.515844240484589,2.504647731781006
GW441756,1,BEN,3.780426025390625,2.8479647805711874,2.848466396331787
GW441756,1,BV173,2.0566155910491943,2.494483303440159,2.482534408569336
GW441756,1,CAL12T,2.9511985778808594,2.647870492267891,2.641324281692505
GW441756,1,CMK,2.613579034805298,3.09001701597492,3.0990443229675293
GW441756,1,DAUDI,2.8330159187316895,2.5344260678005543,2.5238840579986572
GW441756,1,DMS114,3.0126686096191406,2.9929554514176164,2.9985640048980713
GW441756,1,DMS79,3.8793444633483887,3.117467489799855,3.1274616718292236
GW441756,1,EHEB,2.9319629669189453,2.4657698282270664,2.4528095722198486
GW441756,1,HCC366,3.6362996101379395,2.9488862837254146,2.9529426097869873
GW441756,1,HCC827,3.423337459564209,3.2737542387072565,3.2892532348632812
GW441756,1,JM1,-0.8535925149917603,2.6318879052266797,2.6247787475585938
GW441756,1,KG1,2.7955141067504883,2.9914059486204745,2.996959924697876
GW441756,1,KU812,2.4476985931396484,2.5435323907195495,2.533311128616333
GW441756,1,MEG01,3.2207305431365967,2.738584576653965,2.7352335453033447
GW441756,1,MOLT13,2.4971394538879395,2.3062610900015885,2.28768253326416
GW441756,1,NAMALWA,2.817054510116577,2.5253628122155467,2.5145015716552734
GW441756,1,NB4,2.4381110668182373,2.3721283166628604,2.355869770050049
GW441756,1,NCIH1435,3.045091390609741,2.775220829174502,2.773160219192505
GW441756,1,NCIH1650,3.7802345752716064,2.826894029841323,2.826653480529785
GW441756,1,NCIH1651,3.473093032836914,2.976110826776866,2.981126070022583
GW441756,1,NCIH1781,1.8872979879379272,3.1379797470274795,3.1486964225769043
GW441756,1,NCIH1975,1.4808650016784668,3.6529453020824234,3.681800365447998
GW441756,1,NCIH2009,2.509002923965454,3.008274064534309,3.0144221782684326
GW441756,1,NCIH2030,2.792279005050659,2.658234058910072,2.652052879333496
GW441756,1,NCIH2170,1.7795244455337524,2.8969938311764767,2.8992223739624023
GW441756,1,NCIH2347,3.307237386703491,3.3604245998305156,3.378976345062256
GW441756,1,NCIH2444,3.786390542984009,3.3077099527236413,3.3244049549102783
GW441756,1,NCIH460,2.340341091156006,2.950591934396585,2.9547083377838135
GW441756,1,NCIH524,2.9258666038513184,3.108112666060688,3.1177773475646973
GW441756,1,NCIH647,3.643723964691162,3.048080717694777,3.055630922317505
GW441756,1,NCIH69,3.4763073921203613,2.9964595663192988,3.0021915435791016
GW441756,1,NCIH841,3.102867603302002,2.782170561101755,2.7803547382354736
GW441756,1,NUDUL1,2.3207476139068604,2.3481941639893473,2.331092596054077
GW441756,1,OCIAML5,0.29189199209213257,2.8060966530443077,2.8051235675811768
GW441756,1,OPM2,2.855900526046753,2.254672642163148,2.2342770099639893
GW441756,1,RERFLCKJ,1.471474051475525,2.9857123088834134,2.991065740585327
GW441756,1,SKMM2,3.581378936767578,2.6013490199110088,2.5931642055511475
GW441756,1,SUDHL10,2.3994240760803223,2.507758406105151,2.496277093887329
GW441756,1,SUDHL6,2.032590389251709,2.556991508357032,2.5472443103790283
GW441756,1,THP1,3.1041204929351807,2.6030286459365075,2.594902992248535
GW441756,2,A4FUK,2.7342123985290527,2.291928261666762,2.2385854721069336
GW441756,2,ABC1,2.3060123920440674,3.0014513887825838,3.0505104064941406
GW441756,2,CA46,3.180330991744995,2.818637081538037,2.841311454772949
GW441756,2,DMS273,3.107151985168457,2.789976427503287,2.808514356613159
GW441756,2,DND41,0.07428800314664841,2.7015561606893543,2.7073328495025635
GW441756,2,EJM,1.0445330142974854,2.3272764919273854,2.2790353298187256
GW441756,2,EPLC272H,2.432804584503174,2.933207192333196,2.972416877746582
GW441756,2,GA10,2.0987966060638428,2.277424901063008,2.2219889163970947
GW441756,2,HARA,2.702683448791504,2.8980887706767575,2.932229995727539
GW441756,2,HCC15,2.1106855869293213,2.834536170010727,2.8595051765441895
GW441756,2,HCC33,3.8428659439086914,2.673507843452157,2.675236463546753
GW441756,2,JEKO1,3.001157522201538,1.5761450898353007,1.419497013092041
GW441756,2,JVM2,3.8010785579681396,2.4122865073965274,2.376314401626587
GW441756,2,KCL22,2.7490766048431396,2.5918684930768587,2.5818145275115967
GW441756,2,KNS62,3.0270586013793945,2.70228975642402,2.70817232131958
GW441756,2,L363,2.4763705730438232,2.4824598043591988,2.456615447998047
GW441756,2,L540,2.620695114135742,2.6951831909841695,2.700040102005005
GW441756,2,LCLC103H,3.632901906967163,3.0238522064503837,3.076144218444824
GW441756,2,LCLC97TM1,3.2038474082946777,2.8513876203417414,2.878788709640503
GW441756,2,MM1S,2.307119607925415,2.4681043713247752,2.44018816947937
GW441756,2,NCIH1155,2.918792963027954,3.0133656002256757,3.0641441345214844
GW441756,2,NCIH1437,1.9261590242385864,3.0067161518099255,3.056535005569458
GW441756,2,NCIH1792,2.8119704723358154,3.0713967522792727,3.1305506229400635
GW441756,2,NCIH1793,3.3657004833221436,3.026727001663936,3.0794339179992676
GW441756,2,NCIH1876,3.0168039798736572,3.1238120737642303,3.190530776977539
GW441756,2,NCIH1963,2.5512800216674805,3.138024996295242,3.2067949771881104
GW441756,2,NCIH209,2.665482997894287,3.096197955195321,3.158931255340576
GW441756,2,NCIH2122,0.961205005645752,2.905759127669578,2.941007375717163
GW441756,2,NCIH2172,4.081295967102051,2.964173849659988,3.007852792739868
GW441756,2,NCIH2196,4.2910051345825195,3.1728563134579657,3.2466533184051514
GW441756,2,NCIH2291,5.259821891784668,3.341425404124675,3.4395511150360107
GW441756,2,NCIH2342,3.740124464035034,3.1794397153392406,3.2541868686676025
GW441756,2,NCIH292,2.7980215549468994,2.945517474634453,2.986503839492798
GW441756,2,NCIH596,2.221334934234619,3.1929767547224945,3.2696776390075684
GW441756,2,NCIH727,3.544630527496338,3.1715610096572227,3.245171070098877
GW441756,2,P12ICHIKAWA,1.8265589475631714,2.538532895431714,2.5207812786102295
GW441756,2,PL21,2.688852548599243,2.631318900679099,2.6269586086273193
GW441756,2,RPMI8402,2.608057975769043,2.5554756024885967,2.5401692390441895
GW441756,2,SHP77,3.0880908966064453,2.671555824583062,2.6730027198791504
GW441756,2,SUDHL4,2.249218463897705,1.8513158915044514,1.7343817949295044
GW441756,2,SUPB15,2.724651575088501,1.994594264009842,1.898338794708252
GW441756,3,697,2.2471654415130615,2.231532971467213,2.1473729610443115
GW441756,3,A549,2.378934383392334,2.64322318863966,2.626523494720459
GW441756,3,AMO1,1.2803850173950195,2.683813239205051,2.673764705657959
GW441756,3,BL41,2.015427589416504,2.3582027559023175,2.2947990894317627
GW441756,3,CALU3,4.011068344116211,2.7070310824457313,2.70078706741333
GW441756,3,CHAGOK1,3.125819444656372,2.783742353063936,2.7900683879852295
GW441756,3,COLO668,2.9914064407348633,2.967312036689246,3.003718137741089
GW441756,3,CORL279,2.8476974964141846,3.065551742102693,3.118055582046509
GW441756,3,CORL311,3.066349983215332,2.8939410709226605,2.9183244705200195
GW441756,3,CORL88,3.850321054458618,3.0813916619080786,3.136491060256958
GW441756,3,EBC1,3.2787110805511475,3.0603866221144234,3.112044095993042
GW441756,3,EM2,2.1672770977020264,2.8541067167020278,2.871962785720825
GW441756,3,HH,3.821599006652832,2.336442224615177,2.26947283744812
GW441756,3,HT,3.636368989944458,1.8802223596276202,1.738495945930481
GW441756,3,JVM3,3.017702102661133,2.520923291552449,2.4841833114624023
GW441756,3,KMH2,2.2086803913116455,2.4194579980000586,2.366091728210449
GW441756,3,KMS11,3.1026175022125244,2.660552786899662,2.6466927528381348
GW441756,3,LOUCY,3.097032070159912,2.3953664640815813,2.33805251121521
GW441756,3,LU65,4.763378620147705,2.85626646366944,2.874476432800293
GW441756,3,MHHCALL2,1.7192784547805786,2.5627123366165843,2.532819986343384
GW441756,3,MOLM16,2.251284599304199,2.6939455928522236,2.6855573654174805
GW441756,3,NALM6,2.7933974266052246,2.425688959159859,2.3733437061309814
GW441756,3,NCIH1092,3.562997579574585,3.184399485543426,3.256377935409546
GW441756,3,NCIH1105,3.367642402648926,2.9376907475172045,2.969243049621582
GW441756,3,NCIH1568,2.8776724338531494,3.29324106372093,3.383054494857788
GW441756,3,NCIH1836,4.489452362060547,3.1069956127724354,3.166290521621704
GW441756,3,NCIH2087,4.016393661499023,2.6685985254837536,2.6560568809509277
GW441756,3,NCIH2110,2.2850029468536377,2.9366263403045827,2.9680042266845703
GW441756,3,NCIH522,3.7456650733947754,2.929519639954259,2.959733009338379
GW441756,3,NCIH838,2.1453635692596436,3.0493938931221756,3.099250078201294
GW441756,3,PF382,2.331535577774048,2.5440405528182644,2.5110886096954346
GW441756,3,RCHACV,2.0263564586639404,2.1603418280927587,2.064516305923462
GW441756,3,REH,2.6808929443359375,2.5178454011810776,2.4806010723114014
GW441756,3,RL,2.8894619941711426,1.887277027754694,1.7467066049575806
GW441756,3,RS411,2.363645553588867,2.6306393798128407,2.611877679824829
GW441756,3,SBC5,2.482358932495117,2.7143725423544973,2.709331512451172
GW441756,3,SIGM5,1.4463670253753662,2.586737908425272,2.5607824325561523
GW441756,3,SKM1,2.5176444053649902,2.6109677169527794,2.588982582092285
GW441756,3,ST486,2.9046764373779297,1.9454673875368764,1.814432144165039
GW441756,3,SUDHL1,3.308358907699585,2.153087225123591,2.056072950363159
GW441756,3,WSUDLCL2,2.725914478302002,2.269586143872267,2.1916615962982178
GW441756,4,ALLSIL,2.4522030353546143,2.0868359663347085,2.1026670932769775
GW441756,4,CMLT1,2.910618543624878,2.205512500146252,2.2206039428710938
GW441756,4,CORL105,1.908305048942566,2.9273050102908416,2.9378976821899414
GW441756,4,CORL23,3.5134010314941406,2.746723250707557,2.75844144821167
GW441756,4,DB,3.6778523921966553,2.0929405757411823,2.108733654022217
GW441756,4,DMS53,2.1276965141296387,3.036717028604629,3.0466277599334717
GW441756,4,GRANTA519,0.9486464858055115,2.4436810351449583,2.4572880268096924
GW441756,4,HEL,2.644235610961914,2.2785374956716056,2.2931737899780273
GW441756,4,HL60,2.636796474456787,2.565754989817382,2.578601121902466
GW441756,4,JURLMK1,2.663151502609253,2.8211589400159744,2.8324131965637207
GW441756,4,K562,3.120466470718384,2.8245050193003953,2.83573842048645
GW441756,4,KMS12BM,2.444216012954712,2.682152581410333,2.6942732334136963
GW441756,4,L1236,2.288767099380493,2.4987148866580697,2.5119788646698
GW441756,4,L428,2.64621639251709,2.54693230419764,2.5598957538604736
GW441756,4,LAMA84,2.5300118923187256,2.6271096131686917,2.639573335647583
GW441756,4,LP1,3.1483185291290283,2.6571132465887612,2.6693899631500244
GW441756,4,LXF289,2.0061581134796143,2.7318529068194817,2.743663787841797
GW441756,4,ME1,3.5369224548339844,2.2724688733514338,2.2871429920196533
GW441756,4,MOLP8,2.3397514820098877,2.5444676686137253,2.5574464797973633
GW441756,4,NCIH1648,3.2540769577026367,2.9762534455101735,2.9865410327911377
GW441756,4,NCIH1944,1.8114365339279175,2.6791498189292393,2.691289186477661
GW441756,4,NCIH2023,3.737166404724121,2.76271375263528,2.774332284927368
GW441756,4,NCIH2066,3.439464569091797,2.7314812801749295,2.7432944774627686
GW441756,4,NCIH2085,3.332810401916504,2.891338556584331,2.9021553993225098
GW441756,4,NCIH211,2.5586299896240234,3.1945523105916385,3.203479290008545
GW441756,4,NCIH2171,2.6984200477600098,2.9479843896498923,2.9584481716156006
GW441756,4,NCIH2227,3.507802963256836,3.3410953247246913,3.349108934402466
GW441756,4,NCIH23,1.7445144653320312,3.0360380722430524,3.0459530353546143
GW441756,4,NCIH2405,3.8557634353637695,3.065140828936012,3.0748744010925293
GW441756,4,NCIH441,5.071993350982666,3.0885796980727505,3.0981671810150146
GW441756,4,NCIH526,3.4881033897399902,2.8259169126530033,2.837141513824463
GW441756,4,NCIH661,2.4408349990844727,3.2867051622285803,3.295057773590088
GW441756,4,NCIH82,1.1801179647445679,3.0543391850253148,3.0641400814056396
GW441756,4,NOMO1,3.402447462081909,2.4778299010792764,2.4912240505218506
GW441756,4,OCILY19,0.4379495084285736,2.348583240278916,2.3627829551696777
GW441756,4,RAJI,2.649867534637451,2.735069432593213,2.7468602657318115
GW441756,4,RERFLCMS,2.9519104957580566,2.799230568848313,2.810621500015259
GW441756,4,SKMES1,3.0023934841156006,3.187557380670037,3.1965279579162598
GW441756,4,SUDHL8,2.357659101486206,1.7478816375659159,1.7658253908157349
GW441756,4,SW1573,3.0433003902435303,2.7955881958866664,2.807001829147339
GW441756,5,CALU6,3.5650506019592285,2.9960590914699847,3.02156400680542
GW441756,5,CORL95,2.797121047973633,3.085174793707104,3.122009038925171
GW441756,5,DOHH2,2.228327989578247,2.726105971775954,2.7172915935516357
GW441756,5,GDM1,2.8978331089019775,2.465234976548162,2.4232559204101562
GW441756,5,HCC44,2.7827799320220947,2.8850317274756283,2.8964216709136963
GW441756,5,HCC78,3.9781200885772705,3.3927388996357277,3.4686739444732666
GW441756,5,HDLM2,2.215256929397583,2.754701253031042,2.7495222091674805
GW441756,5,IALM,2.6486799716949463,3.054280425186701,3.0871870517730713
GW441756,5,JURKAT,2.5269014835357666,2.573957330520425,2.54580020904541
GW441756,5,KARPAS422,3.2250890731811523,2.674575237949007,2.659209728240967
GW441756,5,KOPN8,2.6286799907684326,2.225181202235695,2.152683973312378
GW441756,5,LOUNH91,2.4444870948791504,2.974237117172541,2.9969677925109863
GW441756,5,MOLM13,-0.022594500333070755,2.759954526766813,2.7554433345794678
GW441756,5,MOLT16,2.3211114406585693,2.5541996484874216,2.5235307216644287
GW441756,5,MONOMAC6,1.6382169723510742,2.7273620192671157,2.718707323074341
GW441756,5,NCIH1048,2.6649134159088135,3.4169018435499936,3.495908737182617
GW441756,5,NCIH1341,1.2692584991455078,2.8075927402279195,2.8091378211975098
GW441756,5,NCIH1436,3.5924880504608154,3.098720349987254,3.1372766494750977
GW441756,5,NCIH146,3.2255799770355225,2.875835166887342,2.8860559463500977
GW441756,5,NCIH1623,2.069786548614502,2.8858086662487907,2.8972973823547363
GW441756,5,NCIH1915,3.379605531692505,2.74172787736113,2.7348995208740234
GW441756,5,NCIH196,2.9829699993133545,2.7080388137492433,2.696927547454834
GW441756,5,NCIH2029,3.0134105682373047,3.2343760173570675,3.2901782989501953
GW441756,5,NCIH2081,3.328587055206299,2.902129457133866,2.9156930446624756
GW441756,5,NCIH2228,2.754413604736328,2.876267316605167,2.886543035507202
GW441756,5,NCIH358,3.758925437927246,3.323464855661654,3.3905930519104004
GW441756,5,NCIH446,3.393704891204834,2.4399141336836405,2.3947160243988037
GW441756,5,NCIH650,3.671751022338867,3.0120016720293274,3.0395333766937256
GW441756,5,NCIH810,3.5233700275421143,3.0064564909951734,3.033283233642578
GW441756,5,NCIH929,2.608229398727417,2.5221387084086224,2.487393856048584
GW441756,5,OCIAML2,2.34234356880188,2.5201501428201394,2.48515248298645
GW441756,5,OCIAML3,2.956923484802246,2.8222775810798777,2.8256895542144775
GW441756,5,OCIM1,1.8631515502929688,2.5715844203224028,2.543125629425049
GW441756,5,P31FUJ,3.0023510456085205,2.6302692097570604,2.6092710494995117
GW441756,5,RPMI8226,2.253702402114868,2.7089492260769568,2.697953701019287
GW441756,5,SKLU1,3.565941095352173,3.2007791795293077,3.252310276031494
GW441756,5,SUDHL5,1.6924240589141846,2.3592188993697563,2.3037619590759277
GW441756,5,SUPM2,2.3560614585876465,2.404998636364486,2.3553617000579834
GW441756,5,SUPT1,3.2818055152893066,2.349836829578077,2.293187141418457
GW441756,5,SW1271,3.804900884628296,2.6980236435633156,2.6856391429901123
JQ1,1,A4FUK,-0.7941399812698364,-0.40874474579867215,-0.5253106355667114
JQ1,1,A549,0.9485960006713867,1.7254389849728653,1.8444167375564575
JQ1,1,ALLSIL,0.2799130082130432,-0.16782938862013663,-0.2578061521053314
JQ1,1,CAL12T,2.5356640815734863,1.6182301116166136,1.7253755331039429
JQ1,1,CMK,-1.475780963897705,1.4581415906388338,1.5476185083389282
JQ1,1,CORL23,1.5130970478057861,1.3915410881793084,1.4736675024032593
JQ1,1,CORL311,-0.18690800666809082,0.7641434004367291,0.7770257592201233
JQ1,1,DAUDI,1.3691320419311523,0.25002878750899005,0.20616981387138367
JQ1,1,DMS79,3.0621259212493896,1.9569782224836294,2.1015102863311768
JQ1,1,EBC1,-0.4006359875202179,1.665221693615263,1.7775534391403198
JQ1,1,EJM,1.6035139560699463,0.5120594368345404,0.4971200227737427
JQ1,1,HCC44,-1.0940239429473877,1.1370427535655212,1.191080927848816
JQ1,1,HCC78,2.826529026031494,1.6900119271646397,1.805079698562622
JQ1,1,LAMA84,0.3515940010547638,-0.29827638837256776,-0.40265020728111267
JQ1,1,LOUCY,-1.033735990524292,-0.3118158043858501,-0.4176839292049408
JQ1,1,LU65,2.148845911026001,1.297234555105062,1.3689526319503784
JQ1,1,MM1S,-0.9589369893074036,-0.5505731131527912,-0.6827921867370605
JQ1,1,MOLP8,-1.5101959705352783,-0.5492982101684779,-0.681376576423645
JQ1,1,NALM6,-0.7974860072135925,-0.39055362481660416,-0.505111813545227
JQ1,1,NCIH1155,1.232414960861206,1.581031287581009,1.6840711832046509
JQ1,1,NCIH1435,2.2551019191741943,1.545601653126752,1.6447312831878662
JQ1,1,NCIH1623,3.203968048095703,1.6723858431852192,1.7855082750320435
JQ1,1,NCIH1781,2.570233106613159,1.7473690340670762,1.8687671422958374
JQ1,1,NCIH1975,2.436511993408203,1.915423148890846,2.0553689002990723
JQ1,1,NCIH2029,2.182905912399292,2.0317533491984463,2.1845381259918213
JQ1,1,NCIH209,1.4103009700775146,1.3595016757409373,1.4380919933319092
JQ1,1,NCIH2172,3.2545509338378906,1.7284509768233842,1.8477611541748047
JQ1,1,NCIH2228,2.8908610343933105,1.874243192016142,2.009644031524658
JQ1,1,NCIH2444,1.146733045578003,1.7598264734676503,1.8825994729995728
JQ1,1,NCIH358,1.8373030424118042,2.041382060697489,2.1952295303344727
JQ1,1,NCIH522,1.4024770259857178,1.6630307929667676,1.775120735168457
JQ1,1,NCIH596,1.6536569595336914,1.9235241240137386,2.064363956451416
JQ1,1,NUDUL1,-1.3059289455413818,0.1380512871602596,0.08183368295431137
JQ1,1,OCILY19,0.9616659879684448,-0.29444888805309355,-0.39840027689933777
JQ1,1,P31FUJ,0.24028700590133667,0.22967140505610237,0.1835656464099884
JQ1,1,RPMI8226,0.23776200413703918,0.2980278917860638,0.2594664394855499
JQ1,1,RS411,0.18162700533866882,-0.5839040694144287,-0.7198017835617065
JQ1,1,SKLU1,1.3952690362930298,1.7349404745741046,1.8549668788909912
JQ1,1,SUDHL10,-1.3175380229949951,-0.36662342740041387,-0.4785405099391937
JQ1,1,SUDHL8,0.14031900465488434,0.20257603955083583,0.15347984433174133
JQ1,1,THP1,1.745803952217102,0.1354976162225857,0.07899817079305649
JQ1,2,A3KAW,-2.601196050643921,0.3287159374018092,0.3424428105354309
JQ1,2,ABC1,3.1439049243927,1.2205049623394342,1.2336841821670532
JQ1,2,CALU6,2.2314629554748535,1.9164138631893355,1.9291657209396362
JQ1,2,DB,0.24606099724769592,-0.1800169460707644,-0.16597765684127808
JQ1,2,DMS114,2.2492051124572754,1.8827801227488812,1.895552635192871
JQ1,2,EPLC272H,2.1011500358581543,1.799990046866651,1.812813401222229
JQ1,2,HARA,1.1733649969100952,1.4184688927896911,1.4315265417099
JQ1,2,HCC827,2.0128509998321533,2.119833180685042,2.132460117340088
JQ1,2,HH,-1.579882025718689,0.13881234578429863,0.15265583992004395
JQ1,2,IALM,2.3420119285583496,1.5161065437696637,1.529104232788086
JQ1,2,JEKO1,-1.183197021484375,-0.05601427489497604,-0.04205113649368286
JQ1,2,JVM2,-1.4473869800567627,0.4240620216522117,0.4377303421497345
JQ1,2,K562,2.427949905395508,0.8514814576471114,0.8648872971534729
JQ1,2,KARPAS422,0.4210520088672638,-0.7086144283457179,-0.6942505240440369
JQ1,2,KCL22,-0.5734320282936096,-0.17856348829993685,-0.1645250916481018
JQ1,2,KMS11,-1.30207097530365,0.25619179418995275,0.26996320486068726
JQ1,2,L428,1.1315950155258179,0.9042385155344421,0.9176119565963745
JQ1,2,LP1,0.6167780160903931,0.6207872327273681,0.6343347430229187
JQ1,2,ME1,1.3729239702224731,-1.1211222643386083,-1.106505036354065
JQ1,2,MOLM13,-1.0740150213241577,-0.3259339672458058,-0.3118050694465637
JQ1,2,NAMALWA,0.31081900000572205,-0.3802524932454893,-0.36609023809432983
JQ1,2,NCIH1568,2.664602041244507,1.7925426413745198,1.805370569229126
JQ1,2,NCIH1915,2.5437610149383545,1.797571116203162,1.8103959560394287
JQ1,2,NCIH2009,2.623872995376587,1.9477385321872227,1.9604711532592773
JQ1,2,NCIH2081,1.2767809629440308,1.886409532645719,1.8991798162460327
JQ1,2,NCIH2087,2.594464063644409,1.6671178837363756,1.6800228357315063
JQ1,2,NCIH211,-0.3718259930610657,1.6758587891108911,1.688758373260498
JQ1,2,NCIH2110,1.9325220584869385,2.3010834799549285,2.313599109649658
JQ1,2,NCIH2122,1.5753949880599976,1.6895863011419063,1.7024774551391602
JQ1,2,NCIH2291,2.78029203414917,2.0943048082368323,2.106947422027588
JQ1,2,NCIH460,0.7176070213317871,1.5932841374990028,1.6062344312667847
JQ1,2,NCIH661,1.2815929651260376,1.5899711841853412,1.6029235124588013
JQ1,2,NCIH69,0.3583979904651642,1.6061015237367136,1.6190439462661743
JQ1,2,NCIH841,2.4595229625701904,1.7273519888274542,1.7402199506759644
JQ1,2,NCIH929,-0.5762410163879395,0.8735626839222271,0.8869549632072449
JQ1,2,OPM2,-1.9824700355529785,-0.17823069000854505,-0.16419249773025513
JQ1,2,RERFLCKJ,1.5388109683990479,2.025409359226564,2.0380942821502686
JQ1,2,RL,0.8468120098114014,-0.34734387137613565,-0.3332018256187439
JQ1,2,SIGM5,-0.5646384954452515,0.18457199156812737,0.19838738441467285
JQ1,2,SUDHL6,-1.1371690034866333,-0.26882816609380983,-0.2547343373298645
JQ1,2,SUPM2,0.86353600025177,-0.08652078493922302,-0.07253891229629517
JQ1,3,697,-1.4822200536727905,-0.054571389458432866,-0.04688575118780136
JQ1,3,AMO1,-0.39266398549079895,0.0464121025224719,0.05304352194070816
JQ1,3,CA46,-0.4105980098247528,0.0745233561646256,0.08086130768060684
JQ1,3,CHAGOK1,2.2223949432373047,1.9576035037342323,1.9442830085754395
JQ1,3,CMLT1,0.8354774713516235,0.1406341560091681,0.14628194272518158
JQ1,3,CORL105,2.106782913208008,1.4688691463244288,1.4606508016586304
JQ1,3,CORL279,0.8404495120048523,1.344738239556,1.337815761566162
JQ1,3,CORL88,3.19427490234375,1.9653936166664852,1.9519917964935303
JQ1,3,CORL95,3.6541008949279785,1.8657500178456488,1.8533884286880493
JQ1,3,EHEB,1.8314470052719116,0.03713024789535498,0.043858565390110016
JQ1,3,EM2,-0.9319049715995789,-0.44060193476784126,-0.4288863241672516
JQ1,3,GRANTA519,1.905379056930542,-0.4739142868356521,-0.4618509113788605
JQ1,3,HCC366,2.103929042816162,1.712708258347635,1.701944351196289
JQ1,3,HL60,-1.7719290256500244,-0.05405952557557105,-0.04637923091650009
JQ1,3,JM1,1.485092043876648,-0.5728018052387875,-0.5597060918807983
JQ1,3,JURLMK1,0.3997119963169098,0.4643875951100044,0.46665555238723755
JQ1,3,JVM3,-0.5346009731292725,0.21301549170667136,0.21790765225887299
JQ1,3,L1236,-0.35522300004959106,-0.15245279085164035,-0.1437453180551529
JQ1,3,LCLC97TM1,0.2589170038700104,1.6363757286058895,1.6264086961746216
JQ1,3,LOUNH91,0.5208809971809387,2.1139461769188306,2.0989935398101807
JQ1,3,MOLT16,-1.5891599655151367,-0.7562957915264515,-0.7412844896316528
JQ1,3,MONOMAC6,-0.5087059736251831,0.28344567010557337,0.28760257363319397
JQ1,3,NCIH1048,2.0424580574035645,1.2218917509375058,1.2162517309188843
JQ1,3,NCIH1341,0.8250640034675598,0.9851498864376843,0.9819813370704651
JQ1,3,NCIH1648,1.4640949964523315,2.0559789474374206,2.0416314601898193
JQ1,3,NCIH1651,2.413295030593872,2.332573613489702,2.315338611602783
JQ1,3,NCIH1836,2.6303510665893555,1.7965393711095303,1.7849003076553345
JQ1,3,NCIH1876,2.6480870246887207,1.4085485958376753,1.4009599685668945
JQ1,3,NCIH2405,2.7279319763183594,1.7245051005677166,1.7136180400848389
JQ1,3,NCIH650,2.876913070678711,1.4195554160893389,1.4118518829345703
JQ1,3,NCIH82,2.6744940280914307,0.8170722910226002,0.8156583905220032
JQ1,3,NOMO1,0.9768970012664795,-0.2276541363476638,-0.21816159784793854
JQ1,3,OCIAML3,-0.9994840025901794,-0.0008032744428847598,0.006321050692349672
JQ1,3,PF382,-1.2534819841384888,-0.46085097603460434,-0.4489239752292633
JQ1,3,RAJI,-0.19009199738502502,0.028823693337818965,0.035638727247714996
JQ1,3,RCHACV,-1.5365519523620605,0.1225832743730427,0.12841950356960297
JQ1,3,SBC5,1.1888060569763184,1.4405059361487367,1.4325836896896362
JQ1,3,SKMES1,2.1231729984283447,1.5964364920484981,1.5868864059448242
JQ1,3,ST486,-0.9947460293769836,-0.02060839469109899,-0.01327731367200613
JQ1,3,SUDHL1,0.7703970074653625,0.5768664608791568,0.577960193157196
JQ1,3,SW1573,3.0410759449005127,1.4570621848842578,1.4489670991897583
JQ1,4,BL41,0.0055229999125003815,-0.19426574046793899,-0.2948633134365082
JQ1,4,BV173,-1.4394429922103882,-0.31891899318468253,-0.4293827712535858
JQ1,4,CALU3,0.3831680119037628,1.5821573325840401,1.6221622228622437
JQ1,4,COLO668,2.4152920246124268,1.4597665339020507,1.4900842905044556
JQ1,4,DMS273,1.0543899536132812,1.5981742390004816,1.6394468545913696
JQ1,4,DND41,0.9343960285186768,-0.03397616480757447,-0.12188694626092911
JQ1,4,GDM1,-1.035491943359375,0.4001637618646952,0.346614807844162
JQ1,4,HCC15,2.2005391120910645,1.927231116882607,1.9945483207702637
JQ1,4,HEL,-0.7170109748840332,-0.1217039426158352,-0.2165583074092865
JQ1,4,KG1,-0.9631929993629456,0.5929875958339607,0.554700493812561
JQ1,4,KMH2,0.3384050130844116,-0.2615016413239195,-0.36742088198661804
JQ1,4,KOPN8,0.13972200453281403,-0.5780599823331036,-0.7090345621109009
JQ1,4,L540,1.8414549827575684,0.6904108151906172,0.6598346829414368
JQ1,4,LCLC103H,2.724220037460327,1.4619733130755423,1.4924657344818115
JQ1,4,LXF289,0.8183820247650146,1.9815152112734338,2.053128957748413
JQ1,4,MEG01,-0.9716240167617798,0.8708121681242016,0.8545146584510803
JQ1,4,MOLM16,-0.09336449950933456,0.47479745991092276,0.4271557033061981
JQ1,4,MOLT13,-1.9380085468292236,-0.15015247112900829,-0.2472585141658783
JQ1,4,NB4,-2.265660047531128,0.025294033180083254,-0.05792555958032608
JQ1,4,NCIH1092,2.5409040451049805,1.6879339352169571,1.7363109588623047
JQ1,4,NCIH1436,2.6559150218963623,1.6548154567834075,1.7005711793899536
JQ1,4,NCIH146,1.1824419498443604,2.0556001142586457,2.133077621459961
JQ1,4,NCIH1650,2.7989959716796875,2.115922500844567,2.198174476623535
JQ1,4,NCIH1792,1.4801520109176636,2.016597885556403,2.0909883975982666
JQ1,4,NCIH2023,2.618849992752075,2.1210710999194076,2.203730583190918
JQ1,4,NCIH2171,0.7056059837341309,1.7123582980140002,1.762668490409851
JQ1,4,NCIH23,1.6909610033035278,1.8858452529495686,1.9498867988586426
JQ1,4,NCIH2347,2.796747922897339,2.461873274674012,2.571506977081299
JQ1,4,NCIH292,1.5329619646072388,1.5640643282656812,1.6026371717453003
JQ1,4,NCIH441,3.0864369869232178,1.8551321715477447,1.9167428016662598
JQ1,4,NCIH446,0.1987680047750473,0.7451353375017878,0.7188906073570251
JQ1,4,NCIH647,0.7680580019950867,1.650413939229832,1.6958212852478027
JQ1,4,NCIH727,2.2755250930786133,2.055574265215917,2.133049726486206
JQ1,4,NCIH838,1.0529229640960693,1.6647157506146055,1.7112550735473633
JQ1,4,OCIAML5,0.44308000802993774,0.5631813850145454,0.5225351452827454
JQ1,4,P12ICHIKAWA,0.8134264945983887,-0.11199608054717514,-0.2060820758342743
JQ1,4,REH,0.392969012260437,0.0036476692144447043,-0.08128521591424942
JQ1,4,SHP77,2.209968090057373,0.3699466175454858,0.3140060007572174
JQ1,4,SUPB15,-1.0319440364837646,-0.17037780054051974,-0.2690846621990204
JQ1,4,SW1271,1.6623270511627197,1.9523661074227083,2.0216727256774902
JQ1,5,BEN,0.22552800178527832,1.4366030122828315,1.4241567850112915
JQ1,5,DMS53,2.8564391136169434,0.9319170989293433,0.9267123341560364
JQ1,5,DOHH2,-0.8010395169258118,-0.6654517363108302,-0.6477367281913757
JQ1,5,GA10,-1.0910940170288086,-0.45655805745253675,-0.44184035062789917
JQ1,5,HCC33,1.6051445007324219,1.14943794168765,1.1411120891571045
JQ1,5,HDLM2,2.4114990234375,0.8365313728345164,0.8326952457427979
JQ1,5,HT,-0.14837400615215302,-0.2225751348789936,-0.21121472120285034
JQ1,5,JURKAT,0.7296329736709595,0.4500960151339788,0.45180463790893555
JQ1,5,KMS12BM,-2.1663994789123535,-0.2950438437956012,-0.2826436161994934
JQ1,5,KNS62,2.3833110332489014,1.4925846663122448,1.4793351888656616
JQ1,5,KU812,-0.9906479716300964,-0.07238654186776065,-0.06318110227584839
JQ1,5,L363,-0.09226199984550476,-0.9320755661248948,-0.9105349183082581
JQ1,5,MHHCALL2,1.4474090337753296,-0.38405463741897095,-0.37037724256515503
JQ1,5,NCIH1105,2.69864559173584,1.5291966704663742,1.5154218673706055
JQ1,5,NCIH1437,1.4825060367584229,1.3926219710376004,1.380806803703308
JQ1,5,NCIH1793,2.8168389797210693,2.226193721983162,2.202418088912964
JQ1,5,NCIH1944,1.4035600423812866,1.6678598422562427,1.6520954370498657
JQ1,5,NCIH196,2.698996067047119,1.2335773263603496,1.2240442037582397
JQ1,5,NCIH1963,1.2493679523468018,1.8353414653581872,1.817173957824707
JQ1,5,NCIH2030,1.1450040340423584,1.9032746286404763,1.8841323852539062
JQ1,5,NCIH2066,3.1088340282440186,1.6468897317164717,1.631426215171814
JQ1,5,NCIH2085,0.88229900598526,1.6421658752490385,1.6267701387405396
JQ1,5,NCIH2170,1.800076961517334,2.0707924141952794,2.0492465496063232
JQ1,5,NCIH2196,4.004598617553711,1.9199512038073692,1.9005696773529053
JQ1,5,NCIH2227,2.199726104736328,1.8018268539054496,1.7841402292251587
JQ1,5,NCIH2342,2.214982032775879,2.1956305230291386,2.1722934246063232
JQ1,5,NCIH524,1.8517169952392578,2.066351810117798,2.0448696613311768
JQ1,5,NCIH526,-1.402927041053772,1.6409621130640735,1.6255836486816406
JQ1,5,NCIH810,1.9222110509872437,1.8449014149360405,1.826596736907959
JQ1,5,OCIAML2,-1.7898160219192505,-0.4117636633796267,-0.39768868684768677
JQ1,5,OCIM1,-0.898082971572876,-0.2261344152307805,-0.21472293138504028
JQ1,5,PL21,0.13710300624370575,-0.4566106683789368,-0.44189220666885376
JQ1,5,RERFLCMS,1.2878730297088623,1.7204581904118281,1.7039390802383423
JQ1,5,RPMI8402,0.02241400070488453,0.10493798084034263,0.11159908771514893
JQ1,5,SKM1,0.2716690003871918,-0.1540021743538165,-0.1436256766319275
JQ1,5,SKMM2,1.556054949760437,-0.3075462559674476,-0.2949666380882263
JQ1,5,SUDHL4,1.03010094165802,0.05930906862453515,0.06662487983703613
JQ1,5,SUDHL5,-0.39301401376724243,0.08056944634444455,0.08758020401000977
JQ1,5,SUPT1,-0.09787099808454514,-0.14768583956934977,-0.13739997148513794
JQ1,5,WSUDLCL2,-1.2879430055618286,0.03214852668968226,0.03985404968261719
KU-55933,1,A549,3.1095075607299805,4.589828594284515,4.65861701965332
KU-55933,1,AMO1,3.8431899547576904,3.375706242239998,3.3415520191192627
KU-55933,1,BV173,2.732166051864624,3.393559925810552,3.36091947555542
KU-55933,1,CHAGOK1,5.273937225341797,4.8485319483967,4.939255237579346
KU-55933,1,CORL311,4.766599178314209,4.389967471715882,4.441810131072998
KU-55933,1,CORL88,5.599868297576904,4.656125446971519,4.73053503036499
KU-55933,1,DMS273,3.5121231079101562,4.32834277942358,4.374960422515869
KU-55933,1,DMS53,5.403909683227539,4.490258697936114,4.550604820251465
KU-55933,1,EBC1,4.043288707733154,4.631318029149013,4.703624248504639
KU-55933,1,EJM,4.204907417297363,3.8785903075816544,3.8870744705200195
KU-55933,1,GRANTA519,4.682156085968018,3.8046739960291154,3.8068909645080566
KU-55933,1,HCC15,4.147096633911133,4.49175630358714,4.552229404449463
KU-55933,1,HCC366,5.658742904663086,4.611293103103191,4.681901454925537
KU-55933,1,HDLM2,3.318942070007324,3.7970820101172613,3.7986552715301514
KU-55933,1,KCL22,3.355410099029541,3.738554069163813,3.7351648807525635
KU-55933,1,LOUCY,3.265491485595703,3.6633225723726865,3.653554677963257
KU-55933,1,MEG01,4.19486665725708,4.093974308330598,4.120720386505127
KU-55933,1,MOLM16,2.6544029712677,3.8344296224849037,3.839169502258301
KU-55933,1,MOLT16,3.6151349544525146,3.5675393281759615,3.549650192260742
KU-55933,1,NALM6,3.2966248989105225,3.3341244982511333,3.2964446544647217
KU-55933,1,NCIH1092,5.409822940826416,4.877072610948927,4.970215797424316
KU-55933,1,NCIH1341,3.605865955352783,4.4535513152810395,4.510785102844238
KU-55933,1,NCIH1623,4.691720485687256,4.662010373433489,4.736918926239014
KU-55933,1,NCIH1648,3.435178518295288,4.884343932545423,4.9781036376953125
KU-55933,1,NCIH1651,4.680685043334961,4.76525461249892,4.848917007446289
KU-55933,1,NCIH2009,4.559304714202881,4.426983870153953,4.481965065002441
KU-55933,1,NCIH2081,5.2878594398498535,4.864270214533865,4.95632791519165
KU-55933,1,NCIH2087,5.507675647735596,4.808573086727644,4.895908355712891
KU-55933,1,NCIH211,4.29709529876709,4.727101493129368,4.807528972625732
KU-55933,1,NCIH446,4.143036365509033,4.192897601241176,4.228031158447266
KU-55933,1,NCIH524,3.833005428314209,4.754087406286914,4.836802959442139
KU-55933,1,NCIH526,3.8914315700531006,4.6471266260476,4.720773220062256
KU-55933,1,NCIH647,4.590418338775635,4.546821333675082,4.611963272094727
KU-55933,1,NCIH661,4.71817684173584,4.57778884706362,4.645556449890137
KU-55933,1,NCIH929,2.635260581970215,3.8897238868983552,3.8991520404815674
KU-55933,1,P12ICHIKAWA,3.9855239391326904,3.3216658434325197,3.2829296588897705
KU-55933,1,PL21,3.2929859161376953,3.638889885638381,3.6270503997802734
KU-55933,1,REH,3.6937694549560547,3.68603501263934,3.6781928539276123
KU-55933,1,SKMES1,4.571778774261475,4.7599525522222335,4.843165397644043
KU-55933,1,SUDHL6,1.8398444652557373,3.2142386823315268,3.166393995285034
KU-55933,1,SW1271,5.461878776550293,4.697789390037795,4.775731563568115
KU-55933,2,A4FUK,3.262237548828125,3.6192009597207315,3.623199939727783
KU-55933,2,CA46,4.784458637237549,3.2385070824760565,3.25589656829834
KU-55933,2,DMS114,4.833032608032227,4.699269735350826,4.665278434753418
KU-55933,2,EHEB,5.230644226074219,4.01259137075123,4.002753257751465
KU-55933,2,EM2,3.7061750888824463,3.7083697691889923,3.7092323303222656
KU-55933,2,HARA,4.246333599090576,4.496494377756943,4.469635486602783
KU-55933,2,HCC33,4.522276878356934,4.795827640834339,4.758440017700195
KU-55933,2,HCC44,3.665778398513794,4.479154144809906,4.452905178070068
KU-55933,2,HH,3.6637284755706787,3.4922398227397715,3.500704526901245
KU-55933,2,IALM,4.050933837890625,4.770882337358059,4.734372138977051
KU-55933,2,JURKAT,3.4079184532165527,3.690685311415881,3.6921699047088623
KU-55933,2,JURLMK1,4.343932151794434,4.036168176677766,4.025500774383545
KU-55933,2,JVM3,2.510864019393921,3.688492453478641,3.690054178237915
KU-55933,2,KMS12BM,2.897404909133911,3.560352846866996,3.5664217472076416
KU-55933,2,KOPN8,2.899439573287964,3.168070726105657,3.1879377365112305
KU-55933,2,L1236,3.130094528198242,3.7728025777134087,3.7713987827301025
KU-55933,2,LP1,4.517824172973633,3.5091864087751548,3.517055034637451
KU-55933,2,MONOMAC6,2.914665460586548,3.8063596796022225,3.8037755489349365
KU-55933,2,NCIH1048,4.401975154876709,4.338062492229982,4.316776275634766
KU-55933,2,NCIH1435,3.605762481689453,4.281580955944305,4.26228141784668
KU-55933,2,NCIH1436,5.104978084564209,4.610280328053225,4.579419136047363
KU-55933,2,NCIH1781,5.45260763168335,5.103991147942538,5.055764198303223
KU-55933,2,NCIH1792,4.106353282928467,4.93163211869878,4.889467716217041
KU-55933,2,NCIH1836,6.087866306304932,5.01110184387172,4.966142177581787
KU-55933,2,NCIH1915,4.307062149047852,4.612062982680141,4.581139087677002
KU-55933,2,NCIH1975,4.3033833503723145,5.34438165487231,5.287699222564697
KU-55933,2,NCIH2023,4.620781421661377,4.7739356338052685,4.73731803894043
KU-55933,2,NCIH2029,4.618861198425293,4.8114242626020705,4.7734880447387695
KU-55933,2,NCIH2030,3.413771390914917,4.7838694730071,4.7469024658203125
KU-55933,2,NCIH209,4.257779598236084,4.430853446350493,4.406303405761719
KU-55933,2,NCIH2227,5.71856164932251,4.599589836721145,4.5691046714782715
KU-55933,2,NCIH2291,5.06423282623291,4.92072219330672,4.878941535949707
KU-55933,2,NCIH727,5.614800453186035,5.0750416670924645,5.027832984924316
KU-55933,2,NCIH838,4.191990852355957,4.985796253391553,4.9417266845703125
KU-55933,2,OCIAML5,4.507513523101807,4.114320803269965,4.10090446472168
KU-55933,2,OCIM1,3.659648895263672,3.7747752602593843,3.7733020782470703
KU-55933,2,SKM1,2.8429934978485107,3.656401704869023,3.6590921878814697
KU-55933,2,SKMM2,5.19724178314209,3.709245281435064,3.7100770473480225
KU-55933,2,SUPB15,3.8481085300445557,3.010352248384062,3.035766839981079
KU-55933,2,SUPM2,2.331106424331665,3.7244561638248337,3.724752902984619
KU-55933,2,SW1573,5.326760292053223,4.752833885924642,4.716958522796631
KU-55933,3,697,2.2852425575256348,3.299420288818984,3.344921350479126
KU-55933,3,A3KAW,3.5523459911346436,4.141008676211796,4.141430377960205
KU-55933,3,ALLSIL,4.263332843780518,3.3253405383436925,3.369453191757202
KU-55933,3,CALU3,5.9155354499816895,5.05379776768758,5.005326271057129
KU-55933,3,CMK,3.060720920562744,4.250583411145432,4.24513578414917
KU-55933,3,COLO668,4.694477081298828,4.8633138860364875,4.825045585632324
KU-55933,3,CORL105,5.679236888885498,4.662110638263217,4.63461971282959
KU-55933,3,CORL23,4.771322727203369,4.647037726236651,4.620354175567627
KU-55933,3,DOHH2,3.6520423889160156,3.0914136494104985,3.1480565071105957
KU-55933,3,GDM1,4.638533592224121,3.3836534164534857,3.424642562866211
KU-55933,3,HCC78,4.820505142211914,4.993731329050044,4.948477268218994
KU-55933,3,HL60,4.094593524932861,3.5268863866510425,3.5602033138275146
KU-55933,3,HT,4.3137617111206055,3.2947825860010362,3.340532064437866
KU-55933,3,JVM2,3.49971342086792,4.159992272570019,4.159397125244141
KU-55933,3,KARPAS422,2.691394567489624,3.098602466646553,3.154860258102417
KU-55933,3,KG1,3.6913886070251465,3.7287186590813692,3.7512245178222656
KU-55933,3,LCLC103H,4.646978855133057,4.719994006144623,4.6894025802612305
KU-55933,3,LCLC97TM1,4.332367897033691,4.741406035700295,4.709667682647705
KU-55933,3,MOLM13,3.945420503616333,3.8970113468739163,3.9105026721954346
KU-55933,3,MOLP8,3.7799484729766846,3.8277352516735705,3.844937324523926
KU-55933,3,NCIH1105,5.176095485687256,4.456471217397929,4.439995288848877
KU-55933,3,NCIH1437,3.937720537185669,4.3451960754017644,4.334680557250977
KU-55933,3,NCIH146,4.612790107727051,5.120290485460685,5.0682573318481445
KU-55933,3,NCIH1650,4.486355781555176,4.740120276048866,4.708450794219971
KU-55933,3,NCIH2171,3.864461898803711,4.6432938077532,4.6168107986450195
KU-55933,3,NCIH292,5.051212787628174,4.502931376589349,4.483966827392578
KU-55933,3,NCIH596,5.551576614379883,4.550599202663401,4.529081344604492
KU-55933,3,NCIH69,4.958474636077881,4.883910727850774,4.844539165496826
KU-55933,3,NCIH810,5.05651330947876,4.913198035271446,4.872257709503174
KU-55933,3,NCIH82,2.5345215797424316,4.504766304743935,4.485703468322754
KU-55933,3,NOMO1,3.8200440406799316,3.565752401945133,3.59698748588562
KU-55933,3,RERFLCKJ,3.47332501411438,4.5809007084298115,4.557759761810303
KU-55933,3,RL,4.40036153793335,3.1047292222269607,3.160658836364746
KU-55933,3,RPMI8226,3.965817928314209,4.201819263362325,4.198983669281006
KU-55933,3,RPMI8402,2.95357608795166,3.7396284707945506,3.761549949645996
KU-55933,3,SKLU1,5.152454376220703,4.5329074118483845,4.5123372077941895
KU-55933,3,ST486,3.157758951187134,3.4042945948074768,3.4441781044006348
KU-55933,3,SUDHL10,2.286010980606079,3.1648845858560626,3.2175920009613037
KU-55933,3,SUDHL5,2.514817953109741,3.589914556523266,3.6198554039001465
KU-55933,3,SUDHL8,4.3416924476623535,3.35789640600678,3.4002652168273926
KU-55933,3,THP1,4.047712802886963,3.786957223104726,3.8063435554504395
KU-55933,4,BL41,2.602363109588623,3.272590516303366,3.2909789085388184
KU-55933,4,CMLT1,3.803511381149292,3.2983861316505325,3.3164188861846924
KU-55933,4,CORL279,4.231940269470215,4.465265489164927,4.46721076965332
KU-55933,4,CORL95,5.428549766540527,4.810733285228841,4.807915687561035
KU-55933,4,DAUDI,4.156489849090576,3.2665261787403765,3.2849981784820557
KU-55933,4,GA10,2.568834066390991,3.3763290062507276,3.393287181854248
KU-55933,4,HEL,3.920971393585205,3.7030148828565514,3.7154691219329834
KU-55933,4,JEKO1,2.172358989715576,3.4702006485482646,3.4858646392822266
KU-55933,4,JM1,3.562748432159424,3.694799440026052,3.707366943359375
KU-55933,4,K562,4.511850833892822,3.989696196925067,3.9981980323791504
KU-55933,4,KMH2,3.8373680114746094,3.1817378673279983,3.20137882232666
KU-55933,4,KMS11,3.5816919803619385,3.7687676774377636,3.780315399169922
KU-55933,4,KU812,3.2631454467773438,4.009251479582839,4.017483711242676
KU-55933,4,LU65,5.745699405670166,3.9254693381101524,3.934856653213501
KU-55933,4,LXF289,3.99725341796875,4.526458124310194,4.527559757232666
KU-55933,4,MHHCALL2,2.9292099475860596,3.7495066064130054,3.761319875717163
KU-55933,4,NAMALWA,3.5623695850372314,3.41211838881003,3.4285831451416016
KU-55933,4,NB4,2.8948841094970703,3.4425812595285765,3.4586260318756104
KU-55933,4,NCIH1155,4.152688026428223,4.553995076052266,4.554717063903809
KU-55933,4,NCIH1568,4.521172046661377,4.776396829468566,4.774052619934082
KU-55933,4,NCIH1944,4.7321248054504395,4.366247923432437,4.369558334350586
KU-55933,4,NCIH2066,6.009761810302734,4.510196464732277,4.51152229309082
KU-55933,4,NCIH2085,3.8088724613189697,4.395681657814302,4.398586273193359
KU-55933,4,NCIH2110,4.080842018127441,4.697783577827821,4.696523189544678
KU-55933,4,NCIH2172,5.406061172485352,4.41882163241483,4.421407222747803
KU-55933,4,NCIH23,4.731401443481445,4.50771174232955,4.5090718269348145
KU-55933,4,NCIH2342,5.487858295440674,4.669595830920528,4.668724060058594
KU-55933,4,NCIH2405,6.361543655395508,4.867805990505723,4.864201545715332
KU-55933,4,NCIH2444,5.379852771759033,4.552921699182437,4.553658485412598
KU-55933,4,NCIH358,4.011445045471191,4.877222213271457,4.873487949371338
KU-55933,4,NCIH441,7.000495433807373,4.713493560374894,4.712016582489014
KU-55933,4,NCIH460,4.687047004699707,4.377993180604463,4.381141662597656
KU-55933,4,NCIH841,4.777099609375,4.4446382801466084,4.446867942810059
KU-55933,4,NUDUL1,2.0688579082489014,3.52491023245069,3.5398199558258057
KU-55933,4,OCIAML2,3.5122249126434326,3.6165309260916993,3.6301774978637695
KU-55933,4,OPM2,3.544950008392334,3.260194705717666,3.2787539958953857
KU-55933,4,RAJI,4.0961527824401855,3.4363605087145106,3.452491044998169
KU-55933,4,RERFLCMS,4.761870861053467,4.4629306527215,4.464908123016357
KU-55933,4,SHP77,4.733775615692139,4.493956562793613,4.495506286621094
KU-55933,4,SUPT1,3.2408435344696045,3.4449480071762415,3.4609601497650146
KU-55933,5,ABC1,5.680258274078369,4.671918447930305,4.74600887298584
KU-55933,5,BEN,4.219605922698975,5.021968240326533,5.1238179206848145
KU-55933,5,CAL12T,3.2533600330352783,4.4344790953851,4.489740371704102
KU-55933,5,CALU6,5.7747650146484375,4.678226937000578,4.752817630767822
KU-55933,5,DB,3.3387115001678467,3.184466941104249,3.14060115814209
KU-55933,5,DMS79,5.300881862640381,4.514735499827887,4.576361179351807
KU-55933,5,DND41,3.684117078781128,3.421357796613195,3.396277666091919
KU-55933,5,EPLC272H,3.6304736137390137,4.638880945010919,4.710351467132568
KU-55933,5,HCC827,5.672101974487305,4.81202884591419,4.89723014831543
KU-55933,5,KNS62,4.420390605926514,4.430559429089739,4.485509872436523
KU-55933,5,L363,3.6244969367980957,3.485481142639102,3.4654860496520996
KU-55933,5,L428,3.6654255390167236,3.5674292064873137,3.5539326667785645
KU-55933,5,L540,2.100045919418335,3.857512124961642,3.8670194149017334
KU-55933,5,LAMA84,2.7183704376220703,3.737240840480146,3.737210512161255
KU-55933,5,LOUNH91,5.130130290985107,4.71997412221784,4.79787540435791
KU-55933,5,ME1,4.295122146606445,3.693093345639045,3.6895620822906494
KU-55933,5,MM1S,3.7899839878082275,3.6077272815322603,3.597426414489746
KU-55933,5,MOLT13,3.4577620029449463,3.632889665908499,3.624584197998047
KU-55933,5,NCIH1793,4.9970879554748535,4.740797128511005,4.82034969329834
KU-55933,5,NCIH1876,4.347813606262207,4.3098428083113856,4.355220317840576
KU-55933,5,NCIH196,5.128328800201416,4.680505751106921,4.755277156829834
KU-55933,5,NCIH1963,4.1171770095825195,4.467816581782232,4.525721549987793
KU-55933,5,NCIH2122,4.130835056304932,4.543163241912535,4.607043266296387
KU-55933,5,NCIH2170,4.453012466430664,4.56092191035351,4.6262102127075195
KU-55933,5,NCIH2196,6.3346781730651855,4.784038045890645,4.8670196533203125
KU-55933,5,NCIH2228,4.666517734527588,4.673106011388593,4.74729061126709
KU-55933,5,NCIH2347,4.589578151702881,4.779065123909064,4.861652374267578
KU-55933,5,NCIH522,3.9507033824920654,4.3148687465187825,4.360644817352295
KU-55933,5,NCIH650,4.64133882522583,4.342461041244941,4.390425205230713
KU-55933,5,OCIAML3,4.479960918426514,3.7510754246069418,3.7521421909332275
KU-55933,5,OCILY19,3.843930959701538,2.9465466872107013,2.8838136196136475
KU-55933,5,P31FUJ,4.289843559265137,3.6493211614965366,3.6423187255859375
KU-55933,5,PF382,3.1182639598846436,3.6129162446340426,3.603026866912842
KU-55933,5,RCHACV,2.4579920768737793,3.69576713062772,3.6924479007720947
KU-55933,5,RS411,3.1864724159240723,3.3141170168336123,3.2805325984954834
KU-55933,5,SBC5,4.362545967102051,4.157479918739443,4.190774917602539
KU-55933,5,SIGM5,3.852174997329712,3.78156063805515,3.7850449085235596
KU-55933,5,SUDHL1,4.020240783691406,3.5370279353966483,3.521120548248291
KU-55933,5,SUDHL4,3.925102472305298,3.2802089433061314,3.2439355850219727
KU-55933,5,WSUDLCL2,2.51615309715271,3.0197035563138455,2.9627718925476074
LENALIDOMIDE,1,ABC1,2.5111351013183594,4.569037966342863,4.589564323425293
LENALIDOMIDE,1,AMO1,3.741476058959961,3.8145170927116663,3.792858839035034
LENALIDOMIDE,1,BL41,3.3667125701904297,3.712473288436233,3.685109853744507
LENALIDOMIDE,1,COLO668,3.5304019451141357,4.569108414257448,4.589638710021973
LENALIDOMIDE,1,CORL105,4.655523777008057,4.0668278793577075,4.059276103973389
LENALIDOMIDE,1,CORL311,4.141265869140625,4.661317057432031,4.687002658843994
LENALIDOMIDE,1,DB,4.830262660980225,3.8669811449469798,3.8482561111450195
LENALIDOMIDE,1,DMS53,5.104775428771973,4.72272776902496,4.751846790313721
LENALIDOMIDE,1,DMS79,4.9020233154296875,4.903985737358536,4.943238735198975
LENALIDOMIDE,1,EPLC272H,4.59165620803833,4.682267635004543,4.709124565124512
LENALIDOMIDE,1,HCC15,5.876317977905273,4.665173629166329,4.691074848175049
LENALIDOMIDE,1,HCC366,5.27565336227417,4.280074168393735,4.284444808959961
LENALIDOMIDE,1,HEL,3.3822360038757324,3.3240830971919975,3.2750051021575928
LENALIDOMIDE,1,HH,4.362165927886963,3.5972882385556417,3.5634849071502686
LENALIDOMIDE,1,KOPN8,3.5141448974609375,3.2082222440795123,3.1526665687561035
LENALIDOMIDE,1,LCLC97TM1,4.665951728820801,4.30479370939651,4.310546398162842
LENALIDOMIDE,1,MEG01,4.2744059562683105,4.027648903886495,4.017906665802002
LENALIDOMIDE,1,MM1S,1.23757004737854,3.761128411597433,3.736485242843628
LENALIDOMIDE,1,MOLM16,1.8562419414520264,4.017210871208913,4.006885051727295
LENALIDOMIDE,1,MOLT13,2.6967360973358154,3.7902012724501635,3.767183542251587
LENALIDOMIDE,1,NCIH1436,4.247179985046387,4.584926680616812,4.606341361999512
LENALIDOMIDE,1,NCIH1437,3.7690811157226562,4.682038679282144,4.708882808685303
LENALIDOMIDE,1,NCIH146,4.580785274505615,4.792482494193369,4.825501441955566
LENALIDOMIDE,1,NCIH1623,4.733960151672363,5.004367241803296,5.049232482910156
LENALIDOMIDE,1,NCIH1836,5.37436580657959,4.498104593372755,4.514665126800537
LENALIDOMIDE,1,NCIH2029,3.9809606075286865,4.857346508368519,4.893991947174072
LENALIDOMIDE,1,NCIH2081,4.225443363189697,4.806735100810014,4.840550899505615
LENALIDOMIDE,1,NCIH211,3.6332430839538574,4.805581290414098,4.839332580566406
LENALIDOMIDE,1,NCIH2228,5.800797939300537,4.5261527983396395,4.544281482696533
LENALIDOMIDE,1,NCIH292,3.864706039428711,4.557509797346009,4.577391624450684
LENALIDOMIDE,1,NCIH441,6.3981523513793945,4.158742989554856,4.156330108642578
LENALIDOMIDE,1,NCIH596,5.3987627029418945,4.6489426102817735,4.673936367034912
LENALIDOMIDE,1,NCIH650,5.116263389587402,4.281662407596256,4.286121845245361
LENALIDOMIDE,1,NCIH82,3.9255640506744385,4.491485198937003,4.507675647735596
LENALIDOMIDE,1,NCIH929,2.219987392425537,3.8631607003483666,3.844222068786621
LENALIDOMIDE,1,OCIAML5,3.4478259086608887,3.6238254260725316,3.591505765914917
LENALIDOMIDE,1,P31FUJ,3.239116907119751,3.6713901871198606,3.6417298316955566
LENALIDOMIDE,1,SKM1,3.286163568496704,3.731236142148463,3.7049217224121094
LENALIDOMIDE,1,SKMM2,4.890765190124512,4.107230661550226,4.101937770843506
LENALIDOMIDE,1,SUDHL4,3.5285658836364746,3.815742479995157,3.7941527366638184
LENALIDOMIDE,1,SUPT1,4.056676864624023,3.705406143312593,3.677647590637207
LENALIDOMIDE,2,A3KAW,3.331115961074829,3.5656024328779656,3.612004041671753
LENALIDOMIDE,2,CALU6,4.425660133361816,4.242410321426806,4.242335796356201
LENALIDOMIDE,2,EBC1,4.354942798614502,4.256254173255759,4.2552289962768555
LENALIDOMIDE,2,GA10,3.725233554840088,3.495785418749272,3.5469813346862793
LENALIDOMIDE,2,HARA,3.6329684257507324,4.59657822941751,4.572183132171631
LENALIDOMIDE,2,HCC33,5.126997947692871,4.614573854406751,4.588943004608154
LENALIDOMIDE,2,HCC44,3.606476068496704,4.6660724302551,4.636905193328857
LENALIDOMIDE,2,JEKO1,3.016524076461792,3.5961693443749256,3.640471935272217
LENALIDOMIDE,2,JURLMK1,2.792823076248169,3.8872796055155288,3.9115917682647705
LENALIDOMIDE,2,JVM3,4.1288323402404785,4.036665871936753,4.050719738006592
LENALIDOMIDE,2,KCL22,3.5972371101379395,3.659198319465627,3.6991727352142334
LENALIDOMIDE,2,KMH2,4.153200149536133,3.5523156323745004,3.5996296405792236
LENALIDOMIDE,2,KMS12BM,1.0718895196914673,3.9561394436763893,3.9757230281829834
LENALIDOMIDE,2,L1236,4.1754841804504395,3.7738469573885727,3.805948495864868
LENALIDOMIDE,2,L428,4.017368793487549,3.702406660881696,3.7394139766693115
LENALIDOMIDE,2,LAMA84,3.1656715869903564,3.62234973268151,3.6648545265197754
LENALIDOMIDE,2,LP1,4.565234661102295,3.5191843903961875,3.5687735080718994
LENALIDOMIDE,2,MOLP8,3.4333009719848633,3.645505506369227,3.686420202255249
LENALIDOMIDE,2,NCIH1092,4.507931709289551,4.446934173159535,4.432815074920654
LENALIDOMIDE,2,NCIH1648,5.094058513641357,4.785217414446838,4.747868537902832
LENALIDOMIDE,2,NCIH1650,5.959498882293701,4.991818944744674,4.940282821655273
LENALIDOMIDE,2,NCIH1944,6.039752006530762,4.689925286093234,4.659120082855225
LENALIDOMIDE,2,NCIH1963,4.592774868011475,4.308989730723945,4.304343223571777
LENALIDOMIDE,2,NCIH2023,4.818741798400879,5.085574061996147,5.027599811553955
LENALIDOMIDE,2,NCIH2030,6.02207612991333,4.581960752080454,4.558569431304932
LENALIDOMIDE,2,NCIH2066,5.0711565017700195,4.466172923717055,4.450732707977295
LENALIDOMIDE,2,NCIH209,4.379685401916504,4.345077235894698,4.337952613830566
LENALIDOMIDE,2,NCIH2110,4.135169982910156,4.831152132984442,4.790648937225342
LENALIDOMIDE,2,NCIH2122,3.6129279136657715,4.660631451913212,4.631837844848633
LENALIDOMIDE,2,NCIH2196,6.231802940368652,4.652869085051318,4.624608516693115
LENALIDOMIDE,2,NCIH2227,5.415109634399414,4.669044053318647,4.639672756195068
LENALIDOMIDE,2,NCIH460,3.8007140159606934,4.7489553187411655,4.714096546173096
LENALIDOMIDE,2,NCIH647,4.956654071807861,5.021927876084787,4.968324184417725
LENALIDOMIDE,2,NCIH810,4.881137371063232,4.578468941382076,4.555317401885986
LENALIDOMIDE,2,OCILY19,4.115272521972656,3.477668194780432,3.5301082134246826
LENALIDOMIDE,2,RPMI8226,3.1987175941467285,4.10432917613836,4.113736629486084
LENALIDOMIDE,2,RPMI8402,3.453829526901245,3.4912243050239775,3.5427334308624268
LENALIDOMIDE,2,SHP77,4.502926349639893,4.577973329541016,4.554855823516846
LENALIDOMIDE,2,SUDHL1,1.9707030057907104,3.632875340355597,3.6746573448181152
LENALIDOMIDE,2,THP1,4.488412857055664,4.077018301318283,4.088301181793213
LENALIDOMIDE,2,WSUDLCL2,3.5540740489959717,4.066417430275771,4.078428268432617
LENALIDOMIDE,3,697,2.9175806045532227,3.585487558360584,3.6157050132751465
LENALIDOMIDE,3,A4FUK,3.785686492919922,2.9190606358351134,2.970200777053833
LENALIDOMIDE,3,A549,4.460229873657227,4.487648173484296,4.489542007446289
LENALIDOMIDE,3,BEN,5.9827775955200195,4.704275242149756,4.699368000030518
LENALIDOMIDE,3,CAL12T,4.313711166381836,4.1706027170617865,4.182450294494629
LENALIDOMIDE,3,CMLT1,3.95668888092041,3.4370396033166735,3.4719176292419434
LENALIDOMIDE,3,CORL279,4.150971412658691,4.563969810838456,4.563467502593994
LENALIDOMIDE,3,DMS273,4.683140277862549,4.201968663682073,4.212831497192383
LENALIDOMIDE,3,DND41,3.420530080795288,3.557254563435239,3.5883584022521973
LENALIDOMIDE,3,EHEB,4.894658088684082,3.6218987682501367,3.650973081588745
LENALIDOMIDE,3,EJM,3.846947431564331,3.620406382476533,3.6495275497436523
LENALIDOMIDE,3,HCC78,4.288753032684326,4.4672421425749596,4.469776630401611
LENALIDOMIDE,3,JM1,3.273118495941162,3.7454435972034896,3.770639181137085
LENALIDOMIDE,3,JVM2,4.14348030090332,3.514900640411575,3.5473341941833496
LENALIDOMIDE,3,K562,4.30344295501709,4.12389298690474,4.13720703125
LENALIDOMIDE,3,KG1,3.7425119876861572,3.6590432483391893,3.6869513988494873
LENALIDOMIDE,3,KMS11,3.8938369750976562,2.8657113520153272,2.9185264110565186
LENALIDOMIDE,3,KNS62,4.721706867218018,4.312865997036001,4.320247173309326
LENALIDOMIDE,3,KU812,3.7975950241088867,3.5232698650014322,3.555440664291382
LENALIDOMIDE,3,LU65,5.436063766479492,3.8220204884001734,3.8448119163513184
LENALIDOMIDE,3,NB4,2.9821596145629883,3.3988480163364927,3.434925079345703
LENALIDOMIDE,3,NCIH1048,3.6599979400634766,4.151232962600886,4.163688659667969
LENALIDOMIDE,3,NCIH1568,5.5626678466796875,4.795035336490235,4.787278652191162
LENALIDOMIDE,3,NCIH1781,5.0193190574646,4.759426810091978,4.752788066864014
LENALIDOMIDE,3,NCIH2009,5.055521488189697,4.940403015174113,4.928082466125488
LENALIDOMIDE,3,NCIH358,4.429361820220947,5.079551065995972,5.062861919403076
LENALIDOMIDE,3,NCIH661,4.807101726531982,4.926062524464867,4.914192199707031
LENALIDOMIDE,3,NCIH838,4.912299156188965,4.672616381283949,4.668703079223633
LENALIDOMIDE,3,NOMO1,4.042164325714111,3.707825039100259,3.734201669692993
LENALIDOMIDE,3,OCIAML3,3.7262721061706543,3.895400183685042,3.9158878326416016
LENALIDOMIDE,3,OCIM1,3.452695608139038,3.525522104788415,3.557622194290161
LENALIDOMIDE,3,RCHACV,2.9221715927124023,3.5288674808479645,3.5608625411987305
LENALIDOMIDE,3,RERFLCKJ,4.481040954589844,5.00429081202558,4.989964485168457
LENALIDOMIDE,3,RERFLCMS,4.570979118347168,4.655699722092674,4.652317523956299
LENALIDOMIDE,3,RL,4.1032209396362305,3.7020541361706627,3.728611946105957
LENALIDOMIDE,3,RS411,2.7315754890441895,3.3190539913675834,3.3576362133026123
LENALIDOMIDE,3,SIGM5,2.734839916229248,3.727799329180485,3.7535488605499268
LENALIDOMIDE,3,SKLU1,2.149346113204956,4.2689131068367905,4.277674198150635
LENALIDOMIDE,3,SUDHL6,3.5922625064849854,3.7687832012036746,3.793246030807495
LENALIDOMIDE,3,SW1271,5.142279148101807,4.777327562689631,4.770126819610596
LENALIDOMIDE,3,SW1573,5.825411796569824,4.579909268723248,4.578906536102295
LENALIDOMIDE,4,ALLSIL,3.3111701011657715,3.5152352644030938,3.4897398948669434
LENALIDOMIDE,4,CA46,4.192404270172119,3.5240337950467455,3.4991135597229004
LENALIDOMIDE,4,CMK,3.4861600399017334,3.6670280450022767,3.6514549255371094
LENALIDOMIDE,4,CORL95,5.336198806762695,4.234224888792547,4.255727767944336
LENALIDOMIDE,4,DMS114,5.139627456665039,4.911235075491016,4.976992130279541
LENALIDOMIDE,4,EM2,2.990571975708008,3.440320417378582,3.4099280834198
LENALIDOMIDE,4,HCC827,4.38315486907959,4.578676308261745,4.622694969177246
LENALIDOMIDE,4,HL60,3.201995611190796,3.466218523969706,3.437519073486328
LENALIDOMIDE,4,JURKAT,3.8278584480285645,3.644758694499942,3.627729892730713
LENALIDOMIDE,4,L363,1.8956290483474731,3.3631374579297804,3.327699899673462
LENALIDOMIDE,4,L540,3.7084529399871826,3.4301950353719683,3.3991408348083496
LENALIDOMIDE,4,LOUCY,3.7390189170837402,3.539823303886985,3.515935182571411
LENALIDOMIDE,4,LOUNH91,4.924979209899902,4.896566978723604,4.961365222930908
LENALIDOMIDE,4,LXF289,4.282435894012451,4.520323045841045,4.560527324676514
LENALIDOMIDE,4,MOLM13,3.0052404403686523,3.718490587180615,3.7062814235687256
LENALIDOMIDE,4,MOLT16,3.0862669944763184,3.2008733158658726,3.1548290252685547
LENALIDOMIDE,4,NCIH1341,4.1367645263671875,3.9174070679569377,3.9182004928588867
LENALIDOMIDE,4,NCIH1435,4.605343341827393,4.340080280409575,4.368502616882324
LENALIDOMIDE,4,NCIH1792,5.123304843902588,4.748289492644477,4.8033952713012695
LENALIDOMIDE,4,NCIH1876,4.730792045593262,4.560022510233691,4.6028218269348145
LENALIDOMIDE,4,NCIH1915,3.492079973220825,4.745530161002493,4.800455570220947
LENALIDOMIDE,4,NCIH1975,4.990596294403076,4.998449648904421,5.0699076652526855
LENALIDOMIDE,4,NCIH2085,4.415283679962158,4.660816217902756,4.710204124450684
LENALIDOMIDE,4,NCIH2087,4.538897514343262,4.535924347227034,4.5771484375
LENALIDOMIDE,4,NCIH2171,4.338325023651123,4.43717697601655,4.4719462394714355
LENALIDOMIDE,4,NCIH2291,6.22719669342041,4.659305634887072,4.708594799041748
LENALIDOMIDE,4,NCIH23,4.635823726654053,4.888027149408269,4.952267169952393
LENALIDOMIDE,4,NCIH2342,4.574522495269775,5.1477019645563376,5.228916168212891
LENALIDOMIDE,4,NCIH2347,4.620487213134766,4.903470007420168,4.968719482421875
LENALIDOMIDE,4,NCIH2444,5.627391815185547,4.7628649403202585,4.818923473358154
LENALIDOMIDE,4,NCIH446,4.302746772766113,3.97761644527128,3.9823455810546875
LENALIDOMIDE,4,NCIH524,3.821758508682251,4.392807460309637,4.424676418304443
LENALIDOMIDE,4,NCIH727,5.836987018585205,4.91628736025577,4.982374668121338
LENALIDOMIDE,4,NCIH841,4.161776065826416,4.78434431185291,4.841806888580322
LENALIDOMIDE,4,OCIAML2,3.412501096725464,3.4830632030201607,3.4554648399353027
LENALIDOMIDE,4,P12ICHIKAWA,3.465847969055176,3.521478783744513,3.496391534805298
LENALIDOMIDE,4,PL21,4.148436546325684,3.2846348084004613,3.244065761566162
LENALIDOMIDE,4,SUDHL10,3.574871063232422,3.638416931314984,3.620973587036133
LENALIDOMIDE,4,SUDHL5,2.9413070678710938,3.480736457595854,3.452986001968384
LENALIDOMIDE,4,SUDHL8,4.039740085601807,3.342456793179793,3.3056674003601074
LENALIDOMIDE,5,BV173,3.210753917694092,3.307072778817125,3.286452054977417
LENALIDOMIDE,5,CALU3,5.66481876373291,4.675843142616172,4.718390464782715
LENALIDOMIDE,5,CHAGOK1,4.908670425415039,4.725412991150338,4.770247936248779
LENALIDOMIDE,5,CORL23,4.116018772125244,4.21146236550264,4.232578754425049
LENALIDOMIDE,5,CORL88,4.721973419189453,4.642433758434978,4.683439254760742
LENALIDOMIDE,5,DAUDI,3.537156105041504,3.6000710452087126,3.5929720401763916
LENALIDOMIDE,5,DOHH2,3.2774665355682373,3.5695368608339937,3.5610287189483643
LENALIDOMIDE,5,GDM1,3.6270480155944824,3.489207433774141,3.476992130279541
LENALIDOMIDE,5,GRANTA519,4.282467842102051,3.552594467935046,3.543304443359375
LENALIDOMIDE,5,HDLM2,4.654090404510498,4.059862122821405,4.073982238769531
LENALIDOMIDE,5,HT,4.449046611785889,3.521592630579756,3.5108718872070312
LENALIDOMIDE,5,IALM,4.817678928375244,4.23967697286164,4.2620954513549805
LENALIDOMIDE,5,KARPAS422,3.873063564300537,3.5101187236792515,3.498868465423584
LENALIDOMIDE,5,LCLC103H,3.1299688816070557,4.29742801374305,4.322511672973633
LENALIDOMIDE,5,ME1,4.583550453186035,3.501159249203036,3.4894955158233643
LENALIDOMIDE,5,MHHCALL2,2.8082640171051025,3.489132910126652,3.476914167404175
LENALIDOMIDE,5,MONOMAC6,3.563214063644409,3.6934637611800363,3.6906747817993164
LENALIDOMIDE,5,NALM6,3.815876007080078,3.3746139935481327,3.3571102619171143
LENALIDOMIDE,5,NAMALWA,3.7743589878082275,3.5014222470293417,3.4897706508636475
LENALIDOMIDE,5,NCIH1105,4.564028263092041,4.435057921283441,4.466493129730225
LENALIDOMIDE,5,NCIH1155,3.603243112564087,4.785364188890634,4.832965850830078
LENALIDOMIDE,5,NCIH1651,4.324333190917969,4.730095446383679,4.775146484375
LENALIDOMIDE,5,NCIH1793,4.952616214752197,4.823138334223825,4.872483253479004
LENALIDOMIDE,5,NCIH196,4.536093235015869,4.648423909965842,4.689705848693848
LENALIDOMIDE,5,NCIH2170,4.1975789070129395,4.248783443523269,4.271622180938721
LENALIDOMIDE,5,NCIH2172,5.743795871734619,4.7228641456655875,4.767581462860107
LENALIDOMIDE,5,NCIH2405,5.878465175628662,4.9402225051636055,4.994970798492432
LENALIDOMIDE,5,NCIH522,5.6834211349487305,4.619866995210731,4.6598310470581055
LENALIDOMIDE,5,NCIH526,4.00639009475708,4.4460910675287675,4.4780354499816895
LENALIDOMIDE,5,NCIH69,5.017846584320068,4.835285460863417,4.885190963745117
LENALIDOMIDE,5,NUDUL1,3.9184091091156006,3.7184143695196705,3.7167768478393555
LENALIDOMIDE,5,OPM2,3.099367618560791,2.9052861680675157,2.8661231994628906
LENALIDOMIDE,5,PF382,3.0431718826293945,3.5016339671165495,3.489992141723633
LENALIDOMIDE,5,RAJI,3.7971434593200684,3.7502760775843638,3.7501089572906494
LENALIDOMIDE,5,REH,3.1120564937591553,3.50244985292086,3.4908456802368164
LENALIDOMIDE,5,SBC5,5.108804225921631,4.515659690113168,4.550814628601074
LENALIDOMIDE,5,SKMES1,5.1023688316345215,4.81730771343682,4.8663835525512695
LENALIDOMIDE,5,ST486,3.8779590129852295,3.5388374481888487,3.5289125442504883
LENALIDOMIDE,5,SUPB15,3.7267990112304688,3.175999129047237,3.149329423904419
LENALIDOMIDE,5,SUPM2,3.3876819610595703,3.3675210287750743,3.3496899604797363
LESTAURTINIB,1,A4FUK,-2.507021903991699,-1.983714129223405,-1.903263807296753
LESTAURTINIB,1,AMO1,-2.0476479530334473,-1.401602423884897,-1.323684811592102
LESTAURTINIB,1,CALU6,0.26841166615486145,0.13999727217829228,0.2112075388431549
LESTAURTINIB,1,CMK,-1.5909459590911865,-0.14621107040540837,-0.07375553995370865
LESTAURTINIB,1,COLO668,1.2940658330917358,0.3710730719611353,0.44127795100212097
LESTAURTINIB,1,CORL311,-1.5491609573364258,-0.08885514296199311,-0.016649162396788597
LESTAURTINIB,1,CORL95,0.8306934833526611,-0.3736889096165163,-0.30024364590644836
LESTAURTINIB,1,DMS273,0.586899995803833,-0.7861475873221424,-0.7109077572822571
LESTAURTINIB,1,DMS53,1.7898800373077393,-0.10913235245880329,-0.03683814778923988
LESTAURTINIB,1,HARA,-0.9356039762496948,-0.18148012214367681,-0.10887113958597183
LESTAURTINIB,1,HCC15,0.8517269492149353,0.03519650187602168,0.10686274617910385
LESTAURTINIB,1,HCC33,-0.5308210253715515,0.13143045493924008,0.20267799496650696
LESTAURTINIB,1,JEKO1,-2.897649049758911,-1.956116911301708,-1.8757866621017456
LESTAURTINIB,1,JM1,-1.7061995267868042,-1.4469477317929487,-1.3688328266143799
LESTAURTINIB,1,JVM2,-1.009600043296814,-0.9784169657713349,-0.9023405909538269
LESTAURTINIB,1,KNS62,0.9620487689971924,-0.2048355002829035,-0.1321249008178711
LESTAURTINIB,1,LXF289,-0.9263610243797302,-0.03324889314324963,0.03871515020728111
LESTAURTINIB,1,MOLP8,-2.039649486541748,-1.7796926306626952,-1.7001299858093262
LESTAURTINIB,1,MOLT16,-2.7480740547180176,-2.0711371875033318,-1.9903064966201782
LESTAURTINIB,1,NALM6,-2.2206320762634277,-1.6489262735459276,-1.5699325799942017
LESTAURTINIB,1,NCIH1155,-1.1041145324707031,-0.11755459545268553,-0.045223746448755264
LESTAURTINIB,1,NCIH1568,0.20325987040996552,0.8767535222779084,0.9447582364082336
LESTAURTINIB,1,NCIH1651,0.82355797290802,0.3717305106197094,0.4419325292110443
LESTAURTINIB,1,NCIH1836,1.248191475868225,0.3900551016333878,0.46017739176750183
LESTAURTINIB,1,NCIH1915,0.6644632816314697,-0.2064246196775356,-0.13370710611343384
LESTAURTINIB,1,NCIH196,1.277093529701233,-0.1773631385351538,-0.10477206856012344
LESTAURTINIB,1,NCIH1963,-1.2107189893722534,-0.39834241032470613,-0.3247898817062378
LESTAURTINIB,1,NCIH211,-1.3913835287094116,0.3629133374828101,0.4331537187099457
LESTAURTINIB,1,NCIH23,0.4948965013027191,0.46132436765376866,0.5311365723609924
LESTAURTINIB,1,NCIH292,-0.9853609800338745,-0.11271276506962097,-0.040402982383966446
LESTAURTINIB,1,NCIH650,0.25617700815200806,0.22747905813296498,0.29830870032310486
LESTAURTINIB,1,NCIH727,1.8448917865753174,0.1365247963641791,0.20775017142295837
LESTAURTINIB,1,NCIH810,-0.09369099885225296,0.4207756021716508,0.49076423048973083
LESTAURTINIB,1,NCIH929,-1.977516531944275,-0.3560862020543419,-0.2827175259590149
LESTAURTINIB,1,OCIAML3,-1.493274450302124,-1.2164650156734176,-1.1393529176712036
LESTAURTINIB,1,OCILY19,-3.0680959224700928,-1.8029129905252343,-1.7232493162155151
LESTAURTINIB,1,REH,-0.4717150032520294,-1.5710218877838118,-1.492367148399353
LESTAURTINIB,1,RPMI8226,-0.8804594874382019,-0.4017484358646418,-0.32818108797073364
LESTAURTINIB,1,SKM1,-1.9356460571289062,-1.8071086967558687,-1.7274267673492432
LESTAURTINIB,1,SUDHL10,-1.829017996788025,-1.406037830023465,-1.3281009197235107
LESTAURTINIB,1,SW1573,0.5359312295913696,-0.46895639283054036,-0.39509662985801697
LESTAURTINIB,2,A3KAW,-3.0683164596557617,-1.1457209430542052,-1.0947887897491455
LESTAURTINIB,2,CA46,0.1554494947195053,-1.5789155576223632,-1.5043129920959473
LESTAURTINIB,2,CORL105,0.7572110295295715,0.12092774436791286,0.1026482880115509
LESTAURTINIB,2,EBC1,1.287431001663208,-0.6121147610521442,-0.5903396606445312
LESTAURTINIB,2,EJM,-1.3718479871749878,-0.9668606948700241,-0.9257017374038696
LESTAURTINIB,2,EPLC272H,-1.7836564779281616,0.36344462731894606,0.33191367983818054
LESTAURTINIB,2,GRANTA519,-1.4065229892730713,-2.112164373467823,-2.0084242820739746
LESTAURTINIB,2,HCC78,0.13837574422359467,0.11641716306176395,0.09838417172431946
LESTAURTINIB,2,HDLM2,-0.5354300141334534,-0.9920914516836141,-0.9495538473129272
LESTAURTINIB,2,HEL,-1.1227459907531738,-2.21060248276806,-2.1014835834503174
LESTAURTINIB,2,JVM3,-3.3368945121765137,-1.568550678085315,-1.4945144653320312
LESTAURTINIB,2,KMS11,-0.745943009853363,-1.0933965606085814,-1.0453234910964966
LESTAURTINIB,2,KOPN8,-2.433366537094116,-2.2457845125577762,-2.1347432136535645
LESTAURTINIB,2,KU812,-0.7097945213317871,-2.358828734038367,-2.241610527038574
LESTAURTINIB,2,L1236,-3.0812530517578125,-1.2065651162565705,-1.1523083448410034
LESTAURTINIB,2,LAMA84,-2.043165445327759,-2.0480871336143993,-1.9478483200073242
LESTAURTINIB,2,LU65,1.4367669820785522,-0.08101792879419945,-0.08826276659965515
LESTAURTINIB,2,ME1,0.7602260112762451,-2.4402981297785464,-2.3186283111572266
LESTAURTINIB,2,MONOMAC6,-4.067872047424316,-1.2230768450066334,-1.1679178476333618
LESTAURTINIB,2,NCIH1092,1.5887670516967773,0.12127193312036277,0.10297366976737976
LESTAURTINIB,2,NCIH1436,0.6553494930267334,-0.260260857621904,-0.25771158933639526
LESTAURTINIB,2,NCIH1648,1.38189697265625,0.6491672866673441,0.6020240187644958
LESTAURTINIB,2,NCIH1944,-0.6846470236778259,-0.6983043786190624,-0.6718197464942932
LESTAURTINIB,2,NCIH1975,0.20154760777950287,0.8855394010481233,0.8254804015159607
LESTAURTINIB,2,NCIH2009,0.3249692916870117,0.5917667663833355,0.5477599501609802
LESTAURTINIB,2,NCIH2023,-0.5170009732246399,0.07348360803287303,0.05779657140374184
LESTAURTINIB,2,NCIH2087,0.8866609930992126,-0.18839063335793166,-0.1897684633731842
LESTAURTINIB,2,NCIH209,-1.7017004489898682,-0.22514367453156367,-0.22451326251029968
LESTAURTINIB,2,NCIH2122,-0.4742499887943268,0.3161844663031683,0.28723588585853577
LESTAURTINIB,2,NCIH2171,-1.8270070552825928,-0.41059924501836853,-0.3998352587223053
LESTAURTINIB,2,NCIH2172,3.1335694789886475,0.6842961024422104,0.6352333426475525
LESTAURTINIB,2,NCIH2227,-0.38808250427246094,-0.05267919215370655,-0.06147250160574913
LESTAURTINIB,2,NCIH441,3.474048614501953,0.08960278490813287,0.07303497195243835
LESTAURTINIB,2,NCIH661,1.4760210514068604,0.38579476575519,0.3530425727367401
LESTAURTINIB,2,PF382,-1.5607630014419556,-2.002134057600827,-1.904406189918518
LESTAURTINIB,2,RAJI,0.12996749579906464,-1.513425624384182,-1.4424015283584595
LESTAURTINIB,2,RCHACV,-2.9848361015319824,-2.438004126560166,-2.3164596557617188
LESTAURTINIB,2,RERFLCMS,-0.5253620147705078,0.37678678054704345,0.3445267975330353
LESTAURTINIB,2,SKMM2,1.539676547050476,-1.084492544488691,-1.0369060039520264
LESTAURTINIB,2,SUDHL5,-2.7077949047088623,-1.4358081919417074,-1.3690252304077148
LESTAURTINIB,2,WSUDLCL2,-1.6131315231323242,-1.5317760108369274,-1.4597492218017578
LESTAURTINIB,3,697,-3.615277051925659,-1.501934282104684,-1.4767204523086548
LESTAURTINIB,3,A549,-1.2064499855041504,0.3142989184251296,0.39782950282096863
LESTAURTINIB,3,BEN,1.0642080307006836,0.6019995174975771,0.6947677731513977
LESTAURTINIB,3,BL41,-0.7863519787788391,-1.646328200217178,-1.6257506608963013
LESTAURTINIB,3,CAL12T,0.1545419991016388,0.2957943748228272,0.37873080372810364
LESTAURTINIB,3,CALU3,0.7419074773788452,0.559740460566086,0.6511518359184265
LESTAURTINIB,3,CORL23,0.519860029220581,-0.023459248739485794,0.04922638460993767
LESTAURTINIB,3,CORL88,1.2268470525741577,0.3227591151636998,0.40656134486198425
LESTAURTINIB,3,DND41,-1.7528364658355713,-1.4696517153639248,-1.4434013366699219
LESTAURTINIB,3,DOHH2,-2.1100125312805176,-1.6891338065557098,-1.6699306964874268
LESTAURTINIB,3,HCC827,0.15381300449371338,0.20257004768767467,0.28251317143440247
LESTAURTINIB,3,HL60,-1.492227554321289,-1.5663886503957216,-1.5432443618774414
LESTAURTINIB,3,JURKAT,-1.7477974891662598,-1.2479091595810168,-1.2145389318466187
LESTAURTINIB,3,KCL22,-0.8497365117073059,-1.5288532264100763,-1.5045037269592285
LESTAURTINIB,3,KMH2,-0.15647350251674652,-1.458148421155511,-1.4315286874771118
LESTAURTINIB,3,KMS12BM,-3.2118234634399414,-1.2418566908515696,-1.2082921266555786
LESTAURTINIB,3,L428,-0.2108744978904724,-1.4708908070880864,-1.4446802139282227
LESTAURTINIB,3,LCLC103H,0.10956499725580215,0.048040667080958055,0.12302206456661224
LESTAURTINIB,3,LP1,2.1839613914489746,-0.9214454504948627,-0.877592921257019
LESTAURTINIB,3,MHHCALL2,-0.8168519735336304,-1.7048585365794087,-1.6861603260040283
LESTAURTINIB,3,NAMALWA,-1.6036759614944458,-1.5845063243363833,-1.561943769454956
LESTAURTINIB,3,NCIH1437,0.22251099348068237,0.1223667664096878,0.1997346729040146
LESTAURTINIB,3,NCIH1623,0.4713509976863861,0.510895206078027,0.6007382273674011
LESTAURTINIB,3,NCIH1876,-0.813355028629303,-0.27198789051520844,-0.2072821706533432
LESTAURTINIB,3,NCIH2347,0.9691789746284485,0.837163834448101,0.9374828934669495
LESTAURTINIB,3,NCIH2444,2.1548640727996826,0.6618488720822093,0.7565388083457947
LESTAURTINIB,3,NCIH358,0.9881449937820435,1.1536740957371632,1.2641558647155762
LESTAURTINIB,3,NCIH522,1.291843056678772,0.2659163020710312,0.3478933870792389
LESTAURTINIB,3,NCIH524,-1.9268455505371094,-0.14441977079017437,-0.07561801373958588
LESTAURTINIB,3,NCIH596,1.4825944900512695,0.8472974056180332,0.9479418396949768
LESTAURTINIB,3,NOMO1,-1.5326770544052124,-1.910477422851737,-1.8983813524246216
LESTAURTINIB,3,OCIAML5,-1.8205759525299072,-0.9189868444185798,-0.8750553727149963
LESTAURTINIB,3,P12ICHIKAWA,-2.079461097717285,-1.7352438884934456,-1.7175213098526
LESTAURTINIB,3,RPMI8402,-2.686260461807251,-1.5217006133226274,-1.4971214532852173
LESTAURTINIB,3,RS411,-2.603830099105835,-2.22779728643764,-2.2258899211883545
LESTAURTINIB,3,SBC5,0.32720091938972473,-0.4850352489071157,-0.42717018723487854
LESTAURTINIB,3,SIGM5,-2.375333070755005,-1.4547662135717467,-1.4280378818511963
LESTAURTINIB,3,ST486,-0.9824730157852173,-1.4848824488081833,-1.4591211080551147
LESTAURTINIB,3,SUDHL4,-1.23294198513031,-1.501246244315643,-1.4760103225708008
LESTAURTINIB,3,SUPT1,-1.072094440460205,-1.5155356468919003,-1.4907585382461548
LESTAURTINIB,3,THP1,-0.44919198751449585,-1.6216124321457883,-1.6002413034439087
LESTAURTINIB,4,ALLSIL,-2.095811605453491,-1.6325059223947123,-1.5948784351348877
LESTAURTINIB,4,CMLT1,-1.22383451461792,-2.3598403586987757,-2.3192155361175537
LESTAURTINIB,4,DB,-0.5892950296401978,-1.5695567284334437,-1.5321886539459229
LESTAURTINIB,4,DMS114,1.1508375406265259,-0.24468534588560223,-0.2127770483493805
LESTAURTINIB,4,EHEB,-0.17320799827575684,-0.602764697869298,-0.5693807601928711
LESTAURTINIB,4,GDM1,-2.1203954219818115,-1.360490303081919,-1.3239837884902954
LESTAURTINIB,4,HCC44,-1.2139250040054321,0.07243318895251458,0.10303464531898499
LESTAURTINIB,4,HH,-0.03050450049340725,-1.8459240154218812,-1.8074170351028442
LESTAURTINIB,4,JURLMK1,-2.540015935897827,-0.8259676989298071,-0.7916639447212219
LESTAURTINIB,4,K562,0.85395348072052,-0.5965464479771115,-0.5631881356239319
LESTAURTINIB,4,KARPAS422,-0.474436491727829,-1.9616100972411026,-1.9226263761520386
LESTAURTINIB,4,KG1,-1.499392032623291,-1.040024704489813,-1.0048388242721558
LESTAURTINIB,4,L363,-1.8444960117340088,-1.2908851667364138,-1.254665493965149
LESTAURTINIB,4,L540,-2.6391804218292236,-1.0281661886239042,-0.9930291771888733
LESTAURTINIB,4,LCLC97TM1,-0.7196019887924194,0.34214453355671537,0.37163451313972473
LESTAURTINIB,4,MOLT13,-1.8938374519348145,-1.921479567131756,-1.88266122341156
LESTAURTINIB,4,NB4,-2.7568199634552,-2.0160240182765814,-1.9768160581588745
LESTAURTINIB,4,NCIH1105,-0.33751100301742554,-0.49033479561848176,-0.4574141800403595
LESTAURTINIB,4,NCIH1341,-1.3157055377960205,-0.01878340976759841,0.012193948961794376
LESTAURTINIB,4,NCIH146,0.6783080101013184,0.31576154576399384,0.34536024928092957
LESTAURTINIB,4,NCIH1792,0.032345000654459,0.3331781517809,0.3627050817012787
LESTAURTINIB,4,NCIH1793,3.21907901763916,0.779106390970455,0.8067956566810608
LESTAURTINIB,4,NCIH2029,1.088381052017212,0.6399437599071858,0.668206512928009
LESTAURTINIB,4,NCIH2085,0.7270950078964233,0.9317457372579757,0.9588059782981873
LESTAURTINIB,4,NCIH2196,1.8580199480056763,0.6467207216020919,0.6749555468559265
LESTAURTINIB,4,NCIH2228,1.0000300407409668,-0.09925029951167194,-0.0679413378238678
LESTAURTINIB,4,NCIH2291,0.5920670032501221,0.6491188431351794,0.6773437857627869
LESTAURTINIB,4,NCIH2342,1.7644330263137817,0.8726164921019327,0.8999204039573669
LESTAURTINIB,4,NCIH2405,2.2436375617980957,0.34709836507244163,0.37656792998313904
LESTAURTINIB,4,NCIH460,-1.1553900241851807,0.23115408478327565,0.26110145449638367
LESTAURTINIB,4,NCIH526,-0.8116005063056946,0.13008099495045183,0.16044488549232483
LESTAURTINIB,4,NCIH69,-0.3343304991722107,-0.13417089443053737,-0.10271802544593811
LESTAURTINIB,4,NCIH838,0.5197049975395203,0.7594955169180578,0.7872655987739563
LESTAURTINIB,4,NUDUL1,-2.6072230339050293,-1.4677586599111345,-1.4308100938796997
LESTAURTINIB,4,OPM2,-1.1711829900741577,-1.028431688951367,-0.9932935833930969
LESTAURTINIB,4,RERFLCKJ,-0.04329200088977814,0.7412685244192208,0.7691137194633484
LESTAURTINIB,4,RL,-1.3180824518203735,-1.7721194730853718,-1.7339166402816772
LESTAURTINIB,4,SKMES1,-0.93299800157547,0.2634376318148536,0.29325196146965027
LESTAURTINIB,4,SUDHL6,-2.4027819633483887,-1.6354413888195851,-1.5978018045425415
LESTAURTINIB,4,SW1271,0.4960714876651764,0.21080374802893936,0.24083498120307922
LESTAURTINIB,5,ABC1,1.8746639490127563,-0.21769155641044463,-0.18234892189502716
LESTAURTINIB,5,BV173,-3.3814303874969482,-1.9628732927151566,-1.8302183151245117
LESTAURTINIB,5,CHAGOK1,1.6825435161590576,0.6383118886643625,0.6259232759475708
LESTAURTINIB,5,CORL279,-0.888233482837677,-0.1862684941361407,-0.15267802774906158
LESTAURTINIB,5,DAUDI,-1.4846254587173462,-1.8285802037521357,-1.703413486480713
LESTAURTINIB,5,DMS79,1.5194735527038574,0.3797971306024653,0.38182345032691956
LESTAURTINIB,5,EM2,-1.4935829639434814,-1.370991939576755,-1.2713406085968018
LESTAURTINIB,5,GA10,-2.367119550704956,-1.950323510152547,-1.8183683156967163
LESTAURTINIB,5,HCC366,2.252230167388916,0.18891773739690473,0.20158760249614716
LESTAURTINIB,5,HT,-0.0481950007379055,-2.120544920336987,-1.9790980815887451
LESTAURTINIB,5,IALM,1.3198374509811401,0.5861321639886706,0.5766531229019165
LESTAURTINIB,5,LOUCY,-1.158987045288086,-1.8071411023422252,-1.6831698417663574
LESTAURTINIB,5,LOUNH91,-0.346435010433197,0.19513834160510546,0.20746134221553802
LESTAURTINIB,5,MEG01,-1.7652510404586792,-0.40907487252832003,-0.3630605936050415
LESTAURTINIB,5,MM1S,-1.5769330263137817,-1.6516019467013319,-1.5363036394119263
LESTAURTINIB,5,MOLM13,-5.117783546447754,-1.2891825828988095,-1.1940929889678955
LESTAURTINIB,5,MOLM16,-4.6053972244262695,-1.2828071342832545,-1.1880730390548706
LESTAURTINIB,5,NCIH1048,-1.171280026435852,-0.16716641966111387,-0.13464109599590302
LESTAURTINIB,5,NCIH1435,1.2828229665756226,-0.3087507201946789,-0.26833057403564453
LESTAURTINIB,5,NCIH1650,1.8845570087432861,0.6294475671204912,0.6175532341003418
LESTAURTINIB,5,NCIH1781,0.4198330044746399,0.2618330882331566,0.2704371511936188
LESTAURTINIB,5,NCIH2030,0.2242760807275772,0.3975858682176441,0.39862027764320374
LESTAURTINIB,5,NCIH2066,2.2298264503479004,-0.38415893658410044,-0.3395339846611023
LESTAURTINIB,5,NCIH2081,0.01133699994534254,0.09792880751349901,0.115672267973423
LESTAURTINIB,5,NCIH2110,-0.5953440070152283,0.5942997172617,0.5843652486801147
LESTAURTINIB,5,NCIH2170,0.5438012480735779,0.3233833298471645,0.32855531573295593
LESTAURTINIB,5,NCIH446,-0.07489000260829926,-0.7993842832626248,-0.731606125831604
LESTAURTINIB,5,NCIH647,-0.620930016040802,0.6081212060740273,0.5974160432815552
LESTAURTINIB,5,NCIH82,-0.07746399939060211,-0.5625024503989712,-0.5079329609870911
LESTAURTINIB,5,NCIH841,0.3582678437232971,0.38936869908477767,0.39086130261421204
LESTAURTINIB,5,OCIAML2,-3.8399879932403564,-1.6263655276522868,-1.5124744176864624
LESTAURTINIB,5,OCIM1,-2.385042428970337,-1.5699126528292517,-1.4591693878173828
LESTAURTINIB,5,P31FUJ,-1.6648775339126587,-1.9734761893374415,-1.8402299880981445
LESTAURTINIB,5,PL21,-2.41828989982605,-1.933889298135821,-1.8028504848480225
LESTAURTINIB,5,SHP77,0.2051364928483963,0.36628166938363693,0.3690616190433502
LESTAURTINIB,5,SKLU1,-0.6847882866859436,0.42608544535628007,0.42553070187568665
LESTAURTINIB,5,SUDHL1,-1.0279419422149658,-1.5463869078280248,-1.436955451965332
LESTAURTINIB,5,SUDHL8,-0.604653000831604,-1.5147269392916742,-1.4070608615875244
LESTAURTINIB,5,SUPB15,-1.5875885486602783,-1.8461762853822983,-1.7200284004211426
LESTAURTINIB,5,SUPM2,-2.380140542984009,-1.963997918871464,-1.83128023147583
METHOTREXATE,1,A4FUK,-3.5819449424743652,-2.2546337521435538,-2.437777042388916
METHOTREXATE,1,BL41,-4.696279048919678,-2.472928915499839,-2.681821584701538
METHOTREXATE,1,CALU3,2.3429105281829834,-0.26718627292865316,-0.21589680016040802
METHOTREXATE,1,CALU6,0.18406927585601807,-0.22726358320533924,-0.17126496136188507
METHOTREXATE,1,CORL23,-1.241683840751648,0.0018607986092630951,0.08488617837429047
METHOTREXATE,1,CORL279,-1.3164629936218262,0.11088463454710218,0.20677010715007782
METHOTREXATE,1,CORL88,0.9917889833450317,0.42860026329221323,0.5619624257087708
METHOTREXATE,1,DMS114,0.5158125162124634,0.26291340748491315,0.3767316937446594
METHOTREXATE,1,DMS273,1.0910805463790894,0.24395210521303368,0.35553377866744995
METHOTREXATE,1,DND41,-2.4049758911132812,-2.352293826412269,-2.546956777572632
METHOTREXATE,1,EM2,-3.597898006439209,-2.1255824598757354,-2.2935032844543457
METHOTREXATE,1,HCC33,2.762096881866455,0.06284937455652106,0.15306876599788666
METHOTREXATE,1,HCC44,-0.4233910143375397,-0.37506618053063795,-0.3365018665790558
METHOTREXATE,1,HT,0.005759247113019228,-1.7039687266290096,-1.822157382965088
METHOTREXATE,1,KOPN8,-1.9944157600402832,-2.733570393681859,-2.973207473754883
METHOTREXATE,1,ME1,1.2050584554672241,-1.763021942656828,-1.8881763219833374
METHOTREXATE,1,MM1S,-3.246558904647827,-1.7534191452515928,-1.8774408102035522
METHOTREXATE,1,MOLT16,-4.231342792510986,-2.8792762311341056,-3.1361002922058105
METHOTREXATE,1,NALM6,-3.5184130668640137,-2.170047967155406,-2.3432137966156006
METHOTREXATE,1,NB4,0.00348382699303329,-2.4426055043455435,-2.647921323776245
METHOTREXATE,1,NCIH1437,0.14968936145305634,-0.25282115722909054,-0.19983722269535065
METHOTREXATE,1,NCIH1650,-0.4590719938278198,-0.4234787290741092,-0.390625
METHOTREXATE,1,NCIH1915,-0.04781600087881088,0.02762507760292253,0.11368952691555023
METHOTREXATE,1,NCIH196,-0.8212299942970276,-0.19860634099987,-0.13922740519046783
METHOTREXATE,1,NCIH1963,-2.281904935836792,0.0372230765951346,0.1244196742773056
METHOTREXATE,1,NCIH2030,0.6517449021339417,0.25643181780430063,0.3694855570793152
METHOTREXATE,1,NCIH2066,3.2751235961914062,-0.27211013779476817,-0.22140146791934967
METHOTREXATE,1,NCIH2085,1.591599941253662,-0.1409408260184195,-0.07475985586643219
METHOTREXATE,1,NCIH2110,0.21366697549819946,0.17369704729778052,0.27699166536331177
METHOTREXATE,1,NCIH358,0.12670999765396118,0.3780330940119834,0.5054305195808411
METHOTREXATE,1,NCIH526,-5.060606956481934,-0.4635423321932104,-0.4354143738746643
METHOTREXATE,1,NCIH650,0.16261139512062073,-0.035584733716337774,0.043023694306612015
METHOTREXATE,1,NCIH69,-0.31062349677085876,0.35909717001342767,0.4842609763145447
METHOTREXATE,1,NCIH82,-2.401684045791626,-0.40837052580217237,-0.3737346827983856
METHOTREXATE,1,OCIAML3,-1.627959966659546,-1.3307997712665622,-1.404970645904541
METHOTREXATE,1,OPM2,-1.6773710250854492,-2.064422100742239,-2.225128650665283
METHOTREXATE,1,P12ICHIKAWA,-3.5076210498809814,-2.671424333881955,-2.903730869293213
METHOTREXATE,1,SKMES1,0.32182300090789795,-0.0925963849497992,-0.02071286365389824
METHOTREXATE,1,SUDHL1,2.4756920337677,-2.2606727148806076,-2.444528341293335
METHOTREXATE,1,SUDHL5,-3.8202385902404785,-2.3682102690422973,-2.5647506713867188
METHOTREXATE,1,THP1,-0.24262799322605133,-1.421302319406768,-1.5061485767364502
METHOTREXATE,2,A3KAW,-3.7408699989318848,-0.8298871754232069,-0.7448166608810425
METHOTREXATE,2,DAUDI,-2.2139344215393066,-2.5055385138836828,-2.5111896991729736
METHOTREXATE,2,EJM,1.0539145469665527,-1.016698966889321,-0.9417426586151123
METHOTREXATE,2,HCC15,0.5092405080795288,0.021876932033268875,0.15306293964385986
METHOTREXATE,2,HCC78,-0.604714035987854,0.34410382096873676,0.4927355647087097
METHOTREXATE,2,HH,-2.9576985836029053,-2.04032243615854,-2.0207862854003906
METHOTREXATE,2,JURKAT,-2.560441017150879,-2.0876200218906487,-2.0706446170806885
METHOTREXATE,2,JURLMK1,-2.6716980934143066,-0.47915569432521393,-0.3750961720943451
METHOTREXATE,2,JVM3,-3.9776809215545654,-1.4542727098694406,-1.40300714969635
METHOTREXATE,2,K562,0.005220641847699881,-0.8854448926242675,-0.8033823370933533
METHOTREXATE,2,KCL22,-3.290386915206909,-1.2256493921273128,-1.16200590133667
METHOTREXATE,2,KMS11,0.10696350038051605,-1.1866946607469926,-1.1209421157836914
METHOTREXATE,2,KNS62,0.004480248317122459,-0.7788679081133428,-0.6910351514816284
METHOTREXATE,2,L540,-4.8686041831970215,-1.5531336227737826,-1.5072205066680908
METHOTREXATE,2,LCLC103H,-0.676136314868927,-0.21812957458565335,-0.0999377965927124
METHOTREXATE,2,LOUCY,-0.22682300209999084,-1.9872195473637126,-1.9648083448410034
METHOTREXATE,2,LOUNH91,0.18561282753944397,0.2185025524218991,0.3603340983390808
METHOTREXATE,2,MEG01,-2.7600395679473877,-1.0107291227541122,-0.9354496002197266
METHOTREXATE,2,MOLP8,-1.3079440593719482,-1.7119388274024414,-1.6746236085891724
METHOTREXATE,2,MONOMAC6,-4.610625267028809,-0.8660707750435116,-0.7829592823982239
METHOTREXATE,2,NCIH1048,-1.33115553855896,-0.4930771412826259,-0.38977134227752686
METHOTREXATE,2,NCIH1092,0.0832270011305809,-0.10864835621378982,0.015470861457288265
METHOTREXATE,2,NCIH1435,0.908909022808075,-0.9399064609485982,-0.8607925176620483
METHOTREXATE,2,NCIH1436,1.5987030267715454,0.05298090560952526,0.18585091829299927
METHOTREXATE,2,NCIH1623,1.0285940170288086,0.14181623484342215,0.27949589490890503
METHOTREXATE,2,NCIH1792,-2.343669891357422,0.13920789131285594,0.27674633264541626
METHOTREXATE,2,NCIH2023,-0.5735859870910645,0.4082095882439446,0.5603120923042297
METHOTREXATE,2,NCIH211,-0.9820687174797058,-0.6602521714285633,-0.5659974217414856
METHOTREXATE,2,NCIH2172,2.6193385124206543,0.3158827087604821,0.4629865288734436
METHOTREXATE,2,NCIH2196,1.0447461605072021,0.5594650151815506,0.7197566628456116
METHOTREXATE,2,NCIH292,0.3271630108356476,-0.3211917695408979,-0.2085798978805542
METHOTREXATE,2,NCIH441,0.6334725022315979,0.22104971607602758,0.3630191683769226
METHOTREXATE,2,NCIH810,1.2247174978256226,0.15159415875527466,0.2898032069206238
METHOTREXATE,2,NCIH841,0.41192737221717834,0.14437629037539518,0.2821945548057556
METHOTREXATE,2,OCIAML5,-1.4410920143127441,-0.8518028588690273,-0.7679188847541809
METHOTREXATE,2,RCHACV,0.004915252793580294,-2.4982317593986645,-2.5034873485565186
METHOTREXATE,2,RPMI8226,-2.9119338989257812,-1.2481228754632057,-1.1856961250305176
METHOTREXATE,2,SKLU1,1.300286054611206,-0.30107987467016084,-0.1873791217803955
METHOTREXATE,2,SUDHL4,0.8092160224914551,-1.6256756539718278,-1.5836900472640991
METHOTREXATE,2,SUDHL6,-3.624974012374878,-2.2342076843553453,-2.2251687049865723
METHOTREXATE,2,SW1573,0.31915193796157837,-0.09290714630880909,0.03206431865692139
METHOTREXATE,3,697,-3.933156967163086,-1.7902376875990784,-1.793468713760376
METHOTREXATE,3,A549,0.666294276714325,0.2865665722347468,0.4589730203151703
METHOTREXATE,3,BEN,0.8236074447631836,-0.005448963024035247,0.14226143062114716
METHOTREXATE,3,CHAGOK1,1.1292965412139893,0.07943024139046082,0.23431895673274994
METHOTREXATE,3,CMLT1,-2.9060559272766113,-1.9696870835233398,-1.9880943298339844
METHOTREXATE,3,EBC1,0.22132213413715363,0.34529891224219617,0.5226724147796631
METHOTREXATE,3,EHEB,-0.446476012468338,-0.9870557358054054,-0.9223608374595642
METHOTREXATE,3,EPLC272H,-0.6049715280532837,-0.13720584210139988,-0.0006382633582688868
METHOTREXATE,3,GRANTA519,-1.8152225017547607,-1.1337334072477645,-1.081443190574646
METHOTREXATE,3,HARA,-0.9830264449119568,-0.0053530083037348075,0.142365500330925
METHOTREXATE,3,HDLM2,-0.876347005367279,-1.9505648355688492,-1.9673548936843872
METHOTREXATE,3,HL60,-3.3286545276641846,-1.6056045385032136,-1.5932209491729736
METHOTREXATE,3,JEKO1,-1.5671249628067017,-1.7476452228176518,-1.7472741603851318
METHOTREXATE,3,JM1,0.002995539689436555,-1.8345920700969036,-1.8415741920471191
METHOTREXATE,3,JVM2,-2.613874912261963,-1.4056295156224046,-1.3763338327407837
METHOTREXATE,3,KARPAS422,-0.7927625179290771,-2.5469100127563107,-2.614133596420288
METHOTREXATE,3,KU812,-1.7436535358428955,-1.7154665380761633,-1.7123740911483765
METHOTREXATE,3,L363,0.00391934672370553,-2.2188701710253964,-2.2583510875701904
METHOTREXATE,3,LCLC97TM1,-2.039695978164673,0.14772305963176274,0.3083873689174652
METHOTREXATE,3,NCIH1105,0.8570814728736877,-1.2751266994630392,-1.23479425907135
METHOTREXATE,3,NCIH1155,0.17738500237464905,0.23868461723597928,0.40704163908958435
METHOTREXATE,3,NCIH1568,0.32965201139450073,0.27541076434057254,0.4468737542629242
METHOTREXATE,3,NCIH1975,0.23643462359905243,0.3409538011277434,0.5179598331451416
METHOTREXATE,3,NCIH209,-2.8347785472869873,-0.41584726053138105,-0.30284467339515686
METHOTREXATE,3,NCIH2347,0.7618380188941956,0.3895223874411924,0.5706359148025513
METHOTREXATE,3,NCIH2444,2.822009563446045,0.09405018780166727,0.2501753270626068
METHOTREXATE,3,NCIH522,0.009391841478645802,-0.3666950733224278,-0.24953563511371613
METHOTREXATE,3,NCIH647,0.7963529825210571,0.2767400614623522,0.44831547141075134
METHOTREXATE,3,NCIH661,0.6476792693138123,-0.27107910725791035,-0.1458333283662796
METHOTREXATE,3,NUDUL1,1.1369835138320923,-2.0008601671926307,-2.0219037532806396
METHOTREXATE,3,OCIM1,-1.02401602268219,-1.429720635330185,-1.402462363243103
METHOTREXATE,3,RAJI,-3.8744139671325684,-2.0005658181193606,-2.0215845108032227
METHOTREXATE,3,RL,0.00938432477414608,-2.3826060747118656,-2.43593430519104
METHOTREXATE,3,RPMI8402,-2.572061777114868,-1.4972458295483047,-1.4756982326507568
METHOTREXATE,3,RS411,-4.337431907653809,-1.9593394715723145,-1.9768716096878052
METHOTREXATE,3,SIGM5,1.1666510105133057,-0.8597427271349738,-0.7842808365821838
METHOTREXATE,3,SKMM2,0.2226399928331375,-1.470850697415624,-1.447070837020874
METHOTREXATE,3,ST486,-3.381047010421753,-2.513704403671446,-2.5781197547912598
METHOTREXATE,3,SUDHL10,-3.785245895385742,-2.624246000077864,-2.698009967803955
METHOTREXATE,3,SUPB15,-1.666723370552063,-1.9301684672045964,-1.9452335834503174
METHOTREXATE,3,SUPT1,-1.4522299766540527,-2.0677312645716803,-2.0944302082061768
METHOTREXATE,4,ALLSIL,-2.3810055255889893,-2.449571033681184,-2.522766590118408
METHOTREXATE,4,AMO1,-3.741619110107422,-1.369439262015802,-1.3770487308502197
METHOTREXATE,4,CA46,-2.16029691696167,-2.4811926351800055,-2.5563082695007324
METHOTREXATE,4,COLO668,-1.0881969928741455,-0.3606804707926303,-0.3070376515388489
METHOTREXATE,4,CORL105,0.4697335958480835,-0.8012810074039572,-0.7743916511535645
METHOTREXATE,4,CORL95,2.1779046058654785,0.33898719054020354,0.43511414527893066
METHOTREXATE,4,DB,-3.272200584411621,-2.0044498582285906,-2.0506174564361572
METHOTREXATE,4,DOHH2,0.0023922461550682783,-2.6828130488308277,-2.7701711654663086
METHOTREXATE,4,GA10,-2.6169965267181396,-2.503711034746111,-2.5801939964294434
METHOTREXATE,4,HEL,-3.47758150100708,-1.2694616048190028,-1.2710003852844238
METHOTREXATE,4,KMH2,-1.475090503692627,-2.4786127203211477,-2.5535717010498047
METHOTREXATE,4,L1236,-2.8207836151123047,-0.845327692844474,-0.821112871170044
METHOTREXATE,4,L428,-2.409843921661377,-1.8681486271569072,-1.9060399532318115
METHOTREXATE,4,LU65,1.7082539796829224,-0.7973480308207921,-0.7702198624610901
METHOTREXATE,4,LXF289,0.42192018032073975,-0.3907690818474619,-0.33895325660705566
METHOTREXATE,4,MOLM13,-4.130154609680176,-1.2805225570932985,-1.2827329635620117
METHOTREXATE,4,MOLM16,-0.6088050007820129,-1.2966345502029526,-1.29982328414917
METHOTREXATE,4,NAMALWA,-3.1685750484466553,-2.8754579301464096,-2.974513530731201
METHOTREXATE,4,NCIH1341,-0.33559098839759827,-0.22445030931751775,-0.16253553330898285
METHOTREXATE,4,NCIH1648,0.6121344566345215,0.4650515900755242,0.5688332319259644
METHOTREXATE,4,NCIH1651,0.40529727935791016,0.04566174576192031,0.12397784739732742
METHOTREXATE,4,NCIH2029,1.5151209831237793,0.23485768656562223,0.32466185092926025
METHOTREXATE,4,NCIH2081,0.4115385115146637,0.25612242912482086,0.3472177982330322
METHOTREXATE,4,NCIH2087,0.7353132963180542,-0.013386338640421137,0.06134433671832085
METHOTREXATE,4,NCIH2227,1.0587995052337646,0.228047817208696,0.3174384832382202
METHOTREXATE,4,NCIH2228,0.008220801129937172,-0.22299239219317005,-0.16098909080028534
METHOTREXATE,4,NCIH2291,2.8626184463500977,0.2610939012321745,0.3524911403656006
METHOTREXATE,4,NCIH23,-0.722484290599823,0.43294549594050535,0.5347776412963867
METHOTREXATE,4,NCIH2342,1.0463839769363403,0.7974800705502849,0.9214469194412231
METHOTREXATE,4,NCIH2405,3.0522449016571045,0.20125102511942278,0.2890145778656006
METHOTREXATE,4,NCIH460,0.058400075882673264,0.050275502772956504,0.12887175381183624
METHOTREXATE,4,NCIH596,-1.1175930500030518,0.4178474421868634,0.5187628269195557
METHOTREXATE,4,NCIH727,0.02815599925816059,0.5369777867092621,0.6451268196105957
METHOTREXATE,4,NCIH929,-2.9082350730895996,-1.340913648255776,-1.3467910289764404
METHOTREXATE,4,OCILY19,0.0028482249472290277,-2.155136396058146,-2.210453748703003
METHOTREXATE,4,P31FUJ,-2.2792375087738037,-1.2496006659059962,-1.2499334812164307
METHOTREXATE,4,RERFLCKJ,-0.26063600182533264,0.20256424628712394,0.29040753841400146
METHOTREXATE,4,RERFLCMS,0.06685125082731247,-0.57921463363444,-0.5388413071632385
METHOTREXATE,4,SHP77,-0.7399299740791321,-0.08469852044055576,-0.014297952875494957
METHOTREXATE,4,SUPM2,-4.691664218902588,-1.5648865809041523,-1.5843636989593506
METHOTREXATE,5,ABC1,1.3689639568328857,-0.00023338333290868,0.017279595136642456
METHOTREXATE,5,BV173,-2.297360897064209,-2.236954253119751,-2.224384069442749
METHOTREXATE,5,CAL12T,1.6202465295791626,0.11695823686296114,0.13473019003868103
METHOTREXATE,5,CMK,-2.8019940853118896,0.05468061822794583,0.07231494784355164
METHOTREXATE,5,CORL311,-3.7331879138946533,-0.11647099363097524,-0.09921488165855408
METHOTREXATE,5,DMS53,1.3706309795379639,0.14168357324490938,0.15951016545295715
METHOTREXATE,5,DMS79,0.4428989887237549,0.29854287860232853,0.31671610474586487
METHOTREXATE,5,GDM1,-0.022532999515533447,-2.233418689226938,-2.2208406925201416
METHOTREXATE,5,HCC366,0.009678262285888195,0.10091468196979321,0.11865118145942688
METHOTREXATE,5,HCC827,-0.0647590234875679,0.32279225081669877,0.34101906418800354
METHOTREXATE,5,IALM,1.3030295372009277,-0.1049788646756532,-0.0876973569393158
METHOTREXATE,5,KG1,-0.8532950282096863,-1.7471313982762098,-1.7334787845611572
METHOTREXATE,5,KMS12BM,-1.5748159885406494,-1.3909398696300705,-1.376500129699707
METHOTREXATE,5,LAMA84,-3.4482638835906982,-1.163279243963603,-1.148336410522461
METHOTREXATE,5,LP1,1.504354476928711,-1.6440411160772694,-1.6301606893539429
METHOTREXATE,5,MHHCALL2,-3.067828416824341,-1.138493066479139,-1.1234954595565796
METHOTREXATE,5,MOLT13,-2.3021299839019775,-2.0835054989498776,-2.070596218109131
METHOTREXATE,5,NCIH146,1.0159660577774048,0.19367387138477962,0.21161535382270813
METHOTREXATE,5,NCIH1781,-0.060619499534368515,0.12513033286927938,0.1429203450679779
METHOTREXATE,5,NCIH1793,0.04918700084090233,0.37153305124469477,0.3898675739765167
METHOTREXATE,5,NCIH1836,2.1868929862976074,0.32899875695191183,0.34723928570747375
METHOTREXATE,5,NCIH1876,0.46941399574279785,0.1299987510616787,0.1477995216846466
METHOTREXATE,5,NCIH1944,0.33707013726234436,0.6073314866070209,0.6261870861053467
METHOTREXATE,5,NCIH2009,0.5946289896965027,0.2451061917887737,0.2631613314151764
METHOTREXATE,5,NCIH2122,-2.056849956512451,-0.18385230651073758,-0.16674509644508362
METHOTREXATE,5,NCIH2170,-0.005368721205741167,-0.26184685312297196,-0.24491199851036072
METHOTREXATE,5,NCIH2171,1.796692967414856,0.2694309760441896,0.28753986954689026
METHOTREXATE,5,NCIH446,-0.8102099895477295,-0.5930771448660211,-0.5768742561340332
METHOTREXATE,5,NCIH524,-2.775981903076172,0.6978541261674602,0.7169097661972046
METHOTREXATE,5,NCIH838,0.2520841062068939,0.030663310512124876,0.04824456572532654
METHOTREXATE,5,NOMO1,-2.8459079265594482,-1.3425725610141936,-1.3280259370803833
METHOTREXATE,5,OCIAML2,-2.7745869159698486,-2.1003442702474797,-2.0874722003936768
METHOTREXATE,5,PF382,-3.429414987564087,-2.6523370972005686,-2.6406848430633545
METHOTREXATE,5,PL21,0.0036639405880123377,-1.7377855388297665,-1.7241122722625732
METHOTREXATE,5,REH,-4.102365016937256,-1.5224603723568138,-1.5083112716674805
METHOTREXATE,5,SBC5,-0.6058265566825867,-0.4384413944649089,-0.4218967854976654
METHOTREXATE,5,SKM1,-1.184056043624878,-2.1473542810709705,-2.1345860958099365
METHOTREXATE,5,SUDHL8,-1.6316730976104736,-1.754185159882036,-1.7405481338500977
METHOTREXATE,5,SW1271,0.5538558959960938,-0.09802965698793296,-0.0807327926158905
METHOTREXATE,5,WSUDLCL2,-4.021109104156494,-1.927295165352625,-1.9140406847000122
MIRIN,1,A4FUK,3.440570592880249,3.6884660450644358,3.6519856452941895
MIRIN,1,A549,4.469666481018066,5.190060203957389,5.298339366912842
MIRIN,1,AMO1,4.07457160949707,3.969106585711451,3.9596810340881348
MIRIN,1,BV173,3.2568180561065674,3.6350884389949227,3.5934622287750244
MIRIN,1,CAL12T,6.059826850891113,5.174339507918485,5.281103134155273
MIRIN,1,CHAGOK1,4.643476486206055,5.201859315461398,5.311275959014893
MIRIN,1,CORL23,5.358188152313232,4.87252493326173,4.950192451477051
MIRIN,1,DMS114,6.148882865905762,5.2600128869928096,5.375035762786865
MIRIN,1,DMS79,4.979064464569092,5.005221229214973,5.095681190490723
MIRIN,1,HCC366,6.078086853027344,5.415122275882253,5.545098304748535
MIRIN,1,HCC44,4.036655426025391,5.32005788262783,5.440869331359863
MIRIN,1,HEL,3.4474270343780518,4.384017796939225,4.414591312408447
MIRIN,1,KARPAS422,4.8640336990356445,3.606028397268764,3.561600685119629
MIRIN,1,KMS11,3.85225248336792,4.075188122077543,4.075989246368408
MIRIN,1,KNS62,4.713186264038086,4.911726861486885,4.993173599243164
MIRIN,1,LAMA84,5.492737770080566,4.581621818557947,4.631245136260986
MIRIN,1,LOUCY,3.1494650840759277,3.962317638767935,3.952237606048584
MIRIN,1,MEG01,5.428821563720703,4.409319562879836,4.4423322677612305
MIRIN,1,MOLM16,2.6896305084228516,4.453155893323448,4.490394592285156
MIRIN,1,MOLT16,2.8420095443725586,4.0660384830129885,4.065957546234131
MIRIN,1,NCIH1341,3.251692056655884,4.72372478545554,4.787047386169434
MIRIN,1,NCIH1876,3.7121124267578125,4.712351885867267,4.774578094482422
MIRIN,1,NCIH196,6.677537441253662,4.998896766277586,5.088747024536133
MIRIN,1,NCIH2009,4.273690223693848,5.294906160677963,5.41329288482666
MIRIN,1,NCIH2030,4.583486557006836,5.1593255408214915,5.264641761779785
MIRIN,1,NCIH2066,8.092989921569824,4.850912944763066,4.926496982574463
MIRIN,1,NCIH2081,5.245698928833008,4.653155399872656,4.709674835205078
MIRIN,1,NCIH2110,4.662172317504883,5.368285065623763,5.493745803833008
MIRIN,1,NCIH2171,3.4554080963134766,4.673248247328802,4.7317047119140625
MIRIN,1,NCIH2291,6.925899505615234,5.413652714593199,5.543487071990967
MIRIN,1,NCIH23,5.334149360656738,5.343330792867512,5.466385841369629
MIRIN,1,NCIH522,4.39284086227417,5.038915890614647,5.13262414932251
MIRIN,1,NCIH526,6.0438971519470215,4.644875581044298,4.700596809387207
MIRIN,1,NCIH650,6.418498516082764,4.967899852340476,5.05476188659668
MIRIN,1,P31FUJ,4.068518161773682,4.361583828317355,4.3899946212768555
MIRIN,1,RPMI8226,4.251584053039551,4.281560801497365,4.302257061004639
MIRIN,1,RS411,3.9771316051483154,3.8337884341112525,3.8113176822662354
MIRIN,1,ST486,3.237581491470337,3.52553523261111,3.4733476638793945
MIRIN,1,SUDHL1,3.733628988265991,3.732699883355989,3.700483798980713
MIRIN,1,SUPB15,4.101009845733643,3.822576668721734,3.799025058746338
MIRIN,1,THP1,5.232112407684326,4.393907653024783,4.425434589385986
MIRIN,2,A3KAW,2.6241118907928467,4.453403631749697,4.451414108276367
MIRIN,2,ABC1,5.50797176361084,4.740358464715909,4.814350128173828
MIRIN,2,CALU3,5.325826644897461,5.002118056209815,5.145419597625732
MIRIN,2,CORL311,5.465742111206055,4.546909801076804,4.569679260253906
MIRIN,2,DND41,4.239368915557861,4.057767387239339,3.951019525527954
MIRIN,2,EHEB,5.158253192901611,4.6432635314753075,4.6915459632873535
MIRIN,2,HCC33,4.623264789581299,4.645148961492261,4.693930625915527
MIRIN,2,HCC827,5.392056941986084,5.102051502267381,5.271813869476318
MIRIN,2,HDLM2,4.861996650695801,4.054629905015566,3.9470512866973877
MIRIN,2,HH,3.7805910110473633,3.966216017879819,3.8352267742156982
MIRIN,2,JM1,2.991368055343628,4.000212006322883,3.8782243728637695
MIRIN,2,JURKAT,4.472742557525635,4.033627021429388,3.92048716545105
MIRIN,2,JURLMK1,5.5447678565979,4.804065339107995,4.894925594329834
MIRIN,2,JVM3,2.836886405944824,4.169666207254728,4.092547416687012
MIRIN,2,KCL22,4.627404689788818,4.39294885080417,4.3749518394470215
MIRIN,2,KG1,3.498450517654419,4.3746743929393865,4.3518385887146
MIRIN,2,KOPN8,3.4961795806884766,3.6790856864787163,3.4720687866210938
MIRIN,2,MOLP8,2.652620553970337,4.347951881521334,4.318040370941162
MIRIN,2,MOLT13,3.978516101837158,4.072484750081135,3.9696338176727295
MIRIN,2,NALM6,4.0010457038879395,3.7418788756786237,3.5514886379241943
MIRIN,2,NCIH1092,5.349013328552246,4.678130225902005,4.735644817352295
MIRIN,2,NCIH1436,4.269618034362793,4.539144890733038,4.559858322143555
MIRIN,2,NCIH1650,5.147884368896484,5.272991878989434,5.488016605377197
MIRIN,2,NCIH1793,8.042449951171875,4.984483762345988,5.1231160163879395
MIRIN,2,NCIH211,4.671698093414307,5.01412282777547,5.160603046417236
MIRIN,2,NCIH2196,5.564576148986816,4.880829598664484,4.992015838623047
MIRIN,2,NCIH2227,4.198073387145996,4.542237885705861,4.563770294189453
MIRIN,2,NCIH2405,8.501784324645996,4.719215710196659,4.787609100341797
MIRIN,2,NCIH460,5.739873886108398,4.723324371729305,4.7928056716918945
MIRIN,2,NCIH661,4.839165687561035,4.839066626319346,4.939194679260254
MIRIN,2,NCIH727,6.77861213684082,4.807815086548231,4.899668216705322
MIRIN,2,NCIH810,3.742225408554077,4.864613241672036,4.971505641937256
MIRIN,2,NCIH82,3.762085437774658,4.4288383749921145,4.420344352722168
MIRIN,2,NCIH929,3.813952922821045,4.411728502874656,4.3987040519714355
MIRIN,2,NOMO1,4.129647731781006,3.9928604881034087,3.8689262866973877
MIRIN,2,OCIAML3,3.3804194927215576,4.227210089347846,4.165328025817871
MIRIN,2,P12ICHIKAWA,4.218138694763184,3.7778255169726602,3.5969533920288086
MIRIN,2,SKMM2,4.424424171447754,4.697563614355094,4.760223865509033
MIRIN,2,SUDHL10,3.5556535720825195,3.888117140794833,3.7364485263824463
MIRIN,2,SUDHL5,2.78426194190979,3.731415511956263,3.538254737854004
MIRIN,2,SW1573,6.844055652618408,4.8007046666082696,4.890675067901611
MIRIN,3,697,3.198824405670166,3.8898802364678517,3.8684680461883545
MIRIN,3,ALLSIL,4.144895553588867,3.7766917991152127,3.741330146789551
MIRIN,3,BEN,4.330379962921143,5.277917883527734,5.4275689125061035
MIRIN,3,CA46,3.545703411102295,3.4726553304771124,3.3998239040374756
MIRIN,3,CMK,4.7888288497924805,4.735013281124871,4.817756175994873
MIRIN,3,COLO668,4.960014820098877,4.901335576726002,5.004576206207275
MIRIN,3,CORL105,5.52571439743042,5.285476868686808,5.436059474945068
MIRIN,3,CORL88,6.08174991607666,4.776119455052377,4.863928318023682
MIRIN,3,DMS53,4.993077278137207,5.362628525646541,5.522719383239746
MIRIN,3,DOHH2,3.2297298908233643,3.522716095747589,3.456054210662842
MIRIN,3,EJM,3.598844528198242,4.575155136204255,4.63819694519043
MIRIN,3,EPLC272H,5.048895835876465,4.948638878888493,5.057709217071533
MIRIN,3,HCC15,5.445234775543213,5.240778415054928,5.385852336883545
MIRIN,3,HL60,4.777228832244873,4.47885597466096,4.530029773712158
MIRIN,3,HT,4.484532356262207,3.5254200694626694,3.4590914249420166
MIRIN,3,JVM2,3.4089090824127197,4.279840197982901,4.306487083435059
MIRIN,3,KU812,4.467367649078369,4.403992050545339,4.445939540863037
MIRIN,3,L428,5.1754302978515625,4.031595076478826,4.027647972106934
MIRIN,3,LCLC97TM1,4.1648759841918945,5.196642873605511,5.336277484893799
MIRIN,3,MHHCALL2,3.8114140033721924,4.1042345210800395,4.10923957824707
MIRIN,3,MM1S,3.8699610233306885,3.8784774441020584,3.8556599617004395
MIRIN,3,NB4,2.6112754344940186,3.7653932261617835,3.7286391258239746
MIRIN,3,NCIH146,3.6270434856414795,5.331961273715084,5.488272666931152
MIRIN,3,NCIH1975,6.313725471496582,5.652220098827198,5.848000526428223
MIRIN,3,NCIH2087,5.609804153442383,5.072619650297438,5.196969509124756
MIRIN,3,NCIH209,3.5869789123535156,4.672043530107472,4.747025966644287
MIRIN,3,NCIH2172,7.0328521728515625,5.195962369662459,5.335513114929199
MIRIN,3,NCIH446,4.195419788360596,4.550325869441144,4.610307693481445
MIRIN,3,NCIH647,3.585345983505249,5.383676601754149,5.546361446380615
MIRIN,3,NCIH69,2.474984884262085,4.652503345456959,4.7250776290893555
MIRIN,3,OCILY19,3.352344036102295,3.661099522974342,3.611492156982422
MIRIN,3,PF382,5.0375823974609375,3.7952507081173374,3.762176275253296
MIRIN,3,PL21,4.335155010223389,3.5409381489301173,3.4765219688415527
MIRIN,3,RAJI,2.8039369583129883,3.6062009392790197,3.549827814102173
MIRIN,3,REH,3.8128349781036377,3.6903879372220594,3.644390106201172
MIRIN,3,RERFLCKJ,5.850118637084961,4.847428457134859,4.94402551651001
MIRIN,3,RPMI8402,4.303423881530762,3.8811245322723047,3.858633279800415
MIRIN,3,SIGM5,2.7663381099700928,4.710969799014656,4.790749549865723
MIRIN,3,SKMES1,6.43232536315918,5.2853928139265305,5.435965061187744
MIRIN,3,SW1271,5.791417121887207,5.407211085593796,5.57279634475708
MIRIN,3,WSUDLCL2,6.718716144561768,3.906094314821535,3.8866803646087646
MIRIN,4,BL41,2.7710530757904053,3.6902101067426534,3.7197303771972656
MIRIN,4,CALU6,5.530643463134766,5.230718226106337,5.265314102172852
MIRIN,4,CORL279,4.224494934082031,4.873678776784413,4.907098293304443
MIRIN,4,DB,3.590883493423462,4.068985611556402,4.0997538566589355
MIRIN,4,DMS273,4.700265407562256,4.404469133191449,4.436342716217041
MIRIN,4,GA10,2.8469200134277344,3.646014632911704,3.675389289855957
MIRIN,4,GDM1,3.572216033935547,3.8105461740497875,3.8404629230499268
MIRIN,4,GRANTA519,5.4034528732299805,4.29152329623526,4.323024749755859
MIRIN,4,IALM,5.489457607269287,5.230697789442451,5.265293598175049
MIRIN,4,JEKO1,2.020414113998413,4.653353004517741,4.686046600341797
MIRIN,4,K562,4.625284671783447,5.017984436837575,5.051879405975342
MIRIN,4,KMS12BM,3.13798189163208,4.25039569834343,4.281761646270752
MIRIN,4,LCLC103H,4.730627059936523,5.3349927390487,5.369932174682617
MIRIN,4,LU65,5.262148857116699,4.716612083584019,4.749514102935791
MIRIN,4,ME1,5.908051013946533,3.858225148530742,3.888298988342285
MIRIN,4,MOLM13,2.2246010303497314,4.348325340056165,4.380013942718506
MIRIN,4,MONOMAC6,2.591355085372925,4.6139558692586515,4.646519660949707
MIRIN,4,NAMALWA,3.6315104961395264,3.528812504247879,3.5578010082244873
MIRIN,4,NCIH1155,3.6622314453125,4.783284085519209,4.816405773162842
MIRIN,4,NCIH1435,6.423458099365234,5.368082074235907,5.403130531311035
MIRIN,4,NCIH1437,3.4342939853668213,5.241392343180961,5.2760233879089355
MIRIN,4,NCIH1781,6.083810329437256,5.1015827491826515,5.135753154754639
MIRIN,4,NCIH1836,4.893095970153809,4.359064569292471,4.390788555145264
MIRIN,4,NCIH1963,6.58955717086792,4.160470575076345,4.191540241241455
MIRIN,4,NCIH2023,4.610557556152344,5.992153627685875,6.0292582511901855
MIRIN,4,NCIH2029,4.9651360511779785,4.978981776718604,5.0127482414245605
MIRIN,4,NCIH2122,4.435686111450195,5.057834980872175,5.091861248016357
MIRIN,4,NCIH2342,5.0750532150268555,5.297898768282403,5.33271598815918
MIRIN,4,NCIH2347,4.507568836212158,5.647991177696951,5.683961868286133
MIRIN,4,NCIH2444,7.1521806716918945,5.5884515714578695,5.624226093292236
MIRIN,4,NCIH524,3.837723970413208,5.1135733676285176,5.147783279418945
MIRIN,4,NCIH838,3.8521060943603516,5.9185032179406,5.955365180969238
MIRIN,4,NCIH841,5.248383045196533,5.209861897704105,5.244389057159424
MIRIN,4,OCIAML2,3.5863006114959717,4.063523319043883,4.094273567199707
MIRIN,4,OCIAML5,4.272363662719727,3.993434116798504,4.023953437805176
MIRIN,4,OCIM1,5.8251495361328125,3.947268168351971,3.977635383605957
MIRIN,4,RERFLCMS,5.63040018081665,5.485682717845504,5.521118640899658
MIRIN,4,RL,3.9754951000213623,3.4796171768337314,3.508443593978882
MIRIN,4,SKLU1,4.741201400756836,5.5456823866576395,5.581315994262695
MIRIN,4,SUDHL6,3.4390220642089844,4.036058819137774,4.066718578338623
MIRIN,5,CMLT1,3.4563190937042236,3.958372869879752,3.8568224906921387
MIRIN,5,CORL95,5.914444923400879,4.320845891169597,4.327164649963379
MIRIN,5,DAUDI,3.6886661052703857,3.8605997173597952,3.729952812194824
MIRIN,5,EBC1,4.601874828338623,4.793501077116635,4.940478324890137
MIRIN,5,EM2,3.3048925399780273,3.9854753239087604,3.8919904232025146
MIRIN,5,HARA,5.242745876312256,4.865680090885873,5.03413724899292
MIRIN,5,HCC78,5.864197731018066,5.071934717818676,5.301771640777588
MIRIN,5,KMH2,4.320235729217529,4.035286843415287,3.956625461578369
MIRIN,5,L1236,3.530977487564087,4.086403830098357,4.02295446395874
MIRIN,5,L363,3.767430543899536,3.8520506988108534,3.7188596725463867
MIRIN,5,L540,2.404484510421753,3.993207070395596,3.9020230770111084
MIRIN,5,LOUNH91,5.6553192138671875,5.282067344783588,5.574438095092773
MIRIN,5,LP1,4.930427074432373,4.24103324765839,4.223600387573242
MIRIN,5,LXF289,4.519741058349609,4.959754205376529,5.156207084655762
MIRIN,5,NCIH1048,4.384355545043945,4.657718526575154,4.764287948608398
MIRIN,5,NCIH1105,4.463278293609619,4.879231960987656,5.051722049713135
MIRIN,5,NCIH1568,6.616620063781738,5.014380611211181,5.227089881896973
MIRIN,5,NCIH1623,3.9052374362945557,5.383340362015551,5.7058491706848145
MIRIN,5,NCIH1648,3.506042003631592,5.142801098581689,5.3937273025512695
MIRIN,5,NCIH1651,5.3555006980896,5.2078833686173835,5.478177547454834
MIRIN,5,NCIH1792,5.396914482116699,5.286653108301136,5.58038854598999
MIRIN,5,NCIH1915,4.812658786773682,4.834640289055857,4.993860244750977
MIRIN,5,NCIH1944,4.146234035491943,4.689693561048184,4.805778503417969
MIRIN,5,NCIH2085,6.264629364013672,5.242366443478846,5.522922515869141
MIRIN,5,NCIH2170,4.800740718841553,5.524272020531059,5.888720989227295
MIRIN,5,NCIH2228,6.487179279327393,4.829114883153953,4.986690521240234
MIRIN,5,NCIH292,3.024510383605957,5.280693710355461,5.57265567779541
MIRIN,5,NCIH358,5.252936363220215,5.136823694192199,5.3859710693359375
MIRIN,5,NCIH441,6.673922061920166,5.019520164745634,5.233758926391602
MIRIN,5,NCIH596,6.304473876953125,5.313613531911078,5.615372180938721
MIRIN,5,NUDUL1,2.800795555114746,3.6996621648096,3.5211215019226074
MIRIN,5,OPM2,4.669247150421143,3.997379788140749,3.907437562942505
MIRIN,5,RCHACV,3.8293659687042236,3.9610968038547365,3.8603570461273193
MIRIN,5,SBC5,4.330732345581055,4.901693713471561,5.080868244171143
MIRIN,5,SHP77,4.903561592102051,4.612882481477303,4.706109046936035
MIRIN,5,SKM1,3.695256471633911,4.266177960270639,4.256227970123291
MIRIN,5,SUDHL4,4.048104286193848,3.7266733004449786,3.55617094039917
MIRIN,5,SUDHL8,3.861776113510132,3.772417935998567,3.6155288219451904
MIRIN,5,SUPM2,3.214613437652588,4.0478656305942025,3.972947597503662
MIRIN,5,SUPT1,4.009084701538086,4.151181827981432,4.1070098876953125
MK-2206,1,ABC1,0.561640202999115,2.067425235674131,2.1515681743621826
MK-2206,1,CAL12T,2.334897994995117,2.2933926689228796,2.390812397003174
MK-2206,1,CALU3,1.987241506576538,2.5825873781527555,2.6969988346099854
MK-2206,1,CORL105,2.416261911392212,2.3555372428820496,2.456608295440674
MK-2206,1,CORL23,2.0263938903808594,2.430417752418565,2.535888433456421
MK-2206,1,CORL311,1.7753870487213135,2.3692597253724976,2.471137046813965
MK-2206,1,DMS53,3.8577349185943604,2.4510609256828966,2.5577445030212402
MK-2206,1,DOHH2,-0.5183889865875244,1.299115402999725,1.3381160497665405
MK-2206,1,EBC1,1.160673975944519,1.8599234115149363,1.9318745136260986
MK-2206,1,EJM,2.221492052078247,1.045590410965801,1.0696951150894165
MK-2206,1,EM2,1.2120505571365356,1.7289993358979754,1.7932579517364502
MK-2206,1,HCC366,1.6184630393981934,2.351716709915215,2.4525632858276367
MK-2206,1,HT,-0.2530530095100403,0.6225600066371811,0.6218094229698181
MK-2206,1,IALM,3.3183515071868896,2.4272957514134843,2.532582998275757
MK-2206,1,KCL22,1.8704890012741089,2.154236184712171,2.2434797286987305
MK-2206,1,KMH2,2.5850815773010254,1.0834673045070569,1.109797477722168
MK-2206,1,MOLT16,-1.4038339853286743,1.455054331519803,1.5032172203063965
MK-2206,1,NAMALWA,1.0643229484558105,1.4704486068162024,1.5195159912109375
MK-2206,1,NCIH1048,0.5561435222625732,2.3273892421872286,2.4268064498901367
MK-2206,1,NCIH1341,2.3035900592803955,1.9094971124138358,1.984360933303833
MK-2206,1,NCIH1648,3.3853964805603027,2.7623242457392907,2.887296199798584
MK-2206,1,NCIH1781,1.951485514640808,1.956793491027365,2.0344362258911133
MK-2206,1,NCIH1792,2.9573874473571777,2.4429989841088284,2.549208879470825
MK-2206,1,NCIH1793,4.454975128173828,2.3624482505887654,2.463925361633301
MK-2206,1,NCIH1876,2.1974129676818848,3.014334851105647,3.15411376953125
MK-2206,1,NCIH1915,5.282275199890137,2.0592007086466833,2.1428604125976562
MK-2206,1,NCIH1963,3.5355238914489746,2.41332871518014,2.5177953243255615
MK-2206,1,NCIH2009,0.4831700026988983,2.6433249799336407,2.761305093765259
MK-2206,1,NCIH2029,2.858489513397217,2.264350223046857,2.3600635528564453
MK-2206,1,NCIH2291,2.54339861869812,2.1875351267652006,2.2787351608276367
MK-2206,1,NCIH292,0.9224194884300232,2.2991473382596377,2.3969051837921143
MK-2206,1,NCIH522,4.570178985595703,2.3655891673529643,2.4672508239746094
MK-2206,1,NCIH69,1.4920835494995117,2.477244614868246,2.5854666233062744
MK-2206,1,NCIH82,2.48919939994812,2.521114538829921,2.6319141387939453
MK-2206,1,NCIH929,-2.7751150131225586,1.9123090300819283,1.9873380661010742
MK-2206,1,OCILY19,1.354859471321106,0.0925968420983527,0.06070810183882713
MK-2206,1,P31FUJ,1.1143264770507812,1.6075934901196416,1.6647188663482666
MK-2206,1,PL21,0.14559799432754517,1.5895810710923157,1.6456481218338013
MK-2206,1,SUDHL4,0.2135539948940277,0.6105729324521033,0.6091180443763733
MK-2206,1,SUPB15,2.0599141120910645,0.7180087019643774,0.7228662371635437
MK-2206,1,SW1573,3.249039888381958,2.2652779959941256,2.3610458374023438
MK-2206,2,A4FUK,-0.4660719931125641,1.0625234401646686,1.0521432161331177
MK-2206,2,DMS114,2.2212884426116943,2.637916818005422,2.745492458343506
MK-2206,2,DND41,2.3267605304718018,0.8698911810099169,0.8450878262519836
MK-2206,2,GDM1,1.224663496017456,1.2536173863759166,1.2575451135635376
MK-2206,2,GRANTA519,3.615523099899292,0.7572333946053775,0.7239949107170105
MK-2206,2,HCC78,2.3119850158691406,2.4892051373746593,2.585646152496338
MK-2206,2,HDLM2,2.9865005016326904,1.4277372656102518,1.4447020292282104
MK-2206,2,JM1,2.3406519889831543,0.5180883656985983,0.46694415807724
MK-2206,2,JURKAT,0.656790018081665,1.3468064003962994,1.3577115535736084
MK-2206,2,KMS11,1.3968935012817383,1.2533412320030155,1.2572482824325562
MK-2206,2,KMS12BM,-0.14075100421905518,1.561130585542432,1.588083028793335
MK-2206,2,KNS62,1.1400779485702515,2.1899542774156773,2.263989210128784
MK-2206,2,KU812,1.9127000570297241,1.205854657644057,1.206206202507019
MK-2206,2,L363,0.2699665129184723,1.1318388531950667,1.1266485452651978
MK-2206,2,L428,3.560415029525757,2.146042404963284,2.216789484024048
MK-2206,2,LAMA84,1.8433564901351929,2.1038619871573694,2.1714508533477783
MK-2206,2,LXF289,1.938359022140503,2.1515069343856066,2.222663164138794
MK-2206,2,MM1S,-1.5643224716186523,0.653661752501508,0.6126684546470642
MK-2206,2,MOLT13,3.0527288913726807,0.7226531000388873,0.6868254542350769
MK-2206,2,NCIH1435,4.290205001831055,2.0158556920125053,2.076855182647705
MK-2206,2,NCIH146,3.097329616546631,3.1204046440978193,3.264106035232544
MK-2206,2,NCIH196,2.6990885734558105,2.1822949307083297,2.255756378173828
MK-2206,2,NCIH1975,0.6141847372055054,2.6161287925103798,2.7220730781555176
MK-2206,2,NCIH2030,1.5513819456100464,2.4759705776850875,2.571420669555664
MK-2206,2,NCIH2066,1.6854654550552368,2.456198146396111,2.5501677989959717
MK-2206,2,NCIH2081,2.5595273971557617,2.9708551842972186,3.1033592224121094
MK-2206,2,NCIH2087,4.276419162750244,1.6294952068303077,1.6615663766860962
MK-2206,2,NCIH209,3.6128599643707275,2.4399737997247453,2.532728672027588
MK-2206,2,NCIH2122,1.6418190002441406,1.8655812438040114,1.915329098701477
MK-2206,2,NCIH2170,1.8773964643478394,2.1942121564054036,2.2685658931732178
MK-2206,2,NCIH2196,1.0318939685821533,2.7348862633949134,2.849722385406494
MK-2206,2,NCIH23,1.9355709552764893,2.7239088498086685,2.837923049926758
MK-2206,2,NCIH647,2.901170015335083,2.4601625697751155,2.554429054260254
MK-2206,2,OPM2,1.387033462524414,1.0647669449074062,1.0545547008514404
MK-2206,2,RAJI,3.1101269721984863,1.3406782132360493,1.3511245250701904
MK-2206,2,RPMI8402,-0.30839648842811584,1.1114423573854817,1.1047248840332031
MK-2206,2,SHP77,2.110399007797241,2.353309237753919,2.4395751953125
MK-2206,2,SKLU1,2.6154136657714844,2.476367175290507,2.5718469619750977
MK-2206,2,SUDHL1,1.7397220134735107,1.6480160710115783,1.681473970413208
MK-2206,2,SUDHL5,-0.47724801301956177,1.207439051769063,1.2079092264175415
MK-2206,2,SUPM2,2.042940616607666,1.0085238370093288,0.9941004514694214
MK-2206,3,697,-0.4436505138874054,1.2616985377840977,1.2229238748550415
MK-2206,3,A3KAW,2.3649864196777344,1.7907298459566658,1.810172438621521
MK-2206,3,BL41,1.8178925514221191,1.0856333416891992,1.027483582496643
MK-2206,3,CALU6,3.0909159183502197,2.535295160343723,2.6366734504699707
MK-2206,3,CHAGOK1,3.3726320266723633,2.3183067523762837,2.3958065509796143
MK-2206,3,CMLT1,1.827318549156189,0.7583825303093807,0.6642204523086548
MK-2206,3,CORL88,4.051323413848877,2.369266549867022,2.452374219894409
MK-2206,3,DMS79,2.7632949352264404,2.211324726719618,2.2770516872406006
MK-2206,3,EPLC272H,0.2700274884700775,2.3714616301173583,2.454810857772827
MK-2206,3,HEL,3.2862284183502197,1.5731453083185014,1.5686438083648682
MK-2206,3,JVM2,1.1955875158309937,1.0252432904341482,0.9604479074478149
MK-2206,3,JVM3,1.7019720077514648,1.0384152754157907,0.9750694036483765
MK-2206,3,K562,2.9371824264526367,2.2772911838982974,2.3502774238586426
MK-2206,3,KARPAS422,-0.12891949713230133,0.675160637491583,0.5718404054641724
MK-2206,3,KG1,3.213567018508911,1.650673845976241,1.654703974723816
MK-2206,3,KOPN8,2.0168890953063965,0.585909388665721,0.47276750206947327
MK-2206,3,L1236,1.5853420495986938,1.4269315927571544,1.4063400030136108
MK-2206,3,L540,2.3833394050598145,1.8390547954071885,1.8638153076171875
MK-2206,3,LU65,3.8988404273986816,1.9426792288903327,1.978843092918396
MK-2206,3,NB4,1.677085518836975,1.0207965883604908,0.9555118680000305
MK-2206,3,NCIH1092,4.422854900360107,2.541876320221469,2.6439788341522217
MK-2206,3,NCIH1105,2.593679428100586,1.9031876517935862,1.9350056648254395
MK-2206,3,NCIH2023,0.7188460230827332,2.2368076324242345,2.3053388595581055
MK-2206,3,NCIH2172,2.9092090129852295,2.65915181172915,2.7741599082946777
MK-2206,3,NCIH2228,0.32905107736587524,2.5824376230703487,2.6890037059783936
MK-2206,3,NCIH358,2.354448080062866,2.3919050869067453,2.477504014968872
MK-2206,3,NCIH810,4.564026832580566,2.597156044236182,2.7053418159484863
MK-2206,3,NCIH838,1.8436100482940674,2.7227185006458914,2.844721794128418
MK-2206,3,OCIAML2,2.2951884269714355,1.2542146457838308,1.2146164178848267
MK-2206,3,OCIAML5,2.0321550369262695,1.7506946535846155,1.7657315731048584
MK-2206,3,REH,0.44296199083328247,0.7956561527872331,0.705595850944519
MK-2206,3,RERFLCKJ,1.0620349645614624,2.3501607603769594,2.431165933609009
MK-2206,3,RERFLCMS,1.8251320123672485,2.2159193604490897,2.282151937484741
MK-2206,3,RS411,-0.3522365093231201,1.1937193509551336,1.1474639177322388
MK-2206,3,SIGM5,-0.20312899351119995,1.8968729299834082,1.927996039390564
MK-2206,3,SKMES1,2.239478349685669,2.5485749662926525,2.651414632797241
MK-2206,3,SKMM2,1.96082603931427,1.771137895591199,1.7884244918823242
MK-2206,3,ST486,3.117586612701416,1.0217427603049911,0.9565621614456177
MK-2206,3,SUDHL10,-0.6138960123062134,0.2396920610198941,0.08845068514347076
MK-2206,3,SUPT1,1.4826769828796387,1.1854959617628993,1.1383355855941772
MK-2206,3,THP1,1.2011774778366089,1.9515432077935875,1.988682508468628
MK-2206,4,ALLSIL,0.9997504949569702,1.4609350686210114,1.4637037515640259
MK-2206,4,BEN,3.831526041030884,2.684724715616306,2.7603960037231445
MK-2206,4,BV173,0.679325520992279,1.4675855887490588,1.4707504510879517
MK-2206,4,COLO668,2.555327892303467,2.57915052126124,2.6485326290130615
MK-2206,4,CORL279,1.902010440826416,2.553358716935988,2.621204376220703
MK-2206,4,DAUDI,1.3594419956207275,2.0416561415539745,2.079019069671631
MK-2206,4,DMS273,0.26486554741859436,1.8967730889715027,1.9255051612854004
MK-2206,4,HCC44,0.7888846397399902,2.2850819192980705,2.3369460105895996
MK-2206,4,HH,0.3905259966850281,1.6330829810849083,1.6461067199707031
MK-2206,4,HL60,2.4789741039276123,1.4136970469908385,1.413651704788208
MK-2206,4,JEKO1,0.38913750648498535,1.2480488951311766,1.2381356954574585
MK-2206,4,JURLMK1,1.9570435285568237,2.1461329415842165,2.1897196769714355
MK-2206,4,LCLC103H,2.8382010459899902,2.02864964490485,2.0652377605438232
MK-2206,4,LCLC97TM1,2.4758424758911133,1.8693386808793422,1.8964364528656006
MK-2206,4,LOUCY,0.0310479998588562,1.8401478118276628,1.865506649017334
MK-2206,4,MOLM13,1.1380540132522583,1.4216165347823762,1.422042965888977
MK-2206,4,NALM6,-0.46524500846862793,1.2837620262085554,1.275976300239563
MK-2206,4,NCIH1437,1.3389860391616821,1.6932386187494206,1.7098459005355835
MK-2206,4,NCIH1568,3.8691389560699463,2.2269535472004023,2.2753548622131348
MK-2206,4,NCIH1623,2.8345110416412354,2.5570118227107494,2.625075101852417
MK-2206,4,NCIH1650,1.8268029689788818,2.161878086239785,2.2064027786254883
MK-2206,4,NCIH1651,3.6596550941467285,2.3964124272921845,2.454908609390259
MK-2206,4,NCIH1944,1.7658987045288086,1.8852639494137338,1.9133104085922241
MK-2206,4,NCIH211,2.8902180194854736,2.8720101218491223,2.9588382244110107
MK-2206,4,NCIH2171,0.09494300186634064,2.67188427945759,2.746790647506714
MK-2206,4,NCIH2342,2.2708349227905273,2.504585760840614,2.569525957107544
MK-2206,4,NCIH2347,3.932033061981201,2.5465846640041008,2.6140267848968506
MK-2206,4,NCIH2405,4.5001044273376465,2.663868823103506,2.738297700881958
MK-2206,4,NCIH2444,1.9814900159835815,2.411196986265433,2.470573902130127
MK-2206,4,NCIH524,1.734483003616333,2.3901088790831198,2.4482295513153076
MK-2206,4,NCIH526,2.7529385089874268,2.592500614616127,2.6626780033111572
MK-2206,4,NCIH650,4.561478137969971,2.344994429103659,2.4004275798797607
MK-2206,4,NCIH661,2.1373136043548584,2.7219332911642153,2.799821138381958
MK-2206,4,NCIH727,2.396714925765991,2.8295521896877602,2.913851022720337
MK-2206,4,NOMO1,2.0886545181274414,1.3051618905852593,1.2986509799957275
MK-2206,4,NUDUL1,-0.6747745275497437,0.7917648456598615,0.754670262336731
MK-2206,4,PF382,1.2831825017929077,1.0108656304904224,0.9868231415748596
MK-2206,4,SBC5,3.321784019470215,2.474576740104486,2.537729263305664
MK-2206,4,SUDHL6,-1.6074140071868896,0.5324262032899562,0.47988250851631165
MK-2206,4,SW1271,3.0363729000091553,1.9403222275667857,1.9716485738754272
MK-2206,5,A549,1.7522615194320679,1.941202600382494,1.8885173797607422
MK-2206,5,AMO1,1.0002230405807495,0.9220714068839774,0.8211691975593567
MK-2206,5,CA46,2.2134294509887695,0.35694861277636564,0.22930939495563507
MK-2206,5,CMK,3.3067259788513184,2.4314412413531112,2.4019501209259033
MK-2206,5,CORL95,2.0291171073913574,2.0000049075169746,1.9501017332077026
MK-2206,5,DB,2.6727094650268555,0.9580791935627572,0.8588805794715881
MK-2206,5,EHEB,0.2173919975757599,1.6684314314249136,1.6028409004211426
MK-2206,5,GA10,-0.29253050684928894,1.129645006878445,1.0385634899139404
MK-2206,5,HARA,1.7828290462493896,1.8844099708845272,1.8290377855300903
MK-2206,5,HCC15,2.575139045715332,2.922523546270366,2.916266441345215
MK-2206,5,HCC33,2.2612850666046143,2.43377372402911,2.404392957687378
MK-2206,5,HCC827,3.569282054901123,2.481392703260039,2.4542648792266846
MK-2206,5,LOUNH91,2.2623400688171387,2.4417871656334276,2.412785530090332
MK-2206,5,LP1,2.831540584564209,1.7038386823532263,1.639923334121704
MK-2206,5,ME1,4.455778121948242,1.4386425047136104,1.362180233001709
MK-2206,5,MEG01,2.7395694255828857,2.2021838730107772,2.161846160888672
MK-2206,5,MHHCALL2,2.950199604034424,1.0570053361896097,0.9624871015548706
MK-2206,5,MOLM16,-0.3029389977455139,2.0265646141155296,1.977918028831482
MK-2206,5,MOLP8,0.020251000300049782,1.0185004772413557,0.9221605062484741
MK-2206,5,MONOMAC6,0.8064939975738525,2.0498478950929333,2.002302885055542
MK-2206,5,NCIH1155,2.494699478149414,2.748337673786345,2.733839511871338
MK-2206,5,NCIH1436,2.23533296585083,2.7702897823600887,2.7568302154541016
MK-2206,5,NCIH1836,4.099160194396973,2.826298505543903,2.815488815307617
MK-2206,5,NCIH2085,2.1135690212249756,2.216764962985441,2.177117109298706
MK-2206,5,NCIH2110,1.3109480142593384,2.242454826103126,2.2040224075317383
MK-2206,5,NCIH2227,5.175924777984619,2.7394350386106385,2.724515676498413
MK-2206,5,NCIH441,4.760088920593262,1.7449472667169337,1.6829768419265747
MK-2206,5,NCIH446,1.1139715909957886,2.1095192489398507,2.0647974014282227
MK-2206,5,NCIH460,0.7929753065109253,2.9286818833141997,2.9227161407470703
MK-2206,5,NCIH596,2.5268900394439697,2.4283584304612136,2.39872145652771
MK-2206,5,NCIH841,4.07536506652832,2.710531011633649,2.694244146347046
MK-2206,5,OCIAML3,1.0300389528274536,2.249985881333205,2.211909770965576
MK-2206,5,OCIM1,2.3744850158691406,1.8346529204752862,1.7769266366958618
MK-2206,5,P12ICHIKAWA,0.021747000515460968,0.6478158583354492,0.5339381098747253
MK-2206,5,RCHACV,-2.049823045730591,1.6782064142108513,1.6130783557891846
MK-2206,5,RL,0.5970820188522339,0.5286305977752074,0.40911397337913513
MK-2206,5,RPMI8226,1.4674605131149292,2.2484326381848216,2.210283041000366
MK-2206,5,SKM1,1.3926810026168823,1.5162212290954449,1.4434293508529663
MK-2206,5,SUDHL8,3.331857919692993,0.9715845323286144,0.8730248808860779
MK-2206,5,WSUDLCL2,-0.9322065114974976,0.72813000257233,0.618052065372467
MOTESANIB,1,A3KAW,3.253848075866699,3.8926954717211566,3.9018006324768066
MOTESANIB,1,A549,4.4188947677612305,3.8876619216988804,3.896448850631714
MOTESANIB,1,BEN,3.8938233852386475,4.398911347614918,4.440020561218262
MOTESANIB,1,CMK,2.518815040588379,3.892496793709853,3.9015893936157227
MOTESANIB,1,CORL279,3.51676344871521,4.255259969712736,4.28728723526001
MOTESANIB,1,DMS53,4.224691867828369,4.577309401823586,4.629697322845459
MOTESANIB,1,DMS79,4.683527946472168,4.177523049321488,4.2046356201171875
MOTESANIB,1,EJM,3.8869473934173584,3.8444967692068768,3.8505547046661377
MOTESANIB,1,GA10,3.758711099624634,3.511311501834913,3.496304750442505
MOTESANIB,1,HCC366,4.518226623535156,4.206542596498518,4.235489845275879
MOTESANIB,1,HCC827,6.582528114318848,4.453158068913481,4.497696876525879
MOTESANIB,1,JEKO1,3.4923593997955322,3.3852117341164343,3.3622326850891113
MOTESANIB,1,KOPN8,3.102385997772217,2.6954826300683488,2.6288974285125732
MOTESANIB,1,LOUCY,3.721858024597168,3.6207395832030485,3.6126511096954346
MOTESANIB,1,LXF289,3.4324615001678467,4.582236885593778,4.634936332702637
MOTESANIB,1,ME1,4.085336208343506,3.5330588956185087,3.5194270610809326
MOTESANIB,1,MOLM16,3.5618209838867188,3.623288761117836,3.615361452102661
MOTESANIB,1,NAMALWA,3.620117425918579,3.418454870845278,3.3975775241851807
MOTESANIB,1,NCIH1092,4.255864143371582,4.193997178868266,4.222151279449463
MOTESANIB,1,NCIH1651,4.007111072540283,4.320065328528512,4.356189727783203
MOTESANIB,1,NCIH2023,4.595469951629639,4.13168493758034,4.155899524688721
MOTESANIB,1,NCIH2029,4.102513790130615,4.333971892353588,4.370975494384766
MOTESANIB,1,NCIH2085,4.604294776916504,4.207579040932204,4.236591815948486
MOTESANIB,1,NCIH209,4.057173728942871,4.295269595144845,4.329826354980469
MOTESANIB,1,NCIH2170,2.5131595134735107,4.047653556943835,4.066555500030518
MOTESANIB,1,NCIH2172,4.7992262840271,4.364636027041794,4.403578281402588
MOTESANIB,1,NCIH2196,5.996394157409668,4.156554222191669,4.1823410987854
MOTESANIB,1,NCIH2444,4.866036891937256,4.26496962873018,4.297610759735107
MOTESANIB,1,NCIH292,4.354008674621582,3.8523261628464622,3.8588790893554688
MOTESANIB,1,NCIH526,3.288259506225586,4.148480629506588,4.173757076263428
MOTESANIB,1,NCIH650,4.304444313049316,3.9827367500788284,3.9975345134735107
MOTESANIB,1,NCIH810,4.320803165435791,4.271455591257213,4.304506778717041
MOTESANIB,1,NCIH82,3.2036330699920654,4.1998938346078205,4.228420734405518
MOTESANIB,1,OCIAML2,3.28279709815979,3.91900550827676,3.929774045944214
MOTESANIB,1,OCILY19,3.683387517929077,3.3517219316850686,3.3266255855560303
MOTESANIB,1,REH,3.09552001953125,3.4560893298036506,3.437591314315796
MOTESANIB,1,RERFLCMS,4.308897018432617,4.236187329110667,4.2670087814331055
MOTESANIB,1,SIGM5,3.7080209255218506,3.8218804394257617,3.8265085220336914
MOTESANIB,1,SUDHL4,3.1084725856781006,3.5741661834268386,3.5631332397460938
MOTESANIB,1,SUPM2,2.647200584411621,3.48825902224343,3.471794843673706
MOTESANIB,1,SW1573,5.417451858520508,4.013759895484977,4.030519008636475
MOTESANIB,2,A4FUK,3.877986431121826,3.9235655487261516,3.9558145999908447
MOTESANIB,2,CHAGOK1,3.3020455837249756,4.769918777546084,4.831068515777588
MOTESANIB,2,DB,3.590742588043213,3.2481767414004317,3.2573630809783936
MOTESANIB,2,EBC1,4.747679233551025,4.487425167693686,4.538928508758545
MOTESANIB,2,EPLC272H,3.027409553527832,4.490637135281412,4.542250156402588
MOTESANIB,2,GRANTA519,4.287301540374756,3.568043480002731,3.5881524085998535
MOTESANIB,2,HCC44,3.732572555541992,4.011385381161153,4.046633243560791
MOTESANIB,2,HEL,2.692774534225464,3.561534473334321,3.581421136856079
MOTESANIB,2,JM1,3.2730209827423096,3.6476630199364513,3.6704907417297363
MOTESANIB,2,JURLMK1,3.04065203666687,3.7792688500863405,3.8065905570983887
MOTESANIB,2,K562,4.296658039093018,3.878681690714626,3.909398078918457
MOTESANIB,2,KARPAS422,3.622025489807129,3.074795275103626,3.078061103820801
MOTESANIB,2,KCL22,3.358250617980957,3.1092229475011868,3.113664388656616
MOTESANIB,2,KMS12BM,4.360505104064941,3.744324985079756,3.770453453063965
MOTESANIB,2,L363,3.6413609981536865,3.806858757146234,3.835122585296631
MOTESANIB,2,L540,3.833998918533325,3.8086258926300065,3.8369500637054443
MOTESANIB,2,LU65,5.243285655975342,3.9528525052702004,3.9861016273498535
MOTESANIB,2,MONOMAC6,3.728916883468628,3.8685895373157795,3.898961305618286
MOTESANIB,2,NALM6,3.56654953956604,3.2790417856661276,3.2892820835113525
MOTESANIB,2,NCIH1436,4.033235549926758,4.212620268654571,4.254739761352539
MOTESANIB,2,NCIH1648,3.235852003097534,4.80275360727471,4.865024566650391
MOTESANIB,2,NCIH1650,4.165999412536621,4.584646437557621,4.639469623565674
MOTESANIB,2,NCIH1781,4.418441295623779,4.353605173266411,4.400538921356201
MOTESANIB,2,NCIH1792,3.8197383880615234,4.3674785124538245,4.414885997772217
MOTESANIB,2,NCIH1793,5.666182041168213,4.376271999945288,4.423979759216309
MOTESANIB,2,NCIH196,4.078083038330078,4.116015017839904,4.1548357009887695
MOTESANIB,2,NCIH1963,4.696055889129639,4.034262926930985,4.070291996002197
MOTESANIB,2,NCIH1975,4.556241989135742,4.809636329092395,4.872142314910889
MOTESANIB,2,NCIH2081,4.244760513305664,4.1754419513180805,4.216291904449463
MOTESANIB,2,NCIH2110,4.3661932945251465,4.593981247177708,4.649123191833496
MOTESANIB,2,NCIH2227,4.942509651184082,4.056578401427569,4.093369483947754
MOTESANIB,2,NCIH2228,4.826736927032471,4.255881774102586,4.299478530883789
MOTESANIB,2,NCIH358,3.907686471939087,4.423161839149809,4.472470760345459
MOTESANIB,2,NCIH841,4.260786533355713,4.370224315925675,4.417725563049316
MOTESANIB,2,NCIH929,3.2045440673828125,3.8567307095252623,3.88669753074646
MOTESANIB,2,P12ICHIKAWA,2.7554330825805664,3.367418156269143,3.38067626953125
MOTESANIB,2,PL21,4.728329181671143,3.428348250002271,3.4436869621276855
MOTESANIB,2,RCHACV,3.4143149852752686,3.218199529978573,3.2263622283935547
MOTESANIB,2,SKM1,3.68727445602417,3.4333649320801443,3.4488749504089355
MOTESANIB,2,ST486,1.8768889904022217,2.7756087478555234,2.76865816116333
MOTESANIB,2,SUPT1,3.7672669887542725,3.5213793453825044,3.5398948192596436
MOTESANIB,3,697,3.3878486156463623,3.1989037377915177,3.0649874210357666
MOTESANIB,3,ALLSIL,3.348238945007324,3.35371422543782,3.2473013401031494
MOTESANIB,3,AMO1,4.515818119049072,3.6828620369945635,3.634925127029419
MOTESANIB,3,BL41,2.833466053009033,3.488982085615773,3.4066007137298584
MOTESANIB,3,BV173,1.9784159660339355,3.3697445246771385,3.2661795616149902
MOTESANIB,3,CAL12T,3.900306463241577,4.120652726172075,4.150493144989014
MOTESANIB,3,CALU3,5.284951210021973,4.114045929271607,4.142712593078613
MOTESANIB,3,CALU6,4.704518795013428,4.131139705379166,4.162843227386475
MOTESANIB,3,CORL311,4.957035064697266,4.06024975045259,4.07935905456543
MOTESANIB,3,CORL95,4.5055155754089355,4.073808321330144,4.0953264236450195
MOTESANIB,3,DAUDI,3.7090630531311035,3.497243719737066,3.416330099105835
MOTESANIB,3,HCC33,5.186103820800781,4.148960281783124,4.1838297843933105
MOTESANIB,3,HH,4.513249397277832,3.5570425806697945,3.48675274848938
MOTESANIB,3,HL60,3.016622543334961,3.7123867300379096,3.6696951389312744
MOTESANIB,3,HT,4.1315107345581055,3.563479318447985,3.494333028793335
MOTESANIB,3,IALM,4.624622821807861,3.9923548605914525,3.9994020462036133
MOTESANIB,3,L428,3.352381467819214,3.67431433913544,3.624858856201172
MOTESANIB,3,LP1,3.9942140579223633,3.8245666349507066,3.801804780960083
MOTESANIB,3,MEG01,4.151824951171875,4.025311913586092,4.038214206695557
MOTESANIB,3,MHHCALL2,1.3326270580291748,3.5608857143819224,3.491278648376465
MOTESANIB,3,MOLT13,2.8723719120025635,2.868238958373795,2.675577163696289
MOTESANIB,3,NCIH1105,4.431652069091797,4.158383581670638,4.194927215576172
MOTESANIB,3,NCIH1155,3.89493989944458,4.161747108167677,4.198888301849365
MOTESANIB,3,NCIH146,4.133154392242432,4.169217157565036,4.207685470581055
MOTESANIB,3,NCIH1568,4.842095375061035,4.555072803055785,4.6620917320251465
MOTESANIB,3,NCIH1836,5.1158127784729,4.207704776157733,4.2530107498168945
MOTESANIB,3,NCIH446,3.5301895141601562,3.7922347516817707,3.7637288570404053
MOTESANIB,3,NCIH522,4.52661657333374,4.170392994924782,4.209070205688477
MOTESANIB,3,NCIH596,4.494204998016357,4.3284147656634175,4.395165920257568
MOTESANIB,3,NCIH838,4.110529899597168,4.3235369031727675,4.389421463012695
MOTESANIB,3,OPM2,3.3096325397491455,3.5718478468747095,3.504188299179077
MOTESANIB,3,RAJI,3.234606981277466,3.461994715167069,3.374818801879883
MOTESANIB,3,RPMI8226,3.5281989574432373,3.930121927245464,3.9261128902435303
MOTESANIB,3,RPMI8402,3.36895489692688,3.1857249656203823,3.0494673252105713
MOTESANIB,3,SBC5,3.7059919834136963,3.9903536291346553,3.9970452785491943
MOTESANIB,3,SHP77,3.7668139934539795,4.166749275778658,4.204779148101807
MOTESANIB,3,SKMM2,4.772538661956787,3.8357219060180796,3.814941883087158
MOTESANIB,3,SUDHL10,2.968900442123413,3.550699172957521,3.4792823791503906
MOTESANIB,3,SUDHL5,2.7560811042785645,3.2372083403764305,3.1100971698760986
MOTESANIB,3,SUPB15,3.8363006114959717,3.319646726864977,3.207181453704834
MOTESANIB,3,THP1,3.997917413711548,3.8152662230241705,3.7908520698547363
MOTESANIB,4,ABC1,6.062619209289551,4.137850827646069,4.192793846130371
MOTESANIB,4,CA46,4.053314208984375,3.099698098185425,3.130445718765259
MOTESANIB,4,CMLT1,3.3340768814086914,3.2572996754409935,3.291720390319824
MOTESANIB,4,CORL23,3.072970390319824,3.871822925302979,3.9205658435821533
MOTESANIB,4,CORL88,4.448738098144531,4.420916480164665,4.482456684112549
MOTESANIB,4,DMS114,4.169517993927002,4.47800611875239,4.540876865386963
MOTESANIB,4,DND41,3.457561492919922,2.8890893068717225,2.914928436279297
MOTESANIB,4,DOHH2,2.937283515930176,3.4504564630228844,3.4893789291381836
MOTESANIB,4,JURKAT,3.130579948425293,3.4540412241125003,3.4930472373962402
MOTESANIB,4,JVM2,3.6122970581054688,3.824904166775446,3.872553586959839
MOTESANIB,4,JVM3,3.834506034851074,3.4752019388169173,3.5147011280059814
MOTESANIB,4,KG1,3.404625415802002,2.94899437851592,2.976229667663574
MOTESANIB,4,KNS62,3.8126375675201416,4.350291607549897,4.410185813903809
MOTESANIB,4,L1236,3.77866792678833,3.600573983621711,3.6429951190948486
MOTESANIB,4,LAMA84,3.4021170139312744,3.182278542784631,3.2149507999420166
MOTESANIB,4,LCLC103H,4.379250526428223,4.214189976257455,4.270912170410156
MOTESANIB,4,LCLC97TM1,4.3530707359313965,3.952829998549125,4.003460884094238
MOTESANIB,4,LOUNH91,3.9151599407196045,4.123477766966335,4.178085803985596
MOTESANIB,4,MOLM13,2.2212700843811035,3.761535255074098,3.8077077865600586
MOTESANIB,4,NCIH1435,4.395288944244385,4.105838207490526,4.160035133361816
MOTESANIB,4,NCIH1876,3.949636936187744,4.294111556073435,4.352696418762207
MOTESANIB,4,NCIH1915,4.426131725311279,4.322865133064964,4.382120132446289
MOTESANIB,4,NCIH2009,4.679085731506348,4.405829076738231,4.467017650604248
MOTESANIB,4,NCIH2066,4.741077423095703,4.150695483753603,4.20593786239624
MOTESANIB,4,NCIH211,3.694075584411621,3.827116858577609,3.8748178482055664
MOTESANIB,4,NCIH2171,4.33835506439209,4.092775940122255,4.146668434143066
MOTESANIB,4,NCIH23,3.2559773921966553,4.266525251476224,4.324467182159424
MOTESANIB,4,NCIH2342,4.7533183097839355,4.282251975351764,4.340560436248779
MOTESANIB,4,NCIH2347,5.457202911376953,4.40180163749508,4.462896347045898
MOTESANIB,4,NCIH441,6.196349143981934,4.278979884831646,4.337212085723877
MOTESANIB,4,NCIH524,3.995404005050659,4.473103574696255,4.535860061645508
MOTESANIB,4,NCIH647,4.288333892822266,4.220304526500264,4.277169227600098
MOTESANIB,4,NCIH661,3.5632336139678955,4.611973575367797,4.677966594696045
MOTESANIB,4,OCIAML3,3.9537739753723145,3.8839131646414904,3.9329378604888916
MOTESANIB,4,OCIAML5,3.0626025199890137,3.8475490182367107,3.895726203918457
MOTESANIB,4,PF382,3.1913344860076904,3.274979308939123,3.309812068939209
MOTESANIB,4,RS411,3.2553579807281494,3.2525103637967625,3.2868194580078125
MOTESANIB,4,SKMES1,4.6237688064575195,4.173209162688321,4.228976249694824
MOTESANIB,4,SUDHL8,3.5240910053253174,3.3873396448805493,3.424791097640991
MOTESANIB,4,SW1271,5.46207857131958,4.15353002186723,4.20883846282959
MOTESANIB,5,COLO668,4.522231101989746,4.021402695052844,4.058847904205322
MOTESANIB,5,CORL105,5.151403903961182,3.911409104462073,3.9395077228546143
MOTESANIB,5,DMS273,3.621577024459839,3.956490415376445,3.988419771194458
MOTESANIB,5,EHEB,3.7391040325164795,3.7587210829247204,3.7738451957702637
MOTESANIB,5,EM2,3.6756460666656494,3.5059216636737327,3.4995644092559814
MOTESANIB,5,GDM1,-1.1941169500350952,3.1052172121487787,3.0648105144500732
MOTESANIB,5,HARA,3.85619854927063,3.963601392706371,3.9961349964141846
MOTESANIB,5,HCC15,4.753035545349121,4.228114147420721,4.2831244468688965
MOTESANIB,5,HCC78,3.9794445037841797,4.061607844442151,4.102469444274902
MOTESANIB,5,HDLM2,4.261681079864502,4.079246408358052,4.121606826782227
MOTESANIB,5,KMH2,3.187405824661255,3.5409256473516058,3.5375428199768066
MOTESANIB,5,KMS11,3.3723199367523193,3.511530238284107,3.5056495666503906
MOTESANIB,5,KU812,3.9441885948181152,3.769259437059803,3.7852790355682373
MOTESANIB,5,MM1S,3.6950764656066895,3.390492658241932,3.3743269443511963
MOTESANIB,5,MOLP8,3.7950034141540527,3.700691025096157,3.7108840942382812
MOTESANIB,5,MOLT16,3.139336585998535,3.0773068458747175,3.0345284938812256
MOTESANIB,5,NB4,3.2693095207214355,3.309847670841921,3.2868292331695557
MOTESANIB,5,NCIH1048,4.183408737182617,3.9936443929417096,4.028730869293213
MOTESANIB,5,NCIH1341,3.0474040508270264,4.039253094016521,4.0782151222229
MOTESANIB,5,NCIH1437,3.756143093109131,4.299691979487375,4.360784530639648
MOTESANIB,5,NCIH1623,4.635233402252197,4.394089104812648,4.463202953338623
MOTESANIB,5,NCIH1944,4.034019470214844,4.41960204331571,4.490883827209473
MOTESANIB,5,NCIH2030,3.9591174125671387,4.333117528364232,4.397050380706787
MOTESANIB,5,NCIH2087,4.588567733764648,3.9790506282187468,4.01289701461792
MOTESANIB,5,NCIH2122,0.7867739796638489,4.1439743212241975,4.191834926605225
MOTESANIB,5,NCIH2291,6.048456192016602,4.856276701241643,4.964664459228516
MOTESANIB,5,NCIH2405,5.744169235229492,3.846340365704744,3.8689098358154297
MOTESANIB,5,NCIH460,4.159135818481445,4.054351834818104,4.094596862792969
MOTESANIB,5,NCIH69,4.407339096069336,4.134285724485123,4.181323051452637
MOTESANIB,5,NCIH727,4.5252909660339355,4.2271863802301475,4.28211784362793
MOTESANIB,5,NOMO1,4.32874059677124,3.669703117490031,3.677263021469116
MOTESANIB,5,NUDUL1,3.467073440551758,3.3275213941018507,3.306004762649536
MOTESANIB,5,OCIM1,3.315389394760132,3.365045643508924,3.346717596054077
MOTESANIB,5,P31FUJ,3.4466285705566406,3.5144776900432637,3.50884747505188
MOTESANIB,5,RERFLCKJ,4.26475191116333,4.303944062655919,4.365397930145264
MOTESANIB,5,RL,4.172820568084717,3.39360953409013,3.377708673477173
MOTESANIB,5,SKLU1,1.7255009412765503,4.327652447826678,4.391120910644531
MOTESANIB,5,SUDHL1,4.976861000061035,3.559341013024653,3.557523012161255
MOTESANIB,5,SUDHL6,2.7356760501861572,3.561058766726385,3.559386730194092
MOTESANIB,5,WSUDLCL2,3.545823097229004,3.6711573958574433,3.6788408756256104
NAVITOCLAX,1,A549,2.17195200920105,2.403115932324672,2.464155912399292
NAVITOCLAX,1,BL41,1.9493160247802734,0.4559621016721456,0.49048078060150146
NAVITOCLAX,1,BV173,-3.231868028640747,-1.9139283967767469,-1.9116889238357544
NAVITOCLAX,1,CAL12T,2.5819740295410156,2.3510944104660565,2.411425828933716
NAVITOCLAX,1,CORL279,-1.117779016494751,-0.5628623837841386,-0.5422206521034241
NAVITOCLAX,1,DMS114,2.7091939449310303,1.2587938121746536,1.304247498512268
NAVITOCLAX,1,DND41,-1.9551249742507935,-0.8100044815253008,-0.7927289605140686
NAVITOCLAX,1,DOHH2,-1.0459840297698975,0.1577877956238965,0.18824517726898193
NAVITOCLAX,1,EBC1,-0.05490272864699364,2.206596769096098,2.2649600505828857
NAVITOCLAX,1,GA10,3.5636725425720215,0.09996111309478448,0.12963086366653442
NAVITOCLAX,1,GRANTA519,-0.6392170190811157,0.052390862727743265,0.08141268044710159
NAVITOCLAX,1,HCC33,1.6086245775222778,-0.6423370038754309,-0.6227777600288391
NAVITOCLAX,1,JURKAT,0.5564329028129578,-0.6235580403304593,-0.6037430167198181
NAVITOCLAX,1,KMH2,2.6510629653930664,1.069958999652608,1.1128406524658203
NAVITOCLAX,1,L363,2.4101738929748535,1.2559306597243491,1.3013453483581543
NAVITOCLAX,1,L428,-0.4366615116596222,0.23324823952156454,0.2647334337234497
NAVITOCLAX,1,LXF289,2.762836456298828,2.0167922834603633,2.072570323944092
NAVITOCLAX,1,MOLT13,-2.0882749557495117,-1.5635622733369994,-1.5565506219863892
NAVITOCLAX,1,NALM6,-1.1000360250473022,-0.8647828387335805,-0.8482534289360046
NAVITOCLAX,1,NCIH1341,-1.6103049516677856,1.1657821085080964,1.2099689245224
NAVITOCLAX,1,NCIH1435,-0.2871219515800476,1.370337503820537,1.4173104763031006
NAVITOCLAX,1,NCIH1648,1.0271024703979492,1.979825216009374,2.035099744796753
NAVITOCLAX,1,NCIH1963,-3.078207015991211,-0.5572426311989942,-0.5365243554115295
NAVITOCLAX,1,NCIH2023,2.5769379138946533,2.23404586867676,2.29278302192688
NAVITOCLAX,1,NCIH2030,2.8197906017303467,2.142226939384858,2.1997134685516357
NAVITOCLAX,1,NCIH2066,0.9605699777603149,1.1890942497567845,1.2335985898971558
NAVITOCLAX,1,NCIH2081,2.387655019760132,1.1688654220340617,1.2130942344665527
NAVITOCLAX,1,NCIH2122,1.1566979885101318,2.2737574226991315,2.333035469055176
NAVITOCLAX,1,NCIH2171,-0.9022607207298279,0.13668714415444524,0.16685712337493896
NAVITOCLAX,1,NCIH2196,-1.7002760171890259,0.7366540658950618,0.7749959230422974
NAVITOCLAX,1,NCIH2227,0.46091151237487793,0.14769778530056915,0.1780177354812622
NAVITOCLAX,1,NCIH2228,1.9877970218658447,1.7087943478774474,1.760377287864685
NAVITOCLAX,1,NCIH23,1.9687241315841675,2.2116084913601055,2.2700400352478027
NAVITOCLAX,1,NCIH292,1.7893290519714355,2.196637303000326,2.2548649311065674
NAVITOCLAX,1,NCIH526,-0.9932649731636047,0.3073163292660532,0.3398103713989258
NAVITOCLAX,1,OCIAML3,1.901515007019043,-0.6420496889673967,-0.6224865317344666
NAVITOCLAX,1,P31FUJ,0.4067144989967346,1.0453485901805104,1.0878950357437134
NAVITOCLAX,1,PF382,-0.1580670028924942,-1.5911988391327272,-1.5845636129379272
NAVITOCLAX,1,RS411,-3.1500325202941895,-1.3342452254203563,-1.3241101503372192
NAVITOCLAX,1,SW1271,2.7747154235839844,2.2080729773341847,2.266456365585327
NAVITOCLAX,1,THP1,0.5032140016555786,-0.3336260145522728,-0.309861958026886
NAVITOCLAX,2,ALLSIL,-2.6583070755004883,-2.0740801272524245,-1.7274271249771118
NAVITOCLAX,2,EHEB,-1.0371379852294922,0.6627800996071781,0.7327710390090942
NAVITOCLAX,2,EPLC272H,2.1409859657287598,1.9085744979038612,1.8526313304901123
NAVITOCLAX,2,GDM1,-2.6339919567108154,-1.1452534661708762,-0.8924931287765503
NAVITOCLAX,2,HCC366,0.35435086488723755,2.2231417711237276,2.13539981842041
NAVITOCLAX,2,HCC78,3.0594000816345215,1.8337897203740112,1.7854063510894775
NAVITOCLAX,2,HCC827,2.110140562057495,1.964892372374812,1.9032561779022217
NAVITOCLAX,2,HL60,-2.1056950092315674,-0.18311686943452637,-0.027616411447525024
NAVITOCLAX,2,HT,2.158629894256592,-0.15145179147347299,0.0008477263618260622
NAVITOCLAX,2,JM1,-0.7840579748153687,1.0068211877219355,1.0420339107513428
NAVITOCLAX,2,JURLMK1,0.0752328634262085,0.9632484098052789,1.0028657913208008
NAVITOCLAX,2,KCL22,0.704039990901947,0.6721077077819313,0.741155743598938
NAVITOCLAX,2,KG1,-2.30017352104187,-0.5252592423814888,-0.33517250418663025
NAVITOCLAX,2,KMS11,1.989248514175415,1.0284949865508795,1.0615167617797852
NAVITOCLAX,2,L1236,-2.3862979412078857,0.28046589340267525,0.3891039788722992
NAVITOCLAX,2,LOUNH91,1.145208477973938,2.282395476318243,2.1886637210845947
NAVITOCLAX,2,MOLM13,-0.3415369987487793,0.4698614218171663,0.5593540072441101
NAVITOCLAX,2,MOLM16,0.32099398970603943,0.4907429123681295,0.5781246423721313
NAVITOCLAX,2,MOLP8,1.528199553489685,1.2500518058549646,1.2606769800186157
NAVITOCLAX,2,NB4,0.18463249504566193,-1.0979909412932587,-0.8500082492828369
NAVITOCLAX,2,NCIH1092,0.14270634949207306,-0.8404459933892062,-0.6184978485107422
NAVITOCLAX,2,NCIH1105,-2.5925049781799316,-0.8245620325564739,-0.6042195558547974
NAVITOCLAX,2,NCIH1155,-0.455051988363266,0.30920482231172153,0.4149377644062042
NAVITOCLAX,2,NCIH1568,3.742185115814209,2.3929889543620098,2.2880775928497314
NAVITOCLAX,2,NCIH1651,2.898348093032837,1.6469626459976596,1.6174651384353638
NAVITOCLAX,2,NCIH1793,4.378100872039795,2.3613289813011606,2.259618043899536
NAVITOCLAX,2,NCIH2291,2.22506046295166,1.9964317984066733,1.9316073656082153
NAVITOCLAX,2,NCIH2342,1.1329704523086548,2.112661281054325,2.0360875129699707
NAVITOCLAX,2,NCIH2347,2.242053508758545,1.846328202768611,1.7966773509979248
NAVITOCLAX,2,NCIH358,3.3064358234405518,2.4879272324366335,2.3734188079833984
NAVITOCLAX,2,NCIH441,3.1656603813171387,2.1311515243520596,2.052708625793457
NAVITOCLAX,2,NCIH596,1.3360910415649414,2.515237433714443,2.397968292236328
NAVITOCLAX,2,NCIH841,2.108186960220337,1.607683145876861,1.5821563005447388
NAVITOCLAX,2,OCILY19,-2.3240950107574463,0.07957970681007065,0.20852485299110413
NAVITOCLAX,2,OCIM1,-0.5007835030555725,0.5926770291888119,0.6697545051574707
NAVITOCLAX,2,SBC5,2.5430195331573486,1.158597323656574,1.1784673929214478
NAVITOCLAX,2,SIGM5,0.356891006231308,0.5432410108771047,0.6253158450126648
NAVITOCLAX,2,SKMM2,-2.7632415294647217,0.7006882943888754,0.7668471932411194
NAVITOCLAX,2,SUDHL10,1.8802729845046997,0.7568959658003228,0.8173729777336121
NAVITOCLAX,2,SUDHL5,2.789731025695801,0.32468838532567507,0.42885613441467285
NAVITOCLAX,2,SW1573,3.0785107612609863,1.5272038805310435,1.5098124742507935
NAVITOCLAX,3,697,-1.781980037689209,-1.674175421979887,-1.315434217453003
NAVITOCLAX,3,A3KAW,2.226543426513672,1.0687820841667746,1.1033645868301392
NAVITOCLAX,3,AMO1,3.3735454082489014,1.1520253999921972,1.1767703294754028
NAVITOCLAX,3,CALU6,0.6898720264434814,1.619757577968977,1.5892266035079956
NAVITOCLAX,3,CHAGOK1,2.5408945083618164,2.5394283717849784,2.400212049484253
NAVITOCLAX,3,COLO668,0.3629831373691559,0.015697046847969548,0.17473159730434418
NAVITOCLAX,3,CORL95,-1.5506930351257324,-0.657397790573055,-0.4188178777694702
NAVITOCLAX,3,DAUDI,1.959581971168518,0.13106452740752678,0.27646511793136597
NAVITOCLAX,3,EJM,1.125150442123413,0.06956290954088179,0.2222316712141037
NAVITOCLAX,3,HDLM2,-2.5409159660339355,0.6713732259751213,0.752920925617218
NAVITOCLAX,3,HEL,-0.11579199880361557,-0.5346703666258041,-0.31059420108795166
NAVITOCLAX,3,IALM,1.6249505281448364,1.2596631716021132,1.271687626838684
NAVITOCLAX,3,JEKO1,0.02106558158993721,0.2725234953798425,0.4012066721916199
NAVITOCLAX,3,JVM2,1.082252025604248,0.03079197141157833,0.18804262578487396
NAVITOCLAX,3,JVM3,-0.3088879883289337,0.4185920113391002,0.5300130248069763
NAVITOCLAX,3,KNS62,2.295171022415161,1.4887276143077828,1.4736815690994263
NAVITOCLAX,3,KU812,0.4398669898509979,0.13313573501779524,0.2782915532588959
NAVITOCLAX,3,LAMA84,-0.04683699831366539,0.03387683211566725,0.19076292216777802
NAVITOCLAX,3,LP1,1.408262014389038,0.9927130516326598,1.0362852811813354
NAVITOCLAX,3,MHHCALL2,2.171461582183838,-1.2765126182227031,-0.9647666215896606
NAVITOCLAX,3,MM1S,-0.6992924809455872,0.34762723735730416,0.46743476390838623
NAVITOCLAX,3,NCIH1437,3.3150064945220947,0.9624169468682277,1.009569525718689
NAVITOCLAX,3,NCIH1836,-1.1612850427627563,-0.7151006849184797,-0.46970152854919434
NAVITOCLAX,3,NCIH196,2.0641849040985107,0.7328795584287228,0.8071585297584534
NAVITOCLAX,3,NCIH2444,1.8396861553192139,2.080449576461213,1.9954746961593628
NAVITOCLAX,3,NCIH446,1.6401604413986206,-0.5641690133699717,-0.3366067409515381
NAVITOCLAX,3,NCIH650,4.106070041656494,2.3149499548259516,2.2022621631622314
NAVITOCLAX,3,NCIH810,2.5286624431610107,0.05083859792878262,0.20572017133235931
NAVITOCLAX,3,OCIAML2,-2.64837908744812,-0.22755103216310169,-0.03976977989077568
NAVITOCLAX,3,P12ICHIKAWA,-1.7882939577102661,-1.5389806699328137,-1.1962165832519531
NAVITOCLAX,3,RAJI,3.6066393852233887,0.06534837296862231,0.21851520240306854
NAVITOCLAX,3,RCHACV,0.3862999975681305,-1.0585024117901354,-0.7725205421447754
NAVITOCLAX,3,REH,-2.047804594039917,-2.3544153595679402,-1.9152843952178955
NAVITOCLAX,3,RERFLCKJ,2.367464542388916,1.7550921116049554,1.708567500114441
NAVITOCLAX,3,RPMI8226,-1.3481504917144775,0.4305327251453237,0.5405426025390625
NAVITOCLAX,3,RPMI8402,-0.8122159838676453,-1.453787441497747,-1.121091365814209
NAVITOCLAX,3,SKMES1,3.307007074356079,2.0012032840779255,1.925593614578247
NAVITOCLAX,3,SUDHL1,3.598475933074951,1.212151355459035,1.2297906875610352
NAVITOCLAX,3,SUDHL4,0.45387399196624756,-0.29581345644079204,-0.09996505081653595
NAVITOCLAX,3,SUDHL8,-0.888338029384613,-1.1515074573397963,-0.854534387588501
NAVITOCLAX,3,WSUDLCL2,-0.185916006565094,-0.17537721772512227,0.0062382095493376255
NAVITOCLAX,4,ABC1,2.4376180171966553,1.4578981413698564,1.4060980081558228
NAVITOCLAX,4,BEN,-0.4416349232196808,0.8351753298826005,0.8415879011154175
NAVITOCLAX,4,CALU3,0.33936598896980286,2.0477576224034015,1.940816879272461
NAVITOCLAX,4,CMLT1,-1.3352710008621216,-1.2236992319943112,-1.024821162223816
NAVITOCLAX,4,CORL88,-0.8531579971313477,-0.18747128219434445,-0.08546075969934464
NAVITOCLAX,4,DB,-0.9773774743080139,0.5714713224167445,0.6025351881980896
NAVITOCLAX,4,DMS273,2.5496275424957275,0.027743706823879555,0.10963573306798935
NAVITOCLAX,4,DMS79,-1.3107019662857056,-0.7304234126363258,-0.5776572227478027
NAVITOCLAX,4,EM2,-1.7942994832992554,-0.9781294492649849,-0.8022074699401855
NAVITOCLAX,4,HCC15,-0.5703726410865784,2.198427892653152,2.077402353286743
NAVITOCLAX,4,K562,2.3642280101776123,1.1675306738390177,1.1428743600845337
NAVITOCLAX,4,KARPAS422,0.30656200647354126,0.3762763331415078,0.4255872070789337
NAVITOCLAX,4,KOPN8,-1.1647100448608398,-1.1777940353220586,-0.9832072257995605
NAVITOCLAX,4,LU65,3.966174602508545,1.552413009795536,1.4917775392532349
NAVITOCLAX,4,MEG01,0.007258316036313772,-0.2332271498534509,-0.1269393265247345
NAVITOCLAX,4,MOLT16,-1.7866405248641968,-0.7506435916651402,-0.5959872007369995
NAVITOCLAX,4,MONOMAC6,1.1652050018310547,0.17343882814651018,0.24171113967895508
NAVITOCLAX,4,NAMALWA,2.4797544479370117,1.1267444648884837,1.1059008836746216
NAVITOCLAX,4,NCIH146,-2.9857735633850098,-0.13022322414328147,-0.03356430307030678
NAVITOCLAX,4,NCIH1623,2.378549098968506,1.724238966014073,1.6475410461425781
NAVITOCLAX,4,NCIH1650,1.3836499452590942,2.063017405412719,1.9546501636505127
NAVITOCLAX,4,NCIH2009,2.9240028858184814,2.1981922406379097,2.077188730239868
NAVITOCLAX,4,NCIH2087,1.8118809461593628,2.0300758311258225,1.924787998199463
NAVITOCLAX,4,NCIH209,-1.877692461013794,-0.42897204862351884,-0.30438581109046936
NAVITOCLAX,4,NCIH2110,6.159334182739258,2.6079253440231933,2.4486196041107178
NAVITOCLAX,4,NCIH2170,-0.038617439568042755,0.7651924017032341,0.7781470417976379
NAVITOCLAX,4,NCIH2405,2.3944449424743652,2.171180628390811,2.0527021884918213
NAVITOCLAX,4,NCIH460,3.342432975769043,2.2095458810910085,2.0874810218811035
NAVITOCLAX,4,NCIH522,3.006845474243164,1.3142556138648356,1.2758833169937134
NAVITOCLAX,4,NCIH647,2.5474627017974854,1.854726798378075,1.7658307552337646
NAVITOCLAX,4,NCIH727,3.9912824630737305,1.509230435513667,1.4526317119598389
NAVITOCLAX,4,NCIH82,1.641337513923645,0.09477691646215258,0.1704026162624359
NAVITOCLAX,4,NCIH929,2.254686117172241,1.0697400845987874,1.0542253255844116
NAVITOCLAX,4,NOMO1,0.949921190738678,-0.6731682575737129,-0.5257543325424194
NAVITOCLAX,4,NUDUL1,0.3401404917240143,0.631260657158892,0.656735360622406
NAVITOCLAX,4,PL21,1.610079050064087,-1.2501866763101859,-1.0488325357437134
NAVITOCLAX,4,RL,-0.2243890017271042,0.8710252077236761,0.8740864992141724
NAVITOCLAX,4,SKLU1,1.3233890533447266,2.024189264825439,1.9194517135620117
NAVITOCLAX,4,SUDHL6,-1.115159511566162,0.5641635456505539,0.5959105491638184
NAVITOCLAX,4,SUPT1,0.46744048595428467,-1.0837803219354898,-0.8979820013046265
NAVITOCLAX,5,A4FUK,2.7260875701904297,1.1973303147263974,1.1690829992294312
NAVITOCLAX,5,CA46,3.2268614768981934,0.41579074682715167,0.4465457797050476
NAVITOCLAX,5,CMK,-0.6631159782409668,1.8721248889047213,1.7929339408874512
NAVITOCLAX,5,CORL105,1.5234639644622803,2.6028216783440463,2.4684667587280273
NAVITOCLAX,5,CORL23,1.7016379833221436,1.436679359276177,1.3903623819351196
NAVITOCLAX,5,CORL311,-1.9186869859695435,0.626297165529351,0.6411600112915039
NAVITOCLAX,5,DMS53,-2.0697379112243652,0.693376303673717,0.7031750082969666
NAVITOCLAX,5,HARA,3.008707046508789,1.4749479786073934,1.4257419109344482
NAVITOCLAX,5,HCC44,2.153434991836548,1.794210916079176,1.7209020853042603
NAVITOCLAX,5,HH,0.5478410124778748,-0.09634959495546765,-0.026930514723062515
NAVITOCLAX,5,KMS12BM,-1.0749508142471313,0.812633563444923,0.8134289383888245
NAVITOCLAX,5,L540,0.6349520087242126,0.41591862695324205,0.4466640055179596
NAVITOCLAX,5,LCLC103H,2.7653872966766357,2.257178492466463,2.1489179134368896
NAVITOCLAX,5,LCLC97TM1,3.877685546875,1.926438128321193,1.843146800994873
NAVITOCLAX,5,LOUCY,-3.7334394454956055,-1.2398335631756725,-1.0840871334075928
NAVITOCLAX,5,ME1,-2.996201992034912,-0.8607186649603202,-0.7335935235023499
NAVITOCLAX,5,NCIH1048,-0.3216380476951599,0.9353643143546444,0.9268941283226013
NAVITOCLAX,5,NCIH1436,0.2534410059452057,-1.032931126852325,-0.8928048014640808
NAVITOCLAX,5,NCIH1781,2.858140468597412,2.071319251502338,1.9770901203155518
NAVITOCLAX,5,NCIH1792,1.640181064605713,2.1512758248596677,2.0510103702545166
NAVITOCLAX,5,NCIH1876,-1.0367029905319214,0.21628082623752642,0.26209786534309387
NAVITOCLAX,5,NCIH1915,2.113208532333374,1.802745584761602,1.728792428970337
NAVITOCLAX,5,NCIH1944,1.6497119665145874,2.5438943099313374,2.4139881134033203
NAVITOCLAX,5,NCIH1975,2.83661150932312,2.8341656268636335,2.682345390319824
NAVITOCLAX,5,NCIH2029,1.6254860162734985,-0.027150296515421092,0.03704458102583885
NAVITOCLAX,5,NCIH2085,1.117376446723938,1.9190059300981295,1.8362756967544556
NAVITOCLAX,5,NCIH211,-1.1578949689865112,0.8617664166695682,0.8588525056838989
NAVITOCLAX,5,NCIH2172,3.2399868965148926,1.6219199273439253,1.5616182088851929
NAVITOCLAX,5,NCIH524,-0.8798530101776123,1.063923523564819,1.0457477569580078
NAVITOCLAX,5,NCIH661,1.584867238998413,1.9053230467302638,1.8236258029937744
NAVITOCLAX,5,NCIH69,-1.115887999534607,-0.7914271716222101,-0.6695331931114197
NAVITOCLAX,5,NCIH838,2.5018534660339355,3.0188793301013286,2.853114128112793
NAVITOCLAX,5,OCIAML5,-1.2245509624481201,1.38651721126301,1.343987226486206
NAVITOCLAX,5,OPM2,1.0994269847869873,0.9484828102136647,0.9390222430229187
NAVITOCLAX,5,RERFLCMS,2.3493669033050537,2.322889858049696,2.2096683979034424
NAVITOCLAX,5,SHP77,1.3253437280654907,1.2368888889670244,1.2056550979614258
NAVITOCLAX,5,SKM1,0.04906483739614487,-0.1640213552962113,-0.08949339389801025
NAVITOCLAX,5,ST486,-0.38733649253845215,0.07892567574044806,0.13511234521865845
NAVITOCLAX,5,SUPB15,-3.7644619941711426,-2.154742592973575,-1.9299250841140747
NAVITOCLAX,5,SUPM2,1.1739239692687988,1.25104731748742,1.2187446355819702
NU7441,1,BL41,1.7612639665603638,1.8721912850390754,1.8557512760162354
NU7441,1,BV173,1.0015934705734253,1.7807300563578004,1.762507438659668
NU7441,1,CALU6,4.179656982421875,2.9373396154581726,2.941659688949585
NU7441,1,CMLT1,1.869089961051941,2.0492597448195937,2.0362708568573
NU7441,1,CORL105,3.9055099487304688,2.8268327826269815,2.8289990425109863
NU7441,1,CORL311,2.5652740001678467,2.764126347038305,2.7650704383850098
NU7441,1,CORL88,4.13262414932251,3.278156772863479,3.2891194820404053
NU7441,1,DAUDI,2.5639495849609375,1.8247239052365107,1.807358741760254
NU7441,1,DMS79,4.009806156158447,2.904470045781368,2.908149480819702
NU7441,1,DND41,1.5898840427398682,1.9471282772170742,1.932148814201355
NU7441,1,EBC1,2.0874340534210205,2.848470029522346,2.851058006286621
NU7441,1,EJM,2.7227935791015625,2.222597193197757,2.212986707687378
NU7441,1,HCC15,2.6898465156555176,2.723771134640053,2.723928689956665
NU7441,1,HH,1.4877874851226807,2.1467786636321957,2.135690450668335
NU7441,1,KU812,2.325969934463501,1.6651952214487216,1.6447207927703857
NU7441,1,L363,1.9154164791107178,2.216542309393171,2.2068138122558594
NU7441,1,LU65,3.766650915145874,2.090084549225864,2.0778913497924805
NU7441,1,MOLM16,0.35888200998306274,2.159994357837941,2.1491637229919434
NU7441,1,MONOMAC6,1.3306939601898193,2.4077509141800806,2.4017491340637207
NU7441,1,NCIH1155,2.071716547012329,2.6825033983298048,2.681856632232666
NU7441,1,NCIH1437,1.930956482887268,2.830032696693574,2.832261323928833
NU7441,1,NCIH1836,4.609011650085449,3.4943938365518674,3.509571075439453
NU7441,1,NCIH1915,2.9013195037841797,2.7829013745182616,2.7842113971710205
NU7441,1,NCIH1944,3.3654894828796387,3.1737083317453005,3.1826353073120117
NU7441,1,NCIH1975,3.0290074348449707,3.131912772147155,3.1400251388549805
NU7441,1,NCIH2030,1.440248966217041,3.1749550424000548,3.183906316757202
NU7441,1,NCIH2081,3.106006383895874,2.943232200032895,2.947667121887207
NU7441,1,NCIH2110,2.145813465118408,3.173210442609309,3.1821277141571045
NU7441,1,NCIH2347,2.9182775020599365,3.1846226041627435,3.1937623023986816
NU7441,1,NCIH460,1.8970584869384766,2.753879512664131,2.7546238899230957
NU7441,1,NCIH650,2.705878973007202,2.8153294154544595,2.8172714710235596
NU7441,1,NCIH838,1.0867325067520142,2.846173986526965,2.848717212677002
NU7441,1,NOMO1,1.6313749551773071,1.5317124069363577,1.5086363554000854
NU7441,1,OCIAML2,1.5375454425811768,1.7399471129920854,1.7209296226501465
NU7441,1,P12ICHIKAWA,2.3807220458984375,1.9857551431336222,1.9715285301208496
NU7441,1,RAJI,2.5949015617370605,2.0456884601809224,2.03262996673584
NU7441,1,RL,2.3349664211273193,1.6872209107371734,1.6671757698059082
NU7441,1,RS411,1.7217764854431152,1.5009209222113722,1.4772447347640991
NU7441,1,SUDHL6,0.16016599535942078,1.3319107127377763,1.3049404621124268
NU7441,1,SUDHL8,3.0326454639434814,1.7234599433878484,1.7041211128234863
NU7441,1,SW1271,4.180822849273682,2.883405991122882,2.8866748809814453
NU7441,2,A549,1.3714874982833862,2.617255617809463,2.694699287414551
NU7441,2,AMO1,2.806243419647217,2.2221394473831504,2.2091288566589355
NU7441,2,DMS273,2.1391544342041016,2.634548243299095,2.7159507274627686
NU7441,2,DMS53,4.705128192901611,2.9534930514603905,3.1079118251800537
NU7441,2,EHEB,1.9962819814682007,2.2169137317811005,2.202706813812256
NU7441,2,GRANTA519,2.9339535236358643,1.7510542617876388,1.6301977634429932
NU7441,2,HEL,2.1187140941619873,1.9671725034113503,1.8957921266555786
NU7441,2,IALM,2.3322179317474365,2.5596604173580744,2.6239187717437744
NU7441,2,JEKO1,0.5403105020523071,1.861973548128605,1.7665098905563354
NU7441,2,JVM3,1.5033705234527588,2.287201119866782,2.2890851497650146
NU7441,2,K562,2.8268070220947266,2.7133594300442536,2.8128042221069336
NU7441,2,KARPAS422,0.809551477432251,1.7419318610532388,1.618986964225769
NU7441,2,KG1,1.9045809507369995,2.2753928184918797,2.274573564529419
NU7441,2,KMH2,1.9686299562454224,2.308955857728227,2.3158202171325684
NU7441,2,KMS12BM,1.7054510116577148,2.099659700908803,2.0586097240448
NU7441,2,L540,1.4941425323486328,2.3914735078152765,2.4172286987304688
NU7441,2,LP1,2.6621034145355225,1.71878736919286,1.5905439853668213
NU7441,2,NB4,0.9862210154533386,1.991674447457189,1.9259033203125
NU7441,2,NCIH1048,3.026608467102051,2.466325054842665,2.509216070175171
NU7441,2,NCIH1092,3.980699062347412,3.08023683131822,3.2636711597442627
NU7441,2,NCIH1105,3.290550947189331,2.9449539264149407,3.0974178314208984
NU7441,2,NCIH1341,2.2540009021759033,2.7693511801150756,2.8816142082214355
NU7441,2,NCIH1436,3.7961626052856445,3.1726237039472904,3.3772082328796387
NU7441,2,NCIH1623,3.5969009399414062,2.9172236440680956,3.0633392333984375
NU7441,2,NCIH1648,2.3127501010894775,3.071969701122565,3.253511428833008
NU7441,2,NCIH1792,2.3497846126556396,2.959873872152083,3.115753412246704
NU7441,2,NCIH1876,2.023871421813965,3.032553340478828,3.205071449279785
NU7441,2,NCIH2066,4.438878059387207,2.8810871300225265,3.018929958343506
NU7441,2,NCIH2085,3.0090620517730713,2.7954316449136645,2.913665294647217
NU7441,2,NCIH2087,3.602945566177368,2.702617573526214,2.799603223800659
NU7441,2,NCIH209,2.8270366191864014,2.8649323431877067,2.9990768432617188
NU7441,2,NCIH441,5.548456192016602,2.989252031998327,3.1518571376800537
NU7441,2,NCIH526,1.7165509462356567,2.8804055908589534,3.018092393875122
NU7441,2,NCIH727,3.9430015087127686,2.995661953422879,3.1597344875335693
NU7441,2,NCIH810,3.2755095958709717,3.106136677568193,3.2955002784729004
NU7441,2,PF382,1.8015520572662354,1.9276712656301058,1.847247838973999
NU7441,2,REH,2.1319704055786133,1.8195770784351541,1.7144075632095337
NU7441,2,RERFLCKJ,1.5488770008087158,2.702872495946065,2.7999165058135986
NU7441,2,SUPB15,1.5872869491577148,1.582155160309322,1.4226324558258057
NU7441,2,SUPM2,1.6553239822387695,2.3152567484069984,2.323563575744629
NU7441,2,SW1573,4.547251224517822,2.617996910477841,2.695610284805298
NU7441,3,697,0.9831969738006592,2.0994254507935617,2.086085081100464
NU7441,3,A3KAW,1.9094635248184204,2.531207577053441,2.534548759460449
NU7441,3,ABC1,3.6768910884857178,3.1931924115875323,3.222108840942383
NU7441,3,ALLSIL,2.5370395183563232,2.0652146815854815,2.0505526065826416
NU7441,3,CHAGOK1,3.1114249229431152,3.2083236653543845,3.2378246784210205
NU7441,3,COLO668,4.031672954559326,2.8898692744044565,2.907067060470581
NU7441,3,DMS114,2.8255081176757812,2.973123192360723,2.993537425994873
NU7441,3,DOHH2,1.6632615327835083,1.693864373053488,1.6648554801940918
NU7441,3,GA10,1.4746885299682617,1.4931117945184669,1.4563469886779785
NU7441,3,HARA,2.9625284671783447,2.512821991556494,2.5154528617858887
NU7441,3,HCC366,2.1146085262298584,2.4605651414454432,2.461177110671997
NU7441,3,HCC827,2.434868574142456,3.3338168671734585,3.368166208267212
NU7441,3,JM1,2.2543039321899414,1.9576656404261552,1.9388484954833984
NU7441,3,JVM2,1.591372013092041,1.8906744286665662,1.8692691326141357
NU7441,3,KNS62,2.969420909881592,2.6412153293054557,2.648806571960449
NU7441,3,KOPN8,1.6441915035247803,1.8478789449178858,1.8248202800750732
NU7441,3,L1236,2.5949389934539795,2.0538069599477025,2.0387041568756104
NU7441,3,LCLC97TM1,1.89833402633667,3.0628830191760112,3.0867650508880615
NU7441,3,LOUCY,2.243102550506592,2.197042547890956,2.1874735355377197
NU7441,3,ME1,3.36159610748291,1.6349830514581358,1.6036993265151978
NU7441,3,MEG01,2.877150058746338,2.347064095811995,2.3432910442352295
NU7441,3,NALM6,1.8641270399093628,1.8546610025440162,1.831864356994629
NU7441,3,NCIH1650,2.9466099739074707,3.026954067489285,3.049448013305664
NU7441,3,NCIH196,3.074589967727661,3.044027085529599,3.067180633544922
NU7441,3,NCIH2342,4.483598232269287,3.1395396673345117,3.1663832664489746
NU7441,3,NCIH2444,3.4293875694274902,2.927671584435635,2.9463298320770264
NU7441,3,NCIH292,1.2804889678955078,2.6464708787842257,2.6542651653289795
NU7441,3,NCIH358,3.5063436031341553,3.304961960836689,3.3381965160369873
NU7441,3,NCIH522,3.574968099594116,2.7065374823072315,2.7166523933410645
NU7441,3,NCIH524,3.554234504699707,3.097832710147453,3.1230649948120117
NU7441,3,NCIH82,2.0664620399475098,2.6822985988780217,2.691477060317993
NU7441,3,OCIAML5,2.0808990001678467,2.4032226089276603,2.4016191959381104
NU7441,3,PL21,0.9025704860687256,1.68834989106491,1.659127950668335
NU7441,3,RERFLCMS,2.708362102508545,2.782892960738012,2.7959578037261963
NU7441,3,SIGM5,2.507370948791504,1.9675086338253653,1.9490717649459839
NU7441,3,SKM1,0.6480265259742737,1.9966883535498816,1.9793788194656372
NU7441,3,ST486,1.8671884536743164,2.3581389698086204,2.3547937870025635
NU7441,3,SUDHL1,2.1815619468688965,1.9283991507648415,1.9084513187408447
NU7441,3,SUDHL10,0.8315684795379639,2.017664526670443,2.0011653900146484
NU7441,3,SUDHL5,0.7975710034370422,1.9682891041563466,1.9498823881149292
NU7441,3,SUPT1,2.179625988006592,2.0526091675397433,2.0374600887298584
NU7441,4,CA46,2.594860553741455,1.6722599556921136,1.64036226272583
NU7441,4,CAL12T,1.5460660457611084,2.746077274743395,2.771221876144409
NU7441,4,CMK,1.9083009958267212,2.689316403601081,2.7114458084106445
NU7441,4,CORL23,3.394399404525757,2.5141704290651714,2.526995897293091
NU7441,4,CORL279,2.4109630584716797,3.0338996424166975,3.074333667755127
NU7441,4,EM2,2.097088098526001,1.644738226418616,1.61137855052948
NU7441,4,HCC44,0.603725016117096,3.030507378993517,3.070761203765869
NU7441,4,HDLM2,3.318264961242676,2.1481005158481494,2.141479969024658
NU7441,4,HL60,0.4357934892177582,1.8331398143970212,1.8097882270812988
NU7441,4,JURKAT,2.112438917160034,2.339836523996624,2.3434011936187744
NU7441,4,KCL22,1.4212629795074463,2.2078248632457647,2.2043769359588623
NU7441,4,KMS11,1.7863855361938477,2.115475789131365,2.1071221828460693
NU7441,4,L428,2.2795679569244385,2.1162833307511253,2.1079726219177246
NU7441,4,LCLC103H,3.2925150394439697,2.645370246741049,2.6651651859283447
NU7441,4,LXF289,1.9432655572891235,2.918903632952962,2.9532289505004883
NU7441,4,MM1S,1.9652074575424194,1.9018499017525559,1.882148265838623
NU7441,4,MOLP8,1.5975769758224487,2.5302134986874534,2.543891191482544
NU7441,4,NCIH1435,2.0859274864196777,2.6062912996604464,2.6240103244781494
NU7441,4,NCIH1781,3.809544563293457,3.4001837228252794,3.4600751399993896
NU7441,4,NCIH1793,3.0772545337677,3.2119948304879626,3.2618894577026367
NU7441,4,NCIH1963,3.9330430030822754,2.7927168217492873,2.8203389644622803
NU7441,4,NCIH2029,3.25107741355896,3.2030702164726663,3.252490758895874
NU7441,4,NCIH2170,2.6050424575805664,2.4989326371388487,2.510948657989502
NU7441,4,NCIH2171,1.5661369562149048,3.2291734842887467,3.2799806594848633
NU7441,4,NCIH2172,3.644995927810669,2.7610653558744844,2.787006139755249
NU7441,4,NCIH2196,4.65888786315918,3.378233849614222,3.4369592666625977
NU7441,4,NCIH2227,2.8166449069976807,2.9921474541120614,3.0303635597229004
NU7441,4,NCIH2228,3.640510082244873,2.8195531480920804,2.8486008644104004
NU7441,4,NCIH23,2.9281868934631348,2.7699091478100915,2.7963197231292725
NU7441,4,NCIH2405,5.402293682098389,2.5526684532984785,2.5675389766693115
NU7441,4,NCIH647,1.9858180284500122,2.9743883302487415,3.0116610527038574
NU7441,4,NCIH661,2.8768460750579834,2.9699693773818794,3.007007360458374
NU7441,4,NCIH841,3.253398895263672,2.946808304937372,2.9826159477233887
NU7441,4,NCIH929,0.36955100297927856,2.214047031419997,2.2109296321868896
NU7441,4,OCILY19,2.3385109901428223,1.3970791121303285,1.3505635261535645
NU7441,4,OCIM1,1.72871994972229,1.819504993717884,1.7954291105270386
NU7441,4,RPMI8402,1.6757375001907349,2.128063658248803,2.1203787326812744
NU7441,4,SBC5,2.6883749961853027,2.754204987580795,2.7797813415527344
NU7441,4,SKMM2,3.0344960689544678,2.509739930186925,2.5223300457000732
NU7441,4,THP1,1.5823664665222168,1.9023795467257627,1.8827060461044312
NU7441,5,A4FUK,3.9079694747924805,1.8481846601493144,1.8535529375076294
NU7441,5,BEN,2.6498849391937256,3.4274079314860884,3.4662981033325195
NU7441,5,CALU3,4.063795566558838,3.008082876529803,3.038072109222412
NU7441,5,CORL95,3.7921650409698486,3.51427690965203,3.555011034011841
NU7441,5,DB,1.9581425189971924,1.9877789003600792,1.9961103200912476
NU7441,5,EPLC272H,1.3322454690933228,2.944418476695517,2.9730563163757324
NU7441,5,GDM1,1.5239310264587402,1.574323452983053,1.573878526687622
NU7441,5,HCC33,4.1110920906066895,2.9149907112177984,2.9430038928985596
NU7441,5,HCC78,3.346811056137085,2.860808407194487,2.88767147064209
NU7441,5,HT,1.8889260292053223,1.700488907005285,1.7027220726013184
NU7441,5,JURLMK1,2.2358078956604004,2.2697158228088083,2.284031867980957
NU7441,5,LAMA84,1.5731329917907715,1.9307804500676584,1.9379019737243652
NU7441,5,LOUNH91,3.2659859657287598,2.9828677156763175,3.012321710586548
NU7441,5,MHHCALL2,1.5469510555267334,1.6523161715716648,1.653526782989502
NU7441,5,MOLM13,1.914084553718567,1.9317036791181201,1.9388447999954224
NU7441,5,MOLT13,1.7539629936218262,1.8462903421532477,1.8516184091567993
NU7441,5,MOLT16,1.6366130113601685,1.7381692359145986,1.7412022352218628
NU7441,5,NAMALWA,1.862604022026062,1.5368317620994754,1.5355910062789917
NU7441,5,NCIH146,2.35505747795105,3.598087757249759,3.6406009197235107
NU7441,5,NCIH1568,3.7581424713134766,2.9690441437185773,2.9982047080993652
NU7441,5,NCIH1651,3.5522971153259277,3.213148285982243,3.247490406036377
NU7441,5,NCIH2009,3.4096086025238037,2.67424259818675,2.697145462036133
NU7441,5,NCIH2023,3.1226348876953125,2.7725206749661724,2.7975096702575684
NU7441,5,NCIH211,3.102976083755493,3.111612467852425,3.143799304962158
NU7441,5,NCIH2122,2.9403750896453857,3.0682028425686383,3.099468231201172
NU7441,5,NCIH2291,3.051208972930908,3.4988882023916488,3.5392956733703613
NU7441,5,NCIH446,2.275317430496216,2.572909425856856,2.593661308288574
NU7441,5,NCIH596,3.1005361080169678,2.9074781084577013,2.9353318214416504
NU7441,5,NCIH69,3.236232042312622,3.434174620270658,3.473208427429199
NU7441,5,NUDUL1,0.6441100239753723,2.09639179620419,2.1070287227630615
NU7441,5,OCIAML3,1.2755279541015625,1.9127504602526184,1.9194892644882202
NU7441,5,OPM2,1.7135200500488281,1.6933141250660293,1.6953949928283691
NU7441,5,P31FUJ,2.587332010269165,1.77897948523484,1.7828787565231323
NU7441,5,RCHACV,0.9418320059776306,1.6242347866563467,1.6248493194580078
NU7441,5,RPMI8226,2.4051458835601807,2.3445108000131305,2.360414505004883
NU7441,5,SHP77,3.2009739875793457,2.6869495170787783,2.7101221084594727
NU7441,5,SKLU1,2.561424970626831,2.5000012958357,2.5192055702209473
NU7441,5,SKMES1,2.6658334732055664,2.7073119180276244,2.730916738510132
NU7441,5,SUDHL4,2.013944387435913,1.7852352404558904,1.7892673015594482
NU7441,5,WSUDLCL2,1.2290680408477783,1.3658957107996104,1.3610265254974365
NUTLIN-3A (-),1,A549,1.6861070394515991,4.050481249841306,4.031852722167969
NUTLIN-3A (-),1,ALLSIL,3.3851466178894043,2.969959652247897,2.9798130989074707
NUTLIN-3A (-),1,BL41,3.511749029159546,3.6623749304665076,3.6539766788482666
NUTLIN-3A (-),1,BV173,0.2830674946308136,1.0940967700445836,1.1533969640731812
NUTLIN-3A (-),1,DMS273,4.724742889404297,4.317318225667195,4.291656017303467
NUTLIN-3A (-),1,DMS53,5.222582817077637,4.669664961075503,4.6347150802612305
NUTLIN-3A (-),1,DND41,4.008326053619385,3.2406634224998063,3.2433812618255615
NUTLIN-3A (-),1,EBC1,4.720058441162109,4.31744996750756,4.291784286499023
NUTLIN-3A (-),1,EM2,4.061418056488037,3.4907226586706313,3.486849069595337
NUTLIN-3A (-),1,GDM1,1.2768820524215698,3.069732302599606,3.076955795288086
NUTLIN-3A (-),1,HCC33,5.321680068969727,4.634583921048881,4.600558757781982
NUTLIN-3A (-),1,HCC44,4.3554511070251465,4.289779283564798,4.264842987060547
NUTLIN-3A (-),1,HCC827,4.587244987487793,4.608710607195851,4.575367450714111
NUTLIN-3A (-),1,KCL22,3.8882083892822266,3.598348885795901,3.5916383266448975
NUTLIN-3A (-),1,KMS11,3.9431440830230713,3.7514777161152257,3.7407307624816895
NUTLIN-3A (-),1,LXF289,4.292276382446289,4.4620158230764915,4.432539463043213
NUTLIN-3A (-),1,ME1,4.6690993309021,3.2072614787545617,3.210859775543213
NUTLIN-3A (-),1,MOLM13,0.8783599734306335,3.2892798346940046,3.2907161712646484
NUTLIN-3A (-),1,MOLT13,2.9342753887176514,2.6287953013787964,2.647641658782959
NUTLIN-3A (-),1,NALM6,0.6962040066719055,1.4988855733571569,1.5475157499313354
NUTLIN-3A (-),1,NCIH1648,3.946969509124756,4.925606054133983,4.883909702301025
NUTLIN-3A (-),1,NCIH1650,3.9575860500335693,4.748980895174304,4.711940288543701
NUTLIN-3A (-),1,NCIH1915,4.747992038726807,4.5877670828041985,4.554975986480713
NUTLIN-3A (-),1,NCIH1975,5.1270222663879395,5.033281745667717,4.9887471199035645
NUTLIN-3A (-),1,NCIH2029,5.137491226196289,4.920603782173075,4.879039287567139
NUTLIN-3A (-),1,NCIH2081,4.993232727050781,4.790026559267101,4.751904010772705
NUTLIN-3A (-),1,NCIH211,3.742098569869995,4.791296961995377,4.753140926361084
NUTLIN-3A (-),1,NCIH2196,5.876129150390625,4.821168567241481,4.782225131988525
NUTLIN-3A (-),1,NCIH2444,5.863656520843506,4.962488871969905,4.919820308685303
NUTLIN-3A (-),1,NCIH292,1.7120524644851685,4.672679351512098,4.637650012969971
NUTLIN-3A (-),1,NCIH522,4.521843433380127,4.527971959170433,4.4967570304870605
NUTLIN-3A (-),1,NCIH524,3.3821964263916016,5.2282518334615204,5.178577899932861
NUTLIN-3A (-),1,NCIH647,4.745840072631836,4.86828121244371,4.82809591293335
NUTLIN-3A (-),1,NCIH838,4.802493572235107,4.6483193547100985,4.613932132720947
NUTLIN-3A (-),1,NOMO1,3.8660778999328613,3.5082974609472335,3.503960609436035
NUTLIN-3A (-),1,NUDUL1,2.4308974742889404,3.3062782052006843,3.3072664737701416
NUTLIN-3A (-),1,PF382,3.5392699241638184,3.3044710401785817,3.305506944656372
NUTLIN-3A (-),1,ST486,3.803184986114502,1.9961212746659207,2.031644582748413
NUTLIN-3A (-),1,SUDHL5,0.7758225202560425,2.4938769644468297,2.516279697418213
NUTLIN-3A (-),1,SUDHL8,4.314573764801025,2.168079393225023,2.1990699768066406
NUTLIN-3A (-),1,SW1271,6.044585227966309,4.465795687477735,4.436219692230225
NUTLIN-3A (-),2,A3KAW,0.8924974799156189,3.375725361702899,3.372042417526245
NUTLIN-3A (-),2,CORL23,3.7384910583496094,4.439397300451358,4.398161888122559
NUTLIN-3A (-),2,DMS79,5.007762432098389,4.675324312927939,4.625759601593018
NUTLIN-3A (-),2,HARA,3.867570400238037,4.388223687657705,4.348794937133789
NUTLIN-3A (-),2,HCC78,4.564342975616455,4.6948511512686455,4.644597053527832
NUTLIN-3A (-),2,HEL,3.9703919887542725,3.6432776471144472,3.6301488876342773
NUTLIN-3A (-),2,HL60,3.189054489135742,2.9071010130367423,2.9199626445770264
NUTLIN-3A (-),2,JM1,1.920333981513977,3.2640931875062766,3.2643513679504395
NUTLIN-3A (-),2,JURKAT,3.5106256008148193,3.4255574774896758,3.4201152324676514
NUTLIN-3A (-),2,JVM3,0.2420254945755005,3.1483497747854465,3.1526942253112793
NUTLIN-3A (-),2,K562,4.460346698760986,3.975219811705013,3.9503719806671143
NUTLIN-3A (-),2,KARPAS422,4.692560195922852,3.0165570853274044,3.0255544185638428
NUTLIN-3A (-),2,KOPN8,1.6607675552368164,1.1217166596424093,1.1976104974746704
NUTLIN-3A (-),2,LCLC97TM1,5.046185493469238,4.058449716368784,4.03066349029541
NUTLIN-3A (-),2,LOUCY,2.925230026245117,3.360716560720837,3.3575634956359863
NUTLIN-3A (-),2,MOLM16,3.9316415786743164,3.4750411203988367,3.4678518772125244
NUTLIN-3A (-),2,MOLT16,0.005297000054270029,2.167776507297911,2.206739664077759
NUTLIN-3A (-),2,MONOMAC6,4.314247131347656,3.9505007274878374,3.926525592803955
NUTLIN-3A (-),2,NB4,3.904665470123291,2.072207449896051,2.114544630050659
NUTLIN-3A (-),2,NCIH1435,4.898723602294922,4.196977818120198,4.164300918579102
NUTLIN-3A (-),2,NCIH1436,4.787761688232422,5.0003002328367,4.939262390136719
NUTLIN-3A (-),2,NCIH1568,5.751007080078125,3.8756737149084106,3.8543403148651123
NUTLIN-3A (-),2,NCIH1781,5.041545867919922,4.567162780306036,4.521416664123535
NUTLIN-3A (-),2,NCIH1792,4.52594518661499,4.947641285295196,4.888462543487549
NUTLIN-3A (-),2,NCIH1793,5.01809549331665,4.933618835557505,4.874935150146484
NUTLIN-3A (-),2,NCIH1876,4.823702812194824,4.724724915491796,4.6734161376953125
NUTLIN-3A (-),2,NCIH2085,4.0917277336120605,4.909429380685527,4.85159969329834
NUTLIN-3A (-),2,NCIH2087,3.928614616394043,3.8579754941715887,3.8372669219970703
NUTLIN-3A (-),2,NCIH2227,5.650783538818359,4.709448951970229,4.658679485321045
NUTLIN-3A (-),2,NCIH2228,5.1772379875183105,4.429235732482539,4.388359069824219
NUTLIN-3A (-),2,NCIH650,5.355279445648193,4.586884368027992,4.540441989898682
NUTLIN-3A (-),2,NCIH661,3.8634815216064453,4.733577115158768,4.681955814361572
NUTLIN-3A (-),2,NCIH810,4.92745304107666,4.937321545240081,4.878507137298584
NUTLIN-3A (-),2,OCILY19,0.035251498222351074,2.4537180277482764,2.482586145401001
NUTLIN-3A (-),2,OCIM1,3.833897590637207,3.7926237309927986,3.7742223739624023
NUTLIN-3A (-),2,RERFLCKJ,4.456696510314941,4.829267767351967,4.77426815032959
NUTLIN-3A (-),2,SBC5,4.13397741317749,4.217411180230473,4.1840128898620605
NUTLIN-3A (-),2,SIGM5,3.3479130268096924,3.4107414487377836,3.405822277069092
NUTLIN-3A (-),2,SUDHL6,2.9289820194244385,3.428386039251597,3.4228439331054688
NUTLIN-3A (-),2,SW1573,4.107854843139648,4.38973077106742,4.35024881362915
NUTLIN-3A (-),2,WSUDLCL2,3.684530019760132,3.534235046543112,3.524955987930298
NUTLIN-3A (-),3,697,0.5054064989089966,1.880567158814418,1.8824501037597656
NUTLIN-3A (-),3,A4FUK,3.567193031311035,1.7727177262595009,1.7751134634017944
NUTLIN-3A (-),3,CAL12T,3.9083385467529297,3.870091149847624,3.8625144958496094
NUTLIN-3A (-),3,COLO668,5.021295070648193,4.519023475102368,4.508361339569092
NUTLIN-3A (-),3,CORL105,3.1813204288482666,4.336015838525487,4.326223850250244
NUTLIN-3A (-),3,CORL311,5.337561130523682,4.23412432337964,4.224816799163818
NUTLIN-3A (-),3,CORL95,5.280206203460693,4.605712664650434,4.594638347625732
NUTLIN-3A (-),3,DAUDI,2.451792001724243,2.4795562750721403,2.478591203689575
NUTLIN-3A (-),3,EJM,4.380341053009033,2.765817551335508,2.76349139213562
NUTLIN-3A (-),3,HCC15,5.056120872497559,4.661539647977854,4.650199890136719
NUTLIN-3A (-),3,HCC366,5.344211101531982,4.295591450953423,4.285991668701172
NUTLIN-3A (-),3,HT,4.839818477630615,2.3636695650988755,2.363255500793457
NUTLIN-3A (-),3,IALM,4.744051456451416,4.555223503872174,4.544389247894287
NUTLIN-3A (-),3,JURLMK1,3.6165294647216797,3.743337627807442,3.736363649368286
NUTLIN-3A (-),3,JVM2,1.6130985021591187,3.590512812084119,3.5842654705047607
NUTLIN-3A (-),3,KG1,3.6511526107788086,3.9528578231754237,3.944887638092041
NUTLIN-3A (-),3,KNS62,4.933337211608887,4.4291151104615984,4.418880462646484
NUTLIN-3A (-),3,LOUNH91,5.506997585296631,4.252754718301472,4.243358612060547
NUTLIN-3A (-),3,MEG01,4.081717014312744,4.313645470278213,4.303959846496582
NUTLIN-3A (-),3,NCIH1048,4.48307991027832,4.07379320966891,4.065248012542725
NUTLIN-3A (-),3,NCIH1341,4.833114147186279,3.867605979255891,3.8600411415100098
NUTLIN-3A (-),3,NCIH1437,3.7866430282592773,4.000865167168417,3.992666721343994
NUTLIN-3A (-),3,NCIH1623,5.329571723937988,4.866570294275114,4.854255676269531
NUTLIN-3A (-),3,NCIH2122,2.8311829566955566,4.247049893501825,4.237680912017822
NUTLIN-3A (-),3,NCIH358,4.02947998046875,4.712755626528941,4.701172351837158
NUTLIN-3A (-),3,NCIH446,5.0275492668151855,4.325644910700413,4.315902233123779
NUTLIN-3A (-),3,NCIH727,5.64237642288208,4.715928327446323,4.704329967498779
NUTLIN-3A (-),3,OCIAML3,1.1853975057601929,3.3711494342943404,3.3659451007843018
NUTLIN-3A (-),3,OPM2,4.0415449142456055,2.3082550999668436,2.3081045150756836
NUTLIN-3A (-),3,P31FUJ,3.7372825145721436,3.19040417973677,3.1860592365264893
NUTLIN-3A (-),3,PL21,3.4625134468078613,3.4171574305180448,3.4117343425750732
NUTLIN-3A (-),3,RAJI,4.160658836364746,3.2186691024066563,3.2141897678375244
NUTLIN-3A (-),3,RCHACV,0.5827400088310242,1.9895314924618672,1.9908963441848755
NUTLIN-3A (-),3,REH,1.773471474647522,2.9610445422157556,2.9577901363372803
NUTLIN-3A (-),3,RERFLCMS,4.134206295013428,4.498157528612959,4.4875946044921875
NUTLIN-3A (-),3,RL,4.731052398681641,2.291573266602093,2.291501998901367
NUTLIN-3A (-),3,RPMI8226,3.9001336097717285,4.007999192638034,3.9997668266296387
NUTLIN-3A (-),3,RS411,0.5840805172920227,1.7524559440492846,1.7549480199813843
NUTLIN-3A (-),3,SUDHL10,3.2240889072418213,2.802650251739473,2.8001489639282227
NUTLIN-3A (-),3,SUPT1,4.644179344177246,3.3377598953435257,3.332714319229126
NUTLIN-3A (-),3,THP1,4.710322380065918,4.019290979895787,4.01100492477417
NUTLIN-3A (-),4,AMO1,1.0484119653701782,3.22520241018362,3.2732691764831543
NUTLIN-3A (-),4,BEN,3.8209574222564697,4.997484742404865,4.910209655761719
NUTLIN-3A (-),4,CA46,4.780208110809326,3.104343424505182,3.16163969039917
NUTLIN-3A (-),4,CALU3,5.220479965209961,5.0091491647232305,4.92098331451416
NUTLIN-3A (-),4,CORL279,4.675802707672119,4.139217849199631,4.117485046386719
NUTLIN-3A (-),4,DMS114,4.795528888702393,4.57227178899007,4.517468452453613
NUTLIN-3A (-),4,EHEB,2.880023956298828,3.4769041131065617,3.505749464035034
NUTLIN-3A (-),4,GA10,4.277040004730225,2.976553105992967,3.0436081886291504
NUTLIN-3A (-),4,GRANTA519,1.9221374988555908,2.064490169641737,2.20119571685791
NUTLIN-3A (-),4,HH,4.672770023345947,3.1214998413629287,3.177485942840576
NUTLIN-3A (-),4,JEKO1,3.3357155323028564,2.066884850659872,2.2034075260162354
NUTLIN-3A (-),4,KMH2,3.1844229698181152,2.7975906456551547,2.878312349319458
NUTLIN-3A (-),4,KMS12BM,3.5530009269714355,3.4072608933878232,3.441424608230591
NUTLIN-3A (-),4,L428,4.6389360427856445,3.150885471103628,3.204627513885498
NUTLIN-3A (-),4,L540,1.0792690515518188,2.3307814350466214,2.4471514225006104
NUTLIN-3A (-),4,LP1,4.353950500488281,3.8050303944878587,3.8088181018829346
NUTLIN-3A (-),4,MOLP8,2.1637775897979736,3.324389752059263,3.364881992340088
NUTLIN-3A (-),4,NCIH1105,4.8259406089782715,4.499489696663752,4.450244426727295
NUTLIN-3A (-),4,NCIH146,4.193402290344238,4.87564279398879,4.797672271728516
NUTLIN-3A (-),4,NCIH1836,5.988602161407471,5.013185816848011,4.92471170425415
NUTLIN-3A (-),4,NCIH1944,2.819931983947754,4.604763250574059,4.547478675842285
NUTLIN-3A (-),4,NCIH2009,5.106454372406006,4.861971145239788,4.7850446701049805
NUTLIN-3A (-),4,NCIH2023,4.176649570465088,4.942703155211522,4.859611511230469
NUTLIN-3A (-),4,NCIH209,4.395960807800293,4.6172382041414215,4.5590009689331055
NUTLIN-3A (-),4,NCIH2110,3.928795576095581,4.601210335888966,4.544197082519531
NUTLIN-3A (-),4,NCIH2171,3.7314488887786865,4.561241336336526,4.507280349731445
NUTLIN-3A (-),4,NCIH2172,4.943519592285156,4.708472014538055,4.643267631530762
NUTLIN-3A (-),4,NCIH23,4.000420093536377,4.94631337497218,4.862946033477783
NUTLIN-3A (-),4,NCIH2342,5.566284656524658,5.032311256752683,4.942376613616943
NUTLIN-3A (-),4,NCIH2347,5.8975372314453125,4.370239905641401,4.330864906311035
NUTLIN-3A (-),4,NCIH441,5.559101581573486,3.9766193436385393,3.967303514480591
NUTLIN-3A (-),4,NCIH460,1.1723010540008545,4.199095458022812,4.172790050506592
NUTLIN-3A (-),4,NCIH69,5.507256507873535,5.00318066041135,4.915470600128174
NUTLIN-3A (-),4,NCIH82,4.378170490264893,4.572028113353429,4.517243385314941
NUTLIN-3A (-),4,NCIH841,4.800590991973877,4.5879042005949255,4.531907081604004
NUTLIN-3A (-),4,P12ICHIKAWA,3.4465320110321045,2.88825450286778,2.962052583694458
NUTLIN-3A (-),4,RPMI8402,3.3021080493927,2.2010631363118716,2.3273391723632812
NUTLIN-3A (-),4,SKM1,3.8044369220733643,3.6372455214570714,3.653846263885498
NUTLIN-3A (-),4,SUDHL1,4.976861000061035,2.5410750582536963,2.641385793685913
NUTLIN-3A (-),4,SUPB15,-0.21328699588775635,1.0520590712879418,1.2660797834396362
NUTLIN-3A (-),5,ABC1,3.981234073638916,4.473597687102739,4.450538158416748
NUTLIN-3A (-),5,CALU6,4.779769420623779,4.309559784528627,4.27819299697876
NUTLIN-3A (-),5,CHAGOK1,3.9926705360412598,4.525080047479992,4.504627704620361
NUTLIN-3A (-),5,CMK,3.3993780612945557,4.0957732400094855,4.053579807281494
NUTLIN-3A (-),5,CMLT1,1.6271934509277344,2.6688272073061565,2.5543699264526367
NUTLIN-3A (-),5,CORL88,5.322666168212891,4.895507598497744,4.893814563751221
NUTLIN-3A (-),5,DB,3.149282455444336,3.8313273975154076,3.7757418155670166
NUTLIN-3A (-),5,DOHH2,0.31648048758506775,3.4733871577396087,3.399674654006958
NUTLIN-3A (-),5,EPLC272H,5.048256874084473,4.32233483856797,4.291615009307861
NUTLIN-3A (-),5,HDLM2,4.455613613128662,3.660944857029435,3.5967307090759277
NUTLIN-3A (-),5,KU812,3.1381030082702637,3.7734107632602316,3.7148921489715576
NUTLIN-3A (-),5,L1236,4.183867454528809,4.2359316673711485,4.200836181640625
NUTLIN-3A (-),5,L363,3.7452099323272705,3.6499396027352393,3.5851681232452393
NUTLIN-3A (-),5,LAMA84,3.0180060863494873,3.826479112920577,3.7706480026245117
NUTLIN-3A (-),5,LCLC103H,3.929363489151001,3.8563460437396087,3.802027463912964
NUTLIN-3A (-),5,LU65,4.848196506500244,4.008273333055734,3.96164870262146
NUTLIN-3A (-),5,MHHCALL2,2.5323314666748047,2.205373862221678,2.067446231842041
NUTLIN-3A (-),5,MM1S,1.4574464559555054,3.2573165980345586,3.172661781311035
NUTLIN-3A (-),5,NAMALWA,3.990572929382324,3.758435883765129,3.6991589069366455
NUTLIN-3A (-),5,NCIH1092,5.184531211853027,4.75103212146924,4.742022514343262
NUTLIN-3A (-),5,NCIH1155,4.010498046875,4.694318197644797,4.682436466217041
NUTLIN-3A (-),5,NCIH1651,4.8800578117370605,4.528130847297119,4.507833003997803
NUTLIN-3A (-),5,NCIH196,3.888110399246216,4.465708360530126,4.442249298095703
NUTLIN-3A (-),5,NCIH1963,4.5777997970581055,4.489998572700998,4.467769622802734
NUTLIN-3A (-),5,NCIH2030,4.191578388214111,4.757834016271275,4.749168872833252
NUTLIN-3A (-),5,NCIH2066,5.58698034286499,4.502982852969989,4.481411457061768
NUTLIN-3A (-),5,NCIH2170,4.745299339294434,4.537934071940072,4.51813268661499
NUTLIN-3A (-),5,NCIH2291,6.232835292816162,4.979149981939793,4.981692790985107
NUTLIN-3A (-),5,NCIH2405,6.070629596710205,4.6488797975717215,4.634696960449219
NUTLIN-3A (-),5,NCIH526,4.552740097045898,4.378633033051074,4.350764274597168
NUTLIN-3A (-),5,NCIH596,5.851844310760498,4.814594686953969,4.808804035186768
NUTLIN-3A (-),5,NCIH929,1.0357069969177246,3.6296859590817028,3.5638887882232666
NUTLIN-3A (-),5,OCIAML2,1.0991250276565552,2.5607663982227904,2.4408366680145264
NUTLIN-3A (-),5,OCIAML5,0.573049008846283,3.847200452083121,3.7924187183380127
NUTLIN-3A (-),5,SHP77,3.0055348873138428,4.268394864235088,4.234943389892578
NUTLIN-3A (-),5,SKLU1,4.680829048156738,4.62965140782876,4.614494800567627
NUTLIN-3A (-),5,SKMES1,4.721282005310059,4.517476194439807,4.496638774871826
NUTLIN-3A (-),5,SKMM2,5.470673084259033,3.5736555378643096,3.5050208568573
NUTLIN-3A (-),5,SUDHL4,3.693180561065674,2.793674223178608,2.685539484024048
NUTLIN-3A (-),5,SUPM2,0.7092509865760803,2.9917215997628896,2.8936164379119873
OLAPARIB,1,A4FUK,3.6303229331970215,3.453174884573604,3.4480698108673096
OLAPARIB,1,A549,3.2347230911254883,3.90108789535617,3.8994526863098145
OLAPARIB,1,ABC1,4.859859943389893,3.8935890714953625,3.8918957710266113
OLAPARIB,1,BV173,1.3066129684448242,1.8458227149264783,1.828265905380249
OLAPARIB,1,CORL279,1.8438440561294556,3.784505741927775,3.7819674015045166
OLAPARIB,1,CORL311,3.2829129695892334,3.51708380965942,3.5124738216400146
OLAPARIB,1,CORL88,3.7056119441986084,3.96762623514381,3.9665064811706543
OLAPARIB,1,DAUDI,2.8734850883483887,2.3015163232705786,2.287489652633667
OLAPARIB,1,DMS53,4.071601867675781,4.065497053377625,4.065135478973389
OLAPARIB,1,EHEB,4.513337135314941,3.7882345708926346,3.7857251167297363
OLAPARIB,1,EM2,3.815643072128296,2.9965297280982517,2.987887144088745
OLAPARIB,1,HCC33,4.764308929443359,3.5585457095972806,3.5542569160461426
OLAPARIB,1,JVM3,2.24908709526062,3.566052813961468,3.5618221759796143
OLAPARIB,1,KMS12BM,3.415842056274414,3.5129899287884134,3.508348226547241
OLAPARIB,1,L1236,4.1497907638549805,2.797936759438218,2.7877557277679443
OLAPARIB,1,L428,3.8866350650787354,3.5490548332090874,3.5446925163269043
OLAPARIB,1,LCLC97TM1,3.125793933868408,3.8023447852377394,3.7999446392059326
OLAPARIB,1,ME1,3.9335389137268066,3.412823281846078,3.4074056148529053
OLAPARIB,1,MONOMAC6,3.3026649951934814,3.729621855768582,3.726658344268799
OLAPARIB,1,NCIH1048,1.6129440069198608,3.5030684662244673,3.498349905014038
OLAPARIB,1,NCIH1437,4.663337230682373,4.392942225374339,4.395117282867432
OLAPARIB,1,NCIH1651,1.5969610214233398,3.9561425964707992,3.9549338817596436
OLAPARIB,1,NCIH2023,3.167038917541504,3.7929979896083563,3.790525436401367
OLAPARIB,1,NCIH2085,3.4979939460754395,3.9626726014361626,3.961514472961426
OLAPARIB,1,NCIH209,0.8144919872283936,3.6393373981455914,3.635674476623535
OLAPARIB,1,NCIH2170,4.501124858856201,3.7487500551618864,3.7459347248077393
OLAPARIB,1,NCIH2196,3.702558994293213,3.9034518607782167,3.9018349647521973
OLAPARIB,1,NCIH2347,3.6950790882110596,4.072565291062679,4.072258472442627
OLAPARIB,1,NCIH2405,4.284059047698975,4.042093038624767,4.041550159454346
OLAPARIB,1,NCIH2444,4.85365104675293,4.1459116241434355,4.146173000335693
OLAPARIB,1,NCIH441,5.296687126159668,3.896591582020902,3.8949215412139893
OLAPARIB,1,NCIH460,2.7931559085845947,3.9378124010175033,3.9364616870880127
OLAPARIB,1,NCIH524,3.035475015640259,3.796247259134616,3.793799877166748
OLAPARIB,1,NCIH650,4.849461078643799,3.875709335425931,3.87387752532959
OLAPARIB,1,NCIH69,3.819581985473633,3.7225742010490714,3.7195560932159424
OLAPARIB,1,OCIAML2,1.7784290313720703,3.063533668761651,3.055410146713257
OLAPARIB,1,OCIM1,2.8607285022735596,3.7389125805607932,3.736021041870117
OLAPARIB,1,OPM2,3.7902181148529053,3.4148330783092775,3.409430980682373
OLAPARIB,1,SHP77,3.806260108947754,3.887160798428666,3.8854176998138428
OLAPARIB,1,SUDHL8,1.4634560346603394,2.2602477139401853,2.245901346206665
OLAPARIB,1,THP1,3.860685110092163,3.5011868992707504,3.4964537620544434
OLAPARIB,2,A3KAW,2.496955156326294,3.725061229826164,3.735887050628662
OLAPARIB,2,CA46,4.079376220703125,3.0140450456377987,2.9879229068756104
OLAPARIB,2,EBC1,4.300568103790283,3.789972847285245,3.8041718006134033
OLAPARIB,2,EPLC272H,4.2327880859375,3.619991063527234,3.625356912612915
OLAPARIB,2,GRANTA519,3.692828893661499,2.8333635322633914,2.7978522777557373
OLAPARIB,2,HCC15,4.488855361938477,4.145226761307731,4.177886486053467
OLAPARIB,2,HDLM2,3.5369160175323486,3.900490334095297,3.9204323291778564
OLAPARIB,2,HL60,3.4739298820495605,3.3873015210432458,3.380575656890869
OLAPARIB,2,HT,4.060614585876465,2.7055039164385666,2.663348436355591
OLAPARIB,2,JVM2,3.1511659622192383,3.556199053445933,3.5582499504089355
OLAPARIB,2,K562,4.2492241859436035,3.621167784479751,3.6265947818756104
OLAPARIB,2,KARPAS422,4.472655773162842,2.901294010101426,2.8693127632141113
OLAPARIB,2,KCL22,3.6340343952178955,3.5808233898808375,3.584153890609741
OLAPARIB,2,L540,2.4288530349731445,2.98308200897177,2.955350875854492
OLAPARIB,2,LAMA84,3.2450339794158936,3.5046640244572886,3.5040369033813477
OLAPARIB,2,LU65,5.92929220199585,3.532133160852901,3.532933473587036
OLAPARIB,2,MOLM13,2.2769479751586914,3.3291340648676875,3.319385528564453
OLAPARIB,2,MOLM16,2.0755369663238525,3.291677532051704,3.279982566833496
OLAPARIB,2,MOLT16,1.6349430084228516,3.1433689900593516,3.123967170715332
OLAPARIB,2,NCIH1568,4.2579755783081055,3.722051888376333,3.7327213287353516
OLAPARIB,2,NCIH1623,3.146622896194458,4.011599580999151,4.037315368652344
OLAPARIB,2,NCIH1781,4.285407066345215,3.8184179005571166,3.834095001220703
OLAPARIB,2,NCIH1836,4.518640995025635,4.019056982043377,4.045160293579102
OLAPARIB,2,NCIH1876,1.3801189661026,3.507548259981505,3.507071018218994
OLAPARIB,2,NCIH1944,4.533949375152588,3.632351619634394,3.638359785079956
OLAPARIB,2,NCIH1963,3.6879215240478516,3.543088088426257,3.5444576740264893
OLAPARIB,2,NCIH1975,4.496391773223877,4.514030417654222,4.565855026245117
OLAPARIB,2,NCIH2066,5.401173114776611,3.6546302199640306,3.6617960929870605
OLAPARIB,2,NCIH2081,3.331890106201172,3.6956592975362788,3.7049572467803955
OLAPARIB,2,NCIH2227,3.596898078918457,3.713992301744504,3.724242925643921
OLAPARIB,2,NCIH292,2.8764355182647705,3.624312657348997,3.6299030780792236
OLAPARIB,2,NCIH522,6.117648601531982,3.708858425970926,3.7188422679901123
OLAPARIB,2,NCIH810,3.683518886566162,3.9346496911760696,3.956366777420044
OLAPARIB,2,NCIH841,3.9966349601745605,3.7459863290910023,3.757899522781372
OLAPARIB,2,P12ICHIKAWA,3.0477566719055176,3.254099972851159,3.240452289581299
OLAPARIB,2,P31FUJ,3.2859749794006348,3.3153805721322205,3.304917335510254
OLAPARIB,2,REH,2.408996105194092,2.7148490117843167,2.6731791496276855
OLAPARIB,2,RL,3.760345935821533,2.464805101662398,2.410141706466675
OLAPARIB,2,SUDHL6,3.0105090141296387,3.0286620412294076,3.0032994747161865
OLAPARIB,2,SUPB15,0.3340129852294922,2.185218288443109,2.1160261631011963
OLAPARIB,2,SW1573,3.743604898452759,3.5979547426078904,3.60217547416687
OLAPARIB,3,697,0.6951836347579956,2.187576886760901,1.9484200477600098
OLAPARIB,3,CAL12T,3.714121103286743,3.6300292891894976,3.6717381477355957
OLAPARIB,3,CALU6,4.357745170593262,3.554476012237502,3.5814735889434814
OLAPARIB,3,CHAGOK1,4.5495829582214355,3.873337115204364,3.962421417236328
OLAPARIB,3,COLO668,3.925457000732422,3.5969709762776603,3.6322429180145264
OLAPARIB,3,CORL105,3.6286349296569824,3.7551817098402704,3.8212594985961914
OLAPARIB,3,DB,2.959984064102173,3.2311980209202864,3.19524884223938
OLAPARIB,3,DOHH2,0.24862700700759888,3.1846489708169003,3.1396360397338867
OLAPARIB,3,EJM,3.8657829761505127,3.4744485728667236,3.48586368560791
OLAPARIB,3,GA10,3.877859115600586,3.2082752225083393,3.1678626537323
OLAPARIB,3,HCC827,4.050180912017822,3.9887473565081204,4.100303649902344
OLAPARIB,3,HEL,3.598891496658325,3.457801575513914,3.465975284576416
OLAPARIB,3,IALM,4.503911018371582,3.8395033074147666,3.92199969291687
OLAPARIB,3,KG1,4.2064127922058105,2.969194502129273,2.8822295665740967
OLAPARIB,3,KNS62,3.732089042663574,3.440561282671763,3.445378065109253
OLAPARIB,3,L363,3.8743364810943604,3.6611622355082747,3.708933115005493
OLAPARIB,3,LOUCY,3.2427849769592285,2.7361197760479623,2.603771924972534
OLAPARIB,3,MHHCALL2,2.7677578926086426,2.7702732809024524,2.644575595855713
OLAPARIB,3,MM1S,3.2206454277038574,3.41877917615927,3.4193546772003174
OLAPARIB,3,MOLP8,3.392080068588257,3.342523244172639,3.3282506465911865
OLAPARIB,3,NCIH1092,4.870373249053955,3.674173626663699,3.724478006362915
OLAPARIB,3,NCIH1155,2.9632370471954346,3.693889675927233,3.748033046722412
OLAPARIB,3,NCIH146,3.061906099319458,3.92407076440496,4.023033618927002
OLAPARIB,3,NCIH1648,4.809979438781738,3.8005850790138513,3.8755035400390625
OLAPARIB,3,NCIH1793,5.372661113739014,4.204637467325997,4.3582305908203125
OLAPARIB,3,NCIH196,4.580589771270752,4.121709006586716,4.259154796600342
OLAPARIB,3,NCIH2228,4.738545894622803,3.4717249614175025,3.482609748840332
OLAPARIB,3,NCIH23,2.598694086074829,3.8159111806909287,3.8938138484954834
OLAPARIB,3,NOMO1,3.370598077774048,3.376746994574471,3.369138240814209
OLAPARIB,3,OCILY19,1.495224952697754,2.9963719456245586,2.914698839187622
OLAPARIB,3,PF382,3.8372631072998047,2.9916477330045836,2.909054756164551
OLAPARIB,3,PL21,4.570310115814209,3.3018105613350737,3.2796106338500977
OLAPARIB,3,RS411,2.0364019870758057,2.540431047366165,2.3699798583984375
OLAPARIB,3,SBC5,3.4794886112213135,3.8767512084541647,3.9665002822875977
OLAPARIB,3,SIGM5,2.6304540634155273,3.5565119357431403,3.5839059352874756
OLAPARIB,3,SKLU1,3.452787399291992,3.440132824745219,3.444866180419922
OLAPARIB,3,SUDHL10,3.10319447517395,3.16550805697223,3.1167681217193604
OLAPARIB,3,SUDHL4,3.273993968963623,2.9362557263846463,2.842877149581909
OLAPARIB,3,SUDHL5,1.0164320468902588,3.2581759032015314,3.2274796962738037
OLAPARIB,3,SUPT1,3.2643001079559326,3.021998000241895,2.945314645767212
OLAPARIB,3,SW1271,4.535501956939697,3.858530471367434,3.9447317123413086
OLAPARIB,4,AMO1,4.40307092666626,3.298921121230635,3.2804458141326904
OLAPARIB,4,BEN,5.086228847503662,3.834297095140207,3.879258394241333
OLAPARIB,4,CALU3,4.531649112701416,3.7352941852610644,3.768524646759033
OLAPARIB,4,CMK,3.0633394718170166,3.483194460139177,3.48655366897583
OLAPARIB,4,CMLT1,1.4169410467147827,2.577772859196628,2.473848819732666
OLAPARIB,4,CORL95,4.626766204833984,3.5314187600407774,3.540492057800293
OLAPARIB,4,DMS114,3.7119369506835938,3.73384255782076,3.7669010162353516
OLAPARIB,4,DND41,3.420628070831299,3.2233237320857557,3.1958909034729004
OLAPARIB,4,GDM1,4.192355155944824,3.2145455427143625,3.186072587966919
OLAPARIB,4,HCC44,3.1642885208129883,3.683470232997581,3.7105600833892822
OLAPARIB,4,HCC78,4.763959884643555,3.8372161239460123,3.88252329826355
OLAPARIB,4,JEKO1,3.4577174186706543,3.0314043026803366,2.9812309741973877
OLAPARIB,4,JURKAT,2.6650679111480713,3.1712974898896955,3.137700080871582
OLAPARIB,4,JURLMK1,3.1844863891601562,3.5765699156241872,3.5909931659698486
OLAPARIB,4,KMS11,4.038886070251465,3.392600970839691,3.385225772857666
OLAPARIB,4,KOPN8,1.2810114622116089,2.09800732566153,1.937235951423645
OLAPARIB,4,LP1,3.730889081954956,3.1358901436930355,3.098097324371338
OLAPARIB,4,LXF289,4.084269046783447,3.960949564275856,4.020917892456055
OLAPARIB,4,MOLT13,2.2494070529937744,2.258707492590317,2.1169774532318115
OLAPARIB,4,NAMALWA,3.1419010162353516,2.9554965508991753,2.896328926086426
OLAPARIB,4,NCIH1105,2.49530291557312,2.9918901937428677,2.937034845352173
OLAPARIB,4,NCIH1436,4.480844974517822,3.4053667658683207,3.3995041847229004
OLAPARIB,4,NCIH2030,4.026554107666016,3.7428437137564052,3.7769687175750732
OLAPARIB,4,NCIH2087,3.4920709133148193,3.639161063961778,3.6610007286071777
OLAPARIB,4,NCIH211,2.163992404937744,3.6500817360648163,3.673215389251709
OLAPARIB,4,NCIH2122,3.2415504455566406,3.945266019408329,4.003376007080078
OLAPARIB,4,NCIH2291,5.3564958572387695,3.9658949029858515,4.026449203491211
OLAPARIB,4,NCIH2342,4.26907205581665,4.327981092629551,4.43143892288208
OLAPARIB,4,NCIH446,3.707557439804077,3.210257806156106,3.181276798248291
OLAPARIB,4,NCIH647,2.7222704887390137,4.163130784665666,4.247055530548096
OLAPARIB,4,NCIH727,4.363997936248779,3.7566207452867686,3.7923781871795654
OLAPARIB,4,NCIH82,4.242812633514404,3.4650819439526677,3.466295003890991
OLAPARIB,4,NCIH929,3.7275400161743164,3.5617483944524886,3.574415445327759
OLAPARIB,4,OCIAML3,3.8123679161071777,3.6778114439142082,3.704230785369873
OLAPARIB,4,RAJI,3.7070178985595703,2.739611200092743,2.6548633575439453
OLAPARIB,4,RPMI8226,3.100374937057495,3.849268468601265,3.8960037231445312
OLAPARIB,4,RPMI8402,2.949899911880493,2.8249285245754274,2.7502899169921875
OLAPARIB,4,SKM1,3.027637481689453,3.1468986381904065,3.110410213470459
OLAPARIB,4,SUDHL1,4.284554958343506,3.15913579356383,3.1240973472595215
OLAPARIB,4,SUPM2,1.3024330139160156,3.176661263939679,3.1436994075775146
OLAPARIB,5,ALLSIL,3.0693631172180176,2.5953089906333213,2.602839469909668
OLAPARIB,5,BL41,3.0221939086914062,3.122811811024156,3.1216979026794434
OLAPARIB,5,CORL23,3.1534674167633057,3.8594842552354836,3.8462982177734375
OLAPARIB,5,DMS273,2.04447865486145,3.494427822061564,3.4872241020202637
OLAPARIB,5,DMS79,3.2405529022216797,3.984173681244146,3.9689443111419678
OLAPARIB,5,HARA,3.7808170318603516,3.811519250935702,3.799119234085083
OLAPARIB,5,HCC366,3.9729185104370117,3.6771778261640473,3.6669793128967285
OLAPARIB,5,HH,4.835765838623047,3.3605765113406063,3.3555662631988525
OLAPARIB,5,JM1,2.405493974685669,3.22938834754102,3.2265279293060303
OLAPARIB,5,KMH2,3.4734175205230713,3.5445818570200243,3.5365562438964844
OLAPARIB,5,KU812,2.924823045730591,3.5673799168807294,3.558980703353882
OLAPARIB,5,LCLC103H,4.097171783447266,3.608018419055694,3.5989532470703125
OLAPARIB,5,LOUNH91,4.451174736022949,4.288600194614357,4.2683820724487305
OLAPARIB,5,MEG01,3.1140758991241455,3.0924921245031185,3.0918750762939453
OLAPARIB,5,NALM6,2.2974350452423096,1.5123337626276163,1.5376113653182983
OLAPARIB,5,NB4,2.349273920059204,3.069839499078822,3.069593667984009
OLAPARIB,5,NCIH1341,3.4622130393981934,3.653317125354649,3.64350962638855
OLAPARIB,5,NCIH1435,3.704982042312622,3.8229140390283263,3.8103272914886475
OLAPARIB,5,NCIH1650,4.470430850982666,3.913978296167108,3.8998992443084717
OLAPARIB,5,NCIH1792,3.3917484283447266,4.042047133696455,4.025869369506836
OLAPARIB,5,NCIH1915,3.939929962158203,4.01088901764952,3.9952218532562256
OLAPARIB,5,NCIH2009,3.6037750244140625,3.7800685692808593,3.768183946609497
OLAPARIB,5,NCIH2029,4.039730072021484,3.6562587792217425,3.6464030742645264
OLAPARIB,5,NCIH2110,3.834649085998535,4.069966667235294,4.05333137512207
OLAPARIB,5,NCIH2171,2.8820579051971436,3.811752188424683,3.7993483543395996
OLAPARIB,5,NCIH2172,5.027032375335693,4.111062075931308,4.093753337860107
OLAPARIB,5,NCIH358,4.723379135131836,4.136480137163916,4.118754863739014
OLAPARIB,5,NCIH526,2.855201005935669,3.5686219269676602,3.5602023601531982
OLAPARIB,5,NCIH596,3.963118553161621,4.17440604470913,4.156059265136719
OLAPARIB,5,NCIH661,5.217538833618164,4.338029481298047,4.3170013427734375
OLAPARIB,5,NCIH838,4.1581220626831055,4.159996885531209,4.141886234283447
OLAPARIB,5,NUDUL1,2.265810966491699,2.9238487759508276,2.925995349884033
OLAPARIB,5,OCIAML5,2.77559757232666,3.7540135052167805,3.742555856704712
OLAPARIB,5,RCHACV,1.5713474750518799,2.6470208707964464,2.6537039279937744
OLAPARIB,5,RERFLCKJ,5.036983966827393,4.046338903914876,4.030090808868408
OLAPARIB,5,RERFLCMS,3.427949905395508,3.872069908971568,3.858677625656128
OLAPARIB,5,SKMES1,4.334650993347168,4.222085755122825,4.202957630157471
OLAPARIB,5,SKMM2,4.797709941864014,3.711867090326985,3.7011001110076904
OLAPARIB,5,ST486,3.482469081878662,1.9361221962101105,1.954455018043518
OLAPARIB,5,WSUDLCL2,2.5167605876922607,3.7340674146540502,3.7229366302490234
PALBOCICLIB,1,A549,1.4889991283416748,3.044781172791407,3.1066770553588867
PALBOCICLIB,1,BEN,1.8081190586090088,3.365687058114952,3.414883852005005
PALBOCICLIB,1,BV173,0.09903199970722198,0.568404441223408,0.7282970547676086
PALBOCICLIB,1,CMK,1.9712049961090088,2.3688157473774947,2.457461357116699
PALBOCICLIB,1,CORL105,0.9424435496330261,2.454075266723264,2.539346933364868
PALBOCICLIB,1,CORL88,4.847788333892822,3.4949224303214725,3.5390050411224365
PALBOCICLIB,1,DMS53,3.072093963623047,3.239116813887212,3.2933223247528076
PALBOCICLIB,1,EHEB,1.9867019653320312,1.7818038089777797,1.8936790227890015
PALBOCICLIB,1,EJM,3.8504064083099365,1.3870297411834929,1.5145272016525269
PALBOCICLIB,1,GRANTA519,3.582771062850952,1.2371700368077216,1.3705978393554688
PALBOCICLIB,1,HCC15,4.328616619110107,3.4106159126812305,3.4580347537994385
PALBOCICLIB,1,HDLM2,2.232173442840576,2.2466614831809144,2.3401410579681396
PALBOCICLIB,1,HL60,0.8921260237693787,0.9813973124615001,1.1249467134475708
PALBOCICLIB,1,K562,2.856861114501953,2.882103607888405,2.950437068939209
PALBOCICLIB,1,KCL22,1.530921459197998,1.4999522512967192,1.622981071472168
PALBOCICLIB,1,L540,2.2610321044921875,2.0150738767460843,2.117717981338501
PALBOCICLIB,1,ME1,3.3842926025390625,0.8665959814552593,1.0146883726119995
PALBOCICLIB,1,NALM6,0.3954299986362457,0.4379910357807375,0.6030444502830505
PALBOCICLIB,1,NCIH1437,0.9984815120697021,3.2719729068111616,3.324878215789795
PALBOCICLIB,1,NCIH1568,5.782299995422363,3.11645961104635,3.1755189895629883
PALBOCICLIB,1,NCIH1781,4.752129554748535,2.7993026790327478,2.870912790298462
PALBOCICLIB,1,NCIH1876,4.4407196044921875,3.6326017600725375,3.671236038208008
PALBOCICLIB,1,NCIH1915,1.895946979522705,2.742072928266344,2.8159477710723877
PALBOCICLIB,1,NCIH1963,4.180132865905762,3.192485514492461,3.2485363483428955
PALBOCICLIB,1,NCIH1975,2.770841598510742,3.07778397684012,3.138373851776123
PALBOCICLIB,1,NCIH2023,2.407521963119507,3.298524145002895,3.3503787517547607
PALBOCICLIB,1,NCIH2085,3.0417890548706055,3.356814386336116,3.406362295150757
PALBOCICLIB,1,NCIH209,1.5118584632873535,3.6013232461635982,3.641195297241211
PALBOCICLIB,1,NCIH2122,1.6187820434570312,2.5561293621007426,2.637362480163574
PALBOCICLIB,1,NCIH2196,5.442220211029053,3.6463039833442177,3.6843960285186768
PALBOCICLIB,1,NCIH2342,3.6758105754852295,3.1137242305323607,3.172891855239868
PALBOCICLIB,1,NCIH647,2.959080934524536,3.394807851048522,3.442852258682251
PALBOCICLIB,1,NCIH69,3.5459964275360107,3.860468464563073,3.890085458755493
PALBOCICLIB,1,NCIH810,4.746111869812012,3.731197593725687,3.76593017578125
PALBOCICLIB,1,NCIH838,0.25696951150894165,3.2070069369379466,3.2624831199645996
PALBOCICLIB,1,NCIH841,1.2463326454162598,3.091923354580004,3.15195369720459
PALBOCICLIB,1,OCIAML5,0.6808810234069824,2.1575271517430448,2.2545340061187744
PALBOCICLIB,1,PL21,0.6270018815994263,0.9483058859567117,1.0931648015975952
PALBOCICLIB,1,SHP77,1.7733299732208252,3.1960088156663464,3.251920223236084
PALBOCICLIB,1,SUDHL10,-0.23044849932193756,0.7251600649474047,0.878849446773529
PALBOCICLIB,1,SW1271,2.3768293857574463,2.932906617015217,2.999229669570923
PALBOCICLIB,2,A3KAW,0.6165364980697632,2.691561672581692,2.686666250228882
PALBOCICLIB,2,CORL95,4.36765718460083,3.8491461355056154,3.8284709453582764
PALBOCICLIB,2,EBC1,1.4803210496902466,2.788795048946364,2.78257417678833
PALBOCICLIB,2,EPLC272H,3.492993116378784,2.8199398372202915,2.8132944107055664
PALBOCICLIB,2,HARA,1.1465853452682495,3.046353625427918,3.0366218090057373
PALBOCICLIB,2,HCC78,1.0728850364685059,2.719394502074639,2.7141196727752686
PALBOCICLIB,2,HT,2.125473976135254,1.1420364253220143,1.1582635641098022
PALBOCICLIB,2,IALM,5.082275867462158,2.6673828265139448,2.6628170013427734
PALBOCICLIB,2,JM1,0.5192750096321106,0.9836174989554025,1.0020041465759277
PALBOCICLIB,2,JVM2,1.3650020360946655,1.4898435823067604,1.5013295412063599
PALBOCICLIB,2,JVM3,0.9007980227470398,2.093377731503401,2.0966365337371826
PALBOCICLIB,2,KOPN8,0.2958313226699829,0.03166753544613357,0.06303081661462784
PALBOCICLIB,2,L1236,3.171961545944214,1.802792868634421,1.8100128173828125
PALBOCICLIB,2,L428,3.2515065670013428,2.173903868710185,2.176064968109131
PALBOCICLIB,2,MHHCALL2,2.614732027053833,1.1639585130217405,1.179886817932129
PALBOCICLIB,2,MM1S,2.3437039852142334,2.034109815787617,2.0381765365600586
PALBOCICLIB,2,MOLM16,0.8805354833602905,1.9500766569815593,1.9552888870239258
PALBOCICLIB,2,MONOMAC6,2.152620553970337,1.7138763713922116,1.7223083972930908
PALBOCICLIB,2,NCIH1048,3.9747469425201416,2.1695435983518347,2.1717641353607178
PALBOCICLIB,2,NCIH1105,4.327730655670166,2.602743794459512,2.5990591049194336
PALBOCICLIB,2,NCIH1435,4.287580966949463,2.944436082575389,2.93609356880188
PALBOCICLIB,2,NCIH146,2.870910882949829,3.8301638886082303,3.8097474575042725
PALBOCICLIB,2,NCIH1623,3.372220039367676,2.8731052114572098,2.8657350540161133
PALBOCICLIB,2,NCIH1651,3.748025894165039,3.022817253921538,3.013406276702881
PALBOCICLIB,2,NCIH196,3.0411036014556885,3.068843860778695,3.058805465698242
PALBOCICLIB,2,NCIH2009,4.292317867279053,3.668469381346825,3.650257110595703
PALBOCICLIB,2,NCIH2029,4.307912826538086,4.13498471150966,4.110413074493408
PALBOCICLIB,2,NCIH211,1.0500149726867676,3.749410057256673,3.7300944328308105
PALBOCICLIB,2,NCIH2170,1.8890299797058105,3.181678636903869,3.170102119445801
PALBOCICLIB,2,NCIH2444,3.883344888687134,3.205059828324321,3.193164587020874
PALBOCICLIB,2,NCIH358,2.3970463275909424,3.5139037312104717,3.497798442840576
PALBOCICLIB,2,NCIH441,2.7466835975646973,2.602369138488813,2.598689556121826
PALBOCICLIB,2,NCIH460,0.6316275000572205,2.2329462657029606,2.234302520751953
PALBOCICLIB,2,NCIH650,3.2084872722625732,2.316068164502866,2.316291332244873
PALBOCICLIB,2,RL,1.333801507949829,1.3382293752221635,1.3517820835113525
PALBOCICLIB,2,RPMI8402,-1.540902018547058,1.2354967743482161,1.2504498958587646
PALBOCICLIB,2,ST486,1.9474685192108154,1.5274988036405568,1.5384714603424072
PALBOCICLIB,2,SUDHL5,0.6707894802093506,1.547119174255778,1.5578243732452393
PALBOCICLIB,2,SUPB15,1.7490555047988892,0.3847329209977124,0.41128334403038025
PALBOCICLIB,2,SUPT1,2.526287078857422,1.6613140724113544,1.6704626083374023
PALBOCICLIB,2,THP1,2.338123083114624,0.8966466747687691,0.9162188768386841
PALBOCICLIB,3,697,-1.5424449443817139,1.3395809465185935,1.3735111951828003
PALBOCICLIB,3,A4FUK,1.2876604795455933,1.8774665628110743,1.9042012691497803
PALBOCICLIB,3,AMO1,2.2449300289154053,2.4617094691425874,2.480628490447998
PALBOCICLIB,3,CALU3,4.827610015869141,2.863469669115344,2.87701416015625
PALBOCICLIB,3,CHAGOK1,4.558003902435303,2.643805775138677,2.6602888107299805
PALBOCICLIB,3,CORL23,1.9255143404006958,2.6607764597349126,2.677032470703125
PALBOCICLIB,3,CORL311,4.426292896270752,3.506319046963945,3.511263847351074
PALBOCICLIB,3,DMS79,4.231515407562256,3.775741593271527,3.7770822048187256
PALBOCICLIB,3,DND41,1.4825409650802612,1.7723957497473481,1.800536036491394
PALBOCICLIB,3,DOHH2,0.1339409351348877,0.6238371040051666,0.6673421859741211
PALBOCICLIB,3,HCC33,4.3340630531311035,3.839799717184968,3.8402833938598633
PALBOCICLIB,3,HCC44,3.2775895595550537,2.1915713934579846,2.214104175567627
PALBOCICLIB,3,HCC827,3.337791919708252,3.3466180130194694,3.353699207305908
PALBOCICLIB,3,JURLMK1,-1.3133740425109863,1.7179639245499942,1.7468323707580566
PALBOCICLIB,3,KARPAS422,1.5143954753875732,1.1616171186975939,1.1979280710220337
PALBOCICLIB,3,KG1,1.8704334497451782,2.403985266371026,2.4236764907836914
PALBOCICLIB,3,KMS12BM,4.1785407066345215,1.924687756099972,1.9507907629013062
PALBOCICLIB,3,LCLC103H,2.9839630126953125,2.7615319854463394,2.776440143585205
PALBOCICLIB,3,LCLC97TM1,2.270002603530884,2.4758281855836035,2.494558334350586
PALBOCICLIB,3,MEG01,3.2448151111602783,2.3913169407847494,2.411177635192871
PALBOCICLIB,3,NCIH1092,4.2433929443359375,3.6308448403890092,3.6341238021850586
PALBOCICLIB,3,NCIH1341,3.4334049224853516,3.2805911563013703,3.28855562210083
PALBOCICLIB,3,NCIH1792,1.3918304443359375,3.4444135524630357,3.4501864910125732
PALBOCICLIB,3,NCIH2228,4.657900810241699,2.7256083509787223,2.740997076034546
PALBOCICLIB,3,NCIH522,3.935699462890625,2.988155194022411,3.0000317096710205
PALBOCICLIB,3,NCIH661,1.186929702758789,3.023878016294045,3.0352766513824463
PALBOCICLIB,3,NCIH82,3.0309510231018066,3.133563039317087,3.1434943675994873
PALBOCICLIB,3,NOMO1,1.5410255193710327,0.9730536208904494,1.0118870735168457
PALBOCICLIB,3,OCIAML3,0.8259180188179016,1.1399411216175113,1.176542043685913
PALBOCICLIB,3,RAJI,2.676600933074951,2.243150163069455,2.2649929523468018
PALBOCICLIB,3,REH,0.6807184815406799,1.6590858370181234,1.68874192237854
PALBOCICLIB,3,RS411,-0.40347549319267273,0.2764394961441455,0.32459187507629395
PALBOCICLIB,3,SIGM5,-1.2262660264968872,1.9563725858386691,1.9820517301559448
PALBOCICLIB,3,SKLU1,1.942820429801941,3.0080904562604225,3.019700288772583
PALBOCICLIB,3,SKM1,0.7306789755821228,0.7912755696020726,0.83254075050354
PALBOCICLIB,3,SKMES1,2.217633008956909,2.4685593157217993,2.487386703491211
PALBOCICLIB,3,SKMM2,3.466576099395752,2.5453278125405316,2.5631282329559326
PALBOCICLIB,3,SUDHL1,1.2701685428619385,1.950253492665777,1.976014494895935
PALBOCICLIB,3,SUDHL8,2.680510997772217,1.3460959852788716,1.379939079284668
PALBOCICLIB,3,SUPM2,1.9414600133895874,1.6541553055611646,1.6838773488998413
PALBOCICLIB,3,SW1573,2.9754693508148193,2.48326065334755,2.5018913745880127
PALBOCICLIB,4,ALLSIL,1.7106125354766846,0.8421599991804835,0.7998435497283936
PALBOCICLIB,4,CA46,3.3885724544525146,1.6384267808740103,1.6002092361450195
PALBOCICLIB,4,CAL12T,3.8894131183624268,2.6232369285678905,2.5900888442993164
PALBOCICLIB,4,CMLT1,0.20453152060508728,0.905545000806846,0.863554835319519
PALBOCICLIB,4,DAUDI,2.9303998947143555,1.6777419220458234,1.6397267580032349
PALBOCICLIB,4,DMS273,3.4413435459136963,2.8809165070376754,2.849094867706299
PALBOCICLIB,4,GDM1,2.6012380123138428,0.6371374507118654,0.5937656164169312
PALBOCICLIB,4,HCC366,3.2575020790100098,2.008620551535985,1.97230863571167
PALBOCICLIB,4,HEL,0.2314130961894989,1.6684484027157405,1.630385398864746
PALBOCICLIB,4,JEKO1,0.5465354919433594,1.6591405329327675,1.6210296154022217
PALBOCICLIB,4,JURKAT,1.5078200101852417,1.403348335515023,1.3639206886291504
PALBOCICLIB,4,KNS62,1.174725890159607,2.9757032645577097,2.9443695545196533
PALBOCICLIB,4,KU812,1.1007695198059082,1.6115048568565935,1.5731487274169922
PALBOCICLIB,4,L363,2.4798269271850586,1.91631108542069,1.8795239925384521
PALBOCICLIB,4,LOUNH91,3.3807995319366455,2.95317068154419,2.9217209815979004
PALBOCICLIB,4,MOLM13,-1.412693977355957,1.3639423476744992,1.3243118524551392
PALBOCICLIB,4,NB4,-1.2053710222244263,0.8141107937190776,0.771649956703186
PALBOCICLIB,4,NCIH1155,3.809638500213623,3.467211731595964,3.438408136367798
PALBOCICLIB,4,NCIH1436,4.437455654144287,3.9023940780457087,3.87583065032959
PALBOCICLIB,4,NCIH1648,5.3365325927734375,2.8919077679638345,2.860142707824707
PALBOCICLIB,4,NCIH1944,1.9491093158721924,2.717497344683567,2.6848344802856445
PALBOCICLIB,4,NCIH2030,1.9046931266784668,2.902973746124051,2.8712656497955322
PALBOCICLIB,4,NCIH2081,4.418533802032471,3.7679502590589617,3.740694761276245
PALBOCICLIB,4,NCIH2087,4.368855953216553,2.4766305670620508,2.44272780418396
PALBOCICLIB,4,NCIH2227,4.8455281257629395,3.722608520667127,3.695119619369507
PALBOCICLIB,4,NCIH2291,3.155041456222534,2.776581361400275,2.744222640991211
PALBOCICLIB,4,NCIH23,2.618976593017578,2.352701953481613,2.3181612491607666
PALBOCICLIB,4,NCIH2347,1.6962225437164307,3.327496908243446,3.297974109649658
PALBOCICLIB,4,NCIH446,4.212732315063477,2.6907167904169373,2.6579160690307617
PALBOCICLIB,4,NCIH596,5.393075942993164,2.903449564446332,2.87174391746521
PALBOCICLIB,4,NCIH727,2.9985404014587402,3.390327934948728,3.361128568649292
PALBOCICLIB,4,NCIH929,2.073625087738037,1.9009137610620592,1.8640474081039429
PALBOCICLIB,4,NUDUL1,0.7091140151023865,1.7252482068484156,1.6874775886535645
PALBOCICLIB,4,OCIAML2,1.3276159763336182,0.9738501915952639,0.9322116374969482
PALBOCICLIB,4,OCILY19,0.47683000564575195,1.3104197837461116,1.2705137729644775
PALBOCICLIB,4,OCIM1,2.2512850761413574,1.5893734935300823,1.5509034395217896
PALBOCICLIB,4,OPM2,2.670811414718628,2.066034460173339,2.0300180912017822
PALBOCICLIB,4,RERFLCMS,2.4079554080963135,2.5662376412801615,2.5327961444854736
PALBOCICLIB,4,SBC5,1.882981538772583,2.632214144940465,2.5991122722625732
PALBOCICLIB,4,SUDHL6,-0.4735009968280792,1.4434799107173908,1.4042588472366333
PALBOCICLIB,5,ABC1,2.346066951751709,2.806435767954321,2.759371519088745
PALBOCICLIB,5,BL41,1.5789974927902222,1.1735819947705912,1.1601206064224243
PALBOCICLIB,5,CALU6,2.489241600036621,3.07938419605917,3.026702880859375
PALBOCICLIB,5,COLO668,4.025798797607422,3.3236580063081695,3.2659497261047363
PALBOCICLIB,5,CORL279,3.711009979248047,3.025983121364526,2.974400758743286
PALBOCICLIB,5,DB,0.8019390106201172,1.509657182082965,1.4892796277999878
PALBOCICLIB,5,DMS114,3.8830509185791016,3.3086569905541148,3.2512574195861816
PALBOCICLIB,5,EM2,1.0740950107574463,1.0033551909863674,0.9933969378471375
PALBOCICLIB,5,GA10,0.45204150676727295,1.5832472130702595,1.5613552331924438
PALBOCICLIB,5,HH,2.4205191135406494,1.6428037334494567,1.6196861267089844
PALBOCICLIB,5,KMH2,2.4988694190979004,1.7947643589688658,1.7685195207595825
PALBOCICLIB,5,KMS11,2.7782344818115234,2.243654005608239,2.2081713676452637
PALBOCICLIB,5,LAMA84,1.039250135421753,0.6866498242725575,0.6832091212272644
PALBOCICLIB,5,LOUCY,1.5779509544372559,1.1080421324024483,1.095929503440857
PALBOCICLIB,5,LP1,3.4311320781707764,2.076360693492816,2.044320821762085
PALBOCICLIB,5,LU65,4.279881477355957,1.7601513116160643,1.7346187829971313
PALBOCICLIB,5,LXF289,1.8253024816513062,2.851501863104975,2.8035101890563965
PALBOCICLIB,5,MOLP8,1.9861584901809692,1.8981238258756516,1.8697519302368164
PALBOCICLIB,5,MOLT13,0.17993800342082977,0.6100945951011117,0.6082293391227722
PALBOCICLIB,5,MOLT16,-0.7884014844894409,1.107221657853587,1.0951259136199951
PALBOCICLIB,5,NAMALWA,1.9791685342788696,1.6082348683042262,1.5858286619186401
PALBOCICLIB,5,NCIH1650,3.1093928813934326,3.713944640596202,3.6482045650482178
PALBOCICLIB,5,NCIH1793,1.5169873237609863,3.377140142573729,3.318331241607666
PALBOCICLIB,5,NCIH1836,5.1856689453125,3.4894897758657035,3.4283688068389893
PALBOCICLIB,5,NCIH2066,5.989119529724121,3.4710849044176184,3.4103426933288574
PALBOCICLIB,5,NCIH2110,3.336752414703369,2.886462038986682,2.8377509117126465
PALBOCICLIB,5,NCIH2171,3.4219648838043213,3.6494819477514864,3.585068464279175
PALBOCICLIB,5,NCIH2172,4.6599884033203125,2.9548529317409002,2.9047343730926514
PALBOCICLIB,5,NCIH2405,3.9263994693756104,3.5561903036095983,3.493696689605713
PALBOCICLIB,5,NCIH292,2.0046770572662354,3.1040495524346015,3.050860643386841
PALBOCICLIB,5,NCIH524,3.1257808208465576,3.621767653911438,3.557924509048462
PALBOCICLIB,5,NCIH526,3.9714064598083496,3.5840611217442375,3.520993947982788
PALBOCICLIB,5,P12ICHIKAWA,-0.17164599895477295,0.9778972325842059,0.9684628844261169
PALBOCICLIB,5,P31FUJ,2.9543330669403076,1.4337432643486876,1.4149279594421387
PALBOCICLIB,5,PF382,1.2126350402832031,0.6170710021908081,0.6150621771812439
PALBOCICLIB,5,RCHACV,-1.033139944076538,0.9009555612391013,0.893104612827301
PALBOCICLIB,5,RERFLCKJ,3.84242844581604,3.416359337208405,3.356743335723877
PALBOCICLIB,5,RPMI8226,0.8826280236244202,2.3399724352539226,2.3025076389312744
PALBOCICLIB,5,SUDHL4,1.8561245203018188,0.6327496001750235,0.6304181218147278
PALBOCICLIB,5,WSUDLCL2,0.8497740030288696,1.2176966510325864,1.2033274173736572
PD0325901,1,ALLSIL,1.2877860069274902,0.5617410260726371,0.5598249435424805
PD0325901,1,AMO1,-0.6095715165138245,1.1821867767714411,1.0411179065704346
PD0325901,1,CALU3,1.322532057762146,0.08057226693723576,0.1865721046924591
PD0325901,1,CALU6,-0.7083579897880554,0.5813171228360609,0.5750105381011963
PD0325901,1,CORL105,-1.6355880498886108,-0.5054372814541326,-0.26800796389579773
PD0325901,1,DAUDI,1.8725974559783936,1.181216470183871,1.040365219116211
PD0325901,1,DMS114,1.416791558265686,2.0265803328743597,1.696131944656372
PD0325901,1,DOHH2,1.4946424961090088,1.424125055978803,1.2287945747375488
PD0325901,1,EM2,-2.362565517425537,-1.7183293138349351,-1.2088741064071655
PD0325901,1,GRANTA519,2.1724610328674316,0.5278824128227534,0.5335600972175598
PD0325901,1,HCC15,-1.7001014947891235,-0.005364678670183531,0.11990898847579956
PD0325901,1,HCC366,0.945468008518219,0.1699789345451007,0.2559267580509186
PD0325901,1,JEKO1,2.3185079097747803,0.547517367271169,0.5487913489341736
PD0325901,1,JURLMK1,-4.110527038574219,-0.14708142236611557,0.009976296685636044
PD0325901,1,KARPAS422,2.041069984436035,1.1256311495370892,0.997246503829956
PD0325901,1,KOPN8,-1.925268530845642,0.43453400916887375,0.4611477553844452
PD0325901,1,LOUNH91,-0.0018070000223815441,-1.319280279768157,-0.8993232846260071
PD0325901,1,NCIH1568,0.5854405164718628,0.6952669072216289,0.6634038090705872
PD0325901,1,NCIH1623,-0.3868350088596344,0.2989008154353544,0.355934202671051
PD0325901,1,NCIH1651,2.321887493133545,0.6209173570433106,0.6057292819023132
PD0325901,1,NCIH1781,1.2926039695739746,0.2382562695236532,0.3088909387588501
PD0325901,1,NCIH1915,-1.9041069746017456,-0.33065031902073416,-0.13242200016975403
PD0325901,1,NCIH1944,-1.7628154754638672,-0.855789533892896,-0.5397836565971375
PD0325901,1,NCIH196,3.0530154705047607,0.5891906828636463,0.5811182260513306
PD0325901,1,NCIH1975,-0.8042964935302734,-0.820735402730753,-0.5125914216041565
PD0325901,1,NCIH2023,0.7955759763717651,-0.4497479993872541,-0.22480860352516174
PD0325901,1,NCIH2029,2.6015539169311523,2.051899587349327,1.7157726287841797
PD0325901,1,NCIH2081,3.377523899078369,1.6728749980772104,1.4217551946640015
PD0325901,1,NCIH2085,0.9580519795417786,0.8516984167346623,0.7847510576248169
PD0325901,1,NCIH2228,0.5935369729995728,-0.14205669723247716,0.013874082826077938
PD0325901,1,NCIH23,-0.49132201075553894,0.985053487656843,0.8881974220275879
PD0325901,1,NCIH441,1.8220914602279663,-0.3174610494560315,-0.12219080328941345
PD0325901,1,NCIH526,2.3820390701293945,1.811378656519723,1.5291954278945923
PD0325901,1,NCIH650,2.0152740478515625,0.3288512707179983,0.3791674077510834
PD0325901,1,NCIH838,-0.8340204954147339,-0.723974559588388,-0.437531977891922
PD0325901,1,PF382,1.6735254526138306,0.9085389581934925,0.8288434743881226
PD0325901,1,REH,1.9017845392227173,1.0673063340560782,0.9520027041435242
PD0325901,1,SKM1,-4.884747505187988,-2.0423797495965967,-1.4602469205856323
PD0325901,1,SKMES1,-0.9797459840774536,-0.5909082447761289,-0.3343096077442169
PD0325901,1,SUDHL1,0.5339000225067139,-0.6287285334574784,-0.36364760994911194
PD0325901,1,WSUDLCL2,2.295907497406006,0.961095490032161,0.8696126937866211
PD0325901,2,ABC1,0.41464149951934814,0.4919241266142005,0.47666487097740173
PD0325901,2,CORL23,-0.04751100018620491,-0.6094687199209808,-0.37259864807128906
PD0325901,2,DMS273,1.418442964553833,1.4896820835515814,1.2460174560546875
PD0325901,2,EHEB,-0.6251929998397827,0.840401228727382,0.7453690767288208
PD0325901,2,HCC33,3.8037750720977783,3.0288597403443327,2.4328486919403076
PD0325901,2,HDLM2,1.9016159772872925,0.8776965026465778,0.7741267681121826
PD0325901,2,HEL,1.8254444599151611,-0.8856870694539805,-0.5855854749679565
PD0325901,2,HL60,-4.152990341186523,-1.9423830444280745,-1.4003840684890747
PD0325901,2,IALM,0.17741550505161285,-0.19005631006166301,-0.049197547137737274
PD0325901,2,KCL22,-0.9065219759941101,-0.34051410335522714,-0.1652127504348755
PD0325901,2,KMS11,1.3451509475708008,1.6548480606805267,1.3733738660812378
PD0325901,2,L428,2.2052035331726074,1.103182893612081,0.947995126247406
PD0325901,2,LAMA84,-2.597193479537964,-1.503111483276311,-1.061669945716858
PD0325901,2,LCLC97TM1,-1.5441689491271973,-0.6212998821177055,-0.3817214369773865
PD0325901,2,MEG01,-2.0167200565338135,-1.4070777414508182,-0.9876201152801514
PD0325901,2,MOLT16,0.847055971622467,0.36789450252722583,0.3810279369354248
PD0325901,2,MONOMAC6,0.8418490290641785,-2.168564749522221,-1.5747885704040527
PD0325901,2,NAMALWA,1.717872977256775,1.332344129900065,1.1246970891952515
PD0325901,2,NCIH1048,1.188035488128662,0.040363748201939914,0.12847506999969482
PD0325901,2,NCIH1092,3.2230710983276367,3.0504153286330515,2.449469804763794
PD0325901,2,NCIH1435,2.4340755939483643,-0.31624365931196813,-0.14649826288223267
PD0325901,2,NCIH1436,2.6357696056365967,2.667305669458075,2.1540610790252686
PD0325901,2,NCIH1650,1.9618910551071167,-0.1257995454455885,0.0003496477729640901
PD0325901,2,NCIH1793,1.35183846950531,0.18726460776712894,0.24174758791923523
PD0325901,2,NCIH209,2.490216016769409,2.25671289803522,1.8374606370925903
PD0325901,2,NCIH2110,0.06890399754047394,-0.2823849822373491,-0.12039046734571457
PD0325901,2,NCIH2122,-1.6554515361785889,-1.6118148611566054,-1.1454890966415405
PD0325901,2,NCIH2170,3.3567121028900146,0.08150558954887294,0.16019877791404724
PD0325901,2,NCIH2291,-2.9845991134643555,0.3733871749432303,0.38526323437690735
PD0325901,2,NCIH2342,1.8335144519805908,0.8677849330853846,0.7664841413497925
PD0325901,2,NCIH2347,-0.5931640267372131,-0.5377484009776046,-0.31729644536972046
PD0325901,2,NCIH2444,2.097825527191162,0.07509122974955759,0.15525278449058533
PD0325901,2,OCIAML5,-2.1597185134887695,-0.5796760361849851,-0.3496260643005371
PD0325901,2,OPM2,1.2488130331039429,0.7585443970194381,0.6822507977485657
PD0325901,2,RAJI,2.3023204803466797,1.2443706209619445,1.0568623542785645
PD0325901,2,RCHACV,1.8680005073547363,0.48055490963512726,0.46789827942848206
PD0325901,2,RERFLCMS,-1.191643476486206,0.5634082551940337,0.5317849516868591
PD0325901,2,RPMI8226,-0.21450650691986084,0.35774411440011333,0.3732011616230011
PD0325901,2,SUDHL10,1.1197479963302612,1.7859414038039119,1.4744575023651123
PD0325901,2,SW1271,-1.3322269916534424,0.8717602437795204,0.7695494294166565
PD0325901,2,THP1,-0.420461505651474,-2.9783618276714567,-2.1992080211639404
PD0325901,3,697,0.36041900515556335,-0.32113303599517273,-0.0998125895857811
PD0325901,3,A3KAW,-0.7778475284576416,0.2629126484856575,0.3559238612651825
PD0325901,3,A549,-3.0224764347076416,0.1445464443693621,0.26356157660484314
PD0325901,3,COLO668,0.28847599029541016,2.549802729715437,2.1404061317443848
PD0325901,3,CORL311,2.601304054260254,1.8504244972918493,1.5946745872497559
PD0325901,3,CORL88,2.844585418701172,2.027278004371249,1.7326750755310059
PD0325901,3,DMS53,1.2261489629745483,1.8199821219988452,1.5709201097488403
PD0325901,3,DMS79,3.405984401702881,1.4146442025903112,1.2546310424804688
PD0325901,3,EBC1,-2.8435099124908447,-1.2314136820621937,-0.8101133108139038
PD0325901,3,GA10,1.9116874933242798,1.397076058395867,1.240922451019287
PD0325901,3,HCC827,2.0442054271698,-0.2684438805903463,-0.058698736131191254
PD0325901,3,HT,2.809283971786499,0.5410591578775479,0.5729642510414124
PD0325901,3,JM1,1.5964970588684082,1.616142701263362,1.4118622541427612
PD0325901,3,KG1,0.141184002161026,-1.2424367774412146,-0.8187147378921509
PD0325901,3,KMS12BM,3.050678014755249,1.1156004608428476,1.0212843418121338
PD0325901,3,KU812,-3.225461483001709,-0.8394581127093195,-0.504266619682312
PD0325901,3,L1236,2.0526585578918457,0.8756861982569769,0.8340769410133362
PD0325901,3,L540,1.8540664911270142,0.024878223618443107,0.17018331587314606
PD0325901,3,LCLC103H,2.653895616531372,-0.8160539717468496,-0.48600414395332336
PD0325901,3,LOUCY,1.3894239664077759,0.3143781018921753,0.3960828483104706
PD0325901,3,LU65,0.3183155059814453,-0.7216275646643812,-0.4123223125934601
PD0325901,3,MOLP8,-0.2659609913825989,0.9465883475609741,0.8894025683403015
PD0325901,3,NCIH1105,2.8368570804595947,1.2488293736120082,1.125244140625
PD0325901,3,NCIH2066,0.7575454711914062,1.7008858215217617,1.4779881238937378
PD0325901,3,NCIH358,-1.040440559387207,-0.0075627885525723915,0.14486928284168243
PD0325901,3,NCIH810,2.946939468383789,2.611466616405237,2.188523054122925
PD0325901,3,NCIH841,0.9386914968490601,1.7382797713502258,1.5071669816970825
PD0325901,3,NCIH929,-1.7109839916229248,0.5043780411981609,0.5443416237831116
PD0325901,3,OCIAML2,-5.954269886016846,-0.8129389550495321,-0.48357346653938293
PD0325901,3,OCIAML3,-4.839598655700684,-0.8181953738579971,-0.48767510056495667
PD0325901,3,OCILY19,-0.44704800844192505,1.7164952786599867,1.4901683330535889
PD0325901,3,OCIM1,-1.2057820558547974,-0.5543132042298489,-0.28176531195640564
PD0325901,3,PL21,-2.6493070125579834,-1.0885127875810583,-0.6986063718795776
PD0325901,3,RERFLCKJ,0.659711480140686,0.32045024564695346,0.4008210003376007
PD0325901,3,RS411,1.894950032234192,-0.08774335080552717,0.08230362087488174
PD0325901,3,SHP77,0.44804251194000244,1.153517654035133,1.05087149143219
PD0325901,3,SKMM2,2.1439321041107178,1.2522441285516082,1.127908706665039
PD0325901,3,ST486,0.5545294880867004,0.9735668517854824,0.9104541540145874
PD0325901,3,SUDHL4,1.7174625396728516,0.6510803560068759,0.6588148474693298
PD0325901,3,SUDHL5,0.21812599897384644,1.343427801724451,1.1990602016448975
PD0325901,3,SUDHL8,2.2447025775909424,0.5381684101606945,0.5707085728645325
PD0325901,4,BEN,2.1084349155426025,1.0812488332501773,0.917646050453186
PD0325901,4,BL41,1.1161905527114868,1.4292580603960023,1.1841298341751099
PD0325901,4,CA46,2.6156818866729736,1.8151796421681432,1.479644536972046
PD0325901,4,CAL12T,-0.37115898728370667,-0.6799772377493561,-0.43099114298820496
PD0325901,4,CORL279,2.114794969558716,2.592663367751528,2.074993133544922
PD0325901,4,CORL95,1.9406354427337646,1.5795603883922027,1.2992219924926758
PD0325901,4,EJM,1.9765679836273193,0.7292585045161162,0.6481137871742249
PD0325901,4,EPLC272H,-1.1166654825210571,0.4182006643622814,0.40992507338523865
PD0325901,4,HARA,0.43476051092147827,0.09964039954026163,0.16599147021770477
PD0325901,4,HCC78,0.7499439716339111,0.43008243699666304,0.41902339458465576
PD0325901,4,JURKAT,1.8869580030441284,0.934786328136911,0.8054941892623901
PD0325901,4,K562,-0.03719799965620041,-0.3607106183205822,-0.1865166574716568
PD0325901,4,KNS62,-1.3972795009613037,0.28594698286650577,0.30865344405174255
PD0325901,4,L363,1.8294529914855957,0.6373344835381933,0.5777240991592407
PD0325901,4,LXF289,0.07433699816465378,0.11640566716814668,0.17882926762104034
PD0325901,4,MHHCALL2,0.23731550574302673,-0.11686809053108527,0.00020275790302548558
PD0325901,4,NALM6,1.0500965118408203,0.043568671714738105,0.12305523455142975
PD0325901,4,NCIH1437,-2.5684075355529785,0.05300858009310744,0.13028372824192047
PD0325901,4,NCIH146,2.3689000606536865,2.634944231192683,2.1073691844940186
PD0325901,4,NCIH1648,0.9831234812736511,0.6832133225138683,0.6128552556037903
PD0325901,4,NCIH1792,-0.8290539979934692,0.09485708399233567,0.16232870519161224
PD0325901,4,NCIH1836,4.122115612030029,2.347469543250016,1.8872389793395996
PD0325901,4,NCIH2009,-1.8045464754104614,0.14370978133497814,0.1997370570898056
PD0325901,4,NCIH2030,0.7923055291175842,0.4558935504984606,0.43878793716430664
PD0325901,4,NCIH211,0.46995899081230164,2.3299287216936064,1.8738073110580444
PD0325901,4,NCIH2172,3.0094549655914307,0.10052376118605483,0.1666678935289383
PD0325901,4,NCIH2196,2.5498900413513184,1.965412537324052,1.5946835279464722
PD0325901,4,NCIH2405,-0.19616200029850006,0.2295776356857644,0.2654893100261688
PD0325901,4,NCIH292,-2.348602056503296,-0.3777178500561421,-0.19953973591327667
PD0325901,4,NCIH460,-1.8176145553588867,-0.5076995714799257,-0.29907163977622986
PD0325901,4,NCIH596,1.451272964477539,-0.10731757238422741,0.007515949662774801
PD0325901,4,NCIH69,2.9529941082000732,2.7454377228127234,2.1919782161712646
PD0325901,4,NCIH727,-1.441027045249939,0.8212796691988414,0.7185778617858887
PD0325901,4,NOMO1,-4.5301079750061035,-2.8627664332080833,-2.1024351119995117
PD0325901,4,P12ICHIKAWA,-0.34934350848197937,1.4053387582736256,1.16581392288208
PD0325901,4,RL,2.64251446723938,0.6491012483009039,0.5867343544960022
PD0325901,4,RPMI8402,1.9331719875335693,-0.002749726957266385,0.08758749067783356
PD0325901,4,SKLU1,-0.3142090141773224,0.019242580328501402,0.10442782938480377
PD0325901,4,SUDHL6,0.5721150040626526,1.583640423993903,1.3023462295532227
PD0325901,4,SW1573,2.559927463531494,-0.5434106248467772,-0.326416939496994
PD0325901,5,A4FUK,-1.067665457725525,0.9201821868615062,0.9285116195678711
PD0325901,5,BV173,-1.3749079704284668,1.1109614025713963,1.1288026571273804
PD0325901,5,CHAGOK1,1.6254714727401733,0.45445294943241865,0.4395621716976166
PD0325901,5,CMK,1.103013038635254,-0.25666382199098176,-0.3070092797279358
PD0325901,5,CMLT1,-0.48006200790405273,0.9034562199096605,0.9109517335891724
PD0325901,5,DB,2.3821585178375244,1.412043341853753,1.44489586353302
PD0325901,5,DND41,-0.09599850326776505,1.0274426177953924,1.0411198139190674
PD0325901,5,GDM1,1.1804344654083252,-0.3332496473081676,-0.38741350173950195
PD0325901,5,HCC44,-2.129000425338745,-0.08825965919577354,-0.13020886480808258
PD0325901,5,HH,2.3099894523620605,0.5077430317452218,0.49550917744636536
PD0325901,5,JVM2,1.5698845386505127,-0.006311864780290159,-0.04417533800005913
PD0325901,5,JVM3,-1.325091004371643,-0.46687860153378524,-0.5277048945426941
PD0325901,5,KMH2,-1.0599185228347778,0.5750554737879189,0.5661776661872864
PD0325901,5,LP1,2.9725840091705322,0.9558846996941337,0.9659941792488098
PD0325901,5,ME1,-1.3676685094833374,-1.1922292159117784,-1.289219856262207
PD0325901,5,MM1S,0.07331199944019318,0.4605869281070258,0.44600197672843933
PD0325901,5,MOLM13,-0.6590055227279663,-2.085717623576394,-2.2272555828094482
PD0325901,5,MOLM16,-0.8209819793701172,-0.7662488041115324,-0.8420010209083557
PD0325901,5,MOLT13,-1.027543544769287,1.0472755997686791,1.0619416236877441
PD0325901,5,NB4,-5.221301555633545,-0.6968036176185202,-0.7690934538841248
PD0325901,5,NCIH1155,0.7669064998626709,0.9891679579842465,1.0009368658065796
PD0325901,5,NCIH1341,0.7586789727210999,1.5113964008226444,1.5492024421691895
PD0325901,5,NCIH1876,2.134458541870117,2.334615149675033,2.4134650230407715
PD0325901,5,NCIH1963,2.2900490760803223,2.333514187878158,2.412309169769287
PD0325901,5,NCIH2087,-1.5885870456695557,-0.052410037780435306,-0.09257186204195023
PD0325901,5,NCIH2171,2.2230100631713867,1.943076299722029,2.0024049282073975
PD0325901,5,NCIH2227,0.8720325231552124,1.4825556528276884,1.5189237594604492
PD0325901,5,NCIH446,1.9471490383148193,1.3112011003388613,1.339025855064392
PD0325901,5,NCIH522,2.413440465927124,1.2636447966333089,1.2890985012054443
PD0325901,5,NCIH524,2.1219615936279297,0.6667531806668329,0.6624472141265869
PD0325901,5,NCIH647,1.2986249923706055,-0.5087906592617109,-0.5717065930366516
PD0325901,5,NCIH661,1.586463451385498,1.044503551465553,1.059031367301941
PD0325901,5,NCIH82,2.7105023860931396,1.8632645178113902,1.9186139106750488
PD0325901,5,NUDUL1,0.4664449989795685,1.3965980832462712,1.4286805391311646
PD0325901,5,P31FUJ,-1.0295820236206055,0.0030970664670761025,-0.03429729864001274
PD0325901,5,SBC5,1.526876449584961,1.1063554398725057,1.1239670515060425
PD0325901,5,SIGM5,1.7344739437103271,-0.3316468031740206,-0.3857307434082031
PD0325901,5,SUPB15,-0.06355399638414383,0.6495504822685989,0.6443868279457092
PD0325901,5,SUPM2,1.3233784437179565,0.4024700037703144,0.384987473487854
PD0325901,5,SUPT1,2.6278140544891357,1.4596723163049736,1.4948995113372803
PD173074,1,A4FUK,0.559909999370575,2.320352485417615,2.3134918212890625
PD173074,1,A549,3.994593381881714,4.0728952640902545,4.106482028961182
PD173074,1,ALLSIL,2.4688639640808105,2.0486241409938373,2.035492181777954
PD173074,1,AMO1,2.79443359375,2.424633537797813,2.420179605484009
PD173074,1,CALU6,4.270909309387207,3.2780840015162056,3.2933270931243896
PD173074,1,CMK,1.6840029954910278,3.043918471399526,3.0537571907043457
PD173074,1,DAUDI,2.70686411857605,2.043232989490727,2.0299766063690186
PD173074,1,DND41,2.7465920448303223,2.6519921973233984,2.652785539627075
PD173074,1,EJM,3.5264785289764404,3.1420323484802375,3.1541354656219482
PD173074,1,GDM1,2.4152190685272217,1.722055266865003,1.7013863325119019
PD173074,1,HARA,2.3773584365844727,3.442904231620883,3.46195125579834
PD173074,1,HCC827,3.899205446243286,3.8510645506529064,3.8795316219329834
PD173074,1,JURLMK1,1.696524977684021,2.6468310564770516,2.647505283355713
PD173074,1,KARPAS422,2.9153060913085938,2.566916918262876,2.565746784210205
PD173074,1,LCLC97TM1,2.417179584503174,3.654497489990726,3.6784279346466064
PD173074,1,MM1S,2.2601840496063232,2.4444235428464713,2.4404263496398926
PD173074,1,MOLT16,1.4982244968414307,1.9034651612388707,1.886983036994934
PD173074,1,NB4,1.6060290336608887,2.3543283452881316,2.3482518196105957
PD173074,1,NCIH1436,3.843688488006592,2.9477497806936945,2.955368995666504
PD173074,1,NCIH146,2.201416492462158,3.8199776898825917,3.8477272987365723
PD173074,1,NCIH1568,4.613149642944336,3.97082786037125,4.002058982849121
PD173074,1,NCIH1781,3.6404035091400146,3.591865611458002,3.6143505573272705
PD173074,1,NCIH1792,2.9627435207366943,3.3296860883725126,3.3461201190948486
PD173074,1,NCIH196,3.6490814685821533,3.23703071140667,3.251326322555542
PD173074,1,NCIH2081,4.242602825164795,3.655958418873453,3.679922580718994
PD173074,1,NCIH2170,2.709480047225952,3.6546053875936457,3.6785383224487305
PD173074,1,NCIH2171,4.0437331199646,3.8197959185429,3.847541332244873
PD173074,1,NCIH2196,4.439842224121094,3.3396518185911965,3.356315851211548
PD173074,1,NCIH2227,1.2818374633789062,3.8083035421109854,3.8357837200164795
PD173074,1,NCIH2444,5.221948146820068,3.7814859774216334,3.808347225189209
PD173074,1,NCIH441,3.864738941192627,3.494582522615753,3.514822244644165
PD173074,1,NCIH460,2.6876025199890137,3.429923660605288,3.4486711025238037
PD173074,1,NCIH526,3.4397809505462646,3.12916270458989,3.1409687995910645
PD173074,1,NCIH838,2.1078600883483887,3.642099053342503,3.665743350982666
PD173074,1,NCIH929,2.333853006362915,2.390108868305535,2.3848581314086914
PD173074,1,NUDUL1,2.2527594566345215,2.693600123059173,2.6953537464141846
PD173074,1,OCIAML5,2.694045066833496,3.422469637436856,3.441045045852661
PD173074,1,OCILY19,2.032991409301758,2.20205220194361,2.1924612522125244
PD173074,1,RS411,1.5956535339355469,2.0471042529458003,2.0339372158050537
PD173074,1,SKMES1,3.619913101196289,3.564597114022107,3.5864527225494385
PD173074,1,SKMM2,4.456928730010986,1.9940432180482888,1.9796515703201294
PD173074,2,A3KAW,1.675491452217102,1.999886172280858,2.0220999717712402
PD173074,2,CAL12T,3.580785036087036,3.675568587745333,3.6817400455474854
PD173074,2,CORL311,5.156472206115723,2.8151777573740158,2.8295862674713135
PD173074,2,DMS273,2.8319904804229736,2.9043981896884166,2.917952537536621
PD173074,2,DMS79,4.4897074699401855,3.619277400099093,3.6259877681732178
PD173074,2,EM2,3.364307403564453,1.9006172326584587,1.923781394958496
PD173074,2,GRANTA519,4.5918989181518555,2.3528614459268815,2.3716959953308105
PD173074,2,HCC366,4.5212907791137695,3.4991774809137093,3.50703763961792
PD173074,2,HEL,2.683323383331299,2.0125388228477967,2.0346314907073975
PD173074,2,HT,3.8681070804595947,2.3674940445715404,2.386188507080078
PD173074,2,IALM,2.8497705459594727,3.2116254691116652,3.222238540649414
PD173074,2,KG1,-1.0972504615783691,2.497706503428287,2.5151543617248535
PD173074,2,KMS12BM,2.062506914138794,2.5712142122318,2.587958335876465
PD173074,2,KU812,1.7092134952545166,2.124362438706723,2.1453845500946045
PD173074,2,L1236,2.5967514514923096,2.412794775143445,2.4310555458068848
PD173074,2,L540,2.2671279907226562,2.4037859512090236,2.422132968902588
PD173074,2,LCLC103H,3.162808895111084,3.421346624690405,3.4299519062042236
PD173074,2,LOUCY,1.4148019552230835,2.0998334697978494,2.1210904121398926
PD173074,2,LU65,3.0451865196228027,2.8954211412125073,2.9090614318847656
PD173074,2,NAMALWA,2.443358898162842,2.166436756623833,2.187056064605713
PD173074,2,NCIH1092,3.7614364624023438,3.373430918316886,3.3824949264526367
PD173074,2,NCIH1105,3.554905891418457,3.152708232397966,3.1638853549957275
PD173074,2,NCIH1341,3.1613545417785645,3.004474514824819,3.017070770263672
PD173074,2,NCIH1437,3.1831204891204834,3.284874881953185,3.2947866916656494
PD173074,2,NCIH1975,3.4743266105651855,3.5333736516284406,3.5409064292907715
PD173074,2,NCIH2009,3.5799694061279297,3.340938826926432,3.350313901901245
PD173074,2,NCIH2023,4.0105299949646,3.4611263693458936,3.469350814819336
PD173074,2,NCIH209,1.597417950630188,3.2965764352733062,3.3063762187957764
PD173074,2,NCIH211,2.4108335971832275,3.3510364417612215,3.3603148460388184
PD173074,2,NCIH2172,3.97477650642395,3.2868630146187043,3.296755790710449
PD173074,2,NCIH2342,4.7131829261779785,3.5939776355981388,3.6009302139282227
PD173074,2,NCIH596,2.5176310539245605,3.749784985562926,3.7552459239959717
PD173074,2,NCIH647,2.657045602798462,3.4099722141590525,3.4186863899230957
PD173074,2,NCIH810,3.9667444229125977,3.5928281824587933,3.5997917652130127
PD173074,2,OCIM1,2.39692759513855,2.150903371875,2.1716713905334473
PD173074,2,P12ICHIKAWA,2.1136159896850586,2.1980150628589037,2.218332052230835
PD173074,2,RCHACV,1.889765977859497,2.1566248801924788,2.177338123321533
PD173074,2,RERFLCKJ,3.501375436782837,3.481453756036101,3.489483594894409
PD173074,2,SKLU1,2.086500883102417,3.5225013896308424,3.5301382541656494
PD173074,2,SUPB15,2.4050486087799072,1.9850126097424852,2.007368803024292
PD173074,2,SW1573,4.693129539489746,3.509364644767941,3.517127275466919
PD173074,3,697,0.798229992389679,1.997545686842633,1.8864613771438599
PD173074,3,ABC1,4.71476936340332,3.4736721876430643,3.53605055809021
PD173074,3,CALU3,4.352529525756836,3.4231747179157153,3.479619026184082
PD173074,3,COLO668,3.209662437438965,3.1594558953474463,3.1849100589752197
PD173074,3,CORL23,3.831386089324951,2.9432990921261624,2.943352222442627
PD173074,3,DMS114,1.2993930578231812,3.488610577074176,3.5527443885803223
PD173074,3,DMS53,3.8200485706329346,3.367430602665153,3.4173243045806885
PD173074,3,EBC1,4.111774444580078,3.253972106573312,3.2905330657958984
PD173074,3,HCC33,3.786712884902954,3.4194735628028043,3.475482940673828
PD173074,3,HCC44,2.5497825145721436,2.819615482989793,2.8051342964172363
PD173074,3,HCC78,3.2617709636688232,3.4327913634491756,3.490365743637085
PD173074,3,JM1,2.8075714111328125,2.600120855711471,2.5598464012145996
PD173074,3,K562,3.3153345584869385,2.85975108382598,2.8499863147735596
PD173074,3,KCL22,3.2057344913482666,1.9164415759264946,1.7958265542984009
PD173074,3,KMS11,1.6181584596633911,2.580663336259511,2.538102388381958
PD173074,3,L428,2.793435573577881,2.3891251456038853,2.3240561485290527
PD173074,3,LXF289,2.489295482635498,3.5084049724728326,3.5748648643493652
PD173074,3,ME1,2.783571481704712,2.1790649649619507,2.089311361312866
PD173074,3,MHHCALL2,2.2060840129852295,2.2901058054312697,2.2134008407592773
PD173074,3,MOLP8,2.4311439990997314,2.6132888863042765,2.574561834335327
PD173074,3,MONOMAC6,2.3131964206695557,2.5863787065799957,2.5444893836975098
PD173074,3,NCIH1048,3.5122599601745605,3.1293834766859066,3.151303768157959
PD173074,3,NCIH1155,3.4433319568634033,3.7018182756651985,3.791006565093994
PD173074,3,NCIH1623,4.034000873565674,3.765105297245999,3.8617305755615234
PD173074,3,NCIH1648,3.767457962036133,3.753534600543577,3.8488001823425293
PD173074,3,NCIH1651,4.5694966316223145,3.6989690177373147,3.7878224849700928
PD173074,3,NCIH2030,3.1564505100250244,3.5505402808760778,3.6219515800476074
PD173074,3,NCIH2405,5.066765308380127,3.4117636052589733,3.466866970062256
PD173074,3,NCIH82,1.767386555671692,3.0963924621087213,3.114435911178589
PD173074,3,NCIH841,4.23874044418335,3.776553532394651,3.8745241165161133
PD173074,3,P31FUJ,2.003446102142334,2.6040125302799866,2.564195394515991
PD173074,3,REH,1.9420700073242188,2.3055031056675386,2.230607509613037
PD173074,3,RL,3.6367990970611572,2.389845193938337,2.3248608112335205
PD173074,3,RPMI8226,2.072465419769287,2.8932165835871126,2.8873844146728516
PD173074,3,RPMI8402,1.4317890405654907,2.2193776443515,2.1343612670898438
PD173074,3,SUDHL1,4.976861000061035,2.464607332472276,2.4084084033966064
PD173074,3,SUDHL4,3.1209425926208496,2.5153567657797695,2.4651215076446533
PD173074,3,SUDHL6,2.1943728923797607,2.639250522355972,2.603574275970459
PD173074,3,SUDHL8,2.6408634185791016,2.499852791716174,2.4477956295013428
PD173074,3,SUPM2,2.157895088195801,2.357897236044748,2.289158582687378
PD173074,3,WSUDLCL2,2.762822389602661,2.504516571446877,2.453007459640503
PD173074,4,BEN,3.055382013320923,3.834851830966639,3.793790817260742
PD173074,4,BV173,0.8476535081863403,2.1073568478889224,2.173173427581787
PD173074,4,CA46,3.1671030521392822,2.4190934901514236,2.465623378753662
PD173074,4,CHAGOK1,4.004014492034912,3.551197114184219,3.5276854038238525
PD173074,4,CMLT1,2.6429879665374756,1.9050823297414619,1.9834133386611938
PD173074,4,CORL105,4.052297592163086,3.4187619535812264,3.4034438133239746
PD173074,4,CORL279,3.052764415740967,3.0529451703869896,3.0602595806121826
PD173074,4,DOHH2,2.294684886932373,2.358320774529041,2.4086105823516846
PD173074,4,EHEB,2.8340420722961426,3.3489961701376525,3.337994337081909
PD173074,4,HCC15,4.390401363372803,3.3835920085020654,3.3704497814178467
PD173074,4,JEKO1,1.9113789796829224,2.3196169853292203,2.3723013401031494
PD173074,4,JURKAT,2.73392653465271,2.2195778101810086,2.278451442718506
PD173074,4,JVM2,2.245043992996216,3.003559285820066,3.0139291286468506
PD173074,4,JVM3,1.9252469539642334,2.298849265803298,2.352818489074707
PD173074,4,KOPN8,2.426811933517456,1.9308616018842373,2.0075976848602295
PD173074,4,LAMA84,1.7731934785842896,2.0244699685729617,2.095414638519287
PD173074,4,LOUNH91,3.512234926223755,3.964768952911056,3.915670156478882
PD173074,4,MOLM13,2.3198795318603516,2.289745137940343,2.3442776203155518
PD173074,4,NALM6,1.961498498916626,1.937857876231425,2.0141611099243164
PD173074,4,NCIH1435,3.8508009910583496,3.297344355748377,3.2895381450653076
PD173074,4,NCIH1650,4.027660846710205,3.760829931917981,3.724348545074463
PD173074,4,NCIH1944,3.9204070568084717,3.5010658312134195,3.4806556701660156
PD173074,4,NCIH2087,4.238948822021484,3.012525160450253,3.0223402976989746
PD173074,4,NCIH2110,2.626220941543579,3.2289090055282226,3.225336790084839
PD173074,4,NCIH2122,2.7750658988952637,3.8356627979992908,3.7945516109466553
PD173074,4,NCIH2228,3.5527920722961426,3.3242071621887748,3.3147389888763428
PD173074,4,NCIH23,4.119946002960205,4.1774057287538575,4.115151405334473
PD173074,4,NCIH2347,4.528967380523682,3.6102195540454383,3.5830562114715576
PD173074,4,NCIH358,3.2945001125335693,3.7394492219555953,3.7042906284332275
PD173074,4,NCIH446,1.6308095455169678,3.3366700303536816,3.3264307975769043
PD173074,4,NCIH650,3.77421498298645,3.366169813895551,3.3541054725646973
PD173074,4,NCIH661,4.3288445472717285,3.224380195587183,3.221088171005249
PD173074,4,OCIAML2,1.7547874450683594,2.324386721859716,2.3767759799957275
PD173074,4,PF382,2.3967125415802,2.028858238003485,2.099531412124634
PD173074,4,RERFLCMS,3.683861017227173,3.650170417901863,3.620535373687744
PD173074,4,SHP77,3.4460558891296387,3.0515733120221338,3.0589725971221924
PD173074,4,SIGM5,2.852818012237549,2.571918715309947,2.6089935302734375
PD173074,4,SKM1,1.387723445892334,2.5853719747397377,2.621614456176758
PD173074,4,ST486,2.5453124046325684,2.3435058224132743,2.394712209701538
PD173074,4,SUDHL10,2.117738962173462,2.4321759564440666,2.4778964519500732
PD173074,5,BL41,2.3453450202941895,2.545204741649043,2.505845785140991
PD173074,5,CORL88,2.6291704177856445,3.3618490798995673,3.394589900970459
PD173074,5,CORL95,4.181751728057861,3.183748216739865,3.2007648944854736
PD173074,5,DB,2.105936050415039,2.543292420597331,2.5037646293640137
PD173074,5,EPLC272H,2.8306615352630615,3.3215437754601225,3.3507261276245117
PD173074,5,GA10,2.6122899055480957,2.3764593325152683,2.322202205657959
PD173074,5,HDLM2,2.053921937942505,2.868248542875103,2.857410430908203
PD173074,5,HH,2.5389020442962646,2.550916949130123,2.5120623111724854
PD173074,5,HL60,3.0978939533233643,2.5114303345486513,2.4690895080566406
PD173074,5,KMH2,3.0294458866119385,2.5304573703674462,2.4897964000701904
PD173074,5,KNS62,4.085081100463867,3.1122424380716707,3.12294602394104
PD173074,5,L363,2.3375051021575928,2.41564800270101,2.3648507595062256
PD173074,5,LP1,3.4337735176086426,2.4143166732209718,2.3634018898010254
PD173074,5,MEG01,2.223109483718872,2.9263919535483223,2.920687198638916
PD173074,5,MOLM16,0.4243195056915283,2.472032884209137,2.4262137413024902
PD173074,5,MOLT13,1.9403375387191772,2.396345368316165,2.343843936920166
PD173074,5,NCIH1793,4.934384822845459,3.6508823092762666,3.709141254425049
PD173074,5,NCIH1836,4.934869289398193,3.4724526118974537,3.514958381652832
PD173074,5,NCIH1876,2.9334585666656494,3.432771457151711,3.471773862838745
PD173074,5,NCIH1915,3.4563233852386475,3.295012703327397,3.321852684020996
PD173074,5,NCIH1963,3.9370739459991455,3.1480043095529924,3.161865234375
PD173074,5,NCIH2029,3.568129062652588,3.2076678938747203,3.2267963886260986
PD173074,5,NCIH2066,5.152918338775635,3.5258080999466417,3.5730245113372803
PD173074,5,NCIH2085,3.644094467163086,3.367974027999438,3.4012556076049805
PD173074,5,NCIH2291,3.3763160705566406,3.608405735052938,3.662914514541626
PD173074,5,NCIH292,3.171967029571533,3.4670891746207873,3.5091214179992676
PD173074,5,NCIH522,3.499823570251465,3.28084719992452,3.306436538696289
PD173074,5,NCIH524,2.476996898651123,3.5074889011444674,3.5530879497528076
PD173074,5,NCIH69,3.423224925994873,3.2807827913566197,3.306366443634033
PD173074,5,NCIH727,4.209766864776611,3.5853647748087254,3.6378393173217773
PD173074,5,NOMO1,2.386443614959717,2.6681872060592333,2.639686107635498
PD173074,5,OCIAML3,1.6356070041656494,2.55783867941181,2.519595146179199
PD173074,5,OPM2,-0.5831009745597839,2.3353734575743625,2.277488946914673
PD173074,5,PL21,1.2957179546356201,2.2725166103760444,2.20908260345459
PD173074,5,RAJI,2.8372209072113037,2.186175391568103,2.1151185035705566
PD173074,5,SBC5,3.308929443359375,3.6282698631776777,3.684532403945923
PD173074,5,SUDHL5,1.8436665534973145,2.8572504512909513,2.8454413414001465
PD173074,5,SUPT1,2.706916570663452,2.625706907530958,2.5934553146362305
PD173074,5,SW1271,4.281443119049072,3.31286877385562,3.341285228729248
PD173074,5,THP1,3.2355101108551025,2.7708145913220132,2.7513742446899414
PEVONEDISTAT,1,A3KAW,-1.1007380485534668,0.8131946181366891,0.8487274050712585
PEVONEDISTAT,1,AMO1,0.051270999014377594,-0.2239641925698772,-0.220990389585495
PEVONEDISTAT,1,BEN,1.3137919902801514,1.3148509977348282,1.3661320209503174
PEVONEDISTAT,1,BV173,-1.5650559663772583,-0.3941139541164633,-0.39648157358169556
PEVONEDISTAT,1,CORL105,0.5819555521011353,0.6954842370480224,0.7273218035697937
PEVONEDISTAT,1,DMS114,-0.1888359934091568,0.8767096267716814,0.914236307144165
PEVONEDISTAT,1,DMS79,2.3309719562530518,0.9688469206309279,1.0092660188674927
PEVONEDISTAT,1,EJM,2.285214900970459,0.2003124670778862,0.21660536527633667
PEVONEDISTAT,1,GDM1,-0.474824994802475,-0.623438111808362,-0.6330047845840454
PEVONEDISTAT,1,HCC366,0.9902020692825317,0.47310501888629,0.49796155095100403
PEVONEDISTAT,1,HCC44,0.07430703192949295,0.8010248143017653,0.8361755609512329
PEVONEDISTAT,1,JVM2,-1.1097874641418457,0.09299268773524197,0.10591655224561691
PEVONEDISTAT,1,KMS12BM,0.004123112186789513,0.49257459567040995,0.5180423259735107
PEVONEDISTAT,1,MHHCALL2,0.10172399878501892,-0.4140039853859502,-0.4169960021972656
PEVONEDISTAT,1,MOLM16,0.6748740077018738,0.31057229990949853,0.33032652735710144
PEVONEDISTAT,1,NCIH1048,0.2708423137664795,-0.18529916804449856,-0.18111157417297363
PEVONEDISTAT,1,NCIH1155,-1.069885015487671,0.9789958499006953,1.0197335481643677
PEVONEDISTAT,1,NCIH1435,1.7112330198287964,0.17943130053916898,0.19506868720054626
PEVONEDISTAT,1,NCIH146,-0.6693295240402222,1.090905340283272,1.1351561546325684
PEVONEDISTAT,1,NCIH1568,1.0448061227798462,0.9146792298071745,0.9533978700637817
PEVONEDISTAT,1,NCIH1915,1.0011135339736938,0.5246721101541705,0.5511474609375
PEVONEDISTAT,1,NCIH2023,-0.026579735800623894,0.6336079924624493,0.663503110408783
PEVONEDISTAT,1,NCIH2066,4.117818832397461,0.7235641010229255,0.756283164024353
PEVONEDISTAT,1,NCIH209,-1.7790755033493042,0.7313666798617423,0.7643306851387024
PEVONEDISTAT,1,NCIH2122,0.08972011506557465,0.8600853921378304,0.8970901966094971
PEVONEDISTAT,1,NCIH2170,-0.19312939047813416,0.6564322765035696,0.6870439052581787
PEVONEDISTAT,1,NCIH2342,3.6499946117401123,0.839487774486812,0.8758459687232971
PEVONEDISTAT,1,NCIH2444,1.4774954319000244,0.7032954266652489,0.7353782057762146
PEVONEDISTAT,1,NCIH524,0.38979753851890564,0.5654841369217467,0.5932406783103943
PEVONEDISTAT,1,NCIH526,-0.9440510272979736,0.5716318281730484,0.5995813608169556
PEVONEDISTAT,1,NCIH596,2.0686428546905518,0.9425474073303012,0.9821408987045288
PEVONEDISTAT,1,NCIH661,1.1497408151626587,0.8420047223531009,0.8784419298171997
PEVONEDISTAT,1,NCIH810,-0.33816251158714294,0.4857029055471852,0.5109549164772034
PEVONEDISTAT,1,NCIH841,0.1190984919667244,0.4989433354278663,0.5246109962463379
PEVONEDISTAT,1,OCIAML5,-0.24898001551628113,-0.2414316188975975,-0.2390061616897583
PEVONEDISTAT,1,PF382,0.09199612587690353,-0.6015811244720827,-0.6104616522789001
PEVONEDISTAT,1,RAJI,-1.135274052619934,-0.3564518541139765,-0.3576371669769287
PEVONEDISTAT,1,SKMM2,0.4459192454814911,0.40761822868116837,0.4304189682006836
PEVONEDISTAT,1,SUDHL10,-0.8278884887695312,-0.052714913359874806,-0.04436517134308815
PEVONEDISTAT,1,SUDHL4,-0.7215535044670105,-0.08235329571979771,-0.0749339759349823
PEVONEDISTAT,1,THP1,-1.7772239446640015,-0.747336117355586,-0.7607922554016113
PEVONEDISTAT,2,ABC1,0.028101036325097084,0.8509348480946166,0.9540771245956421
PEVONEDISTAT,2,ALLSIL,-0.6193479895591736,-0.5761597398646439,-0.700938880443573
PEVONEDISTAT,2,CA46,0.7210220098495483,-0.5082226520347406,-0.6221515536308289
PEVONEDISTAT,2,CORL23,0.8084459900856018,0.7079298151270856,0.7882327437400818
PEVONEDISTAT,2,CORL279,-0.9388895630836487,0.9034664511835429,1.0149985551834106
PEVONEDISTAT,2,DND41,-0.28438401222229004,-0.45146900866084405,-0.5563337802886963
PEVONEDISTAT,2,EHEB,2.3594980239868164,0.5082013083310738,0.5566055774688721
PEVONEDISTAT,2,EM2,-2.355792999267578,-0.5884263069783917,-0.7151645421981812
PEVONEDISTAT,2,HCC78,-0.4720413088798523,0.47692612873975654,0.5203354358673096
PEVONEDISTAT,2,HDLM2,0.8143274784088135,-0.06386042872987521,-0.10682019591331482
PEVONEDISTAT,2,HEL,-1.7123459577560425,-0.10970228204690591,-0.15998345613479614
PEVONEDISTAT,2,JM1,-0.9529029726982117,0.06285476827215614,0.04013269767165184
PEVONEDISTAT,2,JURLMK1,-0.25159144401550293,0.414954952874484,0.44846683740615845
PEVONEDISTAT,2,KARPAS422,1.66274094581604,-0.44342921027870763,-0.5470099449157715
PEVONEDISTAT,2,KG1,0.42033448815345764,-0.46580658400718566,-0.5729612112045288
PEVONEDISTAT,2,KMH2,1.2736530303955078,-0.5028288307175104,-0.6158962845802307
PEVONEDISTAT,2,KOPN8,0.08763299882411957,-0.7802257741152163,-0.937596321105957
PEVONEDISTAT,2,KU812,-0.09230399876832962,-0.2002215829975443,-0.2649596035480499
PEVONEDISTAT,2,L428,0.6201140284538269,-0.07561321413876824,-0.12045001983642578
PEVONEDISTAT,2,MEG01,0.1409648060798645,-0.1701422121428853,-0.23007625341415405
PEVONEDISTAT,2,NAMALWA,-1.0774974822998047,-0.4978301944679168,-0.6100993156433105
PEVONEDISTAT,2,NCIH1437,0.16447819769382477,0.613680926190288,0.6789313554763794
PEVONEDISTAT,2,NCIH1781,2.067020893096924,0.7118583833433598,0.7927887439727783
PEVONEDISTAT,2,NCIH1793,3.1089038848876953,0.7668584925596778,0.8565729260444641
PEVONEDISTAT,2,NCIH1876,3.074294090270996,0.3718257631388452,0.39844948053359985
PEVONEDISTAT,2,NCIH1944,0.5557547807693481,0.6979340331165134,0.7766405344009399
PEVONEDISTAT,2,NCIH196,0.9313849806785583,0.8561503247396269,0.9601255655288696
PEVONEDISTAT,2,NCIH1975,1.183577060699463,0.6332494484255413,0.7016251683235168
PEVONEDISTAT,2,NCIH2030,0.2559371292591095,0.6130804134668824,0.6782349348068237
PEVONEDISTAT,2,NCIH2110,-0.3607836067676544,0.8777508455226861,0.9851759076118469
PEVONEDISTAT,2,NCIH2227,-0.8593425154685974,1.0545125674371887,1.1901682615280151
PEVONEDISTAT,2,NCIH2228,0.24489712715148926,0.5774262811167368,0.636886477470398
PEVONEDISTAT,2,NCIH358,1.4892945289611816,0.8822784359737508,0.9904265999794006
PEVONEDISTAT,2,NCIH82,0.1597297638654709,-0.09524402851890078,-0.143216073513031
PEVONEDISTAT,2,OCIAML2,-1.8963040113449097,-0.4194117337158755,-0.5191566348075867
PEVONEDISTAT,2,OPM2,0.5069050192832947,-0.3747350827227344,-0.4673446714878082
PEVONEDISTAT,2,PL21,0.052981093525886536,-0.4050871102016374,-0.5025442242622375
PEVONEDISTAT,2,REH,-0.06491400301456451,-0.1952695630642917,-0.25921669602394104
PEVONEDISTAT,2,SKM1,-1.3860419988632202,-0.726504349942172,-0.8752950429916382
PEVONEDISTAT,2,SUDHL6,-0.6405770182609558,0.023606594062676223,-0.005383806303143501
PEVONEDISTAT,2,SW1573,0.10538840293884277,0.14075022492103678,0.13046884536743164
PEVONEDISTAT,3,697,-0.3934429883956909,-0.4140451099462168,-0.46269235014915466
PEVONEDISTAT,3,A4FUK,-1.0337220430374146,0.2854637147950021,0.31746768951416016
PEVONEDISTAT,3,A549,-0.05174621194601059,0.010753778223385217,0.011084542609751225
PEVONEDISTAT,3,BL41,-1.5717979669570923,-0.2777089823921893,-0.31063708662986755
PEVONEDISTAT,3,CAL12T,2.581792116165161,0.1902900977276143,0.21132084727287292
PEVONEDISTAT,3,CALU3,0.9401869773864746,0.6875405599716443,0.7659027576446533
PEVONEDISTAT,3,CHAGOK1,0.5592389702796936,0.7311737600783353,0.8145667314529419
PEVONEDISTAT,3,COLO668,0.024462679401040077,0.9934319279037161,1.1070624589920044
PEVONEDISTAT,3,DB,1.5709190368652344,-0.11627419583474222,-0.13058936595916748
PEVONEDISTAT,3,DMS273,0.9719025492668152,-0.018654978894711537,-0.02171495370566845
PEVONEDISTAT,3,EPLC272H,-1.559738039970398,0.7194425737877299,0.8014829754829407
PEVONEDISTAT,3,HARA,-0.021050572395324707,0.41599357076586135,0.46304723620414734
PEVONEDISTAT,3,HCC827,2.3206748962402344,0.39669196445419724,0.44152021408081055
PEVONEDISTAT,3,HH,0.7034976482391357,0.03903514508597129,0.04262666404247284
PEVONEDISTAT,3,IALM,1.2817353010177612,0.26606299872029443,0.2958301305770874
PEVONEDISTAT,3,JVM3,-1.5952919721603394,0.46726998005363546,0.5202356576919556
PEVONEDISTAT,3,K562,0.5451390147209167,0.7731024005235142,0.8613296151161194
PEVONEDISTAT,3,L363,-0.802420973777771,-0.07828303743694995,-0.08821794390678406
PEVONEDISTAT,3,LCLC97TM1,2.453329086303711,0.3897127025048055,0.43373626470565796
PEVONEDISTAT,3,LP1,0.807104229927063,-0.14204286783318848,-0.15932908654212952
PEVONEDISTAT,3,ME1,2.185072898864746,-0.7300109625784553,-0.8150880932807922
PEVONEDISTAT,3,MOLP8,-0.8310369849205017,0.4500139789429078,0.500990092754364
PEVONEDISTAT,3,NALM6,0.13359299302101135,-0.5745989980273917,-0.641757607460022
PEVONEDISTAT,3,NCIH1105,0.5201814770698547,-0.3821563499566262,-0.4271269142627716
PEVONEDISTAT,3,NCIH1436,2.9829494953155518,0.29893807320535576,0.3324955999851227
PEVONEDISTAT,3,NCIH1651,1.3424922227859497,0.6713490335227131,0.747844398021698
PEVONEDISTAT,3,NCIH2009,0.33490049839019775,1.0400788771382325,1.1590876579284668
PEVONEDISTAT,3,NCIH2196,3.838627338409424,-0.16364064614224613,-0.18341702222824097
PEVONEDISTAT,3,NCIH23,-0.302114337682724,0.38673160695757847,0.4304114580154419
PEVONEDISTAT,3,OCIM1,-1.1215389966964722,-0.2821672917222618,-0.3156094253063202
PEVONEDISTAT,3,P31FUJ,-0.7151569724082947,0.02413474609055823,0.02600829489529133
PEVONEDISTAT,3,RERFLCMS,0.10226451605558395,0.588131837632071,0.6550325155258179
PEVONEDISTAT,3,RPMI8402,-0.4444139897823334,-0.5721516896536771,-0.6390281319618225
PEVONEDISTAT,3,RS411,-0.8023179769515991,-0.8293340694742994,-0.9258628487586975
PEVONEDISTAT,3,SHP77,0.827301025390625,0.6988141151482341,0.7784761190414429
PEVONEDISTAT,3,ST486,-0.06403999775648117,-0.35070336295590426,-0.3920474946498871
PEVONEDISTAT,3,SUDHL1,-1.4425510168075562,-0.490464509080465,-0.547922670841217
PEVONEDISTAT,3,SUDHL5,-2.0315260887145996,-0.36067269885111636,-0.403166264295578
PEVONEDISTAT,3,SUPB15,0.08725232630968094,-0.6633720590332912,-0.7407659292221069
PEVONEDISTAT,3,SW1271,0.34343743324279785,0.09602405379839096,0.10618621855974197
PEVONEDISTAT,3,WSUDLCL2,0.06468654423952103,-0.34112309099973614,-0.381362646818161
PEVONEDISTAT,4,CALU6,0.01276599895209074,0.5027087760648113,0.5786320567131042
PEVONEDISTAT,4,CMK,-0.829505980014801,0.6335807822425181,0.7418684959411621
PEVONEDISTAT,4,CMLT1,-0.8892920017242432,-0.30418670818241944,-0.42780736088752747
PEVONEDISTAT,4,CORL95,1.3731759786605835,0.6823882240752824,0.8027459383010864
PEVONEDISTAT,4,DAUDI,-0.7655640244483948,-0.4603043227185595,-0.6225326061248779
PEVONEDISTAT,4,DMS53,1.9243340492248535,0.5585074079577229,0.6482295989990234
PEVONEDISTAT,4,EBC1,-0.6952030062675476,0.5597107801482002,0.6497305631637573
PEVONEDISTAT,4,GRANTA519,-0.8056797981262207,-0.07256797793995452,-0.1389096975326538
PEVONEDISTAT,4,HL60,-0.9032909870147705,-0.7967583370239104,-1.0421911478042603
PEVONEDISTAT,4,HT,0.4147160053253174,-0.7030303044368047,-0.9252843260765076
PEVONEDISTAT,4,KCL22,-0.7638199925422668,-0.16820698869444523,-0.258200079202652
PEVONEDISTAT,4,L540,-0.31081050634384155,-0.1718951892210528,-0.2628003656864166
PEVONEDISTAT,4,LAMA84,0.17037814855575562,-0.4912645153718115,-0.6611492037773132
PEVONEDISTAT,4,LCLC103H,0.10532029718160629,0.4317681886450443,0.49014797806739807
PEVONEDISTAT,4,LOUNH91,0.33222463726997375,0.7946350565286123,0.9427512288093567
PEVONEDISTAT,4,LU65,1.2216730117797852,0.6338786386027455,0.7422400116920471
PEVONEDISTAT,4,LXF289,0.5033262372016907,0.5699761441819292,0.6625345349311829
PEVONEDISTAT,4,MM1S,0.3791234493255615,-0.2808980490837085,-0.3987594544887543
PEVONEDISTAT,4,MOLM13,-1.5111030340194702,-0.0325210935387191,-0.08895928412675858
PEVONEDISTAT,4,NCIH1650,1.611784815788269,0.9408880726920287,1.1251723766326904
PEVONEDISTAT,4,NCIH1792,1.080827236175537,0.5295354411545621,0.612092912197113
PEVONEDISTAT,4,NCIH1836,3.432636022567749,0.6293087679580256,0.7365400195121765
PEVONEDISTAT,4,NCIH1963,-3.0927650928497314,0.5852226815545024,0.6815515160560608
PEVONEDISTAT,4,NCIH2029,2.7959370613098145,0.9254026959020937,1.105857491493225
PEVONEDISTAT,4,NCIH2171,-0.2898116707801819,0.5059282817123705,0.5826477408409119
PEVONEDISTAT,4,NCIH2172,1.8923523426055908,0.90415047973473,1.0793496370315552
PEVONEDISTAT,4,NCIH2291,1.8320775032043457,0.7005830280932247,0.8254402875900269
PEVONEDISTAT,4,NCIH2347,0.46689459681510925,0.9044023172156217,1.0796637535095215
PEVONEDISTAT,4,NCIH292,0.32217085361480713,0.7947428162097149,0.9428856372833252
PEVONEDISTAT,4,NCIH460,0.4719063341617584,0.4504103506473067,0.5134003162384033
PEVONEDISTAT,4,NCIH69,0.4126800000667572,0.69436096977026,0.8176795244216919
PEVONEDISTAT,4,NCIH838,-0.44341468811035156,0.7423230596035985,0.8775025606155396
PEVONEDISTAT,4,NOMO1,-1.0981630086898804,0.08691947416693244,0.060018740594387054
PEVONEDISTAT,4,OCIAML3,-0.8498304486274719,-0.6926514462821804,-0.9123387932777405
PEVONEDISTAT,4,RERFLCKJ,0.05835029482841492,0.6524677331434272,0.7654261589050293
PEVONEDISTAT,4,RL,0.11153832823038101,-0.23099155407769403,-0.33651116490364075
PEVONEDISTAT,4,RPMI8226,0.8819419741630554,0.37706220646761446,0.4219132959842682
PEVONEDISTAT,4,SBC5,-0.807407021522522,0.3589863442883705,0.3993673026561737
PEVONEDISTAT,4,SKMES1,0.9918220043182373,0.7441858445832265,0.879826009273529
PEVONEDISTAT,4,SUDHL8,-0.37699300050735474,-0.3087704370566382,-0.43352463841438293
PEVONEDISTAT,5,CORL311,-2.6154210567474365,0.5144324975244483,0.5757908821105957
PEVONEDISTAT,5,CORL88,1.7145930528640747,1.2455472158447274,1.4407998323440552
PEVONEDISTAT,5,DOHH2,-0.7421061992645264,-0.36866531855507056,-0.46903491020202637
PEVONEDISTAT,5,GA10,-0.510532021522522,-0.29541712961350464,-0.38237226009368896
PEVONEDISTAT,5,HCC15,0.2521388828754425,0.5647203431497414,0.6352882981300354
PEVONEDISTAT,5,HCC33,1.1904150247573853,0.9005003954453985,1.0325621366500854
PEVONEDISTAT,5,JEKO1,0.42652076482772827,-0.04875393849240675,-0.09053588658571243
PEVONEDISTAT,5,JURKAT,-1.1972579956054688,-0.3104034165332117,-0.4001030921936035
PEVONEDISTAT,5,KMS11,-0.6076629757881165,0.060937911257686356,0.03924461081624031
PEVONEDISTAT,5,KNS62,0.295437216758728,0.348398968614288,0.3793504536151886
PEVONEDISTAT,5,L1236,0.1780730038881302,0.0073100230186196845,-0.02420453354716301
PEVONEDISTAT,5,LOUCY,0.32823750376701355,-0.21888774011872253,-0.2918274998664856
PEVONEDISTAT,5,MOLT13,-1.149991512298584,-0.5015283235050244,-0.6262300610542297
PEVONEDISTAT,5,MOLT16,-1.445999026298523,-0.17697767140608317,-0.24224214255809784
PEVONEDISTAT,5,MONOMAC6,-2.0415549278259277,0.25368383072471123,0.2672894597053528
PEVONEDISTAT,5,NB4,-2.375559091567993,-0.7411837740846994,-0.9097753167152405
PEVONEDISTAT,5,NCIH1092,1.3178550004959106,0.32967064402753965,0.3571922779083252
PEVONEDISTAT,5,NCIH1341,0.02040753699839115,0.30208774803187943,0.32455793023109436
PEVONEDISTAT,5,NCIH1623,-0.2504439353942871,1.0465722842855032,1.2053852081298828
PEVONEDISTAT,5,NCIH1648,0.4754607677459717,0.8706924584672013,0.9972952604293823
PEVONEDISTAT,5,NCIH2081,1.1690194606781006,0.7226447761570657,0.8221345543861389
PEVONEDISTAT,5,NCIH2085,1.0049655437469482,0.8221212594287998,0.9398288726806641
PEVONEDISTAT,5,NCIH2087,0.74932861328125,0.40373451088219026,0.44481998682022095
PEVONEDISTAT,5,NCIH211,0.24600152671337128,1.1304736066256689,1.3046519756317139
PEVONEDISTAT,5,NCIH2405,1.4128869771957397,0.6349376621878421,0.7183650135993958
PEVONEDISTAT,5,NCIH441,1.0013649463653564,0.4097119171194521,0.45189207792282104
PEVONEDISTAT,5,NCIH446,1.4243510961532593,-0.16028720657241935,-0.22249503433704376
PEVONEDISTAT,5,NCIH522,2.2582144737243652,0.6452900864601864,0.7306133508682251
PEVONEDISTAT,5,NCIH647,0.3343850076198578,1.0986826720553007,1.2670389413833618
PEVONEDISTAT,5,NCIH650,0.565207839012146,0.42946997776595297,0.47526857256889343
PEVONEDISTAT,5,NCIH727,2.961000919342041,0.7750625733904937,0.8841519951820374
PEVONEDISTAT,5,NCIH929,0.692238986492157,0.144016109116209,0.13753750920295715
PEVONEDISTAT,5,NUDUL1,-0.5035725235939026,-0.16579883860515865,-0.22901605069637299
PEVONEDISTAT,5,OCILY19,0.2979173958301544,-0.34872183992579475,-0.44543904066085815
PEVONEDISTAT,5,P12ICHIKAWA,-0.12439499795436859,-0.5158248787029079,-0.6431448459625244
PEVONEDISTAT,5,RCHACV,-0.7926440238952637,-0.2866383274332557,-0.3719857335090637
PEVONEDISTAT,5,SIGM5,-0.8836449980735779,-0.08925710638363292,-0.13845668733119965
PEVONEDISTAT,5,SKLU1,0.4773530066013336,0.32435138220733284,0.3508988618850708
PEVONEDISTAT,5,SUPM2,-1.7437729835510254,-0.14654433602055877,-0.20623533427715302
PEVONEDISTAT,5,SUPT1,-0.40571048855781555,-0.4750908073619329,-0.5949508547782898
PFI-1,1,A4FUK,1.8682550191879272,2.0003385050840308,1.9959386587142944
PFI-1,1,AMO1,1.9860199689865112,2.2103555395844525,2.2134625911712646
PFI-1,1,BV173,2.166956901550293,2.470136902858129,2.482529640197754
PFI-1,1,CMK,1.1244759559631348,3.0959567579784943,3.130718946456909
PFI-1,1,CORL23,3.324863910675049,2.80145551740757,2.825690984725952
PFI-1,1,CORL95,4.99148416519165,3.471061766702395,3.5192317962646484
PFI-1,1,DMS114,2.9078149795532227,3.128101493114487,3.1640126705169678
PFI-1,1,DND41,2.649264097213745,2.443573138643709,2.4550163745880127
PFI-1,1,EJM,3.000309467315674,2.4121120695682268,2.4224307537078857
PFI-1,1,GRANTA519,4.5559821128845215,2.156134836030575,2.157303810119629
PFI-1,1,HCC44,1.5551999807357788,3.769272068294532,3.828101396560669
PFI-1,1,JURLMK1,3.1401994228363037,2.608503777597034,2.625842332839966
PFI-1,1,KG1,2.1202235221862793,2.3456903438354653,2.353634834289551
PFI-1,1,KNS62,2.4875473976135254,3.2264831109372514,3.2659108638763428
PFI-1,1,L428,3.6949245929718018,2.563325881289314,2.579049587249756
PFI-1,1,ME1,3.507952928543091,2.1959311064700566,2.1985225677490234
PFI-1,1,MOLP8,1.8345999717712402,1.9700965253878289,1.9646157026290894
PFI-1,1,MOLT16,1.6529204845428467,2.1212331081650433,2.121154546737671
PFI-1,1,NAMALWA,1.8848730325698853,2.1490889321766495,2.150006055831909
PFI-1,1,NCIH146,3.3646531105041504,3.8509462227038638,3.9126949310302734
PFI-1,1,NCIH1568,2.259608030319214,2.8138980095182644,2.838578224182129
PFI-1,1,NCIH1781,4.512916564941406,3.2761734334349324,3.3173773288726807
PFI-1,1,NCIH1836,4.591365814208984,3.796770866696761,3.8565831184387207
PFI-1,1,NCIH1975,3.2859740257263184,3.758621379757916,3.8170700073242188
PFI-1,1,NCIH2009,3.1182808876037598,3.707946301904389,3.7645835876464844
PFI-1,1,NCIH2029,4.981089115142822,3.307387047623193,3.3497066497802734
PFI-1,1,NCIH2066,5.009895324707031,3.2353417657091965,3.2750861644744873
PFI-1,1,NCIH2087,2.546114921569824,3.44098022984935,3.488075017929077
PFI-1,1,NCIH211,2.1623809337615967,3.6213361706144105,3.674877643585205
PFI-1,1,NCIH2227,1.8541375398635864,4.215529449623096,4.290309906005859
PFI-1,1,NCIH2342,4.264359951019287,3.510167235172991,3.559735059738159
PFI-1,1,NCIH2347,2.05056095123291,3.90301602535895,3.966625928878784
PFI-1,1,NCIH596,2.763606071472168,3.5082914120325537,3.5577921867370605
PFI-1,1,NCIH838,2.6794042587280273,3.1207448319603293,3.156393051147461
PFI-1,1,NOMO1,1.5376574993133545,2.0123741353220144,2.008404493331909
PFI-1,1,P31FUJ,2.1630771160125732,2.3680970961351524,2.376842498779297
PFI-1,1,PF382,2.5934829711914062,2.7741394903359966,2.797398567199707
PFI-1,1,SKM1,1.6146074533462524,2.072782822390584,2.070972442626953
PFI-1,1,SUDHL1,3.5011088848114014,2.560505125765579,2.5761280059814453
PFI-1,1,SUDHL6,2.353320598602295,2.1424456316694687,2.143125295639038
PFI-1,1,SW1271,4.541827201843262,2.572535346524632,2.588588237762451
PFI-1,2,A3KAW,0.6175804734230042,3.096198060834186,3.1644198894500732
PFI-1,2,CALU3,3.6335625648498535,3.346310560444107,3.4359352588653564
PFI-1,2,DMS53,3.8804264068603516,3.6257343848754124,3.7392702102661133
PFI-1,2,DOHH2,2.56707501411438,2.3128896317140337,2.3140814304351807
PFI-1,2,EM2,2.136275053024292,2.0785323453028126,2.0596694946289062
PFI-1,2,GDM1,2.343647003173828,1.947860403123148,1.9178155660629272
PFI-1,2,HCC15,2.2307040691375732,3.373786701727173,3.4657626152038574
PFI-1,2,HCC827,4.0530219078063965,3.219969726087253,3.29878306388855
PFI-1,2,HEL,1.801632046699524,2.0209434688667045,1.99715256690979
PFI-1,2,IALM,2.6133458614349365,2.897683736203371,2.948918104171753
PFI-1,2,JEKO1,2.4595324993133545,2.8879047292350655,2.9383022785186768
PFI-1,2,JURKAT,2.6095099449157715,2.617909610462393,2.645202875137329
PFI-1,2,JVM2,1.6062674522399902,3.223468566315705,3.302581310272217
PFI-1,2,JVM3,1.9196720123291016,3.667013495882776,3.7840816974639893
PFI-1,2,KMS12BM,1.6734490394592285,3.0182890729413665,3.0798439979553223
PFI-1,2,LCLC97TM1,2.6778485774993896,2.7589679315676654,2.7983319759368896
PFI-1,2,LXF289,2.5745110511779785,2.7613783120527113,2.8009486198425293
PFI-1,2,MM1S,2.5841779708862305,2.1563108761561676,2.144103765487671
PFI-1,2,MONOMAC6,1.5459765195846558,2.4188488597134192,2.429107904434204
PFI-1,2,NCIH1048,4.083115100860596,2.872980795319819,2.9221012592315674
PFI-1,2,NCIH1436,4.112109184265137,3.887249356833635,4.023163795471191
PFI-1,2,NCIH1623,5.251211166381836,3.5566571628545884,3.6642818450927734
PFI-1,2,NCIH1648,3.853156089782715,3.2420512272013733,3.322754144668579
PFI-1,2,NCIH1876,3.7459795475006104,3.7538840478131177,3.8783860206604004
PFI-1,2,NCIH2023,3.0123279094696045,2.833696315343452,2.879455089569092
PFI-1,2,NCIH2030,2.832568883895874,3.2814358560161168,3.365509033203125
PFI-1,2,NCIH2085,4.598452568054199,2.9153872396328535,2.9681365489959717
PFI-1,2,NCIH2110,3.13120698928833,3.5962308884891607,3.707242012023926
PFI-1,2,NCIH2122,3.259208917617798,3.1631299893171576,3.237079381942749
PFI-1,2,NCIH2170,4.209565162658691,3.5217252041039746,3.6263606548309326
PFI-1,2,NCIH23,2.244575023651123,3.269463457712581,3.3525121212005615
PFI-1,2,NCIH526,3.884906530380249,3.511689455925007,3.6154661178588867
PFI-1,2,NCIH810,2.4751229286193848,4.048503921095522,4.198217391967773
PFI-1,2,OCIAML5,2.93886399269104,2.1966350592046266,2.1878786087036133
PFI-1,2,OPM2,1.5510585308074951,2.29554301833359,2.295250415802002
PFI-1,2,P12ICHIKAWA,3.459584951400757,2.1098580673732945,2.0936758518218994
PFI-1,2,SKLU1,3.641930103302002,2.818545728793985,2.8630080223083496
PFI-1,2,SKMM2,1.7184025049209595,2.786520721852033,2.828242540359497
PFI-1,2,ST486,2.284492015838623,2.3487415981049082,2.353001356124878
PFI-1,2,SUDHL4,3.324584484100342,2.2562815989450073,2.252629280090332
PFI-1,2,WSUDLCL2,2.4781808853149414,2.495635565667415,2.512465476989746
PFI-1,3,697,1.0376379489898682,2.6230338922385474,2.6454660892486572
PFI-1,3,A549,2.4490609169006348,3.11311275213392,3.149613380432129
PFI-1,3,ABC1,3.288691997528076,3.249341449259745,3.289752721786499
PFI-1,3,ALLSIL,2.608189582824707,2.6209343293573286,2.643306255340576
PFI-1,3,CHAGOK1,4.282498836517334,3.610637075939123,3.6614198684692383
PFI-1,3,COLO668,3.9940578937530518,3.6490454720356493,3.7009308338165283
PFI-1,3,CORL105,2.4704172611236572,3.146415587935672,3.1838722229003906
PFI-1,3,CORL88,4.744368553161621,3.815971034653432,3.872648239135742
PFI-1,3,EBC1,1.0924978256225586,3.3200883052723014,3.362530469894409
PFI-1,3,EHEB,5.0865631103515625,2.4383476824507078,2.4554781913757324
PFI-1,3,HCC33,4.152021884918213,3.5199087965640126,3.568087100982666
PFI-1,3,HDLM2,2.8207879066467285,2.481291727690125,2.49965500831604
PFI-1,3,HH,1.6863889694213867,2.5186833689174706,2.5381200313568115
PFI-1,3,HT,2.7732250690460205,2.1815247194653398,2.1912827491760254
PFI-1,3,JM1,2.017364501953125,2.2449871885304735,2.2565670013427734
PFI-1,3,K562,3.012223958969116,2.914303221576051,2.945096731185913
PFI-1,3,KMH2,3.657125949859619,2.3284245915265824,2.3423995971679688
PFI-1,3,KOPN8,2.1360208988189697,2.317214330239281,2.3308675289154053
PFI-1,3,LAMA84,3.923335075378418,1.9091990838512851,1.9111396074295044
PFI-1,3,LCLC103H,3.6588070392608643,3.0082078459436667,3.0416970252990723
PFI-1,3,LP1,3.0009024143218994,2.190561252939091,2.2005786895751953
PFI-1,3,MEG01,1.9993904829025269,2.5602632429328174,2.5808935165405273
PFI-1,3,NCIH1092,5.4825897216796875,3.696502916938258,3.7497506141662598
PFI-1,3,NCIH1437,3.0901200771331787,2.985963001552524,3.0188136100769043
PFI-1,3,NCIH1944,1.5603220462799072,3.129949814131038,3.16693377494812
PFI-1,3,NCIH358,5.437346935272217,4.0975127060540215,4.162271976470947
PFI-1,3,NCIH727,3.7400805950164795,3.7975354865991595,3.8536834716796875
PFI-1,3,NCIH82,4.107970237731934,3.0473785184853113,3.0819921493530273
PFI-1,3,NUDUL1,2.2754194736480713,2.4040213705827838,2.420166492462158
PFI-1,3,OCIAML3,0.43147599697113037,2.020741867367904,2.0258843898773193
PFI-1,3,OCILY19,3.195413112640381,2.316216811899424,2.329841375350952
PFI-1,3,PL21,2.4553439617156982,2.117554915909977,2.125476598739624
PFI-1,3,RCHACV,1.825342059135437,2.760469160107238,2.78684663772583
PFI-1,3,REH,3.2424325942993164,2.5905746825420652,2.612075090408325
PFI-1,3,RERFLCKJ,1.5337309837341309,3.582490093526884,3.63246488571167
PFI-1,3,RL,2.67495059967041,2.5512999473297433,2.5716729164123535
PFI-1,3,RPMI8402,1.8546165227890015,2.899727031187973,2.9301021099090576
PFI-1,3,SIGM5,3.573683977127075,2.5384295503852865,2.5584330558776855
PFI-1,3,SUDHL8,2.8849945068359375,2.5639309306020177,2.5846664905548096
PFI-1,3,SUPM2,2.0992119312286377,2.293736493848129,2.306715726852417
PFI-1,3,SW1573,2.877408027648926,3.209923251256445,3.2492029666900635
PFI-1,4,BEN,2.1568329334259033,3.8202128551214005,3.9571778774261475
PFI-1,4,BL41,1.5862984657287598,2.6069793384896642,2.5728142261505127
PFI-1,4,CALU6,4.538898944854736,3.327748793794041,3.3952503204345703
PFI-1,4,CORL279,2.751140594482422,3.821053863247279,3.9581375122070312
PFI-1,4,DB,2.5188350677490234,2.7508034289975245,2.7369251251220703
PFI-1,4,HARA,1.9482450485229492,3.187269512746818,3.2349560260772705
PFI-1,4,HCC366,3.038783073425293,2.9936506370189258,3.014026641845703
PFI-1,4,HCC78,1.934544563293457,3.015940591019541,3.0394606590270996
PFI-1,4,HL60,2.1486945152282715,2.1259912248138897,2.0239813327789307
PFI-1,4,KARPAS422,2.7443668842315674,2.5471729000146075,2.5045719146728516
PFI-1,4,KMS11,1.6338169574737549,2.7284744020728,2.711446523666382
PFI-1,4,KU812,2.012234926223755,2.5006364205622647,2.4514713287353516
PFI-1,4,L1236,2.261312961578369,2.663788235952583,2.637636184692383
PFI-1,4,LOUNH91,2.667952060699463,3.386164904798391,3.4619061946868896
PFI-1,4,MHHCALL2,3.772916078567505,2.6987593388147384,2.6775400638580322
PFI-1,4,MOLT13,1.345205545425415,2.695781229791596,2.6741418838500977
PFI-1,4,NB4,0.9370114803314209,2.2078143157669157,2.1173458099365234
PFI-1,4,NCIH1651,3.922621965408325,3.2095747198140643,3.2604074478149414
PFI-1,4,NCIH1792,2.2848060131073,3.3872238437255837,3.4631145000457764
PFI-1,4,NCIH1793,5.992767333984375,3.322550841210816,3.3893191814422607
PFI-1,4,NCIH1963,3.1433889865875244,3.34538530879554,3.415374517440796
PFI-1,4,NCIH2081,3.692509889602661,3.466593698304463,3.5536797046661377
PFI-1,4,NCIH2171,3.0126030445098877,3.757202018977158,3.8852791786193848
PFI-1,4,NCIH2196,5.884451866149902,3.3297933315609285,3.397583246231079
PFI-1,4,NCIH2228,5.374157905578613,2.9390985665790166,2.951779842376709
PFI-1,4,NCIH2405,5.176997661590576,3.350868054937914,3.421630620956421
PFI-1,4,NCIH2444,3.420414924621582,3.3807569613663437,3.455735445022583
PFI-1,4,NCIH292,1.4406108856201172,3.118848434763228,3.156883955001831
PFI-1,4,NCIH460,3.446981906890869,2.92859588994615,2.939795732498169
PFI-1,4,NCIH522,2.6015098094940186,3.152646096225399,3.195448875427246
PFI-1,4,NCIH524,3.35148549079895,3.589360407963151,3.693763017654419
PFI-1,4,NCIH647,5.704588890075684,3.5194572751629503,3.613999843597412
PFI-1,4,NCIH661,3.5205938816070557,3.0958296767022238,3.1306183338165283
PFI-1,4,NCIH69,3.733762502670288,3.456687980731382,3.542376756668091
PFI-1,4,NCIH841,2.4211299419403076,3.2563780234593875,3.313812494277954
PFI-1,4,RERFLCMS,2.6391119956970215,3.281740948020822,3.3427529335021973
PFI-1,4,RPMI8226,2.3434605598449707,2.5420610332320934,2.498739004135132
PFI-1,4,SUDHL10,1.089601993560791,2.3258887224484965,2.252074956893921
PFI-1,4,SUDHL5,2.1799795627593994,2.5004214150066053,2.451225996017456
PFI-1,4,SUPB15,4.229732990264893,2.3941599860653158,2.3299760818481445
PFI-1,5,CA46,2.3033034801483154,2.534423554517427,2.426539897918701
PFI-1,5,CAL12T,2.759690999984741,2.7431781799804,2.7132644653320312
PFI-1,5,CMLT1,3.708807945251465,2.485783055011992,2.359732151031494
PFI-1,5,CORL311,4.802606105804443,3.301524808863878,3.480153799057007
PFI-1,5,DAUDI,1.872302532196045,2.5638433738619915,2.4669480323791504
PFI-1,5,DMS273,3.5191900730133057,2.91443227387743,2.948482036590576
PFI-1,5,DMS79,4.5460710525512695,3.6446858484938334,3.9514856338500977
PFI-1,5,EPLC272H,2.1243784427642822,3.1782592305595934,3.3108484745025635
PFI-1,5,GA10,1.7492079734802246,2.5590000152006898,2.4602956771850586
PFI-1,5,KCL22,2.9875783920288086,2.623169917469941,2.5484330654144287
PFI-1,5,L363,2.20892596244812,2.246565540094937,2.0311667919158936
PFI-1,5,L540,2.0282950401306152,2.7009094519028345,2.6552083492279053
PFI-1,5,LOUCY,2.2958765029907227,2.7225853132301245,2.6849801540374756
PFI-1,5,LU65,5.41284704208374,2.79493209361203,2.784348487854004
PFI-1,5,MOLM13,1.6035665273666382,2.4079726980454526,2.252859592437744
PFI-1,5,MOLM16,1.0829620361328125,2.7892386909623266,2.7765285968780518
PFI-1,5,NALM6,2.0551400184631348,2.556901376887481,2.4574131965637207
PFI-1,5,NCIH1105,3.546452522277832,3.3187718316532693,3.50384259223938
PFI-1,5,NCIH1155,3.6001999378204346,3.3579491908540837,3.557652711868286
PFI-1,5,NCIH1341,2.918497085571289,3.195392902578222,3.334381580352783
PFI-1,5,NCIH1435,3.320843458175659,3.2350316497555878,3.3888254165649414
PFI-1,5,NCIH1650,3.5935890674591064,3.3626795459139047,3.564149856567383
PFI-1,5,NCIH1915,3.4771170616149902,2.98134759083334,3.0403902530670166
PFI-1,5,NCIH196,4.654658317565918,3.221682122917103,3.3704898357391357
PFI-1,5,NCIH209,3.4398300647735596,3.5735677002029855,3.85380482673645
PFI-1,5,NCIH2172,4.6594672203063965,3.3201953992964968,3.505797863006592
PFI-1,5,NCIH2291,5.096412658691406,2.916312369127253,2.951064348220825
PFI-1,5,NCIH441,5.743142604827881,3.152121549612559,3.2749483585357666
PFI-1,5,NCIH446,2.5632383823394775,3.1585752529911177,3.2838125228881836
PFI-1,5,NCIH650,2.5836446285247803,3.0200668601657874,3.093571186065674
PFI-1,5,NCIH929,1.128411054611206,2.689933000695439,2.640132188796997
PFI-1,5,OCIAML2,1.1260180473327637,2.732248596626153,2.6982526779174805
PFI-1,5,OCIM1,1.6937919855117798,2.3567612364178565,2.182520627975464
PFI-1,5,RAJI,2.984161615371704,2.491535129270452,2.3676326274871826
PFI-1,5,RS411,2.712656021118164,2.388405369355924,2.2259838581085205
PFI-1,5,SBC5,2.4851250648498535,3.1078234434936607,3.2141048908233643
PFI-1,5,SHP77,4.182944297790527,3.408737453126212,3.627410411834717
PFI-1,5,SKMES1,2.2373292446136475,3.225696441331599,3.3760035037994385
PFI-1,5,SUPT1,2.3350605964660645,2.75518520320314,2.7297561168670654
PFI-1,5,THP1,1.9787174463272095,2.4786495941781386,2.3499343395233154
PICTILISIB,1,A3KAW,1.219702959060669,0.8205728123206367,0.900808572769165
PICTILISIB,1,A549,0.09607700258493423,0.8803785479670448,0.9587023854255676
PICTILISIB,1,ABC1,3.551754951477051,1.0989387390215213,1.1702754497528076
PICTILISIB,1,CALU3,1.025818943977356,0.9233027957243976,1.0002543926239014
PICTILISIB,1,CORL311,0.6796500086784363,1.912962644221989,1.9582759141921997
PICTILISIB,1,DB,2.0606119632720947,-0.07535360910050773,0.03352392464876175
PICTILISIB,1,DMS79,2.8991520404815674,1.2878503282346219,1.3531477451324463
PICTILISIB,1,DOHH2,0.06606750190258026,0.038705195277543986,0.1439363956451416
PICTILISIB,1,EHEB,-0.8656014800071716,0.37304627395574846,0.46758896112442017
PICTILISIB,1,GA10,-1.1549999713897705,-0.47260137394215207,-0.3510242700576782
PICTILISIB,1,HCC366,0.8960739970207214,1.0494556665516541,1.1223742961883545
PICTILISIB,1,HDLM2,2.3858680725097656,0.4150011769130233,0.5082026124000549
PICTILISIB,1,IALM,1.6235229969024658,1.0729349549048879,1.1451029777526855
PICTILISIB,1,KMS11,-0.9357550144195557,0.7391581933894042,0.8219966888427734
PICTILISIB,1,L1236,-0.007096000015735626,0.5061445867857237,0.5964322686195374
PICTILISIB,1,MOLT16,0.8526489734649658,0.910073391182038,0.9874479174613953
PICTILISIB,1,NB4,-0.36229801177978516,0.3198050277440555,0.4160497784614563
PICTILISIB,1,NCIH1092,2.862128973007202,2.415719669887062,2.444960355758667
PICTILISIB,1,NCIH1155,1.8207759857177734,1.3505169333116358,1.4138109683990479
PICTILISIB,1,NCIH1437,0.3690134882926941,1.0185930285403526,1.0924983024597168
PICTILISIB,1,NCIH1648,-0.7786189913749695,1.3657844679580025,1.4285904169082642
PICTILISIB,1,NCIH1650,1.8880579471588135,0.9279662167031382,1.0047687292099
PICTILISIB,1,NCIH2009,0.7174540162086487,1.237296376976534,1.3042099475860596
PICTILISIB,1,NCIH2023,-0.23115000128746033,1.0141813182611434,1.08822762966156
PICTILISIB,1,NCIH2029,2.6910359859466553,2.095352290989948,2.1348347663879395
PICTILISIB,1,NCIH2066,2.0629520416259766,2.076478914370503,2.1165647506713867
PICTILISIB,1,NCIH2122,0.9975450038909912,0.8344760109395545,0.9142673015594482
PICTILISIB,1,NCIH23,2.579571008682251,1.1821677931028967,1.2508437633514404
PICTILISIB,1,NCIH2405,2.4837210178375244,0.9122523388911887,0.9895572066307068
PICTILISIB,1,NCIH292,-0.9938780069351196,1.0694203642176965,1.1417007446289062
PICTILISIB,1,NCIH446,0.23645299673080444,1.7230006184790447,1.7743867635726929
PICTILISIB,1,NCIH460,0.7640860080718994,0.9313714536226272,1.008065104484558
PICTILISIB,1,NCIH522,2.357595920562744,1.102052365893804,1.1732895374298096
PICTILISIB,1,NCIH647,1.7500065565109253,1.5098978331074315,1.56809663772583
PICTILISIB,1,NCIH727,1.6658960580825806,2.011405294942689,2.0535714626312256
PICTILISIB,1,NOMO1,-0.24815300107002258,0.9089736961982742,0.9863833785057068
PICTILISIB,1,OCIAML3,0.4004729986190796,0.6838937793290824,0.7684990167617798
PICTILISIB,1,RERFLCKJ,1.0732029676437378,1.0260246514832618,1.0996923446655273
PICTILISIB,1,SUDHL1,1.3492419719696045,0.8248667333219097,0.9049652218818665
PICTILISIB,1,SUDHL10,-0.5224630236625671,-0.6124160769641183,-0.486369252204895
PICTILISIB,1,SUPB15,1.6152420043945312,-0.08960383545145019,0.019729262217879295
PICTILISIB,2,A4FUK,-0.7129250168800354,1.154906570882591,1.14467191696167
PICTILISIB,2,CHAGOK1,1.7831079959869385,1.3782356878655824,1.3612020015716553
PICTILISIB,2,CORL23,1.0257209539413452,0.8636349111736233,0.8622677326202393
PICTILISIB,2,DAUDI,1.0424129962921143,0.9404430635823299,0.9367375373840332
PICTILISIB,2,DMS273,0.8397150039672852,0.9082044996841002,0.9054804444313049
PICTILISIB,2,DND41,1.8889869451522827,1.2081114176523298,1.1962569952011108
PICTILISIB,2,EJM,1.331050992012024,0.9162559796894915,0.9132868051528931
PICTILISIB,2,HCC33,2.46354603767395,1.8194170047467564,1.7889519929885864
PICTILISIB,2,HT,0.20153899490833282,0.3065658956325905,0.3221581280231476
PICTILISIB,2,KARPAS422,0.2477249950170517,0.33384966004396055,0.3486112654209137
PICTILISIB,2,KG1,2.5102200508117676,0.9786965230299451,0.9738264083862305
PICTILISIB,2,KMH2,1.439805507659912,0.8683312646011662,0.8668211102485657
PICTILISIB,2,L363,-0.5208590030670166,0.8075688993119092,0.8079085946083069
PICTILISIB,2,LCLC103H,1.7594250440597534,0.732209311245658,0.7348432540893555
PICTILISIB,2,LCLC97TM1,0.8867800235748291,1.2187186488527684,1.2065412998199463
PICTILISIB,2,LP1,1.6447639465332031,0.7239295085322975,0.7268155217170715
PICTILISIB,2,LU65,3.259239912033081,1.5812413788853128,1.5580273866653442
PICTILISIB,2,MM1S,-1.5224984884262085,0.48651406695878985,0.49662795662879944
PICTILISIB,2,MOLM13,-0.26600199937820435,0.5744103483555194,0.5818483233451843
PICTILISIB,2,MOLP8,-0.38300999999046326,0.38525392959406796,0.3984505832195282
PICTILISIB,2,NCIH146,2.7173080444335938,1.5359139729216489,1.5140799283981323
PICTILISIB,2,NCIH1651,3.143794059753418,1.765942277339434,1.7371052503585815
PICTILISIB,2,NCIH1915,3.5037078857421875,1.1640130444236474,1.1535011529922485
PICTILISIB,2,NCIH1944,0.24317699670791626,1.2700736759448565,1.2563328742980957
PICTILISIB,2,NCIH1963,2.9392080307006836,1.6620689699834228,1.6363942623138428
PICTILISIB,2,NCIH1975,-0.4276520013809204,1.465827262341997,1.446126937866211
PICTILISIB,2,NCIH2030,0.3542479872703552,1.2913386718045248,1.276950478553772
PICTILISIB,2,NCIH209,2.1635210514068604,1.729251912445622,1.7015318870544434
PICTILISIB,2,NCIH211,1.7433580160140991,2.0243386638646474,1.9876350164413452
PICTILISIB,2,NCIH2196,0.6455119848251343,1.9890675391528978,1.9534376859664917
PICTILISIB,2,NCIH2291,1.324125051498413,1.355923137093745,1.3395687341690063
PICTILISIB,2,NCIH2444,2.487431049346924,1.1040022874886262,1.0953173637390137
PICTILISIB,2,NCIH596,0.9145709872245789,0.9698800328527797,0.9652783274650574
PICTILISIB,2,OCIAML2,1.587020993232727,0.5486679159135099,0.5568895936012268
PICTILISIB,2,OCIAML5,0.24286499619483948,1.0247285695102335,1.018457055091858
PICTILISIB,2,OCILY19,0.748009979724884,-0.44388947196136697,-0.40545037388801575
PICTILISIB,2,REH,-1.1936229467391968,0.06583789976859807,0.08875885605812073
PICTILISIB,2,SKLU1,0.9780759811401367,1.5422745492968049,1.5202468633651733
PICTILISIB,2,SUDHL4,0.03311900049448013,0.3124711175925801,0.3278835713863373
PICTILISIB,2,SUDHL5,-2.2657930850982666,0.910801378475171,0.907998263835907
PICTILISIB,2,SW1573,1.0498310327529907,1.5226855183441528,1.5012542009353638
PICTILISIB,3,697,-1.1903380155563354,0.2772475029250371,0.36653098464012146
PICTILISIB,3,BL41,0.8301029801368713,0.6588278630696878,0.7140117883682251
PICTILISIB,3,CAL12T,0.974511981010437,0.6989120721678187,0.7505139112472534
PICTILISIB,3,COLO668,2.142177104949951,2.444000229497977,2.339653968811035
PICTILISIB,3,CORL88,3.7654690742492676,2.0612925246994678,1.9911465644836426
PICTILISIB,3,CORL95,2.167987108230591,1.21107207597606,1.2169052362442017
PICTILISIB,3,DMS114,0.8395500183105469,1.28633917780978,1.2854461669921875
PICTILISIB,3,EM2,0.28308001160621643,0.6279337694225208,0.6858785152435303
PICTILISIB,3,GRANTA519,1.6155500411987305,-0.73391251411211,-0.5542677044868469
PICTILISIB,3,HCC827,1.1067739725112915,1.6533689800007967,1.6196767091751099
PICTILISIB,3,HH,-1.9403189420700073,0.3355408465204637,0.4196150004863739
PICTILISIB,3,JM1,1.2745939493179321,-0.6114127574314745,-0.44271501898765564
PICTILISIB,3,K562,2.5941009521484375,1.1472316481802554,1.1587698459625244
PICTILISIB,3,KOPN8,1.604675054550171,0.33091352003924956,0.4154011905193329
PICTILISIB,3,LAMA84,2.0619969367980957,0.9800491228941981,1.0065274238586426
PICTILISIB,3,LOUCY,0.6299430131912231,0.9802927421818959,1.0067492723464966
PICTILISIB,3,LXF289,-0.6381809711456299,1.3197371436309364,1.3158595561981201
PICTILISIB,3,ME1,3.9965291023254395,1.1108495097194655,1.1256389617919922
PICTILISIB,3,MHHCALL2,2.1964941024780273,-0.022009591405847087,0.09401670843362808
PICTILISIB,3,NCIH1048,0.3777729868888855,1.5693682379746845,1.543182611465454
PICTILISIB,3,NCIH1105,2.956329107284546,1.9074513299273423,1.851053237915039
PICTILISIB,3,NCIH1436,2.387732982635498,1.8645437028834482,1.8119800090789795
PICTILISIB,3,NCIH1568,1.7264169454574585,1.252785955419462,1.2548913955688477
PICTILISIB,3,NCIH1792,0.6012709736824036,1.170181606161685,1.17966890335083
PICTILISIB,3,NCIH1836,4.066717147827148,1.8282156293156295,1.7788983583450317
PICTILISIB,3,NCIH1876,0.2705470025539398,1.8755407377476803,1.8219943046569824
PICTILISIB,3,NCIH2087,2.6810081005096436,0.6242628548251968,0.6825356483459473
PICTILISIB,3,NCIH2228,-0.10023900121450424,0.8972574446731243,0.9311343431472778
PICTILISIB,3,OCIM1,2.6049540042877197,0.5399455124512625,0.6057532429695129
PICTILISIB,3,OPM2,1.095852017402649,-0.10242234479146162,0.020789962261915207
PICTILISIB,3,P31FUJ,1.7170100212097168,1.1846217761710143,1.1928186416625977
PICTILISIB,3,PL21,-1.171828031539917,0.5244520588369812,0.5916443467140198
PICTILISIB,3,RPMI8402,-0.9765440225601196,0.481188362764319,0.5522468686103821
PICTILISIB,3,RS411,-0.778652012348175,-0.8025406303598059,-0.6167629361152649
PICTILISIB,3,SIGM5,0.3252609968185425,1.0956473258070258,1.1117953062057495
PICTILISIB,3,SKM1,-0.38514500856399536,0.8444063281854127,0.88300621509552
PICTILISIB,3,SKMES1,0.2973310053348541,1.2629271155373385,1.2641263008117676
PICTILISIB,3,SKMM2,1.3363239765167236,0.017511198999083682,0.13000576198101044
PICTILISIB,3,SUPM2,1.1411269903182983,0.18661778975433502,0.28400030732154846
PICTILISIB,3,SW1271,2.697438955307007,1.2404700251637444,1.2436760663986206
PICTILISIB,3,THP1,0.4755780100822449,0.8931842506179308,0.9274251461029053
PICTILISIB,4,BEN,2.339901924133301,1.9019077189961395,1.8370026350021362
PICTILISIB,4,BV173,0.6538509726524353,-0.5685556992739407,-0.44612833857536316
PICTILISIB,4,CALU6,2.624919891357422,2.189443392833195,2.1027348041534424
PICTILISIB,4,CMK,1.0874040126800537,1.5345197067718024,1.4974732398986816
PICTILISIB,4,CMLT1,2.50517201423645,0.4689876155971545,0.5127392411231995
PICTILISIB,4,CORL105,1.0793410539627075,0.9669548318240835,0.9729461669921875
PICTILISIB,4,DMS53,3.623775005340576,2.0060598023414693,1.933256983757019
PICTILISIB,4,EBC1,0.9751949906349182,0.9717284474789958,0.977357804775238
PICTILISIB,4,EPLC272H,-0.4209269881248474,1.2977753293011112,1.2786809206008911
PICTILISIB,4,HCC44,-0.03892600163817406,0.7746095623636935,0.7951862215995789
PICTILISIB,4,HCC78,0.31797900795936584,0.8362406392709852,0.8521438837051392
PICTILISIB,4,HEL,2.4358789920806885,1.081147148141957,1.0784794092178345
PICTILISIB,4,HL60,0.910739004611969,0.9023149871816393,0.9132078886032104
PICTILISIB,4,JVM2,-0.8128629922866821,0.5213352467519898,0.56111741065979
PICTILISIB,4,KMS12BM,-0.5657650232315063,0.7629592700625109,0.7844193577766418
PICTILISIB,4,KU812,1.6293729543685913,0.18394045859097052,0.24930688738822937
PICTILISIB,4,MEG01,3.4140028953552246,1.0734683441174504,1.0713828802108765
PICTILISIB,4,MOLM16,-1.5590230226516724,0.9427595046697952,0.9505855441093445
PICTILISIB,4,MOLT13,1.7583810091018677,0.646685111689312,0.67696213722229
PICTILISIB,4,NCIH1341,-1.0600630044937134,1.2831853436735636,1.2651972770690918
PICTILISIB,4,NCIH1623,-0.05015699937939644,1.2467984156158947,1.231569528579712
PICTILISIB,4,NCIH1793,1.2792719602584839,1.7695855309622837,1.7147142887115479
PICTILISIB,4,NCIH196,1.7057889699935913,1.113392062491732,1.1082792282104492
PICTILISIB,4,NCIH2085,0.7424319982528687,1.8366097648604476,1.776656150817871
PICTILISIB,4,NCIH2171,-0.7956749796867371,1.709556967439814,1.6592376232147217
PICTILISIB,4,NCIH2172,2.9185891151428223,1.4261516981663183,1.397322654724121
PICTILISIB,4,NCIH2342,1.4275109767913818,1.3011851929730047,1.281832218170166
PICTILISIB,4,NCIH441,1.8063180446624756,0.9253087678973542,0.9344580769538879
PICTILISIB,4,NCIH524,0.8422639966011047,1.6723919687307789,1.6248908042907715
PICTILISIB,4,NCIH661,0.9322119951248169,1.6716556909990155,1.6242103576660156
PICTILISIB,4,NCIH810,3.599256992340088,2.3577447699776095,2.2582740783691406
PICTILISIB,4,NCIH82,2.1290230751037598,2.080562260048146,2.002110004425049
PICTILISIB,4,NCIH838,-0.3750630021095276,1.5669506254119072,1.5274449586868286
PICTILISIB,4,P12ICHIKAWA,1.953444004058838,0.32653035433107075,0.3810843527317047
PICTILISIB,4,PF382,0.4828230142593384,0.1876803444381825,0.25276318192481995
PICTILISIB,4,RERFLCMS,0.034400999546051025,1.4491487681395945,1.4185758829116821
PICTILISIB,4,RL,1.0415420532226562,-0.20342952727544716,-0.10868927091360092
PICTILISIB,4,RPMI8226,0.3467729985713959,0.39866415962212487,0.4477483332157135
PICTILISIB,4,ST486,1.8871150016784668,-0.07572739574601553,0.009329352527856827
PICTILISIB,4,SUDHL6,-3.021902084350586,-0.12762194779559166,-0.03863009437918663
PICTILISIB,5,ALLSIL,0.11252900213003159,0.47406089144990227,0.6164029836654663
PICTILISIB,5,AMO1,0.012095999903976917,0.013610522793238988,0.2311839461326599
PICTILISIB,5,CA46,0.25788500905036926,0.17602669349386546,0.3670635223388672
PICTILISIB,5,CORL279,0.8958619832992554,2.2780378987401226,2.1256346702575684
PICTILISIB,5,GDM1,-1.6578630208969116,0.6330241668932511,0.7493938207626343
PICTILISIB,5,HARA,0.5014899969100952,0.8540441597376476,0.9343021512031555
PICTILISIB,5,HCC15,1.3052079677581787,0.7801890349644562,0.8725139498710632
PICTILISIB,5,JEKO1,-1.4132009744644165,-0.037715110538033086,0.18824422359466553
PICTILISIB,5,JURKAT,1.150583028793335,1.0372245812779117,1.0875533819198608
PICTILISIB,5,JURLMK1,2.356534004211426,1.2873593954810885,1.2968195676803589
PICTILISIB,5,JVM3,0.5011379718780518,0.7738601875179592,0.8672191500663757
PICTILISIB,5,KCL22,1.1096299886703491,0.807748290140478,0.8955703973770142
PICTILISIB,5,KNS62,1.1907570362091064,1.479666247013347,1.457706093788147
PICTILISIB,5,L428,2.7457640171051025,0.5711208402585075,0.6976046562194824
PICTILISIB,5,L540,2.285278081893921,0.7230142476513988,0.824680745601654
PICTILISIB,5,LOUNH91,1.3305939435958862,1.0930421488519588,1.1342511177062988
PICTILISIB,5,MONOMAC6,-0.09980499744415283,1.209981341487184,1.232084035873413
PICTILISIB,5,NALM6,-1.6089140176773071,0.8524610216893247,0.9329776763916016
PICTILISIB,5,NAMALWA,-0.2551470100879669,0.02970330166084667,0.24464738368988037
PICTILISIB,5,NCIH1435,2.6353609561920166,1.6857350929637787,1.6301060914993286
PICTILISIB,5,NCIH1781,1.492522954940796,1.7495171536939398,1.6834670305252075
PICTILISIB,5,NCIH2081,2.619715929031372,1.8119233284608587,1.735676884651184
PICTILISIB,5,NCIH2110,0.33746400475502014,1.1492759304793025,1.1812970638275146
PICTILISIB,5,NCIH2170,1.603369951248169,1.7206574611480412,1.6593226194381714
PICTILISIB,5,NCIH2227,1.933223009109497,2.1174429673144735,1.9912787675857544
PICTILISIB,5,NCIH2347,2.5057389736175537,1.480250457084732,1.4581948518753052
PICTILISIB,5,NCIH358,1.456186056137085,1.363288181027174,1.3603426218032837
PICTILISIB,5,NCIH526,3.683029890060425,1.6314495806793736,1.5846900939941406
PICTILISIB,5,NCIH650,2.271224021911621,1.655589710790049,1.6048860549926758
PICTILISIB,5,NCIH69,0.10366400331258774,2.39541995110751,2.2238380908966064
PICTILISIB,5,NCIH841,1.7941190004348755,0.7754139013273207,0.8685190081596375
PICTILISIB,5,NCIH929,-2.4344849586486816,0.17798707450901557,0.36870360374450684
PICTILISIB,5,NUDUL1,-1.7391639947891235,0.7201775515291711,0.8223075270652771
PICTILISIB,5,RAJI,1.687419056892395,0.2904081146933841,0.46275657415390015
PICTILISIB,5,RCHACV,-2.684990882873535,0.2329527640558004,0.4146886467933655
PICTILISIB,5,SBC5,0.821973979473114,1.9029650585926299,1.8118436336517334
PICTILISIB,5,SHP77,3.563016891479492,2.4612470320680413,2.278909921646118
PICTILISIB,5,SUDHL8,2.691735029220581,-0.14150267469506245,0.10141413658857346
PICTILISIB,5,SUPT1,0.8522239923477173,1.300031339400214,1.307421088218689
PICTILISIB,5,WSUDLCL2,-0.6365399956703186,-0.038644645757711205,0.187466561794281
PLX-4720,1,A4FUK,2.9833970069885254,3.589775468187849,3.6369645595550537
PLX-4720,1,BL41,3.5278968811035156,3.616910330101016,3.661756992340088
PLX-4720,1,BV173,2.9944260120391846,3.542081813053503,3.593388080596924
PLX-4720,1,COLO668,4.922050952911377,4.463206349380188,4.434996128082275
PLX-4720,1,CORL23,3.441821575164795,3.4860645422238656,3.5422065258026123
PLX-4720,1,CORL88,5.168890953063965,4.3807493734563785,4.359657287597656
PLX-4720,1,DMS114,5.15036678314209,4.234974153490235,4.226466178894043
PLX-4720,1,DOHH2,2.6095681190490723,3.3394023710461016,3.408205032348633
PLX-4720,1,EHEB,4.388335227966309,3.5210397501518518,3.574162483215332
PLX-4720,1,EJM,4.521431922912598,3.8068749781285836,3.835322856903076
PLX-4720,1,GDM1,4.377754211425781,3.401030475930543,3.464513063430786
PLX-4720,1,HCC33,3.9180378913879395,4.162491007872569,4.160240173339844
PLX-4720,1,HCC78,5.034546852111816,4.069330078226869,4.0751214027404785
PLX-4720,1,HT,3.800640106201172,3.4981040111858483,3.5532066822052
PLX-4720,1,KNS62,2.751844882965088,3.5812021283650144,3.629131317138672
PLX-4720,1,LAMA84,2.339747905731201,3.5036399540968644,3.55826473236084
PLX-4720,1,LP1,3.3408188819885254,3.7543512356370408,3.7873332500457764
PLX-4720,1,ME1,4.941098213195801,3.2182316317341995,3.297494411468506
PLX-4720,1,MEG01,3.1109800338745117,3.4697753270328557,3.5273234844207764
PLX-4720,1,MOLT13,3.92372989654541,3.420091185331211,3.4819283485412598
PLX-4720,1,MONOMAC6,2.7387468814849854,3.841340560956159,3.8668131828308105
PLX-4720,1,NCIH1651,4.457982540130615,4.465602344091899,4.437185287475586
PLX-4720,1,NCIH1792,3.3833980560302734,4.263344588803527,4.252387523651123
PLX-4720,1,NCIH1876,3.944298028945923,4.095773175602817,4.0992817878723145
PLX-4720,1,NCIH196,5.00089693069458,4.045646732546745,4.053482532501221
PLX-4720,1,NCIH1963,4.953086853027344,4.288544023492042,4.275411605834961
PLX-4720,1,NCIH2009,3.2592129707336426,4.431984309818413,4.406469345092773
PLX-4720,1,NCIH2023,4.100792407989502,4.37752409632321,4.356710433959961
PLX-4720,1,NCIH2087,4.001265525817871,3.931381635148448,3.9490814208984375
PLX-4720,1,NCIH2122,2.545802593231201,4.1121333677663365,4.114229679107666
PLX-4720,1,NCIH2171,3.4593350887298584,4.109588112656553,4.111904144287109
PLX-4720,1,NCIH526,3.4844720363616943,4.2638977916775005,4.252892971038818
PLX-4720,1,NCIH661,4.427849292755127,4.47357785948819,4.444472312927246
PLX-4720,1,OCIAML3,4.458110809326172,3.839250654438396,3.864903688430786
PLX-4720,1,OCIM1,3.709338903427124,3.420071092585317,3.481909990310669
PLX-4720,1,OPM2,4.54915714263916,3.572302085712833,3.620999574661255
PLX-4720,1,RERFLCKJ,4.575979709625244,4.996278379525888,4.922050476074219
PLX-4720,1,SKLU1,3.065049409866333,4.264479698474181,4.253424644470215
PLX-4720,1,SKM1,4.670436859130859,3.6840785530125033,3.7231268882751465
PLX-4720,1,ST486,3.5988380908966064,3.7265499208275865,3.761931896209717
PLX-4720,1,SW1271,3.7293920516967773,4.211110234041815,4.204662322998047
PLX-4720,2,A3KAW,2.658134937286377,4.056353592478782,4.058871269226074
PLX-4720,2,DMS79,4.954063892364502,4.1815018148140535,4.176092624664307
PLX-4720,2,EPLC272H,4.301421165466309,3.9490711060134127,3.9583840370178223
PLX-4720,2,HCC15,3.0177054405212402,3.7252596704222465,3.748748779296875
PLX-4720,2,HCC366,4.159908771514893,4.444347139327109,4.4222893714904785
PLX-4720,2,HDLM2,3.3675990104675293,3.8957498210355364,3.908440113067627
PLX-4720,2,HEL,3.145009994506836,3.4269511605660194,3.4693350791931152
PLX-4720,2,JEKO1,3.0493860244750977,3.42782296408449,3.470151662826538
PLX-4720,2,JURLMK1,3.3418760299682617,3.509989109359187,3.5471134185791016
PLX-4720,2,JVM2,2.829667091369629,3.931336967930094,3.9417731761932373
PLX-4720,2,K562,3.887321949005127,3.4330588760187792,3.4750559329986572
PLX-4720,2,KMS11,4.175826072692871,3.482896510499199,3.5217368602752686
PLX-4720,2,KMS12BM,3.197516918182373,3.647587449561739,3.6759963035583496
PLX-4720,2,L1236,4.006653785705566,3.6971247254576936,3.722395896911621
PLX-4720,2,L428,3.865488052368164,3.7676710661723365,3.7884738445281982
PLX-4720,2,L540,3.3610448837280273,3.659757826679589,3.6873958110809326
PLX-4720,2,LCLC97TM1,2.779906988143921,3.9067447270151976,3.918738603591919
PLX-4720,2,NCIH1092,5.131642818450928,4.356280984197046,4.33980131149292
PLX-4720,2,NCIH1105,4.735436916351318,3.828088959061151,3.845064878463745
PLX-4720,2,NCIH1155,4.58354377746582,4.284378193570014,4.2724528312683105
PLX-4720,2,NCIH1435,4.542119979858398,3.91144559340326,3.9231417179107666
PLX-4720,2,NCIH1650,5.3787760734558105,4.423793448667411,4.4030375480651855
PLX-4720,2,NCIH2030,3.276132583618164,4.28052953103008,4.268847942352295
PLX-4720,2,NCIH2081,4.953409194946289,4.405266414829336,4.385684013366699
PLX-4720,2,NCIH2085,5.08694314956665,3.8438862933570115,3.8598616123199463
PLX-4720,2,NCIH2110,3.6461215019226074,4.325507465430313,4.310976982116699
PLX-4720,2,NCIH2170,4.12122106552124,4.291707961195673,4.279318332672119
PLX-4720,2,NCIH2196,4.593578815460205,4.112789443252865,4.111732482910156
PLX-4720,2,NCIH2227,4.458782196044922,4.456161922425892,4.433355808258057
PLX-4720,2,NCIH2342,4.251833915710449,4.567486522722886,4.537629127502441
PLX-4720,2,NCIH292,4.22825813293457,3.878702944120063,3.892472982406616
PLX-4720,2,NCIH446,3.2311766147613525,3.9693941823701224,3.977419853210449
PLX-4720,2,NCIH727,4.657020092010498,4.129902246332216,4.127761363983154
PLX-4720,2,OCILY19,2.9199559688568115,3.560497714372363,3.5944228172302246
PLX-4720,2,RAJI,4.242185115814209,3.841513715080905,3.8576393127441406
PLX-4720,2,REH,3.612060070037842,3.684575336532835,3.710641384124756
PLX-4720,2,RL,3.7884368896484375,3.581231365641567,3.6138432025909424
PLX-4720,2,SBC5,4.806584358215332,3.9658036245798907,3.9740567207336426
PLX-4720,2,SKMES1,2.890096426010132,4.451022227055102,4.428541660308838
PLX-4720,2,SKMM2,5.174736976623535,4.4177043147203,4.397334098815918
PLX-4720,2,WSUDLCL2,3.213437557220459,3.5431105159082192,3.578136920928955
PLX-4720,3,697,2.1396849155426025,3.723059667181342,3.741806983947754
PLX-4720,3,A549,3.4421510696411133,4.047996064268162,4.03505277633667
PLX-4720,3,BEN,5.743273735046387,4.460156010322329,4.407015323638916
PLX-4720,3,CALU6,3.037339448928833,3.7919948080314225,3.804018974304199
PLX-4720,3,CHAGOK1,3.7725510597229004,4.517839022224749,4.459072589874268
PLX-4720,3,CORL105,4.15357780456543,3.958550991251205,3.954331159591675
PLX-4720,3,CORL311,4.7528557777404785,4.2194171975858765,4.189755439758301
PLX-4720,3,GA10,3.5705859661102295,3.4887077691105226,3.530311107635498
PLX-4720,3,HARA,3.8698859214782715,3.612693063178472,3.6422042846679688
PLX-4720,3,HCC827,2.74743390083313,3.803158963675655,3.814094305038452
PLX-4720,3,HH,3.7508718967437744,3.473392224607266,3.516489267349243
PLX-4720,3,HL60,4.560887813568115,3.8669620643083884,3.8716747760772705
PLX-4720,3,JM1,4.074923038482666,3.2930485376860976,3.353734254837036
PLX-4720,3,KCL22,3.8845129013061523,3.129871269033383,3.2064714431762695
PLX-4720,3,KOPN8,3.6493020057678223,3.515092098799942,3.55412220954895
PLX-4720,3,LOUCY,3.229541063308716,3.6135643423217245,3.6429905891418457
PLX-4720,3,LXF289,3.2282934188842773,3.8869283056090382,3.8896937370300293
PLX-4720,3,MM1S,4.443118095397949,3.543762941826185,3.5799968242645264
PLX-4720,3,MOLP8,4.9314141273498535,3.6595767576709926,3.6845154762268066
PLX-4720,3,MOLT16,2.5611050128936768,3.795641076901999,3.807309627532959
PLX-4720,3,NCIH1048,3.55173659324646,3.868861283762857,3.8733887672424316
PLX-4720,3,NCIH1436,4.293838977813721,4.319239157645825,4.279841899871826
PLX-4720,3,NCIH1781,4.435152053833008,3.935529725083191,3.9335551261901855
PLX-4720,3,NCIH211,4.251676082611084,4.302873481367426,4.265072345733643
PLX-4720,3,NCIH2405,4.747439861297607,4.544624119185338,4.483245372772217
PLX-4720,3,NCIH441,5.169405937194824,3.773031937921212,3.786905527114868
PLX-4720,3,NCIH524,3.587606906890869,4.5756567680153015,4.511251449584961
PLX-4720,3,NCIH596,4.952596187591553,4.008113776644793,3.9990601539611816
PLX-4720,3,NCIH647,2.5095999240875244,4.284049836274951,4.248084545135498
PLX-4720,3,NCIH838,4.847987174987793,4.22742091890909,4.196978569030762
PLX-4720,3,NOMO1,4.88514518737793,4.046194328744518,4.033426761627197
PLX-4720,3,NUDUL1,3.230210065841675,3.792143543676556,3.8041532039642334
PLX-4720,3,PF382,3.8432929515838623,3.5859140424520555,3.618036985397339
PLX-4720,3,RCHACV,2.978437900543213,3.4293773051955743,3.476767063140869
PLX-4720,3,RS411,2.998745918273926,3.5966074220401105,3.627687454223633
PLX-4720,3,SHP77,4.374701976776123,4.028739685629098,4.017674446105957
PLX-4720,3,SIGM5,2.2053890228271484,3.7378906980555127,3.7551915645599365
PLX-4720,3,SUDHL1,3.812730073928833,3.5907906166501404,3.6224379539489746
PLX-4720,3,SUDHL5,3.3497679233551025,3.6647772215687833,3.689208745956421
PLX-4720,3,SW1573,4.599557876586914,3.6700564123266974,3.6939730644226074
PLX-4720,3,THP1,4.307587146759033,3.7844037422636236,3.797168254852295
PLX-4720,4,ALLSIL,3.1460020542144775,3.596671973637736,3.617447853088379
PLX-4720,4,AMO1,4.2208170890808105,3.6509405870538716,3.674332618713379
PLX-4720,4,CA46,4.129932880401611,3.573584749139102,3.593247652053833
PLX-4720,4,CMK,3.4318225383758545,3.8481403711079976,3.8810389041900635
PLX-4720,4,CORL95,5.271581649780273,3.9551070307140486,3.993162155151367
PLX-4720,4,DB,2.667480945587158,3.5790156591551003,3.598940372467041
PLX-4720,4,DMS273,4.2695488929748535,3.8774047809404038,3.9117140769958496
PLX-4720,4,DND41,4.329945087432861,3.6928514179982055,3.718263864517212
PLX-4720,4,EBC1,2.5418694019317627,3.759175755482606,3.787785530090332
PLX-4720,4,GRANTA519,4.547576904296875,3.290124772967153,3.2961227893829346
PLX-4720,4,JURKAT,3.134161949157715,3.5018035719263514,3.5180060863494873
PLX-4720,4,KU812,2.9614078998565674,3.544119497762778,3.5623619556427
PLX-4720,4,L363,3.3132119178771973,3.595675499341129,3.616403341293335
PLX-4720,4,LCLC103H,3.8862454891204834,3.681141423427965,3.705989360809326
PLX-4720,4,LU65,5.194914817810059,3.5968009398386434,3.6175830364227295
PLX-4720,4,MHHCALL2,3.295759916305542,3.526247784704729,3.543628692626953
PLX-4720,4,MOLM13,3.5924930572509766,3.5742409528244963,3.593935489654541
PLX-4720,4,MOLM16,1.8355439901351929,3.4918094874436716,3.5075302124023438
PLX-4720,4,NCIH1341,4.162496089935303,3.974680779189014,4.013679504394531
PLX-4720,4,NCIH1437,4.390958309173584,4.046570679230749,4.0890350341796875
PLX-4720,4,NCIH1648,2.709777593612671,3.9871502413868223,4.026750087738037
PLX-4720,4,NCIH1836,5.206600189208984,4.373341008453178,4.431558132171631
PLX-4720,4,NCIH1915,3.4267749786376953,3.866048021837552,3.8998098373413086
PLX-4720,4,NCIH1944,4.441686630249023,3.881057003670516,3.9155423641204834
PLX-4720,4,NCIH2029,5.073337078094482,4.2792643727829915,4.332946300506592
PLX-4720,4,NCIH2172,5.112327575683594,4.554129331671172,4.6210618019104
PLX-4720,4,NCIH2291,5.816341876983643,3.87618130793391,3.9104316234588623
PLX-4720,4,NCIH2347,5.082534313201904,4.2506643549661955,4.302967548370361
PLX-4720,4,NCIH2444,5.295472621917725,3.78690212395604,3.8168485164642334
PLX-4720,4,NCIH460,3.5067224502563477,3.9269748849876707,3.9636738300323486
PLX-4720,4,NCIH522,4.1307573318481445,4.204044551786605,4.254100322723389
PLX-4720,4,NCIH650,4.195916175842285,3.824360095437996,3.856112241744995
PLX-4720,4,NCIH841,4.407626628875732,4.456166423498855,4.518376350402832
PLX-4720,4,OCIAML2,3.4395999908447266,3.5158827233725245,3.532763957977295
PLX-4720,4,P31FUJ,3.872775077819824,3.6239586742692746,3.646049976348877
PLX-4720,4,RERFLCMS,3.4660589694976807,4.133769117519195,4.180437088012695
PLX-4720,4,RPMI8226,4.244241237640381,3.979360864814896,4.018585205078125
PLX-4720,4,RPMI8402,3.848788022994995,3.3479211919848355,3.3567054271698
PLX-4720,4,SUDHL10,2.6785740852355957,3.582896700224036,3.603008508682251
PLX-4720,4,SUPT1,3.8078479766845703,3.596550058498959,3.6173200607299805
PLX-4720,5,ABC1,4.865682125091553,4.275889930080211,4.2830657958984375
PLX-4720,5,CAL12T,2.4605519771575928,3.838623327455748,3.8201212882995605
PLX-4720,5,CALU3,5.307161808013916,4.024850938283586,4.017284870147705
PLX-4720,5,CMLT1,2.5262351036071777,3.6736907688462814,3.645503282546997
PLX-4720,5,CORL279,3.6875529289245605,4.631239840182712,4.65928316116333
PLX-4720,5,DAUDI,4.408512115478516,3.775606294975015,3.753403663635254
PLX-4720,5,DMS53,4.8709259033203125,4.549113266537395,4.572333812713623
PLX-4720,5,EM2,3.4089150428771973,3.615905676428674,3.584324836730957
PLX-4720,5,HCC44,3.673405408859253,3.7123192544825874,3.6864001750946045
PLX-4720,5,IALM,3.536983013153076,3.7484093495368955,3.724609613418579
PLX-4720,5,JVM3,2.0085370540618896,3.5999923185084395,3.567476987838745
PLX-4720,5,KARPAS422,4.8281660079956055,3.4051976394663583,3.36124324798584
PLX-4720,5,KG1,2.7192649841308594,3.7776458800975448,3.7555630207061768
PLX-4720,5,KMH2,4.07349157333374,3.6654076706927103,3.6367337703704834
PLX-4720,5,LOUNH91,4.779232501983643,4.0293570769941764,4.022055625915527
PLX-4720,5,NALM6,3.485867977142334,3.5236118036007253,3.4866111278533936
PLX-4720,5,NAMALWA,3.424791097640991,3.5701383050720064,3.535869836807251
PLX-4720,5,NB4,3.3123960494995117,3.7198664175383964,3.6943905353546143
PLX-4720,5,NCIH146,3.484513998031616,4.775762360323563,4.812292575836182
PLX-4720,5,NCIH1568,4.3156328201293945,4.223977230424028,4.228104591369629
PLX-4720,5,NCIH1623,5.5293288230896,4.166103186242768,4.166831970214844
PLX-4720,5,NCIH1793,5.5336480140686035,4.483417772596203,4.502780437469482
PLX-4720,5,NCIH1975,4.041454315185547,4.059537171832556,4.0540080070495605
PLX-4720,5,NCIH2066,5.790404796600342,4.147763359326701,4.1474151611328125
PLX-4720,5,NCIH209,2.7464749813079834,4.583389196001871,4.6086225509643555
PLX-4720,5,NCIH2228,3.9101614952087402,3.65805710229429,3.6289515495300293
PLX-4720,5,NCIH23,4.546818733215332,4.183710230781812,4.1854729652404785
PLX-4720,5,NCIH358,2.861318588256836,4.304106330288089,4.312939167022705
PLX-4720,5,NCIH69,4.381549835205078,4.6484009999318,4.677452087402344
PLX-4720,5,NCIH810,4.483374118804932,4.5878160663053595,4.613309383392334
PLX-4720,5,NCIH82,2.8108348846435547,3.8896113791586244,3.874103546142578
PLX-4720,5,NCIH929,3.8941490650177,3.873934024904991,3.8575055599212646
PLX-4720,5,OCIAML5,4.49058723449707,3.710464328717513,3.684436321258545
PLX-4720,5,P12ICHIKAWA,3.412353038787842,3.538318119867349,3.502181053161621
PLX-4720,5,PL21,3.8492701053619385,3.706366692536708,3.680098056793213
PLX-4720,5,SUDHL4,3.664966106414795,3.400651641357878,3.3564302921295166
PLX-4720,5,SUDHL6,2.893712043762207,3.4434791006272514,3.4017727375030518
PLX-4720,5,SUDHL8,4.197164058685303,3.5355439508130875,3.499243974685669
PLX-4720,5,SUPB15,4.241666793823242,3.2985899641035483,3.248375177383423
PLX-4720,5,SUPM2,3.304877996444702,3.7076399413257977,3.681446075439453
REFAMETINIB,1,A3KAW,0.2787399888038635,1.5233750724798105,1.62185800075531
REFAMETINIB,1,ALLSIL,2.8458058834075928,2.7273265243717697,2.6121251583099365
REFAMETINIB,1,BEN,4.1428422927856445,2.9059451921263384,2.7590415477752686
REFAMETINIB,1,BV173,0.25782299041748047,2.5002229054976133,2.4253292083740234
REFAMETINIB,1,CMLT1,1.6994229555130005,1.9688495289719294,1.9882670640945435
REFAMETINIB,1,CORL95,4.4595160484313965,2.927087699911566,2.7764315605163574
REFAMETINIB,1,DAUDI,3.819899082183838,2.2206982503749857,2.195416212081909
REFAMETINIB,1,DMS53,3.518580913543701,3.1637078966534857,2.971055030822754
REFAMETINIB,1,EJM,3.6698389053344727,1.9511377256231772,1.9736988544464111
REFAMETINIB,1,HCC366,2.9862589836120605,1.839804692503872,1.8821258544921875
REFAMETINIB,1,IALM,2.4024219512939453,1.7978621531525625,1.8476275205612183
REFAMETINIB,1,JVM3,1.7835030555725098,2.6026115554648497,2.50954532623291
REFAMETINIB,1,LAMA84,-1.092918038368225,0.6443586222964441,0.8988544940948486
REFAMETINIB,1,LP1,3.433098077774048,2.0369127281081303,2.044250011444092
REFAMETINIB,1,MM1S,1.3858959674835205,2.182801800151853,2.164245843887329
REFAMETINIB,1,MOLP8,0.9765470027923584,2.6668866458664744,2.5624125003814697
REFAMETINIB,1,NAMALWA,3.3867340087890625,3.36915913413304,3.1400415897369385
REFAMETINIB,1,NCIH1092,4.225751876831055,4.111411626633078,3.7505548000335693
REFAMETINIB,1,NCIH1155,2.999216079711914,3.141442159626457,2.9527411460876465
REFAMETINIB,1,NCIH146,3.8160629272460938,3.8967044004698583,3.5739550590515137
REFAMETINIB,1,NCIH1623,1.4454129934310913,1.8966950216722696,1.9289189577102661
REFAMETINIB,1,NCIH1650,3.5855300426483154,1.9160770306703792,1.9448609352111816
REFAMETINIB,1,NCIH1944,0.7276820540428162,0.8842654602662778,1.0961812734603882
REFAMETINIB,1,NCIH2081,4.339649200439453,3.6949840232667497,3.4080371856689453
REFAMETINIB,1,NCIH2087,1.3364784717559814,0.04490128501018742,0.40579232573509216
REFAMETINIB,1,NCIH2122,0.20165300369262695,1.1038680817972817,1.2768075466156006
REFAMETINIB,1,NCIH2196,3.740525960922241,3.393781768441382,3.1602940559387207
REFAMETINIB,1,NCIH2228,1.7968080043792725,0.7317809310475021,0.9707605838775635
REFAMETINIB,1,NCIH2347,0.61477130651474,0.9709129582397009,1.1674500703811646
REFAMETINIB,1,NCIH446,3.882235050201416,3.3481827193427938,3.122788190841675
REFAMETINIB,1,NCIH69,3.507519006729126,4.071386113498711,3.7176332473754883
REFAMETINIB,1,NUDUL1,2.673485040664673,2.8858496789272756,2.7425127029418945
REFAMETINIB,1,OCIAML2,-4.434335231781006,0.5655960486676619,0.834071159362793
REFAMETINIB,1,PF382,3.3131260871887207,2.4870511222778195,2.4144952297210693
REFAMETINIB,1,RERFLCMS,0.37159499526023865,2.8136992297461663,2.6831679344177246
REFAMETINIB,1,RPMI8226,1.1747089624404907,2.8125681741328736,2.6822376251220703
REFAMETINIB,1,SBC5,2.485546112060547,3.1809954816808506,2.985274314880371
REFAMETINIB,1,SUDHL1,-1.8293590545654297,1.0317276329797445,1.2174710035324097
REFAMETINIB,1,SUDHL10,2.782172918319702,3.87312847088207,3.554563522338867
REFAMETINIB,1,SUPT1,3.4648380279541016,2.385690625632046,2.331124782562256
REFAMETINIB,1,SW1573,2.6510300636291504,0.9560758970859333,1.155246376991272
REFAMETINIB,2,ABC1,4.327076435089111,2.3922715474088774,2.270331382751465
REFAMETINIB,2,BL41,3.0221939086914062,3.628341380477753,3.1556215286254883
REFAMETINIB,2,CAL12T,1.352236032485962,1.2493378080965578,1.4517465829849243
REFAMETINIB,2,CORL105,1.718714952468872,1.8247030399088913,1.8638310432434082
REFAMETINIB,2,DMS79,4.955769062042236,3.890684018204751,3.343514919281006
REFAMETINIB,2,DOHH2,3.3414053916931152,2.8809493818922443,2.6203291416168213
REFAMETINIB,2,EM2,0.06830299645662308,-2.0178706685073635,-0.8882728815078735
REFAMETINIB,2,HCC15,-0.02788049913942814,1.2653045900396256,1.4631822109222412
REFAMETINIB,2,HCC78,2.2528605461120605,2.1274878457285693,2.0806896686553955
REFAMETINIB,2,HCC827,3.048766613006592,1.549760111410217,1.6669131517410278
REFAMETINIB,2,HL60,-1.1635669469833374,-0.6206216651989998,0.11245599389076233
REFAMETINIB,2,JM1,3.564650058746338,3.6989568034172793,3.2061972618103027
REFAMETINIB,2,JURKAT,3.4381051063537598,2.7779819554935137,2.5465824604034424
REFAMETINIB,2,KCL22,0.7016100287437439,1.9202217758645213,1.9322428703308105
REFAMETINIB,2,KG1,2.029263973236084,1.4948686289908837,1.6275991201400757
REFAMETINIB,2,KMH2,0.9224460124969482,2.6103707748117984,2.426537036895752
REFAMETINIB,2,L363,2.674923896789551,1.3950057113100809,1.556075930595398
REFAMETINIB,2,LCLC103H,3.9052155017852783,1.0988899734353914,1.3439937829971313
REFAMETINIB,2,LOUCY,2.735785961151123,2.199783018935163,2.1324684619903564
REFAMETINIB,2,LXF289,1.1096999645233154,1.2076611267527055,1.4218971729278564
REFAMETINIB,2,NCIH1568,1.867805004119873,2.456570430253757,2.316383123397827
REFAMETINIB,2,NCIH1651,3.169208526611328,2.4438764316540635,2.3072915077209473
REFAMETINIB,2,NCIH1781,3.4278860092163086,2.2840401711541967,2.192814588546753
REFAMETINIB,2,NCIH1792,0.18413099646568298,1.1204296248237549,1.3594207763671875
REFAMETINIB,2,NCIH196,4.325761318206787,2.387827166549661,2.26714825630188
REFAMETINIB,2,NCIH2029,3.9930338859558105,4.467651271055582,3.756746768951416
REFAMETINIB,2,NCIH2085,2.360511064529419,2.65273869702556,2.456881523132324
REFAMETINIB,2,NCIH209,4.20845890045166,4.016307767072082,3.433488368988037
REFAMETINIB,2,NCIH211,2.528630018234253,3.8042181574993945,3.2815868854522705
REFAMETINIB,2,NCIH2172,3.772308111190796,1.599766303491791,1.702728271484375
REFAMETINIB,2,NCIH2291,-0.8400350213050842,1.7228511194841878,1.7908833026885986
REFAMETINIB,2,NCIH460,1.0812300443649292,1.423148019589474,1.576231837272644
REFAMETINIB,2,NCIH522,3.9251060485839844,3.7075246615967803,3.2123336791992188
REFAMETINIB,2,NCIH596,2.2218990325927734,1.6969631252770454,1.7723419666290283
REFAMETINIB,2,NCIH650,2.2444651126861572,1.5557237907670345,1.6711844205856323
REFAMETINIB,2,NCIH727,0.1750664860010147,2.742316057086104,2.521038055419922
REFAMETINIB,2,P31FUJ,0.67495197057724,1.2588061269325026,1.45852792263031
REFAMETINIB,2,RPMI8402,3.102200984954834,2.0081515093006406,1.995219349861145
REFAMETINIB,2,SKLU1,0.9142493605613708,1.9942884098412685,1.9852904081344604
REFAMETINIB,2,SKMM2,4.270845890045166,2.2780382097362,2.1885159015655518
REFAMETINIB,2,SUDHL4,2.77236008644104,2.473853615770173,2.328761577606201
REFAMETINIB,3,697,2.0089669227600098,2.0165739830895593,1.98555326461792
REFAMETINIB,3,A4FUK,0.30861398577690125,1.5747037152832517,1.6471292972564697
REFAMETINIB,3,A549,-0.7372174859046936,1.67520381267264,1.7241013050079346
REFAMETINIB,3,AMO1,1.0856289863586426,2.329171049463346,2.224968194961548
REFAMETINIB,3,CHAGOK1,3.96488094329834,2.357221946415923,2.2464520931243896
REFAMETINIB,3,CMK,2.59010910987854,2.028831269378625,1.994940996170044
REFAMETINIB,3,CORL279,3.1431260108947754,3.920025792623737,3.443387746810913
REFAMETINIB,3,CORL311,5.064395904541016,2.9422837782520963,2.694545030593872
REFAMETINIB,3,DMS273,3.504228115081787,3.227168015302764,2.9127349853515625
REFAMETINIB,3,EHEB,3.645310401916504,2.6550660651881497,2.4745678901672363
REFAMETINIB,3,GA10,2.864650011062622,3.8840788685798042,3.41585636138916
REFAMETINIB,3,HCC44,-0.010404500178992748,1.1533129992327549,1.3243904113769531
REFAMETINIB,3,HEL,3.4521219730377197,0.28265048223431277,0.657558798789978
REFAMETINIB,3,JEKO1,3.312056064605713,2.1611256000412515,2.096263885498047
REFAMETINIB,3,KMS11,2.6232850551605225,2.7943362314939932,2.581233501434326
REFAMETINIB,3,KMS12BM,2.8918368816375732,2.2702766177093228,2.179861545562744
REFAMETINIB,3,L1236,3.0552940368652344,2.323979252111497,2.220991849899292
REFAMETINIB,3,LCLC97TM1,0.6638240218162537,1.732553281585961,1.7680246829986572
REFAMETINIB,3,LOUNH91,2.1998839378356934,1.325190193084871,1.4560294151306152
REFAMETINIB,3,ME1,1.6185489892959595,0.8553698882817362,1.0961987972259521
REFAMETINIB,3,MOLM13,0.5264700055122375,-0.8408872831033709,-0.20294740796089172
REFAMETINIB,3,MOLT16,2.417440891265869,2.2690989843370932,2.178959608078003
REFAMETINIB,3,NALM6,3.116507053375244,1.821692781274364,1.8362957239151
REFAMETINIB,3,NCIH1341,2.311152935028076,3.509255256358327,3.1287827491760254
REFAMETINIB,3,NCIH1436,4.2580060958862305,4.61783971610365,3.9778363704681396
REFAMETINIB,3,NCIH1963,4.117481231689453,4.294610951986868,3.730278730392456
REFAMETINIB,3,NCIH1975,1.2918949127197266,0.9281132635894851,1.1519122123718262
REFAMETINIB,3,NCIH2030,2.0751705169677734,2.236710175398786,2.154153347015381
REFAMETINIB,3,NCIH2405,1.029034972190857,1.9903124164630661,1.965439796447754
REFAMETINIB,3,NCIH647,1.8311740159988403,0.7009791336097011,0.9779524803161621
REFAMETINIB,3,NCIH810,3.85396409034729,3.9610611636944917,3.47481632232666
REFAMETINIB,3,NOMO1,-2.6669299602508545,0.6532907410133617,0.9414284229278564
REFAMETINIB,3,OCILY19,1.7965209484100342,3.8099953633044503,3.359116554260254
REFAMETINIB,3,OCIM1,1.332298994064331,1.2115409459088122,1.3689866065979004
REFAMETINIB,3,PL21,-0.7987930178642273,-0.5194360151946003,0.04324886575341225
REFAMETINIB,3,RAJI,4.031009197235107,3.355545928979924,3.0110583305358887
REFAMETINIB,3,RCHACV,2.9266469478607178,2.644448064476182,2.466435670852661
REFAMETINIB,3,SHP77,3.7882239818573,3.4873484117101894,3.112004518508911
REFAMETINIB,3,SKM1,-2.956623077392578,0.16746312073306613,0.5693379640579224
REFAMETINIB,3,ST486,3.1844539642333984,2.9823675169625794,2.7252447605133057
REFAMETINIB,3,WSUDLCL2,3.7229859828948975,3.023430282095389,2.7566943168640137
REFAMETINIB,4,CA46,4.209004878997803,3.0734911825479228,2.916262149810791
REFAMETINIB,4,CALU3,1.5286500453948975,1.2610085617166478,1.407734751701355
REFAMETINIB,4,CALU6,0.6490175127983093,2.333702299258043,2.300536632537842
REFAMETINIB,4,DMS114,2.8230419158935547,2.2723808379571153,2.2494988441467285
REFAMETINIB,4,DND41,1.377540946006775,2.727428889072686,2.62823486328125
REFAMETINIB,4,EBC1,-0.7780960202217102,1.9667573709746753,1.9951287508010864
REFAMETINIB,4,GDM1,2.497941017150879,1.4763067090133526,1.5869271755218506
REFAMETINIB,4,HCC33,5.396549224853516,3.886452002373506,3.592888593673706
REFAMETINIB,4,HDLM2,3.9522769451141357,2.096431258535799,2.1030561923980713
REFAMETINIB,4,HH,3.5556039810180664,2.3317082660904713,2.298877000808716
REFAMETINIB,4,JURLMK1,-2.046921968460083,1.0852066513224659,1.2614150047302246
REFAMETINIB,4,K562,1.6582109928131104,0.8615712912221991,1.0752835273742676
REFAMETINIB,4,KNS62,0.9643840193748474,1.834628539548289,1.8851580619812012
REFAMETINIB,4,L428,4.034764766693115,2.6738263212832347,2.5836215019226074
REFAMETINIB,4,L540,3.442636013031006,1.0217277326444993,1.208581566810608
REFAMETINIB,4,LU65,2.460066080093384,0.85239146262171,1.067643165588379
REFAMETINIB,4,MEG01,-0.3031269907951355,1.67761511377239,1.7544759511947632
REFAMETINIB,4,MHHCALL2,2.0201644897460938,1.8795054576752177,1.9225090742111206
REFAMETINIB,4,NCIH1105,3.806654930114746,3.289678924730692,3.0961949825286865
REFAMETINIB,4,NCIH1435,3.2891924381256104,1.6133830973789305,1.7010157108306885
REFAMETINIB,4,NCIH1648,1.8254565000534058,2.046649752148767,2.0616230964660645
REFAMETINIB,4,NCIH2009,0.5722770094871521,1.6800893935432422,1.756535291671753
REFAMETINIB,4,NCIH2023,2.379539966583252,0.627226417545889,0.8802385330200195
REFAMETINIB,4,NCIH2110,1.66280198097229,1.3368607412249685,1.4708664417266846
REFAMETINIB,4,NCIH2170,4.375984191894531,1.643316225063494,1.7259290218353271
REFAMETINIB,4,NCIH2342,3.5333609580993652,2.772012331121439,2.66534161567688
REFAMETINIB,4,NCIH292,-0.34092050790786743,1.8140711776408591,1.8680481910705566
REFAMETINIB,4,NCIH524,2.9841670989990234,2.67693267032348,2.5862069129943848
REFAMETINIB,4,NCIH526,3.935107946395874,3.5928521744025694,3.3485257625579834
REFAMETINIB,4,NCIH661,3.6976680755615234,2.6252622608037135,2.5432016849517822
REFAMETINIB,4,NCIH82,3.829425096511841,3.4364708178960637,3.218369722366333
REFAMETINIB,4,NCIH838,2.233041524887085,1.142106492316246,1.3087726831436157
REFAMETINIB,4,NCIH929,-0.482573002576828,2.141974334417531,2.1409616470336914
REFAMETINIB,4,OCIAML3,-2.6772170066833496,0.3558219175292401,0.6543488502502441
REFAMETINIB,4,P12ICHIKAWA,2.6757194995880127,2.7624429198305465,2.657377004623413
REFAMETINIB,4,REH,3.330821990966797,3.0770681818531185,2.9192392826080322
REFAMETINIB,4,RERFLCKJ,2.1812379360198975,1.8518395007282988,1.8994827270507812
REFAMETINIB,4,RS411,3.4412240982055664,0.8801609740852319,1.0907557010650635
REFAMETINIB,4,SUPB15,1.8678745031356812,1.153339507632519,1.3181219100952148
REFAMETINIB,4,SUPM2,3.1186559200286865,0.9390746138389647,1.1397894620895386
REFAMETINIB,5,COLO668,2.2131896018981934,3.716054218777052,3.3043267726898193
REFAMETINIB,5,CORL23,1.308251976966858,1.6263579828619914,1.7066017389297485
REFAMETINIB,5,CORL88,4.3934807777404785,3.9260730180183927,3.4649014472961426
REFAMETINIB,5,DB,4.098886013031006,3.2800345869153813,2.9709579944610596
REFAMETINIB,5,EPLC272H,0.5135650038719177,1.8456545751281586,1.874269962310791
REFAMETINIB,5,GRANTA519,4.434629440307617,2.8877868668895212,2.671056032180786
REFAMETINIB,5,HARA,1.601686954498291,2.943558400719732,2.7136974334716797
REFAMETINIB,5,HT,3.1424810886383057,2.8502279034858304,2.6423394680023193
REFAMETINIB,5,JVM2,2.7459540367126465,1.5776843777715883,1.6693872213363647
REFAMETINIB,5,KARPAS422,3.9810690879821777,3.2963789695253567,2.983454465866089
REFAMETINIB,5,KOPN8,1.0797920227050781,2.3779942412955406,2.281282424926758
REFAMETINIB,5,KU812,-1.4026329517364502,0.6207198248687753,0.9377180933952332
REFAMETINIB,5,MOLM16,1.790855050086975,1.565118779999017,1.6597799062728882
REFAMETINIB,5,MOLT13,0.1854570060968399,3.105540668432545,2.8375446796417236
REFAMETINIB,5,MONOMAC6,2.0714709758758545,-0.027835990096610308,0.4418499171733856
REFAMETINIB,5,NB4,-2.824605941772461,0.1229550421000063,0.5571406483650208
REFAMETINIB,5,NCIH1048,3.6696999073028564,2.098334539251123,2.067462205886841
REFAMETINIB,5,NCIH1437,-0.35660800337791443,1.0420932353292758,1.259888768196106
REFAMETINIB,5,NCIH1793,3.3615639209747314,1.769074154436685,1.815718650817871
REFAMETINIB,5,NCIH1836,4.458174228668213,4.2153536846269635,3.68607759475708
REFAMETINIB,5,NCIH1876,3.444648027420044,4.7887149009973875,4.124454021453857
REFAMETINIB,5,NCIH1915,0.021847499534487724,1.29488140528972,1.453163743019104
REFAMETINIB,5,NCIH2066,4.263538837432861,3.2622635711455517,2.9573707580566406
REFAMETINIB,5,NCIH2171,3.888317108154297,3.8127921084782184,3.3782899379730225
REFAMETINIB,5,NCIH2227,1.835508942604065,4.021545803734961,3.5378973484039307
REFAMETINIB,5,NCIH23,1.7935645580291748,2.5037443924014235,2.377427577972412
REFAMETINIB,5,NCIH2444,4.36718225479126,2.024724010191225,2.011181592941284
REFAMETINIB,5,NCIH358,1.5593459606170654,1.745555444152659,1.7977368831634521
REFAMETINIB,5,NCIH441,3.621634006500244,1.3164371307122622,1.4696446657180786
REFAMETINIB,5,NCIH841,3.1553308963775635,3.093567864023227,2.828390598297119
REFAMETINIB,5,OCIAML5,-0.6943020224571228,1.6519043832273193,1.7261338233947754
REFAMETINIB,5,OPM2,2.048548936843872,1.895850701836702,1.9126485586166382
REFAMETINIB,5,RL,3.2665319442749023,2.2046659522665917,2.1487603187561035
REFAMETINIB,5,SIGM5,2.6752889156341553,1.883671932137311,1.903337001800537
REFAMETINIB,5,SKMES1,0.527970016002655,1.5422464982484074,1.6422923803329468
REFAMETINIB,5,SUDHL5,2.1119120121002197,3.3914931479995576,3.05617618560791
REFAMETINIB,5,SUDHL6,2.728851079940796,3.3623227875758133,3.0338733196258545
REFAMETINIB,5,SUDHL8,3.62648606300354,3.014987662248879,2.768310308456421
REFAMETINIB,5,SW1271,0.7295529842376709,2.0863661004951903,2.0583114624023438
REFAMETINIB,5,THP1,2.2897469997406006,-0.9975966628623603,-0.29960277676582336
RO-3306,1,A4FUK,1.4207874536514282,2.545356810162147,2.4607272148132324
RO-3306,1,ALLSIL,2.487236976623535,2.472888360636886,2.378941535949707
RO-3306,1,BL41,2.0863735675811768,2.5855451385114905,2.506082534790039
RO-3306,1,CMLT1,3.2261478900909424,2.4762072134096194,2.3826870918273926
RO-3306,1,CORL279,2.620668888092041,3.348546644617528,3.367182731628418
RO-3306,1,DAUDI,2.9630625247955322,2.495117280207386,2.4040284156799316
RO-3306,1,DMS53,5.170895576477051,3.4943450510905336,3.531726360321045
RO-3306,1,DMS79,3.990570068359375,3.1806209333533784,3.1776669025421143
RO-3306,1,DND41,3.5284008979797363,2.635201809471982,2.5621235370635986
RO-3306,1,EM2,3.196911096572876,2.8859894087536233,2.8451547622680664
RO-3306,1,HCC366,3.679231882095337,3.2650302813683414,3.2729287147521973
RO-3306,1,HCC78,4.1245341300964355,3.862162666391169,3.946834087371826
RO-3306,1,HDLM2,2.99025559425354,3.1902789850536366,3.1885666847229004
RO-3306,1,JEKO1,1.965811014175415,2.749901657057923,2.691570281982422
RO-3306,1,KG1,2.9593124389648438,2.8807299460782594,2.839219093322754
RO-3306,1,L540,2.401411533355713,2.531131586081639,2.4446730613708496
RO-3306,1,NCIH1048,3.1211349964141846,3.1716708049912126,3.1675660610198975
RO-3306,1,NCIH1105,3.627572536468506,3.1073150597421137,3.0949361324310303
RO-3306,1,NCIH146,2.6054494380950928,3.444700844312957,3.4756994247436523
RO-3306,1,NCIH1568,5.570999622344971,3.2025367695496465,3.2024004459381104
RO-3306,1,NCIH1651,4.019944667816162,3.7217420267025494,3.7883596420288086
RO-3306,1,NCIH1792,2.0358951091766357,3.3584786970845744,3.378391742706299
RO-3306,1,NCIH1793,5.637918949127197,3.662341111048084,3.7213215827941895
RO-3306,1,NCIH1836,4.589284896850586,3.318888438257803,3.3337113857269287
RO-3306,1,NCIH1876,2.9294514656066895,3.2757509574764194,3.2850277423858643
RO-3306,1,NCIH1963,2.1955859661102295,2.9250707486542638,2.889260768890381
RO-3306,1,NCIH209,2.427877902984619,3.527929475068416,3.5696287155151367
RO-3306,1,NCIH2110,2.255431890487671,3.9132658163417884,4.004507541656494
RO-3306,1,NCIH2170,2.3731460571289062,3.5191449724588804,3.5597147941589355
RO-3306,1,NCIH2227,3.8970694541931152,3.343541324519223,3.3615338802337646
RO-3306,1,NCIH2405,4.74677848815918,3.7345590093710244,3.8028244972229004
RO-3306,1,NCIH292,1.679026484489441,3.6706264125690153,3.7306721210479736
RO-3306,1,NCIH526,3.7055768966674805,3.241749511514236,3.246654748916626
RO-3306,1,NCIH841,3.4734835624694824,3.4092996072322417,3.435746669769287
RO-3306,1,NCIH929,2.4366939067840576,2.95386448998878,2.9217565059661865
RO-3306,1,NUDUL1,2.152381420135498,2.7678048713849805,2.711775302886963
RO-3306,1,PL21,3.3131654262542725,2.7679734547403365,2.711965560913086
RO-3306,1,RS411,2.337733030319214,2.631246015826569,2.557659149169922
RO-3306,1,SUDHL10,1.7889809608459473,2.5581520333248555,2.4751675128936768
RO-3306,1,SW1573,5.110902309417725,3.269817372636969,3.2783312797546387
RO-3306,1,THP1,3.289308547973633,2.8539442057370485,2.8089895248413086
RO-3306,2,A3KAW,2.008714437484741,2.6400565159884977,2.6023266315460205
RO-3306,2,EBC1,4.490530490875244,3.391199636458345,3.4047164916992188
RO-3306,2,GDM1,2.7163898944854736,2.88704028622159,2.8661608695983887
RO-3306,2,GRANTA519,3.580641984939575,2.612843464352714,2.5732569694519043
RO-3306,2,HCC15,2.8263099193573,3.5064384634592796,3.527817487716675
RO-3306,2,HEL,2.45772647857666,2.7995387873357465,2.7726895809173584
RO-3306,2,HH,4.495927810668945,2.518568777592231,2.472550392150879
RO-3306,2,JM1,2.377016544342041,2.36488166962736,2.308377981185913
RO-3306,2,K562,3.6445610523223877,3.6309859320619395,3.6608622074127197
RO-3306,2,KARPAS422,3.527085065841675,2.2289288998884444,2.163149833679199
RO-3306,2,KMS11,2.629117488861084,2.8340729616084936,2.809579849243164
RO-3306,2,KMS12BM,0.7086679935455322,3.075246614638811,3.0672075748443604
RO-3306,2,KNS62,4.4022064208984375,3.8187291384295388,3.8614141941070557
RO-3306,2,L1236,2.247910976409912,2.54411927686771,2.4998440742492676
RO-3306,2,L428,3.0294604301452637,3.0141499915132424,3.0019426345825195
RO-3306,2,LCLC97TM1,3.1096885204315186,3.3311966509439324,3.3406198024749756
RO-3306,2,LXF289,1.8377264738082886,3.554449824163048,3.579104423522949
RO-3306,2,ME1,4.14756441116333,2.7598939775486655,2.730340003967285
RO-3306,2,MM1S,3.023232936859131,2.6495807604335657,2.6125006675720215
RO-3306,2,MOLM16,1.0291165113449097,3.2954605912556607,3.302445650100708
RO-3306,2,NCIH1092,4.938694953918457,3.1414534268960144,3.1379313468933105
RO-3306,2,NCIH1648,3.887342929840088,3.8060991863601386,3.8479225635528564
RO-3306,2,NCIH196,3.9214789867401123,3.4486073529640815,3.466040849685669
RO-3306,2,NCIH2029,3.378268003463745,3.8374095847848184,3.881369113922119
RO-3306,2,NCIH2030,3.184828519821167,3.3008522246786565,3.3082051277160645
RO-3306,2,NCIH2066,4.129822731018066,3.0752566582495255,3.06721830368042
RO-3306,2,NCIH2081,2.890902042388916,3.442665106482571,3.459693193435669
RO-3306,2,NCIH2087,3.6655430793762207,3.6675417735758793,3.6999120712280273
RO-3306,2,NCIH211,2.1254994869232178,3.572413156713299,3.5982933044433594
RO-3306,2,NCIH2122,2.755033493041992,3.9424083926837508,3.9935314655303955
RO-3306,2,NCIH2172,4.709203720092773,3.9446650804156675,3.9959421157836914
RO-3306,2,NCIH460,2.465272903442383,3.1136770402948106,3.108259916305542
RO-3306,2,NCIH650,4.3030900955200195,3.4340874165495254,3.4505302906036377
RO-3306,2,OCIAML5,3.325511932373047,3.141633542314831,3.1381237506866455
RO-3306,2,PF382,2.754986047744751,2.4173035145829735,2.3643763065338135
RO-3306,2,RCHACV,2.187056541442871,2.5593116888174516,2.516072988510132
RO-3306,2,RL,3.1984379291534424,1.9735227809013605,1.8903186321258545
RO-3306,2,SUDHL4,2.5898194313049316,2.231463014467436,2.1658568382263184
RO-3306,2,SUDHL5,1.8594319820404053,2.040292816528309,1.9616440534591675
RO-3306,2,SUPT1,3.145730495452881,2.648245183399861,2.6110739707946777
RO-3306,2,WSUDLCL2,2.9229040145874023,2.6610704278998245,2.624774217605591
RO-3306,3,697,1.4546455144882202,2.796335542650609,2.779515504837036
RO-3306,3,ABC1,2.7620644569396973,3.673838454891923,3.775972843170166
RO-3306,3,BEN,3.0331344604492188,3.2804740958139114,3.3292839527130127
RO-3306,3,COLO668,4.751730442047119,3.243402442948848,3.287186861038208
RO-3306,3,CORL105,4.8934431076049805,3.458631471652565,3.53159236907959
RO-3306,3,CORL23,3.171088933944702,3.2501519243081725,3.294851303100586
RO-3306,3,DB,1.8128060102462769,2.675270880536895,2.6420392990112305
RO-3306,3,DMS114,4.349557399749756,3.7923210682372614,3.9105169773101807
RO-3306,3,EJM,4.017889022827148,2.496139095173601,2.438624382019043
RO-3306,3,EPLC272H,2.6048905849456787,3.956138394402793,4.096541404724121
RO-3306,3,HCC827,4.942661762237549,3.6734187512419005,3.775496244430542
RO-3306,3,HL60,4.16140604019165,2.7210383143289234,2.6940109729766846
RO-3306,3,HT,3.518320083618164,2.5003617464038475,2.4434194564819336
RO-3306,3,JVM2,3.3386614322662354,2.85671743965782,2.8480827808380127
RO-3306,3,KOPN8,2.2607483863830566,2.3595863395857015,2.2835605144500732
RO-3306,3,KU812,3.275526523590088,2.989686862481866,2.999077558517456
RO-3306,3,L363,2.731890916824341,2.684338494962705,2.6523361206054688
RO-3306,3,LAMA84,2.591303586959839,2.63149110780278,2.592324733734131
RO-3306,3,LCLC103H,3.8982720375061035,2.8680746330248508,2.8609795570373535
RO-3306,3,LU65,4.94478702545166,3.0969120119417948,3.120838165283203
RO-3306,3,NCIH1155,2.6681575775146484,3.214578523192266,3.25445556640625
RO-3306,3,NCIH1341,3.919182538986206,3.4399999049176766,3.510435104370117
RO-3306,3,NCIH1623,3.9401888847351074,3.6726368721059894,3.7746083736419678
RO-3306,3,NCIH23,2.3260135650634766,3.48031392069785,3.5562140941619873
RO-3306,3,NCIH441,5.724937915802002,3.6019861978006418,3.694380283355713
RO-3306,3,NCIH727,4.45358419418335,3.5358991445742833,3.6193344593048096
RO-3306,3,NCIH838,2.7433040142059326,3.6455910765175137,3.743896245956421
RO-3306,3,NOMO1,2.9260430335998535,2.4420561122255893,2.3772099018096924
RO-3306,3,OCIAML2,2.3283214569091797,2.816901441415343,2.8028693199157715
RO-3306,3,P12ICHIKAWA,2.037463903427124,2.7525992309748,2.7298502922058105
RO-3306,3,REH,2.9939730167388916,2.8138877214591496,2.7994470596313477
RO-3306,3,RERFLCMS,3.191633462905884,3.662020616298204,3.7625529766082764
RO-3306,3,RPMI8402,1.8880984783172607,2.782264867556266,2.7635374069213867
RO-3306,3,SBC5,3.3471295833587646,3.202305288291943,3.240518569946289
RO-3306,3,SHP77,3.039644956588745,2.993111887815946,3.00296688079834
RO-3306,3,SIGM5,0.41090500354766846,2.9738401627874507,2.9810826778411865
RO-3306,3,SKM1,2.635631561279297,2.9502172929650206,2.9542574882507324
RO-3306,3,SUDHL1,1.0625790357589722,2.695426733664563,2.6649274826049805
RO-3306,3,SUDHL8,2.94537091255188,2.7827998374913627,2.7641448974609375
RO-3306,3,SUPB15,3.3532514572143555,2.5085855444367393,2.4527580738067627
RO-3306,3,SW1271,3.56774640083313,3.501781583933244,3.580591917037964
RO-3306,4,A549,2.187314987182617,3.5188037640409973,3.5446150302886963
RO-3306,4,CA46,3.958972930908203,2.5155290736191254,2.4990103244781494
RO-3306,4,CAL12T,2.7763969898223877,3.301687886888019,3.318338632583618
RO-3306,4,CALU3,4.5482306480407715,3.5011768478888072,3.5262444019317627
RO-3306,4,CMK,3.3777570724487305,3.3364887615276877,3.3546078205108643
RO-3306,4,CORL88,3.4722089767456055,3.770736529488457,3.8071773052215576
RO-3306,4,DMS273,3.034921407699585,3.5285078100911935,3.5547285079956055
RO-3306,4,GA10,2.0406880378723145,2.5540814900484916,2.539189338684082
RO-3306,4,HCC44,3.3661060333251953,3.618139210044167,3.648141622543335
RO-3306,4,JVM3,2.545790910720825,3.167977071930212,3.1789863109588623
RO-3306,4,KCL22,2.884141445159912,2.840209127684196,2.8373892307281494
RO-3306,4,KMH2,1.580106496810913,2.6286570805127547,2.6169114112854004
RO-3306,4,LOUCY,2.824228048324585,2.653814532224019,2.643130302429199
RO-3306,4,LOUNH91,3.7994420528411865,3.832842515716314,3.871903657913208
RO-3306,4,MHHCALL2,2.6570069789886475,2.9040832501699083,2.903958320617676
RO-3306,4,MOLM13,1.6085220575332642,3.105333026900637,3.113699197769165
RO-3306,4,MONOMAC6,3.1839613914489746,2.8295575308020626,2.8262882232666016
RO-3306,4,NCIH1435,4.77541446685791,3.286588840531314,3.302602529525757
RO-3306,4,NCIH1436,3.473287582397461,3.760698255585663,3.796715497970581
RO-3306,4,NCIH1650,4.6160736083984375,3.8893796390996926,3.930826187133789
RO-3306,4,NCIH1915,2.6202805042266846,3.75924421572864,3.7952001094818115
RO-3306,4,NCIH1944,1.8094024658203125,3.4439435880540565,3.4665963649749756
RO-3306,4,NCIH1975,3.2177274227142334,4.086966177908693,4.136749267578125
RO-3306,4,NCIH2085,2.8577170372009277,3.3908388771966016,3.4112510681152344
RO-3306,4,NCIH2171,1.1465389728546143,3.008853273083625,3.013148784637451
RO-3306,4,NCIH2291,5.948805809020996,4.2519887208889084,4.30873441696167
RO-3306,4,NCIH2342,4.332651138305664,3.827054952100389,3.8658719062805176
RO-3306,4,NCIH2444,4.399465084075928,3.6133344273007673,3.643134117126465
RO-3306,4,NCIH446,2.15427303314209,3.096075075520232,3.104050636291504
RO-3306,4,NCIH522,3.8981685638427734,3.275498469507304,3.291044235229492
RO-3306,4,NCIH647,2.8421125411987305,3.8202843788454417,3.8588156700134277
RO-3306,4,NCIH661,4.375671863555908,3.708170036301477,3.741971015930176
RO-3306,4,NCIH810,2.9849555492401123,3.3856447338747477,3.4058377742767334
RO-3306,4,NCIH82,2.48410701751709,3.249134045756132,3.2635674476623535
RO-3306,4,OCIAML3,2.6682515144348145,2.808642096250769,2.804490327835083
RO-3306,4,OPM2,2.9817779064178467,2.387924494008023,2.3660218715667725
RO-3306,4,RAJI,3.4453744888305664,2.635915612706505,2.624476194381714
RO-3306,4,RPMI8226,2.5676424503326416,3.1862859410109396,3.1980676651000977
RO-3306,4,SKMM2,4.697336196899414,3.137782410714262,3.147517681121826
RO-3306,4,SUDHL6,1.1888405084609985,2.808882072306467,2.8047404289245605
RO-3306,5,AMO1,2.9064745903015137,2.869231001427941,2.867319345474243
RO-3306,5,BV173,1.9206949472427368,2.78902090492602,2.7854061126708984
RO-3306,5,CALU6,3.3886139392852783,3.375918093949477,3.384765148162842
RO-3306,5,CHAGOK1,3.0909149646759033,3.5493392848722203,3.561868667602539
RO-3306,5,CORL311,2.5387730598449707,3.3244055385010536,3.3321588039398193
RO-3306,5,CORL95,4.01941442489624,3.1527528176119923,3.1568613052368164
RO-3306,5,DOHH2,2.1679155826568604,2.649060334347491,2.6424736976623535
RO-3306,5,EHEB,4.176015853881836,3.070074800750197,3.072427749633789
RO-3306,5,HARA,3.0445353984832764,2.809625039952105,2.806447744369507
RO-3306,5,HCC33,2.712831974029541,2.969745468530436,2.96996808052063
RO-3306,5,IALM,4.311519622802734,3.7985796304627604,3.816401243209839
RO-3306,5,JURKAT,2.885782480239868,2.883596581174812,2.8819899559020996
RO-3306,5,JURLMK1,2.89528489112854,3.0055521423886393,3.006535053253174
RO-3306,5,LP1,3.7071990966796875,2.941483099508989,2.941105604171753
RO-3306,5,MEG01,2.975287437438965,3.3562982321460986,3.3647286891937256
RO-3306,5,MOLP8,2.9567575454711914,2.491465257631119,2.481532335281372
RO-3306,5,MOLT13,2.475966453552246,2.8693556698105134,2.8674466609954834
RO-3306,5,MOLT16,1.703914999961853,2.647033656015822,2.640403985977173
RO-3306,5,NALM6,2.4104886054992676,2.6594488993057452,2.653082847595215
RO-3306,5,NAMALWA,2.718851089477539,2.635344010727837,2.6284661293029785
RO-3306,5,NB4,1.678926944732666,2.46140640320912,2.4508352279663086
RO-3306,5,NCIH1437,2.557006597518921,3.424659229230265,3.4345412254333496
RO-3306,5,NCIH1781,4.697554111480713,3.6658759737491775,3.680879831314087
RO-3306,5,NCIH2009,3.9872748851776123,3.7324965161665324,3.748914957046509
RO-3306,5,NCIH2023,3.0442795753479004,3.554266020597737,3.5669000148773193
RO-3306,5,NCIH2196,4.155299186706543,3.634703275032697,3.64904522895813
RO-3306,5,NCIH2228,3.5793769359588623,3.4710657506052023,3.481933116912842
RO-3306,5,NCIH2347,5.831075668334961,4.203860900292548,4.230288028717041
RO-3306,5,NCIH358,3.4691100120544434,4.164545535195241,4.19013786315918
RO-3306,5,NCIH524,2.147704601287842,3.5522328053471317,3.564823627471924
RO-3306,5,NCIH596,5.490478515625,3.5871350497782086,3.6004669666290283
RO-3306,5,NCIH69,3.3576464653015137,3.2851987329503696,3.2921195030212402
RO-3306,5,OCILY19,2.0261640548706055,2.4184730869419164,2.4069902896881104
RO-3306,5,OCIM1,2.7985599040985107,2.7468533420199357,2.7423431873321533
RO-3306,5,P31FUJ,2.107896089553833,2.691178403438771,2.685486078262329
RO-3306,5,RERFLCKJ,4.047891616821289,3.834248328639128,3.852827310562134
RO-3306,5,SKLU1,3.7246859073638916,4.185041577597485,4.211069107055664
RO-3306,5,SKMES1,3.6172945499420166,3.5276761689784415,3.539745569229126
RO-3306,5,ST486,2.5029654502868652,2.5994686992208016,2.5918290615081787
RO-3306,5,SUPM2,1.6817175149917603,2.209330669029924,2.1934070587158203
RUCAPARIB,1,AMO1,2.4411120414733887,3.8590436498845246,3.8434767723083496
RUCAPARIB,1,BV173,1.031470537185669,2.335291416561909,2.30214262008667
RUCAPARIB,1,CAL12T,3.829200506210327,4.041237524589386,4.027772903442383
RUCAPARIB,1,CALU6,4.090450763702393,3.439494567943368,3.4190866947174072
RUCAPARIB,1,COLO668,4.353455066680908,3.6605097097227652,3.6426520347595215
RUCAPARIB,1,DND41,2.813572406768799,3.443498150320122,3.4231364727020264
RUCAPARIB,1,EPLC272H,4.294301509857178,3.785043843018671,3.768623113632202
RUCAPARIB,1,HARA,3.307792901992798,3.755745049251756,3.7389862537384033
RUCAPARIB,1,HCC33,4.591487884521484,3.3885934939460114,3.367598295211792
RUCAPARIB,1,HCC44,3.8997108936309814,3.9005582488688195,3.885470390319824
RUCAPARIB,1,HDLM2,3.13203501701355,3.595789370546351,3.5771849155426025
RUCAPARIB,1,IALM,4.617057800292969,3.9337371187623167,3.919032096862793
RUCAPARIB,1,JM1,3.041212558746338,3.232744869456722,3.209951400756836
RUCAPARIB,1,JURKAT,3.6913299560546875,3.4352522225295448,3.414795398712158
RUCAPARIB,1,KG1,3.2061049938201904,3.0904312572119346,3.065995693206787
RUCAPARIB,1,ME1,3.7637739181518555,3.204296241805017,3.1811745166778564
RUCAPARIB,1,MOLT16,1.7673285007476807,3.0893932390330097,3.064945697784424
RUCAPARIB,1,NALM6,2.823162078857422,2.81060993432733,2.7829456329345703
RUCAPARIB,1,NCIH1048,1.1009360551834106,3.647235616216699,3.6292247772216797
RUCAPARIB,1,NCIH1092,5.193252086639404,3.3779860983682743,3.3568685054779053
RUCAPARIB,1,NCIH1436,3.8435354232788086,3.525786310787681,3.5063741207122803
RUCAPARIB,1,NCIH1437,2.7402114868164062,3.7212432011479257,3.7040863037109375
RUCAPARIB,1,NCIH1648,3.574333906173706,3.9762440103290992,3.962029457092285
RUCAPARIB,1,NCIH1781,3.758713483810425,4.208002074582891,4.1964616775512695
RUCAPARIB,1,NCIH1963,3.706003427505493,3.7517975632252707,3.7349932193756104
RUCAPARIB,1,NCIH2009,4.59197998046875,3.828498480066257,3.8125791549682617
RUCAPARIB,1,NCIH2023,4.553779602050781,4.041436454503785,4.0279741287231445
RUCAPARIB,1,NCIH2085,4.063255786895752,3.9978587826039282,3.983893632888794
RUCAPARIB,1,NCIH209,0.3066929876804352,3.1870419001183166,3.1637210845947266
RUCAPARIB,1,NCIH2122,3.3830490112304688,3.718222954793532,3.70103120803833
RUCAPARIB,1,NCIH23,3.292923927307129,3.9427627386818416,3.928161859512329
RUCAPARIB,1,NCIH460,1.426164984703064,3.834505032126142,3.818655014038086
RUCAPARIB,1,NCIH810,3.1921305656433105,3.719711157968313,3.7025365829467773
RUCAPARIB,1,NCIH841,3.9736239910125732,3.6421824664124345,3.6241133213043213
RUCAPARIB,1,OCIAML3,2.9424469470977783,3.3040699646299223,3.282099485397339
RUCAPARIB,1,OPM2,3.446743965148926,3.231188549285186,3.2083771228790283
RUCAPARIB,1,P31FUJ,3.07027006149292,3.361755868622407,3.3404510021209717
RUCAPARIB,1,REH,3.059598922729492,2.770645291642902,2.7425198554992676
RUCAPARIB,1,SUDHL5,1.843785047531128,3.3428445633122177,3.321321487426758
RUCAPARIB,1,SW1271,4.920483589172363,4.132132939338961,4.119717121124268
RUCAPARIB,1,WSUDLCL2,3.4102084636688232,3.1012804799131004,3.076970100402832
RUCAPARIB,2,A3KAW,1.5778340101242065,3.5951859016815,3.6489810943603516
RUCAPARIB,2,CORL23,4.016202926635742,3.6966617934594654,3.7892637252807617
RUCAPARIB,2,CORL95,3.7649810314178467,3.6978536938518554,3.7909114360809326
RUCAPARIB,2,DAUDI,3.8833653926849365,3.2063281830839845,3.111415147781372
RUCAPARIB,2,EHEB,4.043865203857422,3.4928416524334605,3.507498025894165
RUCAPARIB,2,GDM1,2.546658992767334,3.133410128127705,3.0106115341186523
RUCAPARIB,2,HCC827,3.382854461669922,4.079522412889773,4.318539142608643
RUCAPARIB,2,HH,4.173107624053955,3.2765490697235826,3.2084901332855225
RUCAPARIB,2,JVM2,3.0033140182495117,3.3732047583374754,3.342109203338623
RUCAPARIB,2,KCL22,2.140127420425415,3.2216768109701275,3.1326334476470947
RUCAPARIB,2,KMS12BM,3.5158374309539795,3.2056604015300367,3.110491991043091
RUCAPARIB,2,KOPN8,2.021752119064331,2.569188696350219,2.230618715286255
RUCAPARIB,2,LAMA84,3.3341164588928223,3.2176999579607046,3.127135753631592
RUCAPARIB,2,LCLC97TM1,3.2169299125671387,3.7326081709714094,3.838956832885742
RUCAPARIB,2,LOUCY,2.168018102645874,2.961940657584135,2.7735681533813477
RUCAPARIB,2,MEG01,3.7161519527435303,2.9908441127514074,2.8135249614715576
RUCAPARIB,2,MHHCALL2,2.845999002456665,2.739385725699308,2.4659030437469482
RUCAPARIB,2,MOLP8,3.3832895755767822,3.262785905635333,3.1894636154174805
RUCAPARIB,2,NCIH1155,2.653496026992798,3.6518567900388095,3.7273242473602295
RUCAPARIB,2,NCIH1341,4.197658061981201,3.6476983321801337,3.7215754985809326
RUCAPARIB,2,NCIH1568,4.639191150665283,3.5666601432092553,3.609546422958374
RUCAPARIB,2,NCIH1623,4.146475791931152,3.9602792546635355,4.1536946296691895
RUCAPARIB,2,NCIH1793,5.3482441902160645,3.721963677812922,3.8242416381835938
RUCAPARIB,2,NCIH1944,4.0648512840271,3.6623919408664074,3.7418882846832275
RUCAPARIB,2,NCIH2170,3.2059125900268555,3.6900098475566323,3.7800679206848145
RUCAPARIB,2,NCIH2171,3.1550180912017822,3.5321992002335074,3.5619068145751953
RUCAPARIB,2,NCIH2172,4.474917411804199,3.7920572858402233,3.921140670776367
RUCAPARIB,2,NCIH2196,4.603600025177002,3.8576568205894324,4.011826992034912
RUCAPARIB,2,NCIH446,3.4514288902282715,3.333330507661491,3.2869861125946045
RUCAPARIB,2,NCIH522,3.6602859497070312,3.2602279159638057,3.185927391052246
RUCAPARIB,2,NCIH526,3.2426369190216064,3.1440356502193185,3.0253005027770996
RUCAPARIB,2,NCIH647,2.9322619438171387,3.7380461410585815,3.8464744091033936
RUCAPARIB,2,NCIH650,4.29231595993042,3.559679480456777,3.599896192550659
RUCAPARIB,2,NCIH727,4.083561897277832,3.82645769386622,3.9686965942382812
RUCAPARIB,2,RCHACV,2.883450984954834,3.1144825222437507,2.984445571899414
RUCAPARIB,2,RPMI8226,3.267784595489502,3.548144726869189,3.5839502811431885
RUCAPARIB,2,RS411,2.7444989681243896,3.008342334978564,2.837714910507202
RUCAPARIB,2,SUDHL1,6.531480312347412,3.284656786312592,3.219698429107666
RUCAPARIB,2,SUDHL6,2.7953579425811768,3.446706432296482,3.4437196254730225
RUCAPARIB,2,SW1573,4.146791458129883,3.4208964682793037,3.4080393314361572
RUCAPARIB,2,THP1,4.115508079528809,3.2771896019269304,3.2093756198883057
RUCAPARIB,3,697,0.43546199798583984,2.3572887263424827,2.487788200378418
RUCAPARIB,3,A4FUK,4.088334083557129,3.4562108601522636,3.457159996032715
RUCAPARIB,3,ABC1,5.083209991455078,3.5295593664459273,3.5218615531921387
RUCAPARIB,3,CORL105,3.946063995361328,3.8437448111411046,3.7990081310272217
RUCAPARIB,3,CORL279,2.5180130004882812,3.2439416159677283,3.2699148654937744
RUCAPARIB,3,DMS273,4.76182222366333,3.5325165184897886,3.524470090866089
RUCAPARIB,3,EBC1,3.633402109146118,4.774501186911045,4.620038986206055
RUCAPARIB,3,EJM,3.882201910018921,3.1740119028559306,3.2082290649414062
RUCAPARIB,3,EM2,3.7163400650024414,3.143966038039567,3.181725263595581
RUCAPARIB,3,GRANTA519,3.70888352394104,2.319307120628595,2.454284191131592
RUCAPARIB,3,HCC78,4.123249053955078,3.6523234753517064,3.630153179168701
RUCAPARIB,3,JEKO1,3.666586399078369,2.7454859486150855,2.83022141456604
RUCAPARIB,3,JURLMK1,3.285862445831299,3.0896323896738553,3.1337969303131104
RUCAPARIB,3,JVM3,2.749314546585083,2.983290056097655,3.0399911403656006
RUCAPARIB,3,KU812,3.1344845294952393,3.6583331888783723,3.6354544162750244
RUCAPARIB,3,L1236,3.830709457397461,4.134007622859209,4.055052280426025
RUCAPARIB,3,L428,3.3453783988952637,3.4120284517521253,3.4181861877441406
RUCAPARIB,3,LCLC103H,3.053436517715454,3.9045352189598646,3.8526320457458496
RUCAPARIB,3,LXF289,3.3932509422302246,3.949513066393463,3.8923075199127197
RUCAPARIB,3,MM1S,3.185889959335327,3.0704699579394914,3.1168935298919678
RUCAPARIB,3,NAMALWA,3.1981871128082275,2.9832649198998595,3.039968967437744
RUCAPARIB,3,NCIH1105,4.263073921203613,2.887959539409399,2.9558990001678467
RUCAPARIB,3,NCIH1876,2.0504369735717773,3.244236763580551,3.2701752185821533
RUCAPARIB,3,NCIH2029,4.055751323699951,3.8035674369230286,3.7635672092437744
RUCAPARIB,3,NCIH2030,3.2384469509124756,3.960544343563571,3.902038335800171
RUCAPARIB,3,NCIH2110,3.825608015060425,4.343715407403887,4.24003791809082
RUCAPARIB,3,NCIH2347,4.639523029327393,4.073055856867504,4.001286029815674
RUCAPARIB,3,NCIH441,5.272456645965576,4.3038607495317,4.20488166809082
RUCAPARIB,3,NCIH596,4.818331718444824,4.285858366839677,4.189001560211182
RUCAPARIB,3,NUDUL1,2.5550544261932373,2.9995129040984447,3.0543015003204346
RUCAPARIB,3,PF382,3.300306558609009,2.7505858939505776,2.8347201347351074
RUCAPARIB,3,PL21,4.312209606170654,3.0197775445920505,3.0721771717071533
RUCAPARIB,3,RAJI,3.8239634037017822,3.1226335145622035,3.162907600402832
RUCAPARIB,3,RPMI8402,2.878077507019043,2.850318218351687,2.9226951599121094
RUCAPARIB,3,SHP77,2.4607019424438477,3.942581962562663,3.8861935138702393
RUCAPARIB,3,SIGM5,2.4474120140075684,3.2733093440070107,3.295820474624634
RUCAPARIB,3,SKMES1,3.2485411167144775,3.5584959951789346,3.547386884689331
RUCAPARIB,3,SKMM2,4.413690090179443,3.183759341966598,3.216827392578125
RUCAPARIB,3,ST486,3.32623291015625,2.912773291140572,2.977787494659424
RUCAPARIB,3,SUDHL10,2.665085554122925,3.1869008261276255,3.2195985317230225
RUCAPARIB,3,SUDHL4,3.2316720485687256,3.0784597551763606,3.123941421508789
RUCAPARIB,4,ALLSIL,2.8837389945983887,2.7551626894111227,2.7178871631622314
RUCAPARIB,4,BL41,2.6653659343719482,3.403389875728619,3.3839614391326904
RUCAPARIB,4,CA46,3.543131113052368,3.15499356562244,3.1287262439727783
RUCAPARIB,4,CALU3,4.008077144622803,3.685843823232298,3.674191951751709
RUCAPARIB,4,DB,2.0890755653381348,3.401309028124496,3.3818233013153076
RUCAPARIB,4,DMS114,4.1083574295043945,3.5121610331618016,3.495727300643921
RUCAPARIB,4,DMS53,3.1119039058685303,3.7423162823404463,3.7322192192077637
RUCAPARIB,4,DMS79,2.889967441558838,3.9749605203961456,3.971268653869629
RUCAPARIB,4,DOHH2,1.9725470542907715,2.97203281253918,2.940728187561035
RUCAPARIB,4,HCC15,5.0044097900390625,3.824342236836871,3.8165035247802734
RUCAPARIB,4,HL60,3.878567934036255,3.3594261693343728,3.338787317276001
RUCAPARIB,4,HT,4.0331268310546875,3.028339834053468,2.9985854625701904
RUCAPARIB,4,KMH2,3.0323851108551025,3.3476694267771347,3.326706886291504
RUCAPARIB,4,L363,2.6675024032592773,3.510098980010838,3.4936084747314453
RUCAPARIB,4,LU65,4.502274513244629,3.7275598522468454,3.7170565128326416
RUCAPARIB,4,MOLT13,2.852344512939453,2.7768273572073947,2.7401483058929443
RUCAPARIB,4,NB4,2.7546334266662598,3.192462744313809,3.167227029800415
RUCAPARIB,4,NCIH1435,4.096097946166992,3.066745022918235,3.038048028945923
RUCAPARIB,4,NCIH146,3.2732961177825928,3.952677259857613,3.9483718872070312
RUCAPARIB,4,NCIH1651,1.255703330039978,3.819311356177572,3.8113341331481934
RUCAPARIB,4,NCIH1792,2.855513572692871,4.075249114636696,4.0743184089660645
RUCAPARIB,4,NCIH1915,3.4020824432373047,3.701941852439083,3.6907331943511963
RUCAPARIB,4,NCIH196,4.174256801605225,3.654056602182517,3.6415295600891113
RUCAPARIB,4,NCIH1975,4.074942588806152,4.390204704440501,4.397945404052734
RUCAPARIB,4,NCIH2066,5.430111408233643,3.096143260144192,3.068255662918091
RUCAPARIB,4,NCIH211,2.7409274578094482,3.6497294693804108,3.6370832920074463
RUCAPARIB,4,NCIH2228,4.565361976623535,3.85703646427431,3.850097894668579
RUCAPARIB,4,NCIH2291,5.386232376098633,3.97510809165799,3.9714202880859375
RUCAPARIB,4,NCIH2342,4.273184776306152,4.140833867133461,4.141708850860596
RUCAPARIB,4,NCIH2405,4.008647441864014,3.6398115668390822,3.626892328262329
RUCAPARIB,4,NCIH2444,4.774471282958984,3.9580775327320956,3.953920841217041
RUCAPARIB,4,NCIH69,3.7467169761657715,3.8624404496333673,3.8556506633758545
RUCAPARIB,4,NCIH82,3.772388458251953,3.528025639900952,3.512028694152832
RUCAPARIB,4,NCIH838,3.6553080081939697,3.9783228712694,3.9747235774993896
RUCAPARIB,4,OCIAML2,3.0723729133605957,3.029495344877345,2.999772787094116
RUCAPARIB,4,P12ICHIKAWA,3.588175058364868,2.7226995641384595,2.684530258178711
RUCAPARIB,4,RERFLCMS,3.2267239093780518,3.777194378828956,3.7680575847625732
RUCAPARIB,4,SBC5,3.3606114387512207,4.032345322588528,4.030233383178711
RUCAPARIB,4,SUPB15,0.8794875144958496,2.8292968298228653,2.794062376022339
RUCAPARIB,4,SUPT1,3.416062116622925,3.415194648555042,3.3960912227630615
RUCAPARIB,5,A549,4.347542762756348,4.018491987239566,4.139566421508789
RUCAPARIB,5,BEN,4.457855224609375,3.66357926945869,3.7166244983673096
RUCAPARIB,5,CHAGOK1,4.142047882080078,3.5777346419308595,3.6143252849578857
RUCAPARIB,5,CMK,3.1045339107513428,3.7028315080202607,3.7634005546569824
RUCAPARIB,5,CMLT1,2.115428924560547,2.8894771003378747,2.7941434383392334
RUCAPARIB,5,CORL311,2.384294033050537,3.3356535285581974,3.3258423805236816
RUCAPARIB,5,CORL88,3.8726816177368164,3.6360282966125723,3.6837925910949707
RUCAPARIB,5,GA10,3.3098864555358887,3.028132477460183,2.959376096725464
RUCAPARIB,5,HCC366,5.1284403800964355,3.7119482757274356,3.7742648124694824
RUCAPARIB,5,HEL,3.3744115829467773,3.3578322347594534,3.3522722721099854
RUCAPARIB,5,K562,3.771585464477539,3.4714203020078367,3.4876327514648438
RUCAPARIB,5,KARPAS422,4.246679306030273,3.139940126085275,3.0926148891448975
RUCAPARIB,5,KMS11,3.8843295574188232,3.636427235227568,3.684267997741699
RUCAPARIB,5,KNS62,4.113245010375977,3.41767042610504,3.4235801696777344
RUCAPARIB,5,L540,3.6529109477996826,4.102279900142445,4.239414691925049
RUCAPARIB,5,LOUNH91,4.239118576049805,4.002900569854118,4.120986461639404
RUCAPARIB,5,LP1,3.894888401031494,3.5213878637097884,3.547178030014038
RUCAPARIB,5,MOLM13,1.8804149627685547,3.415263989966041,3.420712471008301
RUCAPARIB,5,MOLM16,2.6368629932403564,3.2849493108981656,3.2654192447662354
RUCAPARIB,5,MONOMAC6,3.0838944911956787,3.0057380963206297,2.9326891899108887
RUCAPARIB,5,NCIH1650,5.42850923538208,3.774204707313467,3.848454475402832
RUCAPARIB,5,NCIH1836,5.005701541900635,3.5800836581187534,3.617124557495117
RUCAPARIB,5,NCIH2081,3.3360559940338135,3.390892321799407,3.391669273376465
RUCAPARIB,5,NCIH2087,5.7322821617126465,4.064644023201009,4.1945648193359375
RUCAPARIB,5,NCIH2227,2.793704032897949,3.813385721127326,3.8951456546783447
RUCAPARIB,5,NCIH292,2.9464094638824463,3.739668707453643,3.8072986602783203
RUCAPARIB,5,NCIH358,4.093257904052734,3.8171390252483453,3.89961838722229
RUCAPARIB,5,NCIH524,2.4878416061401367,4.063901365157447,4.1936798095703125
RUCAPARIB,5,NCIH661,3.5623080730438232,3.955224404319439,4.06417179107666
RUCAPARIB,5,NCIH929,3.122626543045044,3.628128751841021,3.6743788719177246
RUCAPARIB,5,NOMO1,3.1403989791870117,3.334922074407534,3.3249707221984863
RUCAPARIB,5,OCIAML5,3.3503193855285645,3.7562598722107725,3.8270699977874756
RUCAPARIB,5,OCILY19,2.075343132019043,3.191369595740973,3.153902292251587
RUCAPARIB,5,OCIM1,3.0791895389556885,3.2789628308390433,3.2582852840423584
RUCAPARIB,5,RERFLCKJ,3.5746500492095947,3.7591748850595597,3.8305437564849854
RUCAPARIB,5,RL,3.897552490234375,3.111931394186445,3.059237480163574
RUCAPARIB,5,SKLU1,3.1830999851226807,3.753404880216799,3.8236677646636963
RUCAPARIB,5,SKM1,3.1744585037231445,3.4052259021374756,3.408750295639038
RUCAPARIB,5,SUDHL8,3.475761890411377,2.9385929661100194,2.8526737689971924
RUCAPARIB,5,SUPM2,2.038017988204956,3.3240909110173633,3.312063455581665
SB216763,1,ALLSIL,3.729043483734131,4.098504689802681,4.125223636627197
SB216763,1,AMO1,4.006234169006348,4.20493939106164,4.232982635498047
SB216763,1,BV173,2.684216022491455,3.7103799996555122,3.732269763946533
SB216763,1,CMK,3.9487929344177246,4.511115008254806,4.542967796325684
SB216763,1,CORL105,5.68101692199707,4.833486114888479,4.869349956512451
SB216763,1,CORL23,5.292381763458252,4.635829272609265,4.669233798980713
SB216763,1,CORL88,5.778162002563477,5.204452638408518,5.244932174682617
SB216763,1,DMS114,5.4591965675354,4.997527437834027,5.0354323387146
SB216763,1,EM2,3.2987775802612305,4.310374678920398,4.3397297859191895
SB216763,1,EPLC272H,5.092069149017334,5.191915228081758,5.23223876953125
SB216763,1,HCC33,5.2915191650390625,5.010909310096019,5.048980712890625
SB216763,1,HCC827,4.900299072265625,5.567978194770313,5.612980842590332
SB216763,1,HL60,4.389063835144043,4.526256921928936,4.558298110961914
SB216763,1,KCL22,4.525834560394287,3.98239894483036,4.007673263549805
SB216763,1,LAMA84,3.998356580734253,4.326826850878864,4.356386661529541
SB216763,1,LU65,6.141140460968018,4.3422461700632295,4.371997833251953
SB216763,1,ME1,5.178616046905518,4.065214615643163,4.091519355773926
SB216763,1,MOLT13,3.8457839488983154,4.062543704525091,4.088815212249756
SB216763,1,NALM6,3.3028500080108643,3.68406415435094,3.7056264877319336
SB216763,1,NCIH1341,3.317129611968994,4.777982876917867,4.8131561279296875
SB216763,1,NCIH1437,4.767918586730957,5.034961639471574,5.0733323097229
SB216763,1,NCIH1915,4.808259010314941,4.792966542287346,4.828326225280762
SB216763,1,NCIH196,4.97210168838501,5.023965266206766,5.062199115753174
SB216763,1,NCIH1975,3.9153079986572266,5.3509062636143145,5.393208026885986
SB216763,1,NCIH2009,5.827042102813721,5.2837901433586945,5.325256824493408
SB216763,1,NCIH2029,4.967574119567871,5.38882745557034,5.431601047515869
SB216763,1,NCIH2085,4.098005294799805,5.225294316912642,5.266033172607422
SB216763,1,NCIH209,4.482507228851318,5.076765566616699,5.11565637588501
SB216763,1,NCIH211,4.63859748840332,5.007619535072261,5.045650005340576
SB216763,1,NCIH2196,6.250992774963379,5.04381883476102,5.082299709320068
SB216763,1,NCIH2228,5.649043560028076,5.231872925005963,5.272693634033203
SB216763,1,NCIH2347,6.162210941314697,5.443965215313544,5.487424850463867
SB216763,1,NCIH524,4.299835681915283,5.144080910184424,5.183809280395508
SB216763,1,NCIH650,3.7866714000701904,5.025092314400303,5.063340187072754
SB216763,1,NOMO1,4.88297700881958,4.2611048228308785,4.289846897125244
SB216763,1,OPM2,3.754976511001587,4.314061016659975,4.343461990356445
SB216763,1,P12ICHIKAWA,4.126436233520508,4.192477337070429,4.220365524291992
SB216763,1,SKMES1,4.300025939941406,5.0757101069419335,5.114587783813477
SB216763,1,SKMM2,4.893548011779785,4.296717756033656,4.325902938842773
SB216763,1,SUDHL5,3.8594729900360107,3.8687015412444357,3.892561197280884
SB216763,1,THP1,4.844801425933838,4.488172771897288,4.519740104675293
SB216763,2,A549,3.7607579231262207,4.8967851113087475,4.959061622619629
SB216763,2,CA46,5.120022296905518,3.980075418950447,3.9220664501190186
SB216763,2,CORL95,5.683319091796875,4.948397272801435,5.017446041107178
SB216763,2,DMS273,4.366085529327393,4.698847091194836,4.735151290893555
SB216763,2,HARA,4.362277030944824,4.648107490154039,4.677753925323486
SB216763,2,HCC15,5.770309925079346,5.063749764541293,5.147934436798096
SB216763,2,HCC366,6.663266181945801,4.776250369232882,4.822710990905762
SB216763,2,JEKO1,3.5009989738464355,4.204846780593917,4.176331043243408
SB216763,2,JURKAT,4.016302108764648,4.160528718646884,4.126197814941406
SB216763,2,JURLMK1,4.744104862213135,4.6145438411582465,4.639786243438721
SB216763,2,JVM3,3.5167360305786133,4.477660604122911,4.4849419593811035
SB216763,2,KMH2,3.8630685806274414,4.308500217849836,4.293585300445557
SB216763,2,KNS62,4.782725811004639,4.927210914892042,4.9934797286987305
SB216763,2,KOPN8,4.038268566131592,3.6242756165984655,3.519580602645874
SB216763,2,L428,4.422634601593018,4.459480153741261,4.464375972747803
SB216763,2,L540,3.782953977584839,4.321577243404901,4.308378219604492
SB216763,2,MOLP8,4.566418170928955,4.429760829055246,4.43075704574585
SB216763,2,NB4,3.5562405586242676,4.05838898408794,4.010655879974365
SB216763,2,NCIH1092,5.61944580078125,4.9545068820718186,5.024357318878174
SB216763,2,NCIH1105,5.054721355438232,4.59298738272868,4.615401268005371
SB216763,2,NCIH1155,4.6175947189331055,5.069335837540542,5.1542534828186035
SB216763,2,NCIH1568,5.616995334625244,5.132111714495962,5.225266456604004
SB216763,2,NCIH1650,5.61363410949707,5.185986631788527,5.286210536956787
SB216763,2,NCIH1651,5.151787281036377,4.996003665224408,5.071299076080322
SB216763,2,NCIH1836,5.877258777618408,5.1322752668898435,5.225451469421387
SB216763,2,NCIH1944,6.194558143615723,4.783196287651356,4.830568313598633
SB216763,2,NCIH2110,4.9474568367004395,5.163859004560742,5.261179447174072
SB216763,2,NCIH2122,4.104931831359863,4.995162719281644,5.070347785949707
SB216763,2,NCIH2170,5.115429878234863,5.035843426571982,5.116366386413574
SB216763,2,NCIH2291,6.980614185333252,5.209900268018562,5.313261985778809
SB216763,2,NCIH23,4.616804122924805,5.111963998593071,5.202475070953369
SB216763,2,NCIH292,4.4899139404296875,4.927016169515824,4.993259429931641
SB216763,2,NCIH810,5.236733913421631,5.252365719730785,5.361299514770508
SB216763,2,NCIH82,4.280401229858398,4.912036793564924,4.976314544677734
SB216763,2,RAJI,4.728853702545166,4.022490076684674,3.9700465202331543
SB216763,2,RERFLCKJ,5.004355430603027,4.905984511937755,4.969468116760254
SB216763,2,RPMI8402,4.056087970733643,4.224177156054194,4.198197841644287
SB216763,2,RS411,2.3230719566345215,3.5498327211950214,3.4353697299957275
SB216763,2,SUDHL6,3.088844060897827,4.105731079214616,4.064209938049316
SB216763,2,SW1573,4.942913055419922,4.538219671698384,4.553447246551514
SB216763,2,WSUDLCL2,4.119027137756348,4.492388750107953,4.501602649688721
SB216763,3,697,3.588306427001953,3.7734280971843606,3.790386915206909
SB216763,3,A3KAW,3.9975790977478027,4.352615071558949,4.395339488983154
SB216763,3,A4FUK,5.0709228515625,4.384976068485704,4.429140090942383
SB216763,3,ABC1,5.675395488739014,4.738964789513101,4.7988762855529785
SB216763,3,DAUDI,4.094699859619141,4.051322023696037,4.080643177032471
SB216763,3,DB,3.793226957321167,4.067788080508539,4.097841739654541
SB216763,3,DMS79,5.632885932922363,5.128322114827815,5.205554485321045
SB216763,3,EBC1,4.422406196594238,4.8546234536227395,4.919680118560791
SB216763,3,EHEB,5.5893120765686035,4.844298613296923,4.908895969390869
SB216763,3,EJM,4.537794589996338,4.906020304240047,4.973363399505615
SB216763,3,GDM1,4.986422061920166,3.5716333022056976,3.5796151161193848
SB216763,3,HCC44,4.8458075523376465,4.994548414278117,5.065829753875732
SB216763,3,HCC78,5.125030994415283,4.997414954444627,5.06882381439209
SB216763,3,HH,5.477159023284912,3.920656823224977,3.9441652297973633
SB216763,3,JM1,3.200166940689087,4.106309011575559,4.138076305389404
SB216763,3,KARPAS422,4.837291717529297,3.8601109204963535,3.8809258937835693
SB216763,3,KG1,4.712294578552246,4.244231639826045,4.282134532928467
SB216763,3,KU812,4.735023498535156,4.510470631287406,4.560217380523682
SB216763,3,L363,4.2611823081970215,4.432452711998406,4.478728771209717
SB216763,3,LCLC97TM1,4.285208702087402,4.686178723777671,4.743741989135742
SB216763,3,LOUCY,4.416829586029053,4.0068201175180995,4.034161567687988
SB216763,3,LP1,4.910674571990967,4.091247691837807,4.122344970703125
SB216763,3,NAMALWA,4.258065223693848,3.597620253296361,3.6067581176757812
SB216763,3,NCIH146,5.332724571228027,5.427756636648704,5.518309593200684
SB216763,3,NCIH2171,3.731882095336914,4.952282126382613,5.021683216094971
SB216763,3,NCIH441,6.5404582023620605,4.6689616781813,4.725759029388428
SB216763,3,NCIH647,4.887063980102539,5.329163450794254,5.415330410003662
SB216763,3,NCIH727,5.3045220375061035,5.329829068816673,5.416025638580322
SB216763,3,NCIH838,5.267829418182373,4.796290571033813,4.858752250671387
SB216763,3,OCIAML2,4.156772613525391,4.239691924040764,4.277392864227295
SB216763,3,OCIAML5,4.499751567840576,4.409346453446472,4.454594612121582
SB216763,3,P31FUJ,4.341538429260254,3.8619085000322086,3.882803440093994
SB216763,3,PF382,4.93411922454834,3.9165893857964815,3.9399168491363525
SB216763,3,REH,3.6768484115600586,3.8148993413308636,3.83370304107666
SB216763,3,SIGM5,2.010032892227173,4.663332229735172,4.719879150390625
SB216763,3,SKLU1,5.459832191467285,4.846092768871758,4.910769939422607
SB216763,3,SKM1,4.646952152252197,4.230737124651354,4.268039703369141
SB216763,3,ST486,3.222588062286377,3.654003532480114,3.665649652481079
SB216763,3,SUDHL10,4.151862144470215,3.8932240475273168,3.9155120849609375
SB216763,3,SUDHL4,2.847332000732422,3.9466031433115285,3.9712657928466797
SB216763,3,SW1271,6.309411525726318,4.972626846239337,5.042932987213135
SB216763,4,BL41,2.5566813945770264,4.132466148286174,4.158717155456543
SB216763,4,CAL12T,3.9330315589904785,5.067988957360013,5.103856563568115
SB216763,4,CALU3,5.7600555419921875,5.423572402832484,5.463095188140869
SB216763,4,COLO668,5.350346565246582,5.144930607541709,5.181589126586914
SB216763,4,CORL279,4.494630813598633,5.151391616205451,5.188116550445557
SB216763,4,DMS53,5.552117824554443,5.318524019805011,5.356966972351074
SB216763,4,DOHH2,2.9738259315490723,4.02412377888539,4.049261093139648
SB216763,4,HDLM2,4.923363208770752,4.360223665468295,4.388815879821777
SB216763,4,HEL,3.2215030193328857,4.297690314759026,4.325639724731445
SB216763,4,IALM,5.85955810546875,4.643472510621499,4.674976348876953
SB216763,4,KMS11,3.7858214378356934,4.620537794207696,4.651805877685547
SB216763,4,KMS12BM,3.9663333892822266,4.43156662438187,4.460892200469971
SB216763,4,LXF289,4.078185558319092,5.107026400969439,5.1432952880859375
SB216763,4,MEG01,4.043646335601807,4.651441040774904,4.6830267906188965
SB216763,4,MOLT16,3.689495086669922,4.209547034172144,4.236590385437012
SB216763,4,NCIH1435,4.5663580894470215,4.64040271733134,4.671875
SB216763,4,NCIH1436,5.348120212554932,4.8162942266933175,4.849574565887451
SB216763,4,NCIH1648,4.695868968963623,5.411240839288208,5.450636863708496
SB216763,4,NCIH1792,3.8201539516448975,5.214441318984129,5.251814365386963
SB216763,4,NCIH1876,4.948451042175293,4.8360491772098575,4.869532585144043
SB216763,4,NCIH2023,4.161957263946533,5.331099599820845,5.369671821594238
SB216763,4,NCIH2030,5.248641490936279,5.341319972499979,5.379997253417969
SB216763,4,NCIH2066,7.0247931480407715,4.874991279760765,4.908874988555908
SB216763,4,NCIH2172,5.582812786102295,4.933737419313787,4.968225002288818
SB216763,4,NCIH2342,5.2151780128479,5.354940056290585,5.393757343292236
SB216763,4,NCIH2405,5.045085906982422,5.207602249984375,5.2449049949646
SB216763,4,NCIH358,5.3905839920043945,5.3001198916126455,5.33837366104126
SB216763,4,NCIH446,4.988136291503906,4.47750119119995,4.507298946380615
SB216763,4,NCIH522,5.306634902954102,5.030834263663631,5.066319942474365
SB216763,4,NCIH526,4.930718898773193,4.98604284557691,5.021068096160889
SB216763,4,NCIH596,4.767374038696289,5.248365744341359,5.286087512969971
SB216763,4,NCIH661,4.862502574920654,5.384231944571723,5.4233503341674805
SB216763,4,NUDUL1,4.271457195281982,4.259107393126602,4.286660194396973
SB216763,4,OCIAML3,4.80495548248291,4.237006202996688,4.264331817626953
SB216763,4,OCILY19,3.4742441177368164,3.442573056997952,3.4617323875427246
SB216763,4,RL,3.9071764945983887,3.8968125507154148,3.9206411838531494
SB216763,4,SBC5,4.313460350036621,4.830682702777339,4.864110946655273
SB216763,4,SHP77,4.826220512390137,4.84706673329414,4.8806633949279785
SB216763,4,SUDHL8,2.8997609615325928,3.97196042023917,3.9965615272521973
SB216763,4,SUPT1,4.458516597747803,4.314253699742348,4.342373371124268
SB216763,5,BEN,6.036424160003662,4.971917961140557,5.021495342254639
SB216763,5,CALU6,3.7537333965301514,5.0318356586193795,5.0904316902160645
SB216763,5,CHAGOK1,4.883586883544922,5.358524501569591,5.466292858123779
SB216763,5,CMLT1,4.0229997634887695,4.029659843396352,3.937411069869995
SB216763,5,CORL311,5.060004234313965,4.995387694645646,5.048497676849365
SB216763,5,DND41,3.878999948501587,3.9622639348470505,3.8598709106445312
SB216763,5,GA10,4.33494234085083,4.067351999995329,3.98077654838562
SB216763,5,GRANTA519,4.733236312866211,4.427072250654719,4.394640922546387
SB216763,5,HT,5.164877414703369,4.03677499226173,3.9455971717834473
SB216763,5,JVM2,5.168018817901611,4.699962817882177,4.708606243133545
SB216763,5,K562,4.771318435668945,4.982322843171447,5.033466339111328
SB216763,5,L1236,4.46439790725708,4.28478336480261,4.230935096740723
SB216763,5,LCLC103H,5.047233581542969,4.7657703292841616,4.784318923950195
SB216763,5,LOUNH91,5.970211982727051,5.215029552912865,5.301199436187744
SB216763,5,MHHCALL2,3.001223087310791,4.333279937639917,4.286731243133545
SB216763,5,MM1S,3.929647922515869,4.484218904864928,4.460389137268066
SB216763,5,MOLM13,3.944425106048584,4.5739653123475446,4.563643932342529
SB216763,5,MOLM16,2.212291955947876,4.489121487997508,4.466029644012451
SB216763,5,MONOMAC6,3.912838935852051,4.552390050691217,4.538821220397949
SB216763,5,NCIH1048,4.299854278564453,4.867019094504411,4.9008073806762695
SB216763,5,NCIH1623,5.111181735992432,5.117473992384003,5.188960075378418
SB216763,5,NCIH1781,5.264195919036865,5.002198012173293,5.056333065032959
SB216763,5,NCIH1793,6.220869541168213,4.926214397664181,4.968912601470947
SB216763,5,NCIH1963,4.738279342651367,4.761922533037406,4.7798919677734375
SB216763,5,NCIH2081,5.329466819763184,5.008606723220641,5.063706398010254
SB216763,5,NCIH2087,5.335447311401367,4.880914512940965,4.916794300079346
SB216763,5,NCIH2227,5.734425067901611,4.865397333764046,4.898941516876221
SB216763,5,NCIH2444,6.754528999328613,5.164927383063502,5.243556022644043
SB216763,5,NCIH460,4.847939491271973,4.789342018613971,4.81143856048584
SB216763,5,NCIH69,5.429253578186035,4.978412049829743,5.028966903686523
SB216763,5,NCIH841,5.701926231384277,5.1438515391664765,5.219307899475098
SB216763,5,NCIH929,4.5522637367248535,4.607616122414626,4.602359771728516
SB216763,5,OCIM1,3.7685775756835938,4.298509271319201,4.246726989746094
SB216763,5,PL21,4.819538593292236,3.731473041364855,3.594341993331909
SB216763,5,RCHACV,2.8766438961029053,4.238280318456782,4.177432537078857
SB216763,5,RERFLCMS,3.3605730533599854,4.90714368498665,4.946971416473389
SB216763,5,RPMI8226,4.29355001449585,4.688137185578357,4.695000648498535
SB216763,5,SUDHL1,4.616987228393555,4.0931955220617375,4.010509967803955
SB216763,5,SUPB15,4.019765377044678,3.6512385735376847,3.502030849456787
SB216763,5,SUPM2,3.689850091934204,4.181592465457813,4.112212181091309
SB590885,1,ALLSIL,2.348691940307617,3.0348693962957727,3.0097575187683105
SB590885,1,BEN,4.32098913192749,4.53469033786334,4.551609039306641
SB590885,1,BV173,1.257662057876587,2.8288883844345016,2.798004150390625
SB590885,1,CALU6,4.805087566375732,3.905594765345351,3.904883861541748
SB590885,1,CHAGOK1,4.383293628692627,4.493302013514787,4.509060859680176
SB590885,1,CORL88,5.178144931793213,4.112300757044757,4.117382526397705
SB590885,1,DMS79,4.740297317504883,4.367063681623021,4.379284858703613
SB590885,1,DOHH2,2.660224437713623,2.851388038624095,2.821134328842163
SB590885,1,EM2,4.040221691131592,3.128256122604792,3.1057612895965576
SB590885,1,EPLC272H,4.063058853149414,4.215108742459522,4.223071575164795
SB590885,1,HARA,4.098246097564697,4.072899981388724,4.076877593994141
SB590885,1,HCC44,3.2609848976135254,4.423261446964521,4.4370574951171875
SB590885,1,HCC827,4.777580738067627,4.866251958385108,4.892462253570557
SB590885,1,HH,4.386676788330078,3.591200741604809,3.581679344177246
SB590885,1,JURKAT,3.029940605163574,3.2369418716208664,3.2174928188323975
SB590885,1,LXF289,3.727694034576416,4.239900455427199,4.248558044433594
SB590885,1,MOLM13,2.982823610305786,3.5448667374583573,3.5340468883514404
SB590885,1,MOLT13,3.3092455863952637,3.0747739007452894,3.0507802963256836
SB590885,1,MOLT16,2.105752468109131,3.1768835770453308,3.1557514667510986
SB590885,1,NB4,1.9326494932174683,3.379236674764585,3.3637752532958984
SB590885,1,NCIH1155,3.630767583847046,4.4149104955852625,4.428472518920898
SB590885,1,NCIH1623,4.996291637420654,4.683730514836924,4.7048258781433105
SB590885,1,NCIH1781,4.552487850189209,4.7985375427550245,4.822850227355957
SB590885,1,NCIH1876,3.2094759941101074,4.240250653621564,4.248918056488037
SB590885,1,NCIH1963,4.514339923858643,3.9943224641533166,3.996098041534424
SB590885,1,NCIH1975,4.900540828704834,4.404534424581371,4.4178056716918945
SB590885,1,NCIH2009,4.7706298828125,4.81802247752174,4.842881202697754
SB590885,1,NCIH2030,4.272731781005859,4.385674280500496,4.398416996002197
SB590885,1,NCIH209,3.7088193893432617,3.7417852694236062,3.7364838123321533
SB590885,1,NCIH2228,3.712218999862671,4.532140152866498,4.54898738861084
SB590885,1,NCIH446,2.61669659614563,4.185909634468198,4.19305419921875
SB590885,1,NCIH522,4.330898761749268,4.321267962250822,4.332205772399902
SB590885,1,NCIH524,3.722337007522583,4.270851018229013,4.280375957489014
SB590885,1,OCIAML3,0.7224709987640381,3.75428479384975,3.749333620071411
SB590885,1,OCIAML5,3.4143924713134766,3.705850064375779,3.6995415687561035
SB590885,1,OCIM1,3.23319411277771,3.672551550236383,3.6653099060058594
SB590885,1,P31FUJ,3.7755680084228516,3.538383896314599,3.5273823738098145
SB590885,1,RERFLCMS,4.471546173095703,4.451234165517567,4.465814113616943
SB590885,1,SKMM2,4.906850814819336,3.5749963058177543,3.565020799636841
SB590885,1,SUDHL6,2.150463581085205,3.1222781698511874,3.0996158123016357
SB590885,1,SUPM2,3.320556402206421,3.246284973911048,3.227097749710083
SB590885,2,A3KAW,2.5180909633636475,3.828594458482841,3.7957942485809326
SB590885,2,CMLT1,3.49503755569458,2.952199478396498,2.8176636695861816
SB590885,2,CORL311,4.408352851867676,3.936908009092138,3.9166812896728516
SB590885,2,DMS114,4.572563171386719,4.254316184773251,4.270935535430908
SB590885,2,DMS273,4.533432483673096,3.968837667274916,3.952317476272583
SB590885,2,GDM1,3.9763295650482178,2.9513407235650964,2.8167052268981934
SB590885,2,GRANTA519,4.530616283416748,3.385852724123503,3.301657199859619
SB590885,2,HCC78,4.728654861450195,4.3219138617232655,4.346380233764648
SB590885,2,HEL,3.5184900760650635,3.421370567605547,3.3412981033325195
SB590885,2,JEKO1,2.590179443359375,3.1875638837262192,3.080350160598755
SB590885,2,JVM2,2.757776975631714,3.5469403906727104,3.4814445972442627
SB590885,2,JVM3,3.554034471511841,3.6419720801769344,3.587507963180542
SB590885,2,KCL22,3.70186448097229,3.5694239593306754,3.506538152694702
SB590885,2,KMH2,2.900959014892578,3.7282320804057822,3.683781385421753
SB590885,2,KMS11,3.8064420223236084,3.663604157104062,3.6116511821746826
SB590885,2,L363,2.601469039916992,3.616771684666789,3.559382200241089
SB590885,2,L540,3.481934070587158,3.387353408872407,3.3033320903778076
SB590885,2,LAMA84,3.5609290599823,3.5831832624875353,3.521894693374634
SB590885,2,MONOMAC6,4.076268672943115,3.6714653953616687,3.62042498588562
SB590885,2,NAMALWA,2.626147985458374,3.003882633907561,2.8753464221954346
SB590885,2,NCIH1048,3.9144885540008545,4.067988602902005,4.062978267669678
SB590885,2,NCIH1436,3.884458065032959,4.114077248393272,4.11441707611084
SB590885,2,NCIH1650,5.332394599914551,4.588934918102797,4.644398212432861
SB590885,2,NCIH1651,4.579913139343262,4.510510948900187,4.556870460510254
SB590885,2,NCIH1836,5.391096115112305,4.282348762262183,4.30222225189209
SB590885,2,NCIH2023,4.5361456871032715,4.326554982983722,4.351560115814209
SB590885,2,NCIH2029,3.786651611328125,4.308708690415326,4.331642150878906
SB590885,2,NCIH2085,4.655839443206787,4.344863977782172,4.371994495391846
SB590885,2,NCIH2087,4.51711893081665,4.171447198025415,4.1784467697143555
SB590885,2,NCIH2122,3.5826470851898193,4.285113867371054,4.3053083419799805
SB590885,2,NCIH2172,5.065995216369629,4.4822335621981235,4.525310516357422
SB590885,2,NCIH441,6.294363021850586,4.202966063785112,4.213624477386475
SB590885,2,NCIH526,3.1770830154418945,3.918100210181419,3.8956902027130127
SB590885,2,NCIH810,4.608909606933594,4.38934149667184,4.421635150909424
SB590885,2,NCIH841,4.169689178466797,4.242299598510564,4.257524013519287
SB590885,2,OPM2,3.786334991455078,3.47003547759102,3.3956122398376465
SB590885,2,RCHACV,3.519301414489746,3.113310215971027,2.997476816177368
SB590885,2,SIGM5,3.002408027648926,3.825914587995295,3.7928032875061035
SB590885,2,SUDHL8,2.228595495223999,2.8760441600171425,2.732667922973633
SB590885,2,SUPT1,4.127788066864014,3.168839396851382,3.0594520568847656
SB590885,2,SW1573,4.789047718048096,4.237898159568723,4.2526116371154785
SB590885,3,697,1.482843041419983,2.8123155288168857,2.782688856124878
SB590885,3,A4FUK,4.23410701751709,2.949001907819351,2.926187753677368
SB590885,3,ABC1,4.922647953033447,4.142009211759252,4.17865514755249
SB590885,3,AMO1,3.8613719940185547,3.296851821173836,3.291374683380127
SB590885,3,CMK,2.9708359241485596,4.043238054313278,4.074961185455322
SB590885,3,CORL105,5.411218166351318,4.240188547102274,4.2817277908325195
SB590885,3,CORL23,4.105370998382568,4.076482741192368,4.109862804412842
SB590885,3,DAUDI,3.426440477371216,2.7293032813356204,2.6955392360687256
SB590885,3,HCC33,3.4631600379943848,4.235222328473207,4.276514053344727
SB590885,3,HDLM2,4.557185649871826,3.7316225968268935,3.747814655303955
SB590885,3,HL60,3.137437582015991,3.7240940110498575,3.739910840988159
SB590885,3,HT,4.06766939163208,2.9475391579478574,2.924652099609375
SB590885,3,IALM,4.340424537658691,4.226162862881897,4.267003059387207
SB590885,3,JM1,2.409508466720581,3.138720634282025,3.1253621578216553
SB590885,3,JURLMK1,3.9970204830169678,4.003676359139596,4.033427715301514
SB590885,3,KG1,3.3074100017547607,3.5152727841306253,3.520681858062744
SB590885,3,KOPN8,3.202894449234009,2.9888361227641544,2.9680073261260986
SB590885,3,L1236,4.070268630981445,3.5167730054706485,3.522256851196289
SB590885,3,LOUCY,3.064507007598877,3.136464851876568,3.1229939460754395
SB590885,3,MEG01,4.006626129150391,3.9770352805143943,4.005458831787109
SB590885,3,MOLM16,3.7098584175109863,3.8435453313273733,3.8653156757354736
SB590885,3,NALM6,3.0362625122070312,2.907117662896287,2.882215976715088
SB590885,3,NCIH1435,4.184114456176758,4.287013348375958,4.330886363983154
SB590885,3,NCIH1648,5.090634822845459,4.538695349398106,4.595112323760986
SB590885,3,NCIH2342,4.926044940948486,4.624443695381429,4.685134410858154
SB590885,3,NCIH2444,5.286645412445068,4.49299060438373,4.5471296310424805
SB590885,3,NCIH292,2.5935165882110596,4.325473155275073,4.371263027191162
SB590885,3,NCIH358,5.5620927810668945,4.649157605025184,4.711080074310303
SB590885,3,NCIH460,4.275389671325684,4.221469164023951,4.262075424194336
SB590885,3,NCIH596,5.051912307739258,4.388432489597995,4.4373602867126465
SB590885,3,NCIH647,4.148081302642822,4.518257729162862,4.57365608215332
SB590885,3,NCIH661,4.919243812561035,4.392153292873038,4.4412665367126465
SB590885,3,PF382,2.352715492248535,3.172399308896625,3.160719394683838
SB590885,3,RPMI8226,3.0441129207611084,3.770342887207238,3.7884647846221924
SB590885,3,SHP77,4.063510894775391,4.135030434620454,4.171328544616699
SB590885,3,SKLU1,4.529867172241211,4.348287602114113,4.395214557647705
SB590885,3,ST486,2.7957615852355957,2.6124577042696435,2.5728700160980225
SB590885,3,SUDHL10,2.3882689476013184,2.889260123594135,2.8634684085845947
SB590885,3,SUDHL5,1.8419640064239502,2.937181816946582,2.91377854347229
SB590885,3,SW1271,3.9710946083068848,4.252656326631075,4.294816970825195
SB590885,3,THP1,4.047452926635742,3.7041298939169374,3.71895170211792
SB590885,4,BL41,2.2214884757995605,2.7831568256125268,2.7525060176849365
SB590885,4,CAL12T,4.12175178527832,4.453255460797557,4.46433162689209
SB590885,4,DMS53,4.589655876159668,4.320644374526216,4.328407287597656
SB590885,4,DND41,2.957969903945923,2.853731869419141,2.8248443603515625
SB590885,4,EBC1,3.703193426132202,4.3726878547832015,4.38175106048584
SB590885,4,EHEB,4.314847946166992,3.7293742409663695,3.7223644256591797
SB590885,4,EJM,4.020414352416992,3.7206935819884914,3.7134668827056885
SB590885,4,GA10,2.9619829654693604,3.1098614360654895,3.0873732566833496
SB590885,4,HCC15,4.049560546875,4.576329196673363,4.590480327606201
SB590885,4,KARPAS422,4.358391284942627,2.8711901844754033,2.8427388668060303
SB590885,4,KMS12BM,3.6002309322357178,3.3280569951706305,3.3110203742980957
SB590885,4,KU812,2.511404514312744,3.5818172273667352,3.5711207389831543
SB590885,4,L428,3.937056064605713,3.857259219112827,3.8534445762634277
SB590885,4,LCLC103H,4.553600311279297,4.176645316920194,4.180810451507568
SB590885,4,LU65,3.355698585510254,3.9531730690261475,3.9517548084259033
SB590885,4,MM1S,3.8157429695129395,3.511654828299443,3.4992053508758545
SB590885,4,MOLP8,2.6577229499816895,3.5573872166357505,3.5460803508758545
SB590885,4,NCIH1568,5.117380142211914,4.669643663857302,4.686126232147217
SB590885,4,NCIH1792,3.3852059841156006,4.387250445848586,4.396677494049072
SB590885,4,NCIH1944,4.9109368324279785,4.359945180538819,4.368690013885498
SB590885,4,NCIH196,4.405333518981934,4.290078424912158,4.297077655792236
SB590885,4,NCIH2066,5.830804347991943,4.057842244750111,4.059039115905762
SB590885,4,NCIH211,2.7830710411071777,4.26468891048912,4.271053791046143
SB590885,4,NCIH2110,3.690861463546753,4.718160822666645,4.735855579376221
SB590885,4,NCIH2171,3.645206928253174,3.9657536162224427,3.9646496772766113
SB590885,4,NCIH2196,5.665363788604736,4.481954972199485,4.493748188018799
SB590885,4,NCIH2227,5.069636821746826,4.092145257713631,4.094199180603027
SB590885,4,NCIH2291,5.561428070068359,4.895672494800891,4.917802333831787
SB590885,4,NCIH2347,5.167761325836182,4.732162830968912,4.750207424163818
SB590885,4,NCIH2405,4.125171661376953,4.401156154871215,4.410930633544922
SB590885,4,NCIH650,4.175806999206543,4.255242276806287,4.26137113571167
SB590885,4,NCIH82,3.4966518878936768,3.966427711179915,3.9653406143188477
SB590885,4,NCIH929,2.2215495109558105,3.8121499848107034,3.807208299636841
SB590885,4,NUDUL1,3.050291061401367,3.087403699711456,3.064354419708252
SB590885,4,PL21,3.1196794509887695,2.5102870015820056,2.472818613052368
SB590885,4,REH,3.212503433227539,2.835628767881819,2.806288957595825
SB590885,4,RERFLCKJ,4.461881160736084,4.360614623357177,4.369376182556152
SB590885,4,SBC5,3.8427350521087646,4.296831004834658,4.303998947143555
SB590885,4,SUDHL4,3.194037914276123,3.1546068730889774,3.1332366466522217
SB590885,4,SUPB15,2.6495540142059326,2.533254147168911,2.4963595867156982
SB590885,5,A549,4.724678039550781,4.390564099226092,4.3834147453308105
SB590885,5,CA46,2.695429563522339,3.019351758449411,2.944725513458252
SB590885,5,CALU3,5.205965518951416,4.4053494599414975,4.398927688598633
SB590885,5,COLO668,4.310379505157471,4.2408848751909005,4.226369857788086
SB590885,5,CORL279,3.7776296138763428,4.134450547522897,4.1146979331970215
SB590885,5,CORL95,4.2098870277404785,4.216216550896444,4.2004876136779785
SB590885,5,DB,2.1243669986724854,3.332859078203081,3.27366042137146
SB590885,5,HCC366,5.343612194061279,4.310228775947589,4.299126148223877
SB590885,5,K562,4.577122688293457,3.919468139606825,3.88913631439209
SB590885,5,KNS62,3.533000946044922,3.9804935990929757,3.95316481590271
SB590885,5,LCLC97TM1,2.525731086730957,4.268600439014351,4.255449295043945
SB590885,5,LOUNH91,4.886729717254639,4.670201612936788,4.676813125610352
SB590885,5,LP1,4.004627704620361,3.716542892720468,3.676225185394287
SB590885,5,ME1,4.3886189460754395,3.1437257146853166,3.0752198696136475
SB590885,5,MHHCALL2,2.9081549644470215,3.002264947924187,2.926797866821289
SB590885,5,NCIH1092,4.10312032699585,4.1993583401449825,4.182799816131592
SB590885,5,NCIH1105,4.478942394256592,4.001916533756328,3.975641965866089
SB590885,5,NCIH1341,4.108144283294678,3.8748102875803303,3.842280864715576
SB590885,5,NCIH1437,4.537779331207275,4.042376194112562,4.018092632293701
SB590885,5,NCIH146,3.41217041015625,4.167262113857701,4.1491241455078125
SB590885,5,NCIH1793,5.95979118347168,4.648491451519922,4.654034614562988
SB590885,5,NCIH1915,4.71514368057251,4.343994280503328,4.334553241729736
SB590885,5,NCIH2081,4.7092509269714355,4.524374045129521,4.523809432983398
SB590885,5,NCIH2170,3.9489965438842773,4.264990562268816,4.251661777496338
SB590885,5,NCIH23,3.932509422302246,4.597523245897587,4.600558280944824
SB590885,5,NCIH69,3.491792917251587,4.1910696668370315,4.174103260040283
SB590885,5,NCIH727,3.288813591003418,4.533394419502601,4.533273696899414
SB590885,5,NCIH838,4.575520038604736,4.235817049987645,4.221052646636963
SB590885,5,NOMO1,3.6108734607696533,3.1610858905463632,3.0934343338012695
SB590885,5,OCIAML2,2.1067004203796387,2.6210107445211936,2.526782274246216
SB590885,5,OCILY19,3.2885661125183105,2.9425904085722547,2.8641867637634277
SB590885,5,P12ICHIKAWA,1.661152958869934,2.7947529351994427,2.7090742588043213
SB590885,5,RAJI,3.0274510383605957,3.035101055785399,2.961249828338623
SB590885,5,RL,3.976102113723755,3.0030052839708286,2.927574634552002
SB590885,5,RPMI8402,2.909947395324707,2.901211349921142,2.8207714557647705
SB590885,5,RS411,3.3093559741973877,2.5995953086575776,2.5043129920959473
SB590885,5,SKM1,4.063250541687012,3.5789842286582125,3.5318973064422607
SB590885,5,SKMES1,4.4591264724731445,4.47803555301679,4.47519063949585
SB590885,5,SUDHL1,3.932563066482544,3.243490882551941,3.17989444732666
SB590885,5,WSUDLCL2,2.7197749614715576,3.283638547391896,3.222017765045166
SELUMETINIB,1,A549,0.5238671898841858,2.3803018245466716,2.484830856323242
SELUMETINIB,1,ABC1,3.9427359104156494,3.4074940122326587,3.244901657104492
SELUMETINIB,1,ALLSIL,3.4148690700531006,3.6203263100619627,3.4023869037628174
SELUMETINIB,1,BV173,1.9124490022659302,2.6739309452399285,2.702101707458496
SELUMETINIB,1,CORL279,3.0964860916137695,4.593773059122912,4.1226887702941895
SELUMETINIB,1,DMS273,4.341040134429932,3.793728273594287,3.530695676803589
SELUMETINIB,1,DOHH2,3.1661128997802734,3.4499846882264937,3.2763426303863525
SELUMETINIB,1,EBC1,0.7091119885444641,2.2818856433957992,2.4120078086853027
SELUMETINIB,1,GA10,4.025158882141113,3.513692508924082,3.3234832286834717
SELUMETINIB,1,HARA,4.028369903564453,2.854034212900617,2.835369110107422
SELUMETINIB,1,HCC15,2.277010440826416,2.1520701888864746,2.315950870513916
SELUMETINIB,1,HCC33,4.100644111633301,4.705490674884185,4.2053542137146
SELUMETINIB,1,KMS11,3.0736870765686035,3.630117921330203,3.4096322059631348
SELUMETINIB,1,LOUNH91,4.036895275115967,2.5397241033873263,2.602795362472534
SELUMETINIB,1,MOLM13,1.5682220458984375,1.11120602616564,1.5457634925842285
SELUMETINIB,1,MOLM16,1.8155909776687622,1.8546016249778323,2.095839023590088
SELUMETINIB,1,MOLT16,2.593161106109619,2.960563940510588,2.9141957759857178
SELUMETINIB,1,NALM6,2.6777539253234863,2.794793176467454,2.7915337085723877
SELUMETINIB,1,NCIH1435,4.223591327667236,2.551622639729871,2.6115996837615967
SELUMETINIB,1,NCIH1650,4.626568794250488,2.592941119146199,2.6421732902526855
SELUMETINIB,1,NCIH1793,4.453848838806152,2.6966656946385847,2.7189242839813232
SELUMETINIB,1,NCIH1836,4.295496940612793,4.079299912205709,3.74200439453125
SELUMETINIB,1,NCIH1876,3.5643320083618164,4.097936484509997,3.7557945251464844
SELUMETINIB,1,NCIH1944,1.8540431261062622,2.256995315354064,2.393590211868286
SELUMETINIB,1,NCIH2023,3.176516532897949,2.918386129518611,2.882986307144165
SELUMETINIB,1,NCIH2122,0.3854284882545471,1.8448055027826857,2.088590383529663
SELUMETINIB,1,NCIH2227,3.891920566558838,4.507874700137005,4.059128284454346
SELUMETINIB,1,NCIH2347,0.5803171992301941,1.8213377277617568,2.07122540473938
SELUMETINIB,1,NCIH2444,2.936598062515259,2.217127421147174,2.3640899658203125
SELUMETINIB,1,NCIH358,1.3048579692840576,2.4190039663573493,2.5134685039520264
SELUMETINIB,1,NCIH441,4.929890155792236,2.284557723169649,2.413985013961792
SELUMETINIB,1,NCIH524,3.9839439392089844,4.012763740337874,3.6927709579467773
SELUMETINIB,1,NCIH647,2.701663017272949,3.026657719332541,2.963101863861084
SELUMETINIB,1,NCIH661,3.833897590637207,3.626565566391496,3.40700364112854
SELUMETINIB,1,OCIAML2,-2.892664909362793,1.1852715794582083,1.6005682945251465
SELUMETINIB,1,RCHACV,3.14077091217041,2.8492777626869947,2.8318495750427246
SELUMETINIB,1,RERFLCMS,0.49899399280548096,2.6586211815290315,2.6907732486724854
SELUMETINIB,1,RL,3.152527093887329,2.9881260261171083,2.9345903396606445
SELUMETINIB,1,SKM1,-1.9079220294952393,1.6517402477612944,1.94573175907135
SELUMETINIB,1,SUDHL4,2.5606329441070557,2.645647111328401,2.681173086166382
SELUMETINIB,1,SW1573,4.674265384674072,1.7604621247431917,2.0261805057525635
SELUMETINIB,2,A4FUK,1.961698055267334,2.8194356555894604,2.7516932487487793
SELUMETINIB,2,CAL12T,1.9615869522094727,2.852234389021229,2.7812726497650146
SELUMETINIB,2,DMS53,4.296433448791504,3.815088510836231,3.649618625640869
SELUMETINIB,2,DND41,3.0856430530548096,3.3934733698468147,3.2693867683410645
SELUMETINIB,2,HCC827,3.357480049133301,2.4845322074176788,2.44966197013855
SELUMETINIB,2,HH,4.0631890296936035,3.7290937822314443,3.5720646381378174
SELUMETINIB,2,HL60,0.22130900621414185,1.849963890641714,1.8773791790008545
SELUMETINIB,2,JURKAT,3.610649585723877,3.1484611604321655,3.0484235286712646
SELUMETINIB,2,JVM2,3.1647675037384033,3.4491129122983546,3.3195650577545166
SELUMETINIB,2,JVM3,1.5802680253982544,2.154063256925214,2.15162992477417
SELUMETINIB,2,KG1,2.1393940448760986,2.454272722239746,2.422372579574585
SELUMETINIB,2,KMH2,2.2936179637908936,3.717569216991521,3.561671257019043
SELUMETINIB,2,L363,3.2766284942626953,3.0494037774317224,2.9590890407562256
SELUMETINIB,2,L428,4.282098770141602,3.629569526517178,3.482309103012085
SELUMETINIB,2,L540,3.819622039794922,3.290218362299323,3.176266670227051
SELUMETINIB,2,LAMA84,0.6608989834785461,2.559873461151765,2.517608165740967
SELUMETINIB,2,LP1,4.206047534942627,3.130988858886693,3.0326662063598633
SELUMETINIB,2,LU65,1.309872031211853,2.5064448227238407,2.469423770904541
SELUMETINIB,2,LXF289,4.292840003967285,2.6847296592846464,2.63020920753479
SELUMETINIB,2,ME1,2.4117350578308105,2.465201139138972,2.4322283267974854
SELUMETINIB,2,MONOMAC6,2.63032603263855,1.1035955531288135,1.2042700052261353
SELUMETINIB,2,NCIH1341,3.314255952835083,3.745084569230899,3.5864858627319336
SELUMETINIB,2,NCIH146,3.486780881881714,4.121342206533631,3.925812244415283
SELUMETINIB,2,NCIH1651,3.481717586517334,2.810173017268831,2.743339776992798
SELUMETINIB,2,NCIH196,4.3797173500061035,3.3789199480484116,3.2562618255615234
SELUMETINIB,2,NCIH1963,5.203125,3.8778466725205694,3.706216812133789
SELUMETINIB,2,NCIH1975,3.1073920726776123,2.577048085077891,2.5330970287323
SELUMETINIB,2,NCIH2030,1.3637230396270752,3.3930554050899886,3.269009828567505
SELUMETINIB,2,NCIH2171,3.9626450538635254,3.8100277269400125,3.645054578781128
SELUMETINIB,2,NCIH2342,3.860917091369629,3.171678692904484,3.069362163543701
SELUMETINIB,2,NCIH292,0.781965970993042,2.7280954194685307,2.669318437576294
SELUMETINIB,2,NCIH522,3.819171905517578,3.7223981507348385,3.566026210784912
SELUMETINIB,2,NCIH69,4.038931846618652,3.8808165751633177,3.708895206451416
SELUMETINIB,2,NCIH727,0.13171522319316864,3.3114145421273076,3.1953823566436768
SELUMETINIB,2,NCIH841,4.242900848388672,3.5071481515407594,3.371903896331787
SELUMETINIB,2,OCILY19,1.2150084972381592,3.653028161999127,3.503465175628662
SELUMETINIB,2,OPM2,3.5362064838409424,3.3045325316594414,3.189175844192505
SELUMETINIB,2,P12ICHIKAWA,2.3851425647735596,3.1293228159407613,3.0311636924743652
SELUMETINIB,2,REH,3.206631898880005,3.2588173389683384,3.1479477882385254
SELUMETINIB,2,SIGM5,3.880620002746582,2.500770442242807,2.464306354522705
SELUMETINIB,2,SUDHL6,2.7496345043182373,3.296701706825827,3.1821136474609375
SELUMETINIB,3,697,2.130647897720337,2.364193873798392,2.4106273651123047
SELUMETINIB,3,A3KAW,2.280535936355591,2.9347519170022016,2.8940491676330566
SELUMETINIB,3,CALU6,1.4540419578552246,2.8254010884046963,2.801398515701294
SELUMETINIB,3,COLO668,2.971575975418091,3.7978404861708492,3.625325918197632
SELUMETINIB,3,CORL105,1.7433340549468994,2.609370697446291,2.6183605194091797
SELUMETINIB,3,CORL311,4.526618480682373,3.68403238830253,3.5288987159729004
SELUMETINIB,3,CORL95,4.211582183837891,3.628967666425736,3.482243537902832
SELUMETINIB,3,DMS114,4.708415508270264,3.4847916077173804,3.36008620262146
SELUMETINIB,3,GRANTA519,4.6511712074279785,2.354502689853517,2.402416229248047
SELUMETINIB,3,HCC366,3.9840304851531982,2.4260224455149926,2.4630134105682373
SELUMETINIB,3,HCC78,3.174166440963745,2.8521323227260473,2.824047327041626
SELUMETINIB,3,HDLM2,4.285719394683838,2.8392070860204743,2.813096046447754
SELUMETINIB,3,IALM,4.735693454742432,2.297781405843057,2.3543574810028076
SELUMETINIB,3,K562,3.181072950363159,2.2321813202352496,2.2987759113311768
SELUMETINIB,3,KU812,-1.203402042388916,2.0825180929169904,2.171969413757324
SELUMETINIB,3,LCLC103H,4.572504043579102,2.5065743621016305,2.5312633514404297
SELUMETINIB,3,MHHCALL2,2.8225948810577393,2.154166445299221,2.232675552368164
SELUMETINIB,3,MOLT13,1.0366164445877075,3.351740713017287,3.2473549842834473
SELUMETINIB,3,NAMALWA,3.521089553833008,3.177566444215222,3.099780797958374
SELUMETINIB,3,NCIH1048,3.1799559593200684,1.8652622343023735,1.9878931045532227
SELUMETINIB,3,NCIH1155,3.5087029933929443,3.978978112635512,3.7788000106811523
SELUMETINIB,3,NCIH1437,0.3854140043258667,2.353132867453876,2.4012556076049805
SELUMETINIB,3,NCIH1568,2.9742074012756348,2.999046619267376,2.9485247135162354
SELUMETINIB,3,NCIH1792,2.1413910388946533,2.708593619756226,2.702430009841919
SELUMETINIB,3,NCIH2081,4.00072717666626,3.7965328516821195,3.624217987060547
SELUMETINIB,3,NCIH211,3.7908365726470947,4.284230709370726,4.037434101104736
SELUMETINIB,3,NCIH2110,2.9210169315338135,2.8432808162751186,2.8165476322174072
SELUMETINIB,3,NCIH810,4.3458991050720215,4.344964942691228,4.088892936706543
SELUMETINIB,3,NOMO1,-0.6419410109519958,0.5454899175631318,0.8696778416633606
SELUMETINIB,3,NUDUL1,2.6225039958953857,2.9364774204850694,2.8955111503601074
SELUMETINIB,3,P31FUJ,2.3728010654449463,2.245351087685541,2.309934377670288
SELUMETINIB,3,PL21,0.40791916847229004,0.904459995584777,1.1738256216049194
SELUMETINIB,3,RPMI8226,1.7924234867095947,3.1237193109833026,3.054157257080078
SELUMETINIB,3,RS411,3.8749709129333496,1.5325134356629362,1.705962061882019
SELUMETINIB,3,SBC5,3.7687408924102783,3.4135507127785925,3.299725294113159
SELUMETINIB,3,SKMES1,2.70259690284729,3.1081382846705368,3.0409557819366455
SELUMETINIB,3,ST486,3.1991639137268066,3.3638248652626035,3.2575936317443848
SELUMETINIB,3,SUDHL1,5.1152119636535645,2.5820448791622366,2.595207929611206
SELUMETINIB,3,SUDHL10,2.6221156120300293,3.175258175286656,3.097825050354004
SELUMETINIB,3,SUDHL5,3.7686209678649902,3.376557910370199,3.2683820724487305
SELUMETINIB,3,WSUDLCL2,3.1117660999298096,2.7273369435478685,2.718310832977295
SELUMETINIB,4,AMO1,2.631850481033325,3.289980860299368,3.148822784423828
SELUMETINIB,4,BEN,3.4328930377960205,3.587782425144773,3.3949356079101562
SELUMETINIB,4,BL41,2.9017789363861084,3.658417229479172,3.453310489654541
SELUMETINIB,4,CALU3,4.078363418579102,2.241829682683585,2.2825968265533447
SELUMETINIB,4,CHAGOK1,3.2800140380859375,3.080245613917054,2.9754908084869385
SELUMETINIB,4,CMLT1,2.802164077758789,2.496968855048226,2.4934520721435547
SELUMETINIB,4,CORL23,3.498180389404297,2.9057091997483315,2.8312482833862305
SELUMETINIB,4,DAUDI,3.7350006103515625,3.2958790663858104,3.1536972522735596
SELUMETINIB,4,EHEB,3.1203033924102783,2.098752964064898,2.164353609085083
SELUMETINIB,4,EPLC272H,1.6855930089950562,2.9880521378959948,2.899299144744873
SELUMETINIB,4,HCC44,0.7247059941291809,2.1430987036972584,2.201002359390259
SELUMETINIB,4,HT,3.604063034057617,3.456471827104984,3.2864162921905518
SELUMETINIB,4,JEKO1,3.632072925567627,2.2794740562517743,2.3137073516845703
SELUMETINIB,4,KARPAS422,3.273373603820801,3.5099641856647437,3.3306241035461426
SELUMETINIB,4,KCL22,2.515523910522461,1.275990430393049,1.4843961000442505
SELUMETINIB,4,KNS62,1.8838218450546265,2.07505945623054,2.144772529602051
SELUMETINIB,4,LCLC97TM1,1.3416454792022705,3.075265964356864,2.9713754653930664
SELUMETINIB,4,MM1S,2.7252728939056396,3.367781790297119,3.2131199836730957
SELUMETINIB,4,NB4,-1.3350732326507568,1.3606440401792235,1.554356575012207
SELUMETINIB,4,NCIH1092,4.637235164642334,4.214644171899817,3.912994384765625
SELUMETINIB,4,NCIH1436,4.216794013977051,4.137061341378777,3.848877429962158
SELUMETINIB,4,NCIH1623,2.4379405975341797,3.4539186784688867,3.284306287765503
SELUMETINIB,4,NCIH2029,3.8731555938720703,4.027736670746558,3.758527994155884
SELUMETINIB,4,NCIH209,4.479588985443115,3.9860684195313296,3.7240920066833496
SELUMETINIB,4,NCIH2170,5.012014389038086,3.299281245127675,3.1565089225769043
SELUMETINIB,4,NCIH2196,3.360954999923706,3.9513441556235445,3.69539475440979
SELUMETINIB,4,NCIH2228,2.811908006668091,2.5475693761019693,2.5352699756622314
SELUMETINIB,4,NCIH2291,-0.3539170026779175,2.9303348232033937,2.85159969329834
SELUMETINIB,4,NCIH2405,3.5945138931274414,2.3369516346148167,2.36120867729187
SELUMETINIB,4,NCIH460,1.4139469861984253,2.8578533856012363,2.791698694229126
SELUMETINIB,4,NCIH526,4.541496276855469,3.8331215456259975,3.597691774368286
SELUMETINIB,4,NCIH929,1.367113471031189,2.7596200542304206,2.7105154991149902
SELUMETINIB,4,OCIAML3,-1.9074499607086182,1.3107288303780282,1.513105034828186
SELUMETINIB,4,PF382,4.054419994354248,2.5933148758679283,2.573075532913208
SELUMETINIB,4,RAJI,4.029435634613037,3.3924033748729827,3.2334680557250977
SELUMETINIB,4,RERFLCKJ,3.5188000202178955,2.6472979582502867,2.6176888942718506
SELUMETINIB,4,SHP77,3.1335384845733643,3.792368100549195,3.564011812210083
SELUMETINIB,4,SKMM2,5.090573310852051,2.9160790220900865,2.839818239212036
SELUMETINIB,4,SUPT1,4.127771854400635,3.4249082746612767,3.260331153869629
SELUMETINIB,4,SW1271,2.5586795806884766,3.650149066777414,3.4464774131774902
SELUMETINIB,5,CA46,3.814857006072998,3.4037768799098256,3.338812828063965
SELUMETINIB,5,CMK,2.624999523162842,3.0829070431526655,3.045646905899048
SELUMETINIB,5,CORL88,3.9931108951568604,3.6712247320158684,3.5831692218780518
SELUMETINIB,5,DB,4.246201515197754,3.2675448433192256,3.2143430709838867
SELUMETINIB,5,DMS79,4.621129035949707,3.2585402789619207,3.206115961074829
SELUMETINIB,5,EJM,3.7665135860443115,1.7220935267809967,1.8023260831832886
SELUMETINIB,5,EM2,1.9603029489517212,0.6226879388299105,0.7978432178497314
SELUMETINIB,5,GDM1,3.2719509601593018,2.1868841295606347,2.2269866466522217
SELUMETINIB,5,HEL,3.7958695888519287,2.4008643309546875,2.4224917888641357
SELUMETINIB,5,JM1,3.1745290756225586,3.0487550923940776,3.0144436359405518
SELUMETINIB,5,JURLMK1,0.23702800273895264,2.4653421994175035,2.481402635574341
SELUMETINIB,5,KMS12BM,4.3519110679626465,2.9922990546585897,2.962862014770508
SELUMETINIB,5,KOPN8,2.3674230575561523,2.768549447624847,2.7584309577941895
SELUMETINIB,5,L1236,3.586411476135254,2.9462277401144337,2.9207684993743896
SELUMETINIB,5,LOUCY,3.1043310165405273,2.5964071864576073,2.601151466369629
SELUMETINIB,5,MEG01,1.382343053817749,2.825670383206639,2.810620069503784
SELUMETINIB,5,MOLP8,2.513029098510742,2.870880566317199,2.851926803588867
SELUMETINIB,5,NCIH1105,3.601003885269165,2.969635901968772,2.942155599594116
SELUMETINIB,5,NCIH1648,1.155595302581787,2.8487588826348698,2.8317151069641113
SELUMETINIB,5,NCIH1781,4.156508922576904,2.981028931784169,2.9525649547576904
SELUMETINIB,5,NCIH1915,1.6559510231018066,3.0557229504364676,3.0208098888397217
SELUMETINIB,5,NCIH2009,1.4739810228347778,2.7257760055224454,2.719350576400757
SELUMETINIB,5,NCIH2066,4.9108781814575195,3.673698266821644,3.5854291915893555
SELUMETINIB,5,NCIH2085,3.4854280948638916,3.308910466002157,3.2521371841430664
SELUMETINIB,5,NCIH2087,1.7347478866577148,2.7887813392338114,2.776916027069092
SELUMETINIB,5,NCIH2172,4.582716941833496,3.306600546168765,3.2500267028808594
SELUMETINIB,5,NCIH23,2.662818431854248,3.5926686693583507,3.5113956928253174
SELUMETINIB,5,NCIH446,3.911712884902954,3.4119456248787032,3.34627628326416
SELUMETINIB,5,NCIH596,3.107870101928711,2.7301688196294633,2.7233641147613525
SELUMETINIB,5,NCIH650,3.9747560024261475,3.3989271442451634,3.3343818187713623
SELUMETINIB,5,NCIH82,4.598150730133057,3.673820129966944,3.585540533065796
SELUMETINIB,5,NCIH838,2.5798990726470947,2.4294181445481424,2.448580265045166
SELUMETINIB,5,OCIAML5,0.8769789934158325,2.4093232511217955,2.430220365524292
SELUMETINIB,5,OCIM1,2.2372090816497803,2.650630545239807,2.65069317817688
SELUMETINIB,5,RPMI8402,3.0418450832366943,2.753880204127995,2.745028257369995
SELUMETINIB,5,SKLU1,0.4547461271286011,3.186787676527652,3.1405584812164307
SELUMETINIB,5,SUDHL8,4.229053020477295,2.9218720727342204,2.8985157012939453
SELUMETINIB,5,SUPB15,3.067173957824707,1.9495745728858633,2.0101664066314697
SELUMETINIB,5,SUPM2,3.4067699909210205,3.0611979197117045,3.0258121490478516
SELUMETINIB,5,THP1,1.888396978378296,0.6682042150227758,0.8394296169281006
SERDEMETAN,1,ALLSIL,2.486407995223999,2.6178398945378896,2.5416324138641357
SERDEMETAN,1,AMO1,1.0357015132904053,2.7391084140318984,2.6994223594665527
SERDEMETAN,1,CMLT1,1.55458402633667,2.741854926052097,2.702996015548706
SERDEMETAN,1,CORL105,3.0481350421905518,3.1345355993985544,3.2139370441436768
SERDEMETAN,1,CORL23,3.1564764976501465,3.022296542799425,3.0678958892822266
SERDEMETAN,1,CORL279,3.0369839668273926,3.3429260308068764,3.485086679458618
SERDEMETAN,1,CORL88,3.7969675064086914,3.3223926972300246,3.458369493484497
SERDEMETAN,1,DAUDI,2.4798505306243896,3.0533774426861493,3.108337163925171
SERDEMETAN,1,DMS273,3.026221990585327,3.5375630133043923,3.7383408546447754
SERDEMETAN,1,DMS53,3.719230890274048,3.196228500362231,3.2942094802856445
SERDEMETAN,1,HCC15,3.4185609817504883,3.008542544183097,3.049999713897705
SERDEMETAN,1,JM1,2.181381940841675,2.566785811000642,2.475202798843384
SERDEMETAN,1,K562,2.635786533355713,2.8100039351297013,2.7916688919067383
SERDEMETAN,1,KG1,3.9911694526672363,2.9125276795783916,2.9250688552856445
SERDEMETAN,1,KMS11,3.115438461303711,3.025212547355395,3.071690082550049
SERDEMETAN,1,LU65,3.666205406188965,2.762039929563541,2.729259967803955
SERDEMETAN,1,MOLM13,0.13611799478530884,2.585870487293373,2.500035047531128
SERDEMETAN,1,MOLT16,-0.2261359989643097,2.8206299260939636,2.805495023727417
SERDEMETAN,1,NB4,1.6461164951324463,2.474402667540798,2.354997396469116
SERDEMETAN,1,NCIH1048,2.4278109073638916,3.2759865571115743,3.3979876041412354
SERDEMETAN,1,NCIH1341,3.32832407951355,3.121275236340464,3.196683168411255
SERDEMETAN,1,NCIH1436,5.11948299407959,3.2136305280538893,3.316852331161499
SERDEMETAN,1,NCIH1568,2.5628345012664795,3.3006754811952033,3.430111885070801
SERDEMETAN,1,NCIH1781,3.5912814140319824,3.153772910591067,3.2389678955078125
SERDEMETAN,1,NCIH1792,2.5314431190490723,3.2804195656714956,3.4037556648254395
SERDEMETAN,1,NCIH1975,4.020074367523193,3.1007737856838546,3.1700074672698975
SERDEMETAN,1,NCIH2066,5.064986705780029,3.11058657894676,3.1827754974365234
SERDEMETAN,1,NCIH2087,2.26359486579895,3.308303927951151,3.440037727355957
SERDEMETAN,1,NCIH2122,3.4339609146118164,2.86384942330473,2.8617305755615234
SERDEMETAN,1,NCIH2228,2.6009280681610107,3.3324552400348293,3.4714624881744385
SERDEMETAN,1,NCIH2347,2.152431011199951,3.4064272797008575,3.5677120685577393
SERDEMETAN,1,NCIH2444,2.979120969772339,3.272622542555645,3.3936104774475098
SERDEMETAN,1,NCIH727,3.4291930198669434,3.254254865498022,3.36971116065979
SERDEMETAN,1,NCIH841,3.038003921508789,3.4707796559771737,3.651444911956787
SERDEMETAN,1,OCIAML3,2.9259889125823975,2.7121889681775126,2.664395809173584
SERDEMETAN,1,OPM2,3.411186456680298,2.6012367722040315,2.520029067993164
SERDEMETAN,1,P12ICHIKAWA,3.0764119625091553,2.8250460770178947,2.8112411499023438
SERDEMETAN,1,REH,2.549482583999634,2.54773430027437,2.450413703918457
SERDEMETAN,1,SUDHL5,1.8050049543380737,3.021560853576588,3.066938638687134
SERDEMETAN,1,SUDHL8,4.335785865783691,2.6386940729040784,2.5687670707702637
SERDEMETAN,1,THP1,3.2002954483032227,2.845862508938279,2.8383266925811768
SERDEMETAN,2,A4FUK,1.8891229629516602,2.6158448391997395,2.6337625980377197
SERDEMETAN,2,CA46,3.5308220386505127,2.713344692988399,2.7395923137664795
SERDEMETAN,2,CORL311,3.3793931007385254,3.365631327289203,3.4476068019866943
SERDEMETAN,2,CORL95,3.0658254623413086,3.080361412963654,3.137964963912964
SERDEMETAN,2,DND41,2.3262031078338623,2.554704965759578,2.567399263381958
SERDEMETAN,2,GA10,2.549983501434326,2.6754236413171713,2.6984314918518066
SERDEMETAN,2,GRANTA519,2.5222315788269043,2.3292420726459193,2.322674036026001
SERDEMETAN,2,HCC33,3.6089470386505127,3.704753919022426,3.815702199935913
SERDEMETAN,2,HCC366,2.84592604637146,3.0180435424074377,3.0703229904174805
SERDEMETAN,2,HCC44,2.9092674255371094,2.599992727719495,2.616556167602539
SERDEMETAN,2,HDLM2,2.4377593994140625,2.6386682862140773,2.658535957336426
SERDEMETAN,2,JVM2,1.1946619749069214,2.4331918065978884,2.435504674911499
SERDEMETAN,2,KCL22,1.8296979665756226,2.862534743929734,2.9015283584594727
SERDEMETAN,2,KMS12BM,1.7845804691314697,3.0283503033018313,3.081510305404663
SERDEMETAN,2,L363,2.044240951538086,2.6463119784836255,2.666832685470581
SERDEMETAN,2,L428,3.6238794326782227,2.8287398671279984,2.8648462295532227
SERDEMETAN,2,LCLC97TM1,3.312819480895996,2.9857484538414694,3.035268783569336
SERDEMETAN,2,LOUNH91,4.280699729919434,3.3358409377936002,3.415271282196045
SERDEMETAN,2,MONOMAC6,1.9994674921035767,2.5897356083220675,2.6054227352142334
SERDEMETAN,2,NAMALWA,2.912384033203125,2.8911455987407915,2.9325835704803467
SERDEMETAN,2,NCIH1155,2.904690980911255,3.3775070670014182,3.4604971408843994
SERDEMETAN,2,NCIH1648,2.4324400424957275,3.1289951436106604,3.190753698348999
SERDEMETAN,2,NCIH1650,6.8277459144592285,3.2667155925738065,3.340240240097046
SERDEMETAN,2,NCIH1793,5.15952730178833,3.211626490447454,3.280444622039795
SERDEMETAN,2,NCIH1876,4.556848049163818,3.5457765856837082,3.6431427001953125
SERDEMETAN,2,NCIH1915,2.558743715286255,3.1347722277332326,3.197024345397949
SERDEMETAN,2,NCIH211,3.6396429538726807,3.48926720957779,3.581805467605591
SERDEMETAN,2,NCIH2110,3.093285083770752,3.388935374283016,3.4729018211364746
SERDEMETAN,2,NCIH2170,3.2567338943481445,3.266489789658404,3.3399951457977295
SERDEMETAN,2,NCIH2171,3.6617650985717773,3.752765373736227,3.8678154945373535
SERDEMETAN,2,NCIH2291,3.5031535625457764,3.089413298317488,3.1477901935577393
SERDEMETAN,2,NCIH2342,3.0333526134490967,3.290487060388609,3.3660426139831543
SERDEMETAN,2,NCIH810,3.848803997039795,3.66794650624331,3.775750160217285
SERDEMETAN,2,OCILY19,2.4370059967041016,2.7207377615940618,2.74761700630188
SERDEMETAN,2,OCIM1,2.9758834838867188,2.563450216025959,2.5768916606903076
SERDEMETAN,2,RERFLCMS,1.817181944847107,3.115820378176956,3.1764533519744873
SERDEMETAN,2,RL,3.4037320613861084,2.2371507258474916,2.222714900970459
SERDEMETAN,2,SKMM2,4.221294403076172,2.8784226587905333,2.918773651123047
SERDEMETAN,2,SUDHL10,2.6022729873657227,2.821078163341852,2.856529951095581
SERDEMETAN,2,SUDHL6,1.8013005256652832,2.850407282290426,2.888364791870117
SERDEMETAN,2,SUPT1,3.77695894241333,2.614158785524029,2.631932497024536
SERDEMETAN,3,697,1.8811310529708862,2.4091667982336573,2.324972152709961
SERDEMETAN,3,A3KAW,2.4797630310058594,2.8283457751028456,2.836411952972412
SERDEMETAN,3,ABC1,3.108393907546997,3.488584114786912,3.641968011856079
SERDEMETAN,3,CAL12T,4.107211112976074,3.1538356026513346,3.23354172706604
SERDEMETAN,3,CALU3,3.2679929733276367,3.67089525676155,3.864405632019043
SERDEMETAN,3,CHAGOK1,3.30704402923584,3.1588750112078534,3.2396903038024902
SERDEMETAN,3,DMS114,3.931117534637451,3.1704786065196005,3.25384783744812
SERDEMETAN,3,DMS79,2.4761199951171875,3.4061536634922076,3.5413947105407715
SERDEMETAN,3,EHEB,1.7713559865951538,2.761040584209872,2.7542929649353027
SERDEMETAN,3,EJM,3.0564520359039307,2.7470287655839,2.737197160720825
SERDEMETAN,3,EM2,2.867933511734009,2.6435675916366392,2.610964298248291
SERDEMETAN,3,GDM1,3.171466112136841,2.6226435624220548,2.585434913635254
SERDEMETAN,3,HCC78,2.869997501373291,3.085182088091682,3.14977765083313
SERDEMETAN,3,HH,3.214168071746826,2.67225757435284,2.6459689140319824
SERDEMETAN,3,JEKO1,2.8047995567321777,2.5904778357842284,2.546189546585083
SERDEMETAN,3,JURKAT,3.4636216163635254,2.9600142709754818,2.997060537338257
SERDEMETAN,3,JVM3,0.8946805000305176,2.9500306181560196,2.984879493713379
SERDEMETAN,3,KNS62,2.8082170486450195,3.075927116279908,3.1384856700897217
SERDEMETAN,3,LP1,3.5112335681915283,3.041743593963513,3.096778392791748
SERDEMETAN,3,LXF289,3.084610939025879,3.148505034346504,3.2270379066467285
SERDEMETAN,3,MOLP8,2.4909980297088623,2.752768911628638,2.7442007064819336
SERDEMETAN,3,NALM6,2.9968295097351074,2.4194332082046675,2.337498188018799
SERDEMETAN,3,NCIH146,3.354793071746826,3.8169312160533977,4.04258394241333
SERDEMETAN,3,NCIH1623,3.7810122966766357,3.340905545532441,3.4617855548858643
SERDEMETAN,3,NCIH1944,2.242047071456909,2.6536276494638797,2.6232385635375977
SERDEMETAN,3,NCIH2172,2.3320255279541016,3.4667088334550242,3.6152780055999756
SERDEMETAN,3,NCIH441,4.748251438140869,3.0904686893204256,3.1562278270721436
SERDEMETAN,3,NCIH647,2.5864064693450928,3.0093058576816265,3.0572011470794678
SERDEMETAN,3,NCIH661,4.888747215270996,3.2915275879479378,3.4015395641326904
SERDEMETAN,3,NCIH69,4.145040512084961,3.8034534508449673,4.026139736175537
SERDEMETAN,3,NUDUL1,1.3711625337600708,2.404834380260623,2.3196861743927
SERDEMETAN,3,P31FUJ,3.684554100036621,2.6702589287785226,2.6435303688049316
SERDEMETAN,3,RPMI8226,3.0638084411621094,2.975949698032582,3.01650333404541
SERDEMETAN,3,RPMI8402,1.9687755107879639,2.572468726009622,2.524216651916504
SERDEMETAN,3,RS411,1.7038915157318115,2.461641015020845,2.388995885848999
SERDEMETAN,3,SIGM5,2.8060500621795654,2.74964764004489,2.7403924465179443
SERDEMETAN,3,SKLU1,2.884735584259033,3.062188675162586,3.1217234134674072
SERDEMETAN,3,SKM1,1.5268340110778809,2.8135456756549346,2.818354368209839
SERDEMETAN,3,SKMES1,3.8834235668182373,3.3320593698236656,3.4509923458099365
SERDEMETAN,3,SUDHL4,3.2776260375976562,2.393199519472547,2.305490493774414
SERDEMETAN,3,WSUDLCL2,2.898747444152832,2.845873201132762,2.857797145843506
SERDEMETAN,4,BL41,2.6158089637756348,2.783109520819693,2.8278234004974365
SERDEMETAN,4,BV173,0.5993890166282654,2.527444082365383,2.5585780143737793
SERDEMETAN,4,CMK,3.1296188831329346,3.292320675901152,3.364081859588623
SERDEMETAN,4,COLO668,3.1150450706481934,3.322735276899566,3.3961119651794434
SERDEMETAN,4,EBC1,3.1022095680236816,3.029162746378819,3.0869460105895996
SERDEMETAN,4,HCC827,2.790271043777466,3.125995297961618,3.1889219284057617
SERDEMETAN,4,HEL,2.2432544231414795,2.845360926439102,2.893381357192993
SERDEMETAN,4,HL60,3.455230474472046,2.674582389433002,2.713531732559204
SERDEMETAN,4,IALM,3.132957935333252,3.1543952236914317,3.2188303470611572
SERDEMETAN,4,JURLMK1,1.2780674695968628,3.007470632036057,3.0641016960144043
SERDEMETAN,4,KARPAS422,4.205289363861084,2.3727551011143317,2.395672559738159
SERDEMETAN,4,KOPN8,2.345000982284546,1.8999733680826612,1.8977785110473633
SERDEMETAN,4,KU812,2.250282049179077,2.5730723228794687,2.6066298484802246
SERDEMETAN,4,L540,2.5663983821868896,2.5285371099186817,2.5597290992736816
SERDEMETAN,4,MHHCALL2,2.9999840259552,2.675403744852092,2.7143967151641846
SERDEMETAN,4,MOLM16,1.973691463470459,2.7779386945319264,2.822377920150757
SERDEMETAN,4,NCIH1105,3.613253116607666,3.8244193027158904,3.924443483352661
SERDEMETAN,4,NCIH1435,4.234803676605225,3.3816940162523688,3.458202362060547
SERDEMETAN,4,NCIH1437,2.6238129138946533,2.661756747977022,2.7000248432159424
SERDEMETAN,4,NCIH1651,1.3804490566253662,3.1141682779922997,3.176466703414917
SERDEMETAN,4,NCIH1963,3.781869411468506,3.5847390526384038,3.672032356262207
SERDEMETAN,4,NCIH2009,2.3777310848236084,3.3346666642471097,3.408677101135254
SERDEMETAN,4,NCIH2030,3.313870906829834,3.1190610931293934,3.18161940574646
SERDEMETAN,4,NCIH2081,4.838190078735352,3.228330342229364,3.2966926097869873
SERDEMETAN,4,NCIH209,1.3675860166549683,3.520549039947973,3.6044328212738037
SERDEMETAN,4,NCIH2227,4.62829065322876,3.616858622672421,3.705857992172241
SERDEMETAN,4,NCIH23,3.637542486190796,3.1777841569057705,3.2434616088867188
SERDEMETAN,4,NCIH2405,5.175168037414551,3.078470106770422,3.1388723850250244
SERDEMETAN,4,NCIH358,2.8259329795837402,2.9272503786732122,2.9796204566955566
SERDEMETAN,4,NCIH522,3.4626100063323975,3.72888941901662,3.8238394260406494
SERDEMETAN,4,NCIH596,3.1751439571380615,3.1303671817813674,3.193526029586792
SERDEMETAN,4,NCIH650,4.894471645355225,3.2462348942343704,3.3155481815338135
SERDEMETAN,4,NCIH82,2.8346920013427734,3.7732731747625863,3.8705806732177734
SERDEMETAN,4,NOMO1,2.6387391090393066,2.4636507109908963,2.491396188735962
SERDEMETAN,4,PF382,3.191904067993164,2.662878527497858,2.7012062072753906
SERDEMETAN,4,RCHACV,2.2988405227661133,2.6244926132948785,2.6607813835144043
SERDEMETAN,4,RERFLCKJ,2.944736957550049,3.4150358844968784,3.4933152198791504
SERDEMETAN,4,ST486,3.4150619506835938,2.6355433301406963,2.6724190711975098
SERDEMETAN,4,SUPB15,1.2150269746780396,2.4767034250723854,2.5051422119140625
SERDEMETAN,4,SW1573,3.4992620944976807,2.7980630342668604,2.843571186065674
SERDEMETAN,5,A549,3.862704038619995,2.9272151586802906,2.9672036170959473
SERDEMETAN,5,BEN,2.9444925785064697,3.4978860354831975,3.78377628326416
SERDEMETAN,5,CALU6,3.976512908935547,3.1829779517561465,3.333174467086792
SERDEMETAN,5,DB,2.303929567337036,3.10065861354475,3.215383768081665
SERDEMETAN,5,DOHH2,1.455502986907959,2.549278337655565,2.4264140129089355
SERDEMETAN,5,EPLC272H,2.602424383163452,3.299245915010671,3.499542236328125
SERDEMETAN,5,HARA,2.0973598957061768,3.2591831150547463,3.442216396331787
SERDEMETAN,5,HT,3.405306577682495,2.1693233140519803,1.8827365636825562
SERDEMETAN,5,KMH2,3.046281099319458,2.808586502411336,2.7974579334259033
SERDEMETAN,5,L1236,3.9025259017944336,2.5441294009297106,2.419046401977539
SERDEMETAN,5,LAMA84,2.05561900138855,2.542086121819324,2.4161226749420166
SERDEMETAN,5,LCLC103H,2.268479347229004,3.1555388943787257,3.293911933898926
SERDEMETAN,5,LOUCY,2.273411989212036,2.809390117770497,2.79860782623291
SERDEMETAN,5,ME1,4.437317371368408,2.6733266905422752,2.603914737701416
SERDEMETAN,5,MEG01,2.5835630893707275,3.132170066317828,3.2604734897613525
SERDEMETAN,5,MM1S,1.839510440826416,2.6471469582497686,2.5664541721343994
SERDEMETAN,5,MOLT13,2.668610095977783,2.64681104936234,2.5659735202789307
SERDEMETAN,5,NCIH1092,4.764313220977783,3.257770331594177,3.440194845199585
SERDEMETAN,5,NCIH1836,5.320160865783691,3.220010407001919,3.3861641883850098
SERDEMETAN,5,NCIH196,4.678826332092285,3.2060878500496512,3.3662424087524414
SERDEMETAN,5,NCIH2023,3.378016471862793,2.8720566199881765,2.888277292251587
SERDEMETAN,5,NCIH2029,3.0399603843688965,3.6421662339786125,3.9902267456054688
SERDEMETAN,5,NCIH2085,4.489559173583984,3.2408070994004965,3.415922164916992
SERDEMETAN,5,NCIH2196,2.241381883621216,3.324319447350976,3.5354199409484863
SERDEMETAN,5,NCIH292,3.224926710128784,3.173598495857764,3.319753408432007
SERDEMETAN,5,NCIH446,3.5163369178771973,3.1543022298139958,3.292142391204834
SERDEMETAN,5,NCIH460,1.155676007270813,2.9090587501260563,2.941223621368408
SERDEMETAN,5,NCIH524,2.9401824474334717,3.279469779127719,3.4712445735931396
SERDEMETAN,5,NCIH526,3.5193445682525635,3.342800101289603,3.561863899230957
SERDEMETAN,5,NCIH838,3.6356260776519775,3.36429027225439,3.59261417388916
SERDEMETAN,5,NCIH929,3.0240750312805176,2.705887025481209,2.650505304336548
SERDEMETAN,5,OCIAML2,1.926440954208374,2.530452943891496,2.3994767665863037
SERDEMETAN,5,OCIAML5,2.393371105194092,2.908947946847217,2.9410650730133057
SERDEMETAN,5,PL21,3.0215699672698975,2.6887743338271997,2.626018762588501
SERDEMETAN,5,RAJI,3.4558866024017334,2.7303009034141072,2.685439109802246
SERDEMETAN,5,SBC5,2.9266254901885986,3.1777085477060796,3.325634479522705
SERDEMETAN,5,SHP77,3.0703375339508057,3.214137000116074,3.3777599334716797
SERDEMETAN,5,SUDHL1,2.3559019565582275,2.5609843291666303,2.443164110183716
SERDEMETAN,5,SUPM2,2.2662765979766846,2.5029665660160454,2.3601465225219727
SERDEMETAN,5,SW1271,3.3570079803466797,3.4404501145126227,3.7015912532806396
SGC0946,1,AMO1,1.0796170234680176,1.402577042400793,1.369704008102417
SGC0946,1,CA46,2.0154635906219482,1.368672758361111,1.33262038230896
SGC0946,1,CALU6,2.1745734214782715,1.8748448203888153,1.8862582445144653
SGC0946,1,CMK,1.1854050159454346,1.8084562694007233,1.8136441707611084
SGC0946,1,COLO668,2.2319819927215576,1.9685707439268025,1.988773226737976
SGC0946,1,CORL105,2.8991684913635254,1.7904565255479472,1.7939565181732178
SGC0946,1,DMS114,2.317967414855957,1.6685408268450643,1.6606082916259766
SGC0946,1,DMS53,1.5900394916534424,1.9398195666560551,1.9573259353637695
SGC0946,1,EJM,1.6527459621429443,1.708043110566919,1.7038148641586304
SGC0946,1,GA10,1.4133599996566772,1.3893349933891648,1.3552201986312866
SGC0946,1,GDM1,1.7342164516448975,1.4329983664139352,1.4029780626296997
SGC0946,1,HARA,1.181185007095337,1.8934745203999732,1.9066349267959595
SGC0946,1,JURKAT,1.3737014532089233,1.4926082403731855,1.4681777954101562
SGC0946,1,JURLMK1,1.6638915538787842,1.673315196996287,1.665830373764038
SGC0946,1,KARPAS422,1.8627790212631226,1.2906304543987772,1.2472597360610962
SGC0946,1,L1236,1.6931730508804321,1.198276592811978,1.1462454795837402
SGC0946,1,LCLC103H,2.378614902496338,1.9096471734155331,1.9243241548538208
SGC0946,1,MOLP8,1.341202974319458,1.549417534151506,1.530314326286316
SGC0946,1,NALM6,1.2075635194778442,1.3829672047196828,1.3482552766799927
SGC0946,1,NAMALWA,1.4096829891204834,1.2272944660549676,1.1779844760894775
SGC0946,1,NCIH1651,1.8178470134735107,1.9085122714298535,1.9230828285217285
SGC0946,1,NCIH1836,1.825474500656128,1.9079996963757238,1.9225221872329712
SGC0946,1,NCIH1876,1.5173025131225586,1.7649234651437282,1.7660291194915771
SGC0946,1,NCIH196,1.0817835330963135,1.9314231665720474,1.948142170906067
SGC0946,1,NCIH1963,2.164278984069824,1.7773847172836184,1.7796589136123657
SGC0946,1,NCIH2009,2.3882369995117188,1.9566156364927123,1.9756970405578613
SGC0946,1,NCIH2066,2.092264413833618,1.9008101309875225,1.9146584272384644
SGC0946,1,NCIH2087,2.0444090366363525,1.5375367571845466,1.5173194408416748
SGC0946,1,NCIH2171,0.7926089763641357,1.791853981925589,1.795485019683838
SGC0946,1,NCIH2228,3.344938039779663,1.8552887142623904,1.8648682832717896
SGC0946,1,NCIH2342,2.1805055141448975,2.0788851133426727,2.1094322204589844
SGC0946,1,NCIH2405,2.775679588317871,1.884916598685045,1.8972744941711426
SGC0946,1,NCIH661,1.94052255153656,1.936778011896201,1.9539991617202759
SGC0946,1,NCIH727,2.599903106689453,1.8654582556510193,1.8759914636611938
SGC0946,1,OCIAML2,1.0522550344467163,1.4249597770683302,1.3941856622695923
SGC0946,1,OCILY19,1.3952829837799072,1.4980130026386087,1.4740893840789795
SGC0946,1,P12ICHIKAWA,1.334028959274292,1.2611453455068287,1.2150096893310547
SGC0946,1,RCHACV,0.9073305130004883,1.5118623381060334,1.4892374277114868
SGC0946,1,SUDHL1,1.7138780355453491,1.4006239603319006,1.367567777633667
SGC0946,1,SUDHL5,0.9198845028877258,1.3015407937127557,1.2591931819915771
SGC0946,1,WSUDLCL2,1.3705384731292725,1.6601292772963483,1.6514079570770264
SGC0946,2,A3KAW,1.2665605545043945,1.8305409806314346,1.8645740747451782
SGC0946,2,ALLSIL,1.474990963935852,1.4283606082216032,1.365283489227295
SGC0946,2,CORL88,2.6757025718688965,1.9374671002955641,1.9973185062408447
SGC0946,2,CORL95,1.9653069972991943,1.6653434716896953,1.6594880819320679
SGC0946,2,HCC15,2.2721340656280518,1.912833324069528,1.9667366743087769
SGC0946,2,HCC366,2.7295584678649902,1.9370024425119219,1.9967416524887085
SGC0946,2,HCC44,1.4710659980773926,1.8911790614555266,1.9398537874221802
SGC0946,2,HCC78,1.6673195362091064,2.087683788790602,2.1838064193725586
SGC0946,2,HDLM2,1.8901640176773071,1.669592320131646,1.6647628545761108
SGC0946,2,HL60,1.8660800457000732,1.6307569542740066,1.616550326347351
SGC0946,2,IALM,1.8713074922561646,1.790635144641114,1.8150326013565063
SGC0946,2,JM1,0.928643524646759,1.520998044927044,1.480289101600647
SGC0946,2,JVM3,1.5169734954833984,1.71444087047518,1.7204405069351196
SGC0946,2,L540,1.505599021911621,1.381453793858154,1.3070505857467651
SGC0946,2,LAMA84,1.758136510848999,1.5477293587901702,1.513474941253662
SGC0946,2,LCLC97TM1,1.1334819793701172,1.8181425205433797,1.849181890487671
SGC0946,2,LOUCY,1.2069710493087769,1.4940383871479226,1.44681978225708
SGC0946,2,LOUNH91,1.4252384901046753,2.074811260614545,2.167825698852539
SGC0946,2,MEG01,1.6206940412521362,1.7234318401498587,1.731602430343628
SGC0946,2,MOLM13,1.1699905395507812,1.4745024992735223,1.4225667715072632
SGC0946,2,NCIH1048,1.5598725080490112,1.8987239170112447,1.9492204189300537
SGC0946,2,NCIH1648,2.9867019653320312,1.9855625897372746,2.0570271015167236
SGC0946,2,NCIH1650,3.0297980308532715,1.9260275310170671,1.9831167459487915
SGC0946,2,NCIH1793,3.2263829708099365,1.938338993801551,1.9984009265899658
SGC0946,2,NCIH1915,2.30696702003479,2.1263593715211533,2.231820583343506
SGC0946,2,NCIH2029,1.5856980085372925,1.8334523175486173,1.8681883811950684
SGC0946,2,NCIH2085,2.1401214599609375,1.7731632821974614,1.7933419942855835
SGC0946,2,NCIH209,1.566375494003296,1.8174122617203585,1.8482753038406372
SGC0946,2,NCIH211,1.2710789442062378,1.867518675589644,1.9104803800582886
SGC0946,2,NCIH2110,1.8724950551986694,2.0629809716580896,2.1531388759613037
SGC0946,2,NCIH2122,1.5180729627609253,2.023396430345196,2.1039962768554688
SGC0946,2,NCIH2227,1.4804760217666626,1.8465372497373662,1.8844327926635742
SGC0946,2,NCIH441,2.731696605682373,1.884400473540533,1.9314384460449219
SGC0946,2,NCIH596,2.1699540615081787,2.010105239648643,2.087495803833008
SGC0946,2,NCIH82,1.7604365348815918,1.8299029043817336,1.8637819290161133
SGC0946,2,RAJI,2.008012056350708,1.3457213318278782,1.2626901865005493
SGC0946,2,RS411,1.5064959526062012,1.367563992576103,1.2898069620132446
SGC0946,2,SBC5,1.0702675580978394,1.8880347714936825,1.9359502792358398
SGC0946,2,ST486,1.6415859460830688,1.3624565978965937,1.2834663391113281
SGC0946,2,SUDHL6,0.9380155205726624,1.4256748305385132,1.3619492053985596
SGC0946,2,SUPT1,1.6529104709625244,1.382781991102076,1.3086994886398315
SGC0946,3,697,1.1792634725570679,1.3318707251603135,1.2711243629455566
SGC0946,3,A4FUK,1.8749134540557861,1.5832762282843986,1.577329397201538
SGC0946,3,ABC1,2.46315598487854,1.728730483854778,1.7544887065887451
SGC0946,3,BV173,1.5632480382919312,1.2993885970960195,1.2315620183944702
SGC0946,3,CORL279,1.2912180423736572,1.8553422021701662,1.908698320388794
SGC0946,3,CORL311,2.093195915222168,1.8746297778474101,1.9321900606155396
SGC0946,3,DAUDI,1.3473670482635498,1.4370997517952149,1.3992904424667358
SGC0946,3,EBC1,1.760638952255249,1.7251367031667897,1.7501115798950195
SGC0946,3,EHEB,2.5393760204315186,1.8302860594089676,1.8781806230545044
SGC0946,3,EPLC272H,1.4087779521942139,1.9212876569314978,1.9890180826187134
SGC0946,3,GRANTA519,2.1831350326538086,1.461512365278579,1.429024338722229
SGC0946,3,HCC827,2.410658597946167,2.11228724446792,2.2216503620147705
SGC0946,3,JEKO1,1.4861564636230469,1.3747317325675905,1.323327898979187
SGC0946,3,K562,1.836079478263855,1.77836063626347,1.814936876296997
SGC0946,3,KMH2,1.3438270092010498,1.5820517119657695,1.5758379697799683
SGC0946,3,KMS11,1.1350704431533813,1.7449841248469555,1.7742851972579956
SGC0946,3,KNS62,1.8465964794158936,1.9136783514249982,1.979750156402588
SGC0946,3,L363,1.3983210325241089,1.4862492392178317,1.459153175354004
SGC0946,3,L428,1.5914164781570435,1.7182603848483815,1.7417364120483398
SGC0946,3,LU65,2.8545379638671875,1.6850187454234802,1.7012490034103394
SGC0946,3,LXF289,1.396934986114502,1.9269612850953768,1.995928406715393
SGC0946,3,MOLT13,1.4863979816436768,1.242861376831748,1.1627134084701538
SGC0946,3,NCIH1437,2.0106780529022217,1.865529931295718,1.9211066961288452
SGC0946,3,NCIH1568,2.333177089691162,1.9915932550036988,2.074648380279541
SGC0946,3,NCIH2196,1.9531739950180054,1.7514712914682276,1.7821863889694214
SGC0946,3,NCIH292,1.712003469467163,1.9632985205658062,2.0401861667633057
SGC0946,3,NCIH358,2.090290069580078,2.103435217860179,2.2108688354492188
SGC0946,3,NCIH460,1.7412844896316528,1.9408700326368538,2.012868881225586
SGC0946,3,NCIH524,1.6143674850463867,1.9329658292270668,2.003241777420044
SGC0946,3,NCIH69,2.0388998985290527,1.8788453595243082,1.9373245239257812
SGC0946,3,NCIH841,0.583387017250061,1.7940604016384212,1.8340587615966797
SGC0946,3,NOMO1,1.8316584825515747,1.3778152899665521,1.3270835876464844
SGC0946,3,P31FUJ,1.584228515625,1.4471345998968919,1.4115126132965088
SGC0946,3,RPMI8226,1.129062533378601,1.6748045900005875,1.6888084411621094
SGC0946,3,SIGM5,-0.38082799315452576,1.5010530552377568,1.4771838188171387
SGC0946,3,SKLU1,2.18300199508667,1.9603000166942115,2.036534070968628
SGC0946,3,SKM1,1.4127124547958374,1.6549403337902637,1.6646143198013306
SGC0946,3,SUDHL10,0.28954949975013733,1.4251742489315717,1.3847655057907104
SGC0946,3,SUDHL4,0.5377069711685181,1.321907423811807,1.2589893341064453
SGC0946,3,SW1271,2.788983106613159,1.8760498487663606,1.9339196681976318
SGC0946,3,SW1573,2.3435709476470947,1.7466935147841993,1.7763671875
SGC0946,4,BL41,0.49949800968170166,1.3785838432868054,1.3514091968536377
SGC0946,4,CAL12T,2.168044090270996,1.9270017930516803,1.979047179222107
SGC0946,4,CALU3,2.7622499465942383,2.2759249038552953,2.37837290763855
SGC0946,4,CHAGOK1,2.2181553840637207,1.9899089221410038,2.0510413646698
SGC0946,4,DMS79,2.3430325984954834,1.7871934743282152,1.8190432786941528
SGC0946,4,DOHH2,0.36578699946403503,1.4932336227134413,1.482620358467102
SGC0946,4,EM2,1.8007659912109375,1.3413586714405235,1.3088067770004272
SGC0946,4,HEL,1.1403554677963257,1.5559181559518087,1.554359793663025
SGC0946,4,HH,2.299149513244629,1.4191760768467807,1.3978650569915771
SGC0946,4,HT,2.03256893157959,1.0789738902478754,1.0085200071334839
SGC0946,4,KMS12BM,1.3806999921798706,1.5886187051617597,1.5917840003967285
SGC0946,4,KU812,1.681514024734497,1.5957965620122034,1.5999987125396729
SGC0946,4,LP1,1.8928459882736206,1.4528729430031038,1.436429500579834
SGC0946,4,ME1,2.0817010402679443,1.4338880272394183,1.4147021770477295
SGC0946,4,MHHCALL2,1.156125545501709,1.4594337395722816,1.4439380168914795
SGC0946,4,MM1S,1.4434770345687866,1.3994371267522236,1.3752747774124146
SGC0946,4,NB4,0.3899399936199188,1.370288944833341,1.3419160842895508
SGC0946,4,NCIH1092,2.4995994567871094,1.8703262019986038,1.9141846895217896
SGC0946,4,NCIH146,1.7577004432678223,1.8454739012613495,1.885742425918579
SGC0946,4,NCIH1792,1.446552038192749,2.076526102972923,2.1501705646514893
SGC0946,4,NCIH1944,1.7541170120239258,1.9492552325435628,2.0045151710510254
SGC0946,4,NCIH2023,2.044867992401123,1.8640319579715865,1.9069812297821045
SGC0946,4,NCIH2030,2.3255228996276855,1.9446108227155614,1.9991998672485352
SGC0946,4,NCIH2170,2.075360059738159,1.9845753713911836,2.0449373722076416
SGC0946,4,NCIH2172,2.6145401000976562,1.9684157667465148,2.0264434814453125
SGC0946,4,NCIH2291,1.7950990200042725,2.14316798837298,2.2264389991760254
SGC0946,4,NCIH23,1.7011795043945312,1.9968711620464408,2.059009313583374
SGC0946,4,NCIH2444,1.66178297996521,2.1887450357108515,2.278599739074707
SGC0946,4,NCIH446,1.7857035398483276,1.5575144504842866,1.5561866760253906
SGC0946,4,NCIH522,2.0970284938812256,1.7623484649852363,1.790609359741211
SGC0946,4,NCIH647,1.0357789993286133,2.172733133881651,2.260274887084961
SGC0946,4,NCIH650,2.094691514968872,1.9475334218667695,2.002544641494751
SGC0946,4,NUDUL1,1.3843920230865479,1.2163071972658785,1.1656913757324219
SGC0946,4,OCIAML5,1.4829695224761963,1.5650486481892558,1.5648092031478882
SGC0946,4,OCIM1,1.1010504961013794,1.5037837494163464,1.494694471359253
SGC0946,4,REH,1.5148580074310303,1.4004402142789945,1.3764227628707886
SGC0946,4,RERFLCMS,2.185351610183716,1.917207783935154,1.9678384065628052
SGC0946,4,SHP77,1.4903830289840698,1.9078571957533594,1.957137107849121
SGC0946,4,SUDHL8,1.1331230401992798,1.284112997517871,1.2432918548583984
SGC0946,4,THP1,1.4772839546203613,1.6758634667152563,1.6916314363479614
SGC0946,5,A549,1.670989990234375,2.0414679325382594,2.072403907775879
SGC0946,5,BEN,2.920207977294922,1.8640869917004497,1.8813884258270264
SGC0946,5,CMLT1,1.2895619869232178,1.4767968465844648,1.4643288850784302
SGC0946,5,CORL23,1.93669855594635,1.8546605358391592,1.8712373971939087
SGC0946,5,DB,1.7447400093078613,1.3004287020624037,1.2744040489196777
SGC0946,5,DMS273,2.0446765422821045,1.661428983954189,1.6631529331207275
SGC0946,5,DND41,1.3299064636230469,1.3977264467121977,1.379180669784546
SGC0946,5,HCC33,1.6335090398788452,1.7065010214601817,1.7116894721984863
SGC0946,5,JVM2,2.3971049785614014,1.7400095353515201,1.7477736473083496
SGC0946,5,KCL22,1.6349514722824097,1.5675785548655194,1.5620886087417603
SGC0946,5,KG1,1.7484954595565796,1.4937218032698742,1.4825547933578491
SGC0946,5,KOPN8,1.3819794654846191,1.1749987104215498,1.1393327713012695
SGC0946,5,MOLM16,1.2036784887313843,1.7090793402917592,1.7144659757614136
SGC0946,5,MOLT16,0.9454990029335022,1.4218778030801689,1.4051884412765503
SGC0946,5,MONOMAC6,1.5991774797439575,1.5119603287696541,1.5021952390670776
SGC0946,5,NCIH1105,1.8609185218811035,1.4850240869589801,1.4731885194778442
SGC0946,5,NCIH1155,1.8799179792404175,1.9001739351235858,1.9202492237091064
SGC0946,5,NCIH1341,1.658968448638916,1.6339169902976072,1.6335262060165405
SGC0946,5,NCIH1435,1.9362150430679321,1.982911943995423,2.0093469619750977
SGC0946,5,NCIH1436,1.4751185178756714,1.762959905029191,1.7724881172180176
SGC0946,5,NCIH1623,1.8494174480438232,2.1691544374702074,2.2099051475524902
SGC0946,5,NCIH1781,2.195913076400757,1.9559268833875858,1.9802876710891724
SGC0946,5,NCIH1975,1.7010624408721924,2.147878962126046,2.1869943141937256
SGC0946,5,NCIH2081,2.264129400253296,1.905911416842783,1.9264277219772339
SGC0946,5,NCIH2347,2.6627700328826904,2.139563161575271,2.178039312362671
SGC0946,5,NCIH526,1.9020415544509888,1.7823196023604173,1.7933359146118164
SGC0946,5,NCIH810,1.5585135221481323,1.8600591641839435,1.8770509958267212
SGC0946,5,NCIH838,2.0359559059143066,2.1155715456252278,2.1522035598754883
SGC0946,5,NCIH929,1.36172354221344,1.5141763257801095,1.5045815706253052
SGC0946,5,OCIAML3,1.4469389915466309,1.5113393005336337,1.5015264749526978
SGC0946,5,OPM2,1.4167720079421997,1.5357808021790755,1.5278466939926147
SGC0946,5,PF382,1.2994375228881836,1.42952021419071,1.4134182929992676
SGC0946,5,PL21,2.2192349433898926,1.3870868271363714,1.3677232265472412
SGC0946,5,RERFLCKJ,1.2289350032806396,2.0723486445995354,2.1056582927703857
SGC0946,5,RL,1.414826512336731,1.174653547134578,1.1389610767364502
SGC0946,5,RPMI8402,0.4655570089817047,1.397715930191267,1.3791693449020386
SGC0946,5,SKMES1,2.197998523712158,2.0633726279347453,2.09599232673645
SGC0946,5,SKMM2,2.222174882888794,1.5372289824613603,1.529406189918518
SGC0946,5,SUPB15,1.4072329998016357,1.254149700054213,1.2245677709579468
SGC0946,5,SUPM2,0.5234789848327637,1.5026392595181126,1.4921576976776123
SN-38,1,ABC1,-4.793377876281738,-3.8954818629459638,-3.8667852878570557
SN-38,1,ALLSIL,-6.834723949432373,-6.222421222991456,-5.993905067443848
SN-38,1,BV173,-7.076459884643555,-5.837305912108705,-5.641860485076904
SN-38,1,CORL23,-3.5729284286499023,-3.4895493108579023,-3.495711088180542
SN-38,1,CORL95,-2.0198960304260254,-3.540817792161496,-3.542577028274536
SN-38,1,DB,-6.328969955444336,-4.644508454282099,-4.5514912605285645
SN-38,1,DMS273,-4.378851890563965,-4.022077219615761,-3.9825096130371094
SN-38,1,DMS79,-3.6929030418395996,-4.106424395261177,-4.0596137046813965
SN-38,1,EHEB,-1.5297105312347412,-3.757548078806506,-3.7406961917877197
SN-38,1,EPLC272H,-2.9718050956726074,-2.594105653992063,-2.67716121673584
SN-38,1,HARA,-4.2667012214660645,-4.080230183966053,-4.035668849945068
SN-38,1,HCC366,-1.935238003730774,-2.767671775961381,-2.835822820663452
SN-38,1,HDLM2,-3.711219072341919,-4.250985498472336,-4.191761016845703
SN-38,1,HEL,-4.984799861907959,-4.613453165739499,-4.523102760314941
SN-38,1,KG1,-6.4982500076293945,-5.122635228081496,-4.988560199737549
SN-38,1,L540,-6.1746392250061035,-5.16463798182345,-5.026956081390381
SN-38,1,LAMA84,-3.038710117340088,-5.021603170277289,-4.896203994750977
SN-38,1,MOLT13,-6.510457992553711,-6.523287946446388,-6.268935680389404
SN-38,1,MONOMAC6,-5.372129917144775,-4.565089646254899,-4.4788923263549805
SN-38,1,NB4,-6.093206882476807,-5.7528038121213525,-5.564614772796631
SN-38,1,NCIH1092,-2.4315450191497803,-4.204211387977225,-4.149003505706787
SN-38,1,NCIH1155,-5.9251298904418945,-3.5440388622337315,-3.5455214977264404
SN-38,1,NCIH1651,-4.370110511779785,-3.240322469822586,-3.26788592338562
SN-38,1,NCIH1792,-2.9302210807800293,-3.195242094473152,-3.2266767024993896
SN-38,1,NCIH1915,-2.975454568862915,-3.9672340025704615,-3.932375907897949
SN-38,1,NCIH2066,0.4920879900455475,-3.1042120460778655,-3.143463611602783
SN-38,1,NCIH2110,-3.9479219913482666,-2.289878585046388,-2.3990588188171387
SN-38,1,NCIH2170,-4.202756881713867,-4.214753546059798,-4.158640384674072
SN-38,1,NCIH2171,-3.964747905731201,-3.07205872474141,-3.1140713691711426
SN-38,1,NCIH2227,-4.8477911949157715,-3.14342981308044,-3.1793136596679688
SN-38,1,NCIH2291,-0.03152000159025192,-3.549218134257574,-3.5502560138702393
SN-38,1,NCIH2347,-1.277787685394287,-3.6034909480439277,-3.5998682975769043
SN-38,1,NCIH358,-2.352015495300293,-3.1736507531889444,-3.206939458847046
SN-38,1,NCIH810,-4.326369762420654,-2.848826832042903,-2.9100089073181152
SN-38,1,NCIH929,-4.836305141448975,-3.698880264875436,-3.6870663166046143
SN-38,1,NUDUL1,-5.760293960571289,-5.394839905016729,-5.237390041351318
SN-38,1,PF382,-5.527194976806641,-6.939653635783807,-6.649547100067139
SN-38,1,SKM1,-5.674411773681641,-5.006443536521934,-4.882346153259277
SN-38,1,SUDHL5,-7.601734161376953,-5.532773689156186,-5.363479137420654
SN-38,1,SUDHL8,-3.6333510875701904,-5.6482502249150945,-5.469039440155029
SN-38,1,THP1,-4.313282012939453,-4.361511758120229,-4.2927961349487305
SN-38,2,A3KAW,-6.780488967895508,-3.3526561113401434,-3.3926444053649902
SN-38,2,AMO1,-3.3313310146331787,-4.5132484833035145,-4.532110214233398
SN-38,2,DMS53,-4.684045791625977,-3.7288803236943373,-3.7620201110839844
SN-38,2,DOHH2,-6.257994174957275,-5.238703891574239,-5.244359970092773
SN-38,2,EM2,-5.914794921875,-5.166607894379804,-5.173576354980469
SN-38,2,GRANTA519,-5.968767166137695,-4.732357293186687,-4.747230529785156
SN-38,2,HCC33,0.9293839931488037,-3.9386505154181055,-3.9679718017578125
SN-38,2,HH,-3.960513114929199,-5.200452857197375,-5.206805229187012
SN-38,2,JM1,-6.901670932769775,-4.781976594427353,-4.7959465980529785
SN-38,2,JURLMK1,-5.136891841888428,-3.826382141354679,-3.8577470779418945
SN-38,2,KMS12BM,-4.31851863861084,-3.9451726863803813,-3.9743752479553223
SN-38,2,L1236,-4.713565826416016,-5.624542587238376,-5.623175144195557
SN-38,2,L428,-2.149665117263794,-5.488218577776816,-5.489332675933838
SN-38,2,LCLC103H,-2.3948800563812256,-2.947762564648496,-2.9951212406158447
SN-38,2,LOUCY,-4.863663196563721,-5.881663963560184,-5.875616073608398
SN-38,2,LOUNH91,-4.273408889770508,-3.001819749362824,-3.048194408416748
SN-38,2,LXF289,-3.7141144275665283,-3.337913596002114,-3.3781702518463135
SN-38,2,MHHCALL2,-5.860063076019287,-4.570473017629166,-4.588293075561523
SN-38,2,MOLM13,-6.537460803985596,-4.500587341385607,-4.519679546356201
SN-38,2,MOLM16,-4.981479167938232,-3.6853718240805495,-3.719303607940674
SN-38,2,NCIH1435,-1.968479037284851,-4.550270752133089,-4.568458557128906
SN-38,2,NCIH146,-2.7319231033325195,-3.0963059918124443,-3.140960693359375
SN-38,2,NCIH1793,-0.13006800413131714,-3.091772915434724,-3.136510133743286
SN-38,2,NCIH1836,-0.7497400045394897,-3.4736800470256144,-3.511465311050415
SN-38,2,NCIH1975,-1.9592524766921997,-2.9724333113373964,-3.0193428993225098
SN-38,2,NCIH2029,-2.5263259410858154,-4.323946708664723,-4.346254348754883
SN-38,2,NCIH2030,-2.308422565460205,-3.692425569703501,-3.726228952407837
SN-38,2,NCIH2228,-2.7690439224243164,-3.695447215890246,-3.7291955947875977
SN-38,2,NCIH23,-3.7548234462738037,-3.435668451943142,-3.4741456508636475
SN-38,2,NCIH2444,-0.4162437915802002,-2.7772798443284374,-2.827741861343384
SN-38,2,NCIH446,-3.9551260471343994,-4.310575991069112,-4.333127021789551
SN-38,2,NOMO1,-5.648194789886475,-4.371222127481982,-4.392669200897217
SN-38,2,OCIAML2,-6.462464809417725,-4.472843952311359,-4.492441177368164
SN-38,2,OCIAML3,-4.833767890930176,-4.199545610436532,-4.224117755889893
SN-38,2,RERFLCMS,-3.9266209602355957,-3.719931705034725,-3.753234386444092
SN-38,2,RL,-3.7071170806884766,-5.506646661239594,-5.507425308227539
SN-38,2,SBC5,-4.829714775085449,-3.65436152138818,-3.6888577938079834
SN-38,2,SUDHL4,-2.8472180366516113,-5.103517340180567,-5.111634254455566
SN-38,2,SUPB15,-6.864811420440674,-6.222466702042854,-6.210215091705322
SN-38,2,SW1271,-2.554995059967041,-3.418656848606322,-3.4574437141418457
SN-38,2,WSUDLCL2,-5.012693881988525,-4.503031759171975,-4.5220794677734375
SN-38,3,697,-6.071026802062988,-5.03139722380059,-5.138161659240723
SN-38,3,A4FUK,-5.063316822052002,-4.44993402000151,-4.461716651916504
SN-38,3,A549,-3.1669609546661377,-3.5848570363267136,-3.455329656600952
SN-38,3,BEN,-0.7349788546562195,-3.433606136265598,-3.279371976852417
SN-38,3,CALU6,-3.807451009750366,-3.718085998772758,-3.610321521759033
SN-38,3,CMLT1,-7.816985130310059,-5.450739022347582,-5.626002788543701
SN-38,3,COLO668,-4.625886917114258,-3.913170394210383,-3.837272882461548
SN-38,3,DMS114,-3.8699951171875,-3.7696488615049017,-3.670307159423828
SN-38,3,EBC1,-6.3149261474609375,-3.864154953889231,-3.7802507877349854
SN-38,3,EJM,-3.564965009689331,-3.4021412681898235,-3.242767333984375
SN-38,3,GDM1,-4.581751823425293,-5.237603177723915,-5.378051280975342
SN-38,3,HCC15,-3.4396491050720215,-3.5775662437063587,-3.446847915649414
SN-38,3,HCC44,-4.236376762390137,-3.441217867220274,-3.288227081298828
SN-38,3,IALM,-2.512993097305298,-3.9190044628969223,-3.844059944152832
SN-38,3,JURKAT,-5.724452018737793,-5.246188995462134,-5.388039588928223
SN-38,3,K562,-3.7349419593811035,-4.1533812607277305,-4.116722106933594
SN-38,3,KNS62,-3.2710158824920654,-4.373234676693913,-4.372488498687744
SN-38,3,KU812,-4.163053035736084,-4.783399606317385,-4.849653720855713
SN-38,3,L363,-2.5082879066467285,-4.014539361435972,-3.955200433731079
SN-38,3,LP1,-1.3928649425506592,-4.306986118456798,-4.2954182624816895
SN-38,3,MOLP8,-4.990202903747559,-4.211955990746249,-4.1848649978637695
SN-38,3,NALM6,-5.327868938446045,-5.422634579474786,-5.5933074951171875
SN-38,3,NAMALWA,-6.172102928161621,-5.3300321883596204,-5.485578536987305
SN-38,3,NCIH1650,-1.1830854415893555,-3.1577233632772366,-2.9584238529205322
SN-38,3,NCIH2087,-5.301942825317383,-3.3806771337272066,-3.217797040939331
SN-38,3,NCIH209,-7.351658821105957,-4.068563366222306,-4.018049240112305
SN-38,3,NCIH82,-2.140842914581299,-4.0016632990676895,-3.940221071243286
SN-38,3,NCIH838,-2.8119986057281494,-3.1445476764870017,-2.9430959224700928
SN-38,3,NCIH841,-2.725865602493286,-3.9739703786567815,-3.9080045223236084
SN-38,3,OCILY19,-5.634760856628418,-5.142461561856361,-5.267368316650391
SN-38,3,P12ICHIKAWA,-6.4405388832092285,-5.601175485026455,-5.801012992858887
SN-38,3,P31FUJ,-4.337360858917236,-4.575836120129345,-4.608184814453125
SN-38,3,RAJI,-5.714733123779297,-4.647527513796155,-4.691586971282959
SN-38,3,REH,-6.678639888763428,-5.3771215887919155,-5.540359973907471
SN-38,3,RPMI8402,-6.534286975860596,-5.439260660771171,-5.612649440765381
SN-38,3,SHP77,-2.0427420139312744,-3.6451936481205576,-3.525522232055664
SN-38,3,SIGM5,-3.498589038848877,-4.560854489148792,-4.590755939483643
SN-38,3,SKMES1,-3.667543888092041,-3.448982279566437,-3.29725980758667
SN-38,3,SKMM2,-2.519892930984497,-3.4702508998713646,-3.322002649307251
SN-38,3,ST486,-4.422721862792969,-5.01399974282963,-5.117922306060791
SN-38,3,SUDHL1,-5.852482795715332,-4.975336715675718,-5.072943687438965
SN-38,4,BL41,-6.361566066741943,-5.453745813230873,-5.490158557891846
SN-38,4,CALU3,-4.208014965057373,-3.119578210551043,-2.9893734455108643
SN-38,4,CHAGOK1,-2.0714468955993652,-3.7808960231102726,-3.697897434234619
SN-38,4,CORL105,-0.4011540114879608,-3.392617248976498,-3.281902551651001
SN-38,4,CORL311,-5.988671779632568,-3.348441419822924,-3.2345733642578125
SN-38,4,DND41,-6.231439113616943,-5.379023452915997,-5.410102367401123
SN-38,4,HCC78,-5.808980941772461,-3.142157145700928,-3.013564109802246
SN-38,4,HCC827,-2.0500850677490234,-2.738825748133897,-2.58144211769104
SN-38,4,HT,-3.459357976913452,-5.188973901155104,-5.206486701965332
SN-38,4,JEKO1,-5.893331050872803,-4.902786237494183,-4.8998703956604
SN-38,4,KOPN8,-6.301623821258545,-6.2391423994152335,-6.331618309020996
SN-38,4,LU65,-2.149200916290283,-4.013124609280843,-3.9467029571533203
SN-38,4,MEG01,-4.476912021636963,-4.31948717670657,-4.2749342918396
SN-38,4,MM1S,-5.170550346374512,-4.496989389245371,-4.465106964111328
SN-38,4,MOLT16,-7.18423318862915,-5.530178567438715,-5.572047233581543
SN-38,4,NCIH1048,-6.495160102844238,-3.854467661746704,-3.7767207622528076
SN-38,4,NCIH1341,-5.355515956878662,-4.367557122791319,-4.326435565948486
SN-38,4,NCIH1436,-0.7870650291442871,-3.813316955489433,-3.732632637023926
SN-38,4,NCIH1623,-5.716139793395996,-2.3521345292996823,-2.1671481132507324
SN-38,4,NCIH1648,-2.9121949672698975,-3.547830710288967,-3.448195457458496
SN-38,4,NCIH1944,-4.27908992767334,-3.393183152134163,-3.2825088500976562
SN-38,4,NCIH1963,-3.546626567840576,-4.2749817751674275,-4.227252006530762
SN-38,4,NCIH2085,-2.1462719440460205,-3.6031434601773027,-3.5074565410614014
SN-38,4,NCIH2196,-1.9711270332336426,-3.5660858159644397,-3.4677536487579346
SN-38,4,NCIH2405,-3.4950668811798096,-3.5151839062208454,-3.4132182598114014
SN-38,4,NCIH292,-4.9809675216674805,-3.24252072718717,-3.121091842651367
SN-38,4,NCIH441,-2.93210506439209,-3.8358536092394133,-3.7567780017852783
SN-38,4,NCIH522,-2.522813081741333,-2.8448065248642513,-2.6949880123138428
SN-38,4,NCIH524,-3.7603940963745117,-3.0728579312579725,-2.9393181800842285
SN-38,4,NCIH647,-4.441120147705078,-2.7280913908329594,-2.569941520690918
SN-38,4,NCIH650,-3.403421401977539,-3.2253449098776725,-3.1026899814605713
SN-38,4,NCIH69,-2.935089111328125,-3.3919736815632198,-3.2812130451202393
SN-38,4,NCIH727,-1.0441080331802368,-2.6897194626841276,-2.5288305282592773
SN-38,4,OCIAML5,-5.332466125488281,-4.759563113593489,-4.746423721313477
SN-38,4,OCIM1,-4.719607830047607,-4.217426108281018,-4.165587902069092
SN-38,4,RCHACV,-5.7396039962768555,-6.097265159233595,-6.1796135902404785
SN-38,4,RPMI8226,-4.224857807159424,-3.7780858677524307,-3.6948866844177246
SN-38,4,SKLU1,-5.01230001449585,-3.9177244190759843,-3.8444929122924805
SN-38,4,SUPM2,-6.99745512008667,-4.868166672320006,-4.86277961730957
SN-38,4,SW1573,-4.526670932769775,-4.355968903746001,-4.314020156860352
SN-38,5,CA46,-3.0820770263671875,-5.577704058967118,-5.614065647125244
SN-38,5,CAL12T,-0.5200614929199219,-3.632334647757568,-3.594667911529541
SN-38,5,CMK,-6.839783668518066,-3.7136412905107647,-3.6790685653686523
SN-38,5,CORL279,-6.386270046234131,-2.6916179716504978,-2.6181535720825195
SN-38,5,CORL88,-3.103142023086548,-2.2599455290781587,-2.1700544357299805
SN-38,5,DAUDI,-4.528103828430176,-5.3026126261929285,-5.328505992889404
SN-38,5,GA10,-4.330904006958008,-5.679789714183187,-5.720036029815674
SN-38,5,HL60,-4.950310230255127,-5.315909632355474,-5.34230899810791
SN-38,5,JVM2,-8.157926559448242,-4.0542480515375185,-4.032636642456055
SN-38,5,JVM3,-7.215719223022461,-4.115469770207004,-4.096188068389893
SN-38,5,KARPAS422,-3.7804439067840576,-5.474778239855956,-5.507223129272461
SN-38,5,KCL22,-3.59238600730896,-4.694073510743566,-4.696809768676758
SN-38,5,KMH2,-3.217463970184326,-4.4797223905360415,-4.474301815032959
SN-38,5,KMS11,-3.1557838916778564,-4.3606198564278085,-4.3506669998168945
SN-38,5,LCLC97TM1,-5.034012794494629,-3.6286356757700085,-3.5908281803131104
SN-38,5,ME1,-2.1990010738372803,-5.22384439004678,-5.246740341186523
SN-38,5,NCIH1105,-6.518280029296875,-3.626488411621502,-3.58859920501709
SN-38,5,NCIH1437,-2.58427357673645,-4.060301457666306,-4.0389204025268555
SN-38,5,NCIH1568,-2.8678109645843506,-3.132488578156882,-3.075800895690918
SN-38,5,NCIH1781,-4.9251251220703125,-3.2319432663367813,-3.1790401935577393
SN-38,5,NCIH1876,-8.044732093811035,-3.329069474044164,-3.279862403869629
SN-38,5,NCIH196,-1.5935510396957397,-2.942726606786127,-2.8788177967071533
SN-38,5,NCIH2009,-4.993350028991699,-3.2952483985361747,-3.2447543144226074
SN-38,5,NCIH2023,-2.821413040161133,-3.7335861107191306,-3.699772357940674
SN-38,5,NCIH2081,-4.76945686340332,-3.6223381214125476,-3.5842909812927246
SN-38,5,NCIH211,-4.74910306930542,-3.388356840519969,-3.3414058685302734
SN-38,5,NCIH2122,-4.531558990478516,-3.560076648245223,-3.519660234451294
SN-38,5,NCIH2172,0.15724213421344757,-1.9996887999180328,-1.8998939990997314
SN-38,5,NCIH2342,-2.4518918991088867,-3.1648319022977205,-3.109375
SN-38,5,NCIH460,-4.606598377227783,-3.531000959898673,-3.48947811126709
SN-38,5,NCIH526,-6.520318031311035,-3.754259700757769,-3.7212326526641846
SN-38,5,NCIH596,-0.10654798895120621,-2.3996796220624272,-2.31510591506958
SN-38,5,NCIH661,-4.034582138061523,-2.60293038113001,-2.5260910987854004
SN-38,5,OPM2,-1.870100975036621,-4.278879580696499,-4.2658162117004395
SN-38,5,PL21,-4.082837104797363,-5.393458735107647,-5.42280912399292
SN-38,5,RERFLCKJ,-1.484213948249817,-3.161890180272469,-3.106321334838867
SN-38,5,RS411,-5.699379920959473,-5.958331377146582,-6.009177207946777
SN-38,5,SUDHL10,-3.7853739261627197,-4.775292875672779,-4.7811198234558105
SN-38,5,SUDHL6,-5.507805824279785,-5.1792298038536995,-5.200428009033203
SN-38,5,SUPT1,-7.776179313659668,-5.9065742494527775,-5.955450534820557
TALAZOPARIB,1,ALLSIL,0.6905894875526428,0.9406169620248555,0.9435997605323792
TALAZOPARIB,1,CAL12T,4.741016864776611,1.6609796670268857,1.6153358221054077
TALAZOPARIB,1,CALU6,0.007818717509508133,2.3287953234347776,2.238071918487549
TALAZOPARIB,1,CHAGOK1,3.5998730659484863,2.067434411391526,1.9943536520004272
TALAZOPARIB,1,CMK,0.5257120132446289,2.1087576615324783,2.0328874588012695
TALAZOPARIB,1,CORL279,-1.0329769849777222,1.5861834912500954,1.5455886125564575
TALAZOPARIB,1,CORL88,4.287561893463135,2.378250015583234,2.2841882705688477
TALAZOPARIB,1,DMS114,2.842599391937256,1.5365599240581391,1.499314785003662
TALAZOPARIB,1,DMS53,1.2687159776687622,2.730139328594991,2.6123239994049072
TALAZOPARIB,1,EPLC272H,3.066314458847046,1.3558709143241177,1.3308228254318237
TALAZOPARIB,1,GA10,1.706460952758789,1.4006203719146133,1.3725515604019165
TALAZOPARIB,1,HCC15,1.7819530963897705,1.6408164214848617,1.5965336561203003
TALAZOPARIB,1,HEL,0.21559879183769226,1.5227519283552686,1.4864388704299927
TALAZOPARIB,1,JEKO1,0.9410549998283386,1.3182474466464031,1.2957390546798706
TALAZOPARIB,1,KOPN8,-0.6670809984207153,-0.3960040467546054,-0.30279532074928284
TALAZOPARIB,1,L363,3.4504990577697754,2.741936036592042,2.623324394226074
TALAZOPARIB,1,MEG01,1.8993430137634277,2.51568106290656,2.4123423099517822
TALAZOPARIB,1,NCIH1437,0.09325682371854782,2.1169774401448715,2.0405523777008057
TALAZOPARIB,1,NCIH146,2.6126549243927,3.3350704442966537,3.1764204502105713
TALAZOPARIB,1,NCIH1648,1.5593922138214111,1.6074444884942658,1.5654144287109375
TALAZOPARIB,1,NCIH1650,2.311863899230957,1.8770857747370557,1.8168541193008423
TALAZOPARIB,1,NCIH1792,0.007193789351731539,2.1652767252962386,2.0855913162231445
TALAZOPARIB,1,NCIH1793,4.036348819732666,1.614873456342774,1.5723419189453125
TALAZOPARIB,1,NCIH1915,1.5656709671020508,1.559017748067827,1.5202566385269165
TALAZOPARIB,1,NCIH1975,0.2053060084581375,1.9124100617506146,1.8497939109802246
TALAZOPARIB,1,NCIH2009,0.0333387590944767,1.4204912501406004,1.3910810947418213
TALAZOPARIB,1,NCIH2066,5.04068660736084,2.628019656567288,2.5170977115631104
TALAZOPARIB,1,NCIH2087,0.6664466261863708,0.803717660154549,0.815941572189331
TALAZOPARIB,1,NCIH211,0.05184505134820938,2.312338380134355,2.2227258682250977
TALAZOPARIB,1,NCIH2172,3.818892478942871,1.9740383306533045,1.9072620868682861
TALAZOPARIB,1,NCIH2342,2.6262590885162354,2.5690287019321283,2.4620888233184814
TALAZOPARIB,1,NCIH292,0.25967058539390564,1.5447729272145854,1.506973385810852
TALAZOPARIB,1,NCIH358,4.015998840332031,2.3290706881915524,2.238328695297241
TALAZOPARIB,1,NCIH460,0.006235490553081036,1.5182339776267766,1.4822258949279785
TALAZOPARIB,1,NCIH82,2.840585947036743,2.3724469014843357,2.2787768840789795
TALAZOPARIB,1,OCILY19,0.049830250442028046,1.8951098937818145,1.8336615562438965
TALAZOPARIB,1,REH,0.6687840223312378,1.2006357585161116,1.1860665082931519
TALAZOPARIB,1,RERFLCKJ,3.201093912124634,1.88455769641949,1.8238216638565063
TALAZOPARIB,1,SUDHL5,-1.4298030138015747,0.025265032289243775,0.09003683179616928
TALAZOPARIB,1,SUPT1,1.4932700395584106,1.8872045985963786,1.8262898921966553
TALAZOPARIB,1,WSUDLCL2,2.432223081588745,2.1453740152111815,2.0670320987701416
TALAZOPARIB,2,BV173,-1.7352349758148193,0.07846223619553011,0.2580377459526062
TALAZOPARIB,2,CALU3,3.1884210109710693,1.07884295338104,1.186906099319458
TALAZOPARIB,2,CORL105,4.641374111175537,1.7877024332576585,1.8450926542282104
TALAZOPARIB,2,CORL311,0.6317930221557617,3.2742814060719123,3.225403308868408
TALAZOPARIB,2,DMS79,0.7354220151901245,1.755526325712868,1.8152166604995728
TALAZOPARIB,2,DND41,0.8253024816513062,1.3744927974874144,1.4614213705062866
TALAZOPARIB,2,EBC1,2.1148650646209717,1.411462107432181,1.4957479238510132
TALAZOPARIB,2,GDM1,3.0527889728546143,0.6695683809192884,0.8068885803222656
TALAZOPARIB,2,HCC44,0.13081815838813782,1.4414014556634134,1.5235470533370972
TALAZOPARIB,2,HH,4.841253280639648,1.212177791171429,1.3107094764709473
TALAZOPARIB,2,HL60,1.951095461845398,1.0241880695089816,1.1361582279205322
TALAZOPARIB,2,IALM,4.842329025268555,1.136598513075722,1.2405329942703247
TALAZOPARIB,2,KMS12BM,2.0370676517486572,1.9971408818860679,2.0395593643188477
TALAZOPARIB,2,KNS62,2.842182159423828,2.0300439169497064,2.070110321044922
TALAZOPARIB,2,LU65,4.223133563995361,1.6372389645948633,1.7053850889205933
TALAZOPARIB,2,ME1,4.016727924346924,0.7407979055111871,0.8730262517929077
TALAZOPARIB,2,MM1S,1.3309040069580078,1.7003706039299962,1.7640037536621094
TALAZOPARIB,2,MOLM16,1.7782779932022095,0.6529111231280285,0.7914220690727234
TALAZOPARIB,2,MOLT13,1.7172679901123047,0.6657053427499822,0.8033016920089722
TALAZOPARIB,2,MOLT16,-1.5258090496063232,2.059896989078384,2.0978293418884277
TALAZOPARIB,2,NAMALWA,-0.5117675065994263,0.5110981176169338,0.6597465872764587
TALAZOPARIB,2,NB4,0.03655274957418442,0.7593414901429048,0.8902442455291748
TALAZOPARIB,2,NCIH1435,5.13666296005249,1.7068002277632528,1.7699737548828125
TALAZOPARIB,2,NCIH1436,4.505195617675781,2.9165480745668013,2.893242597579956
TALAZOPARIB,2,NCIH1623,0.004558546468615532,1.9317774903326141,1.9788684844970703
TALAZOPARIB,2,NCIH2023,0.5544417500495911,1.5353445765105156,1.6107746362686157
TALAZOPARIB,2,NCIH209,-3.1417670249938965,2.195835516392304,2.224050283432007
TALAZOPARIB,2,NCIH2122,0.2159220278263092,1.1625052238348577,1.2645877599716187
TALAZOPARIB,2,NCIH2171,1.5838984251022339,2.5844651932543083,2.5848987102508545
TALAZOPARIB,2,NCIH2196,1.602813959121704,2.274653871558483,2.297234296798706
TALAZOPARIB,2,NCIH2291,3.471540927886963,1.093487936628559,1.200504183769226
TALAZOPARIB,2,NCIH2405,2.5958709716796875,1.025700340657782,1.1375623941421509
TALAZOPARIB,2,NCIH2444,2.795137882232666,1.4024770676089655,1.4874051809310913
TALAZOPARIB,2,OCIAML3,1.6610629558563232,0.8919767468576665,1.0133980512619019
TALAZOPARIB,2,OCIM1,0.06610697507858276,1.7464543678518107,1.806793212890625
TALAZOPARIB,2,RPMI8402,0.029776999726891518,0.5423745528571807,0.6887872219085693
TALAZOPARIB,2,SIGM5,3.125432014465332,2.311808058865867,2.3317325115203857
TALAZOPARIB,2,SKMES1,1.1308526992797852,1.6625466213442952,1.7288836240768433
TALAZOPARIB,2,SUDHL8,0.05241861194372177,0.47414414992552323,0.6254342794418335
TALAZOPARIB,2,SW1573,0.4632887542247772,1.690326114109336,1.7546772956848145
TALAZOPARIB,2,THP1,1.2680134773254395,0.7887052150024038,0.9175089001655579
TALAZOPARIB,3,697,-3.487809896469116,-0.22895160041669965,-0.13387931883335114
TALAZOPARIB,3,A3KAW,0.06309341639280319,2.996893881703187,3.0456387996673584
TALAZOPARIB,3,A549,1.1807485818862915,0.8510481682750647,0.9306102395057678
TALAZOPARIB,3,ABC1,3.5319631099700928,2.0505493339261083,2.112884998321533
TALAZOPARIB,3,CORL23,0.5976388454437256,1.5356344018873305,1.6053649187088013
TALAZOPARIB,3,CORL95,3.2713561058044434,2.242104949772747,2.301689624786377
TALAZOPARIB,3,DB,2.3551089763641357,1.3670485323071244,1.4392001628875732
TALAZOPARIB,3,EHEB,2.5159659385681152,2.658457528701139,2.7120628356933594
TALAZOPARIB,3,EM2,1.886459469795227,1.4803796302723367,1.5509036779403687
TALAZOPARIB,3,HCC33,4.639098167419434,1.6099532029757269,1.6786164045333862
TALAZOPARIB,3,HCC78,0.3043714165687561,1.8447418974364977,1.9100332260131836
TALAZOPARIB,3,HCC827,2.0545830726623535,1.449473754850723,1.5204416513442993
TALAZOPARIB,3,HDLM2,3.390498399734497,1.2156629107064802,1.28998863697052
TALAZOPARIB,3,HT,0.022073131054639816,0.2188006925324003,0.30744266510009766
TALAZOPARIB,3,JURKAT,0.5473105907440186,1.7356798387566907,1.802537441253662
TALAZOPARIB,3,K562,3.606635093688965,2.638267731664812,2.6921629905700684
TALAZOPARIB,3,KMS11,3.254318952560425,2.2433081229265905,2.302875518798828
TALAZOPARIB,3,L428,2.3679850101470947,1.758205349498991,1.8247394561767578
TALAZOPARIB,3,LCLC97TM1,3.4009764194488525,1.3404318941922964,1.4129657745361328
TALAZOPARIB,3,LP1,4.301325798034668,1.4971876496091647,1.5674703121185303
TALAZOPARIB,3,MHHCALL2,1.9194375276565552,1.3596169908477451,1.4318753480911255
TALAZOPARIB,3,NALM6,0.022734493017196655,0.23558391789088734,0.32398486137390137
TALAZOPARIB,3,NCIH1105,0.8031665086746216,1.2967152725273934,1.3698769807815552
TALAZOPARIB,3,NCIH1568,2.640388011932373,2.246929737011701,2.3064451217651367
TALAZOPARIB,3,NCIH23,0.04132883623242378,1.2446354605486623,1.3185451030731201
TALAZOPARIB,3,NCIH2347,0.1486855298280716,1.969653718426806,2.033151149749756
TALAZOPARIB,3,NCIH446,0.07737557590007782,1.6666781970332336,1.7345267534255981
TALAZOPARIB,3,NCIH661,1.3283476829528809,2.050352675346681,2.1126911640167236
TALAZOPARIB,3,NCIH929,1.8299365043640137,2.1914841122365987,2.251795768737793
TALAZOPARIB,3,NOMO1,1.0219253301620483,0.997427159971213,1.0748870372772217
TALAZOPARIB,3,OCIAML5,0.9817959666252136,1.1051719931968074,1.1810845136642456
TALAZOPARIB,3,OPM2,3.596977472305298,2.157429764404365,2.2182304859161377
TALAZOPARIB,3,PL21,1.4663599729537964,1.5515925320251178,1.6210938692092896
TALAZOPARIB,3,RCHACV,-1.4487395286560059,0.9251328779240495,1.0036309957504272
TALAZOPARIB,3,RL,0.6604681015014648,-0.03378041779674047,0.05848895013332367
TALAZOPARIB,3,RS411,-0.05602499842643738,-0.17466790612902872,-0.08037520945072174
TALAZOPARIB,3,SKLU1,0.026547173038125038,1.5440626612760247,1.613672137260437
TALAZOPARIB,3,ST486,3.9090890884399414,0.6373343554042823,0.7199656367301941
TALAZOPARIB,3,SUDHL1,-1.5678625106811523,0.47662238814093283,0.5615617036819458
TALAZOPARIB,3,SUDHL10,3.468886613845825,2.1800341320924135,2.2405102252960205
TALAZOPARIB,3,SUDHL4,2.7644848823547363,-0.5335193638864384,-0.4340730905532837
TALAZOPARIB,4,BEN,3.5470709800720215,2.4707176947420866,2.7650580406188965
TALAZOPARIB,4,BL41,0.21671150624752045,0.20046033026876547,0.027668867260217667
TALAZOPARIB,4,CA46,3.791032552719116,1.194894769484813,1.2267197370529175
TALAZOPARIB,4,CMLT1,-1.6955139636993408,-0.42396697186748,-0.7252416014671326
TALAZOPARIB,4,EJM,4.647781848907471,1.8513245483549414,2.0182175636291504
TALAZOPARIB,4,GRANTA519,0.19385884702205658,0.35964499221809254,0.2196076214313507
TALAZOPARIB,4,HARA,0.837272047996521,1.3650009072982785,1.431827187538147
TALAZOPARIB,4,JURLMK1,0.44374561309814453,1.956073283829832,2.144519567489624
TALAZOPARIB,4,JVM2,-0.24480600655078888,1.9942119798885258,2.1905057430267334
TALAZOPARIB,4,JVM3,0.07678113877773285,1.7828813284578227,1.9356913566589355
TALAZOPARIB,4,KARPAS422,4.532739639282227,1.3243371638076606,1.3827964067459106
TALAZOPARIB,4,KCL22,2.1967079639434814,1.5084239968971005,1.6047612428665161
TALAZOPARIB,4,L540,-0.003315499983727932,0.5805749762782098,0.4859965145587921
TALAZOPARIB,4,LAMA84,2.2886950969696045,1.7767834476627478,1.9283387660980225
TALAZOPARIB,4,LOUCY,4.058650970458984,0.5617356903230246,0.4632808268070221
TALAZOPARIB,4,LOUNH91,1.3762776851654053,1.4726342672415031,1.5616073608398438
TALAZOPARIB,4,NCIH1048,0.0030440804548561573,1.5145132763168199,1.6121034622192383
TALAZOPARIB,4,NCIH1341,1.2519110441207886,1.9698301456137988,2.161107063293457
TALAZOPARIB,4,NCIH1836,5.052521705627441,2.100181122000052,2.318279266357422
TALAZOPARIB,4,NCIH1876,-2.6870880126953125,2.220310698472566,2.4631268978118896
TALAZOPARIB,4,NCIH1944,0.13155411183834076,1.2205501016440592,1.2576539516448975
TALAZOPARIB,4,NCIH2029,4.2852654457092285,1.5238374638012442,1.623346209526062
TALAZOPARIB,4,NCIH2030,1.3916529417037964,1.9363045550043447,2.120683193206787
TALAZOPARIB,4,NCIH2081,2.5355589389801025,1.7130775093924135,1.8515245914459229
TALAZOPARIB,4,NCIH2170,0.03958946466445923,1.425658893834909,1.5049662590026855
TALAZOPARIB,4,NCIH2227,0.8975080251693726,1.4019771324210066,1.4764117002487183
TALAZOPARIB,4,NCIH2228,0.3339781165122986,0.6554703399387056,0.5763024687767029
TALAZOPARIB,4,NCIH526,2.1468119621276855,1.533797856462819,1.635356068611145
TALAZOPARIB,4,NCIH596,0.04298308491706848,1.7743974063658778,1.925461769104004
TALAZOPARIB,4,NCIH647,1.5296859741210938,2.0557436486552234,2.2646982669830322
TALAZOPARIB,4,NCIH650,1.6388217210769653,1.5932342499662135,1.7070221900939941
TALAZOPARIB,4,NCIH727,6.02353572845459,1.856532236233922,2.0244967937469482
TALAZOPARIB,4,NCIH810,2.777463436126709,2.097859541585156,2.3154799938201904
TALAZOPARIB,4,NCIH838,0.2355351746082306,2.231803520076773,2.4769845008850098
TALAZOPARIB,4,NCIH841,1.462195873260498,1.4920460884229325,1.5850133895874023
TALAZOPARIB,4,P12ICHIKAWA,0.570285975933075,0.7377303840813204,0.6754884719848633
TALAZOPARIB,4,RPMI8226,3.203223466873169,2.545024284372866,2.85465407371521
TALAZOPARIB,4,SKM1,2.254518508911133,1.1046894767401847,1.1179536581039429
TALAZOPARIB,4,SUPB15,-0.08675098419189453,0.11897080437471896,-0.07058807462453842
TALAZOPARIB,4,SW1271,2.012953996658325,1.3419385437763494,1.4040194749832153
TALAZOPARIB,5,A4FUK,1.7431750297546387,2.018124216600515,2.1193931102752686
TALAZOPARIB,5,AMO1,3.59910249710083,1.371967948837252,1.241059422492981
TALAZOPARIB,5,COLO668,0.15642857551574707,2.051615260286967,2.1649181842803955
TALAZOPARIB,5,DAUDI,1.3118289709091187,0.6280432561909722,0.22982707619667053
TALAZOPARIB,5,DMS273,0.05728635936975479,1.0921644998932751,0.8607167601585388
TALAZOPARIB,5,DOHH2,-2.4028873443603516,1.7974386968223655,1.8194106817245483
TALAZOPARIB,5,HCC366,0.8469054102897644,1.804020232561739,1.8283571004867554
TALAZOPARIB,5,JM1,0.05593499913811684,1.8790021903066905,1.930281639099121
TALAZOPARIB,5,KG1,2.5875279903411865,1.8807300100638744,1.9326303005218506
TALAZOPARIB,5,KMH2,1.5121829509735107,3.0231300209429355,3.485518455505371
TALAZOPARIB,5,KU812,1.2809665203094482,1.8401891250090079,1.8775222301483154
TALAZOPARIB,5,L1236,3.6670451164245605,1.749552341508542,1.7543177604675293
TALAZOPARIB,5,LCLC103H,0.5925946235656738,2.261177469003197,2.4497804641723633
TALAZOPARIB,5,LXF289,0.05645279958844185,1.5463946946067033,1.478161334991455
TALAZOPARIB,5,MOLM13,0.13642647862434387,1.0486072968687372,0.8015085458755493
TALAZOPARIB,5,MOLP8,1.2963509559631348,2.325301664271386,2.5369458198547363
TALAZOPARIB,5,MONOMAC6,0.8623819947242737,1.5374346222997557,1.4659817218780518
TALAZOPARIB,5,NCIH1092,3.6192209720611572,1.537608526805821,1.466218113899231
TALAZOPARIB,5,NCIH1155,0.574352502822876,1.722011497939092,1.7168809175491333
TALAZOPARIB,5,NCIH1651,0.002497681649401784,1.9625028379183342,2.043785810470581
TALAZOPARIB,5,NCIH1781,-1.8930339813232422,1.1564579516903115,0.9481121897697449
TALAZOPARIB,5,NCIH196,3.158003807067871,2.2401870284955345,2.421247720718384
TALAZOPARIB,5,NCIH1963,3.4058690071105957,1.6778840407286295,1.6568975448608398
TALAZOPARIB,5,NCIH2085,4.397261142730713,1.86507597358751,1.9113514423370361
TALAZOPARIB,5,NCIH2110,1.2006514072418213,2.0176871313467437,2.1187989711761475
TALAZOPARIB,5,NCIH441,3.0426979064941406,1.855199109698916,1.897925615310669
TALAZOPARIB,5,NCIH522,2.0194356441497803,1.7046210473325762,1.6932417154312134
TALAZOPARIB,5,NCIH524,3.966315507888794,1.7281431445629263,1.7252157926559448
TALAZOPARIB,5,NCIH69,2.781569004058838,1.7226070529066604,1.7176904678344727
TALAZOPARIB,5,NUDUL1,0.19995750486850739,0.6637399843111333,0.2783503830432892
TALAZOPARIB,5,OCIAML2,-0.5813419818878174,2.0294093298881988,2.134733200073242
TALAZOPARIB,5,P31FUJ,4.525211811065674,1.9756399508828124,2.061643362045288
TALAZOPARIB,5,PF382,2.4590320587158203,1.0313102881438216,0.7779963612556458
TALAZOPARIB,5,RAJI,-0.3266400098800659,0.8667854001027164,0.5543542504310608
TALAZOPARIB,5,RERFLCMS,0.030745375901460648,1.7817654545533494,1.7981057167053223
TALAZOPARIB,5,SBC5,0.23888938128948212,2.0458878999833345,2.157132863998413
TALAZOPARIB,5,SHP77,3.2973310947418213,2.4011908545504994,2.640103578567505
TALAZOPARIB,5,SKMM2,4.8356733322143555,2.6083552332088207,2.921706438064575
TALAZOPARIB,5,SUDHL6,3.2503299713134766,1.9243538194789096,1.991929054260254
TALAZOPARIB,5,SUPM2,-3.5092239379882812,1.2703978074569833,1.1029930114746094
TAMOXIFEN,1,A4FUK,3.7642769813537598,3.1085249645698423,3.0837695598602295
TAMOXIFEN,1,A549,4.047026634216309,4.191088129523605,4.239315032958984
TAMOXIFEN,1,ABC1,4.84229850769043,3.7686357650616635,3.7883825302124023
TAMOXIFEN,1,AMO1,2.316744089126587,3.0180729115830265,2.9872195720672607
TAMOXIFEN,1,BV173,2.7760136127471924,3.1355046748629016,3.1125681400299072
TAMOXIFEN,1,CORL23,3.334857940673828,3.6677273153726437,3.680671215057373
TAMOXIFEN,1,CORL279,3.075885057449341,4.005364798206129,4.041070938110352
TAMOXIFEN,1,CORL95,4.171957015991211,4.029972867105929,4.067337989807129
TAMOXIFEN,1,DMS114,3.8321399688720703,4.14326308068588,4.188265800476074
TAMOXIFEN,1,EHEB,0.5585529804229736,3.4358742411295573,3.433187484741211
TAMOXIFEN,1,EM2,3.2357215881347656,2.9799761043390096,2.94655442237854
TAMOXIFEN,1,HCC366,4.613422870635986,3.9558455602586027,3.988213300704956
TAMOXIFEN,1,IALM,4.468203067779541,3.700120389840408,3.7152481079101562
TAMOXIFEN,1,KMS11,3.6418845653533936,3.245293043108184,3.2297580242156982
TAMOXIFEN,1,KOPN8,2.8503406047821045,2.878304878669769,2.838028907775879
TAMOXIFEN,1,L1236,3.2980306148529053,3.2112057795306184,3.1933727264404297
TAMOXIFEN,1,LCLC97TM1,4.303526878356934,3.6560935856713934,3.668253183364868
TAMOXIFEN,1,MOLM13,2.6562230587005615,3.3149698927356313,3.3041322231292725
TAMOXIFEN,1,MOLT16,1.6640069484710693,2.7981211528755403,2.752439498901367
TAMOXIFEN,1,NALM6,2.5429670810699463,3.0452520827693035,3.016231060028076
TAMOXIFEN,1,NAMALWA,3.034929037094116,3.060913001613561,3.0329477787017822
TAMOXIFEN,1,NCIH1437,4.300909996032715,3.6231811981277837,3.633121967315674
TAMOXIFEN,1,NCIH1651,3.899707078933716,4.237783421140845,4.289158344268799
TAMOXIFEN,1,NCIH196,4.059703350067139,3.9670910894756295,4.000216960906982
TAMOXIFEN,1,NCIH2030,4.490272521972656,4.184780430056132,4.232582092285156
TAMOXIFEN,1,NCIH2085,4.351878643035889,4.077704104549308,4.118287086486816
TAMOXIFEN,1,NCIH209,3.431856393814087,3.987621489767846,4.022131443023682
TAMOXIFEN,1,NCIH2171,3.681934118270874,3.8501647909229106,3.8754079341888428
TAMOXIFEN,1,NCIH2347,4.7892608642578125,4.047036266295663,4.085551738739014
TAMOXIFEN,1,NCIH292,3.4229514598846436,3.8987912571009073,3.9273126125335693
TAMOXIFEN,1,NCIH460,4.592400074005127,3.673165919279637,3.686476469039917
TAMOXIFEN,1,NCIH596,4.984984874725342,4.057598982578128,4.096826553344727
TAMOXIFEN,1,NCIH650,4.536632537841797,3.943932853339404,3.9754974842071533
TAMOXIFEN,1,NCIH82,3.073064088821411,3.7189251071975793,3.735320568084717
TAMOXIFEN,1,NOMO1,2.7474679946899414,3.24018746965112,3.2243082523345947
TAMOXIFEN,1,OCIAML3,2.787329912185669,3.4514053875449693,3.449765682220459
TAMOXIFEN,1,OPM2,3.4591734409332275,2.6144196804666886,2.5563535690307617
TAMOXIFEN,1,P31FUJ,2.939415454864502,2.98662331170983,2.9536497592926025
TAMOXIFEN,1,SKMM2,3.4994919300079346,3.4032519988270327,3.3983659744262695
TAMOXIFEN,1,SUDHL4,3.1344714164733887,3.2663798343130592,3.2522664070129395
TAMOXIFEN,1,SUDHL5,1.9129970073699951,3.2538385910517404,3.238879680633545
TAMOXIFEN,2,A3KAW,2.44589900970459,3.339876520751032,3.3242456912994385
TAMOXIFEN,2,ALLSIL,3.1005771160125732,2.7970468187399087,2.76387095451355
TAMOXIFEN,2,DMS273,3.219212532043457,3.7955636511103856,3.794661283493042
TAMOXIFEN,2,GA10,3.116938591003418,2.936032518244616,2.907348871231079
TAMOXIFEN,2,HCC15,3.4662814140319824,4.195434093138929,4.207456111907959
TAMOXIFEN,2,HCC78,2.4903390407562256,4.071739846074785,4.079763889312744
TAMOXIFEN,2,HCC827,3.692802906036377,4.426231788633774,4.445713520050049
TAMOXIFEN,2,HEL,3.8196804523468018,3.052408531605632,3.0274863243103027
TAMOXIFEN,2,HT,4.487940311431885,2.9849543112248664,2.9578518867492676
TAMOXIFEN,2,JM1,3.61143159866333,3.116982526893719,3.0941474437713623
TAMOXIFEN,2,JVM3,3.0169661045074463,3.0789670661684263,3.054903268814087
TAMOXIFEN,2,K562,3.0172688961029053,3.2044218742045447,3.184412956237793
TAMOXIFEN,2,KARPAS422,3.4385480880737305,2.8585879284601132,2.8274011611938477
TAMOXIFEN,2,KMS12BM,2.1170899868011475,2.890077558039649,2.8599085807800293
TAMOXIFEN,2,L363,2.647989511489868,3.0105892614603715,2.9843153953552246
TAMOXIFEN,2,LCLC103H,4.121255397796631,3.8579114825248193,3.8590242862701416
TAMOXIFEN,2,LOUCY,2.357715606689453,2.9956795756847265,2.968923807144165
TAMOXIFEN,2,MONOMAC6,2.721740484237671,3.4046925556427694,3.3911566734313965
TAMOXIFEN,2,NB4,3.1419880390167236,3.134749342380015,3.1124885082244873
TAMOXIFEN,2,NCIH1105,4.904339790344238,3.592234448230228,3.5847601890563965
TAMOXIFEN,2,NCIH1155,3.0411550998687744,4.056227139874396,4.06374979019165
TAMOXIFEN,2,NCIH1648,3.3236870765686035,4.293418560929799,4.308607578277588
TAMOXIFEN,2,NCIH1650,3.836215019226074,4.217519283156771,4.230255126953125
TAMOXIFEN,2,NCIH1781,4.246480941772461,4.037658452724097,4.044580936431885
TAMOXIFEN,2,NCIH1836,5.116335391998291,3.789957939984614,3.788874387741089
TAMOXIFEN,2,NCIH1944,4.082643985748291,4.032284157326243,4.039032936096191
TAMOXIFEN,2,NCIH2110,4.067342281341553,4.36654038806017,4.384092807769775
TAMOXIFEN,2,NCIH2170,4.139877796173096,3.7748422434012814,3.7732701301574707
TAMOXIFEN,2,NCIH2172,4.454256534576416,4.212629066966219,4.2252068519592285
TAMOXIFEN,2,NCIH2196,5.199020862579346,4.086142588214921,4.094632148742676
TAMOXIFEN,2,NCIH2228,4.779585838317871,4.330636307159853,4.3470282554626465
TAMOXIFEN,2,NCIH2291,5.843874454498291,4.3017938702683365,4.317253589630127
TAMOXIFEN,2,NCIH2342,3.3390040397644043,4.266890281317461,4.281221866607666
TAMOXIFEN,2,NCIH647,5.00834321975708,4.0245943189262885,4.031094551086426
TAMOXIFEN,2,NCIH810,3.386214017868042,4.156916076900713,4.167693138122559
TAMOXIFEN,2,RCHACV,3.627694606781006,3.0291055220934675,3.003430128097534
TAMOXIFEN,2,REH,2.8412630558013916,3.136299966329357,3.114089250564575
TAMOXIFEN,2,SBC5,2.9595704078674316,3.794619511893092,3.793686628341675
TAMOXIFEN,2,SKMES1,4.300203800201416,3.9753062331870783,3.9802134037017822
TAMOXIFEN,2,SUDHL6,1.3622385263442993,2.992449917461968,2.965589761734009
TAMOXIFEN,2,SUPT1,3.3728408813476562,3.0816043278421734,3.0576257705688477
TAMOXIFEN,3,697,2.720731019973755,3.2308381586874657,3.218153476715088
TAMOXIFEN,3,CA46,3.3005974292755127,2.8952686903250484,2.860707998275757
TAMOXIFEN,3,CALU3,2.9661569595336914,4.054842072625876,4.095874786376953
TAMOXIFEN,3,CMLT1,3.280550956726074,3.0092745917157315,2.9821460247039795
TAMOXIFEN,3,CORL105,3.315784454345703,4.183253040497043,4.232656955718994
TAMOXIFEN,3,DB,2.7669243812561035,2.7266106945932385,2.6810550689697266
TAMOXIFEN,3,DMS53,3.946713447570801,4.0163693224306485,4.054893970489502
TAMOXIFEN,3,DMS79,4.873733043670654,3.8821276578035753,3.9119009971618652
TAMOXIFEN,3,EBC1,2.9572179317474365,4.169437982333203,4.2179412841796875
TAMOXIFEN,3,HDLM2,3.209007501602173,3.1962796973547056,3.181342124938965
TAMOXIFEN,3,JEKO1,3.314953565597534,2.270139882423279,2.194826602935791
TAMOXIFEN,3,JURKAT,2.4783334732055664,2.8268243681874172,2.787801742553711
TAMOXIFEN,3,JURLMK1,2.9143049716949463,3.3523671137696174,3.347604990005493
TAMOXIFEN,3,KCL22,3.1479685306549072,2.83002218640437,2.791208028793335
TAMOXIFEN,3,KU812,2.8742589950561523,2.978395624585288,2.949254035949707
TAMOXIFEN,3,L540,3.355438470840454,3.409513537655766,3.4084768295288086
TAMOXIFEN,3,LP1,4.002194404602051,3.4157231737440235,3.4150912761688232
TAMOXIFEN,3,MOLM16,3.4656410217285156,3.4286928368350402,3.4289064407348633
TAMOXIFEN,3,NCIH1092,4.406886577606201,3.7381875636013233,3.758577346801758
TAMOXIFEN,3,NCIH1435,4.268184185028076,3.6567171739357276,3.6717958450317383
TAMOXIFEN,3,NCIH1568,3.9973011016845703,4.390961036594272,4.4539055824279785
TAMOXIFEN,3,NCIH1623,4.403219699859619,4.195304788524874,4.245494365692139
TAMOXIFEN,3,NCIH2023,4.738122463226318,4.147496208706275,4.194569110870361
TAMOXIFEN,3,NCIH2066,4.907784461975098,3.794772629043564,3.8188512325286865
TAMOXIFEN,3,NCIH2087,4.494968414306641,4.166460633840034,4.2147698402404785
TAMOXIFEN,3,NCIH211,2.4965715408325195,3.957185176346197,3.991851568222046
TAMOXIFEN,3,NCIH2227,4.598651885986328,3.8012942801520797,3.8257980346679688
TAMOXIFEN,3,NCIH358,4.712437629699707,4.342059285069114,4.401815891265869
TAMOXIFEN,3,OCILY19,3.5088798999786377,3.006980811279857,2.9797027111053467
TAMOXIFEN,3,OCIM1,2.608409881591797,3.2352945568605977,3.222900390625
TAMOXIFEN,3,RERFLCKJ,3.360642910003662,4.0143924812119085,4.052788257598877
TAMOXIFEN,3,RERFLCMS,3.931684970855713,4.001951721630842,4.039536476135254
TAMOXIFEN,3,RL,4.275848865509033,3.1004615409540968,3.079277515411377
TAMOXIFEN,3,RPMI8402,2.464585065841675,3.0525327659662866,3.028224229812622
TAMOXIFEN,3,RS411,2.829516887664795,3.001072894163844,2.973409652709961
TAMOXIFEN,3,SIGM5,3.153580904006958,3.3306941565267136,3.324519157409668
TAMOXIFEN,3,SKLU1,5.188284873962402,4.333300034134541,4.392485618591309
TAMOXIFEN,3,SUDHL10,2.3940393924713135,2.4893655750143817,2.4283437728881836
TAMOXIFEN,3,SUDHL8,3.3244659900665283,2.857437204859405,2.8204102516174316
TAMOXIFEN,3,SW1573,5.474998474121094,4.18740727204367,4.237082004547119
TAMOXIFEN,3,THP1,4.032332420349121,3.2292373470483775,3.2164483070373535
TAMOXIFEN,4,BL41,2.5733110904693604,2.8448908413654705,2.7921090126037598
TAMOXIFEN,4,CAL12T,4.681556224822998,3.950781296399038,3.970309019088745
TAMOXIFEN,4,CALU6,4.832365036010742,3.4728649597429895,3.461143732070923
TAMOXIFEN,4,COLO668,4.189705848693848,3.678865248172174,3.6806135177612305
TAMOXIFEN,4,CORL311,4.55053186416626,3.5196006808882943,3.5109353065490723
TAMOXIFEN,4,DAUDI,3.5466365814208984,3.1745533363700162,3.143326759338379
TAMOXIFEN,4,DOHH2,2.5106489658355713,3.0898831791571633,3.0531203746795654
TAMOXIFEN,4,EPLC272H,4.085159778594971,4.005983294771367,4.029120445251465
TAMOXIFEN,4,GDM1,2.4195303916931152,3.257554720341118,3.231755256652832
TAMOXIFEN,4,GRANTA519,4.1237640380859375,3.185889447049129,3.1554040908813477
TAMOXIFEN,4,HARA,3.365351438522339,3.905885992464429,3.922478199005127
TAMOXIFEN,4,HCC33,5.029394149780273,3.491925272810768,3.481450319290161
TAMOXIFEN,4,HH,3.0492875576019287,3.194075767815723,3.164125680923462
TAMOXIFEN,4,JVM2,3.500246047973633,2.909796878102029,2.8612589836120605
TAMOXIFEN,4,KNS62,3.102813959121704,3.958488267254967,3.978519916534424
TAMOXIFEN,4,LAMA84,2.8019518852233887,3.2877745768239963,3.263951063156128
TAMOXIFEN,4,LOUNH91,4.734167575836182,4.272486180071489,4.313048839569092
TAMOXIFEN,4,MEG01,3.54258394241333,3.409112092982929,3.3932223320007324
TAMOXIFEN,4,MM1S,2.846914052963257,3.105689194185308,3.069959878921509
TAMOXIFEN,4,MOLT13,2.40498948097229,3.0456540865596464,3.0059993267059326
TAMOXIFEN,4,NCIH146,3.9095685482025146,4.005257332535047,4.028347015380859
TAMOXIFEN,4,NCIH1876,4.306938171386719,3.730368061659678,3.7354838848114014
TAMOXIFEN,4,NCIH1963,2.6506760120391846,3.793617633392154,3.8028690814971924
TAMOXIFEN,4,NCIH2029,4.622525691986084,4.076378805508215,4.104118824005127
TAMOXIFEN,4,NCIH2122,3.548428535461426,4.0170159514454085,4.040874481201172
TAMOXIFEN,4,NCIH23,4.146721839904785,4.298521907105391,4.340786933898926
TAMOXIFEN,4,NCIH2405,4.313726902008057,3.9348166169980345,3.9533004760742188
TAMOXIFEN,4,NCIH441,5.045985698699951,4.107460909986328,4.137233257293701
TAMOXIFEN,4,NCIH446,3.1246891021728516,3.6215117698553363,3.6195099353790283
TAMOXIFEN,4,NCIH526,3.919858932495117,3.7006526191350813,3.7038254737854004
TAMOXIFEN,4,NCIH661,3.5447731018066406,4.179207641433071,4.2136712074279785
TAMOXIFEN,4,NCIH69,2.9192750453948975,3.891550699944637,3.907205581665039
TAMOXIFEN,4,NCIH838,4.879051685333252,4.0025419115191685,4.025454044342041
TAMOXIFEN,4,NCIH841,3.6946065425872803,4.031329760495815,4.056124210357666
TAMOXIFEN,4,NUDUL1,2.6113295555114746,3.1076495607667405,3.0720484256744385
TAMOXIFEN,4,PF382,2.9842140674591064,2.924931534711875,2.877383232116699
TAMOXIFEN,4,PL21,3.431307554244995,2.9512494560676017,2.9054219722747803
TAMOXIFEN,4,SHP77,3.2340774536132812,3.664634463779497,3.665452241897583
TAMOXIFEN,4,ST486,3.263319969177246,3.0516428274370098,3.0123796463012695
TAMOXIFEN,4,SUPM2,1.9969290494918823,3.079848161092713,3.042429208755493
TAMOXIFEN,5,BEN,4.153742790222168,3.8630972244095085,3.903522491455078
TAMOXIFEN,5,CHAGOK1,4.362972736358643,4.287174687131965,4.3600263595581055
TAMOXIFEN,5,CMK,2.6411569118499756,3.82049847100939,3.857666492462158
TAMOXIFEN,5,CORL88,3.8250315189361572,3.8445119030723336,3.8835160732269287
TAMOXIFEN,5,DND41,1.9415475130081177,2.8706466463815,2.8351857662200928
TAMOXIFEN,5,EJM,4.331171989440918,3.173765921800101,3.161482572555542
TAMOXIFEN,5,HCC44,3.664151906967163,3.7196888336008316,3.7491486072540283
TAMOXIFEN,5,HL60,3.0013954639434814,3.157626439647873,3.144109010696411
TAMOXIFEN,5,KG1,3.533687114715576,3.1215776094766254,3.1053037643432617
TAMOXIFEN,5,KMH2,3.7814595699310303,3.039264257151294,3.0166964530944824
TAMOXIFEN,5,L428,3.0361249446868896,3.356588358806112,3.3582842350006104
TAMOXIFEN,5,LU65,4.917863845825195,3.7548054409042493,3.7869503498077393
TAMOXIFEN,5,LXF289,2.686872959136963,4.042134513206633,4.096249580383301
TAMOXIFEN,5,ME1,3.813417911529541,3.2131389936019614,3.2038662433624268
TAMOXIFEN,5,MHHCALL2,2.0580050945281982,3.172948205756379,3.160602331161499
TAMOXIFEN,5,MOLP8,3.5964760780334473,3.1092290340969724,3.092010974884033
TAMOXIFEN,5,NCIH1048,3.391832113265991,3.5643728405010853,3.581956624984741
TAMOXIFEN,5,NCIH1341,3.1351609230041504,3.7096735839309867,3.7383675575256348
TAMOXIFEN,5,NCIH1436,3.5986626148223877,3.761156915169097,3.7937874794006348
TAMOXIFEN,5,NCIH1792,3.4088804721832275,4.103734754912006,4.162559986114502
TAMOXIFEN,5,NCIH1793,4.835913181304932,4.120044779142692,4.180117130279541
TAMOXIFEN,5,NCIH1915,4.10236120223999,3.8283130634174736,3.8660786151885986
TAMOXIFEN,5,NCIH1975,3.2321465015411377,4.562822070026431,4.656750679016113
TAMOXIFEN,5,NCIH2009,3.966481924057007,4.11491035516502,4.174590110778809
TAMOXIFEN,5,NCIH2081,4.834334850311279,3.836718794536471,3.875127077102661
TAMOXIFEN,5,NCIH2444,5.478336334228516,4.184649219227547,4.249661445617676
TAMOXIFEN,5,NCIH522,4.588005542755127,3.7185107643601607,3.747880458831787
TAMOXIFEN,5,NCIH524,3.2759056091308594,4.202045397163111,4.268387794494629
TAMOXIFEN,5,NCIH727,4.656348705291748,3.974132520545749,4.023047924041748
TAMOXIFEN,5,NCIH929,2.966681957244873,3.2815170647683267,3.277472734451294
TAMOXIFEN,5,OCIAML2,2.743216037750244,3.182921595097875,3.1713383197784424
TAMOXIFEN,5,OCIAML5,2.6083219051361084,3.2580666430475125,3.2522292137145996
TAMOXIFEN,5,P12ICHIKAWA,2.7168290615081787,2.838474436988494,2.800553560256958
TAMOXIFEN,5,RAJI,3.603837013244629,3.1021840958741365,3.0844273567199707
TAMOXIFEN,5,RPMI8226,2.8468210697174072,3.153386143424401,3.1395444869995117
TAMOXIFEN,5,SKM1,3.093158006668091,3.2340977291115425,3.2264275550842285
TAMOXIFEN,5,SUDHL1,4.8336181640625,3.199434276473741,3.1891136169433594
TAMOXIFEN,5,SUPB15,3.3859810829162598,2.9923149088847527,2.9661571979522705
TAMOXIFEN,5,SW1271,5.524227619171143,3.9773896527610733,4.026554107666016
TAMOXIFEN,5,WSUDLCL2,0.40093550086021423,2.9229685130858973,2.8915083408355713
TANESPIMYCIN,1,CA46,1.6576449871063232,0.6234252176099572,0.5648974180221558
TANESPIMYCIN,1,CAL12T,-0.4256120026111603,-0.36729038459046426,-0.2967837154865265
TANESPIMYCIN,1,CHAGOK1,0.07022669911384583,-0.25171928851325154,-0.19626502692699432
TANESPIMYCIN,1,CMK,0.8688210248947144,-0.06397905040073346,-0.032976772636175156
TANESPIMYCIN,1,CORL279,0.5159130096435547,0.5935083227651666,0.538877010345459
TANESPIMYCIN,1,CORL311,-0.039246998727321625,0.6416977209659207,0.5807900428771973
TANESPIMYCIN,1,DAUDI,1.1269619464874268,0.6794084963142117,0.6135892271995544
TANESPIMYCIN,1,DMS53,1.720898985862732,0.19027591755005854,0.18816308677196503
TANESPIMYCIN,1,EBC1,-0.24398528039455414,0.2976399640503101,0.28154364228248596
TANESPIMYCIN,1,HCC366,0.1325438767671585,-0.17885323205275286,-0.13288931548595428
TANESPIMYCIN,1,HCC44,-1.4790395498275757,-0.551882457167741,-0.45733383297920227
TANESPIMYCIN,1,HDLM2,-0.6247375011444092,-0.458960533808624,-0.37651440501213074
TANESPIMYCIN,1,IALM,1.2864773273468018,-0.039047338491143224,-0.011292259208858013
TANESPIMYCIN,1,JVM3,-0.6805269718170166,0.1132959025655619,0.12120923399925232
TANESPIMYCIN,1,KNS62,-0.15704971551895142,0.10746188534740947,0.11613506078720093
TANESPIMYCIN,1,L428,1.5924550294876099,0.09145706617341329,0.1022147685289383
TANESPIMYCIN,1,LOUCY,0.4580639898777008,0.9057710781777142,0.8104695081710815
TANESPIMYCIN,1,MOLT16,0.2452399879693985,0.1870106209125207,0.1853230744600296
TANESPIMYCIN,1,NALM6,0.6596189737319946,0.7201328223071135,0.6490094661712646
TANESPIMYCIN,1,NB4,-1.9072550535202026,0.07440451320845057,0.0873832032084465
TANESPIMYCIN,1,NCIH1436,0.8177409768104553,0.6003300326804913,0.5448102355003357
TANESPIMYCIN,1,NCIH1651,0.11703484505414963,0.028315409691406355,0.0472969152033329
TANESPIMYCIN,1,NCIH1876,2.366929531097412,0.7246451987612544,0.6529341340065002
TANESPIMYCIN,1,NCIH1963,-0.15043599903583527,1.1903164866940188,1.0579546689987183
TANESPIMYCIN,1,NCIH2029,0.9510459899902344,0.8869378600499718,0.7940891981124878
TANESPIMYCIN,1,NCIH2030,-0.6179026365280151,0.0008220904303725511,0.023384427651762962
TANESPIMYCIN,1,NCIH2087,-0.1443353295326233,-0.7586619968170407,-0.6371816396713257
TANESPIMYCIN,1,NCIH2171,-0.07303150743246078,0.9403592712018662,0.840552806854248
TANESPIMYCIN,1,NCIH2196,-1.058670997619629,0.6648487580756602,0.6009258031845093
TANESPIMYCIN,1,NCIH2228,-0.44171953201293945,-0.764611042114444,-0.6423558592796326
TANESPIMYCIN,1,NCIH441,0.8980709910392761,-0.34481385678666876,-0.27723461389541626
TANESPIMYCIN,1,NCIH460,-3.428236961364746,-0.16228623327218838,-0.11848006397485733
TANESPIMYCIN,1,NCIH526,0.17962850630283356,0.3524859484505979,0.32924628257751465
TANESPIMYCIN,1,NCIH650,-0.2363390028476715,-0.03182928315132977,-0.005014310125261545
TANESPIMYCIN,1,NCIH69,0.6315935254096985,0.686670307704037,0.6199052333831787
TANESPIMYCIN,1,NCIH82,0.1540006697177887,1.0545427147204067,0.9398645758628845
TANESPIMYCIN,1,NCIH838,-0.6093853116035461,-0.18718185435094797,-0.14013318717479706
TANESPIMYCIN,1,RPMI8226,-0.4091145098209381,0.27706282155751716,0.26364654302597046
TANESPIMYCIN,1,SIGM5,0.11346700042486191,0.5670869520421222,0.5158968567848206
TANESPIMYCIN,1,SUPB15,1.4662549495697021,0.19427870282319878,0.19164453446865082
TANESPIMYCIN,1,THP1,0.4170230031013489,-0.14424430005184577,-0.10278797894716263
TANESPIMYCIN,2,BEN,0.5704909563064575,1.040972880619325,1.0026638507843018
TANESPIMYCIN,2,CALU6,0.05488931015133858,-0.28796639958462233,-0.28177136182785034
TANESPIMYCIN,2,CMLT1,0.75108402967453,0.1760124397402244,0.166669562458992
TANESPIMYCIN,2,CORL95,0.6746799945831299,0.15404026645147684,0.1454332023859024
TANESPIMYCIN,2,GRANTA519,1.7879669666290283,-0.07630464130766988,-0.07719781994819641
TANESPIMYCIN,2,HCC15,-0.5072070360183716,-0.21284158127700334,-0.20916235446929932
TANESPIMYCIN,2,HCC33,0.8119279742240906,0.9417089947695988,0.9067241549491882
TANESPIMYCIN,2,HCC827,0.3109254240989685,0.16687672673688222,0.1578397899866104
TANESPIMYCIN,2,HEL,0.21719099581241608,0.04264002752559095,0.037763580679893494
TANESPIMYCIN,2,JEKO1,0.12712399661540985,0.22229133011508567,0.211398646235466
TANESPIMYCIN,2,JURLMK1,-0.7797160148620605,-0.018005321796448887,-0.020850852131843567
TANESPIMYCIN,2,JVM2,-0.40473949909210205,0.029327182905050538,0.024896562099456787
TANESPIMYCIN,2,K562,-0.48190099000930786,0.0010639733414069558,-0.002420157426968217
TANESPIMYCIN,2,KCL22,0.13189077377319336,0.1730499270650828,0.1638062596321106
TANESPIMYCIN,2,KMS11,-0.40635401010513306,0.8590790765147631,0.8268613815307617
TANESPIMYCIN,2,L363,-1.4858289957046509,0.3535259408379505,0.3382384181022644
TANESPIMYCIN,2,LCLC97TM1,-1.3217004537582397,0.48110366697442064,0.4615437686443329
TANESPIMYCIN,2,ME1,2.119450092315674,-0.053587573065944916,-0.05524151027202606
TANESPIMYCIN,2,MEG01,0.9791569709777832,-0.3230338616068884,-0.31566447019577026
TANESPIMYCIN,2,MHHCALL2,-0.06092099845409393,0.27960016982998914,0.2667883038520813
TANESPIMYCIN,2,NCIH1092,1.766502022743225,0.6158958429566166,0.5918219685554504
TANESPIMYCIN,2,NCIH146,0.7781435251235962,0.8832839458091067,0.8502556681632996
TANESPIMYCIN,2,NCIH1568,0.47487908601760864,-0.007109951532150008,-0.010320350527763367
TANESPIMYCIN,2,NCIH1792,-1.1821340322494507,-0.18910904152378386,-0.1862245798110962
TANESPIMYCIN,2,NCIH1793,0.03488202020525932,-0.05261442250334668,-0.0543009489774704
TANESPIMYCIN,2,NCIH1915,-1.221590518951416,-0.03649811180468245,-0.038724347949028015
TANESPIMYCIN,2,NCIH1975,-0.6370465159416199,-0.38547358832719436,-0.3760131895542145
TANESPIMYCIN,2,NCIH2009,-0.6739234328269958,-0.34992035273195077,-0.3416505753993988
TANESPIMYCIN,2,NCIH2085,1.8470970392227173,0.7540118708049494,0.7253127098083496
TANESPIMYCIN,2,NCIH209,1.5108150243759155,0.7399203669771209,0.7116931080818176
TANESPIMYCIN,2,NCIH211,-0.2440589964389801,0.7385922446376966,0.7104094624519348
TANESPIMYCIN,2,NCIH23,-0.3396610617637634,0.3759306357661647,0.3598928153514862
TANESPIMYCIN,2,NCIH647,-1.8234299421310425,-0.059471880883974926,-0.06092876195907593
TANESPIMYCIN,2,P12ICHIKAWA,0.7170231342315674,1.0060327668804407,0.968893826007843
TANESPIMYCIN,2,PF382,0.15479163825511932,0.8195852595095764,0.7886901497840881
TANESPIMYCIN,2,REH,1.7180465459823608,0.8462425545594868,0.8144547343254089
TANESPIMYCIN,2,RERFLCKJ,-0.13732892274856567,-0.22725737612089159,-0.2230953872203827
TANESPIMYCIN,2,SKLU1,0.008527882397174835,0.10775678167123448,0.10069967806339264
TANESPIMYCIN,2,SUDHL8,1.7124639749526978,0.05458558943869376,0.049309104681015015
TANESPIMYCIN,2,SUPT1,-0.2368755042552948,0.8356960199198608,0.8042613863945007
TANESPIMYCIN,2,SW1271,1.1072421073913574,-0.02712247216865406,-0.029662683606147766
TANESPIMYCIN,3,697,0.1566784828901291,0.4296352236497102,0.4235287010669708
TANESPIMYCIN,3,A3KAW,-0.2595579922199249,0.016869755694971972,0.00945166777819395
TANESPIMYCIN,3,A549,-3.2170939445495605,-0.3419455760065314,-0.3505038022994995
TANESPIMYCIN,3,ABC1,2.9784018993377686,0.25176585412764174,0.2450941503047943
TANESPIMYCIN,3,BL41,0.822561502456665,0.5171823700547161,0.5113540291786194
TANESPIMYCIN,3,CALU3,0.6931480169296265,-0.11679018358462544,-0.12463297694921494
TANESPIMYCIN,3,CORL105,3.2705159187316895,-0.028582730265892017,-0.03614524379372597
TANESPIMYCIN,3,CORL23,0.35079121589660645,-0.5760024357634103,-0.5853043794631958
TANESPIMYCIN,3,DB,0.6968770027160645,0.17768089860478745,0.17077378928661346
TANESPIMYCIN,3,DMS79,0.10648687183856964,1.1137670021779973,1.1098343133926392
TANESPIMYCIN,3,EM2,0.3457116186618805,0.34462840193155364,0.3382517695426941
TANESPIMYCIN,3,HARA,-0.5699005722999573,-0.44748844666229604,-0.45638203620910645
TANESPIMYCIN,3,HH,0.7506420016288757,0.13805836923349044,0.13102535903453827
TANESPIMYCIN,3,HT,0.08852901309728622,0.4091952501423123,0.40302377939224243
TANESPIMYCIN,3,KMS12BM,-0.43776533007621765,-0.18588219495605637,-0.1939445286989212
TANESPIMYCIN,3,KU812,-0.664758026599884,0.002430545421652645,-0.005033423192799091
TANESPIMYCIN,3,L1236,-1.4092005491256714,0.47490603172217194,0.46894335746765137
TANESPIMYCIN,3,L540,-0.40525248646736145,-0.22953103943445996,-0.23773206770420074
TANESPIMYCIN,3,LP1,2.045314073562622,-0.10228145676625608,-0.11007814854383469
TANESPIMYCIN,3,LXF289,-0.8438121676445007,-0.4961202608562253,-0.5051683783531189
TANESPIMYCIN,3,MM1S,0.5993130207061768,-0.08546986070744123,-0.09321313351392746
TANESPIMYCIN,3,NCIH1155,-1.4075499773025513,0.41443578756962585,0.40828096866607666
TANESPIMYCIN,3,NCIH1648,-0.30145999789237976,-0.034984238557428826,-0.042567092925310135
TANESPIMYCIN,3,NCIH1781,-0.8249099850654602,0.0222380372007963,0.014837007038295269
TANESPIMYCIN,3,NCIH2347,0.01210812758654356,-0.15362033880439768,-0.1615801602602005
TANESPIMYCIN,3,NCIH522,-0.247883141040802,0.3076984206560103,0.3012044429779053
TANESPIMYCIN,3,NCIH810,2.249962091445923,0.8083837311499275,0.8034806847572327
TANESPIMYCIN,3,OCIAML3,-0.28931400179862976,-0.28829466725999053,-0.2966824173927307
TANESPIMYCIN,3,OCIAML5,0.14484353363513947,-0.8465671865940928,-0.8567288517951965
TANESPIMYCIN,3,P31FUJ,1.2038414478302002,0.08528671852315016,0.07808602601289749
TANESPIMYCIN,3,RAJI,1.5338200330734253,0.5390008804167962,0.533241868019104
TANESPIMYCIN,3,RCHACV,0.143865168094635,0.5915269876980874,0.5859348773956299
TANESPIMYCIN,3,RL,0.18294355273246765,0.15085480551112448,0.14386245608329773
TANESPIMYCIN,3,RS411,0.906108021736145,0.20284967567336257,0.19602254033088684
TANESPIMYCIN,3,SBC5,-0.7172744870185852,0.0434789670088291,0.03614543005824089
TANESPIMYCIN,3,SHP77,-0.004482000134885311,0.19142032384523253,0.18455687165260315
TANESPIMYCIN,3,SKMM2,2.1401050090789795,-0.08758708512309289,-0.09533708542585373
TANESPIMYCIN,3,SUDHL1,-0.572823703289032,0.2652697994987112,0.25864100456237793
TANESPIMYCIN,3,SUDHL10,-0.39659151434898376,0.1320211098132606,0.12496891617774963
TANESPIMYCIN,3,SUDHL6,1.0705845355987549,0.1172317173712331,0.11013253033161163
TANESPIMYCIN,3,SUPM2,-1.253233551979065,-0.05124775310358221,-0.05888228490948677
TANESPIMYCIN,4,BV173,-0.6378750205039978,1.0471304528990695,1.1815139055252075
TANESPIMYCIN,4,COLO668,0.03667464479804039,0.3972477709212983,0.4297303557395935
TANESPIMYCIN,4,DMS114,1.562201976776123,-0.08574084043870825,-0.1289903223514557
TANESPIMYCIN,4,DMS273,-0.1324176788330078,0.17142845105898896,0.1685028225183487
TANESPIMYCIN,4,DND41,0.8593109846115112,0.39099734082814175,0.4224998652935028
TANESPIMYCIN,4,EPLC272H,-2.6061134338378906,0.44292564559421,0.48257046937942505
TANESPIMYCIN,4,GDM1,0.18588249385356903,0.8058742852178138,0.9024290442466736
TANESPIMYCIN,4,HCC78,0.12338109314441681,0.06726270460374764,0.04800400510430336
TANESPIMYCIN,4,KARPAS422,-0.47680848836898804,0.09257490156258631,0.07728512585163116
TANESPIMYCIN,4,KG1,1.725525975227356,0.39682046991548625,0.4292360544204712
TANESPIMYCIN,4,KMH2,0.22349244356155396,0.2458614600975493,0.25460684299468994
TANESPIMYCIN,4,KOPN8,-1.325314998626709,0.41336883879106245,0.44837918877601624
TANESPIMYCIN,4,LAMA84,-0.5469939708709717,-0.08756597684626584,-0.13110163807868958
TANESPIMYCIN,4,LCLC103H,0.8157140016555786,-0.39403704765524755,-0.48562702536582947
TANESPIMYCIN,4,LOUNH91,-0.5349310040473938,-0.19929527120657523,-0.26034995913505554
TANESPIMYCIN,4,MOLM16,-0.6928330063819885,0.07773550806583379,0.06011893227696419
TANESPIMYCIN,4,NCIH1341,-1.2722140550613403,0.6276634877870712,0.696274995803833
TANESPIMYCIN,4,NCIH1435,0.43136581778526306,-0.184569926192887,-0.2433156967163086
TANESPIMYCIN,4,NCIH1623,0.005031588487327099,-0.032587046641546304,-0.06750207394361496
TANESPIMYCIN,4,NCIH1836,3.3562633991241455,0.6489172429887377,0.7208613157272339
TANESPIMYCIN,4,NCIH2023,-0.56195467710495,-0.8808118045847798,-1.0487275123596191
TANESPIMYCIN,4,NCIH2066,1.3761065006256104,-0.20203506260082918,-0.2635193467140198
TANESPIMYCIN,4,NCIH2110,-1.7312920093536377,-0.41424012053929476,-0.508997917175293
TANESPIMYCIN,4,NCIH2170,-1.1587260961532593,-0.1458635295180317,-0.19854018092155457
TANESPIMYCIN,4,NCIH2172,0.01594931073486805,-0.34992317813492474,-0.43459615111351013
TANESPIMYCIN,4,NCIH2227,1.17866051197052,0.41692378942352326,0.45249155163764954
TANESPIMYCIN,4,NCIH2342,0.9437655210494995,-0.10604984975926207,-0.1524837613105774
TANESPIMYCIN,4,NCIH2444,0.2593950927257538,0.13842556701362302,0.13032512366771698
TANESPIMYCIN,4,NCIH292,-0.4422729015350342,-0.393070583774141,-0.48450902104377747
TANESPIMYCIN,4,NCIH446,2.009445905685425,0.3615623145540231,0.38844946026802063
TANESPIMYCIN,4,NCIH524,2.352731943130493,0.08706301228298421,0.07090897858142853
TANESPIMYCIN,4,NCIH661,0.1263177990913391,0.23229199959955307,0.23890970647335052
TANESPIMYCIN,4,NOMO1,0.5363289713859558,-0.06343353681325485,-0.1031852588057518
TANESPIMYCIN,4,NUDUL1,0.9933649897575378,0.2627088829991394,0.27409592270851135
TANESPIMYCIN,4,OCIAML2,-1.0973130464553833,0.017643335771421784,-0.00939562451094389
TANESPIMYCIN,4,OPM2,-0.08292949944734573,-0.05804162467003686,-0.09694790095090866
TANESPIMYCIN,4,RERFLCMS,-0.4207180142402649,-0.3807313590943071,-0.47023501992225647
TANESPIMYCIN,4,RPMI8402,0.4615269899368286,0.713275946814211,0.7953113913536072
TANESPIMYCIN,4,SUDHL4,0.5185815095901489,0.2960312509329097,0.3126432001590729
TANESPIMYCIN,4,SW1573,0.01198264304548502,0.020726750752768544,-0.005828733555972576
TANESPIMYCIN,5,A4FUK,2.4798479080200195,-0.1841186095511783,-0.19142718613147736
TANESPIMYCIN,5,ALLSIL,1.1957429647445679,1.0442325937754289,1.0207880735397339
TANESPIMYCIN,5,AMO1,-1.5707199573516846,-0.2368953008862001,-0.24351058900356293
TANESPIMYCIN,5,CORL88,0.13706350326538086,0.6399470160978367,0.6218132972717285
TANESPIMYCIN,5,DOHH2,0.07340697944164276,0.4777282740803796,0.46172550320625305
TANESPIMYCIN,5,EHEB,1.0009770393371582,0.017607272314458258,0.00764877162873745
TANESPIMYCIN,5,EJM,0.528095006942749,-0.1946128612310223,-0.20178358256816864
TANESPIMYCIN,5,GA10,-0.18446700274944305,0.4466005085761799,0.43100664019584656
TANESPIMYCIN,5,HL60,-0.18878799676895142,0.230273947513523,0.2175218015909195
TANESPIMYCIN,5,JM1,1.128167986869812,0.42004529819769676,0.40480026602745056
TANESPIMYCIN,5,JURKAT,1.0202064514160156,0.6412193010083894,0.6230688691139221
TANESPIMYCIN,5,LU65,-0.29515498876571655,0.19974742949156046,0.18739628791809082
TANESPIMYCIN,5,MOLM13,-0.06300000101327896,-0.12760415473018383,-0.13565512001514435
TANESPIMYCIN,5,MOLP8,-0.05413550138473511,0.006396080452826835,-0.0034151470754295588
TANESPIMYCIN,5,MOLT13,0.9759039878845215,0.6577872711326936,0.6394191980361938
TANESPIMYCIN,5,MONOMAC6,-0.7761600017547607,-0.05644503772013457,-0.06543076783418655
TANESPIMYCIN,5,NAMALWA,0.4558109939098358,0.6918313564520389,0.6730160713195801
TANESPIMYCIN,5,NCIH1048,-0.36732304096221924,0.25665882029319353,0.2435600757598877
TANESPIMYCIN,5,NCIH1105,2.846920967102051,0.7601105661209729,0.7403983473777771
TANESPIMYCIN,5,NCIH1437,-0.4410359561443329,-0.3137508372758812,-0.3193565309047699
TANESPIMYCIN,5,NCIH1650,-0.42071253061294556,-0.2692555036878628,-0.27544569969177246
TANESPIMYCIN,5,NCIH1944,-0.7895862460136414,-0.25979321308001996,-0.2661077082157135
TANESPIMYCIN,5,NCIH196,0.29214808344841003,-0.08266845141425395,-0.09130970388650894
TANESPIMYCIN,5,NCIH2081,1.6416815519332886,0.28371705582608153,0.27026286721229553
TANESPIMYCIN,5,NCIH2122,-0.8392999172210693,-0.39093891022603117,-0.395530641078949
TANESPIMYCIN,5,NCIH2291,0.3496670126914978,0.1526313943411712,0.1408991813659668
TANESPIMYCIN,5,NCIH2405,0.6069039702415466,0.0793952110616195,0.06862504780292511
TANESPIMYCIN,5,NCIH358,-1.003159999847412,0.05745527610416727,0.046973321586847305
TANESPIMYCIN,5,NCIH596,0.45338335633277893,-0.3790253345843768,-0.3837735652923584
TANESPIMYCIN,5,NCIH727,0.12543882429599762,0.11795768955588441,0.1066809594631195
TANESPIMYCIN,5,NCIH841,-0.025723999366164207,0.04701379721998412,0.03666900470852852
TANESPIMYCIN,5,NCIH929,-0.8139010071754456,0.04795867940426684,0.03760147467255592
TANESPIMYCIN,5,OCILY19,0.3320870101451874,0.555847382961988,0.5388184189796448
TANESPIMYCIN,5,OCIM1,0.19307941198349,-0.2670341238290818,-0.27325350046157837
TANESPIMYCIN,5,PL21,-0.16544699668884277,0.5447658508488299,0.52788245677948
TANESPIMYCIN,5,SKM1,-1.3769079446792603,0.5362184396942318,0.5194473266601562
TANESPIMYCIN,5,SKMES1,-0.8177139759063721,-0.23523414313460317,-0.24187125265598297
TANESPIMYCIN,5,ST486,0.5341070294380188,1.114159522629969,1.0897964239120483
TANESPIMYCIN,5,SUDHL5,-0.47768649458885193,0.7886087213505157,0.7685221433639526
TANESPIMYCIN,5,WSUDLCL2,0.1487399935722351,0.15869073804987488,0.1468789279460907
TEMOZOLOMIDE,1,A4FUK,3.4097700119018555,4.741982377592731,4.746905326843262
TEMOZOLOMIDE,1,ABC1,6.72040319442749,6.555089785041303,6.4542388916015625
TEMOZOLOMIDE,1,BV173,5.567756652832031,4.789836157169628,4.791967391967773
TEMOZOLOMIDE,1,CMK,4.673585891723633,5.749090188949473,5.695260047912598
TEMOZOLOMIDE,1,CORL279,5.2376298904418945,5.9932284223444405,5.9251556396484375
TEMOZOLOMIDE,1,CORL95,6.537144184112549,5.655287119277263,5.606929302215576
TEMOZOLOMIDE,1,DMS114,6.056763648986816,5.985814028569019,5.918173789978027
TEMOZOLOMIDE,1,DMS273,5.534334659576416,5.9264953337162485,5.862315654754639
TEMOZOLOMIDE,1,DMS53,6.471475601196289,5.987071872725428,5.919358253479004
TEMOZOLOMIDE,1,EJM,5.6864848136901855,4.956061984125995,4.948495864868164
TEMOZOLOMIDE,1,EPLC272H,6.2480788230896,6.193326918910529,6.113580703735352
TEMOZOLOMIDE,1,HL60,5.273847579956055,5.014739097438439,5.003749847412109
TEMOZOLOMIDE,1,L540,2.28165602684021,5.230252261462362,5.206690311431885
TEMOZOLOMIDE,1,LCLC103H,5.686863899230957,6.441154625946237,6.346950531005859
TEMOZOLOMIDE,1,LXF289,6.039905548095703,6.341981412442013,6.253562927246094
TEMOZOLOMIDE,1,NAMALWA,5.2238030433654785,4.977231136685859,4.968430042266846
TEMOZOLOMIDE,1,NCIH1435,5.31058406829834,5.882753853814956,5.8211259841918945
TEMOZOLOMIDE,1,NCIH1436,5.968494415283203,5.71857683420836,5.666526794433594
TEMOZOLOMIDE,1,NCIH1648,6.701506614685059,6.743782612614248,6.631923675537109
TEMOZOLOMIDE,1,NCIH1781,6.372109889984131,6.220902772060929,6.139547824859619
TEMOZOLOMIDE,1,NCIH1876,5.214768886566162,5.891014912417075,5.82890510559082
TEMOZOLOMIDE,1,NCIH1915,6.94765043258667,6.226490658641436,6.144809722900391
TEMOZOLOMIDE,1,NCIH2122,5.8979644775390625,6.678624361073991,6.570566654205322
TEMOZOLOMIDE,1,NCIH2170,5.400665283203125,6.480456179292216,6.3839592933654785
TEMOZOLOMIDE,1,NCIH2172,6.514775276184082,6.558189834125658,6.457158088684082
TEMOZOLOMIDE,1,NCIH2405,7.1152167320251465,6.437898105910057,6.343883991241455
TEMOZOLOMIDE,1,NCIH292,4.507862091064453,6.547990358683468,6.447553634643555
TEMOZOLOMIDE,1,NCIH358,6.8638176918029785,6.353600266777285,6.2645039558410645
TEMOZOLOMIDE,1,NCIH460,5.302921295166016,6.44662250082583,6.352099418640137
TEMOZOLOMIDE,1,NCIH522,6.3025360107421875,5.925258251077718,5.861150741577148
TEMOZOLOMIDE,1,NCIH82,5.744772911071777,5.928709220452086,5.864400386810303
TEMOZOLOMIDE,1,NUDUL1,4.528750419616699,4.944860892040738,4.937948226928711
TEMOZOLOMIDE,1,OCIAML3,5.630563735961914,5.142214817218847,5.123788833618164
TEMOZOLOMIDE,1,OCIAML5,5.161295413970947,5.623607068507016,5.577097415924072
TEMOZOLOMIDE,1,OCIM1,3.745516538619995,4.888223471265339,4.884614944458008
TEMOZOLOMIDE,1,SHP77,5.788435935974121,5.631157678094867,5.584207534790039
TEMOZOLOMIDE,1,SIGM5,4.402650833129883,5.0223611063926565,5.010927200317383
TEMOZOLOMIDE,1,ST486,5.313599109649658,5.0401613228927,5.027688980102539
TEMOZOLOMIDE,1,SUDHL1,6.075472831726074,5.447745365362115,5.411495208740234
TEMOZOLOMIDE,1,SUDHL6,4.701321125030518,4.8390880477432425,4.838346004486084
TEMOZOLOMIDE,1,WSUDLCL2,4.721316337585449,5.02105667541564,5.009698867797852
TEMOZOLOMIDE,2,A549,6.627472400665283,5.664158621743618,5.67753791809082
TEMOZOLOMIDE,2,BL41,4.876925945281982,5.262289548773043,5.284351348876953
TEMOZOLOMIDE,2,CAL12T,6.184326171875,6.042283180911728,6.047492980957031
TEMOZOLOMIDE,2,DB,5.102636337280273,4.829584286705674,4.860994815826416
TEMOZOLOMIDE,2,DMS79,5.839200019836426,5.719294922872245,5.731482982635498
TEMOZOLOMIDE,2,EBC1,6.217489719390869,5.959089169200015,5.9660964012146
TEMOZOLOMIDE,2,GRANTA519,6.01926326751709,4.779160335822451,4.811660289764404
TEMOZOLOMIDE,2,HCC366,6.407286643981934,6.261059731062747,6.261542797088623
TEMOZOLOMIDE,2,HT,5.770486831665039,4.6162891517175515,4.652307987213135
TEMOZOLOMIDE,2,JEKO1,4.716091156005859,5.026615989313085,5.053769588470459
TEMOZOLOMIDE,2,JURLMK1,4.34712553024292,5.243767170959769,5.266229152679443
TEMOZOLOMIDE,2,JVM3,2.5745155811309814,4.809231846303561,4.8410820960998535
TEMOZOLOMIDE,2,K562,5.7643327713012695,5.739118570222723,5.75087833404541
TEMOZOLOMIDE,2,KG1,5.898159503936768,5.136544510561625,5.161323070526123
TEMOZOLOMIDE,2,KMH2,5.257656574249268,4.902920328781047,4.932746410369873
TEMOZOLOMIDE,2,KNS62,5.948481559753418,6.145020116658027,6.14801025390625
TEMOZOLOMIDE,2,KOPN8,4.3948140144348145,4.333793282527905,4.37591552734375
TEMOZOLOMIDE,2,L1236,5.138418197631836,4.8332395382146744,4.8645710945129395
TEMOZOLOMIDE,2,MEG01,4.864975452423096,5.064281650329295,5.090621471405029
TEMOZOLOMIDE,2,NALM6,4.402769565582275,5.072321741548492,5.098487854003906
TEMOZOLOMIDE,2,NCIH1155,5.413079261779785,5.95329437714108,5.9604268074035645
TEMOZOLOMIDE,2,NCIH1437,5.781734943389893,5.544184981981478,5.560156345367432
TEMOZOLOMIDE,2,NCIH146,5.239551544189453,5.9980936270022545,6.004258155822754
TEMOZOLOMIDE,2,NCIH1623,7.1330413818359375,6.396759724917209,6.39431095123291
TEMOZOLOMIDE,2,NCIH1792,5.919497966766357,6.567896163734259,6.5617499351501465
TEMOZOLOMIDE,2,NCIH196,6.721863269805908,5.980596181712104,5.987138748168945
TEMOZOLOMIDE,2,NCIH1963,5.833661079406738,5.257334489827442,5.279503345489502
TEMOZOLOMIDE,2,NCIH1975,6.313241481781006,6.4996248381497574,6.494953632354736
TEMOZOLOMIDE,2,NCIH2085,6.765407085418701,6.044403226786947,6.049567222595215
TEMOZOLOMIDE,2,NCIH211,5.616934299468994,6.323322310533321,6.322460174560547
TEMOZOLOMIDE,2,NCIH2228,7.640270233154297,5.925957482155569,5.933680534362793
TEMOZOLOMIDE,2,NCIH2347,7.366124153137207,6.537807595412773,6.53231143951416
TEMOZOLOMIDE,2,NCIH441,6.975308418273926,6.449472350611935,6.445884704589844
TEMOZOLOMIDE,2,NCIH69,5.979258060455322,5.721790241235722,5.733924388885498
TEMOZOLOMIDE,2,OCIAML2,3.69931697845459,4.802459883674554,4.834456443786621
TEMOZOLOMIDE,2,PF382,5.364531993865967,4.664095455153464,4.6990814208984375
TEMOZOLOMIDE,2,PL21,4.809865951538086,4.791319651808856,4.823556900024414
TEMOZOLOMIDE,2,RCHACV,3.9382801055908203,4.722672079002361,4.756392478942871
TEMOZOLOMIDE,2,SUDHL4,3.8974714279174805,4.90730370639064,4.937035083770752
TEMOZOLOMIDE,2,SUPB15,5.168129920959473,4.887322152174973,4.917485237121582
TEMOZOLOMIDE,2,SW1271,7.191267967224121,6.307513591440329,6.306993007659912
TEMOZOLOMIDE,3,697,5.206569671630859,4.705011536715152,4.705108165740967
TEMOZOLOMIDE,3,A3KAW,4.904812812805176,4.914643500197002,4.910029411315918
TEMOZOLOMIDE,3,ALLSIL,4.560120582580566,5.078955553239532,5.070649147033691
TEMOZOLOMIDE,3,AMO1,4.360506057739258,5.0482432615804536,5.0406270027160645
TEMOZOLOMIDE,3,CA46,5.889260768890381,5.040896525907936,5.033445358276367
TEMOZOLOMIDE,3,CALU3,6.662729263305664,6.588278763822625,6.546055793762207
TEMOZOLOMIDE,3,CALU6,6.752689361572266,5.6822342090673335,5.66037130355835
TEMOZOLOMIDE,3,CHAGOK1,6.196004390716553,6.319324629262743,6.283145427703857
TEMOZOLOMIDE,3,CORL311,5.846322059631348,5.830147934435537,5.804961204528809
TEMOZOLOMIDE,3,CORL88,6.359736919403076,5.8401712213752415,5.814759254455566
TEMOZOLOMIDE,3,EHEB,6.117613792419434,5.076942408154845,5.068681240081787
TEMOZOLOMIDE,3,GA10,5.6260504722595215,4.657382875201001,4.658549785614014
TEMOZOLOMIDE,3,HARA,6.359165191650391,6.017226038907061,5.98783540725708
TEMOZOLOMIDE,3,HH,5.643000602722168,4.60584109280743,4.608166217803955
TEMOZOLOMIDE,3,IALM,6.289035320281982,5.612969237829092,5.592662811279297
TEMOZOLOMIDE,3,JVM2,2.919757604598999,4.828460695707698,4.8257832527160645
TEMOZOLOMIDE,3,KARPAS422,5.565334320068359,4.620225787598406,4.622227668762207
TEMOZOLOMIDE,3,KMS11,5.449413776397705,4.996516115694714,4.990062236785889
TEMOZOLOMIDE,3,L428,5.925203800201416,5.019743624659476,5.012767791748047
TEMOZOLOMIDE,3,LP1,5.55292272567749,5.1982545212021485,5.187267303466797
TEMOZOLOMIDE,3,MHHCALL2,4.347033500671387,4.960113652624712,4.954477787017822
TEMOZOLOMIDE,3,MM1S,4.9010090827941895,4.566603056105906,4.569809913635254
TEMOZOLOMIDE,3,MOLM16,3.708336591720581,5.012725665286227,5.0059075355529785
TEMOZOLOMIDE,3,NCIH1048,5.6473612785339355,5.454756131477584,5.438004970550537
TEMOZOLOMIDE,3,NCIH1341,5.978311061859131,5.663869077181362,5.64241886138916
TEMOZOLOMIDE,3,NCIH1793,7.5977630615234375,6.396195357263875,6.358288764953613
TEMOZOLOMIDE,3,NCIH2066,7.577147483825684,5.808465771637068,5.783766269683838
TEMOZOLOMIDE,3,NCIH2227,4.836418151855469,5.893778831109169,5.867162227630615
TEMOZOLOMIDE,3,NCIH446,5.63621711730957,5.481308963932125,5.463961124420166
TEMOZOLOMIDE,3,NCIH650,6.567277908325195,6.087571484185181,6.056600093841553
TEMOZOLOMIDE,3,NCIH841,6.1653218269348145,6.024659114943036,5.995101451873779
TEMOZOLOMIDE,3,OPM2,5.115579605102539,4.361820786937592,4.369629383087158
TEMOZOLOMIDE,3,REH,4.8692097663879395,4.8312913913525835,4.828550338745117
TEMOZOLOMIDE,3,RERFLCKJ,6.493074893951416,6.089790968104573,6.058769702911377
TEMOZOLOMIDE,3,RPMI8226,5.3245744705200195,4.990700580027245,4.984377384185791
TEMOZOLOMIDE,3,RS411,4.395728588104248,4.656739956562372,4.657921314239502
TEMOZOLOMIDE,3,SKLU1,4.846196174621582,6.126496354144673,6.0946502685546875
TEMOZOLOMIDE,3,SKMES1,6.788904666900635,6.255280079322376,6.2205400466918945
TEMOZOLOMIDE,3,SUDHL5,4.24633264541626,5.016238791261491,5.009341716766357
TEMOZOLOMIDE,3,SUDHL8,4.12258768081665,4.803121994126864,4.801013946533203
TEMOZOLOMIDE,3,SW1573,7.084134101867676,6.21394158157538,6.180130481719971
TEMOZOLOMIDE,4,BEN,6.89132022857666,6.143507513692756,6.124758720397949
TEMOZOLOMIDE,4,CMLT1,4.776937961578369,4.8792417655119085,4.907568454742432
TEMOZOLOMIDE,4,CORL23,5.6815924644470215,6.380544618995052,6.352969646453857
TEMOZOLOMIDE,4,DAUDI,5.795583724975586,4.883444208586693,4.911614418029785
TEMOZOLOMIDE,4,DOHH2,3.871613025665283,4.834633463753918,4.864621162414551
TEMOZOLOMIDE,4,GDM1,4.800105571746826,4.7793831001988885,4.811428070068359
TEMOZOLOMIDE,4,HCC15,6.324864387512207,6.516471984004139,6.483835697174072
TEMOZOLOMIDE,4,HCC827,7.058113098144531,6.636672752082925,6.599560737609863
TEMOZOLOMIDE,4,HEL,4.630255222320557,4.838874043318597,4.868703842163086
TEMOZOLOMIDE,4,JURKAT,5.121821880340576,4.815989177707111,4.846671104431152
TEMOZOLOMIDE,4,KCL22,5.400291442871094,4.917062267347694,4.943980693817139
TEMOZOLOMIDE,4,KMS12BM,3.0121359825134277,4.667347007911242,4.703563690185547
TEMOZOLOMIDE,4,LAMA84,4.924138069152832,4.855224196622634,4.8844451904296875
TEMOZOLOMIDE,4,LCLC97TM1,6.298832416534424,6.5322654436115295,6.4990410804748535
TEMOZOLOMIDE,4,LOUNH91,6.6301350593566895,6.528825730334644,6.495729446411133
TEMOZOLOMIDE,4,ME1,5.508216381072998,4.65066402705903,4.687501907348633
TEMOZOLOMIDE,4,MOLM13,4.724510192871094,4.884822075013805,4.912940979003906
TEMOZOLOMIDE,4,MOLT13,4.922064781188965,4.6413611999201185,4.6785454750061035
TEMOZOLOMIDE,4,NCIH1092,6.576354026794434,5.834961022883868,5.827701091766357
TEMOZOLOMIDE,4,NCIH1650,7.607629776000977,6.499232309455279,6.467237949371338
TEMOZOLOMIDE,4,NCIH1651,5.9918293952941895,6.4070767198219425,6.378513813018799
TEMOZOLOMIDE,4,NCIH1836,5.764304161071777,5.651471511626748,5.651043891906738
TEMOZOLOMIDE,4,NCIH2029,5.960740566253662,5.883629622617943,5.8745574951171875
TEMOZOLOMIDE,4,NCIH2081,5.9793477058410645,5.883753442390329,5.874676704406738
TEMOZOLOMIDE,4,NCIH209,5.222054481506348,5.837809868206928,5.830443859100342
TEMOZOLOMIDE,4,NCIH2110,5.48345422744751,6.692632850573271,6.65343713760376
TEMOZOLOMIDE,4,NCIH2196,5.7895379066467285,5.839650820582763,5.832216262817383
TEMOZOLOMIDE,4,NCIH2291,7.235568523406982,6.857288879171378,6.811962127685547
TEMOZOLOMIDE,4,NCIH524,5.6545610427856445,5.990820894851668,5.977757453918457
TEMOZOLOMIDE,4,NCIH526,6.00433349609375,5.898213115409576,5.8885979652404785
TEMOZOLOMIDE,4,NCIH596,7.041560649871826,6.617361820381591,6.580968856811523
TEMOZOLOMIDE,4,NCIH647,2.7396130561828613,6.538761028870903,6.5052947998046875
TEMOZOLOMIDE,4,NCIH727,7.455270290374756,6.484831079368599,6.453372955322266
TEMOZOLOMIDE,4,NCIH810,5.180846691131592,5.906623449629129,5.896695137023926
TEMOZOLOMIDE,4,NCIH838,6.222471714019775,6.285168229442409,6.261144638061523
TEMOZOLOMIDE,4,P31FUJ,4.222895622253418,5.157835262822423,5.175788402557373
TEMOZOLOMIDE,4,RL,5.917250156402588,4.831937164390439,4.862025260925293
TEMOZOLOMIDE,4,RPMI8402,4.487245559692383,4.600274332488788,4.638988494873047
TEMOZOLOMIDE,4,SKM1,3.7140910625457764,5.144875294886316,5.163311004638672
TEMOZOLOMIDE,4,SUPT1,5.063771724700928,5.122520377900643,5.141788482666016
TEMOZOLOMIDE,5,COLO668,5.88445520401001,6.082079811804489,6.095404148101807
TEMOZOLOMIDE,5,CORL105,7.008891582489014,5.926051880820681,5.93602180480957
TEMOZOLOMIDE,5,DND41,4.966397285461426,4.796946836979691,4.782642364501953
TEMOZOLOMIDE,5,EM2,5.711075782775879,4.525952701213379,4.50582218170166
TEMOZOLOMIDE,5,HCC33,6.6338300704956055,5.764768231869289,5.771270751953125
TEMOZOLOMIDE,5,HCC44,5.900536060333252,5.797659531604068,5.804869174957275
TEMOZOLOMIDE,5,HCC78,6.7137980461120605,6.265723252091454,6.282995700836182
TEMOZOLOMIDE,5,HDLM2,5.159648895263672,4.712747985155831,4.696633338928223
TEMOZOLOMIDE,5,JM1,4.65104866027832,4.822993893278934,4.809249401092529
TEMOZOLOMIDE,5,KU812,4.222205638885498,4.882685200115132,4.8702239990234375
TEMOZOLOMIDE,5,L363,5.397364616394043,4.941527861843855,4.930331707000732
TEMOZOLOMIDE,5,LOUCY,5.164520263671875,4.696789909443974,4.680332183837891
TEMOZOLOMIDE,5,LU65,7.006933212280273,5.184975108125931,5.179012775421143
TEMOZOLOMIDE,5,MOLP8,4.559380054473877,4.9667482127056175,4.956094264984131
TEMOZOLOMIDE,5,MOLT16,4.227993965148926,4.943010423373746,4.9318461418151855
TEMOZOLOMIDE,5,MONOMAC6,3.7168920040130615,5.095951396109075,5.088075160980225
TEMOZOLOMIDE,5,NB4,3.954848051071167,4.622045654983594,4.603981018066406
TEMOZOLOMIDE,5,NCIH1105,4.926669597625732,5.639386752258407,5.64319372177124
TEMOZOLOMIDE,5,NCIH1568,6.067563056945801,6.473163765499427,6.494895935058594
TEMOZOLOMIDE,5,NCIH1944,6.715048789978027,6.0091206062390405,6.020876407623291
TEMOZOLOMIDE,5,NCIH2009,6.380624771118164,6.220062597617956,6.236353397369385
TEMOZOLOMIDE,5,NCIH2023,6.001236915588379,6.36614578967456,6.385577201843262
TEMOZOLOMIDE,5,NCIH2030,6.0082478523254395,6.321550376199554,6.340023040771484
TEMOZOLOMIDE,5,NCIH2087,6.722061634063721,6.231994977286432,6.248542308807373
TEMOZOLOMIDE,5,NCIH2171,5.356459140777588,5.848233271752032,5.85653018951416
TEMOZOLOMIDE,5,NCIH23,6.094064712524414,6.622091645831584,6.6470255851745605
TEMOZOLOMIDE,5,NCIH2342,6.685586929321289,6.565036367005239,6.588743686676025
TEMOZOLOMIDE,5,NCIH2444,6.765665054321289,6.554506725811992,6.5779876708984375
TEMOZOLOMIDE,5,NCIH661,6.093578815460205,6.3660426265454335,6.385471820831299
TEMOZOLOMIDE,5,NCIH929,5.515226364135742,5.21447042702634,5.209142208099365
TEMOZOLOMIDE,5,NOMO1,5.3032145500183105,4.929328471723523,4.917870044708252
TEMOZOLOMIDE,5,OCILY19,4.840954303741455,4.897300287942387,4.885153293609619
TEMOZOLOMIDE,5,P12ICHIKAWA,4.784165859222412,4.9669834806562045,4.956334590911865
TEMOZOLOMIDE,5,RAJI,5.537637233734131,4.892607999372341,4.880360126495361
TEMOZOLOMIDE,5,RERFLCMS,6.1294379234313965,6.197189324644195,6.212988376617432
TEMOZOLOMIDE,5,SBC5,5.5000762939453125,5.561844956472889,5.5639848709106445
TEMOZOLOMIDE,5,SKMM2,5.849410533905029,4.918705937033913,4.907019138336182
TEMOZOLOMIDE,5,SUDHL10,4.713738441467285,5.033175465031843,5.02394962310791
TEMOZOLOMIDE,5,SUPM2,3.0753250122070312,5.149750734547828,5.143031120300293
TEMOZOLOMIDE,5,THP1,4.884252548217773,5.259097116201126,5.254728317260742
TRAMETINIB,1,AMO1,-0.18100300431251526,0.5437334718606046,0.3867858350276947
TRAMETINIB,1,CALU3,-0.34349700808525085,-0.3316216353215054,-0.5246243476867676
TRAMETINIB,1,CALU6,-1.692241907119751,0.27718638563938885,0.10925991833209991
TRAMETINIB,1,COLO668,2.688408136367798,1.30607974708093,1.180532455444336
TRAMETINIB,1,CORL311,3.006347894668579,1.2611839038883264,1.1337873935699463
TRAMETINIB,1,CORL95,2.869374990463257,1.7913630454691354,1.6858041286468506
TRAMETINIB,1,DAUDI,1.9145410060882568,1.1728856695532364,1.0418522357940674
TRAMETINIB,1,DMS114,1.0139034986495972,1.4736507001799082,1.3550055027008057
TRAMETINIB,1,DOHH2,0.8057878613471985,0.9540334040027523,0.8139856457710266
TRAMETINIB,1,EBC1,-1.8755230903625488,-0.3319300233234214,-0.5249454379081726
TRAMETINIB,1,EJM,2.0401198863983154,-0.18335192416386115,-0.3702475428581238
TRAMETINIB,1,EPLC272H,-2.8177719116210938,0.1501164747838619,-0.023043885827064514
TRAMETINIB,1,HL60,-3.320143938064575,-0.2160938338293137,-0.4043380618095398
TRAMETINIB,1,IALM,0.9863874912261963,-0.57141737905074,-0.7742970585823059
TRAMETINIB,1,KOPN8,0.02559487521648407,-0.013533451099740995,-0.19343440234661102
TRAMETINIB,1,KU812,-5.543590068817139,-0.5339686452684271,-0.7353058457374573
TRAMETINIB,1,L428,2.424406051635742,1.2819816319551631,1.1554417610168457
TRAMETINIB,1,NCIH1155,1.8234765529632568,1.4442586387268395,1.3244028091430664
TRAMETINIB,1,NCIH1650,2.705922842025757,-0.010183030420303357,-0.1899459809064865
TRAMETINIB,1,NCIH1651,1.6300605535507202,0.527561878679386,0.369948148727417
TRAMETINIB,1,NCIH1781,0.327505499124527,0.09374515739299273,-0.08173708617687225
TRAMETINIB,1,NCIH1792,-1.1644765138626099,0.42822688027275835,0.2665216326713562
TRAMETINIB,1,NCIH1793,0.09792724251747131,0.5340167881919218,0.37666893005371094
TRAMETINIB,1,NCIH1915,-1.056755542755127,0.08125555780880918,-0.09474112093448639
TRAMETINIB,1,NCIH1975,-0.8305590152740479,0.18680282467271306,0.01515354122966528
TRAMETINIB,1,NCIH2066,2.3952784538269043,1.237719395297775,1.10935640335083
TRAMETINIB,1,NCIH2085,1.2440979480743408,0.8298507593567352,0.6846880316734314
TRAMETINIB,1,NCIH2087,-0.8508210778236389,-0.17315325185917857,-0.3596287965774536
TRAMETINIB,1,NCIH211,0.6974939703941345,2.069742896888609,1.9756501913070679
TRAMETINIB,1,NCIH2170,3.9143259525299072,-0.13448407556473563,-0.3193668723106384
TRAMETINIB,1,NCIH2196,2.796905040740967,1.214992109779188,1.0856930017471313
TRAMETINIB,1,NCIH2227,0.571707010269165,1.6209494499674957,1.508371353149414
TRAMETINIB,1,NCIH441,0.8095871806144714,-0.4784757499483578,-0.6775272488594055
TRAMETINIB,1,NCIH460,-0.1341586858034134,0.15152817853868764,-0.02157403528690338
TRAMETINIB,1,NCIH650,0.3148573338985443,0.04591330242124278,-0.13153909146785736
TRAMETINIB,1,RAJI,1.6792620420455933,0.906838132394898,0.7648464441299438
TRAMETINIB,1,REH,1.4273960590362549,0.2556083563547843,0.08679310977458954
TRAMETINIB,1,SKM1,-4.869623184204102,-1.4998620217440397,-1.740983486175537
TRAMETINIB,1,SUDHL1,-0.5083431005477905,-0.6063425635662145,-0.8106607794761658
TRAMETINIB,1,SUDHL4,1.260285496711731,0.5037660261580588,0.3451721668243408
TRAMETINIB,1,SUDHL8,0.910259485244751,1.067148943823377,0.931760311126709
TRAMETINIB,2,ALLSIL,1.4398829936981201,0.6543822439365652,0.5581275224685669
TRAMETINIB,2,CMK,0.7234309911727905,-0.6485958713285631,-0.6043756604194641
TRAMETINIB,2,CORL88,2.871870517730713,1.7175655760795243,1.5066883563995361
TRAMETINIB,2,DB,1.4635499715805054,1.4238028253471673,1.2445963621139526
TRAMETINIB,2,DND41,-0.797540009021759,0.9525996967614103,0.8241939544677734
TRAMETINIB,2,GA10,1.5566380023956299,1.0969275684776325,0.9529617428779602
TRAMETINIB,2,HARA,-0.10663184523582458,-0.3657300046837084,-0.3520057499408722
TRAMETINIB,2,HCC44,-2.292491912841797,-0.6300363050581688,-0.5878170132637024
TRAMETINIB,2,HDLM2,2.1646006107330322,1.327253103330617,1.158455729484558
TRAMETINIB,2,HH,2.775484085083008,0.7730895659756862,0.6640369296073914
TRAMETINIB,2,JVM3,-0.240665003657341,-0.9534634434649023,-0.8763752579689026
TRAMETINIB,2,KG1,0.24519449472427368,0.2652851272234488,0.21097922325134277
TRAMETINIB,2,KMS11,0.6786580085754395,1.0734093068246224,0.9319790005683899
TRAMETINIB,2,KMS12BM,1.7688440084457397,0.016561670223220394,-0.01092919334769249
TRAMETINIB,2,L363,1.5119119882583618,-0.08292482400186013,-0.09968998283147812
TRAMETINIB,2,LOUNH91,0.8181126713752747,-0.006700552950943593,-0.03168350085616112
TRAMETINIB,2,LU65,-1.7520450353622437,-0.3278109898970687,-0.318174809217453
TRAMETINIB,2,MEG01,-3.1895859241485596,-0.3915566544801159,-0.3750480115413666
TRAMETINIB,2,MM1S,0.7378460168838501,0.16966836733529678,0.12567096948623657
TRAMETINIB,2,MOLT13,-3.0445475578308105,0.9761203634725386,0.8451788425445557
TRAMETINIB,2,NALM6,0.930571973323822,0.25641098052241584,0.2030618041753769
TRAMETINIB,2,NCIH1092,2.5834219455718994,2.633629766138441,2.323991060256958
TRAMETINIB,2,NCIH1105,2.267302989959717,0.8664143054770794,0.7473002672195435
TRAMETINIB,2,NCIH1436,2.515549421310425,2.5493335480060506,2.2487828731536865
TRAMETINIB,2,NCIH146,2.1562209129333496,2.227272215381843,1.9614431858062744
TRAMETINIB,2,NCIH2030,-0.2472483366727829,0.729375363231445,0.6250355839729309
TRAMETINIB,2,NCIH209,1.4042270183563232,1.874280766441323,1.646507978439331
TRAMETINIB,2,NCIH2110,-0.2231750339269638,-0.2573379101068912,-0.25529947876930237
TRAMETINIB,2,NCIH2171,2.1262340545654297,1.840926885999104,1.6167500019073486
TRAMETINIB,2,NCIH2172,1.0321489572525024,0.06336937897215049,0.030832145363092422
TRAMETINIB,2,NCIH2291,-4.616305351257324,0.26802088083303766,0.21342003345489502
TRAMETINIB,2,NCIH2342,1.9375834465026855,0.7512583857855075,0.644559383392334
TRAMETINIB,2,NCIH2405,-2.028916597366333,0.32194762841936436,0.26153290271759033
TRAMETINIB,2,OCIAML5,-2.6397149562835693,-0.0015218281540864582,-0.027063097804784775
TRAMETINIB,2,RERFLCMS,-1.860748052597046,0.5343848086384755,0.45106709003448486
TRAMETINIB,2,RPMI8226,-0.11123800277709961,0.43914844877603776,0.36609822511672974
TRAMETINIB,2,RPMI8402,1.668995976448059,0.7842125589298956,0.6739607453346252
TRAMETINIB,2,SBC5,0.7819769978523254,1.1215967840545986,0.974971354007721
TRAMETINIB,2,SKMES1,-1.1702419519424438,-0.32445306111370453,-0.31517890095710754
TRAMETINIB,2,SW1271,0.34471380710601807,0.7627297113238536,0.6547939777374268
TRAMETINIB,2,WSUDLCL2,0.02573252283036709,-0.6856619589764086,-0.6374456286430359
TRAMETINIB,3,697,0.5100989937782288,0.46456137745807297,0.46387845277786255
TRAMETINIB,3,A3KAW,-0.0835125744342804,0.17382260229249943,0.18728694319725037
TRAMETINIB,3,A549,-1.5725111961364746,0.45990999362388496,0.45945340394973755
TRAMETINIB,3,ABC1,2.6966331005096436,0.25828797978639056,0.2676422595977783
TRAMETINIB,3,BL41,1.1942775249481201,1.1444957668486233,1.1107274293899536
TRAMETINIB,3,CORL105,-0.8996325135231018,-0.1238461803039704,-0.0958973616361618
TRAMETINIB,3,CORL23,0.11571499705314636,-0.26415682771038257,-0.2293805330991745
TRAMETINIB,3,CORL279,1.925971508026123,1.753390731279445,1.6899937391281128
TRAMETINIB,3,DMS273,1.916787028312683,1.4517740521943718,1.403053641319275
TRAMETINIB,3,GRANTA519,2.0604214668273926,0.3427754739086959,0.348018616437912
TRAMETINIB,3,HCC33,2.858551025390625,2.3067037891052213,2.2163827419281006
TRAMETINIB,3,HCC366,1.7084790468215942,0.3304909398913872,0.336331844329834
TRAMETINIB,3,HCC78,0.5355073809623718,-0.012261590210841498,0.010257554240524769
TRAMETINIB,3,JEKO1,2.258939027786255,0.4087005068643193,0.41073575615882874
TRAMETINIB,3,JURKAT,1.7511789798736572,1.0049386511417502,0.9779611229896545
TRAMETINIB,3,KNS62,-0.7239575386047363,-0.5295042567663679,-0.48181623220443726
TRAMETINIB,3,L540,2.5551459789276123,0.0006968734607582655,0.022585462778806686
TRAMETINIB,3,LAMA84,0.015316503122448921,-0.6295799954336856,-0.5770223140716553
TRAMETINIB,3,LCLC97TM1,-3.390101909637451,-0.0021462097238832203,0.01988072320818901
TRAMETINIB,3,LOUCY,0.7244064807891846,-0.561383528351922,-0.5121442675590515
TRAMETINIB,3,LP1,1.9423409700393677,0.8148649632700609,0.7971363663673401
TRAMETINIB,3,NAMALWA,2.061216115951538,1.0094015110810421,0.9822068214416504
TRAMETINIB,3,NCIH1568,1.7242792844772339,0.2771418416294304,0.2855786979198456
TRAMETINIB,3,NCIH1623,-0.23491400480270386,0.5361512746479629,0.531984806060791
TRAMETINIB,3,NCIH2347,0.028167661279439926,-0.8252026388638165,-0.763126015663147
TRAMETINIB,3,NCIH2444,0.31387901306152344,-0.5032908518684927,-0.4568783640861511
TRAMETINIB,3,NCIH69,2.8642029762268066,1.7120905278295115,1.6507031917572021
TRAMETINIB,3,NCIH838,0.14695000648498535,-0.5591526309356514,-0.5100219249725342
TRAMETINIB,3,NCIH929,-3.8262484073638916,0.5022380877417021,0.49972182512283325
TRAMETINIB,3,OCIAML2,-6.6227498054504395,-1.020007029695961,-0.9484512805938721
TRAMETINIB,3,OCIAML3,-5.920936107635498,-1.2320794323991753,-1.1502043008804321
TRAMETINIB,3,P12ICHIKAWA,0.5016869902610779,0.8599551298061185,0.8400324583053589
TRAMETINIB,3,P31FUJ,-1.2861089706420898,-0.450958272693521,-0.40709227323532104
TRAMETINIB,3,PL21,-2.008626937866211,-0.5853889043020002,-0.5349815487861633
TRAMETINIB,3,SHP77,1.4450269937515259,1.0519141819334434,1.0226508378982544
TRAMETINIB,3,SKMM2,3.320274591445923,0.741579040212829,0.7274165153503418
TRAMETINIB,3,SUDHL10,1.0030659437179565,0.9823037543132915,0.9564276337623596
TRAMETINIB,3,SUDHL5,0.4595760107040405,0.9765585684993452,0.9509620070457458
TRAMETINIB,3,SUDHL6,1.024625539779663,1.0770624800804944,1.0465754270553589
TRAMETINIB,3,SUPB15,-0.3954159915447235,-0.2159921992114013,-0.1835595816373825
TRAMETINIB,3,SUPT1,2.7225794792175293,0.8644186162787935,0.8442787528038025
TRAMETINIB,4,CA46,2.072065591812134,1.7350788691244154,1.3397722244262695
TRAMETINIB,4,CAL12T,-0.10257799923419952,-0.5259442567027937,-0.3963795602321625
TRAMETINIB,4,CHAGOK1,2.6126580238342285,0.4993487026117844,0.3909030556678772
TRAMETINIB,4,DMS53,0.3388589918613434,2.5111485779677576,1.9356859922409058
TRAMETINIB,4,DMS79,2.6327950954437256,1.5792009916202843,1.2200796604156494
TRAMETINIB,4,EM2,-0.9754350185394287,-2.95268964504876,-2.2597830295562744
TRAMETINIB,4,HEL,1.635174036026001,-0.6932914664598135,-0.524878978729248
TRAMETINIB,4,HT,0.9143319725990295,0.777557352606475,0.6045286655426025
TRAMETINIB,4,JVM2,0.6348974704742432,0.8042260175752898,0.6250064969062805
TRAMETINIB,4,K562,0.02950969710946083,-0.1729034039094216,-0.12529321014881134
TRAMETINIB,4,KARPAS422,2.1994595527648926,1.035895902323814,0.8028967976570129
TRAMETINIB,4,KMH2,-0.9593870043754578,1.232678887503035,0.9539988040924072
TRAMETINIB,4,LCLC103H,3.352705717086792,-0.3169334145053321,-0.2358882576227188
TRAMETINIB,4,LXF289,0.24665190279483795,-1.245013974182381,-0.9485252499580383
TRAMETINIB,4,ME1,0.11574850231409073,-1.4903295034701074,-1.1368935108184814
TRAMETINIB,4,MHHCALL2,1.5755754709243774,-1.1788447347187434,-0.8977164626121521
TRAMETINIB,4,MOLT16,0.46248599886894226,0.005513213112753133,0.011705975979566574
TRAMETINIB,4,NCIH1437,-3.142927885055542,-0.8554911405116472,-0.6494258046150208
TRAMETINIB,4,NCIH1836,3.161149501800537,2.5703398630980843,1.981136679649353
TRAMETINIB,4,NCIH1944,-0.18420150876045227,0.909263659641405,0.7056608200073242
TRAMETINIB,4,NCIH1963,1.759634017944336,2.2794158175766994,1.7577474117279053
TRAMETINIB,4,NCIH2009,-0.9528569579124451,-0.2576985045464816,-0.19040407240390778
TRAMETINIB,4,NCIH2023,0.42911800742149353,0.26162158416576464,0.2083616405725479
TRAMETINIB,4,NCIH2029,2.0424070358276367,2.309655275671714,1.780967116355896
TRAMETINIB,4,NCIH2228,0.27340176701545715,-0.9696344952289855,-0.7370720505714417
TRAMETINIB,4,NCIH23,0.26336121559143066,1.050632012327612,0.8142120838165283
TRAMETINIB,4,NCIH292,-1.8810019493103027,-0.8329174652295688,-0.6320923566818237
TRAMETINIB,4,NCIH358,-1.0874302387237549,-0.43955498684261307,-0.33004459738731384
TRAMETINIB,4,NCIH526,2.57206392288208,2.0351633523933033,1.5701954364776611
TRAMETINIB,4,NCIH596,0.3021567165851593,-0.4164978677312707,-0.3123399317264557
TRAMETINIB,4,NCIH661,1.1344624757766724,1.1430863753406049,0.8852041959762573
TRAMETINIB,4,NCIH727,-3.8684890270233154,0.6256040019359874,0.4878495931625366
TRAMETINIB,4,NOMO1,-2.000136375427246,-2.8725494378139924,-2.198246479034424
TRAMETINIB,4,NUDUL1,1.2304054498672485,0.9617091645702975,0.7459316849708557
TRAMETINIB,4,OCILY19,-0.2090969979763031,1.6053572589145693,1.240164041519165
TRAMETINIB,4,RERFLCKJ,1.4702785015106201,-0.1549184473564743,-0.11148326098918915
TRAMETINIB,4,RS411,1.620023488998413,-0.6984946975644053,-0.5288743376731873
TRAMETINIB,4,SKLU1,-0.21268145740032196,-0.1598576395745468,-0.11527587473392487
TRAMETINIB,4,ST486,1.4234035015106201,1.9999307920385614,1.5431417226791382
TRAMETINIB,4,SW1573,0.8184935450553894,-0.8463890762001762,-0.642436683177948
TRAMETINIB,5,A4FUK,-2.676455020904541,0.9757450848873412,0.8320584297180176
TRAMETINIB,5,BEN,2.7813880443573,1.1970059747777055,1.0444163084030151
TRAMETINIB,5,BV173,-1.8400330543518066,1.1682762545450494,1.0168426036834717
TRAMETINIB,5,CMLT1,-0.5171459913253784,0.3602529506310231,0.24133223295211792
TRAMETINIB,5,EHEB,0.02681400068104267,0.46914648367316186,0.3458441495895386
TRAMETINIB,5,GDM1,0.5748664736747742,0.03264807999341479,-0.07309059798717499
TRAMETINIB,5,HCC15,-2.9562854766845703,-0.37220496629606437,-0.46165332198143005
TRAMETINIB,5,HCC827,1.1258745193481445,-0.15235693201905232,-0.25065144896507263
TRAMETINIB,5,JM1,1.381173014640808,0.2734104451301371,0.15798406302928925
TRAMETINIB,5,JURLMK1,-4.589414119720459,-0.009467034320141537,-0.1135111004114151
TRAMETINIB,5,KCL22,-1.1205699443817139,-0.7087914842748404,-0.7846964001655579
TRAMETINIB,5,L1236,2.1967239379882812,0.9906691874123832,0.8463820219039917
TRAMETINIB,5,MOLM13,-2.907633066177368,-2.8031718181070953,-2.7948038578033447
TRAMETINIB,5,MOLM16,-0.6397429704666138,-0.20742625551137667,-0.30350491404533386
TRAMETINIB,5,MOLP8,-0.46449801325798035,0.6820562479730601,0.5501869320869446
TRAMETINIB,5,MONOMAC6,-0.8785495162010193,-2.729443733401177,-2.7240424156188965
TRAMETINIB,5,NB4,-5.629967212677002,-0.6085567377773897,-0.688494861125946
TRAMETINIB,5,NCIH1048,0.9158180952072144,-0.8595061024040995,-0.9293466210365295
TRAMETINIB,5,NCIH1341,0.8696050047874451,1.5268848442879475,1.361021637916565
TRAMETINIB,5,NCIH1435,2.067578077316284,-0.461891953819661,-0.5477315187454224
TRAMETINIB,5,NCIH1648,-0.49318113923072815,0.1279097280499882,0.018337948247790337
TRAMETINIB,5,NCIH1876,1.9129395484924316,2.3527180160802312,2.153625249862671
TRAMETINIB,5,NCIH196,2.7592859268188477,0.5161514446868731,0.3909577429294586
TRAMETINIB,5,NCIH2081,2.78597354888916,1.0914776464441702,0.9431341886520386
TRAMETINIB,5,NCIH2122,-1.9659115076065063,-0.604021440206757,-0.6841420531272888
TRAMETINIB,5,NCIH446,1.5607404708862305,1.1751259027656684,1.0234166383743286
TRAMETINIB,5,NCIH522,1.3312009572982788,0.9442159232268572,0.8017979264259338
TRAMETINIB,5,NCIH524,2.288459062576294,0.9771853281633525,0.8334407210350037
TRAMETINIB,5,NCIH647,0.7658380270004272,-1.0898644782700408,-1.1504359245300293
TRAMETINIB,5,NCIH810,2.5014915466308594,2.2011441333238797,2.008150339126587
TRAMETINIB,5,NCIH82,2.6035335063934326,1.1759471600241727,1.0242048501968384
TRAMETINIB,5,NCIH841,1.1651500463485718,0.9880453127018716,0.8438637256622314
TRAMETINIB,5,OCIM1,0.19099299609661102,0.7355161581370318,0.6014957427978516
TRAMETINIB,5,OPM2,0.5325915217399597,1.162506214323662,1.0113047361373901
TRAMETINIB,5,PF382,0.8938300013542175,0.5540600686405612,0.4273410141468048
TRAMETINIB,5,RCHACV,1.4267610311508179,0.6139117375993388,0.48478439450263977
TRAMETINIB,5,RL,1.7791515588760376,1.2917142511511566,1.1353137493133545
TRAMETINIB,5,SIGM5,1.7017990350723267,0.1398257833447736,0.029774529859423637
TRAMETINIB,5,SUPM2,0.18683350086212158,0.9864611134121573,0.842343270778656
TRAMETINIB,5,THP1,0.7297620177268982,-3.4646374045722905,-3.4296536445617676
VELIPARIB,1,ALLSIL,3.4561004638671875,3.7553233942047077,3.7894668579101562
VELIPARIB,1,BV173,2.731775999069214,3.5974085765144217,3.630133628845215
VELIPARIB,1,CALU3,4.72899055480957,4.7865088645063025,4.829914569854736
VELIPARIB,1,CMLT1,3.918445110321045,3.6649847819424166,3.698316812515259
VELIPARIB,1,CORL23,4.901491165161133,4.433791984432753,4.474029541015625
VELIPARIB,1,CORL279,3.73205304145813,4.654155617683937,4.6963725090026855
VELIPARIB,1,DMS114,4.616733551025391,4.962902512667425,5.007892608642578
VELIPARIB,1,DMS53,4.880249977111816,4.49717086158713,4.537977695465088
VELIPARIB,1,EHEB,4.135019779205322,3.922107587380567,3.957749128341675
VELIPARIB,1,EJM,4.317940711975098,3.798078580856744,3.832606077194214
VELIPARIB,1,GA10,4.366859436035156,3.5950727892045804,3.627776861190796
VELIPARIB,1,HCC33,5.317461013793945,4.538470700334127,4.579648494720459
VELIPARIB,1,IALM,5.191198348999023,4.795309477816139,4.838794231414795
VELIPARIB,1,K562,4.706218719482422,4.444769357752529,4.485105514526367
VELIPARIB,1,KCL22,4.068474292755127,4.09379303502084,4.130976676940918
VELIPARIB,1,KG1,3.566274881362915,4.072285833263922,4.109276294708252
VELIPARIB,1,ME1,4.394379615783691,3.551487730520965,3.5838003158569336
VELIPARIB,1,MONOMAC6,3.884195566177368,4.23140339828927,4.26982307434082
VELIPARIB,1,NAMALWA,3.4191629886627197,3.685207950493298,3.718721628189087
VELIPARIB,1,NCIH1155,3.883402109146118,4.638882380601601,4.680962085723877
VELIPARIB,1,NCIH1436,4.526022434234619,4.311893896468378,4.351036548614502
VELIPARIB,1,NCIH1437,4.837676048278809,4.828743018177236,4.872528076171875
VELIPARIB,1,NCIH1836,5.668968677520752,4.511796647255308,4.552734851837158
VELIPARIB,1,NCIH1975,5.110002517700195,4.940662792887187,4.985453128814697
VELIPARIB,1,NCIH2023,4.224584579467773,4.803131825120639,4.846686840057373
VELIPARIB,1,NCIH2029,3.9392685890197754,4.7215727958120315,4.764395236968994
VELIPARIB,1,NCIH2087,5.323318958282471,4.573740734268527,4.615235328674316
VELIPARIB,1,NCIH209,3.0216574668884277,4.555104057978472,4.596431255340576
VELIPARIB,1,NCIH2170,4.944301128387451,4.634443321380287,4.676483154296875
VELIPARIB,1,NCIH2342,4.380901336669922,4.908949960992479,4.953455448150635
VELIPARIB,1,NCIH2405,6.104926109313965,4.776523934960055,4.819839954376221
VELIPARIB,1,NCIH526,4.439786911010742,4.553291666611099,4.594602584838867
VELIPARIB,1,NCIH69,4.0794291496276855,4.610076463778786,4.651897430419922
VELIPARIB,1,NCIH929,3.7689194679260254,3.968619410011547,4.004678726196289
VELIPARIB,1,OCIAML2,3.032883405685425,3.565383124831053,3.597820520401001
VELIPARIB,1,OCIM1,3.4878945350646973,3.7942203375390817,3.8287131786346436
VELIPARIB,1,REH,3.557554006576538,3.77773490127622,3.812079668045044
VELIPARIB,1,SBC5,3.9039065837860107,4.851483685766969,4.895473003387451
VELIPARIB,1,SKMM2,4.9178571701049805,4.1044679492858265,4.14174747467041
VELIPARIB,1,SUDHL6,3.2666103839874268,3.885555883201496,3.9208691120147705
VELIPARIB,1,SW1573,5.523120880126953,4.597023465195515,4.638727188110352
VELIPARIB,2,A3KAW,3.0792765617370605,3.9140203874509716,3.9504878520965576
VELIPARIB,2,ABC1,4.842123985290527,4.556626269786348,4.581157207489014
VELIPARIB,2,DND41,3.9192585945129395,3.757239719805433,3.796619415283203
VELIPARIB,2,EM2,4.144021511077881,3.5881152386256554,3.63063645362854
VELIPARIB,2,HCC366,5.333141326904297,4.607923594549984,4.6315016746521
VELIPARIB,2,HEL,3.8294830322265625,3.553355689390573,3.596522569656372
VELIPARIB,2,HL60,3.8262579441070557,3.922459569895392,3.958770275115967
VELIPARIB,2,JM1,3.7871899604797363,3.6367906083496337,3.678407669067383
VELIPARIB,2,JVM2,4.225973129272461,4.098172584627521,4.131219387054443
VELIPARIB,2,KARPAS422,4.349484920501709,3.6806996704781274,3.721501111984253
VELIPARIB,2,KNS62,4.539483547210693,4.785486772312042,4.805766582489014
VELIPARIB,2,L540,3.554713010787964,3.9512452011854915,3.9870212078094482
VELIPARIB,2,LCLC97TM1,4.518421649932861,4.631756104251687,4.654891490936279
VELIPARIB,2,LOUCY,3.5786285400390625,3.831244783416179,3.8692498207092285
VELIPARIB,2,LU65,5.034399032592773,4.382254720423346,4.410024642944336
VELIPARIB,2,MHHCALL2,2.7317941188812256,3.726139684210431,3.766097068786621
VELIPARIB,2,MOLM16,3.0386219024658203,3.944739992990187,3.9806368350982666
VELIPARIB,2,NCIH1341,4.198862552642822,4.365515797968746,4.393596649169922
VELIPARIB,2,NCIH1568,5.17225980758667,4.855858072976139,4.874830722808838
VELIPARIB,2,NCIH1650,5.582678318023682,4.836516387036419,4.85584831237793
VELIPARIB,2,NCIH1651,4.344088554382324,4.877547444777365,4.896117210388184
VELIPARIB,2,NCIH1781,5.144594192504883,4.768872230565335,4.7894606590271
VELIPARIB,2,NCIH1792,4.363744735717773,4.7384922426621285,4.759644985198975
VELIPARIB,2,NCIH1876,4.003924369812012,4.435710730675946,4.462487697601318
VELIPARIB,2,NCIH196,4.368098735809326,4.756159647666675,4.776984214782715
VELIPARIB,2,NCIH1963,4.070657730102539,4.369822479979589,4.397823333740234
VELIPARIB,2,NCIH2030,4.871285915374756,4.652590358686139,4.6753387451171875
VELIPARIB,2,NCIH2081,4.691893100738525,4.522637297905643,4.547799587249756
VELIPARIB,2,NCIH211,3.644064426422119,4.699788464572801,4.721660137176514
VELIPARIB,2,NCIH2172,5.2522759437561035,4.670987528625285,4.693394184112549
VELIPARIB,2,NCIH2196,6.202530860900879,4.569003121946121,4.59330415725708
VELIPARIB,2,NCIH522,5.12419319152832,4.528959336074088,4.554004192352295
VELIPARIB,2,NCIH647,4.187563419342041,4.803449581497838,4.823395729064941
VELIPARIB,2,NCIH841,4.775335788726807,4.817644043924146,4.837326526641846
VELIPARIB,2,NUDUL1,3.6130270957946777,3.814643117016188,3.852956533432007
VELIPARIB,2,PF382,3.835958480834961,3.57909472213047,3.621783494949341
VELIPARIB,2,SKM1,2.7984960079193115,3.800797989468693,3.8393685817718506
VELIPARIB,2,SKMES1,4.676657676696777,4.830117096787681,4.849567890167236
VELIPARIB,2,SUDHL1,4.705398082733154,3.8750814520857815,3.9122722148895264
VELIPARIB,2,SUDHL8,3.31337308883667,3.705766998809181,3.746102809906006
VELIPARIB,2,WSUDLCL2,3.696342945098877,3.8223467041803274,3.8605170249938965
VELIPARIB,3,697,2.922269105911255,3.7068958220999817,3.7114052772521973
VELIPARIB,3,A4FUK,3.9066450595855713,3.633587617635354,3.63659405708313
VELIPARIB,3,A549,4.792680263519287,4.403854218168683,4.4226531982421875
VELIPARIB,3,AMO1,4.195534706115723,3.898126876139627,3.906557083129883
VELIPARIB,3,CHAGOK1,5.005344867706299,4.805430880846493,4.832463264465332
VELIPARIB,3,CORL311,4.952917098999023,4.427876374384202,4.447167873382568
VELIPARIB,3,CORL95,4.689151763916016,4.235985086022476,4.251342296600342
VELIPARIB,3,DB,3.7569754123687744,3.839952429170211,3.8471899032592773
VELIPARIB,3,DMS273,4.819575786590576,4.268499173285064,4.284523010253906
VELIPARIB,3,DOHH2,2.868927001953125,3.6126974859498495,3.6152756214141846
VELIPARIB,3,EPLC272H,5.020322322845459,4.6209811295077445,4.644231796264648
VELIPARIB,3,HCC44,4.474836826324463,4.476438407713236,4.496725559234619
VELIPARIB,3,HDLM2,4.219219207763672,4.079005381247895,4.09114408493042
VELIPARIB,3,HH,4.985195636749268,3.7362028900634856,3.7413132190704346
VELIPARIB,3,HT,4.500560283660889,3.759617378383841,3.7652077674865723
VELIPARIB,3,JURKAT,3.6862475872039795,3.7687181454688945,3.7744951248168945
VELIPARIB,3,KMH2,3.6298394203186035,3.7653683791171595,3.7710766792297363
VELIPARIB,3,L1236,4.279867172241211,3.8250541692675886,3.83198618888855
VELIPARIB,3,LAMA84,3.253032922744751,3.6823162281305746,3.68632173538208
VELIPARIB,3,LOUNH91,5.009426116943359,4.978222099580673,5.0087971687316895
VELIPARIB,3,MM1S,3.839855432510376,3.696919882413896,3.7012248039245605
VELIPARIB,3,NCIH1048,5.629053115844727,4.541658157660956,4.563282489776611
VELIPARIB,3,NCIH146,4.454762935638428,4.628329682362221,4.651731014251709
VELIPARIB,3,NCIH1623,5.0497612953186035,4.8688974820493796,4.897231101989746
VELIPARIB,3,NCIH358,5.1904802322387695,5.0374366609173595,5.069225788116455
VELIPARIB,3,NCIH524,3.908838987350464,4.89230192434148,4.921115398406982
VELIPARIB,3,NCIH661,4.943508625030518,4.900135490094979,4.929109573364258
VELIPARIB,3,NCIH810,4.627795696258545,4.56491494670056,4.5870161056518555
VELIPARIB,3,NCIH838,4.655539035797119,4.725531313703562,4.750925540924072
VELIPARIB,3,NOMO1,3.786367893218994,3.7121230275926393,3.7167396545410156
VELIPARIB,3,OCILY19,3.4663031101226807,3.750978728598532,3.756392002105713
VELIPARIB,3,RAJI,4.140056610107422,3.79394232064659,3.800236463546753
VELIPARIB,3,RERFLCKJ,4.571401119232178,4.723979085523835,4.7493414878845215
VELIPARIB,3,RERFLCMS,4.674877166748047,4.687782544834266,4.712402820587158
VELIPARIB,3,RS411,3.2079484462738037,3.4599801006982887,3.4594271183013916
VELIPARIB,3,SHP77,3.945807456970215,4.422072573595403,4.441245079040527
VELIPARIB,3,ST486,3.401482105255127,3.8473005147675594,3.8546886444091797
VELIPARIB,3,SUDHL4,3.565247058868408,3.9762099811968596,3.986241102218628
VELIPARIB,3,SUDHL5,3.1049985885620117,3.8649567598691106,3.872706890106201
VELIPARIB,3,SUPT1,4.209499359130859,3.8016770615174855,3.8081297874450684
VELIPARIB,3,THP1,4.498477935791016,3.9199566619098487,3.9288344383239746
VELIPARIB,4,BL41,3.2223875522613525,3.5647415556416298,3.52358341217041
VELIPARIB,4,CAL12T,4.483191967010498,4.725851170841018,4.785312175750732
VELIPARIB,4,CALU6,5.2132182121276855,4.603901699971772,4.65279483795166
VELIPARIB,4,COLO668,3.892096519470215,4.3213746822402435,4.345784664154053
VELIPARIB,4,CORL88,4.3976850509643555,4.467723350072317,4.504815578460693
VELIPARIB,4,EBC1,4.551528453826904,4.4246874195841706,4.45805025100708
VELIPARIB,4,HCC15,4.4853315353393555,4.605267717994996,4.6542792320251465
VELIPARIB,4,JEKO1,3.9205234050750732,3.7143185545359763,3.686122417449951
VELIPARIB,4,JVM3,3.3184289932250977,4.120654284500194,4.1276702880859375
VELIPARIB,4,KMS11,4.037007808685303,3.706072860776134,3.6771621704101562
VELIPARIB,4,KMS12BM,3.781604528427124,3.9599468496408425,3.953036308288574
VELIPARIB,4,L363,3.2601630687713623,3.730413695902442,3.7036123275756836
VELIPARIB,4,LP1,4.447571277618408,4.167880419326201,4.178988933563232
VELIPARIB,4,MOLM13,3.1870474815368652,3.762014655729755,3.7379517555236816
VELIPARIB,4,NALM6,3.876354455947876,3.4785498993166883,3.429922580718994
VELIPARIB,4,NB4,3.1705050468444824,3.7765390738343743,3.753734827041626
VELIPARIB,4,NCIH1105,4.627261638641357,4.80774643061428,4.874304294586182
VELIPARIB,4,NCIH1435,4.179767608642578,4.606555627695657,4.655678749084473
VELIPARIB,4,NCIH1648,4.796940803527832,4.8248653175792615,4.892906665802002
VELIPARIB,4,NCIH1793,5.698672294616699,4.730568825761569,4.790438652038574
VELIPARIB,4,NCIH1944,5.14705753326416,4.469368451764918,4.506603240966797
VELIPARIB,4,NCIH2085,4.202441215515137,4.7286384970483795,4.788341045379639
VELIPARIB,4,NCIH2110,4.547774791717529,4.8051916741314,4.871528148651123
VELIPARIB,4,NCIH2171,4.062876224517822,4.6418570790070195,4.694039344787598
VELIPARIB,4,NCIH2228,5.127155303955078,4.6758864178065505,4.731017589569092
VELIPARIB,4,NCIH2291,6.341158866882324,4.843145736734243,4.912771224975586
VELIPARIB,4,NCIH23,4.083950519561768,4.798856123787905,4.864643573760986
VELIPARIB,4,NCIH2444,5.477895736694336,4.792556994740886,4.8577985763549805
VELIPARIB,4,NCIH292,4.84424352645874,4.7370430403181505,4.797473907470703
VELIPARIB,4,NCIH460,4.516144275665283,4.568839839357706,4.614694595336914
VELIPARIB,4,NCIH596,5.455521583557129,4.9228263183953285,4.999356746673584
VELIPARIB,4,NCIH650,4.887619495391846,4.813832297612057,4.880917549133301
VELIPARIB,4,NCIH727,4.8509650230407715,4.668918979909751,4.723446369171143
VELIPARIB,4,OCIAML3,3.437035083770752,3.9590468486881822,3.9520583152770996
VELIPARIB,4,OPM2,3.976534605026245,3.6632850777959,3.630666494369507
VELIPARIB,4,P12ICHIKAWA,3.077444076538086,3.6676674812645578,3.6354286670684814
VELIPARIB,4,PL21,4.321028709411621,3.8041433448870268,3.78373122215271
VELIPARIB,4,RPMI8402,3.7833120822906494,3.8167699062777234,3.797451972961426
VELIPARIB,4,SUPB15,3.027531385421753,3.407022202931054,3.352196455001831
VELIPARIB,4,SW1271,5.183621883392334,4.742622519651681,4.803536891937256
VELIPARIB,5,BEN,4.106698036193848,4.430232827393638,4.453281402587891
VELIPARIB,5,CA46,4.851024150848389,3.661541677749843,3.647075891494751
VELIPARIB,5,CMK,3.244075059890747,4.5474317836254246,4.576200008392334
VELIPARIB,5,CORL105,4.598873615264893,4.78838527955354,4.828912734985352
VELIPARIB,5,DAUDI,3.911220073699951,3.639261605090167,3.623708486557007
VELIPARIB,5,DMS79,4.965050220489502,4.512823449558958,4.539902687072754
VELIPARIB,5,GDM1,4.648961067199707,3.7103834797220374,3.698301315307617
VELIPARIB,5,GRANTA519,4.654597282409668,3.7045519247384777,3.692185163497925
VELIPARIB,5,HARA,3.8619179725646973,4.619160387304624,4.651429176330566
VELIPARIB,5,HCC78,4.693052768707275,4.821133190044384,4.8632588386535645
VELIPARIB,5,HCC827,5.174092769622803,4.791719675082283,4.832409858703613
VELIPARIB,5,JURLMK1,3.424079418182373,4.032645033077732,4.036290168762207
VELIPARIB,5,KOPN8,4.050905227661133,3.3018770631235386,3.2698585987091064
VELIPARIB,5,KU812,3.6473023891448975,3.839432633971131,3.833648443222046
VELIPARIB,5,L428,4.019730091094971,4.11241728629259,4.119955539703369
VELIPARIB,5,LCLC103H,4.628929138183594,4.743955618487902,4.782314777374268
VELIPARIB,5,LXF289,4.2427802085876465,4.77355553952674,4.813359260559082
VELIPARIB,5,MEG01,4.699667453765869,4.254863808995903,4.269353866577148
VELIPARIB,5,MOLP8,3.989232063293457,4.032995112782823,4.036657333374023
VELIPARIB,5,MOLT13,3.3465704917907715,3.553664161977296,3.533933639526367
VELIPARIB,5,MOLT16,3.2118256092071533,3.623953119700432,3.6076529026031494
VELIPARIB,5,NCIH1092,5.439545154571533,4.397993669097594,4.419468879699707
VELIPARIB,5,NCIH1915,4.226164817810059,4.624973983653962,4.65752649307251
VELIPARIB,5,NCIH2009,4.527101516723633,4.72753051523362,4.765088081359863
VELIPARIB,5,NCIH2066,6.164770126342773,4.488967108928439,4.5148820877075195
VELIPARIB,5,NCIH2122,4.232494354248047,4.7016350739831925,4.737928867340088
VELIPARIB,5,NCIH2227,5.416211128234863,4.419009817627204,4.4415106773376465
VELIPARIB,5,NCIH2347,5.385170936584473,5.062604531146652,5.116514682769775
VELIPARIB,5,NCIH441,6.086462497711182,4.974832274697029,5.024458885192871
VELIPARIB,5,NCIH446,4.185037136077881,4.094807367828613,4.1014862060546875
VELIPARIB,5,NCIH82,4.964662551879883,4.3496458432287515,4.3687615394592285
VELIPARIB,5,OCIAML5,4.1333112716674805,4.423500840129648,4.446220874786377
VELIPARIB,5,P31FUJ,3.8265678882598877,4.177646682979237,4.188368320465088
VELIPARIB,5,RCHACV,3.5797054767608643,3.519278378580493,3.4978697299957275
VELIPARIB,5,RL,4.221323490142822,3.533255197143982,3.512528657913208
VELIPARIB,5,RPMI8226,2.990509033203125,4.405980032863329,4.427845001220703
VELIPARIB,5,SIGM5,3.842590093612671,3.9811717228807812,3.982304811477661
VELIPARIB,5,SKLU1,3.5025269985198975,4.811607384874186,4.853268146514893
VELIPARIB,5,SUDHL10,4.151936054229736,3.6383159352374554,3.6227166652679443
VELIPARIB,5,SUPM2,3.452732563018799,3.8614351434360574,3.856724739074707
VISMODEGIB,1,A4FUK,3.654465913772583,3.8119464529577387,3.775712251663208
VISMODEGIB,1,AMO1,3.288022518157959,4.0490694497577415,4.022343158721924
VISMODEGIB,1,BV173,3.2306840419769287,3.481004404760811,3.4315004348754883
VISMODEGIB,1,CMK,3.781235933303833,4.359795716341544,4.345528602600098
VISMODEGIB,1,COLO668,4.812421798706055,4.605175249952821,4.600747108459473
VISMODEGIB,1,CORL279,4.306482791900635,4.377656187820133,4.364105224609375
VISMODEGIB,1,CORL88,4.230411529541016,4.81756026968139,4.821648120880127
VISMODEGIB,1,DMS114,4.709968566894531,5.065642392731712,5.079677581787109
VISMODEGIB,1,DOHH2,2.8840715885162354,3.7082557294494958,3.6678638458251953
VISMODEGIB,1,EM2,4.5761494636535645,3.987398375958674,3.9581992626190186
VISMODEGIB,1,EPLC272H,5.363240718841553,4.590739892248465,4.585732936859131
VISMODEGIB,1,HARA,5.180157661437988,4.647946306632412,4.645233154296875
VISMODEGIB,1,HCC827,5.526762008666992,5.07220058474622,5.086498737335205
VISMODEGIB,1,JVM3,3.9141714572906494,4.247276304771827,4.228497505187988
VISMODEGIB,1,KARPAS422,4.229991436004639,3.569030195522201,3.5230557918548584
VISMODEGIB,1,L428,4.536872863769531,4.116498483193734,4.092475891113281
VISMODEGIB,1,LCLC103H,4.917233467102051,4.77355138577781,4.775874614715576
VISMODEGIB,1,MOLM13,3.8240175247192383,4.193577984431571,4.1726460456848145
VISMODEGIB,1,NALM6,3.34733510017395,3.695391724637815,3.6544840335845947
VISMODEGIB,1,NB4,3.362056016921997,3.7803341794751515,3.7428324222564697
VISMODEGIB,1,NCIH1048,4.7540669441223145,4.578231418922785,4.572722911834717
VISMODEGIB,1,NCIH146,4.847504615783691,4.9188947661460425,4.927045822143555
VISMODEGIB,1,NCIH1651,4.381867408752441,4.750509461230505,4.751908779144287
VISMODEGIB,1,NCIH1792,4.623750686645508,4.923583839052326,4.931922912597656
VISMODEGIB,1,NCIH1793,5.943260669708252,5.09086243473871,5.1059088706970215
VISMODEGIB,1,NCIH209,5.055970191955566,4.594890739539577,4.590050220489502
VISMODEGIB,1,NCIH211,3.964613437652588,4.834975123359343,4.839761257171631
VISMODEGIB,1,NCIH2291,6.572759628295898,4.928089071693122,4.936608791351318
VISMODEGIB,1,NCIH2444,5.830776691436768,5.0615199696212985,5.075389862060547
VISMODEGIB,1,NCIH292,3.705354928970337,5.014944198818786,5.026946544647217
VISMODEGIB,1,NCIH441,6.452869415283203,4.818710073636118,4.8228440284729
VISMODEGIB,1,NCIH522,5.409842014312744,4.464425125494646,4.454353332519531
VISMODEGIB,1,NCIH524,3.553813934326172,5.099710148663072,5.115111351013184
VISMODEGIB,1,NCIH647,4.898662567138672,5.052603029063299,5.066115379333496
VISMODEGIB,1,NCIH929,3.764404058456421,4.289040595309238,4.271936416625977
VISMODEGIB,1,P12ICHIKAWA,3.066786050796509,3.370828154280653,3.316906452178955
VISMODEGIB,1,REH,3.3219144344329834,3.9369844238527385,3.905763864517212
VISMODEGIB,1,RPMI8402,3.6811840534210205,3.729508305976344,3.6899685859680176
VISMODEGIB,1,SUDHL10,4.140952110290527,3.65755134640045,3.615126371383667
VISMODEGIB,1,SUDHL5,2.871767997741699,3.6872417785041613,3.6460072994232178
VISMODEGIB,1,SW1271,4.874664306640625,4.583838317792931,4.578554630279541
VISMODEGIB,2,ALLSIL,3.6444449424743652,3.4769448634323834,3.5121495723724365
VISMODEGIB,2,CA46,5.0264973640441895,3.3584983593759445,3.399463653564453
VISMODEGIB,2,CORL23,4.8650407791137695,4.91882334121443,4.8839030265808105
VISMODEGIB,2,DMS53,4.807785987854004,4.986002479111204,4.94781494140625
VISMODEGIB,2,HCC33,3.791304111480713,4.688219057842406,4.664514064788818
VISMODEGIB,2,HCC366,5.073975086212158,4.948434027453383,4.912073612213135
VISMODEGIB,2,HCC78,5.085155963897705,5.27643259834182,5.224120140075684
VISMODEGIB,2,HEL,3.982717514038086,3.894900215945027,3.909777879714966
VISMODEGIB,2,HH,4.370530605316162,3.9618771142281144,3.9734973907470703
VISMODEGIB,2,HL60,3.8194949626922607,3.908577077056531,3.9227895736694336
VISMODEGIB,2,HT,5.022324562072754,3.39636403058994,3.435487747192383
VISMODEGIB,2,JM1,3.803330898284912,3.746224528293278,3.7683329582214355
VISMODEGIB,2,KMS12BM,2.836230993270874,4.310330204657018,4.305003643035889
VISMODEGIB,2,KU812,3.6309854984283447,4.178031916006605,4.179139614105225
VISMODEGIB,2,L540,3.312333583831787,3.9528860973504703,3.9649436473846436
VISMODEGIB,2,LOUCY,3.3281350135803223,3.4567151381093613,3.492903709411621
VISMODEGIB,2,MM1S,4.084285736083984,3.7186733279840425,3.742121696472168
VISMODEGIB,2,MOLP8,4.194037437438965,4.11574361863117,4.119880676269531
VISMODEGIB,2,NCIH1092,5.488525390625,4.702257043220729,4.6778693199157715
VISMODEGIB,2,NCIH1105,4.1119704246521,4.746762288567353,4.720210075378418
VISMODEGIB,2,NCIH1155,3.2584500312805176,4.906767153686216,4.872433185577393
VISMODEGIB,2,NCIH1436,5.276383399963379,4.652170786477803,4.630218982696533
VISMODEGIB,2,NCIH1650,5.055830955505371,5.435985870172129,5.375913619995117
VISMODEGIB,2,NCIH1915,4.816924571990967,4.8398356152173525,4.8087568283081055
VISMODEGIB,2,NCIH2023,4.5183234214782715,4.714705680854313,4.6897125244140625
VISMODEGIB,2,NCIH2029,4.486273765563965,5.098759960280016,5.055088520050049
VISMODEGIB,2,NCIH2170,5.117316722869873,5.068571374971468,5.026368141174316
VISMODEGIB,2,NCIH2171,3.95757794380188,4.661447745609744,4.639044761657715
VISMODEGIB,2,NCIH2172,5.463696002960205,5.175944320403371,5.128519058227539
VISMODEGIB,2,NCIH2227,5.761473178863525,4.473779909589693,4.460504055023193
VISMODEGIB,2,NCIH2228,6.0583577156066895,4.718726414884052,4.693537712097168
VISMODEGIB,2,NCIH460,5.087390899658203,4.804967701449363,4.775584697723389
VISMODEGIB,2,NCIH526,4.0316243171691895,4.737189112306071,4.711102485656738
VISMODEGIB,2,NCIH810,4.694822788238525,4.808969389369262,4.779391765594482
VISMODEGIB,2,OCIM1,3.7355539798736572,3.8565418519422963,3.8732850551605225
VISMODEGIB,2,P31FUJ,4.5128173828125,3.7289609839710027,3.751909017562866
VISMODEGIB,2,SIGM5,0.1826220005750656,4.190466018451101,4.190968990325928
VISMODEGIB,2,SUDHL1,4.279594898223877,3.5866604803745084,3.6165292263031006
VISMODEGIB,2,SUDHL6,3.0285561084747314,4.059446826440415,4.066321849822998
VISMODEGIB,2,THP1,4.643989086151123,4.201835042384853,4.201785087585449
VISMODEGIB,2,WSUDLCL2,3.9074900150299072,4.199212693788045,4.1992902755737305
VISMODEGIB,3,697,3.06477952003479,3.2178725821987126,3.2120721340179443
VISMODEGIB,3,A3KAW,3.81789493560791,4.01939119049276,4.034656524658203
VISMODEGIB,3,BEN,5.262208938598633,4.876040659185266,4.913820743560791
VISMODEGIB,3,CAL12T,4.122566223144531,4.628629327831847,4.65990686416626
VISMODEGIB,3,CALU6,5.0090765953063965,4.754128448743947,4.7887043952941895
VISMODEGIB,3,CHAGOK1,4.69411563873291,4.897871098106197,4.936224937438965
VISMODEGIB,3,CORL311,4.522596836090088,4.553404567098538,4.582705020904541
VISMODEGIB,3,CORL95,4.896542549133301,4.4898000953385715,4.517428874969482
VISMODEGIB,3,DB,3.5130059719085693,3.561025848640872,3.564244270324707
VISMODEGIB,3,EBC1,4.938044548034668,4.734884581143071,4.768954753875732
VISMODEGIB,3,GA10,3.8515141010284424,3.7133596596689205,3.7205817699432373
VISMODEGIB,3,HCC15,4.863235950469971,5.106319846783625,5.150152206420898
VISMODEGIB,3,IALM,4.851528644561768,4.884497311708409,4.922499656677246
VISMODEGIB,3,JURKAT,3.829730987548828,3.7095185989355093,3.716639757156372
VISMODEGIB,3,K562,3.9419569969177246,4.134983097419311,4.153286457061768
VISMODEGIB,3,KOPN8,3.522817611694336,3.011119949670713,2.9998855590820312
VISMODEGIB,3,LOUNH91,5.477392673492432,5.126437675342472,5.1707987785339355
VISMODEGIB,3,LU65,5.239975452423096,4.609631711856555,4.64040994644165
VISMODEGIB,3,LXF289,4.563053131103516,5.098587545740267,5.142216682434082
VISMODEGIB,3,ME1,4.721515655517578,3.7947047025494247,3.8040647506713867
VISMODEGIB,3,MEG01,3.913191556930542,4.307867071228105,4.330714225769043
VISMODEGIB,3,NCIH1568,6.500522136688232,4.858878314759143,4.896207332611084
VISMODEGIB,3,NCIH1836,5.596879482269287,4.543907617613727,4.572958469390869
VISMODEGIB,3,NCIH2066,6.085737228393555,4.538760958639008,4.567676544189453
VISMODEGIB,3,NCIH23,4.364891052246094,4.890762789389558,4.928929805755615
VISMODEGIB,3,NCIH69,4.2141876220703125,4.542212663028571,4.571218967437744
VISMODEGIB,3,NCIH838,5.247964859008789,4.695349579594022,4.7283806800842285
VISMODEGIB,3,NCIH841,3.859875440597534,4.818177567307091,4.854436874389648
VISMODEGIB,3,NOMO1,3.6888294219970703,4.018847113787931,4.034098148345947
VISMODEGIB,3,OCIAML3,4.115363121032715,3.8957352397668763,3.9077506065368652
VISMODEGIB,3,OCILY19,3.6055634021759033,3.674623117400187,3.6808271408081055
VISMODEGIB,3,PF382,4.203582763671875,3.459296049731902,3.459840774536133
VISMODEGIB,3,PL21,4.677007675170898,3.7667465474699595,3.775371789932251
VISMODEGIB,3,RL,4.794882774353027,3.3300313697640465,3.327178716659546
VISMODEGIB,3,RS411,3.3602426052093506,3.3803566064579345,3.37882661819458
VISMODEGIB,3,SKM1,3.277556896209717,3.823162330265689,3.833270311355591
VISMODEGIB,3,SKMM2,5.4607720375061035,4.352794054126041,4.376821994781494
VISMODEGIB,3,ST486,3.5679171085357666,3.15567987565448,3.148244857788086
VISMODEGIB,3,SUDHL4,2.9350929260253906,3.8062708626277093,3.815934896469116
VISMODEGIB,3,SUPB15,3.8015029430389404,3.794983013348906,3.8043503761291504
VISMODEGIB,3,SW1573,5.4482293128967285,4.672203785291901,4.704626560211182
VISMODEGIB,4,A549,4.04774808883667,4.773037005408264,4.785081386566162
VISMODEGIB,4,BL41,2.5855484008789062,3.70217063626583,3.698068380355835
VISMODEGIB,4,DMS79,5.193422794342041,4.85251846893698,4.8657612800598145
VISMODEGIB,4,DND41,3.376518487930298,3.616390943903078,3.610995292663574
VISMODEGIB,4,EHEB,5.358942985534668,4.344203604544981,4.3497819900512695
VISMODEGIB,4,EJM,4.525726795196533,4.00549535685588,4.005966663360596
VISMODEGIB,4,GDM1,5.061388969421387,3.302794344081296,3.292670249938965
VISMODEGIB,4,JEKO1,3.6868479251861572,3.9012571447239974,3.9001567363739014
VISMODEGIB,4,JURLMK1,3.3397610187530518,4.429478546068115,4.436342716217041
VISMODEGIB,4,JVM2,5.214512348175049,4.1695227034590685,4.172467231750488
VISMODEGIB,4,KG1,3.847745418548584,4.124586020985535,4.126852989196777
VISMODEGIB,4,KMS11,4.355476379394531,4.167809040301391,4.170727729797363
VISMODEGIB,4,KNS62,5.075237274169922,4.790870752151157,4.8031840324401855
VISMODEGIB,4,L1236,3.839705467224121,4.043205811162046,4.044245719909668
VISMODEGIB,4,LAMA84,3.1548686027526855,4.281674159210102,4.286309719085693
VISMODEGIB,4,MOLM16,3.7146294116973877,4.452382349406627,4.459591865539551
VISMODEGIB,4,NAMALWA,3.2869555950164795,3.748972947366205,3.7455763816833496
VISMODEGIB,4,NCIH1437,4.744863510131836,4.741150093362441,4.752713680267334
VISMODEGIB,4,NCIH1623,5.559472560882568,5.111213491393831,5.12835693359375
VISMODEGIB,4,NCIH1648,4.435547828674316,5.264589162530918,5.284045219421387
VISMODEGIB,4,NCIH1876,4.233154773712158,4.556305121623383,4.565081596374512
VISMODEGIB,4,NCIH1944,5.514774322509766,4.855972571239174,4.869267463684082
VISMODEGIB,4,NCIH2009,4.79822301864624,5.048533254975176,5.064731597900391
VISMODEGIB,4,NCIH2030,4.581350326538086,4.895611366351882,4.909503936767578
VISMODEGIB,4,NCIH2081,4.354837894439697,4.852572020910657,4.86581563949585
VISMODEGIB,4,NCIH2087,4.899172782897949,4.857107027523656,4.870419025421143
VISMODEGIB,4,NCIH2122,4.558807373046875,4.975833162428981,4.990935325622559
VISMODEGIB,4,NCIH2342,5.3210015296936035,5.267435402956457,5.2869343757629395
VISMODEGIB,4,NCIH2405,5.999279975891113,5.01432481789502,5.030007362365723
VISMODEGIB,4,NCIH446,4.290341854095459,4.089928498933137,4.091672897338867
VISMODEGIB,4,NCIH650,4.865990161895752,4.798321992558801,4.8107476234436035
VISMODEGIB,4,NCIH661,5.142423152923584,4.839575332702469,4.852622985839844
VISMODEGIB,4,NCIH82,4.0426859855651855,4.36586161986426,4.371766567230225
VISMODEGIB,4,NUDUL1,3.5129730701446533,3.2697365698039724,3.2591140270233154
VISMODEGIB,4,OCIAML2,3.753376007080078,4.0155899038940746,4.016213417053223
VISMODEGIB,4,OPM2,3.7498040199279785,3.7511488486124667,3.7477850914001465
VISMODEGIB,4,RAJI,3.4800820350646973,3.379964617167091,3.371004104614258
VISMODEGIB,4,RERFLCMS,4.863822937011719,4.8363039647665955,4.849302291870117
VISMODEGIB,4,SKLU1,4.967251777648926,5.049395723603875,5.065607070922852
VISMODEGIB,4,SUDHL8,3.631200075149536,3.740839858802484,3.7373206615448
VISMODEGIB,5,ABC1,4.58301305770874,4.8724365096561355,4.845303058624268
VISMODEGIB,5,CALU3,4.67317008972168,5.109994630944531,5.077479362487793
VISMODEGIB,5,CMLT1,3.2556838989257812,3.1871855099650586,3.1982309818267822
VISMODEGIB,5,CORL105,5.089478969573975,4.7074998663801315,4.684103012084961
VISMODEGIB,5,DAUDI,3.942692995071411,3.3164976317777604,3.324613571166992
VISMODEGIB,5,DMS273,3.479316473007202,4.392463320304023,4.376203536987305
VISMODEGIB,5,GRANTA519,4.994190216064453,4.2664466527348095,4.253041744232178
VISMODEGIB,5,HCC44,3.959094524383545,4.975590155343036,4.946119785308838
VISMODEGIB,5,HDLM2,4.5275468826293945,4.015450084236017,4.0077314376831055
VISMODEGIB,5,KCL22,4.423158645629883,4.094442432262689,4.084934234619141
VISMODEGIB,5,KMH2,4.129386901855469,4.15468467265275,4.1438117027282715
VISMODEGIB,5,L363,3.664263963699341,3.8178455340078554,3.814603567123413
VISMODEGIB,5,LCLC97TM1,4.08111572265625,4.91096178220459,4.882955551147461
VISMODEGIB,5,LP1,4.077267646789551,4.13554230130872,4.125102996826172
VISMODEGIB,5,MHHCALL2,3.6879920959472656,4.0828765075760165,4.073630332946777
VISMODEGIB,5,MOLT13,3.4406650066375732,3.887008846400608,3.882200002670288
VISMODEGIB,5,MOLT16,3.053847074508667,3.632958573244181,3.6339051723480225
VISMODEGIB,5,MONOMAC6,4.089845657348633,4.2735596037179775,4.259993553161621
VISMODEGIB,5,NCIH1341,4.252137184143066,4.261602878994436,4.248307704925537
VISMODEGIB,5,NCIH1435,4.982852458953857,4.922201308358597,4.893940448760986
VISMODEGIB,5,NCIH1781,5.280016899108887,4.805317945021835,4.779705047607422
VISMODEGIB,5,NCIH196,4.7960028648376465,4.806991896240934,4.781341075897217
VISMODEGIB,5,NCIH1963,4.693726539611816,4.2483971554015,4.235401153564453
VISMODEGIB,5,NCIH1975,4.928816795349121,5.420090801023962,5.380550384521484
VISMODEGIB,5,NCIH2085,4.807424545288086,4.659550019159761,4.637239456176758
VISMODEGIB,5,NCIH2110,4.724733829498291,5.030179212178535,4.999472141265869
VISMODEGIB,5,NCIH2196,5.956739902496338,4.599758589299121,4.578802585601807
VISMODEGIB,5,NCIH2347,5.999744415283203,5.390303153769256,5.351437568664551
VISMODEGIB,5,NCIH358,5.703436374664307,5.377251115584078,5.338681221008301
VISMODEGIB,5,NCIH596,5.180118560791016,4.898514727846775,4.870790481567383
VISMODEGIB,5,NCIH727,4.921459197998047,4.91309191074513,4.885037422180176
VISMODEGIB,5,OCIAML5,3.772200107574463,4.539636857784349,4.520042896270752
VISMODEGIB,5,RCHACV,3.6489105224609375,3.6841763089126798,3.68396258354187
VISMODEGIB,5,RERFLCKJ,5.2340264320373535,5.06480575427178,5.033314228057861
VISMODEGIB,5,RPMI8226,3.483067512512207,4.579444305734667,4.558948516845703
VISMODEGIB,5,SBC5,4.841652870178223,4.478265639509998,4.460062026977539
VISMODEGIB,5,SHP77,3.6040914058685303,4.538441526835123,4.518874645233154
VISMODEGIB,5,SKMES1,5.0762939453125,4.953039871068254,4.9240803718566895
VISMODEGIB,5,SUPM2,3.3972299098968506,3.648528856610759,3.649122714996338
VISMODEGIB,5,SUPT1,3.7007319927215576,3.5149767251595896,3.5185961723327637
VORINOSTAT,1,A4FUK,-0.09973599761724472,0.3944832394595718,0.42600345611572266
VORINOSTAT,1,ABC1,1.3739855289459229,2.043614241231166,2.0339343547821045
VORINOSTAT,1,AMO1,-0.08653300255537033,0.6208438370860522,0.6467089056968689
VORINOSTAT,1,CORL105,1.7614035606384277,1.8333313938877434,1.8289049863815308
VORINOSTAT,1,CORL88,0.37629950046539307,0.8855558365278395,0.9048076272010803
VORINOSTAT,1,CORL95,2.616441011428833,0.6948087875367277,0.7188259959220886
VORINOSTAT,1,DMS53,1.8699469566345215,1.7784545117690629,1.775399088859558
VORINOSTAT,1,DND41,0.6427410244941711,0.2689399007059159,0.303596556186676
VORINOSTAT,1,DOHH2,-0.22620399296283722,-0.05418779084724999,-0.011458463035523891
VORINOSTAT,1,HCC33,0.36507299542427063,0.4937300810069052,0.5227708220481873
VORINOSTAT,1,HCC78,1.261206030845642,1.9902232310231627,1.9818772077560425
VORINOSTAT,1,HT,0.7222610116004944,0.028745819391078495,0.06940322369337082
VORINOSTAT,1,JM1,0.2543579936027527,0.2524026219462452,0.2874724268913269
VORINOSTAT,1,KCL22,0.5628969073295593,1.4497517200763144,1.4549082517623901
VORINOSTAT,1,L1236,-0.0818134993314743,0.6844564674165224,0.7087323069572449
VORINOSTAT,1,LU65,3.098759412765503,1.8981138442166796,1.8920689821243286
VORINOSTAT,1,MHHCALL2,0.27624401450157166,0.32006010543403723,0.3534396290779114
VORINOSTAT,1,MM1S,-0.03294900059700012,0.21862101289564018,0.2545347809791565
VORINOSTAT,1,MOLP8,-0.060846999287605286,0.20407266043457395,0.2403498888015747
VORINOSTAT,1,NB4,-0.9326289892196655,0.18384680521861932,0.22062933444976807
VORINOSTAT,1,NCIH1048,1.4882107973098755,1.125318869189004,1.1385806798934937
VORINOSTAT,1,NCIH1155,0.922949492931366,1.234229380026551,1.2447702884674072
VORINOSTAT,1,NCIH1436,0.9983810186386108,0.8412311147036423,0.8615902662277222
VORINOSTAT,1,NCIH1651,1.181257963180542,2.2238731350249097,2.2096898555755615
VORINOSTAT,1,NCIH1836,1.5886249542236328,0.8199113041745318,0.8408030867576599
VORINOSTAT,1,NCIH1876,0.7608759999275208,0.8536122191198914,0.8736620545387268
VORINOSTAT,1,NCIH196,1.8544889688491821,1.7403033169194213,1.7382010221481323
VORINOSTAT,1,NCIH2009,0.6136289834976196,2.4501076175459953,2.430272340774536
VORINOSTAT,1,NCIH211,0.24892300367355347,1.0859528612640323,1.1001981496810913
VORINOSTAT,1,NCIH2170,1.3718723058700562,1.9818219965567536,1.97368586063385
VORINOSTAT,1,NCIH2227,0.5258579850196838,1.0433482076514176,1.0586578845977783
VORINOSTAT,1,NCIH2342,3.1568994522094727,1.915733402097005,1.9092483520507812
VORINOSTAT,1,NCIH358,2.2905797958374023,2.4396071137052484,2.420034170150757
VORINOSTAT,1,NCIH522,3.7630279064178467,0.9980406683044707,1.0144822597503662
VORINOSTAT,1,NCIH650,1.3063381910324097,1.8036302167590454,1.7999458312988281
VORINOSTAT,1,NCIH727,3.243424892425537,1.7764795846750805,1.7734735012054443
VORINOSTAT,1,NCIH82,0.8749560117721558,0.7915857781445738,0.8131852149963379
VORINOSTAT,1,NCIH929,-0.17535099387168884,0.2866856348235338,0.32089895009994507
VORINOSTAT,1,SIGM5,-0.7904090285301208,0.7347949174341303,0.7578131556510925
VORINOSTAT,1,SUPT1,0.22230499982833862,0.27456990397612574,0.3090859055519104
VORINOSTAT,1,THP1,0.6320149898529053,0.4719418167440862,0.5015268921852112
VORINOSTAT,2,A3KAW,-0.6400219798088074,0.40928218256725984,0.4410790801048279
VORINOSTAT,2,CMK,0.17134399712085724,1.1281249074467463,1.156980037689209
VORINOSTAT,2,EBC1,1.4817250967025757,1.7551008748117622,1.7813901901245117
VORINOSTAT,2,EJM,0.608955979347229,0.7019728592374229,0.7325719594955444
VORINOSTAT,2,GA10,-0.10130400210618973,0.24685535425034688,0.2793169617652893
VORINOSTAT,2,GRANTA519,1.4924230575561523,0.49313496281149194,0.5245887041091919
VORINOSTAT,2,HARA,1.187091588973999,1.3876877093678752,1.415480613708496
VORINOSTAT,2,HCC366,1.8128268718719482,1.9012268345439547,1.9269181489944458
VORINOSTAT,2,HL60,-0.028166500851511955,0.34394434594124457,0.37600862979888916
VORINOSTAT,2,IALM,3.02384090423584,1.5654384218707738,1.5925039052963257
VORINOSTAT,2,JEKO1,0.09734100103378296,0.47932114315408203,0.5108314156532288
VORINOSTAT,2,JVM3,-0.03558000177145004,0.6260031652514205,0.656913161277771
VORINOSTAT,2,K562,0.9375315308570862,1.4529850278342518,1.4805107116699219
VORINOSTAT,2,L540,0.8715825080871582,0.3348996992069892,0.3670009970664978
VORINOSTAT,2,MEG01,0.8816260099411011,0.6113791619499485,0.6423490047454834
VORINOSTAT,2,MOLM13,-0.7557169795036316,0.2705319044294603,0.3028966188430786
VORINOSTAT,2,MOLM16,0.41985398530960083,0.5338563117441737,0.5651434063911438
VORINOSTAT,2,MONOMAC6,0.21679100394248962,0.8605376545804353,0.8904878497123718
VORINOSTAT,2,NALM6,0.7787969708442688,0.2382127170852107,0.27070969343185425
VORINOSTAT,2,NCIH1650,2.8094544410705566,2.037784044847716,2.0629165172576904
VORINOSTAT,2,NCIH1781,3.2691755294799805,1.777360725793225,1.8035589456558228
VORINOSTAT,2,NCIH1792,1.4325581789016724,2.010367913917185,2.0356125831604004
VORINOSTAT,2,NCIH1975,1.2797040939331055,1.8777143320392429,1.9035018682479858
VORINOSTAT,2,NCIH2023,2.0985305309295654,1.9555661753373874,1.9810351133346558
VORINOSTAT,2,NCIH2081,0.7771095037460327,1.113011933149338,1.1419289112091064
VORINOSTAT,2,NCIH2085,2.2495384216308594,1.929077473360715,1.9546548128128052
VORINOSTAT,2,NCIH2087,2.0702364444732666,1.835914194587375,1.8618727922439575
VORINOSTAT,2,NCIH2122,0.8060359954833984,1.9338990745081586,1.9594566822052002
VORINOSTAT,2,NCIH2228,2.3373630046844482,1.9523623080969394,1.9778443574905396
VORINOSTAT,2,NCIH2291,3.1495115756988525,1.9491846549686365,1.974679708480835
VORINOSTAT,2,NCIH2444,1.6194775104522705,2.0224508241286374,2.0476460456848145
VORINOSTAT,2,NCIH596,2.5000956058502197,1.9003734993591248,1.9260683059692383
VORINOSTAT,2,NOMO1,1.3285030126571655,0.2719084445648988,0.3042675256729126
VORINOSTAT,2,OCIAML2,0.5350189805030823,0.43217045404533583,0.4638736844062805
VORINOSTAT,2,OCIAML5,0.23740063607692719,0.6692622556981399,0.699995219707489
VORINOSTAT,2,P31FUJ,0.5972970128059387,0.5136902980078552,0.5450599193572998
VORINOSTAT,2,RCHACV,-0.5025420188903809,0.6660355857711009,0.6967817544937134
VORINOSTAT,2,SKMM2,0.4034765064716339,0.4909155013165962,0.5223783254623413
VORINOSTAT,2,SUDHL10,-0.11225000023841858,0.04381705333210639,0.07710956782102585
VORINOSTAT,2,SUPM2,0.32345050573349,0.7351705185863666,0.765633761882782
VORINOSTAT,2,WSUDLCL2,0.3166019916534424,0.376035925366578,0.4079688787460327
VORINOSTAT,3,697,-0.14313599467277527,0.36972556962007114,0.3342384397983551
VORINOSTAT,3,A549,1.3431893587112427,1.771084436282405,1.8130475282669067
VORINOSTAT,3,BL41,0.11790800094604492,0.17212997209418174,0.12572214007377625
VORINOSTAT,3,CA46,0.07225749641656876,0.42339600609568684,0.3908751308917999
VORINOSTAT,3,CAL12T,2.153926372528076,2.0145113713231146,2.0699281692504883
VORINOSTAT,3,CORL23,0.9914349913597107,1.4703705745453681,1.4957138299942017
VORINOSTAT,3,CORL279,0.6240879893302917,0.7676758154942428,0.7541825771331787
VORINOSTAT,3,DMS273,0.9461135268211365,0.8682783291832673,0.860345184803009
VORINOSTAT,3,DMS79,1.608994960784912,0.9285169417975345,0.9239130616188049
VORINOSTAT,3,HCC44,1.305690050125122,1.3124091184007964,1.3290221691131592
VORINOSTAT,3,HCC827,1.532723307609558,2.001003361245283,2.055673599243164
VORINOSTAT,3,HDLM2,0.5876290202140808,0.6081164002562408,0.5858046412467957
VORINOSTAT,3,HEL,-0.04186899960041046,0.399668423196376,0.36583617329597473
VORINOSTAT,3,HH,0.580800473690033,0.24454839825445085,0.20214298367500305
VORINOSTAT,3,JURLMK1,0.9482093453407288,0.6236279734800254,0.6021735072135925
VORINOSTAT,3,KARPAS422,0.4121834933757782,0.32005418237473826,0.2818218171596527
VORINOSTAT,3,KMS11,0.7568039894104004,0.37570875186205394,0.34055230021476746
VORINOSTAT,3,LOUNH91,1.8085126876831055,1.8309997404999807,1.8762742280960083
VORINOSTAT,3,LP1,0.8517850041389465,0.34339751177602484,0.3064552843570709
VORINOSTAT,3,ME1,0.43192899227142334,0.42970181893897996,0.3975294530391693
VORINOSTAT,3,NAMALWA,0.04077500104904175,0.19171599928437472,0.1463906466960907
VORINOSTAT,3,NCIH1568,1.8844470977783203,1.7441378901532834,1.784611701965332
VORINOSTAT,3,NCIH1623,2.485668897628784,1.8627733194001075,1.909803867340088
VORINOSTAT,3,NCIH1793,4.275208473205566,1.9808516008438284,2.0344080924987793
VORINOSTAT,3,NCIH2066,2.785050392150879,1.2266983905426678,1.2385743856430054
VORINOSTAT,3,NCIH2110,1.5150539875030518,1.915794992730301,1.9657559394836426
VORINOSTAT,3,NCIH2171,1.5613189935684204,0.8896289966476442,0.8828758597373962
VORINOSTAT,3,NCIH661,1.2449480295181274,1.513640918696391,1.5413756370544434
VORINOSTAT,3,OCIAML3,0.5938159823417664,0.3991463513042346,0.3652852475643158
VORINOSTAT,3,OCIM1,-0.25743600726127625,0.44546575797625454,0.41416463255882263
VORINOSTAT,3,RL,0.5857314467430115,0.18714398702543433,0.1415659487247467
VORINOSTAT,3,RPMI8226,0.015352499671280384,0.5791405912396409,0.5552273988723755
VORINOSTAT,3,RPMI8402,-0.510906994342804,0.14817662685008143,0.10044494271278381
VORINOSTAT,3,RS411,-0.19010500609874725,-0.031805723424684865,-0.08948466181755066
VORINOSTAT,3,SHP77,1.917451024055481,0.8375465217835901,0.8279148936271667
VORINOSTAT,3,SKM1,0.17013399302959442,0.40341329915881974,0.3697880208492279
VORINOSTAT,3,ST486,0.37440600991249084,0.3584148592012335,0.32230260968208313
VORINOSTAT,3,SUDHL1,0.6910194754600525,0.9100591615018049,0.9044351577758789
VORINOSTAT,3,SUPB15,0.2921780049800873,0.15315627654768726,0.1056998074054718
VORINOSTAT,3,SW1271,2.5444371700286865,1.9214367355491535,1.9717094898223877
VORINOSTAT,3,SW1573,2.709102153778076,1.6613894670073965,1.6972899436950684
VORINOSTAT,4,ALLSIL,-0.19148050248622894,0.2279101365153437,0.2647516131401062
VORINOSTAT,4,BEN,1.5543674230575562,1.5803568938845989,1.6363691091537476
VORINOSTAT,4,CALU6,2.559900999069214,1.3774582876237675,1.4305944442749023
VORINOSTAT,4,CHAGOK1,2.448967933654785,2.3412698938497014,2.4080679416656494
VORINOSTAT,4,COLO668,0.7756731510162354,1.6676567661231714,1.7249064445495605
VORINOSTAT,4,DB,-0.9397140145301819,0.29588550636659655,0.3336905241012573
VORINOSTAT,4,EHEB,-0.03343899920582771,0.47284128539198045,0.5131546258926392
VORINOSTAT,4,HCC15,1.5524423122406006,2.115644675545446,2.1792445182800293
VORINOSTAT,4,JURKAT,0.026869000867009163,0.20870635092512263,0.245275616645813
VORINOSTAT,4,JVM2,1.4823964834213257,0.24191257971997027,0.27895253896713257
VORINOSTAT,4,KMH2,1.3948559761047363,0.3561278898440303,0.3947868347167969
VORINOSTAT,4,KOPN8,0.12552900612354279,0.18383545828669498,0.22005218267440796
VORINOSTAT,4,LOUCY,-0.03182400017976761,0.20154785661149704,0.23801565170288086
VORINOSTAT,4,MOLT13,-0.7263590097427368,0.11581189575110873,0.15106439590454102
VORINOSTAT,4,NCIH1092,0.9141950011253357,0.8811572121572908,0.9272583723068237
VORINOSTAT,4,NCIH1341,0.9630810022354126,1.0300764856707736,1.0782885551452637
VORINOSTAT,4,NCIH1435,2.244807720184326,1.8146417498478982,1.8739749193191528
VORINOSTAT,4,NCIH146,-0.2987945079803467,1.2280559118356258,1.2790743112564087
VORINOSTAT,4,NCIH1648,1.5698720216751099,1.9767289103251127,2.0383596420288086
VORINOSTAT,4,NCIH1915,1.976205587387085,1.4125043603003908,1.4661372900009155
VORINOSTAT,4,NCIH1963,0.1437074989080429,0.9898139663160268,1.0374553203582764
VORINOSTAT,4,NCIH2029,1.7984299659729004,1.2445086591807728,1.2957602739334106
VORINOSTAT,4,NCIH2030,2.1701929569244385,1.905935267556984,1.9665625095367432
VORINOSTAT,4,NCIH2196,1.7294585704803467,1.0334519718073623,1.0817118883132935
VORINOSTAT,4,NCIH2347,2.3228952884674072,1.9650977822759528,2.0265636444091797
VORINOSTAT,4,NCIH292,2.3789589405059814,1.8053252811643303,1.864526391029358
VORINOSTAT,4,NCIH460,0.9370049834251404,1.7962173339978538,1.855289340019226
VORINOSTAT,4,NCIH524,0.2258860021829605,1.2050403787724666,1.255732536315918
VORINOSTAT,4,NCIH647,1.7397630214691162,1.600132585586098,1.65642511844635
VORINOSTAT,4,NCIH69,0.6709960103034973,0.828671264908614,0.8740284442901611
VORINOSTAT,4,NCIH841,0.7044529914855957,1.546815373304237,1.6023521423339844
VORINOSTAT,4,OPM2,0.37516701221466064,0.07518604322729566,0.10986267775297165
VORINOSTAT,4,PF382,0.29280200600624084,-0.036800061158938385,-0.0037108135875314474
VORINOSTAT,4,PL21,0.4210122525691986,0.18597298015157868,0.22222000360488892
VORINOSTAT,4,RAJI,0.3361609876155853,0.31198209802020677,0.3500152826309204
VORINOSTAT,4,REH,0.4068779945373535,0.161257479534343,0.19715416431427002
VORINOSTAT,4,RERFLCMS,1.8828380107879639,1.7932765223653255,1.852306842803955
VORINOSTAT,4,SBC5,0.7976129651069641,1.3555188619388325,1.408344030380249
VORINOSTAT,4,SUDHL5,-0.6401360034942627,0.3226819906019736,0.36086684465408325
VORINOSTAT,4,SUDHL8,0.9996510148048401,0.4974422989981413,0.5381043553352356
VORINOSTAT,5,BV173,-0.1710370033979416,0.27458539177506436,0.25988107919692993
VORINOSTAT,5,CALU3,2.185091018676758,1.7990221869691618,1.7918510437011719
VORINOSTAT,5,CMLT1,0.0820389986038208,0.11265781611626878,0.09715332090854645
VORINOSTAT,5,CORL311,0.4423460066318512,0.731775725542436,0.7193306684494019
VORINOSTAT,5,DAUDI,0.9317585229873657,0.3975073936115562,0.3834105134010315
VORINOSTAT,5,DMS114,1.5435354709625244,2.0160381674715406,2.009939432144165
VORINOSTAT,5,EM2,0.599714994430542,0.0517622322073582,0.035956814885139465
VORINOSTAT,5,EPLC272H,1.818983554840088,1.714404177453959,1.7068148851394653
VORINOSTAT,5,GDM1,0.454241007566452,0.09719938744113238,0.08161850273609161
VORINOSTAT,5,KG1,0.06878799945116043,0.3092894102372725,0.29475659132003784
VORINOSTAT,5,KMS12BM,-0.18409700691699982,0.33757645275728004,0.32318341732025146
VORINOSTAT,5,KNS62,1.5030516386032104,2.2244492282514425,2.2193803787231445
VORINOSTAT,5,KU812,0.3984754979610443,0.063264283917456,0.04751570522785187
VORINOSTAT,5,L363,0.4726240038871765,-0.046676614078255615,-0.06296847760677338
VORINOSTAT,5,L428,0.6920174956321716,0.4582170951217196,0.4444202184677124
VORINOSTAT,5,LAMA84,0.4289630055427551,0.23925351606890669,0.22437460720539093
VORINOSTAT,5,LCLC103H,1.0958195924758911,1.6281472711799232,1.6201317310333252
VORINOSTAT,5,LCLC97TM1,1.337141990661621,1.681158036898964,1.6734044551849365
VORINOSTAT,5,LXF289,1.0909857749938965,1.9786677389525107,1.9723843336105347
VORINOSTAT,5,MOLT16,0.24642300605773926,-0.13969313912077233,-0.15644465386867523
VORINOSTAT,5,NCIH1105,0.13630400598049164,1.2957143351741334,1.2860560417175293
VORINOSTAT,5,NCIH1437,0.8860452771186829,2.4812959990038106,2.477496385574341
VORINOSTAT,5,NCIH1944,1.9543049335479736,1.595624257046602,1.587448000907898
VORINOSTAT,5,NCIH209,-0.33904799818992615,0.8306996216866823,0.8187434077262878
VORINOSTAT,5,NCIH2172,2.784431219100952,2.008594805150808,2.0024592876434326
VORINOSTAT,5,NCIH23,1.6426303386688232,1.7156781895551363,1.7080951929092407
VORINOSTAT,5,NCIH2405,3.1164934635162354,2.0914587348764284,2.0857326984405518
VORINOSTAT,5,NCIH441,3.959038019180298,1.9021617701765077,1.8955003023147583
VORINOSTAT,5,NCIH446,0.5997209548950195,0.8233294498190619,0.8113368153572083
VORINOSTAT,5,NCIH526,0.4276044964790344,1.504399059447277,1.4957720041275024
VORINOSTAT,5,NCIH810,0.8026055097579956,0.8664453289074089,0.8546657562255859
VORINOSTAT,5,NCIH838,1.494452953338623,2.2600157552786095,2.255122661590576
VORINOSTAT,5,NUDUL1,-0.30138149857521057,0.2927964695012081,0.27818214893341064
VORINOSTAT,5,OCILY19,0.6556450724601746,0.15506409181641823,0.13976915180683136
VORINOSTAT,5,P12ICHIKAWA,-0.32463300228118896,0.04249853909532038,0.02664734423160553
VORINOSTAT,5,RERFLCKJ,2.3954784870147705,2.263134119348977,2.258256435394287
VORINOSTAT,5,SKLU1,2.534140110015869,2.1511880757711195,2.1457571983337402
VORINOSTAT,5,SKMES1,2.137911558151245,1.9724299432038697,1.9661157131195068
VORINOSTAT,5,SUDHL4,0.9810119867324829,0.10135570364234735,0.08579535782337189
VORINOSTAT,5,SUDHL6,0.11219850182533264,0.19289406622743668,0.17778606712818146
WEE1 INHIBITOR,1,A4FUK,0.7214565277099609,1.0510933653910175,1.1002788543701172
WEE1 INHIBITOR,1,AMO1,1.8852920532226562,1.1031596036070164,1.151652455329895
WEE1 INHIBITOR,1,BV173,0.015232999809086323,0.9309652660608259,0.9817488193511963
WEE1 INHIBITOR,1,CHAGOK1,2.0566539764404297,2.389405654558071,2.4207875728607178
WEE1 INHIBITOR,1,CORL95,3.7227940559387207,1.3565950714586856,1.4017164707183838
WEE1 INHIBITOR,1,DMS53,3.063438892364502,2.3573970111839815,2.389204740524292
WEE1 INHIBITOR,1,EBC1,2.7624166011810303,2.530580473512398,2.560084342956543
WEE1 INHIBITOR,1,EPLC272H,0.9779084920883179,2.4317813211779393,2.462599515914917
WEE1 INHIBITOR,1,GA10,1.0981955528259277,0.7735804353080903,0.826457679271698
WEE1 INHIBITOR,1,GDM1,1.8098020553588867,0.9997220637509758,1.0495909452438354
WEE1 INHIBITOR,1,HARA,0.03441400080919266,1.7244724095119968,1.764699935913086
WEE1 INHIBITOR,1,HCC33,1.0948690176010132,1.7690588974815593,1.808693289756775
WEE1 INHIBITOR,1,HCC366,2.9270944595336914,2.0159043078797945,2.0522549152374268
WEE1 INHIBITOR,1,KARPAS422,1.5428564548492432,0.7606319860626259,0.8136814832687378
WEE1 INHIBITOR,1,L1236,1.2124805450439453,0.9503279243267784,1.0008538961410522
WEE1 INHIBITOR,1,LCLC103H,2.1425774097442627,1.9614393786382303,1.9985145330429077
WEE1 INHIBITOR,1,LOUCY,0.4910210072994232,0.8154466186976372,0.8677669167518616
WEE1 INHIBITOR,1,MOLM16,-0.18512849509716034,1.4852470173304149,1.5286569595336914
WEE1 INHIBITOR,1,MONOMAC6,0.5189570188522339,1.8386569405434736,1.8773654699325562
WEE1 INHIBITOR,1,NCIH1092,2.962242603302002,1.937830986514092,1.9752202033996582
WEE1 INHIBITOR,1,NCIH1155,1.5337680578231812,1.9682187555656776,2.0052037239074707
WEE1 INHIBITOR,1,NCIH1568,2.0416605472564697,2.6708283881880837,2.6984665393829346
WEE1 INHIBITOR,1,NCIH1792,1.4814895391464233,2.299058583757132,2.3316423892974854
WEE1 INHIBITOR,1,NCIH1793,2.4440195560455322,2.511632578331504,2.541388511657715
WEE1 INHIBITOR,1,NCIH196,2.1519250869750977,1.822633771480586,1.8615554571151733
WEE1 INHIBITOR,1,NCIH1963,1.5469989776611328,1.6340066968964566,1.6754376888275146
WEE1 INHIBITOR,1,NCIH2009,1.747881531715393,2.8906006305363636,2.9153151512145996
WEE1 INHIBITOR,1,NCIH2066,4.440131187438965,1.9602957295373942,1.99738609790802
WEE1 INHIBITOR,1,NCIH2110,0.5821999907493591,2.9641650796811483,2.987900972366333
WEE1 INHIBITOR,1,NCIH2172,2.778721570968628,2.408647375495697,2.4397733211517334
WEE1 INHIBITOR,1,NCIH2196,2.053973913192749,2.224624738993331,2.2581987380981445
WEE1 INHIBITOR,1,NCIH524,1.8354140520095825,2.915696636370474,2.940077304840088
WEE1 INHIBITOR,1,NCIH838,1.1788899898529053,2.2948031845780017,2.3274435997009277
WEE1 INHIBITOR,1,NUDUL1,0.5604115128517151,1.046525172262799,1.0957714319229126
WEE1 INHIBITOR,1,OCIM1,1.111670970916748,0.8524055374185583,0.9042341709136963
WEE1 INHIBITOR,1,PF382,1.2397805452346802,0.5526351250383469,0.6084516048431396
WEE1 INHIBITOR,1,RAJI,1.9087475538253784,0.8603561096115359,0.9120789766311646
WEE1 INHIBITOR,1,REH,1.1177245378494263,0.9625965994685184,1.012959361076355
WEE1 INHIBITOR,1,ST486,0.5724530220031738,0.7426221102794605,0.7959111928939819
WEE1 INHIBITOR,1,SUDHL10,1.4342634677886963,0.7929262396706447,0.8455461263656616
WEE1 INHIBITOR,1,SW1271,3.3358800411224365,2.566234392680954,2.595263957977295
WEE1 INHIBITOR,2,A3KAW,0.08577600121498108,1.434624383091376,1.412808895111084
WEE1 INHIBITOR,2,CORL311,2.054703950881958,1.7794753439264759,1.8013769388198853
WEE1 INHIBITOR,2,DMS273,2.360044479370117,1.8123901440373287,1.838464379310608
WEE1 INHIBITOR,2,GRANTA519,1.1851195096969604,1.5320875784902048,1.522627592086792
WEE1 INHIBITOR,2,HCC15,2.5944719314575195,2.3799830789852416,2.4780116081237793
WEE1 INHIBITOR,2,HCC44,1.847077488899231,2.313023563925202,2.4025635719299316
WEE1 INHIBITOR,2,HCC78,1.9593034982681274,2.299759548652574,2.387618064880371
WEE1 INHIBITOR,2,HT,-0.09738250076770782,1.0621850385773866,0.9931550621986389
WEE1 INHIBITOR,2,JM1,0.5747799873352051,1.1878986969676797,1.1348055601119995
WEE1 INHIBITOR,2,JVM2,1.069798469543457,1.6959315778848707,1.7072422504425049
WEE1 INHIBITOR,2,JVM3,-0.23901599645614624,1.8257858769104927,1.8535583019256592
WEE1 INHIBITOR,2,KCL22,2.0522665977478027,1.65746496025937,1.6638991832733154
WEE1 INHIBITOR,2,KG1,0.9248279929161072,1.4956833728364731,1.4816083908081055
WEE1 INHIBITOR,2,L363,0.46528300642967224,1.0914916757103388,1.026176929473877
WEE1 INHIBITOR,2,LCLC97TM1,1.3445415496826172,1.9434334985749395,1.9861202239990234
WEE1 INHIBITOR,2,MOLP8,1.3520164489746094,1.198874952084489,1.147173285484314
WEE1 INHIBITOR,2,MOLT16,-0.47112250328063965,0.9130433154356614,0.8251065015792847
WEE1 INHIBITOR,2,NAMALWA,1.3740694522857666,1.0079544162008083,0.932049572467804
WEE1 INHIBITOR,2,NCIH1048,1.6258169412612915,1.879571410174255,1.914162278175354
WEE1 INHIBITOR,2,NCIH1623,3.6561279296875,2.392045237276271,2.491602897644043
WEE1 INHIBITOR,2,NCIH1650,4.169185161590576,2.5941415090284154,2.7193191051483154
WEE1 INHIBITOR,2,NCIH1836,2.9258840084075928,2.0026084505446566,2.0527968406677246
WEE1 INHIBITOR,2,NCIH1915,1.888898491859436,2.2255010799692476,2.303945779800415
WEE1 INHIBITOR,2,NCIH2023,2.074901580810547,2.4847877585096985,2.596102476119995
WEE1 INHIBITOR,2,NCIH2029,1.738347053527832,2.2459040833936674,2.326935291290283
WEE1 INHIBITOR,2,NCIH2030,1.2148375511169434,2.2266788151733996,2.3052728176116943
WEE1 INHIBITOR,2,NCIH2085,1.3342314958572388,2.030627376211805,2.0843677520751953
WEE1 INHIBITOR,2,NCIH2170,1.1350090503692627,2.583822466549784,2.7076919078826904
WEE1 INHIBITOR,2,NCIH2291,4.190893173217773,2.8482388314995495,3.0056285858154297
WEE1 INHIBITOR,2,NCIH2342,4.193865776062012,2.287879361665097,2.3742318153381348
WEE1 INHIBITOR,2,NCIH647,1.259413480758667,2.850817322551973,3.0085339546203613
WEE1 INHIBITOR,2,NCIH661,2.630174398422241,2.179878546628835,2.25253963470459
WEE1 INHIBITOR,2,NCIH82,0.8472210168838501,1.7497113980960797,1.767839789390564
WEE1 INHIBITOR,2,NCIH841,2.152712106704712,2.036125660308082,2.0905630588531494
WEE1 INHIBITOR,2,PL21,0.8434039950370789,0.9636479479944273,0.8821263313293457
WEE1 INHIBITOR,2,RERFLCMS,1.2831039428710938,2.3364398851797192,2.428948402404785
WEE1 INHIBITOR,2,RL,0.5173885226249695,0.9338917253647051,0.8485978841781616
WEE1 INHIBITOR,2,SKMM2,4.027483940124512,1.3578336567624008,1.32628333568573
WEE1 INHIBITOR,2,SUDHL1,-1.3333879709243774,1.0173812174070531,0.9426714181900024
WEE1 INHIBITOR,2,SW1573,3.559995412826538,2.239976050788653,2.320255756378174
WEE1 INHIBITOR,2,THP1,2.1795339584350586,1.564338394937632,1.558966875076294
WEE1 INHIBITOR,3,697,-0.2528055012226105,1.1194697829668305,1.0297285318374634
WEE1 INHIBITOR,3,A549,2.2117795944213867,1.9945024488406704,2.091362476348877
WEE1 INHIBITOR,3,CALU3,4.623143196105957,2.16097974241407,2.2933411598205566
WEE1 INHIBITOR,3,CALU6,1.8775850534439087,1.797776029010421,1.8526840209960938
WEE1 INHIBITOR,3,CMK,1.4855120182037354,1.608636356515962,1.6232101917266846
WEE1 INHIBITOR,3,CORL23,0.6102805137634277,2.1358849352151736,2.262894868850708
WEE1 INHIBITOR,3,CORL279,2.23602557182312,2.3475189686813027,2.519659996032715
WEE1 INHIBITOR,3,DMS114,3.215421438217163,2.148542287402556,2.2782514095306396
WEE1 INHIBITOR,3,EJM,1.4880739450454712,2.0300141723895266,2.1344470977783203
WEE1 INHIBITOR,3,JEKO1,0.24408450722694397,1.129554986686884,1.0419644117355347
WEE1 INHIBITOR,3,JURKAT,1.1744149923324585,0.9735214825097365,0.8526566624641418
WEE1 INHIBITOR,3,JURLMK1,0.8576520085334778,1.763113140002372,1.8106292486190796
WEE1 INHIBITOR,3,K562,1.7560089826583862,1.9689696159000314,2.060384750366211
WEE1 INHIBITOR,3,KMH2,0.9814975261688232,1.0581243171381502,0.9553011059761047
WEE1 INHIBITOR,3,KNS62,2.4045450687408447,1.8264215172836487,1.887438178062439
WEE1 INHIBITOR,3,KU812,1.5781630277633667,1.7109530975595115,1.747346043586731
WEE1 INHIBITOR,3,LAMA84,0.8234750032424927,1.4523594228244203,1.4336071014404297
WEE1 INHIBITOR,3,LOUNH91,2.5348525047302246,2.5470633737679886,2.7617573738098145
WEE1 INHIBITOR,3,MEG01,1.2650619745254517,1.778212647822555,1.828948736190796
WEE1 INHIBITOR,3,MOLT13,1.8173315525054932,0.8575216937386395,0.7119198441505432
WEE1 INHIBITOR,3,NCIH1435,4.352844715118408,2.384470144252711,2.564491033554077
WEE1 INHIBITOR,3,NCIH1436,2.298051118850708,1.8219183414716638,1.881974697113037
WEE1 INHIBITOR,3,NCIH146,1.0221184492111206,2.4748044543336505,2.674089193344116
WEE1 INHIBITOR,3,NCIH2087,2.301772117614746,2.2442718405250197,2.394395351409912
WEE1 INHIBITOR,3,NCIH209,-0.255900502204895,2.275127206985225,2.431830644607544
WEE1 INHIBITOR,3,NCIH358,2.6681015491485596,2.449993803807056,2.6439876556396484
WEE1 INHIBITOR,3,NCIH522,2.683678388595581,1.839156000517973,1.902888298034668
WEE1 INHIBITOR,3,NCIH526,2.0977060794830322,2.002794478539456,2.1014227867126465
WEE1 INHIBITOR,3,NCIH596,4.083512783050537,2.2000980547642772,2.340801477432251
WEE1 INHIBITOR,3,NCIH69,2.588520050048828,1.9078485179002587,1.9862295389175415
WEE1 INHIBITOR,3,OCIAML2,1.3477989435195923,1.0348913649819393,0.9271137118339539
WEE1 INHIBITOR,3,P12ICHIKAWA,0.3147754967212677,0.7448391786507773,0.5752077102661133
WEE1 INHIBITOR,3,RERFLCKJ,2.9779140949249268,2.2438422648088014,2.393874168395996
WEE1 INHIBITOR,3,RPMI8402,1.3511550426483154,0.9132117834725735,0.7794858813285828
WEE1 INHIBITOR,3,RS411,0.7478734850883484,0.9037908401892752,0.7680559158325195
WEE1 INHIBITOR,3,SBC5,2.1330554485321045,1.6350966288860118,1.6553131341934204
WEE1 INHIBITOR,3,SIGM5,0.3016499876976013,1.5321368015975745,1.5303970575332642
WEE1 INHIBITOR,3,SKM1,0.24934600293636322,1.3126601618832507,1.264116883277893
WEE1 INHIBITOR,3,SUDHL8,1.236914038658142,0.9119260531352967,0.777925968170166
WEE1 INHIBITOR,3,SUPT1,1.0797239542007446,1.0112642584374374,0.89844810962677
WEE1 INHIBITOR,3,WSUDLCL2,1.248602032661438,1.2067301506228187,1.1355972290039062
WEE1 INHIBITOR,4,ALLSIL,1.1485199928283691,0.4969736056908911,0.4130761921405792
WEE1 INHIBITOR,4,BEN,1.5060595273971558,2.14219908206551,2.181468963623047
WEE1 INHIBITOR,4,BL41,0.7443280220031738,0.9444131082474619,0.8940125703811646
WEE1 INHIBITOR,4,CA46,2.4640090465545654,0.703594674271468,0.6351656317710876
WEE1 INHIBITOR,4,DMS79,2.9542765617370605,1.9984439192314596,2.026951789855957
WEE1 INHIBITOR,4,DND41,0.9080315232276917,0.7194462001029721,0.6522038578987122
WEE1 INHIBITOR,4,DOHH2,0.37428051233291626,0.8361950329688339,0.7776929140090942
WEE1 INHIBITOR,4,EM2,0.7978004813194275,1.0585997249083916,1.0167475938796997
WEE1 INHIBITOR,4,HEL,0.027957500889897346,1.4038211078199097,1.3878134489059448
WEE1 INHIBITOR,4,HH,2.071911573410034,0.9910633545685076,0.944155216217041
WEE1 INHIBITOR,4,HL60,1.2166780233383179,1.4906917991642652,1.4811875820159912
WEE1 INHIBITOR,4,KMS11,1.1711164712905884,1.46082935090509,1.449089527130127
WEE1 INHIBITOR,4,KMS12BM,0.690742015838623,1.3451856453360163,1.3247883319854736
WEE1 INHIBITOR,4,LP1,2.098057985305786,1.4840321997071695,1.4740294218063354
WEE1 INHIBITOR,4,LU65,2.778508424758911,1.3821126124923568,1.3644797801971436
WEE1 INHIBITOR,4,LXF289,2.2168705463409424,2.0229868506394992,2.0533320903778076
WEE1 INHIBITOR,4,MOLM13,0.6574414968490601,1.658912258893058,1.662001609802246
WEE1 INHIBITOR,4,NALM6,1.018476963043213,0.7190087850737653,0.6517336964607239
WEE1 INHIBITOR,4,NB4,0.48267701268196106,0.6493350256763571,0.5768439173698425
WEE1 INHIBITOR,4,NCIH1105,1.6928465366363525,1.8632438579498838,1.8816301822662354
WEE1 INHIBITOR,4,NCIH1648,2.4318795204162598,2.198359667171931,2.2418339252471924
WEE1 INHIBITOR,4,NCIH1651,1.67124605178833,2.2107042202248977,2.2551026344299316
WEE1 INHIBITOR,4,NCIH1975,3.1105918884277344,2.401831741260107,2.460538625717163
WEE1 INHIBITOR,4,NCIH2081,2.37005352973938,1.8924802393125395,1.9130553007125854
WEE1 INHIBITOR,4,NCIH2122,1.4161754846572876,2.010366584157879,2.039767026901245
WEE1 INHIBITOR,4,NCIH2171,0.37706899642944336,1.925766036888786,1.9488329887390137
WEE1 INHIBITOR,4,NCIH2227,3.790057420730591,2.032487540563936,2.0635440349578857
WEE1 INHIBITOR,4,NCIH2347,4.161177635192871,2.8158381902046736,2.905539035797119
WEE1 INHIBITOR,4,NCIH2405,4.16606330871582,2.337475835117121,2.391364812850952
WEE1 INHIBITOR,4,NCIH2444,4.174563407897949,2.1621507083571436,2.202914237976074
WEE1 INHIBITOR,4,NCIH441,5.281459331512451,1.9984326067738076,2.026939630508423
WEE1 INHIBITOR,4,NCIH446,1.598019003868103,1.6130195036088997,1.6126731634140015
WEE1 INHIBITOR,4,NCIH650,2.5419020652770996,2.235092104419238,2.2813162803649902
WEE1 INHIBITOR,4,NCIH810,1.4467724561691284,2.2100219237594616,2.2543692588806152
WEE1 INHIBITOR,4,OCIAML3,0.8664464950561523,1.3603360206059978,1.341072916984558
WEE1 INHIBITOR,4,P31FUJ,1.9474644660949707,0.9759442549167403,0.9279042482376099
WEE1 INHIBITOR,4,RPMI8226,1.3246049880981445,1.627493127735823,1.628230333328247
WEE1 INHIBITOR,4,SKLU1,1.6503289937973022,2.2703230901793736,2.3191847801208496
WEE1 INHIBITOR,4,SUDHL4,1.1676770448684692,0.8316073323119735,0.7727617621421814
WEE1 INHIBITOR,4,SUDHL5,0.6469925045967102,0.8401593839371402,0.7819540500640869
WEE1 INHIBITOR,5,ABC1,2.568959951400757,2.56500618006351,2.623980760574341
WEE1 INHIBITOR,5,CAL12T,1.0844604969024658,2.016391505267527,2.060141086578369
WEE1 INHIBITOR,5,CMLT1,0.4725154936313629,1.0855715504065184,1.1034892797470093
WEE1 INHIBITOR,5,COLO668,1.9424325227737427,2.058374679293043,2.1032893657684326
WEE1 INHIBITOR,5,CORL105,3.121894598007202,1.6627887515336046,1.6967252492904663
WEE1 INHIBITOR,5,CORL88,1.6359829902648926,2.2459670451273945,2.2960877418518066
WEE1 INHIBITOR,5,DAUDI,1.9577544927597046,0.6795279319732914,0.6861772537231445
WEE1 INHIBITOR,5,DB,0.23260200023651123,1.196645657045606,1.2176458835601807
WEE1 INHIBITOR,5,EHEB,2.828141927719116,1.6432872926495754,1.6766825914382935
WEE1 INHIBITOR,5,HCC827,2.7343084812164307,2.589910933782808,2.6495766639709473
WEE1 INHIBITOR,5,HDLM2,1.3326084613800049,1.5703236739643924,1.601694107055664
WEE1 INHIBITOR,5,IALM,3.7860186100006104,1.9879390704596263,2.0308990478515625
WEE1 INHIBITOR,5,KOPN8,0.8726239800453186,0.7071726679235291,0.7145891785621643
WEE1 INHIBITOR,5,L428,0.6174250245094299,1.2813124708683656,1.3046623468399048
WEE1 INHIBITOR,5,L540,0.11774399876594543,0.6702063668557334,0.676596999168396
WEE1 INHIBITOR,5,ME1,2.2352519035339355,0.7191853253361467,0.7269352078437805
WEE1 INHIBITOR,5,MHHCALL2,1.2728899717330933,0.825967846725846,0.8366811275482178
WEE1 INHIBITOR,5,MM1S,2.132411479949951,0.9922211184349877,1.007548213005066
WEE1 INHIBITOR,5,NCIH1341,2.080521583557129,1.9022018976136,1.9427825212478638
WEE1 INHIBITOR,5,NCIH1437,2.3642570972442627,2.407748772546771,2.4623591899871826
WEE1 INHIBITOR,5,NCIH1781,3.923151969909668,2.83786908953381,2.904416084289551
WEE1 INHIBITOR,5,NCIH1876,1.4308104515075684,2.105617320109955,2.1518430709838867
WEE1 INHIBITOR,5,NCIH1944,4.082351207733154,1.8357520654508064,1.8744885921478271
WEE1 INHIBITOR,5,NCIH211,1.3246945142745972,2.1732939822889046,2.221397876739502
WEE1 INHIBITOR,5,NCIH2228,3.207308053970337,2.3420518337975045,2.39483904838562
WEE1 INHIBITOR,5,NCIH23,0.8268705010414124,2.1399377071271166,2.1871159076690674
WEE1 INHIBITOR,5,NCIH292,-0.24807199835777283,2.399852148976768,2.4542434215545654
WEE1 INHIBITOR,5,NCIH460,1.6565885543823242,2.091883597765908,2.137728214263916
WEE1 INHIBITOR,5,NCIH727,2.142953395843506,2.530636149173141,2.5886569023132324
WEE1 INHIBITOR,5,NCIH929,1.2508959770202637,1.2790099462724764,1.3022959232330322
WEE1 INHIBITOR,5,NOMO1,1.0302139520645142,1.0742256055714623,1.091828465461731
WEE1 INHIBITOR,5,OCIAML5,1.800847053527832,1.5081052860503843,1.5377490520477295
WEE1 INHIBITOR,5,OCILY19,0.29612499475479126,1.0066979910024925,1.0224268436431885
WEE1 INHIBITOR,5,OPM2,1.0149954557418823,0.8125569255480052,0.8228980302810669
WEE1 INHIBITOR,5,RCHACV,0.5486354827880859,1.1889055044684922,1.2096909284591675
WEE1 INHIBITOR,5,SHP77,1.7772375345230103,1.9830486849872628,2.0258729457855225
WEE1 INHIBITOR,5,SKMES1,2.077230930328369,2.481951284245339,2.538620948791504
WEE1 INHIBITOR,5,SUDHL6,0.6977794766426086,1.0692652779132483,1.0867304801940918
WEE1 INHIBITOR,5,SUPB15,0.8882840275764465,0.9243566678664985,0.937800407409668
WEE1 INHIBITOR,5,SUPM2,1.0760984420776367,0.5510303337130507,0.5541136264801025
YK-4-279,1,A4FUK,0.03250100091099739,1.484565725074533,1.4773199558258057
YK-4-279,1,A549,1.1849429607391357,1.9327376708045332,1.9841526746749878
YK-4-279,1,ABC1,1.181043028831482,1.6680202669903872,1.6847866773605347
YK-4-279,1,AMO1,-0.17393849790096283,1.027574377518395,0.9605134725570679
YK-4-279,1,CALU6,1.3016995191574097,1.3904617820721312,1.3708988428115845
YK-4-279,1,DMS53,3.4439144134521484,2.808407208754642,2.974437713623047
YK-4-279,1,EJM,2.4349520206451416,2.5494838818746803,2.681624174118042
YK-4-279,1,GA10,1.1095165014266968,1.1355178642512684,1.0825855731964111
YK-4-279,1,GDM1,0.5989825129508972,1.0263861732611792,0.9591697454452515
YK-4-279,1,HH,2.9308950901031494,1.263807556884673,1.227666974067688
YK-4-279,1,HT,1.7437385320663452,0.7832088718537057,0.6841632127761841
YK-4-279,1,IALM,4.805027961730957,1.7205975674880714,1.7442457675933838
YK-4-279,1,JEKO1,0.153439000248909,1.5033768157694365,1.4985932111740112
YK-4-279,1,KOPN8,0.06883200258016586,0.5145228900652224,0.38030919432640076
YK-4-279,1,L1236,2.984797477722168,1.0593343331049352,0.9964304566383362
YK-4-279,1,L363,0.8531680107116699,1.1586173266275113,1.1087085008621216
YK-4-279,1,MOLM13,0.3181770145893097,1.4678386299585118,1.458403468132019
YK-4-279,1,MOLT13,0.2713885009288788,1.179028993390687,1.1317918300628662
YK-4-279,1,NALM6,0.822704017162323,0.8881509095165083,0.8028410077095032
YK-4-279,1,NCIH1048,1.2683049440383911,2.2219122437757006,2.3111770153045654
YK-4-279,1,NCIH1651,1.5890740156173706,2.3690419099967057,2.4775643348693848
YK-4-279,1,NCIH1792,0.8422160148620605,2.258012908110091,2.3520028591156006
YK-4-279,1,NCIH1793,3.640223979949951,2.205119055324932,2.2921857833862305
YK-4-279,1,NCIH1944,1.907981038093567,2.5102558538157442,2.6372616291046143
YK-4-279,1,NCIH196,4.324692726135254,2.6696137356731997,2.8174777030944824
YK-4-279,1,NCIH2087,3.2226760387420654,1.8350414970819928,1.873669147491455
YK-4-279,1,NCIH209,2.003135919570923,2.312832216800352,2.4139974117279053
YK-4-279,1,NCIH2110,1.7147694826126099,2.4426418453089163,2.560797691345215
YK-4-279,1,NCIH2122,-0.015416000038385391,2.233019718845906,2.3237383365631104
YK-4-279,1,NCIH2172,3.575779438018799,2.791229898913411,2.955012083053589
YK-4-279,1,NCIH441,4.394471168518066,2.049895011131687,2.1166446208953857
YK-4-279,1,NCIH460,0.44780001044273376,1.6080498946705033,1.6169668436050415
YK-4-279,1,NCIH522,2.1960294246673584,2.011767062883637,2.07352614402771
YK-4-279,1,NCIH650,2.5291495323181152,1.9195922652069366,1.9692866802215576
YK-4-279,1,NCIH82,2.50064754486084,1.7657566026914586,1.7953156232833862
YK-4-279,1,NCIH841,1.2006474733352661,1.9356180541729173,1.987410068511963
YK-4-279,1,OCIAML2,0.7089154720306396,1.391725882981689,1.3723284006118774
YK-4-279,1,OCIM1,0.777227520942688,1.427307603955693,1.412567377090454
YK-4-279,1,ST486,0.5592564940452576,0.9487529633491111,0.8713752031326294
YK-4-279,1,SUDHL4,1.7642234563827515,1.0151614800279125,0.9464758634567261
YK-4-279,1,SW1573,4.031012058258057,1.9602829904157244,2.015303373336792
YK-4-279,2,A3KAW,0.5873000025749207,2.0820692172257065,2.228238821029663
YK-4-279,2,DMS79,4.375802516937256,2.1008288696169517,2.2494678497314453
YK-4-279,2,DND41,1.5987404584884644,0.6922800130879225,0.6555084586143494
YK-4-279,2,EM2,1.5391680002212524,0.935249546292993,0.9304606318473816
YK-4-279,2,HCC15,1.300704002380371,2.3641881293426126,2.5474936962127686
YK-4-279,2,HCC78,1.4377739429473877,2.135490435548409,2.288691997528076
YK-4-279,2,HDLM2,0.8300769925117493,1.588559692155528,1.6697674989700317
YK-4-279,2,JVM2,0.4751434922218323,1.8561125424857594,1.972538948059082
YK-4-279,2,K562,0.14626550674438477,1.6647663424304853,1.7560054063796997
YK-4-279,2,KCL22,0.5650960206985474,0.9951572461017008,0.998254120349884
YK-4-279,2,KMH2,0.4210974872112274,1.1777186486365243,1.2048465013504028
YK-4-279,2,KNS62,2.3644895553588867,1.6601178817153739,1.7507450580596924
YK-4-279,2,KU812,1.0960350036621094,1.8943439644399165,2.0158028602600098
YK-4-279,2,LU65,3.7757298946380615,1.4523683365019684,1.5156489610671997
YK-4-279,2,LXF289,2.6322109699249268,1.9010945402675452,2.023442029953003
YK-4-279,2,MM1S,1.7122149467468262,1.6689907984686794,1.7607859373092651
YK-4-279,2,MOLM16,-0.4750789999961853,2.0211920478414287,2.159348249435425
YK-4-279,2,NCIH1105,2.2451424598693848,1.5539069750173287,1.6305533647537231
YK-4-279,2,NCIH1435,5.071025371551514,1.8963010225486785,2.018017530441284
YK-4-279,2,NCIH1568,3.6886589527130127,1.953713468001576,2.0829873085021973
YK-4-279,2,NCIH1623,3.322866916656494,2.304124416881354,2.4795236587524414
YK-4-279,2,NCIH1648,0.9411259889602661,2.2277538532455816,2.3931002616882324
YK-4-279,2,NCIH1876,0.8495364785194397,1.8097123148989211,1.920030951499939
YK-4-279,2,NCIH2023,2.4475555419921875,1.8383773485996122,1.9524692296981812
YK-4-279,2,NCIH2029,2.87530255317688,2.3529545863023413,2.5347814559936523
YK-4-279,2,NCIH2066,2.909977912902832,2.1087163046926025,2.2583935260772705
YK-4-279,2,NCIH2081,2.471724033355713,1.942689978458391,2.0705127716064453
YK-4-279,2,NCIH211,1.5892194509506226,2.4735651131996006,2.6712682247161865
YK-4-279,2,NCIH2196,3.228631019592285,1.8859194918877626,2.0062694549560547
YK-4-279,2,NCIH2291,4.629885673522949,2.516986984455885,2.7204058170318604
YK-4-279,2,NCIH647,1.6089080572128296,2.469596429423656,2.6667771339416504
YK-4-279,2,NCIH661,2.5075254440307617,1.9880280348260104,2.121818780899048
YK-4-279,2,NCIH69,0.7959359884262085,2.003990415120148,2.1398823261260986
YK-4-279,2,P12ICHIKAWA,1.2008874416351318,0.2879624395374545,0.19796963036060333
YK-4-279,2,P31FUJ,0.6449844837188721,1.4017167904688332,1.4583300352096558
YK-4-279,2,PL21,1.014799952507019,0.9189552835803145,0.9120215177536011
YK-4-279,2,RPMI8226,0.48910149931907654,2.6520313679548426,2.8732264041900635
YK-4-279,2,SKLU1,3.2038509845733643,2.030485598302792,2.169865131378174
YK-4-279,2,SKM1,0.8972730040550232,1.0069516867574366,1.0116010904312134
YK-4-279,2,SUDHL1,-0.052705999463796616,1.0415347723201225,1.050736427307129
YK-4-279,2,WSUDLCL2,1.645277976989746,1.3584390281313123,1.4093555212020874
YK-4-279,3,697,-0.24331100285053253,1.2827216262836976,1.3542498350143433
YK-4-279,3,BV173,-0.09711000323295593,1.2689815946161755,1.3412061929702759
YK-4-279,3,CA46,1.5230079889297485,0.6679053130996032,0.7705944180488586
YK-4-279,3,CAL12T,1.353561520576477,2.2777831883412496,2.2988784313201904
YK-4-279,3,COLO668,3.7306203842163086,2.7079482207868892,2.7072412967681885
YK-4-279,3,CORL105,3.4721195697784424,1.9661854196054305,2.0030734539031982
YK-4-279,3,CORL95,3.997009038925171,1.9847886725566515,2.0207338333129883
YK-4-279,3,EPLC272H,1.4448360204696655,2.190673914113578,2.216184139251709
YK-4-279,3,GRANTA519,0.7330260276794434,1.5193249766213788,1.5788613557815552
YK-4-279,3,HCC827,3.5056281089782715,2.286826007259907,2.3074629306793213
YK-4-279,3,JM1,1.3361295461654663,1.1173827764090767,1.1972908973693848
YK-4-279,3,JVM3,-0.6037120223045349,1.8026284616440427,1.8478060960769653
YK-4-279,3,KARPAS422,3.3407914638519287,0.6738984472399107,0.7762838006019592
YK-4-279,3,L428,1.5406304597854614,1.251602434855243,1.3247078657150269
YK-4-279,3,LCLC103H,2.0824735164642334,2.179091742251342,2.2051889896392822
YK-4-279,3,LOUCY,0.9349150061607361,1.361570029509816,1.4291019439697266
YK-4-279,3,LP1,2.6814041137695312,1.3402216081924787,1.408835530281067
YK-4-279,3,ME1,3.627309560775757,0.7656938837239624,0.8634267449378967
YK-4-279,3,MONOMAC6,0.9523894786834717,1.814130015140649,1.8587247133255005
YK-4-279,3,NB4,-1.0524344444274902,1.0881416664079875,1.1695318222045898
YK-4-279,3,NCIH1155,0.7782620191574097,1.9140935236041339,1.953621745109558
YK-4-279,3,NCIH1341,2.1211965084075928,1.4835940881870406,1.5449414253234863
YK-4-279,3,NCIH1437,0.8539379835128784,2.2528974792646554,2.275254011154175
YK-4-279,3,NCIH146,3.136730909347534,2.7200231441549416,2.7187042236328125
YK-4-279,3,NCIH1963,1.9490079879760742,1.9371417115837353,1.9755017757415771
YK-4-279,3,NCIH2009,1.9457155466079712,3.166977641898895,3.143005609512329
YK-4-279,3,NCIH2228,2.798309564590454,2.341551059817129,2.3594143390655518
YK-4-279,3,NCIH727,4.699859142303467,2.278469825760669,2.299530267715454
YK-4-279,3,NCIH838,1.182966947555542,2.392744475435114,2.408013105392456
YK-4-279,3,OCILY19,0.49707451462745667,0.7768224203123053,0.8739912509918213
YK-4-279,3,OPM2,2.0920751094818115,0.7576387653580564,0.8557798862457275
YK-4-279,3,RPMI8402,0.32378700375556946,1.1576993680772023,1.235564112663269
YK-4-279,3,RS411,0.9388064742088318,1.1756022960671761,1.2525596618652344
YK-4-279,3,SBC5,-0.027025500312447548,1.5736014796427256,1.6303869485855103
YK-4-279,3,SHP77,0.23285549879074097,1.563944353800916,1.621219277381897
YK-4-279,3,SIGM5,0.6149700284004211,1.542791325282521,1.6011383533477783
YK-4-279,3,SKMM2,6.137569904327393,1.9351051560482302,1.9735684394836426
YK-4-279,3,SUDHL10,1.8003004789352417,0.8243810401322295,0.9191394448280334
YK-4-279,3,SUDHL6,0.7060465216636658,1.2393309885242438,1.3130583763122559
YK-4-279,3,SUPB15,1.208279013633728,0.9663062195456802,1.0538713932037354
YK-4-279,3,THP1,2.243217945098877,1.295626466752142,1.3665006160736084
YK-4-279,4,ALLSIL,-0.5746614933013916,0.8452137367071058,0.7938113212585449
YK-4-279,4,BEN,3.062525987625122,3.6038992908406184,3.8664567470550537
YK-4-279,4,CALU3,3.630496025085449,2.061850455383401,2.1489107608795166
YK-4-279,4,CMLT1,0.654679000377655,1.2151659133252797,1.2058669328689575
YK-4-279,4,CORL279,1.752252459526062,2.507959154988126,2.6457901000976562
YK-4-279,4,CORL311,2.5605781078338623,2.3926880660674255,2.5174002647399902
YK-4-279,4,DAUDI,2.0665833950042725,1.481704913918526,1.5027401447296143
YK-4-279,4,DMS114,1.2273099422454834,2.14293189950053,2.239219903945923
YK-4-279,4,DOHH2,-0.43974900245666504,1.1607835032290263,1.1452953815460205
YK-4-279,4,HCC33,1.081987977027893,2.53462661557135,2.675492525100708
YK-4-279,4,HCC366,1.4198780059814453,2.0754655638702166,2.1640753746032715
YK-4-279,4,HCC44,0.749563992023468,2.087161221405043,2.1771020889282227
YK-4-279,4,JURKAT,-0.11863400042057037,1.2292940099024758,1.2216029167175293
YK-4-279,4,JURLMK1,1.7112040519714355,1.658171104551794,1.6992895603179932
YK-4-279,4,KG1,0.419576495885849,1.391892825633525,1.4027067422866821
YK-4-279,4,L540,0.562409520149231,0.9611090164358804,0.9228963851928711
YK-4-279,4,LAMA84,2.608886480331421,1.3529056237360024,1.3592824935913086
YK-4-279,4,MOLT16,-0.49146249890327454,1.0913484834897083,1.067958116531372
YK-4-279,4,NAMALWA,0.7020779848098755,0.91438434228467,0.8708540797233582
YK-4-279,4,NCIH1436,1.5851860046386719,2.3256098161487166,2.44268798828125
YK-4-279,4,NCIH1650,3.255436420440674,2.6751389019222582,2.831996202468872
YK-4-279,4,NCIH1781,2.5817813873291016,2.3539781752782223,2.4742848873138428
YK-4-279,4,NCIH1836,4.022228717803955,2.3503402730891896,2.4702329635620117
YK-4-279,4,NCIH1975,1.9814164638519287,2.526189336802129,2.666095018386841
YK-4-279,4,NCIH2170,1.1895054578781128,2.733684189501372,2.8972043991088867
YK-4-279,4,NCIH2171,1.054993987083435,2.803036583159786,2.974449634552002
YK-4-279,4,NCIH23,0.5694779753684998,2.020604842950698,2.102971076965332
YK-4-279,4,NCIH2347,4.284379959106445,2.9838029689725465,3.175788640975952
YK-4-279,4,NCIH2405,4.448846340179443,2.068680164547466,2.156517744064331
YK-4-279,4,NCIH358,1.907172441482544,2.2153620076440226,2.3198931217193604
YK-4-279,4,NCIH526,3.512864589691162,1.8398814826360248,1.9016799926757812
YK-4-279,4,NCIH810,1.3519580364227295,2.766798410909963,2.9340872764587402
YK-4-279,4,NOMO1,1.268194556236267,1.0091551727385468,0.9764105677604675
YK-4-279,4,NUDUL1,1.8186074495315552,1.181381050695257,1.1682370901107788
YK-4-279,4,RAJI,0.8749589920043945,1.1663081056177729,1.1514487266540527
YK-4-279,4,REH,1.0200550556182861,1.0813589689026717,1.05683171749115
YK-4-279,4,RERFLCMS,1.090837001800537,2.0442080746527216,2.129260540008545
YK-4-279,4,SKMES1,3.0919029712677,2.0215698128282007,2.104045867919922
YK-4-279,4,SUDHL5,0.217677503824234,0.9948475356811475,0.9604746103286743
YK-4-279,4,SW1271,3.57128643989563,1.4772205225146342,1.497745394706726
YK-4-279,5,BL41,-0.030720999464392662,0.6524376383043309,0.7711987495422363
YK-4-279,5,CHAGOK1,1.1163984537124634,1.873414484299303,1.953774094581604
YK-4-279,5,CMK,0.7044969797134399,1.8027791661820738,1.8853603601455688
YK-4-279,5,CORL23,2.4352529048919678,2.124688056487236,2.1971447467803955
YK-4-279,5,CORL88,4.7991623878479,2.5305622355977846,2.5902535915374756
YK-4-279,5,DB,0.178957000374794,1.3035570373472405,1.4018394947052002
YK-4-279,5,DMS273,1.147094964981079,1.748904560311053,1.8331801891326904
YK-4-279,5,EBC1,1.6751699447631836,1.5928666211105111,1.6820498704910278
YK-4-279,5,EHEB,5.475887775421143,2.019827540460466,2.0955822467803955
YK-4-279,5,HARA,0.7483054995536804,2.0049338339792744,2.0811569690704346
YK-4-279,5,HEL,1.6341300010681152,1.4066049491218253,1.5016463994979858
YK-4-279,5,HL60,1.12751305103302,1.3443446331326592,1.4413442611694336
YK-4-279,5,KMS11,0.25418350100517273,1.2078107440052404,1.309104561805725
YK-4-279,5,KMS12BM,-0.154122993350029,1.6037128304209867,1.6925549507141113
YK-4-279,5,LCLC97TM1,1.6962554454803467,2.405269151369387,2.4689011573791504
YK-4-279,5,LOUNH91,1.5257575511932373,2.511189881494638,2.571490526199341
YK-4-279,5,MEG01,0.6450319886207581,1.9588988307322082,2.036569833755493
YK-4-279,5,MHHCALL2,1.739514946937561,0.996673672573591,1.1046080589294434
YK-4-279,5,MOLP8,1.385233998298645,1.7883477494796027,1.8713828325271606
YK-4-279,5,NCIH1092,3.4174416065216064,1.759831387248009,1.8437633514404297
YK-4-279,5,NCIH1915,2.023582935333252,2.2597025187460984,2.3279128074645996
YK-4-279,5,NCIH2030,2.470553398132324,1.9581857032088046,2.035879135131836
YK-4-279,5,NCIH2085,3.7720730304718018,2.1206694831977773,2.1932525634765625
YK-4-279,5,NCIH2227,1.9959394931793213,2.165931049552012,2.237090587615967
YK-4-279,5,NCIH2342,4.675107955932617,2.2833058828155073,2.350773811340332
YK-4-279,5,NCIH2444,4.425510406494141,2.492740383824091,2.553621292114258
YK-4-279,5,NCIH292,0.6387529969215393,2.65171982020824,2.7076005935668945
YK-4-279,5,NCIH446,0.41376250982284546,1.3641437067945976,1.460520625114441
YK-4-279,5,NCIH524,0.25652751326560974,2.4379656913844387,2.5005693435668945
YK-4-279,5,NCIH596,2.9057090282440186,2.28855402875923,2.3558568954467773
YK-4-279,5,NCIH929,2.304725408554077,1.2373096566371327,1.33767569065094
YK-4-279,5,OCIAML3,0.794030487537384,1.2042062129989584,1.305613398551941
YK-4-279,5,OCIAML5,1.478281021118164,1.3981025588358882,1.4934114217758179
YK-4-279,5,PF382,3.167598009109497,0.23404634187919154,0.36596646904945374
YK-4-279,5,RCHACV,0.5237064957618713,0.8402495687881895,0.9531037211418152
YK-4-279,5,RERFLCKJ,1.9868509769439697,2.497346542684266,2.5580825805664062
YK-4-279,5,RL,1.8451730012893677,0.9232587079274446,1.0335021018981934
YK-4-279,5,SUDHL8,3.237635612487793,1.1916952189315695,1.2934958934783936
YK-4-279,5,SUPM2,-0.17967550456523895,0.6722002801839209,0.7903398275375366
YK-4-279,5,SUPT1,1.507394552230835,0.7083716245208107,0.8253735303878784
ZM447439,1,A4FUK,0.9225735068321228,1.9524517417268767,2.0169880390167236
ZM447439,1,ALLSIL,-0.3422915041446686,0.7227209991342765,0.7307611703872681
ZM447439,1,BV173,-0.44046398997306824,0.7345653168553105,0.7431496381759644
ZM447439,1,CMLT1,1.608057975769043,0.4450935744763379,0.4403790235519409
ZM447439,1,CORL105,2.942544937133789,2.5330264102113036,2.6242353916168213
ZM447439,1,CORL23,3.017008066177368,2.229560360604844,2.3068275451660156
ZM447439,1,CORL279,1.1209365129470825,1.8731665476967205,1.9340603351593018
ZM447439,1,DMS53,4.398975849151611,2.739020114308456,2.8396928310394287
ZM447439,1,DND41,1.648687481880188,0.4647482442382008,0.46093666553497314
ZM447439,1,EJM,3.1089866161346436,1.9002436048959366,1.962381362915039
ZM447439,1,GRANTA519,2.0150234699249268,0.925442876006994,0.9427964687347412
ZM447439,1,HCC33,0.5440070033073425,1.7248528313743585,1.778932809829712
ZM447439,1,HDLM2,1.6142350435256958,1.98110915062756,2.046962022781372
ZM447439,1,IALM,3.7774510383605957,2.4397503281481683,2.5266740322113037
ZM447439,1,KARPAS422,1.7990260124206543,1.1256623583926635,1.1522144079208374
ZM447439,1,L428,2.8347325325012207,1.6358195138026996,1.6858091354370117
ZM447439,1,LAMA84,1.3952720165252686,1.2368924028695232,1.2685545682907104
ZM447439,1,NALM6,-0.6467859745025635,0.8161616584263832,0.828494668006897
ZM447439,1,NCIH1437,1.6062915325164795,2.3888458162098702,2.473430871963501
ZM447439,1,NCIH1648,2.182964563369751,2.3631945631203726,2.446601152420044
ZM447439,1,NCIH1836,4.6083478927612305,2.443816434256746,2.5309269428253174
ZM447439,1,NCIH1876,0.906141996383667,1.7297289446618145,1.784032940864563
ZM447439,1,NCIH1944,2.9750540256500244,2.5503485054800015,2.6423532962799072
ZM447439,1,NCIH196,4.122234344482422,1.9170512253643734,1.9799611568450928
ZM447439,1,NCIH1963,-0.23224599659442902,1.647699847039215,1.698235273361206
ZM447439,1,NCIH2029,3.75715708732605,2.4673612355831898,2.555553436279297
ZM447439,1,NCIH2066,4.4220499992370605,2.0300861486487065,2.098189115524292
ZM447439,1,NCIH2085,1.4545589685440063,2.2922989326806524,2.372448444366455
ZM447439,1,NCIH211,1.2500649690628052,2.3872255739058135,2.471736192703247
ZM447439,1,NCIH2228,2.7486400604248047,3.065399781935234,3.1810669898986816
ZM447439,1,NCIH2444,3.9629435539245605,2.961877057771371,3.0727882385253906
ZM447439,1,NCIH292,0.6349210143089294,2.4053650846081567,2.490709066390991
ZM447439,1,NCIH661,2.5923099517822266,2.610701163628325,2.7054786682128906
ZM447439,1,NCIH810,1.2962839603424072,2.27621071073664,2.355621099472046
ZM447439,1,NUDUL1,0.7024444937705994,1.2955450375086093,1.3299018144607544
ZM447439,1,P12ICHIKAWA,-0.6371440291404724,0.8139388400769161,0.8261697292327881
ZM447439,1,RAJI,3.1290619373321533,1.3417079244767545,1.378185510635376
ZM447439,1,REH,0.9153105020523071,0.8352436131082035,0.8484532833099365
ZM447439,1,SUDHL10,-0.1110294982790947,1.4884555357414315,1.5316749811172485
ZM447439,1,SUPT1,1.708723545074463,0.933945273016185,0.9516894817352295
ZM447439,1,THP1,3.5415730476379395,1.2243197967183452,1.2554043531417847
ZM447439,2,ABC1,0.7590669989585876,2.3883585948084836,2.467949151992798
ZM447439,2,DMS79,4.054328441619873,2.2471185959280895,2.3049426078796387
ZM447439,2,EHEB,2.3755359649658203,2.2014866682045007,2.2522783279418945
ZM447439,2,GDM1,1.3981084823608398,0.5957747613308944,0.3991096019744873
ZM447439,2,HCC44,0.9922800064086914,2.615667734778061,2.7302889823913574
ZM447439,2,HCC78,2.1652615070343018,2.9826427177619736,3.1538186073303223
ZM447439,2,JEKO1,0.2984110116958618,1.5179773455996586,1.4634331464767456
ZM447439,2,JURKAT,2.6236274242401123,1.3696052018114235,1.2921953201293945
ZM447439,2,JURLMK1,1.02315354347229,1.9596079100242223,1.973123550415039
ZM447439,2,K562,3.153083562850952,2.524299142188614,2.6248395442962646
ZM447439,2,KG1,1.8069549798965454,1.4375614279163322,1.370624303817749
ZM447439,2,KMH2,1.7897875308990479,1.7722656991907009,1.756909966468811
ZM447439,2,KOPN8,0.44266849756240845,0.2431881126649089,-0.007814297452569008
ZM447439,2,L363,1.3854379653930664,1.8781083657535715,1.8790640830993652
ZM447439,2,LOUCY,0.05984650179743767,0.6785013001903191,0.49458515644073486
ZM447439,2,LP1,3.8448479175567627,2.0488330063845064,2.076099157333374
ZM447439,2,MOLM16,-0.1457120031118393,2.2760487712292203,2.3383312225341797
ZM447439,2,MOLP8,1.9658335447311401,1.7809879067889693,1.7669763565063477
ZM447439,2,NCIH1092,3.8434605598449707,2.0896848300943507,2.123246669769287
ZM447439,2,NCIH1435,4.697133541107178,2.446336077481094,2.5348615646362305
ZM447439,2,NCIH146,2.308440923690796,2.881688300960339,3.037306070327759
ZM447439,2,NCIH1568,2.7077465057373047,2.5191982161197517,2.618952512741089
ZM447439,2,NCIH1650,3.9123098850250244,2.89374216193523,3.051217555999756
ZM447439,2,NCIH1651,2.398491382598877,2.5835121926085867,2.6931779384613037
ZM447439,2,NCIH1792,2.3733019828796387,2.3099280347302438,2.377431631088257
ZM447439,2,NCIH2087,3.5915753841400146,2.492115504848826,2.587696075439453
ZM447439,2,NCIH209,1.1186585426330566,2.0811308836447573,2.1133744716644287
ZM447439,2,NCIH2170,1.350208044052124,2.541606593429875,2.6448142528533936
ZM447439,2,NCIH2171,-0.4195860028266907,1.4673572856527286,1.4050120115280151
ZM447439,2,NCIH2172,3.790118932723999,2.8522844328244474,3.003370761871338
ZM447439,2,NCIH2196,2.2734720706939697,2.615145701723792,2.7296864986419678
ZM447439,2,NCIH358,2.0358290672302246,2.939607734053112,3.104151487350464
ZM447439,2,NCIH650,4.236799716949463,2.371854334906754,2.448901414871216
ZM447439,2,OCIAML3,1.2727930545806885,1.6535535853853276,1.6199030876159668
ZM447439,2,OPM2,2.516225576400757,1.4857116951524136,1.4261950254440308
ZM447439,2,RERFLCKJ,1.9418569803237915,2.5359985082204393,2.6383419036865234
ZM447439,2,RPMI8402,-0.5474895238876343,0.7730334915898488,0.603685736656189
ZM447439,2,SUDHL5,-0.43944698572158813,1.2908017609801343,1.2012474536895752
ZM447439,2,SUDHL6,1.4824105501174927,2.0010301070078444,2.0209293365478516
ZM447439,2,SUDHL8,1.6812385320663452,1.905200683093759,1.9103316068649292
ZM447439,2,WSUDLCL2,1.7517149448394775,1.686104215887327,1.6574701070785522
ZM447439,3,697,-0.5608565211296082,0.5768450364282455,0.5522388815879822
ZM447439,3,A3KAW,1.248321533203125,2.419926751628526,2.474331855773926
ZM447439,3,BEN,1.750880479812622,2.1682629873690544,2.2118794918060303
ZM447439,3,COLO668,3.9005329608917236,2.635167792580485,2.6988000869750977
ZM447439,3,CORL88,3.7664854526519775,1.8427618032812085,1.8724243640899658
ZM447439,3,DB,1.6162275075912476,1.4899528928935175,1.504490852355957
ZM447439,3,DMS114,3.3336966037750244,2.3257768570287887,2.376145839691162
ZM447439,3,DMS273,0.6831160187721252,1.197604967046551,1.1996102333068848
ZM447439,3,GA10,0.9368559718132019,0.9774972789902164,0.9700667262077332
ZM447439,3,HCC827,2.8590924739837646,2.9388855741129865,3.015537977218628
ZM447439,3,HH,2.4838600158691406,1.5178121599578722,1.5335444211959839
ZM447439,3,HT,3.517518997192383,0.46810348791546913,0.43883568048477173
ZM447439,3,JM1,0.7308940291404724,1.2236096854345528,1.2267297506332397
ZM447439,3,KCL22,2.0160489082336426,2.076626061094079,2.116314172744751
ZM447439,3,KMS11,2.3382375240325928,1.644294688726279,1.6654491424560547
ZM447439,3,KNS62,4.195974826812744,2.1072149119751646,2.148214340209961
ZM447439,3,L540,1.184054970741272,1.61588719585745,1.6358238458633423
ZM447439,3,LCLC97TM1,1.35081148147583,2.7315455689419403,2.799309492111206
ZM447439,3,LOUNH91,3.0818164348602295,3.080392301924568,3.1631109714508057
ZM447439,3,LU65,3.60807204246521,1.9302793773218558,1.9636937379837036
ZM447439,3,MM1S,2.683382511138916,1.593063124468926,1.6120213270187378
ZM447439,3,NCIH1341,3.5026655197143555,1.5837851228746906,1.602345585823059
ZM447439,3,NCIH1436,1.1541160345077515,2.48957657676943,2.5469675064086914
ZM447439,3,NCIH460,0.8650205135345459,2.5932177734953354,2.6550517082214355
ZM447439,3,NCIH522,3.454580068588257,2.2388124240781853,2.2854533195495605
ZM447439,3,NCIH524,-0.14439749717712402,2.1338088930867,2.17594838142395
ZM447439,3,NCIH82,1.6784470081329346,1.7090363154533985,1.7329661846160889
ZM447439,3,NCIH841,1.286581039428711,2.0555248544522264,2.094308376312256
ZM447439,3,NCIH929,1.762263536453247,1.7752125197130768,1.8019793033599854
ZM447439,3,OCIM1,2.210193395614624,1.396757935401907,1.4073007106781006
ZM447439,3,PF382,0.6279550194740295,-0.08046661516653594,-0.1332511305809021
ZM447439,3,RL,2.8401615619659424,0.4948306389732533,0.46670860052108765
ZM447439,3,RPMI8226,1.162969946861267,2.1261280163757243,2.167938232421875
ZM447439,3,RS411,-0.6668605208396912,0.18596518174165053,0.14460235834121704
ZM447439,3,SIGM5,-0.6279150247573853,1.999534493600615,2.0359177589416504
ZM447439,3,SKLU1,2.2084479331970215,3.24155422794877,3.331181764602661
ZM447439,3,SKMES1,2.384594440460205,2.610017076482981,2.6725711822509766
ZM447439,3,SKMM2,4.917807579040527,2.0469281342997485,2.0853431224823
ZM447439,3,ST486,0.13169650733470917,0.6952012264422998,0.6756688952445984
ZM447439,3,SUDHL4,1.7685434818267822,0.702185275692042,0.682952344417572
ZM447439,3,SW1271,2.6821084022521973,2.6941331586004127,2.7602932453155518
ZM447439,4,AMO1,1.0776220560073853,1.6434559022919324,1.66927170753479
ZM447439,4,BL41,0.10231199860572815,0.6954872614364169,0.782257080078125
ZM447439,4,CA46,2.860697031021118,1.1275613230724997,1.1865489482879639
ZM447439,4,CALU3,4.652769088745117,2.618992109829348,2.5820813179016113
ZM447439,4,CHAGOK1,2.3475685119628906,2.4505481927248463,2.4244682788848877
ZM447439,4,CMK,2.298440933227539,2.2098336899185,2.1992316246032715
ZM447439,4,EM2,-0.3962540030479431,1.28106720257447,1.3301844596862793
ZM447439,4,EPLC272H,2.0362625122070312,2.345548510853938,2.3262200355529785
ZM447439,4,HCC366,3.2344024181365967,2.7026946539638868,2.6604018211364746
ZM447439,4,HL60,0.414390504360199,0.790812228696925,0.8714526891708374
ZM447439,4,JVM3,1.5154269933700562,1.924785758777954,1.9325121641159058
ZM447439,4,KMS12BM,2.5772650241851807,1.8178739133074793,1.832474708557129
ZM447439,4,KU812,1.2884714603424072,1.938218679399655,1.945081353187561
ZM447439,4,LXF289,1.1041685342788696,2.316430472387993,2.2989742755889893
ZM447439,4,MEG01,1.2487294673919678,2.336689800498,2.3179309368133545
ZM447439,4,MHHCALL2,2.8065779209136963,0.8676386789014348,0.9433392286300659
ZM447439,4,MOLM13,-0.5168470144271851,1.7647396147315535,1.7827569246292114
ZM447439,4,NB4,0.13776199519634247,1.0881615035991978,1.1496825218200684
ZM447439,4,NCIH1105,1.716689944267273,1.7419879382640064,1.7614681720733643
ZM447439,4,NCIH1793,5.078062057495117,3.112443960327848,3.043804407119751
ZM447439,4,NCIH1915,3.341442584991455,2.686397755880779,2.6451528072357178
ZM447439,4,NCIH2030,2.558161497116089,2.8904064635643083,2.8360438346862793
ZM447439,4,NCIH2081,1.2263095378875732,2.477745022110807,2.449916362762451
ZM447439,4,NCIH2110,2.235384464263916,3.072816092827148,3.0067245960235596
ZM447439,4,NCIH2227,1.1169965267181396,2.0184328531217925,2.0201377868652344
ZM447439,4,NCIH2342,4.091508388519287,2.7108047552645207,2.6679904460906982
ZM447439,4,NCIH2347,4.359264850616455,2.5464988269476754,2.514249324798584
ZM447439,4,NCIH441,5.598150730133057,2.7564074810830625,2.710660934448242
ZM447439,4,NCIH446,0.6448130011558533,1.7276365828772127,1.7480396032333374
ZM447439,4,NCIH526,2.1306943893432617,1.3780499133726931,1.4209312200546265
ZM447439,4,NCIH647,1.4939454793930054,3.0546767195640196,2.9897515773773193
ZM447439,4,NCIH69,2.2855684757232666,1.9064938863590732,1.9153964519500732
ZM447439,4,NCIH727,3.7522215843200684,2.8672806099702424,2.8144049644470215
ZM447439,4,NCIH838,1.8052979707717896,2.81567831001413,2.766120672225952
ZM447439,4,NOMO1,0.8300949931144714,1.2695687407505452,1.319425344467163
ZM447439,4,OCIAML5,-0.30151599645614624,1.9604137403187643,1.9658492803573608
ZM447439,4,PL21,1.0745799541473389,0.8931492905965397,0.96720951795578
ZM447439,4,RERFLCMS,2.410240888595581,3.193452989716433,3.1196045875549316
ZM447439,4,SUPB15,0.24233399331569672,0.1991392009899548,0.31782400608062744
ZM447439,4,SW1573,4.080390930175781,2.4543628374379,2.428037643432617
ZM447439,5,A549,1.9350135326385498,2.723236049503626,2.791027545928955
ZM447439,5,CAL12T,2.852543592453003,2.644368728614303,2.7094409465789795
ZM447439,5,CALU6,1.6632440090179443,1.9022035211623394,1.9416865110397339
ZM447439,5,CORL311,0.10777900367975235,2.0819280818313173,2.127607822418213
ZM447439,5,CORL95,4.918449878692627,2.273003969424399,2.3252718448638916
ZM447439,5,DAUDI,0.9885519742965698,1.112079259950664,1.1243194341659546
ZM447439,5,DOHH2,-0.05379600077867508,1.1460584525277187,1.1594702005386353
ZM447439,5,EBC1,3.2934389114379883,2.2907878877929004,2.3436689376831055
ZM447439,5,HARA,1.513129472732544,1.6935167997450942,1.7258044481277466
ZM447439,5,HCC15,1.3530550003051758,2.7796572319879482,2.8493940830230713
ZM447439,5,HEL,2.006108522415161,1.410108028562975,1.4326239824295044
ZM447439,5,JVM2,1.4924094676971436,2.012928884690217,2.056229591369629
ZM447439,5,L1236,3.0637030601501465,1.904586833110406,1.9441519975662231
ZM447439,5,LCLC103H,2.0643539428710938,2.5729200740334917,2.635528802871704
ZM447439,5,ME1,4.38413667678833,1.3515462212480134,1.3720430135726929
ZM447439,5,MOLT13,-0.22434400022029877,0.604983375726128,0.5997393131256104
ZM447439,5,MOLT16,-0.776485025882721,0.7828427257195711,0.7837311029434204
ZM447439,5,MONOMAC6,1.2585539817810059,2.0584888391632643,2.103360414505005
ZM447439,5,NAMALWA,1.753699541091919,0.7354552427587379,0.7347097396850586
ZM447439,5,NCIH1048,0.9374189972877502,2.1427070307128977,2.1904823780059814
ZM447439,5,NCIH1155,1.1092275381088257,2.0850152555615518,2.1308014392852783
ZM447439,5,NCIH1623,2.7232439517974854,2.7952659547113616,2.8655409812927246
ZM447439,5,NCIH1781,1.1110340356826782,2.79852897865109,2.8689165115356445
ZM447439,5,NCIH1975,3.2550876140594482,2.700513575055135,2.767521619796753
ZM447439,5,NCIH2009,2.438260555267334,3.336463757904244,3.425398826599121
ZM447439,5,NCIH2023,2.517970561981201,2.782508632763645,2.852343797683716
ZM447439,5,NCIH2122,1.7322674989700317,2.679340564510217,2.7456185817718506
ZM447439,5,NCIH2291,3.5692689418792725,3.0539236360531627,3.1331169605255127
ZM447439,5,NCIH23,2.9098715782165527,2.2676828296645146,2.3197672367095947
ZM447439,5,NCIH2405,5.813555717468262,2.35524148377824,2.4103448390960693
ZM447439,5,NCIH596,3.690371513366699,2.69313708514025,2.7598907947540283
ZM447439,5,OCIAML2,0.9001244902610779,1.4466173438134537,1.470392107963562
ZM447439,5,OCILY19,0.23822550475597382,1.336458595934384,1.3564351797103882
ZM447439,5,P31FUJ,-0.508947491645813,1.3394551941307637,1.3595350980758667
ZM447439,5,RCHACV,0.015168000012636185,0.41864714679391024,0.4069783687591553
ZM447439,5,SBC5,2.8103630542755127,2.27760718860424,2.330033779144287
ZM447439,5,SHP77,2.9253170490264893,2.967747123101081,3.04396915435791
ZM447439,5,SKM1,0.7640770077705383,0.6588740898288817,0.655488133430481
ZM447439,5,SUDHL1,3.3024370670318604,1.046122755425208,1.0560888051986694
ZM447439,5,SUPM2,-0.03707350045442581,1.7227899825873483,1.7560869455337524
